t,cycle,phase,z,adc
0.409,0,start,20000,-10.4
0.4134,0,find,20016,13.2
0.4179,0,find,20032,27.8
0.4222,0,find,20048,-0.8
0.427,0,find,20064,-35.2
0.4314,0,find,20080,35
0.4362,0,find,20096,-17.2
0.441,0,find,20112,-14.2
0.4458,0,find,20128,-39
0.451,0,find,20144,3.6
0.4567,0,find,20160,0.8
0.461,0,find,20176,-38.8
0.4667,0,find,20192,8.4
0.4726,0,find,20208,1
0.4775,0,find,20224,-8.4
0.4823,0,find,20240,12.2
0.4873,0,find,20256,22.8
0.4926,0,find,20272,-29.8
0.498,0,find,20288,-4.6
0.503,0,find,20304,-15
0.5075,0,find,20320,-2.4
0.5124,0,find,20336,-0.2
0.5167,0,find,20352,-41.6
0.5211,0,find,20368,36
0.5254,0,find,20384,-61.8
0.5294,0,find,20400,36.6
0.5339,0,find,20416,-40.4
0.5385,0,find,20432,30.4
0.5429,0,find,20448,-43.8
0.5472,0,find,20464,-23
0.551,0,find,20480,-45
0.5551,0,find,20496,-2.4
0.5592,0,find,20512,-21.2
0.5641,0,find,20528,10.2
0.5679,0,find,20544,-34.6
0.5719,0,find,20560,-2.2
0.5757,0,find,20576,-15.6
0.5804,0,find,20592,11
0.5845,0,find,20608,-10.2
0.5892,0,find,20624,-2
0.5937,0,find,20640,-4.4
0.5982,0,find,20656,31.6
0.602,0,find,20672,27.2
0.6061,0,find,20688,-40
0.6104,0,find,20704,23.8
0.615,0,find,20720,-19
0.6192,0,find,20736,-14.4
0.6236,0,find,20752,-27.4
0.6282,0,find,20768,7
0.6327,0,find,20784,-17.6
0.6371,0,find,20800,27.2
0.6418,0,find,20816,-35.8
0.6462,0,find,20832,-27.2
0.6509,0,find,20848,-5.2
0.6554,0,find,20864,-51.8
0.6595,0,find,20880,26.6
0.6635,0,find,20896,9.6
0.6676,0,find,20912,-4.4
0.6723,0,find,20928,-1.4
0.6765,0,find,20944,-43.8
0.6812,0,find,20960,-14
0.6856,0,find,20976,-11.2
0.6907,0,find,20992,15.4
0.695,0,find,21008,2.2
0.699,0,find,21024,-19.8
0.7033,0,find,21040,2.4
0.7087,0,find,21056,-19.8
0.7135,0,find,21072,-47.4
0.7184,0,find,21088,-1.6
0.7227,0,find,21104,-39.6
0.7272,0,find,21120,19.2
0.7318,0,find,21136,-34.4
0.7369,0,find,21152,7.8
0.7417,0,find,21168,-5.8
0.7467,0,find,21184,3.4
0.7514,0,find,21200,2.6
0.756,0,find,21216,12
0.7607,0,find,21232,16.2
0.7648,0,find,21248,21.4
0.7698,0,find,21264,26.8
0.7744,0,find,21280,24.2
0.7792,0,find,21296,-37
0.7835,0,find,21312,14.8
0.7878,0,find,21328,-23.6
0.7923,0,find,21344,-35.4
0.7968,0,find,21360,-4.8
0.8012,0,find,21376,20.2
0.8056,0,find,21392,-25.2
0.81,0,find,21408,-0.6
0.815,0,find,21424,-5.8
0.8195,0,find,21440,26.4
0.8239,0,find,21456,-22.6
0.8281,0,find,21472,14.4
0.8333,0,find,21488,43.6
0.8376,0,find,21504,36.6
0.8425,0,find,21520,-37
0.8471,0,find,21536,-7.4
0.8523,0,find,21552,-10
0.8568,0,find,21568,-3.8
0.8619,0,find,21584,-29
0.8666,0,find,21600,24.6
0.8722,0,find,21616,25.8
0.8773,0,find,21632,-15.2
0.8822,0,find,21648,17
0.8882,0,find,21664,3
0.8928,0,find,21680,-8
0.8974,0,find,21696,4
0.9019,0,find,21712,22
0.9074,0,find,21728,-6
0.9119,0,find,21744,15.2
0.9166,0,find,21760,29.8
0.9214,0,find,21776,4.6
0.9258,0,find,21792,-19.8
0.9303,0,find,21808,-17.2
0.9346,0,find,21824,-10
0.9389,0,find,21840,19.6
0.9431,0,find,21856,-26.6
0.9474,0,find,21872,-4.6
0.9517,0,find,21888,41.2
0.9562,0,find,21904,8.2
0.9607,0,find,21920,10.2
0.9655,0,find,21936,-1.8
0.9699,0,find,21952,-37.6
0.9742,0,find,21968,-35
0.9778,0,find,21984,12
0.9814,0,find,22000,19.4
0.9859,0,find,22016,50.4
0.9905,0,find,22032,-20.8
0.9958,0,find,22048,-36.4
1.0003,0,find,22064,21
1.0042,0,find,22080,1.4
1.0081,0,find,22096,-18.8
1.0119,0,find,22112,-22.2
1.0157,0,find,22128,0
1.0193,0,find,22144,40.4
1.0233,0,find,22160,14.8
1.0274,0,find,22176,21.6
1.0321,0,find,22192,0.2
1.0362,0,find,22208,-32.8
1.0399,0,find,22224,14.2
1.0444,0,find,22240,2.6
1.0493,0,find,22256,39.2
1.0532,0,find,22272,-3.4
1.0576,0,find,22288,-44.6
1.0617,0,find,22304,11.6
1.0662,0,find,22320,-5.8
1.0702,0,find,22336,19.6
1.0743,0,find,22352,6
1.0784,0,find,22368,-18.2
1.0831,0,find,22384,-24.8
1.0877,0,find,22400,25.2
1.0917,0,find,22416,31.8
1.0966,0,find,22432,-8.2
1.1009,0,find,22448,31.6
1.1051,0,find,22464,25.6
1.1098,0,find,22480,0.6
1.1138,0,find,22496,44.8
1.1179,0,find,22512,10
1.1221,0,find,22528,23
1.1266,0,find,22544,-4.4
1.1305,0,find,22560,5.8
1.1342,0,find,22576,9.6
1.1391,0,find,22592,-8.4
1.1431,0,find,22608,-3.8
1.1469,0,find,22624,-34.6
1.1512,0,find,22640,-0.4
1.1559,0,find,22656,-21.6
1.1602,0,find,22672,35.8
1.1645,0,find,22688,-2.2
1.1685,0,find,22704,18.2
1.1737,0,find,22720,-31.2
1.1779,0,find,22736,27.2
1.1821,0,find,22752,-25.6
1.1864,0,find,22768,14.4
1.1905,0,find,22784,5.2
1.1949,0,find,22800,7
1.1992,0,find,22816,-11.8
1.204,0,find,22832,48.4
1.2082,0,find,22848,-27.4
1.2122,0,find,22864,-41.2
1.216,0,find,22880,-16.8
1.2202,0,find,22896,22.6
1.2242,0,find,22912,15.2
1.2291,0,find,22928,2.4
1.233,0,find,22944,43.2
1.237,0,find,22960,14.8
1.2411,0,find,22976,-34.8
1.245,0,find,22992,-36.8
1.2492,0,find,23008,-21
1.2532,0,find,23024,-36.8
1.2569,0,find,23040,3
1.2606,0,find,23056,-21.2
1.2647,0,find,23072,-8.2
1.2689,0,find,23088,1
1.273,0,find,23104,-19.6
1.2775,0,find,23120,-2.4
1.2824,0,find,23136,9.2
1.2862,0,find,23152,17
1.2903,0,find,23168,4.8
1.294,0,find,23184,-6
1.2992,0,find,23200,-7.8
1.3035,0,find,23216,-5
1.3091,0,find,23232,3.6
1.3137,0,find,23248,-17.6
1.3184,0,find,23264,25.8
1.3226,0,find,23280,28.4
1.3267,0,find,23296,7
1.3309,0,find,23312,14
1.3351,0,find,23328,20.8
1.3392,0,find,23344,33.8
1.3443,0,find,23360,10.2
1.3485,0,find,23376,21.4
1.3532,0,find,23392,-6.4
1.3576,0,find,23408,7.8
1.3621,0,find,23424,-43.8
1.367,0,find,23440,3.4
1.3712,0,find,23456,13.4
1.3759,0,find,23472,-20.2
1.3801,0,find,23488,14.8
1.3847,0,find,23504,17.4
1.3898,0,find,23520,-26.4
1.394,0,find,23536,-0.4
1.3986,0,find,23552,15.6
1.4027,0,find,23568,38.8
1.4078,0,find,23584,28.6
1.412,0,find,23600,-28.2
1.4163,0,find,23616,-5
1.4208,0,find,23632,-11.4
1.4255,0,find,23648,-43.2
1.4301,0,find,23664,-8.6
1.4346,0,find,23680,19.6
1.4392,0,find,23696,22.4
1.4436,0,find,23712,-25
1.4482,0,find,23728,19.6
1.4531,0,find,23744,51.2
1.4573,0,find,23760,26
1.4618,0,find,23776,-60.2
1.4658,0,find,23792,-45
1.4702,0,find,23808,25.4
1.4747,0,find,23824,-34.4
1.4794,0,find,23840,14.4
1.4837,0,find,23856,22.8
1.4879,0,find,23872,54.4
1.4918,0,find,23888,-5.4
1.4964,0,find,23904,-15.6
1.5013,0,find,23920,2.4
1.5059,0,find,23936,36.2
1.5103,0,find,23952,-18.2
1.5144,0,find,23968,-21.4
1.5184,0,find,23984,16.6
1.5225,0,find,24000,59
1.5267,0,find,24016,-12.6
1.5314,0,find,24032,41.4
1.5356,0,find,24048,28.8
1.5398,0,find,24064,12.2
1.5436,0,find,24080,-24.2
1.5479,0,find,24096,-1.8
1.5524,0,find,24112,-21
1.5561,0,find,24128,-34.6
1.5606,0,find,24144,-58.8
1.5645,0,find,24160,-17.4
1.5686,0,find,24176,34
1.5727,0,find,24192,-25.8
1.5765,0,find,24208,-30
1.5805,0,find,24224,-13.2
1.5849,0,find,24240,14.6
1.5893,0,find,24256,19.8
1.5944,0,find,24272,-13.2
1.5983,0,find,24288,-19.2
1.6026,0,find,24304,-5.8
1.6069,0,find,24320,25.2
1.6111,0,find,24336,-31
1.6153,0,find,24352,22.2
1.6199,0,find,24368,0.6
1.6242,0,find,24384,-5.8
1.6284,0,find,24400,-12.8
1.6324,0,find,24416,-2.4
1.6368,0,find,24432,27.2
1.6411,0,find,24448,-0.4
1.6454,0,find,24464,5.2
1.6499,0,find,24480,-28.4
1.6551,0,find,24496,14
1.6594,0,find,24512,34.2
1.6642,0,find,24528,1.2
1.6687,0,find,24544,27.6
1.6738,0,find,24560,-7.8
1.6779,0,find,24576,34.2
1.682,0,find,24592,-8.2
1.6865,0,find,24608,29.2
1.6909,0,find,24624,34.2
1.695,0,find,24640,-16
1.6986,0,find,24656,19.4
1.7033,0,find,24672,0.4
1.7076,0,find,24688,0.2
1.7121,0,find,24704,-19.6
1.7162,0,find,24720,2.2
1.7205,0,find,24736,-21.6
1.7246,0,find,24752,44
1.7287,0,find,24768,-55.4
1.7331,0,find,24784,-10.8
1.7377,0,find,24800,20.4
1.7419,0,find,24816,-18.6
1.7458,0,find,24832,-20.4
1.7499,0,find,24848,-10
1.7537,0,find,24864,24.2
1.7576,0,find,24880,-25.6
1.7621,0,find,24896,-31.6
1.7667,0,find,24912,15.8
1.771,0,find,24928,-17
1.7753,0,find,24944,13.8
1.7798,0,find,24960,-49.2
1.7842,0,find,24976,8
1.7886,0,find,24992,17.6
1.793,0,find,25008,-40.8
1.798,0,find,25024,-3.6
1.8018,0,find,25040,-29.4
1.8055,0,find,25056,21.6
1.8091,0,find,25072,-11.4
1.8132,0,find,25088,-10
1.8171,0,find,25104,6.6
1.8209,0,find,25120,25.6
1.8251,0,find,25136,-28.2
1.8295,0,find,25152,-38
1.8334,0,find,25168,-19.2
1.8375,0,find,25184,-3.6
1.8416,0,find,25200,10
1.8461,0,find,25216,-23
1.8512,0,find,25232,-3
1.8555,0,find,25248,-20.8
1.8597,0,find,25264,12.6
1.8634,0,find,25280,-3.8
1.8678,0,find,25296,34.4
1.8723,0,find,25312,-11.6
1.8769,0,find,25328,-25.6
1.8808,0,find,25344,-35.6
1.8855,0,find,25360,40.2
1.89,0,find,25376,20.4
1.8944,0,find,25392,-15
1.8991,0,find,25408,-16.8
1.9039,0,find,25424,21.6
1.9087,0,find,25440,-36.6
1.9132,0,find,25456,29
1.917,0,find,25472,-15.6
1.9217,0,find,25488,11.2
1.9259,0,find,25504,13
1.9303,0,find,25520,-34.6
1.9348,0,find,25536,-47.6
1.9391,0,find,25552,-10.2
1.9431,0,find,25568,0.4
1.9472,0,find,25584,-6.6
1.9509,0,find,25600,-2.2
1.9551,0,find,25616,-20.2
1.9595,0,find,25632,3.2
1.9636,0,find,25648,26
1.968,0,find,25664,8.2
1.9727,0,find,25680,4.4
1.9774,0,find,25696,-6.8
1.9816,0,find,25712,-46.2
1.986,0,find,25728,46.4
1.9901,0,find,25744,22
1.9944,0,find,25760,2.6
1.9986,0,find,25776,-37
2.0029,0,find,25792,-24.2
2.0076,0,find,25808,-38.4
2.0125,0,find,25824,-15.6
2.0169,0,find,25840,-39.4
2.0211,0,find,25856,-13.2
2.0249,0,find,25872,-20.6
2.0288,0,find,25888,-53
2.0331,0,find,25904,-29.8
2.037,0,find,25920,35.6
2.0411,0,find,25936,-46.6
2.0458,0,find,25952,1.8
2.0505,0,find,25968,27.6
2.0551,0,find,25984,3.6
2.0596,0,find,26000,-26.8
2.0642,0,find,26016,-2
2.0688,0,find,26032,-56
2.0731,0,find,26048,-23.2
2.078,0,find,26064,-14
2.0823,0,find,26080,15.2
2.0866,0,find,26096,-24.2
2.0911,0,find,26112,5.4
2.0956,0,find,26128,-16.2
2.1003,0,find,26144,22.6
2.1046,0,find,26160,-3.8
2.1091,0,find,26176,9.8
2.1136,0,find,26192,32.8
2.1191,0,find,26208,9.4
2.1233,0,find,26224,36.4
2.1275,0,find,26240,39.6
2.1315,0,find,26256,-23.2
2.1362,0,find,26272,6.4
2.1412,0,find,26288,4
2.1455,0,find,26304,7.2
2.1496,0,find,26320,-16.8
2.1537,0,find,26336,-9.8
2.158,0,find,26352,-52
2.1626,0,find,26368,1.4
2.167,0,find,26384,7.2
2.1712,0,find,26400,32
2.1755,0,find,26416,-23.2
2.1798,0,find,26432,-13.2
2.1843,0,find,26448,-22.6
2.1896,0,find,26464,23.2
2.1936,0,find,26480,21.2
2.1979,0,find,26496,26.6
2.2025,0,find,26512,10.8
2.2072,0,find,26528,-11.4
2.2118,0,find,26544,15
2.2165,0,find,26560,19.2
2.2213,0,find,26576,14.6
2.2257,0,find,26592,-21.8
2.2305,0,find,26608,-10.4
2.2352,0,find,26624,-6.8
2.2392,0,find,26640,-4.6
2.2434,0,find,26656,16.4
2.2473,0,find,26672,-41.6
2.2513,0,find,26688,-4.8
2.2549,0,find,26704,-19
2.2589,0,find,26720,2
2.263,0,find,26736,-48.8
2.2669,0,find,26752,-26.2
2.2705,0,find,26768,13.4
2.2744,0,find,26784,-31.6
2.2782,0,find,26800,4.4
2.2823,0,find,26816,-14.8
2.2861,0,find,26832,-3.8
2.2901,0,find,26848,-2
2.2945,0,find,26864,8.6
2.2991,0,find,26880,-44.6
2.3028,0,find,26896,0
2.3068,0,find,26912,26.8
2.3107,0,find,26928,23.6
2.3149,0,find,26944,-12
2.3191,0,find,26960,2.8
2.3232,0,find,26976,4.6
2.3273,0,find,26992,1.4
2.332,0,find,27008,-7.8
2.338,0,find,27024,-11.4
2.3417,0,find,27040,-29.4
2.3456,0,find,27056,-33.6
2.3506,0,find,27072,11
2.3546,0,find,27088,30.2
2.3588,0,find,27104,-60.8
2.3632,0,find,27120,-38.2
2.3672,0,find,27136,51
2.3718,0,find,27152,-34.8
2.3756,0,find,27168,-27.4
2.3794,0,find,27184,-6.4
2.3829,0,find,27200,17.4
2.3866,0,find,27216,26.8
2.3904,0,find,27232,-3.6
2.394,0,find,27248,-10.8
2.3975,0,find,27264,-3.2
2.4013,0,find,27280,29.8
2.4057,0,find,27296,-4
2.4098,0,find,27312,-40.4
2.4139,0,find,27328,-42.4
2.4181,0,find,27344,17.6
2.4233,0,find,27360,-9.8
2.4275,0,find,27376,-7.8
2.4315,0,find,27392,-45.4
2.436,0,find,27408,6
2.441,0,find,27424,-6.6
2.4456,0,find,27440,-39
2.4502,0,find,27456,18.8
2.4551,0,find,27472,14
2.4606,0,find,27488,-15.4
2.4657,0,find,27504,-24
2.4697,0,find,27520,28.4
2.4741,0,find,27536,-13.4
2.4795,0,find,27552,-11.8
2.4843,0,find,27568,41.4
2.4898,0,find,27584,-17.6
2.4949,0,find,27600,-42.8
2.4997,0,find,27616,3.8
2.5042,0,find,27632,7
2.5081,0,find,27648,9
2.5128,0,find,27664,-7.8
2.5176,0,find,27680,1.4
2.5224,0,find,27696,11.4
2.5268,0,find,27712,-47.2
2.531,0,find,27728,-3
2.536,0,find,27744,5.8
2.5403,0,find,27760,19.8
2.5454,0,find,27776,-44.4
2.5504,0,find,27792,5.4
2.5551,0,find,27808,-11.8
2.5597,0,find,27824,-22.8
2.5641,0,find,27840,-11.6
2.5689,0,find,27856,-12.8
2.573,0,find,27872,2.4
2.5765,0,find,27888,-48
2.5804,0,find,27904,-51.2
2.5845,0,find,27920,2.8
2.5882,0,find,27936,-2.2
2.5923,0,find,27952,-16.2
2.5959,0,find,27968,-37.8
2.5998,0,find,27984,19.4
2.6035,0,find,28000,9.8
2.6071,0,find,28016,-34.6
2.6109,0,find,28032,-25
2.6148,0,find,28048,8.4
2.6187,0,find,28064,-15.8
2.6226,0,find,28080,-4.4
2.627,0,find,28096,-3.4
2.6309,0,find,28112,-1.2
2.6352,0,find,28128,-37.2
2.6395,0,find,28144,-2.4
2.6433,0,find,28160,28.8
2.6474,0,find,28176,-13.8
2.6511,0,find,28192,10.2
2.6557,0,find,28208,-51.4
2.6598,0,find,28224,8.2
2.6637,0,find,28240,25
2.6684,0,find,28256,-13.6
2.6735,0,find,28272,-11.6
2.6775,0,find,28288,15.8
2.6815,0,find,28304,-5.2
2.6856,0,find,28320,-3.6
2.6908,0,find,28336,6.8
2.695,0,find,28352,-14
2.6987,0,find,28368,23
2.7023,0,find,28384,0.6
2.7061,0,find,28400,-9.4
2.7108,0,find,28416,2.2
2.7151,0,find,28432,34.4
2.7192,0,find,28448,42.2
2.7233,0,find,28464,-16
2.7278,0,find,28480,-20.8
2.7321,0,find,28496,25.8
2.7366,0,find,28512,-22
2.7407,0,find,28528,33.2
2.7449,0,find,28544,-32.6
2.7486,0,find,28560,10.8
2.7526,0,find,28576,-13.6
2.7567,0,find,28592,-4
2.7604,0,find,28608,1.4
2.7643,0,find,28624,22.6
2.7683,0,find,28640,17.4
2.7721,0,find,28656,-19.2
2.7764,0,find,28672,-20.2
2.7811,0,find,28688,17.2
2.7851,0,find,28704,-12.2
2.7894,0,find,28720,-6.2
2.7931,0,find,28736,-7.6
2.7984,0,find,28752,16.6
2.8023,0,find,28768,-4.2
2.8061,0,find,28784,17
2.8103,0,find,28800,46
2.8146,0,find,28816,-20.6
2.8187,0,find,28832,27.2
2.8229,0,find,28848,-17.6
2.8268,0,find,28864,0.8
2.8312,0,find,28880,5.4
2.8352,0,find,28896,18.6
2.8392,0,find,28912,-27.2
2.8435,0,find,28928,-33
2.8479,0,find,28944,22
2.8521,0,find,28960,16.2
2.8564,0,find,28976,-41.2
2.8605,0,find,28992,-60.2
2.8648,0,find,29008,1.2
2.869,0,find,29024,-5
2.8732,0,find,29040,25.6
2.8778,0,find,29056,20.8
2.882,0,find,29072,-24.2
2.8866,0,find,29088,3.4
2.8905,0,find,29104,-34.8
2.8943,0,find,29120,-30
2.8983,0,find,29136,-8.2
2.9028,0,find,29152,9.6
2.907,0,find,29168,-21.6
2.9112,0,find,29184,37
2.9154,0,find,29200,9.6
2.9197,0,find,29216,-7
2.9237,0,find,29232,-9.6
2.9276,0,find,29248,-23.2
2.9316,0,find,29264,-47.4
2.9357,0,find,29280,16.4
2.9397,0,find,29296,-45.8
2.9437,0,find,29312,11.2
2.9476,0,find,29328,11.2
2.9517,0,find,29344,22.2
2.9557,0,find,29360,-26.8
2.9595,0,find,29376,12.4
2.9632,0,find,29392,-11.4
2.967,0,find,29408,-0.8
2.9708,0,find,29424,8.2
2.9749,0,find,29440,10.6
2.9789,0,find,29456,-64.6
2.9828,0,find,29472,-34.4
2.9867,0,find,29488,17.4
2.991,0,find,29504,26
2.9952,0,find,29520,-12.6
2.9992,0,find,29536,-3.6
3.0031,0,find,29552,17
3.0078,0,find,29568,-31.6
3.0119,0,find,29584,-49.4
3.0159,0,find,29600,-6.8
3.0196,0,find,29616,-1.4
3.0232,0,find,29632,-11.4
3.0276,0,find,29648,4.2
3.0314,0,find,29664,-13
3.0352,0,find,29680,2.4
3.0385,0,find,29696,-8.4
3.0421,0,find,29712,-30.6
3.0463,0,find,29728,-23.8
3.0496,0,find,29744,-7.4
3.0529,0,find,29760,33
3.0561,0,find,29776,3.8
3.0594,0,find,29792,-15
3.0636,0,find,29808,-8.8
3.0672,0,find,29824,-2.8
3.071,0,find,29840,-10.4
3.0746,0,find,29856,-34.4
3.0778,0,find,29872,-30
3.082,0,find,29888,3.8
3.0853,0,find,29904,-12.4
3.0886,0,find,29920,-18.2
3.0921,0,find,29936,-7.6
3.096,0,find,29952,-31.4
3.0996,0,find,29968,24.2
3.1031,0,find,29984,8
3.107,0,find,30000,-29.4
3.1104,0,find,30016,-24.8
3.1137,0,find,30032,5.6
3.1174,0,find,30048,-13.2
3.1207,0,find,30064,1.2
3.1244,0,find,30080,5
3.1282,0,find,30096,-38.4
3.1315,0,find,30112,-8.2
3.1352,0,find,30128,-4.6
3.1387,0,find,30144,0
3.1422,0,find,30160,-7
3.1455,0,find,30176,-20.2
3.1492,0,find,30192,21.4
3.1529,0,find,30208,-3.4
3.1562,0,find,30224,-14.8
3.1595,0,find,30240,1.2
3.1634,0,find,30256,-7.2
3.1666,0,find,30272,0.8
3.1706,0,find,30288,-2.6
3.1744,0,find,30304,-16
3.1779,0,find,30320,-16
3.1816,0,find,30336,-13
3.1853,0,find,30352,3.4
3.1891,0,find,30368,-27.8
3.1926,0,find,30384,-24
3.1959,0,find,30400,-32.6
3.1993,0,find,30416,-31.6
3.2027,0,find,30432,-1.6
3.2066,0,find,30448,-13.8
3.2101,0,find,30464,-12.4
3.2135,0,find,30480,-25.4
3.217,0,find,30496,9
3.2205,0,find,30512,39.4
3.2243,0,find,30528,-3.4
3.2275,0,find,30544,-4.4
3.2312,0,find,30560,-13.6
3.2351,0,find,30576,-21
3.2385,0,find,30592,-16.8
3.2425,0,find,30608,-25.2
3.2461,0,find,30624,-21.4
3.2494,0,find,30640,23
3.253,0,find,30656,1.2
3.2568,0,find,30672,-10.8
3.2608,0,find,30688,-11
3.2646,0,find,30704,-21.8
3.2686,0,find,30720,-32
3.272,0,find,30736,-11.8
3.2759,0,find,30752,-1.6
3.2794,0,find,30768,0.2
3.2831,0,find,30784,23
3.2866,0,find,30800,-0.8
3.29,0,find,30816,-23.8
3.2938,0,find,30832,-9.6
3.2975,0,find,30848,3.8
3.3009,0,find,30864,5.6
3.3045,0,find,30880,9.8
3.3082,0,find,30896,-6.2
3.3119,0,find,30912,-26
3.3155,0,find,30928,-8.2
3.3196,0,find,30944,-13
3.3234,0,find,30960,42.2
3.3276,0,find,30976,17.8
3.3319,0,find,30992,6.4
3.3359,0,find,31008,-5.4
3.3399,0,find,31024,0.8
3.3439,0,find,31040,10.6
3.3492,0,find,31056,27.4
3.3538,0,find,31072,17.4
3.3578,0,find,31088,13.2
3.3622,0,find,31104,3.4
3.3679,0,find,31120,-22.8
3.3721,0,find,31136,28.6
3.3761,0,find,31152,29.8
3.3803,0,find,31168,26.4
3.3854,0,find,31184,-32.6
3.3897,0,find,31200,23.6
3.394,0,find,31216,0.8
3.3983,0,find,31232,-9.6
3.4035,0,find,31248,18.2
3.4077,0,find,31264,-4.6
3.4121,0,find,31280,-19.8
3.4163,0,find,31296,3
3.4212,0,find,31312,-21.6
3.4258,0,find,31328,-13.2
3.4298,0,find,31344,-19.2
3.434,0,find,31360,-14
3.4396,0,find,31376,-16
3.4438,0,find,31392,12.2
3.4485,0,find,31408,27.4
3.4529,0,find,31424,20.8
3.4577,0,find,31440,-16.2
3.4617,0,find,31456,10.6
3.4655,0,find,31472,-5.2
3.4693,0,find,31488,-10.8
3.474,0,find,31504,-10
3.4785,0,find,31520,34.6
3.4831,0,find,31536,13.4
3.4873,0,find,31552,-25.2
3.4916,0,find,31568,22
3.4964,0,find,31584,-53.4
3.501,0,find,31600,-39.4
3.5053,0,find,31616,-17.2
3.5104,0,find,31632,-23.4
3.5145,0,find,31648,-19.2
3.519,0,find,31664,26.2
3.5232,0,find,31680,14.8
3.5283,0,find,31696,-39.4
3.5328,0,find,31712,18.6
3.5378,0,find,31728,0.8
3.5423,0,find,31744,18.8
3.5468,0,find,31760,0.4
3.5516,0,find,31776,-15.8
3.5557,0,find,31792,-12.6
3.5598,0,find,31808,-38.4
3.5642,0,find,31824,7.8
3.5684,0,find,31840,28.2
3.5725,0,find,31856,-42.8
3.5768,0,find,31872,-24.6
3.5815,0,find,31888,-6.6
3.5882,0,find,31904,-11
3.5924,0,find,31920,24
3.5961,0,find,31936,-8.4
3.6,0,find,31952,-23
3.6039,0,find,31968,-32.8
3.6078,0,find,31984,11.4
3.6113,0,find,32000,-4.2
3.6149,0,find,32016,-2.4
3.6188,0,find,32032,-40.2
3.6226,0,find,32048,-1.6
3.6263,0,find,32064,4.8
3.6302,0,find,32080,-0.8
3.6342,0,find,32096,-34.8
3.6385,0,find,32112,30.6
3.6427,0,find,32128,-33.8
3.6468,0,find,32144,-19
3.6514,0,find,32160,3
3.6559,0,find,32176,15.8
3.6602,0,find,32192,-53.6
3.6647,0,find,32208,14.8
3.6694,0,find,32224,-15.6
3.6737,0,find,32240,-52.8
3.6779,0,find,32256,-18.2
3.6817,0,find,32272,-0.4
3.6856,0,find,32288,-30.8
3.6898,0,find,32304,-13.2
3.694,0,find,32320,-7.4
3.6986,0,find,32336,-36.6
3.7035,0,find,32352,30.2
3.7088,0,find,32368,-4
3.7134,0,find,32384,-31.2
3.7182,0,find,32400,2.2
3.7232,0,find,32416,2.8
3.7279,0,find,32432,-38.6
3.7333,0,find,32448,1.8
3.7382,0,find,32464,-31.6
3.7423,0,find,32480,-21
3.746,0,find,32496,-32.6
3.7497,0,find,32512,-12
3.7535,0,find,32528,19
3.7573,0,find,32544,-8.6
3.7614,0,find,32560,-13
3.7658,0,find,32576,-26.4
3.77,0,find,32592,-13.2
3.7741,0,find,32608,-6.4
3.7786,0,find,32624,-29.2
3.7827,0,find,32640,30.2
3.7867,0,find,32656,-31.6
3.7908,0,find,32672,-29
3.7955,0,find,32688,24.2
3.7998,0,find,32704,-10.4
3.8034,0,find,32720,26
3.8075,0,find,32736,3.2
3.8118,0,find,32752,0.8
3.8163,0,find,32768,-13.2
3.8211,0,find,32784,12
3.8266,0,find,32800,3.8
3.8316,0,find,32816,-21.2
3.8367,0,find,32832,28.4
3.8417,0,find,32848,7
3.8467,0,find,32864,-68.8
3.8511,0,find,32880,13.4
3.8559,0,find,32896,-17
3.8607,0,find,32912,13.8
3.8654,0,find,32928,38
3.8701,0,find,32944,23
3.8753,0,find,32960,-22.8
3.88,0,find,32976,15.4
3.8847,0,find,32992,9.2
3.889,0,find,33008,0.6
3.8931,0,find,33024,-14.4
3.8971,0,find,33040,-1
3.9025,0,find,33056,1.4
3.9065,0,find,33072,18.4
3.9102,0,find,33088,6.6
3.9147,0,find,33104,-0.2
3.9197,0,find,33120,5.4
3.9248,0,find,33136,2.8
3.9292,0,find,33152,28.6
3.933,0,find,33168,45.6
3.9376,0,find,33184,25
3.942,0,find,33200,4.8
3.9461,0,find,33216,39.2
3.9503,0,find,33232,55.4
3.9545,0,find,33248,29
3.9587,0,find,33264,6
3.9633,0,find,33280,44.6
3.9673,0,find,33296,83.2
3.9709,0,find,33312,102
3.9752,0,find,33328,142
3.9792,0,find,33344,47
3.9831,0,find,33360,107.4
3.9871,0,find,33376,180.6
3.9907,0,find,33392,148.2
3.9944,0,find,33408,156.2
3.9978,0,find,33424,198
4.0017,0,find,33440,267.8
4.0052,0,find,33456,188.4
4.0091,0,find,33472,223.6
4.0128,0,find,33488,339.8
4.0166,0,find,33504,313.4
4.0208,0,find,33520,493.6
4.0247,0,find,33536,637.4
4.0283,0,find,33552,659.8
4.032,0,find,33568,985.6
4.0356,0,find,33584,1094.2
4.0399,0,pre,32984,22905.8
4.0438,1,in,32984,32767
4.0479,1,pre,32384,19627.6
4.0521,1,pre,31784,13513
4.0558,1,pre,31184,16797.6
4.0598,1,pre,30584,-5.2
4.0637,1,in,30588,-30.2
4.0713,1,in,30592,5.4
4.0756,1,in,30596,-25
4.0796,1,in,30600,20.4
4.0835,1,in,30604,7
4.0876,1,in,30608,5.4
4.0928,1,in,30612,0.2
4.0985,1,in,30616,11
4.1026,1,in,30620,14.6
4.107,1,in,30624,-17
4.1115,1,in,30628,-22.6
4.1157,1,in,30632,6.8
4.1204,1,in,30636,-25.2
4.1249,1,in,30640,-20.8
4.1291,1,in,30644,-61.6
4.1331,1,in,30648,-24.4
4.137,1,in,30652,18.6
4.1413,1,in,30656,-24.8
4.146,1,in,30660,-44.6
4.1506,1,in,30664,15
4.1551,1,in,30668,7.4
4.159,1,in,30672,-30.4
4.1629,1,in,30676,-10.4
4.1679,1,in,30680,37
4.1718,1,in,30684,38.8
4.1755,1,in,30688,-8.6
4.1794,1,in,30692,-17.4
4.1832,1,in,30696,44.2
4.187,1,in,30700,-3.4
4.191,1,in,30704,-17.6
4.1947,1,in,30708,-37.6
4.1988,1,in,30712,2.8
4.203,1,in,30716,19.6
4.2072,1,in,30720,8.6
4.2116,1,in,30724,19
4.2161,1,in,30728,-16.8
4.2211,1,in,30732,-1.4
4.2256,1,in,30736,15.4
4.23,1,in,30740,-56.4
4.2341,1,in,30744,-37.2
4.2387,1,in,30748,16.4
4.2436,1,in,30752,-31.2
4.2485,1,in,30756,-19
4.2531,1,in,30760,1
4.2575,1,in,30764,-30.8
4.2621,1,in,30768,7
4.2662,1,in,30772,-23
4.2707,1,in,30776,22
4.2758,1,in,30780,6.8
4.2807,1,in,30784,-7.6
4.2857,1,in,30788,25
4.2903,1,in,30792,-12.8
4.2947,1,in,30796,20.4
4.299,1,in,30800,15.4
4.3035,1,in,30804,-4.4
4.3082,1,in,30808,22.8
4.3132,1,in,30812,-20
4.3176,1,in,30816,2.6
4.3227,1,in,30820,-23.4
4.3278,1,in,30824,-17.8
4.3328,1,in,30828,0.2
4.3377,1,in,30832,-6.8
4.3423,1,in,30836,10.4
4.3472,1,in,30840,-35.8
4.3524,1,in,30844,5.2
4.3576,1,in,30848,0.8
4.3623,1,in,30852,2.4
4.3667,1,in,30856,-28.2
4.3713,1,in,30860,21
4.3762,1,in,30864,35.2
4.3809,1,in,30868,26.8
4.3852,1,in,30872,20.2
4.3903,1,in,30876,18.8
4.3951,1,in,30880,-6.2
4.4004,1,in,30884,13
4.4053,1,in,30888,16.2
4.4099,1,in,30892,-30.8
4.4144,1,in,30896,-27.4
4.4188,1,in,30900,24
4.4232,1,in,30904,-58.2
4.4278,1,in,30908,-8
4.4318,1,in,30912,-24
4.4367,1,in,30916,-27.6
4.4409,1,in,30920,-38.8
4.4454,1,in,30924,-21.6
4.4501,1,in,30928,12.8
4.4554,1,in,30932,8.4
4.4599,1,in,30936,0.2
4.4646,1,in,30940,10.6
4.4695,1,in,30944,32.8
4.474,1,in,30948,-23.6
4.4786,1,in,30952,-1.8
4.4835,1,in,30956,29.4
4.4887,1,in,30960,10.8
4.4933,1,in,30964,-15.4
4.4977,1,in,30968,-24.8
4.5023,1,in,30972,-4.4
4.5078,1,in,30976,-55.2
4.5128,1,in,30980,-11.2
4.5183,1,in,30984,31.4
4.5232,1,in,30988,-11.6
4.5281,1,in,30992,21.2
4.5327,1,in,30996,-4.8
4.5373,1,in,31000,-11.4
4.5419,1,in,31004,25.4
4.5466,1,in,31008,0.2
4.5514,1,in,31012,35.2
4.556,1,in,31016,-35.2
4.5608,1,in,31020,-24.6
4.5653,1,in,31024,-13.8
4.5695,1,in,31028,2
4.5736,1,in,31032,-3.4
4.5774,1,in,31036,-17.8
4.5819,1,in,31040,2.4
4.586,1,in,31044,15
4.5903,1,in,31048,20.2
4.5941,1,in,31052,21
4.598,1,in,31056,3.4
4.6017,1,in,31060,-6.4
4.6055,1,in,31064,-6.8
4.6091,1,in,31068,9
4.6134,1,in,31072,0.2
4.6175,1,in,31076,23.2
4.6214,1,in,31080,20.8
4.6256,1,in,31084,40.4
4.6294,1,in,31088,-10.8
4.6332,1,in,31092,43.4
4.637,1,in,31096,-5.6
4.6415,1,in,31100,-46.8
4.646,1,in,31104,16.6
4.6503,1,in,31108,35.8
4.6547,1,in,31112,4.8
4.6593,1,in,31116,-5
4.6644,1,in,31120,-22
4.6699,1,in,31124,18.8
4.6745,1,in,31128,14.4
4.6789,1,in,31132,-21.6
4.6834,1,in,31136,2.4
4.6884,1,in,31140,-15.4
4.6932,1,in,31144,31.4
4.6974,1,in,31148,-24.4
4.7017,1,in,31152,-4
4.7061,1,in,31156,-12.8
4.7108,1,in,31160,-54.8
4.7152,1,in,31164,-3.6
4.7198,1,in,31168,23
4.7245,1,in,31172,8.8
4.7298,1,in,31176,-29
4.7342,1,in,31180,16.4
4.7385,1,in,31184,2
4.7431,1,in,31188,-0.2
4.7476,1,in,31192,-42
4.7522,1,in,31196,48.2
4.7563,1,in,31200,27.2
4.7606,1,in,31204,28.8
4.7646,1,in,31208,-19.6
4.7691,1,in,31212,-33
4.774,1,in,31216,-4.4
4.7786,1,in,31220,-36.6
4.7834,1,in,31224,-15.2
4.7881,1,in,31228,-2.2
4.7928,1,in,31232,-23.8
4.7978,1,in,31236,-5.8
4.8025,1,in,31240,19.6
4.8067,1,in,31244,-30.2
4.8108,1,in,31248,-40.6
4.8146,1,in,31252,12.8
4.8186,1,in,31256,6.2
4.8226,1,in,31260,5.6
4.8267,1,in,31264,29
4.8308,1,in,31268,-22.6
4.8348,1,in,31272,-36.6
4.8391,1,in,31276,21.8
4.8437,1,in,31280,-1.8
4.8486,1,in,31284,8.2
4.8532,1,in,31288,34.2
4.8585,1,in,31292,-13.6
4.8638,1,in,31296,-8.8
4.8684,1,in,31300,-2.4
4.8732,1,in,31304,-7.8
4.8786,1,in,31308,-26
4.8834,1,in,31312,38.6
4.8881,1,in,31316,5.4
4.8924,1,in,31320,5.8
4.8967,1,in,31324,-28.2
4.9014,1,in,31328,-21
4.9055,1,in,31332,-44
4.9096,1,in,31336,-49
4.9138,1,in,31340,22.8
4.9181,1,in,31344,-35.6
4.9224,1,in,31348,-9
4.9279,1,in,31352,-23.4
4.9332,1,in,31356,5.6
4.9376,1,in,31360,19.2
4.9425,1,in,31364,-2
4.9472,1,in,31368,-15
4.9518,1,in,31372,-6.2
4.9558,1,in,31376,-26.8
4.9598,1,in,31380,-47.4
4.9638,1,in,31384,-14.8
4.9676,1,in,31388,11.4
4.9714,1,in,31392,-6.8
4.9752,1,in,31396,4.6
4.979,1,in,31400,11.8
4.9828,1,in,31404,52.8
4.9868,1,in,31408,3.4
4.9908,1,in,31412,-45
4.9948,1,in,31416,-36.6
4.9992,1,in,31420,-15
5.0035,1,in,31424,44.4
5.008,1,in,31428,-9.2
5.0122,1,in,31432,0
5.0164,1,in,31436,8.2
5.0209,1,in,31440,7
5.0258,1,in,31444,-17.8
5.0302,1,in,31448,-18.2
5.035,1,in,31452,-30.6
5.0393,1,in,31456,2
5.0438,1,in,31460,-2.4
5.048,1,in,31464,14.6
5.0519,1,in,31468,29
5.0565,1,in,31472,-0.4
5.0602,1,in,31476,-31
5.0641,1,in,31480,-16.4
5.0677,1,in,31484,6.8
5.0719,1,in,31488,-40.8
5.0756,1,in,31492,-23
5.0803,1,in,31496,-17.2
5.0842,1,in,31500,1
5.0881,1,in,31504,-7.8
5.0925,1,in,31508,-12.2
5.0967,1,in,31512,23
5.1007,1,in,31516,25.2
5.1052,1,in,31520,-5.6
5.1097,1,in,31524,1.4
5.1149,1,in,31528,-49.4
5.1198,1,in,31532,27.2
5.1244,1,in,31536,-26.4
5.1293,1,in,31540,-13
5.1347,1,in,31544,1.2
5.1393,1,in,31548,3
5.1438,1,in,31552,-28.4
5.1481,1,in,31556,-4
5.1524,1,in,31560,9.6
5.157,1,in,31564,-49
5.1615,1,in,31568,-23.8
5.1658,1,in,31572,6.2
5.1703,1,in,31576,5.6
5.1746,1,in,31580,54.2
5.1788,1,in,31584,-13.4
5.1833,1,in,31588,-3.8
5.1881,1,in,31592,34.6
5.1926,1,in,31596,-39.4
5.1979,1,in,31600,-8.8
5.2026,1,in,31604,9.8
5.2075,1,in,31608,-30
5.2122,1,in,31612,-69.6
5.217,1,in,31616,17.8
5.2219,1,in,31620,11.6
5.2266,1,in,31624,-40.8
5.2316,1,in,31628,4.6
5.2364,1,in,31632,-16.4
5.241,1,in,31636,-11
5.2462,1,in,31640,-16.8
5.2509,1,in,31644,-5.8
5.2562,1,in,31648,18.2
5.2612,1,in,31652,-15.4
5.2667,1,in,31656,11.6
5.272,1,in,31660,11.6
5.2778,1,in,31664,-12.2
5.2831,1,in,31668,8.4
5.2884,1,in,31672,-14.4
5.294,1,in,31676,-9.2
5.2994,1,in,31680,-40.2
5.3043,1,in,31684,12.2
5.3092,1,in,31688,-22.6
5.314,1,in,31692,-10
5.3187,1,in,31696,1
5.3231,1,in,31700,-14
5.3279,1,in,31704,-30.2
5.3323,1,in,31708,-49.6
5.3371,1,in,31712,16.8
5.3416,1,in,31716,-19.8
5.3466,1,in,31720,-20.2
5.3511,1,in,31724,-6.8
5.3561,1,in,31728,-17
5.3604,1,in,31732,-21.2
5.3648,1,in,31736,3.8
5.3691,1,in,31740,59.8
5.3737,1,in,31744,8.4
5.3785,1,in,31748,-21.8
5.3835,1,in,31752,2
5.388,1,in,31756,35.2
5.3932,1,in,31760,-2.2
5.3981,1,in,31764,-13.8
5.4032,1,in,31768,1.8
5.4077,1,in,31772,-4.6
5.4123,1,in,31776,-26.8
5.4173,1,in,31780,-4.6
5.4225,1,in,31784,0.8
5.4271,1,in,31788,3.4
5.4321,1,in,31792,-13.2
5.4371,1,in,31796,36.8
5.4416,1,in,31800,-4
5.4468,1,in,31804,-19.2
5.4514,1,in,31808,30.4
5.4565,1,in,31812,10.4
5.461,1,in,31816,-32.4
5.4657,1,in,31820,-12
5.4711,1,in,31824,-6.4
5.476,1,in,31828,-12.6
5.481,1,in,31832,3.6
5.4862,1,in,31836,2.6
5.4915,1,in,31840,-31
5.4963,1,in,31844,-1.8
5.5013,1,in,31848,-18.4
5.5066,1,in,31852,4.4
5.5113,1,in,31856,-24
5.5157,1,in,31860,-3.2
5.5207,1,in,31864,1.6
5.5254,1,in,31868,10
5.5302,1,in,31872,29
5.5351,1,in,31876,1.4
5.5401,1,in,31880,-31
5.5448,1,in,31884,-5.4
5.5493,1,in,31888,-5.2
5.5539,1,in,31892,13.2
5.5587,1,in,31896,8.6
5.5646,1,in,31900,13.2
5.569,1,in,31904,11.4
5.5739,1,in,31908,-34.2
5.5788,1,in,31912,-9.8
5.5835,1,in,31916,4.4
5.5878,1,in,31920,-49.2
5.5928,1,in,31924,-16.4
5.5977,1,in,31928,9.2
5.602,1,in,31932,18.8
5.6065,1,in,31936,-18.4
5.6109,1,in,31940,11.8
5.6159,1,in,31944,7.2
5.6214,1,in,31948,26.4
5.6258,1,in,31952,-31
5.6302,1,in,31956,-30.6
5.6355,1,in,31960,-10.8
5.6398,1,in,31964,-18.2
5.6445,1,in,31968,-6.2
5.6495,1,in,31972,15.6
5.6544,1,in,31976,43.6
5.6592,1,in,31980,10.4
5.6639,1,in,31984,41.2
5.6689,1,in,31988,13.8
5.6732,1,in,31992,-16.6
5.6782,1,in,31996,14.8
5.6829,1,in,32000,-20.6
5.6873,1,in,32004,32.2
5.6917,1,in,32008,57
5.6961,1,in,32012,46.4
5.7006,1,in,32016,13.4
5.7053,1,in,32020,-11.2
5.7097,1,in,32024,6.2
5.7144,1,in,32028,24.2
5.7191,1,in,32032,21.6
5.7244,1,in,32036,20.4
5.729,1,in,32040,-4.8
5.7339,1,in,32044,9.2
5.739,1,in,32048,8.4
5.743,1,in,32052,39
5.7473,1,in,32056,8.2
5.7513,1,in,32060,5.4
5.7554,1,in,32064,15.8
5.7594,1,in,32068,16.2
5.7638,1,in,32072,40.4
5.7679,1,in,32076,4.2
5.7723,1,in,32080,32.6
5.777,1,in,32084,10.8
5.7813,1,in,32088,-9.2
5.787,1,in,32092,40.6
5.7915,1,in,32096,-6.2
5.7967,1,in,32100,50.4
5.8013,1,in,32104,9.4
5.8065,1,in,32108,10.4
5.8115,1,in,32112,-18
5.8162,1,in,32116,64
5.8212,1,in,32120,5.8
5.8253,1,in,32124,29.8
5.83,1,in,32128,5
5.8348,1,in,32132,1.4
5.8395,1,in,32136,19.2
5.8447,1,in,32140,3.2
5.8502,1,in,32144,24.4
5.855,1,in,32148,26
5.8598,1,in,32152,1
5.8645,1,in,32156,57.4
5.8695,1,in,32160,48.4
5.8744,1,in,32164,13.6
5.8787,1,in,32168,-11.2
5.884,1,in,32172,-5.4
5.8897,1,in,32176,31.2
5.8948,1,in,32180,35.6
5.8995,1,in,32184,13
5.9044,1,in,32188,28.8
5.9092,1,in,32192,10.4
5.9141,1,in,32196,14.4
5.9188,1,in,32200,22.8
5.9233,1,in,32204,108.2
5.9278,1,in,32208,38
5.9322,1,in,32212,51.4
5.9369,1,in,32216,34.8
5.9409,1,in,32220,77.4
5.945,1,in,32224,29.2
5.9495,1,in,32228,54.6
5.9539,1,in,32232,66.8
5.9582,1,in,32236,62
5.9624,1,in,32240,50.2
5.9665,1,in,32244,75.4
5.9707,1,in,32248,57.6
5.9751,1,in,32252,24.2
5.9792,1,in,32256,42
5.9835,1,in,32260,49
5.988,1,in,32264,80.6
5.9932,1,in,32268,72.2
5.9976,1,in,32272,41.8
6.0016,1,in,32276,89.2
6.0057,1,in,32280,57.6
6.0099,1,in,32284,62
6.0142,1,in,32288,101.8
6.0183,1,in,32292,109
6.0225,1,in,32296,93.6
6.0264,1,in,32300,116.6
6.0305,1,in,32304,164.6
6.0346,1,in,32308,182.4
6.0386,1,in,32312,132
6.0421,1,in,32316,124.6
6.0474,1,in,32320,175.2
6.0515,1,in,32324,250.6
6.0556,1,in,32328,226
6.06,1,in,32332,286.4
6.0646,1,in,32336,262.6
6.0694,1,in,32340,510.6
6.0737,1,in,32344,493.4
6.0777,1,in,32348,529.4
6.0827,1,in,32352,594.8
6.0867,1,in,32356,557.6
6.0908,1,in,32360,576.8
6.0952,1,in,32364,551.4
6.0996,1,in,32368,569.6
6.1034,1,in,32372,638.2
6.1075,1,in,32376,426.6
6.1117,1,in,32380,259.6
6.1157,1,in,32384,285.4
6.1198,1,in,32388,311.8
6.1239,1,in,32392,270.2
6.128,1,in,32396,295.6
6.132,1,in,32400,307.8
6.137,1,in,32404,252.4
6.141,1,in,32408,216.4
6.1448,1,in,32412,305.6
6.1492,1,in,32416,285
6.1545,1,in,32420,312.6
6.1585,1,in,32424,273.2
6.1625,1,in,32428,294.8
6.1667,1,in,32432,391.2
6.1722,1,in,32436,390.4
6.1772,1,in,32440,550.8
6.1821,1,in,32444,512.4
6.1863,1,in,32448,546.2
6.1909,1,in,32452,395.4
6.1947,1,in,32456,508.2
6.1983,1,in,32460,613.8
6.2021,1,in,32464,682
6.2065,1,in,32468,612.2
6.2109,1,in,32472,616.2
6.2152,1,in,32476,660.6
6.2198,1,in,32480,734
6.224,1,in,32484,648.2
6.2284,1,in,32488,701.4
6.2328,1,in,32492,766
6.2369,1,in,32496,664.2
6.2406,1,in,32500,626.6
6.2456,1,in,32504,606.8
6.2496,1,in,32508,670.8
6.2537,1,in,32512,721.6
6.2578,1,in,32516,579.4
6.2628,1,in,32520,580
6.2673,1,in,32524,636.6
6.2714,1,in,32528,625
6.2754,1,in,32532,715.8
6.2801,1,in,32536,668.6
6.2846,1,in,32540,620
6.2888,1,in,32544,686.8
6.2934,1,in,32548,787.8
6.2981,1,in,32552,894.6
6.3035,1,in,32556,1074.6
6.3079,1,out,32552,1017.2
6.3125,1,out,32548,1020.6
6.3173,1,out,32544,1120.6
6.3221,1,out,32540,1077.8
6.3267,1,out,32536,1032.2
6.3304,1,out,32532,1093.8
6.3342,1,out,32528,1067.6
6.3377,1,out,32524,1044.2
6.3413,1,out,32520,1073.2
6.3448,1,out,32516,926.2
6.3483,1,out,32512,956.8
6.3519,1,out,32508,1083.8
6.3557,1,out,32504,1154.8
6.3592,1,out,32500,1151.6
6.3632,1,out,32496,1200.6
6.3673,1,out,32492,1283.2
6.3711,1,out,32488,1111.6
6.3751,1,out,32484,1186.4
6.3789,1,out,32480,1125.8
6.3827,1,out,32476,1138
6.3866,1,out,32472,1234.6
6.3908,1,out,32468,1203.4
6.3942,1,out,32464,1193.6
6.3976,1,out,32460,1230.6
6.4011,1,out,32456,1190.4
6.405,1,out,32452,1207.2
6.4089,1,out,32448,1178.8
6.4132,1,out,32444,1248.2
6.4167,1,out,32440,1249.6
6.4203,1,out,32436,1253.6
6.424,1,out,32432,1242.2
6.4278,1,out,32428,1289
6.4314,1,out,32424,1285.4
6.4352,1,out,32420,1293.2
6.4392,1,out,32416,1282.8
6.443,1,out,32412,1397.8
6.447,1,out,32408,1411.2
6.4508,1,out,32404,1394.4
6.4544,1,out,32400,1361.6
6.4581,1,out,32396,1195
6.4619,1,out,32392,1130
6.4657,1,out,32388,1169.4
6.4697,1,out,32384,1248
6.4735,1,out,32380,1165.2
6.477,1,out,32376,1191.4
6.4808,1,out,32372,1219.6
6.4854,1,out,32368,1194.2
6.4896,1,out,32364,1193.2
6.494,1,out,32360,1188.4
6.498,1,out,32356,1731.2
6.5024,1,out,32352,1884.2
6.5069,1,out,32348,1704.8
6.5119,1,out,32344,1856.2
6.5162,1,out,32340,1715.6
6.5199,1,out,32336,1588.4
6.5235,1,out,32332,1569.8
6.5281,1,out,32328,1499
6.5323,1,out,32324,1539.4
6.5364,1,out,32320,1660.2
6.5404,1,out,32316,1649
6.5445,1,out,32312,1614.6
6.5488,1,out,32308,1520.4
6.5529,1,out,32304,1584.2
6.557,1,out,32300,1522.4
6.5609,1,out,32296,1498.6
6.5646,1,out,32292,1488
6.5687,1,out,32288,1497.2
6.5725,1,out,32284,1466.4
6.5768,1,out,32280,1508
6.5814,1,out,32276,1495.6
6.586,1,out,32272,1495.6
6.5908,1,out,32268,1509.8
6.5949,1,out,32264,1458.8
6.5993,1,out,32260,1683.2
6.6038,1,out,32256,1750
6.6079,1,out,32252,1659.2
6.6122,1,out,32248,1561
6.6164,1,out,32244,1715.2
6.6208,1,out,32240,1572.6
6.6251,1,out,32236,1548.8
6.6297,1,out,32232,1561
6.6346,1,out,32228,1476.6
6.6391,1,out,32224,1500.4
6.6433,1,out,32220,1571.2
6.6475,1,out,32216,1597.8
6.6518,1,out,32212,1509.6
6.6562,1,out,32208,1563.4
6.6604,1,out,32204,1535.2
6.6646,1,out,32200,1535.8
6.6687,1,out,32196,1336
6.6732,1,out,32192,1381.8
6.6776,1,out,32188,1331
6.6822,1,out,32184,1340.2
6.6866,1,out,32180,1388.4
6.6907,1,out,32176,1306.8
6.695,1,out,32172,1280
6.6992,1,out,32168,1343.6
6.7031,1,out,32164,1294
6.7071,1,out,32160,1336.8
6.7107,1,out,32156,1337.2
6.7143,1,out,32152,1296.4
6.718,1,out,32148,1348.4
6.7221,1,out,32144,1295.4
6.7262,1,out,32140,1328.2
6.7306,1,out,32136,1380.8
6.7348,1,out,32132,1352.6
6.7395,1,out,32128,1303.8
6.7443,1,out,32124,1219.4
6.7487,1,out,32120,1249.4
6.7526,1,out,32116,1261
6.7568,1,out,32112,1258
6.7608,1,out,32108,1277.6
6.7651,1,out,32104,1301.8
6.7701,1,out,32100,1446.4
6.7743,1,out,32096,1369
6.7786,1,out,32092,1342
6.7828,1,out,32088,1330.8
6.7868,1,out,32084,1354.2
6.7909,1,out,32080,1361.6
6.7949,1,out,32076,1263.6
6.7991,1,out,32072,1307
6.8031,1,out,32068,1344.6
6.8075,1,out,32064,1380.6
6.8115,1,out,32060,1269.6
6.8155,1,out,32056,1260.2
6.8197,1,out,32052,1350
6.8242,1,out,32048,1286.8
6.8287,1,out,32044,1317
6.833,1,out,32040,1312.4
6.837,1,out,32036,1438.8
6.8413,1,out,32032,1314.8
6.8456,1,out,32028,1366
6.8496,1,out,32024,1265.8
6.8536,1,out,32020,1327.6
6.8581,1,out,32016,1318.4
6.8627,1,out,32012,1290.4
6.8674,1,out,32008,1296
6.8715,1,out,32004,1285.6
6.8756,1,out,32000,1337.8
6.8798,1,out,31996,1401.4
6.8842,1,out,31992,1327.8
6.8884,1,out,31988,1358
6.8928,1,out,31984,1294.6
6.8972,1,out,31980,1305.8
6.9014,1,out,31976,1366.2
6.9057,1,out,31972,1292.4
6.9101,1,out,31968,1306
6.9145,1,out,31964,1385.4
6.9185,1,out,31960,1414.2
6.9226,1,out,31956,1421.6
6.9263,1,out2,31906,1417.4
6.9303,1,out2,31856,1444.6
6.9346,1,out2,31806,1381.2
6.9384,1,out2,31756,1329.2
6.9427,1,out2,31706,1374
6.9474,1,out2,31656,1343.2
6.9518,1,out2,31606,1314.4
6.9564,1,out2,31556,1250.6
6.9612,1,out2,31506,1265
6.9655,1,out2,31456,1298.4
6.9701,1,out2,31406,1200
6.9747,1,out2,31356,1193
6.9791,1,out2,31306,1131.8
6.9832,1,out2,31256,1210.6
6.9877,1,out2,31206,1347.2
6.992,1,out2,31156,1171
6.9964,1,out2,31106,1494.2
7.0009,1,out2,31056,1096.2
7.0048,1,out2,31006,1029.6
7.009,1,out2,30956,1183.2
7.0136,1,out2,30906,1211.4
7.0183,1,out2,30856,1121.4
7.0227,1,out2,30806,1093.2
7.0272,1,out2,30756,1469.8
7.0316,1,out2,30706,1386
7.0356,1,out2,30656,1886.8
7.0404,1,out2,30606,1318.2
7.0451,1,out2,30556,1079.8
7.0493,1,out2,30506,983
7.0538,1,out2,30456,851.2
7.0584,1,out2,30406,632.2
7.0629,1,out2,30356,508.6
7.0672,1,out2,30306,548.2
7.071,1,out2,30256,429.2
7.0754,1,out2,30206,154.2
7.0799,1,out2,30156,100.8
7.0843,2,in,30156,44.8
7.0887,2,in,30160,6
7.0932,2,in,30164,47
7.0976,2,in,30168,50.4
7.1022,2,in,30172,73
7.1065,2,in,30176,17.8
7.1111,2,in,30180,9.8
7.1153,2,in,30184,77.2
7.12,2,in,30188,43.6
7.1246,2,in,30192,23.6
7.1287,2,in,30196,10.8
7.1331,2,in,30200,53.4
7.1374,2,in,30204,70.8
7.1413,2,in,30208,24.4
7.1459,2,in,30212,-18.2
7.1507,2,in,30216,34.8
7.1553,2,in,30220,45.2
7.16,2,in,30224,29.2
7.1646,2,in,30228,5.6
7.1687,2,in,30232,36.6
7.1731,2,in,30236,9
7.1774,2,in,30240,20.2
7.1815,2,in,30244,18
7.186,2,in,30248,34.2
7.1904,2,in,30252,22.2
7.1948,2,in,30256,3.4
7.1995,2,in,30260,38.8
7.2037,2,in,30264,21.4
7.2085,2,in,30268,0.8
7.2133,2,in,30272,8.8
7.2173,2,in,30276,-14.6
7.2218,2,in,30280,30.6
7.226,2,in,30284,-17.2
7.2301,2,in,30288,-0.4
7.2346,2,in,30292,42.8
7.2388,2,in,30296,60.6
7.244,2,in,30300,44
7.2483,2,in,30304,38.4
7.2526,2,in,30308,38
7.2573,2,in,30312,-30.4
7.2616,2,in,30316,-5.6
7.2656,2,in,30320,-11
7.2699,2,in,30324,50.8
7.2745,2,in,30328,21.4
7.2792,2,in,30332,11.6
7.2833,2,in,30336,-0.4
7.2874,2,in,30340,-16.6
7.2919,2,in,30344,19
7.2965,2,in,30348,-26.4
7.3012,2,in,30352,51
7.3058,2,in,30356,43.8
7.3096,2,in,30360,4
7.3139,2,in,30364,43.2
7.3182,2,in,30368,41.8
7.3224,2,in,30372,-1.2
7.327,2,in,30376,9.8
7.3314,2,in,30380,38
7.3354,2,in,30384,-7.8
7.3405,2,in,30388,35.4
7.3449,2,in,30392,-15.4
7.3502,2,in,30396,9.4
7.3545,2,in,30400,7.6
7.3593,2,in,30404,48
7.3638,2,in,30408,50.8
7.3684,2,in,30412,15.6
7.3725,2,in,30416,10.8
7.3764,2,in,30420,4
7.3812,2,in,30424,-22
7.3857,2,in,30428,22
7.3905,2,in,30432,12.2
7.3941,2,in,30436,-12.8
7.3979,2,in,30440,-4.2
7.4016,2,in,30444,21
7.4061,2,in,30448,54.4
7.4103,2,in,30452,24.4
7.4148,2,in,30456,-4.8
7.4191,2,in,30460,-10.6
7.4236,2,in,30464,-10
7.4281,2,in,30468,-35.8
7.4322,2,in,30472,39
7.4363,2,in,30476,96.4
7.4403,2,in,30480,28.2
7.4442,2,in,30484,17.8
7.4483,2,in,30488,-3.6
7.4522,2,in,30492,68.8
7.4567,2,in,30496,-33.4
7.4608,2,in,30500,-13.8
7.4652,2,in,30504,33.4
7.4697,2,in,30508,10.2
7.4742,2,in,30512,-6.2
7.4787,2,in,30516,17.4
7.4836,2,in,30520,55.4
7.4875,2,in,30524,40.6
7.4921,2,in,30528,-4.6
7.4974,2,in,30532,8.4
7.5021,2,in,30536,71
7.5064,2,in,30540,-8.2
7.511,2,in,30544,33
7.5154,2,in,30548,-1.2
7.5198,2,in,30552,42
7.5243,2,in,30556,0.8
7.5281,2,in,30560,11.2
7.5324,2,in,30564,48.2
7.5362,2,in,30568,13.2
7.5404,2,in,30572,7.4
7.5457,2,in,30576,-23.4
7.5505,2,in,30580,22.2
7.5552,2,in,30584,27.4
7.5608,2,in,30588,5.2
7.5657,2,in,30592,27.4
7.5703,2,in,30596,10.6
7.5748,2,in,30600,40.4
7.5791,2,in,30604,-44.4
7.5834,2,in,30608,32.6
7.5878,2,in,30612,13.8
7.5928,2,in,30616,10.6
7.5973,2,in,30620,41
7.6018,2,in,30624,-5.8
7.6059,2,in,30628,-0.2
7.6102,2,in,30632,6.8
7.6149,2,in,30636,65.8
7.619,2,in,30640,50.2
7.6229,2,in,30644,18
7.6267,2,in,30648,25.2
7.6307,2,in,30652,71.2
7.635,2,in,30656,33.8
7.6387,2,in,30660,45.8
7.6425,2,in,30664,14.4
7.6459,2,in,30668,-24
7.6497,2,in,30672,32
7.6533,2,in,30676,43.8
7.6573,2,in,30680,22.2
7.661,2,in,30684,16.8
7.6651,2,in,30688,-1
7.6699,2,in,30692,56.8
7.6743,2,in,30696,3.2
7.6783,2,in,30700,21.4
7.6823,2,in,30704,71
7.6873,2,in,30708,0.8
7.692,2,in,30712,12.8
7.6965,2,in,30716,-4.4
7.701,2,in,30720,28.2
7.7055,2,in,30724,35.4
7.7098,2,in,30728,-5.2
7.7142,2,in,30732,-9
7.7187,2,in,30736,10.2
7.7229,2,in,30740,34.2
7.7268,2,in,30744,39.8
7.7309,2,in,30748,50.2
7.735,2,in,30752,13.4
7.7395,2,in,30756,38.6
7.744,2,in,30760,-2.2
7.7482,2,in,30764,62
7.7527,2,in,30768,80.8
7.7574,2,in,30772,13.6
7.7618,2,in,30776,57.4
7.7664,2,in,30780,-16.2
7.7708,2,in,30784,43.8
7.7751,2,in,30788,54
7.7795,2,in,30792,6
7.7841,2,in,30796,65.2
7.7883,2,in,30800,-12.2
7.7931,2,in,30804,14.4
7.7976,2,in,30808,50
7.802,2,in,30812,0.6
7.8059,2,in,30816,44
7.81,2,in,30820,55.8
7.8141,2,in,30824,27.2
7.818,2,in,30828,18.4
7.8219,2,in,30832,9.4
7.8261,2,in,30836,-20.2
7.8304,2,in,30840,42.8
7.8348,2,in,30844,17
7.8389,2,in,30848,-26.8
7.8436,2,in,30852,-6.4
7.8483,2,in,30856,43.6
7.8523,2,in,30860,70.6
7.8565,2,in,30864,10.4
7.8606,2,in,30868,43.2
7.8643,2,in,30872,30.6
7.8686,2,in,30876,20.8
7.8725,2,in,30880,37.6
7.8767,2,in,30884,-23.2
7.8806,2,in,30888,-7.8
7.8852,2,in,30892,49
7.8892,2,in,30896,66.2
7.8936,2,in,30900,9.6
7.8979,2,in,30904,29.6
7.9028,2,in,30908,27.2
7.9074,2,in,30912,-15
7.9118,2,in,30916,16.2
7.9163,2,in,30920,24.4
7.9216,2,in,30924,31.8
7.9264,2,in,30928,20.4
7.9319,2,in,30932,6
7.9367,2,in,30936,56.4
7.9415,2,in,30940,4.4
7.9463,2,in,30944,47.8
7.9512,2,in,30948,60.4
7.9564,2,in,30952,25.2
7.9611,2,in,30956,46.6
7.9654,2,in,30960,57
7.9708,2,in,30964,43.8
7.9759,2,in,30968,36.6
7.9806,2,in,30972,18.2
7.9848,2,in,30976,10
7.9905,2,in,30980,28.6
7.9951,2,in,30984,22.8
8.0001,2,in,30988,34.8
8.005,2,in,30992,29.6
8.0109,2,in,30996,-22.2
8.016,2,in,31000,63.4
8.0209,2,in,31004,51.4
8.0259,2,in,31008,34
8.031,2,in,31012,55
8.0357,2,in,31016,52.8
8.0409,2,in,31020,58.4
8.0458,2,in,31024,10.8
8.0506,2,in,31028,24
8.0549,2,in,31032,44.2
8.0593,2,in,31036,24.4
8.0639,2,in,31040,15.2
8.0681,2,in,31044,80.8
8.0729,2,in,31048,-2.2
8.0772,2,in,31052,-9.8
8.0812,2,in,31056,18
8.0853,2,in,31060,84
8.0893,2,in,31064,66.4
8.0936,2,in,31068,79
8.0979,2,in,31072,50.8
8.1025,2,in,31076,37.2
8.1065,2,in,31080,80
8.1104,2,in,31084,-2.6
8.1149,2,in,31088,75
8.1197,2,in,31092,31.8
8.1237,2,in,31096,70.2
8.1273,2,in,31100,9.2
8.1313,2,in,31104,72.2
8.1363,2,in,31108,7
8.1401,2,in,31112,55
8.1441,2,in,31116,-14.2
8.1483,2,in,31120,77.2
8.1523,2,in,31124,91.4
8.157,2,in,31128,32.6
8.1611,2,in,31132,-2.2
8.1658,2,in,31136,33.2
8.1707,2,in,31140,44.2
8.1754,2,in,31144,74.8
8.1803,2,in,31148,75.4
8.1852,2,in,31152,33.6
8.1914,2,in,31156,31.4
8.1964,2,in,31160,33.4
8.2011,2,in,31164,21.4
8.2054,2,in,31168,64.8
8.2097,2,in,31172,71.4
8.2148,2,in,31176,49.8
8.2194,2,in,31180,51.6
8.2241,2,in,31184,44.8
8.2287,2,in,31188,8
8.2339,2,in,31192,57.8
8.2387,2,in,31196,61.2
8.2437,2,in,31200,30.4
8.2486,2,in,31204,67.6
8.2531,2,in,31208,41.2
8.2581,2,in,31212,48.4
8.2633,2,in,31216,72
8.2678,2,in,31220,59.4
8.2725,2,in,31224,49.2
8.2777,2,in,31228,38.8
8.2825,2,in,31232,38.4
8.2869,2,in,31236,66.4
8.2916,2,in,31240,33.6
8.2964,2,in,31244,56.4
8.3013,2,in,31248,62.4
8.3057,2,in,31252,63.4
8.31,2,in,31256,38.6
8.3147,2,in,31260,80
8.3196,2,in,31264,57
8.3241,2,in,31268,40
8.3293,2,in,31272,36.8
8.3337,2,in,31276,26.4
8.3386,2,in,31280,59
8.3432,2,in,31284,59.6
8.3475,2,in,31288,62
8.3523,2,in,31292,61
8.3572,2,in,31296,60
8.3623,2,in,31300,71.2
8.3674,2,in,31304,37.6
8.3718,2,in,31308,17
8.3766,2,in,31312,53.4
8.3817,2,in,31316,45.6
8.3877,2,in,31320,123
8.3926,2,in,31324,27.8
8.3979,2,in,31328,54.2
8.4026,2,in,31332,55.2
8.4071,2,in,31336,44
8.412,2,in,31340,45.6
8.4171,2,in,31344,60.8
8.4219,2,in,31348,44.2
8.4272,2,in,31352,39.4
8.4325,2,in,31356,104.4
8.4376,2,in,31360,97
8.4425,2,in,31364,57.2
8.4475,2,in,31368,96.8
8.4524,2,in,31372,81
8.4569,2,in,31376,59.2
8.4616,2,in,31380,68
8.4668,2,in,31384,102.4
8.4715,2,in,31388,89.8
8.4764,2,in,31392,77.4
8.4808,2,in,31396,43.6
8.4855,2,in,31400,103.2
8.4906,2,in,31404,62.6
8.4954,2,in,31408,114.8
8.5002,2,in,31412,42
8.5054,2,in,31416,44
8.5103,2,in,31420,65.6
8.5148,2,in,31424,120.8
8.5194,2,in,31428,62.4
8.524,2,in,31432,62.8
8.5289,2,in,31436,56.2
8.5334,2,in,31440,89.8
8.5379,2,in,31444,92.6
8.5427,2,in,31448,62.8
8.5475,2,in,31452,36.8
8.5527,2,in,31456,80.8
8.5575,2,in,31460,64.8
8.5624,2,in,31464,63.8
8.5687,2,in,31468,62.2
8.5732,2,in,31472,71.2
8.5787,2,in,31476,72.6
8.5831,2,in,31480,101.6
8.5879,2,in,31484,79
8.5927,2,in,31488,53.2
8.5974,2,in,31492,104.2
8.6022,2,in,31496,105.4
8.607,2,in,31500,76.4
8.6115,2,in,31504,29.8
8.6157,2,in,31508,103.2
8.621,2,in,31512,91.4
8.6261,2,in,31516,82.4
8.6318,2,in,31520,51.4
8.637,2,in,31524,91
8.6416,2,in,31528,54.2
8.6461,2,in,31532,65
8.6513,2,in,31536,85
8.656,2,in,31540,46.4
8.6603,2,in,31544,78.2
8.6648,2,in,31548,62.6
8.6701,2,in,31552,113.4
8.6753,2,in,31556,51
8.6801,2,in,31560,83
8.6849,2,in,31564,71.2
8.6891,2,in,31568,74.6
8.6936,2,in,31572,74.8
8.698,2,in,31576,61.8
8.7023,2,in,31580,85
8.706,2,in,31584,83.8
8.7103,2,in,31588,61.6
8.7145,2,in,31592,89.4
8.7189,2,in,31596,59.2
8.7229,2,in,31600,52.2
8.7271,2,in,31604,62
8.7314,2,in,31608,57.6
8.7356,2,in,31612,87.2
8.7395,2,in,31616,55.4
8.7443,2,in,31620,84.6
8.749,2,in,31624,70.2
8.753,2,in,31628,115
8.757,2,in,31632,77.4
8.761,2,in,31636,93.8
8.7653,2,in,31640,79.4
8.7697,2,in,31644,109.6
8.7742,2,in,31648,82.6
8.7784,2,in,31652,122
8.7832,2,in,31656,109.2
8.7877,2,in,31660,64
8.7917,2,in,31664,85.8
8.796,2,in,31668,96.2
8.8005,2,in,31672,90.8
8.8048,2,in,31676,110.4
8.8091,2,in,31680,111.8
8.8135,2,in,31684,137
8.8174,2,in,31688,139
8.8214,2,in,31692,128.8
8.8256,2,in,31696,100
8.8296,2,in,31700,68.2
8.8333,2,in,31704,106
8.8376,2,in,31708,97.4
8.8422,2,in,31712,77.4
8.847,2,in,31716,104.2
8.8515,2,in,31720,122.6
8.8562,2,in,31724,86.6
8.8607,2,in,31728,51.4
8.8654,2,in,31732,93.8
8.8702,2,in,31736,116.8
8.8751,2,in,31740,92.6
8.8798,2,in,31744,105
8.8841,2,in,31748,115
8.8893,2,in,31752,91.6
8.8937,2,in,31756,128
8.8984,2,in,31760,96.4
8.9031,2,in,31764,98.2
8.9078,2,in,31768,94.4
8.9121,2,in,31772,69.8
8.9176,2,in,31776,106.6
8.9222,2,in,31780,99.6
8.9272,2,in,31784,93.2
8.9317,2,in,31788,119
8.9371,2,in,31792,141.2
8.9415,2,in,31796,107.2
8.9464,2,in,31800,100.8
8.9513,2,in,31804,132
8.956,2,in,31808,89.6
8.9604,2,in,31812,109.6
8.9648,2,in,31816,119.6
8.9691,2,in,31820,138.2
8.9736,2,in,31824,115.8
8.9778,2,in,31828,122.6
8.9819,2,in,31832,83.4
8.9859,2,in,31836,99.6
8.9905,2,in,31840,124.6
8.9949,2,in,31844,105
8.9996,2,in,31848,135.4
9.0049,2,in,31852,129.6
9.0097,2,in,31856,124.2
9.0151,2,in,31860,138.6
9.0198,2,in,31864,147
9.0249,2,in,31868,157
9.0293,2,in,31872,129.8
9.0345,2,in,31876,126.6
9.0389,2,in,31880,142.2
9.0435,2,in,31884,136
9.0479,2,in,31888,128
9.0525,2,in,31892,149
9.057,2,in,31896,146.4
9.0621,2,in,31900,153.4
9.0665,2,in,31904,151.4
9.0708,2,in,31908,185.6
9.076,2,in,31912,180.4
9.0807,2,in,31916,128.6
9.0855,2,in,31920,139.6
9.09,2,in,31924,124.6
9.0944,2,in,31928,101.4
9.0985,2,in,31932,168.6
9.1033,2,in,31936,156.2
9.1079,2,in,31940,143.8
9.1125,2,in,31944,106.4
9.1172,2,in,31948,118.2
9.1217,2,in,31952,142.4
9.1264,2,in,31956,97.6
9.1307,2,in,31960,145.6
9.1352,2,in,31964,101.8
9.1403,2,in,31968,120.8
9.1447,2,in,31972,92
9.1496,2,in,31976,140.4
9.1542,2,in,31980,94.6
9.1594,2,in,31984,106.2
9.1639,2,in,31988,116
9.1687,2,in,31992,139.8
9.1737,2,in,31996,145.2
9.1784,2,in,32000,118.2
9.1831,2,in,32004,136.4
9.1879,2,in,32008,117.2
9.1929,2,in,32012,111.8
9.1976,2,in,32016,158.8
9.2021,2,in,32020,116.8
9.2069,2,in,32024,143
9.2126,2,in,32028,129.4
9.2177,2,in,32032,151.6
9.2225,2,in,32036,161.8
9.228,2,in,32040,146.4
9.2326,2,in,32044,177
9.237,2,in,32048,172.6
9.2423,2,in,32052,168
9.2475,2,in,32056,159.2
9.252,2,in,32060,168.8
9.2567,2,in,32064,153.4
9.2615,2,in,32068,124.6
9.2663,2,in,32072,173.4
9.2716,2,in,32076,139.2
9.2761,2,in,32080,105
9.281,2,in,32084,160.8
9.2853,2,in,32088,170
9.2899,2,in,32092,151.8
9.2943,2,in,32096,158.8
9.2997,2,in,32100,175.4
9.3043,2,in,32104,219.4
9.3086,2,in,32108,175.6
9.313,2,in,32112,211.8
9.3191,2,in,32116,159.6
9.3237,2,in,32120,149.4
9.3285,2,in,32124,128.6
9.3333,2,in,32128,177.6
9.3383,2,in,32132,155.2
9.3428,2,in,32136,150.2
9.3474,2,in,32140,173.8
9.3521,2,in,32144,164.8
9.3567,2,in,32148,169.4
9.3615,2,in,32152,196
9.3661,2,in,32156,181.8
9.3712,2,in,32160,190.8
9.3761,2,in,32164,175.8
9.3814,2,in,32168,226.2
9.3864,2,in,32172,259.4
9.3916,2,in,32176,208.4
9.3963,2,in,32180,191.8
9.4016,2,in,32184,253.6
9.4063,2,in,32188,199.2
9.4111,2,in,32192,176.4
9.4163,2,in,32196,222.4
9.421,2,in,32200,252
9.4262,2,in,32204,239.4
9.4304,2,in,32208,232.8
9.4352,2,in,32212,277.8
9.4395,2,in,32216,252.4
9.4438,2,in,32220,227.2
9.4486,2,in,32224,244.8
9.4535,2,in,32228,253
9.4581,2,in,32232,245.4
9.4627,2,in,32236,244.2
9.4674,2,in,32240,239.6
9.4725,2,in,32244,256
9.4772,2,in,32248,253
9.4826,2,in,32252,285
9.4875,2,in,32256,349
9.4922,2,in,32260,320
9.4979,2,in,32264,395.6
9.5023,2,in,32268,370.6
9.5068,2,in,32272,356
9.511,2,in,32276,385
9.5157,2,in,32280,361.2
9.5204,2,in,32284,335.4
9.5247,2,in,32288,376
9.5295,2,in,32292,358
9.5346,2,in,32296,387.8
9.539,2,in,32300,362.8
9.5443,2,in,32304,376.2
9.5488,2,in,32308,349.6
9.554,2,in,32312,365.8
9.5583,2,in,32316,334.2
9.5628,2,in,32320,324.4
9.567,2,in,32324,310
9.5715,2,in,32328,335.8
9.5755,2,in,32332,325.4
9.5797,2,in,32336,382.6
9.584,2,in,32340,355.6
9.5887,2,in,32344,345.8
9.5934,2,in,32348,362.6
9.5979,2,in,32352,391.6
9.6026,2,in,32356,393.6
9.6077,2,in,32360,388.4
9.612,2,in,32364,435.6
9.6167,2,in,32368,490.2
9.6209,2,in,32372,520.8
9.626,2,in,32376,474.2
9.6302,2,in,32380,434.6
9.6344,2,in,32384,519.4
9.6392,2,in,32388,455.4
9.6442,2,in,32392,452.4
9.6485,2,in,32396,472.8
9.6528,2,in,32400,515.6
9.6575,2,in,32404,470.6
9.6624,2,in,32408,496.2
9.6667,2,in,32412,497.2
9.6709,2,in,32416,515.8
9.6752,2,in,32420,575
9.6802,2,in,32424,663.6
9.6849,2,in,32428,593.6
9.6891,2,in,32432,600.4
9.6937,2,in,32436,605.2
9.6987,2,in,32440,714.4
9.7038,2,in,32444,672.4
9.7089,2,in,32448,748.6
9.7137,2,in,32452,797.6
9.7184,2,in,32456,765.6
9.7229,2,in,32460,726.2
9.7278,2,in,32464,736.8
9.7324,2,in,32468,750
9.7372,2,in,32472,713.8
9.7415,2,in,32476,749
9.7459,2,in,32480,732.2
9.7505,2,in,32484,735.4
9.755,2,in,32488,731.6
9.7591,2,in,32492,804.4
9.7631,2,in,32496,758.2
9.7673,2,in,32500,898
9.7727,2,in,32504,859.2
9.7777,2,in,32508,814.2
9.7831,2,in,32512,831
9.7883,2,in,32516,889.6
9.7935,2,in,32520,787.8
9.7985,2,in,32524,775.2
9.8033,2,in,32528,962.2
9.8073,2,in,32532,958.4
9.8116,2,in,32536,943.4
9.8157,2,in,32540,957
9.8195,2,in,32544,1080.2
9.8235,2,out,32540,1018.8
9.8277,2,out,32536,1011
9.8317,2,out,32532,1112.6
9.8361,2,out,32528,1146.4
9.8403,2,out,32524,1187.6
9.845,2,out,32520,1100.6
9.8492,2,out,32516,1571.6
9.8535,2,out,32512,1001.6
9.8581,2,out,32508,1046.2
9.8628,2,out,32504,1034.6
9.8672,2,out,32500,989.2
9.8713,2,out,32496,976
9.8764,2,out,32492,1138.4
9.8809,2,out,32488,1109.2
9.8866,2,out,32484,1142.2
9.892,2,out,32480,1152.4
9.8964,2,out,32476,1079.4
9.901,2,out,32472,1121.6
9.9056,2,out,32468,1129.4
9.9092,2,out,32464,1222.6
9.9137,2,out,32460,1258.6
9.9185,2,out,32456,1208
9.9233,2,out,32452,1218.2
9.9276,2,out,32448,1284.8
9.9322,2,out,32444,1334
9.9371,2,out,32440,1330.4
9.9415,2,out,32436,1276.6
9.9461,2,out,32432,1208.8
9.9505,2,out,32428,1249.8
9.9545,2,out,32424,1278
9.959,2,out,32420,1241.8
9.9638,2,out,32416,1307.8
9.9686,2,out,32412,1215.6
9.9733,2,out,32408,1253.4
9.9779,2,out,32404,1223.6
9.9829,2,out,32400,1279
9.9879,2,out,32396,1254
9.9926,2,out,32392,1246.6
9.997,2,out,32388,1340.8
10.002,2,out,32384,1311.8
10.0065,2,out,32380,1338.8
10.0113,2,out,32376,1239
10.0158,2,out,32372,1261.6
10.0205,2,out,32368,1094.2
10.0249,2,out,32364,976
10.0293,2,out,32360,1305.6
10.0338,2,out,32356,1172
10.0378,2,out,32352,1116.8
10.042,2,out,32348,956.4
10.046,2,out,32344,1022.2
10.0501,2,out,32340,1104.4
10.0544,2,out,32336,1081.6
10.0589,2,out,32332,1120.4
10.0636,2,out,32328,1087.6
10.0689,2,out,32324,1087.2
10.0737,2,out,32320,1085.8
10.0782,2,out,32316,1075.6
10.083,2,out,32312,1108.6
10.0879,2,out,32308,1155
10.0934,2,out,32304,1059.2
10.0982,2,out,32300,1100.4
10.1028,2,out,32296,1156
10.108,2,out,32292,1098.8
10.1125,2,out,32288,1111.8
10.1173,2,out,32284,1101.6
10.1219,2,out,32280,1017
10.1266,2,out,32276,1060.6
10.1314,2,out,32272,1057.4
10.1362,2,out,32268,1111.8
10.1415,2,out,32264,1040
10.1461,2,out,32260,1087.2
10.1508,2,out,32256,1088.6
10.1552,2,out,32252,1124.6
10.1602,2,out,32248,1082.2
10.1653,2,out,32244,1077.8
10.17,2,out,32240,1084.8
10.1748,2,out,32236,1049.6
10.1802,2,out,32232,1024.8
10.185,2,out,32228,1087.2
10.19,2,out,32224,1017.2
10.1943,2,out,32220,1054.6
10.1994,2,out,32216,1103.8
10.2041,2,out,32212,1131.2
10.209,2,out,32208,1110.4
10.2134,2,out,32204,1174.6
10.2181,2,out,32200,1378.4
10.2231,2,out,32196,1129.6
10.2279,2,out,32192,1137
10.232,2,out,32188,1208
10.2362,2,out,32184,1243.4
10.2404,2,out,32180,1163.4
10.2462,2,out,32176,1265.8
10.2514,2,out,32172,1179.4
10.256,2,out,32168,1095.8
10.261,2,out,32164,1146.2
10.2652,2,out,32160,1173.2
10.2698,2,out,32156,1183.4
10.2741,2,out,32152,1211.8
10.2792,2,out,32148,1122.4
10.2838,2,out,32144,1202.8
10.2888,2,out,32140,1212.6
10.2945,2,out,32136,1174.2
10.2994,2,out,32132,1259.4
10.3046,2,out,32128,1072.8
10.3097,2,out,32124,1001.4
10.3142,2,out,32120,1171.2
10.3182,2,out,32116,1127
10.3227,2,out,32112,947.4
10.327,2,out,32108,938.8
10.331,2,out,32104,1064.6
10.3351,2,out,32100,1115.4
10.3391,2,out,32096,1093
10.3436,2,out,32092,997.2
10.3479,2,out,32088,1015.4
10.3521,2,out,32084,1056.6
10.3566,2,out,32080,992.8
10.3621,2,out,32076,1025.8
10.3663,2,out,32072,1148
10.3703,2,out,32068,1071.8
10.3748,2,out,32064,1100.8
10.3799,2,out,32060,1106
10.3839,2,out,32056,1040
10.3883,2,out,32052,1056.4
10.3929,2,out,32048,1165.4
10.3976,2,out,32044,1185.2
10.4018,2,out,32040,1234.4
10.4065,2,out,32036,1176
10.4105,2,out,32032,1136.8
10.4152,2,out,32028,1135.2
10.4191,2,out,32024,1174
10.4234,2,out,32020,1150.4
10.428,2,out,32016,1259.6
10.4333,2,out,32012,1298.6
10.4376,2,out,32008,1286.6
10.4421,2,out,32004,1191.6
10.4467,2,out,32000,1230.2
10.452,2,out,31996,1330.2
10.4562,2,out,31992,1292
10.4607,2,out,31988,1236.4
10.4648,2,out,31984,1246
10.4696,2,out,31980,1255
10.474,2,out,31976,1235.8
10.4781,2,out,31972,1275.2
10.482,2,out,31968,1249.6
10.4868,2,out,31964,1238.4
10.491,2,out,31960,1211.6
10.4961,2,out,31956,1249.8
10.5009,2,out,31952,1340
10.5059,2,out,31948,1342
10.5109,2,out,31944,1276
10.5155,2,out2,31894,1277.6
10.5199,2,out2,31844,1216.4
10.5245,2,out2,31794,1193.2
10.5283,2,out2,31744,1304
10.5327,2,out2,31694,1282.8
10.5372,2,out2,31644,1190.6
10.5427,2,out2,31594,1145.6
10.5467,2,out2,31544,1068.4
10.5508,2,out2,31494,1021.2
10.5551,2,out2,31444,1050.6
10.56,2,out2,31394,1018.4
10.5645,2,out2,31344,919.2
10.5687,2,out2,31294,939.8
10.5728,2,out2,31244,949
10.5772,2,out2,31194,933.4
10.5821,2,out2,31144,923
10.5865,2,out2,31094,900.8
10.5911,2,out2,31044,912.6
10.5961,2,out2,30994,877.4
10.6008,2,out2,30944,980.6
10.6052,2,out2,30894,914.8
10.61,2,out2,30844,792
10.615,2,out2,30794,760.2
10.6204,2,out2,30744,667.8
10.6261,2,out2,30694,625
10.632,2,out2,30644,648.6
10.638,2,out2,30594,544.2
10.6438,2,out2,30544,461.4
10.649,2,out2,30494,420.8
10.6542,2,out2,30444,362.4
10.6595,2,out2,30394,304.8
10.6652,2,out2,30344,247.8
10.6702,2,out2,30294,160.4
10.6751,2,out2,30244,77
10.6801,3,in,30244,80.6
10.6851,3,in,30248,11.2
10.6898,3,in,30252,37.2
10.6951,3,in,30256,11
10.7001,3,in,30260,35.8
10.7054,3,in,30264,33.8
10.7104,3,in,30268,40.8
10.7157,3,in,30272,56.8
10.7203,3,in,30276,44.4
10.7254,3,in,30280,43
10.7303,3,in,30284,10.8
10.7347,3,in,30288,41.6
10.739,3,in,30292,43.2
10.7432,3,in,30296,51.8
10.7474,3,in,30300,-8.8
10.7519,3,in,30304,60.4
10.7562,3,in,30308,16.8
10.7602,3,in,30312,-5.6
10.7647,3,in,30316,84.4
10.769,3,in,30320,0.6
10.7733,3,in,30324,-15.6
10.7775,3,in,30328,46.4
10.7817,3,in,30332,24.8
10.7861,3,in,30336,65.4
10.7905,3,in,30340,-42
10.7949,3,in,30344,21.2
10.7993,3,in,30348,39.4
10.804,3,in,30352,16
10.8081,3,in,30356,11.2
10.8122,3,in,30360,-18.4
10.8168,3,in,30364,30.8
10.8213,3,in,30368,24.8
10.8256,3,in,30372,-22
10.83,3,in,30376,54.4
10.8342,3,in,30380,-10
10.8382,3,in,30384,-19.4
10.8422,3,in,30388,-8.4
10.847,3,in,30392,39
10.852,3,in,30396,26.4
10.8565,3,in,30400,19.8
10.8609,3,in,30404,17
10.8659,3,in,30408,32
10.8708,3,in,30412,-21.2
10.8759,3,in,30416,15.6
10.8802,3,in,30420,30.8
10.8854,3,in,30424,39.6
10.8893,3,in,30428,31.2
10.8932,3,in,30432,-22.6
10.8972,3,in,30436,-3.4
10.9015,3,in,30440,41.6
10.9059,3,in,30444,33.2
10.9101,3,in,30448,-40.2
10.914,3,in,30452,-18.6
10.9186,3,in,30456,41.4
10.9233,3,in,30460,26.6
10.9274,3,in,30464,10
10.9314,3,in,30468,16
10.9353,3,in,30472,9.4
10.9395,3,in,30476,21.8
10.9433,3,in,30480,5.8
10.9472,3,in,30484,44.8
10.9514,3,in,30488,58.2
10.9549,3,in,30492,29.4
10.9587,3,in,30496,27.6
10.9626,3,in,30500,6.2
10.9668,3,in,30504,11.2
10.9713,3,in,30508,26.6
10.9759,3,in,30512,53.2
10.9803,3,in,30516,29.6
10.9843,3,in,30520,5.4
10.989,3,in,30524,-10.8
10.9929,3,in,30528,13.6
10.9969,3,in,30532,36
11.002,3,in,30536,33.4
11.0065,3,in,30540,-9
11.0108,3,in,30544,0.4
11.015,3,in,30548,29.4
11.0194,3,in,30552,7.8
11.024,3,in,30556,3.2
11.0281,3,in,30560,52.2
11.0324,3,in,30564,66
11.0367,3,in,30568,55.2
11.0409,3,in,30572,49.4
11.0452,3,in,30576,-10.4
11.0494,3,in,30580,56
11.0538,3,in,30584,80.6
11.0582,3,in,30588,0.8
11.0625,3,in,30592,25.6
11.0671,3,in,30596,-19.8
11.0715,3,in,30600,38.2
11.0762,3,in,30604,23.2
11.0809,3,in,30608,2.8
11.0855,3,in,30612,-4.2
11.0901,3,in,30616,4
11.0951,3,in,30620,14.8
11.0998,3,in,30624,35.8
11.104,3,in,30628,37
11.1082,3,in,30632,1
11.1126,3,in,30636,37.6
11.1174,3,in,30640,-5.6
11.122,3,in,30644,-21.8
11.1266,3,in,30648,28.4
11.1314,3,in,30652,15.8
11.1363,3,in,30656,3.4
11.1409,3,in,30660,23.6
11.1453,3,in,30664,38
11.1501,3,in,30668,27.8
11.1546,3,in,30672,23.8
11.1592,3,in,30676,23.4
11.1641,3,in,30680,18.2
11.1685,3,in,30684,9
11.1723,3,in,30688,43.6
11.1765,3,in,30692,-23
11.1803,3,in,30696,19.6
11.1844,3,in,30700,69.4
11.1885,3,in,30704,27.6
11.1928,3,in,30708,36.2
11.1982,3,in,30712,18.2
11.2027,3,in,30716,48.2
11.2081,3,in,30720,28.2
11.2135,3,in,30724,15.8
11.2186,3,in,30728,57.8
11.224,3,in,30732,7.4
11.2297,3,in,30736,14.8
11.2342,3,in,30740,26.6
11.2392,3,in,30744,0.6
11.2439,3,in,30748,-23.6
11.2481,3,in,30752,20.8
11.2528,3,in,30756,33.4
11.2581,3,in,30760,13.6
11.2633,3,in,30764,-1.8
11.2685,3,in,30768,13.4
11.273,3,in,30772,24.6
11.2779,3,in,30776,30
11.2824,3,in,30780,57.4
11.2867,3,in,30784,59.8
11.2907,3,in,30788,41.6
11.2952,3,in,30792,24.4
11.2993,3,in,30796,43.6
11.3036,3,in,30800,23
11.3082,3,in,30804,59
11.3124,3,in,30808,-25.4
11.3166,3,in,30812,-20.8
11.3209,3,in,30816,-32
11.3251,3,in,30820,62.8
11.3293,3,in,30824,-19.6
11.3337,3,in,30828,47.4
11.3377,3,in,30832,50
11.3422,3,in,30836,73.2
11.3468,3,in,30840,-31
11.3511,3,in,30844,-10.4
11.3552,3,in,30848,47.2
11.3596,3,in,30852,15.6
11.3639,3,in,30856,10.6
11.3681,3,in,30860,-10.4
11.3722,3,in,30864,9.8
11.3766,3,in,30868,60
11.3808,3,in,30872,50.4
11.3851,3,in,30876,67.8
11.3895,3,in,30880,49.2
11.3939,3,in,30884,20
11.3982,3,in,30888,-24
11.4027,3,in,30892,18.4
11.4069,3,in,30896,-23.8
11.4121,3,in,30900,0.8
11.4173,3,in,30904,43.2
11.4221,3,in,30908,49.2
11.4269,3,in,30912,23.8
11.432,3,in,30916,16.2
11.4373,3,in,30920,53.4
11.4423,3,in,30924,48.2
11.4479,3,in,30928,23.2
11.4527,3,in,30932,53.4
11.4575,3,in,30936,63
11.4621,3,in,30940,42
11.4666,3,in,30944,5.6
11.4712,3,in,30948,-5.4
11.4756,3,in,30952,16.8
11.4805,3,in,30956,43
11.485,3,in,30960,59.8
11.49,3,in,30964,8.2
11.4944,3,in,30968,6.6
11.4987,3,in,30972,44.6
11.503,3,in,30976,14.4
11.5076,3,in,30980,6.4
11.5122,3,in,30984,19.8
11.5166,3,in,30988,64.2
11.5219,3,in,30992,14.8
11.5265,3,in,30996,38.8
11.5311,3,in,31000,27.4
11.536,3,in,31004,50.8
11.5414,3,in,31008,11.2
11.5463,3,in,31012,0.2
11.5511,3,in,31016,34.8
11.5566,3,in,31020,33.8
11.5617,3,in,31024,26
11.5661,3,in,31028,51.4
11.5714,3,in,31032,40.4
11.5759,3,in,31036,-6.6
11.5806,3,in,31040,24.8
11.5852,3,in,31044,37.4
11.5899,3,in,31048,25.8
11.5946,3,in,31052,28.6
11.5993,3,in,31056,24.6
11.6038,3,in,31060,54.8
11.6085,3,in,31064,7.4
11.6132,3,in,31068,40.4
11.6183,3,in,31072,34.2
11.6227,3,in,31076,19
11.6278,3,in,31080,30.8
11.6327,3,in,31084,13.6
11.6369,3,in,31088,25.8
11.6414,3,in,31092,7.4
11.6472,3,in,31096,33.8
11.6517,3,in,31100,23.4
11.6561,3,in,31104,26.4
11.6608,3,in,31108,4.8
11.6658,3,in,31112,21
11.6705,3,in,31116,77
11.6755,3,in,31120,-9
11.6798,3,in,31124,-8.8
11.6842,3,in,31128,36.6
11.6883,3,in,31132,-15.2
11.6923,3,in,31136,-15.4
11.6966,3,in,31140,55.4
11.7012,3,in,31144,37
11.7057,3,in,31148,47.6
11.7099,3,in,31152,-18
11.7144,3,in,31156,31.4
11.7191,3,in,31160,43
11.7233,3,in,31164,25.2
11.7277,3,in,31168,24.4
11.7327,3,in,31172,54.8
11.738,3,in,31176,36.6
11.7432,3,in,31180,32.8
11.7483,3,in,31184,69.6
11.7529,3,in,31188,52
11.7574,3,in,31192,9.6
11.7622,3,in,31196,78.8
11.767,3,in,31200,56
11.7715,3,in,31204,23.4
11.7755,3,in,31208,23
11.7799,3,in,31212,46.6
11.7849,3,in,31216,52.8
11.7903,3,in,31220,15.4
11.7949,3,in,31224,-2.4
11.7993,3,in,31228,61.4
11.8035,3,in,31232,25.2
11.8077,3,in,31236,35.8
11.8121,3,in,31240,60
11.8169,3,in,31244,45.6
11.8217,3,in,31248,38.4
11.8262,3,in,31252,45
11.831,3,in,31256,31.4
11.8361,3,in,31260,45.2
11.841,3,in,31264,45.2
11.8461,3,in,31268,71.6
11.8507,3,in,31272,85.4
11.8556,3,in,31276,62.6
11.8602,3,in,31280,45.2
11.8647,3,in,31284,15.6
11.8696,3,in,31288,41
11.8739,3,in,31292,41.4
11.878,3,in,31296,75
11.8824,3,in,31300,94.6
11.887,3,in,31304,16.4
11.8919,3,in,31308,40.4
11.8982,3,in,31312,27
11.9027,3,in,31316,31
11.9075,3,in,31320,13.4
11.9114,3,in,31324,-20.8
11.9163,3,in,31328,36
11.9213,3,in,31332,20.4
11.927,3,in,31336,40.2
11.9318,3,in,31340,40.4
11.9367,3,in,31344,8
11.9412,3,in,31348,73.2
11.9456,3,in,31352,30.2
11.9509,3,in,31356,52
11.9555,3,in,31360,16.6
11.9604,3,in,31364,4.6
11.9653,3,in,31368,34.4
11.9698,3,in,31372,9.2
11.9742,3,in,31376,50.6
11.9791,3,in,31380,58.8
11.9841,3,in,31384,71.2
11.9891,3,in,31388,36.6
11.9937,3,in,31392,16.4
11.9984,3,in,31396,98.8
12.0034,3,in,31400,29.8
12.0083,3,in,31404,45.2
12.0133,3,in,31408,49
12.0184,3,in,31412,63.2
12.0231,3,in,31416,14
12.0276,3,in,31420,12.8
12.0318,3,in,31424,75.4
12.0367,3,in,31428,43
12.0414,3,in,31432,53.4
12.046,3,in,31436,60.8
12.0511,3,in,31440,34
12.0561,3,in,31444,24.2
12.0614,3,in,31448,39.2
12.0662,3,in,31452,41.2
12.0719,3,in,31456,23.4
12.0765,3,in,31460,8.2
12.0808,3,in,31464,14.2
12.085,3,in,31468,84.8
12.0891,3,in,31472,23
12.0934,3,in,31476,42
12.0979,3,in,31480,63.6
12.1027,3,in,31484,50.6
12.1072,3,in,31488,49.6
12.1117,3,in,31492,107.4
12.1158,3,in,31496,42.2
12.12,3,in,31500,42.4
12.1243,3,in,31504,36.2
12.1293,3,in,31508,17.4
12.1336,3,in,31512,49.4
12.1379,3,in,31516,85.4
12.1426,3,in,31520,44.2
12.1474,3,in,31524,8.6
12.1521,3,in,31528,65.6
12.1575,3,in,31532,20
12.1624,3,in,31536,24.8
12.1671,3,in,31540,20
12.1713,3,in,31544,87.4
12.1762,3,in,31548,55.2
12.1804,3,in,31552,71
12.1849,3,in,31556,64.4
12.1889,3,in,31560,75.6
12.1933,3,in,31564,51.4
12.1977,3,in,31568,70.8
12.2023,3,in,31572,45
12.2062,3,in,31576,67.4
12.2103,3,in,31580,55
12.2145,3,in,31584,33.8
12.2186,3,in,31588,85
12.2226,3,in,31592,31
12.2263,3,in,31596,88.2
12.2302,3,in,31600,82.6
12.2339,3,in,31604,62.2
12.2379,3,in,31608,80.6
12.2416,3,in,31612,82
12.2456,3,in,31616,55.2
12.2493,3,in,31620,103
12.2537,3,in,31624,68.2
12.2575,3,in,31628,46.6
12.2611,3,in,31632,56.6
12.265,3,in,31636,95.6
12.269,3,in,31640,75
12.2728,3,in,31644,67.8
12.2768,3,in,31648,29.8
12.2806,3,in,31652,37.6
12.2846,3,in,31656,71.8
12.2893,3,in,31660,35.6
12.2934,3,in,31664,78
12.2985,3,in,31668,51.4
12.3035,3,in,31672,35.4
12.3078,3,in,31676,39
12.3126,3,in,31680,72
12.317,3,in,31684,80.4
12.3214,3,in,31688,61.6
12.3261,3,in,31692,57
12.3307,3,in,31696,74.8
12.3354,3,in,31700,54.6
12.34,3,in,31704,56.4
12.3447,3,in,31708,51.2
12.349,3,in,31712,66.2
12.3531,3,in,31716,46.6
12.3574,3,in,31720,111.8
12.3612,3,in,31724,71.8
12.3658,3,in,31728,74
12.3702,3,in,31732,95
12.3748,3,in,31736,86.2
12.3795,3,in,31740,94.4
12.3837,3,in,31744,61.2
12.3883,3,in,31748,122.4
12.3933,3,in,31752,70.4
12.3977,3,in,31756,93.8
12.4022,3,in,31760,100.2
12.4066,3,in,31764,96.6
12.4107,3,in,31768,36.4
12.4147,3,in,31772,81.8
12.4192,3,in,31776,67.8
12.4242,3,in,31780,90
12.429,3,in,31784,89.6
12.4336,3,in,31788,65.8
12.438,3,in,31792,78.4
12.442,3,in,31796,83
12.4462,3,in,31800,100.2
12.4502,3,in,31804,123.6
12.4543,3,in,31808,96.4
12.4578,3,in,31812,78.2
12.4616,3,in,31816,73.6
12.466,3,in,31820,110.8
12.4702,3,in,31824,92
12.4743,3,in,31828,106.4
12.4783,3,in,31832,61.6
12.4829,3,in,31836,91.4
12.4875,3,in,31840,97.4
12.493,3,in,31844,105.8
12.498,3,in,31848,85.2
12.5029,3,in,31852,101.2
12.5076,3,in,31856,107.2
12.512,3,in,31860,120.8
12.517,3,in,31864,79.2
12.5221,3,in,31868,101.4
12.5269,3,in,31872,98.4
12.5311,3,in,31876,122.4
12.536,3,in,31880,62.6
12.5405,3,in,31884,58.4
12.5452,3,in,31888,109.2
12.5495,3,in,31892,80
12.5539,3,in,31896,121
12.5582,3,in,31900,105.6
12.5629,3,in,31904,122.2
12.5677,3,in,31908,84.8
12.5726,3,in,31912,135
12.5771,3,in,31916,59
12.5812,3,in,31920,113.8
12.5853,3,in,31924,113
12.5894,3,in,31928,85.4
12.5934,3,in,31932,81
12.5972,3,in,31936,60.8
12.6012,3,in,31940,103.6
12.6053,3,in,31944,148.2
12.6091,3,in,31948,43
12.6133,3,in,31952,103.6
12.6171,3,in,31956,82
12.6212,3,in,31960,91.6
12.6257,3,in,31964,75.4
12.6304,3,in,31968,64.6
12.6353,3,in,31972,129.4
12.64,3,in,31976,66.8
12.6443,3,in,31980,45.8
12.649,3,in,31984,139.2
12.6536,3,in,31988,124.8
12.6584,3,in,31992,83.8
12.6625,3,in,31996,103.8
12.6673,3,in,32000,83.2
12.6719,3,in,32004,126.6
12.6767,3,in,32008,95.2
12.6815,3,in,32012,98.4
12.6859,3,in,32016,148.8
12.6904,3,in,32020,97
12.6953,3,in,32024,65.8
12.7,3,in,32028,90.2
12.7043,3,in,32032,71.4
12.7088,3,in,32036,93.8
12.713,3,in,32040,87
12.718,3,in,32044,147
12.7233,3,in,32048,65
12.728,3,in,32052,109.8
12.7328,3,in,32056,79.4
12.7378,3,in,32060,127.4
12.7421,3,in,32064,96
12.7467,3,in,32068,79.6
12.7514,3,in,32072,67.2
12.7561,3,in,32076,89.4
12.7603,3,in,32080,118.6
12.7646,3,in,32084,98.6
12.7687,3,in,32088,104
12.7729,3,in,32092,133
12.7777,3,in,32096,132.6
12.7821,3,in,32100,135.2
12.7865,3,in,32104,142.8
12.7907,3,in,32108,93
12.7949,3,in,32112,135.2
12.799,3,in,32116,114.2
12.8033,3,in,32120,161.8
12.8076,3,in,32124,117.4
12.8121,3,in,32128,128
12.8164,3,in,32132,106.6
12.821,3,in,32136,140.6
12.8257,3,in,32140,191.2
12.8302,3,in,32144,114.8
12.8348,3,in,32148,168
12.8394,3,in,32152,154.8
12.8438,3,in,32156,126.8
12.8477,3,in,32160,130.6
12.8514,3,in,32164,179.4
12.8556,3,in,32168,156
12.8596,3,in,32172,139
12.8633,3,in,32176,150.4
12.8672,3,in,32180,178
12.8712,3,in,32184,184.4
12.8755,3,in,32188,185.6
12.8798,3,in,32192,126.8
12.8835,3,in,32196,153.4
12.8874,3,in,32200,127.8
12.8912,3,in,32204,150.2
12.8948,3,in,32208,130.8
12.8983,3,in,32212,169.8
12.9021,3,in,32216,141.8
12.9058,3,in,32220,118.2
12.9094,3,in,32224,188.8
12.9132,3,in,32228,161.8
12.917,3,in,32232,199.4
12.9213,3,in,32236,182.4
12.9252,3,in,32240,173.4
12.9293,3,in,32244,197.8
12.9334,3,in,32248,248.2
12.9376,3,in,32252,171.8
12.9414,3,in,32256,216.8
12.9457,3,in,32260,253
12.9496,3,in,32264,204.6
12.9536,3,in,32268,204.2
12.9573,3,in,32272,209.4
12.9613,3,in,32276,229.4
12.9651,3,in,32280,233
12.9693,3,in,32284,254
12.9732,3,in,32288,241.2
12.9774,3,in,32292,185.4
12.9814,3,in,32296,247.8
12.9851,3,in,32300,192.6
12.989,3,in,32304,211.8
12.9926,3,in,32308,242
12.9969,3,in,32312,265.8
13.001,3,in,32316,207.8
13.0052,3,in,32320,303.6
13.0096,3,in,32324,276
13.0138,3,in,32328,254.8
13.0182,3,in,32332,279.8
13.0223,3,in,32336,221.2
13.0268,3,in,32340,233
13.0312,3,in,32344,256
13.0354,3,in,32348,315
13.0393,3,in,32352,228.8
13.0437,3,in,32356,223.2
13.048,3,in,32360,256.2
13.0522,3,in,32364,298.4
13.0563,3,in,32368,318
13.0604,3,in,32372,262.6
13.0646,3,in,32376,343.6
13.0686,3,in,32380,266
13.0721,3,in,32384,276.8
13.0762,3,in,32388,259.6
13.0806,3,in,32392,292.4
13.0844,3,in,32396,313.6
13.0882,3,in,32400,276
13.0916,3,in,32404,251.2
13.0955,3,in,32408,260
13.0999,3,in,32412,269.8
13.1047,3,in,32416,289.4
13.109,3,in,32420,314.8
13.1123,3,in,32424,306
13.1154,3,in,32428,325.4
13.1185,3,in,32432,324.4
13.1224,3,in,32436,365.8
13.1262,3,in,32440,379.8
13.1303,3,in,32444,357.4
13.1342,3,in,32448,362
13.1378,3,in,32452,355.4
13.1421,3,in,32456,341.6
13.1458,3,in,32460,369
13.1499,3,in,32464,412.4
13.1539,3,in,32468,408.8
13.1573,3,in,32472,367.8
13.1609,3,in,32476,426.4
13.165,3,in,32480,403.8
13.1687,3,in,32484,400.6
13.1725,3,in,32488,410.6
13.1764,3,in,32492,412.6
13.18,3,in,32496,387
13.184,3,in,32500,452.8
13.1877,3,in,32504,486.4
13.1914,3,in,32508,458.6
13.1954,3,in,32512,445.8
13.1992,3,in,32516,464.6
13.2026,3,in,32520,464.2
13.2065,3,in,32524,432.2
13.2104,3,in,32528,409.6
13.2141,3,in,32532,422.2
13.2181,3,in,32536,469.8
13.2221,3,in,32540,499
13.2257,3,in,32544,484.6
13.2293,3,in,32548,513.2
13.2329,3,in,32552,519.6
13.2365,3,in,32556,563.8
13.2402,3,in,32560,550
13.2438,3,in,32564,502
13.248,3,in,32568,535.4
13.2518,3,in,32572,546.8
13.2559,3,in,32576,535.2
13.2597,3,in,32580,510.6
13.2636,3,in,32584,522.8
13.2677,3,in,32588,523.2
13.2719,3,in,32592,573
13.2764,3,in,32596,583
13.2804,3,in,32600,655.8
13.2838,3,in,32604,677
13.2873,3,in,32608,642.8
13.2912,3,in,32612,758.6
13.2949,3,in,32616,756.8
13.2985,3,in,32620,753
13.302,3,in,32624,744.2
13.3062,3,in,32628,843
13.3104,3,in,32632,764.8
13.3157,3,in,32636,806.8
13.3208,3,in,32640,855.2
13.3257,3,in,32644,785
13.33,3,in,32648,774
13.3346,3,in,32652,838.2
13.3394,3,in,32656,858
13.3441,3,in,32660,768.8
13.3486,3,in,32664,770.4
13.3535,3,in,32668,860.6
13.3586,3,in,32672,981.6
13.3634,3,in,32676,979.6
13.3682,3,in,32680,906.2
13.3731,3,in,32684,1023.6
13.3781,3,out,32680,1094.2
13.3826,3,out,32676,1046
13.3869,3,out,32672,1057.2
13.3912,3,out,32668,1117.6
13.396,3,out,32664,1010.8
13.4004,3,out,32660,1109
13.4046,3,out,32656,1182.2
13.4087,3,out,32652,1000.6
13.413,3,out,32648,1216.2
13.4171,3,out,32644,1241.2
13.4213,3,out,32640,1225
13.4254,3,out,32636,1289.6
13.4298,3,out,32632,1344.6
13.434,3,out,32628,1424.4
13.4382,3,out,32624,1425.2
13.4423,3,out,32620,1414.8
13.4463,3,out,32616,1488
13.4512,3,out,32612,1541.8
13.4555,3,out,32608,1485.8
13.4601,3,out,32604,1483
13.465,3,out,32600,1463.2
13.4696,3,out,32596,1640
13.4739,3,out,32592,1552.4
13.4788,3,out,32588,1684.2
13.4832,3,out,32584,1667.4
13.4877,3,out,32580,1647.6
13.4921,3,out,32576,1618.2
13.4966,3,out,32572,1585
13.5014,3,out,32568,1591
13.5056,3,out,32564,1534
13.5098,3,out,32560,1631.6
13.5143,3,out,32556,1611.6
13.5189,3,out,32552,1593.2
13.5231,3,out,32548,1476
13.5272,3,out,32544,1312.4
13.5318,3,out,32540,1387.6
13.5369,3,out,32536,1363.4
13.541,3,out,32532,1381.8
13.5459,3,out,32528,1721.4
13.5505,3,out,32524,1652.8
13.5548,3,out,32520,1731.4
13.5591,3,out,32516,1761
13.5646,3,out,32512,1639.2
13.5691,3,out,32508,1542.2
13.5743,3,out,32504,1523.6
13.5784,3,out,32500,1507.8
13.5827,3,out,32496,1617.4
13.5874,3,out,32492,1617
13.5922,3,out,32488,1483.6
13.5971,3,out,32484,1550.4
13.6015,3,out,32480,1549.4
13.6067,3,out,32476,1659.4
13.6112,3,out,32472,1681
13.6154,3,out,32468,1647.2
13.6199,3,out,32464,1657.4
13.6245,3,out,32460,1618.8
13.6295,3,out,32456,1667
13.6346,3,out,32452,1607.8
13.6402,3,out,32448,1780
13.6458,3,out,32444,1629.8
13.6506,3,out,32440,1578.6
13.6554,3,out,32436,1533.2
13.6599,3,out,32432,1511.4
13.6647,3,out,32428,1525
13.6693,3,out,32424,1529.6
13.6737,3,out,32420,1628.8
13.6783,3,out,32416,1541
13.6824,3,out,32412,1633.8
13.6864,3,out,32408,1692.4
13.6905,3,out,32404,1609.4
13.6944,3,out,32400,1604.6
13.699,3,out,32396,1642.8
13.7031,3,out,32392,1624.8
13.7079,3,out,32388,1639.4
13.7125,3,out,32384,1581.2
13.7173,3,out,32380,1633.2
13.7215,3,out,32376,1643
13.7257,3,out,32372,1582.6
13.7302,3,out,32368,1613.4
13.7356,3,out,32364,1589.8
13.741,3,out,32360,1552.6
13.7453,3,out,32356,1576.6
13.7504,3,out,32352,1591.8
13.7548,3,out,32348,1572.8
13.7586,3,out,32344,1555
13.7623,3,out,32340,1532
13.766,3,out,32336,1632.8
13.7703,3,out,32332,1630.8
13.7743,3,out,32328,1657.4
13.7789,3,out,32324,1679.4
13.7835,3,out,32320,1641
13.7896,3,out,32316,1712
13.7943,3,out,32312,1633.8
13.7987,3,out,32308,1647
13.8022,3,out,32304,1660.8
13.8062,3,out,32300,1684.6
13.8102,3,out,32296,1743.6
13.8143,3,out,32292,1694.4
13.819,3,out,32288,1683.8
13.8252,3,out,32284,1674.4
13.8302,3,out,32280,1683.2
13.8349,3,out,32276,1753.8
13.8391,3,out,32272,1738.6
13.8433,3,out,32268,1673.8
13.8474,3,out,32264,1665.6
13.8513,3,out,32260,1713.4
13.8554,3,out,32256,1636.2
13.8599,3,out,32252,1697.8
13.8639,3,out,32248,1770.8
13.8678,3,out,32244,1713.2
13.8717,3,out,32240,1666.6
13.8758,3,out,32236,1745.4
13.8802,3,out,32232,1717.2
13.8848,3,out,32228,1698.6
13.8894,3,out,32224,1597.2
13.8937,3,out,32220,1853
13.898,3,out,32216,1748.4
13.9025,3,out,32212,1854
13.9068,3,out,32208,1628.4
13.9112,3,out,32204,1684.6
13.9158,3,out,32200,2243.8
13.9207,3,out,32196,2277
13.9259,3,out,32192,1781
13.9318,3,out,32188,1828
13.9371,3,out,32184,1779.4
13.9423,3,out,32180,1693
13.9477,3,out,32176,1792.6
13.9523,3,out,32172,1773.8
13.9567,3,out,32168,1735.6
13.9613,3,out,32164,1756.8
13.9662,3,out,32160,1767.8
13.9708,3,out,32156,1694.2
13.9758,3,out,32152,1717.6
13.9808,3,out,32148,1711.8
13.9858,3,out,32144,1755
13.9906,3,out,32140,1740.8
13.9953,3,out,32136,1689
14.0002,3,out,32132,1749.8
14.0051,3,out,32128,1756.4
14.01,3,out,32124,1642
14.0148,3,out,32120,1645.4
14.0198,3,out,32116,1562.6
14.0249,3,out,32112,1609.8
14.0298,3,out,32108,1567.2
14.0345,3,out,32104,1588.2
14.0394,3,out,32100,1597.8
14.0437,3,out,32096,1579.2
14.0481,3,out,32092,1562.4
14.053,3,out,32088,1538.8
14.0586,3,out,32084,1547.2
14.0632,3,out2,32034,1540.2
14.0679,3,out2,31984,1568.8
14.0727,3,out2,31934,1496.4
14.0778,3,out2,31884,1491.2
14.0825,3,out2,31834,1516
14.0871,3,out2,31784,1518
14.0917,3,out2,31734,1468.2
14.096,3,out2,31684,1650.2
14.101,3,out2,31634,1410.6
14.1054,3,out2,31584,1409.4
14.1103,3,out2,31534,1340.2
14.1154,3,out2,31484,1467.4
14.1198,3,out2,31434,1426.6
14.1244,3,out2,31384,1360
14.1295,3,out2,31334,1519.2
14.1341,3,out2,31284,2110
14.1385,3,out2,31234,1788
14.1428,3,out2,31184,1591.8
14.1474,3,out2,31134,1474
14.1521,3,out2,31084,1444.4
14.1574,3,out2,31034,1535.6
14.1625,3,out2,30984,1338.4
14.1674,3,out2,30934,1333.8
14.1726,3,out2,30884,1410.8
14.1783,3,out2,30834,1172.4
14.1833,3,out2,30784,1105.4
14.1882,3,out2,30734,1000.2
14.1936,3,out2,30684,738.2
14.1987,3,out2,30634,716
14.2031,3,out2,30584,598.2
14.2076,3,out2,30534,479.2
14.2123,3,out2,30484,306.4
14.2176,3,out2,30434,181.8
14.2225,3,out2,30384,141.2
14.2274,4,in,30384,77.2
14.2319,4,in,30388,102.6
14.2365,4,in,30392,75.2
14.2409,4,in,30396,35.4
14.2457,4,in,30400,75
14.2507,4,in,30404,73.6
14.2563,4,in,30408,21.6
14.2611,4,in,30412,20.2
14.2659,4,in,30416,75.2
14.2706,4,in,30420,52.2
14.2755,4,in,30424,33.6
14.2806,4,in,30428,75
14.285,4,in,30432,54.2
14.2901,4,in,30436,71.8
14.2945,4,in,30440,19
14.2993,4,in,30444,52
14.3044,4,in,30448,29.2
14.3103,4,in,30452,30.4
14.3153,4,in,30456,74.4
14.3203,4,in,30460,16.8
14.3246,4,in,30464,35.6
14.329,4,in,30468,35.2
14.3339,4,in,30472,48
14.3384,4,in,30476,51.4
14.3427,4,in,30480,77
14.3473,4,in,30484,41.2
14.3517,4,in,30488,61.6
14.3561,4,in,30492,20
14.3611,4,in,30496,44
14.3659,4,in,30500,41.8
14.3702,4,in,30504,68
14.3745,4,in,30508,28.8
14.3789,4,in,30512,15
14.384,4,in,30516,43.2
14.3891,4,in,30520,29.4
14.3938,4,in,30524,29.4
14.3989,4,in,30528,70.2
14.4036,4,in,30532,54.4
14.4084,4,in,30536,15.8
14.4134,4,in,30540,65.4
14.418,4,in,30544,47
14.4229,4,in,30548,19.2
14.4277,4,in,30552,3.8
14.4326,4,in,30556,31.6
14.4381,4,in,30560,28.6
14.4429,4,in,30564,27.4
14.4476,4,in,30568,20.2
14.4519,4,in,30572,54.4
14.4567,4,in,30576,42.2
14.4616,4,in,30580,11.2
14.4663,4,in,30584,47.6
14.4717,4,in,30588,56
14.4764,4,in,30592,40.8
14.4808,4,in,30596,21.8
14.4854,4,in,30600,48.4
14.4905,4,in,30604,65
14.4949,4,in,30608,45.8
14.4999,4,in,30612,44.6
14.5044,4,in,30616,29
14.5098,4,in,30620,48
14.5146,4,in,30624,57.6
14.5195,4,in,30628,25.4
14.5239,4,in,30632,45
14.5287,4,in,30636,78.8
14.5337,4,in,30640,71.4
14.539,4,in,30644,19.6
14.5438,4,in,30648,19.2
14.5484,4,in,30652,34.2
14.5533,4,in,30656,38.8
14.5586,4,in,30660,32
14.5634,4,in,30664,48.6
14.5681,4,in,30668,49.6
14.5729,4,in,30672,9.2
14.5775,4,in,30676,-27
14.5823,4,in,30680,20.2
14.587,4,in,30684,42.2
14.5922,4,in,30688,52.4
14.5976,4,in,30692,47.2
14.6028,4,in,30696,47.4
14.6071,4,in,30700,9.4
14.6116,4,in,30704,29.4
14.6165,4,in,30708,91.8
14.621,4,in,30712,18.2
14.6258,4,in,30716,13.8
14.6302,4,in,30720,40.2
14.6348,4,in,30724,42
14.6399,4,in,30728,53.8
14.6443,4,in,30732,18.4
14.6489,4,in,30736,31.4
14.6538,4,in,30740,41.8
14.6581,4,in,30744,23.8
14.6629,4,in,30748,12.2
14.6681,4,in,30752,64.8
14.6727,4,in,30756,27.6
14.6773,4,in,30760,30.6
14.6819,4,in,30764,70.4
14.6865,4,in,30768,40.6
14.6908,4,in,30772,23.8
14.6948,4,in,30776,71.6
14.6989,4,in,30780,73
14.703,4,in,30784,56.8
14.7073,4,in,30788,21.2
14.7113,4,in,30792,63.4
14.7158,4,in,30796,34.4
14.721,4,in,30800,21.6
14.7262,4,in,30804,11.4
14.7314,4,in,30808,24.4
14.7363,4,in,30812,56.8
14.7407,4,in,30816,36.2
14.7454,4,in,30820,27.4
14.7504,4,in,30824,63
14.7553,4,in,30828,52.6
14.7597,4,in,30832,-12.8
14.764,4,in,30836,-13
14.7681,4,in,30840,50
14.7721,4,in,30844,62.2
14.7764,4,in,30848,25.4
14.7806,4,in,30852,61
14.785,4,in,30856,36.6
14.7895,4,in,30860,61.8
14.7941,4,in,30864,33.6
14.7986,4,in,30868,69.8
14.803,4,in,30872,64.6
14.8073,4,in,30876,5.2
14.8119,4,in,30880,76.8
14.8161,4,in,30884,100
14.8202,4,in,30888,73
14.8246,4,in,30892,30.6
14.8291,4,in,30896,50.6
14.8338,4,in,30900,13
14.8379,4,in,30904,76.8
14.8424,4,in,30908,26
14.8467,4,in,30912,31.2
14.851,4,in,30916,39.4
14.8552,4,in,30920,61.2
14.8597,4,in,30924,15.4
14.8642,4,in,30928,-1
14.8691,4,in,30932,37.8
14.8733,4,in,30936,40.2
14.8773,4,in,30940,60.6
14.8815,4,in,30944,20.2
14.8857,4,in,30948,81.2
14.8899,4,in,30952,71.2
14.8941,4,in,30956,-5.2
14.8985,4,in,30960,71.4
14.9031,4,in,30964,37.6
14.9073,4,in,30968,45.8
14.9118,4,in,30972,0
14.9163,4,in,30976,59.8
14.9209,4,in,30980,68.6
14.9256,4,in,30984,37.6
14.9305,4,in,30988,58.6
14.935,4,in,30992,102.4
14.9423,4,in,30996,73.6
14.9469,4,in,31000,66
14.9516,4,in,31004,11.4
14.9563,4,in,31008,71.2
14.9609,4,in,31012,42.8
14.9659,4,in,31016,52
14.9712,4,in,31020,50.6
14.9763,4,in,31024,38
14.981,4,in,31028,56.2
14.9858,4,in,31032,85.2
14.9908,4,in,31036,68.8
14.9956,4,in,31040,40.6
15.0006,4,in,31044,42
15.0055,4,in,31048,50.2
15.0103,4,in,31052,46.2
15.0148,4,in,31056,45.2
15.0192,4,in,31060,25.8
15.0243,4,in,31064,48.4
15.0296,4,in,31068,55
15.0346,4,in,31072,88.6
15.0394,4,in,31076,42
15.0439,4,in,31080,60.8
15.0493,4,in,31084,104
15.0539,4,in,31088,24.8
15.0585,4,in,31092,122.2
15.0629,4,in,31096,82.4
15.0676,4,in,31100,45.8
15.0726,4,in,31104,81.4
15.0771,4,in,31108,45
15.0821,4,in,31112,45.4
15.087,4,in,31116,43
15.0916,4,in,31120,69.6
15.0962,4,in,31124,93.4
15.1009,4,in,31128,57.6
15.1059,4,in,31132,7.2
15.1106,4,in,31136,50.4
15.1155,4,in,31140,84.4
15.1198,4,in,31144,62.4
15.1241,4,in,31148,76.8
15.1286,4,in,31152,37.6
15.133,4,in,31156,91.8
15.1383,4,in,31160,47.6
15.1426,4,in,31164,51.6
15.1474,4,in,31168,68.8
15.1522,4,in,31172,84.6
15.1571,4,in,31176,49.8
15.1615,4,in,31180,111.8
15.1663,4,in,31184,97
15.1718,4,in,31188,57
15.1766,4,in,31192,16.4
15.1814,4,in,31196,54.6
15.1862,4,in,31200,73.2
15.1921,4,in,31204,59.2
15.197,4,in,31208,74.8
15.2018,4,in,31212,89.8
15.2064,4,in,31216,62.6
15.2114,4,in,31220,46.4
15.2168,4,in,31224,97.4
15.2216,4,in,31228,70
15.2262,4,in,31232,83.4
15.2311,4,in,31236,74.4
15.2351,4,in,31240,145.6
15.2394,4,in,31244,38.2
15.245,4,in,31248,43.6
15.249,4,in,31252,52.2
15.2529,4,in,31256,102.4
15.2573,4,in,31260,46
15.2625,4,in,31264,45.6
15.267,4,in,31268,89.4
15.2709,4,in,31272,13.8
15.2753,4,in,31276,46.8
15.2802,4,in,31280,85
15.2846,4,in,31284,90
15.2897,4,in,31288,67.8
15.2939,4,in,31292,5.8
15.2982,4,in,31296,71.2
15.3024,4,in,31300,88.8
15.3068,4,in,31304,50.2
15.311,4,in,31308,100.2
15.3157,4,in,31312,120.2
15.3202,4,in,31316,25.6
15.3245,4,in,31320,93.2
15.3284,4,in,31324,116.2
15.3326,4,in,31328,87.4
15.3371,4,in,31332,139.8
15.3414,4,in,31336,101.8
15.3451,4,in,31340,108
15.3496,4,in,31344,57.6
15.3548,4,in,31348,99.6
15.3587,4,in,31352,59
15.3627,4,in,31356,103.4
15.3672,4,in,31360,122.2
15.3718,4,in,31364,98.4
15.3757,4,in,31368,78.2
15.3806,4,in,31372,102.8
15.3847,4,in,31376,144.4
15.3898,4,in,31380,59.8
15.3941,4,in,31384,54.4
15.3988,4,in,31388,71.6
15.4033,4,in,31392,79.2
15.4079,4,in,31396,135.2
15.4122,4,in,31400,53.4
15.4163,4,in,31404,57.8
15.421,4,in,31408,88.2
15.4257,4,in,31412,59.6
15.4302,4,in,31416,116.2
15.4348,4,in,31420,136.4
15.4388,4,in,31424,96.6
15.4433,4,in,31428,98.8
15.4474,4,in,31432,76.8
15.4511,4,in,31436,88.8
15.455,4,in,31440,40.4
15.4598,4,in,31444,46.4
15.4642,4,in,31448,69.2
15.4684,4,in,31452,69.2
15.4723,4,in,31456,92
15.4768,4,in,31460,103.6
15.4814,4,in,31464,63.6
15.4857,4,in,31468,121.4
15.4898,4,in,31472,101.6
15.4944,4,in,31476,72
15.4984,4,in,31480,73.4
15.5025,4,in,31484,76.2
15.5066,4,in,31488,59.8
15.5107,4,in,31492,71.6
15.5153,4,in,31496,122.2
15.5198,4,in,31500,71.6
15.5243,4,in,31504,98.8
15.5293,4,in,31508,116.4
15.5333,4,in,31512,63
15.5377,4,in,31516,113.8
15.542,4,in,31520,82.6
15.5459,4,in,31524,88.6
15.5506,4,in,31528,70.4
15.5549,4,in,31532,73.4
15.5589,4,in,31536,74.8
15.5628,4,in,31540,53.2
15.5672,4,in,31544,83.6
15.5713,4,in,31548,84.8
15.5756,4,in,31552,112.4
15.5796,4,in,31556,61.6
15.5845,4,in,31560,120.2
15.5889,4,in,31564,124.6
15.5928,4,in,31568,51.6
15.5974,4,in,31572,68.4
15.6028,4,in,31576,62.2
15.6077,4,in,31580,100.6
15.6118,4,in,31584,77.6
15.6162,4,in,31588,119.8
15.6217,4,in,31592,148.4
15.6259,4,in,31596,126.6
15.6298,4,in,31600,63.4
15.634,4,in,31604,128.4
15.639,4,in,31608,96
15.6429,4,in,31612,131
15.6471,4,in,31616,129.4
15.6512,4,in,31620,141.4
15.6565,4,in,31624,123.6
15.6604,4,in,31628,127.4
15.6648,4,in,31632,85.4
15.6693,4,in,31636,73.8
15.6742,4,in,31640,100.4
15.6783,4,in,31644,64.2
15.6827,4,in,31648,100.6
15.687,4,in,31652,148.2
15.6919,4,in,31656,107.4
15.6964,4,in,31660,77.4
15.7008,4,in,31664,70.4
15.7051,4,in,31668,127.2
15.7104,4,in,31672,81.6
15.7151,4,in,31676,124.2
15.7199,4,in,31680,118.4
15.7246,4,in,31684,148.8
15.7293,4,in,31688,127.2
15.7343,4,in,31692,127
15.7392,4,in,31696,140.8
15.7439,4,in,31700,137.2
15.7485,4,in,31704,118.2
15.7526,4,in,31708,131.6
15.7567,4,in,31712,114.8
15.7611,4,in,31716,94.6
15.7645,4,in,31720,117.6
15.7678,4,in,31724,142
15.7716,4,in,31728,105
15.7753,4,in,31732,126.8
15.779,4,in,31736,106
15.7831,4,in,31740,96.4
15.7867,4,in,31744,77.2
15.7905,4,in,31748,72.6
15.7943,4,in,31752,114.8
15.7986,4,in,31756,90
15.8028,4,in,31760,84.2
15.8069,4,in,31764,133
15.811,4,in,31768,84.8
15.8148,4,in,31772,94.2
15.8185,4,in,31776,99.6
15.8225,4,in,31780,122.2
15.8268,4,in,31784,92.4
15.8306,4,in,31788,132.2
15.8358,4,in,31792,113
15.8401,4,in,31796,146
15.8443,4,in,31800,52.6
15.8481,4,in,31804,168
15.8526,4,in,31808,155
15.8566,4,in,31812,140.2
15.8605,4,in,31816,133.6
15.8644,4,in,31820,135.6
15.8685,4,in,31824,103.8
15.873,4,in,31828,118
15.8768,4,in,31832,104.2
15.8807,4,in,31836,94.6
15.8849,4,in,31840,158.8
15.8892,4,in,31844,109.4
15.893,4,in,31848,116.4
15.8968,4,in,31852,169.8
15.901,4,in,31856,144.8
15.906,4,in,31860,123.4
15.9105,4,in,31864,106.4
15.9139,4,in,31868,145.8
15.9181,4,in,31872,141.6
15.9222,4,in,31876,151.4
15.9269,4,in,31880,137.8
15.9315,4,in,31884,153.4
15.9357,4,in,31888,109.6
15.9399,4,in,31892,113.4
15.9442,4,in,31896,123.2
15.9484,4,in,31900,127.8
15.9525,4,in,31904,149
15.9567,4,in,31908,187
15.962,4,in,31912,117.4
15.9658,4,in,31916,82.8
15.9698,4,in,31920,145.4
15.9738,4,in,31924,154
15.979,4,in,31928,111.4
15.9829,4,in,31932,174
15.9868,4,in,31936,125
15.9909,4,in,31940,120.2
15.996,4,in,31944,137.2
16.0001,4,in,31948,176.4
16.0044,4,in,31952,141
16.0094,4,in,31956,125.8
16.0139,4,in,31960,130
16.019,4,in,31964,110
16.0237,4,in,31968,124.6
16.0283,4,in,31972,173.4
16.0334,4,in,31976,109
16.0378,4,in,31980,142.6
16.0424,4,in,31984,123.4
16.0467,4,in,31988,125.6
16.0517,4,in,31992,160.8
16.0561,4,in,31996,117.6
16.06,4,in,32000,126.8
16.064,4,in,32004,174.4
16.0691,4,in,32008,118.2
16.0735,4,in,32012,156.4
16.0776,4,in,32016,97.6
16.0817,4,in,32020,120.4
16.0861,4,in,32024,119.6
16.0904,4,in,32028,115.4
16.0948,4,in,32032,132.8
16.0993,4,in,32036,160.8
16.1044,4,in,32040,129.6
16.1089,4,in,32044,160.4
16.1134,4,in,32048,159.6
16.119,4,in,32052,172
16.1241,4,in,32056,134
16.1285,4,in,32060,76.4
16.1326,4,in,32064,139.2
16.1365,4,in,32068,100
16.1415,4,in,32072,111.4
16.1456,4,in,32076,132.2
16.1499,4,in,32080,174.6
16.1542,4,in,32084,157.2
16.16,4,in,32088,124.4
16.1643,4,in,32092,144.4
16.1686,4,in,32096,210
16.1727,4,in,32100,162.6
16.1771,4,in,32104,160.4
16.1815,4,in,32108,147.4
16.1851,4,in,32112,173
16.1888,4,in,32116,172.6
16.1929,4,in,32120,133.4
16.198,4,in,32124,153.8
16.2023,4,in,32128,190.2
16.2066,4,in,32132,200.4
16.212,4,in,32136,176.6
16.2161,4,in,32140,161.8
16.2201,4,in,32144,179.4
16.2243,4,in,32148,246.2
16.229,4,in,32152,240.2
16.2338,4,in,32156,163.4
16.2389,4,in,32160,210.8
16.2434,4,in,32164,176.4
16.2487,4,in,32168,230.4
16.2537,4,in,32172,176.6
16.2588,4,in,32176,185.6
16.2635,4,in,32180,221
16.2686,4,in,32184,224.6
16.2733,4,in,32188,279.4
16.2783,4,in,32192,226.4
16.283,4,in,32196,324.4
16.2881,4,in,32200,179.8
16.2928,4,in,32204,224.2
16.298,4,in,32208,212.6
16.3033,4,in,32212,168
16.3082,4,in,32216,212.4
16.3127,4,in,32220,247.2
16.3173,4,in,32224,229.6
16.3217,4,in,32228,235
16.3265,4,in,32232,241
16.3316,4,in,32236,237.8
16.3366,4,in,32240,240.6
16.3413,4,in,32244,192.2
16.346,4,in,32248,275.6
16.3509,4,in,32252,327.8
16.3558,4,in,32256,315.2
16.3605,4,in,32260,274.6
16.3646,4,in,32264,258.6
16.3688,4,in,32268,377.6
16.3728,4,in,32272,327.4
16.3778,4,in,32276,284.4
16.3819,4,in,32280,313.2
16.3863,4,in,32284,311.6
16.3907,4,in,32288,415
16.3957,4,in,32292,307.4
16.4001,4,in,32296,401.4
16.4041,4,in,32300,354.4
16.4083,4,in,32304,367.8
16.4137,4,in,32308,369
16.4177,4,in,32312,390.8
16.422,4,in,32316,379.8
16.4262,4,in,32320,339.6
16.4309,4,in,32324,282
16.4351,4,in,32328,303
16.4393,4,in,32332,283.2
16.4438,4,in,32336,430.4
16.4487,4,in,32340,303.8
16.4525,4,in,32344,279.4
16.4568,4,in,32348,291
16.4613,4,in,32352,321.2
16.4669,4,in,32356,342.6
16.471,4,in,32360,346.2
16.4755,4,in,32364,320.8
16.4798,4,in,32368,426.6
16.4848,4,in,32372,382.8
16.4894,4,in,32376,362.6
16.4936,4,in,32380,320.6
16.4978,4,in,32384,385.2
16.5028,4,in,32388,268.4
16.5072,4,in,32392,325.6
16.5117,4,in,32396,331.6
16.5161,4,in,32400,371.4
16.5208,4,in,32404,392.2
16.5253,4,in,32408,329.6
16.5295,4,in,32412,391.6
16.5345,4,in,32416,370.8
16.5404,4,in,32420,409.6
16.5451,4,in,32424,378.2
16.5502,4,in,32428,405.8
16.5558,4,in,32432,378.6
16.5606,4,in,32436,392.8
16.565,4,in,32440,366.2
16.5698,4,in,32444,403.2
16.5745,4,in,32448,421.6
16.5792,4,in,32452,397.6
16.5846,4,in,32456,546
16.5892,4,in,32460,378.6
16.5941,4,in,32464,490
16.5992,4,in,32468,321.2
16.6037,4,in,32472,450
16.6083,4,in,32476,472.6
16.614,4,in,32480,505.4
16.6187,4,in,32484,473
16.6235,4,in,32488,439.6
16.6283,4,in,32492,446.4
16.6329,4,in,32496,438.8
16.6378,4,in,32500,371.4
16.6427,4,in,32504,449.2
16.6476,4,in,32508,505.2
16.6523,4,in,32512,549.2
16.6568,4,in,32516,517.2
16.6619,4,in,32520,526.2
16.6662,4,in,32524,557.2
16.6706,4,in,32528,575.8
16.6755,4,in,32532,554.8
16.6806,4,in,32536,591
16.6847,4,in,32540,567.4
16.6888,4,in,32544,521.2
16.6923,4,in,32548,595.6
16.696,4,in,32552,598.8
16.7002,4,in,32556,581.8
16.7038,4,in,32560,620.6
16.7076,4,in,32564,615.6
16.7114,4,in,32568,628
16.7155,4,in,32572,744.8
16.7197,4,in,32576,651.8
16.7237,4,in,32580,636
16.728,4,in,32584,565.6
16.7325,4,in,32588,688.8
16.7374,4,in,32592,691.6
16.7419,4,in,32596,742.4
16.7458,4,in,32600,782.8
16.7494,4,in,32604,740.4
16.7533,4,in,32608,689.6
16.7572,4,in,32612,709.8
16.7612,4,in,32616,602.8
16.7656,4,in,32620,579.6
16.7694,4,in,32624,660
16.774,4,in,32628,625
16.7782,4,in,32632,632.8
16.7826,4,in,32636,676.6
16.7874,4,in,32640,612.4
16.7918,4,in,32644,628.8
16.796,4,in,32648,698.4
16.8003,4,in,32652,655.4
16.8043,4,in,32656,676.4
16.8085,4,in,32660,693.8
16.8121,4,in,32664,734.4
16.8162,4,in,32668,705.6
16.8202,4,in,32672,701.2
16.8244,4,in,32676,673.8
16.8285,4,in,32680,732
16.8327,4,in,32684,787.2
16.8367,4,in,32688,800.2
16.8406,4,in,32692,884.6
16.8453,4,in,32696,1066
16.8498,4,out,32692,1031.6
16.8537,4,out,32688,1029.6
16.8578,4,out,32684,1217.8
16.863,4,out,32680,1363.4
16.8675,4,out,32676,1144.2
16.8718,4,out,32672,1116.6
16.8761,4,out,32668,1205.6
16.881,4,out,32664,1101.4
16.8852,4,out,32660,1106.4
16.8893,4,out,32656,1153
16.8936,4,out,32652,1087.8
16.8985,4,out,32648,977.8
16.9027,4,out,32644,971
16.9067,4,out,32640,996.8
16.9105,4,out,32636,1041.6
16.9146,4,out,32632,1120.6
16.9191,4,out,32628,1054.2
16.9232,4,out,32624,1020.2
16.9275,4,out,32620,1052
16.9323,4,out,32616,1147
16.9369,4,out,32612,1133
16.9411,4,out,32608,1200
16.9452,4,out,32604,1140.4
16.9496,4,out,32600,1116.4
16.954,4,out,32596,1080
16.9581,4,out,32592,1108.2
16.9625,4,out,32588,1155.6
16.9671,4,out,32584,1214.4
16.9713,4,out,32580,1134.8
16.9756,4,out,32576,1142.2
16.9795,4,out,32572,1132
16.9836,4,out,32568,1154.4
16.988,4,out,32564,1122.4
16.992,4,out,32560,1145.2
16.996,4,out,32556,1170.2
17.0001,4,out,32552,1108.4
17.005,4,out,32548,1232.8
17.0091,4,out,32544,1208.4
17.0134,4,out,32540,1175.6
17.0178,4,out,32536,1291.6
17.0225,4,out,32532,1189.8
17.0272,4,out,32528,1207.2
17.0317,4,out,32524,1204.4
17.0363,4,out,32520,1212.8
17.0406,4,out,32516,1202.6
17.0447,4,out,32512,1234.4
17.0489,4,out,32508,1223
17.0532,4,out,32504,1200
17.0576,4,out,32500,1280.6
17.0616,4,out,32496,1324.4
17.0658,4,out,32492,1371.4
17.07,4,out,32488,1242.4
17.0754,4,out,32484,1216.8
17.0793,4,out,32480,1223.2
17.0834,4,out,32476,1134.4
17.0876,4,out,32472,1129.8
17.0921,4,out,32468,1165.6
17.0964,4,out,32464,1166.4
17.1008,4,out,32460,1246
17.105,4,out,32456,1243.8
17.1098,4,out,32452,1327.2
17.1145,4,out,32448,1239
17.1187,4,out,32444,1124.8
17.1229,4,out,32440,1077.4
17.1272,4,out,32436,1054.4
17.1314,4,out,32432,1258.4
17.1353,4,out,32428,1348.4
17.1399,4,out,32424,1256.2
17.1439,4,out,32420,1298.4
17.1481,4,out,32416,1072.2
17.1525,4,out,32412,1137.4
17.1569,4,out,32408,1125.6
17.1611,4,out,32404,1108.2
17.1652,4,out,32400,1105.4
17.1692,4,out,32396,1151.4
17.1734,4,out,32392,1048.6
17.1775,4,out,32388,1123.6
17.1818,4,out,32384,1094.4
17.1859,4,out,32380,1079
17.1901,4,out,32376,1075.2
17.195,4,out,32372,1085.2
17.2001,4,out,32368,1121.8
17.2042,4,out,32364,1067
17.2083,4,out,32360,1098
17.2125,4,out,32356,1174
17.2174,4,out,32352,1094.4
17.2216,4,out,32348,1149.2
17.226,4,out,32344,1141.8
17.2304,4,out,32340,1117.2
17.2351,4,out,32336,1073.8
17.2394,4,out,32332,1008.8
17.2437,4,out,32328,1073
17.2479,4,out,32324,1138.2
17.2523,4,out,32320,1029.2
17.2568,4,out,32316,1088.4
17.2612,4,out,32312,1020.6
17.2655,4,out,32308,1108.2
17.2712,4,out,32304,1120
17.2758,4,out,32300,1063.2
17.2799,4,out,32296,1050.8
17.284,4,out,32292,1089.2
17.2883,4,out,32288,1087.8
17.2928,4,out,32284,1012.4
17.2969,4,out,32280,1135.8
17.3012,4,out,32276,1143.6
17.3056,4,out,32272,1112.8
17.3099,4,out,32268,1106
17.314,4,out,32264,1120
17.3184,4,out,32260,1049.8
17.3233,4,out,32256,1051.4
17.3275,4,out,32252,1067
17.3319,4,out,32248,1174.6
17.3362,4,out,32244,1117.6
17.3414,4,out,32240,1110.2
17.3457,4,out,32236,1136.6
17.3503,4,out,32232,1152.4
17.3548,4,out,32228,1033.6
17.3597,4,out,32224,1069.6
17.3637,4,out,32220,1099.8
17.3678,4,out,32216,1244.8
17.3725,4,out,32212,1246.6
17.3768,4,out,32208,1184.4
17.3813,4,out,32204,1279.2
17.3857,4,out,32200,1127.2
17.3899,4,out,32196,1145.4
17.3949,4,out,32192,1214.8
17.3991,4,out,32188,1245.2
17.4033,4,out,32184,1132.8
17.4077,4,out,32180,1224.4
17.4132,4,out,32176,1219.8
17.4178,4,out,32172,1242.8
17.4219,4,out,32168,1212
17.4263,4,out,32164,1191.4
17.4312,4,out,32160,1228.8
17.4353,4,out,32156,1167.8
17.4394,4,out,32152,1166
17.4441,4,out,32148,1147.6
17.4488,4,out,32144,1186.6
17.453,4,out,32140,1235.2
17.4576,4,out,32136,1151.8
17.462,4,out,32132,1148.8
17.4665,4,out,32128,1150
17.4709,4,out,32124,1128.4
17.4756,4,out,32120,1158.4
17.4797,4,out,32116,1152
17.4846,4,out,32112,1207.6
17.4891,4,out,32108,1123.6
17.4932,4,out,32104,1100.4
17.4974,4,out,32100,1133.4
17.503,4,out,32096,1075.6
17.5073,4,out2,32046,1164
17.5113,4,out2,31996,1168.4
17.5154,4,out2,31946,1276.4
17.5206,4,out2,31896,1224.6
17.525,4,out2,31846,1110
17.529,4,out2,31796,1009.8
17.5334,4,out2,31746,1037.4
17.5382,4,out2,31696,1069.6
17.5423,4,out2,31646,1019
17.5467,4,out2,31596,1126.2
17.5512,4,out2,31546,1039.4
17.5564,4,out2,31496,1055.8
17.5606,4,out2,31446,1076.4
17.5649,4,out2,31396,1035.2
17.5693,4,out2,31346,1074.8
17.5744,4,out2,31296,1051.8
17.5787,4,out2,31246,1007.2
17.5833,4,out2,31196,1088.8
17.5873,4,out2,31146,1148.6
17.5923,4,out2,31096,901.4
17.5968,4,out2,31046,890.2
17.6011,4,out2,30996,826
17.6054,4,out2,30946,695
17.6104,4,out2,30896,613
17.6146,4,out2,30846,670.4
17.6188,4,out2,30796,683.2
17.6229,4,out2,30746,359.4
17.6277,4,out2,30696,481.8
17.6321,4,out2,30646,308.2
17.6364,4,out2,30596,322.2
17.6404,4,out2,30546,278
17.6455,4,out2,30496,157.2
17.6497,4,out2,30446,76.8
17.654,5,in,30446,96
17.6583,5,in,30450,51.8
17.6629,5,in,30454,98
17.667,5,in,30458,74.6
17.6722,5,in,30462,67.2
17.6762,5,in,30466,16
17.6813,5,in,30470,107.6
17.6856,5,in,30474,45.8
17.6891,5,in,30478,73.2
17.6929,5,in,30482,4.8
17.6968,5,in,30486,73.2
17.7005,5,in,30490,59.4
17.7045,5,in,30494,42.4
17.7088,5,in,30498,70.2
17.7125,5,in,30502,50.4
17.7166,5,in,30506,89.8
17.7211,5,in,30510,22
17.7251,5,in,30514,35
17.7291,5,in,30518,34.2
17.7332,5,in,30522,11.2
17.7375,5,in,30526,28.4
17.742,5,in,30530,77.4
17.7465,5,in,30534,7.4
17.751,5,in,30538,75.2
17.7551,5,in,30542,48.8
17.7589,5,in,30546,46.2
17.7624,5,in,30550,59.8
17.7661,5,in,30554,65.2
17.7703,5,in,30558,87.6
17.7742,5,in,30562,44.2
17.7785,5,in,30566,70.2
17.7824,5,in,30570,53.4
17.7865,5,in,30574,54.8
17.7909,5,in,30578,32.2
17.7957,5,in,30582,29.4
17.8002,5,in,30586,29
17.8047,5,in,30590,76.6
17.8094,5,in,30594,-14.6
17.8136,5,in,30598,55.4
17.8183,5,in,30602,47.4
17.8229,5,in,30606,19.8
17.8274,5,in,30610,31.2
17.832,5,in,30614,85.2
17.8365,5,in,30618,112.4
17.8406,5,in,30622,93
17.845,5,in,30626,29.4
17.8493,5,in,30630,49.6
17.8538,5,in,30634,78
17.8581,5,in,30638,86.2
17.8623,5,in,30642,96.2
17.8667,5,in,30646,88.2
17.8708,5,in,30650,58.8
17.875,5,in,30654,55.4
17.8791,5,in,30658,52
17.8827,5,in,30662,87
17.8871,5,in,30666,22.8
17.8912,5,in,30670,68
17.8957,5,in,30674,62
17.8998,5,in,30678,25.2
17.9039,5,in,30682,11.6
17.9083,5,in,30686,6.6
17.9123,5,in,30690,46.2
17.9165,5,in,30694,55.6
17.9208,5,in,30698,45
17.9251,5,in,30702,32.4
17.9296,5,in,30706,44.4
17.9338,5,in,30710,68.2
17.9382,5,in,30714,82.6
17.942,5,in,30718,52.4
17.9461,5,in,30722,64
17.9508,5,in,30726,56
17.9547,5,in,30730,43
17.9589,5,in,30734,-21
17.9629,5,in,30738,59
17.9677,5,in,30742,17.2
17.9721,5,in,30746,59
17.9765,5,in,30750,77.6
17.9808,5,in,30754,54.2
17.9856,5,in,30758,91
17.9905,5,in,30762,72
17.9944,5,in,30766,75.8
17.9986,5,in,30770,85
18.0034,5,in,30774,60
18.0079,5,in,30778,48.2
18.0124,5,in,30782,80.4
18.0169,5,in,30786,57
18.0214,5,in,30790,107.4
18.0255,5,in,30794,64.2
18.0294,5,in,30798,45.4
18.0333,5,in,30802,19.2
18.0375,5,in,30806,29
18.0423,5,in,30810,67.6
18.0466,5,in,30814,46
18.0509,5,in,30818,82.6
18.0551,5,in,30822,50.8
18.0597,5,in,30826,73.8
18.0635,5,in,30830,75.4
18.0676,5,in,30834,71.8
18.0717,5,in,30838,64.8
18.0765,5,in,30842,92.8
18.081,5,in,30846,98
18.085,5,in,30850,81
18.0893,5,in,30854,97
18.0936,5,in,30858,21.2
18.0979,5,in,30862,158.8
18.1023,5,in,30866,44
18.1068,5,in,30870,104
18.1107,5,in,30874,34.2
18.1148,5,in,30878,84.8
18.119,5,in,30882,47.4
18.1232,5,in,30886,54
18.1273,5,in,30890,55.8
18.1313,5,in,30894,94.8
18.1352,5,in,30898,83.2
18.1394,5,in,30902,66.4
18.1435,5,in,30906,60.6
18.1476,5,in,30910,121
18.1527,5,in,30914,106.6
18.1567,5,in,30918,83.4
18.1608,5,in,30922,69
18.1652,5,in,30926,110.6
18.1694,5,in,30930,72.2
18.1735,5,in,30934,63.4
18.1779,5,in,30938,93
18.183,5,in,30942,82.6
18.1871,5,in,30946,91
18.1916,5,in,30950,89.2
18.1957,5,in,30954,78.8
18.1997,5,in,30958,77.2
18.2041,5,in,30962,79.8
18.2081,5,in,30966,115.4
18.2124,5,in,30970,91.4
18.2166,5,in,30974,70.2
18.2215,5,in,30978,53
18.2258,5,in,30982,79.8
18.23,5,in,30986,126.4
18.234,5,in,30990,121.2
18.2385,5,in,30994,70.6
18.2428,5,in,30998,35
18.2471,5,in,31002,115.8
18.2511,5,in,31006,100.4
18.2563,5,in,31010,93
18.2607,5,in,31014,82.2
18.265,5,in,31018,61
18.2694,5,in,31022,130
18.2742,5,in,31026,95.8
18.2784,5,in,31030,138.2
18.2828,5,in,31034,143.6
18.2874,5,in,31038,81.4
18.2923,5,in,31042,71.2
18.2967,5,in,31046,50.8
18.3012,5,in,31050,102.2
18.3056,5,in,31054,20.4
18.3105,5,in,31058,71.8
18.3146,5,in,31062,126
18.3199,5,in,31066,115.6
18.324,5,in,31070,44.2
18.3288,5,in,31074,100.6
18.3331,5,in,31078,38.4
18.3373,5,in,31082,106.4
18.3413,5,in,31086,95.8
18.3457,5,in,31090,67
18.3499,5,in,31094,81.4
18.355,5,in,31098,80.2
18.3594,5,in,31102,65.4
18.3639,5,in,31106,109
18.3679,5,in,31110,95.8
18.3721,5,in,31114,129
18.3762,5,in,31118,102
18.3815,5,in,31122,79
18.3856,5,in,31126,112.6
18.3897,5,in,31130,92.4
18.3941,5,in,31134,106
18.3992,5,in,31138,105.8
18.4031,5,in,31142,115.2
18.4073,5,in,31146,71
18.4123,5,in,31150,35
18.417,5,in,31154,147.2
18.4209,5,in,31158,147.8
18.425,5,in,31162,130
18.4291,5,in,31166,152.6
18.4339,5,in,31170,134.4
18.4384,5,in,31174,98.2
18.4434,5,in,31178,83.6
18.4475,5,in,31182,145.8
18.4527,5,in,31186,115.4
18.4569,5,in,31190,148.2
18.4614,5,in,31194,54.2
18.4659,5,in,31198,97.8
18.4712,5,in,31202,107.4
18.476,5,in,31206,70.8
18.4807,5,in,31210,74
18.486,5,in,31214,90.2
18.4906,5,in,31218,102.6
18.495,5,in,31222,101.4
18.5,5,in,31226,141.2
18.5053,5,in,31230,73.4
18.51,5,in,31234,86
18.515,5,in,31238,114
18.5198,5,in,31242,123.6
18.5244,5,in,31246,99
18.5293,5,in,31250,110.4
18.5337,5,in,31254,120.2
18.5381,5,in,31258,80.4
18.5429,5,in,31262,82.8
18.5476,5,in,31266,94.8
18.5526,5,in,31270,98.6
18.5581,5,in,31274,95.2
18.5628,5,in,31278,105
18.5676,5,in,31282,104.8
18.5722,5,in,31286,87
18.5774,5,in,31290,87.4
18.582,5,in,31294,86.4
18.5869,5,in,31298,91.4
18.5914,5,in,31302,101.8
18.5967,5,in,31306,123.8
18.6016,5,in,31310,95.6
18.6066,5,in,31314,115.6
18.6122,5,in,31318,100.6
18.6173,5,in,31322,118.6
18.6217,5,in,31326,72.2
18.626,5,in,31330,110.6
18.6309,5,in,31334,74.8
18.6356,5,in,31338,133.6
18.6397,5,in,31342,113.6
18.6436,5,in,31346,135.2
18.6482,5,in,31350,138.8
18.6522,5,in,31354,115
18.6572,5,in,31358,107.2
18.6614,5,in,31362,134.4
18.6663,5,in,31366,111.2
18.6706,5,in,31370,113
18.6746,5,in,31374,123.4
18.6791,5,in,31378,78.6
18.684,5,in,31382,136.4
18.6887,5,in,31386,112.2
18.6931,5,in,31390,97.8
18.6976,5,in,31394,144.8
18.702,5,in,31398,136.8
18.7067,5,in,31402,97
18.7114,5,in,31406,95.4
18.7164,5,in,31410,130.2
18.7217,5,in,31414,141.6
18.7267,5,in,31418,81.8
18.7318,5,in,31422,143.2
18.7371,5,in,31426,94.8
18.7418,5,in,31430,73.6
18.7468,5,in,31434,154.8
18.7512,5,in,31438,165
18.7557,5,in,31442,102
18.7601,5,in,31446,74.2
18.7646,5,in,31450,100.2
18.7687,5,in,31454,162.8
18.7734,5,in,31458,153.6
18.7772,5,in,31462,144.2
18.7814,5,in,31466,117.6
18.7854,5,in,31470,163
18.7896,5,in,31474,146
18.7945,5,in,31478,148.2
18.7993,5,in,31482,159.2
18.8055,5,in,31486,76.8
18.8103,5,in,31490,139.4
18.8156,5,in,31494,157
18.8197,5,in,31498,123
18.8236,5,in,31502,124.2
18.8275,5,in,31506,132.6
18.8314,5,in,31510,182
18.8351,5,in,31514,118.8
18.8387,5,in,31518,123.8
18.8429,5,in,31522,104.4
18.847,5,in,31526,98.6
18.8509,5,in,31530,118.4
18.8548,5,in,31534,141.2
18.8593,5,in,31538,70.4
18.8633,5,in,31542,72.8
18.868,5,in,31546,141.2
18.8723,5,in,31550,93
18.8765,5,in,31554,99
18.881,5,in,31558,111.8
18.8852,5,in,31562,115.4
18.8891,5,in,31566,95.8
18.8931,5,in,31570,79
18.8981,5,in,31574,138
18.9023,5,in,31578,51.2
18.9071,5,in,31582,77.2
18.9111,5,in,31586,118.8
18.9155,5,in,31590,112
18.9191,5,in,31594,95.2
18.9233,5,in,31598,115.8
18.9274,5,in,31602,83.6
18.9319,5,in,31606,155.6
18.936,5,in,31610,161.8
18.9399,5,in,31614,126
18.9445,5,in,31618,151.4
18.9486,5,in,31622,90.2
18.9531,5,in,31626,123.8
18.9573,5,in,31630,143.2
18.9619,5,in,31634,110
18.9659,5,in,31638,124.4
18.9704,5,in,31642,114.4
18.9742,5,in,31646,150.2
18.9788,5,in,31650,120.2
18.9835,5,in,31654,140.4
18.9894,5,in,31658,115.8
18.994,5,in,31662,76.6
18.9983,5,in,31666,93.4
19.0028,5,in,31670,147.4
19.0072,5,in,31674,158.6
19.0113,5,in,31678,157
19.0154,5,in,31682,169.8
19.0195,5,in,31686,104.6
19.0254,5,in,31690,150
19.0295,5,in,31694,128.8
19.0343,5,in,31698,115
19.0387,5,in,31702,119.6
19.0434,5,in,31706,130.4
19.0479,5,in,31710,113.8
19.0525,5,in,31714,174.4
19.058,5,in,31718,134.6
19.0627,5,in,31722,160.2
19.0666,5,in,31726,122.4
19.071,5,in,31730,133.2
19.0758,5,in,31734,146
19.08,5,in,31738,149.4
19.0842,5,in,31742,151.8
19.0882,5,in,31746,137
19.0924,5,in,31750,103.6
19.0965,5,in,31754,150.8
19.1008,5,in,31758,132.6
19.1049,5,in,31762,117.8
19.109,5,in,31766,131.4
19.1133,5,in,31770,181.4
19.1177,5,in,31774,174.6
19.1218,5,in,31778,134.8
19.1262,5,in,31782,140
19.1309,5,in,31786,124.8
19.1349,5,in,31790,199
19.1391,5,in,31794,121
19.1431,5,in,31798,152.6
19.1483,5,in,31802,171.4
19.1526,5,in,31806,141.8
19.1566,5,in,31810,150
19.1611,5,in,31814,149.2
19.1661,5,in,31818,157.8
19.1708,5,in,31822,167.2
19.1752,5,in,31826,174.6
19.1798,5,in,31830,158.4
19.1848,5,in,31834,163.2
19.1898,5,in,31838,176.4
19.1946,5,in,31842,137
19.1993,5,in,31846,159.8
19.2038,5,in,31850,184.6
19.2081,5,in,31854,111.2
19.2125,5,in,31858,199.6
19.217,5,in,31862,170.6
19.222,5,in,31866,136.8
19.2271,5,in,31870,147.2
19.2319,5,in,31874,197
19.2373,5,in,31878,195
19.2423,5,in,31882,200
19.2471,5,in,31886,182.2
19.2523,5,in,31890,186
19.2574,5,in,31894,192.4
19.2616,5,in,31898,178
19.2667,5,in,31902,197.8
19.2716,5,in,31906,196.8
19.2761,5,in,31910,221.6
19.2802,5,in,31914,188.6
19.2844,5,in,31918,252.4
19.2886,5,in,31922,216.6
19.293,5,in,31926,318.2
19.2973,5,in,31930,317.6
19.3015,5,in,31934,236.6
19.3059,5,in,31938,303.8
19.3112,5,in,31942,257.8
19.3151,5,in,31946,295.6
19.3192,5,in,31950,284.4
19.3235,5,in,31954,288
19.328,5,in,31958,274.8
19.3327,5,in,31962,239.4
19.3368,5,in,31966,231.4
19.341,5,in,31970,230.8
19.3453,5,in,31974,213.6
19.3495,5,in,31978,231
19.3536,5,in,31982,220
19.3578,5,in,31986,210.8
19.3624,5,in,31990,200
19.3679,5,in,31994,245.8
19.3727,5,in,31998,231.6
19.3771,5,in,32002,211.6
19.3827,5,in,32006,230.6
19.3875,5,in,32010,298
19.3921,5,in,32014,282.8
19.3973,5,in,32018,247.4
19.4019,5,in,32022,277
19.4072,5,in,32026,283.2
19.4124,5,in,32030,331
19.4173,5,in,32034,309.8
19.4217,5,in,32038,294.2
19.4268,5,in,32042,288.4
19.4317,5,in,32046,301.2
19.437,5,in,32050,279
19.4419,5,in,32054,288
19.4467,5,in,32058,323.8
19.4513,5,in,32062,282
19.456,5,in,32066,289
19.4606,5,in,32070,293.2
19.465,5,in,32074,293
19.4703,5,in,32078,360
19.4747,5,in,32082,320.2
19.4797,5,in,32086,302.8
19.4842,5,in,32090,325
19.4898,5,in,32094,373.8
19.4946,5,in,32098,296
19.4997,5,in,32102,330.6
19.5046,5,in,32106,381.2
19.5094,5,in,32110,341
19.5134,5,in,32114,340.8
19.5174,5,in,32118,399.2
19.5213,5,in,32122,277.6
19.5265,5,in,32126,312
19.5307,5,in,32130,340.6
19.535,5,in,32134,371
19.5395,5,in,32138,274.2
19.5454,5,in,32142,360.8
19.5493,5,in,32146,390.2
19.5536,5,in,32150,290.4
19.5579,5,in,32154,333.4
19.5627,5,in,32158,287
19.5669,5,in,32162,351.4
19.5712,5,in,32166,421.2
19.5752,5,in,32170,397.4
19.5809,5,in,32174,372.8
19.5852,5,in,32178,427.4
19.5896,5,in,32182,390.8
19.5942,5,in,32186,459.6
19.599,5,in,32190,416.6
19.6035,5,in,32194,474
19.6084,5,in,32198,449.4
19.614,5,in,32202,448.4
19.619,5,in,32206,471.8
19.6242,5,in,32210,443.8
19.629,5,in,32214,463.6
19.6338,5,in,32218,463.6
19.6381,5,in,32222,544.6
19.6428,5,in,32226,567.4
19.6475,5,in,32230,447.4
19.6531,5,in,32234,439.2
19.6577,5,in,32238,411
19.6624,5,in,32242,464
19.6681,5,in,32246,453.6
19.6728,5,in,32250,478.8
19.6779,5,in,32254,480.4
19.6824,5,in,32258,459.2
19.6872,5,in,32262,497.2
19.6911,5,in,32266,503.4
19.6948,5,in,32270,523.8
19.6987,5,in,32274,528
19.7024,5,in,32278,489.8
19.7066,5,in,32282,459.2
19.7107,5,in,32286,489.4
19.7148,5,in,32290,454.6
19.7187,5,in,32294,427.8
19.7235,5,in,32298,490.2
19.7284,5,in,32302,497.2
19.7327,5,in,32306,498
19.7369,5,in,32310,491.8
19.7414,5,in,32314,514.8
19.7457,5,in,32318,485.2
19.7502,5,in,32322,574.8
19.7547,5,in,32326,493.8
19.7596,5,in,32330,486.4
19.7639,5,in,32334,515.6
19.7684,5,in,32338,496.4
19.7731,5,in,32342,539.2
19.7775,5,in,32346,481.6
19.7814,5,in,32350,480.8
19.7863,5,in,32354,444.2
19.7909,5,in,32358,430.4
19.7958,5,in,32362,427.4
19.8007,5,in,32366,484.4
19.8055,5,in,32370,507.8
19.8103,5,in,32374,461
19.8152,5,in,32378,500.2
19.8197,5,in,32382,500.2
19.8239,5,in,32386,420.8
19.828,5,in,32390,455
19.8326,5,in,32394,509.6
19.8368,5,in,32398,435.2
19.841,5,in,32402,497.4
19.8451,5,in,32406,569.2
19.8496,5,in,32410,507
19.8536,5,in,32414,589
19.858,5,in,32418,604.2
19.8621,5,in,32422,526
19.8663,5,in,32426,644.4
19.8705,5,in,32430,510.2
19.8744,5,in,32434,464.4
19.8788,5,in,32438,510.6
19.8831,5,in,32442,487.4
19.8876,5,in,32446,499.2
19.8916,5,in,32450,525.6
19.8958,5,in,32454,495
19.9003,5,in,32458,731
19.9057,5,in,32462,552.2
19.9099,5,in,32466,556.8
19.9141,5,in,32470,676.8
19.9184,5,in,32474,654.6
19.9233,5,in,32478,717
19.9281,5,in,32482,709
19.9325,5,in,32486,736.4
19.9367,5,in,32490,846.6
19.9413,5,in,32494,783.6
19.9464,5,in,32498,769.6
19.9507,5,in,32502,565.8
19.9551,5,in,32506,505.2
19.9598,5,in,32510,578.6
19.9642,5,in,32514,608.6
19.9689,5,in,32518,555.6
19.9736,5,in,32522,576.2
19.9788,5,in,32526,555.8
19.9837,5,in,32530,610.8
19.9878,5,in,32534,610.6
19.9926,5,in,32538,646.6
19.9976,5,in,32542,672.2
20.0019,5,in,32546,593.8
20.0064,5,in,32550,637.4
20.0113,5,in,32554,714.2
20.0163,5,in,32558,776.8
20.0215,5,in,32562,729.4
20.0265,5,in,32566,727
20.0314,5,in,32570,788.6
20.0361,5,in,32574,723.8
20.041,5,in,32578,739.6
20.0455,5,in,32582,786
20.0506,5,in,32586,878.8
20.0553,5,in,32590,784.2
20.0605,5,in,32594,786.6
20.0655,5,in,32598,783.8
20.0703,5,in,32602,926.4
20.0753,5,in,32606,1067.8
20.0803,5,out,32602,1330.6
20.0856,5,out,32598,1269
20.0908,5,out,32594,1306.4
20.0955,5,out,32590,1399.4
20.1003,5,out,32586,1392.8
20.1051,5,out,32582,1440
20.1095,5,out,32578,1453.2
20.1141,5,out,32574,1466.2
20.1191,5,out,32570,1419.8
20.1236,5,out,32566,1471
20.1288,5,out,32562,1499.4
20.1341,5,out,32558,1536.2
20.139,5,out,32554,1489
20.1439,5,out,32550,1533.2
20.1484,5,out,32546,1528.6
20.1535,5,out,32542,1708.4
20.1591,5,out,32538,1553
20.1637,5,out,32534,1538.4
20.1688,5,out,32530,1567
20.1737,5,out,32526,1497.8
20.1781,5,out,32522,1513.8
20.1831,5,out,32518,1560
20.1881,5,out,32514,1588.2
20.1934,5,out,32510,1621.8
20.1979,5,out,32506,1593.4
20.2021,5,out,32502,1541.6
20.2065,5,out,32498,1432
20.2112,5,out,32494,1430
20.2165,5,out,32490,1467.4
20.2216,5,out,32486,1326.4
20.2264,5,out,32482,1419.4
20.2312,5,out,32478,1414.6
20.2361,5,out,32474,1449.2
20.2409,5,out,32470,1478.6
20.246,5,out,32466,1413
20.2503,5,out,32462,1429.4
20.2553,5,out,32458,1561
20.2602,5,out,32454,1620.2
20.265,5,out,32450,1720.4
20.27,5,out,32446,1676.8
20.2746,5,out,32442,1651.2
20.2797,5,out,32438,1422.2
20.2843,5,out,32434,1527.6
20.2889,5,out,32430,1553.6
20.2935,5,out,32426,1593.4
20.2979,5,out,32422,1809.2
20.3024,5,out,32418,1511.6
20.3067,5,out,32414,1664.6
20.3109,5,out,32410,1622.8
20.3149,5,out,32406,1598
20.3197,5,out,32402,1650.4
20.3237,5,out,32398,1564.6
20.3278,5,out,32394,1497.2
20.3321,5,out,32390,1865.6
20.3367,5,out,32386,1702.2
20.3416,5,out,32382,1727.2
20.3461,5,out,32378,1577
20.3505,5,out,32374,1708
20.3551,5,out,32370,1621.2
20.3594,5,out,32366,1831.8
20.3635,5,out,32362,1858
20.3679,5,out,32358,1725
20.3726,5,out,32354,1513
20.3766,5,out,32350,1705.6
20.3811,5,out,32346,1891.6
20.3853,5,out,32342,1811.6
20.39,5,out,32338,1748.6
20.3947,5,out,32334,1869.4
20.3994,5,out,32330,1855.4
20.404,5,out,32326,1751.2
20.4086,5,out,32322,1761.6
20.413,5,out,32318,1618.4
20.4171,5,out,32314,1617.8
20.4213,5,out,32310,1601
20.4269,5,out,32306,1529
20.4315,5,out,32302,1577
20.4357,5,out,32298,1359.6
20.4397,5,out,32294,1446.4
20.4445,5,out,32290,1531
20.4494,5,out,32286,1588.2
20.4537,5,out,32282,1677
20.4582,5,out,32278,1669.6
20.4625,5,out,32274,1688
20.467,5,out,32270,1728.6
20.4712,5,out,32266,1664.6
20.4752,5,out,32262,1570.8
20.4793,5,out,32258,1726.8
20.4837,5,out,32254,1652.2
20.4884,5,out,32250,1685.4
20.4925,5,out,32246,1655.2
20.4973,5,out,32242,1683
20.5017,5,out,32238,1566.8
20.5061,5,out,32234,1616.6
20.5106,5,out,32230,1629.8
20.5149,5,out,32226,1590
20.5193,5,out,32222,1596.2
20.5249,5,out,32218,1549
20.5298,5,out,32214,1651.6
20.5343,5,out,32210,1554
20.5392,5,out,32206,1610.2
20.5443,5,out,32202,1448.4
20.5492,5,out,32198,1391
20.5537,5,out,32194,1317.8
20.5581,5,out,32190,1415.8
20.5626,5,out,32186,1305.2
20.5674,5,out,32182,1373.8
20.5722,5,out,32178,1332.6
20.5769,5,out,32174,1361.8
20.5809,5,out,32170,1408
20.5848,5,out,32166,1314.2
20.5897,5,out,32162,1375.8
20.5939,5,out,32158,1237
20.5979,5,out,32154,1327
20.6021,5,out,32150,1240.6
20.6073,5,out,32146,1212.4
20.6114,5,out,32142,1243.6
20.6153,5,out,32138,1345.8
20.6189,5,out,32134,1341
20.6231,5,out,32130,1283.4
20.627,5,out,32126,1324.6
20.6305,5,out,32122,1498.6
20.6342,5,out,32118,1519.2
20.6385,5,out,32114,1309.2
20.6427,5,out,32110,1412.2
20.6468,5,out,32106,1206.8
20.6512,5,out,32102,1148.2
20.6553,5,out,32098,1333
20.6602,5,out,32094,1170.4
20.6644,5,out,32090,1194.4
20.6689,5,out,32086,1126.6
20.6733,5,out,32082,1131.6
20.6779,5,out,32078,1190.6
20.6831,5,out,32074,1180.6
20.6873,5,out,32070,1143
20.6918,5,out,32066,1360.8
20.6965,5,out,32062,1442
20.701,5,out,32058,1450
20.706,5,out,32054,1344.2
20.7105,5,out,32050,1253.2
20.7159,5,out,32046,1283.6
20.7204,5,out,32042,1310
20.7256,5,out,32038,1100.2
20.7306,5,out,32034,1177.8
20.7351,5,out,32030,1152.6
20.7397,5,out,32026,1138.2
20.7443,5,out,32022,1173.2
20.7489,5,out,32018,1158.2
20.7534,5,out,32014,1203.2
20.758,5,out,32010,1120
20.7624,5,out,32006,1101.2
20.7665,5,out2,31956,1173.8
20.7705,5,out2,31906,1235.8
20.7747,5,out2,31856,1178.6
20.7788,5,out2,31806,1142.4
20.7826,5,out2,31756,1091.4
20.788,5,out2,31706,1074.6
20.7925,5,out2,31656,1109.6
20.7966,5,out2,31606,1112.2
20.8004,5,out2,31556,1105.4
20.8041,5,out2,31506,1109
20.8079,5,out2,31456,951.8
20.8119,5,out2,31406,912.6
20.8162,5,out2,31356,937.4
20.8206,5,out2,31306,902.4
20.8247,5,out2,31256,880.4
20.8285,5,out2,31206,821.2
20.8325,5,out2,31156,727.6
20.8368,5,out2,31106,643.6
20.8423,5,out2,31056,623.8
20.8465,5,out2,31006,638
20.851,5,out2,30956,793.6
20.8551,5,out2,30906,482.2
20.8593,5,out2,30856,492
20.8634,5,out2,30806,576.2
20.8676,5,out2,30756,503
20.8715,5,out2,30706,471.2
20.8756,5,out2,30656,472.2
20.88,5,out2,30606,278.2
20.8842,5,out2,30556,262
20.8883,5,out2,30506,76.6
20.8928,6,in,30506,70.6
20.8973,6,in,30510,81.6
20.9015,6,in,30514,74.8
20.9054,6,in,30518,61
20.9101,6,in,30522,-33
20.9147,6,in,30526,31.8
20.9187,6,in,30530,64.4
20.9234,6,in,30534,-9
20.9285,6,in,30538,27
20.9336,6,in,30542,23
20.939,6,in,30546,7.6
20.9434,6,in,30550,-17.4
20.948,6,in,30554,42.2
20.9524,6,in,30558,10.4
20.9573,6,in,30562,23.2
20.962,6,in,30566,30.6
20.966,6,in,30570,64.8
20.9705,6,in,30574,-8.2
20.9756,6,in,30578,18.2
20.9801,6,in,30582,47.8
20.9846,6,in,30586,18.4
20.9892,6,in,30590,-7.4
20.9939,6,in,30594,10.8
20.9984,6,in,30598,25.4
21.0029,6,in,30602,-21.6
21.0071,6,in,30606,50.8
21.012,6,in,30610,0.8
21.0171,6,in,30614,27.4
21.0216,6,in,30618,2.2
21.0262,6,in,30622,-23.4
21.0306,6,in,30626,21.4
21.0352,6,in,30630,31.8
21.0399,6,in,30634,-20
21.0451,6,in,30638,8.8
21.0501,6,in,30642,36.8
21.055,6,in,30646,5.8
21.0596,6,in,30650,-10.4
21.0644,6,in,30654,36.8
21.069,6,in,30658,39
21.0737,6,in,30662,-51.2
21.0791,6,in,30666,8.4
21.0829,6,in,30670,20.8
21.0868,6,in,30674,-17.2
21.0912,6,in,30678,30.4
21.0956,6,in,30682,1.8
21.0993,6,in,30686,24
21.1027,6,in,30690,21
21.1068,6,in,30694,14.8
21.1113,6,in,30698,19.2
21.115,6,in,30702,18.2
21.119,6,in,30706,15.4
21.1233,6,in,30710,-34
21.1274,6,in,30714,-2.8
21.1315,6,in,30718,-11.8
21.1357,6,in,30722,2.6
21.1399,6,in,30726,17.2
21.1439,6,in,30730,0.8
21.149,6,in,30734,52.6
21.1531,6,in,30738,-1.2
21.1571,6,in,30742,-8.6
21.1616,6,in,30746,64.6
21.1664,6,in,30750,32
21.1712,6,in,30754,24.2
21.1757,6,in,30758,-26.8
21.1805,6,in,30762,39.6
21.186,6,in,30766,-19.2
21.1914,6,in,30770,-16.6
21.1959,6,in,30774,13.4
21.2005,6,in,30778,-7.4
21.2049,6,in,30782,36
21.2089,6,in,30786,-2.2
21.2133,6,in,30790,46
21.2178,6,in,30794,23.6
21.2222,6,in,30798,-12.6
21.2262,6,in,30802,-13.2
21.2308,6,in,30806,6.4
21.2349,6,in,30810,19.2
21.2393,6,in,30814,6.4
21.2435,6,in,30818,-6.6
21.2477,6,in,30822,58.4
21.2515,6,in,30826,25.4
21.257,6,in,30830,-13.4
21.2615,6,in,30834,39.8
21.2654,6,in,30838,27.8
21.2696,6,in,30842,11.8
21.2748,6,in,30846,20.8
21.2793,6,in,30850,40.8
21.2832,6,in,30854,38.2
21.2876,6,in,30858,47
21.2926,6,in,30862,18.8
21.2971,6,in,30866,65
21.3011,6,in,30870,67.2
21.3056,6,in,30874,-3
21.3112,6,in,30878,34.4
21.3158,6,in,30882,32.6
21.3206,6,in,30886,30.4
21.3255,6,in,30890,39.8
21.33,6,in,30894,39.6
21.3344,6,in,30898,35.4
21.3395,6,in,30902,35.4
21.3441,6,in,30906,26.4
21.3483,6,in,30910,19.6
21.3536,6,in,30914,29.6
21.3582,6,in,30918,10
21.3635,6,in,30922,35.4
21.3682,6,in,30926,15.4
21.3729,6,in,30930,7.2
21.3778,6,in,30934,35.6
21.3829,6,in,30938,4.6
21.388,6,in,30942,27.8
21.393,6,in,30946,-6.2
21.3984,6,in,30950,8.4
21.4034,6,in,30954,28.8
21.4082,6,in,30958,5.2
21.4131,6,in,30962,23.2
21.4176,6,in,30966,-25.4
21.422,6,in,30970,67.8
21.4262,6,in,30974,3
21.4301,6,in,30978,22.4
21.4342,6,in,30982,54.2
21.4389,6,in,30986,17.4
21.4432,6,in,30990,46
21.4472,6,in,30994,58.6
21.4511,6,in,30998,24
21.4552,6,in,31002,49.2
21.4588,6,in,31006,-11.6
21.4622,6,in,31010,59.8
21.4664,6,in,31014,64
21.4701,6,in,31018,62.6
21.4736,6,in,31022,20
21.4777,6,in,31026,-15.6
21.4821,6,in,31030,35
21.486,6,in,31034,22.6
21.4899,6,in,31038,5.8
21.4939,6,in,31042,15.2
21.4981,6,in,31046,63.2
21.5024,6,in,31050,0.6
21.5061,6,in,31054,9.8
21.5096,6,in,31058,-19.8
21.5136,6,in,31062,6.6
21.5174,6,in,31066,72
21.5225,6,in,31070,15.6
21.5273,6,in,31074,3.2
21.5317,6,in,31078,2.8
21.5363,6,in,31082,28.6
21.5407,6,in,31086,14.6
21.545,6,in,31090,32.6
21.5489,6,in,31094,37.6
21.5531,6,in,31098,38.8
21.5584,6,in,31102,17.8
21.5629,6,in,31106,72.8
21.5676,6,in,31110,95.2
21.5724,6,in,31114,15
21.5771,6,in,31118,0.2
21.5812,6,in,31122,53
21.5855,6,in,31126,25.8
21.5897,6,in,31130,3
21.5947,6,in,31134,-3.8
21.5985,6,in,31138,10.2
21.6036,6,in,31142,11.2
21.6077,6,in,31146,29
21.6129,6,in,31150,7.4
21.617,6,in,31154,-9.4
21.6211,6,in,31158,8
21.6253,6,in,31162,32.8
21.6298,6,in,31166,-0.4
21.6349,6,in,31170,38.4
21.6387,6,in,31174,41.4
21.6432,6,in,31178,7
21.6479,6,in,31182,-2.6
21.6527,6,in,31186,15.8
21.6571,6,in,31190,57.6
21.6614,6,in,31194,55.8
21.6663,6,in,31198,20.8
21.6709,6,in,31202,33.4
21.6756,6,in,31206,20.2
21.6799,6,in,31210,54.2
21.6846,6,in,31214,27
21.6888,6,in,31218,10.4
21.6923,6,in,31222,19.4
21.6964,6,in,31226,53.8
21.7002,6,in,31230,11.6
21.7043,6,in,31234,34
21.7088,6,in,31238,71.8
21.7132,6,in,31242,-16.8
21.7182,6,in,31246,25.2
21.7226,6,in,31250,2
21.7273,6,in,31254,-4
21.7321,6,in,31258,13.4
21.7366,6,in,31262,49.4
21.7415,6,in,31266,37.2
21.7467,6,in,31270,60
21.7508,6,in,31274,7
21.7548,6,in,31278,-15.4
21.7587,6,in,31282,43.8
21.7629,6,in,31286,47.2
21.7674,6,in,31290,54.2
21.7727,6,in,31294,27.2
21.778,6,in,31298,59.4
21.7821,6,in,31302,47.4
21.7863,6,in,31306,20.6
21.791,6,in,31310,10
21.7962,6,in,31314,15.8
21.8008,6,in,31318,49
21.8054,6,in,31322,-8.2
21.8101,6,in,31326,7
21.8145,6,in,31330,35.4
21.8186,6,in,31334,32.6
21.8232,6,in,31338,16.8
21.8291,6,in,31342,23.2
21.8343,6,in,31346,33.2
21.8395,6,in,31350,14.6
21.8443,6,in,31354,66
21.8496,6,in,31358,38.6
21.8535,6,in,31362,-4.2
21.8576,6,in,31366,19.6
21.8617,6,in,31370,4.8
21.8663,6,in,31374,36
21.8709,6,in,31378,-8
21.8754,6,in,31382,28.2
21.8801,6,in,31386,46.8
21.8847,6,in,31390,33
21.8886,6,in,31394,29.6
21.8926,6,in,31398,-15.8
21.8968,6,in,31402,65.2
21.901,6,in,31406,35.2
21.9052,6,in,31410,37
21.9095,6,in,31414,9.8
21.9141,6,in,31418,45.4
21.9181,6,in,31422,3.4
21.9222,6,in,31426,52
21.9261,6,in,31430,-4.8
21.9304,6,in,31434,38.4
21.9352,6,in,31438,72.8
21.9396,6,in,31442,41
21.9443,6,in,31446,20.2
21.9492,6,in,31450,35.6
21.9538,6,in,31454,40.2
21.959,6,in,31458,33.2
21.9633,6,in,31462,38
21.9684,6,in,31466,17.2
21.9728,6,in,31470,34.8
21.9779,6,in,31474,33
21.9829,6,in,31478,32.2
21.9878,6,in,31482,-3.4
21.9926,6,in,31486,30.8
21.9972,6,in,31490,49.4
22.0026,6,in,31494,67.6
22.0081,6,in,31498,11.4
22.0128,6,in,31502,35
22.0176,6,in,31506,38.4
22.0228,6,in,31510,47
22.0274,6,in,31514,48.8
22.0317,6,in,31518,47.8
22.0368,6,in,31522,53
22.0413,6,in,31526,41.4
22.0459,6,in,31530,41.4
22.0511,6,in,31534,35.8
22.0555,6,in,31538,6.4
22.06,6,in,31542,9.6
22.0644,6,in,31546,-1.8
22.0689,6,in,31550,24.4
22.0742,6,in,31554,55.6
22.0793,6,in,31558,46.4
22.0835,6,in,31562,68
22.0883,6,in,31566,26.4
22.0928,6,in,31570,28
22.0973,6,in,31574,8.6
22.1013,6,in,31578,96.2
22.1053,6,in,31582,73.4
22.1098,6,in,31586,19.8
22.1139,6,in,31590,51.2
22.1187,6,in,31594,22.2
22.1227,6,in,31598,32.8
22.1269,6,in,31602,3.8
22.1325,6,in,31606,34
22.1367,6,in,31610,14
22.1408,6,in,31614,66.8
22.1453,6,in,31618,14.4
22.1499,6,in,31622,30.2
22.1539,6,in,31626,-9.6
22.1584,6,in,31630,32.6
22.163,6,in,31634,69.8
22.1675,6,in,31638,41
22.1713,6,in,31642,44.6
22.175,6,in,31646,20.6
22.1791,6,in,31650,85.8
22.1836,6,in,31654,59.8
22.1883,6,in,31658,71.8
22.1935,6,in,31662,21
22.1976,6,in,31666,32.6
22.2021,6,in,31670,29.2
22.2059,6,in,31674,-6.6
22.2097,6,in,31678,63
22.2134,6,in,31682,63.8
22.2186,6,in,31686,71.4
22.2228,6,in,31690,74.4
22.2268,6,in,31694,63.4
22.2311,6,in,31698,65
22.2356,6,in,31702,34
22.2396,6,in,31706,80.2
22.2438,6,in,31710,42.8
22.2481,6,in,31714,106
22.2526,6,in,31718,77.6
22.2569,6,in,31722,75.4
22.2611,6,in,31726,41.6
22.2656,6,in,31730,74.2
22.2702,6,in,31734,30.2
22.2745,6,in,31738,14.8
22.2784,6,in,31742,47.6
22.2825,6,in,31746,114.8
22.287,6,in,31750,19.8
22.2915,6,in,31754,30.4
22.2958,6,in,31758,36.4
22.2999,6,in,31762,92
22.3041,6,in,31766,24.8
22.3092,6,in,31770,13.6
22.3132,6,in,31774,91.8
22.3178,6,in,31778,77.2
22.3223,6,in,31782,33
22.3274,6,in,31786,60.6
22.3317,6,in,31790,64.2
22.336,6,in,31794,32.2
22.3403,6,in,31798,47.4
22.3456,6,in,31802,72.8
22.3496,6,in,31806,52.8
22.3532,6,in,31810,45
22.3569,6,in,31814,35.8
22.3621,6,in,31818,27.8
22.3665,6,in,31822,63.8
22.3708,6,in,31826,24.2
22.3748,6,in,31830,23.6
22.3801,6,in,31834,84.4
22.3855,6,in,31838,41.6
22.39,6,in,31842,66.4
22.3947,6,in,31846,65.8
22.3992,6,in,31850,82.4
22.404,6,in,31854,79.4
22.4094,6,in,31858,42.6
22.4142,6,in,31862,70.6
22.4191,6,in,31866,68.4
22.4242,6,in,31870,54.4
22.4293,6,in,31874,58.6
22.4347,6,in,31878,67.8
22.4397,6,in,31882,55.4
22.4444,6,in,31886,37.2
22.4493,6,in,31890,76.8
22.454,6,in,31894,39.4
22.4588,6,in,31898,74
22.464,6,in,31902,84.6
22.4686,6,in,31906,108.6
22.4733,6,in,31910,64.6
22.4783,6,in,31914,72.2
22.4835,6,in,31918,66.6
22.4881,6,in,31922,118.4
22.493,6,in,31926,62.8
22.4978,6,in,31930,86.6
22.5024,6,in,31934,73.8
22.5068,6,in,31938,47.6
22.5115,6,in,31942,113.8
22.516,6,in,31946,86.6
22.5205,6,in,31950,96
22.525,6,in,31954,29.6
22.5295,6,in,31958,88.6
22.5341,6,in,31962,130.6
22.5389,6,in,31966,81
22.5435,6,in,31970,52.2
22.5478,6,in,31974,54.6
22.552,6,in,31978,93
22.5565,6,in,31982,37.4
22.5605,6,in,31986,80.8
22.5649,6,in,31990,42.2
22.5693,6,in,31994,103.6
22.5729,6,in,31998,82.4
22.5775,6,in,32002,45.6
22.5818,6,in,32006,59
22.5865,6,in,32010,58.2
22.5914,6,in,32014,78
22.596,6,in,32018,68.8
22.6005,6,in,32022,94
22.6052,6,in,32026,38.8
22.61,6,in,32030,15.2
22.615,6,in,32034,97.6
22.6203,6,in,32038,69
22.626,6,in,32042,83.4
22.6306,6,in,32046,40.2
22.6353,6,in,32050,73.2
22.64,6,in,32054,58.8
22.6451,6,in,32058,86.2
22.6498,6,in,32062,99.8
22.6542,6,in,32066,90
22.6586,6,in,32070,94.4
22.6635,6,in,32074,74.6
22.6678,6,in,32078,123
22.672,6,in,32082,67.6
22.6763,6,in,32086,98.6
22.6808,6,in,32090,49.2
22.6848,6,in,32094,99.6
22.6886,6,in,32098,99.2
22.6925,6,in,32102,93.2
22.6968,6,in,32106,106
22.702,6,in,32110,116.2
22.7069,6,in,32114,53.8
22.7118,6,in,32118,97.2
22.7172,6,in,32122,130.6
22.7223,6,in,32126,90.8
22.7279,6,in,32130,96
22.7333,6,in,32134,86
22.7382,6,in,32138,106.6
22.7434,6,in,32142,100.4
22.7487,6,in,32146,128.6
22.7538,6,in,32150,129.2
22.7582,6,in,32154,159.8
22.7622,6,in,32158,116.2
22.7662,6,in,32162,116.2
22.7706,6,in,32166,81.4
22.7754,6,in,32170,116.4
22.7811,6,in,32174,133.4
22.7865,6,in,32178,158.6
22.7912,6,in,32182,99.2
22.796,6,in,32186,112.4
22.8006,6,in,32190,126.2
22.805,6,in,32194,100.6
22.8092,6,in,32198,101
22.8139,6,in,32202,102.4
22.8192,6,in,32206,124.2
22.8251,6,in,32210,135
22.8309,6,in,32214,119.6
22.8359,6,in,32218,120.6
22.8414,6,in,32222,117
22.8469,6,in,32226,119.4
22.8522,6,in,32230,141.4
22.8578,6,in,32234,120.6
22.8627,6,in,32238,113.6
22.8682,6,in,32242,148.6
22.873,6,in,32246,132.2
22.8784,6,in,32250,141
22.8832,6,in,32254,130.4
22.8891,6,in,32258,127.2
22.8948,6,in,32262,99.4
22.8998,6,in,32266,123.4
22.9046,6,in,32270,86.8
22.9097,6,in,32274,101
22.9146,6,in,32278,176.4
22.9186,6,in,32282,112
22.9232,6,in,32286,147.6
22.9279,6,in,32290,125
22.9329,6,in,32294,155.2
22.9376,6,in,32298,177.4
22.9429,6,in,32302,154.8
22.9482,6,in,32306,176.6
22.9533,6,in,32310,178.8
22.9585,6,in,32314,129.2
22.963,6,in,32318,152.4
22.9674,6,in,32322,131.8
22.9714,6,in,32326,147
22.9758,6,in,32330,117.8
22.9803,6,in,32334,146
22.9851,6,in,32338,115.4
22.9895,6,in,32342,170.8
22.9934,6,in,32346,167
22.9976,6,in,32350,186
23.0025,6,in,32354,175.2
23.0066,6,in,32358,125.6
23.0106,6,in,32362,148
23.0148,6,in,32366,181.8
23.0192,6,in,32370,133.8
23.0235,6,in,32374,156.4
23.0277,6,in,32378,155.4
23.0315,6,in,32382,121.8
23.036,6,in,32386,152.4
23.0406,6,in,32390,134.2
23.0453,6,in,32394,132.4
23.0497,6,in,32398,150.4
23.0544,6,in,32402,132.2
23.059,6,in,32406,151
23.0635,6,in,32410,153
23.0682,6,in,32414,172.6
23.0725,6,in,32418,150.8
23.0762,6,in,32422,147.8
23.0807,6,in,32426,154
23.0846,6,in,32430,176
23.0893,6,in,32434,190.6
23.0935,6,in,32438,188
23.0986,6,in,32442,161.4
23.1034,6,in,32446,170.8
23.1083,6,in,32450,147.6
23.1129,6,in,32454,208
23.1175,6,in,32458,179.8
23.1219,6,in,32462,137.8
23.1261,6,in,32466,141.2
23.1304,6,in,32470,167
23.1345,6,in,32474,250.6
23.1388,6,in,32478,148.8
23.1426,6,in,32482,201.6
23.1468,6,in,32486,220.2
23.1508,6,in,32490,213.6
23.1544,6,in,32494,193.4
23.1581,6,in,32498,129.8
23.1624,6,in,32502,168.2
23.166,6,in,32506,201.6
23.17,6,in,32510,178.6
23.174,6,in,32514,212
23.1783,6,in,32518,197.6
23.1824,6,in,32522,257.6
23.1863,6,in,32526,195.8
23.1904,6,in,32530,217.6
23.1939,6,in,32534,262
23.1978,6,in,32538,242.6
23.2021,6,in,32542,246.4
23.2064,6,in,32546,201.6
23.21,6,in,32550,253.2
23.2141,6,in,32554,299.6
23.2186,6,in,32558,237
23.2227,6,in,32562,237.6
23.2266,6,in,32566,280.6
23.2307,6,in,32570,339.2
23.2348,6,in,32574,410.6
23.2386,6,in,32578,379.2
23.2426,6,in,32582,321.8
23.2474,6,in,32586,358
23.2519,6,in,32590,343
23.2565,6,in,32594,404.6
23.2611,6,in,32598,478.2
23.2659,6,in,32602,374.2
23.2702,6,in,32606,492.8
23.2748,6,in,32610,381
23.2794,6,in,32614,453.8
23.2843,6,in,32618,435.2
23.289,6,in,32622,501.2
23.2936,6,in,32626,484.8
23.2976,6,in,32630,465.4
23.302,6,in,32634,503.8
23.3068,6,in,32638,488.2
23.3112,6,in,32642,523.8
23.316,6,in,32646,508.6
23.3206,6,in,32650,511.2
23.325,6,in,32654,534.2
23.3292,6,in,32658,524.6
23.3336,6,in,32662,553.8
23.3382,6,in,32666,571.6
23.3424,6,in,32670,582.6
23.3469,6,in,32674,607.2
23.3517,6,in,32678,583.8
23.3569,6,in,32682,557.2
23.3614,6,in,32686,624.4
23.3656,6,in,32690,553.8
23.3702,6,in,32694,583
23.3745,6,in,32698,621
23.3789,6,in,32702,605.4
23.3841,6,in,32706,606
23.3895,6,in,32710,621.6
23.3943,6,in,32714,672.2
23.3988,6,in,32718,620.6
23.4035,6,in,32722,655.2
23.4082,6,in,32726,652.6
23.4128,6,in,32730,619.4
23.4172,6,in,32734,639
23.4218,6,in,32738,737.6
23.4261,6,in,32742,704
23.4298,6,in,32746,745.4
23.4338,6,in,32750,751.2
23.4378,6,in,32754,728.8
23.442,6,in,32758,815.8
23.4462,6,in,32762,798.2
23.451,6,in,32766,837.4
23.4549,6,in,32770,836.2
23.4595,6,in,32774,819.8
23.4645,6,in,32778,868
23.4692,6,in,32782,863.2
23.4743,6,in,32786,987.8
23.4789,6,in,32790,1018.8
23.4833,6,out,32786,1040.8
23.4877,6,out,32782,1136.6
23.4926,6,out,32778,1191.6
23.4972,6,out,32774,1252.4
23.502,6,out,32770,1192.8
23.5074,6,out,32766,1167.4
23.513,6,out,32762,1221.6
23.5189,6,out,32758,1229.6
23.5247,6,out,32754,1140.4
23.5307,6,out,32750,1245.2
23.5364,6,out,32746,1234.4
23.5421,6,out,32742,1307
23.5478,6,out,32738,1289.4
23.5534,6,out,32734,1376.8
23.5592,6,out,32730,1366.4
23.5641,6,out,32726,1468.6
23.5696,6,out,32722,1537.8
23.575,6,out,32718,1478.4
23.5801,6,out,32714,1535.6
23.585,6,out,32710,1545.4
23.59,6,out,32706,1489.6
23.5947,6,out,32702,1334
23.5995,6,out,32698,1390
23.6044,6,out,32694,1412.2
23.6095,6,out,32690,1468.2
23.6144,6,out,32686,1453.8
23.6192,6,out,32682,1479.4
23.6242,6,out,32678,1550
23.6291,6,out,32674,1496.2
23.6334,6,out,32670,1540.6
23.6378,6,out,32666,1453.2
23.6427,6,out,32662,1469.2
23.6472,6,out,32658,1532.2
23.6521,6,out,32654,1520.4
23.6575,6,out,32650,1526.8
23.662,6,out,32646,1478.8
23.6665,6,out,32642,1490.4
23.6711,6,out,32638,1324.6
23.6764,6,out,32634,1444
23.681,6,out,32630,1592
23.6857,6,out,32626,1495.4
23.6902,6,out,32622,1477.8
23.6947,6,out,32618,1544.8
23.6986,6,out,32614,1549.6
23.7027,6,out,32610,1460.2
23.7075,6,out,32606,1496
23.712,6,out,32602,1605
23.717,6,out,32598,1623.6
23.7213,6,out,32594,1563
23.726,6,out,32590,1590.6
23.7311,6,out,32586,1568.8
23.7359,6,out,32582,1594.2
23.7402,6,out,32578,1624.6
23.7451,6,out,32574,1701.2
23.7501,6,out,32570,1692.4
23.755,6,out,32566,1636.8
23.7595,6,out,32562,1625.4
23.7639,6,out,32558,1654.4
23.7684,6,out,32554,1673.2
23.7732,6,out,32550,1633.6
23.7778,6,out,32546,1709.6
23.7824,6,out,32542,1697.8
23.7867,6,out,32538,1747
23.7911,6,out,32534,1772.6
23.7959,6,out,32530,1750.4
23.8006,6,out,32526,1642.2
23.8052,6,out,32522,1685.8
23.8091,6,out,32518,1644.8
23.8134,6,out,32514,1653.2
23.8178,6,out,32510,1600.4
23.8218,6,out,32506,1527.4
23.826,6,out,32502,1635.6
23.8301,6,out,32498,1598.2
23.8345,6,out,32494,1582.4
23.8391,6,out,32490,1566.6
23.8437,6,out,32486,1560.8
23.8482,6,out,32482,1611.6
23.8527,6,out,32478,1790.4
23.8574,6,out,32474,1800.2
23.862,6,out,32470,1875.4
23.8674,6,out,32466,1902.4
23.8727,6,out,32462,1957
23.8775,6,out,32458,1953.6
23.8829,6,out,32454,1972.4
23.8874,6,out,32450,1906.6
23.8922,6,out,32446,1930.4
23.8971,6,out,32442,1912.4
23.9021,6,out,32438,1939.8
23.9069,6,out,32434,1949.4
23.9116,6,out,32430,1955.4
23.9162,6,out,32426,1942.4
23.9197,6,out,32422,1940.2
23.9233,6,out,32418,2171.2
23.9273,6,out,32414,2065.4
23.9312,6,out,32410,2013.4
23.9351,6,out,32406,2005.8
23.9392,6,out,32402,1917.8
23.9436,6,out,32398,1892
23.948,6,out,32394,1948.6
23.9523,6,out,32390,1986.6
23.9563,6,out,32386,1850.2
23.9613,6,out,32382,1916.2
23.9656,6,out,32378,1941
23.9698,6,out,32374,1992.2
23.9738,6,out,32370,1978.4
23.9777,6,out,32366,2063.8
23.9816,6,out,32362,2026.2
23.9857,6,out,32358,2058.6
23.9895,6,out,32354,2044.4
23.9934,6,out,32350,2041.2
23.9974,6,out,32346,1921
24.0013,6,out,32342,1961
24.0052,6,out,32338,1881.6
24.0091,6,out,32334,2046.6
24.0136,6,out,32330,2017.4
24.0185,6,out,32326,2114.4
24.0233,6,out,32322,2136.4
24.028,6,out,32318,2096.2
24.0323,6,out,32314,2028.4
24.0377,6,out,32310,1956.2
24.0421,6,out,32306,1938.8
24.0471,6,out,32302,1918.4
24.0517,6,out,32298,1856
24.0563,6,out,32294,1894
24.0608,6,out,32290,1908
24.0653,6,out,32286,1884.6
24.0699,6,out,32282,1846.8
24.0746,6,out,32278,1782.4
24.0795,6,out,32274,1734.6
24.0837,6,out,32270,1751
24.0884,6,out,32266,1694.6
24.0925,6,out,32262,1712
24.0968,6,out,32258,1765.4
24.1009,6,out,32254,1728.8
24.1054,6,out,32250,1746
24.1101,6,out,32246,1765.4
24.1147,6,out,32242,1806
24.1191,6,out,32238,1847.8
24.1234,6,out,32234,1842
24.1273,6,out,32230,1842.2
24.1318,6,out,32226,1788.4
24.1358,6,out,32222,1831.6
24.1401,6,out,32218,1759
24.1447,6,out,32214,1754.6
24.1486,6,out,32210,1837
24.1528,6,out,32206,1770.4
24.1566,6,out,32202,1754.8
24.1605,6,out,32198,1763.2
24.1644,6,out,32194,1784.6
24.1686,6,out,32190,1824.8
24.1733,6,out2,32140,1751.4
24.1775,6,out2,32090,1773
24.1811,6,out2,32040,1713.2
24.1848,6,out2,31990,1823.4
24.1885,6,out2,31940,2004.4
24.1926,6,out2,31890,1816
24.1961,6,out2,31840,1853.6
24.2001,6,out2,31790,1856.4
24.2037,6,out2,31740,1892.4
24.2073,6,out2,31690,1908
24.2106,6,out2,31640,1802.2
24.2146,6,out2,31590,1811
24.218,6,out2,31540,1802.4
24.2213,6,out2,31490,1725
24.2247,6,out2,31440,1521.4
24.2283,6,out2,31390,1336.2
24.232,6,out2,31340,1448.4
24.2364,6,out2,31290,1323.6
24.2402,6,out2,31240,1465.6
24.244,6,out2,31190,1434.6
24.2476,6,out2,31140,1575
24.2514,6,out2,31090,1273.4
24.2548,6,out2,31040,1322.8
24.2584,6,out2,30990,1275.2
24.2618,6,out2,30940,1221.6
24.2657,6,out2,30890,1099.2
24.2698,6,out2,30840,963.4
24.2737,6,out2,30790,926.2
24.2772,6,out2,30740,567.6
24.2808,6,out2,30690,318
24.2846,6,out2,30640,232.6
24.2884,6,out2,30590,34.2
24.2924,7,in,30590,-13.8
24.2959,7,in,30594,14.2
24.2993,7,in,30598,13
24.3037,7,in,30602,32.4
24.3079,7,in,30606,29.6
24.3124,7,in,30610,4
24.3163,7,in,30614,26
24.3199,7,in,30618,28.6
24.3236,7,in,30622,47.2
24.3268,7,in,30626,31.6
24.3303,7,in,30630,33.2
24.3342,7,in,30634,41
24.3377,7,in,30638,8.4
24.3414,7,in,30642,10.6
24.3448,7,in,30646,33.6
24.3485,7,in,30650,33
24.3519,7,in,30654,52.2
24.3556,7,in,30658,14.2
24.359,7,in,30662,-0.8
24.3623,7,in,30666,46.4
24.3658,7,in,30670,41.8
24.3697,7,in,30674,33.2
24.3734,7,in,30678,14.4
24.3766,7,in,30682,42.8
24.3808,7,in,30686,13.6
24.3844,7,in,30690,57.2
24.3877,7,in,30694,14.6
24.3914,7,in,30698,24.2
24.3952,7,in,30702,16
24.3985,7,in,30706,50.6
24.4022,7,in,30710,16
24.4062,7,in,30714,30.8
24.4104,7,in,30718,16.6
24.414,7,in,30722,47.2
24.4177,7,in,30726,38.2
24.4212,7,in,30730,9
24.4245,7,in,30734,1.2
24.4283,7,in,30738,13.2
24.432,7,in,30742,35.8
24.4352,7,in,30746,23.4
24.4387,7,in,30750,45.6
24.4422,7,in,30754,12.4
24.4461,7,in,30758,11.4
24.4496,7,in,30762,22.6
24.4531,7,in,30766,-2.2
24.4568,7,in,30770,18.6
24.4602,7,in,30774,14.4
24.4638,7,in,30778,24.8
24.4672,7,in,30782,40.6
24.4708,7,in,30786,60
24.4742,7,in,30790,-3.2
24.4775,7,in,30794,9.4
24.4808,7,in,30798,27.8
24.4844,7,in,30802,50.8
24.4882,7,in,30806,32.4
24.4917,7,in,30810,15.4
24.4956,7,in,30814,38.8
24.4994,7,in,30818,20.8
24.5028,7,in,30822,18
24.5067,7,in,30826,16.8
24.5104,7,in,30830,14.6
24.5142,7,in,30834,35.2
24.518,7,in,30838,21.6
24.5218,7,in,30842,-23.4
24.5255,7,in,30846,24.4
24.5291,7,in,30850,29.2
24.5333,7,in,30854,32.6
24.5372,7,in,30858,52.6
24.5412,7,in,30862,-8
24.5448,7,in,30866,9.2
24.5485,7,in,30870,58.2
24.5522,7,in,30874,22.8
24.5556,7,in,30878,-20.4
24.5594,7,in,30882,27.6
24.563,7,in,30886,-6.2
24.5684,7,in,30890,42.8
24.5727,7,in,30894,-0.6
24.5763,7,in,30898,15
24.5804,7,in,30902,43.6
24.5855,7,in,30906,71.4
24.5897,7,in,30910,25.2
24.5936,7,in,30914,4.8
24.5971,7,in,30918,32.2
24.6008,7,in,30922,43.2
24.6045,7,in,30926,22.2
24.6086,7,in,30930,18.6
24.6132,7,in,30934,44.6
24.6176,7,in,30938,10.8
24.622,7,in,30942,50.2
24.6262,7,in,30946,39.6
24.6306,7,in,30950,34.2
24.635,7,in,30954,77
24.6394,7,in,30958,39.2
24.644,7,in,30962,27.8
24.6493,7,in,30966,29.2
24.654,7,in,30970,0.6
24.658,7,in,30974,9.6
24.6622,7,in,30978,51.4
24.6668,7,in,30982,9.6
24.6712,7,in,30986,19.6
24.6752,7,in,30990,-14.6
24.6793,7,in,30994,6.8
24.6841,7,in,30998,14.2
24.6879,7,in,31002,54.2
24.6917,7,in,31006,22.8
24.6953,7,in,31010,53.2
24.6994,7,in,31014,85.4
24.7036,7,in,31018,-11.8
24.7081,7,in,31022,-15.8
24.7125,7,in,31026,121.4
24.7168,7,in,31030,75.4
24.7205,7,in,31034,46.8
24.7247,7,in,31038,116.4
24.7288,7,in,31042,77.6
24.733,7,in,31046,120.2
24.7374,7,in,31050,82.2
24.7419,7,in,31054,96.4
24.7464,7,in,31058,96.2
24.75,7,in,31062,115.4
24.7535,7,in,31066,105.8
24.7576,7,in,31070,91.2
24.7616,7,in,31074,141
24.7659,7,in,31078,50.8
24.77,7,in,31082,93.6
24.7744,7,in,31086,124.4
24.7793,7,in,31090,103.6
24.7842,7,in,31094,63.8
24.7884,7,in,31098,78.8
24.7931,7,in,31102,77.6
24.798,7,in,31106,90.4
24.8017,7,in,31110,80.6
24.8053,7,in,31114,138.6
24.8095,7,in,31118,82.4
24.8134,7,in,31122,151.4
24.8173,7,in,31126,98.4
24.8212,7,in,31130,75.8
24.8255,7,in,31134,153.2
24.8299,7,in,31138,66.8
24.8347,7,in,31142,156.6
24.8387,7,in,31146,77.2
24.8431,7,in,31150,151.8
24.8472,7,in,31154,161
24.852,7,in,31158,114.8
24.8564,7,in,31162,112.4
24.8607,7,in,31166,36
24.865,7,in,31170,122.6
24.8705,7,in,31174,110.4
24.8751,7,in,31178,121
24.8798,7,in,31182,126.4
24.8842,7,in,31186,104.2
24.889,7,in,31190,43.8
24.8932,7,in,31194,90
24.8974,7,in,31198,120.6
24.9021,7,in,31202,54.2
24.9071,7,in,31206,47.8
24.911,7,in,31210,11.2
24.9154,7,in,31214,9.4
24.9198,7,in,31218,132.2
24.9238,7,in,31222,124.6
24.9277,7,in,31226,30
24.9316,7,in,31230,86.8
24.9364,7,in,31234,88.2
24.941,7,in,31238,100
24.9454,7,in,31242,117.2
24.9503,7,in,31246,89.4
24.9544,7,in,31250,46.2
24.9589,7,in,31254,42.8
24.9632,7,in,31258,88.2
24.9676,7,in,31262,102.4
24.9715,7,in,31266,122.6
24.9755,7,in,31270,85.2
24.9795,7,in,31274,98
24.9833,7,in,31278,19.2
24.9877,7,in,31282,32.2
24.992,7,in,31286,51.8
24.9965,7,in,31290,95
25.0007,7,in,31294,46.8
25.0049,7,in,31298,149.6
25.0089,7,in,31302,33.6
25.0141,7,in,31306,131.6
25.0187,7,in,31310,186.6
25.0228,7,in,31314,77.6
25.0275,7,in,31318,162.6
25.0322,7,in,31322,168.4
25.0367,7,in,31326,130.2
25.0416,7,in,31330,190.6
25.0463,7,in,31334,218
25.0516,7,in,31338,163.6
25.0568,7,in,31342,175.6
25.0613,7,in,31346,210.2
25.066,7,in,31350,205
25.0704,7,in,31354,176
25.0746,7,in,31358,189.4
25.0797,7,in,31362,185.2
25.0852,7,in,31366,172.8
25.0903,7,in,31370,157.6
25.0951,7,in,31374,177.8
25.0998,7,in,31378,160.4
25.105,7,in,31382,149.4
25.1097,7,in,31386,162.6
25.1144,7,in,31390,214.8
25.1189,7,in,31394,203.4
25.1237,7,in,31398,162
25.1289,7,in,31402,209.2
25.1339,7,in,31406,190.2
25.1385,7,in,31410,156.8
25.1439,7,in,31414,157.6
25.1487,7,in,31418,161.8
25.1531,7,in,31422,177.2
25.1581,7,in,31426,233.2
25.162,7,in,31430,301.2
25.166,7,in,31434,175.6
25.1701,7,in,31438,171.4
25.1748,7,in,31442,85.2
25.179,7,in,31446,201
25.1832,7,in,31450,148.2
25.1876,7,in,31454,183
25.1915,7,in,31458,145.6
25.1959,7,in,31462,157.6
25.1999,7,in,31466,180
25.2039,7,in,31470,175.2
25.2083,7,in,31474,170.8
25.2127,7,in,31478,131.4
25.2168,7,in,31482,179
25.2211,7,in,31486,102.4
25.2251,7,in,31490,74
25.2301,7,in,31494,76.2
25.2342,7,in,31498,74
25.2384,7,in,31502,172.2
25.2429,7,in,31506,104.4
25.2481,7,in,31510,145.4
25.2526,7,in,31514,141
25.2572,7,in,31518,166.4
25.2621,7,in,31522,106.8
25.2673,7,in,31526,187.6
25.2721,7,in,31530,55.4
25.2774,7,in,31534,28.2
25.2816,7,in,31538,90.8
25.2861,7,in,31542,56.4
25.2912,7,in,31546,69.8
25.2961,7,in,31550,70.2
25.3012,7,in,31554,57.6
25.3062,7,in,31558,114
25.3113,7,in,31562,44.6
25.3161,7,in,31566,112.8
25.322,7,in,31570,33.8
25.3273,7,in,31574,52.8
25.3326,7,in,31578,53
25.3371,7,in,31582,71
25.342,7,in,31586,35
25.3467,7,in,31590,63
25.3514,7,in,31594,57.2
25.3568,7,in,31598,65.4
25.3616,7,in,31602,78.2
25.3664,7,in,31606,65.2
25.3712,7,in,31610,66.8
25.376,7,in,31614,28.6
25.3802,7,in,31618,84.8
25.3848,7,in,31622,68.4
25.3892,7,in,31626,26
25.3938,7,in,31630,56.4
25.3985,7,in,31634,46
25.4025,7,in,31638,8.2
25.4069,7,in,31642,64
25.4111,7,in,31646,46.6
25.4157,7,in,31650,28.8
25.4201,7,in,31654,50
25.4245,7,in,31658,121
25.4288,7,in,31662,60.4
25.4327,7,in,31666,43.4
25.4366,7,in,31670,17.6
25.4411,7,in,31674,61.4
25.4462,7,in,31678,81.4
25.4505,7,in,31682,87.2
25.4551,7,in,31686,24.2
25.4592,7,in,31690,76.4
25.4638,7,in,31694,74.8
25.4681,7,in,31698,90
25.4723,7,in,31702,19.8
25.4769,7,in,31706,-10.6
25.482,7,in,31710,42.6
25.4861,7,in,31714,61.4
25.4903,7,in,31718,53.6
25.4946,7,in,31722,23.2
25.4997,7,in,31726,73.8
25.504,7,in,31730,87.4
25.5085,7,in,31734,59.2
25.5124,7,in,31738,47.2
25.5177,7,in,31742,96.6
25.5215,7,in,31746,52.2
25.5259,7,in,31750,58.8
25.5299,7,in,31754,63.6
25.534,7,in,31758,134.2
25.5383,7,in,31762,66.2
25.5425,7,in,31766,39.4
25.5466,7,in,31770,75.6
25.5508,7,in,31774,58.4
25.5553,7,in,31778,91
25.5596,7,in,31782,61
25.5641,7,in,31786,72.8
25.5685,7,in,31790,118.4
25.5725,7,in,31794,75.6
25.5772,7,in,31798,31.2
25.5817,7,in,31802,128
25.5864,7,in,31806,70
25.5907,7,in,31810,33.2
25.5946,7,in,31814,251.6
25.5989,7,in,31818,272.8
25.6033,7,in,31822,261.2
25.6078,7,in,31826,220.4
25.612,7,in,31830,223.2
25.6166,7,in,31834,264.8
25.6207,7,in,31838,220
25.626,7,in,31842,242.2
25.6303,7,in,31846,240
25.6345,7,in,31850,323.6
25.6387,7,in,31854,212.6
25.6438,7,in,31858,236.6
25.6482,7,in,31862,251.2
25.6523,7,in,31866,290.2
25.6566,7,in,31870,272.4
25.662,7,in,31874,228
25.6666,7,in,31878,270
25.6705,7,in,31882,199.8
25.6751,7,in,31886,262.4
25.6811,7,in,31890,229.8
25.6858,7,in,31894,237.6
25.6906,7,in,31898,171.4
25.6949,7,in,31902,204.8
25.6999,7,in,31906,284.8
25.7046,7,in,31910,303
25.709,7,in,31914,274.4
25.714,7,in,31918,288.4
25.7187,7,in,31922,300.6
25.7238,7,in,31926,253
25.7284,7,in,31930,234.6
25.7331,7,in,31934,273
25.7378,7,in,31938,194.2
25.7429,7,in,31942,189.6
25.7476,7,in,31946,225.8
25.7521,7,in,31950,209.8
25.7563,7,in,31954,267.2
25.7605,7,in,31958,312.2
25.7645,7,in,31962,310.2
25.7686,7,in,31966,273.4
25.7729,7,in,31970,264.6
25.7774,7,in,31974,256.8
25.7814,7,in,31978,311
25.7858,7,in,31982,291.8
25.7906,7,in,31986,269.4
25.7959,7,in,31990,318
25.8009,7,in,31994,299.6
25.805,7,in,31998,324
25.8092,7,in,32002,306.8
25.8131,7,in,32006,294.8
25.8172,7,in,32010,335.4
25.8223,7,in,32014,310
25.8268,7,in,32018,279.6
25.8311,7,in,32022,292.8
25.8356,7,in,32026,243.8
25.8414,7,in,32030,288.6
25.8464,7,in,32034,270.8
25.8512,7,in,32038,286.6
25.8551,7,in,32042,257.8
25.8595,7,in,32046,264.2
25.8634,7,in,32050,309.8
25.8674,7,in,32054,395.2
25.8718,7,in,32058,315.4
25.8774,7,in,32062,305.4
25.8813,7,in,32066,275
25.8854,7,in,32070,265.8
25.89,7,in,32074,285.2
25.895,7,in,32078,288
25.8991,7,in,32082,267.4
25.903,7,in,32086,280
25.9075,7,in,32090,268.2
25.9122,7,in,32094,309.6
25.9171,7,in,32098,267.6
25.9219,7,in,32102,297.2
25.927,7,in,32106,292.6
25.9319,7,in,32110,293
25.9368,7,in,32114,227.6
25.9416,7,in,32118,212.6
25.9464,7,in,32122,299.6
25.951,7,in,32126,163.2
25.9556,7,in,32130,293.6
25.9603,7,in,32134,282
25.9654,7,in,32138,170.8
25.97,7,in,32142,107
25.9748,7,in,32146,167
25.9798,7,in,32150,210.8
25.9848,7,in,32154,206.8
25.9891,7,in,32158,349
25.9933,7,in,32162,330.8
25.9986,7,in,32166,330.4
26.0037,7,in,32170,282.6
26.0087,7,in,32174,294.4
26.014,7,in,32178,291
26.0187,7,in,32182,306
26.0241,7,in,32186,312.4
26.0284,7,in,32190,293.8
26.0331,7,in,32194,240.8
26.0385,7,in,32198,246
26.0436,7,in,32202,255.6
26.0484,7,in,32206,278
26.0532,7,in,32210,229.4
26.0579,7,in,32214,312
26.0628,7,in,32218,206.8
26.0675,7,in,32222,311.2
26.0723,7,in,32226,234.6
26.0769,7,in,32230,193.6
26.0817,7,in,32234,255.4
26.0867,7,in,32238,298.4
26.0916,7,in,32242,184.6
26.0963,7,in,32246,212.2
26.1012,7,in,32250,315.4
26.106,7,in,32254,268.8
26.1107,7,in,32258,296
26.1157,7,in,32262,293.4
26.12,7,in,32266,276.8
26.125,7,in,32270,339.2
26.1297,7,in,32274,352.4
26.1338,7,in,32278,284.2
26.1377,7,in,32282,198.8
26.1418,7,in,32286,136.6
26.146,7,in,32290,139.2
26.1503,7,in,32294,165.8
26.1545,7,in,32298,163.8
26.1592,7,in,32302,161.6
26.1639,7,in,32306,138.2
26.1683,7,in,32310,102.4
26.1725,7,in,32314,93
26.1768,7,in,32318,118
26.1805,7,in,32322,110.8
26.1842,7,in,32326,157.6
26.1881,7,in,32330,120.4
26.1921,7,in,32334,92
26.1959,7,in,32338,154.4
26.1997,7,in,32342,108.4
26.2037,7,in,32346,114.2
26.2076,7,in,32350,171.4
26.2115,7,in,32354,149.8
26.2157,7,in,32358,152.8
26.2193,7,in,32362,122.8
26.2228,7,in,32366,166.4
26.2263,7,in,32370,147.4
26.2301,7,in,32374,144.8
26.2341,7,in,32378,135
26.2385,7,in,32382,177.4
26.2421,7,in,32386,145.4
26.246,7,in,32390,139.8
26.2495,7,in,32394,172.2
26.2531,7,in,32398,170.4
26.2569,7,in,32402,184.6
26.2606,7,in,32406,250.8
26.2637,7,in,32410,251.4
26.2673,7,in,32414,197.8
26.2711,7,in,32418,162.8
26.2746,7,in,32422,164.4
26.2785,7,in,32426,144.6
26.2827,7,in,32430,159
26.2867,7,in,32434,153.6
26.2908,7,in,32438,128.6
26.2948,7,in,32442,148.6
26.2982,7,in,32446,162.4
26.3018,7,in,32450,160.6
26.3062,7,in,32454,132
26.3098,7,in,32458,216.6
26.3134,7,in,32462,181.4
26.3175,7,in,32466,237.2
26.3211,7,in,32470,215.8
26.3251,7,in,32474,150.6
26.3296,7,in,32478,127.8
26.3335,7,in,32482,224.2
26.337,7,in,32486,190.2
26.3416,7,in,32490,175.4
26.3459,7,in,32494,202
26.3501,7,in,32498,246
26.3541,7,in,32502,270
26.3581,7,in,32506,258.2
26.3622,7,in,32510,268.2
26.3658,7,in,32514,231.8
26.3698,7,in,32518,252.4
26.3737,7,in,32522,185.6
26.3775,7,in,32526,227.4
26.3815,7,in,32530,222.8
26.3852,7,in,32534,236
26.3895,7,in,32538,225.2
26.3937,7,in,32542,205.2
26.3976,7,in,32546,235.4
26.4015,7,in,32550,247.4
26.4053,7,in,32554,217.2
26.4086,7,in,32558,215.6
26.4128,7,in,32562,264
26.4166,7,in,32566,301.8
26.4211,7,in,32570,245.6
26.4257,7,in,32574,206
26.4303,7,in,32578,239.2
26.4351,7,in,32582,240
26.4393,7,in,32586,289
26.4434,7,in,32590,283
26.4476,7,in,32594,309.6
26.4521,7,in,32598,296.8
26.457,7,in,32602,363
26.4612,7,in,32606,347
26.4655,7,in,32610,387
26.4699,7,in,32614,356.2
26.4738,7,in,32618,381.8
26.4781,7,in,32622,383.4
26.4829,7,in,32626,440.2
26.4873,7,in,32630,489.6
26.4919,7,in,32634,694.6
26.4969,7,in,32638,629.8
26.5012,7,in,32642,667.4
26.5055,7,in,32646,700
26.5094,7,in,32650,705
26.5133,7,in,32654,801.2
26.5172,7,in,32658,814.6
26.5209,7,in,32662,749.6
26.5253,7,in,32666,783.6
26.5293,7,in,32670,744.8
26.5335,7,in,32674,824.6
26.5382,7,in,32678,829.4
26.5424,7,in,32682,846.6
26.5459,7,in,32686,830
26.5496,7,in,32690,576.8
26.5538,7,in,32694,898.4
26.5582,7,in,32698,890
26.5622,7,in,32702,938.2
26.5662,7,in,32706,936.6
26.5701,7,in,32710,973.4
26.5739,7,in,32714,1271.2
26.5783,7,out,32710,1255.8
26.5822,7,out,32706,1233.2
26.586,7,out,32702,1253.2
26.5902,7,out,32698,1198.4
26.5937,7,out,32694,1184.2
26.5977,7,out,32690,1187.6
26.6021,7,out,32686,1256.8
26.6067,7,out,32682,1271.4
26.6108,7,out,32678,1204.6
26.6144,7,out,32674,1345.6
26.6183,7,out,32670,1400.6
26.6223,7,out,32666,1476.2
26.6262,7,out,32662,1358
26.6305,7,out,32658,1454.4
26.6348,7,out,32654,1556.6
26.6392,7,out,32650,1372
26.6437,7,out,32646,1505.2
26.648,7,out,32642,1543.2
26.6522,7,out,32638,1497
26.6562,7,out,32634,1508.2
26.6603,7,out,32630,1626.8
26.6642,7,out,32626,1463.2
26.6682,7,out,32622,1517
26.6722,7,out,32618,1536
26.6759,7,out,32614,1612.2
26.6799,7,out,32610,1749.4
26.6839,7,out,32606,1634.6
26.6884,7,out,32602,1586
26.6927,7,out,32598,1564
26.6966,7,out,32594,1633
26.7009,7,out,32590,1581.6
26.7049,7,out,32586,1587
26.709,7,out,32582,1604
26.713,7,out,32578,1602.2
26.7174,7,out,32574,1595.4
26.7213,7,out,32570,1612.8
26.7252,7,out,32566,1558.2
26.7295,7,out,32562,1601.2
26.7336,7,out,32558,1591
26.7381,7,out,32554,1654.4
26.7424,7,out,32550,1572.4
26.7464,7,out,32546,1697.6
26.7504,7,out,32542,1715
26.7543,7,out,32538,1751.4
26.7584,7,out,32534,1698.2
26.7623,7,out,32530,1695.8
26.7664,7,out,32526,1703.6
26.7706,7,out,32522,1594
26.7747,7,out,32518,1589.6
26.7788,7,out,32514,1668.2
26.7828,7,out,32510,2007.8
26.7867,7,out,32506,1876.4
26.7909,7,out,32502,1849
26.795,7,out,32498,1646
26.7988,7,out,32494,1710.8
26.8025,7,out,32490,1709.2
26.8062,7,out,32486,1728.6
26.8101,7,out,32482,1679.2
26.8141,7,out,32478,1689.6
26.818,7,out,32474,1775.6
26.8222,7,out,32470,1703.2
26.8257,7,out,32466,1705
26.8295,7,out,32462,1796.2
26.8339,7,out,32458,1866.4
26.8376,7,out,32454,1810.6
26.8415,7,out,32450,1763.8
26.8451,7,out,32446,1865.2
26.849,7,out,32442,1806.6
26.8531,7,out,32438,1786.6
26.8575,7,out,32434,1796.2
26.8619,7,out,32430,1752.6
26.8657,7,out,32426,1784
26.8699,7,out,32422,1728.6
26.8743,7,out,32418,1763.8
26.8789,7,out,32414,1770
26.8832,7,out,32410,1697.8
26.8877,7,out,32406,1654.4
26.8922,7,out,32402,1656.8
26.8969,7,out,32398,1653.4
26.9012,7,out,32394,1627.8
26.9056,7,out,32390,1735.8
26.9098,7,out,32386,1727
26.9144,7,out,32382,1775.8
26.9195,7,out,32378,1798
26.9239,7,out,32374,1774.2
26.9282,7,out,32370,1765
26.9328,7,out,32366,1775.2
26.9374,7,out,32362,1811.8
26.9426,7,out,32358,1701.8
26.9475,7,out,32354,1780.6
26.9524,7,out,32350,1772.4
26.9577,7,out,32346,1806
26.9631,7,out,32342,1815.8
26.9678,7,out,32338,1852
26.972,7,out,32334,1838.2
26.9763,7,out,32330,1791.6
26.9806,7,out,32326,1800.6
26.985,7,out,32322,1877.6
26.9892,7,out,32318,1767.6
26.9939,7,out,32314,1790.6
26.9986,7,out,32310,1806
27.0032,7,out,32306,1841.6
27.0082,7,out,32302,1758.4
27.0132,7,out,32298,1789.2
27.0182,7,out,32294,1797.6
27.0235,7,out,32290,1808.8
27.0283,7,out,32286,1793.6
27.0326,7,out,32282,1776.4
27.0373,7,out,32278,1768.2
27.0421,7,out,32274,1816.2
27.0477,7,out,32270,1772.8
27.0525,7,out,32266,1843.4
27.0577,7,out,32262,1842.8
27.0625,7,out,32258,1898.6
27.0673,7,out,32254,1813.4
27.0719,7,out,32250,1882.8
27.0761,7,out,32246,1782
27.0807,7,out,32242,1759.2
27.0854,7,out,32238,1822.8
27.0903,7,out,32234,1754.6
27.0949,7,out,32230,1814
27.0998,7,out,32226,1785.2
27.1042,7,out,32222,1795.8
27.1093,7,out,32218,1797.2
27.1142,7,out,32214,1809.6
27.119,7,out,32210,1844.4
27.1232,7,out,32206,1835.6
27.1278,7,out,32202,1849
27.1324,7,out,32198,1815.2
27.1378,7,out,32194,1795.6
27.1428,7,out,32190,1850
27.1475,7,out,32186,1933.8
27.1524,7,out,32182,1899
27.1576,7,out,32178,1869.8
27.162,7,out,32174,1812
27.1667,7,out,32170,1827
27.1712,7,out,32166,1755.8
27.1764,7,out,32162,1855
27.1811,7,out,32158,1734.8
27.1854,7,out,32154,1632.6
27.1902,7,out,32150,1702.2
27.1973,7,out,32146,1630
27.2018,7,out,32142,1822.4
27.2063,7,out,32138,1890.4
27.2106,7,out,32134,1834.6
27.2162,7,out,32130,1870
27.2208,7,out,32126,1923.6
27.2259,7,out,32122,1865.6
27.2309,7,out,32118,1909.6
27.2353,7,out,32114,1881.2
27.2397,7,out2,32064,1889.4
27.2445,7,out2,32014,1902
27.249,7,out2,31964,1955.4
27.2539,7,out2,31914,1928.4
27.2582,7,out2,31864,1864.4
27.2628,7,out2,31814,1901.4
27.2674,7,out2,31764,1933.6
27.2715,7,out2,31714,1850.6
27.276,7,out2,31664,1821.8
27.2803,7,out2,31614,1923.4
27.2847,7,out2,31564,1692
27.2889,7,out2,31514,1587.8
27.2935,7,out2,31464,1609.4
27.2987,7,out2,31414,1445.4
27.3042,7,out2,31364,1368.8
27.3096,7,out2,31314,1351.2
27.3148,7,out2,31264,1362.8
27.3197,7,out2,31214,1399.2
27.3258,7,out2,31164,1228.2
27.3303,7,out2,31114,1516.6
27.3359,7,out2,31064,1782.8
27.3406,7,out2,31014,1518.4
27.345,7,out2,30964,1478.8
27.3495,7,out2,30914,1453
27.3541,7,out2,30864,1332.4
27.3592,7,out2,30814,1648.4
27.3638,7,out2,30764,1244.8
27.3691,7,out2,30714,330.2
27.3737,7,out2,30664,130.6
27.3786,8,in,30664,134
27.3836,8,in,30668,98.8
27.3883,8,in,30672,34.6
27.3938,8,in,30676,66.2
27.3987,8,in,30680,101.8
27.4029,8,in,30684,43.6
27.4076,8,in,30688,54.2
27.4119,8,in,30692,66.8
27.4165,8,in,30696,45.8
27.4205,8,in,30700,82
27.4249,8,in,30704,45.4
27.4293,8,in,30708,59
27.4334,8,in,30712,94
27.4375,8,in,30716,63.6
27.4421,8,in,30720,70.6
27.4467,8,in,30724,66.6
27.4519,8,in,30728,68.4
27.4558,8,in,30732,94.2
27.4599,8,in,30736,57.2
27.464,8,in,30740,21.6
27.4693,8,in,30744,61
27.4737,8,in,30748,52
27.4781,8,in,30752,31.6
27.4824,8,in,30756,66
27.4876,8,in,30760,26.6
27.492,8,in,30764,65.6
27.496,8,in,30768,113
27.5003,8,in,30772,61
27.5051,8,in,30776,48.8
27.51,8,in,30780,34.8
27.5147,8,in,30784,51.2
27.5199,8,in,30788,47.2
27.5247,8,in,30792,51
27.5295,8,in,30796,47.4
27.534,8,in,30800,59
27.5382,8,in,30804,21.8
27.5422,8,in,30808,24.6
27.546,8,in,30812,74.8
27.55,8,in,30816,95.2
27.5541,8,in,30820,67.6
27.5588,8,in,30824,6
27.5631,8,in,30828,57.6
27.5673,8,in,30832,56.4
27.5721,8,in,30836,22.4
27.5777,8,in,30840,32.8
27.5824,8,in,30844,83.8
27.5874,8,in,30848,16.4
27.5924,8,in,30852,-5.6
27.5968,8,in,30856,42.4
27.6018,8,in,30860,54.6
27.6063,8,in,30864,25
27.6121,8,in,30868,43.2
27.6167,8,in,30872,82
27.6213,8,in,30876,32.4
27.626,8,in,30880,27.6
27.6305,8,in,30884,60.2
27.6354,8,in,30888,88
27.6401,8,in,30892,84.6
27.6448,8,in,30896,86.8
27.6495,8,in,30900,125.8
27.6542,8,in,30904,170.2
27.6594,8,in,30908,142.8
27.6651,8,in,30912,139.4
27.6695,8,in,30916,135.8
27.6743,8,in,30920,165.6
27.6795,8,in,30924,138.6
27.6845,8,in,30928,151.2
27.6889,8,in,30932,151.4
27.6929,8,in,30936,180.8
27.697,8,in,30940,147
27.7006,8,in,30944,186.6
27.7041,8,in,30948,185
27.708,8,in,30952,163
27.7122,8,in,30956,132.6
27.717,8,in,30960,155
27.7207,8,in,30964,136
27.7244,8,in,30968,136.2
27.7285,8,in,30972,152.8
27.732,8,in,30976,150.2
27.7361,8,in,30980,172.8
27.74,8,in,30984,136.2
27.7437,8,in,30988,144.8
27.7476,8,in,30992,191
27.7514,8,in,30996,155
27.7558,8,in,31000,180
27.76,8,in,31004,135.2
27.7645,8,in,31008,138.4
27.7688,8,in,31012,174.2
27.7732,8,in,31016,135.8
27.7775,8,in,31020,154.2
27.7813,8,in,31024,126
27.785,8,in,31028,150
27.7892,8,in,31032,111
27.7931,8,in,31036,113
27.7977,8,in,31040,208.8
27.802,8,in,31044,103.6
27.8069,8,in,31048,205.4
27.8116,8,in,31052,177.2
27.8159,8,in,31056,186.6
27.8204,8,in,31060,182.4
27.8251,8,in,31064,202.8
27.8294,8,in,31068,152.8
27.8343,8,in,31072,203.8
27.8387,8,in,31076,207
27.8433,8,in,31080,215.2
27.8483,8,in,31084,114.2
27.8534,8,in,31088,62.6
27.859,8,in,31092,133
27.8635,8,in,31096,153.4
27.8677,8,in,31100,129.4
27.8719,8,in,31104,58.2
27.877,8,in,31108,94.2
27.8818,8,in,31112,136.8
27.8867,8,in,31116,113.2
27.8913,8,in,31120,88.6
27.896,8,in,31124,147
27.9005,8,in,31128,151
27.9044,8,in,31132,147
27.9084,8,in,31136,100.4
27.9133,8,in,31140,90
27.9188,8,in,31144,132.4
27.9243,8,in,31148,120.8
27.9292,8,in,31152,135.4
27.9336,8,in,31156,124.2
27.9383,8,in,31160,121.2
27.9438,8,in,31164,134
27.9492,8,in,31168,151.8
27.9538,8,in,31172,117.2
27.9597,8,in,31176,68
27.9647,8,in,31180,155.2
27.9695,8,in,31184,109.6
27.9748,8,in,31188,140.8
27.9802,8,in,31192,157
27.9853,8,in,31196,244.2
27.9907,8,in,31200,213.2
27.9962,8,in,31204,192.2
28.0012,8,in,31208,204.6
28.006,8,in,31212,101.4
28.0111,8,in,31216,134.4
28.0166,8,in,31220,113.8
28.0219,8,in,31224,150.4
28.0266,8,in,31228,107.8
28.0318,8,in,31232,151.8
28.0366,8,in,31236,117.6
28.0412,8,in,31240,68.4
28.0455,8,in,31244,138.4
28.0504,8,in,31248,85.8
28.0565,8,in,31252,100.6
28.0611,8,in,31256,124
28.066,8,in,31260,133.4
28.071,8,in,31264,116
28.0754,8,in,31268,73.2
28.0799,8,in,31272,123
28.0849,8,in,31276,120.2
28.0894,8,in,31280,75
28.094,8,in,31284,102.6
28.0989,8,in,31288,146.8
28.104,8,in,31292,134
28.109,8,in,31296,129.6
28.1138,8,in,31300,116.2
28.1185,8,in,31304,100.4
28.1234,8,in,31308,129
28.1286,8,in,31312,153.2
28.1333,8,in,31316,129.4
28.1385,8,in,31320,132.2
28.1431,8,in,31324,144.2
28.1476,8,in,31328,127.8
28.152,8,in,31332,102.6
28.1563,8,in,31336,105.8
28.1608,8,in,31340,85.4
28.1659,8,in,31344,108
28.1705,8,in,31348,108.8
28.1754,8,in,31352,145.2
28.1803,8,in,31356,157
28.1852,8,in,31360,192
28.1897,8,in,31364,129.2
28.1944,8,in,31368,124.6
28.199,8,in,31372,114.2
28.2038,8,in,31376,135.4
28.2088,8,in,31380,107.6
28.2139,8,in,31384,105.2
28.2183,8,in,31388,153.8
28.2227,8,in,31392,135.2
28.2271,8,in,31396,69.6
28.2315,8,in,31400,117.4
28.2356,8,in,31404,151
28.2396,8,in,31408,170.4
28.2443,8,in,31412,144.2
28.2491,8,in,31416,94
28.2537,8,in,31420,97.4
28.2585,8,in,31424,68.2
28.263,8,in,31428,172.6
28.2678,8,in,31432,155
28.2733,8,in,31436,124.8
28.2779,8,in,31440,130.2
28.2825,8,in,31444,130.4
28.287,8,in,31448,119
28.2921,8,in,31452,104
28.2967,8,in,31456,109.4
28.3013,8,in,31460,152.2
28.3059,8,in,31464,99.8
28.3112,8,in,31468,123
28.3153,8,in,31472,177
28.3197,8,in,31476,92
28.3241,8,in,31480,102.4
28.3293,8,in,31484,107.2
28.3335,8,in,31488,77
28.3387,8,in,31492,85.4
28.3431,8,in,31496,67.4
28.3474,8,in,31500,121
28.3519,8,in,31504,61.8
28.3561,8,in,31508,132.2
28.3603,8,in,31512,70.2
28.3652,8,in,31516,109
28.3698,8,in,31520,165.4
28.3736,8,in,31524,154.6
28.378,8,in,31528,67
28.3834,8,in,31532,101.2
28.3876,8,in,31536,118
28.3916,8,in,31540,152
28.3961,8,in,31544,92.2
28.4009,8,in,31548,145
28.4049,8,in,31552,100.4
28.4091,8,in,31556,131
28.4135,8,in,31560,132.2
28.4182,8,in,31564,114
28.4227,8,in,31568,84
28.427,8,in,31572,156.2
28.4313,8,in,31576,164
28.4358,8,in,31580,100.8
28.4403,8,in,31584,85
28.4444,8,in,31588,104.6
28.4489,8,in,31592,138.6
28.4538,8,in,31596,151
28.4584,8,in,31600,54.4
28.463,8,in,31604,136.4
28.4672,8,in,31608,165.4
28.4716,8,in,31612,114.8
28.4757,8,in,31616,115.4
28.4806,8,in,31620,110.8
28.4846,8,in,31624,126.2
28.4887,8,in,31628,148.4
28.4931,8,in,31632,129.6
28.4969,8,in,31636,115.8
28.5013,8,in,31640,110
28.5055,8,in,31644,113.4
28.5101,8,in,31648,146.6
28.5142,8,in,31652,137
28.5185,8,in,31656,100
28.5231,8,in,31660,104.4
28.5272,8,in,31664,102.8
28.5311,8,in,31668,147.2
28.5352,8,in,31672,103.4
28.5395,8,in,31676,124.6
28.5438,8,in,31680,80.4
28.548,8,in,31684,132.4
28.5524,8,in,31688,169
28.5574,8,in,31692,117.6
28.5619,8,in,31696,161.2
28.5666,8,in,31700,169.2
28.5705,8,in,31704,165.6
28.5751,8,in,31708,113.2
28.5793,8,in,31712,83.2
28.5836,8,in,31716,87.4
28.5879,8,in,31720,112.6
28.5918,8,in,31724,102.8
28.5958,8,in,31728,154.6
28.6005,8,in,31732,138.8
28.605,8,in,31736,129.4
28.6091,8,in,31740,142.4
28.6131,8,in,31744,110.8
28.6182,8,in,31748,127.6
28.6223,8,in,31752,139.6
28.6264,8,in,31756,71.6
28.6308,8,in,31760,137.2
28.6356,8,in,31764,99.2
28.6399,8,in,31768,150.4
28.6441,8,in,31772,135
28.6486,8,in,31776,75.2
28.6529,8,in,31780,146.8
28.6575,8,in,31784,168.4
28.6618,8,in,31788,95.4
28.6668,8,in,31792,147.8
28.6711,8,in,31796,72.6
28.6753,8,in,31800,90.6
28.6804,8,in,31804,132.8
28.6856,8,in,31808,113
28.69,8,in,31812,150.2
28.6944,8,in,31816,144.6
28.6987,8,in,31820,201.6
28.7034,8,in,31824,139.8
28.7083,8,in,31828,144.2
28.7132,8,in,31832,166.6
28.7178,8,in,31836,153.2
28.7229,8,in,31840,174.8
28.7278,8,in,31844,193.2
28.7328,8,in,31848,166
28.7375,8,in,31852,152.2
28.7427,8,in,31856,132.8
28.7475,8,in,31860,103
28.7528,8,in,31864,141.8
28.7586,8,in,31868,143.4
28.7629,8,in,31872,152.6
28.7671,8,in,31876,204.4
28.7714,8,in,31880,134.2
28.7758,8,in,31884,132.2
28.7797,8,in,31888,152.8
28.7837,8,in,31892,193.6
28.7881,8,in,31896,150.8
28.7927,8,in,31900,127
28.7975,8,in,31904,146
28.802,8,in,31908,140.8
28.8065,8,in,31912,166.4
28.8105,8,in,31916,144.2
28.8142,8,in,31920,145.2
28.8182,8,in,31924,203.8
28.8224,8,in,31928,122.4
28.8267,8,in,31932,146
28.8307,8,in,31936,182
28.8343,8,in,31940,145
28.8388,8,in,31944,122.6
28.843,8,in,31948,167
28.8468,8,in,31952,110.4
28.8511,8,in,31956,201.8
28.8549,8,in,31960,189.4
28.8593,8,in,31964,185.2
28.8639,8,in,31968,191
28.8686,8,in,31972,133
28.8731,8,in,31976,137.2
28.8775,8,in,31980,126
28.8833,8,in,31984,131.2
28.8877,8,in,31988,165
28.892,8,in,31992,87.4
28.8971,8,in,31996,153.4
28.9017,8,in,32000,137.4
28.9064,8,in,32004,113
28.9109,8,in,32008,157
28.9165,8,in,32012,166.2
28.9212,8,in,32016,131.6
28.9261,8,in,32020,143.4
28.9305,8,in,32024,155.6
28.9354,8,in,32028,154.8
28.94,8,in,32032,192.6
28.9445,8,in,32036,100.8
28.9489,8,in,32040,132.6
28.9536,8,in,32044,148.4
28.9588,8,in,32048,105.6
28.9639,8,in,32052,135.8
28.9691,8,in,32056,160
28.9742,8,in,32060,157.6
28.9792,8,in,32064,149.2
28.9844,8,in,32068,178.2
28.9896,8,in,32072,157.6
28.995,8,in,32076,137.6
29.0004,8,in,32080,155.8
29.0055,8,in,32084,163.6
29.0101,8,in,32088,154.2
29.0148,8,in,32092,139.8
29.0191,8,in,32096,181.8
29.0242,8,in,32100,164.2
29.0288,8,in,32104,191
29.0332,8,in,32108,141.8
29.0383,8,in,32112,144.2
29.0437,8,in,32116,127.2
29.0485,8,in,32120,133
29.0535,8,in,32124,140.8
29.0589,8,in,32128,145
29.0639,8,in,32132,216.6
29.0687,8,in,32136,178.4
29.0734,8,in,32140,190.2
29.0777,8,in,32144,234.4
29.0824,8,in,32148,159
29.0875,8,in,32152,167.8
29.092,8,in,32156,190.8
29.0968,8,in,32160,144.4
29.1014,8,in,32164,149.6
29.1056,8,in,32168,216.4
29.1097,8,in,32172,118
29.114,8,in,32176,151.2
29.1186,8,in,32180,166.6
29.1233,8,in,32184,157.4
29.1282,8,in,32188,165.2
29.1331,8,in,32192,170.4
29.1374,8,in,32196,123.6
29.1415,8,in,32200,184.6
29.1466,8,in,32204,152.2
29.1517,8,in,32208,161.2
29.1564,8,in,32212,155.8
29.1614,8,in,32216,157.4
29.1665,8,in,32220,205.6
29.1712,8,in,32224,193.4
29.176,8,in,32228,211.6
29.1811,8,in,32232,292
29.1863,8,in,32236,138.2
29.1913,8,in,32240,166.6
29.1969,8,in,32244,180.8
29.2019,8,in,32248,241.8
29.2067,8,in,32252,301
29.2115,8,in,32256,301.6
29.216,8,in,32260,274.4
29.2209,8,in,32264,271.8
29.2258,8,in,32268,295.8
29.2307,8,in,32272,276.2
29.2356,8,in,32276,233.2
29.24,8,in,32280,257.4
29.2445,8,in,32284,231.4
29.2486,8,in,32288,256
29.2531,8,in,32292,283.6
29.2578,8,in,32296,252.8
29.2624,8,in,32300,199
29.2666,8,in,32304,296
29.2709,8,in,32308,265.8
29.2755,8,in,32312,288.8
29.2797,8,in,32316,297.8
29.2842,8,in,32320,239.8
29.2889,8,in,32324,238.4
29.2937,8,in,32328,285.8
29.2982,8,in,32332,258.6
29.303,8,in,32336,305
29.3075,8,in,32340,376.8
29.3126,8,in,32344,341.6
29.3177,8,in,32348,349.2
29.3221,8,in,32352,347.2
29.3279,8,in,32356,371.2
29.3331,8,in,32360,454
29.3377,8,in,32364,379.6
29.3423,8,in,32368,431.4
29.3469,8,in,32372,466.8
29.3513,8,in,32376,406.2
29.3564,8,in,32380,467.2
29.3609,8,in,32384,453.4
29.3653,8,in,32388,456
29.3698,8,in,32392,460.4
29.3737,8,in,32396,440.2
29.3777,8,in,32400,456
29.3825,8,in,32404,372.2
29.3863,8,in,32408,420.8
29.3901,8,in,32412,386.6
29.394,8,in,32416,368.8
29.3989,8,in,32420,432.6
29.4032,8,in,32424,384.8
29.4067,8,in,32428,438
29.4108,8,in,32432,474.8
29.4157,8,in,32436,472.6
29.4205,8,in,32440,442.8
29.4256,8,in,32444,381.8
29.43,8,in,32448,437
29.4351,8,in,32452,395.8
29.4397,8,in,32456,470.2
29.4442,8,in,32460,477
29.4493,8,in,32464,447
29.4544,8,in,32468,441.2
29.4589,8,in,32472,460
29.4634,8,in,32476,496
29.4678,8,in,32480,483.8
29.4725,8,in,32484,472.2
29.4773,8,in,32488,491.8
29.482,8,in,32492,449.2
29.487,8,in,32496,529.2
29.492,8,in,32500,276.6
29.4968,8,in,32504,313.4
29.5014,8,in,32508,318.6
29.5063,8,in,32512,284.8
29.5111,8,in,32516,253
29.5161,8,in,32520,310.8
29.521,8,in,32524,269.6
29.5267,8,in,32528,271.4
29.5317,8,in,32532,301.8
29.5363,8,in,32536,258.8
29.5409,8,in,32540,287.6
29.5452,8,in,32544,302
29.5491,8,in,32548,293.8
29.553,8,in,32552,217.8
29.5574,8,in,32556,226.6
29.5629,8,in,32560,359.2
29.5672,8,in,32564,319.2
29.5715,8,in,32568,264
29.5756,8,in,32572,352.4
29.5812,8,in,32576,354.4
29.5859,8,in,32580,284.8
29.5901,8,in,32584,236.4
29.5941,8,in,32588,285.8
29.5991,8,in,32592,406.4
29.6032,8,in,32596,342
29.6073,8,in,32600,399.2
29.6115,8,in,32604,424.2
29.6157,8,in,32608,426.8
29.6195,8,in,32612,423.8
29.6239,8,in,32616,304
29.6282,8,in,32620,442.4
29.633,8,in,32624,316.8
29.6373,8,in,32628,362.6
29.6416,8,in,32632,401
29.6457,8,in,32636,390
29.6499,8,in,32640,352.4
29.6541,8,in,32644,312
29.6585,8,in,32648,309
29.6632,8,in,32652,411
29.6677,8,in,32656,337.6
29.6722,8,in,32660,300
29.6762,8,in,32664,309.6
29.6802,8,in,32668,671.8
29.6851,8,in,32672,583.4
29.6899,8,in,32676,512.6
29.6942,8,in,32680,668.4
29.6988,8,in,32684,602
29.7028,8,in,32688,626.8
29.7068,8,in,32692,638.4
29.7105,8,in,32696,576
29.7142,8,in,32700,634.6
29.7181,8,in,32704,657.4
29.723,8,in,32708,514.8
29.7272,8,in,32712,584.6
29.7312,8,in,32716,575.4
29.7357,8,in,32720,476
29.7397,8,in,32724,534
29.7441,8,in,32728,576
29.7485,8,in,32732,527.8
29.7529,8,in,32736,711.6
29.7574,8,in,32740,804.4
29.7619,8,in,32744,924.2
29.7662,8,in,32748,720
29.7704,8,in,32752,711
29.7746,8,in,32756,663.8
29.779,8,in,32760,749.4
29.7834,8,in,32764,659.2
29.788,8,in,32768,622.2
29.7925,8,in,32772,713.6
29.7973,8,in,32776,733.6
29.802,8,in,32780,720.8
29.806,8,in,32784,813.8
29.8102,8,in,32788,891.4
29.8147,8,in,32792,1002.8
29.8189,8,out,32788,835.6
29.8234,8,out,32784,791.4
29.8288,8,out,32780,925
29.8337,8,out,32776,1085
29.8383,8,out,32772,1178.4
29.8428,8,out,32768,1152.8
29.8471,8,out,32764,1166.2
29.8517,8,out,32760,1148.2
29.8563,8,out,32756,1219.8
29.8611,8,out,32752,1208.2
29.8669,8,out,32748,1192.6
29.8719,8,out,32744,1221.2
29.8761,8,out,32740,1225
29.8805,8,out,32736,1201.8
29.8851,8,out,32732,1264.2
29.8897,8,out,32728,1036.2
29.8942,8,out,32724,1085.4
29.8989,8,out,32720,1130.2
29.9039,8,out,32716,1169.2
29.9087,8,out,32712,1133
29.9134,8,out,32708,1121.8
29.918,8,out,32704,1141.6
29.9226,8,out,32700,1260.8
29.928,8,out,32696,1292.2
29.9323,8,out,32692,1343.6
29.9372,8,out,32688,1321.8
29.9423,8,out,32684,1134.4
29.9469,8,out,32680,1106.6
29.9517,8,out,32676,1197.6
29.9563,8,out,32672,1184.6
29.9607,8,out,32668,1326.8
29.9649,8,out,32664,1193.4
29.9691,8,out,32660,1188
29.9739,8,out,32656,1185.2
29.9781,8,out,32652,1185.8
29.9825,8,out,32648,1179.6
29.9871,8,out,32644,1192.4
29.9924,8,out,32640,1185.6
29.9968,8,out,32636,1253
30.0014,8,out,32632,1189
30.0058,8,out,32628,1209.4
30.0103,8,out,32624,1443.8
30.0147,8,out,32620,1470.8
30.0194,8,out,32616,1462.2
30.0251,8,out,32612,1418.8
30.0299,8,out,32608,1419.4
30.035,8,out,32604,1424.8
30.0395,8,out,32600,1214
30.0446,8,out,32596,1239.2
30.0492,8,out,32592,1262.8
30.0538,8,out,32588,1252.8
30.0585,8,out,32584,1294.6
30.063,8,out,32580,1295
30.0678,8,out,32576,1446.6
30.0724,8,out,32572,1773.8
30.0768,8,out,32568,1818.6
30.0817,8,out,32564,1651
30.0862,8,out,32560,1569.6
30.0908,8,out,32556,1408.2
30.0951,8,out,32552,1492.2
30.0994,8,out,32548,1456.8
30.1035,8,out,32544,1623.6
30.1076,8,out,32540,1835.6
30.1116,8,out,32536,1382
30.1164,8,out,32532,1404.4
30.1206,8,out,32528,1561
30.1247,8,out,32524,1777.4
30.1291,8,out,32520,1494.2
30.134,8,out,32516,1454.2
30.1384,8,out,32512,1416.8
30.1428,8,out,32508,1652.8
30.1468,8,out,32504,1489.8
30.1517,8,out,32500,1492.6
30.1557,8,out,32496,1615.6
30.1604,8,out,32492,1482
30.1651,8,out,32488,1772.8
30.1699,8,out,32484,1626
30.1744,8,out,32480,1773
30.1785,8,out,32476,1394.4
30.1826,8,out,32472,1715.6
30.1871,8,out,32468,1827
30.1918,8,out,32464,1785.8
30.1961,8,out,32460,1451.8
30.2,8,out,32456,1390.2
30.2051,8,out,32452,1645.8
30.2089,8,out,32448,1759.6
30.2133,8,out,32444,1518.8
30.2179,8,out,32440,1889.8
30.2233,8,out,32436,1519
30.228,8,out,32432,1529.2
30.2327,8,out,32428,1402.8
30.2375,8,out,32424,1428.6
30.2424,8,out,32420,1399.8
30.2474,8,out,32416,1377.4
30.2525,8,out,32412,1378.4
30.257,8,out,32408,1391.8
30.2613,8,out,32404,1341.2
30.2653,8,out,32400,1383.6
30.2696,8,out,32396,1367.4
30.2736,8,out,32392,1381.6
30.2786,8,out,32388,1444.8
30.2824,8,out,32384,1364.6
30.2868,8,out,32380,1448
30.2911,8,out,32376,1339.4
30.2958,8,out,32372,1422
30.2997,8,out,32368,1511.6
30.3038,8,out,32364,1483.6
30.3083,8,out,32360,1581.4
30.3135,8,out,32356,1604.6
30.3182,8,out,32352,1516.2
30.3224,8,out,32348,1536.8
30.3265,8,out,32344,1611.8
30.3316,8,out,32340,1618
30.3361,8,out,32336,1558.6
30.3403,8,out,32332,1590.8
30.3445,8,out,32328,1552.2
30.3492,8,out,32324,1884.6
30.3532,8,out,32320,1701.6
30.3572,8,out,32316,1662.6
30.3614,8,out,32312,1673.4
30.3662,8,out,32308,1619
30.3707,8,out,32304,1676.4
30.3749,8,out,32300,1610.6
30.3794,8,out,32296,1516.8
30.3844,8,out,32292,1586.8
30.3887,8,out,32288,1480.4
30.3929,8,out,32284,1540.6
30.397,8,out,32280,1484.6
30.4018,8,out,32276,1446.4
30.4062,8,out,32272,1569
30.4112,8,out,32268,1617.4
30.4155,8,out,32264,1628.2
30.4207,8,out,32260,1620
30.4253,8,out,32256,1586.4
30.43,8,out,32252,1592.2
30.4349,8,out,32248,1612.2
30.4401,8,out,32244,1528.2
30.4445,8,out,32240,1549.2
30.4493,8,out,32236,1517.8
30.4544,8,out,32232,1571.8
30.4587,8,out,32228,1584.8
30.4629,8,out,32224,1467.2
30.4677,8,out,32220,1381.8
30.4727,8,out,32216,1386.8
30.4772,8,out,32212,1528.2
30.482,8,out,32208,1510.8
30.4868,8,out,32204,1511.6
30.4919,8,out,32200,1512.2
30.4964,8,out,32196,1615
30.5013,8,out,32192,1561.4
30.5061,8,out2,32142,1586.4
30.5114,8,out2,32092,1602.2
30.5165,8,out2,32042,1471.2
30.5214,8,out2,31992,1467.2
30.5269,8,out2,31942,1857.6
30.5316,8,out2,31892,1458.4
30.5363,8,out2,31842,1409.2
30.5413,8,out2,31792,1362.2
30.5464,8,out2,31742,1342.2
30.5515,8,out2,31692,1395.6
30.5557,8,out2,31642,1365
30.5602,8,out2,31592,1316.6
30.5648,8,out2,31542,1346.2
30.569,8,out2,31492,1330.4
30.5731,8,out2,31442,1325
30.5771,8,out2,31392,1515.2
30.581,8,out2,31342,1783.6
30.585,8,out2,31292,1282.4
30.5889,8,out2,31242,1350.4
30.5924,8,out2,31192,895.2
30.5964,8,out2,31142,903.2
30.6012,8,out2,31092,970.4
30.6049,8,out2,31042,938
30.609,8,out2,30992,842.8
30.6129,8,out2,30942,911.2
30.6169,8,out2,30892,753.8
30.6212,8,out2,30842,313.8
30.6258,8,out2,30792,-21.6
30.63,9,in,30792,7.8
30.6339,9,in,30796,21.8
30.6381,9,in,30800,14.4
30.642,9,in,30804,-37.2
30.6466,9,in,30808,7.6
30.6508,9,in,30812,6.2
30.6558,9,in,30816,-10
30.6604,9,in,30820,-11.8
30.6646,9,in,30824,-28.6
30.6689,9,in,30828,-34.6
30.673,9,in,30832,18.2
30.6775,9,in,30836,-12.4
30.6819,9,in,30840,-4
30.6868,9,in,30844,-22.8
30.6917,9,in,30848,-49.4
30.6958,9,in,30852,-15
30.7003,9,in,30856,28.8
30.7051,9,in,30860,-15
30.7097,9,in,30864,-1
30.7137,9,in,30868,-40.2
30.7176,9,in,30872,-19.4
30.7214,9,in,30876,-16.4
30.726,9,in,30880,-19.4
30.7306,9,in,30884,-9.4
30.7351,9,in,30888,15.2
30.7389,9,in,30892,23.8
30.7431,9,in,30896,-20.2
30.7469,9,in,30900,29.8
30.7511,9,in,30904,20.6
30.7551,9,in,30908,27.8
30.7595,9,in,30912,-11
30.7638,9,in,30916,34.8
30.7685,9,in,30920,8.8
30.7728,9,in,30924,13.6
30.7769,9,in,30928,-23
30.7813,9,in,30932,30.4
30.7855,9,in,30936,-1.2
30.7903,9,in,30940,-20.8
30.7947,9,in,30944,-28
30.7992,9,in,30948,-38.6
30.804,9,in,30952,-17.8
30.8078,9,in,30956,-43.4
30.8117,9,in,30960,3.4
30.8157,9,in,30964,-7.4
30.8201,9,in,30968,22.8
30.8252,9,in,30972,-31.2
30.8301,9,in,30976,-1.2
30.8346,9,in,30980,16.2
30.8397,9,in,30984,-8.6
30.8444,9,in,30988,12.4
30.8495,9,in,30992,21
30.8537,9,in,30996,1.8
30.8585,9,in,31000,1.6
30.8635,9,in,31004,19.2
30.8687,9,in,31008,2.8
30.8732,9,in,31012,-19.6
30.8774,9,in,31016,-42.6
30.8817,9,in,31020,-42
30.8859,9,in,31024,22.2
30.8905,9,in,31028,-34.8
30.895,9,in,31032,6.2
30.8996,9,in,31036,9
30.9045,9,in,31040,41.8
30.9088,9,in,31044,-46.2
30.9132,9,in,31048,16.8
30.918,9,in,31052,44
30.9226,9,in,31056,6
30.9269,9,in,31060,15
30.9314,9,in,31064,37.8
30.9356,9,in,31068,6.8
30.9401,9,in,31072,-0.6
30.9448,9,in,31076,-10.2
30.9495,9,in,31080,-6.2
30.9547,9,in,31084,-30.4
30.9597,9,in,31088,-15.8
30.9645,9,in,31092,31.4
30.9694,9,in,31096,-9
30.9742,9,in,31100,-11.4
30.9787,9,in,31104,10.6
30.9837,9,in,31108,-7.6
30.9879,9,in,31112,-12
30.9928,9,in,31116,-25.6
30.997,9,in,31120,-14
31.0014,9,in,31124,44.4
31.0057,9,in,31128,8.6
31.0103,9,in,31132,-31.4
31.0149,9,in,31136,24.4
31.0194,9,in,31140,17
31.0244,9,in,31144,-22.8
31.0295,9,in,31148,19
31.0344,9,in,31152,-10.2
31.039,9,in,31156,8.6
31.0442,9,in,31160,17.8
31.0495,9,in,31164,-26.8
31.0544,9,in,31168,-2
31.06,9,in,31172,-0.2
31.0645,9,in,31176,-2.8
31.0694,9,in,31180,9.6
31.0738,9,in,31184,-31.6
31.078,9,in,31188,8.6
31.0822,9,in,31192,0
31.087,9,in,31196,9.8
31.0909,9,in,31200,-19
31.0952,9,in,31204,-36.8
31.0993,9,in,31208,18.2
31.1035,9,in,31212,13.4
31.108,9,in,31216,-2.6
31.1122,9,in,31220,56.8
31.1171,9,in,31224,15.2
31.121,9,in,31228,21
31.1253,9,in,31232,-50.4
31.1294,9,in,31236,30.2
31.134,9,in,31240,34.2
31.1383,9,in,31244,-3
31.1423,9,in,31248,-43
31.1466,9,in,31252,25.6
31.1517,9,in,31256,35.2
31.1559,9,in,31260,-18.8
31.16,9,in,31264,-71.4
31.1642,9,in,31268,33
31.1692,9,in,31272,14.4
31.1739,9,in,31276,-21.4
31.1784,9,in,31280,-53
31.1833,9,in,31284,-10.2
31.1883,9,in,31288,-0.6
31.1923,9,in,31292,60.4
31.1967,9,in,31296,-0.6
31.2009,9,in,31300,3.8
31.2063,9,in,31304,-15
31.2103,9,in,31308,13.8
31.2152,9,in,31312,14.6
31.2194,9,in,31316,-5
31.2244,9,in,31320,3.6
31.229,9,in,31324,41.2
31.2337,9,in,31328,27.4
31.2378,9,in,31332,10.6
31.2423,9,in,31336,-25.6
31.2469,9,in,31340,36
31.251,9,in,31344,-20.8
31.2551,9,in,31348,-33.2
31.2598,9,in,31352,3
31.2637,9,in,31356,3.6
31.2681,9,in,31360,37.8
31.2726,9,in,31364,-49.6
31.2772,9,in,31368,8.6
31.2816,9,in,31372,58
31.2865,9,in,31376,14.4
31.2914,9,in,31380,27.4
31.2956,9,in,31384,4
31.3,9,in,31388,6.8
31.3042,9,in,31392,-30.2
31.3083,9,in,31396,-2.8
31.3132,9,in,31400,39
31.3174,9,in,31404,-8.6
31.3216,9,in,31408,25.8
31.3257,9,in,31412,-47.2
31.3308,9,in,31416,9.4
31.335,9,in,31420,22.2
31.3398,9,in,31424,11.2
31.344,9,in,31428,14.8
31.3487,9,in,31432,4.2
31.3537,9,in,31436,-3.4
31.3578,9,in,31440,-40.4
31.3618,9,in,31444,23.4
31.3662,9,in,31448,62
31.3706,9,in,31452,-5.6
31.3753,9,in,31456,4.4
31.3798,9,in,31460,-14.8
31.3838,9,in,31464,24
31.3883,9,in,31468,-21.4
31.3927,9,in,31472,-14.2
31.3968,9,in,31476,-4.2
31.4011,9,in,31480,-6.2
31.4052,9,in,31484,-9.2
31.4095,9,in,31488,-16.6
31.4138,9,in,31492,-6.4
31.4175,9,in,31496,26.4
31.4223,9,in,31500,-10.8
31.4267,9,in,31504,-27.4
31.4306,9,in,31508,21.8
31.4348,9,in,31512,1.4
31.4386,9,in,31516,8.6
31.4422,9,in,31520,-7.8
31.4458,9,in,31524,-4.6
31.4508,9,in,31528,27.2
31.4555,9,in,31532,6.4
31.461,9,in,31536,-9
31.4656,9,in,31540,-34.6
31.4699,9,in,31544,-35.2
31.4744,9,in,31548,4
31.4784,9,in,31552,10.8
31.4834,9,in,31556,9
31.4882,9,in,31560,-20.8
31.4936,9,in,31564,-10
31.4979,9,in,31568,2.8
31.5025,9,in,31572,49
31.5059,9,in,31576,-17.6
31.51,9,in,31580,-7.2
31.5134,9,in,31584,9.6
31.5171,9,in,31588,-9
31.521,9,in,31592,2
31.5255,9,in,31596,-18.4
31.5298,9,in,31600,36.8
31.534,9,in,31604,-23.8
31.5381,9,in,31608,10.4
31.543,9,in,31612,-19.2
31.5476,9,in,31616,-13
31.5515,9,in,31620,21.8
31.5557,9,in,31624,-9.6
31.5597,9,in,31628,-3.4
31.5638,9,in,31632,23
31.5682,9,in,31636,10.8
31.5722,9,in,31640,-16.4
31.5764,9,in,31644,10
31.5811,9,in,31648,-15.6
31.5849,9,in,31652,-2.6
31.589,9,in,31656,-18
31.5937,9,in,31660,2.4
31.5987,9,in,31664,-3
31.6026,9,in,31668,-19.2
31.6073,9,in,31672,-7.6
31.6114,9,in,31676,2.6
31.6162,9,in,31680,-14.8
31.6207,9,in,31684,-27.6
31.6246,9,in,31688,18.2
31.6288,9,in,31692,-18.6
31.6337,9,in,31696,-7.2
31.638,9,in,31700,-3
31.642,9,in,31704,-37.2
31.6464,9,in,31708,3
31.6511,9,in,31712,34.8
31.655,9,in,31716,13
31.6593,9,in,31720,6.2
31.6636,9,in,31724,35.2
31.6679,9,in,31728,-0.6
31.6719,9,in,31732,29.2
31.6763,9,in,31736,12.6
31.6804,9,in,31740,-6.6
31.6851,9,in,31744,-16.6
31.6892,9,in,31748,29.6
31.6936,9,in,31752,25
31.6977,9,in,31756,-9.8
31.7016,9,in,31760,-15.2
31.7062,9,in,31764,-13.8
31.7107,9,in,31768,34.2
31.7154,9,in,31772,55.6
31.7201,9,in,31776,-5.2
31.7257,9,in,31780,-8.4
31.7305,9,in,31784,5.6
31.7352,9,in,31788,37.6
31.7397,9,in,31792,-1.8
31.7448,9,in,31796,28.4
31.7498,9,in,31800,29
31.7544,9,in,31804,0.8
31.7585,9,in,31808,-61.8
31.7627,9,in,31812,-29
31.7667,9,in,31816,14.8
31.7709,9,in,31820,-18.2
31.7752,9,in,31824,-15.6
31.7795,9,in,31828,5.2
31.7836,9,in,31832,42
31.7875,9,in,31836,-17
31.7916,9,in,31840,29.8
31.7963,9,in,31844,20.6
31.801,9,in,31848,39.8
31.8053,9,in,31852,1.6
31.8097,9,in,31856,-4
31.8138,9,in,31860,-25.6
31.8178,9,in,31864,14.8
31.822,9,in,31868,-39.4
31.826,9,in,31872,2
31.8304,9,in,31876,39.4
31.8346,9,in,31880,-32.6
31.8386,9,in,31884,-54.2
31.8428,9,in,31888,45.4
31.847,9,in,31892,-37
31.8511,9,in,31896,43.6
31.8552,9,in,31900,20.4
31.8597,9,in,31904,-4.8
31.8638,9,in,31908,48.6
31.8681,9,in,31912,13.8
31.8722,9,in,31916,-20.8
31.8765,9,in,31920,-40
31.8808,9,in,31924,1
31.8857,9,in,31928,42.4
31.8896,9,in,31932,-42.4
31.8939,9,in,31936,35
31.8983,9,in,31940,11.2
31.9032,9,in,31944,5.6
31.9074,9,in,31948,44.6
31.9119,9,in,31952,-2.8
31.9161,9,in,31956,49.2
31.9212,9,in,31960,7.6
31.9251,9,in,31964,13.4
31.9294,9,in,31968,-35.4
31.9338,9,in,31972,69.8
31.9387,9,in,31976,21.6
31.9429,9,in,31980,-30.8
31.947,9,in,31984,41
31.951,9,in,31988,40.6
31.9555,9,in,31992,-13
31.9597,9,in,31996,10
31.964,9,in,32000,14.8
31.9682,9,in,32004,-49
31.9719,9,in,32008,25.8
31.9765,9,in,32012,-49.8
31.9811,9,in,32016,-12.4
31.9857,9,in,32020,4.2
31.9905,9,in,32024,27.4
31.9956,9,in,32028,-11.6
32.0002,9,in,32032,30.2
32.0051,9,in,32036,6.2
32.0102,9,in,32040,22
32.015,9,in,32044,26
32.0201,9,in,32048,27.4
32.0248,9,in,32052,27.8
32.0307,9,in,32056,8.6
32.0357,9,in,32060,38.2
32.0408,9,in,32064,29
32.046,9,in,32068,-11.6
32.0507,9,in,32072,34.6
32.0556,9,in,32076,3.4
32.0607,9,in,32080,5.6
32.0661,9,in,32084,24
32.0711,9,in,32088,9.8
32.0764,9,in,32092,-10.8
32.081,9,in,32096,66.2
32.0854,9,in,32100,-27
32.0904,9,in,32104,13.2
32.095,9,in,32108,33
32.1001,9,in,32112,30.8
32.1047,9,in,32116,30.2
32.1093,9,in,32120,-2.8
32.1144,9,in,32124,15.4
32.1197,9,in,32128,-17.2
32.1242,9,in,32132,43
32.1289,9,in,32136,27.2
32.1335,9,in,32140,31
32.138,9,in,32144,46
32.1427,9,in,32148,-20.8
32.1472,9,in,32152,46
32.1517,9,in,32156,-14.4
32.156,9,in,32160,-25.2
32.1607,9,in,32164,-1.6
32.1655,9,in,32168,9
32.1708,9,in,32172,9.8
32.1758,9,in,32176,-25.4
32.1804,9,in,32180,0.8
32.1855,9,in,32184,33.8
32.1915,9,in,32188,-35.6
32.1967,9,in,32192,8.2
32.202,9,in,32196,22
32.2066,9,in,32200,14.8
32.2112,9,in,32204,39
32.2163,9,in,32208,16
32.2216,9,in,32212,23.8
32.2265,9,in,32216,0.8
32.2311,9,in,32220,-2.6
32.2357,9,in,32224,-6
32.2402,9,in,32228,21.4
32.2454,9,in,32232,16.8
32.2502,9,in,32236,16.2
32.2554,9,in,32240,21.8
32.2602,9,in,32244,6
32.2649,9,in,32248,49.8
32.2692,9,in,32252,45.8
32.2743,9,in,32256,35.8
32.2788,9,in,32260,-4.4
32.2829,9,in,32264,14.2
32.2871,9,in,32268,16.8
32.2915,9,in,32272,42
32.296,9,in,32276,0.6
32.3009,9,in,32280,40.2
32.3052,9,in,32284,-10
32.309,9,in,32288,6.8
32.3131,9,in,32292,43.4
32.3183,9,in,32296,36
32.3231,9,in,32300,43
32.3279,9,in,32304,25.2
32.3327,9,in,32308,66.4
32.3372,9,in,32312,48.6
32.3415,9,in,32316,25
32.3461,9,in,32320,2.8
32.3512,9,in,32324,66
32.356,9,in,32328,24
32.3611,9,in,32332,43.4
32.3657,9,in,32336,27
32.3707,9,in,32340,41
32.3752,9,in,32344,14.4
32.3799,9,in,32348,11.6
32.3849,9,in,32352,45.4
32.3898,9,in,32356,21.2
32.3949,9,in,32360,-6.6
32.3992,9,in,32364,82.2
32.4044,9,in,32368,45
32.4085,9,in,32372,-1.2
32.4128,9,in,32376,25.6
32.4177,9,in,32380,84.6
32.4222,9,in,32384,38.6
32.4271,9,in,32388,98.2
32.4319,9,in,32392,51.4
32.4366,9,in,32396,54.6
32.4417,9,in,32400,74.8
32.4461,9,in,32404,43
32.4512,9,in,32408,69.4
32.4556,9,in,32412,75.4
32.4603,9,in,32416,7.4
32.4654,9,in,32420,37.4
32.4697,9,in,32424,6
32.4748,9,in,32428,42.6
32.4806,9,in,32432,49
32.4853,9,in,32436,63.4
32.4904,9,in,32440,62.4
32.4948,9,in,32444,17.2
32.4993,9,in,32448,5.2
32.5039,9,in,32452,61
32.5087,9,in,32456,85.6
32.5129,9,in,32460,119.8
32.5169,9,in,32464,120.6
32.5218,9,in,32468,75.6
32.5271,9,in,32472,90.4
32.532,9,in,32476,57.6
32.5365,9,in,32480,72.6
32.5417,9,in,32484,90
32.5461,9,in,32488,75.4
32.5509,9,in,32492,80.4
32.5556,9,in,32496,51.4
32.5606,9,in,32500,25.8
32.5656,9,in,32504,80.6
32.5699,9,in,32508,59
32.5745,9,in,32512,82.2
32.5788,9,in,32516,82.4
32.5826,9,in,32520,67.4
32.587,9,in,32524,65
32.591,9,in,32528,44.2
32.5951,9,in,32532,40.4
32.5996,9,in,32536,51
32.605,9,in,32540,75.6
32.6091,9,in,32544,51
32.613,9,in,32548,83.2
32.617,9,in,32552,86.4
32.6216,9,in,32556,109.8
32.626,9,in,32560,96.6
32.6304,9,in,32564,97.8
32.6346,9,in,32568,100.6
32.6393,9,in,32572,88.8
32.6431,9,in,32576,6.4
32.6474,9,in,32580,45
32.653,9,in,32584,90.6
32.6577,9,in,32588,99.6
32.6634,9,in,32592,25.4
32.6687,9,in,32596,86.8
32.6734,9,in,32600,91.6
32.6785,9,in,32604,68
32.6838,9,in,32608,138
32.6891,9,in,32612,96.8
32.6944,9,in,32616,90
32.6993,9,in,32620,130.2
32.7037,9,in,32624,97
32.7082,9,in,32628,99.6
32.7126,9,in,32632,137.8
32.7169,9,in,32636,105.2
32.721,9,in,32640,176.8
32.7256,9,in,32644,166.2
32.7299,9,in,32648,125.2
32.7341,9,in,32652,171.6
32.7381,9,in,32656,124
32.7423,9,in,32660,124.8
32.7479,9,in,32664,132.6
32.7516,9,in,32668,172.8
32.7555,9,in,32672,134.4
32.7591,9,in,32676,75.8
32.7627,9,in,32680,103.4
32.7671,9,in,32684,89.6
32.7711,9,in,32688,142
32.7754,9,in,32692,93.8
32.7798,9,in,32696,157.2
32.7845,9,in,32700,202.8
32.7893,9,in,32704,179.4
32.7937,9,in,32708,144
32.798,9,in,32712,200.4
32.8023,9,in,32716,195.8
32.8071,9,in,32720,238.8
32.8114,9,in,32724,244.6
32.8159,9,in,32728,267.2
32.8209,9,in,32732,270.6
32.8253,9,in,32736,228
32.83,9,in,32740,250.6
32.8347,9,in,32744,279.4
32.84,9,in,32748,270.6
32.8456,9,in,32752,219.8
32.8508,9,in,32756,226.4
32.8557,9,in,32760,217.6
32.861,9,in,32764,208.2
32.8666,9,in,32768,209
32.8711,9,in,32772,231.4
32.8754,9,in,32776,284.8
32.8797,9,in,32780,285.8
32.8839,9,in,32784,263.6
32.8884,9,in,32788,267.8
32.8928,9,in,32792,258.4
32.8971,9,in,32796,306.6
32.9013,9,in,32800,317.2
32.9056,9,in,32804,265.8
32.9094,9,in,32808,328
32.9138,9,in,32812,307.2
32.9183,9,in,32816,379.4
32.923,9,in,32820,351.2
32.9274,9,in,32824,321.8
32.9318,9,in,32828,375.2
32.9361,9,in,32832,419.6
32.9398,9,in,32836,383
32.9438,9,in,32840,432.6
32.9484,9,in,32844,521
32.9535,9,in,32848,473.2
32.9588,9,in,32852,469.8
32.9635,9,in,32856,509.2
32.9677,9,in,32860,607.4
32.9721,9,in,32864,573.6
32.9762,9,in,32868,612.8
32.9809,9,in,32872,616.2
32.9845,9,in,32876,672
32.9885,9,in,32880,705.6
32.9922,9,in,32884,661.2
32.9964,9,in,32888,682.8
32.9997,9,in,32892,689
33.0035,9,in,32896,657.4
33.0076,9,in,32900,757.6
33.0119,9,in,32904,790
33.0169,9,in,32908,762.6
33.0215,9,in,32912,885.6
33.0258,9,in,32916,855.4
33.0304,9,in,32920,952.8
33.035,9,in,32924,984.6
33.0393,9,in,32928,928.4
33.0435,9,in,32932,982.2
33.0481,9,in,32936,1060.8
33.052,9,out,32932,1028.8
33.0566,9,out,32928,1044.4
33.0609,9,out,32924,1038.4
33.0649,9,out,32920,1065.6
33.0693,9,out,32916,1094
33.0736,9,out,32912,1083
33.0778,9,out,32908,1037.8
33.0816,9,out,32904,1115
33.0852,9,out,32900,976.2
33.0892,9,out,32896,964.8
33.0927,9,out,32892,993.6
33.0963,9,out,32888,1050.6
33.1003,9,out,32884,1193.6
33.1043,9,out,32880,1120.8
33.1081,9,out,32876,1044.6
33.1122,9,out,32872,1116.8
33.1166,9,out,32868,1078.2
33.1204,9,out,32864,1178.8
33.1248,9,out,32860,1194.8
33.1295,9,out,32856,1369
33.1339,9,out,32852,1444.6
33.1384,9,out,32848,1403.4
33.1425,9,out,32844,1418
33.1466,9,out,32840,1432.8
33.1506,9,out,32836,1387.8
33.1547,9,out,32832,1457.6
33.159,9,out,32828,1502.8
33.163,9,out,32824,1504
33.1668,9,out,32820,1555.8
33.1709,9,out,32816,1469.4
33.1748,9,out,32812,1519.2
33.1787,9,out,32808,1456.4
33.1824,9,out,32804,1386.8
33.1868,9,out,32800,1449.8
33.1909,9,out,32796,1483.2
33.1952,9,out,32792,1437
33.1995,9,out,32788,1499.2
33.2037,9,out,32784,1451
33.2075,9,out,32780,1449.6
33.2118,9,out,32776,1576
33.2157,9,out,32772,1543
33.2197,9,out,32768,1542
33.2244,9,out,32764,1548.4
33.2292,9,out,32760,1483.2
33.2334,9,out,32756,1574.6
33.2378,9,out,32752,1497.4
33.2428,9,out,32748,1467.8
33.2476,9,out,32744,1444.2
33.2522,9,out,32740,1468.8
33.2568,9,out,32736,1379.6
33.2612,9,out,32732,1440.2
33.2655,9,out,32728,1375.8
33.2699,9,out,32724,1413.8
33.2745,9,out,32720,1488.2
33.2793,9,out,32716,1419.2
33.2838,9,out,32712,1438
33.288,9,out,32708,1414.4
33.2921,9,out,32704,1394.8
33.2965,9,out,32700,1443.8
33.3012,9,out,32696,1418.6
33.3058,9,out,32692,1363.8
33.3101,9,out,32688,1347.8
33.3143,9,out,32684,1453.6
33.319,9,out,32680,1531.4
33.3235,9,out,32676,1617.4
33.3284,9,out,32672,1664.4
33.3334,9,out,32668,1691
33.3386,9,out,32664,1623
33.3434,9,out,32660,1573.2
33.3476,9,out,32656,1581.8
33.3523,9,out,32652,1670.8
33.357,9,out,32648,1671.4
33.3619,9,out,32644,1660.2
33.3665,9,out,32640,1660.4
33.3712,9,out,32636,1660.2
33.376,9,out,32632,1632.6
33.3809,9,out,32628,1650.2
33.3856,9,out,32624,1616.6
33.3902,9,out,32620,1620
33.3949,9,out,32616,1706
33.3994,9,out,32612,1663.8
33.404,9,out,32608,1631.6
33.4086,9,out,32604,1657.2
33.4131,9,out,32600,1694.2
33.418,9,out,32596,1698
33.4223,9,out,32592,1637.4
33.4268,9,out,32588,1612
33.4315,9,out,32584,1722.6
33.4361,9,out,32580,1718.2
33.441,9,out,32576,1777
33.4459,9,out,32572,1815.6
33.4512,9,out,32568,1733.6
33.456,9,out,32564,1680.8
33.4608,9,out,32560,1690.4
33.4652,9,out,32556,1670
33.4694,9,out,32552,1657.4
33.4735,9,out,32548,1694.2
33.4781,9,out,32544,1692.2
33.4834,9,out,32540,1734
33.4879,9,out,32536,1627
33.4926,9,out,32532,1668.6
33.4974,9,out,32528,1686.6
33.5024,9,out,32524,1695.8
33.5068,9,out,32520,1652.2
33.5115,9,out,32516,1661.2
33.5163,9,out,32512,1618
33.5209,9,out,32508,1683.2
33.5254,9,out,32504,1605.8
33.5298,9,out,32500,1643.8
33.5342,9,out,32496,1631.4
33.5381,9,out,32492,1659.8
33.5425,9,out,32488,1660.4
33.5466,9,out,32484,1701
33.551,9,out,32480,1684.6
33.5555,9,out,32476,1633.4
33.5598,9,out,32472,1685.2
33.5641,9,out,32468,1678.4
33.569,9,out,32464,1664.4
33.5736,9,out,32460,1701.8
33.5781,9,out,32456,1634.6
33.5831,9,out,32452,1712.2
33.5875,9,out,32448,1623.4
33.5915,9,out,32444,1616.8
33.5957,9,out,32440,1637.6
33.5997,9,out,32436,1708.8
33.604,9,out,32432,1730.8
33.6084,9,out,32428,1736.8
33.6126,9,out,32424,1646.6
33.617,9,out,32420,1711.4
33.6219,9,out,32416,1648
33.6262,9,out,32412,1679.4
33.6311,9,out,32408,1642.4
33.6358,9,out,32404,1709.6
33.6403,9,out,32400,1707.8
33.6448,9,out,32396,1701.4
33.6494,9,out,32392,1642.2
33.6543,9,out,32388,1654
33.659,9,out,32384,1655.6
33.6634,9,out,32380,1704.6
33.6675,9,out,32376,1674.6
33.6716,9,out,32372,1638.2
33.6757,9,out,32368,1690.4
33.6801,9,out,32364,1671.2
33.6847,9,out,32360,1732.6
33.6889,9,out,32356,1699.6
33.6928,9,out,32352,1657
33.6972,9,out,32348,1720.8
33.7013,9,out,32344,1698.8
33.7055,9,out,32340,1634.8
33.71,9,out,32336,1643
33.715,9,out2,32286,1694
33.7198,9,out2,32236,1691
33.7247,9,out2,32186,1647.2
33.7295,9,out2,32136,1707.2
33.7341,9,out2,32086,1532.2
33.7388,9,out2,32036,1511.2
33.7431,9,out2,31986,1497.4
33.7475,9,out2,31936,1491.2
33.7515,9,out2,31886,1475
33.7556,9,out2,31836,1459.4
33.7597,9,out2,31786,1497.8
33.7639,9,out2,31736,1524.8
33.7686,9,out2,31686,1411.8
33.7726,9,out2,31636,1443.4
33.7767,9,out2,31586,1302.8
33.781,9,out2,31536,1063.6
33.7851,9,out2,31486,1115.8
33.7891,9,out2,31436,1041.6
33.7932,9,out2,31386,974.2
33.7974,9,out2,31336,1023.8
33.802,9,out2,31286,914.2
33.8068,9,out2,31236,1047.8
33.8111,9,out2,31186,919.2
33.8152,9,out2,31136,659.4
33.8195,9,out2,31086,677.6
33.8234,9,out2,31036,429.2
33.8274,9,out2,30986,23.2
33.8316,10,in,30986,61.2
33.8355,10,in,30990,39.8
33.8393,10,in,30994,27.6
33.8435,10,in,30998,15.8
33.8476,10,in,31002,61.4
33.852,10,in,31006,52.4
33.8569,10,in,31010,13.2
33.8617,10,in,31014,31.4
33.8661,10,in,31018,-17.6
33.8703,10,in,31022,2.8
33.8765,10,in,31026,4.2
33.8817,10,in,31030,3.4
33.8864,10,in,31034,49.8
33.8912,10,in,31038,32.6
33.8963,10,in,31042,43.8
33.9013,10,in,31046,27.4
33.9059,10,in,31050,41.6
33.9107,10,in,31054,17
33.915,10,in,31058,70.4
33.9193,10,in,31062,36.2
33.9233,10,in,31066,62
33.928,10,in,31070,17
33.9325,10,in,31074,36.6
33.937,10,in,31078,6.8
33.9417,10,in,31082,41.8
33.9471,10,in,31086,24.4
33.9519,10,in,31090,57.2
33.9572,10,in,31094,35.2
33.9621,10,in,31098,34.4
33.9672,10,in,31102,23
33.9722,10,in,31106,34.6
33.9773,10,in,31110,17.8
33.982,10,in,31114,39.4
33.9866,10,in,31118,11.2
33.9912,10,in,31122,5
33.9957,10,in,31126,12.4
34.0013,10,in,31130,44.2
34.0068,10,in,31134,11.2
34.012,10,in,31138,10.8
34.0177,10,in,31142,40
34.0233,10,in,31146,53.2
34.0287,10,in,31150,0.2
34.0335,10,in,31154,22.4
34.0387,10,in,31158,31.6
34.0431,10,in,31162,-24.4
34.0482,10,in,31166,50.2
34.0529,10,in,31170,46
34.0574,10,in,31174,41.4
34.0624,10,in,31178,-4
34.0668,10,in,31182,27.6
34.0716,10,in,31186,25.6
34.0762,10,in,31190,7
34.0807,10,in,31194,24.4
34.0855,10,in,31198,99.4
34.0908,10,in,31202,-6.4
34.0959,10,in,31206,23.2
34.1006,10,in,31210,22.8
34.1053,10,in,31214,6.2
34.1101,10,in,31218,13.2
34.115,10,in,31222,32.6
34.1198,10,in,31226,47
34.1245,10,in,31230,12.2
34.1293,10,in,31234,18.4
34.1338,10,in,31238,75.6
34.1384,10,in,31242,44.8
34.1435,10,in,31246,43.6
34.1483,10,in,31250,43.8
34.1533,10,in,31254,8.8
34.1584,10,in,31258,5.8
34.1633,10,in,31262,36.8
34.1683,10,in,31266,16.4
34.173,10,in,31270,36.8
34.1775,10,in,31274,11.8
34.1825,10,in,31278,34.2
34.1875,10,in,31282,4
34.1918,10,in,31286,20.6
34.1974,10,in,31290,48.4
34.202,10,in,31294,32.2
34.2068,10,in,31298,15.6
34.2113,10,in,31302,26.6
34.2166,10,in,31306,7
34.2214,10,in,31310,39.4
34.2263,10,in,31314,14.6
34.2309,10,in,31318,29.2
34.2357,10,in,31322,10.6
34.2402,10,in,31326,-13.2
34.2443,10,in,31330,71
34.2485,10,in,31334,59
34.2526,10,in,31338,69.2
34.2566,10,in,31342,81.2
34.2609,10,in,31346,36.2
34.2652,10,in,31350,13
34.2699,10,in,31354,74
34.2749,10,in,31358,6
34.2803,10,in,31362,55.6
34.2852,10,in,31366,78.6
34.2897,10,in,31370,53.8
34.2946,10,in,31374,29.2
34.2992,10,in,31378,47.2
34.3045,10,in,31382,12.2
34.3089,10,in,31386,13
34.3133,10,in,31390,38.4
34.3177,10,in,31394,36.8
34.3222,10,in,31398,0
34.3267,10,in,31402,68.4
34.3312,10,in,31406,12.8
34.3357,10,in,31410,48.2
34.3404,10,in,31414,40
34.3449,10,in,31418,55.8
34.3495,10,in,31422,45.2
34.3538,10,in,31426,70.2
34.3591,10,in,31430,16.6
34.3643,10,in,31434,15.8
34.3695,10,in,31438,27
34.3742,10,in,31442,-8.6
34.3789,10,in,31446,14.4
34.3836,10,in,31450,-3
34.3882,10,in,31454,-0.2
34.3932,10,in,31458,25.2
34.3978,10,in,31462,43
34.4022,10,in,31466,69
34.4064,10,in,31470,36.4
34.4107,10,in,31474,18
34.4154,10,in,31478,50.4
34.4198,10,in,31482,63.6
34.4246,10,in,31486,45.6
34.4294,10,in,31490,35
34.4337,10,in,31494,72.8
34.4384,10,in,31498,-2.2
34.4426,10,in,31502,-5.6
34.4471,10,in,31506,27
34.4526,10,in,31510,22
34.4578,10,in,31514,5.2
34.4622,10,in,31518,38.8
34.4671,10,in,31522,23.8
34.4716,10,in,31526,5.4
34.4765,10,in,31530,23.2
34.4811,10,in,31534,30
34.4863,10,in,31538,34.2
34.4911,10,in,31542,26.4
34.496,10,in,31546,12.6
34.5009,10,in,31550,18.4
34.5058,10,in,31554,41.8
34.5106,10,in,31558,60.2
34.5152,10,in,31562,47.6
34.5203,10,in,31566,1.4
34.5248,10,in,31570,17
34.5298,10,in,31574,28.2
34.5345,10,in,31578,29.8
34.5394,10,in,31582,43.8
34.544,10,in,31586,-1.8
34.5491,10,in,31590,69.6
34.5533,10,in,31594,75
34.5578,10,in,31598,24.6
34.5621,10,in,31602,38.2
34.567,10,in,31606,33.6
34.5725,10,in,31610,6.8
34.5774,10,in,31614,35.8
34.5825,10,in,31618,15.4
34.5871,10,in,31622,26.4
34.5926,10,in,31626,46.2
34.5968,10,in,31630,92
34.6014,10,in,31634,53.4
34.6067,10,in,31638,48.8
34.6115,10,in,31642,45.8
34.6163,10,in,31646,20.2
34.6208,10,in,31650,27.8
34.6256,10,in,31654,19.6
34.6302,10,in,31658,31
34.6349,10,in,31662,39.8
34.6391,10,in,31666,27.4
34.6432,10,in,31670,-18.6
34.6483,10,in,31674,42.2
34.6531,10,in,31678,30.6
34.6578,10,in,31682,39.8
34.6626,10,in,31686,23.6
34.6671,10,in,31690,45.4
34.6719,10,in,31694,32.4
34.6765,10,in,31698,-17.8
34.6825,10,in,31702,21.4
34.6867,10,in,31706,55.8
34.691,10,in,31710,49.4
34.6949,10,in,31714,6.4
34.6993,10,in,31718,64.6
34.7034,10,in,31722,54.4
34.7075,10,in,31726,41.8
34.7118,10,in,31730,55.2
34.7162,10,in,31734,30.6
34.7217,10,in,31738,21
34.7266,10,in,31742,4.8
34.7311,10,in,31746,35.8
34.7365,10,in,31750,43.8
34.7415,10,in,31754,9
34.7458,10,in,31758,31.8
34.7503,10,in,31762,66.6
34.7545,10,in,31766,-19.6
34.7586,10,in,31770,89.8
34.7626,10,in,31774,49.2
34.7669,10,in,31778,-3.8
34.7719,10,in,31782,-9.8
34.7768,10,in,31786,41.4
34.7817,10,in,31790,33
34.7868,10,in,31794,46.6
34.7914,10,in,31798,43
34.7962,10,in,31802,16.6
34.8007,10,in,31806,60.6
34.8051,10,in,31810,-18.8
34.8095,10,in,31814,30.8
34.8137,10,in,31818,33.2
34.8181,10,in,31822,-16.6
34.8227,10,in,31826,32.6
34.8271,10,in,31830,44.2
34.8319,10,in,31834,6.8
34.8364,10,in,31838,19
34.8413,10,in,31842,30.4
34.8465,10,in,31846,43.6
34.8511,10,in,31850,27.8
34.8561,10,in,31854,29
34.8616,10,in,31858,7.4
34.8662,10,in,31862,9
34.871,10,in,31866,30.2
34.8756,10,in,31870,10.8
34.8811,10,in,31874,12.6
34.8858,10,in,31878,46
34.8904,10,in,31882,13
34.8955,10,in,31886,-10.4
34.9006,10,in,31890,-0.2
34.9053,10,in,31894,39.4
34.9096,10,in,31898,-29.8
34.9141,10,in,31902,41.8
34.9186,10,in,31906,62.8
34.9235,10,in,31910,34.2
34.9278,10,in,31914,25.6
34.9323,10,in,31918,8
34.9368,10,in,31922,20.6
34.9415,10,in,31926,25.2
34.9461,10,in,31930,33.2
34.951,10,in,31934,20.4
34.9559,10,in,31938,10.4
34.9607,10,in,31942,25
34.9652,10,in,31946,29.2
34.9702,10,in,31950,21
34.975,10,in,31954,17.4
34.9802,10,in,31958,20
34.9851,10,in,31962,46
34.9906,10,in,31966,11.8
34.9952,10,in,31970,11.2
34.9997,10,in,31974,-6.4
35.0042,10,in,31978,39.8
35.0088,10,in,31982,3.2
35.0138,10,in,31986,-1
35.0183,10,in,31990,46.2
35.0238,10,in,31994,43.4
35.0282,10,in,31998,15
35.0325,10,in,32002,11.8
35.037,10,in,32006,68
35.0417,10,in,32010,16
35.0468,10,in,32014,18.2
35.0514,10,in,32018,38
35.0567,10,in,32022,27.2
35.0615,10,in,32026,34.2
35.0664,10,in,32030,44.4
35.071,10,in,32034,15.8
35.0761,10,in,32038,43.8
35.0804,10,in,32042,33
35.0851,10,in,32046,10
35.0904,10,in,32050,25.8
35.0954,10,in,32054,4.8
35.1004,10,in,32058,22.8
35.1051,10,in,32062,17.8
35.1102,10,in,32066,33.6
35.1146,10,in,32070,53.2
35.1189,10,in,32074,42.6
35.1234,10,in,32078,16
35.1278,10,in,32082,35.4
35.1324,10,in,32086,16.4
35.1367,10,in,32090,39
35.1412,10,in,32094,42.6
35.1457,10,in,32098,18.6
35.1505,10,in,32102,81.4
35.1554,10,in,32106,38.8
35.1601,10,in,32110,-4.2
35.1644,10,in,32114,17
35.1687,10,in,32118,29.2
35.1731,10,in,32122,57.6
35.1784,10,in,32126,23.2
35.183,10,in,32130,37
35.1879,10,in,32134,42.4
35.1925,10,in,32138,43.4
35.1972,10,in,32142,56
35.2018,10,in,32146,15.6
35.2064,10,in,32150,22
35.2108,10,in,32154,42.8
35.2153,10,in,32158,-0.4
35.2205,10,in,32162,28.2
35.226,10,in,32166,-34.2
35.2309,10,in,32170,40.4
35.236,10,in,32174,16.8
35.2407,10,in,32178,41.4
35.2453,10,in,32182,16
35.2503,10,in,32186,13
35.2551,10,in,32190,26
35.2594,10,in,32194,35.4
35.2643,10,in,32198,44
35.2692,10,in,32202,39.8
35.2741,10,in,32206,20.4
35.279,10,in,32210,39.6
35.2843,10,in,32214,54.2
35.2894,10,in,32218,1.8
35.2949,10,in,32222,38
35.2996,10,in,32226,18.8
35.3046,10,in,32230,53.2
35.309,10,in,32234,-14.8
35.3136,10,in,32238,10.8
35.3183,10,in,32242,13.8
35.3232,10,in,32246,35.8
35.3283,10,in,32250,44.8
35.3335,10,in,32254,25.6
35.338,10,in,32258,7
35.3427,10,in,32262,36.8
35.3478,10,in,32266,38
35.3526,10,in,32270,43
35.357,10,in,32274,11.8
35.3622,10,in,32278,56
35.3668,10,in,32282,40.8
35.3714,10,in,32286,77.4
35.3758,10,in,32290,18.8
35.3814,10,in,32294,68.6
35.3859,10,in,32298,57.2
35.3907,10,in,32302,64.8
35.395,10,in,32306,14.8
35.3994,10,in,32310,38.2
35.4037,10,in,32314,41.6
35.4083,10,in,32318,9
35.4128,10,in,32322,38
35.4178,10,in,32326,91.4
35.4227,10,in,32330,18
35.4274,10,in,32334,44.4
35.4319,10,in,32338,32.4
35.4368,10,in,32342,22.4
35.4412,10,in,32346,46.4
35.4458,10,in,32350,74.8
35.4503,10,in,32354,35.6
35.4551,10,in,32358,36.8
35.4597,10,in,32362,17
35.4651,10,in,32366,59.4
35.4701,10,in,32370,30.8
35.4747,10,in,32374,48.8
35.4792,10,in,32378,47.8
35.4841,10,in,32382,20.8
35.4892,10,in,32386,22.8
35.4941,10,in,32390,71.2
35.4989,10,in,32394,55.4
35.5038,10,in,32398,44.4
35.5086,10,in,32402,20.2
35.5128,10,in,32406,79
35.5175,10,in,32410,79.2
35.5219,10,in,32414,44.6
35.5264,10,in,32418,63.4
35.531,10,in,32422,55.2
35.5364,10,in,32426,38.4
35.5411,10,in,32430,60.4
35.546,10,in,32434,44.4
35.5508,10,in,32438,49.8
35.5553,10,in,32442,32.2
35.5611,10,in,32446,28.6
35.5665,10,in,32450,55.8
35.571,10,in,32454,35
35.5752,10,in,32458,48.4
35.58,10,in,32462,34.2
35.5843,10,in,32466,99.2
35.5886,10,in,32470,10.6
35.5933,10,in,32474,58
35.5986,10,in,32478,39.6
35.6031,10,in,32482,43
35.6082,10,in,32486,38.6
35.613,10,in,32490,40.2
35.6179,10,in,32494,58.6
35.6222,10,in,32498,26.4
35.6277,10,in,32502,34
35.6325,10,in,32506,32
35.6372,10,in,32510,49
35.6418,10,in,32514,22.6
35.6462,10,in,32518,79.6
35.6516,10,in,32522,56.2
35.6566,10,in,32526,56.4
35.6609,10,in,32530,94.2
35.6654,10,in,32534,51.8
35.6701,10,in,32538,82.2
35.6747,10,in,32542,94.6
35.6794,10,in,32546,60.6
35.6837,10,in,32550,27.8
35.6884,10,in,32554,94
35.6929,10,in,32558,21.4
35.6974,10,in,32562,47.4
35.7028,10,in,32566,52.8
35.7073,10,in,32570,68.6
35.7117,10,in,32574,30.8
35.7168,10,in,32578,62.8
35.7219,10,in,32582,47
35.7267,10,in,32586,83
35.7316,10,in,32590,85
35.736,10,in,32594,75.6
35.7408,10,in,32598,78.2
35.7453,10,in,32602,59.4
35.7499,10,in,32606,69.4
35.7544,10,in,32610,67
35.7592,10,in,32614,71.6
35.7637,10,in,32618,64.6
35.7678,10,in,32622,96
35.7716,10,in,32626,65.8
35.7758,10,in,32630,55
35.7804,10,in,32634,67.6
35.7851,10,in,32638,109.8
35.7895,10,in,32642,64.6
35.7943,10,in,32646,94.8
35.7986,10,in,32650,89.6
35.8033,10,in,32654,22.8
35.8076,10,in,32658,117
35.8119,10,in,32662,90
35.8167,10,in,32666,93.6
35.8211,10,in,32670,43.4
35.8254,10,in,32674,57.4
35.8311,10,in,32678,73.2
35.836,10,in,32682,102.2
35.8406,10,in,32686,79.4
35.8455,10,in,32690,53.4
35.8505,10,in,32694,100.2
35.8556,10,in,32698,66.4
35.8606,10,in,32702,97
35.8655,10,in,32706,92
35.8701,10,in,32710,84.2
35.8749,10,in,32714,85.2
35.8795,10,in,32718,53.6
35.8846,10,in,32722,114.4
35.8896,10,in,32726,87.6
35.8946,10,in,32730,97
35.8994,10,in,32734,99.2
35.9044,10,in,32738,92.2
35.9091,10,in,32742,57
35.9141,10,in,32746,101.6
35.9191,10,in,32750,113.2
35.9237,10,in,32754,133.6
35.9287,10,in,32758,92
35.9342,10,in,32762,103.8
35.9391,10,in,32766,112.6
35.9436,10,in,32770,76.4
35.9479,10,in,32774,82.6
35.9523,10,in,32778,133
35.9576,10,in,32782,123.8
35.9622,10,in,32786,110.8
35.9666,10,in,32790,97
35.9708,10,in,32794,199
35.976,10,in,32798,162.6
35.9808,10,in,32802,215.4
35.9856,10,in,32806,173.8
35.9902,10,in,32810,226.4
35.9952,10,in,32814,216
35.9993,10,in,32818,302.8
36.0036,10,in,32822,264
36.008,10,in,32826,263.8
36.013,10,in,32830,261
36.0175,10,in,32834,256.6
36.0222,10,in,32838,309.8
36.0274,10,in,32842,250.2
36.0318,10,in,32846,273.6
36.0361,10,in,32850,351
36.0409,10,in,32854,291.2
36.046,10,in,32858,343.2
36.0508,10,in,32862,375.4
36.0552,10,in,32866,370
36.0601,10,in,32870,355.4
36.065,10,in,32874,358.6
36.0702,10,in,32878,391.8
36.0749,10,in,32882,349
36.0794,10,in,32886,415.6
36.0839,10,in,32890,359
36.0886,10,in,32894,451.2
36.0931,10,in,32898,412.2
36.0973,10,in,32902,364.8
36.1024,10,in,32906,408.6
36.1066,10,in,32910,355
36.1108,10,in,32914,391.6
36.1155,10,in,32918,627.4
36.1211,10,in,32922,630.2
36.1261,10,in,32926,669.4
36.1306,10,in,32930,707.6
36.1354,10,in,32934,818.8
36.14,10,in,32938,881.6
36.1444,10,in,32942,939.6
36.1491,10,in,32946,1025.8
36.1544,10,out,32942,910
36.1589,10,out,32938,915.6
36.1631,10,out,32934,928
36.1679,10,out,32930,1126.8
36.1725,10,out,32926,1170.4
36.1774,10,out,32922,1161.6
36.1824,10,out,32918,1071.6
36.1876,10,out,32914,992
36.1923,10,out,32910,1220.8
36.1975,10,out,32906,1238.2
36.206,10,out,32902,1203.4
36.2106,10,out,32898,1276.4
36.2153,10,out,32894,1213.2
36.2201,10,out,32890,1088.8
36.2256,10,out,32886,1096.2
36.2301,10,out,32882,1071.6
36.2345,10,out,32878,1432.2
36.2392,10,out,32874,1292.4
36.2449,10,out,32870,1273.2
36.2492,10,out,32866,1113.6
36.2541,10,out,32862,1076.4
36.2589,10,out,32858,1111.4
36.2635,10,out,32854,1032.8
36.2682,10,out,32850,1061.8
36.2726,10,out,32846,1092.6
36.2768,10,out,32842,793.4
36.2813,10,out,32838,942.8
36.2859,10,out,32834,891.6
36.2914,10,out,32830,929
36.296,10,out,32826,966.4
36.3007,10,out,32822,1020.4
36.3052,10,out,32818,1058
36.3099,10,out,32814,1061.8
36.3145,10,out,32810,1027.2
36.3193,10,out,32806,1053.4
36.3242,10,out,32802,1074.2
36.329,10,out,32798,1076.2
36.3337,10,out,32794,1105.2
36.3384,10,out,32790,1107.4
36.3464,10,out,32786,1163
36.3509,10,out,32782,1166.2
36.3565,10,out,32778,1185
36.3619,10,out,32774,1150.6
36.3667,10,out,32770,1249
36.3713,10,out,32766,1275.6
36.376,10,out,32762,1206.2
36.381,10,out,32758,1195.4
36.3861,10,out,32754,1145.6
36.3911,10,out,32750,1184.8
36.3957,10,out,32746,1148.2
36.4008,10,out,32742,1226.6
36.4056,10,out,32738,1199.2
36.4113,10,out,32734,1220.2
36.4165,10,out,32730,1233.6
36.4212,10,out,32726,1237.8
36.4258,10,out,32722,1235.8
36.4305,10,out,32718,1220.2
36.4354,10,out,32714,1197.2
36.4401,10,out,32710,1248.4
36.4454,10,out,32706,1252.8
36.4499,10,out,32702,1265.6
36.4548,10,out,32698,1247.4
36.4592,10,out,32694,1202.4
36.4651,10,out,32690,1272.2
36.47,10,out,32686,1286.4
36.4746,10,out,32682,1231.8
36.4788,10,out,32678,1225.8
36.4832,10,out,32674,1256
36.4879,10,out,32670,1244.6
36.4924,10,out,32666,1283
36.4974,10,out,32662,1224.4
36.5023,10,out,32658,1231.4
36.5067,10,out,32654,1222.8
36.5108,10,out,32650,1230.8
36.5147,10,out,32646,1192.2
36.5191,10,out,32642,1226.8
36.5231,10,out,32638,1196.2
36.5273,10,out,32634,1241.2
36.5315,10,out,32630,1162.6
36.5367,10,out,32626,1160.4
36.5407,10,out,32622,1213.4
36.5449,10,out,32618,1123.6
36.5492,10,out,32614,1212.4
36.5543,10,out,32610,1188
36.5594,10,out,32606,1121.6
36.5645,10,out,32602,1166.4
36.5698,10,out,32598,1177.2
36.5747,10,out,32594,1138
36.5795,10,out,32590,1138.6
36.5843,10,out,32586,1197.2
36.5887,10,out,32582,1205.4
36.5935,10,out,32578,1192.6
36.5985,10,out,32574,1222.2
36.6032,10,out,32570,1273
36.6076,10,out,32566,1162.6
36.612,10,out,32562,1154
36.617,10,out,32558,1130.6
36.6222,10,out,32554,1175.8
36.6274,10,out,32550,1099.4
36.6323,10,out,32546,1168
36.6373,10,out,32542,1245
36.6436,10,out,32538,1272
36.6488,10,out,32534,1353
36.6536,10,out,32530,1308.4
36.6582,10,out,32526,1322
36.6623,10,out,32522,1241.2
36.6666,10,out,32518,1120.8
36.6711,10,out,32514,1203.2
36.6753,10,out,32510,1258.8
36.6804,10,out,32506,1193.8
36.6847,10,out,32502,1241
36.6888,10,out,32498,1231.8
36.6923,10,out,32494,1245.8
36.6965,10,out,32490,1225.4
36.7009,10,out,32486,1193.4
36.7054,10,out,32482,1279.2
36.7097,10,out,32478,1222.8
36.7148,10,out,32474,1268.2
36.7195,10,out,32470,1232.6
36.724,10,out,32466,1211.6
36.7283,10,out,32462,1184
36.7338,10,out,32458,1258.2
36.7389,10,out,32454,1256.4
36.7439,10,out,32450,1208.2
36.7481,10,out,32446,1182.8
36.7527,10,out,32442,1172.2
36.7568,10,out,32438,1083.8
36.7615,10,out,32434,1126.6
36.7666,10,out,32430,1177
36.7714,10,out,32426,1171.2
36.7767,10,out,32422,1096.4
36.7819,10,out,32418,1054.4
36.7867,10,out,32414,1089.6
36.7913,10,out,32410,1140.6
36.7963,10,out,32406,1046.6
36.8016,10,out,32402,1049
36.8063,10,out,32398,1065.4
36.8106,10,out,32394,1062.2
36.8151,10,out,32390,1069.2
36.8195,10,out,32386,1158.4
36.8249,10,out,32382,1113.4
36.8292,10,out,32378,1071.8
36.8336,10,out,32374,1085
36.8377,10,out,32370,1121
36.8424,10,out,32366,1067
36.8465,10,out,32362,1133.8
36.8507,10,out,32358,1113.4
36.8551,10,out,32354,1083.6
36.8602,10,out,32350,1097
36.8647,10,out,32346,1179.2
36.8688,10,out2,32296,1189.4
36.8729,10,out2,32246,1207.6
36.8781,10,out2,32196,1043.6
36.8822,10,out2,32146,1123.2
36.8862,10,out2,32096,1111.4
36.8902,10,out2,32046,1093
36.895,10,out2,31996,1040.4
36.8999,10,out2,31946,1032.2
36.9039,10,out2,31896,991.8
36.9081,10,out2,31846,964
36.9131,10,out2,31796,985.6
36.9175,10,out2,31746,971
36.9221,10,out2,31696,912
36.9274,10,out2,31646,807.2
36.9319,10,out2,31596,902.4
36.9359,10,out2,31546,977.4
36.9401,10,out2,31496,637.8
36.9449,10,out2,31446,642
36.9498,10,out2,31396,676.4
36.9539,10,out2,31346,511.6
36.9581,10,out2,31296,513.8
36.9626,10,out2,31246,552.8
36.9676,10,out2,31196,448.8
36.9718,10,out2,31146,535.6
36.9761,10,out2,31096,333.4
36.9808,10,out2,31046,56.8
36.9856,11,in,31046,42.8
36.9904,11,in,31050,16
36.9952,11,in,31054,-12.2
37.0004,11,in,31058,1.8
37.0051,11,in,31062,-8
37.0099,11,in,31066,10.2
37.0151,11,in,31070,43.8
37.0201,11,in,31074,24.6
37.0252,11,in,31078,24.8
37.0302,11,in,31082,-18.2
37.035,11,in,31086,9
37.0397,11,in,31090,-6.8
37.0441,11,in,31094,-28
37.0485,11,in,31098,16.6
37.0526,11,in,31102,46.8
37.0574,11,in,31106,-12.8
37.0615,11,in,31110,36.4
37.0656,11,in,31114,42.2
37.0696,11,in,31118,48.8
37.074,11,in,31122,-26.4
37.0782,11,in,31126,28.8
37.0827,11,in,31130,-4
37.0872,11,in,31134,-39.8
37.0925,11,in,31138,21.2
37.0971,11,in,31142,-11.2
37.1012,11,in,31146,45.2
37.1051,11,in,31150,39
37.1102,11,in,31154,-17.4
37.1149,11,in,31158,-6
37.1195,11,in,31162,-44.4
37.1244,11,in,31166,-4
37.1297,11,in,31170,-18.4
37.1343,11,in,31174,-28.6
37.1391,11,in,31178,-33.2
37.144,11,in,31182,7.2
37.1489,11,in,31186,33.6
37.1533,11,in,31190,-19.4
37.1583,11,in,31194,3.8
37.1634,11,in,31198,2.2
37.1682,11,in,31202,59.8
37.173,11,in,31206,-3.6
37.1777,11,in,31210,1.8
37.1827,11,in,31214,11.8
37.1871,11,in,31218,27.4
37.1926,11,in,31222,-4
37.1974,11,in,31226,6
37.2023,11,in,31230,34.2
37.2069,11,in,31234,28.4
37.2119,11,in,31238,30.6
37.2171,11,in,31242,23.6
37.2217,11,in,31246,-1.2
37.2265,11,in,31250,-4.6
37.2317,11,in,31254,40.4
37.2368,11,in,31258,-21.2
37.2415,11,in,31262,2
37.2464,11,in,31266,-12.2
37.251,11,in,31270,21
37.2556,11,in,31274,18.2
37.2605,11,in,31278,4.2
37.2652,11,in,31282,44.2
37.2695,11,in,31286,-22.2
37.2738,11,in,31290,47.2
37.2779,11,in,31294,13.6
37.2823,11,in,31298,49.8
37.2873,11,in,31302,2.8
37.292,11,in,31306,-8.4
37.2967,11,in,31310,26.6
37.3014,11,in,31314,14
37.3072,11,in,31318,4.2
37.3125,11,in,31322,9
37.3176,11,in,31326,10.8
37.3229,11,in,31330,15.6
37.3275,11,in,31334,-17.8
37.3326,11,in,31338,12.2
37.3375,11,in,31342,-10.2
37.3421,11,in,31346,0
37.347,11,in,31350,-3.4
37.3514,11,in,31354,34.8
37.3565,11,in,31358,-6
37.3618,11,in,31362,-2.2
37.3669,11,in,31366,39.2
37.3717,11,in,31370,-8
37.3768,11,in,31374,-9
37.3817,11,in,31378,-10.6
37.3864,11,in,31382,4.6
37.3919,11,in,31386,1
37.3968,11,in,31390,16.2
37.4019,11,in,31394,9.6
37.4073,11,in,31398,2.4
37.4121,11,in,31402,1
37.4168,11,in,31406,-0.2
37.4221,11,in,31410,-11.8
37.4275,11,in,31414,-5.6
37.4332,11,in,31418,-15.2
37.438,11,in,31422,6.4
37.4431,11,in,31426,-23.6
37.4478,11,in,31430,-1.8
37.4529,11,in,31434,27.8
37.458,11,in,31438,-12.4
37.4627,11,in,31442,-10.2
37.4677,11,in,31446,38.4
37.4724,11,in,31450,22
37.4777,11,in,31454,-46
37.4832,11,in,31458,7
37.4882,11,in,31462,-9.4
37.493,11,in,31466,29.4
37.4977,11,in,31470,-11.8
37.5018,11,in,31474,52.6
37.5065,11,in,31478,8.8
37.5108,11,in,31482,-46.4
37.5149,11,in,31486,2.4
37.5191,11,in,31490,19
37.5236,11,in,31494,-51.2
37.5278,11,in,31498,-8.2
37.5321,11,in,31502,-25.4
37.5364,11,in,31506,-10.2
37.5405,11,in,31510,-18.4
37.5443,11,in,31514,-27.6
37.5486,11,in,31518,46
37.5531,11,in,31522,-19.6
37.5583,11,in,31526,1.2
37.5623,11,in,31530,34.2
37.5664,11,in,31534,-3.8
37.5709,11,in,31538,-14.8
37.5759,11,in,31542,4.6
37.5804,11,in,31546,23
37.5855,11,in,31550,-0.6
37.5907,11,in,31554,15.8
37.5954,11,in,31558,21.4
37.6005,11,in,31562,20.2
37.6056,11,in,31566,-11.6
37.6106,11,in,31570,4.8
37.6153,11,in,31574,26.8
37.6196,11,in,31578,-10
37.6237,11,in,31582,-19.6
37.6277,11,in,31586,4.6
37.6315,11,in,31590,18.6
37.6354,11,in,31594,8.8
37.6392,11,in,31598,10.8
37.643,11,in,31602,41.8
37.6471,11,in,31606,-6.6
37.6509,11,in,31610,1.4
37.6547,11,in,31614,32.6
37.6587,11,in,31618,-0.4
37.6636,11,in,31622,4
37.6683,11,in,31626,29.4
37.6729,11,in,31630,-4.4
37.6775,11,in,31634,-11.4
37.6826,11,in,31638,23.4
37.6867,11,in,31642,44.2
37.6907,11,in,31646,36.8
37.6949,11,in,31650,18.6
37.6994,11,in,31654,44.8
37.7035,11,in,31658,-6.4
37.7079,11,in,31662,14.8
37.712,11,in,31666,31
37.7164,11,in,31670,50.8
37.7211,11,in,31674,48.6
37.7251,11,in,31678,-1.6
37.7293,11,in,31682,-15.8
37.7344,11,in,31686,1
37.7391,11,in,31690,-16
37.7434,11,in,31694,3.6
37.7481,11,in,31698,10.6
37.7528,11,in,31702,40.4
37.7574,11,in,31706,-15
37.762,11,in,31710,-21.8
37.7664,11,in,31714,-1.6
37.7708,11,in,31718,-21
37.7748,11,in,31722,9.4
37.7788,11,in,31726,-19.2
37.7825,11,in,31730,-2.8
37.7862,11,in,31734,-9.8
37.7904,11,in,31738,39.8
37.7943,11,in,31742,-66.4
37.7981,11,in,31746,26.4
37.8027,11,in,31750,15.4
37.8078,11,in,31754,-16
37.8123,11,in,31758,35.6
37.817,11,in,31762,55
37.8213,11,in,31766,12.8
37.8257,11,in,31770,24.8
37.8298,11,in,31774,39.2
37.8341,11,in,31778,33.8
37.8389,11,in,31782,23.2
37.8436,11,in,31786,-19.4
37.8481,11,in,31790,-28.2
37.8521,11,in,31794,-19
37.8563,11,in,31798,-22.2
37.8609,11,in,31802,11
37.8654,11,in,31806,-0.4
37.8704,11,in,31810,28
37.8753,11,in,31814,1
37.8815,11,in,31818,-9.8
37.8855,11,in,31822,38.2
37.8898,11,in,31826,-31.8
37.8952,11,in,31830,-6
37.8996,11,in,31834,-7
37.9042,11,in,31838,78.8
37.9086,11,in,31842,10
37.9132,11,in,31846,21.4
37.9173,11,in,31850,-18
37.9213,11,in,31854,52.6
37.9257,11,in,31858,34.4
37.9299,11,in,31862,17.2
37.9348,11,in,31866,12.2
37.9396,11,in,31870,-12
37.9445,11,in,31874,33.8
37.9501,11,in,31878,-1.6
37.9548,11,in,31882,-7.4
37.9601,11,in,31886,10.6
37.9648,11,in,31890,32.6
37.9697,11,in,31894,31.4
37.9742,11,in,31898,48
37.9789,11,in,31902,6.8
37.9845,11,in,31906,20.4
37.989,11,in,31910,-20.2
37.9934,11,in,31914,12.8
37.9981,11,in,31918,-21.8
38.0029,11,in,31922,0.6
38.0072,11,in,31926,-13.2
38.0121,11,in,31930,-0.6
38.0166,11,in,31934,11
38.0207,11,in,31938,-3.8
38.025,11,in,31942,-18.4
38.029,11,in,31946,-5
38.033,11,in,31950,28.8
38.037,11,in,31954,25.8
38.0415,11,in,31958,34.2
38.0457,11,in,31962,34.4
38.0497,11,in,31966,14.6
38.0537,11,in,31970,-6.6
38.0594,11,in,31974,52.4
38.0633,11,in,31978,70.4
38.0677,11,in,31982,32.4
38.072,11,in,31986,-7.6
38.0773,11,in,31990,-10.2
38.0812,11,in,31994,-11.6
38.0855,11,in,31998,5.4
38.0898,11,in,32002,29.4
38.0945,11,in,32006,-28.4
38.099,11,in,32010,60.4
38.1034,11,in,32014,34.4
38.1077,11,in,32018,-3
38.1118,11,in,32022,61.8
38.1163,11,in,32026,65.6
38.1203,11,in,32030,-12.4
38.1243,11,in,32034,20.4
38.129,11,in,32038,-17.6
38.1338,11,in,32042,30.6
38.1383,11,in,32046,-27
38.1427,11,in,32050,12.4
38.147,11,in,32054,27
38.1515,11,in,32058,55.4
38.1555,11,in,32062,48.2
38.1597,11,in,32066,-27
38.1637,11,in,32070,-22
38.168,11,in,32074,33
38.172,11,in,32078,-5.8
38.1762,11,in,32082,19.6
38.1808,11,in,32086,-10
38.1853,11,in,32090,66.4
38.1894,11,in,32094,-1.4
38.1934,11,in,32098,15.6
38.1979,11,in,32102,5.6
38.2029,11,in,32106,8.4
38.2069,11,in,32110,-7.4
38.2112,11,in,32114,-6.6
38.2154,11,in,32118,-15.8
38.22,11,in,32122,35.2
38.2245,11,in,32126,1.6
38.2287,11,in,32130,-15.2
38.2329,11,in,32134,-1.6
38.2375,11,in,32138,25
38.2418,11,in,32142,-0.8
38.2461,11,in,32146,-19.8
38.2502,11,in,32150,35.2
38.2542,11,in,32154,35.2
38.2584,11,in,32158,3.6
38.2623,11,in,32162,5.6
38.266,11,in,32166,23.6
38.27,11,in,32170,25.2
38.2749,11,in,32174,12
38.2788,11,in,32178,0.6
38.2831,11,in,32182,26
38.2871,11,in,32186,7.8
38.2914,11,in,32190,20.4
38.2956,11,in,32194,24
38.3,11,in,32198,-0.2
38.3039,11,in,32202,-14.2
38.3084,11,in,32206,56.6
38.3129,11,in,32210,17.6
38.3173,11,in,32214,-7.6
38.321,11,in,32218,30
38.3256,11,in,32222,14.6
38.3303,11,in,32226,25
38.3349,11,in,32230,21.8
38.3393,11,in,32234,23.2
38.344,11,in,32238,3.2
38.3493,11,in,32242,-4.8
38.3533,11,in,32246,17.2
38.3569,11,in,32250,8.8
38.3606,11,in,32254,-0.6
38.3651,11,in,32258,66.6
38.3699,11,in,32262,28.2
38.3743,11,in,32266,-4.4
38.3781,11,in,32270,-14.8
38.3825,11,in,32274,50.2
38.3865,11,in,32278,8.8
38.3901,11,in,32282,-35.8
38.3937,11,in,32286,-8
38.3979,11,in,32290,46.2
38.4018,11,in,32294,10
38.4059,11,in,32298,24.6
38.4105,11,in,32302,-19.4
38.4144,11,in,32306,-13.6
38.4185,11,in,32310,49.2
38.4225,11,in,32314,4.6
38.4267,11,in,32318,30.6
38.4313,11,in,32322,8.8
38.4355,11,in,32326,79.2
38.4398,11,in,32330,7
38.444,11,in,32334,17.4
38.4486,11,in,32338,42.8
38.4534,11,in,32342,13
38.4574,11,in,32346,50.6
38.4616,11,in,32350,-3
38.4658,11,in,32354,-5.2
38.4703,11,in,32358,-7.8
38.4742,11,in,32362,19.4
38.4788,11,in,32366,22
38.4831,11,in,32370,-20
38.4872,11,in,32374,42.8
38.4918,11,in,32378,29.4
38.4956,11,in,32382,-0.8
38.4993,11,in,32386,14.8
38.5034,11,in,32390,34.4
38.5088,11,in,32394,39.4
38.5132,11,in,32398,31.4
38.517,11,in,32402,48.8
38.5214,11,in,32406,-1
38.5256,11,in,32410,36
38.5296,11,in,32414,14.4
38.5341,11,in,32418,50
38.5383,11,in,32422,40.6
38.5432,11,in,32426,68.2
38.5476,11,in,32430,0
38.552,11,in,32434,56.8
38.5564,11,in,32438,37.6
38.5609,11,in,32442,19.2
38.5653,11,in,32446,82.6
38.5697,11,in,32450,37.6
38.5745,11,in,32454,54
38.5798,11,in,32458,23.2
38.5849,11,in,32462,20
38.5898,11,in,32466,77
38.5945,11,in,32470,36.2
38.5993,11,in,32474,45.8
38.6041,11,in,32478,36.2
38.6091,11,in,32482,24.4
38.6137,11,in,32486,66.4
38.6181,11,in,32490,74.6
38.6228,11,in,32494,61.4
38.6282,11,in,32498,14.2
38.6329,11,in,32502,55.6
38.6374,11,in,32506,28.6
38.6418,11,in,32510,79
38.6466,11,in,32514,17.2
38.6527,11,in,32518,55.2
38.6578,11,in,32522,16.8
38.6626,11,in,32526,61
38.6676,11,in,32530,38
38.6724,11,in,32534,58
38.6763,11,in,32538,35
38.6806,11,in,32542,19
38.6851,11,in,32546,47.2
38.6891,11,in,32550,41
38.6934,11,in,32554,24.4
38.6979,11,in,32558,66
38.7025,11,in,32562,83.4
38.707,11,in,32566,9.8
38.7111,11,in,32570,60
38.715,11,in,32574,60.2
38.7194,11,in,32578,114.4
38.7234,11,in,32582,57.4
38.7274,11,in,32586,-10
38.7313,11,in,32590,8.4
38.7352,11,in,32594,42.8
38.7394,11,in,32598,41.2
38.7433,11,in,32602,78
38.7474,11,in,32606,59.4
38.7516,11,in,32610,62.4
38.7556,11,in,32614,22.8
38.7598,11,in,32618,42.8
38.7641,11,in,32622,82.6
38.7684,11,in,32626,72.2
38.7725,11,in,32630,61.4
38.7772,11,in,32634,13.8
38.7814,11,in,32638,58.8
38.786,11,in,32642,96.2
38.7907,11,in,32646,104
38.7955,11,in,32650,46.8
38.7999,11,in,32654,84.2
38.8044,11,in,32658,78.6
38.8088,11,in,32662,41.4
38.8128,11,in,32666,62.8
38.8167,11,in,32670,59
38.8206,11,in,32674,110.8
38.8244,11,in,32678,49.8
38.8286,11,in,32682,102.2
38.8328,11,in,32686,45.4
38.8368,11,in,32690,55
38.841,11,in,32694,107
38.8452,11,in,32698,103.2
38.8495,11,in,32702,138
38.8539,11,in,32706,141.2
38.8581,11,in,32710,118.8
38.8623,11,in,32714,132
38.8665,11,in,32718,137.8
38.8714,11,in,32722,116.6
38.8755,11,in,32726,152.6
38.8794,11,in,32730,111.6
38.8831,11,in,32734,111.8
38.8876,11,in,32738,142.2
38.8919,11,in,32742,117.6
38.8958,11,in,32746,163.4
38.9,11,in,32750,124
38.9042,11,in,32754,168.8
38.9084,11,in,32758,113.2
38.9123,11,in,32762,127.8
38.9167,11,in,32766,90.4
38.9213,11,in,32770,115
38.926,11,in,32774,165.6
38.9308,11,in,32778,202.6
38.9355,11,in,32782,207.6
38.9402,11,in,32786,145.2
38.9447,11,in,32790,151.4
38.9492,11,in,32794,170.2
38.9539,11,in,32798,152.6
38.9584,11,in,32802,149.2
38.9626,11,in,32806,137
38.9669,11,in,32810,166
38.9711,11,in,32814,142.8
38.9755,11,in,32818,191.6
38.9799,11,in,32822,179.4
38.9843,11,in,32826,129.8
38.9885,11,in,32830,157.6
38.9922,11,in,32834,156.6
38.9966,11,in,32838,172.4
39.0006,11,in,32842,111
39.0049,11,in,32846,157.8
39.0098,11,in,32850,166.2
39.0143,11,in,32854,197.8
39.019,11,in,32858,158
39.0234,11,in,32862,183.6
39.028,11,in,32866,159.8
39.0325,11,in,32870,176
39.0368,11,in,32874,114.8
39.0413,11,in,32878,149.8
39.0459,11,in,32882,155.8
39.0502,11,in,32886,119.4
39.0547,11,in,32890,133.6
39.0593,11,in,32894,93.8
39.0639,11,in,32898,134.6
39.0681,11,in,32902,100.4
39.073,11,in,32906,114.4
39.0778,11,in,32910,70.4
39.082,11,in,32914,31.8
39.0861,11,in,32918,136.4
39.0901,11,in,32922,66.2
39.0941,11,in,32926,80.8
39.0984,11,in,32930,98.4
39.1024,11,in,32934,114.2
39.1062,11,in,32938,90.6
39.1109,11,in,32942,22.8
39.1158,11,in,32946,99.4
39.1206,11,in,32950,56.8
39.1256,11,in,32954,77.4
39.1298,11,in,32958,97.6
39.1339,11,in,32962,80.2
39.1381,11,in,32966,66
39.1429,11,in,32970,77
39.1473,11,in,32974,67
39.1515,11,in,32978,62.8
39.1556,11,in,32982,120.2
39.1601,11,in,32986,94.4
39.1646,11,in,32990,69.8
39.1703,11,in,32994,77.4
39.1751,11,in,32998,78.8
39.1795,11,in,33002,32.8
39.1841,11,in,33006,20.4
39.1885,11,in,33010,94
39.1929,11,in,33014,143.4
39.1977,11,in,33018,81.2
39.2021,11,in,33022,90.4
39.2077,11,in,33026,88.6
39.2123,11,in,33030,102
39.2169,11,in,33034,107.2
39.2222,11,in,33038,98.8
39.2266,11,in,33042,118.2
39.2313,11,in,33046,102.2
39.2362,11,in,33050,122
39.2411,11,in,33054,108.4
39.2455,11,in,33058,129
39.2502,11,in,33062,131.6
39.255,11,in,33066,128.8
39.2602,11,in,33070,144
39.2651,11,in,33074,166.8
39.2698,11,in,33078,150.4
39.2744,11,in,33082,158.4
39.2794,11,in,33086,175.6
39.2848,11,in,33090,150.6
39.2891,11,in,33094,234.8
39.2944,11,in,33098,174.6
39.2988,11,in,33102,167.2
39.3034,11,in,33106,167.8
39.3079,11,in,33110,210
39.3123,11,in,33114,196.4
39.3167,11,in,33118,236
39.321,11,in,33122,219.8
39.3259,11,in,33126,217.4
39.3312,11,in,33130,256.6
39.3357,11,in,33134,254.2
39.3402,11,in,33138,364.4
39.3446,11,in,33142,408.4
39.3494,11,in,33146,370.8
39.3545,11,in,33150,428
39.3592,11,in,33154,409.4
39.3634,11,in,33158,494
39.3681,11,in,33162,461.2
39.3729,11,in,33166,468.6
39.3773,11,in,33170,531.8
39.3822,11,in,33174,560.6
39.3869,11,in,33178,588.4
39.3915,11,in,33182,696.8
39.3958,11,in,33186,691.4
39.4004,11,in,33190,617
39.4048,11,in,33194,670.6
39.4089,11,in,33198,685.6
39.413,11,in,33202,692
39.4174,11,in,33206,680.4
39.4225,11,in,33210,687.8
39.4273,11,in,33214,649.4
39.4319,11,in,33218,761.2
39.4365,11,in,33222,770.8
39.4413,11,in,33226,684.2
39.4459,11,in,33230,746.6
39.4507,11,in,33234,746.6
39.4555,11,in,33238,743.2
39.4603,11,in,33242,695.8
39.4646,11,in,33246,675.4
39.469,11,in,33250,712.2
39.4743,11,in,33254,761.2
39.4791,11,in,33258,803.6
39.4837,11,in,33262,778.6
39.4882,11,in,33266,796.6
39.4927,11,in,33270,806
39.4972,11,in,33274,836.2
39.5024,11,in,33278,955.4
39.5075,11,in,33282,892.8
39.5123,11,in,33286,958
39.5168,11,in,33290,994.2
39.5214,11,in,33294,1300.6
39.5266,11,out,33290,1506.8
39.5315,11,out,33286,1668.2
39.5359,11,out,33282,1648.2
39.5414,11,out,33278,1607
39.546,11,out,33274,1633.6
39.551,11,out,33270,1635.2
39.5558,11,out,33266,1627.4
39.5605,11,out,33262,1566.2
39.565,11,out,33258,1599.2
39.5694,11,out,33254,1663.8
39.5739,11,out,33250,1621.2
39.5783,11,out,33246,1524.8
39.5833,11,out,33242,1587.4
39.5877,11,out,33238,1472.8
39.5921,11,out,33234,1472.2
39.5964,11,out,33230,1495.2
39.6021,11,out,33226,1790.4
39.6066,11,out,33222,1720.4
39.6114,11,out,33218,1819.8
39.6168,11,out,33214,1887.6
39.6219,11,out,33210,1866
39.6273,11,out,33206,1926.8
39.632,11,out,33202,1909.6
39.6365,11,out,33198,1856.2
39.6411,11,out,33194,1903.4
39.6454,11,out,33190,1836.2
39.6498,11,out,33186,1842
39.6544,11,out,33182,1835.4
39.6588,11,out,33178,1977.2
39.6639,11,out,33174,2033.4
39.6684,11,out,33170,1942.8
39.674,11,out,33166,1982.8
39.6789,11,out,33162,1919.6
39.6831,11,out,33158,1976.6
39.6869,11,out,33154,1929.6
39.6918,11,out,33150,1979.4
39.6957,11,out,33146,1971.4
39.7002,11,out,33142,1957.4
39.7044,11,out,33138,1966.8
39.7089,11,out,33134,1971.2
39.7141,11,out,33130,1961.4
39.7192,11,out,33126,1961.2
39.7237,11,out,33122,1923
39.7286,11,out,33118,1934.2
39.7335,11,out,33114,1924.4
39.7385,11,out,33110,1916.6
39.7434,11,out,33106,1932.2
39.7477,11,out,33102,1824
39.7521,11,out,33098,1894.2
39.757,11,out,33094,1966.8
39.7615,11,out,33090,1997.6
39.766,11,out,33086,1890.6
39.7709,11,out,33082,1855.6
39.7756,11,out,33078,1977.2
39.7809,11,out,33074,1844.8
39.7859,11,out,33070,1950
39.7905,11,out,33066,1967.8
39.7955,11,out,33062,2036.4
39.7998,11,out,33058,2031.4
39.8045,11,out,33054,1966.4
39.809,11,out,33050,1987
39.8135,11,out,33046,1865.8
39.8179,11,out,33042,1872.8
39.8226,11,out,33038,1869.8
39.8273,11,out,33034,1921.6
39.8318,11,out,33030,1898
39.8365,11,out,33026,1957.4
39.8413,11,out,33022,1960.6
39.8461,11,out,33018,1889.8
39.8505,11,out,33014,2028.2
39.8553,11,out,33010,1980.8
39.8598,11,out,33006,1946.8
39.8648,11,out,33002,1904
39.8698,11,out,32998,1927.4
39.8743,11,out,32994,1918.6
39.8794,11,out,32990,1928.4
39.8841,11,out,32986,1974.2
39.8898,11,out,32982,2029.2
39.8944,11,out,32978,1890.8
39.8996,11,out,32974,1867.4
39.904,11,out,32970,1924.2
39.9083,11,out,32966,1862
39.9137,11,out,32962,1857.6
39.9187,11,out,32958,1825.6
39.9233,11,out,32954,1870
39.9276,11,out,32950,1780.2
39.9322,11,out,32946,1913
39.9371,11,out,32942,1980.8
39.9422,11,out,32938,1972.2
39.9467,11,out,32934,1970.2
39.9519,11,out,32930,1951.4
39.9569,11,out,32926,1955.8
39.9621,11,out,32922,1943.4
39.9673,11,out,32918,1960
39.9727,11,out,32914,1981.2
39.9776,11,out,32910,1866.6
39.9828,11,out,32906,1923.2
39.9876,11,out,32902,1871.2
39.9922,11,out,32898,1841.8
39.9974,11,out,32894,1896.2
40.002,11,out,32890,1863.2
40.007,11,out,32886,1991.2
40.0114,11,out,32882,2010
40.0161,11,out,32878,2068.4
40.0205,11,out,32874,2083.4
40.0255,11,out,32870,2031.2
40.0299,11,out,32866,2008.8
40.0354,11,out,32862,2024.8
40.0405,11,out,32858,1937.4
40.046,11,out,32854,1921.8
40.051,11,out,32850,1952.4
40.0561,11,out,32846,1909.4
40.0611,11,out,32842,2005.6
40.0659,11,out,32838,2018.8
40.0708,11,out,32834,2042.6
40.0763,11,out,32830,2056
40.0814,11,out,32826,2017.4
40.087,11,out,32822,2047.8
40.0918,11,out,32818,2132.2
40.0977,11,out,32814,2139.2
40.1025,11,out,32810,2131
40.1079,11,out,32806,2095.2
40.113,11,out,32802,2114
40.1178,11,out,32798,2071.8
40.1223,11,out,32794,2092.6
40.1271,11,out,32790,2054.4
40.1317,11,out,32786,2054.8
40.1366,11,out,32782,2098.2
40.1409,11,out,32778,2054.4
40.1456,11,out,32774,2027.8
40.1505,11,out,32770,2114.4
40.155,11,out,32766,2115.4
40.1596,11,out,32762,2081
40.1644,11,out,32758,2111
40.1692,11,out,32754,2048.8
40.1739,11,out,32750,2061
40.1793,11,out,32746,2030
40.1835,11,out,32742,2134.8
40.1881,11,out,32738,2144.8
40.1924,11,out,32734,2113
40.1971,11,out,32730,2096
40.2014,11,out,32726,2106.6
40.2057,11,out,32722,2055.6
40.2101,11,out,32718,2092
40.2143,11,out,32714,2037.2
40.2189,11,out,32710,2080.6
40.2235,11,out,32706,2084.2
40.2281,11,out,32702,2084.4
40.2337,11,out,32698,2102.2
40.2388,11,out,32694,2034.4
40.2436,11,out2,32644,2086
40.2487,11,out2,32594,2106.6
40.2534,11,out2,32544,2123.4
40.2584,11,out2,32494,2049.8
40.263,11,out2,32444,2073.8
40.2674,11,out2,32394,2137.8
40.2717,11,out2,32344,2107
40.2762,11,out2,32294,2064.8
40.2812,11,out2,32244,2018.8
40.2863,11,out2,32194,1895.2
40.2909,11,out2,32144,1946.2
40.2951,11,out2,32094,1902.2
40.2992,11,out2,32044,1930.8
40.3032,11,out2,31994,2033
40.3075,11,out2,31944,1941.8
40.3114,11,out2,31894,1847.6
40.3163,11,out2,31844,1807.8
40.3208,11,out2,31794,1827.2
40.3254,11,out2,31744,1809.8
40.3292,11,out2,31694,1563.8
40.333,11,out2,31644,1601.4
40.3365,11,out2,31594,1490
40.3407,11,out2,31544,1110.4
40.3448,11,out2,31494,1038
40.3493,11,out2,31444,813
40.3531,11,out2,31394,300.2
40.3579,11,out2,31344,-36.6
40.3618,12,in,31344,29
40.3654,12,in,31348,13
40.3696,12,in,31352,2.8
40.3733,12,in,31356,5.6
40.3769,12,in,31360,-32.4
40.3806,12,in,31364,-22.6
40.3847,12,in,31368,26.8
40.3885,12,in,31372,-7.2
40.3927,12,in,31376,16.2
40.3964,12,in,31380,-10
40.4005,12,in,31384,37.4
40.4043,12,in,31388,-66
40.4083,12,in,31392,22.2
40.4121,12,in,31396,-41.4
40.4159,12,in,31400,32.4
40.4196,12,in,31404,41.6
40.4238,12,in,31408,21.6
40.4274,12,in,31412,2.8
40.4317,12,in,31416,-17
40.435,12,in,31420,13.2
40.4384,12,in,31424,-24
40.4419,12,in,31428,4.8
40.4454,12,in,31432,-28.4
40.4495,12,in,31436,-24.2
40.4531,12,in,31440,-1.2
40.4572,12,in,31444,11.2
40.4607,12,in,31448,-3.6
40.465,12,in,31452,22
40.4688,12,in,31456,0.8
40.4726,12,in,31460,11.2
40.476,12,in,31464,-11
40.4797,12,in,31468,12.8
40.4837,12,in,31472,-1.6
40.4873,12,in,31476,-34.6
40.4908,12,in,31480,-8.8
40.4948,12,in,31484,-12.4
40.4984,12,in,31488,-38
40.5026,12,in,31492,-30.4
40.5062,12,in,31496,-26.4
40.5104,12,in,31500,18.2
40.5142,12,in,31504,22
40.5181,12,in,31508,4.2
40.5218,12,in,31512,2
40.5254,12,in,31516,-16.2
40.5295,12,in,31520,-27
40.5332,12,in,31524,-36.4
40.5373,12,in,31528,0.6
40.541,12,in,31532,-46.2
40.5447,12,in,31536,-28.4
40.5487,12,in,31540,13
40.5526,12,in,31544,19.6
40.5563,12,in,31548,4.8
40.5601,12,in,31552,8.8
40.5638,12,in,31556,-25
40.5674,12,in,31560,12.6
40.5715,12,in,31564,5.4
40.5751,12,in,31568,-8.6
40.5787,12,in,31572,-9
40.5826,12,in,31576,-12.4
40.5863,12,in,31580,-9.4
40.5899,12,in,31584,19.6
40.5937,12,in,31588,-17.6
40.5973,12,in,31592,-18.4
40.601,12,in,31596,39.8
40.6049,12,in,31600,26.2
40.6088,12,in,31604,31.4
40.6126,12,in,31608,-25
40.6161,12,in,31612,-6.4
40.6203,12,in,31616,-0.6
40.624,12,in,31620,-7.8
40.628,12,in,31624,-11
40.6316,12,in,31628,9.4
40.6354,12,in,31632,22.4
40.639,12,in,31636,-3.4
40.6431,12,in,31640,8.6
40.6467,12,in,31644,-4.8
40.6501,12,in,31648,13.2
40.654,12,in,31652,13.6
40.6578,12,in,31656,-25.2
40.6617,12,in,31660,7.8
40.6657,12,in,31664,-31
40.6694,12,in,31668,2.8
40.673,12,in,31672,-27.6
40.6771,12,in,31676,-14.2
40.6817,12,in,31680,-4
40.6863,12,in,31684,56.8
40.6907,12,in,31688,-34.2
40.6948,12,in,31692,-18.8
40.6989,12,in,31696,-29.4
40.7024,12,in,31700,1.4
40.7064,12,in,31704,-16.4
40.7103,12,in,31708,11.2
40.7143,12,in,31712,43.8
40.7185,12,in,31716,-24.8
40.7225,12,in,31720,-30.6
40.7269,12,in,31724,38.8
40.7306,12,in,31728,-24.8
40.7345,12,in,31732,-28
40.7388,12,in,31736,27
40.7428,12,in,31740,39.4
40.748,12,in,31744,-17.6
40.7526,12,in,31748,46.8
40.7574,12,in,31752,-50.2
40.7617,12,in,31756,-33.2
40.7655,12,in,31760,9.6
40.7698,12,in,31764,20
40.7737,12,in,31768,-14
40.7777,12,in,31772,-34.2
40.7818,12,in,31776,19.8
40.7869,12,in,31780,23.6
40.7911,12,in,31784,10.8
40.7954,12,in,31788,-20
40.7996,12,in,31792,40.2
40.8039,12,in,31796,15
40.8082,12,in,31800,4
40.8125,12,in,31804,-26.8
40.8169,12,in,31808,4.8
40.8214,12,in,31812,4.4
40.8251,12,in,31816,6.2
40.8292,12,in,31820,-2.8
40.8333,12,in,31824,1.6
40.8371,12,in,31828,27.8
40.8422,12,in,31832,0.6
40.8463,12,in,31836,-59.6
40.8508,12,in,31840,-10
40.855,12,in,31844,28.4
40.8599,12,in,31848,-28
40.8641,12,in,31852,-48.8
40.8681,12,in,31856,-34.2
40.8727,12,in,31860,-41
40.8774,12,in,31864,-5.6
40.8812,12,in,31868,-11.2
40.8855,12,in,31872,-7.4
40.8901,12,in,31876,-12.8
40.8956,12,in,31880,-11.4
40.9,12,in,31884,-29.6
40.9043,12,in,31888,-48
40.9089,12,in,31892,-18
40.9134,12,in,31896,-47.2
40.9174,12,in,31900,25.4
40.9216,12,in,31904,-7.6
40.9264,12,in,31908,-7.4
40.9319,12,in,31912,-4.2
40.936,12,in,31916,47
40.9404,12,in,31920,-9.8
40.9446,12,in,31924,-28.6
40.95,12,in,31928,-35.4
40.9544,12,in,31932,-3.8
40.9594,12,in,31936,52
40.9638,12,in,31940,7.6
40.968,12,in,31944,28.6
40.9729,12,in,31948,-19.8
40.9782,12,in,31952,-20.8
40.9829,12,in,31956,8.6
40.9873,12,in,31960,24
40.9914,12,in,31964,-36.2
40.9953,12,in,31968,-14.6
40.9998,12,in,31972,34.8
41.0043,12,in,31976,-18
41.0082,12,in,31980,21.2
41.0122,12,in,31984,26.6
41.0164,12,in,31988,-3
41.0213,12,in,31992,45.6
41.0264,12,in,31996,12
41.0308,12,in,32000,-44.4
41.0354,12,in,32004,-11.2
41.0399,12,in,32008,-14.6
41.0445,12,in,32012,-16
41.0491,12,in,32016,35
41.0537,12,in,32020,4.4
41.0581,12,in,32024,-28.2
41.0625,12,in,32028,-0.8
41.0668,12,in,32032,47
41.0711,12,in,32036,-6.8
41.0761,12,in,32040,24.4
41.0807,12,in,32044,7.8
41.0854,12,in,32048,-2.2
41.0898,12,in,32052,-1
41.0944,12,in,32056,-29.8
41.099,12,in,32060,-24.8
41.1034,12,in,32064,40.2
41.1082,12,in,32068,-23.2
41.1131,12,in,32072,-13.8
41.1177,12,in,32076,13.6
41.1223,12,in,32080,-20.4
41.1271,12,in,32084,-25.2
41.1319,12,in,32088,-48.4
41.1365,12,in,32092,11.4
41.1415,12,in,32096,-15.8
41.1471,12,in,32100,-5.8
41.152,12,in,32104,-26.4
41.1565,12,in,32108,14
41.1616,12,in,32112,-31
41.1662,12,in,32116,2.2
41.1707,12,in,32120,11.4
41.1751,12,in,32124,12.6
41.1802,12,in,32128,-42.4
41.1848,12,in,32132,7.2
41.1892,12,in,32136,-7.2
41.1937,12,in,32140,-41.2
41.1987,12,in,32144,5
41.2035,12,in,32148,16.6
41.2088,12,in,32152,-25.6
41.2133,12,in,32156,-41
41.2181,12,in,32160,-4.6
41.2225,12,in,32164,-8.8
41.227,12,in,32168,-35.8
41.2312,12,in,32172,35.6
41.236,12,in,32176,19.8
41.2406,12,in,32180,24.4
41.2446,12,in,32184,-18.6
41.2491,12,in,32188,-10.2
41.2534,12,in,32192,-31.8
41.2576,12,in,32196,36.6
41.2622,12,in,32200,-9.8
41.2676,12,in,32204,9.8
41.2729,12,in,32208,10
41.2777,12,in,32212,0.2
41.2821,12,in,32216,15.4
41.2871,12,in,32220,0.8
41.2919,12,in,32224,-13.6
41.2966,12,in,32228,4.4
41.3015,12,in,32232,-21.4
41.3072,12,in,32236,-1
41.3116,12,in,32240,-35.2
41.3159,12,in,32244,-20.6
41.3207,12,in,32248,-15.6
41.3251,12,in,32252,-23.6
41.3297,12,in,32256,-48
41.3344,12,in,32260,-3.6
41.339,12,in,32264,12
41.3436,12,in,32268,-9.2
41.3475,12,in,32272,-2.4
41.3519,12,in,32276,13.2
41.3561,12,in,32280,39.6
41.3605,12,in,32284,0
41.3649,12,in,32288,-16.2
41.3691,12,in,32292,10
41.374,12,in,32296,-7.2
41.3784,12,in,32300,5.8
41.3834,12,in,32304,32.8
41.3892,12,in,32308,-5.2
41.3942,12,in,32312,-56.8
41.3998,12,in,32316,-0.8
41.4046,12,in,32320,-5
41.4088,12,in,32324,3.8
41.4143,12,in,32328,10.2
41.4189,12,in,32332,40
41.4236,12,in,32336,-17.6
41.4287,12,in,32340,-12.2
41.434,12,in,32344,2.6
41.439,12,in,32348,26.2
41.4436,12,in,32352,1.8
41.4489,12,in,32356,25.2
41.4532,12,in,32360,46.8
41.4577,12,in,32364,-13.8
41.4619,12,in,32368,-60.8
41.4673,12,in,32372,-3.2
41.4716,12,in,32376,27
41.4763,12,in,32380,9.6
41.4808,12,in,32384,5.2
41.486,12,in,32388,53
41.491,12,in,32392,21.4
41.4946,12,in,32396,2
41.4982,12,in,32400,17.6
41.5024,12,in,32404,25.4
41.5069,12,in,32408,-6
41.5113,12,in,32412,-10.4
41.5158,12,in,32416,2.8
41.5203,12,in,32420,49.6
41.5247,12,in,32424,27.4
41.5291,12,in,32428,-39
41.5336,12,in,32432,10.4
41.539,12,in,32436,21.6
41.5432,12,in,32440,3.6
41.5478,12,in,32444,22.4
41.5526,12,in,32448,23.2
41.5569,12,in,32452,-10
41.5613,12,in,32456,-7.8
41.5654,12,in,32460,-0.8
41.5693,12,in,32464,7
41.5741,12,in,32468,-7.6
41.5783,12,in,32472,-2
41.5826,12,in,32476,-25.4
41.5872,12,in,32480,19.2
41.5919,12,in,32484,2.6
41.5958,12,in,32488,20.6
41.5998,12,in,32492,39.8
41.6043,12,in,32496,31.4
41.6091,12,in,32500,-19.2
41.6137,12,in,32504,-24
41.6178,12,in,32508,-2
41.622,12,in,32512,21
41.6264,12,in,32516,-37.8
41.631,12,in,32520,16
41.6354,12,in,32524,23.6
41.6394,12,in,32528,-7.8
41.6434,12,in,32532,-9.8
41.6473,12,in,32536,25.6
41.6512,12,in,32540,11.2
41.6555,12,in,32544,6.6
41.66,12,in,32548,5.4
41.664,12,in,32552,18.6
41.6682,12,in,32556,-41.8
41.6723,12,in,32560,23.4
41.6766,12,in,32564,-15
41.6816,12,in,32568,-27.6
41.6861,12,in,32572,7.6
41.6903,12,in,32576,-17.2
41.6946,12,in,32580,-54
41.699,12,in,32584,7.6
41.7033,12,in,32588,-11.6
41.7078,12,in,32592,52
41.7128,12,in,32596,5.4
41.7178,12,in,32600,16.8
41.723,12,in,32604,27.4
41.7276,12,in,32608,9.6
41.7326,12,in,32612,4.4
41.7372,12,in,32616,-6.8
41.7418,12,in,32620,-10
41.7465,12,in,32624,-22.4
41.7512,12,in,32628,-3.8
41.7557,12,in,32632,6
41.7598,12,in,32636,-68.6
41.7642,12,in,32640,-18.2
41.7683,12,in,32644,36.8
41.7723,12,in,32648,9.4
41.7762,12,in,32652,7.4
41.7805,12,in,32656,18.2
41.7852,12,in,32660,5.6
41.7896,12,in,32664,26.4
41.7934,12,in,32668,8.4
41.7978,12,in,32672,-3.8
41.8023,12,in,32676,15.8
41.8065,12,in,32680,32.4
41.8106,12,in,32684,18.6
41.8148,12,in,32688,12.8
41.819,12,in,32692,-30
41.8237,12,in,32696,26.8
41.8279,12,in,32700,-44.4
41.8326,12,in,32704,3.6
41.8369,12,in,32708,52.2
41.8421,12,in,32712,-13.6
41.8468,12,in,32716,28.4
41.8514,12,in,32720,39
41.856,12,in,32724,-8.2
41.861,12,in,32728,10.6
41.8665,12,in,32732,-6.6
41.8715,12,in,32736,14.2
41.8765,12,in,32740,16.8
41.8809,12,in,32744,57.2
41.8858,12,in,32748,24.8
41.8902,12,in,32752,18
41.8953,12,in,32756,-31.2
41.9006,12,in,32760,41
41.906,12,in,32764,-7
41.9104,12,in,32768,33.2
41.9148,12,in,32772,7
41.9191,12,in,32776,-42.8
41.924,12,in,32780,11.8
41.9294,12,in,32784,-9.8
41.9333,12,in,32788,12
41.9375,12,in,32792,-43
41.9417,12,in,32796,14.8
41.9466,12,in,32800,18.2
41.9508,12,in,32804,-1.6
41.9554,12,in,32808,-3
41.9602,12,in,32812,21.4
41.9663,12,in,32816,-2.4
41.9709,12,in,32820,-4.2
41.9756,12,in,32824,30
41.9803,12,in,32828,5.2
41.9847,12,in,32832,10.8
41.989,12,in,32836,-2.6
41.9934,12,in,32840,33.8
41.9986,12,in,32844,-25.4
42.004,12,in,32848,12.4
42.0083,12,in,32852,5.2
42.0136,12,in,32856,14.2
42.0184,12,in,32860,-2.8
42.023,12,in,32864,23
42.0274,12,in,32868,-1.8
42.0325,12,in,32872,-2.8
42.0373,12,in,32876,37.2
42.0419,12,in,32880,-21.2
42.0462,12,in,32884,-19.6
42.0516,12,in,32888,16
42.0566,12,in,32892,-7.8
42.0617,12,in,32896,21.4
42.0671,12,in,32900,37.8
42.0716,12,in,32904,45.2
42.0757,12,in,32908,-17.6
42.0803,12,in,32912,-16.4
42.0852,12,in,32916,18.6
42.0901,12,in,32920,-14.6
42.0941,12,in,32924,5.6
42.0982,12,in,32928,-4
42.1024,12,in,32932,39.8
42.1065,12,in,32936,-22
42.1112,12,in,32940,9.2
42.1157,12,in,32944,-14.2
42.1198,12,in,32948,23.6
42.124,12,in,32952,-3.6
42.1282,12,in,32956,21
42.1325,12,in,32960,26.8
42.1366,12,in,32964,48.2
42.1406,12,in,32968,-0.4
42.1453,12,in,32972,-28.4
42.1496,12,in,32976,6.2
42.1537,12,in,32980,38.2
42.1578,12,in,32984,51.8
42.1632,12,in,32988,12
42.1676,12,in,32992,24.6
42.1718,12,in,32996,45.4
42.1757,12,in,33000,47
42.1807,12,in,33004,45.8
42.1847,12,in,33008,64.2
42.1895,12,in,33012,-12.2
42.195,12,in,33016,-9.8
42.199,12,in,33020,40.6
42.2031,12,in,33024,68.4
42.2072,12,in,33028,2
42.211,12,in,33032,45
42.2159,12,in,33036,29
42.2203,12,in,33040,63.4
42.2247,12,in,33044,60.2
42.2288,12,in,33048,12.6
42.2333,12,in,33052,54
42.2384,12,in,33056,66.8
42.2426,12,in,33060,36.8
42.2475,12,in,33064,54.8
42.2523,12,in,33068,52.2
42.2568,12,in,33072,75
42.2614,12,in,33076,46.8
42.2656,12,in,33080,37.2
42.2705,12,in,33084,30
42.2749,12,in,33088,36
42.2797,12,in,33092,55
42.2848,12,in,33096,42.2
42.2896,12,in,33100,101.8
42.2946,12,in,33104,52.2
42.2989,12,in,33108,62
42.3038,12,in,33112,90.6
42.3084,12,in,33116,48.4
42.313,12,in,33120,104.2
42.3181,12,in,33124,63
42.3233,12,in,33128,101.4
42.3282,12,in,33132,94.6
42.3328,12,in,33136,83.8
42.3377,12,in,33140,161.4
42.3427,12,in,33144,185.4
42.3469,12,in,33148,194
42.3511,12,in,33152,267.6
42.3555,12,in,33156,244.2
42.3603,12,in,33160,236
42.3646,12,in,33164,241
42.3692,12,in,33168,337.4
42.3743,12,in,33172,342.4
42.3792,12,in,33176,234.6
42.3836,12,in,33180,267
42.3885,12,in,33184,296.6
42.3933,12,in,33188,345.6
42.3981,12,in,33192,347.6
42.4024,12,in,33196,282
42.4079,12,in,33200,296.6
42.4131,12,in,33204,356.4
42.4175,12,in,33208,228
42.4225,12,in,33212,267.8
42.4273,12,in,33216,346.4
42.4332,12,in,33220,387
42.4379,12,in,33224,437.2
42.4424,12,in,33228,254.8
42.447,12,in,33232,307.6
42.4513,12,in,33236,299.8
42.4563,12,in,33240,381
42.4609,12,in,33244,365.6
42.4655,12,in,33248,392.2
42.47,12,in,33252,414.6
42.4748,12,in,33256,398.4
42.4792,12,in,33260,640.2
42.4847,12,in,33264,642.8
42.4895,12,in,33268,728.8
42.4944,12,in,33272,711
42.4994,12,in,33276,846.4
42.5039,12,in,33280,741
42.5092,12,in,33284,674.8
42.514,12,in,33288,714.2
42.5186,12,in,33292,788.4
42.5237,12,in,33296,680.4
42.5284,12,in,33300,766.8
42.5329,12,in,33304,801.2
42.5377,12,in,33308,686.2
42.5428,12,in,33312,663.2
42.5476,12,in,33316,789.2
42.5526,12,in,33320,673
42.5568,12,in,33324,722
42.5613,12,in,33328,754.2
42.5658,12,in,33332,849
42.5702,12,in,33336,807.2
42.5742,12,in,33340,861
42.5784,12,in,33344,1001.4
42.5828,12,out,33340,823.2
42.5869,12,out,33336,843.8
42.5919,12,out,33332,749.6
42.5958,12,out,33328,749.4
42.6002,12,out,33324,849.4
42.6047,12,out,33320,812.4
42.61,12,out,33316,894.4
42.6144,12,out,33312,1021.4
42.619,12,out,33308,1032.8
42.6231,12,out,33304,934.8
42.6285,12,out,33300,1058.6
42.6329,12,out,33296,1167
42.6373,12,out,33292,1281.8
42.6412,12,out,33288,1119.8
42.6462,12,out,33284,1277.6
42.6501,12,out,33280,1440.6
42.654,12,out,33276,1269.2
42.6583,12,out,33272,1303.4
42.6633,12,out,33268,1385
42.6677,12,out,33264,1381.8
42.6723,12,out,33260,1192.2
42.6767,12,out,33256,1227.4
42.6819,12,out,33252,1246.2
42.6868,12,out,33248,1207
42.6912,12,out,33244,1198.8
42.6957,12,out,33240,1268.8
42.6999,12,out,33236,1269.2
42.7045,12,out,33232,1506.6
42.709,12,out,33228,1264.6
42.7141,12,out,33224,1435.8
42.7189,12,out,33220,1438.4
42.7234,12,out,33216,1438.6
42.7283,12,out,33212,1318
42.7336,12,out,33208,1355.2
42.7388,12,out,33204,1376.8
42.7433,12,out,33200,1360.4
42.7479,12,out,33196,1369.6
42.7521,12,out,33192,1405.2
42.7563,12,out,33188,1389.2
42.7601,12,out,33184,1381
42.7642,12,out,33180,1342.4
42.7683,12,out,33176,1374
42.7723,12,out,33172,1353.8
42.7761,12,out,33168,1380
42.7802,12,out,33164,1389.6
42.7843,12,out,33160,1401.6
42.7889,12,out,33156,1361.6
42.7928,12,out,33152,1411.4
42.7975,12,out,33148,1413.4
42.8016,12,out,33144,1475
42.8063,12,out,33140,1350.2
42.8107,12,out,33136,1446.6
42.8151,12,out,33132,1269
42.8195,12,out,33128,1328.6
42.8241,12,out,33124,1303.6
42.8281,12,out,33120,1308
42.8327,12,out,33116,1296.8
42.8369,12,out,33112,1318.2
42.841,12,out,33108,1307.4
42.8454,12,out,33104,1287
42.8502,12,out,33100,1348
42.8548,12,out,33096,1256.8
42.8601,12,out,33092,1396.2
42.8646,12,out,33088,1322.8
42.8687,12,out,33084,1308
42.8727,12,out,33080,1319.4
42.8775,12,out,33076,1355
42.8821,12,out,33072,1386.2
42.8863,12,out,33068,1309.4
42.8904,12,out,33064,1365.2
42.8954,12,out,33060,1350.2
42.9002,12,out,33056,1505.4
42.9047,12,out,33052,1487.4
42.9091,12,out,33048,1581.2
42.9137,12,out,33044,1555.6
42.918,12,out,33040,1574.2
42.9222,12,out,33036,1548.8
42.9262,12,out,33032,1573.4
42.9311,12,out,33028,1551.4
42.9353,12,out,33024,1475.2
42.9395,12,out,33020,1374.4
42.9432,12,out,33016,1523.2
42.9471,12,out,33012,1449.4
42.9513,12,out,33008,1486.6
42.9557,12,out,33004,1787.6
42.9599,12,out,33000,1673.2
42.964,12,out,32996,1546.4
42.9691,12,out,32992,1728.2
42.973,12,out,32988,1693
42.9772,12,out,32984,1555.8
42.9812,12,out,32980,1662.4
42.9861,12,out,32976,1400
42.9909,12,out,32972,1356.6
42.9954,12,out,32968,1268.6
43.0,12,out,32964,1316.8
43.0053,12,out,32960,1513.4
43.0092,12,out,32956,1354
43.0135,12,out,32952,1315.2
43.018,12,out,32948,1378
43.0226,12,out,32944,1406
43.0269,12,out,32940,1523
43.0308,12,out,32936,1429
43.0349,12,out,32932,1380
43.0399,12,out,32928,1400.2
43.0446,12,out,32924,1462.8
43.0486,12,out,32920,1540.8
43.0532,12,out,32916,1568
43.0587,12,out,32912,1487.8
43.0631,12,out,32908,1542
43.0672,12,out,32904,1483.8
43.0713,12,out,32900,1514
43.0759,12,out,32896,1563
43.0806,12,out,32892,1469.2
43.0849,12,out,32888,1613.8
43.0889,12,out,32884,1600.2
43.0938,12,out,32880,1602.2
43.0988,12,out,32876,1468.8
43.1034,12,out,32872,1411.2
43.1078,12,out,32868,1429.8
43.1122,12,out,32864,1432
43.1171,12,out,32860,1463.2
43.1224,12,out,32856,1608.6
43.1275,12,out,32852,1493.2
43.1323,12,out,32848,1517.2
43.1373,12,out,32844,1598.4
43.1423,12,out,32840,1611.4
43.1471,12,out,32836,1368
43.1515,12,out,32832,1697.6
43.157,12,out,32828,1249.2
43.1622,12,out,32824,1240.2
43.1672,12,out,32820,1679.2
43.1719,12,out,32816,1715.4
43.177,12,out,32812,1572.4
43.1815,12,out,32808,1786.4
43.1859,12,out,32804,1709.6
43.1904,12,out,32800,1719.6
43.1948,12,out,32796,1619.2
43.1989,12,out,32792,1590
43.203,12,out,32788,1461
43.2066,12,out,32784,1536.4
43.2108,12,out,32780,1536.6
43.2148,12,out,32776,1571.8
43.2199,12,out,32772,1631.6
43.224,12,out,32768,1545.8
43.2285,12,out,32764,1608.4
43.2326,12,out,32760,1458
43.237,12,out,32756,1452.6
43.2414,12,out,32752,1490
43.2454,12,out,32748,1762.6
43.2496,12,out,32744,1747.6
43.254,12,out2,32694,1872.6
43.2585,12,out2,32644,1884.8
43.2627,12,out2,32594,1792.8
43.267,12,out2,32544,2295.6
43.2711,12,out2,32494,1886.2
43.2752,12,out2,32444,1871.2
43.2796,12,out2,32394,2206.8
43.2839,12,out2,32344,1739.2
43.2881,12,out2,32294,1878.2
43.2922,12,out2,32244,1767.8
43.2962,12,out2,32194,1652.8
43.3004,12,out2,32144,1462.8
43.3056,12,out2,32094,1500.4
43.3095,12,out2,32044,1427.4
43.3137,12,out2,31994,1440
43.3181,12,out2,31944,1166
43.3222,12,out2,31894,953
43.328,12,out2,31844,640.8
43.3321,12,out2,31794,838.4
43.3375,12,out2,31744,521.8
43.3421,12,out2,31694,-39
43.3462,13,in,31694,-29.6
43.35,13,in,31698,15.6
43.3538,13,in,31702,16
43.3579,13,in,31706,7.4
43.363,13,in,31710,-6.4
43.3673,13,in,31714,-1.4
43.3715,13,in,31718,-24.8
43.3757,13,in,31722,25
43.3804,13,in,31726,-56.6
43.3849,13,in,31730,-15.6
43.3892,13,in,31734,46.4
43.3932,13,in,31738,30
43.3983,13,in,31742,-13.4
43.4029,13,in,31746,27.6
43.4072,13,in,31750,-16.4
43.4113,13,in,31754,1.2
43.4161,13,in,31758,-15
43.4206,13,in,31762,1
43.4248,13,in,31766,-66
43.429,13,in,31770,-53.6
43.4337,13,in,31774,-7.8
43.4382,13,in,31778,-39
43.4421,13,in,31782,-9.4
43.4464,13,in,31786,30.2
43.4506,13,in,31790,-23.2
43.4547,13,in,31794,3
43.459,13,in,31798,7
43.4635,13,in,31802,-2.2
43.4674,13,in,31806,21.6
43.4719,13,in,31810,-23
43.4762,13,in,31814,-19.6
43.4807,13,in,31818,12
43.4847,13,in,31822,12.2
43.4898,13,in,31826,6.2
43.4936,13,in,31830,2.2
43.4975,13,in,31834,-23.4
43.5015,13,in,31838,3.2
43.5065,13,in,31842,26.6
43.511,13,in,31846,7.2
43.5155,13,in,31850,18.2
43.5196,13,in,31854,46.2
43.5242,13,in,31858,16.4
43.5281,13,in,31862,0.4
43.5325,13,in,31866,41.6
43.5367,13,in,31870,-13.2
43.5411,13,in,31874,19.2
43.5454,13,in,31878,-26.4
43.5496,13,in,31882,25.6
43.5544,13,in,31886,24
43.5586,13,in,31890,24.2
43.5629,13,in,31894,35
43.5673,13,in,31898,-10.4
43.5714,13,in,31902,32.2
43.5755,13,in,31906,8.6
43.5799,13,in,31910,-37.8
43.5839,13,in,31914,-12.8
43.5885,13,in,31918,5.2
43.593,13,in,31922,25
43.5984,13,in,31926,-10
43.6028,13,in,31930,41.4
43.6078,13,in,31934,-2.6
43.612,13,in,31938,-17.6
43.6168,13,in,31942,-2.4
43.6209,13,in,31946,-8.2
43.6251,13,in,31950,-10.2
43.6291,13,in,31954,-5.2
43.634,13,in,31958,-22.8
43.6381,13,in,31962,25
43.6425,13,in,31966,-32.4
43.6465,13,in,31970,-32
43.6517,13,in,31974,10.4
43.6558,13,in,31978,3.6
43.6598,13,in,31982,25.8
43.6639,13,in,31986,4.4
43.6683,13,in,31990,-24.8
43.6723,13,in,31994,-40.2
43.6765,13,in,31998,31.6
43.6814,13,in,32002,-8.4
43.6859,13,in,32006,0.2
43.6902,13,in,32010,8.4
43.6947,13,in,32014,12
43.6986,13,in,32018,31
43.7033,13,in,32022,21.4
43.7079,13,in,32026,35.4
43.7123,13,in,32030,9
43.7169,13,in,32034,21.8
43.7222,13,in,32038,-21.4
43.7274,13,in,32042,2.8
43.7324,13,in,32046,-8.2
43.7375,13,in,32050,-10.2
43.7416,13,in,32054,-26.4
43.746,13,in,32058,-18.8
43.7502,13,in,32062,32.4
43.755,13,in,32066,22
43.76,13,in,32070,23
43.7644,13,in,32074,-34.6
43.7685,13,in,32078,45.2
43.7724,13,in,32082,54.2
43.7769,13,in,32086,-9.6
43.7809,13,in,32090,-22.8
43.785,13,in,32094,-15.2
43.7895,13,in,32098,-7.8
43.7946,13,in,32102,-29.8
43.7991,13,in,32106,5
43.8039,13,in,32110,-8.6
43.809,13,in,32114,-7.2
43.8137,13,in,32118,20.2
43.8184,13,in,32122,-0.2
43.8226,13,in,32126,-17.6
43.8268,13,in,32130,-13.8
43.8313,13,in,32134,-29.8
43.8361,13,in,32138,-10
43.841,13,in,32142,9.8
43.8454,13,in,32146,-29.8
43.8498,13,in,32150,8
43.8539,13,in,32154,1.2
43.8579,13,in,32158,-33
43.8617,13,in,32162,-8.2
43.8661,13,in,32166,-36.6
43.8705,13,in,32170,39.6
43.8747,13,in,32174,26.2
43.8789,13,in,32178,-7.4
43.8829,13,in,32182,19
43.8866,13,in,32186,19
43.8907,13,in,32190,28.8
43.8944,13,in,32194,-5
43.8986,13,in,32198,-4
43.9033,13,in,32202,35.4
43.9074,13,in,32206,-4
43.9117,13,in,32210,-33
43.9156,13,in,32214,4.8
43.9201,13,in,32218,-24.4
43.9249,13,in,32222,14.2
43.9295,13,in,32226,-17.8
43.9339,13,in,32230,4.8
43.9383,13,in,32234,33
43.9431,13,in,32238,25
43.9475,13,in,32242,17
43.9523,13,in,32246,17.4
43.9571,13,in,32250,-28
43.9613,13,in,32254,4.6
43.9659,13,in,32258,-13.6
43.9703,13,in,32262,22.8
43.9747,13,in,32266,48.2
43.979,13,in,32270,-17.6
43.9832,13,in,32274,-23.8
43.9877,13,in,32278,-36
43.9927,13,in,32282,-1.4
43.9971,13,in,32286,47.8
44.0014,13,in,32290,6.2
44.0055,13,in,32294,23.6
44.0095,13,in,32298,-9.6
44.0139,13,in,32302,-20.8
44.0185,13,in,32306,-34.8
44.0223,13,in,32310,2.8
44.0267,13,in,32314,-5.2
44.0305,13,in,32318,-28.6
44.0346,13,in,32322,-29.2
44.0391,13,in,32326,16
44.0432,13,in,32330,33.2
44.0475,13,in,32334,14.4
44.0515,13,in,32338,38.6
44.0557,13,in,32342,-4.2
44.06,13,in,32346,8.6
44.064,13,in,32350,16.8
44.0683,13,in,32354,17.4
44.0724,13,in,32358,-7.4
44.077,13,in,32362,31.4
44.0813,13,in,32366,-12.2
44.086,13,in,32370,0.8
44.0909,13,in,32374,19.6
44.0957,13,in,32378,-25.2
44.1016,13,in,32382,3.2
44.1068,13,in,32386,16
44.1119,13,in,32390,3.6
44.1172,13,in,32394,8
44.1219,13,in,32398,0.4
44.1266,13,in,32402,-17
44.1316,13,in,32406,3
44.1365,13,in,32410,4.8
44.141,13,in,32414,10
44.1455,13,in,32418,3
44.1499,13,in,32422,36.6
44.1542,13,in,32426,0.4
44.1587,13,in,32430,5.8
44.1634,13,in,32434,-19
44.1681,13,in,32438,22
44.1734,13,in,32442,15
44.1781,13,in,32446,13.2
44.1833,13,in,32450,16
44.1881,13,in,32454,70.4
44.1927,13,in,32458,8.8
44.1973,13,in,32462,-30
44.2017,13,in,32466,34.8
44.2066,13,in,32470,-35.6
44.2111,13,in,32474,-21.4
44.2158,13,in,32478,-11.6
44.2205,13,in,32482,42.6
44.225,13,in,32486,-5
44.2299,13,in,32490,-10.2
44.2343,13,in,32494,43.4
44.2389,13,in,32498,-20
44.2435,13,in,32502,11.4
44.2479,13,in,32506,-11.6
44.2521,13,in,32510,10
44.2569,13,in,32514,15.2
44.2614,13,in,32518,-19
44.2657,13,in,32522,-20
44.27,13,in,32526,14
44.2747,13,in,32530,11.8
44.2793,13,in,32534,-5.6
44.2837,13,in,32538,-42.4
44.288,13,in,32542,53.8
44.2925,13,in,32546,5.8
44.2979,13,in,32550,0.2
44.3026,13,in,32554,23
44.3072,13,in,32558,38.6
44.3118,13,in,32562,16.8
44.3163,13,in,32566,29
44.3206,13,in,32570,25.6
44.3248,13,in,32574,-3.2
44.3291,13,in,32578,-14.8
44.3342,13,in,32582,33.2
44.3388,13,in,32586,-34.4
44.3432,13,in,32590,-4.8
44.3478,13,in,32594,-7
44.3525,13,in,32598,33.8
44.3573,13,in,32602,-9.6
44.3622,13,in,32606,-46
44.367,13,in,32610,-20
44.3715,13,in,32614,6
44.3759,13,in,32618,14.6
44.3804,13,in,32622,-18.8
44.3853,13,in,32626,15.4
44.3905,13,in,32630,-14.6
44.3951,13,in,32634,-38.4
44.4003,13,in,32638,8.2
44.4053,13,in,32642,4
44.4103,13,in,32646,-6.8
44.4153,13,in,32650,11
44.4198,13,in,32654,24.6
44.425,13,in,32658,-0.8
44.4299,13,in,32662,18
44.4342,13,in,32666,38.6
44.4387,13,in,32670,36
44.4433,13,in,32674,-35.8
44.4482,13,in,32678,7.4
44.4534,13,in,32682,16
44.4578,13,in,32686,2.6
44.4632,13,in,32690,-22.6
44.4677,13,in,32694,21
44.4718,13,in,32698,43
44.4767,13,in,32702,11.2
44.4814,13,in,32706,17.2
44.4865,13,in,32710,19
44.4916,13,in,32714,-1.4
44.4964,13,in,32718,4.2
44.501,13,in,32722,2.2
44.5059,13,in,32726,14.2
44.5108,13,in,32730,-41
44.5159,13,in,32734,-18.2
44.5206,13,in,32738,47.8
44.5253,13,in,32742,20.4
44.5301,13,in,32746,-15.4
44.5346,13,in,32750,30.6
44.5393,13,in,32754,-5.2
44.5443,13,in,32758,4.2
44.549,13,in,32762,6
44.5537,13,in,32766,7.8
44.5586,13,in,32770,12.8
44.5634,13,in,32774,-15.4
44.5678,13,in,32778,12.4
44.5725,13,in,32782,21.8
44.5773,13,in,32786,3.6
44.5824,13,in,32790,-12.6
44.5868,13,in,32794,15.2
44.5916,13,in,32798,4.6
44.5963,13,in,32802,12.6
44.6017,13,in,32806,4.6
44.6071,13,in,32810,5.2
44.6114,13,in,32814,39
44.6162,13,in,32818,-5.6
44.6207,13,in,32822,32.6
44.6259,13,in,32826,-31
44.6303,13,in,32830,-22.2
44.6347,13,in,32834,-10.8
44.6391,13,in,32838,24.2
44.6444,13,in,32842,12.2
44.6494,13,in,32846,44.6
44.6545,13,in,32850,19.8
44.6597,13,in,32854,-34.8
44.6639,13,in,32858,31.4
44.6683,13,in,32862,28.2
44.6726,13,in,32866,-0.8
44.6775,13,in,32870,-20.2
44.6815,13,in,32874,14
44.6857,13,in,32878,55.2
44.69,13,in,32882,-37.8
44.6945,13,in,32886,-6.2
44.6988,13,in,32890,-10.8
44.7034,13,in,32894,29
44.7084,13,in,32898,-2
44.7133,13,in,32902,-4.4
44.7178,13,in,32906,4.8
44.7222,13,in,32910,31.6
44.7265,13,in,32914,-2.6
44.731,13,in,32918,-6.8
44.7354,13,in,32922,28.2
44.7403,13,in,32926,22.8
44.7456,13,in,32930,-1.4
44.7503,13,in,32934,3
44.7543,13,in,32938,44.4
44.7583,13,in,32942,4.8
44.7623,13,in,32946,24.2
44.7664,13,in,32950,34.6
44.7707,13,in,32954,72.4
44.7749,13,in,32958,-20.8
44.7791,13,in,32962,2.4
44.7833,13,in,32966,19.6
44.7873,13,in,32970,22
44.7917,13,in,32974,37.8
44.7958,13,in,32978,-40.6
44.7999,13,in,32982,57.4
44.8044,13,in,32986,32.2
44.8082,13,in,32990,6.2
44.8122,13,in,32994,20.6
44.8161,13,in,32998,9
44.8199,13,in,33002,30
44.8239,13,in,33006,23
44.8279,13,in,33010,74
44.832,13,in,33014,-7.2
44.8362,13,in,33018,3.2
44.8409,13,in,33022,62.2
44.8454,13,in,33026,16.4
44.85,13,in,33030,25.4
44.8543,13,in,33034,53.2
44.8586,13,in,33038,7
44.8629,13,in,33042,-16
44.8672,13,in,33046,27.6
44.8716,13,in,33050,29
44.8762,13,in,33054,28.6
44.8803,13,in,33058,-8.6
44.8845,13,in,33062,16.6
44.889,13,in,33066,41.2
44.894,13,in,33070,45.8
44.8987,13,in,33074,52
44.9029,13,in,33078,14
44.9075,13,in,33082,32.6
44.9123,13,in,33086,8.6
44.9173,13,in,33090,27.8
44.922,13,in,33094,52.6
44.927,13,in,33098,42.8
44.9323,13,in,33102,33.4
44.9368,13,in,33106,9
44.9409,13,in,33110,46.6
44.9456,13,in,33114,22.8
44.9503,13,in,33118,41
44.9558,13,in,33122,32
44.961,13,in,33126,25
44.9655,13,in,33130,26.4
44.9699,13,in,33134,12.8
44.9738,13,in,33138,13.6
44.9781,13,in,33142,-23.8
44.9823,13,in,33146,57.4
44.9866,13,in,33150,53
44.9914,13,in,33154,13.6
44.9961,13,in,33158,18.4
45.0007,13,in,33162,28.2
45.0053,13,in,33166,41
45.0099,13,in,33170,29.8
45.0145,13,in,33174,30.2
45.019,13,in,33178,24.4
45.0236,13,in,33182,20.6
45.0282,13,in,33186,30.8
45.0331,13,in,33190,30
45.0377,13,in,33194,47.6
45.0425,13,in,33198,53.6
45.0473,13,in,33202,66.6
45.0524,13,in,33206,42.2
45.0578,13,in,33210,88.2
45.0634,13,in,33214,77
45.0696,13,in,33218,68.8
45.0748,13,in,33222,84.2
45.0799,13,in,33226,79
45.0852,13,in,33230,115.8
45.0913,13,in,33234,103.2
45.0965,13,in,33238,76.4
45.1021,13,in,33242,101.8
45.1069,13,in,33246,130.4
45.112,13,in,33250,70.2
45.1166,13,in,33254,91
45.1212,13,in,33258,158.6
45.1259,13,in,33262,143.6
45.1303,13,in,33266,147.2
45.1353,13,in,33270,235.6
45.1396,13,in,33274,181.6
45.1435,13,in,33278,180.2
45.1482,13,in,33282,219
45.1524,13,in,33286,162.2
45.1569,13,in,33290,256.6
45.1613,13,in,33294,149.2
45.1656,13,in,33298,145.2
45.1698,13,in,33302,171.4
45.1742,13,in,33306,149.4
45.1789,13,in,33310,227.2
45.1829,13,in,33314,231
45.187,13,in,33318,245.6
45.1911,13,in,33322,225.6
45.1971,13,in,33326,289
45.2008,13,in,33330,288.6
45.2051,13,in,33334,293.8
45.2094,13,in,33338,292.2
45.214,13,in,33342,252.8
45.2181,13,in,33346,347.4
45.2225,13,in,33350,309.6
45.227,13,in,33354,218.2
45.2324,13,in,33358,394.2
45.2363,13,in,33362,328.8
45.2404,13,in,33366,394.6
45.245,13,in,33370,373.8
45.2498,13,in,33374,412.8
45.254,13,in,33378,430.8
45.2584,13,in,33382,424.8
45.2629,13,in,33386,400.4
45.268,13,in,33390,405.6
45.2722,13,in,33394,374.6
45.2766,13,in,33398,341.4
45.2804,13,in,33402,363.4
45.2853,13,in,33406,485.4
45.2896,13,in,33410,369.2
45.294,13,in,33414,480.2
45.298,13,in,33418,485
45.3027,13,in,33422,439.4
45.3073,13,in,33426,504
45.3115,13,in,33430,406
45.3156,13,in,33434,614.8
45.3202,13,in,33438,523.4
45.325,13,in,33442,596.6
45.3294,13,in,33446,602
45.3334,13,in,33450,691
45.3378,13,in,33454,708.4
45.342,13,in,33458,619.8
45.3462,13,in,33462,689.8
45.3511,13,in,33466,885.4
45.3563,13,in,33470,749
45.3603,13,in,33474,829.8
45.3651,13,in,33478,932.4
45.369,13,in,33482,961.8
45.3738,13,in,33486,923.2
45.3785,13,in,33490,1119.4
45.3827,13,out,33486,1050.2
45.3875,13,out,33482,1323.2
45.3928,13,out,33478,1221.2
45.397,13,out,33474,1279.2
45.4012,13,out,33470,1297.4
45.4057,13,out,33466,1345.8
45.4105,13,out,33462,1296.2
45.4147,13,out,33458,1278.2
45.419,13,out,33454,1392.2
45.424,13,out,33450,1371
45.4288,13,out,33446,1442
45.4327,13,out,33442,1676.8
45.4371,13,out,33438,1728.4
45.4415,13,out,33434,2053.2
45.4466,13,out,33430,1997
45.4509,13,out,33426,2305.6
45.4552,13,out,33422,2495.2
45.4595,13,out,33418,2791.4
45.4645,13,out,33414,2403.6
45.4692,13,out,33410,1785.8
45.4733,13,out,33406,1651.4
45.4775,13,out,33402,1741
45.4821,13,out,33398,1992
45.4863,13,out,33394,2502.4
45.4907,13,out,33390,2833
45.495,13,out,33386,3518.6
45.5,13,out,33382,3384.4
45.5042,13,out,33378,4041.4
45.5082,13,out,33374,3287.6
45.5123,13,out,33370,2792.4
45.5168,13,out,33366,2282
45.5216,13,out,33362,2323.6
45.526,13,out,33358,2410.6
45.5311,13,out,33354,2368.6
45.536,13,out,33350,2312.8
45.5413,13,out,33346,2438.8
45.5461,13,out,33342,2377.4
45.5514,13,out,33338,2491.2
45.5565,13,out,33334,2893
45.5612,13,out,33330,3515.6
45.5664,13,out,33326,3661.6
45.5713,13,out,33322,3370.6
45.5761,13,out,33318,3333
45.5808,13,out,33314,3418.6
45.5857,13,out,33310,3317.6
45.5905,13,out,33306,3365.8
45.5952,13,out,33302,3503.4
45.6001,13,out,33298,3886
45.6047,13,out,33294,3707.4
45.6105,13,out,33290,3708.8
45.6151,13,out,33286,4153.8
45.62,13,out,33282,3796.2
45.6245,13,out,33278,3579.8
45.6293,13,out,33274,3551.8
45.6336,13,out,33270,3412.6
45.6378,13,out,33266,2527.6
45.642,13,out,33262,3251.4
45.6469,13,out,33258,3316
45.6518,13,out,33254,3215
45.6563,13,out,33250,3186.8
45.6608,13,out,33246,3494.2
45.6654,13,out,33242,3337.2
45.67,13,out,33238,3252.4
45.6749,13,out,33234,3249
45.6801,13,out,33230,3403.4
45.6847,13,out,33226,4232.8
45.6894,13,out,33222,4267.8
45.6938,13,out,33218,4178.8
45.6979,13,out,33214,4006.4
45.7022,13,out,33210,4599.4
45.7065,13,out,33206,4762.2
45.7106,13,out,33202,4340.2
45.7149,13,out,33198,4317.4
45.719,13,out,33194,4569.2
45.7231,13,out,33190,3803.4
45.7274,13,out,33186,4320.4
45.7318,13,out,33182,4277
45.7364,13,out,33178,4172.8
45.7406,13,out,33174,3758.2
45.7458,13,out,33170,4532.6
45.7502,13,out,33166,4368.4
45.7542,13,out,33162,4209.8
45.7584,13,out,33158,4645.2
45.7625,13,out,33154,4223
45.7663,13,out,33150,4373.8
45.7704,13,out,33146,4700
45.7741,13,out,33142,4410.8
45.7779,13,out,33138,4482
45.7821,13,out,33134,4322.6
45.7863,13,out,33130,4354.2
45.7909,13,out,33126,4551
45.7952,13,out,33122,4344.8
45.8002,13,out,33118,4744.4
45.8053,13,out,33114,4850.6
45.8099,13,out,33110,4764.6
45.8143,13,out,33106,4774.8
45.8182,13,out,33102,4909
45.8225,13,out,33098,4835.4
45.8267,13,out,33094,4850.2
45.8309,13,out,33090,5045.8
45.8354,13,out,33086,4843.6
45.8403,13,out,33082,4854
45.845,13,out,33078,4459.4
45.8493,13,out,33074,4494
45.8538,13,out,33070,4417.6
45.8585,13,out,33066,4407.2
45.8632,13,out,33062,4361
45.8677,13,out,33058,3606.4
45.8722,13,out,33054,3514.4
45.8765,13,out,33050,3586.6
45.8807,13,out,33046,3513.2
45.885,13,out,33042,3122.6
45.8893,13,out,33038,3063
45.8939,13,out,33034,3176.4
45.8984,13,out,33030,3391.6
45.9026,13,out,33026,3345.8
45.9071,13,out,33022,3580
45.9114,13,out,33018,3471.8
45.9161,13,out,33014,3318.8
45.9206,13,out,33010,3330.8
45.9262,13,out,33006,3160.6
45.9305,13,out,33002,3250
45.9352,13,out,32998,3164.8
45.9393,13,out,32994,3269.2
45.9439,13,out,32990,3251
45.9485,13,out,32986,3182.4
45.9533,13,out,32982,3231.6
45.9579,13,out,32978,3602.2
45.9627,13,out,32974,3219.2
45.9681,13,out,32970,3748.2
45.9725,13,out,32966,3725.4
45.977,13,out,32962,3606.8
45.9813,13,out,32958,3903.8
45.9862,13,out,32954,3961.4
45.9911,13,out,32950,3718.6
45.9957,13,out,32946,3671
46.0,13,out,32942,3635
46.0051,13,out,32938,3379.8
46.0098,13,out,32934,3767.6
46.0149,13,out,32930,4126.2
46.0195,13,out,32926,3883.8
46.0241,13,out,32922,4165.8
46.0291,13,out,32918,3921
46.034,13,out,32914,3952.4
46.0385,13,out,32910,3867.4
46.0429,13,out,32906,3739.2
46.0479,13,out,32902,3873
46.0529,13,out,32898,3597
46.0583,13,out,32894,3711.6
46.063,13,out,32890,3615.2
46.0677,13,out2,32840,3613.4
46.0722,13,out2,32790,3576.6
46.0774,13,out2,32740,3325.2
46.082,13,out2,32690,3410.2
46.0869,13,out2,32640,3399.8
46.092,13,out2,32590,3501.2
46.0969,13,out2,32540,3176.8
46.1019,13,out2,32490,3187
46.1065,13,out2,32440,2924.4
46.1115,13,out2,32390,3024.4
46.1162,13,out2,32340,3042.4
46.1207,13,out2,32290,2886.6
46.1257,13,out2,32240,2612.6
46.131,13,out2,32190,2818.2
46.1356,13,out2,32140,2604.4
46.14,13,out2,32090,1990.6
46.1444,13,out2,32040,1998.4
46.1489,13,out2,31990,1867.6
46.1539,13,out2,31940,2704.8
46.159,13,out2,31890,1752.4
46.1633,13,out2,31840,1066
46.1678,13,out2,31790,905.2
46.172,13,out2,31740,873.8
46.1759,13,out2,31690,784.8
46.1799,13,out2,31640,22.8
46.1845,14,in,31640,13.8
46.1893,14,in,31644,11
46.1937,14,in,31648,-44.8
46.1979,14,in,31652,31.2
46.2032,14,in,31656,20.2
46.2074,14,in,31660,25
46.2117,14,in,31664,7.2
46.2166,14,in,31668,4.6
46.2209,14,in,31672,4.6
46.225,14,in,31676,-28.4
46.2287,14,in,31680,-3
46.2328,14,in,31684,18.6
46.2373,14,in,31688,-8.8
46.2417,14,in,31692,-14
46.2456,14,in,31696,-11.8
46.2498,14,in,31700,-33.8
46.2552,14,in,31704,-10.4
46.2594,14,in,31708,-16.4
46.2637,14,in,31712,3.8
46.2681,14,in,31716,-22.6
46.2732,14,in,31720,-24.8
46.2778,14,in,31724,36
46.2825,14,in,31728,-27
46.2869,14,in,31732,-35.2
46.2913,14,in,31736,-39
46.2956,14,in,31740,-48.4
46.3001,14,in,31744,58
46.3045,14,in,31748,1.4
46.3094,14,in,31752,0.6
46.314,14,in,31756,-9.2
46.3178,14,in,31760,38
46.322,14,in,31764,15.6
46.3268,14,in,31768,-20.2
46.3316,14,in,31772,-28
46.3354,14,in,31776,0.8
46.3396,14,in,31780,23.6
46.3451,14,in,31784,-0.2
46.3492,14,in,31788,-10.2
46.3535,14,in,31792,-19.4
46.358,14,in,31796,-17
46.3634,14,in,31800,-43
46.3675,14,in,31804,-9.4
46.3716,14,in,31808,-6.2
46.3763,14,in,31812,-40.6
46.3814,14,in,31816,21.2
46.3859,14,in,31820,-29.8
46.3901,14,in,31824,-39.2
46.3945,14,in,31828,16.6
46.3996,14,in,31832,-10.8
46.4038,14,in,31836,-39.6
46.4085,14,in,31840,-21
46.4131,14,in,31844,-68.2
46.4185,14,in,31848,3.6
46.4239,14,in,31852,12.4
46.4286,14,in,31856,18.6
46.433,14,in,31860,11.2
46.4381,14,in,31864,5.4
46.4428,14,in,31868,-6
46.4476,14,in,31872,-27.6
46.4524,14,in,31876,35.4
46.458,14,in,31880,-7.8
46.4627,14,in,31884,-27
46.4676,14,in,31888,1.8
46.4726,14,in,31892,-14.6
46.4777,14,in,31896,7.6
46.4824,14,in,31900,-11.2
46.4879,14,in,31904,25.8
46.4926,14,in,31908,-19
46.497,14,in,31912,-47.8
46.5019,14,in,31916,5.6
46.5071,14,in,31920,-12.6
46.5117,14,in,31924,-8.8
46.5168,14,in,31928,8
46.5215,14,in,31932,4.6
46.5272,14,in,31936,-28.4
46.532,14,in,31940,-3.2
46.5364,14,in,31944,47.2
46.5414,14,in,31948,-17
46.5458,14,in,31952,-26.8
46.5503,14,in,31956,39.2
46.5549,14,in,31960,12.8
46.5595,14,in,31964,-3.8
46.5635,14,in,31968,-19.4
46.5674,14,in,31972,-28.6
46.5716,14,in,31976,38
46.5757,14,in,31980,25.4
46.5806,14,in,31984,30.2
46.5848,14,in,31988,-2.4
46.5892,14,in,31992,18.8
46.5938,14,in,31996,-2.2
46.599,14,in,32000,9.4
46.603,14,in,32004,24.6
46.6074,14,in,32008,-14.4
46.6116,14,in,32012,-35.8
46.6158,14,in,32016,-12.6
46.6199,14,in,32020,-4.8
46.6244,14,in,32024,-17.6
46.6287,14,in,32028,-36.4
46.6342,14,in,32032,-8.8
46.6387,14,in,32036,24.6
46.6435,14,in,32040,-9.4
46.6484,14,in,32044,25.4
46.6532,14,in,32048,-33.2
46.6575,14,in,32052,-0.6
46.6625,14,in,32056,-6.2
46.6674,14,in,32060,-13.8
46.672,14,in,32064,27
46.6772,14,in,32068,5.8
46.682,14,in,32072,-1.4
46.687,14,in,32076,11.6
46.692,14,in,32080,-35.6
46.6963,14,in,32084,-37.2
46.7005,14,in,32088,-9.8
46.7047,14,in,32092,50.2
46.7088,14,in,32096,12.4
46.7127,14,in,32100,-10
46.7167,14,in,32104,12.6
46.7206,14,in,32108,-59
46.7252,14,in,32112,-8
46.7292,14,in,32116,-17
46.7339,14,in,32120,0
46.7377,14,in,32124,12.2
46.743,14,in,32128,-14.2
46.7477,14,in,32132,-17.2
46.7519,14,in,32136,-20
46.7559,14,in,32140,-30.2
46.76,14,in,32144,-39.4
46.7644,14,in,32148,-36.4
46.7683,14,in,32152,32.2
46.7722,14,in,32156,-12.6
46.7769,14,in,32160,-20.6
46.7815,14,in,32164,-14.2
46.7855,14,in,32168,-19.6
46.7896,14,in,32172,22.8
46.7944,14,in,32176,-47.6
46.7995,14,in,32180,4.6
46.8041,14,in,32184,0.6
46.8084,14,in,32188,37
46.8127,14,in,32192,-19.2
46.8169,14,in,32196,30.6
46.8214,14,in,32200,-29.8
46.8261,14,in,32204,-42.6
46.8312,14,in,32208,-30.8
46.8361,14,in,32212,10.6
46.8411,14,in,32216,-4.8
46.8458,14,in,32220,-16.8
46.8509,14,in,32224,-6.4
46.8556,14,in,32228,10
46.8607,14,in,32232,-13.8
46.8649,14,in,32236,24
46.8689,14,in,32240,27.2
46.8735,14,in,32244,-16.4
46.8782,14,in,32248,7.6
46.8826,14,in,32252,-8.4
46.8869,14,in,32256,-26
46.8911,14,in,32260,37.6
46.8951,14,in,32264,24.4
46.8994,14,in,32268,-11.2
46.9036,14,in,32272,-8.6
46.9078,14,in,32276,17.6
46.912,14,in,32280,-67.4
46.9161,14,in,32284,28.8
46.9213,14,in,32288,34.2
46.9257,14,in,32292,-31.6
46.9309,14,in,32296,-20
46.9354,14,in,32300,-18
46.9395,14,in,32304,-41.4
46.9439,14,in,32308,25
46.9483,14,in,32312,-36.2
46.9524,14,in,32316,-42
46.9569,14,in,32320,-10
46.9612,14,in,32324,37.2
46.9661,14,in,32328,-16.6
46.9707,14,in,32332,38
46.9747,14,in,32336,-21.8
46.9791,14,in,32340,-16.4
46.9836,14,in,32344,13.2
46.9876,14,in,32348,26.6
46.9925,14,in,32352,24
46.9973,14,in,32356,-54.6
47.0014,14,in,32360,23.8
47.0054,14,in,32364,-0.2
47.0106,14,in,32368,13.4
47.0152,14,in,32372,-19.6
47.0198,14,in,32376,-15.6
47.0243,14,in,32380,-10.4
47.0298,14,in,32384,-44.4
47.034,14,in,32388,-46
47.0384,14,in,32392,-7
47.0427,14,in,32396,-8
47.0475,14,in,32400,5.8
47.0519,14,in,32404,-7.4
47.0565,14,in,32408,-11.6
47.0606,14,in,32412,40.4
47.0649,14,in,32416,10.8
47.0688,14,in,32420,19.2
47.0736,14,in,32424,-27.2
47.0785,14,in,32428,35.4
47.0837,14,in,32432,1.8
47.0879,14,in,32436,33.8
47.0918,14,in,32440,-12.6
47.096,14,in,32444,3.2
47.1,14,in,32448,11
47.1043,14,in,32452,60.2
47.1085,14,in,32456,18.6
47.1125,14,in,32460,17.2
47.1173,14,in,32464,-20
47.1214,14,in,32468,15.8
47.1258,14,in,32472,6.2
47.1298,14,in,32476,-6.2
47.1343,14,in,32480,-30.8
47.1385,14,in,32484,29.4
47.143,14,in,32488,29.8
47.1476,14,in,32492,-7
47.1519,14,in,32496,8
47.156,14,in,32500,9.2
47.1601,14,in,32504,13.4
47.1644,14,in,32508,-6.6
47.1685,14,in,32512,-3.4
47.173,14,in,32516,5.6
47.1773,14,in,32520,-60.6
47.1813,14,in,32524,15.8
47.1854,14,in,32528,-5.8
47.1896,14,in,32532,35.2
47.1938,14,in,32536,-47.8
47.1975,14,in,32540,-19.6
47.2009,14,in,32544,25.4
47.205,14,in,32548,-0.6
47.209,14,in,32552,-10.8
47.2129,14,in,32556,28.2
47.2168,14,in,32560,-14.2
47.2203,14,in,32564,7.2
47.2245,14,in,32568,-32.6
47.2284,14,in,32572,-26
47.2325,14,in,32576,-3.2
47.237,14,in,32580,-11.2
47.2408,14,in,32584,-11.6
47.245,14,in,32588,17
47.2491,14,in,32592,1.6
47.2536,14,in,32596,-18.8
47.2575,14,in,32600,-2.4
47.2619,14,in,32604,9
47.2661,14,in,32608,-2.6
47.2703,14,in,32612,2
47.2746,14,in,32616,15
47.2792,14,in,32620,-4.2
47.2836,14,in,32624,6.8
47.288,14,in,32628,-26
47.2922,14,in,32632,6.4
47.2962,14,in,32636,19.6
47.3002,14,in,32640,5.2
47.3043,14,in,32644,-3
47.3084,14,in,32648,-4.2
47.3125,14,in,32652,-7.2
47.3169,14,in,32656,19.4
47.3214,14,in,32660,28
47.3257,14,in,32664,24.6
47.3299,14,in,32668,-54
47.3344,14,in,32672,48.8
47.3392,14,in,32676,-44.8
47.3437,14,in,32680,-32.2
47.3482,14,in,32684,14
47.3525,14,in,32688,26
47.3569,14,in,32692,-3.4
47.3616,14,in,32696,-7.8
47.3673,14,in,32700,-9.8
47.3723,14,in,32704,-4.4
47.3764,14,in,32708,-6.4
47.3809,14,in,32712,7.4
47.3856,14,in,32716,24.8
47.3898,14,in,32720,-5.4
47.3941,14,in,32724,-6.8
47.3987,14,in,32728,37.2
47.4031,14,in,32732,-30
47.4072,14,in,32736,12.6
47.4119,14,in,32740,2.4
47.4169,14,in,32744,18
47.4217,14,in,32748,3.6
47.4264,14,in,32752,-24
47.4307,14,in,32756,-45.2
47.4353,14,in,32760,30.4
47.4399,14,in,32764,-16.8
47.4441,14,in,32768,-5
47.4489,14,in,32772,-34.6
47.4535,14,in,32776,17
47.4579,14,in,32780,-6.8
47.4624,14,in,32784,-5
47.4669,14,in,32788,15.4
47.4712,14,in,32792,-15
47.4752,14,in,32796,-20.6
47.4799,14,in,32800,-6.8
47.4845,14,in,32804,-13.6
47.4893,14,in,32808,13.4
47.4933,14,in,32812,24.8
47.497,14,in,32816,-25.2
47.5011,14,in,32820,-0.4
47.5059,14,in,32824,30.6
47.5101,14,in,32828,32.8
47.5144,14,in,32832,-20.4
47.5191,14,in,32836,-19.6
47.5234,14,in,32840,8.4
47.5277,14,in,32844,4
47.5323,14,in,32848,1.8
47.5358,14,in,32852,24.2
47.5396,14,in,32856,16.6
47.5431,14,in,32860,-2.4
47.5472,14,in,32864,-10
47.5514,14,in,32868,-41
47.5562,14,in,32872,-9.2
47.5604,14,in,32876,67.2
47.5645,14,in,32880,-5.8
47.5687,14,in,32884,52.2
47.5726,14,in,32888,58
47.5766,14,in,32892,28
47.5804,14,in,32896,-30.8
47.5845,14,in,32900,20.4
47.588,14,in,32904,28.2
47.5917,14,in,32908,1.6
47.5953,14,in,32912,-36
47.5992,14,in,32916,19.4
47.6027,14,in,32920,-15.4
47.6061,14,in,32924,23.2
47.6095,14,in,32928,15
47.6134,14,in,32932,-16.6
47.6176,14,in,32936,37.6
47.6216,14,in,32940,26.2
47.6257,14,in,32944,11.6
47.63,14,in,32948,16.2
47.634,14,in,32952,12.2
47.6378,14,in,32956,4.8
47.6419,14,in,32960,-13.8
47.6457,14,in,32964,20.8
47.6501,14,in,32968,0
47.6543,14,in,32972,-13.4
47.6587,14,in,32976,26
47.6626,14,in,32980,47
47.6667,14,in,32984,19.4
47.671,14,in,32988,-20
47.6754,14,in,32992,20
47.6794,14,in,32996,-6.4
47.6832,14,in,33000,35.2
47.6866,14,in,33004,10.2
47.6906,14,in,33008,-16.4
47.6948,14,in,33012,19.6
47.6988,14,in,33016,45.6
47.7028,14,in,33020,-13.2
47.7089,14,in,33024,18.8
47.714,14,in,33028,-19.6
47.7193,14,in,33032,2.2
47.7242,14,in,33036,4.8
47.729,14,in,33040,10.8
47.7343,14,in,33044,4.6
47.739,14,in,33048,13.2
47.7443,14,in,33052,36.2
47.749,14,in,33056,4
47.7537,14,in,33060,-5.8
47.7584,14,in,33064,10.8
47.7631,14,in,33068,8.4
47.7677,14,in,33072,-1.8
47.7718,14,in,33076,60.2
47.7762,14,in,33080,29
47.7804,14,in,33084,18.6
47.7849,14,in,33088,-20.4
47.7892,14,in,33092,-10
47.7935,14,in,33096,29.2
47.7981,14,in,33100,13.6
47.8029,14,in,33104,4
47.8075,14,in,33108,0.6
47.8118,14,in,33112,38.6
47.8163,14,in,33116,-15.2
47.8206,14,in,33120,4
47.8244,14,in,33124,-5.2
47.8284,14,in,33128,-20.4
47.8324,14,in,33132,63
47.8365,14,in,33136,13.4
47.8404,14,in,33140,32.6
47.8445,14,in,33144,-28.6
47.8486,14,in,33148,5.4
47.8527,14,in,33152,1.6
47.8574,14,in,33156,-4
47.8614,14,in,33160,-17.8
47.8664,14,in,33164,-24.8
47.8709,14,in,33168,37.8
47.875,14,in,33172,24.2
47.879,14,in,33176,-40.6
47.8836,14,in,33180,26.4
47.8877,14,in,33184,12
47.8918,14,in,33188,39.8
47.8958,14,in,33192,43.6
47.8999,14,in,33196,3.4
47.904,14,in,33200,0.8
47.9076,14,in,33204,26.4
47.912,14,in,33208,42.8
47.9156,14,in,33212,24
47.9206,14,in,33216,21.4
47.9252,14,in,33220,46.6
47.9297,14,in,33224,-7.8
47.9343,14,in,33228,18
47.9386,14,in,33232,26.6
47.9431,14,in,33236,33.6
47.9482,14,in,33240,60.6
47.9524,14,in,33244,18.6
47.9567,14,in,33248,-12.6
47.9612,14,in,33252,47.8
47.9655,14,in,33256,54.8
47.9698,14,in,33260,42
47.9744,14,in,33264,61.4
47.9787,14,in,33268,80
47.983,14,in,33272,51
47.9874,14,in,33276,56
47.9921,14,in,33280,18.6
47.9966,14,in,33284,20
48.0008,14,in,33288,6.6
48.0052,14,in,33292,85.6
48.0096,14,in,33296,20.8
48.0144,14,in,33300,-2.6
48.0191,14,in,33304,43.8
48.0241,14,in,33308,38
48.0288,14,in,33312,63.6
48.0339,14,in,33316,24.8
48.0387,14,in,33320,49.4
48.0433,14,in,33324,4.4
48.048,14,in,33328,27.4
48.053,14,in,33332,42.8
48.0575,14,in,33336,40.6
48.0626,14,in,33340,26.4
48.0673,14,in,33344,61.2
48.0724,14,in,33348,40.8
48.0778,14,in,33352,14.8
48.0826,14,in,33356,40.6
48.0887,14,in,33360,108.8
48.0939,14,in,33364,57.2
48.0985,14,in,33368,22.4
48.1027,14,in,33372,100.8
48.1069,14,in,33376,104.2
48.1106,14,in,33380,44.2
48.1151,14,in,33384,60.2
48.12,14,in,33388,72.4
48.1244,14,in,33392,44.8
48.1293,14,in,33396,43
48.1341,14,in,33400,82.8
48.1385,14,in,33404,116
48.1438,14,in,33408,79.4
48.1485,14,in,33412,32
48.1526,14,in,33416,68
48.157,14,in,33420,105.2
48.1614,14,in,33424,78.4
48.1655,14,in,33428,113.2
48.1696,14,in,33432,110.2
48.174,14,in,33436,123.6
48.1784,14,in,33440,158.8
48.1826,14,in,33444,125.4
48.1876,14,in,33448,150.2
48.1926,14,in,33452,153.8
48.1973,14,in,33456,155.4
48.2019,14,in,33460,162.2
48.2063,14,in,33464,204.6
48.2108,14,in,33468,210.4
48.2155,14,in,33472,230.6
48.2207,14,in,33476,277.4
48.2258,14,in,33480,285
48.2301,14,in,33484,252.2
48.2351,14,in,33488,286.8
48.2407,14,in,33492,297.8
48.245,14,in,33496,278.6
48.2493,14,in,33500,302.8
48.2536,14,in,33504,311.4
48.2581,14,in,33508,301.6
48.2624,14,in,33512,312.6
48.2669,14,in,33516,488
48.2714,14,in,33520,531.2
48.276,14,in,33524,490.4
48.2807,14,in,33528,425.8
48.2853,14,in,33532,483.2
48.2898,14,in,33536,523.4
48.2941,14,in,33540,540.6
48.2986,14,in,33544,556.8
48.304,14,in,33548,500.6
48.3095,14,in,33552,539.2
48.3145,14,in,33556,473.8
48.3198,14,in,33560,524
48.3242,14,in,33564,463.4
48.3291,14,in,33568,435
48.3339,14,in,33572,418.6
48.338,14,in,33576,525
48.3424,14,in,33580,605.2
48.3472,14,in,33584,720.8
48.3525,14,in,33588,648.6
48.3573,14,in,33592,704.6
48.3629,14,in,33596,735.6
48.3674,14,in,33600,765.4
48.3718,14,in,33604,884
48.3767,14,in,33608,956
48.3812,14,in,33612,1070.6
48.3864,14,out,33608,1055.6
48.3917,14,out,33604,1466.2
48.3967,14,out,33600,1482.2
48.4014,14,out,33596,1624.8
48.4059,14,out,33592,1633.2
48.4107,14,out,33588,1476
48.4155,14,out,33584,1692.8
48.4202,14,out,33580,1548.8
48.4252,14,out,33576,1353
48.4298,14,out,33572,1814.8
48.4342,14,out,33568,1763.4
48.4392,14,out,33564,1838
48.4438,14,out,33560,1701
48.4484,14,out,33556,1742
48.454,14,out,33552,1656
48.4584,14,out,33548,1716.8
48.4635,14,out,33544,1789.4
48.4682,14,out,33540,2083.8
48.4725,14,out,33536,2010.6
48.477,14,out,33532,1965
48.4818,14,out,33528,1971.4
48.4863,14,out,33524,2034.4
48.4905,14,out,33520,2032.4
48.4953,14,out,33516,2019.2
48.4997,14,out,33512,1997.2
48.5041,14,out,33508,2000
48.5087,14,out,33504,2077.2
48.5129,14,out,33500,1971.6
48.5177,14,out,33496,2084.6
48.5228,14,out,33492,1979.2
48.5276,14,out,33488,1960.2
48.5319,14,out,33484,1967
48.5365,14,out,33480,2537.8
48.5421,14,out,33476,2826.4
48.5472,14,out,33472,2850.8
48.5526,14,out,33468,2781.4
48.5578,14,out,33464,2526.8
48.5626,14,out,33460,2105.4
48.5678,14,out,33456,2087
48.5725,14,out,33452,1940.8
48.5774,14,out,33448,2147.6
48.5823,14,out,33444,2184.4
48.5869,14,out,33440,2176.6
48.5916,14,out,33436,2119.4
48.5965,14,out,33432,2197
48.6017,14,out,33428,2108.4
48.6063,14,out,33424,2132.8
48.6107,14,out,33420,2115
48.6154,14,out,33416,2061.8
48.6203,14,out,33412,2104
48.6252,14,out,33408,2091.4
48.63,14,out,33404,2115.8
48.6348,14,out,33400,2124
48.6395,14,out,33396,2111.8
48.6439,14,out,33392,2105
48.6488,14,out,33388,2115.8
48.654,14,out,33384,2074.2
48.6587,14,out,33380,2206.4
48.6632,14,out,33376,2196.4
48.6682,14,out,33372,2361.6
48.6726,14,out,33368,1970
48.6773,14,out,33364,1934.8
48.682,14,out,33360,1948
48.6864,14,out,33356,1897
48.6905,14,out,33352,1928.6
48.6947,14,out,33348,2003.2
48.6987,14,out,33344,2474.4
48.7027,14,out,33340,2206.8
48.7067,14,out,33336,1986
48.7104,14,out,33332,2200
48.7143,14,out,33328,2275.8
48.7182,14,out,33324,2291.8
48.7222,14,out,33320,2263.6
48.7263,14,out,33316,2205.4
48.7304,14,out,33312,2302
48.7344,14,out,33308,2245.6
48.739,14,out,33304,2376.6
48.7432,14,out,33300,2265.4
48.7474,14,out,33296,2190.6
48.7515,14,out,33292,2276.8
48.756,14,out,33288,2200.8
48.7603,14,out,33284,2196
48.7645,14,out,33280,2154.2
48.7684,14,out,33276,2121.2
48.7724,14,out,33272,2162.8
48.7763,14,out,33268,2103
48.7802,14,out,33264,2106.6
48.7839,14,out,33260,2248
48.7878,14,out,33256,3005.4
48.7924,14,out,33252,3243.4
48.7965,14,out,33248,3226
48.8005,14,out,33244,3516.8
48.8048,14,out,33240,3304.2
48.8089,14,out,33236,3224.2
48.8136,14,out,33232,3184.6
48.8175,14,out,33228,3275
48.8218,14,out,33224,3255.6
48.8263,14,out,33220,3062
48.8308,14,out,33216,3188.2
48.8349,14,out,33212,3189.8
48.8389,14,out,33208,3163
48.8433,14,out,33204,3100.6
48.8473,14,out,33200,3054.4
48.8519,14,out,33196,3125.6
48.8562,14,out,33192,3136.6
48.8601,14,out,33188,3169.4
48.8649,14,out,33184,3192.8
48.8692,14,out,33180,3089.8
48.8736,14,out,33176,3231.2
48.8775,14,out,33172,3179.4
48.8826,14,out,33168,3165.4
48.8871,14,out,33164,3223
48.8918,14,out,33160,3123.8
48.8963,14,out,33156,3164.8
48.9015,14,out,33152,3201.6
48.906,14,out,33148,3212.2
48.9111,14,out,33144,3216
48.9166,14,out,33140,3064.6
48.9215,14,out,33136,3119.2
48.9261,14,out,33132,3030.4
48.9312,14,out,33128,3065.4
48.9367,14,out,33124,3200.4
48.9416,14,out,33120,3233.2
48.9465,14,out,33116,3209
48.9512,14,out,33112,3172.6
48.9561,14,out,33108,3220.6
48.9614,14,out,33104,3189.6
48.9664,14,out,33100,3165.8
48.9718,14,out,33096,3196.2
48.9766,14,out,33092,3233.8
48.9817,14,out,33088,3274.4
48.9871,14,out,33084,3249
48.9917,14,out,33080,3294.4
48.9959,14,out,33076,3341.6
49.0009,14,out,33072,3265.4
49.0055,14,out,33068,3391
49.0112,14,out,33064,3323.2
49.0161,14,out,33060,3192.2
49.0215,14,out,33056,3263
49.0262,14,out,33052,3216.8
49.0311,14,out,33048,3251.8
49.0355,14,out,33044,3192.8
49.0406,14,out,33040,3310
49.0452,14,out,33036,3237.2
49.0498,14,out,33032,3212.6
49.0548,14,out,33028,3178.2
49.0597,14,out,33024,3106
49.064,14,out,33020,3274.6
49.0688,14,out,33016,3141.4
49.0733,14,out,33012,3148.8
49.0787,14,out2,32962,2990.2
49.0833,14,out2,32912,3030.4
49.0879,14,out2,32862,2988.4
49.0923,14,out2,32812,2922.8
49.0973,14,out2,32762,2973
49.1016,14,out2,32712,2920.2
49.1062,14,out2,32662,2940.6
49.1115,14,out2,32612,2934
49.1161,14,out2,32562,2741
49.1212,14,out2,32512,2666
49.1261,14,out2,32462,2607.8
49.1305,14,out2,32412,2059
49.1351,14,out2,32362,2261.8
49.1403,14,out2,32312,2079.6
49.1449,14,out2,32262,2363.4
49.1494,14,out2,32212,1908.6
49.1542,14,out2,32162,1957.6
49.1593,14,out2,32112,1847.4
49.1639,14,out2,32062,1719
49.1686,14,out2,32012,786.6
49.1736,14,out2,31962,452.8
49.1782,14,out2,31912,240
49.1828,14,out2,31862,145.2
49.1878,15,in,31862,80.8
49.1928,15,in,31866,38.4
49.1974,15,in,31870,-15
49.2019,15,in,31874,14
49.2062,15,in,31878,28.6
49.2112,15,in,31882,-8.4
49.2161,15,in,31886,-9.4
49.2215,15,in,31890,-6
49.2257,15,in,31894,25
49.2298,15,in,31898,-44.8
49.2346,15,in,31902,-6.6
49.2397,15,in,31906,-34.8
49.2445,15,in,31910,1.8
49.2491,15,in,31914,-10
49.2534,15,in,31918,-40.6
49.2576,15,in,31922,-19.4
49.2624,15,in,31926,-8.8
49.2678,15,in,31930,7.6
49.2725,15,in,31934,71.2
49.2774,15,in,31938,-26
49.2823,15,in,31942,-12.4
49.2867,15,in,31946,-9.6
49.2919,15,in,31950,21.4
49.2963,15,in,31954,38.4
49.301,15,in,31958,31.8
49.3047,15,in,31962,36.4
49.3096,15,in,31966,-6.2
49.3139,15,in,31970,20.4
49.3178,15,in,31974,12.2
49.3219,15,in,31978,0.8
49.3257,15,in,31982,16.2
49.3294,15,in,31986,-41.8
49.3331,15,in,31990,-41.8
49.3364,15,in,31994,12.4
49.3406,15,in,31998,24.6
49.3443,15,in,32002,2
49.3483,15,in,32006,-16.2
49.3519,15,in,32010,-3
49.3559,15,in,32014,-33.8
49.3594,15,in,32018,-21.8
49.3636,15,in,32022,2.8
49.368,15,in,32026,4.4
49.3718,15,in,32030,-32.6
49.3758,15,in,32034,-0.6
49.3797,15,in,32038,-32.6
49.3837,15,in,32042,-58
49.3879,15,in,32046,27
49.3923,15,in,32050,-6.2
49.3964,15,in,32054,38.6
49.4005,15,in,32058,19.4
49.4046,15,in,32062,-23.6
49.4088,15,in,32066,18
49.4129,15,in,32070,-25.8
49.417,15,in,32074,-6.6
49.4207,15,in,32078,2.4
49.4245,15,in,32082,-10.6
49.4282,15,in,32086,23.4
49.4321,15,in,32090,-20.8
49.4366,15,in,32094,-16
49.4406,15,in,32098,22
49.445,15,in,32102,33.8
49.4491,15,in,32106,-3.6
49.4532,15,in,32110,-21.4
49.4577,15,in,32114,22.6
49.4622,15,in,32118,15.8
49.4665,15,in,32122,25
49.4708,15,in,32126,-14.4
49.4749,15,in,32130,-14.4
49.48,15,in,32134,-25
49.4844,15,in,32138,10.4
49.4888,15,in,32142,-14.4
49.4934,15,in,32146,6.8
49.4979,15,in,32150,11
49.5022,15,in,32154,9.2
49.5059,15,in,32158,4.2
49.5099,15,in,32162,-30
49.5137,15,in,32166,-16.4
49.5173,15,in,32170,17.8
49.5212,15,in,32174,45
49.525,15,in,32178,-26.8
49.5288,15,in,32182,12.8
49.5336,15,in,32186,-28.8
49.5383,15,in,32190,10.8
49.5424,15,in,32194,36.2
49.5466,15,in,32198,-10.2
49.551,15,in,32202,-5.4
49.5556,15,in,32206,-12.4
49.5603,15,in,32210,-15.8
49.5647,15,in,32214,5.8
49.5685,15,in,32218,29.8
49.5726,15,in,32222,-2
49.5766,15,in,32226,2.6
49.5814,15,in,32230,15.6
49.5858,15,in,32234,-40.8
49.5903,15,in,32238,9.8
49.5946,15,in,32242,9.6
49.5994,15,in,32246,-32.6
49.6036,15,in,32250,9.6
49.6082,15,in,32254,-42
49.6123,15,in,32258,33
49.6167,15,in,32262,-10.4
49.6216,15,in,32266,30.8
49.6261,15,in,32270,-12.6
49.6305,15,in,32274,-10.8
49.6349,15,in,32278,-20.2
49.6394,15,in,32282,5.2
49.6442,15,in,32286,-28.2
49.6489,15,in,32290,-24
49.6537,15,in,32294,-31.4
49.6581,15,in,32298,37.6
49.6624,15,in,32302,-27.4
49.6668,15,in,32306,-1.8
49.6715,15,in,32310,-10.6
49.6758,15,in,32314,-4.4
49.6799,15,in,32318,6.2
49.684,15,in,32322,3
49.6883,15,in,32326,-9.8
49.6924,15,in,32330,-11.8
49.6965,15,in,32334,28.2
49.7015,15,in,32338,21.8
49.7065,15,in,32342,-4.2
49.7112,15,in,32346,20.2
49.7152,15,in,32350,-10
49.7193,15,in,32354,-27.4
49.7236,15,in,32358,-50.8
49.7276,15,in,32362,-25
49.7321,15,in,32366,-11.8
49.7367,15,in,32370,-6.4
49.7411,15,in,32374,-48.4
49.7458,15,in,32378,-16.8
49.7501,15,in,32382,-23.4
49.7543,15,in,32386,-28.6
49.7588,15,in,32390,-0.6
49.7635,15,in,32394,22
49.7681,15,in,32398,-18.2
49.7729,15,in,32402,38
49.7774,15,in,32406,-53.6
49.7817,15,in,32410,-47.6
49.7865,15,in,32414,-26.4
49.7912,15,in,32418,-15.4
49.7962,15,in,32422,25.8
49.801,15,in,32426,-41.4
49.8063,15,in,32430,16
49.8107,15,in,32434,6
49.8159,15,in,32438,20
49.8207,15,in,32442,-10.4
49.8258,15,in,32446,0
49.8302,15,in,32450,-38.2
49.8345,15,in,32454,-12.2
49.8386,15,in,32458,40.4
49.8426,15,in,32462,14.4
49.8471,15,in,32466,12
49.8512,15,in,32470,-17.6
49.8552,15,in,32474,-15.4
49.8596,15,in,32478,26.6
49.8643,15,in,32482,17.2
49.8686,15,in,32486,6.8
49.8726,15,in,32490,-50.2
49.8768,15,in,32494,29.8
49.8807,15,in,32498,13.8
49.8852,15,in,32502,8.8
49.8898,15,in,32506,-13.4
49.8944,15,in,32510,-33.4
49.8987,15,in,32514,-2.2
49.9031,15,in,32518,-7.6
49.9074,15,in,32522,-26.4
49.9115,15,in,32526,2
49.9156,15,in,32530,-22.6
49.9203,15,in,32534,16.6
49.925,15,in,32538,-6.6
49.9302,15,in,32542,-2.6
49.9349,15,in,32546,9
49.9391,15,in,32550,-41.6
49.9432,15,in,32554,3
49.9478,15,in,32558,-21.6
49.9524,15,in,32562,24.8
49.9568,15,in,32566,-57.2
49.9611,15,in,32570,31.6
49.9654,15,in,32574,2.2
49.97,15,in,32578,24.2
49.9752,15,in,32582,-13
49.9803,15,in,32586,-27.6
49.9848,15,in,32590,9.4
49.9891,15,in,32594,9.4
49.9935,15,in,32598,50.2
49.9983,15,in,32602,4.4
50.003,15,in,32606,0
50.0082,15,in,32610,18.2
50.0134,15,in,32614,10.6
50.0185,15,in,32618,-22
50.0237,15,in,32622,-3.2
50.0285,15,in,32626,-25.4
50.0334,15,in,32630,-1
50.0388,15,in,32634,8.4
50.0434,15,in,32638,-50
50.0475,15,in,32642,-23.4
50.0515,15,in,32646,28.4
50.0562,15,in,32650,9.4
50.0601,15,in,32654,8.6
50.0641,15,in,32658,28.2
50.0683,15,in,32662,-33
50.0723,15,in,32666,15.4
50.0765,15,in,32670,-41.6
50.0802,15,in,32674,-6.6
50.0839,15,in,32678,-5.6
50.0877,15,in,32682,-20.4
50.0919,15,in,32686,17.4
50.0959,15,in,32690,9.6
50.0998,15,in,32694,-13.2
50.1042,15,in,32698,37.2
50.1087,15,in,32702,0.6
50.1129,15,in,32706,45
50.117,15,in,32710,11.8
50.1211,15,in,32714,-36
50.1253,15,in,32718,-0.8
50.1295,15,in,32722,-37.2
50.1341,15,in,32726,-24
50.1381,15,in,32730,29.2
50.1421,15,in,32734,25.2
50.1464,15,in,32738,-34.6
50.1502,15,in,32742,-42.4
50.1545,15,in,32746,61
50.1584,15,in,32750,1
50.1628,15,in,32754,-7.4
50.1678,15,in,32758,-0.4
50.1723,15,in,32762,-23.8
50.1771,15,in,32766,-37.8
50.1817,15,in,32770,-32.4
50.1866,15,in,32774,18.8
50.1911,15,in,32778,-5.2
50.1955,15,in,32782,-13.2
50.2001,15,in,32786,-16.8
50.2048,15,in,32790,15
50.2094,15,in,32794,-0.2
50.2138,15,in,32798,6.6
50.2189,15,in,32802,2.4
50.2234,15,in,32806,35.2
50.2283,15,in,32810,17.6
50.2332,15,in,32814,-18.4
50.2376,15,in,32818,-33.2
50.2421,15,in,32822,3
50.2461,15,in,32826,-1.2
50.25,15,in,32830,4.2
50.2541,15,in,32834,6.4
50.2583,15,in,32838,-53.8
50.2626,15,in,32842,4.8
50.267,15,in,32846,27.4
50.2714,15,in,32850,43.4
50.2757,15,in,32854,-16.2
50.2808,15,in,32858,-27.8
50.2861,15,in,32862,44.2
50.291,15,in,32866,4.2
50.2955,15,in,32870,-33.8
50.3003,15,in,32874,-23.8
50.305,15,in,32878,18.2
50.3096,15,in,32882,33.4
50.3137,15,in,32886,19.8
50.3178,15,in,32890,-41.4
50.3218,15,in,32894,-7
50.3257,15,in,32898,9
50.3296,15,in,32902,5.6
50.3334,15,in,32906,-13.4
50.3383,15,in,32910,36.8
50.3432,15,in,32914,12.8
50.348,15,in,32918,-59
50.3522,15,in,32922,17.6
50.3572,15,in,32926,31.8
50.3625,15,in,32930,2.2
50.3677,15,in,32934,-12
50.3725,15,in,32938,1.8
50.3775,15,in,32942,1
50.3818,15,in,32946,-34.6
50.3866,15,in,32950,2.8
50.3918,15,in,32954,-10.8
50.3968,15,in,32958,13.8
50.4014,15,in,32962,27.4
50.4057,15,in,32966,63.8
50.4099,15,in,32970,13.4
50.4138,15,in,32974,6.2
50.4186,15,in,32978,-5.8
50.4233,15,in,32982,15.6
50.4278,15,in,32986,26.4
50.4321,15,in,32990,4.2
50.4366,15,in,32994,-49.2
50.4418,15,in,32998,-9.4
50.4477,15,in,33002,35.2
50.4527,15,in,33006,31
50.4579,15,in,33010,-5
50.4632,15,in,33014,18
50.4681,15,in,33018,9.4
50.4725,15,in,33022,22.4
50.4772,15,in,33026,-0.6
50.4822,15,in,33030,-16
50.4869,15,in,33034,7.8
50.4916,15,in,33038,17.2
50.4963,15,in,33042,40.2
50.501,15,in,33046,21.4
50.5058,15,in,33050,28.4
50.5105,15,in,33054,-8.8
50.5152,15,in,33058,-26.4
50.5198,15,in,33062,-23.4
50.5246,15,in,33066,-8.2
50.5289,15,in,33070,19
50.534,15,in,33074,-9.2
50.5383,15,in,33078,11.6
50.5438,15,in,33082,-12.2
50.5492,15,in,33086,-18
50.554,15,in,33090,5.6
50.5584,15,in,33094,14.2
50.5631,15,in,33098,13.4
50.5684,15,in,33102,2.2
50.5728,15,in,33106,60
50.5774,15,in,33110,23.4
50.5823,15,in,33114,-26.8
50.5873,15,in,33118,31.8
50.5916,15,in,33122,10.8
50.5961,15,in,33126,14
50.6005,15,in,33130,27.4
50.6056,15,in,33134,46.2
50.6102,15,in,33138,16.4
50.615,15,in,33142,28.2
50.6197,15,in,33146,-3.6
50.6244,15,in,33150,2.8
50.6298,15,in,33154,8.2
50.6347,15,in,33158,8.4
50.6397,15,in,33162,4.2
50.6442,15,in,33166,1
50.6491,15,in,33170,-12
50.6539,15,in,33174,2.2
50.6596,15,in,33178,-15.6
50.6639,15,in,33182,-22
50.6682,15,in,33186,-21.2
50.6728,15,in,33190,-20.2
50.6779,15,in,33194,42.8
50.6821,15,in,33198,23
50.6861,15,in,33202,-17.2
50.6905,15,in,33206,-33.8
50.6954,15,in,33210,28.4
50.7006,15,in,33214,12
50.7067,15,in,33218,21.2
50.7125,15,in,33222,21
50.7183,15,in,33226,19.2
50.7245,15,in,33230,6.4
50.7301,15,in,33234,34.6
50.7353,15,in,33238,-3
50.7404,15,in,33242,42.6
50.7461,15,in,33246,17.8
50.7512,15,in,33250,11.6
50.7559,15,in,33254,66.4
50.7599,15,in,33258,44.4
50.7639,15,in,33262,33.2
50.7681,15,in,33266,19.4
50.7727,15,in,33270,28.2
50.7776,15,in,33274,24.2
50.7828,15,in,33278,8.6
50.7878,15,in,33282,29
50.7922,15,in,33286,7.2
50.7967,15,in,33290,21
50.8015,15,in,33294,-6.6
50.8059,15,in,33298,17
50.8106,15,in,33302,15.4
50.8155,15,in,33306,14.2
50.8201,15,in,33310,29.8
50.8242,15,in,33314,45.8
50.8281,15,in,33318,16.6
50.8321,15,in,33322,44.2
50.8364,15,in,33326,-24.8
50.8407,15,in,33330,12
50.8455,15,in,33334,1
50.85,15,in,33338,-5
50.8549,15,in,33342,42.8
50.8597,15,in,33346,34.8
50.8645,15,in,33350,7.6
50.8689,15,in,33354,11.2
50.8737,15,in,33358,45.4
50.8787,15,in,33362,7.4
50.8834,15,in,33366,20.8
50.8875,15,in,33370,-7.6
50.8919,15,in,33374,-4.6
50.8965,15,in,33378,36.8
50.9013,15,in,33382,4.6
50.9057,15,in,33386,16
50.9102,15,in,33390,3.6
50.9144,15,in,33394,-26.4
50.9193,15,in,33398,11.4
50.9246,15,in,33402,9.8
50.9294,15,in,33406,-2.2
50.9337,15,in,33410,17.8
50.938,15,in,33414,16.6
50.9424,15,in,33418,2
50.9467,15,in,33422,27
50.951,15,in,33426,-16
50.9556,15,in,33430,8.6
50.9604,15,in,33434,14.8
50.966,15,in,33438,12
50.971,15,in,33442,0.4
50.9759,15,in,33446,5.2
50.9808,15,in,33450,-11.2
50.9852,15,in,33454,6.6
50.9905,15,in,33458,-3.4
50.9953,15,in,33462,13
51.0005,15,in,33466,36.2
51.0052,15,in,33470,51.6
51.0101,15,in,33474,19.8
51.0148,15,in,33478,-11.4
51.0194,15,in,33482,39.6
51.0241,15,in,33486,20.6
51.0288,15,in,33490,15.4
51.0339,15,in,33494,21.2
51.0385,15,in,33498,43.6
51.0438,15,in,33502,16
51.0482,15,in,33506,-2
51.0534,15,in,33510,35.8
51.0582,15,in,33514,26.2
51.0635,15,in,33518,27.4
51.0684,15,in,33522,-0.6
51.0736,15,in,33526,20.4
51.0783,15,in,33530,-13.6
51.0833,15,in,33534,39.4
51.0882,15,in,33538,12.2
51.0927,15,in,33542,24.6
51.0976,15,in,33546,13.8
51.1023,15,in,33550,-6
51.1078,15,in,33554,7.2
51.1121,15,in,33558,36.6
51.1173,15,in,33562,7.4
51.1227,15,in,33566,-20
51.1272,15,in,33570,29.4
51.1322,15,in,33574,-6.6
51.137,15,in,33578,25.4
51.1415,15,in,33582,64.6
51.1464,15,in,33586,35.2
51.1511,15,in,33590,28.6
51.1557,15,in,33594,50
51.1605,15,in,33598,48.2
51.1652,15,in,33602,75.2
51.1699,15,in,33606,62.8
51.1746,15,in,33610,14
51.1793,15,in,33614,36.2
51.1838,15,in,33618,79.6
51.1883,15,in,33622,48
51.1928,15,in,33626,73.8
51.1974,15,in,33630,57.2
51.2024,15,in,33634,67.2
51.2073,15,in,33638,67.8
51.2128,15,in,33642,61.8
51.2169,15,in,33646,129.2
51.2215,15,in,33650,64
51.2259,15,in,33654,66.2
51.2306,15,in,33658,89.6
51.2354,15,in,33662,108.2
51.24,15,in,33666,75.2
51.2451,15,in,33670,76
51.2499,15,in,33674,235.2
51.2544,15,in,33678,245.6
51.2586,15,in,33682,261.6
51.2635,15,in,33686,245
51.2684,15,in,33690,241
51.2729,15,in,33694,232.8
51.2771,15,in,33698,293.6
51.2815,15,in,33702,263.4
51.2864,15,in,33706,280
51.2913,15,in,33710,308.8
51.2964,15,in,33714,280.6
51.3013,15,in,33718,330.8
51.306,15,in,33722,365.8
51.3108,15,in,33726,340
51.3149,15,in,33730,363
51.3203,15,in,33734,362.6
51.3254,15,in,33738,390.6
51.3308,15,in,33742,366.8
51.3354,15,in,33746,440.8
51.3394,15,in,33750,515.8
51.344,15,in,33754,346.6
51.3497,15,in,33758,497.8
51.3543,15,in,33762,635
51.359,15,in,33766,556.4
51.3637,15,in,33770,517.8
51.3683,15,in,33774,527.8
51.3731,15,in,33778,639.4
51.3774,15,in,33782,533.6
51.3821,15,in,33786,601.4
51.3866,15,in,33790,618.8
51.3913,15,in,33794,593.6
51.3958,15,in,33798,611.6
51.4002,15,in,33802,654.8
51.4052,15,in,33806,437.8
51.4101,15,in,33810,484.4
51.4148,15,in,33814,616.6
51.4193,15,in,33818,410.2
51.4237,15,in,33822,523.4
51.4287,15,in,33826,553.6
51.4333,15,in,33830,631.8
51.4381,15,in,33834,721
51.4428,15,in,33838,696
51.4476,15,in,33842,698.6
51.4521,15,in,33846,752
51.4572,15,in,33850,751
51.4615,15,in,33854,741.2
51.466,15,in,33858,805.8
51.4706,15,in,33862,771.8
51.475,15,in,33866,739.6
51.4793,15,in,33870,799.8
51.484,15,in,33874,826.2
51.4887,15,in,33878,830.6
51.4932,15,in,33882,868
51.4977,15,in,33886,978.8
51.5021,15,in,33890,907.8
51.5067,15,in,33894,950.8
51.5116,15,in,33898,926
51.5163,15,in,33902,930.8
51.5209,15,in,33906,911.2
51.5256,15,in,33910,1969.6
51.5299,15,out,33906,1881
51.5343,15,out,33902,1987
51.5384,15,out,33898,1993.6
51.5422,15,out,33894,1991.6
51.5464,15,out,33890,1955.8
51.5501,15,out,33886,2037.8
51.5543,15,out,33882,2098.2
51.5583,15,out,33878,2099.2
51.5625,15,out,33874,2048.2
51.5667,15,out,33870,2054
51.5708,15,out,33866,2034.4
51.5755,15,out,33862,1861
51.5808,15,out,33858,1873.4
51.585,15,out,33854,1827.4
51.5893,15,out,33850,1813.4
51.5935,15,out,33846,1819
51.5982,15,out,33842,1664.2
51.6029,15,out,33838,1703.4
51.6074,15,out,33834,1805.2
51.6125,15,out,33830,1860.2
51.6174,15,out,33826,2156.6
51.6221,15,out,33822,2325.4
51.627,15,out,33818,2039.6
51.632,15,out,33814,2102
51.6363,15,out,33810,2274.2
51.6406,15,out,33806,2162.2
51.6447,15,out,33802,2189.8
51.649,15,out,33798,2167.4
51.6531,15,out,33794,2154.6
51.6575,15,out,33790,2242.8
51.6624,15,out,33786,2278.4
51.6671,15,out,33782,2217.8
51.6723,15,out,33778,2526.6
51.6776,15,out,33774,2444
51.6819,15,out,33770,2457.4
51.6862,15,out,33766,2534.4
51.6905,15,out,33762,2592
51.6957,15,out,33758,2543.2
51.7002,15,out,33754,2503.2
51.7048,15,out,33750,2587
51.7092,15,out,33746,2604.4
51.714,15,out,33742,2524.6
51.7193,15,out,33738,2543
51.7238,15,out,33734,2602.8
51.7285,15,out,33730,2537.8
51.7333,15,out,33726,2658.8
51.7384,15,out,33722,2742.4
51.7433,15,out,33718,2877.6
51.7484,15,out,33714,2849.6
51.7531,15,out,33710,2878.6
51.7575,15,out,33706,2902.8
51.762,15,out,33702,2883.2
51.7664,15,out,33698,2871.6
51.7706,15,out,33694,2934.8
51.7749,15,out,33690,2898
51.7794,15,out,33686,2949
51.7842,15,out,33682,2931.6
51.7896,15,out,33678,2944.6
51.7946,15,out,33674,2826.6
51.7997,15,out,33670,2839
51.8042,15,out,33666,2760
51.8085,15,out,33662,2882.4
51.8123,15,out,33658,2903.8
51.8162,15,out,33654,2778
51.8206,15,out,33650,2915.8
51.8254,15,out,33646,2857.8
51.8304,15,out,33642,2835.4
51.835,15,out,33638,2840.4
51.8397,15,out,33634,2880.8
51.8443,15,out,33630,2889.8
51.8495,15,out,33626,2923.6
51.8547,15,out,33622,2708.4
51.8599,15,out,33618,2892.4
51.865,15,out,33614,2915.2
51.8693,15,out,33610,2872.8
51.8746,15,out,33606,2877.8
51.8793,15,out,33602,2867.8
51.8841,15,out,33598,2920.6
51.8891,15,out,33594,2989.6
51.8938,15,out,33590,2975
51.8985,15,out,33586,2821.6
51.9029,15,out,33582,2902.6
51.9076,15,out,33578,2940.6
51.9126,15,out,33574,2909
51.9179,15,out,33570,2908.8
51.9222,15,out,33566,3074.8
51.9266,15,out,33562,3072.2
51.9312,15,out,33558,3032.6
51.9363,15,out,33554,3129.8
51.9409,15,out,33550,3118
51.9453,15,out,33546,3130.2
51.9499,15,out,33542,3093.6
51.9545,15,out,33538,3011
51.9594,15,out,33534,3028
51.9644,15,out,33530,3088.8
51.9692,15,out,33526,3098
51.9737,15,out,33522,3222.2
51.9782,15,out,33518,3050.4
51.983,15,out,33514,3018
51.988,15,out,33510,3079.8
51.9928,15,out,33506,3129.4
51.9974,15,out,33502,2958.2
52.0028,15,out,33498,3059.2
52.0074,15,out,33494,3250.6
52.0116,15,out,33490,3276.8
52.0162,15,out,33486,3248.2
52.0214,15,out,33482,3268
52.0266,15,out,33478,3123.4
52.0311,15,out,33474,3229
52.0358,15,out,33470,3240.6
52.0407,15,out,33466,3228
52.046,15,out,33462,3228.2
52.0508,15,out,33458,3221.6
52.0557,15,out,33454,3463.8
52.0604,15,out,33450,3554.4
52.0652,15,out,33446,3568.8
52.0699,15,out,33442,3582.8
52.0749,15,out,33438,3512.2
52.0797,15,out,33434,3551.4
52.0847,15,out,33430,3568.4
52.089,15,out,33426,3512
52.094,15,out,33422,3559
52.0987,15,out,33418,3500.4
52.1033,15,out,33414,3442.4
52.1079,15,out,33410,3275.4
52.1127,15,out,33406,3161
52.1172,15,out,33402,3204
52.1219,15,out,33398,2957.6
52.1275,15,out,33394,3117
52.1325,15,out,33390,3111
52.1377,15,out,33386,3079.2
52.1428,15,out,33382,3082.2
52.1475,15,out,33378,3156
52.1524,15,out,33374,3156.2
52.1577,15,out,33370,3148.4
52.1623,15,out,33366,3082.2
52.1673,15,out,33362,3163.4
52.1725,15,out,33358,3129
52.1776,15,out,33354,3132.2
52.1824,15,out,33350,3171.6
52.187,15,out,33346,3118.6
52.1929,15,out,33342,3094
52.1984,15,out,33338,3118.6
52.2038,15,out,33334,3029
52.2092,15,out,33330,3007.8
52.2142,15,out,33326,3218.8
52.2194,15,out,33322,3145.4
52.2246,15,out,33318,3219.4
52.2296,15,out,33314,3219.8
52.2347,15,out,33310,3237
52.2389,15,out2,33260,3233.6
52.2432,15,out2,33210,3165.4
52.2476,15,out2,33160,3163
52.252,15,out2,33110,3151.4
52.256,15,out2,33060,3111.4
52.2603,15,out2,33010,3154.8
52.2646,15,out2,32960,2983.4
52.269,15,out2,32910,3032
52.2729,15,out2,32860,2957.6
52.2772,15,out2,32810,2816.8
52.2811,15,out2,32760,2642.4
52.2852,15,out2,32710,2735.2
52.2902,15,out2,32660,2695.8
52.2938,15,out2,32610,2573.4
52.2982,15,out2,32560,2521.8
52.3026,15,out2,32510,2118.4
52.3069,15,out2,32460,2526
52.3113,15,out2,32410,1715.4
52.3156,15,out2,32360,1480.8
52.3202,15,out2,32310,1518.8
52.3254,15,out2,32260,1253.8
52.3301,15,out2,32210,1063.2
52.3349,15,out2,32160,868.2
52.3392,15,out2,32110,937.4
52.344,15,out2,32060,565.2
52.3484,15,out2,32010,134.6
52.3529,16,in,32010,109
52.3576,16,in,32014,33
52.3623,16,in,32018,17
52.3666,16,in,32022,22.6
52.3708,16,in,32026,15.8
52.3754,16,in,32030,7
52.38,16,in,32034,-8
52.3847,16,in,32038,27
52.3892,16,in,32042,-20
52.3941,16,in,32046,-41.8
52.3994,16,in,32050,26.2
52.4037,16,in,32054,37.2
52.4081,16,in,32058,24.8
52.4134,16,in,32062,4.6
52.4185,16,in,32066,5.4
52.4233,16,in,32070,43.8
52.4278,16,in,32074,6
52.4321,16,in,32078,0.2
52.4363,16,in,32082,18.8
52.4405,16,in,32086,13.4
52.4451,16,in,32090,-11.2
52.4499,16,in,32094,-30.2
52.4543,16,in,32098,-40.2
52.4582,16,in,32102,5.4
52.4625,16,in,32106,6.4
52.4674,16,in,32110,-4.6
52.4724,16,in,32114,27.4
52.4769,16,in,32118,-16.6
52.4813,16,in,32122,8.4
52.486,16,in,32126,2
52.4905,16,in,32130,-9.2
52.4955,16,in,32134,29.6
52.5001,16,in,32138,12.8
52.5046,16,in,32142,13.6
52.5091,16,in,32146,-30
52.5142,16,in,32150,9.4
52.5191,16,in,32154,-7
52.5236,16,in,32158,55.8
52.5282,16,in,32162,18.2
52.5328,16,in,32166,-14
52.5373,16,in,32170,11.6
52.5421,16,in,32174,-19.8
52.5477,16,in,32178,4.6
52.5525,16,in,32182,17.6
52.5575,16,in,32186,4.2
52.5621,16,in,32190,-9.8
52.5667,16,in,32194,-11.2
52.5713,16,in,32198,24.8
52.5759,16,in,32202,-28.2
52.5808,16,in,32206,-9.6
52.5855,16,in,32210,-19.8
52.5907,16,in,32214,-2.8
52.5953,16,in,32218,-21.6
52.6002,16,in,32222,-27.4
52.6055,16,in,32226,-9.8
52.6111,16,in,32230,-2.2
52.6154,16,in,32234,-31
52.6208,16,in,32238,-0.6
52.6258,16,in,32242,-12.6
52.6307,16,in,32246,-12.8
52.6356,16,in,32250,-2.4
52.6403,16,in,32254,73.4
52.6451,16,in,32258,31
52.6496,16,in,32262,-13
52.6541,16,in,32266,5.2
52.6592,16,in,32270,3
52.6643,16,in,32274,-16
52.6688,16,in,32278,1.6
52.6739,16,in,32282,0.2
52.6786,16,in,32286,10.8
52.683,16,in,32290,-15.2
52.6871,16,in,32294,36
52.6911,16,in,32298,-7.4
52.6957,16,in,32302,15.6
52.7,16,in,32306,-9
52.7045,16,in,32310,12.6
52.7089,16,in,32314,7.8
52.7137,16,in,32318,20.6
52.719,16,in,32322,22
52.7235,16,in,32326,31
52.7286,16,in,32330,-1.6
52.7336,16,in,32334,3.8
52.738,16,in,32338,4.6
52.7425,16,in,32342,-13.8
52.747,16,in,32346,-21.2
52.7517,16,in,32350,-1.6
52.7558,16,in,32354,24.8
52.76,16,in,32358,28.4
52.7643,16,in,32362,49.2
52.7685,16,in,32366,3.8
52.7735,16,in,32370,8.6
52.7782,16,in,32374,-14.8
52.7827,16,in,32378,1.2
52.7874,16,in,32382,14.6
52.7922,16,in,32386,-8.2
52.7961,16,in,32390,36.4
52.8001,16,in,32394,19.4
52.8038,16,in,32398,2.8
52.809,16,in,32402,-3.8
52.8135,16,in,32406,26.8
52.8185,16,in,32410,-35.4
52.8235,16,in,32414,14.6
52.8285,16,in,32418,16.4
52.833,16,in,32422,-20.6
52.8376,16,in,32426,-2.8
52.842,16,in,32430,-8
52.8467,16,in,32434,3.2
52.8513,16,in,32438,-31
52.8561,16,in,32442,15.2
52.8617,16,in,32446,-13
52.8666,16,in,32450,33
52.8713,16,in,32454,22.4
52.8766,16,in,32458,12.8
52.8813,16,in,32462,-26.4
52.8864,16,in,32466,3.2
52.8917,16,in,32470,-9
52.8965,16,in,32474,7
52.9012,16,in,32478,11
52.9054,16,in,32482,-10.6
52.9101,16,in,32486,-16.8
52.9148,16,in,32490,-0.2
52.9198,16,in,32494,36.6
52.9244,16,in,32498,17
52.93,16,in,32502,29.2
52.9346,16,in,32506,-4
52.9392,16,in,32510,2.6
52.944,16,in,32514,-21.4
52.9482,16,in,32518,-37.6
52.953,16,in,32522,-6.8
52.9575,16,in,32526,22
52.9617,16,in,32530,-10.8
52.9661,16,in,32534,-7.2
52.9706,16,in,32538,-7.2
52.975,16,in,32542,-25.8
52.9797,16,in,32546,15
52.9848,16,in,32550,-10.4
52.9893,16,in,32554,37.4
52.994,16,in,32558,-29.2
52.9988,16,in,32562,-19.6
53.0046,16,in,32566,27.8
53.0094,16,in,32570,10.6
53.0143,16,in,32574,0.6
53.0196,16,in,32578,28
53.0244,16,in,32582,8.4
53.0292,16,in,32586,2.6
53.0338,16,in,32590,16
53.0383,16,in,32594,47.8
53.0429,16,in,32598,26.4
53.048,16,in,32602,-4.6
53.0525,16,in,32606,1.2
53.0579,16,in,32610,29.4
53.0626,16,in,32614,-3.6
53.0672,16,in,32618,1.8
53.0716,16,in,32622,3
53.0765,16,in,32626,-8.8
53.0817,16,in,32630,7.4
53.0868,16,in,32634,-8.8
53.0914,16,in,32638,-16.8
53.0963,16,in,32642,27.4
53.1009,16,in,32646,-23.8
53.1056,16,in,32650,14
53.1108,16,in,32654,-12.2
53.1156,16,in,32658,-18.6
53.1207,16,in,32662,-4
53.1253,16,in,32666,12.2
53.1307,16,in,32670,-4
53.1352,16,in,32674,14.8
53.1402,16,in,32678,14.2
53.1451,16,in,32682,-13
53.1497,16,in,32686,4.4
53.155,16,in,32690,5.6
53.16,16,in,32694,21.6
53.1645,16,in,32698,-5.4
53.1693,16,in,32702,4
53.1743,16,in,32706,-23.8
53.1789,16,in,32710,-33.4
53.183,16,in,32714,-44.2
53.1872,16,in,32718,39.6
53.1917,16,in,32722,-11.2
53.196,16,in,32726,5.6
53.2003,16,in,32730,5.8
53.2047,16,in,32734,68.4
53.2086,16,in,32738,-20
53.2129,16,in,32742,-31.2
53.2172,16,in,32746,-48.6
53.2212,16,in,32750,-11.8
53.2251,16,in,32754,-5.8
53.2289,16,in,32758,-12.4
53.233,16,in,32762,-17.4
53.2368,16,in,32766,13.6
53.2409,16,in,32770,12
53.2445,16,in,32774,-2.2
53.2481,16,in,32778,-13.6
53.2524,16,in,32782,-6.2
53.2558,16,in,32786,9.2
53.2598,16,in,32790,7.2
53.2638,16,in,32794,-10
53.2676,16,in,32798,21.6
53.2718,16,in,32802,35
53.2757,16,in,32806,16.8
53.2793,16,in,32810,-20.2
53.2831,16,in,32814,-27.8
53.287,16,in,32818,2.8
53.2908,16,in,32822,-19.4
53.2946,16,in,32826,-4
53.2988,16,in,32830,-22.4
53.303,16,in,32834,19
53.3071,16,in,32838,-34.8
53.3111,16,in,32842,5.2
53.3148,16,in,32846,17.8
53.3185,16,in,32850,-5
53.3226,16,in,32854,8.4
53.3272,16,in,32858,0.2
53.3312,16,in,32862,-37.8
53.3355,16,in,32866,-8
53.3398,16,in,32870,71.4
53.3436,16,in,32874,-8.4
53.3475,16,in,32878,43.2
53.3512,16,in,32882,3.8
53.3552,16,in,32886,1.6
53.359,16,in,32890,3.4
53.3626,16,in,32894,-1.8
53.3664,16,in,32898,-6.2
53.3705,16,in,32902,48.6
53.3749,16,in,32906,-0.6
53.3787,16,in,32910,-17
53.3825,16,in,32914,-31.2
53.3867,16,in,32918,41.6
53.3906,16,in,32922,18.8
53.3944,16,in,32926,19.6
53.3984,16,in,32930,-29
53.4026,16,in,32934,-7.4
53.4066,16,in,32938,14
53.4106,16,in,32942,-19.6
53.4148,16,in,32946,-60.4
53.4188,16,in,32950,-19.6
53.4229,16,in,32954,55.4
53.4269,16,in,32958,-14
53.4307,16,in,32962,31
53.4342,16,in,32966,-16.4
53.4384,16,in,32970,29.4
53.4424,16,in,32974,-35
53.4464,16,in,32978,8
53.4504,16,in,32982,-11.6
53.4544,16,in,32986,35.6
53.4583,16,in,32990,-48
53.4622,16,in,32994,11.6
53.4664,16,in,32998,-9.8
53.4704,16,in,33002,34.2
53.4746,16,in,33006,12.6
53.4784,16,in,33010,2.6
53.4821,16,in,33014,-17.6
53.486,16,in,33018,-0.4
53.49,16,in,33022,47.8
53.494,16,in,33026,32.4
53.4976,16,in,33030,-12.8
53.5021,16,in,33034,3
53.506,16,in,33038,13.8
53.5101,16,in,33042,-1
53.5144,16,in,33046,-13.6
53.5184,16,in,33050,-29
53.5225,16,in,33054,-5.4
53.5263,16,in,33058,-14.2
53.5307,16,in,33062,32.4
53.535,16,in,33066,-15.2
53.5391,16,in,33070,32
53.5432,16,in,33074,23.6
53.5472,16,in,33078,-27.6
53.552,16,in,33082,41
53.5566,16,in,33086,10.6
53.5613,16,in,33090,28.8
53.5657,16,in,33094,-6.2
53.57,16,in,33098,12.4
53.5756,16,in,33102,26.4
53.5799,16,in,33106,-3.2
53.5838,16,in,33110,56
53.5879,16,in,33114,36
53.5918,16,in,33118,43.2
53.5958,16,in,33122,-24.4
53.5996,16,in,33126,24.6
53.6039,16,in,33130,63.2
53.6076,16,in,33134,5.4
53.6115,16,in,33138,39.6
53.6156,16,in,33142,-36.8
53.619,16,in,33146,24.4
53.6233,16,in,33150,-20.4
53.6271,16,in,33154,41.6
53.6311,16,in,33158,-1.6
53.6353,16,in,33162,30.6
53.6394,16,in,33166,-8.6
53.6436,16,in,33170,-7.6
53.6481,16,in,33174,3.4
53.6529,16,in,33178,50.2
53.657,16,in,33182,39.6
53.6609,16,in,33186,1.4
53.6649,16,in,33190,-17.8
53.6687,16,in,33194,1.2
53.6729,16,in,33198,-35.6
53.6767,16,in,33202,8.4
53.6808,16,in,33206,43.2
53.6849,16,in,33210,-15.4
53.6892,16,in,33214,-23.8
53.6931,16,in,33218,7.6
53.6972,16,in,33222,29
53.7009,16,in,33226,-1.4
53.7052,16,in,33230,-31.2
53.709,16,in,33234,-33.4
53.7139,16,in,33238,-1.2
53.7183,16,in,33242,8.4
53.7226,16,in,33246,64.6
53.7269,16,in,33250,-13.4
53.7315,16,in,33254,-12.2
53.7357,16,in,33258,44.4
53.7401,16,in,33262,47.8
53.7446,16,in,33266,8.4
53.7492,16,in,33270,13
53.7533,16,in,33274,25.4
53.7575,16,in,33278,29
53.7621,16,in,33282,-56.2
53.7666,16,in,33286,-7
53.7704,16,in,33290,18
53.7749,16,in,33294,45.6
53.7791,16,in,33298,12.4
53.7836,16,in,33302,9
53.7878,16,in,33306,5.4
53.7918,16,in,33310,25.8
53.7962,16,in,33314,13.4
53.8005,16,in,33318,-1.4
53.8051,16,in,33322,33.6
53.8094,16,in,33326,-19.8
53.814,16,in,33330,22.8
53.8189,16,in,33334,4
53.8236,16,in,33338,34
53.8282,16,in,33342,60.4
53.833,16,in,33346,8.4
53.8377,16,in,33350,6.4
53.8429,16,in,33354,-17.8
53.8473,16,in,33358,34.8
53.852,16,in,33362,8.2
53.8562,16,in,33366,14.2
53.8606,16,in,33370,-2.6
53.8656,16,in,33374,-7
53.8706,16,in,33378,27
53.8756,16,in,33382,23.8
53.8806,16,in,33386,35.2
53.8857,16,in,33390,4.4
53.8901,16,in,33394,8.8
53.8948,16,in,33398,13.6
53.8994,16,in,33402,-2.2
53.9039,16,in,33406,21.4
53.908,16,in,33410,-11
53.912,16,in,33414,-16
53.916,16,in,33418,-11.8
53.9204,16,in,33422,9.2
53.9248,16,in,33426,1.4
53.9293,16,in,33430,33.6
53.9336,16,in,33434,38.6
53.938,16,in,33438,59.2
53.9427,16,in,33442,36.6
53.9469,16,in,33446,53
53.9513,16,in,33450,18.2
53.9554,16,in,33454,81.4
53.9597,16,in,33458,-1.4
53.9642,16,in,33462,9.2
53.9683,16,in,33466,37.6
53.9726,16,in,33470,-15.4
53.9773,16,in,33474,26.4
53.9816,16,in,33478,19.8
53.9867,16,in,33482,39.6
53.9912,16,in,33486,21.8
53.996,16,in,33490,36.2
54.0002,16,in,33494,26.6
54.0041,16,in,33498,13.2
54.0079,16,in,33502,30.4
54.012,16,in,33506,10.2
54.0164,16,in,33510,13.8
54.021,16,in,33514,40.8
54.0251,16,in,33518,19.4
54.0294,16,in,33522,-13.6
54.0336,16,in,33526,-15.2
54.0383,16,in,33530,30.8
54.0429,16,in,33534,-2
54.0471,16,in,33538,-1.8
54.0514,16,in,33542,-13.2
54.0564,16,in,33546,46.8
54.0614,16,in,33550,1.2
54.0658,16,in,33554,0.2
54.0699,16,in,33558,13.2
54.0744,16,in,33562,49.2
54.0785,16,in,33566,-9.8
54.083,16,in,33570,42.6
54.0879,16,in,33574,7.6
54.0926,16,in,33578,25.8
54.0982,16,in,33582,3.8
54.1029,16,in,33586,15.8
54.1083,16,in,33590,35.2
54.1124,16,in,33594,108.6
54.117,16,in,33598,45.2
54.1217,16,in,33602,49.4
54.1267,16,in,33606,49.2
54.132,16,in,33610,37.2
54.1372,16,in,33614,41.8
54.142,16,in,33618,59.6
54.1477,16,in,33622,82
54.1521,16,in,33626,41.6
54.1565,16,in,33630,76.2
54.1612,16,in,33634,2
54.1654,16,in,33638,8
54.1696,16,in,33642,64.8
54.174,16,in,33646,59.4
54.1788,16,in,33650,59.4
54.1833,16,in,33654,-13.8
54.1877,16,in,33658,64.8
54.1926,16,in,33662,57.4
54.1975,16,in,33666,41.8
54.202,16,in,33670,65.8
54.2063,16,in,33674,61.6
54.2107,16,in,33678,50
54.2154,16,in,33682,63
54.2203,16,in,33686,65.4
54.2249,16,in,33690,45
54.2301,16,in,33694,28.4
54.2349,16,in,33698,90.6
54.2392,16,in,33702,84.4
54.2448,16,in,33706,21.8
54.25,16,in,33710,29.2
54.2552,16,in,33714,14
54.26,16,in,33718,39.8
54.2652,16,in,33722,42.4
54.2702,16,in,33726,80.6
54.2748,16,in,33730,89.2
54.2803,16,in,33734,56.2
54.2858,16,in,33738,68
54.2906,16,in,33742,107.2
54.2957,16,in,33746,54.4
54.3003,16,in,33750,21.2
54.3049,16,in,33754,-11.6
54.3092,16,in,33758,20
54.3135,16,in,33762,49.4
54.3184,16,in,33766,12
54.3232,16,in,33770,57.4
54.3278,16,in,33774,55.6
54.3326,16,in,33778,77.8
54.3377,16,in,33782,68.4
54.3424,16,in,33786,122.2
54.347,16,in,33790,110.4
54.3522,16,in,33794,99.6
54.3571,16,in,33798,138.4
54.3618,16,in,33802,191.8
54.3661,16,in,33806,137.6
54.3701,16,in,33810,85
54.3751,16,in,33814,108.2
54.3796,16,in,33818,96
54.3842,16,in,33822,127.8
54.3887,16,in,33826,137.2
54.3935,16,in,33830,84.4
54.3984,16,in,33834,294.8
54.4032,16,in,33838,480.6
54.4083,16,in,33842,261.2
54.413,16,in,33846,233.6
54.4173,16,in,33850,121.4
54.4219,16,in,33854,195.6
54.4266,16,in,33858,312
54.4315,16,in,33862,327.2
54.437,16,in,33866,311.6
54.4419,16,in,33870,318.2
54.4465,16,in,33874,325.6
54.4516,16,in,33878,381.6
54.4571,16,in,33882,345.2
54.462,16,in,33886,382.6
54.4679,16,in,33890,392
54.4728,16,in,33894,388.4
54.4777,16,in,33898,393.4
54.4826,16,in,33902,414.2
54.4872,16,in,33906,397.8
54.4915,16,in,33910,440.2
54.4957,16,in,33914,418.4
54.5002,16,in,33918,419.2
54.5047,16,in,33922,420.2
54.5091,16,in,33926,452.6
54.5135,16,in,33930,541.2
54.5178,16,in,33934,492.6
54.5222,16,in,33938,553.4
54.5268,16,in,33942,545.4
54.5312,16,in,33946,465
54.5354,16,in,33950,620
54.5396,16,in,33954,621.2
54.5442,16,in,33958,573.8
54.5485,16,in,33962,522.2
54.5529,16,in,33966,530.8
54.5581,16,in,33970,492.4
54.5627,16,in,33974,465.6
54.5676,16,in,33978,499.6
54.5723,16,in,33982,520.2
54.5767,16,in,33986,490.4
54.5812,16,in,33990,469.8
54.5861,16,in,33994,514.8
54.5906,16,in,33998,549
54.5955,16,in,34002,528.4
54.6003,16,in,34006,539.8
54.6052,16,in,34010,541.2
54.6101,16,in,34014,542.4
54.6146,16,in,34018,581.8
54.6188,16,in,34022,541
54.6232,16,in,34026,542
54.6276,16,in,34030,572.8
54.6323,16,in,34034,567.4
54.637,16,in,34038,558.8
54.6421,16,in,34042,742.4
54.648,16,in,34046,753.4
54.6538,16,in,34050,775
54.659,16,in,34054,759.4
54.6645,16,in,34058,818.6
54.6696,16,in,34062,771.4
54.6739,16,in,34066,830.8
54.6784,16,in,34070,751.6
54.6828,16,in,34074,795.2
54.6877,16,in,34078,887
54.6919,16,in,34082,829.8
54.6966,16,in,34086,793.6
54.7007,16,in,34090,796
54.705,16,in,34094,834
54.7093,16,in,34098,795.8
54.7135,16,in,34102,803.2
54.7178,16,in,34106,802.2
54.7222,16,in,34110,913.2
54.7264,16,in,34114,768.6
54.7312,16,in,34118,803.6
54.7363,16,in,34122,795.8
54.7409,16,in,34126,826.8
54.7457,16,in,34130,778
54.7507,16,in,34134,786.6
54.7553,16,in,34138,836.4
54.7594,16,in,34142,811.8
54.7636,16,in,34146,842
54.7676,16,in,34150,852.8
54.7715,16,in,34154,786.4
54.776,16,in,34158,756.8
54.7814,16,in,34162,793
54.7867,16,in,34166,967.2
54.7911,16,in,34170,1134.6
54.7964,16,out,34166,1118.6
54.8009,16,out,34162,1151.8
54.8054,16,out,34158,1167.8
54.8097,16,out,34154,1272
54.8148,16,out,34150,1258.2
54.8201,16,out,34146,1260.4
54.8259,16,out,34142,1276.8
54.8316,16,out,34138,1228.6
54.8369,16,out,34134,1296
54.8418,16,out,34130,1226
54.847,16,out,34126,1187.6
54.8524,16,out,34122,1235
54.8575,16,out,34118,1241.6
54.8625,16,out,34114,1226.2
54.8676,16,out,34110,1286.8
54.8725,16,out,34106,1239.8
54.877,16,out,34102,1248.8
54.882,16,out,34098,1359.4
54.8865,16,out,34094,1446.4
54.8919,16,out,34090,1339.6
54.8975,16,out,34086,1344.2
54.9031,16,out,34082,1353.4
54.909,16,out,34078,1361.2
54.9143,16,out,34074,1378.4
54.9194,16,out,34070,1394.2
54.9242,16,out,34066,1298.8
54.9292,16,out,34062,1302.2
54.9345,16,out,34058,1314.6
54.9394,16,out,34054,1307.4
54.9441,16,out,34050,1294.6
54.9486,16,out,34046,1355.8
54.9529,16,out,34042,1312.2
54.9572,16,out,34038,1336.4
54.9615,16,out,34034,1289.4
54.9661,16,out,34030,1340.6
54.9704,16,out,34026,1353.6
54.9753,16,out,34022,1355.8
54.98,16,out,34018,1325.6
54.985,16,out,34014,1357.6
54.9898,16,out,34010,1337.4
54.9946,16,out,34006,1330.4
55.0007,16,out,34002,1336.8
55.0063,16,out,33998,1400.4
55.0116,16,out,33994,1447
55.0166,16,out,33990,1508.6
55.021,16,out,33986,1444.8
55.026,16,out,33982,1512.2
55.0309,16,out,33978,1446.4
55.0363,16,out,33974,1532.8
55.0411,16,out,33970,1537.4
55.0462,16,out,33966,1492
55.051,16,out,33962,1481.6
55.0555,16,out,33958,1518.6
55.06,16,out,33954,1537.2
55.0643,16,out,33950,1507.6
55.07,16,out,33946,1572.8
55.0755,16,out,33942,1578
55.0805,16,out,33938,1599.2
55.085,16,out,33934,1571
55.0896,16,out,33930,1564.4
55.0941,16,out,33926,1568.6
55.099,16,out,33922,1532.6
55.1038,16,out,33918,1603.4
55.1083,16,out,33914,1558
55.113,16,out,33910,1611.6
55.1183,16,out,33906,1599.4
55.1234,16,out,33902,1573.6
55.1284,16,out,33898,1560.8
55.133,16,out,33894,1564.2
55.1375,16,out,33890,1592.2
55.1429,16,out,33886,1552.6
55.1483,16,out,33882,1555.2
55.1535,16,out,33878,1611
55.1595,16,out,33874,1590.4
55.1642,16,out,33870,1595.6
55.1694,16,out,33866,1592.6
55.1745,16,out,33862,1613.8
55.1799,16,out,33858,1575.4
55.1848,16,out,33854,1614.2
55.1897,16,out,33850,1581
55.1951,16,out,33846,1602
55.1998,16,out,33842,1596.2
55.2045,16,out,33838,1583.6
55.2095,16,out,33834,1612.2
55.2143,16,out,33830,1571.6
55.2194,16,out,33826,1522.6
55.2239,16,out,33822,1535.8
55.2286,16,out,33818,1578
55.2329,16,out,33814,1580.8
55.2374,16,out,33810,1585.4
55.242,16,out,33806,1587.4
55.2471,16,out,33802,1568.8
55.2519,16,out,33798,1608.6
55.2567,16,out,33794,1605.8
55.2617,16,out,33790,1615.4
55.2677,16,out,33786,1550.8
55.2726,16,out,33782,1557
55.2772,16,out,33778,1605
55.2824,16,out,33774,1613.4
55.287,16,out,33770,1637.6
55.2921,16,out,33766,1684.8
55.2968,16,out,33762,1683.6
55.302,16,out,33758,1634.4
55.3069,16,out,33754,1660.6
55.3119,16,out,33750,1613
55.3169,16,out,33746,1559.8
55.3212,16,out,33742,1642.6
55.3256,16,out,33738,1619
55.33,16,out,33734,1560.6
55.3343,16,out,33730,1545.6
55.3403,16,out,33726,1596.4
55.3453,16,out,33722,1552.4
55.3497,16,out,33718,1570.6
55.355,16,out,33714,1592
55.36,16,out,33710,1600.8
55.3653,16,out,33706,1614.6
55.3701,16,out,33702,1592
55.3751,16,out,33698,1599
55.3801,16,out,33694,1593.8
55.3851,16,out,33690,1606.8
55.3899,16,out,33686,1583.8
55.395,16,out,33682,1582.2
55.4007,16,out,33678,1590.8
55.4055,16,out,33674,1598.2
55.4113,16,out,33670,1584.2
55.416,16,out,33666,1591.2
55.4211,16,out,33662,1609.4
55.4262,16,out,33658,1594.2
55.4308,16,out,33654,1593.8
55.4356,16,out,33650,1561
55.4411,16,out,33646,1601.6
55.4461,16,out,33642,1562.6
55.451,16,out,33638,1529.6
55.4555,16,out,33634,1584.2
55.4606,16,out,33630,1583.2
55.4663,16,out,33626,1582
55.4718,16,out,33622,1563.8
55.4766,16,out,33618,1577
55.4815,16,out,33614,1579.8
55.4866,16,out,33610,1592.2
55.4913,16,out,33606,1588.8
55.496,16,out,33602,1576
55.5009,16,out,33598,1549.2
55.5058,16,out,33594,1603.4
55.5105,16,out,33590,1589.2
55.5157,16,out,33586,1596.8
55.5208,16,out,33582,1599.8
55.5257,16,out,33578,1617.6
55.5305,16,out,33574,1503
55.5349,16,out,33570,1510.2
55.5391,16,out2,33520,1492
55.5429,16,out2,33470,1523.4
55.547,16,out2,33420,1510.4
55.5513,16,out2,33370,1483
55.5553,16,out2,33320,1532.2
55.5596,16,out2,33270,1504.8
55.5635,16,out2,33220,1573
55.5677,16,out2,33170,1626
55.5717,16,out2,33120,1781.8
55.576,16,out2,33070,1781.2
55.58,16,out2,33020,1782.6
55.5841,16,out2,32970,1833.8
55.5885,16,out2,32920,1732
55.5926,16,out2,32870,1723.4
55.5965,16,out2,32820,1706.8
55.6006,16,out2,32770,1658.4
55.6053,16,out2,32720,1614.2
55.6098,16,out2,32670,1554.6
55.6143,16,out2,32620,1508
55.6188,16,out2,32570,1600.4
55.623,16,out2,32520,1525.2
55.6268,16,out2,32470,1476.4
55.631,16,out2,32420,1171.2
55.6348,16,out2,32370,1045.8
55.6386,16,out2,32320,709
55.6428,16,out2,32270,548.4
55.6469,16,out2,32220,76
55.6508,17,in,32220,65.6
55.6544,17,in,32224,30.6
55.6586,17,in,32228,-25.8
55.6623,17,in,32232,17
55.6665,17,in,32236,3.6
55.6701,17,in,32240,19.6
55.6743,17,in,32244,22.2
55.678,17,in,32248,-11
55.6823,17,in,32252,16.2
55.686,17,in,32256,4.4
55.6899,17,in,32260,10.2
55.6935,17,in,32264,-6
55.6977,17,in,32268,5.8
55.7015,17,in,32272,30.4
55.7055,17,in,32276,40.8
55.7091,17,in,32280,-1.4
55.7131,17,in,32284,18.6
55.717,17,in,32288,13.2
55.7208,17,in,32292,9.8
55.7245,17,in,32296,26
55.7287,17,in,32300,-26
55.7322,17,in,32304,-13.2
55.7364,17,in,32308,22.6
55.7401,17,in,32312,18.4
55.7439,17,in,32316,8.8
55.7474,17,in,32320,1
55.7511,17,in,32324,-27.2
55.7552,17,in,32328,29.8
55.759,17,in,32332,32.2
55.7626,17,in,32336,-11
55.7664,17,in,32340,-10.6
55.7702,17,in,32344,32.4
55.7738,17,in,32348,-0.6
55.7778,17,in,32352,3.2
55.7815,17,in,32356,4
55.7857,17,in,32360,13.2
55.7895,17,in,32364,-22.8
55.7932,17,in,32368,27.6
55.7969,17,in,32372,48.8
55.8009,17,in,32376,30.8
55.8047,17,in,32380,-7
55.8088,17,in,32384,-13.2
55.8125,17,in,32388,-33.6
55.8166,17,in,32392,-14.6
55.8204,17,in,32396,25.6
55.8244,17,in,32400,48.4
55.8284,17,in,32404,10.4
55.8325,17,in,32408,-4.4
55.8365,17,in,32412,-18.4
55.8401,17,in,32416,15.8
55.8439,17,in,32420,8.8
55.848,17,in,32424,-19.6
55.8519,17,in,32428,0.8
55.8557,17,in,32432,20.6
55.8595,17,in,32436,26.2
55.8632,17,in,32440,12.4
55.8672,17,in,32444,-20.2
55.871,17,in,32448,23.8
55.8746,17,in,32452,9.6
55.8789,17,in,32456,45.6
55.8824,17,in,32460,-21.4
55.8859,17,in,32464,-5.6
55.8896,17,in,32468,16.8
55.8932,17,in,32472,11.6
55.8968,17,in,32476,32.8
55.9003,17,in,32480,5
55.9038,17,in,32484,-8
55.9081,17,in,32488,36.4
55.912,17,in,32492,-3.8
55.9157,17,in,32496,10.4
55.9198,17,in,32500,33.6
55.9237,17,in,32504,18.2
55.9282,17,in,32508,-7.6
55.9323,17,in,32512,-14.6
55.9365,17,in,32516,45
55.9414,17,in,32520,20
55.9461,17,in,32524,28.6
55.9514,17,in,32528,-5
55.9559,17,in,32532,-9.6
55.9603,17,in,32536,17
55.9651,17,in,32540,-8.2
55.9695,17,in,32544,35.4
55.9733,17,in,32548,8
55.9777,17,in,32552,30.6
55.9818,17,in,32556,-24.8
55.986,17,in,32560,36.4
55.9905,17,in,32564,20.6
55.9947,17,in,32568,21.8
55.9998,17,in,32572,26.2
56.0038,17,in,32576,60.2
56.0083,17,in,32580,34.8
56.0131,17,in,32584,5.4
56.0175,17,in,32588,55.2
56.0217,17,in,32592,-34.8
56.0261,17,in,32596,41.6
56.0307,17,in,32600,-28.8
56.0353,17,in,32604,11.4
56.0399,17,in,32608,-4.6
56.044,17,in,32612,52.4
56.0482,17,in,32616,-2.8
56.0531,17,in,32620,-11
56.0578,17,in,32624,-20.8
56.0617,17,in,32628,29.8
56.0656,17,in,32632,-11.8
56.0709,17,in,32636,9.4
56.0758,17,in,32640,10
56.0803,17,in,32644,41
56.0848,17,in,32648,66.6
56.0892,17,in,32652,37.8
56.0933,17,in,32656,6.8
56.0973,17,in,32660,-11.2
56.1014,17,in,32664,-4
56.1061,17,in,32668,42.2
56.1101,17,in,32672,16.4
56.1144,17,in,32676,-8.6
56.1187,17,in,32680,30.6
56.1242,17,in,32684,7
56.1284,17,in,32688,-5.4
56.1327,17,in,32692,-5.6
56.1369,17,in,32696,-19.6
56.1418,17,in,32700,34
56.1458,17,in,32704,40.6
56.1499,17,in,32708,43.4
56.1544,17,in,32712,3.8
56.1596,17,in,32716,3.8
56.1643,17,in,32720,3.4
56.1685,17,in,32724,-1.4
56.1727,17,in,32728,83.6
56.1777,17,in,32732,-29.4
56.1817,17,in,32736,-17.4
56.1857,17,in,32740,-2.8
56.1899,17,in,32744,39
56.1948,17,in,32748,-11.6
56.1992,17,in,32752,-68.4
56.2033,17,in,32756,18.8
56.2082,17,in,32760,6.4
56.2133,17,in,32764,32.4
56.2181,17,in,32768,24.2
56.2232,17,in,32772,49
56.2274,17,in,32776,-28
56.2323,17,in,32780,-18.4
56.2361,17,in,32784,-31.6
56.2396,17,in,32788,13.6
56.2434,17,in,32792,19
56.2471,17,in,32796,-2.8
56.2513,17,in,32800,26.2
56.2556,17,in,32804,17.4
56.2595,17,in,32808,7.4
56.2642,17,in,32812,32.6
56.2687,17,in,32816,-16
56.273,17,in,32820,4.2
56.2776,17,in,32824,0.6
56.282,17,in,32828,13.6
56.2865,17,in,32832,47.2
56.2907,17,in,32836,-12.8
56.2953,17,in,32840,-15.6
56.2994,17,in,32844,40.2
56.3045,17,in,32848,12.6
56.3085,17,in,32852,33.6
56.3127,17,in,32856,70.8
56.3168,17,in,32860,-20.4
56.3213,17,in,32864,34.8
56.3267,17,in,32868,8.2
56.3314,17,in,32872,-14.2
56.3365,17,in,32876,28.4
56.3413,17,in,32880,34.4
56.3452,17,in,32884,-24.4
56.3497,17,in,32888,9.6
56.3542,17,in,32892,-15.8
56.359,17,in,32896,14
56.3634,17,in,32900,-32.2
56.3676,17,in,32904,-4
56.3717,17,in,32908,55
56.3763,17,in,32912,62.4
56.3804,17,in,32916,10.2
56.3846,17,in,32920,54.4
56.3888,17,in,32924,10.6
56.3933,17,in,32928,29.8
56.3975,17,in,32932,30.2
56.4015,17,in,32936,-23.6
56.4056,17,in,32940,-11.2
56.4097,17,in,32944,61.8
56.4141,17,in,32948,38.2
56.4193,17,in,32952,4.4
56.4234,17,in,32956,40.8
56.4278,17,in,32960,-13.2
56.4322,17,in,32964,45.6
56.4366,17,in,32968,-24.8
56.4408,17,in,32972,76.2
56.4451,17,in,32976,15.8
56.4495,17,in,32980,-16
56.454,17,in,32984,23.4
56.459,17,in,32988,21.4
56.4629,17,in,32992,7.4
56.4675,17,in,32996,10.6
56.4717,17,in,33000,6
56.476,17,in,33004,-8
56.4802,17,in,33008,20.4
56.4856,17,in,33012,39
56.49,17,in,33016,72.4
56.495,17,in,33020,-19
56.4993,17,in,33024,18
56.5034,17,in,33028,-5
56.5078,17,in,33032,-13.2
56.5123,17,in,33036,41
56.5171,17,in,33040,-12.2
56.5212,17,in,33044,44.8
56.5255,17,in,33048,50
56.5298,17,in,33052,-14.4
56.5339,17,in,33056,29.4
56.5388,17,in,33060,51.6
56.5435,17,in,33064,14.6
56.5483,17,in,33068,18.8
56.5527,17,in,33072,12.4
56.5574,17,in,33076,7.2
56.5617,17,in,33080,-8
56.5663,17,in,33084,-6.4
56.5717,17,in,33088,25.8
56.5771,17,in,33092,7.2
56.5819,17,in,33096,-15.4
56.5865,17,in,33100,22.8
56.5917,17,in,33104,7.4
56.5971,17,in,33108,4
56.6022,17,in,33112,45.2
56.6073,17,in,33116,54.2
56.6116,17,in,33120,12
56.6163,17,in,33124,-3.2
56.6212,17,in,33128,10.4
56.6262,17,in,33132,28.2
56.6309,17,in,33136,17.4
56.6373,17,in,33140,5.8
56.6418,17,in,33144,34.2
56.6468,17,in,33148,7
56.6526,17,in,33152,27
56.6574,17,in,33156,35
56.6636,17,in,33160,20.8
56.6685,17,in,33164,19.8
56.6737,17,in,33168,33.2
56.6785,17,in,33172,-2.8
56.6832,17,in,33176,-16.4
56.6876,17,in,33180,10
56.6918,17,in,33184,70
56.6963,17,in,33188,28.6
56.7002,17,in,33192,2.4
56.7045,17,in,33196,-10.6
56.7092,17,in,33200,10.6
56.7148,17,in,33204,27.8
56.7193,17,in,33208,25.4
56.7244,17,in,33212,30.6
56.729,17,in,33216,-6.4
56.7336,17,in,33220,12.4
56.7386,17,in,33224,20.8
56.7432,17,in,33228,4
56.7483,17,in,33232,-22
56.7529,17,in,33236,15.6
56.7572,17,in,33240,16.8
56.7616,17,in,33244,43.4
56.7655,17,in,33248,6.6
56.7699,17,in,33252,12.2
56.7735,17,in,33256,19.4
56.7775,17,in,33260,40
56.7813,17,in,33264,11.6
56.7852,17,in,33268,-25.8
56.7894,17,in,33272,27.2
56.7933,17,in,33276,8.6
56.7972,17,in,33280,20
56.801,17,in,33284,-23.4
56.805,17,in,33288,35.8
56.8096,17,in,33292,16
56.8141,17,in,33296,50.4
56.8186,17,in,33300,-8.6
56.823,17,in,33304,-12
56.827,17,in,33308,37
56.8314,17,in,33312,36.6
56.836,17,in,33316,3
56.8411,17,in,33320,-17.4
56.8459,17,in,33324,52.4
56.8507,17,in,33328,-43.2
56.8555,17,in,33332,23.8
56.8607,17,in,33336,41.2
56.8644,17,in,33340,-11.6
56.869,17,in,33344,-5
56.873,17,in,33348,2.6
56.8781,17,in,33352,15.8
56.8821,17,in,33356,40
56.8863,17,in,33360,55.4
56.8906,17,in,33364,34.4
56.8957,17,in,33368,19
56.9002,17,in,33372,-35
56.9043,17,in,33376,35.2
56.9082,17,in,33380,60.2
56.9127,17,in,33384,-29
56.9166,17,in,33388,6.8
56.9214,17,in,33392,-13.8
56.9253,17,in,33396,-1.4
56.9293,17,in,33400,16
56.9334,17,in,33404,60
56.9373,17,in,33408,6.4
56.9417,17,in,33412,37.8
56.946,17,in,33416,-16.4
56.9508,17,in,33420,31.4
56.9555,17,in,33424,28
56.9604,17,in,33428,26.4
56.9655,17,in,33432,13.2
56.9702,17,in,33436,-11.4
56.9747,17,in,33440,55.8
56.9797,17,in,33444,9.4
56.9849,17,in,33448,-25.6
56.9905,17,in,33452,56.6
56.9957,17,in,33456,32.6
57.0009,17,in,33460,11.6
57.006,17,in,33464,43
57.0105,17,in,33468,-14.2
57.0154,17,in,33472,12.8
57.0211,17,in,33476,37.6
57.0255,17,in,33480,19
57.0299,17,in,33484,6
57.0351,17,in,33488,39.8
57.0398,17,in,33492,11.4
57.0444,17,in,33496,-0.8
57.0496,17,in,33500,-29.4
57.0548,17,in,33504,39.2
57.0596,17,in,33508,40.8
57.0649,17,in,33512,-0.6
57.0696,17,in,33516,23
57.0751,17,in,33520,41.8
57.0797,17,in,33524,0.6
57.0848,17,in,33528,19.2
57.0899,17,in,33532,21.6
57.0947,17,in,33536,18.8
57.0993,17,in,33540,-16.6
57.1038,17,in,33544,27.4
57.1086,17,in,33548,-5.2
57.1133,17,in,33552,40.2
57.118,17,in,33556,35.8
57.1232,17,in,33560,35.6
57.1289,17,in,33564,20.6
57.1336,17,in,33568,4.8
57.138,17,in,33572,45.4
57.1421,17,in,33576,28
57.1468,17,in,33580,35.4
57.1514,17,in,33584,-9.4
57.1556,17,in,33588,53.8
57.16,17,in,33592,39.4
57.1651,17,in,33596,61.8
57.1697,17,in,33600,8.8
57.1737,17,in,33604,41.6
57.1776,17,in,33608,56.8
57.183,17,in,33612,11.4
57.1874,17,in,33616,39.8
57.1913,17,in,33620,29.4
57.1954,17,in,33624,-6.4
57.2005,17,in,33628,21.6
57.2043,17,in,33632,53.2
57.2085,17,in,33636,57
57.2124,17,in,33640,27.4
57.2167,17,in,33644,2.4
57.2206,17,in,33648,47.8
57.2247,17,in,33652,34.4
57.2289,17,in,33656,-14.4
57.2329,17,in,33660,57.8
57.2372,17,in,33664,28.4
57.2411,17,in,33668,-13.2
57.2454,17,in,33672,45.6
57.2494,17,in,33676,67.8
57.2538,17,in,33680,42
57.258,17,in,33684,36.4
57.262,17,in,33688,48.4
57.2664,17,in,33692,26.6
57.2708,17,in,33696,100.4
57.2747,17,in,33700,40.6
57.2786,17,in,33704,60.2
57.2826,17,in,33708,50.2
57.2869,17,in,33712,3
57.2911,17,in,33716,35.2
57.2953,17,in,33720,80.8
57.2995,17,in,33724,22.6
57.304,17,in,33728,96.8
57.3097,17,in,33732,95
57.3136,17,in,33736,20
57.3182,17,in,33740,19.2
57.3223,17,in,33744,126.6
57.3266,17,in,33748,62
57.3308,17,in,33752,52.2
57.335,17,in,33756,57
57.3399,17,in,33760,44
57.345,17,in,33764,17.4
57.3495,17,in,33768,66.8
57.3541,17,in,33772,19.6
57.3586,17,in,33776,71.8
57.3635,17,in,33780,64.4
57.3682,17,in,33784,46.4
57.3732,17,in,33788,56.2
57.378,17,in,33792,43.4
57.3821,17,in,33796,63.8
57.387,17,in,33800,61.4
57.392,17,in,33804,76.4
57.397,17,in,33808,47
57.4017,17,in,33812,75.4
57.4064,17,in,33816,72.6
57.4109,17,in,33820,80.2
57.4156,17,in,33824,54.4
57.4201,17,in,33828,98.6
57.4251,17,in,33832,93.2
57.4301,17,in,33836,76.2
57.4349,17,in,33840,55.4
57.4396,17,in,33844,62
57.4444,17,in,33848,56.4
57.4491,17,in,33852,65
57.4534,17,in,33856,67.2
57.4579,17,in,33860,62
57.4624,17,in,33864,40.6
57.4667,17,in,33868,48.4
57.4708,17,in,33872,90.4
57.4752,17,in,33876,108.4
57.4794,17,in,33880,89.4
57.4833,17,in,33884,67.2
57.4882,17,in,33888,80.8
57.492,17,in,33892,133.4
57.4964,17,in,33896,116.4
57.5003,17,in,33900,66
57.5044,17,in,33904,126.2
57.5086,17,in,33908,130.4
57.5133,17,in,33912,86.6
57.5175,17,in,33916,28.4
57.522,17,in,33920,115.4
57.5261,17,in,33924,127.6
57.5304,17,in,33928,78.6
57.5346,17,in,33932,142.6
57.5391,17,in,33936,122.6
57.5433,17,in,33940,92.2
57.5473,17,in,33944,81
57.5516,17,in,33948,129.6
57.5558,17,in,33952,137.8
57.5602,17,in,33956,110.2
57.564,17,in,33960,148.8
57.5684,17,in,33964,163.2
57.573,17,in,33968,140
57.5774,17,in,33972,140
57.5814,17,in,33976,106.8
57.5856,17,in,33980,172.8
57.59,17,in,33984,168
57.5949,17,in,33988,175
57.5991,17,in,33992,179
57.6034,17,in,33996,218
57.6077,17,in,34000,216
57.6124,17,in,34004,187
57.6168,17,in,34008,151.4
57.6214,17,in,34012,158.6
57.6261,17,in,34016,241.4
57.6303,17,in,34020,177.2
57.6348,17,in,34024,208.2
57.6389,17,in,34028,231.8
57.643,17,in,34032,223.4
57.6481,17,in,34036,185.4
57.6524,17,in,34040,193
57.6564,17,in,34044,238.8
57.6606,17,in,34048,293.8
57.6651,17,in,34052,292.8
57.6701,17,in,34056,328.8
57.6741,17,in,34060,323
57.6785,17,in,34064,354.4
57.6833,17,in,34068,277.4
57.6879,17,in,34072,319
57.6926,17,in,34076,320.6
57.6969,17,in,34080,280.8
57.7011,17,in,34084,258
57.7055,17,in,34088,334.4
57.71,17,in,34092,358.4
57.7143,17,in,34096,376.2
57.7196,17,in,34100,392.2
57.724,17,in,34104,374.4
57.7288,17,in,34108,387.6
57.734,17,in,34112,366
57.7384,17,in,34116,460.8
57.743,17,in,34120,463.4
57.7477,17,in,34124,426.4
57.7521,17,in,34128,423.4
57.7565,17,in,34132,493.8
57.7605,17,in,34136,513.4
57.7645,17,in,34140,510.4
57.7686,17,in,34144,463.8
57.7727,17,in,34148,468.8
57.7763,17,in,34152,459.2
57.7801,17,in,34156,445.6
57.7837,17,in,34160,428.4
57.7876,17,in,34164,468.4
57.7917,17,in,34168,525.4
57.7956,17,in,34172,427.2
57.7998,17,in,34176,405.4
57.804,17,in,34180,461
57.8087,17,in,34184,539.4
57.813,17,in,34188,561
57.8174,17,in,34192,489.4
57.8218,17,in,34196,641
57.8257,17,in,34200,639.4
57.8299,17,in,34204,620.2
57.8341,17,in,34208,632.8
57.8382,17,in,34212,682.4
57.8432,17,in,34216,664.2
57.8472,17,in,34220,608
57.8512,17,in,34224,661.4
57.8553,17,in,34228,732.8
57.8596,17,in,34232,997.8
57.8641,17,in,34236,893.2
57.8683,17,in,34240,922.8
57.8729,17,in,34244,907
57.8769,17,in,34248,1225
57.8811,17,out,34244,1048.2
57.8853,17,out,34240,1035.6
57.8895,17,out,34236,1097
57.8939,17,out,34232,1165.8
57.8981,17,out,34228,1225.6
57.9023,17,out,34224,1260.2
57.9065,17,out,34220,1446.4
57.9107,17,out,34216,1375.2
57.9154,17,out,34212,1397
57.9197,17,out,34208,1410.2
57.9242,17,out,34204,1406.8
57.9288,17,out,34200,1431.8
57.9342,17,out,34196,1466
57.9383,17,out,34192,1500.2
57.9425,17,out,34188,1562.4
57.9468,17,out,34184,1600.8
57.951,17,out,34180,1527.8
57.9556,17,out,34176,1556.8
57.9608,17,out,34172,1591.4
57.9652,17,out,34168,1592
57.9704,17,out,34164,1603.6
57.9756,17,out,34160,1668.8
57.9802,17,out,34156,1654
57.9849,17,out,34152,1693.8
57.99,17,out,34148,1740
57.9947,17,out,34144,1736.4
57.9992,17,out,34140,1754.4
58.0041,17,out,34136,1721
58.0094,17,out,34132,1655.4
58.0142,17,out,34128,1543.2
58.019,17,out,34124,1542.6
58.0244,17,out,34120,1582.6
58.029,17,out,34116,1549.8
58.0339,17,out,34112,1496.2
58.0387,17,out,34108,1458
58.0434,17,out,34104,1582.8
58.0481,17,out,34100,1554.6
58.0529,17,out,34096,1580.4
58.0576,17,out,34092,1586.6
58.0618,17,out,34088,1589
58.0663,17,out,34084,1601
58.0713,17,out,34080,1461
58.0763,17,out,34076,1391.2
58.0812,17,out,34072,1320.8
58.086,17,out,34068,1344
58.0912,17,out,34064,1422.4
58.0965,17,out,34060,1313.8
58.1016,17,out,34056,1369.4
58.1067,17,out,34052,1394.6
58.1112,17,out,34048,1331.4
58.1157,17,out,34044,1347.2
58.1196,17,out,34040,1392.6
58.1242,17,out,34036,1386.4
58.1281,17,out,34032,1414.2
58.1326,17,out,34028,1353.8
58.1374,17,out,34024,1389.6
58.1415,17,out,34020,1420.6
58.1456,17,out,34016,1369.4
58.15,17,out,34012,1399
58.1544,17,out,34008,1422.8
58.1589,17,out,34004,1495.4
58.163,17,out,34000,1531.8
58.1673,17,out,33996,1496.2
58.1713,17,out,33992,1556.2
58.1763,17,out,33988,1519.2
58.1804,17,out,33984,1581.8
58.1845,17,out,33980,1507.8
58.1887,17,out,33976,1568
58.1926,17,out,33972,1569
58.1968,17,out,33968,1656.8
58.2018,17,out,33964,1689.4
58.206,17,out,33960,1663.2
58.2103,17,out,33956,1683.8
58.2144,17,out,33952,1670
58.2191,17,out,33948,1635
58.2232,17,out,33944,1685.2
58.2273,17,out,33940,1691.6
58.2315,17,out,33936,1641.4
58.2359,17,out,33932,1616.2
58.2403,17,out,33928,1658.4
58.2446,17,out,33924,1689
58.2491,17,out,33920,1769.2
58.2532,17,out,33916,1742.8
58.2574,17,out,33912,1689.8
58.2618,17,out,33908,1730.8
58.2656,17,out,33904,1664.6
58.27,17,out,33900,1650.2
58.2744,17,out,33896,1709.6
58.2791,17,out,33892,1658.4
58.2832,17,out,33888,1633.6
58.2875,17,out,33884,1672.8
58.2918,17,out,33880,1747.8
58.2957,17,out,33876,1740.6
58.3,17,out,33872,1727.8
58.304,17,out,33868,1744.4
58.3087,17,out,33864,1699.2
58.3132,17,out,33860,1750.8
58.3178,17,out,33856,1759.8
58.3219,17,out,33852,1745.2
58.3262,17,out,33848,1712.6
58.3303,17,out,33844,1625
58.3343,17,out,33840,1633.4
58.3388,17,out,33836,1737.6
58.3435,17,out,33832,1671.6
58.3484,17,out,33828,1743.8
58.3533,17,out,33824,1691.6
58.3581,17,out,33820,1731.4
58.3629,17,out,33816,1647.8
58.3673,17,out,33812,1640
58.372,17,out,33808,1626.2
58.3771,17,out,33804,1666.4
58.3811,17,out,33800,1670.6
58.3852,17,out,33796,1650.8
58.3891,17,out,33792,1649.2
58.3932,17,out,33788,1625.4
58.3978,17,out,33784,1649.6
58.4018,17,out,33780,1676.6
58.4058,17,out,33776,1644.6
58.4099,17,out,33772,1767.4
58.4151,17,out,33768,1701.8
58.4192,17,out,33764,1668.6
58.4234,17,out,33760,1706.2
58.4278,17,out,33756,1695.4
58.4336,17,out,33752,1717.4
58.4379,17,out,33748,1692.2
58.4418,17,out,33744,1767.4
58.4459,17,out,33740,1719.2
58.4508,17,out,33736,1693
58.455,17,out,33732,1719.2
58.4593,17,out,33728,1701.8
58.4637,17,out,33724,1723.4
58.4676,17,out,33720,1741.4
58.4716,17,out,33716,1777.4
58.4758,17,out,33712,1730.2
58.4805,17,out,33708,1689
58.4845,17,out,33704,1669.6
58.4897,17,out,33700,1720
58.4939,17,out,33696,1701
58.4978,17,out,33692,1784.6
58.5023,17,out,33688,1670
58.5066,17,out,33684,1730.4
58.5107,17,out,33680,1760
58.515,17,out,33676,1677.6
58.5192,17,out,33672,1706.8
58.5234,17,out,33668,1699.6
58.5278,17,out,33664,1667.6
58.5321,17,out,33660,1690.8
58.5363,17,out,33656,1763.4
58.5416,17,out,33652,1709.2
58.5456,17,out,33648,1660.4
58.5498,17,out2,33598,1726.6
58.5542,17,out2,33548,1625.4
58.5584,17,out2,33498,1729.8
58.5623,17,out2,33448,1750
58.5666,17,out2,33398,1685.8
58.5707,17,out2,33348,1560.2
58.5746,17,out2,33298,1644
58.5796,17,out2,33248,1661.2
58.5837,17,out2,33198,1639.6
58.5878,17,out2,33148,1635.8
58.5916,17,out2,33098,1627.4
58.5969,17,out2,33048,1551.8
58.6013,17,out2,32998,1578.6
58.6056,17,out2,32948,1529.8
58.6095,17,out2,32898,1624.2
58.6145,17,out2,32848,1483.2
58.6192,17,out2,32798,1455.4
58.6231,17,out2,32748,1229.8
58.6273,17,out2,32698,1207.8
58.6328,17,out2,32648,1118.2
58.6367,17,out2,32598,1199
58.6413,17,out2,32548,1324.8
58.6455,17,out2,32498,1194.2
58.6504,17,out2,32448,1111.4
58.6551,17,out2,32398,964.6
58.66,17,out2,32348,603.8
58.6647,17,out2,32298,436.2
58.6698,17,out2,32248,273.4
58.675,17,out2,32198,175.6
58.68,17,out2,32148,144
58.6852,18,in,32148,131.4
58.6898,18,in,32152,101.4
58.6945,18,in,32156,58.6
58.6989,18,in,32160,107.6
58.7034,18,in,32164,88.2
58.7075,18,in,32168,135.8
58.7122,18,in,32172,91.6
58.7172,18,in,32176,77.8
58.7218,18,in,32180,70.2
58.7259,18,in,32184,48.6
58.73,18,in,32188,48.2
58.7341,18,in,32192,63.6
58.7379,18,in,32196,83.2
58.7417,18,in,32200,126.6
58.7459,18,in,32204,55.6
58.7506,18,in,32208,32.4
58.7548,18,in,32212,117.6
58.7588,18,in,32216,136.6
58.7628,18,in,32220,77
58.7667,18,in,32224,60.8
58.7706,18,in,32228,98
58.7755,18,in,32232,102.4
58.7793,18,in,32236,112.8
58.784,18,in,32240,118.4
58.7883,18,in,32244,128.4
58.793,18,in,32248,89.2
58.7972,18,in,32252,89
58.8014,18,in,32256,58.2
58.8055,18,in,32260,90.6
58.8099,18,in,32264,107.8
58.8145,18,in,32268,86.6
58.8191,18,in,32272,123.6
58.8235,18,in,32276,63.8
58.8284,18,in,32280,97
58.8328,18,in,32284,69.8
58.8374,18,in,32288,74.4
58.842,18,in,32292,134.8
58.8466,18,in,32296,83.2
58.8515,18,in,32300,44.4
58.8563,18,in,32304,89.8
58.8608,18,in,32308,74.2
58.8655,18,in,32312,123.6
58.87,18,in,32316,72.6
58.8743,18,in,32320,130.4
58.8781,18,in,32324,103.4
58.8826,18,in,32328,91.2
58.8872,18,in,32332,119.6
58.8916,18,in,32336,74
58.8958,18,in,32340,104.6
58.9006,18,in,32344,54.8
58.9051,18,in,32348,81.2
58.9099,18,in,32352,85.8
58.9144,18,in,32356,119.4
58.919,18,in,32360,80.4
58.9236,18,in,32364,110
58.9285,18,in,32368,75
58.9336,18,in,32372,90.8
58.9382,18,in,32376,106.2
58.9427,18,in,32380,122.2
58.9474,18,in,32384,111
58.9516,18,in,32388,71.4
58.9563,18,in,32392,108
58.962,18,in,32396,100.8
58.9675,18,in,32400,67
58.9726,18,in,32404,61.8
58.9776,18,in,32408,85
58.9827,18,in,32412,94.2
58.9875,18,in,32416,89.8
58.992,18,in,32420,170.2
58.9968,18,in,32424,108
59.001,18,in,32428,57.6
59.0055,18,in,32432,95.2
59.0104,18,in,32436,100.4
59.0142,18,in,32440,111
59.0187,18,in,32444,89.6
59.0226,18,in,32448,96.4
59.0277,18,in,32452,100.6
59.0318,18,in,32456,48.4
59.0362,18,in,32460,55.4
59.0401,18,in,32464,84.8
59.0449,18,in,32468,73.6
59.0486,18,in,32472,76
59.0531,18,in,32476,59.4
59.0575,18,in,32480,93.4
59.0616,18,in,32484,63
59.0659,18,in,32488,128.8
59.0702,18,in,32492,80.8
59.0746,18,in,32496,84.6
59.0786,18,in,32500,86.2
59.0826,18,in,32504,62.8
59.0868,18,in,32508,96.8
59.0907,18,in,32512,82.8
59.0958,18,in,32516,72.6
59.1,18,in,32520,84
59.1044,18,in,32524,82.4
59.1083,18,in,32528,80
59.1124,18,in,32532,125.2
59.1167,18,in,32536,64.8
59.1209,18,in,32540,55.6
59.1248,18,in,32544,100
59.1287,18,in,32548,86.2
59.1335,18,in,32552,80.6
59.1379,18,in,32556,107.4
59.142,18,in,32560,52.4
59.1461,18,in,32564,121
59.1511,18,in,32568,89.2
59.1551,18,in,32572,61.6
59.1596,18,in,32576,93
59.1641,18,in,32580,50.6
59.1693,18,in,32584,49.4
59.1732,18,in,32588,67.2
59.1776,18,in,32592,76.8
59.1823,18,in,32596,70.2
59.187,18,in,32600,98.6
59.1913,18,in,32604,61.8
59.1956,18,in,32608,67.4
59.2002,18,in,32612,79.8
59.2054,18,in,32616,92.2
59.2094,18,in,32620,67.8
59.2137,18,in,32624,87
59.2181,18,in,32628,46.8
59.2231,18,in,32632,105.4
59.2276,18,in,32636,66
59.2323,18,in,32640,98.2
59.2364,18,in,32644,70.4
59.2414,18,in,32648,94.4
59.2454,18,in,32652,70.6
59.2501,18,in,32656,76.2
59.2542,18,in,32660,122.8
59.2593,18,in,32664,97
59.2634,18,in,32668,78.6
59.2674,18,in,32672,118.2
59.2714,18,in,32676,107
59.2758,18,in,32680,85.2
59.2804,18,in,32684,82.4
59.2845,18,in,32688,106.8
59.2887,18,in,32692,91.6
59.294,18,in,32696,117.6
59.2986,18,in,32700,127.4
59.303,18,in,32704,71.2
59.307,18,in,32708,47
59.3119,18,in,32712,93.6
59.3162,18,in,32716,59.2
59.3203,18,in,32720,56.2
59.3245,18,in,32724,96
59.3287,18,in,32728,81.4
59.3333,18,in,32732,94.8
59.3372,18,in,32736,71.8
59.3419,18,in,32740,111.8
59.3463,18,in,32744,72.2
59.3507,18,in,32748,67.6
59.3554,18,in,32752,138
59.3598,18,in,32756,147.2
59.3643,18,in,32760,50.2
59.3685,18,in,32764,94.8
59.3732,18,in,32768,73.4
59.3773,18,in,32772,113.4
59.3814,18,in,32776,83.2
59.3856,18,in,32780,88
59.3894,18,in,32784,73.4
59.3933,18,in,32788,146.2
59.3972,18,in,32792,61.8
59.4029,18,in,32796,87.8
59.4071,18,in,32800,153.4
59.4116,18,in,32804,62.4
59.4157,18,in,32808,126.4
59.4206,18,in,32812,105.2
59.4247,18,in,32816,106
59.429,18,in,32820,50.6
59.433,18,in,32824,90.6
59.4377,18,in,32828,57.2
59.4422,18,in,32832,152.2
59.4465,18,in,32836,148.4
59.4511,18,in,32840,87.8
59.4563,18,in,32844,105
59.4609,18,in,32848,73.2
59.4656,18,in,32852,62.6
59.4698,18,in,32856,121.4
59.4743,18,in,32860,160.4
59.4784,18,in,32864,87
59.4827,18,in,32868,85.6
59.487,18,in,32872,164.2
59.4917,18,in,32876,74
59.4961,18,in,32880,145.2
59.5003,18,in,32884,68.8
59.5045,18,in,32888,134.4
59.5086,18,in,32892,87
59.5128,18,in,32896,63
59.5171,18,in,32900,130.6
59.5217,18,in,32904,124.4
59.526,18,in,32908,132.2
59.5304,18,in,32912,99.2
59.5347,18,in,32916,56.4
59.5388,18,in,32920,89.8
59.5434,18,in,32924,83
59.5476,18,in,32928,96.6
59.5524,18,in,32932,92
59.5565,18,in,32936,127.8
59.5604,18,in,32940,108.4
59.565,18,in,32944,125
59.569,18,in,32948,142.4
59.5734,18,in,32952,99.6
59.5778,18,in,32956,86.2
59.5827,18,in,32960,123
59.5866,18,in,32964,169
59.591,18,in,32968,94.8
59.5951,18,in,32972,92.8
59.6005,18,in,32976,91.2
59.6052,18,in,32980,76.8
59.6092,18,in,32984,149.8
59.613,18,in,32988,101
59.618,18,in,32992,104
59.623,18,in,32996,76.4
59.6273,18,in,33000,70.6
59.6312,18,in,33004,100.4
59.6359,18,in,33008,101.8
59.6404,18,in,33012,107.6
59.6447,18,in,33016,145.4
59.6489,18,in,33020,84.8
59.6535,18,in,33024,117
59.6581,18,in,33028,72.2
59.6627,18,in,33032,140
59.6672,18,in,33036,85.2
59.6725,18,in,33040,138
59.6765,18,in,33044,112.6
59.6804,18,in,33048,100.2
59.6857,18,in,33052,139.4
59.6905,18,in,33056,119.6
59.6951,18,in,33060,141.4
59.6993,18,in,33064,103.6
59.7043,18,in,33068,130.8
59.7092,18,in,33072,110.4
59.7142,18,in,33076,116.8
59.7187,18,in,33080,135.4
59.7228,18,in,33084,121
59.7276,18,in,33088,94.2
59.7323,18,in,33092,105.4
59.7367,18,in,33096,165.6
59.7413,18,in,33100,156.6
59.7461,18,in,33104,153.2
59.7505,18,in,33108,86.6
59.755,18,in,33112,154
59.7595,18,in,33116,173.2
59.7639,18,in,33120,113.8
59.7685,18,in,33124,115.4
59.7734,18,in,33128,131.8
59.7785,18,in,33132,122.6
59.7828,18,in,33136,76.6
59.7867,18,in,33140,91.8
59.791,18,in,33144,138.6
59.7959,18,in,33148,123.4
59.7997,18,in,33152,99.2
59.8031,18,in,33156,94.4
59.8078,18,in,33160,101.2
59.8133,18,in,33164,123.2
59.8181,18,in,33168,92.8
59.8234,18,in,33172,159.4
59.8282,18,in,33176,154
59.8326,18,in,33180,114.4
59.8372,18,in,33184,149.4
59.8428,18,in,33188,151
59.8479,18,in,33192,118.2
59.8538,18,in,33196,134
59.8595,18,in,33200,153.6
59.8653,18,in,33204,158.8
59.8701,18,in,33208,141.6
59.8755,18,in,33212,183.2
59.8807,18,in,33216,139.8
59.8853,18,in,33220,165.4
59.8904,18,in,33224,154.4
59.8951,18,in,33228,130.2
59.9,18,in,33232,133.8
59.9046,18,in,33236,98.2
59.9101,18,in,33240,135.8
59.9144,18,in,33244,126.2
59.9202,18,in,33248,142.2
59.9257,18,in,33252,172
59.9306,18,in,33256,131
59.9355,18,in,33260,145.6
59.9403,18,in,33264,145.4
59.9454,18,in,33268,141.6
59.9495,18,in,33272,91.2
59.9536,18,in,33276,171.2
59.9585,18,in,33280,140
59.963,18,in,33284,137.2
59.9675,18,in,33288,112.2
59.9723,18,in,33292,134
59.9776,18,in,33296,147.2
59.9823,18,in,33300,128.6
59.9879,18,in,33304,142.2
59.9927,18,in,33308,149.8
59.998,18,in,33312,140
60.0033,18,in,33316,126
60.009,18,in,33320,141.6
60.0137,18,in,33324,134.2
60.0183,18,in,33328,123.2
60.0231,18,in,33332,169.8
60.0277,18,in,33336,149.6
60.0326,18,in,33340,148.6
60.0376,18,in,33344,152.2
60.0432,18,in,33348,162.6
60.0487,18,in,33352,151.6
60.0534,18,in,33356,158.4
60.0583,18,in,33360,165.4
60.0633,18,in,33364,152.4
60.0686,18,in,33368,171.2
60.0731,18,in,33372,184.8
60.0779,18,in,33376,157.6
60.0822,18,in,33380,158.2
60.0869,18,in,33384,176.6
60.0919,18,in,33388,195.2
60.0967,18,in,33392,136.6
60.1014,18,in,33396,157
60.1074,18,in,33400,171.4
60.1117,18,in,33404,187.2
60.1161,18,in,33408,154.2
60.1207,18,in,33412,131.2
60.127,18,in,33416,197.8
60.1325,18,in,33420,155.8
60.1386,18,in,33424,157.4
60.1439,18,in,33428,164.4
60.149,18,in,33432,162
60.1539,18,in,33436,176.8
60.1591,18,in,33440,167
60.164,18,in,33444,179.4
60.1693,18,in,33448,172
60.174,18,in,33452,178
60.1795,18,in,33456,178.8
60.1844,18,in,33460,150
60.1889,18,in,33464,199.8
60.1936,18,in,33468,158.8
60.1982,18,in,33472,145
60.2037,18,in,33476,189.6
60.2086,18,in,33480,179.4
60.2141,18,in,33484,182.4
60.2193,18,in,33488,155
60.2243,18,in,33492,172.4
60.2296,18,in,33496,166.2
60.2345,18,in,33500,148.4
60.2392,18,in,33504,167.8
60.2441,18,in,33508,192.6
60.2497,18,in,33512,171.6
60.2542,18,in,33516,166.8
60.2594,18,in,33520,181.8
60.2639,18,in,33524,136
60.2681,18,in,33528,149.2
60.2727,18,in,33532,175.2
60.2773,18,in,33536,175
60.2819,18,in,33540,166
60.2866,18,in,33544,190.4
60.2918,18,in,33548,185.2
60.2962,18,in,33552,211.8
60.3012,18,in,33556,158.6
60.3065,18,in,33560,194.6
60.3108,18,in,33564,175.6
60.3154,18,in,33568,178.2
60.3202,18,in,33572,218.4
60.3247,18,in,33576,245.4
60.3288,18,in,33580,282
60.333,18,in,33584,246.4
60.3377,18,in,33588,319.2
60.3425,18,in,33592,234.6
60.3471,18,in,33596,211.8
60.3511,18,in,33600,163.2
60.356,18,in,33604,187.8
60.3605,18,in,33608,214.8
60.3651,18,in,33612,145.2
60.3696,18,in,33616,116
60.3747,18,in,33620,208.6
60.3791,18,in,33624,207.8
60.3835,18,in,33628,201.6
60.388,18,in,33632,217.2
60.3928,18,in,33636,261.8
60.3973,18,in,33640,247.4
60.4016,18,in,33644,288.8
60.4063,18,in,33648,276.8
60.4102,18,in,33652,281.6
60.4149,18,in,33656,217.6
60.4188,18,in,33660,226.6
60.423,18,in,33664,271.2
60.4271,18,in,33668,254
60.4314,18,in,33672,266.2
60.4354,18,in,33676,190
60.4398,18,in,33680,291.4
60.4438,18,in,33684,293.4
60.4487,18,in,33688,242.4
60.4533,18,in,33692,221.6
60.4577,18,in,33696,261.8
60.462,18,in,33700,264.8
60.4671,18,in,33704,249
60.4717,18,in,33708,218.8
60.4757,18,in,33712,314.6
60.4802,18,in,33716,263.2
60.4859,18,in,33720,269.2
60.49,18,in,33724,279
60.4944,18,in,33728,314.4
60.4987,18,in,33732,278.4
60.504,18,in,33736,339.2
60.5093,18,in,33740,326.6
60.5143,18,in,33744,332.4
60.5199,18,in,33748,373.4
60.5238,18,in,33752,383.2
60.5287,18,in,33756,398.8
60.5331,18,in,33760,429
60.5375,18,in,33764,403.8
60.542,18,in,33768,407.4
60.5463,18,in,33772,338.4
60.5502,18,in,33776,385.8
60.5539,18,in,33780,365
60.5586,18,in,33784,412
60.5636,18,in,33788,352.2
60.5685,18,in,33792,339
60.5731,18,in,33796,345.8
60.5777,18,in,33800,419
60.5822,18,in,33804,364
60.5873,18,in,33808,414.6
60.5919,18,in,33812,421.2
60.5957,18,in,33816,437.4
60.6004,18,in,33820,443
60.6054,18,in,33824,432.4
60.6108,18,in,33828,475
60.616,18,in,33832,476.8
60.6205,18,in,33836,501
60.6256,18,in,33840,495.8
60.631,18,in,33844,454.8
60.6357,18,in,33848,361.8
60.6401,18,in,33852,386.8
60.6446,18,in,33856,397.6
60.6491,18,in,33860,399.4
60.6533,18,in,33864,402.6
60.6574,18,in,33868,398.2
60.6614,18,in,33872,413.2
60.6655,18,in,33876,432
60.6697,18,in,33880,474.6
60.6736,18,in,33884,422.4
60.6775,18,in,33888,445
60.6816,18,in,33892,401.2
60.6854,18,in,33896,367
60.6893,18,in,33900,438.6
60.6929,18,in,33904,437.2
60.6973,18,in,33908,634.6
60.7015,18,in,33912,719
60.7064,18,in,33916,698.6
60.7106,18,in,33920,632.4
60.7146,18,in,33924,652
60.7189,18,in,33928,616
60.7227,18,in,33932,697.8
60.7264,18,in,33936,786.4
60.7306,18,in,33940,749.6
60.7355,18,in,33944,783.8
60.7398,18,in,33948,804
60.7443,18,in,33952,844.4
60.7488,18,in,33956,893
60.7537,18,in,33960,804.8
60.7581,18,in,33964,931
60.7624,18,in,33968,955.8
60.7667,18,in,33972,1161.4
60.7715,18,out,33968,1197.6
60.7764,18,out,33964,1205.4
60.7806,18,out,33960,1228.4
60.785,18,out,33956,1205
60.7891,18,out,33952,1357.2
60.7934,18,out,33948,1248.6
60.7973,18,out,33944,1311.8
60.8014,18,out,33940,1314.8
60.8054,18,out,33936,1298.6
60.8095,18,out,33932,1305.8
60.8141,18,out,33928,1268
60.8187,18,out,33924,1213.8
60.823,18,out,33920,1372.4
60.8272,18,out,33916,1314.2
60.8316,18,out,33912,1332
60.8363,18,out,33908,1282
60.841,18,out,33904,1329
60.8455,18,out,33900,1325
60.8501,18,out,33896,1292.2
60.8548,18,out,33892,1311.4
60.8595,18,out,33888,1355.8
60.8642,18,out,33884,1289.4
60.869,18,out,33880,1281
60.8735,18,out,33876,1337.8
60.8776,18,out,33872,1382.6
60.8818,18,out,33868,1311.4
60.8865,18,out,33864,1355
60.8908,18,out,33860,1371.2
60.8956,18,out,33856,1338.2
60.9003,18,out,33852,1337.6
60.906,18,out,33848,1356.8
60.9117,18,out,33844,1353.4
60.9162,18,out,33840,1353
60.9215,18,out,33836,1396.8
60.9263,18,out,33832,1382.2
60.9313,18,out,33828,1401.4
60.9363,18,out,33824,1348.8
60.9413,18,out,33820,1339.8
60.947,18,out,33816,1382.8
60.9516,18,out,33812,1364.8
60.9565,18,out,33808,1359.8
60.9612,18,out,33804,1329
60.9655,18,out,33800,1320.4
60.9696,18,out,33796,1369.2
60.9739,18,out,33792,1355.6
60.9782,18,out,33788,1359
60.9825,18,out,33784,1365
60.9871,18,out,33780,1350.4
60.9914,18,out,33776,1389.2
60.9959,18,out,33772,1406.8
61.0003,18,out,33768,1382.8
61.0046,18,out,33764,1388.8
61.0089,18,out,33760,1389.8
61.0136,18,out,33756,1349.2
61.0186,18,out,33752,1405.8
61.0233,18,out,33748,1346.8
61.028,18,out,33744,1355.4
61.0323,18,out,33740,1343
61.037,18,out,33736,1329.6
61.0417,18,out,33732,1304.6
61.0462,18,out,33728,1327.6
61.0511,18,out,33724,1274.8
61.0563,18,out,33720,1348.8
61.0607,18,out,33716,1320.2
61.0652,18,out,33712,1356.6
61.0698,18,out,33708,1304.8
61.0744,18,out,33704,1406.4
61.079,18,out,33700,1349.6
61.0838,18,out,33696,1353.4
61.0885,18,out,33692,1319.4
61.0933,18,out,33688,1375.2
61.0979,18,out,33684,1363.2
61.1026,18,out,33680,1324.2
61.1077,18,out,33676,1373.6
61.1125,18,out,33672,1373.2
61.1176,18,out,33668,1349
61.122,18,out,33664,1348.4
61.1268,18,out,33660,1355.2
61.1312,18,out,33656,1370.8
61.1355,18,out,33652,1369.8
61.1401,18,out,33648,1367.2
61.1455,18,out,33644,1351.6
61.1502,18,out,33640,1330.6
61.1547,18,out,33636,1332.6
61.159,18,out,33632,1333.8
61.1635,18,out,33628,1297.6
61.1679,18,out,33624,1321.2
61.1721,18,out,33620,1310.6
61.1771,18,out,33616,1324
61.1822,18,out,33612,1354.4
61.1871,18,out,33608,1345.2
61.192,18,out,33604,1352.6
61.1966,18,out,33600,1298.8
61.2012,18,out,33596,1313.8
61.2058,18,out,33592,1377.2
61.2105,18,out,33588,1371.4
61.2149,18,out,33584,1365.8
61.2205,18,out,33580,1357.4
61.2255,18,out,33576,1337.8
61.2314,18,out,33572,1353
61.2361,18,out,33568,1303.8
61.2412,18,out,33564,1309.6
61.2465,18,out,33560,1307
61.2509,18,out,33556,1278.2
61.2568,18,out,33552,1308.8
61.2614,18,out,33548,1308.4
61.266,18,out,33544,1334
61.2706,18,out,33540,1320.8
61.2756,18,out,33536,1325.4
61.2805,18,out,33532,1304
61.2853,18,out,33528,1290.4
61.2897,18,out,33524,1363
61.2942,18,out,33520,1320
61.2988,18,out,33516,1321.6
61.3034,18,out,33512,1314.8
61.31,18,out,33508,1347.6
61.3143,18,out,33504,1316.8
61.3191,18,out,33500,1303.4
61.3238,18,out,33496,1329.8
61.3293,18,out,33492,1335.2
61.3343,18,out,33488,1296.4
61.3394,18,out,33484,1264.6
61.3447,18,out,33480,1325.2
61.35,18,out,33476,1286
61.3554,18,out,33472,1335.2
61.3607,18,out,33468,1281.2
61.3653,18,out,33464,1327.2
61.37,18,out,33460,1275.8
61.3755,18,out,33456,1326.2
61.3806,18,out,33452,1328
61.3856,18,out,33448,1273.2
61.3905,18,out,33444,1292
61.3959,18,out,33440,1349.4
61.4008,18,out,33436,1306.2
61.4053,18,out,33432,1340.8
61.4106,18,out,33428,1344.6
61.4157,18,out,33424,1328.2
61.4204,18,out,33420,1249.8
61.4249,18,out,33416,1317
61.4296,18,out,33412,1347.6
61.4342,18,out,33408,1242.6
61.4388,18,out,33404,1324
61.4431,18,out,33400,1321.6
61.4471,18,out,33396,1294.8
61.4515,18,out,33392,1285.8
61.4559,18,out,33388,1333.8
61.4605,18,out,33384,1275.4
61.4649,18,out,33380,1298.6
61.4694,18,out,33376,1320.2
61.4736,18,out,33372,1255
61.4781,18,out2,33322,1328
61.4825,18,out2,33272,1328
61.4866,18,out2,33222,1343
61.4911,18,out2,33172,1331.4
61.4954,18,out2,33122,1259.2
61.4996,18,out2,33072,1310.2
61.5037,18,out2,33022,1171.4
61.5087,18,out2,32972,1228.6
61.5128,18,out2,32922,1277.4
61.517,18,out2,32872,1275.4
61.5214,18,out2,32822,1311.6
61.5262,18,out2,32772,1235.4
61.5301,18,out2,32722,1280.2
61.5346,18,out2,32672,1353.6
61.5387,18,out2,32622,1208.4
61.5434,18,out2,32572,1316.6
61.5471,18,out2,32522,1276
61.5513,18,out2,32472,1318.6
61.555,18,out2,32422,1324.4
61.5588,18,out2,32372,1308.4
61.5627,18,out2,32322,1213.2
61.5669,18,out2,32272,1119
61.5707,18,out2,32222,1324.2
61.5749,18,out2,32172,755.8
61.5796,18,out2,32122,-11.2
61.584,19,in,32122,0.2
61.5883,19,in,32126,10
61.5927,19,in,32130,-14.2
61.5972,19,in,32134,-32
61.6013,19,in,32138,-3.6
61.6054,19,in,32142,-10.4
61.6099,19,in,32146,4
61.614,19,in,32150,29
61.6184,19,in,32154,-16.8
61.623,19,in,32158,34.6
61.628,19,in,32162,0.6
61.6328,19,in,32166,10
61.6375,19,in,32170,8
61.6425,19,in,32174,-5.2
61.6473,19,in,32178,7.2
61.6515,19,in,32182,-9.4
61.6558,19,in,32186,8.2
61.6605,19,in,32190,-5.4
61.6654,19,in,32194,20.4
61.6702,19,in,32198,-23.2
61.675,19,in,32202,-7
61.6804,19,in,32206,-4.4
61.685,19,in,32210,-36.6
61.6896,19,in,32214,2.8
61.6941,19,in,32218,10.4
61.6982,19,in,32222,-49.2
61.703,19,in,32226,22.4
61.7074,19,in,32230,-14.2
61.7119,19,in,32234,31.6
61.7164,19,in,32238,15
61.7213,19,in,32242,-35
61.7256,19,in,32246,26
61.7299,19,in,32250,39
61.7344,19,in,32254,-14.6
61.7401,19,in,32258,-34.4
61.7447,19,in,32262,15
61.7497,19,in,32266,-26.6
61.7543,19,in,32270,19.4
61.7588,19,in,32274,-23.2
61.7629,19,in,32278,15.4
61.7667,19,in,32282,5.4
61.7707,19,in,32286,-1
61.7754,19,in,32290,23.8
61.7794,19,in,32294,25.4
61.7834,19,in,32298,-0.8
61.7871,19,in,32302,20.4
61.791,19,in,32306,18
61.7962,19,in,32310,14.2
61.8008,19,in,32314,-39.8
61.8053,19,in,32318,-13.6
61.8098,19,in,32322,18
61.8141,19,in,32326,4.8
61.8182,19,in,32330,-32.6
61.8226,19,in,32334,1.8
61.827,19,in,32338,-40
61.8313,19,in,32342,-22.2
61.836,19,in,32346,-12.8
61.8411,19,in,32350,17
61.846,19,in,32354,32.6
61.8516,19,in,32358,-24
61.8565,19,in,32362,3.8
61.8621,19,in,32366,36.2
61.8667,19,in,32370,-38.2
61.8714,19,in,32374,-4.4
61.8768,19,in,32378,34.6
61.8818,19,in,32382,-29.4
61.8865,19,in,32386,-12.8
61.8911,19,in,32390,-47.2
61.8958,19,in,32394,-21.8
61.9001,19,in,32398,-13.4
61.9042,19,in,32402,23
61.9088,19,in,32406,20.8
61.913,19,in,32410,-17.2
61.918,19,in,32414,-6.6
61.9227,19,in,32418,-12.2
61.9275,19,in,32422,-8.4
61.9315,19,in,32426,19
61.9362,19,in,32430,2
61.9412,19,in,32434,-8
61.9453,19,in,32438,35.4
61.9502,19,in,32442,-10.6
61.9547,19,in,32446,0.2
61.959,19,in,32450,24.2
61.9631,19,in,32454,21.6
61.9672,19,in,32458,21.4
61.9716,19,in,32462,-0.2
61.9756,19,in,32466,2.6
61.98,19,in,32470,-22.6
61.9844,19,in,32474,9.2
61.9885,19,in,32478,-15.6
61.9927,19,in,32482,-17.8
61.9969,19,in,32486,2.6
62.0011,19,in,32490,18.2
62.0052,19,in,32494,-36.6
62.0099,19,in,32498,41
62.0139,19,in,32502,-13.2
62.0184,19,in,32506,-15.8
62.0227,19,in,32510,4.6
62.0275,19,in,32514,-1.4
62.0319,19,in,32518,-44.4
62.0362,19,in,32522,8.6
62.0403,19,in,32526,-6.2
62.0449,19,in,32530,-35
62.0495,19,in,32534,-1.6
62.0538,19,in,32538,21.4
62.0579,19,in,32542,26.8
62.0628,19,in,32546,17.6
62.0667,19,in,32550,38.4
62.0711,19,in,32554,-21.4
62.0752,19,in,32558,11.2
62.0799,19,in,32562,-2.4
62.0842,19,in,32566,6.8
62.0881,19,in,32570,-31.2
62.0923,19,in,32574,-14.2
62.0978,19,in,32578,9.4
62.1022,19,in,32582,-10.4
62.1065,19,in,32586,46.8
62.1108,19,in,32590,12.8
62.1155,19,in,32594,-15.6
62.1198,19,in,32598,-46.4
62.1238,19,in,32602,-22.8
62.1283,19,in,32606,-0.4
62.1332,19,in,32610,18.6
62.1374,19,in,32614,11.4
62.1419,19,in,32618,4.2
62.1459,19,in,32622,-3.4
62.151,19,in,32626,3.8
62.1552,19,in,32630,-11
62.1594,19,in,32634,33.6
62.1635,19,in,32638,5.4
62.1679,19,in,32642,8
62.1721,19,in,32646,-12.4
62.1763,19,in,32650,-24.4
62.181,19,in,32654,3.8
62.1859,19,in,32658,6.8
62.1902,19,in,32662,-17.4
62.1941,19,in,32666,35
62.1984,19,in,32670,29
62.2034,19,in,32674,-9.4
62.2076,19,in,32678,-29.4
62.2116,19,in,32682,-15.2
62.2158,19,in,32686,50.2
62.2211,19,in,32690,25.2
62.2253,19,in,32694,20.8
62.2294,19,in,32698,26.8
62.2336,19,in,32702,-31.2
62.2384,19,in,32706,-6.2
62.2423,19,in,32710,-4
62.2463,19,in,32714,13.2
62.2503,19,in,32718,-17.2
62.2541,19,in,32722,-2.2
62.2579,19,in,32726,18.2
62.2616,19,in,32730,5.2
62.2656,19,in,32734,-7
62.2695,19,in,32738,-32.4
62.2741,19,in,32742,3
62.2785,19,in,32746,12.4
62.2825,19,in,32750,3.4
62.2872,19,in,32754,-46
62.2919,19,in,32758,25.2
62.2963,19,in,32762,-29.2
62.3005,19,in,32766,-16.6
62.3046,19,in,32770,35.8
62.3099,19,in,32774,9.6
62.314,19,in,32778,17.2
62.3182,19,in,32782,-13
62.3223,19,in,32786,4.2
62.3277,19,in,32790,13.2
62.332,19,in,32794,-21.6
62.3361,19,in,32798,18
62.34,19,in,32802,42
62.3443,19,in,32806,25.2
62.3488,19,in,32810,-8.6
62.353,19,in,32814,-22.8
62.3573,19,in,32818,27.8
62.3615,19,in,32822,53.8
62.3659,19,in,32826,5.6
62.3698,19,in,32830,-23
62.3742,19,in,32834,7.2
62.3785,19,in,32838,-47.4
62.3827,19,in,32842,38.6
62.3867,19,in,32846,4.4
62.3911,19,in,32850,71.4
62.3954,19,in,32854,60.2
62.4003,19,in,32858,41.2
62.4048,19,in,32862,67.8
62.409,19,in,32866,-17.6
62.4134,19,in,32870,24.6
62.419,19,in,32874,2.2
62.4234,19,in,32878,48.6
62.4277,19,in,32882,6.4
62.4318,19,in,32886,45.4
62.4371,19,in,32890,-0.6
62.4419,19,in,32894,0.8
62.4459,19,in,32898,-21
62.4499,19,in,32902,19.6
62.4549,19,in,32906,9.6
62.4597,19,in,32910,17
62.4636,19,in,32914,5
62.4681,19,in,32918,42.8
62.4735,19,in,32922,51.8
62.4781,19,in,32926,18
62.4825,19,in,32930,-36.2
62.4869,19,in,32934,18
62.4922,19,in,32938,23.6
62.4969,19,in,32942,33.6
62.5009,19,in,32946,-17.8
62.5055,19,in,32950,16.4
62.5098,19,in,32954,18.8
62.5137,19,in,32958,26.4
62.5179,19,in,32962,-28.2
62.5226,19,in,32966,-22.6
62.5279,19,in,32970,-2.8
62.5318,19,in,32974,41.6
62.5363,19,in,32978,-8.4
62.5405,19,in,32982,7
62.5457,19,in,32986,1.6
62.5497,19,in,32990,48.2
62.5537,19,in,32994,31.2
62.5579,19,in,32998,-26.8
62.5623,19,in,33002,-19.2
62.5669,19,in,33006,4.6
62.5709,19,in,33010,34.8
62.575,19,in,33014,59.4
62.5804,19,in,33018,-17.6
62.5846,19,in,33022,-21.4
62.5887,19,in,33026,6.4
62.5931,19,in,33030,52.4
62.5982,19,in,33034,-18.4
62.6025,19,in,33038,18.6
62.6066,19,in,33042,49.6
62.611,19,in,33046,2.6
62.6155,19,in,33050,21.8
62.6196,19,in,33054,-37.2
62.6238,19,in,33058,52.8
62.6283,19,in,33062,9.8
62.6323,19,in,33066,-46.8
62.6366,19,in,33070,-33.2
62.6408,19,in,33074,38.2
62.6458,19,in,33078,7.4
62.6505,19,in,33082,-10.6
62.6546,19,in,33086,10
62.6588,19,in,33090,16.4
62.664,19,in,33094,-21.4
62.6684,19,in,33098,-32.8
62.6729,19,in,33102,30.8
62.6776,19,in,33106,50.8
62.6823,19,in,33110,7.2
62.6873,19,in,33114,12.8
62.6915,19,in,33118,-11
62.6956,19,in,33122,9.4
62.7,19,in,33126,-9.2
62.7042,19,in,33130,-32.4
62.7088,19,in,33134,-19.2
62.713,19,in,33138,-21.8
62.717,19,in,33142,44.6
62.7212,19,in,33146,12.6
62.7263,19,in,33150,-2
62.7305,19,in,33154,24.6
62.7344,19,in,33158,32
62.7384,19,in,33162,35.8
62.7434,19,in,33166,-1.2
62.7484,19,in,33170,5.6
62.753,19,in,33174,25.6
62.7571,19,in,33178,15.6
62.7606,19,in,33182,15.6
62.7648,19,in,33186,35
62.7688,19,in,33190,9.6
62.7735,19,in,33194,31.6
62.7782,19,in,33198,33
62.783,19,in,33202,-14.2
62.7882,19,in,33206,28.8
62.793,19,in,33210,42.8
62.798,19,in,33214,27
62.8021,19,in,33218,-31.8
62.8068,19,in,33222,-27.6
62.8109,19,in,33226,8.8
62.8154,19,in,33230,25.8
62.8196,19,in,33234,-12.6
62.8237,19,in,33238,12.8
62.8278,19,in,33242,85.6
62.8326,19,in,33246,38.8
62.8372,19,in,33250,29
62.8409,19,in,33254,17.6
62.8447,19,in,33258,32.6
62.8497,19,in,33262,-4.8
62.8539,19,in,33266,17.6
62.8582,19,in,33270,42
62.8625,19,in,33274,-11.2
62.8678,19,in,33278,8.2
62.8727,19,in,33282,69.8
62.8766,19,in,33286,40
62.8808,19,in,33290,9.2
62.886,19,in,33294,43.6
62.8916,19,in,33298,17
62.8955,19,in,33302,4.6
62.9001,19,in,33306,29.2
62.9048,19,in,33310,13.4
62.9089,19,in,33314,-3.6
62.9135,19,in,33318,27.4
62.9173,19,in,33322,8.2
62.9225,19,in,33326,-6.4
62.9268,19,in,33330,53.4
62.9314,19,in,33334,16.6
62.9359,19,in,33338,26.8
62.9413,19,in,33342,8.2
62.9452,19,in,33346,18.2
62.9502,19,in,33350,19.6
62.9544,19,in,33354,-16.6
62.9586,19,in,33358,20.2
62.9626,19,in,33362,31.6
62.9663,19,in,33366,23.2
62.9697,19,in,33370,17
62.9732,19,in,33374,43.8
62.9771,19,in,33378,-13.2
62.982,19,in,33382,-9.8
62.9861,19,in,33386,20
62.9906,19,in,33390,29.4
62.9955,19,in,33394,24.6
62.9998,19,in,33398,14
63.004,19,in,33402,26.4
63.0082,19,in,33406,36.8
63.0122,19,in,33410,32.4
63.0161,19,in,33414,25.4
63.0206,19,in,33418,18.6
63.0249,19,in,33422,-9.8
63.03,19,in,33426,-17.4
63.0346,19,in,33430,-36.4
63.0392,19,in,33434,53
63.0437,19,in,33438,60
63.0483,19,in,33442,49.8
63.0521,19,in,33446,-11.8
63.0562,19,in,33450,4.4
63.0608,19,in,33454,53.6
63.0664,19,in,33458,20.2
63.0705,19,in,33462,43.8
63.0745,19,in,33466,63.8
63.0787,19,in,33470,11.4
63.0835,19,in,33474,1.2
63.0882,19,in,33478,-17.6
63.0925,19,in,33482,24.6
63.0966,19,in,33486,38.2
63.1016,19,in,33490,-2.8
63.106,19,in,33494,16.4
63.1101,19,in,33498,31.6
63.1145,19,in,33502,8.2
63.1189,19,in,33506,-3
63.1237,19,in,33510,32.6
63.128,19,in,33514,-15.2
63.1322,19,in,33518,9.6
63.1365,19,in,33522,-4.4
63.1408,19,in,33526,80.6
63.1456,19,in,33530,31.4
63.1498,19,in,33534,3.6
63.155,19,in,33538,57.2
63.1597,19,in,33542,61.4
63.1636,19,in,33546,24.6
63.1676,19,in,33550,-5
63.1723,19,in,33554,20.2
63.1773,19,in,33558,34
63.1815,19,in,33562,7.2
63.186,19,in,33566,-10.2
63.1906,19,in,33570,26.8
63.1954,19,in,33574,41.4
63.1997,19,in,33578,46
63.2036,19,in,33582,46.6
63.2085,19,in,33586,25.6
63.2129,19,in,33590,77.6
63.217,19,in,33594,-8.4
63.2212,19,in,33598,39.4
63.2261,19,in,33602,67.8
63.2305,19,in,33606,25.8
63.2351,19,in,33610,51.6
63.2394,19,in,33614,-27.2
63.2437,19,in,33618,30.2
63.2479,19,in,33622,41.4
63.2521,19,in,33626,-12.6
63.2562,19,in,33630,47.8
63.2608,19,in,33634,24
63.2653,19,in,33638,25
63.27,19,in,33642,38.2
63.2744,19,in,33646,3.2
63.2788,19,in,33650,86
63.283,19,in,33654,38
63.2874,19,in,33658,49
63.2917,19,in,33662,21.2
63.2964,19,in,33666,1.4
63.3009,19,in,33670,50.2
63.3052,19,in,33674,65.2
63.3092,19,in,33678,21.6
63.3134,19,in,33682,37.4
63.3179,19,in,33686,23.4
63.3222,19,in,33690,67.6
63.3263,19,in,33694,42.6
63.3303,19,in,33698,46
63.335,19,in,33702,58
63.3394,19,in,33706,52.4
63.3435,19,in,33710,56.8
63.3479,19,in,33714,50.4
63.3521,19,in,33718,65.8
63.3559,19,in,33722,118.4
63.3603,19,in,33726,105
63.3649,19,in,33730,80
63.3701,19,in,33734,118.8
63.374,19,in,33738,167.2
63.3784,19,in,33742,171
63.3824,19,in,33746,99.8
63.387,19,in,33750,68.8
63.3915,19,in,33754,151.8
63.3956,19,in,33758,187.6
63.4001,19,in,33762,189.4
63.4044,19,in,33766,211.6
63.4094,19,in,33770,225.4
63.4136,19,in,33774,182.8
63.4178,19,in,33778,271.4
63.4226,19,in,33782,282.2
63.4273,19,in,33786,286
63.4315,19,in,33790,228.8
63.4358,19,in,33794,222
63.4409,19,in,33798,270.2
63.4453,19,in,33802,145.8
63.4494,19,in,33806,200.6
63.4535,19,in,33810,184.8
63.4586,19,in,33814,238
63.4629,19,in,33818,206.4
63.4672,19,in,33822,285.8
63.4713,19,in,33826,214.8
63.4753,19,in,33830,248
63.4795,19,in,33834,280
63.4838,19,in,33838,293
63.4883,19,in,33842,247.2
63.4924,19,in,33846,312.8
63.4967,19,in,33850,262
63.5008,19,in,33854,330.4
63.5054,19,in,33858,314.4
63.5095,19,in,33862,357.4
63.5141,19,in,33866,307.4
63.5183,19,in,33870,307.2
63.5224,19,in,33874,299.2
63.5271,19,in,33878,379.8
63.5323,19,in,33882,348
63.5365,19,in,33886,372
63.5414,19,in,33890,416.8
63.5459,19,in,33894,429.2
63.5507,19,in,33898,424.8
63.5548,19,in,33902,429.8
63.559,19,in,33906,392.2
63.5635,19,in,33910,456.4
63.5691,19,in,33914,423.2
63.5734,19,in,33918,437.4
63.5786,19,in,33922,413.6
63.5838,19,in,33926,457
63.5883,19,in,33930,375
63.5928,19,in,33934,488
63.5983,19,in,33938,394.2
63.6031,19,in,33942,541.2
63.6075,19,in,33946,414.4
63.6121,19,in,33950,486.4
63.6169,19,in,33954,481.8
63.6216,19,in,33958,487.8
63.6267,19,in,33962,449.2
63.6316,19,in,33966,490.4
63.6365,19,in,33970,505.6
63.6413,19,in,33974,653.2
63.6459,19,in,33978,523.2
63.6503,19,in,33982,502.8
63.6561,19,in,33986,510
63.6611,19,in,33990,556.2
63.6659,19,in,33994,482
63.6711,19,in,33998,527.2
63.677,19,in,34002,583.4
63.6821,19,in,34006,552.8
63.6866,19,in,34010,625
63.6912,19,in,34014,684
63.6958,19,in,34018,641.4
63.7001,19,in,34022,662.4
63.7045,19,in,34026,715
63.709,19,in,34030,733.8
63.713,19,in,34034,761.2
63.7176,19,in,34038,819.8
63.7214,19,in,34042,799.2
63.7253,19,in,34046,861.4
63.7294,19,in,34050,959.2
63.7335,19,in,34054,872
63.7379,19,in,34058,950.2
63.7419,19,in,34062,950
63.7481,19,in,34066,953.2
63.753,19,in,34070,918.2
63.7572,19,in,34074,1019.6
63.7614,19,out,34070,1072.4
63.7652,19,out,34066,1051.6
63.7692,19,out,34062,1021
63.7735,19,out,34058,1042.8
63.778,19,out,34054,1051.6
63.7829,19,out,34050,998
63.7875,19,out,34046,1061.8
63.7923,19,out,34042,1093.8
63.7991,19,out,34038,1103.4
63.803,19,out,34034,1167.2
63.8066,19,out,34030,1223.6
63.8102,19,out,34026,1135.4
63.814,19,out,34022,1148
63.818,19,out,34018,1161.6
63.8218,19,out,34014,1153
63.8255,19,out,34010,1144.2
63.8292,19,out,34006,1153.4
63.8338,19,out,34002,1157.8
63.839,19,out,33998,1123.6
63.843,19,out,33994,1046.4
63.8473,19,out,33990,1049.2
63.8522,19,out,33986,1058.4
63.8567,19,out,33982,1111
63.8609,19,out,33978,1084
63.8647,19,out,33974,1055.6
63.869,19,out,33970,1102.8
63.8732,19,out,33966,1036.8
63.8776,19,out,33962,1111.6
63.882,19,out,33958,1032.2
63.8863,19,out,33954,1024
63.8905,19,out,33950,1125.4
63.8951,19,out,33946,1120.4
63.8994,19,out,33942,1157
63.904,19,out,33938,1261.6
63.9085,19,out,33934,1175.6
63.913,19,out,33930,1189.2
63.9171,19,out,33926,1175.6
63.9208,19,out,33922,1220.4
63.9249,19,out,33918,1301.6
63.9293,19,out,33914,1266.8
63.9333,19,out,33910,1177
63.9372,19,out,33906,1190.6
63.9411,19,out,33902,1217.2
63.9458,19,out,33898,1199.2
63.9497,19,out,33894,1193.6
63.9538,19,out,33890,1176.4
63.9594,19,out,33886,1224.8
63.9637,19,out,33882,1250.4
63.9674,19,out,33878,1186.4
63.9715,19,out,33874,1211
63.9757,19,out,33870,1239
63.9796,19,out,33866,1239.6
63.9836,19,out,33862,1272
63.9878,19,out,33858,1249.4
63.9919,19,out,33854,1124.4
63.9961,19,out,33850,1214
64.0,19,out,33846,1149.4
64.0038,19,out,33842,1151.8
64.008,19,out,33838,1190.4
64.0118,19,out,33834,1174.2
64.0162,19,out,33830,1143.2
64.0201,19,out,33826,1147.8
64.0243,19,out,33822,1152.6
64.0288,19,out,33818,1187.4
64.0329,19,out,33814,1176.8
64.0368,19,out,33810,1184.8
64.0409,19,out,33806,1225.8
64.0455,19,out,33802,1166.6
64.051,19,out,33798,1198.2
64.0557,19,out,33794,1164
64.0604,19,out,33790,1226
64.0647,19,out,33786,1153.8
64.069,19,out,33782,1171.4
64.0732,19,out,33778,1135.4
64.0777,19,out,33774,1124
64.0825,19,out,33770,1107.2
64.0868,19,out,33766,1100.8
64.0915,19,out,33762,1060.8
64.0966,19,out,33758,1025
64.1006,19,out,33754,1000.2
64.1054,19,out,33750,1095.2
64.1097,19,out,33746,1047.8
64.1135,19,out,33742,1097.4
64.1179,19,out,33738,1058.6
64.1226,19,out,33734,1100.8
64.127,19,out,33730,1094.4
64.1314,19,out,33726,1132.8
64.1355,19,out,33722,1187
64.1397,19,out,33718,1202.4
64.1437,19,out,33714,1250.8
64.1475,19,out,33710,1266
64.1511,19,out,33706,1249
64.1553,19,out,33702,1255.8
64.1591,19,out,33698,1223.4
64.1628,19,out,33694,1157.8
64.1668,19,out,33690,1257
64.1719,19,out,33686,1265.2
64.1764,19,out,33682,1296.8
64.1809,19,out,33678,1289
64.1858,19,out,33674,1266.2
64.1903,19,out,33670,1250.4
64.1939,19,out,33666,1261.6
64.1985,19,out,33662,1257.4
64.2029,19,out,33658,1267
64.2072,19,out,33654,1322.8
64.2119,19,out,33650,1299.2
64.2168,19,out,33646,1240.8
64.221,19,out,33642,1285.4
64.2254,19,out,33638,1221.8
64.2295,19,out,33634,1308
64.2333,19,out,33630,1243.6
64.2372,19,out,33626,1253.2
64.2409,19,out,33622,1243.8
64.2448,19,out,33618,1249.2
64.2484,19,out,33614,1247.2
64.252,19,out,33610,1245.4
64.2557,19,out,33606,1232.4
64.2597,19,out,33602,1241.8
64.2634,19,out,33598,1221.6
64.2672,19,out,33594,1218
64.2714,19,out,33590,1231.4
64.2759,19,out,33586,1268.2
64.2803,19,out,33582,1214.8
64.2842,19,out,33578,1246.4
64.2883,19,out,33574,1209.8
64.2925,19,out,33570,1187.8
64.2977,19,out,33566,1271.4
64.3022,19,out,33562,1224.8
64.3062,19,out,33558,1221.6
64.3109,19,out,33554,1208
64.3161,19,out,33550,1142.2
64.3197,19,out,33546,1171.2
64.3236,19,out,33542,1251.6
64.3275,19,out,33538,1264.2
64.3316,19,out,33534,1204.8
64.3353,19,out,33530,1201.6
64.339,19,out,33526,1234.2
64.3434,19,out,33522,1182.2
64.3477,19,out,33518,1220
64.3518,19,out,33514,1171.2
64.3563,19,out,33510,1183.2
64.3607,19,out,33506,1263.4
64.3651,19,out,33502,1205.6
64.3695,19,out,33498,1239.8
64.3737,19,out,33494,1226
64.3779,19,out,33490,1263.2
64.3819,19,out,33486,1220.6
64.3872,19,out,33482,1209.6
64.3916,19,out,33478,1248.8
64.396,19,out,33474,1202.2
64.4001,19,out2,33424,1225.2
64.4051,19,out2,33374,1184
64.409,19,out2,33324,1169
64.413,19,out2,33274,1164.8
64.4173,19,out2,33224,1079.6
64.4216,19,out2,33174,1035.8
64.426,19,out2,33124,1124
64.43,19,out2,33074,1123.4
64.434,19,out2,33024,1085.6
64.4383,19,out2,32974,1053.4
64.4424,19,out2,32924,1115.4
64.4465,19,out2,32874,1089.8
64.4505,19,out2,32824,1126
64.4544,19,out2,32774,1131.2
64.4595,19,out2,32724,1084.4
64.4636,19,out2,32674,1133.6
64.4677,19,out2,32624,1132.2
64.4722,19,out2,32574,1140.2
64.4772,19,out2,32524,979.8
64.4812,19,out2,32474,905.6
64.4855,19,out2,32424,971.8
64.49,19,out2,32374,759.6
64.4947,19,out2,32324,798.4
64.4993,19,out2,32274,614.6
64.5041,19,out2,32224,379.4
64.5085,19,out2,32174,99.8
64.5132,20,in,32174,46.2
64.5177,20,in,32178,95
64.5221,20,in,32182,-2
64.5264,20,in,32186,45
64.5307,20,in,32190,33.4
64.5352,20,in,32194,29
64.5397,20,in,32198,32.4
64.5436,20,in,32202,3.8
64.5489,20,in,32206,33.2
64.5528,20,in,32210,-18.8
64.5569,20,in,32214,59.8
64.5613,20,in,32218,100
64.5663,20,in,32222,12.4
64.5703,20,in,32226,7
64.5745,20,in,32230,76.8
64.579,20,in,32234,-10.8
64.5836,20,in,32238,12.2
64.5877,20,in,32242,6.6
64.5923,20,in,32246,6.8
64.5977,20,in,32250,11.8
64.6027,20,in,32254,29.6
64.6066,20,in,32258,2.6
64.6108,20,in,32262,44.4
64.6149,20,in,32266,-3.2
64.6199,20,in,32270,-7.4
64.6238,20,in,32274,-17.4
64.6285,20,in,32278,17.4
64.6326,20,in,32282,47.4
64.6377,20,in,32286,6
64.6418,20,in,32290,24.6
64.6456,20,in,32294,7.6
64.6498,20,in,32298,33.4
64.6546,20,in,32302,22.4
64.659,20,in,32306,-3.4
64.6632,20,in,32310,18.6
64.6679,20,in,32314,-6.8
64.6725,20,in,32318,36.2
64.6767,20,in,32322,11.8
64.6809,20,in,32326,-14.8
64.6854,20,in,32330,22.8
64.6895,20,in,32334,7.8
64.694,20,in,32338,14.4
64.6982,20,in,32342,-1.6
64.7023,20,in,32346,23.4
64.7065,20,in,32350,-13.6
64.7112,20,in,32354,33.4
64.7155,20,in,32358,-13
64.7197,20,in,32362,24.2
64.7238,20,in,32366,7.2
64.7282,20,in,32370,53.8
64.7322,20,in,32374,4.6
64.7366,20,in,32378,44.4
64.7407,20,in,32382,2.8
64.7459,20,in,32386,44.2
64.7504,20,in,32390,-4.8
64.755,20,in,32394,-24.6
64.7597,20,in,32398,-16.6
64.7638,20,in,32402,42.4
64.7682,20,in,32406,-47
64.7726,20,in,32410,35.6
64.7767,20,in,32414,28.6
64.7811,20,in,32418,18.6
64.7853,20,in,32422,-13.8
64.7892,20,in,32426,7.6
64.7932,20,in,32430,-10
64.7981,20,in,32434,18
64.8025,20,in,32438,8.8
64.8068,20,in,32442,-4.6
64.8108,20,in,32446,21.6
64.8144,20,in,32450,7.4
64.8183,20,in,32454,14
64.8218,20,in,32458,24.6
64.8253,20,in,32462,20.8
64.8291,20,in,32466,38.2
64.8339,20,in,32470,18.6
64.8382,20,in,32474,0
64.8423,20,in,32478,8.4
64.8465,20,in,32482,-21.2
64.8518,20,in,32486,0.4
64.8559,20,in,32490,43.8
64.86,20,in,32494,33.2
64.8641,20,in,32498,-4.6
64.8691,20,in,32502,50.2
64.8734,20,in,32506,42.6
64.8779,20,in,32510,49.2
64.8825,20,in,32514,18.4
64.8873,20,in,32518,42.2
64.8921,20,in,32522,68.8
64.8961,20,in,32526,53.8
64.9,20,in,32530,15
64.9044,20,in,32534,-5.2
64.9088,20,in,32538,40.4
64.9132,20,in,32542,61.6
64.9179,20,in,32546,-1.2
64.9225,20,in,32550,25.4
64.9278,20,in,32554,67.4
64.9324,20,in,32558,43
64.9371,20,in,32562,14.4
64.9413,20,in,32566,34.4
64.9459,20,in,32570,64.8
64.9501,20,in,32574,18.2
64.9549,20,in,32578,43.2
64.9596,20,in,32582,30
64.9641,20,in,32586,-1.8
64.9687,20,in,32590,52.6
64.9738,20,in,32594,2.2
64.9786,20,in,32598,-4.6
64.9841,20,in,32602,12.2
64.9889,20,in,32606,37
64.9939,20,in,32610,35.8
64.9992,20,in,32614,60
65.0043,20,in,32618,12.8
65.0092,20,in,32622,9.4
65.0139,20,in,32626,16.6
65.0189,20,in,32630,2.4
65.0239,20,in,32634,44.8
65.029,20,in,32638,-15
65.0339,20,in,32642,18.4
65.0391,20,in,32646,8.8
65.0437,20,in,32650,10.4
65.0483,20,in,32654,36
65.0536,20,in,32658,65.4
65.0582,20,in,32662,69.4
65.0632,20,in,32666,53.8
65.0683,20,in,32670,-11.6
65.0726,20,in,32674,32
65.0778,20,in,32678,44.8
65.0828,20,in,32682,-4.8
65.0872,20,in,32686,40.8
65.0921,20,in,32690,20.2
65.0976,20,in,32694,29.6
65.1024,20,in,32698,29.6
65.1068,20,in,32702,13.6
65.1118,20,in,32706,35.8
65.1168,20,in,32710,47
65.1214,20,in,32714,9.4
65.1262,20,in,32718,59.4
65.1318,20,in,32722,-12.4
65.1369,20,in,32726,-14.8
65.1418,20,in,32730,44.4
65.1462,20,in,32734,23.2
65.1513,20,in,32738,12.4
65.1561,20,in,32742,23
65.1611,20,in,32746,39.8
65.1657,20,in,32750,44
65.1715,20,in,32754,14.8
65.1765,20,in,32758,39.2
65.1813,20,in,32762,10.2
65.1871,20,in,32766,37
65.1918,20,in,32770,20
65.1975,20,in,32774,37.2
65.2021,20,in,32778,23.4
65.2077,20,in,32782,28.6
65.2124,20,in,32786,36.8
65.2163,20,in,32790,2.2
65.2204,20,in,32794,40.6
65.226,20,in,32798,18
65.2298,20,in,32802,41.6
65.2341,20,in,32806,64.2
65.2383,20,in,32810,71.2
65.2434,20,in,32814,46
65.2474,20,in,32818,-1.2
65.2519,20,in,32822,44
65.2566,20,in,32826,54
65.2613,20,in,32830,88.2
65.2653,20,in,32834,35
65.2695,20,in,32838,45.6
65.2739,20,in,32842,31.4
65.2783,20,in,32846,62.4
65.2825,20,in,32850,-10.6
65.287,20,in,32854,9.2
65.2912,20,in,32858,51.2
65.2961,20,in,32862,47.2
65.301,20,in,32866,87.8
65.3058,20,in,32870,71.6
65.3101,20,in,32874,10
65.3151,20,in,32878,36.8
65.3192,20,in,32882,25.4
65.3229,20,in,32886,17.2
65.3274,20,in,32890,43.4
65.3325,20,in,32894,38.2
65.3368,20,in,32898,17
65.3404,20,in,32902,45.2
65.3444,20,in,32906,87
65.3486,20,in,32910,24.6
65.3528,20,in,32914,-9.4
65.3572,20,in,32918,3.4
65.3617,20,in,32922,113.2
65.3655,20,in,32926,49.4
65.3697,20,in,32930,14.8
65.3742,20,in,32934,19.8
65.3782,20,in,32938,51.6
65.3825,20,in,32942,15.2
65.3872,20,in,32946,57.8
65.3913,20,in,32950,-1.2
65.3956,20,in,32954,98.8
65.3996,20,in,32958,68.6
65.4039,20,in,32962,33.2
65.4088,20,in,32966,71.6
65.4134,20,in,32970,82.4
65.4177,20,in,32974,32.8
65.4225,20,in,32978,2.2
65.4279,20,in,32982,62.8
65.4329,20,in,32986,21.2
65.4377,20,in,32990,7.8
65.4429,20,in,32994,51.4
65.4473,20,in,32998,56.8
65.4523,20,in,33002,28.2
65.4578,20,in,33006,42.6
65.4622,20,in,33010,18
65.4677,20,in,33014,42.8
65.4723,20,in,33018,73
65.4779,20,in,33022,38.4
65.4826,20,in,33026,9.4
65.4876,20,in,33030,32.8
65.4922,20,in,33034,34.8
65.4969,20,in,33038,24.6
65.5008,20,in,33042,43.8
65.5049,20,in,33046,68.4
65.5088,20,in,33050,77
65.5133,20,in,33054,30.4
65.5173,20,in,33058,-1.8
65.5216,20,in,33062,28.4
65.526,20,in,33066,7.6
65.531,20,in,33070,20.2
65.5354,20,in,33074,10.6
65.541,20,in,33078,47.8
65.5461,20,in,33082,69.4
65.5515,20,in,33086,32.2
65.556,20,in,33090,51
65.5607,20,in,33094,68
65.5667,20,in,33098,12.8
65.5726,20,in,33102,35.2
65.5777,20,in,33106,62.8
65.5835,20,in,33110,39.8
65.5886,20,in,33114,44.4
65.5937,20,in,33118,50.6
65.5985,20,in,33122,38.6
65.6034,20,in,33126,38.6
65.6083,20,in,33130,66
65.6135,20,in,33134,30.2
65.6186,20,in,33138,57.6
65.6236,20,in,33142,38.2
65.6288,20,in,33146,95.4
65.6335,20,in,33150,68
65.6385,20,in,33154,42
65.6437,20,in,33158,73.6
65.6487,20,in,33162,39
65.6534,20,in,33166,34.4
65.6578,20,in,33170,50.2
65.6629,20,in,33174,78.2
65.6677,20,in,33178,72.2
65.6733,20,in,33182,70.2
65.6777,20,in,33186,81.8
65.6824,20,in,33190,66.4
65.6874,20,in,33194,39.8
65.6921,20,in,33198,91.6
65.6966,20,in,33202,90.4
65.7003,20,in,33206,41.8
65.7043,20,in,33210,41
65.7091,20,in,33214,91
65.7139,20,in,33218,64.4
65.7199,20,in,33222,74.6
65.7248,20,in,33226,88.8
65.7297,20,in,33230,104
65.7341,20,in,33234,47.6
65.7386,20,in,33238,59.6
65.7431,20,in,33242,43.8
65.7475,20,in,33246,64.2
65.7519,20,in,33250,105.6
65.7561,20,in,33254,76.2
65.7606,20,in,33258,20
65.7646,20,in,33262,23.6
65.7691,20,in,33266,92.2
65.7736,20,in,33270,39.4
65.7786,20,in,33274,70.8
65.7832,20,in,33278,42.6
65.7885,20,in,33282,70.6
65.7938,20,in,33286,67
65.7988,20,in,33290,32
65.8038,20,in,33294,50.2
65.808,20,in,33298,60.4
65.8129,20,in,33302,27.4
65.8176,20,in,33306,46.4
65.8221,20,in,33310,63.8
65.827,20,in,33314,80.2
65.8316,20,in,33318,56
65.8371,20,in,33322,62.8
65.8419,20,in,33326,88.2
65.8462,20,in,33330,76
65.8511,20,in,33334,46.6
65.8553,20,in,33338,50.8
65.8595,20,in,33342,112.6
65.8639,20,in,33346,72
65.87,20,in,33350,70.4
65.8749,20,in,33354,75.4
65.8793,20,in,33358,25
65.8845,20,in,33362,53.4
65.8897,20,in,33366,76.6
65.8943,20,in,33370,80
65.8995,20,in,33374,52.8
65.9034,20,in,33378,15
65.9073,20,in,33382,90
65.9113,20,in,33386,48.4
65.9153,20,in,33390,123.8
65.9191,20,in,33394,55.4
65.9245,20,in,33398,85.2
65.9289,20,in,33402,47.8
65.9328,20,in,33406,105.2
65.9372,20,in,33410,93.2
65.9421,20,in,33414,77.6
65.9465,20,in,33418,101
65.951,20,in,33422,80.8
65.9551,20,in,33426,96.8
65.96,20,in,33430,108
65.9644,20,in,33434,66
65.9684,20,in,33438,71.8
65.9719,20,in,33442,93.6
65.9764,20,in,33446,82.4
65.9818,20,in,33450,84.8
65.9868,20,in,33454,55.6
65.9918,20,in,33458,112.2
65.9973,20,in,33462,112.4
66.0016,20,in,33466,88
66.0059,20,in,33470,96.6
66.0106,20,in,33474,117.6
66.0161,20,in,33478,118.8
66.0212,20,in,33482,41.2
66.0263,20,in,33486,110.4
66.0306,20,in,33490,105.6
66.0357,20,in,33494,98.6
66.0402,20,in,33498,63.6
66.0448,20,in,33502,133.6
66.0495,20,in,33506,135.4
66.0543,20,in,33510,56
66.058,20,in,33514,79
66.0623,20,in,33518,114.2
66.0665,20,in,33522,30.6
66.0707,20,in,33526,102.6
66.0746,20,in,33530,119.4
66.0786,20,in,33534,72.8
66.0835,20,in,33538,60.4
66.0878,20,in,33542,82
66.0918,20,in,33546,62.4
66.0959,20,in,33550,89.4
66.1009,20,in,33554,114.6
66.1056,20,in,33558,95
66.1101,20,in,33562,116
66.1153,20,in,33566,69
66.1196,20,in,33570,118.2
66.1242,20,in,33574,95.4
66.1283,20,in,33578,141.4
66.1329,20,in,33582,94.6
66.1372,20,in,33586,97.4
66.1421,20,in,33590,130.4
66.1466,20,in,33594,96
66.1507,20,in,33598,108
66.1555,20,in,33602,86.2
66.16,20,in,33606,110.2
66.1645,20,in,33610,87
66.1687,20,in,33614,133.6
66.1729,20,in,33618,108.8
66.1776,20,in,33622,81.2
66.182,20,in,33626,95
66.1863,20,in,33630,146
66.1909,20,in,33634,131.2
66.1962,20,in,33638,137
66.2001,20,in,33642,79.8
66.2044,20,in,33646,125
66.2093,20,in,33650,90.2
66.2138,20,in,33654,107.2
66.2178,20,in,33658,144.8
66.2222,20,in,33662,116.6
66.2262,20,in,33666,101.2
66.2304,20,in,33670,95
66.2348,20,in,33674,133
66.2391,20,in,33678,109.6
66.2432,20,in,33682,131
66.2482,20,in,33686,116.8
66.2529,20,in,33690,112
66.2572,20,in,33694,97.6
66.2612,20,in,33698,165.2
66.2652,20,in,33702,169
66.2698,20,in,33706,74.6
66.2746,20,in,33710,112.8
66.2789,20,in,33714,130.6
66.2842,20,in,33718,101.8
66.2884,20,in,33722,99
66.2927,20,in,33726,125.4
66.297,20,in,33730,180
66.3015,20,in,33734,164.6
66.3055,20,in,33738,112.8
66.3097,20,in,33742,156
66.3139,20,in,33746,159
66.3184,20,in,33750,145.6
66.3232,20,in,33754,233.8
66.3273,20,in,33758,245
66.3315,20,in,33762,139.8
66.3363,20,in,33766,180.4
66.3406,20,in,33770,249.4
66.3448,20,in,33774,231.8
66.3492,20,in,33778,190
66.3535,20,in,33782,205.4
66.359,20,in,33786,254
66.3631,20,in,33790,227.8
66.3675,20,in,33794,166
66.3716,20,in,33798,223.8
66.3766,20,in,33802,209.2
66.3808,20,in,33806,222.8
66.3849,20,in,33810,266.4
66.3892,20,in,33814,200.8
66.3943,20,in,33818,222.8
66.3983,20,in,33822,202
66.4026,20,in,33826,233
66.4078,20,in,33830,195.4
66.4127,20,in,33834,246.6
66.4171,20,in,33838,279.2
66.4216,20,in,33842,261.2
66.4262,20,in,33846,225.6
66.4304,20,in,33850,263.4
66.4349,20,in,33854,201
66.4398,20,in,33858,296.2
66.4439,20,in,33862,296.6
66.4492,20,in,33866,293.2
66.4539,20,in,33870,268.4
66.4589,20,in,33874,328
66.463,20,in,33878,359.2
66.4675,20,in,33882,368
66.4715,20,in,33886,390.8
66.476,20,in,33890,376
66.4801,20,in,33894,327.2
66.485,20,in,33898,428.6
66.4895,20,in,33902,424.8
66.4936,20,in,33906,487
66.4981,20,in,33910,426.2
66.5028,20,in,33914,465.8
66.5075,20,in,33918,538.4
66.5122,20,in,33922,587.6
66.5168,20,in,33926,553
66.5211,20,in,33930,568
66.5253,20,in,33934,678.6
66.5294,20,in,33938,611
66.5334,20,in,33942,675.6
66.5389,20,in,33946,688
66.5431,20,in,33950,749.8
66.5472,20,in,33954,715.8
66.5514,20,in,33958,705.6
66.5555,20,in,33962,631.2
66.5596,20,in,33966,605.2
66.5639,20,in,33970,659.8
66.5685,20,in,33974,609.8
66.5738,20,in,33978,652
66.5784,20,in,33982,630.4
66.5828,20,in,33986,708
66.5871,20,in,33990,687
66.5926,20,in,33994,709.2
66.5966,20,in,33998,744.6
66.6009,20,in,34002,753.4
66.6047,20,in,34006,702.6
66.6099,20,in,34010,712.2
66.6141,20,in,34014,793
66.6185,20,in,34018,848.2
66.6225,20,in,34022,797.8
66.6274,20,in,34026,871
66.6317,20,in,34030,879.6
66.6363,20,in,34034,913.6
66.6406,20,in,34038,944.4
66.6456,20,in,34042,989.2
66.65,20,in,34046,1011.6
66.654,20,out,34042,912.8
66.6581,20,out,34038,975.2
66.6633,20,out,34034,861
66.6678,20,out,34030,883
66.6718,20,out,34026,891.8
66.6765,20,out,34022,1126.4
66.6816,20,out,34018,1069.8
66.6863,20,out,34014,1060.8
66.6907,20,out,34010,1103
66.6952,20,out,34006,1104.4
66.7001,20,out,34002,1088.8
66.7043,20,out,33998,1681.2
66.7089,20,out,33994,1056.2
66.7134,20,out,33990,1026.6
66.7187,20,out,33986,1204.2
66.7235,20,out,33982,1311.2
66.728,20,out,33978,1204.2
66.7329,20,out,33974,1124.4
66.7375,20,out,33970,1178.6
66.7423,20,out,33966,1720
66.747,20,out,33962,1741.4
66.7518,20,out,33958,1840.8
66.7561,20,out,33954,1815
66.7603,20,out,33950,1733.2
66.7645,20,out,33946,1769.8
66.7686,20,out,33942,1764
66.773,20,out,33938,1809
66.7776,20,out,33934,1853.2
66.7826,20,out,33930,1803.6
66.7872,20,out,33926,1838.4
66.7919,20,out,33922,1768.6
66.797,20,out,33918,1840.6
66.8019,20,out,33914,1828.6
66.8073,20,out,33910,1802.6
66.8118,20,out,33906,1801.4
66.8161,20,out,33902,1797.2
66.8204,20,out,33898,1781.6
66.8249,20,out,33894,1865
66.8287,20,out,33890,1889.4
66.8324,20,out,33886,1875.4
66.8361,20,out,33882,1876.2
66.8399,20,out,33878,1814
66.8446,20,out,33874,1930.2
66.8489,20,out,33870,1880.2
66.853,20,out,33866,1883.4
66.8573,20,out,33862,1907.4
66.862,20,out,33858,2003.6
66.8663,20,out,33854,1924.8
66.8704,20,out,33850,1972.6
66.8744,20,out,33846,1762.8
66.8792,20,out,33842,1911.6
66.884,20,out,33838,1908.2
66.8884,20,out,33834,1882
66.8928,20,out,33830,1979
66.8969,20,out,33826,1996.6
66.9013,20,out,33822,1560.8
66.9056,20,out,33818,1820.8
66.9097,20,out,33814,1820.4
66.9143,20,out,33810,1808.4
66.9186,20,out,33806,1806.4
66.9229,20,out,33802,1868.4
66.9271,20,out,33798,1854.2
66.9311,20,out,33794,1323.8
66.9362,20,out,33790,1325.8
66.9408,20,out,33786,1337.2
66.9454,20,out,33782,1292.6
66.9495,20,out,33778,1351
66.9546,20,out,33774,1391.2
66.9587,20,out,33770,1326.4
66.9631,20,out,33766,1356.4
66.9672,20,out,33762,1917.6
66.9721,20,out,33758,1931.2
66.9771,20,out,33754,1907.6
66.9813,20,out,33750,1940.6
66.9859,20,out,33746,1914
66.9906,20,out,33742,1849.2
66.9953,20,out,33738,1840.2
66.9999,20,out,33734,1301.8
67.0044,20,out,33730,1318.8
67.0107,20,out,33726,1276
67.0167,20,out,33722,1419.8
67.0217,20,out,33718,1496.2
67.0273,20,out,33714,1440.8
67.0326,20,out,33710,1417.2
67.0376,20,out,33706,1410
67.043,20,out,33702,1412.8
67.0483,20,out,33698,1417.4
67.0542,20,out,33694,1428.4
67.0591,20,out,33690,1428.2
67.0645,20,out,33686,1448.2
67.069,20,out,33682,1381.8
67.0739,20,out,33678,1398.4
67.079,20,out,33674,1386.2
67.0839,20,out,33670,1346
67.0887,20,out,33666,1381.4
67.0935,20,out,33662,1438.4
67.0989,20,out,33658,1364
67.104,20,out,33654,1318.8
67.1085,20,out,33650,1389.8
67.1133,20,out,33646,1362.6
67.1178,20,out,33642,1353.2
67.1224,20,out,33638,1333
67.1272,20,out,33634,1400.4
67.1322,20,out,33630,1357.2
67.1372,20,out,33626,1361
67.1425,20,out,33622,1375.2
67.1473,20,out,33618,1400.2
67.1522,20,out,33614,1465
67.1571,20,out,33610,1253.6
67.1618,20,out,33606,1252
67.1666,20,out,33602,1379.4
67.1718,20,out,33598,1367
67.1766,20,out,33594,1419.6
67.1813,20,out,33590,1200.6
67.1859,20,out,33586,1178
67.1914,20,out,33582,1287.6
67.197,20,out,33578,1195.6
67.2019,20,out,33574,1250.8
67.2062,20,out,33570,1342
67.2108,20,out,33566,1314
67.2153,20,out,33562,1317.8
67.2194,20,out,33558,1336.4
67.2235,20,out,33554,1282.8
67.228,20,out,33550,1275.6
67.2322,20,out,33546,1263.2
67.2364,20,out,33542,1258.2
67.2406,20,out,33538,1290.6
67.2453,20,out,33534,1356.8
67.2497,20,out,33530,1280
67.2539,20,out,33526,1286
67.258,20,out,33522,1299.2
67.2632,20,out,33518,1263.2
67.2673,20,out,33514,1261.2
67.2714,20,out,33510,1237.8
67.2757,20,out,33506,1234.6
67.2808,20,out,33502,1306.2
67.2848,20,out,33498,1299.8
67.2892,20,out,33494,1356
67.2938,20,out,33490,1251.8
67.2992,20,out,33486,1153.4
67.3031,20,out,33482,1138
67.3074,20,out,33478,1185.2
67.3117,20,out,33474,1197
67.3164,20,out,33470,1181.8
67.3207,20,out,33466,1241.4
67.325,20,out,33462,1158.6
67.3293,20,out,33458,1224.2
67.3339,20,out,33454,1232
67.3381,20,out,33450,1150.4
67.3425,20,out,33446,1201.2
67.3463,20,out2,33396,1113.6
67.3517,20,out2,33346,1221.8
67.3561,20,out2,33296,1228.2
67.3604,20,out2,33246,1225
67.3647,20,out2,33196,1262.6
67.3702,20,out2,33146,1190.6
67.3745,20,out2,33096,1175.6
67.3787,20,out2,33046,1256.4
67.3832,20,out2,32996,1131.8
67.3872,20,out2,32946,1307.2
67.3913,20,out2,32896,1264.2
67.3956,20,out2,32846,1345
67.3997,20,out2,32796,1289.2
67.4043,20,out2,32746,1135.6
67.409,20,out2,32696,1040.4
67.4131,20,out2,32646,995.4
67.4172,20,out2,32596,995.2
67.4222,20,out2,32546,997.4
67.4266,20,out2,32496,911
67.4306,20,out2,32446,921.4
67.4348,20,out2,32396,795.2
67.4386,20,out2,32346,897.6
67.4428,20,out2,32296,795.4
67.4478,20,out2,32246,341.6
67.452,20,out2,32196,356.4
67.4565,20,out2,32146,131.4
