t,cycle,phase,z,adc
262.92,0,start,33024,1474.8
262.9266,0,pre,32824,686
262.9322,0,pre,32624,172.4
262.938,0,pre,32424,189.2
262.9439,0,pre,32224,19.6
262.9492,0,pre,32224,-38
262.9544,0,find,32240,5.4
262.9598,0,find,32256,1.8
262.9654,0,find,32272,-23
262.9705,0,find,32288,19.2
262.9753,0,find,32304,40
262.9807,0,find,32320,-15
262.9852,0,find,32336,-40.6
262.9899,0,find,32352,-9.4
262.9944,0,find,32368,0.8
262.9997,0,find,32384,-7.8
263.0043,0,find,32400,23.4
263.0091,0,find,32416,50.8
263.0138,0,find,32432,-2.4
263.0185,0,find,32448,-16
263.0237,0,find,32464,11.2
263.0289,0,find,32480,15.6
263.0336,0,find,32496,-37.4
263.0394,0,find,32512,-1
263.0442,0,find,32528,-21.2
263.0491,0,find,32544,13.4
263.0545,0,find,32560,32.2
263.0589,0,find,32576,-21.8
263.0635,0,find,32592,5.4
263.069,0,find,32608,21
263.0739,0,find,32624,2.2
263.0785,0,find,32640,-17.4
263.0833,0,find,32656,-4
263.0882,0,find,32672,17.6
263.0927,0,find,32688,13.8
263.0971,0,find,32704,14.8
263.1016,0,find,32720,26.4
263.107,0,find,32736,32
263.1116,0,find,32752,19.6
263.1162,0,find,32768,-30
263.121,0,find,32784,-6.4
263.1255,0,find,32800,78.6
263.1301,0,find,32816,38.2
263.1349,0,find,32832,-4.8
263.139,0,find,32848,3
263.1437,0,find,32864,4
263.1477,0,find,32880,-17.8
263.1521,0,find,32896,22.4
263.1561,0,find,32912,-46.8
263.1603,0,find,32928,-3.2
263.1645,0,find,32944,14.8
263.1688,0,find,32960,52.2
263.1731,0,find,32976,-7.2
263.1781,0,find,32992,34
263.1831,0,find,33008,23.2
263.1874,0,find,33024,-2.2
263.1915,0,find,33040,19.4
263.1961,0,find,33056,71.8
263.2008,0,find,33072,42
263.2057,0,find,33088,124.6
263.2102,0,find,33104,86.6
263.2144,0,find,33120,90
263.2189,0,find,33136,219.2
263.2237,0,find,33152,183
263.2281,0,find,33168,179
263.2336,0,find,33184,166.4
263.2385,0,find,33200,127.8
263.2431,0,find,33216,256.4
263.2478,0,find,33232,228.8
263.2526,0,find,33248,242
263.2579,0,find,33264,131.6
263.2624,0,find,33280,157
263.2668,0,find,33296,291.8
263.2715,0,find,33312,408
263.2761,0,find,33328,454.8
263.2812,0,find,33344,373.8
263.2865,0,find,33360,379
263.2915,0,find,33376,393.8
263.2965,0,find,33392,327.8
263.302,0,find,33408,385
263.3069,0,find,33424,424
263.3116,0,find,33440,400.6
263.3165,0,find,33456,477.4
263.321,0,find,33472,418
263.326,0,find,33488,458.2
263.3305,0,find,33504,396.2
263.3348,0,find,33520,407.8
263.3397,0,find,33536,475
263.3444,0,find,33552,448.8
263.3498,0,find,33568,445.2
263.3543,0,find,33584,550.8
263.3593,0,find,33600,571.2
263.3635,0,find,33616,730.8
263.3679,0,find,33632,617
263.3722,0,find,33648,662
263.377,0,find,33664,669.2
263.3814,0,find,33680,886.4
263.3859,0,find,33696,674.8
263.3902,0,find,33712,668.2
263.3943,0,find,33728,656.8
263.3984,0,find,33744,642
263.4025,0,find,33760,939.4
263.4062,0,find,33776,968.6
263.4114,0,find,33792,850.2
263.4156,0,find,33808,770.4
263.4204,0,find,33824,823.8
263.4252,0,find,33840,973.2
263.4305,0,find,33856,918.6
263.4352,0,find,33872,796.8
263.4403,0,find,33888,842
263.4451,0,find,33904,784.8
263.4497,0,find,33920,851
263.4545,0,find,33936,915.8
263.4588,0,find,33952,845.6
263.4633,0,find,33968,1117
263.4678,0,pre,33368,540.4
263.4724,1,in,33368,1543.8
263.4769,1,pre,32768,28.8
263.4814,1,in,32772,281.8
263.4857,1,in,32776,753.8
263.4901,1,in,32780,822.6
263.494,1,in,32784,706.8
263.4982,1,in,32788,729.8
263.5022,1,in,32792,825.6
263.5062,1,in,32796,796.4
263.5102,1,in,32800,751.2
263.5142,1,in,32804,758.8
263.5185,1,in,32808,749.2
263.5228,1,in,32812,859.8
263.5271,1,in,32816,939.2
263.5312,1,in,32820,897.6
263.5358,1,in,32824,950.8
263.5401,1,in,32828,1115
263.5451,1,out,32824,836.6
263.5497,1,out,32820,851.2
263.5549,1,out,32816,812.4
263.5596,1,out,32812,914
263.5649,1,out,32808,823.4
263.5699,1,out,32804,886.2
263.5743,1,out,32800,939.4
263.5787,1,out,32796,861.8
263.5829,1,out,32792,822.6
263.5872,1,out,32788,936
263.5919,1,out,32784,1056.2
263.5965,1,out,32780,1041.6
263.6018,1,out,32776,981.8
263.6065,1,out,32772,992.8
263.6116,1,out,32768,1052.4
263.6161,1,out,32764,999
263.6206,1,out,32760,999
263.6251,1,out,32756,1051.2
263.6293,1,out,32752,999.4
263.6337,1,out,32748,1035.6
263.6378,1,out,32744,982.2
263.6426,1,out,32740,949.2
263.6472,1,out,32736,912.4
263.6522,1,out,32732,999.6
263.6583,1,out,32728,968.2
263.663,1,out,32724,981.2
263.6673,1,out,32720,932.4
263.6721,1,out,32716,1071.6
263.6772,1,out,32712,917.4
263.6815,1,out,32708,880.6
263.6856,1,out,32704,1003
263.6899,1,out,32700,863.8
263.694,1,out,32696,879.6
263.6982,1,out,32692,928.4
263.7022,1,out,32688,862.4
263.7061,1,out,32684,906.2
263.7104,1,out,32680,991.6
263.7145,1,out,32676,958
263.7186,1,out,32672,1050.2
263.7231,1,out,32668,1124.2
263.7271,1,out,32664,1034
263.7311,1,out,32660,1078.8
263.7349,1,out,32656,934.2
263.739,1,out,32652,911.4
263.743,1,out,32648,904.4
263.747,1,out,32644,716.4
263.751,1,out,32640,869
263.7547,1,out,32636,884.6
263.7583,1,out,32632,950.4
263.7619,1,out,32628,986
263.7666,1,out,32624,855.2
263.7704,1,out,32620,940.8
263.7743,1,out,32616,940
263.7778,1,out,32612,1054
263.7817,1,out,32608,964
263.7858,1,out,32604,835.6
263.79,1,out,32600,897.6
263.7939,1,out,32596,930.4
263.7981,1,out,32592,843
263.802,1,out,32588,930.8
263.8061,1,out,32584,916.6
263.8101,1,out,32580,879.8
263.8139,1,out,32576,898.6
263.8182,1,out,32572,846.4
263.8224,1,out,32568,874.2
263.8265,1,out,32564,848.8
263.8307,1,out,32560,881.8
263.8356,1,out,32556,969.8
263.8403,1,out,32552,1065.8
263.8456,1,out,32548,1051.4
263.8499,1,out,32544,914.4
263.8541,1,out,32540,996
263.8582,1,out,32536,944.2
263.8619,1,out,32532,1017
263.8659,1,out,32528,982.8
263.8702,1,out,32524,1000
263.8744,1,out,32520,931.6
263.8786,1,out,32516,821.6
263.8835,1,out,32512,1017.6
263.8879,1,out,32508,954.4
263.8927,1,out,32504,944
263.8972,1,out,32500,908.8
263.9017,1,out,32496,930.6
263.9064,1,out,32492,867.6
263.9112,1,out,32488,1002.6
263.9163,1,out,32484,1024
263.9213,1,out,32480,961.6
263.9256,1,out,32476,947.6
263.9301,1,out,32472,956
263.9348,1,out,32468,962.8
263.9397,1,out,32464,944.4
263.9446,1,out,32460,891.6
263.9486,1,out,32456,929
263.953,1,out,32452,1042.2
263.9574,1,out,32448,1006.6
263.9627,1,out,32444,894.2
263.9671,1,out,32440,883.2
263.9716,1,out,32436,852
263.9767,1,out,32432,1001.2
263.9819,1,out,32428,984
263.9866,1,out,32424,1196.6
263.991,1,out,32420,967
263.9957,1,out,32416,1046.4
264.0002,1,out,32412,1054.2
264.0045,1,out,32408,997
264.0091,1,out,32404,1100.8
264.0132,1,out,32400,912.8
264.0175,1,out,32396,960.2
264.0216,1,out,32392,987.4
264.026,1,out,32388,1021.4
264.03,1,out,32384,1065.4
264.0341,1,out,32380,803.6
264.0391,1,out,32376,854.8
264.0435,1,out,32372,1006.6
264.0477,1,out,32368,948
264.053,1,out,32364,882.2
264.0573,1,out,32360,1064.8
264.0618,1,out,32356,1090.4
264.0665,1,out,32352,1024.8
264.0717,1,out,32348,1022.8
264.0763,1,out,32344,978
264.0809,1,out,32340,972
264.0854,1,out,32336,961
264.0897,1,out,32332,1138.6
264.094,1,out,32328,1100.2
264.0984,1,out,32324,1081
264.104,1,out,32320,1092.4
264.1084,1,out,32316,1127.2
264.1129,1,out,32312,1066.6
264.1171,1,out,32308,1103.2
264.1223,1,out,32304,918.8
264.1267,1,out,32300,927
264.1317,1,out,32296,853.2
264.1376,1,out,32292,888.8
264.1422,1,out,32288,845.4
264.147,1,out,32284,873.8
264.152,1,out,32280,837
264.1564,1,out,32276,987.6
264.1612,1,out,32272,1033
264.1657,1,out,32268,1135.2
264.1702,1,out,32264,1133.8
264.1742,1,out,32260,929.8
264.1786,1,out,32256,1193.8
264.1828,1,out,32252,1175
264.187,1,out,32248,914.8
264.1908,1,out,32244,920.6
264.1949,1,out,32240,964.8
264.199,1,out,32236,902.6
264.2033,1,out,32232,857.4
264.2072,1,out,32228,750.4
264.2111,1,out2,32178,741.8
264.2152,1,out2,32128,589.2
264.2195,1,out2,32078,147
264.2232,2,in,32078,128.6
264.2266,2,in,32082,139.6
264.2304,2,in,32086,149
264.2342,2,in,32090,161.8
264.2376,2,in,32094,153.2
264.2412,2,in,32098,138.6
264.2445,2,in,32102,143.2
264.2479,2,in,32106,122.4
264.2514,2,in,32110,161.4
264.2551,2,in,32114,176.6
264.2585,2,in,32118,162.2
264.2623,2,in,32122,143
264.266,2,in,32126,86.8
264.2698,2,in,32130,164.8
264.2735,2,in,32134,139
264.277,2,in,32138,169.6
264.2803,2,in,32142,129.8
264.2845,2,in,32146,149.8
264.2879,2,in,32150,174.6
264.2915,2,in,32154,150.6
264.2951,2,in,32158,159.8
264.2989,2,in,32162,106.4
264.3029,2,in,32166,117.8
264.3064,2,in,32170,167.6
264.3103,2,in,32174,132.2
264.3139,2,in,32178,141.6
264.3179,2,in,32182,130.8
264.3217,2,in,32186,162
264.3257,2,in,32190,133.4
264.3292,2,in,32194,136.8
264.3331,2,in,32198,105.6
264.3373,2,in,32202,87.6
264.3412,2,in,32206,124.6
264.3454,2,in,32210,129.6
264.3498,2,in,32214,94.2
264.3534,2,in,32218,122.4
264.3572,2,in,32222,179.2
264.3608,2,in,32226,132.4
264.3644,2,in,32230,147.4
264.3682,2,in,32234,133.6
264.3724,2,in,32238,124.2
264.3765,2,in,32242,142.4
264.3802,2,in,32246,152.8
264.3843,2,in,32250,119.6
264.3884,2,in,32254,143.2
264.3929,2,in,32258,155.6
264.3974,2,in,32262,102.8
264.4016,2,in,32266,123.6
264.4061,2,in,32270,174
264.4102,2,in,32274,126.6
264.4145,2,in,32278,156.4
264.4186,2,in,32282,133
264.4231,2,in,32286,140
264.4275,2,in,32290,148
264.432,2,in,32294,159.6
264.4365,2,in,32298,137
264.4407,2,in,32302,116.4
264.4446,2,in,32306,155.6
264.4487,2,in,32310,192.2
264.4529,2,in,32314,164.2
264.4571,2,in,32318,151.6
264.4615,2,in,32322,161.8
264.4657,2,in,32326,109.6
264.4701,2,in,32330,182.2
264.4748,2,in,32334,164.4
264.4802,2,in,32338,126
264.4844,2,in,32342,155.6
264.4884,2,in,32346,135.2
264.4925,2,in,32350,191.6
264.4966,2,in,32354,104.4
264.5013,2,in,32358,125.8
264.5054,2,in,32362,165.4
264.5093,2,in,32366,117.8
264.5134,2,in,32370,147.4
264.5177,2,in,32374,144.8
264.5219,2,in,32378,137.6
264.526,2,in,32382,128.8
264.53,2,in,32386,134.2
264.5348,2,in,32390,80
264.5388,2,in,32394,122.6
264.5431,2,in,32398,195.8
264.5477,2,in,32402,120.2
264.5522,2,in,32406,149.4
264.5564,2,in,32410,104.2
264.5609,2,in,32414,171.6
264.5653,2,in,32418,223
264.5694,2,in,32422,210.6
264.5737,2,in,32426,202
264.5777,2,in,32430,204.8
264.5821,2,in,32434,138.6
264.5863,2,in,32438,200.2
264.5906,2,in,32442,191.2
264.5949,2,in,32446,117.8
264.5991,2,in,32450,164.6
264.6036,2,in,32454,189.6
264.6082,2,in,32458,175.2
264.6129,2,in,32462,177
264.6181,2,in,32466,166.4
264.6239,2,in,32470,182
264.6293,2,in,32474,167.4
264.635,2,in,32478,136.2
264.6411,2,in,32482,123.8
264.646,2,in,32486,96.2
264.6506,2,in,32490,198.4
264.6549,2,in,32494,200.8
264.6594,2,in,32498,220.2
264.6637,2,in,32502,140.4
264.6678,2,in,32506,201.2
264.6718,2,in,32510,166.6
264.6758,2,in,32514,263.6
264.6798,2,in,32518,266.4
264.6845,2,in,32522,221.2
264.689,2,in,32526,242
264.6932,2,in,32530,122
264.6976,2,in,32534,184.8
264.7024,2,in,32538,227.2
264.7069,2,in,32542,200.8
264.7112,2,in,32546,137.6
264.7157,2,in,32550,130.6
264.7198,2,in,32554,193.4
264.7238,2,in,32558,199.6
264.7283,2,in,32562,175.6
264.7324,2,in,32566,231.8
264.7366,2,in,32570,269
264.7414,2,in,32574,247
264.7458,2,in,32578,236.6
264.7503,2,in,32582,227.4
264.7548,2,in,32586,216.2
264.7593,2,in,32590,273.8
264.764,2,in,32594,197
264.7685,2,in,32598,176
264.7725,2,in,32602,212.8
264.7767,2,in,32606,219.8
264.7812,2,in,32610,223.2
264.7855,2,in,32614,293.2
264.7901,2,in,32618,235.6
264.7946,2,in,32622,219.8
264.7993,2,in,32626,200.2
264.8041,2,in,32630,251.4
264.8084,2,in,32634,249.2
264.8125,2,in,32638,230.2
264.8167,2,in,32642,187
264.8212,2,in,32646,200.2
264.8253,2,in,32650,188.8
264.8294,2,in,32654,173.4
264.8338,2,in,32658,247.8
264.8383,2,in,32662,411.8
264.8425,2,in,32666,448.8
264.8468,2,in,32670,397.8
264.8511,2,in,32674,348.8
264.8565,2,in,32678,248.2
264.8608,2,in,32682,320.8
264.8654,2,in,32686,304.4
264.8703,2,in,32690,354.8
264.8749,2,in,32694,345.6
264.8791,2,in,32698,316
264.8842,2,in,32702,296
264.8887,2,in,32706,381.6
264.8933,2,in,32710,329
264.8981,2,in,32714,393.4
264.9026,2,in,32718,389.6
264.9082,2,in,32722,352.6
264.913,2,in,32726,375
264.918,2,in,32730,330.4
264.9222,2,in,32734,405.6
264.9273,2,in,32738,419.4
264.932,2,in,32742,374
264.9364,2,in,32746,420.6
264.9415,2,in,32750,373.2
264.9462,2,in,32754,382.6
264.9506,2,in,32758,284
264.955,2,in,32762,367.8
264.9596,2,in,32766,410.8
264.964,2,in,32770,422.6
264.9686,2,in,32774,362.8
264.9738,2,in,32778,377.8
264.9787,2,in,32782,416.2
264.9832,2,in,32786,331.8
264.9877,2,in,32790,341.4
264.9928,2,in,32794,322
264.9977,2,in,32798,331.4
265.0022,2,in,32802,341.6
265.0066,2,in,32806,326.6
265.0114,2,in,32810,231.4
265.0162,2,in,32814,270.6
265.0209,2,in,32818,270.4
265.0258,2,in,32822,368.8
265.0307,2,in,32826,244.6
265.0355,2,in,32830,313.8
265.0403,2,in,32834,294
265.0454,2,in,32838,314.4
265.0502,2,in,32842,310.2
265.0549,2,in,32846,357
265.0592,2,in,32850,358.2
265.0641,2,in,32854,325.2
265.0688,2,in,32858,378.2
265.0736,2,in,32862,318.6
265.0783,2,in,32866,317.8
265.0828,2,in,32870,325.2
265.0892,2,in,32874,386
265.0936,2,in,32878,455
265.0984,2,in,32882,382
265.1033,2,in,32886,422
265.1081,2,in,32890,386.8
265.1126,2,in,32894,344.4
265.117,2,in,32898,405.4
265.1224,2,in,32902,356.2
265.1269,2,in,32906,360.4
265.1312,2,in,32910,432.8
265.1356,2,in,32914,376
265.1405,2,in,32918,387.2
265.1453,2,in,32922,366.8
265.15,2,in,32926,388.8
265.1548,2,in,32930,454
265.1595,2,in,32934,388.8
265.1638,2,in,32938,338.2
265.168,2,in,32942,352.8
265.1723,2,in,32946,376.6
265.1768,2,in,32950,355.8
265.1809,2,in,32954,346.6
265.1852,2,in,32958,396.4
265.19,2,in,32962,431.6
265.1947,2,in,32966,405
265.1995,2,in,32970,336
265.2042,2,in,32974,409.4
265.2092,2,in,32978,399.8
265.2141,2,in,32982,432.2
265.218,2,in,32986,381.8
265.2219,2,in,32990,397.8
265.226,2,in,32994,359.6
265.2305,2,in,32998,453.8
265.2352,2,in,33002,481.6
265.2397,2,in,33006,370.2
265.2445,2,in,33010,402.2
265.25,2,in,33014,482
265.2549,2,in,33018,387.6
265.2598,2,in,33022,506.6
265.2648,2,in,33026,499.8
265.2697,2,in,33030,530
265.2741,2,in,33034,378.4
265.2784,2,in,33038,430.4
265.2831,2,in,33042,428.4
265.2876,2,in,33046,362.2
265.2924,2,in,33050,433.8
265.2967,2,in,33054,390.4
265.3011,2,in,33058,341
265.3058,2,in,33062,427.6
265.3101,2,in,33066,387.6
265.3146,2,in,33070,456.4
265.3189,2,in,33074,452.8
265.3231,2,in,33078,440.6
265.3277,2,in,33082,385.2
265.3323,2,in,33086,388
265.3374,2,in,33090,412.4
265.342,2,in,33094,420.6
265.3464,2,in,33098,411.8
265.3511,2,in,33102,426.4
265.3566,2,in,33106,473.8
265.362,2,in,33110,489.2
265.3665,2,in,33114,544.8
265.3708,2,in,33118,574.4
265.3758,2,in,33122,471.4
265.3805,2,in,33126,514
265.3847,2,in,33130,528
265.3893,2,in,33134,581.4
265.3947,2,in,33138,658
265.3992,2,in,33142,471.4
265.4029,2,in,33146,460.4
265.4068,2,in,33150,551.4
265.4118,2,in,33154,536.8
265.4162,2,in,33158,545.2
265.422,2,in,33162,533.8
265.4268,2,in,33166,566.2
265.4318,2,in,33170,635.6
265.4365,2,in,33174,596.2
265.4414,2,in,33178,624.4
265.4465,2,in,33182,453.4
265.4516,2,in,33186,487.4
265.4567,2,in,33190,570.6
265.461,2,in,33194,595
265.4654,2,in,33198,660.8
265.4704,2,in,33202,549.2
265.4758,2,in,33206,537.6
265.4806,2,in,33210,651.4
265.4855,2,in,33214,505.2
265.4907,2,in,33218,610.6
265.496,2,in,33222,495
265.5011,2,in,33226,659
265.5057,2,in,33230,649.6
265.5102,2,in,33234,606
265.515,2,in,33238,609.6
265.5198,2,in,33242,681
265.5242,2,in,33246,519.6
265.5288,2,in,33250,487.6
265.5343,2,in,33254,616.8
265.539,2,in,33258,513
265.5436,2,in,33262,532
265.5487,2,in,33266,706.4
265.5533,2,in,33270,733.4
265.5581,2,in,33274,782.2
265.5629,2,in,33278,735.6
265.5674,2,in,33282,843.4
265.572,2,in,33286,727.4
265.577,2,in,33290,696.6
265.5818,2,in,33294,741.6
265.5865,2,in,33298,638
265.5915,2,in,33302,665.8
265.596,2,in,33306,659.8
265.6004,2,in,33310,772.6
265.6054,2,in,33314,816.2
265.61,2,in,33318,850.6
265.6144,2,in,33322,766
265.6187,2,in,33326,768
265.6238,2,in,33330,928.6
265.6287,2,in,33334,878
265.6338,2,in,33338,887.6
265.6384,2,in,33342,772.8
265.6433,2,in,33346,910.6
265.648,2,in,33350,895
265.6525,2,in,33354,1034
265.6578,2,out,33350,1055
265.663,2,out,33346,1145.6
265.6674,2,out,33342,928
265.6721,2,out,33338,895
265.677,2,out,33334,1024
265.6814,2,out,33330,1026.2
265.686,2,out,33326,1053
265.6905,2,out,33322,1162.4
265.6946,2,out,33318,1280.6
265.6994,2,out,33314,1213.6
265.7043,2,out,33310,1128.8
265.7086,2,out,33306,1119.2
265.7142,2,out,33302,1222.2
265.7188,2,out,33298,1177.6
265.7235,2,out,33294,1202.8
265.7283,2,out,33290,1203.4
265.7332,2,out,33286,1133.2
265.7382,2,out,33282,1093.2
265.7442,2,out,33278,1286.6
265.7492,2,out,33274,1268.2
265.7551,2,out,33270,1301
265.7603,2,out,33266,1380
265.7651,2,out,33262,1276.2
265.7698,2,out,33258,1415
265.774,2,out,33254,1290.2
265.7786,2,out,33250,1316.2
265.7836,2,out,33246,1400.2
265.7887,2,out,33242,1511.8
265.7935,2,out,33238,1547.8
265.7976,2,out,33234,1309.2
265.8013,2,out,33230,1094.2
265.8055,2,out,33226,1109.6
265.8095,2,out,33222,986
265.8137,2,out,33218,1087.8
265.819,2,out,33214,1006.2
265.8254,2,out,33210,1210.8
265.83,2,out,33206,1158.2
265.8355,2,out,33202,966.2
265.8409,2,out,33198,1013.6
265.8463,2,out,33194,965.2
265.8523,2,out,33190,917.8
265.8582,2,out,33186,965.6
265.863,2,out,33182,910.2
265.8685,2,out,33178,859.4
265.8742,2,out,33174,932.4
265.8797,2,out,33170,938.2
265.8843,2,out,33166,1005.6
265.8892,2,out,33162,912.8
265.8938,2,out,33158,962.6
265.8986,2,out,33154,952.8
265.903,2,out,33150,929
265.9081,2,out,33146,971.6
265.913,2,out,33142,1048.6
265.9174,2,out,33138,1019
265.9224,2,out,33134,1051
265.9272,2,out,33130,1079.2
265.9325,2,out,33126,1112.8
265.9372,2,out,33122,1107.2
265.9421,2,out,33118,995.2
265.9475,2,out,33114,1000.6
265.952,2,out,33110,1074.4
265.9563,2,out,33106,1083.4
265.9612,2,out,33102,1073
265.9658,2,out,33098,983.6
265.9712,2,out,33094,1128
265.9761,2,out,33090,1184.8
265.9799,2,out,33086,1119.8
265.984,2,out,33082,1050.6
265.9876,2,out,33078,1055
265.9913,2,out,33074,1078.2
265.9955,2,out,33070,1070
266.0002,2,out,33066,957
266.0046,2,out,33062,924.6
266.0092,2,out,33058,1010
266.0138,2,out,33054,1179
266.0188,2,out,33050,1123.4
266.0231,2,out,33046,1250.6
266.0275,2,out,33042,1344.2
266.0319,2,out,33038,1222
266.036,2,out,33034,1190.4
266.0405,2,out,33030,1165.8
266.0444,2,out,33026,1143.4
266.0487,2,out,33022,943.8
266.0531,2,out,33018,1106.6
266.0576,2,out,33014,1019.2
266.0619,2,out,33010,1068.4
266.0664,2,out,33006,1063
266.0711,2,out,33002,1182
266.0759,2,out,32998,1131.2
266.0807,2,out,32994,992
266.0853,2,out,32990,1058.4
266.0903,2,out,32986,1067.6
266.0943,2,out,32982,1058
266.0983,2,out,32978,1000.8
266.1026,2,out,32974,1048
266.1074,2,out,32970,1071.6
266.1126,2,out,32966,1120.6
266.1172,2,out,32962,1237.2
266.1216,2,out,32958,1090.8
266.1268,2,out,32954,1096.6
266.1314,2,out,32950,1084.8
266.1364,2,out,32946,1271
266.1412,2,out,32942,1211.4
266.1457,2,out,32938,1137.6
266.1502,2,out,32934,1163.4
266.1548,2,out,32930,1150.4
266.1595,2,out,32926,1093.4
266.1643,2,out,32922,1060.6
266.1687,2,out,32918,1126.4
266.1729,2,out,32914,1102.2
266.1774,2,out,32910,922.8
266.1819,2,out,32906,814.8
266.1862,2,out,32902,866.4
266.1909,2,out,32898,863
266.1956,2,out,32894,1043.2
266.2003,2,out,32890,990
266.2048,2,out,32886,922.2
266.2099,2,out,32882,952.8
266.2153,2,out,32878,967
266.2204,2,out,32874,1010.6
266.2257,2,out,32870,926.6
266.2304,2,out,32866,965.8
266.2359,2,out,32862,993.6
266.2407,2,out,32858,964.8
266.2453,2,out,32854,947.6
266.2499,2,out,32850,822
266.2546,2,out,32846,851.6
266.2599,2,out,32842,907.6
266.2647,2,out,32838,936.6
266.2706,2,out,32834,892
266.2752,2,out,32830,917.6
266.2798,2,out,32826,802.2
266.2845,2,out,32822,831.6
266.2896,2,out,32818,856.2
266.2941,2,out,32814,826.8
266.299,2,out,32810,835.6
266.304,2,out,32806,812.8
266.3089,2,out,32802,868
266.3135,2,out,32798,910.2
266.3184,2,out,32794,882.8
266.3227,2,out,32790,837.4
266.3271,2,out,32786,832.8
266.3323,2,out,32782,872.4
266.3367,2,out,32778,923.2
266.3409,2,out,32774,957.6
266.3452,2,out,32770,855.6
266.3498,2,out,32766,947.6
266.3547,2,out,32762,881.2
266.3606,2,out,32758,925.4
266.3656,2,out,32754,878.8
266.3703,2,out2,32704,904
266.3749,2,out2,32654,984.2
266.3799,2,out2,32604,859.4
266.3848,2,out2,32554,870.4
266.3896,2,out2,32504,837.8
266.3944,2,out2,32454,871.2
266.3986,2,out2,32404,597.8
266.4033,2,out2,32354,630.2
266.4083,2,out2,32304,556.6
266.4147,2,out2,32254,516.6
266.4194,2,out2,32204,597.6
266.4247,2,out2,32154,173.2
266.43,2,out2,32104,41.2
266.4347,3,in,32104,32.8
266.4391,3,in,32108,47.2
266.4439,3,in,32112,45
266.4489,3,in,32116,-8
266.4532,3,in,32120,20.4
266.4579,3,in,32124,34.2
266.4624,3,in,32128,52.2
266.468,3,in,32132,-4.2
266.4728,3,in,32136,0.4
266.4774,3,in,32140,0.8
266.4818,3,in,32144,-0.6
266.4868,3,in,32148,21.4
266.4917,3,in,32152,-0.4
266.496,3,in,32156,13.2
266.5,3,in,32160,40.8
266.5047,3,in,32164,28.6
266.5094,3,in,32168,55.4
266.5138,3,in,32172,64.2
266.5187,3,in,32176,-3.4
266.5232,3,in,32180,25.6
266.5276,3,in,32184,17.4
266.5319,3,in,32188,5
266.536,3,in,32192,-0.6
266.5402,3,in,32196,45.4
266.5446,3,in,32200,8.8
266.5486,3,in,32204,12.8
266.5527,3,in,32208,11.2
266.5573,3,in,32212,44.4
266.5617,3,in,32216,24.4
266.566,3,in,32220,69.6
266.5701,3,in,32224,63.2
266.5746,3,in,32228,-0.6
266.5787,3,in,32232,28.6
266.5827,3,in,32236,-31.4
266.5865,3,in,32240,19.6
266.5907,3,in,32244,54.2
266.5951,3,in,32248,21.4
266.5995,3,in,32252,13.8
266.6033,3,in,32256,29.2
266.607,3,in,32260,21.6
266.6113,3,in,32264,-21.8
266.6149,3,in,32268,-10.4
266.6185,3,in,32272,13.2
266.6227,3,in,32276,23.6
266.6266,3,in,32280,8.2
266.6304,3,in,32284,44
266.6348,3,in,32288,-5
266.6391,3,in,32292,4.6
266.6428,3,in,32296,12.4
266.6464,3,in,32300,15.2
266.6501,3,in,32304,3.4
266.6544,3,in,32308,41.6
266.658,3,in,32312,20.2
266.6618,3,in,32316,18.8
266.6654,3,in,32320,18
266.6692,3,in,32324,31.4
266.6731,3,in,32328,31
266.6769,3,in,32332,26.6
266.6811,3,in,32336,17.8
266.6853,3,in,32340,31.2
266.6892,3,in,32344,-0.2
266.6934,3,in,32348,36
266.6975,3,in,32352,23.2
266.7011,3,in,32356,42.4
266.7049,3,in,32360,45.6
266.7088,3,in,32364,18.2
266.7127,3,in,32368,27.6
266.7167,3,in,32372,22.6
266.7199,3,in,32376,37.2
266.7238,3,in,32380,43
266.7277,3,in,32384,-2.8
266.7316,3,in,32388,-13.4
266.7351,3,in,32392,59.4
266.739,3,in,32396,35.4
266.7427,3,in,32400,49
266.747,3,in,32404,-5.4
266.7511,3,in,32408,30.8
266.7548,3,in,32412,35.4
266.7586,3,in,32416,-1.4
266.7625,3,in,32420,11.6
266.7661,3,in,32424,6.2
266.77,3,in,32428,33
266.7736,3,in,32432,63.2
266.7776,3,in,32436,27.8
266.7817,3,in,32440,33.6
266.7853,3,in,32444,31.2
266.7891,3,in,32448,9.6
266.7929,3,in,32452,23.8
266.7965,3,in,32456,42.8
266.7999,3,in,32460,29
266.8036,3,in,32464,39
266.8076,3,in,32468,65.2
266.8118,3,in,32472,4.4
266.8156,3,in,32476,-16
266.8194,3,in,32480,48.8
266.8233,3,in,32484,44.2
266.8273,3,in,32488,50.2
266.8311,3,in,32492,30
266.8349,3,in,32496,41.4
266.8384,3,in,32500,59.8
266.8424,3,in,32504,65.2
266.8459,3,in,32508,47.4
266.85,3,in,32512,36
266.8541,3,in,32516,31.8
266.8577,3,in,32520,54.4
266.8616,3,in,32524,9.2
266.8656,3,in,32528,45.8
266.8692,3,in,32532,37.4
266.873,3,in,32536,55.2
266.877,3,in,32540,16.2
266.8803,3,in,32544,27
266.8844,3,in,32548,39.6
266.8882,3,in,32552,29
266.8918,3,in,32556,18
266.8956,3,in,32560,22.4
266.8992,3,in,32564,49
266.9033,3,in,32568,42.8
266.907,3,in,32572,45
266.9109,3,in,32576,80.8
266.9149,3,in,32580,31.4
266.9184,3,in,32584,34
266.9221,3,in,32588,52.8
266.9257,3,in,32592,45.6
266.9295,3,in,32596,63.2
266.9332,3,in,32600,12.2
266.9371,3,in,32604,60.4
266.9413,3,in,32608,-1.4
266.9452,3,in,32612,28.6
266.9496,3,in,32616,10.4
266.9538,3,in,32620,46.4
266.9577,3,in,32624,19.4
266.962,3,in,32628,44.6
266.9662,3,in,32632,42.4
266.9715,3,in,32636,36.8
266.9759,3,in,32640,43.4
266.9803,3,in,32644,2.2
266.9853,3,in,32648,19.6
266.9899,3,in,32652,15.6
266.9945,3,in,32656,67.4
266.9995,3,in,32660,12.6
267.0041,3,in,32664,4.2
267.009,3,in,32668,4
267.0135,3,in,32672,52.8
267.0182,3,in,32676,31.4
267.0232,3,in,32680,42.2
267.0282,3,in,32684,48.8
267.0334,3,in,32688,0.2
267.0384,3,in,32692,40.8
267.0432,3,in,32696,-24.4
267.049,3,in,32700,37
267.0538,3,in,32704,55.8
267.0588,3,in,32708,43.4
267.0639,3,in,32712,12.4
267.0684,3,in,32716,57.8
267.0731,3,in,32720,27.4
267.0775,3,in,32724,37.8
267.0831,3,in,32728,37.6
267.0876,3,in,32732,35.2
267.0919,3,in,32736,18.8
267.0963,3,in,32740,27.8
267.1018,3,in,32744,62
267.1061,3,in,32748,72.2
267.1109,3,in,32752,34.8
267.1155,3,in,32756,17.2
267.1205,3,in,32760,55.2
267.1253,3,in,32764,11.2
267.1303,3,in,32768,18.6
267.1351,3,in,32772,38.2
267.1398,3,in,32776,55.6
267.1442,3,in,32780,26.8
267.1485,3,in,32784,58
267.1527,3,in,32788,38.8
267.157,3,in,32792,93.2
267.1611,3,in,32796,2.4
267.1652,3,in,32800,42.2
267.1694,3,in,32804,-1.8
267.1743,3,in,32808,67.2
267.1789,3,in,32812,70.2
267.1838,3,in,32816,36.4
267.1883,3,in,32820,61
267.1929,3,in,32824,60.8
267.1977,3,in,32828,37
267.2023,3,in,32832,15.8
267.207,3,in,32836,73.2
267.2117,3,in,32840,48.2
267.2169,3,in,32844,50.4
267.2219,3,in,32848,34.6
267.2271,3,in,32852,60.2
267.2315,3,in,32856,24.8
267.236,3,in,32860,52.2
267.2404,3,in,32864,104.2
267.2454,3,in,32868,43.8
267.2503,3,in,32872,36.6
267.255,3,in,32876,42
267.2602,3,in,32880,36.4
267.2652,3,in,32884,54
267.2703,3,in,32888,64.8
267.2754,3,in,32892,63.2
267.281,3,in,32896,34.4
267.2857,3,in,32900,8.6
267.2905,3,in,32904,72.2
267.2958,3,in,32908,59
267.3006,3,in,32912,52
267.3051,3,in,32916,58
267.3102,3,in,32920,61.2
267.3148,3,in,32924,50.8
267.3198,3,in,32928,73.8
267.3244,3,in,32932,83.4
267.329,3,in,32936,102
267.3344,3,in,32940,67.2
267.3392,3,in,32944,60.8
267.3438,3,in,32948,73.2
267.3485,3,in,32952,71
267.3531,3,in,32956,114.6
267.3576,3,in,32960,65.6
267.3623,3,in,32964,90.2
267.3673,3,in,32968,63.8
267.3721,3,in,32972,102
267.3764,3,in,32976,53
267.3804,3,in,32980,52
267.3848,3,in,32984,105.4
267.3891,3,in,32988,58
267.3938,3,in,32992,66
267.3981,3,in,32996,9.4
267.403,3,in,33000,48.6
267.408,3,in,33004,77
267.4126,3,in,33008,57
267.4169,3,in,33012,78
267.4213,3,in,33016,107.2
267.4255,3,in,33020,33
267.4298,3,in,33024,107.2
267.4345,3,in,33028,78.8
267.4405,3,in,33032,100.2
267.4455,3,in,33036,51.4
267.4503,3,in,33040,101
267.4553,3,in,33044,92.8
267.46,3,in,33048,87.6
267.4649,3,in,33052,51
267.4696,3,in,33056,86.8
267.4742,3,in,33060,36.4
267.4791,3,in,33064,56.4
267.484,3,in,33068,85
267.4887,3,in,33072,48.2
267.4937,3,in,33076,104.4
267.4984,3,in,33080,81.4
267.503,3,in,33084,86
267.5081,3,in,33088,66.6
267.5132,3,in,33092,74
267.5177,3,in,33096,102.6
267.5225,3,in,33100,122
267.5277,3,in,33104,101.6
267.5321,3,in,33108,123.2
267.537,3,in,33112,106.8
267.5416,3,in,33116,107.2
267.5466,3,in,33120,135.8
267.5511,3,in,33124,113.6
267.5557,3,in,33128,110.4
267.5606,3,in,33132,88.4
267.5661,3,in,33136,151.6
267.5709,3,in,33140,120.8
267.5754,3,in,33144,146.4
267.5803,3,in,33148,114.8
267.5845,3,in,33152,152.2
267.5892,3,in,33156,125.8
267.5935,3,in,33160,105.6
267.5982,3,in,33164,106.4
267.6025,3,in,33168,148.6
267.6068,3,in,33172,95.4
267.611,3,in,33176,141.2
267.6159,3,in,33180,119.6
267.6208,3,in,33184,93.4
267.6254,3,in,33188,112.2
267.6304,3,in,33192,172.8
267.635,3,in,33196,133.8
267.6397,3,in,33200,145.6
267.6445,3,in,33204,93.4
267.6499,3,in,33208,97.6
267.6551,3,in,33212,105
267.6596,3,in,33216,171.2
267.665,3,in,33220,126
267.6703,3,in,33224,132.2
267.6752,3,in,33228,116.8
267.6799,3,in,33232,130.6
267.6845,3,in,33236,114.2
267.6892,3,in,33240,120.2
267.6933,3,in,33244,87.4
267.6978,3,in,33248,139.2
267.7024,3,in,33252,49.8
267.7077,3,in,33256,145.8
267.7121,3,in,33260,62.6
267.7167,3,in,33264,129.6
267.722,3,in,33268,209.2
267.7266,3,in,33272,118.8
267.731,3,in,33276,158.2
267.7353,3,in,33280,193.4
267.7409,3,in,33284,149.4
267.7453,3,in,33288,163.8
267.7494,3,in,33292,147.4
267.7535,3,in,33296,214.4
267.7576,3,in,33300,206
267.7616,3,in,33304,193
267.7657,3,in,33308,168.2
267.7703,3,in,33312,207.4
267.7752,3,in,33316,95.4
267.7798,3,in,33320,133.4
267.7844,3,in,33324,185.8
267.7891,3,in,33328,198.6
267.7938,3,in,33332,106.6
267.7984,3,in,33336,174.2
267.8032,3,in,33340,282.4
267.8074,3,in,33344,262
267.8117,3,in,33348,222
267.8162,3,in,33352,244.8
267.8208,3,in,33356,260.2
267.8255,3,in,33360,251.2
267.83,3,in,33364,241.4
267.8344,3,in,33368,256.6
267.8394,3,in,33372,238
267.8442,3,in,33376,209.2
267.8497,3,in,33380,178.6
267.8546,3,in,33384,210.4
267.8594,3,in,33388,259.8
267.8641,3,in,33392,263.6
267.8689,3,in,33396,238
267.8737,3,in,33400,281.4
267.8781,3,in,33404,239.2
267.8826,3,in,33408,200.4
267.8871,3,in,33412,263.4
267.892,3,in,33416,269
267.8962,3,in,33420,345.6
267.9007,3,in,33424,331.8
267.9056,3,in,33428,316
267.9107,3,in,33432,258.4
267.9151,3,in,33436,295.8
267.9207,3,in,33440,319.4
267.9252,3,in,33444,340.6
267.9304,3,in,33448,309.4
267.9355,3,in,33452,441.4
267.9405,3,in,33456,444.8
267.9453,3,in,33460,323.4
267.9497,3,in,33464,475.2
267.9549,3,in,33468,515.6
267.96,3,in,33472,487.4
267.9649,3,in,33476,518
267.9698,3,in,33480,510.8
267.9745,3,in,33484,479.4
267.9792,3,in,33488,481
267.984,3,in,33492,594
267.9886,3,in,33496,573.2
267.9946,3,in,33500,368.2
267.9998,3,in,33504,267.4
268.0046,3,in,33508,409.2
268.0089,3,in,33512,431.8
268.0131,3,in,33516,328.2
268.0178,3,in,33520,359.2
268.0225,3,in,33524,405.8
268.027,3,in,33528,456.6
268.0315,3,in,33532,505.8
268.0362,3,in,33536,446.8
268.0407,3,in,33540,514.2
268.0458,3,in,33544,446.8
268.0505,3,in,33548,480.6
268.0553,3,in,33552,510
268.0596,3,in,33556,482.8
268.0644,3,in,33560,530.6
268.0693,3,in,33564,564.8
268.074,3,in,33568,632.8
268.0783,3,in,33572,644.2
268.0827,3,in,33576,488.2
268.0869,3,in,33580,568.4
268.0914,3,in,33584,726
268.0964,3,in,33588,928
268.1008,3,in,33592,995.2
268.105,3,in,33596,973.4
268.1095,3,in,33600,1004.6
268.1146,3,out,33596,1078.4
268.119,3,out,33592,998.8
268.1237,3,out,33588,1032.4
268.1293,3,out,33584,1032.4
268.1344,3,out,33580,936.2
268.1394,3,out,33576,966.4
268.1448,3,out,33572,962.8
268.1495,3,out,33568,1052
268.1542,3,out,33564,1067.8
268.1586,3,out,33560,1072
268.1631,3,out,33556,1081
268.1674,3,out,33552,1051.8
268.1724,3,out,33548,1136.2
268.1768,3,out,33544,1053.8
268.1813,3,out,33540,1103.6
268.1856,3,out,33536,1100
268.1901,3,out,33532,1080.4
268.1951,3,out,33528,1149
268.1996,3,out,33524,1109.4
268.2046,3,out,33520,1150.4
268.2095,3,out,33516,1140.4
268.2141,3,out,33512,1085.6
268.2186,3,out,33508,1044.8
268.2235,3,out,33504,1193.8
268.2275,3,out,33500,987.2
268.232,3,out,33496,968.4
268.2357,3,out,33492,986
268.2397,3,out,33488,1087.4
268.2434,3,out,33484,854.8
268.2474,3,out,33480,883.6
268.2514,3,out,33476,1295.2
268.2551,3,out,33472,1051.4
268.2593,3,out,33468,1034.2
268.2636,3,out,33464,1046
268.2686,3,out,33460,1087.2
268.2729,3,out,33456,1157
268.2775,3,out,33452,1080.2
268.2818,3,out,33448,1108.4
268.2863,3,out,33444,1144.8
268.2908,3,out,33440,1081.2
268.2954,3,out,33436,1112
268.3,3,out,33432,1108.6
268.3047,3,out,33428,1213.2
268.3097,3,out,33424,1285
268.3142,3,out,33420,1202.2
268.3187,3,out,33416,1185
268.3231,3,out,33412,1205.4
268.3276,3,out,33408,1272.2
268.3318,3,out,33404,1199.4
268.3363,3,out,33400,1220.2
268.3404,3,out,33396,1257.2
268.3453,3,out,33392,1296
268.3499,3,out,33388,1264.2
268.3544,3,out,33384,1301.8
268.3599,3,out,33380,1293.4
268.3647,3,out,33376,1248.4
268.3692,3,out,33372,1324
268.3734,3,out,33368,1333.8
268.3781,3,out,33364,1207.6
268.3826,3,out,33360,1222.6
268.3869,3,out,33356,1176.8
268.3916,3,out,33352,1096.4
268.396,3,out,33348,1074
268.401,3,out,33344,1131
268.4055,3,out,33340,1076.4
268.4106,3,out,33336,1157.8
268.4151,3,out,33332,1163
268.4203,3,out,33328,1134.6
268.4251,3,out,33324,1053.8
268.4299,3,out,33320,1068.6
268.4349,3,out,33316,975
268.4393,3,out,33312,996.6
268.4441,3,out,33308,1024
268.4491,3,out,33304,966.8
268.4543,3,out,33300,1062.8
268.4588,3,out,33296,1097.2
268.4634,3,out,33292,1034
268.4685,3,out,33288,1054.2
268.4735,3,out,33284,1112.4
268.4784,3,out,33280,1000.8
268.4829,3,out,33276,1046.8
268.4874,3,out,33272,989.6
268.4919,3,out,33268,1029
268.4965,3,out,33264,867.6
268.5017,3,out,33260,922
268.5068,3,out,33256,974.4
268.5116,3,out,33252,850.8
268.5164,3,out,33248,987.2
268.5218,3,out,33244,1019
268.526,3,out,33240,1035
268.5305,3,out,33236,1047.2
268.5357,3,out,33232,1093.4
268.5405,3,out,33228,1048.8
268.5454,3,out,33224,964.8
268.5496,3,out,33220,958.4
268.554,3,out,33216,1005
268.5575,3,out,33212,996.2
268.5611,3,out,33208,980.2
268.5656,3,out,33204,992.6
268.571,3,out,33200,936.4
268.5755,3,out,33196,1014.4
268.5802,3,out,33192,990.8
268.5855,3,out,33188,975
268.5906,3,out,33184,992.4
268.5966,3,out,33180,927
268.6026,3,out,33176,897.6
268.6087,3,out,33172,909.4
268.614,3,out,33168,913.2
268.6194,3,out,33164,956.8
268.6245,3,out,33160,954.8
268.6296,3,out,33156,1001.4
268.6351,3,out,33152,984.4
268.64,3,out,33148,954.4
268.6449,3,out,33144,942.8
268.6494,3,out,33140,986.4
268.655,3,out,33136,851.4
268.6596,3,out,33132,896.2
268.6647,3,out,33128,786.8
268.6702,3,out,33124,936
268.6747,3,out,33120,856.2
268.6796,3,out,33116,831.8
268.6837,3,out,33112,848.4
268.6878,3,out,33108,850
268.6921,3,out,33104,873.8
268.6961,3,out,33100,876.8
268.7002,3,out,33096,1030
268.7046,3,out,33092,901.6
268.7091,3,out,33088,913.6
268.7135,3,out,33084,907.4
268.7179,3,out,33080,849.2
268.7224,3,out,33076,979.8
268.7268,3,out,33072,903.2
268.7311,3,out,33068,822.6
268.7355,3,out,33064,759.6
268.7408,3,out,33060,822.4
268.7452,3,out,33056,760.4
268.7497,3,out,33052,846.4
268.7537,3,out,33048,820.4
268.7579,3,out,33044,755.4
268.7627,3,out,33040,764.4
268.7675,3,out,33036,782.8
268.7729,3,out,33032,701.8
268.778,3,out,33028,802.8
268.7844,3,out,33024,771.2
268.7902,3,out,33020,767.2
268.7955,3,out,33016,491
268.8002,3,out,33012,576.8
268.8047,3,out,33008,444.8
268.8091,3,out,33004,741
268.8132,3,out,33000,613.4
268.8178,3,out2,32950,664.2
268.8218,3,out2,32900,782
268.8261,3,out2,32850,698.6
268.8306,3,out2,32800,580.8
268.8345,3,out2,32750,775.2
268.8384,3,out2,32700,728.2
268.8422,3,out2,32650,982.2
268.8465,3,out2,32600,683.6
268.8511,3,out2,32550,417.2
268.8561,3,out2,32500,472.4
268.8606,3,out2,32450,169
268.8649,3,out2,32400,38.8
268.8693,4,in,32400,55.4
268.8734,4,in,32404,23.6
268.878,4,in,32408,64.8
268.8828,4,in,32412,35.2
268.8874,4,in,32416,74.8
268.8919,4,in,32420,78.2
268.8965,4,in,32424,18.8
268.9009,4,in,32428,63.2
268.905,4,in,32432,-18.8
268.9093,4,in,32436,57.6
268.9143,4,in,32440,50.4
268.9191,4,in,32444,66
268.9235,4,in,32448,-0.2
268.9282,4,in,32452,38.6
268.9329,4,in,32456,34.2
268.9376,4,in,32460,41.6
268.9421,4,in,32464,25.2
268.9464,4,in,32468,70
268.9513,4,in,32472,38
268.9561,4,in,32476,83.4
268.961,4,in,32480,64.6
268.9653,4,in,32484,31.8
268.9709,4,in,32488,34.8
268.9764,4,in,32492,63.8
268.982,4,in,32496,29.8
268.9872,4,in,32500,62.4
268.9921,4,in,32504,58.8
268.9974,4,in,32508,57.4
269.0024,4,in,32512,50.8
269.0085,4,in,32516,67.2
269.0131,4,in,32520,51.8
269.0172,4,in,32524,67.2
269.0223,4,in,32528,54.2
269.0279,4,in,32532,27.2
269.0326,4,in,32536,38.4
269.0374,4,in,32540,49
269.0425,4,in,32544,26.2
269.0474,4,in,32548,37.2
269.0524,4,in,32552,36.4
269.0576,4,in,32556,60
269.0633,4,in,32560,41.2
269.0682,4,in,32564,40.6
269.0726,4,in,32568,74.6
269.0776,4,in,32572,51.8
269.0833,4,in,32576,14.4
269.0876,4,in,32580,60.2
269.0921,4,in,32584,42
269.097,4,in,32588,59
269.1011,4,in,32592,48.6
269.1059,4,in,32596,99.8
269.1104,4,in,32600,20.6
269.1149,4,in,32604,46.4
269.1197,4,in,32608,34.8
269.1247,4,in,32612,77.2
269.1298,4,in,32616,34.8
269.1349,4,in,32620,41
269.1396,4,in,32624,41.4
269.1442,4,in,32628,36.4
269.1489,4,in,32632,11
269.1539,4,in,32636,49.2
269.1585,4,in,32640,43
269.1631,4,in,32644,86.6
269.1675,4,in,32648,52
269.1721,4,in,32652,50.4
269.1777,4,in,32656,65.2
269.1834,4,in,32660,76.8
269.1889,4,in,32664,71.8
269.1944,4,in,32668,82.4
269.2,4,in,32672,62.8
269.2054,4,in,32676,41.6
269.2102,4,in,32680,73
269.2151,4,in,32684,56.6
269.2196,4,in,32688,36
269.2243,4,in,32692,68.2
269.2286,4,in,32696,33
269.2331,4,in,32700,58
269.237,4,in,32704,63.4
269.2417,4,in,32708,85.6
269.2459,4,in,32712,62.8
269.2497,4,in,32716,50.6
269.2538,4,in,32720,75.4
269.2573,4,in,32724,56.2
269.2615,4,in,32728,45.4
269.2652,4,in,32732,16.6
269.2693,4,in,32736,78.4
269.2731,4,in,32740,111.2
269.2775,4,in,32744,90
269.2813,4,in,32748,36.2
269.2851,4,in,32752,103.4
269.2893,4,in,32756,71.4
269.2937,4,in,32760,56
269.2976,4,in,32764,57
269.302,4,in,32768,64.4
269.306,4,in,32772,122.2
269.3101,4,in,32776,116.6
269.3149,4,in,32780,58.8
269.3189,4,in,32784,78.8
269.3238,4,in,32788,15.4
269.3283,4,in,32792,115.6
269.3328,4,in,32796,104
269.3369,4,in,32800,82
269.3407,4,in,32804,102.4
269.3446,4,in,32808,22.4
269.3496,4,in,32812,70.6
269.3536,4,in,32816,121.8
269.3579,4,in,32820,56.4
269.3625,4,in,32824,79.6
269.3676,4,in,32828,64.6
269.372,4,in,32832,79
269.3762,4,in,32836,66.8
269.3807,4,in,32840,73.4
269.3857,4,in,32844,87.4
269.3897,4,in,32848,96.8
269.3941,4,in,32852,82.2
269.3991,4,in,32856,73
269.4031,4,in,32860,101.4
269.407,4,in,32864,105.2
269.4118,4,in,32868,80
269.4157,4,in,32872,110.6
269.4208,4,in,32876,102.8
269.4247,4,in,32880,79.8
269.4289,4,in,32884,85.4
269.4329,4,in,32888,60.2
269.4375,4,in,32892,73.2
269.4418,4,in,32896,126.8
269.4459,4,in,32900,94.2
269.4506,4,in,32904,96
269.4548,4,in,32908,74
269.4594,4,in,32912,61.6
269.4638,4,in,32916,119
269.4681,4,in,32920,88.6
269.4729,4,in,32924,63.8
269.4775,4,in,32928,49.6
269.4815,4,in,32932,73.6
269.4859,4,in,32936,89.8
269.4916,4,in,32940,131.6
269.4959,4,in,32944,31.8
269.4999,4,in,32948,113.4
269.505,4,in,32952,153.2
269.5099,4,in,32956,80.6
269.514,4,in,32960,36.6
269.5179,4,in,32964,99.2
269.5224,4,in,32968,110.2
269.5268,4,in,32972,87.8
269.531,4,in,32976,44.4
269.5351,4,in,32980,44.8
269.5391,4,in,32984,72
269.5432,4,in,32988,48.8
269.5477,4,in,32992,87.2
269.5518,4,in,32996,113.6
269.5555,4,in,33000,108.2
269.5593,4,in,33004,118
269.5646,4,in,33008,56
269.5687,4,in,33012,32.2
269.5727,4,in,33016,6.2
269.5768,4,in,33020,60.8
269.5821,4,in,33024,19.4
269.5862,4,in,33028,87
269.5903,4,in,33032,24.8
269.5946,4,in,33036,32
269.6008,4,in,33040,61.2
269.6052,4,in,33044,89
269.6091,4,in,33048,64
269.6138,4,in,33052,67
269.6187,4,in,33056,117.6
269.6235,4,in,33060,120.6
269.6283,4,in,33064,57.6
269.633,4,in,33068,74.8
269.6372,4,in,33072,72.6
269.6413,4,in,33076,78.6
269.6455,4,in,33080,58.8
269.6498,4,in,33084,89.4
269.6544,4,in,33088,88.2
269.6595,4,in,33092,54
269.6639,4,in,33096,48.4
269.6685,4,in,33100,90.2
269.6735,4,in,33104,86.2
269.6778,4,in,33108,63.8
269.682,4,in,33112,93.6
269.6861,4,in,33116,89
269.6907,4,in,33120,120.2
269.6956,4,in,33124,90
269.6999,4,in,33128,66.4
269.7037,4,in,33132,88.2
269.7075,4,in,33136,74.8
269.7115,4,in,33140,52.4
269.7154,4,in,33144,55.8
269.7198,4,in,33148,121.2
269.7245,4,in,33152,131
269.7284,4,in,33156,110.6
269.7329,4,in,33160,110.8
269.7379,4,in,33164,136
269.7427,4,in,33168,124.6
269.7471,4,in,33172,117.2
269.7512,4,in,33176,86.8
269.7558,4,in,33180,135.6
269.7602,4,in,33184,97.2
269.7645,4,in,33188,119
269.769,4,in,33192,168.6
269.7733,4,in,33196,92.4
269.7776,4,in,33200,107.6
269.7816,4,in,33204,153.4
269.7856,4,in,33208,80
269.7895,4,in,33212,125.4
269.7934,4,in,33216,115.4
269.7974,4,in,33220,145.8
269.8014,4,in,33224,139.8
269.805,4,in,33228,136.6
269.8088,4,in,33232,110.6
269.8127,4,in,33236,79.6
269.8173,4,in,33240,118.8
269.8211,4,in,33244,127.2
269.8247,4,in,33248,98
269.8284,4,in,33252,94.2
269.833,4,in,33256,82.6
269.8371,4,in,33260,131.4
269.8412,4,in,33264,106.6
269.8451,4,in,33268,111.2
269.8501,4,in,33272,110.2
269.8545,4,in,33276,76.6
269.8589,4,in,33280,145.6
269.8636,4,in,33284,116.6
269.8683,4,in,33288,116
269.8727,4,in,33292,181.6
269.8771,4,in,33296,124
269.8816,4,in,33300,78.8
269.8869,4,in,33304,146.2
269.8917,4,in,33308,217.2
269.8957,4,in,33312,167.8
269.8998,4,in,33316,132.4
269.9049,4,in,33320,163.2
269.9095,4,in,33324,145
269.9137,4,in,33328,131
269.9177,4,in,33332,151.8
269.9224,4,in,33336,111.4
269.9267,4,in,33340,111.2
269.9311,4,in,33344,140.6
269.935,4,in,33348,131.6
269.9397,4,in,33352,203.4
269.9445,4,in,33356,182.2
269.9486,4,in,33360,155.6
269.9532,4,in,33364,146.2
269.9588,4,in,33368,127.4
269.9636,4,in,33372,128.6
269.968,4,in,33376,171.4
269.9725,4,in,33380,241
269.9773,4,in,33384,94
269.9813,4,in,33388,113.6
269.9852,4,in,33392,95.4
269.9898,4,in,33396,137.8
269.9954,4,in,33400,150.6
269.9992,4,in,33404,61.6
270.0035,4,in,33408,147.4
270.0083,4,in,33412,177.8
270.0135,4,in,33416,123.6
270.0175,4,in,33420,120
270.0216,4,in,33424,131.2
270.0256,4,in,33428,148
270.0306,4,in,33432,190.8
270.0349,4,in,33436,91.6
270.0388,4,in,33440,162
270.0426,4,in,33444,122.8
270.0466,4,in,33448,115
270.0511,4,in,33452,157.6
270.0552,4,in,33456,149.8
270.0595,4,in,33460,154
270.0636,4,in,33464,124.8
270.0682,4,in,33468,123.2
270.0721,4,in,33472,188.2
270.0763,4,in,33476,112
270.0809,4,in,33480,167.4
270.0865,4,in,33484,168.8
270.0903,4,in,33488,171.4
270.0946,4,in,33492,236.2
270.0992,4,in,33496,205
270.1043,4,in,33500,193.6
270.1084,4,in,33504,199.6
270.1127,4,in,33508,176.6
270.1173,4,in,33512,174.8
270.1228,4,in,33516,196.6
270.1267,4,in,33520,212.8
270.1311,4,in,33524,248.4
270.1356,4,in,33528,281.6
270.1412,4,in,33532,231.8
270.1452,4,in,33536,195.4
270.1493,4,in,33540,302.2
270.1533,4,in,33544,291.2
270.1579,4,in,33548,268.2
270.1626,4,in,33552,228.2
270.1669,4,in,33556,259.4
270.1714,4,in,33560,279.4
270.1772,4,in,33564,209.4
270.1812,4,in,33568,185
270.186,4,in,33572,237.8
270.191,4,in,33576,246.8
270.1951,4,in,33580,225.6
270.1995,4,in,33584,193.8
270.2038,4,in,33588,217
270.208,4,in,33592,235.8
270.2135,4,in,33596,228
270.2176,4,in,33600,304.6
270.2225,4,in,33604,255.2
270.2267,4,in,33608,212.4
270.2327,4,in,33612,214
270.2376,4,in,33616,233.6
270.2418,4,in,33620,178.8
270.246,4,in,33624,205.4
270.2517,4,in,33628,328.6
270.2562,4,in,33632,404.6
270.26,4,in,33636,328
270.2639,4,in,33640,276
270.2685,4,in,33644,424.4
270.273,4,in,33648,264.8
270.2771,4,in,33652,251
270.2812,4,in,33656,268
270.2875,4,in,33660,421.4
270.292,4,in,33664,356
270.2963,4,in,33668,374.4
270.3004,4,in,33672,401.6
270.3044,4,in,33676,422.8
270.3084,4,in,33680,455
270.3122,4,in,33684,373.4
270.3162,4,in,33688,370.8
270.3213,4,in,33692,339.8
270.3252,4,in,33696,280.2
270.3293,4,in,33700,293.4
270.334,4,in,33704,422.6
270.3387,4,in,33708,392
270.343,4,in,33712,374.4
270.3477,4,in,33716,320.6
270.3521,4,in,33720,426.4
270.3566,4,in,33724,527.8
270.3612,4,in,33728,436.8
270.3651,4,in,33732,478.8
270.3692,4,in,33736,532.6
270.3746,4,in,33740,492.6
270.3794,4,in,33744,629.4
270.3839,4,in,33748,472
270.3885,4,in,33752,542.2
270.3932,4,in,33756,484.6
270.3974,4,in,33760,536.6
270.4022,4,in,33764,533.2
270.406,4,in,33768,644.4
270.4102,4,in,33772,574.6
270.4146,4,in,33776,560.8
270.4187,4,in,33780,563.4
270.4228,4,in,33784,676.8
270.4271,4,in,33788,720.2
270.4308,4,in,33792,553.8
270.4348,4,in,33796,768.2
270.4392,4,in,33800,733.2
270.4443,4,in,33804,726.4
270.4488,4,in,33808,688.8
270.4533,4,in,33812,681.6
270.458,4,in,33816,466.8
270.4627,4,in,33820,632
270.4667,4,in,33824,582.2
270.471,4,in,33828,515.4
270.4754,4,in,33832,571.6
270.4796,4,in,33836,550.6
270.4838,4,in,33840,546.8
270.4877,4,in,33844,570.8
270.4922,4,in,33848,616
270.4964,4,in,33852,811.4
270.5012,4,in,33856,745.2
270.5057,4,in,33860,752.2
270.5103,4,in,33864,776.4
270.5152,4,in,33868,802.8
270.5201,4,in,33872,955.4
270.5247,4,in,33876,1001.8
270.5293,4,out,33872,681.2
270.5336,4,out,33868,561.6
270.5385,4,out,33864,683.2
270.543,4,out,33860,563.6
270.5472,4,out,33856,540
270.5514,4,out,33852,607
270.5558,4,out,33848,549.6
270.5607,4,out,33844,645
270.5649,4,out,33840,632.8
270.5697,4,out,33836,586
270.5742,4,out,33832,666.4
270.5785,4,out,33828,580.4
270.5823,4,out,33824,705.8
270.5864,4,out,33820,802.4
270.5906,4,out,33816,769.6
270.5946,4,out,33812,850.4
270.5984,4,out,33808,759.4
270.6027,4,out,33804,839.6
270.6074,4,out,33800,863
270.6121,4,out,33796,855.2
270.6166,4,out,33792,874
270.6213,4,out,33788,841.2
270.6258,4,out,33784,777
270.6303,4,out,33780,834
270.6347,4,out,33776,850.8
270.6395,4,out,33772,723.2
270.6445,4,out,33768,1007.4
270.6488,4,out,33764,1233.2
270.6542,4,out,33760,959.8
270.6598,4,out,33756,936
270.6648,4,out,33752,705.8
270.6698,4,out,33748,674
270.6753,4,out,33744,673
270.6808,4,out,33740,626.8
270.6862,4,out,33736,658.2
270.691,4,out,33732,638
270.6961,4,out,33728,649.6
270.7015,4,out,33724,720.2
270.7063,4,out,33720,718.4
270.7119,4,out,33716,686.2
270.7158,4,out,33712,699.4
270.7204,4,out,33708,737
270.725,4,out,33704,701.2
270.7299,4,out,33700,788.2
270.7351,4,out,33696,754
270.74,4,out,33692,676.6
270.7442,4,out,33688,701.8
270.7483,4,out,33684,773.8
270.7524,4,out,33680,688.2
270.7566,4,out,33676,755.2
270.7603,4,out,33672,679.8
270.7647,4,out,33668,703.4
270.7685,4,out,33664,714.4
270.7726,4,out,33660,733.2
270.7763,4,out,33656,633.2
270.7804,4,out,33652,695.2
270.7841,4,out,33648,618.6
270.7878,4,out,33644,718
270.7914,4,out,33640,652.4
270.795,4,out,33636,700.6
270.7989,4,out,33632,698.4
270.8033,4,out,33628,694
270.8078,4,out,33624,676
270.8128,4,out,33620,699
270.818,4,out,33616,655.8
270.8225,4,out,33612,703.4
270.8265,4,out,33608,696.8
270.831,4,out,33604,709
270.8356,4,out,33600,634
270.8396,4,out,33596,646.4
270.8437,4,out,33592,623.6
270.8477,4,out,33588,568.6
270.8518,4,out,33584,651.8
270.8559,4,out,33580,675.8
270.8603,4,out,33576,639.6
270.8644,4,out,33572,599.4
270.8679,4,out,33568,688.8
270.8717,4,out,33564,742.6
270.8752,4,out,33560,698.2
270.8793,4,out,33556,683.8
270.8829,4,out,33552,689.8
270.8869,4,out,33548,690.8
270.8908,4,out,33544,788.6
270.8947,4,out,33540,757.6
270.8982,4,out,33536,772
270.902,4,out,33532,1057
270.9064,4,out,33528,962
270.9112,4,out,33524,980.6
270.9157,4,out,33520,816.4
270.92,4,out,33516,864
270.9243,4,out,33512,962.8
270.9288,4,out,33508,935.4
270.9332,4,out,33504,965.2
270.9374,4,out,33500,967.2
270.9416,4,out,33496,916.4
270.9456,4,out,33492,799.4
270.9498,4,out,33488,903.6
270.954,4,out,33484,841.6
270.9579,4,out,33480,938.8
270.9623,4,out,33476,920
270.9663,4,out,33472,969.4
270.9701,4,out,33468,907.2
270.9738,4,out,33464,948.6
270.978,4,out,33460,914
270.9815,4,out,33456,904.2
270.9851,4,out,33452,1103.8
270.9891,4,out,33448,973.2
270.9928,4,out,33444,961.4
270.9969,4,out,33440,895.8
271.0006,4,out,33436,894.4
271.0042,4,out,33432,927.8
271.0082,4,out,33428,772.6
271.0123,4,out,33424,942
271.0165,4,out,33420,838.4
271.0201,4,out,33416,901.4
271.024,4,out,33412,874
271.0278,4,out,33408,887.4
271.0318,4,out,33404,908.6
271.036,4,out,33400,993
271.0406,4,out,33396,953.6
271.0457,4,out,33392,910
271.0506,4,out,33388,870.4
271.0551,4,out,33384,868.4
271.0595,4,out,33380,937.6
271.0642,4,out,33376,935.4
271.0697,4,out,33372,1002
271.0741,4,out,33368,965.4
271.079,4,out,33364,899.6
271.0837,4,out,33360,947.4
271.0879,4,out,33356,912
271.0923,4,out,33352,992.4
271.0966,4,out,33348,966.6
271.1015,4,out,33344,881.2
271.1061,4,out,33340,900
271.1115,4,out,33336,960.4
271.1159,4,out,33332,819.2
271.1207,4,out,33328,922.6
271.1251,4,out,33324,909.4
271.1293,4,out,33320,882.6
271.1335,4,out,33316,892.2
271.1378,4,out,33312,759.6
271.1423,4,out,33308,860.2
271.1473,4,out,33304,836.6
271.1521,4,out,33300,875.4
271.1569,4,out,33296,858.8
271.1613,4,out,33292,871.8
271.1662,4,out,33288,872.2
271.1713,4,out,33284,906.6
271.176,4,out,33280,823.2
271.1804,4,out,33276,832.4
271.1854,4,out2,33226,796.8
271.19,4,out2,33176,776.4
271.1948,4,out2,33126,655.2
271.1996,4,out2,33076,659.6
271.2041,4,out2,33026,580.6
271.2086,4,out2,32976,617.6
271.2137,4,out2,32926,662.6
271.2186,4,out2,32876,854.4
271.2231,4,out2,32826,830.2
271.2276,4,out2,32776,818.4
271.2321,4,out2,32726,598.6
271.2363,4,out2,32676,386.6
271.2404,4,out2,32626,180.2
271.2452,4,out2,32576,75.4
271.2501,5,in,32576,70.4
271.2545,5,in,32580,22.4
271.2591,5,in,32584,72.8
271.2632,5,in,32588,67.6
271.2679,5,in,32592,25.6
271.2723,5,in,32596,35.2
271.2764,5,in,32600,0.4
271.2804,5,in,32604,58.8
271.2846,5,in,32608,21.6
271.2888,5,in,32612,10.4
271.2928,5,in,32616,-36.6
271.2981,5,in,32620,4.6
271.302,5,in,32624,42
271.3061,5,in,32628,1.6
271.3101,5,in,32632,43.8
271.315,5,in,32636,-12.4
271.319,5,in,32640,58.6
271.3233,5,in,32644,79.2
271.3281,5,in,32648,39.8
271.3331,5,in,32652,10.8
271.3378,5,in,32656,17
271.3436,5,in,32660,40.2
271.3484,5,in,32664,53.4
271.3528,5,in,32668,-8.4
271.3585,5,in,32672,57.2
271.3634,5,in,32676,-10.2
271.3691,5,in,32680,58
271.3737,5,in,32684,44.4
271.3786,5,in,32688,26.4
271.3837,5,in,32692,6.4
271.3886,5,in,32696,20.2
271.3932,5,in,32700,16.8
271.3983,5,in,32704,21.6
271.4041,5,in,32708,34.6
271.4087,5,in,32712,-3.2
271.4138,5,in,32716,-0.4
271.4194,5,in,32720,20.4
271.4247,5,in,32724,31.4
271.4298,5,in,32728,46.2
271.4347,5,in,32732,39.4
271.4399,5,in,32736,26.6
271.4444,5,in,32740,33.4
271.4492,5,in,32744,18.6
271.4541,5,in,32748,51.4
271.4598,5,in,32752,-5.8
271.4644,5,in,32756,6.4
271.4688,5,in,32760,16.8
271.4738,5,in,32764,17.4
271.4786,5,in,32768,22.4
271.4833,5,in,32772,-7.8
271.4883,5,in,32776,1
271.4933,5,in,32780,19
271.4978,5,in,32784,-24.2
271.5019,5,in,32788,59.6
271.5062,5,in,32792,73
271.511,5,in,32796,19
271.5155,5,in,32800,26.2
271.5203,5,in,32804,2.2
271.5249,5,in,32808,15.6
271.5306,5,in,32812,46.4
271.5346,5,in,32816,61.4
271.5388,5,in,32820,41.6
271.5429,5,in,32824,32.8
271.548,5,in,32828,29.2
271.552,5,in,32832,43.8
271.5561,5,in,32836,10.2
271.5606,5,in,32840,19.6
271.5656,5,in,32844,14
271.5695,5,in,32848,25
271.5748,5,in,32852,4
271.5796,5,in,32856,43.4
271.5841,5,in,32860,14
271.5886,5,in,32864,-16.2
271.5932,5,in,32868,10.8
271.5976,5,in,32872,1.6
271.6017,5,in,32876,57.6
271.6057,5,in,32880,-9.8
271.6099,5,in,32884,38
271.614,5,in,32888,63
271.6183,5,in,32892,8.6
271.6225,5,in,32896,16.8
271.6269,5,in,32900,38
271.6312,5,in,32904,0.6
271.6362,5,in,32908,9.6
271.6414,5,in,32912,36.8
271.6464,5,in,32916,28.6
271.6508,5,in,32920,4.6
271.6556,5,in,32924,38.2
271.6601,5,in,32928,46
271.6646,5,in,32932,-1.6
271.6693,5,in,32936,3.6
271.6741,5,in,32940,58.4
271.678,5,in,32944,25.8
271.6824,5,in,32948,31.6
271.687,5,in,32952,47.6
271.6912,5,in,32956,57.8
271.6953,5,in,32960,46.6
271.7,5,in,32964,42
271.7045,5,in,32968,54
271.7089,5,in,32972,27.6
271.7126,5,in,32976,51.8
271.7167,5,in,32980,32.6
271.7204,5,in,32984,10.4
271.7249,5,in,32988,12.4
271.7289,5,in,32992,30
271.7328,5,in,32996,14.4
271.7367,5,in,33000,18.8
271.7407,5,in,33004,87.2
271.7446,5,in,33008,20.6
271.7488,5,in,33012,2.4
271.7531,5,in,33016,37
271.7569,5,in,33020,37.8
271.7609,5,in,33024,-2
271.7651,5,in,33028,-44.4
271.7694,5,in,33032,4
271.7736,5,in,33036,62.2
271.778,5,in,33040,-1.8
271.7825,5,in,33044,71.8
271.7866,5,in,33048,20.6
271.7908,5,in,33052,60.4
271.7949,5,in,33056,61
271.7993,5,in,33060,3
271.8034,5,in,33064,74.2
271.8076,5,in,33068,69.8
271.8123,5,in,33072,42.8
271.8167,5,in,33076,24.2
271.821,5,in,33080,59.6
271.8254,5,in,33084,46.8
271.8296,5,in,33088,16.2
271.8343,5,in,33092,71.8
271.8387,5,in,33096,25.4
271.8428,5,in,33100,60.6
271.8471,5,in,33104,1.6
271.8518,5,in,33108,32.2
271.8559,5,in,33112,36.6
271.8609,5,in,33116,34.8
271.8656,5,in,33120,26
271.8704,5,in,33124,111
271.8756,5,in,33128,26.8
271.8802,5,in,33132,18.2
271.8852,5,in,33136,46.8
271.8897,5,in,33140,87.8
271.8946,5,in,33144,60
271.8993,5,in,33148,43.6
271.9038,5,in,33152,80.6
271.9086,5,in,33156,58.2
271.9137,5,in,33160,37.2
271.9182,5,in,33164,74.4
271.923,5,in,33168,37.8
271.9274,5,in,33172,62.6
271.9323,5,in,33176,61.4
271.9373,5,in,33180,43.6
271.9422,5,in,33184,46
271.9469,5,in,33188,26.4
271.9512,5,in,33192,53
271.9557,5,in,33196,39.2
271.9604,5,in,33200,77.4
271.9649,5,in,33204,64.4
271.9695,5,in,33208,85
271.9743,5,in,33212,61
271.9797,5,in,33216,67.8
271.984,5,in,33220,96.4
271.9885,5,in,33224,52.4
271.9929,5,in,33228,86.8
271.9975,5,in,33232,3.2
272.0012,5,in,33236,34
272.0051,5,in,33240,83.4
272.0096,5,in,33244,97.8
272.0149,5,in,33248,57.2
272.0191,5,in,33252,96.4
272.0235,5,in,33256,78
272.0282,5,in,33260,59
272.0326,5,in,33264,41.8
272.0376,5,in,33268,76.6
272.0425,5,in,33272,37.8
272.0476,5,in,33276,35.8
272.0521,5,in,33280,41.4
272.0569,5,in,33284,91.4
272.062,5,in,33288,73.4
272.0668,5,in,33292,51.2
272.0719,5,in,33296,75.4
272.0766,5,in,33300,66.6
272.0816,5,in,33304,73.4
272.0867,5,in,33308,98.8
272.0914,5,in,33312,70.2
272.0965,5,in,33316,109.8
272.101,5,in,33320,113.8
272.106,5,in,33324,142.2
272.1108,5,in,33328,81.2
272.1159,5,in,33332,151.8
272.121,5,in,33336,126.4
272.1262,5,in,33340,111.8
272.1303,5,in,33344,116
272.1343,5,in,33348,87
272.1383,5,in,33352,142.4
272.1427,5,in,33356,104.2
272.147,5,in,33360,73.2
272.1512,5,in,33364,114.8
272.1561,5,in,33368,118.6
272.1609,5,in,33372,95.4
272.1655,5,in,33376,88.2
272.1698,5,in,33380,103.4
272.1745,5,in,33384,107.6
272.1794,5,in,33388,99.4
272.1834,5,in,33392,107.2
272.1882,5,in,33396,89
272.1925,5,in,33400,133.4
272.1975,5,in,33404,130.2
272.2018,5,in,33408,126.2
272.2059,5,in,33412,154.4
272.2103,5,in,33416,122.4
272.2144,5,in,33420,117.4
272.2186,5,in,33424,104.2
272.2228,5,in,33428,121.6
272.2267,5,in,33432,135
272.2307,5,in,33436,164.8
272.2348,5,in,33440,150
272.2387,5,in,33444,151
272.2426,5,in,33448,126.2
272.2474,5,in,33452,214
272.2516,5,in,33456,187.6
272.2555,5,in,33460,202
272.2599,5,in,33464,151.6
272.2644,5,in,33468,204.4
272.2688,5,in,33472,136.4
272.273,5,in,33476,220.2
272.2769,5,in,33480,124.4
272.2808,5,in,33484,206.6
272.2849,5,in,33488,165
272.2887,5,in,33492,174
272.2931,5,in,33496,166.8
272.2966,5,in,33500,186
272.3006,5,in,33504,208.6
272.3042,5,in,33508,179.8
272.3082,5,in,33512,243.4
272.3122,5,in,33516,143
272.3163,5,in,33520,198.2
272.3205,5,in,33524,252.4
272.3241,5,in,33528,221.4
272.3286,5,in,33532,161.8
272.3325,5,in,33536,152
272.3367,5,in,33540,205.8
272.3411,5,in,33544,164.8
272.3452,5,in,33548,205.2
272.3492,5,in,33552,207.6
272.3537,5,in,33556,230
272.3586,5,in,33560,196.4
272.3628,5,in,33564,288.6
272.3667,5,in,33568,241.8
272.3708,5,in,33572,318.6
272.3749,5,in,33576,318.8
272.3793,5,in,33580,219.2
272.3835,5,in,33584,274.6
272.3877,5,in,33588,255.8
272.3924,5,in,33592,291
272.3967,5,in,33596,313.2
272.4015,5,in,33600,272.2
272.4056,5,in,33604,202
272.4099,5,in,33608,263.4
272.414,5,in,33612,205.4
272.4187,5,in,33616,270.8
272.4236,5,in,33620,317.4
272.4288,5,in,33624,321.8
272.4333,5,in,33628,232.4
272.438,5,in,33632,361.4
272.4427,5,in,33636,286.2
272.4481,5,in,33640,248
272.4527,5,in,33644,342.4
272.4574,5,in,33648,435.2
272.4629,5,in,33652,408.8
272.468,5,in,33656,403.8
272.4732,5,in,33660,454
272.4779,5,in,33664,308
272.4826,5,in,33668,352.8
272.4869,5,in,33672,293
272.4911,5,in,33676,279.2
272.4954,5,in,33680,287.6
272.4996,5,in,33684,456.4
272.5035,5,in,33688,450
272.5074,5,in,33692,419.8
272.5116,5,in,33696,418.6
272.5158,5,in,33700,424.6
272.5201,5,in,33704,353.8
272.5242,5,in,33708,251
272.5281,5,in,33712,334.4
272.5327,5,in,33716,276.8
272.5372,5,in,33720,316
272.5417,5,in,33724,285.2
272.5459,5,in,33728,294.4
272.5508,5,in,33732,238.8
272.555,5,in,33736,312.4
272.5591,5,in,33740,272.2
272.5638,5,in,33744,201.2
272.5682,5,in,33748,322.8
272.5722,5,in,33752,283.8
272.5765,5,in,33756,326.2
272.5806,5,in,33760,93.8
272.5851,5,in,33764,205
272.5897,5,in,33768,183.8
272.5941,5,in,33772,176.8
272.5986,5,in,33776,196.8
272.603,5,in,33780,247.6
272.6073,5,in,33784,198.2
272.6115,5,in,33788,219.4
272.6158,5,in,33792,219
272.62,5,in,33796,177.4
272.6244,5,in,33800,151.4
272.6288,5,in,33804,242.4
272.6332,5,in,33808,159.4
272.6374,5,in,33812,230.2
272.6418,5,in,33816,233.4
272.6461,5,in,33820,190.4
272.6505,5,in,33824,188.4
272.6546,5,in,33828,246.2
272.6594,5,in,33832,226.2
272.6639,5,in,33836,249.4
272.6685,5,in,33840,227.2
272.6729,5,in,33844,252
272.6777,5,in,33848,243.2
272.6821,5,in,33852,252.2
272.6867,5,in,33856,242.6
272.6911,5,in,33860,285.2
272.6949,5,in,33864,256.8
272.6986,5,in,33868,242.6
272.7026,5,in,33872,251.4
272.7066,5,in,33876,242.8
272.7109,5,in,33880,254.2
272.7153,5,in,33884,248.2
272.7191,5,in,33888,229.8
272.7227,5,in,33892,279.4
272.7265,5,in,33896,257.6
272.7309,5,in,33900,251.2
272.7348,5,in,33904,288
272.7399,5,in,33908,337.4
272.7441,5,in,33912,357.6
272.7484,5,in,33916,290
272.7529,5,in,33920,321.4
272.7574,5,in,33924,469.8
272.7618,5,in,33928,435.6
272.7658,5,in,33932,456.2
272.7698,5,in,33936,436.8
272.7738,5,in,33940,499.6
272.7778,5,in,33944,565.4
272.7825,5,in,33948,534.6
272.7868,5,in,33952,422
272.7908,5,in,33956,490.6
272.7951,5,in,33960,432.2
272.8001,5,in,33964,506.2
272.8048,5,in,33968,527.8
272.809,5,in,33972,495.2
272.8134,5,in,33976,537
272.8177,5,in,33980,446.6
272.8218,5,in,33984,527.8
272.8259,5,in,33988,567.6
272.8299,5,in,33992,426.4
272.8345,5,in,33996,529.6
272.8386,5,in,34000,516.8
272.8432,5,in,34004,540.6
272.8479,5,in,34008,658.6
272.8525,5,in,34012,688.6
272.8569,5,in,34016,722.2
272.8613,5,in,34020,766.6
272.8647,5,in,34024,655.8
272.8689,5,in,34028,727
272.8729,5,in,34032,681.4
272.8775,5,in,34036,774.4
272.8815,5,in,34040,626
272.8853,5,in,34044,621
272.8896,5,in,34048,749.6
272.8939,5,in,34052,761.4
272.8982,5,in,34056,774.6
272.9026,5,in,34060,897.8
272.9061,5,in,34064,733.8
272.9102,5,in,34068,663.8
272.9148,5,in,34072,776.6
272.9196,5,in,34076,799.6
272.9239,5,in,34080,927.6
272.9285,5,in,34084,796.2
272.9329,5,in,34088,962.2
272.9382,5,in,34092,892
272.943,5,in,34096,906.4
272.9472,5,in,34100,924.6
272.9512,5,in,34104,940.2
272.9553,5,in,34108,915.4
272.96,5,in,34112,1024.4
272.9639,5,out,34108,910.6
272.9685,5,out,34104,1020
272.9734,5,out,34100,768.6
272.9776,5,out,34096,774.2
272.9827,5,out,34092,731.2
272.9865,5,out,34088,770.6
272.9909,5,out,34084,875
272.9962,5,out,34080,857.4
273.0004,5,out,34076,909.4
273.0044,5,out,34072,933
273.0084,5,out,34068,860.6
273.0136,5,out,34064,961
273.0177,5,out,34060,941.6
273.0218,5,out,34056,887.4
273.0258,5,out,34052,927.8
273.0309,5,out,34048,957.2
273.0348,5,out,34044,1013.8
273.0391,5,out,34040,1123.2
273.0438,5,out,34036,1121.2
273.0492,5,out,34032,1089.4
273.0531,5,out,34028,814.4
273.0574,5,out,34024,835.4
273.0613,5,out,34020,792.6
273.0663,5,out,34016,875.8
273.0706,5,out,34012,857.6
273.0745,5,out,34008,867.8
273.0788,5,out,34004,701.6
273.0831,5,out,34000,902.8
273.0875,5,out,33996,919.2
273.092,5,out,33992,831.6
273.0963,5,out,33988,848.2
273.1009,5,out,33984,675.2
273.105,5,out,33980,733.4
273.1094,5,out,33976,701
273.114,5,out,33972,722.2
273.1185,5,out,33968,699
273.1225,5,out,33964,695.4
273.1264,5,out,33960,676.6
273.1305,5,out,33956,708.8
273.1342,5,out,33952,711
273.1387,5,out,33948,668.6
273.1428,5,out,33944,712.8
273.1469,5,out,33940,661.2
273.1508,5,out,33936,796
273.1561,5,out,33932,726.2
273.1601,5,out,33928,792.4
273.1643,5,out,33924,661.8
273.1687,5,out,33920,748.8
273.1736,5,out,33916,704.4
273.1776,5,out,33912,751.8
273.1822,5,out,33908,824.4
273.1866,5,out,33904,834.8
273.1926,5,out,33900,771.2
273.1968,5,out,33896,795.8
273.2015,5,out,33892,777.8
273.2058,5,out,33888,723.6
273.2102,5,out,33884,716.6
273.2149,5,out,33880,690.2
273.2193,5,out,33876,735.2
273.2237,5,out,33872,788.8
273.2277,5,out,33868,728.4
273.232,5,out,33864,716
273.2363,5,out,33860,814.2
273.2407,5,out,33856,819.2
273.2452,5,out,33852,816.2
273.2494,5,out,33848,750
273.2537,5,out,33844,798.6
273.2578,5,out,33840,673.8
273.2624,5,out,33836,717.6
273.2668,5,out,33832,657.8
273.2709,5,out,33828,720.4
273.2752,5,out,33824,623.8
273.2795,5,out,33820,700.2
273.2839,5,out,33816,715
273.2881,5,out,33812,816.2
273.2923,5,out,33808,765.2
273.2969,5,out,33804,850.8
273.3012,5,out,33800,741.2
273.3053,5,out,33796,857.8
273.3095,5,out,33792,756.6
273.3139,5,out,33788,761.6
273.3183,5,out,33784,716.8
273.3228,5,out,33780,808
273.327,5,out,33776,889.2
273.3311,5,out,33772,868.2
273.3354,5,out,33768,905.8
273.3399,5,out,33764,881.2
273.344,5,out,33760,844
273.3483,5,out,33756,782.8
273.3523,5,out,33752,808
273.3567,5,out,33748,670.2
273.3608,5,out,33744,730.6
273.3644,5,out,33740,688.6
273.3681,5,out,33736,771.4
273.3725,5,out,33732,736.4
273.3763,5,out,33728,721.8
273.3806,5,out,33724,777.2
273.3849,5,out,33720,828.8
273.3894,5,out,33716,907.4
273.3936,5,out,33712,971.8
273.3978,5,out,33708,1113.4
273.4019,5,out,33704,865.4
273.4062,5,out,33700,840.4
273.4106,5,out,33696,872
273.4149,5,out,33692,845.8
273.4191,5,out,33688,916.6
273.4228,5,out,33684,914.6
273.4268,5,out,33680,821.2
273.4302,5,out,33676,845.4
273.4338,5,out,33672,840.2
273.4378,5,out,33668,804.4
273.4423,5,out,33664,770.6
273.4462,5,out,33660,784.4
273.4501,5,out,33656,822.8
273.4544,5,out,33652,906.2
273.4591,5,out,33648,826.2
273.4635,5,out,33644,822.6
273.4676,5,out,33640,827
273.4716,5,out,33636,879
273.4757,5,out,33632,822.2
273.4798,5,out,33628,888
273.4839,5,out,33624,948
273.4879,5,out,33620,951.6
273.492,5,out,33616,906.8
273.4961,5,out,33612,897.2
273.5008,5,out,33608,875.8
273.505,5,out,33604,874.6
273.5095,5,out,33600,816.8
273.5142,5,out,33596,818.6
273.5189,5,out,33592,891
273.5232,5,out,33588,770.2
273.5272,5,out,33584,808.6
273.5315,5,out,33580,835.2
273.5351,5,out,33576,845
273.5387,5,out,33572,850.2
273.5422,5,out,33568,869
273.546,5,out,33564,968.2
273.5492,5,out,33560,900.2
273.5532,5,out,33556,925.6
273.5567,5,out,33552,1159
273.5605,5,out,33548,1061.8
273.5641,5,out,33544,973.4
273.5683,5,out,33540,1052.2
273.5733,5,out,33536,1001.6
273.5776,5,out,33532,976.4
273.5821,5,out,33528,1046
273.5872,5,out,33524,999.4
273.5918,5,out,33520,1046
273.5959,5,out,33516,1107.4
273.6001,5,out,33512,997.8
273.604,5,out2,33462,1095.6
273.6077,5,out2,33412,1069.6
273.6112,5,out2,33362,1198.8
273.6149,5,out2,33312,1195
273.6188,5,out2,33262,1153.6
273.6229,5,out2,33212,1154.4
273.6266,5,out2,33162,1083.6
273.6305,5,out2,33112,892.2
273.6345,5,out2,33062,750.6
273.6393,5,out2,33012,579.2
273.6433,5,out2,32962,393.8
273.647,5,out2,32912,182.4
273.6508,5,out2,32862,23.8
273.6551,6,in,32862,78
273.6593,6,in,32866,12.2
273.6634,6,in,32870,38.2
273.6674,6,in,32874,69.2
273.6726,6,in,32878,27
273.6771,6,in,32882,21.6
273.6811,6,in,32886,55.4
273.6851,6,in,32890,22.6
273.6893,6,in,32894,20
273.6936,6,in,32898,73.2
273.6978,6,in,32902,19.8
273.7022,6,in,32906,67.2
273.7068,6,in,32910,59.6
273.7115,6,in,32914,3.4
273.7163,6,in,32918,30
273.7208,6,in,32922,30.4
273.7262,6,in,32926,31.8
273.7312,6,in,32930,26.2
273.7357,6,in,32934,43.4
273.7402,6,in,32938,6.8
273.7451,6,in,32942,18.4
273.7499,6,in,32946,21.2
273.7544,6,in,32950,27.2
273.7586,6,in,32954,-33.8
273.7629,6,in,32958,28.6
273.767,6,in,32962,34.8
273.7708,6,in,32966,27.8
273.7749,6,in,32970,17.6
273.7796,6,in,32974,12.6
273.7841,6,in,32978,37
273.7884,6,in,32982,22.4
273.7925,6,in,32986,47.4
273.7979,6,in,32990,55.2
273.8024,6,in,32994,47.8
273.8067,6,in,32998,91.4
273.8109,6,in,33002,29
273.8151,6,in,33006,40.8
273.8193,6,in,33010,41
273.8241,6,in,33014,39.6
273.8286,6,in,33018,12
273.8333,6,in,33022,39.6
273.8375,6,in,33026,17.2
273.8423,6,in,33030,40.6
273.847,6,in,33034,33.4
273.8511,6,in,33038,-5.2
273.8549,6,in,33042,61.4
273.8591,6,in,33046,32.4
273.8633,6,in,33050,-3
273.8677,6,in,33054,43
273.8727,6,in,33058,25.4
273.8766,6,in,33062,56.6
273.8806,6,in,33066,3.4
273.8847,6,in,33070,10.8
273.89,6,in,33074,57.2
273.8939,6,in,33078,28.2
273.8979,6,in,33082,27.2
273.9022,6,in,33086,-5
273.9071,6,in,33090,33.4
273.9115,6,in,33094,14
273.9156,6,in,33098,-7.6
273.9198,6,in,33102,68.6
273.925,6,in,33106,24
273.9288,6,in,33110,65
273.9338,6,in,33114,40.8
273.9383,6,in,33118,61.2
273.9431,6,in,33122,28.4
273.9473,6,in,33126,-33.4
273.9518,6,in,33130,32.4
273.9563,6,in,33134,48
273.9605,6,in,33138,24.2
273.9643,6,in,33142,-10.8
273.968,6,in,33146,-0.4
273.9722,6,in,33150,22.6
273.9764,6,in,33154,51
273.9812,6,in,33158,20.6
273.9855,6,in,33162,54.6
273.9899,6,in,33166,96
273.9953,6,in,33170,54.4
273.9994,6,in,33174,60.4
274.0042,6,in,33178,13.2
274.0086,6,in,33182,85
274.0143,6,in,33186,31.2
274.0183,6,in,33190,25.2
274.0224,6,in,33194,53.4
274.0265,6,in,33198,65.2
274.0317,6,in,33202,58
274.0357,6,in,33206,47
274.0402,6,in,33210,35.8
274.0444,6,in,33214,64.8
274.049,6,in,33218,18.6
274.0535,6,in,33222,3.8
274.058,6,in,33226,16.6
274.0623,6,in,33230,99.4
274.067,6,in,33234,40.6
274.0714,6,in,33238,36.2
274.0759,6,in,33242,24.8
274.0805,6,in,33246,67.6
274.0855,6,in,33250,45.2
274.09,6,in,33254,63.4
274.094,6,in,33258,8.4
274.0981,6,in,33262,28.6
274.1022,6,in,33266,2.4
274.1068,6,in,33270,39.8
274.1107,6,in,33274,60.8
274.1147,6,in,33278,14.4
274.1187,6,in,33282,50.2
274.1235,6,in,33286,24
274.1272,6,in,33290,30.8
274.131,6,in,33294,-17.6
274.1351,6,in,33298,61.8
274.1396,6,in,33302,50.8
274.1438,6,in,33306,47.2
274.148,6,in,33310,37.6
274.1532,6,in,33314,58.8
274.1573,6,in,33318,47.8
274.1617,6,in,33322,34
274.166,6,in,33326,-6.4
274.1701,6,in,33330,7.6
274.1742,6,in,33334,57.6
274.1787,6,in,33338,15.4
274.183,6,in,33342,63.4
274.1873,6,in,33346,18.2
274.1918,6,in,33350,11.2
274.1958,6,in,33354,85
274.2005,6,in,33358,20.8
274.2048,6,in,33362,19
274.2093,6,in,33366,92.6
274.214,6,in,33370,10.2
274.2185,6,in,33374,42.6
274.2233,6,in,33378,21
274.23,6,in,33382,45
274.2345,6,in,33386,69.8
274.2387,6,in,33390,58.2
274.2428,6,in,33394,26.4
274.2468,6,in,33398,78.8
274.2505,6,in,33402,90.6
274.2543,6,in,33406,79.6
274.2589,6,in,33410,58
274.263,6,in,33414,75.4
274.2662,6,in,33418,73.4
274.2693,6,in,33422,79
274.2729,6,in,33426,82.2
274.2766,6,in,33430,61.4
274.2803,6,in,33434,76.6
274.284,6,in,33438,83.6
274.2875,6,in,33442,110.8
274.292,6,in,33446,49.6
274.2966,6,in,33450,74
274.3004,6,in,33454,65.6
274.3042,6,in,33458,85.6
274.3086,6,in,33462,102
274.3125,6,in,33466,32.6
274.3169,6,in,33470,55.6
274.3211,6,in,33474,101.4
274.3251,6,in,33478,45.8
274.329,6,in,33482,94.8
274.334,6,in,33486,115.8
274.339,6,in,33490,68.8
274.3441,6,in,33494,71.8
274.3479,6,in,33498,65
274.3518,6,in,33502,135.4
274.3556,6,in,33506,75
274.3595,6,in,33510,66
274.3635,6,in,33514,109.8
274.3692,6,in,33518,108.2
274.3741,6,in,33522,103.4
274.379,6,in,33526,130.6
274.3845,6,in,33530,122.8
274.3891,6,in,33534,112.4
274.3944,6,in,33538,45.4
274.4001,6,in,33542,91.4
274.4049,6,in,33546,142
274.4098,6,in,33550,109.4
274.4146,6,in,33554,79
274.4196,6,in,33558,119.6
274.4248,6,in,33562,153.4
274.4303,6,in,33566,100.6
274.435,6,in,33570,107.6
274.4408,6,in,33574,124.8
274.4463,6,in,33578,85.8
274.4512,6,in,33582,135.8
274.4559,6,in,33586,107.2
274.4613,6,in,33590,60.2
274.4658,6,in,33594,89
274.4708,6,in,33598,94.4
274.4767,6,in,33602,59.6
274.4817,6,in,33606,114.4
274.4866,6,in,33610,84.8
274.4918,6,in,33614,82.2
274.4964,6,in,33618,134.6
274.5011,6,in,33622,108.6
274.5059,6,in,33626,117
274.5112,6,in,33630,144.4
274.5162,6,in,33634,94.2
274.5215,6,in,33638,136.8
274.5264,6,in,33642,112.8
274.5316,6,in,33646,151.8
274.5363,6,in,33650,139.2
274.5413,6,in,33654,140.4
274.5471,6,in,33658,136.6
274.5523,6,in,33662,142.4
274.5566,6,in,33666,156.6
274.5615,6,in,33670,103
274.5674,6,in,33674,171.6
274.5715,6,in,33678,215.8
274.5757,6,in,33682,164.6
274.58,6,in,33686,120.6
274.5852,6,in,33690,161
274.5898,6,in,33694,156.8
274.5944,6,in,33698,177.2
274.6005,6,in,33702,97
274.6053,6,in,33706,132.4
274.61,6,in,33710,148.4
274.6152,6,in,33714,146
274.6204,6,in,33718,217.6
274.6254,6,in,33722,172.6
274.6301,6,in,33726,144.8
274.6349,6,in,33730,141
274.6403,6,in,33734,215
274.6451,6,in,33738,158
274.6497,6,in,33742,139.2
274.6535,6,in,33746,136.8
274.6585,6,in,33750,204.4
274.6625,6,in,33754,192
274.6665,6,in,33758,245.4
274.6706,6,in,33762,147.2
274.6771,6,in,33766,197.4
274.6813,6,in,33770,158.4
274.6852,6,in,33774,236
274.6894,6,in,33778,194
274.6944,6,in,33782,162.8
274.6992,6,in,33786,86.6
274.7033,6,in,33790,200.8
274.7074,6,in,33794,258.4
274.7121,6,in,33798,221.2
274.7166,6,in,33802,183.2
274.721,6,in,33806,222.8
274.7258,6,in,33810,142.8
274.7326,6,in,33814,227
274.7374,6,in,33818,224.8
274.7424,6,in,33822,228
274.7476,6,in,33826,248.6
274.7525,6,in,33830,265
274.7569,6,in,33834,244.6
274.7611,6,in,33838,210.6
274.7652,6,in,33842,208.8
274.7692,6,in,33846,249
274.7733,6,in,33850,221.8
274.7773,6,in,33854,220.6
274.7813,6,in,33858,318.8
274.7856,6,in,33862,284.6
274.7899,6,in,33866,270
274.7941,6,in,33870,241.8
274.7984,6,in,33874,233.2
274.8028,6,in,33878,263.2
274.807,6,in,33882,273.2
274.8107,6,in,33886,206.2
274.8148,6,in,33890,190
274.8192,6,in,33894,247.8
274.8239,6,in,33898,264
274.828,6,in,33902,250.2
274.8318,6,in,33906,186.6
274.8357,6,in,33910,232
274.8399,6,in,33914,208.8
274.8444,6,in,33918,274
274.8485,6,in,33922,301
274.8525,6,in,33926,394
274.8565,6,in,33930,403.2
274.8604,6,in,33934,375.6
274.8642,6,in,33938,387.4
274.8686,6,in,33942,279.8
274.8738,6,in,33946,301.6
274.878,6,in,33950,320.4
274.882,6,in,33954,394.8
274.8861,6,in,33958,353
274.8917,6,in,33962,380.4
274.8963,6,in,33966,395
274.9008,6,in,33970,330.8
274.9052,6,in,33974,268.2
274.9103,6,in,33978,260.4
274.9143,6,in,33982,209.6
274.9183,6,in,33986,335.2
274.9229,6,in,33990,382.8
274.928,6,in,33994,356
274.932,6,in,33998,331
274.9362,6,in,34002,339
274.9412,6,in,34006,352.6
274.946,6,in,34010,485.8
274.9502,6,in,34014,350.6
274.9544,6,in,34018,425
274.9587,6,in,34022,404.4
274.9638,6,in,34026,540
274.9682,6,in,34030,519
274.9726,6,in,34034,520.2
274.9767,6,in,34038,597.6
274.9818,6,in,34042,522
274.986,6,in,34046,553
274.9897,6,in,34050,468.4
274.9937,6,in,34054,436.2
274.9983,6,in,34058,420
275.0031,6,in,34062,464.4
275.007,6,in,34066,421.6
275.0112,6,in,34070,450.8
275.0167,6,in,34074,343.6
275.0213,6,in,34078,335.8
275.0261,6,in,34082,363.2
275.0303,6,in,34086,420.6
275.0358,6,in,34090,391.8
275.0402,6,in,34094,384.6
275.0443,6,in,34098,411.6
275.0483,6,in,34102,389.4
275.0537,6,in,34106,375.8
275.0583,6,in,34110,436.4
275.0626,6,in,34114,430
275.0673,6,in,34118,425.8
275.0732,6,in,34122,402
275.0778,6,in,34126,485.2
275.0832,6,in,34130,539
275.088,6,in,34134,604.8
275.0923,6,in,34138,421.2
275.096,6,in,34142,441.8
275.0997,6,in,34146,452.4
275.1035,6,in,34150,556
275.1084,6,in,34154,482.8
275.1124,6,in,34158,480.4
275.1168,6,in,34162,634
275.1212,6,in,34166,518
275.1264,6,in,34170,583.4
275.1304,6,in,34174,772.8
275.1346,6,in,34178,763.4
275.1386,6,in,34182,798
275.1434,6,in,34186,718.4
275.1482,6,in,34190,707.4
275.1523,6,in,34194,760.8
275.1565,6,in,34198,763.4
275.162,6,in,34202,699.4
275.1661,6,in,34206,643.4
275.1703,6,in,34210,973.2
275.1745,6,in,34214,1047.2
275.1787,6,out,34210,1512.6
275.1829,6,out,34206,1346.8
275.1873,6,out,34202,976.4
275.1917,6,out,34198,953.6
275.1963,6,out,34194,994.6
275.2014,6,out,34190,968.2
275.2058,6,out,34186,979.6
275.2104,6,out,34182,918.6
275.2143,6,out,34178,964.4
275.2186,6,out,34174,822.4
275.2233,6,out,34170,900.6
275.2281,6,out,34166,807.4
275.2322,6,out,34162,779.2
275.2367,6,out,34158,1089.8
275.2417,6,out,34154,813.4
275.2466,6,out,34150,864.4
275.2523,6,out,34146,910.6
275.2573,6,out,34142,741.4
275.2624,6,out,34138,867.2
275.2669,6,out,34134,856
275.2722,6,out,34130,851
275.2775,6,out,34126,676.4
275.2821,6,out,34122,825.8
275.287,6,out,34118,952.8
275.2915,6,out,34114,1099.6
275.296,6,out,34110,1062.4
275.3006,6,out,34106,1123
275.3047,6,out,34102,1128.8
275.3089,6,out,34098,1129.6
275.313,6,out,34094,1202.8
275.3169,6,out,34090,1271.8
275.3206,6,out,34086,1275
275.3242,6,out,34082,1242.8
275.3275,6,out,34078,1234.4
275.3313,6,out,34074,1153.2
275.3358,6,out,34070,989.8
275.34,6,out,34066,893.2
275.3444,6,out,34062,990.2
275.3487,6,out,34058,981.6
275.3525,6,out,34054,1054.2
275.3564,6,out,34050,939.6
275.3607,6,out,34046,1063.2
275.3641,6,out,34042,902.2
275.3682,6,out,34038,913.6
275.3731,6,out,34034,991
275.3775,6,out,34030,742.2
275.3812,6,out,34026,869.4
275.3853,6,out,34022,850.8
275.3894,6,out,34018,884.8
275.3931,6,out,34014,970.8
275.3973,6,out,34010,834
275.4013,6,out,34006,982.4
275.4057,6,out,34002,941.6
275.4103,6,out,33998,803.4
275.4145,6,out,33994,1001
275.418,6,out,33990,948.8
275.4219,6,out,33986,1019.6
275.4256,6,out,33982,1095.6
275.4298,6,out,33978,856.8
275.4339,6,out,33974,942
275.4378,6,out,33970,1011.6
275.4418,6,out,33966,1237.2
275.4466,6,out,33962,945.4
275.451,6,out,33958,878.2
275.4552,6,out,33954,988.4
275.4592,6,out,33950,1086.6
275.4635,6,out,33946,650.2
275.4677,6,out,33942,708.6
275.4718,6,out,33938,659
275.4762,6,out,33934,678.6
275.4804,6,out,33930,691.2
275.4848,6,out,33926,702.8
275.489,6,out,33922,667.4
275.4934,6,out,33918,784
275.4977,6,out,33914,683.4
275.5021,6,out,33910,729
275.5068,6,out,33906,745.6
275.5115,6,out,33902,687.4
275.5159,6,out,33898,901.6
275.5202,6,out,33894,977
275.5244,6,out,33890,752.4
275.5286,6,out,33886,681.4
275.5331,6,out,33882,670.8
275.5379,6,out,33878,697.6
275.5423,6,out,33874,683.2
275.5465,6,out,33870,487
275.5509,6,out,33866,523.2
275.5553,6,out,33862,648.6
275.5596,6,out,33858,743.4
275.5644,6,out,33854,727
275.569,6,out,33850,581
275.5732,6,out,33846,655
275.5774,6,out,33842,529
275.5821,6,out,33838,587.4
275.5869,6,out,33834,781.2
275.5916,6,out,33830,634
275.5958,6,out,33826,683
275.6001,6,out,33822,707.8
275.6043,6,out,33818,655
275.6089,6,out,33814,641.2
275.6137,6,out,33810,617.8
275.6184,6,out,33806,742.4
275.6228,6,out,33802,691.8
275.6272,6,out,33798,637.4
275.6316,6,out,33794,682.8
275.6366,6,out,33790,687.8
275.6409,6,out,33786,778.6
275.6454,6,out,33782,754.8
275.6502,6,out,33778,645.2
275.6546,6,out,33774,637.8
275.6594,6,out,33770,627.6
275.664,6,out,33766,659.4
275.6684,6,out,33762,738.8
275.673,6,out,33758,709
275.6772,6,out,33754,909.4
275.6813,6,out,33750,712.2
275.6856,6,out,33746,704.8
275.6898,6,out,33742,675
275.6947,6,out,33738,678.2
275.6996,6,out,33734,652.2
275.7042,6,out,33730,656.6
275.7089,6,out,33726,686.2
275.7136,6,out,33722,586.8
275.7186,6,out,33718,909.6
275.7231,6,out,33714,640.2
275.7278,6,out,33710,717.6
275.7318,6,out,33706,582
275.7361,6,out,33702,591.6
275.7419,6,out,33698,612.4
275.747,6,out,33694,779
275.752,6,out,33690,715
275.7562,6,out,33686,652.8
275.7606,6,out,33682,801.4
275.7646,6,out,33678,782.8
275.7686,6,out,33674,636.6
275.773,6,out,33670,962.6
275.7775,6,out,33666,836
275.7827,6,out,33662,945
275.7877,6,out,33658,945
275.7932,6,out,33654,873.8
275.7983,6,out,33650,824
275.8022,6,out,33646,944.8
275.8065,6,out,33642,864.6
275.8106,6,out,33638,788.4
275.8148,6,out,33634,752.6
275.8191,6,out,33630,864.6
275.8238,6,out,33626,814.8
275.8283,6,out,33622,849.6
275.8332,6,out,33618,790.8
275.8378,6,out,33614,761.4
275.8425,6,out2,33564,839.8
275.8474,6,out2,33514,891.6
275.8516,6,out2,33464,599.8
275.856,6,out2,33414,1028.2
275.8602,6,out2,33364,1103.4
275.8647,6,out2,33314,863.2
275.8698,6,out2,33264,912.4
275.8744,6,out2,33214,790.4
275.8793,6,out2,33164,636
275.884,6,out2,33114,442.4
275.8889,6,out2,33064,351.2
275.8935,6,out2,33014,378.8
275.8981,6,out2,32964,131.4
275.9028,7,in,32964,102.8
275.9082,7,in,32968,92.6
275.9127,7,in,32972,23.6
275.9171,7,in,32976,26.6
275.9215,7,in,32980,70.8
275.9271,7,in,32984,30.8
275.9318,7,in,32988,12.4
275.9362,7,in,32992,44.6
275.9411,7,in,32996,29.4
275.9458,7,in,33000,75
275.9504,7,in,33004,9.6
275.9555,7,in,33008,12.2
275.9602,7,in,33012,-3.2
275.9646,7,in,33016,27.6
275.9687,7,in,33020,9.4
275.9732,7,in,33024,79.2
275.9778,7,in,33028,71.8
275.9825,7,in,33032,45.6
275.9876,7,in,33036,48.4
275.9927,7,in,33040,43
275.998,7,in,33044,33.6
276.0026,7,in,33048,31
276.0078,7,in,33052,39
276.0122,7,in,33056,74.8
276.0166,7,in,33060,74.8
276.0215,7,in,33064,34.8
276.0262,7,in,33068,46.8
276.031,7,in,33072,42.2
276.0354,7,in,33076,30.2
276.04,7,in,33080,35.2
276.0445,7,in,33084,23.4
276.0503,7,in,33088,51
276.0549,7,in,33092,42.6
276.0593,7,in,33096,6.4
276.0637,7,in,33100,50.2
276.0692,7,in,33104,68.6
276.0742,7,in,33108,72.2
276.0793,7,in,33112,35
276.0848,7,in,33116,54.2
276.0893,7,in,33120,41.8
276.0946,7,in,33124,10.4
276.0991,7,in,33128,23.4
276.1048,7,in,33132,36.8
276.1097,7,in,33136,70.4
276.1141,7,in,33140,22
276.1188,7,in,33144,26.8
276.1237,7,in,33148,81.8
276.1284,7,in,33152,68.2
276.1329,7,in,33156,105.8
276.1385,7,in,33160,73.4
276.1435,7,in,33164,71
276.1485,7,in,33168,35
276.1535,7,in,33172,62
276.1588,7,in,33176,71.8
276.1632,7,in,33180,6.4
276.1678,7,in,33184,77
276.1727,7,in,33188,51
276.1773,7,in,33192,108.4
276.182,7,in,33196,-8
276.1865,7,in,33200,46
276.1917,7,in,33204,22.2
276.1966,7,in,33208,33.2
276.201,7,in,33212,57
276.2056,7,in,33216,70
276.2102,7,in,33220,56.2
276.2148,7,in,33224,77.4
276.22,7,in,33228,79.6
276.2244,7,in,33232,65
276.2291,7,in,33236,93.4
276.2335,7,in,33240,51.6
276.2381,7,in,33244,33.2
276.2424,7,in,33248,66.6
276.2468,7,in,33252,31
276.2511,7,in,33256,78.4
276.2552,7,in,33260,59.6
276.2589,7,in,33264,68.2
276.2627,7,in,33268,52.2
276.2671,7,in,33272,39.4
276.2709,7,in,33276,38
276.2747,7,in,33280,99
276.2787,7,in,33284,63.6
276.2824,7,in,33288,43
276.2864,7,in,33292,72.8
276.2902,7,in,33296,50.2
276.294,7,in,33300,69.6
276.2977,7,in,33304,48.8
276.302,7,in,33308,28
276.3058,7,in,33312,15
276.3097,7,in,33316,4.6
276.3134,7,in,33320,51
276.3176,7,in,33324,105
276.3211,7,in,33328,56.2
276.3249,7,in,33332,50.6
276.3287,7,in,33336,41.8
276.3327,7,in,33340,58
276.3364,7,in,33344,45.2
276.3402,7,in,33348,92.6
276.3438,7,in,33352,32.4
276.3473,7,in,33356,45.6
276.3511,7,in,33360,50
276.3549,7,in,33364,68.2
276.359,7,in,33368,51
276.3626,7,in,33372,32
276.3667,7,in,33376,82.4
276.3706,7,in,33380,25.8
276.3745,7,in,33384,33.8
276.3785,7,in,33388,41.4
276.3822,7,in,33392,12.4
276.3862,7,in,33396,81
276.39,7,in,33400,51
276.3939,7,in,33404,69
276.3978,7,in,33408,37.4
276.4017,7,in,33412,61
276.4061,7,in,33416,72.4
276.41,7,in,33420,5
276.4137,7,in,33424,50
276.4175,7,in,33428,54.6
276.4214,7,in,33432,42.6
276.4254,7,in,33436,76.4
276.4294,7,in,33440,91.6
276.4331,7,in,33444,56.6
276.4371,7,in,33448,74.6
276.4409,7,in,33452,86
276.4445,7,in,33456,29.4
276.4482,7,in,33460,47.8
276.4522,7,in,33464,40.6
276.4562,7,in,33468,128
276.4599,7,in,33472,61.8
276.4637,7,in,33476,36.2
276.4674,7,in,33480,67.6
276.4713,7,in,33484,50.6
276.4748,7,in,33488,68
276.4789,7,in,33492,25
276.4826,7,in,33496,72.4
276.4861,7,in,33500,49.8
276.4902,7,in,33504,116.4
276.494,7,in,33508,76.2
276.4975,7,in,33512,75.8
276.5016,7,in,33516,98.2
276.5056,7,in,33520,111.6
276.5095,7,in,33524,82.2
276.5131,7,in,33528,69.2
276.5166,7,in,33532,80.8
276.5202,7,in,33536,85
276.5241,7,in,33540,87.2
276.5277,7,in,33544,78.8
276.5314,7,in,33548,45.8
276.535,7,in,33552,103.2
276.5384,7,in,33556,81.4
276.5424,7,in,33560,86.4
276.5459,7,in,33564,98.2
276.5497,7,in,33568,97.6
276.5533,7,in,33572,87.4
276.5571,7,in,33576,54.8
276.5611,7,in,33580,60.2
276.5651,7,in,33584,37.4
276.5686,7,in,33588,106
276.5725,7,in,33592,55.8
276.5764,7,in,33596,33
276.5801,7,in,33600,41.4
276.5835,7,in,33604,47.4
276.5867,7,in,33608,73.2
276.5899,7,in,33612,95.6
276.5937,7,in,33616,75.8
276.5972,7,in,33620,68.8
276.6012,7,in,33624,115.2
276.6052,7,in,33628,119
276.609,7,in,33632,81
276.6125,7,in,33636,93.6
276.6162,7,in,33640,91.2
276.621,7,in,33644,28.4
276.6255,7,in,33648,96.6
276.6305,7,in,33652,62.2
276.6365,7,in,33656,51.4
276.6419,7,in,33660,71.8
276.6464,7,in,33664,49.6
276.6514,7,in,33668,87.4
276.6571,7,in,33672,72
276.6624,7,in,33676,54.6
276.6676,7,in,33680,73
276.6731,7,in,33684,90.6
276.6781,7,in,33688,63.8
276.6831,7,in,33692,74.4
276.6882,7,in,33696,87.6
276.6934,7,in,33700,84.2
276.698,7,in,33704,90
276.7024,7,in,33708,50.6
276.7064,7,in,33712,60.6
276.7104,7,in,33716,124
276.7144,7,in,33720,80.6
276.7188,7,in,33724,65.2
276.7233,7,in,33728,89
276.7282,7,in,33732,84.6
276.7325,7,in,33736,107.4
276.737,7,in,33740,101
276.7415,7,in,33744,40.8
276.746,7,in,33748,86.8
276.7505,7,in,33752,67.4
276.7551,7,in,33756,47
276.7597,7,in,33760,57.4
276.764,7,in,33764,26.2
276.7681,7,in,33768,91.8
276.7721,7,in,33772,83.2
276.7764,7,in,33776,106.2
276.7811,7,in,33780,93.4
276.7858,7,in,33784,127.8
276.7901,7,in,33788,63.2
276.7945,7,in,33792,25.4
276.7998,7,in,33796,109
276.8044,7,in,33800,145.4
276.8087,7,in,33804,178.4
276.8126,7,in,33808,103.4
276.817,7,in,33812,98
276.8209,7,in,33816,111.4
276.8253,7,in,33820,112
276.8297,7,in,33824,111.4
276.8349,7,in,33828,118.4
276.8393,7,in,33832,151.4
276.8442,7,in,33836,114.4
276.849,7,in,33840,90.2
276.855,7,in,33844,192
276.8599,7,in,33848,153.6
276.8643,7,in,33852,155
276.8687,7,in,33856,184.8
276.8731,7,in,33860,185.8
276.8777,7,in,33864,128
276.8824,7,in,33868,134.4
276.887,7,in,33872,125
276.8922,7,in,33876,140.8
276.897,7,in,33880,175
276.9019,7,in,33884,163.4
276.9074,7,in,33888,171.4
276.9124,7,in,33892,232.6
276.9178,7,in,33896,237.2
276.9231,7,in,33900,208
276.928,7,in,33904,189.8
276.9324,7,in,33908,198.4
276.9376,7,in,33912,203.2
276.9425,7,in,33916,166.6
276.9478,7,in,33920,113.8
276.9529,7,in,33924,145.8
276.9578,7,in,33928,177.8
276.9627,7,in,33932,201.8
276.968,7,in,33936,133.6
276.9726,7,in,33940,182.6
276.9779,7,in,33944,140.4
276.9825,7,in,33948,252.8
276.9868,7,in,33952,253.4
276.9919,7,in,33956,258.2
276.9976,7,in,33960,197.2
277.0026,7,in,33964,220.8
277.0073,7,in,33968,223.2
277.0122,7,in,33972,153.4
277.0182,7,in,33976,186
277.0227,7,in,33980,261.4
277.0275,7,in,33984,318
277.0326,7,in,33988,223.2
277.0372,7,in,33992,151.4
277.0425,7,in,33996,140.4
277.0472,7,in,34000,178.6
277.0531,7,in,34004,174.6
277.0579,7,in,34008,185.4
277.0629,7,in,34012,175.2
277.0679,7,in,34016,272.8
277.0731,7,in,34020,270.4
277.0787,7,in,34024,246
277.0833,7,in,34028,262.4
277.0891,7,in,34032,250.2
277.0937,7,in,34036,241.6
277.0988,7,in,34040,288
277.1034,7,in,34044,220.4
277.1083,7,in,34048,204.8
277.1134,7,in,34052,212.4
277.1181,7,in,34056,217
277.1236,7,in,34060,239.2
277.1284,7,in,34064,308.2
277.1331,7,in,34068,190.2
277.1378,7,in,34072,252.8
277.143,7,in,34076,270.4
277.1478,7,in,34080,256.2
277.1525,7,in,34084,271.6
277.1575,7,in,34088,206
277.1643,7,in,34092,241.6
277.1692,7,in,34096,238.2
277.1735,7,in,34100,261.8
277.1782,7,in,34104,341
277.184,7,in,34108,330.6
277.1889,7,in,34112,259.8
277.1936,7,in,34116,274.6
277.1984,7,in,34120,239.2
277.2035,7,in,34124,227.2
277.2078,7,in,34128,257
277.2122,7,in,34132,244.8
277.2171,7,in,34136,286.6
277.2224,7,in,34140,254
277.2269,7,in,34144,249.6
277.2315,7,in,34148,316.2
277.2379,7,in,34152,348.8
277.2431,7,in,34156,345.2
277.2485,7,in,34160,387.4
277.2528,7,in,34164,378.2
277.2572,7,in,34168,350.4
277.2618,7,in,34172,315.8
277.2669,7,in,34176,311.2
277.2728,7,in,34180,412.4
277.2777,7,in,34184,409.6
277.2825,7,in,34188,306
277.2875,7,in,34192,354.8
277.2925,7,in,34196,392
277.2976,7,in,34200,511.6
277.3026,7,in,34204,386.6
277.3081,7,in,34208,442.8
277.3129,7,in,34212,445.8
277.3177,7,in,34216,295
277.3222,7,in,34220,332.8
277.3285,7,in,34224,437.4
277.3337,7,in,34228,416.6
277.3378,7,in,34232,455.6
277.3429,7,in,34236,445.2
277.3477,7,in,34240,497.4
277.3522,7,in,34244,412.4
277.3573,7,in,34248,692.4
277.3634,7,in,34252,882
277.3677,7,in,34256,848
277.3726,7,in,34260,429.2
277.3775,7,in,34264,401.4
277.3821,7,in,34268,419.6
277.3867,7,in,34272,438.4
277.3918,7,in,34276,461.4
277.3972,7,in,34280,449.2
277.4017,7,in,34284,445
277.4062,7,in,34288,511.6
277.4104,7,in,34292,418.6
277.4141,7,in,34296,465.8
277.4177,7,in,34300,434
277.4218,7,in,34304,583
277.4263,7,in,34308,594
277.4304,7,in,34312,498.6
277.4352,7,in,34316,516.2
277.4393,7,in,34320,520.6
277.4433,7,in,34324,455.4
277.4476,7,in,34328,357.4
277.4518,7,in,34332,334.4
277.4558,7,in,34336,354.2
277.4605,7,in,34340,378.6
277.4645,7,in,34344,531.8
277.4688,7,in,34348,490.2
277.474,7,in,34352,372.2
277.4786,7,in,34356,476.4
277.4828,7,in,34360,407.2
277.4872,7,in,34364,459
277.4918,7,in,34368,464.2
277.4967,7,in,34372,448.6
277.5007,7,in,34376,594.2
277.5047,7,in,34380,496.8
277.5086,7,in,34384,539
277.5137,7,in,34388,561
277.5176,7,in,34392,544.6
277.5219,7,in,34396,549
277.5264,7,in,34400,584.8
277.532,7,in,34404,602.6
277.536,7,in,34408,634.8
277.54,7,in,34412,547.8
277.5444,7,in,34416,653.6
277.55,7,in,34420,587.8
277.5546,7,in,34424,544.6
277.5602,7,in,34428,599.2
277.5652,7,in,34432,482.8
277.5697,7,in,34436,664.2
277.5749,7,in,34440,689.8
277.5794,7,in,34444,753.8
277.5854,7,in,34448,702
277.5902,7,in,34452,743.2
277.5951,7,in,34456,775
277.6,7,in,34460,703.2
277.6051,7,in,34464,718.8
277.61,7,in,34468,605
277.6148,7,in,34472,750
277.6199,7,in,34476,742.8
277.6247,7,in,34480,667.2
277.6294,7,in,34484,663.4
277.6344,7,in,34488,701.6
277.6402,7,in,34492,738.4
277.6448,7,in,34496,778.4
277.6499,7,in,34500,774.6
277.6546,7,in,34504,733.6
277.6591,7,in,34508,780.8
277.6638,7,in,34512,746.4
277.6688,7,in,34516,728.8
277.6737,7,in,34520,738.2
277.6789,7,in,34524,512.4
277.6835,7,in,34528,636.4
277.6877,7,in,34532,1036.6
277.6919,7,out,34528,1115.6
277.6959,7,out,34524,1007.4
277.6999,7,out,34520,1358.4
277.7042,7,out,34516,1243
277.7078,7,out,34512,942.2
277.7122,7,out,34508,958.4
277.7166,7,out,34504,1171.4
277.7206,7,out,34500,1105
277.7245,7,out,34496,1030.4
277.7291,7,out,34492,937.2
277.7337,7,out,34488,1072.2
277.7382,7,out,34484,1029.2
277.7422,7,out,34480,927
277.7471,7,out,34476,1030.2
277.7517,7,out,34472,1282.8
277.7565,7,out,34468,1266.2
277.761,7,out,34464,1410
277.7652,7,out,34460,1287.2
277.7694,7,out,34456,1342
277.7736,7,out,34452,1224.6
277.7783,7,out,34448,1272
277.783,7,out,34444,1256.6
277.7875,7,out,34440,1271.2
277.7918,7,out,34436,1159.8
277.7961,7,out,34432,1120
277.8004,7,out,34428,1022.2
277.8052,7,out,34424,1073.4
277.8099,7,out,34420,1245.8
277.8144,7,out,34416,1182.2
277.8193,7,out,34412,1173.6
277.8236,7,out,34408,1311.8
277.8282,7,out,34404,1191.8
277.833,7,out,34400,1139.8
277.8389,7,out,34396,1114.6
277.8437,7,out,34392,1189.6
277.8487,7,out,34388,1095.4
277.8538,7,out,34384,1047.8
277.8592,7,out,34380,1308
277.8638,7,out,34376,1291.2
277.8684,7,out,34372,1178.4
277.8737,7,out,34368,1213
277.8786,7,out,34364,1047.2
277.8837,7,out,34360,998.2
277.8881,7,out,34356,1083
277.8933,7,out,34352,1024
277.8976,7,out,34348,1042.8
277.9025,7,out,34344,1054
277.9072,7,out,34340,1030.8
277.9127,7,out,34336,1103.6
277.918,7,out,34332,1123.6
277.9228,7,out,34328,1171.2
277.9283,7,out,34324,1116.4
277.9332,7,out,34320,1167.6
277.9384,7,out,34316,1133.4
277.9433,7,out,34312,1127.2
277.9487,7,out,34308,1074
277.9533,7,out,34304,1027.2
277.9583,7,out,34300,1101.8
277.9633,7,out,34296,1040
277.9683,7,out,34292,1010
277.9732,7,out,34288,1114
277.9784,7,out,34284,1020.8
277.9835,7,out,34280,1018.4
277.9879,7,out,34276,1078.8
277.9931,7,out,34272,1107
277.9981,7,out,34268,1054.8
278.0033,7,out,34264,1041
278.0082,7,out,34260,993.6
278.0131,7,out,34256,1018.6
278.0183,7,out,34252,1114.4
278.023,7,out,34248,1089.2
278.0281,7,out,34244,1060.6
278.0331,7,out,34240,1029
278.0378,7,out,34236,961.6
278.0423,7,out,34232,948.6
278.047,7,out,34228,1005
278.052,7,out,34224,993.6
278.0572,7,out,34220,991.4
278.0617,7,out,34216,1143
278.0664,7,out,34212,1074.8
278.0722,7,out,34208,942.6
278.0769,7,out,34204,1143.8
278.0823,7,out,34200,853
278.0871,7,out,34196,925
278.0917,7,out,34192,1085.8
278.0964,7,out,34188,1110
278.1012,7,out,34184,1050.6
278.1061,7,out,34180,1082.8
278.1109,7,out,34176,1118
278.1158,7,out,34172,1096.4
278.1209,7,out,34168,1170.6
278.1261,7,out,34164,1159.8
278.1313,7,out,34160,1185.4
278.1362,7,out,34156,1225.6
278.1411,7,out,34152,1254.4
278.1461,7,out,34148,1252.2
278.151,7,out,34144,1147.2
278.1556,7,out,34140,1175.6
278.161,7,out,34136,1165.2
278.1659,7,out,34132,1211.2
278.1702,7,out,34128,1163.2
278.1749,7,out,34124,1156.2
278.1812,7,out,34120,1041.6
278.1861,7,out,34116,1056.2
278.1908,7,out,34112,1041.4
278.1956,7,out,34108,1014.6
278.2005,7,out,34104,1015.6
278.2055,7,out,34100,946.8
278.2099,7,out,34096,950.4
278.2145,7,out,34092,995.4
278.2196,7,out,34088,983.4
278.2244,7,out,34084,990.2
278.2291,7,out,34080,901.4
278.2346,7,out,34076,983.8
278.2393,7,out,34072,961.4
278.244,7,out,34068,1056.6
278.2492,7,out,34064,1138.8
278.2536,7,out,34060,1118.6
278.258,7,out,34056,1106.2
278.2633,7,out,34052,1055.2
278.2676,7,out,34048,986.4
278.2723,7,out,34044,1044.6
278.2773,7,out,34040,977.2
278.2817,7,out,34036,1001.2
278.2865,7,out,34032,1084.4
278.2917,7,out,34028,1051.8
278.2965,7,out,34024,1071.8
278.3013,7,out,34020,1077.6
278.3071,7,out,34016,1057.4
278.3119,7,out,34012,1061
278.3169,7,out,34008,1045.4
278.3221,7,out,34004,1084.2
278.3272,7,out,34000,992
278.332,7,out,33996,1046.8
278.3366,7,out,33992,1072.6
278.3434,7,out,33988,1125.6
278.3481,7,out,33984,1275.8
278.3528,7,out,33980,1312.6
278.3581,7,out,33976,1251
278.3626,7,out,33972,1623.2
278.367,7,out,33968,1429.4
278.3719,7,out,33964,1407
278.3774,7,out,33960,1469
278.3819,7,out,33956,1348.8
278.3862,7,out,33952,1345.4
278.3912,7,out,33948,1311.8
278.3963,7,out,33944,1436.6
278.401,7,out,33940,1379.2
278.4062,7,out,33936,1800.4
278.4115,7,out,33932,1621.4
278.4168,7,out2,33882,1471.6
278.4218,7,out2,33832,1356.2
278.4263,7,out2,33782,1446.6
278.4311,7,out2,33732,1376.8
278.4365,7,out2,33682,1367.8
278.4413,7,out2,33632,1195
278.4461,7,out2,33582,1395
278.4517,7,out2,33532,1240.4
278.4563,7,out2,33482,1185.2
278.461,7,out2,33432,944.6
278.4654,7,out2,33382,715.6
278.4707,7,out2,33332,769.8
278.4756,7,out2,33282,642.4
278.4804,7,out2,33232,234.4
278.4852,7,out2,33182,249.2
278.4906,7,out2,33132,60.4
278.4956,8,in,33132,35.6
278.5005,8,in,33136,-28
278.5061,8,in,33140,40.2
278.5108,8,in,33144,-6.4
278.5158,8,in,33148,-13
278.5208,8,in,33152,-4.4
278.5256,8,in,33156,4.8
278.5306,8,in,33160,2.6
278.5352,8,in,33164,56.8
278.5403,8,in,33168,46.8
278.545,8,in,33172,-25.6
278.5501,8,in,33176,32.6
278.555,8,in,33180,27.2
278.5604,8,in,33184,21
278.5649,8,in,33188,-21
278.5701,8,in,33192,73
278.5748,8,in,33196,37
278.5797,8,in,33200,0.6
278.5846,8,in,33204,29
278.5898,8,in,33208,56.2
278.5956,8,in,33212,22
278.6005,8,in,33216,-16.8
278.6052,8,in,33220,0.8
278.6111,8,in,33224,34.6
278.616,8,in,33228,22
278.6209,8,in,33232,21
278.6259,8,in,33236,11
278.6312,8,in,33240,25.8
278.6361,8,in,33244,-26.8
278.6411,8,in,33248,-1.8
278.646,8,in,33252,17
278.651,8,in,33256,-15.8
278.6564,8,in,33260,41
278.6611,8,in,33264,2.8
278.667,8,in,33268,21.6
278.6721,8,in,33272,25
278.6769,8,in,33276,15.6
278.6822,8,in,33280,-9
278.6867,8,in,33284,-7.6
278.6909,8,in,33288,-11.2
278.6954,8,in,33292,-64.8
278.6999,8,in,33296,1.4
278.704,8,in,33300,16.6
278.7076,8,in,33304,-20.4
278.7113,8,in,33308,1
278.7149,8,in,33312,3
278.7197,8,in,33316,-19.4
278.7236,8,in,33320,25.2
278.7277,8,in,33324,67.2
278.7317,8,in,33328,-35
278.7363,8,in,33332,13.2
278.7403,8,in,33336,0.8
278.7448,8,in,33340,-14
278.7499,8,in,33344,7.4
278.7551,8,in,33348,21
278.7597,8,in,33352,-3.4
278.7642,8,in,33356,28
278.7688,8,in,33360,-28.6
278.7734,8,in,33364,25.8
278.7773,8,in,33368,17.4
278.7813,8,in,33372,7.6
278.785,8,in,33376,33.4
278.7889,8,in,33380,-6.8
278.7935,8,in,33384,-6.6
278.7975,8,in,33388,17.6
278.8021,8,in,33392,33.2
278.8068,8,in,33396,5
278.8118,8,in,33400,35.2
278.8159,8,in,33404,-18
278.8202,8,in,33408,-9.8
278.8241,8,in,33412,13
278.8277,8,in,33416,-23.8
278.8313,8,in,33420,7.4
278.8349,8,in,33424,23.4
278.8388,8,in,33428,1.8
278.8433,8,in,33432,-1.4
278.8474,8,in,33436,-14.4
278.8519,8,in,33440,-17.8
278.8559,8,in,33444,52.4
278.8601,8,in,33448,42
278.8644,8,in,33452,-12.8
278.8692,8,in,33456,9
278.8733,8,in,33460,52.8
278.8773,8,in,33464,-18
278.8817,8,in,33468,-5.4
278.8857,8,in,33472,41.4
278.8897,8,in,33476,38.6
278.8942,8,in,33480,7.6
278.899,8,in,33484,-3.4
278.9033,8,in,33488,32.2
278.9075,8,in,33492,15.4
278.9113,8,in,33496,31.8
278.9154,8,in,33500,1.2
278.9198,8,in,33504,56.4
278.9238,8,in,33508,-15.2
278.9274,8,in,33512,20.8
278.9314,8,in,33516,6.2
278.9361,8,in,33520,61.6
278.9406,8,in,33524,8
278.9452,8,in,33528,51.6
278.949,8,in,33532,-3.4
278.9529,8,in,33536,-10.6
278.9571,8,in,33540,5.6
278.9615,8,in,33544,20.6
278.9658,8,in,33548,21
278.9701,8,in,33552,-6.4
278.9746,8,in,33556,13
278.9789,8,in,33560,-1.4
278.9825,8,in,33564,17.4
278.9868,8,in,33568,54.2
278.9913,8,in,33572,20.2
278.9952,8,in,33576,17.4
278.9994,8,in,33580,24
279.0031,8,in,33584,13
279.0071,8,in,33588,25.2
279.0111,8,in,33592,29
279.0159,8,in,33596,41
279.0206,8,in,33600,5.4
279.0251,8,in,33604,-17.8
279.0295,8,in,33608,-19.8
279.0338,8,in,33612,40
279.0377,8,in,33616,40.6
279.0421,8,in,33620,47.2
279.0459,8,in,33624,19.4
279.0501,8,in,33628,63.4
279.0543,8,in,33632,22.4
279.0594,8,in,33636,17
279.0639,8,in,33640,45.6
279.0682,8,in,33644,-21.8
279.0722,8,in,33648,40.6
279.0771,8,in,33652,18.8
279.081,8,in,33656,-23
279.085,8,in,33660,39.2
279.0891,8,in,33664,48.6
279.0938,8,in,33668,8.2
279.0985,8,in,33672,-9.4
279.1025,8,in,33676,15
279.1065,8,in,33680,-46.6
279.1109,8,in,33684,18.8
279.1152,8,in,33688,-33
279.1197,8,in,33692,-34.6
279.1243,8,in,33696,31.6
279.1291,8,in,33700,-14.2
279.1333,8,in,33704,-33
279.1378,8,in,33708,-11
279.1426,8,in,33712,20
279.1469,8,in,33716,-18.6
279.151,8,in,33720,52.2
279.1555,8,in,33724,40.2
279.1601,8,in,33728,35.2
279.1647,8,in,33732,-34.8
279.1693,8,in,33736,8.8
279.1741,8,in,33740,26.6
279.1787,8,in,33744,-25.6
279.1831,8,in,33748,-31.8
279.1881,8,in,33752,71.4
279.1924,8,in,33756,34.2
279.1966,8,in,33760,-36.8
279.2008,8,in,33764,15.2
279.2055,8,in,33768,-37
279.2103,8,in,33772,-15.4
279.2149,8,in,33776,4.4
279.2193,8,in,33780,58.8
279.2239,8,in,33784,67.8
279.229,8,in,33788,-16.6
279.2339,8,in,33792,21.8
279.2393,8,in,33796,12.2
279.2439,8,in,33800,22.8
279.2488,8,in,33804,22.2
279.2534,8,in,33808,2.8
279.2587,8,in,33812,46
279.2633,8,in,33816,-7
279.2678,8,in,33820,33.6
279.2723,8,in,33824,59.6
279.2769,8,in,33828,15
279.2819,8,in,33832,17
279.2865,8,in,33836,86
279.2912,8,in,33840,34.2
279.2958,8,in,33844,15.2
279.3016,8,in,33848,28.4
279.306,8,in,33852,31.2
279.3108,8,in,33856,47.6
279.3157,8,in,33860,-3.4
279.3201,8,in,33864,56.8
279.3243,8,in,33868,42.8
279.3293,8,in,33872,24
279.3336,8,in,33876,20
279.3385,8,in,33880,48.8
279.3437,8,in,33884,60
279.3483,8,in,33888,27.8
279.3528,8,in,33892,50.4
279.3579,8,in,33896,37.6
279.3623,8,in,33900,56.2
279.3673,8,in,33904,46.2
279.3718,8,in,33908,56.8
279.3764,8,in,33912,58
279.3806,8,in,33916,33.8
279.3857,8,in,33920,32.2
279.3903,8,in,33924,32
279.3952,8,in,33928,51.2
279.4003,8,in,33932,24.4
279.4051,8,in,33936,77.8
279.4099,8,in,33940,52.6
279.415,8,in,33944,52.2
279.4202,8,in,33948,56.2
279.4244,8,in,33952,68.2
279.4289,8,in,33956,4.4
279.4339,8,in,33960,61.8
279.4391,8,in,33964,75
279.4439,8,in,33968,54.6
279.4485,8,in,33972,39.4
279.4536,8,in,33976,68.6
279.4583,8,in,33980,31.4
279.4627,8,in,33984,51.4
279.4673,8,in,33988,96
279.4729,8,in,33992,55.4
279.4777,8,in,33996,-0.2
279.4833,8,in,34000,43.6
279.4882,8,in,34004,42.8
279.4931,8,in,34008,50.4
279.4977,8,in,34012,43.8
279.5031,8,in,34016,51.4
279.5082,8,in,34020,76.4
279.513,8,in,34024,51.6
279.5177,8,in,34028,11
279.5226,8,in,34032,53.8
279.5283,8,in,34036,57.2
279.5331,8,in,34040,24.8
279.5379,8,in,34044,75.4
279.5427,8,in,34048,0
279.5479,8,in,34052,45.4
279.5528,8,in,34056,59
279.5572,8,in,34060,81.2
279.5624,8,in,34064,11.8
279.5674,8,in,34068,47.8
279.5723,8,in,34072,82.8
279.5768,8,in,34076,23
279.5819,8,in,34080,106.4
279.5868,8,in,34084,70.4
279.5916,8,in,34088,62.8
279.5966,8,in,34092,56
279.6018,8,in,34096,105.4
279.6065,8,in,34100,116.4
279.6108,8,in,34104,124.8
279.6153,8,in,34108,98.4
279.6204,8,in,34112,93
279.6251,8,in,34116,77
279.6302,8,in,34120,72.4
279.6353,8,in,34124,56.4
279.6402,8,in,34128,63.6
279.6448,8,in,34132,65
279.6496,8,in,34136,94.4
279.6553,8,in,34140,73.6
279.6601,8,in,34144,97.2
279.6647,8,in,34148,107.4
279.6695,8,in,34152,65.2
279.6747,8,in,34156,67.6
279.6793,8,in,34160,57.6
279.6836,8,in,34164,87.8
279.689,8,in,34168,144
279.694,8,in,34172,45.4
279.6985,8,in,34176,73.6
279.7028,8,in,34180,66
279.7072,8,in,34184,79.4
279.7117,8,in,34188,112.4
279.716,8,in,34192,173
279.7196,8,in,34196,102.4
279.7234,8,in,34200,71.8
279.7278,8,in,34204,94.8
279.7318,8,in,34208,53
279.7358,8,in,34212,63
279.7399,8,in,34216,72.6
279.7445,8,in,34220,117.2
279.7493,8,in,34224,174.4
279.754,8,in,34228,111.6
279.7584,8,in,34232,142.4
279.7628,8,in,34236,114.6
279.7666,8,in,34240,123.6
279.7708,8,in,34244,123
279.7744,8,in,34248,122.8
279.778,8,in,34252,115
279.7825,8,in,34256,133.4
279.7868,8,in,34260,122.2
279.7909,8,in,34264,116.6
279.7953,8,in,34268,96.2
279.8009,8,in,34272,82
279.8056,8,in,34276,113
279.8101,8,in,34280,111
279.8142,8,in,34284,90.4
279.818,8,in,34288,120.2
279.822,8,in,34292,180.8
279.8258,8,in,34296,182.4
279.8296,8,in,34300,161.4
279.8342,8,in,34304,220.2
279.8382,8,in,34308,141
279.8422,8,in,34312,111.4
279.8461,8,in,34316,103.8
279.85,8,in,34320,155.2
279.8552,8,in,34324,126.2
279.8593,8,in,34328,113.4
279.8633,8,in,34332,100.6
279.8672,8,in,34336,163.2
279.8728,8,in,34340,273.4
279.8772,8,in,34344,220.2
279.8816,8,in,34348,127.8
279.8855,8,in,34352,266
279.8906,8,in,34356,275.8
279.8945,8,in,34360,219.6
279.8984,8,in,34364,216.8
279.9023,8,in,34368,403.2
279.9078,8,in,34372,218.2
279.9125,8,in,34376,214.4
279.9165,8,in,34380,260.6
279.9206,8,in,34384,189.4
279.9252,8,in,34388,230.4
279.9299,8,in,34392,265
279.9344,8,in,34396,308.4
279.9393,8,in,34400,314.4
279.9446,8,in,34404,308
279.9489,8,in,34408,259.6
279.9533,8,in,34412,347.2
279.9585,8,in,34416,310.2
279.9635,8,in,34420,332.4
279.968,8,in,34424,301.4
279.972,8,in,34428,274.4
279.9762,8,in,34432,348.4
279.9801,8,in,34436,308.4
279.9841,8,in,34440,394.4
279.9881,8,in,34444,336.2
279.9926,8,in,34448,395.6
279.9974,8,in,34452,435.2
280.0017,8,in,34456,369.4
280.007,8,in,34460,446
280.0115,8,in,34464,306.6
280.0174,8,in,34468,385.2
280.0217,8,in,34472,436
280.0259,8,in,34476,425.2
280.0302,8,in,34480,402.2
280.0355,8,in,34484,536.4
280.0396,8,in,34488,435.6
280.0438,8,in,34492,350.4
280.048,8,in,34496,398.6
280.0536,8,in,34500,473.4
280.058,8,in,34504,403.2
280.0625,8,in,34508,529.2
280.0668,8,in,34512,613
280.072,8,in,34516,422.2
280.0759,8,in,34520,478.8
280.08,8,in,34524,452
280.0845,8,in,34528,311.2
280.0894,8,in,34532,424.2
280.0937,8,in,34536,425.6
280.0978,8,in,34540,404
280.1021,8,in,34544,430.6
280.107,8,in,34548,461.4
280.1109,8,in,34552,476.2
280.1149,8,in,34556,458
280.1191,8,in,34560,534
280.1243,8,in,34564,500.2
280.1286,8,in,34568,512.6
280.1327,8,in,34572,448.8
280.1366,8,in,34576,465.8
280.1418,8,in,34580,451
280.1457,8,in,34584,420.2
280.1498,8,in,34588,453.4
280.1538,8,in,34592,435.6
280.1585,8,in,34596,393.6
280.1625,8,in,34600,426.8
280.1665,8,in,34604,377.8
280.1712,8,in,34608,411
280.1754,8,in,34612,526.4
280.1796,8,in,34616,417.2
280.1836,8,in,34620,471.4
280.1879,8,in,34624,741.6
280.1923,8,in,34628,435.4
280.1965,8,in,34632,463.8
280.2008,8,in,34636,460
280.2055,8,in,34640,484.6
280.2102,8,in,34644,454.2
280.215,8,in,34648,406.4
280.2198,8,in,34652,445.6
280.2245,8,in,34656,435.4
280.2302,8,in,34660,478.8
280.2357,8,in,34664,547
280.2401,8,in,34668,542.2
280.2454,8,in,34672,377.8
280.2504,8,in,34676,442.6
280.2554,8,in,34680,417.4
280.2602,8,in,34684,516
280.2651,8,in,34688,613.8
280.2703,8,in,34692,884
280.2751,8,in,34696,679.6
280.2801,8,in,34700,533.8
280.2855,8,in,34704,553
280.2902,8,in,34708,501.6
280.2957,8,in,34712,464.6
280.3001,8,in,34716,543.4
280.3053,8,in,34720,543.8
280.311,8,in,34724,622.2
280.3155,8,in,34728,745.8
280.3209,8,in,34732,746.2
280.3256,8,in,34736,661.6
280.3309,8,in,34740,689.2
280.3358,8,in,34744,738.2
280.3408,8,in,34748,685
280.3452,8,in,34752,731.2
280.35,8,in,34756,620.2
280.355,8,in,34760,631.2
280.3601,8,in,34764,672.6
280.3648,8,in,34768,410.2
280.3699,8,in,34772,471
280.375,8,in,34776,503.4
280.3795,8,in,34780,440.6
280.3847,8,in,34784,522.8
280.3896,8,in,34788,563.4
280.3946,8,in,34792,603.6
280.3994,8,in,34796,578
280.4042,8,in,34800,554.4
280.4102,8,in,34804,536.6
280.4149,8,in,34808,542.8
280.4201,8,in,34812,556.4
280.4247,8,in,34816,498.2
280.4294,8,in,34820,503.6
280.4339,8,in,34824,537.4
280.4394,8,in,34828,596
280.445,8,in,34832,515.8
280.4497,8,in,34836,523
280.455,8,in,34840,491
280.4601,8,in,34844,620.4
280.4649,8,in,34848,635.4
280.4699,8,in,34852,622.8
280.4745,8,in,34856,540.8
280.48,8,in,34860,624
280.4848,8,in,34864,653.2
280.49,8,in,34868,656.8
280.4952,8,in,34872,671.2
280.4996,8,in,34876,597.6
280.5048,8,in,34880,625
280.5096,8,in,34884,530.6
280.5156,8,in,34888,599.2
280.5208,8,in,34892,675.6
280.5254,8,in,34896,664.8
280.5298,8,in,34900,660.8
280.5347,8,in,34904,916
280.5395,8,in,34908,888.6
280.5447,8,in,34912,853.4
280.5498,8,in,34916,819.4
280.5542,8,in,34920,816.8
280.5588,8,in,34924,784
280.5639,8,in,34928,830
280.5691,8,in,34932,735.4
280.5737,8,in,34936,742
280.5789,8,in,34940,719.8
280.5835,8,in,34944,753.8
280.5894,8,in,34948,793
280.5942,8,in,34952,739.6
280.5992,8,in,34956,899.4
280.6042,8,in,34960,1009.4
280.6099,8,out,34956,1179.6
280.6149,8,out,34952,979
280.6198,8,out,34948,851.2
280.625,8,out,34944,650.2
280.6297,8,out,34940,713.8
280.6344,8,out,34936,764
280.6398,8,out,34932,859.2
280.6453,8,out,34928,710
280.65,8,out,34924,747.8
280.6545,8,out,34920,808
280.6602,8,out,34916,755.6
280.6646,8,out,34912,774.6
280.6693,8,out,34908,783.8
280.6739,8,out,34904,735.8
280.6789,8,out,34900,772.8
280.6832,8,out,34896,856
280.6875,8,out,34892,807
280.6916,8,out,34888,860.8
280.6953,8,out,34884,752.2
280.6989,8,out,34880,809
280.7035,8,out,34876,882.6
280.7073,8,out,34872,832
280.711,8,out,34868,783.8
280.7151,8,out,34864,793.2
280.7195,8,out,34860,869
280.7233,8,out,34856,822.8
280.7275,8,out,34852,832.6
280.732,8,out,34848,648.8
280.7365,8,out,34844,763.8
280.7405,8,out,34840,641.4
280.7447,8,out,34836,802.6
280.7509,8,out,34832,703.4
280.7555,8,out,34828,707.4
280.7601,8,out,34824,687.6
280.7642,8,out,34820,934.4
280.7682,8,out,34816,859.2
280.772,8,out,34812,837.2
280.776,8,out,34808,767.6
280.7797,8,out,34804,761
280.7836,8,out,34800,677.6
280.7878,8,out,34796,777.8
280.7916,8,out,34792,752.4
280.7956,8,out,34788,801
280.8001,8,out,34784,842
280.8051,8,out,34780,799.6
280.8096,8,out,34776,741.6
280.8137,8,out,34772,737
280.818,8,out,34768,777.6
280.8219,8,out,34764,777.4
280.8259,8,out,34760,761.2
280.8295,8,out,34756,763
280.8333,8,out,34752,767.6
280.8373,8,out,34748,719.4
280.8415,8,out,34744,809.4
280.8459,8,out,34740,835
280.8501,8,out,34736,798.8
280.854,8,out,34732,871.4
280.8594,8,out,34728,706.2
280.8632,8,out,34724,768.4
280.8671,8,out,34720,787.6
280.8711,8,out,34716,890.6
280.8765,8,out,34712,895.6
280.8805,8,out,34708,968
280.8847,8,out,34704,948.6
280.8888,8,out,34700,905.2
280.894,8,out,34696,845.8
280.8979,8,out,34692,751
280.9019,8,out,34688,619.6
280.9065,8,out,34684,588.6
280.9114,8,out,34680,649.2
280.9153,8,out,34676,605.2
280.9199,8,out,34672,577.8
280.924,8,out,34668,582.8
280.9294,8,out,34664,583.2
280.9332,8,out,34660,623
280.9376,8,out,34656,609
280.9416,8,out,34652,595
280.9463,8,out,34648,545.4
280.951,8,out,34644,591.2
280.9554,8,out,34640,612.2
280.9598,8,out,34636,593
280.9643,8,out,34632,606.8
280.9696,8,out,34628,640.8
280.9735,8,out,34624,792.8
280.9776,8,out,34620,808.2
280.9825,8,out,34616,827.6
280.9871,8,out,34612,839.6
280.9915,8,out,34608,859.2
280.9956,8,out,34604,872
281.0016,8,out,34600,986.2
281.0063,8,out,34596,866.6
281.0108,8,out,34592,913.2
281.0152,8,out,34588,925.8
281.0204,8,out,34584,897.2
281.0249,8,out,34580,834.4
281.0296,8,out,34576,827.4
281.0335,8,out,34572,935.6
281.0385,8,out,34568,895.2
281.0424,8,out,34564,924.4
281.0469,8,out,34560,981.2
281.0512,8,out,34556,970
281.0559,8,out,34552,936.8
281.0604,8,out,34548,1102.2
281.0645,8,out,34544,1083.8
281.069,8,out,34540,990.2
281.0738,8,out,34536,914.6
281.0782,8,out,34532,892.6
281.0823,8,out,34528,1047.4
281.0868,8,out,34524,1002.6
281.0918,8,out,34520,1022.8
281.0957,8,out,34516,1053.8
281.1,8,out,34512,960.6
281.1046,8,out,34508,967.6
281.1108,8,out,34504,940.4
281.1148,8,out,34500,1044.8
281.1191,8,out,34496,1020.4
281.1242,8,out,34492,959.2
281.1286,8,out,34488,868.8
281.1325,8,out,34484,973.4
281.1374,8,out,34480,944.8
281.1414,8,out,34476,877
281.1462,8,out,34472,787.4
281.1501,8,out,34468,800.2
281.1543,8,out,34464,897.8
281.1585,8,out,34460,866.6
281.1638,8,out,34456,866.8
281.1677,8,out,34452,792.4
281.1722,8,out,34448,828.6
281.1765,8,out,34444,985
281.1817,8,out,34440,961.8
281.1857,8,out,34436,943.8
281.1898,8,out,34432,972
281.1939,8,out,34428,975.2
281.1991,8,out,34424,1050.6
281.2032,8,out,34420,832
281.2079,8,out,34416,793.8
281.212,8,out,34412,875.2
281.2172,8,out,34408,985.2
281.2219,8,out,34404,973.4
281.2267,8,out,34400,976
281.2315,8,out,34396,876.6
281.2355,8,out,34392,860.6
281.2399,8,out,34388,930.6
281.2441,8,out,34384,678.2
281.2488,8,out,34380,815
281.2533,8,out,34376,705
281.2572,8,out,34372,790
281.2613,8,out,34368,750.2
281.2655,8,out,34364,788.8
281.2712,8,out,34360,793.4
281.275,8,out2,34310,762.8
281.2791,8,out2,34260,721.4
281.283,8,out2,34210,900.4
281.2877,8,out2,34160,738.8
281.2922,8,out2,34110,855.8
281.2985,8,out2,34060,840.2
281.3023,8,out2,34010,963.4
281.3073,8,out2,33960,806
281.3114,8,out2,33910,993.6
281.3156,8,out2,33860,712
281.3197,8,out2,33810,514
281.3246,8,out2,33760,423.8
281.3291,8,out2,33710,330.8
281.3339,8,out2,33660,333.2
281.338,8,out2,33610,258.6
281.3424,8,out2,33560,208.4
281.3477,8,out2,33510,110.2
281.3517,9,in,33510,118.6
281.3559,9,in,33514,114.6
281.3608,9,in,33518,104.6
281.3653,9,in,33522,38
281.3693,9,in,33526,114
281.3736,9,in,33530,69.4
281.3785,9,in,33534,58.6
281.3828,9,in,33538,25.4
281.3868,9,in,33542,92.4
281.3915,9,in,33546,37.8
281.3953,9,in,33550,23.6
281.3998,9,in,33554,31.4
281.4043,9,in,33558,75.8
281.4087,9,in,33562,16.8
281.4131,9,in,33566,25.8
281.4185,9,in,33570,45.4
281.423,9,in,33574,34.6
281.4268,9,in,33578,33.4
281.4308,9,in,33582,2
281.4352,9,in,33586,42.6
281.4394,9,in,33590,84.6
281.4434,9,in,33594,23.8
281.4477,9,in,33598,-16.2
281.4528,9,in,33602,50
281.4567,9,in,33606,42.6
281.4606,9,in,33610,64.4
281.4648,9,in,33614,39.2
281.4701,9,in,33618,57.4
281.4744,9,in,33622,13.4
281.4783,9,in,33626,55.2
281.4827,9,in,33630,28.8
281.4873,9,in,33634,73.2
281.4922,9,in,33638,82.2
281.4965,9,in,33642,24.8
281.5017,9,in,33646,81.4
281.5068,9,in,33650,54.8
281.5107,9,in,33654,19.6
281.5148,9,in,33658,61.6
281.5188,9,in,33662,86.4
281.5236,9,in,33666,48.8
281.528,9,in,33670,73.2
281.5326,9,in,33674,91.8
281.5366,9,in,33678,83.4
281.5412,9,in,33682,49.2
281.5456,9,in,33686,34
281.5497,9,in,33690,100.2
281.5537,9,in,33694,74.6
281.558,9,in,33698,84
281.563,9,in,33702,40
281.5671,9,in,33706,57.6
281.5712,9,in,33710,34.4
281.5756,9,in,33714,28.8
281.58,9,in,33718,62.4
281.5839,9,in,33722,43
281.588,9,in,33726,76
281.5922,9,in,33730,12
281.5975,9,in,33734,33
281.6015,9,in,33738,9.2
281.6056,9,in,33742,49.6
281.6101,9,in,33746,3.8
281.6151,9,in,33750,55.8
281.6188,9,in,33754,70.6
281.6228,9,in,33758,12
281.628,9,in,33762,64
281.6327,9,in,33766,57.2
281.6372,9,in,33770,28.4
281.642,9,in,33774,72.6
281.6461,9,in,33778,103.4
281.6511,9,in,33782,89.4
281.6548,9,in,33786,49
281.6589,9,in,33790,110.6
281.663,9,in,33794,45.2
281.668,9,in,33798,13.4
281.6724,9,in,33802,63.8
281.6768,9,in,33806,35.6
281.6809,9,in,33810,39.6
281.6863,9,in,33814,62.2
281.6907,9,in,33818,54.8
281.6954,9,in,33822,83.6
281.6996,9,in,33826,77.8
281.7041,9,in,33830,79.6
281.7081,9,in,33834,58
281.7122,9,in,33838,62.8
281.7161,9,in,33842,119
281.7211,9,in,33846,54
281.7258,9,in,33850,85.6
281.7302,9,in,33854,71.8
281.7346,9,in,33858,142
281.7394,9,in,33862,84
281.7434,9,in,33866,55.8
281.748,9,in,33870,71.6
281.7526,9,in,33874,65.6
281.7572,9,in,33878,71.8
281.7619,9,in,33882,60
281.7659,9,in,33886,78.6
281.7695,9,in,33890,115.8
281.7732,9,in,33894,72.2
281.777,9,in,33898,69.4
281.7808,9,in,33902,64.2
281.7846,9,in,33906,106.4
281.7896,9,in,33910,81
281.7943,9,in,33914,33.2
281.7992,9,in,33918,94.2
281.8035,9,in,33922,71.8
281.8078,9,in,33926,92
281.812,9,in,33930,70.6
281.8157,9,in,33934,87.6
281.8193,9,in,33938,119.4
281.823,9,in,33942,95.4
281.8266,9,in,33946,87.6
281.8306,9,in,33950,91.2
281.8348,9,in,33954,67.8
281.8394,9,in,33958,73.6
281.8438,9,in,33962,107.6
281.8486,9,in,33966,84.2
281.8527,9,in,33970,50.4
281.857,9,in,33974,71.6
281.8612,9,in,33978,78
281.8664,9,in,33982,88.4
281.8703,9,in,33986,77
281.8747,9,in,33990,11.6
281.8793,9,in,33994,82
281.885,9,in,33998,38.2
281.8889,9,in,34002,0.4
281.8931,9,in,34006,52
281.8986,9,in,34010,77
281.9032,9,in,34014,117.4
281.9075,9,in,34018,80.2
281.912,9,in,34022,46.4
281.916,9,in,34026,58.2
281.9202,9,in,34030,127.2
281.9241,9,in,34034,118.4
281.9282,9,in,34038,140
281.9318,9,in,34042,117.6
281.936,9,in,34046,106
281.9395,9,in,34050,105.6
281.9437,9,in,34054,175
281.9471,9,in,34058,146.2
281.9505,9,in,34062,87
281.9544,9,in,34066,122.8
281.9578,9,in,34070,93.2
281.9616,9,in,34074,94.4
281.9654,9,in,34078,82.6
281.9691,9,in,34082,81.4
281.973,9,in,34086,120.6
281.9765,9,in,34090,77
281.9805,9,in,34094,98.2
281.9838,9,in,34098,105.6
281.9878,9,in,34102,82.6
281.9918,9,in,34106,117.4
281.9958,9,in,34110,109
282.0001,9,in,34114,88.2
282.004,9,in,34118,91.8
282.0078,9,in,34122,83.4
282.0114,9,in,34126,102.8
282.015,9,in,34130,97
282.0186,9,in,34134,118.4
282.0228,9,in,34138,75.6
282.0267,9,in,34142,110.6
282.0308,9,in,34146,115.8
282.0353,9,in,34150,103.2
282.0394,9,in,34154,130
282.0441,9,in,34158,111.6
282.0481,9,in,34162,142.6
282.0522,9,in,34166,174.2
282.0569,9,in,34170,101.6
282.0613,9,in,34174,98.6
282.0652,9,in,34178,128.2
282.0692,9,in,34182,73
282.0732,9,in,34186,148.6
282.0785,9,in,34190,98
282.0826,9,in,34194,106
282.087,9,in,34198,113.6
282.0916,9,in,34202,146
282.0973,9,in,34206,92.4
282.1014,9,in,34210,110.8
282.1055,9,in,34214,78.2
282.1102,9,in,34218,78.8
282.1156,9,in,34222,99.8
282.1198,9,in,34226,106.2
282.1245,9,in,34230,55
282.1287,9,in,34234,109.6
282.1343,9,in,34238,146.6
282.1384,9,in,34242,156.6
282.1425,9,in,34246,141
282.1466,9,in,34250,90.6
282.152,9,in,34254,85.2
282.1558,9,in,34258,102
282.1606,9,in,34262,64
282.1645,9,in,34266,122
282.1695,9,in,34270,132.2
282.1733,9,in,34274,106.8
282.1775,9,in,34278,169.4
282.1816,9,in,34282,93.2
282.1873,9,in,34286,106
282.1914,9,in,34290,147.4
282.196,9,in,34294,110.2
282.2002,9,in,34298,131.8
282.2059,9,in,34302,150.2
282.21,9,in,34306,204.4
282.2139,9,in,34310,134.8
282.2178,9,in,34314,155
282.2226,9,in,34318,129.6
282.2265,9,in,34322,105.6
282.2301,9,in,34326,148
282.2337,9,in,34330,148.8
282.2386,9,in,34334,139.6
282.2439,9,in,34338,92
282.2494,9,in,34342,135
282.2538,9,in,34346,183.4
282.2583,9,in,34350,127.4
282.2625,9,in,34354,106.4
282.2666,9,in,34358,148.4
282.2705,9,in,34362,169.8
282.2744,9,in,34366,110.2
282.2782,9,in,34370,129.8
282.2818,9,in,34374,153.2
282.2855,9,in,34378,142.2
282.2893,9,in,34382,174
282.2937,9,in,34386,146
282.298,9,in,34390,181
282.3019,9,in,34394,155.2
282.3062,9,in,34398,117
282.3104,9,in,34402,144.6
282.3148,9,in,34406,191.6
282.3189,9,in,34410,158.8
282.3229,9,in,34414,188.8
282.327,9,in,34418,160.2
282.332,9,in,34422,162.4
282.3362,9,in,34426,172
282.34,9,in,34430,134.8
282.3443,9,in,34434,165.8
282.3498,9,in,34438,134
282.3537,9,in,34442,113.6
282.3579,9,in,34446,133.8
282.3624,9,in,34450,117.6
282.3671,9,in,34454,123
282.3712,9,in,34458,150.6
282.3757,9,in,34462,144.4
282.3809,9,in,34466,148.4
282.3856,9,in,34470,111
282.3899,9,in,34474,92.4
282.3942,9,in,34478,169
282.3987,9,in,34482,159.2
282.4029,9,in,34486,149.6
282.4067,9,in,34490,133.4
282.4105,9,in,34494,149
282.4143,9,in,34498,147.6
282.4191,9,in,34502,160.6
282.423,9,in,34506,170.2
282.4269,9,in,34510,123.8
282.4309,9,in,34514,193.2
282.4359,9,in,34518,193.2
282.4407,9,in,34522,132
282.4448,9,in,34526,123.4
282.4489,9,in,34530,147
282.4543,9,in,34534,203.2
282.4583,9,in,34538,230.4
282.4626,9,in,34542,129.2
282.4665,9,in,34546,207
282.4721,9,in,34550,138.8
282.476,9,in,34554,148.2
282.4803,9,in,34558,177.2
282.4842,9,in,34562,157.4
282.4896,9,in,34566,163.6
282.4941,9,in,34570,217.8
282.4984,9,in,34574,206.8
282.5022,9,in,34578,164
282.5072,9,in,34582,209
282.5112,9,in,34586,188.4
282.5151,9,in,34590,175
282.5193,9,in,34594,161.4
282.5238,9,in,34598,133.4
282.5277,9,in,34602,191.4
282.5323,9,in,34606,232.8
282.5369,9,in,34610,223
282.5424,9,in,34614,238
282.5465,9,in,34618,174.2
282.5509,9,in,34622,212.6
282.5553,9,in,34626,215.2
282.5603,9,in,34630,286
282.5647,9,in,34634,257.8
282.5691,9,in,34638,326
282.5731,9,in,34642,281.4
282.5774,9,in,34646,270.6
282.5818,9,in,34650,325
282.5856,9,in,34654,282.4
282.5902,9,in,34658,210.2
282.5946,9,in,34662,194.6
282.5986,9,in,34666,151.8
282.6025,9,in,34670,226.8
282.6068,9,in,34674,223.4
282.6114,9,in,34678,208
282.6156,9,in,34682,203.8
282.6197,9,in,34686,173.2
282.6238,9,in,34690,236.8
282.6279,9,in,34694,214.2
282.6335,9,in,34698,288.8
282.6374,9,in,34702,187.4
282.6418,9,in,34706,238.6
282.6459,9,in,34710,290.2
282.6508,9,in,34714,328.2
282.6554,9,in,34718,297.6
282.66,9,in,34722,303
282.6642,9,in,34726,335.2
282.6689,9,in,34730,368
282.6735,9,in,34734,325
282.6782,9,in,34738,369.4
282.6825,9,in,34742,321.6
282.6876,9,in,34746,294.6
282.6924,9,in,34750,344.2
282.6971,9,in,34754,383.2
282.7014,9,in,34758,294
282.7058,9,in,34762,318.6
282.7094,9,in,34766,281
282.7131,9,in,34770,292.6
282.7167,9,in,34774,319
282.7203,9,in,34778,358
282.7249,9,in,34782,327.6
282.7287,9,in,34786,354.2
282.7327,9,in,34790,343.8
282.7367,9,in,34794,405.2
282.741,9,in,34798,330.2
282.7452,9,in,34802,353
282.7495,9,in,34806,398.6
282.7545,9,in,34810,308
282.7595,9,in,34814,364.4
282.7638,9,in,34818,330.6
282.768,9,in,34822,384.8
282.7722,9,in,34826,318.6
282.7758,9,in,34830,335.6
282.7793,9,in,34834,306.6
282.7832,9,in,34838,356
282.7869,9,in,34842,336.4
282.7906,9,in,34846,423.8
282.7958,9,in,34850,350
282.8003,9,in,34854,371.6
282.8047,9,in,34858,432.4
282.8087,9,in,34862,490.6
282.8133,9,in,34866,456.4
282.8182,9,in,34870,459
282.8226,9,in,34874,424.8
282.827,9,in,34878,354.2
282.8313,9,in,34882,411.6
282.835,9,in,34886,445
282.8392,9,in,34890,466.4
282.8434,9,in,34894,491.4
282.8474,9,in,34898,408.2
282.8516,9,in,34902,508.8
282.8554,9,in,34906,553
282.8594,9,in,34910,517.8
282.8636,9,in,34914,436.6
282.8684,9,in,34918,501.8
282.8721,9,in,34922,588.8
282.8761,9,in,34926,544
282.8801,9,in,34930,501
282.8848,9,in,34934,510.6
282.8895,9,in,34938,439.2
282.8943,9,in,34942,487
282.8984,9,in,34946,455
282.9026,9,in,34950,478.8
282.9066,9,in,34954,608.4
282.911,9,in,34958,582.8
282.9159,9,in,34962,475.8
282.9201,9,in,34966,569.6
282.9241,9,in,34970,526
282.9285,9,in,34974,489
282.933,9,in,34978,550.4
282.937,9,in,34982,457
282.9419,9,in,34986,399.6
282.9465,9,in,34990,463.4
282.9508,9,in,34994,562.8
282.9547,9,in,34998,481
282.9593,9,in,35002,768
282.9635,9,in,35006,688.2
282.9677,9,in,35010,763.8
282.9717,9,in,35014,543.2
282.977,9,in,35018,537.6
282.981,9,in,35022,498.2
282.9853,9,in,35026,593
282.9901,9,in,35030,605.2
282.9953,9,in,35034,678.4
282.9993,9,in,35038,630.8
283.0036,9,in,35042,673.6
283.009,9,in,35046,638.8
283.0134,9,in,35050,621.6
283.0173,9,in,35054,610.4
283.0216,9,in,35058,579
283.0259,9,in,35062,641.4
283.0313,9,in,35066,531.2
283.0352,9,in,35070,582.6
283.0398,9,in,35074,529.2
283.044,9,in,35078,541
283.0491,9,in,35082,536.8
283.053,9,in,35086,580.6
283.0573,9,in,35090,517.6
283.0617,9,in,35094,552.2
283.0668,9,in,35098,606.4
283.0709,9,in,35102,527.6
283.0749,9,in,35106,568.6
283.0793,9,in,35110,586
283.0843,9,in,35114,659.8
283.0884,9,in,35118,633.2
283.0927,9,in,35122,740
283.0972,9,in,35126,787.6
283.1024,9,in,35130,617.2
283.1065,9,in,35134,524.8
283.1109,9,in,35138,532.2
283.1149,9,in,35142,567
283.1203,9,in,35146,614.6
283.1247,9,in,35150,606
283.129,9,in,35154,549.2
283.1337,9,in,35158,546.4
283.1383,9,in,35162,587.4
283.1424,9,in,35166,576.6
283.1467,9,in,35170,624.8
283.1508,9,in,35174,632.8
283.1556,9,in,35178,553
283.1598,9,in,35182,562.8
283.1643,9,in,35186,594
283.1686,9,in,35190,574
283.1735,9,in,35194,651.8
283.1779,9,in,35198,697.4
283.182,9,in,35202,698
283.1859,9,in,35206,719
283.1904,9,in,35210,713.2
283.1951,9,in,35214,664
283.1993,9,in,35218,563
283.2039,9,in,35222,580.8
283.2087,9,in,35226,585.8
283.2129,9,in,35230,562.6
283.2167,9,in,35234,613.4
283.221,9,in,35238,847.2
283.2261,9,in,35242,686.2
283.2299,9,in,35246,705
283.234,9,in,35250,751
283.238,9,in,35254,683
283.2421,9,in,35258,682
283.2463,9,in,35262,647
283.2508,9,in,35266,737.8
283.2552,9,in,35270,669.2
283.2599,9,in,35274,707.4
283.2642,9,in,35278,728.8
283.2681,9,in,35282,871
283.2723,9,in,35286,864.6
283.2765,9,in,35290,879.6
283.2816,9,in,35294,771.2
283.2855,9,in,35298,850.6
283.2899,9,in,35302,820
283.2941,9,in,35306,846.8
283.2992,9,in,35310,885
283.303,9,in,35314,893.6
283.3074,9,in,35318,900.6
283.3119,9,in,35322,927
283.3168,9,in,35326,1039.6
283.3207,9,out,35322,946
283.325,9,out,35318,1061.2
283.3291,9,out,35314,1109.4
283.3339,9,out,35310,1101.6
283.3392,9,out,35306,1018.8
283.3432,9,out,35302,1037
283.3475,9,out,35298,997.2
283.3522,9,out,35294,815.6
283.3566,9,out,35290,883.6
283.3604,9,out,35286,856.2
283.3648,9,out,35282,902
283.3704,9,out,35278,914.8
283.3746,9,out,35274,979
283.3787,9,out,35270,935.4
283.3828,9,out,35266,940
283.3875,9,out,35262,965.8
283.3918,9,out,35258,1039.8
283.3959,9,out,35254,1017.4
283.4009,9,out,35250,1008.6
283.4059,9,out,35246,1024.2
283.4098,9,out,35242,1060.4
283.4136,9,out,35238,1038.2
283.4174,9,out,35234,1042.4
283.4213,9,out,35230,1042.2
283.4259,9,out,35226,922
283.4306,9,out,35222,959.6
283.4347,9,out,35218,886.2
283.4387,9,out,35214,988.8
283.4436,9,out,35210,1031
283.4479,9,out,35206,1013
283.4522,9,out,35202,1060.4
283.4562,9,out,35198,971.8
283.4617,9,out,35194,1034.6
283.4655,9,out,35190,1005.2
283.4694,9,out,35186,970.8
283.4736,9,out,35182,1069
283.4788,9,out,35178,1068.2
283.4835,9,out,35174,1067.8
283.4878,9,out,35170,1041.4
283.4925,9,out,35166,990.2
283.4973,9,out,35162,1040.4
283.502,9,out,35158,1042.8
283.5066,9,out,35154,1104.4
283.5114,9,out,35150,1069.4
283.5161,9,out,35146,1044.2
283.5203,9,out,35142,1099.4
283.5244,9,out,35138,1161.4
283.5284,9,out,35134,1139.8
283.533,9,out,35130,1104.2
283.5374,9,out,35126,1052
283.5422,9,out,35122,1108.4
283.5463,9,out,35118,1007.2
283.5519,9,out,35114,1024
283.5559,9,out,35110,928.4
283.56,9,out,35106,988.2
283.5641,9,out,35102,1032.2
283.5689,9,out,35098,1052.6
283.5738,9,out,35094,1121.8
283.578,9,out,35090,1263
283.582,9,out,35086,1060.6
283.5864,9,out,35082,1181
283.5902,9,out,35078,1077.4
283.5941,9,out,35074,1179
283.5983,9,out,35070,1154.4
283.6029,9,out,35066,1001.6
283.6072,9,out,35062,1110.8
283.6113,9,out,35058,1047.8
283.6157,9,out,35054,1090.2
283.6206,9,out,35050,1039.4
283.6248,9,out,35046,1104.2
283.6293,9,out,35042,1076.4
283.6333,9,out,35038,1020.8
283.6373,9,out,35034,1020
283.6424,9,out,35030,1009
283.6462,9,out,35026,1008
283.651,9,out,35022,949.4
283.6551,9,out,35018,996.2
283.6602,9,out,35014,1032.4
283.6644,9,out,35010,1084.2
283.6687,9,out,35006,1022.4
283.6731,9,out,35002,984.6
283.6788,9,out,34998,902
283.6834,9,out,34994,899
283.6876,9,out,34990,990.6
283.6921,9,out,34986,868.6
283.6963,9,out,34982,975.8
283.6998,9,out,34978,1196.8
283.7036,9,out,34974,1172.4
283.7073,9,out,34970,1067.6
283.7113,9,out,34966,1156.6
283.7161,9,out,34962,1044.6
283.7199,9,out,34958,1017.6
283.7238,9,out,34954,1098.4
283.7283,9,out,34950,1071.6
283.7328,9,out,34946,1056.4
283.7367,9,out,34942,1171.2
283.7412,9,out,34938,990
283.7453,9,out,34934,1064.8
283.75,9,out,34930,1108.8
283.7547,9,out,34926,1300
283.7589,9,out,34922,1238.2
283.7629,9,out,34918,1130.4
283.7674,9,out,34914,1158.6
283.771,9,out,34910,1167.6
283.775,9,out,34906,1217.6
283.7787,9,out,34902,1135.8
283.7825,9,out,34898,1136.6
283.7867,9,out,34894,1086.4
283.7908,9,out,34890,1141
283.7946,9,out,34886,1107.2
283.7985,9,out,34882,1075.2
283.8035,9,out,34878,1112.8
283.8087,9,out,34874,1102.8
283.813,9,out,34870,1076.8
283.8171,9,out,34866,985
283.8212,9,out,34862,1047.4
283.8249,9,out,34858,1020.4
283.8284,9,out,34854,1050.8
283.8323,9,out,34850,970.8
283.836,9,out,34846,932.4
283.8409,9,out,34842,979.4
283.8449,9,out,34838,941.8
283.8489,9,out,34834,960
283.8534,9,out,34830,1004.6
283.8583,9,out,34826,1256
283.8622,9,out,34822,1380.8
283.8666,9,out,34818,1309.4
283.8717,9,out,34814,1276.4
283.8761,9,out,34810,1224.6
283.8804,9,out,34806,1105.2
283.8844,9,out,34802,1201
283.8884,9,out,34798,1232
283.8936,9,out,34794,1131.8
283.8977,9,out,34790,1182.8
283.9021,9,out,34786,1168.4
283.9066,9,out,34782,1233
283.9122,9,out,34778,1114.2
283.9162,9,out,34774,1176
283.9201,9,out,34770,1135.6
283.9247,9,out,34766,1122.4
283.9299,9,out,34762,1101.6
283.9339,9,out,34758,1004.8
283.9381,9,out,34754,960.4
283.9422,9,out,34750,1087.2
283.9475,9,out,34746,1139
283.9515,9,out,34742,1224.8
283.9556,9,out,34738,1187.4
283.96,9,out,34734,1145
283.9647,9,out,34730,1060.4
283.9688,9,out,34726,1062.4
283.9729,9,out2,34676,1065.4
283.9772,9,out2,34626,927.6
283.9822,9,out2,34576,887.8
283.9866,9,out2,34526,853.2
283.9911,9,out2,34476,891
283.9958,9,out2,34426,943.6
284.0011,9,out2,34376,975.6
284.006,9,out2,34326,958
284.0104,9,out2,34276,862.8
284.0145,9,out2,34226,1052.4
284.0189,9,out2,34176,616.2
284.0238,9,out2,34126,345.8
284.0285,9,out2,34076,420.4
284.033,9,out2,34026,368.2
284.0376,9,out2,33976,310.4
284.0423,9,out2,33926,216.8
284.048,9,out2,33876,224
284.0533,9,out2,33826,149.4
284.0577,10,in,33826,94.4
284.0624,10,in,33830,64.2
284.0663,10,in,33834,73.2
284.0705,10,in,33838,141.2
284.075,10,in,33842,136.8
284.0787,10,in,33846,77
284.0825,10,in,33850,111
284.0867,10,in,33854,123
284.0907,10,in,33858,68.6
284.0949,10,in,33862,95.6
284.0997,10,in,33866,90.6
284.1039,10,in,33870,95.4
284.1086,10,in,33874,118.8
284.113,10,in,33878,61.6
284.1165,10,in,33882,95.8
284.1208,10,in,33886,158.2
284.125,10,in,33890,82.2
284.1292,10,in,33894,105.4
284.1331,10,in,33898,142.2
284.1374,10,in,33902,98
284.1422,10,in,33906,92.8
284.1465,10,in,33910,70
284.1509,10,in,33914,77.2
284.1556,10,in,33918,81.2
284.1601,10,in,33922,60.4
284.1649,10,in,33926,132.6
284.1692,10,in,33930,84
284.1733,10,in,33934,123.4
284.1775,10,in,33938,56.4
284.1818,10,in,33942,78
284.1865,10,in,33946,131
284.1907,10,in,33950,95.8
284.1949,10,in,33954,133.2
284.1992,10,in,33958,113.6
284.204,10,in,33962,138.2
284.2084,10,in,33966,130.8
284.2128,10,in,33970,99.2
284.2173,10,in,33974,93.6
284.2219,10,in,33978,80.8
284.2262,10,in,33982,66.4
284.231,10,in,33986,67.2
284.2359,10,in,33990,105
284.24,10,in,33994,76
284.2439,10,in,33998,76.2
284.2479,10,in,34002,74.6
284.2519,10,in,34006,68.8
284.2559,10,in,34010,133.8
284.2606,10,in,34014,139
284.2647,10,in,34018,107.6
284.2688,10,in,34022,80.2
284.2728,10,in,34026,89.6
284.277,10,in,34030,99.4
284.2816,10,in,34034,102.8
284.2858,10,in,34038,108.6
284.2901,10,in,34042,48.4
284.2947,10,in,34046,136
284.2992,10,in,34050,71.2
284.3032,10,in,34054,70
284.3076,10,in,34058,105.8
284.3123,10,in,34062,111.4
284.3168,10,in,34066,59.4
284.3211,10,in,34070,129.8
284.3251,10,in,34074,111.6
284.3291,10,in,34078,95.8
284.333,10,in,34082,97
284.3373,10,in,34086,85.4
284.3419,10,in,34090,100
284.3456,10,in,34094,91.6
284.3495,10,in,34098,86
284.3533,10,in,34102,99
284.3574,10,in,34106,74.8
284.3613,10,in,34110,84.8
284.3654,10,in,34114,63
284.3696,10,in,34118,53.2
284.374,10,in,34122,85
284.3783,10,in,34126,39.8
284.3833,10,in,34130,84.8
284.3885,10,in,34134,102.4
284.3933,10,in,34138,87.2
284.3983,10,in,34142,64.6
284.4025,10,in,34146,61.2
284.407,10,in,34150,85.2
284.4115,10,in,34154,113
284.4158,10,in,34158,113.6
284.4199,10,in,34162,101.4
284.424,10,in,34166,104.2
284.4282,10,in,34170,23.2
284.4325,10,in,34174,107.6
284.4369,10,in,34178,58.6
284.4412,10,in,34182,114
284.4453,10,in,34186,54
284.4499,10,in,34190,118
284.4547,10,in,34194,127.8
284.4593,10,in,34198,115.2
284.4636,10,in,34202,100
284.4683,10,in,34206,86.2
284.4727,10,in,34210,95.6
284.4772,10,in,34214,119.4
284.4816,10,in,34218,91.8
284.4858,10,in,34222,67.8
284.4901,10,in,34226,50.6
284.4944,10,in,34230,161.2
284.4985,10,in,34234,84.8
284.5031,10,in,34238,119
284.5072,10,in,34242,117.4
284.5115,10,in,34246,66
284.5153,10,in,34250,63.6
284.5196,10,in,34254,41.8
284.5235,10,in,34258,89.2
284.5279,10,in,34262,90
284.5331,10,in,34266,64.6
284.5374,10,in,34270,81.6
284.5417,10,in,34274,123.8
284.5459,10,in,34278,27
284.5501,10,in,34282,129.8
284.5543,10,in,34286,141.2
284.5581,10,in,34290,92.2
284.5622,10,in,34294,48.8
284.5668,10,in,34298,68.8
284.5713,10,in,34302,127.4
284.5756,10,in,34306,66
284.5803,10,in,34310,130
284.5849,10,in,34314,150.6
284.5891,10,in,34318,81.8
284.5934,10,in,34322,119.4
284.5975,10,in,34326,141.2
284.6017,10,in,34330,106.4
284.6058,10,in,34334,114
284.61,10,in,34338,149
284.6144,10,in,34342,155.4
284.6184,10,in,34346,115.6
284.6223,10,in,34350,141
284.6259,10,in,34354,113.6
284.6299,10,in,34358,79.6
284.6335,10,in,34362,109.4
284.6376,10,in,34366,146.4
284.6421,10,in,34370,130.4
284.6466,10,in,34374,105.8
284.6519,10,in,34378,114.2
284.6567,10,in,34382,132.2
284.6621,10,in,34386,97.8
284.6667,10,in,34390,107.4
284.6714,10,in,34394,145.6
284.676,10,in,34398,137.4
284.681,10,in,34402,121.6
284.6854,10,in,34406,125.6
284.6899,10,in,34410,91.4
284.6942,10,in,34414,131.2
284.6986,10,in,34418,98
284.7034,10,in,34422,66
284.7079,10,in,34426,103.6
284.712,10,in,34430,63.4
284.7164,10,in,34434,46.2
284.7207,10,in,34438,102.2
284.7249,10,in,34442,151.2
284.7297,10,in,34446,111.4
284.7343,10,in,34450,96.4
284.7391,10,in,34454,146
284.7437,10,in,34458,94
284.7486,10,in,34462,109
284.753,10,in,34466,115.6
284.7571,10,in,34470,84.2
284.7611,10,in,34474,43.4
284.7653,10,in,34478,117.6
284.7695,10,in,34482,109.4
284.7736,10,in,34486,82
284.7782,10,in,34490,113.2
284.7831,10,in,34494,130.2
284.7875,10,in,34498,123.2
284.7925,10,in,34502,107
284.7971,10,in,34506,130.4
284.8021,10,in,34510,137
284.8061,10,in,34514,206.2
284.8107,10,in,34518,204
284.8153,10,in,34522,193.2
284.8198,10,in,34526,109.8
284.8241,10,in,34530,147.8
284.8288,10,in,34534,139.8
284.8335,10,in,34538,191.4
284.8401,10,in,34542,165.8
284.8447,10,in,34546,128.8
284.8501,10,in,34550,181.8
284.8553,10,in,34554,138.8
284.8597,10,in,34558,128.4
284.8646,10,in,34562,141.4
284.8689,10,in,34566,149.2
284.8732,10,in,34570,155.4
284.8775,10,in,34574,192
284.8823,10,in,34578,200
284.8871,10,in,34582,198.2
284.8916,10,in,34586,199.6
284.896,10,in,34590,161.6
284.9004,10,in,34594,222.6
284.905,10,in,34598,185.2
284.9098,10,in,34602,208.6
284.9146,10,in,34606,112.6
284.9192,10,in,34610,172.8
284.924,10,in,34614,142.2
284.9288,10,in,34618,97
284.9332,10,in,34622,165.4
284.938,10,in,34626,159.4
284.9429,10,in,34630,170.2
284.9474,10,in,34634,199.2
284.9522,10,in,34638,196
284.9566,10,in,34642,159
284.9624,10,in,34646,144.6
284.9673,10,in,34650,129.6
284.9723,10,in,34654,147.4
284.9772,10,in,34658,145.2
284.9818,10,in,34662,127.6
284.9868,10,in,34666,152
284.9918,10,in,34670,107.2
284.9964,10,in,34674,88.8
285.0008,10,in,34678,97.2
285.0061,10,in,34682,104.6
285.011,10,in,34686,116.8
285.016,10,in,34690,146.4
285.0205,10,in,34694,160.2
285.0252,10,in,34698,156.2
285.03,10,in,34702,162
285.0348,10,in,34706,156.2
285.0393,10,in,34710,185.4
285.0438,10,in,34714,123.2
285.048,10,in,34718,157.6
285.0531,10,in,34722,179.4
285.0576,10,in,34726,141.2
285.062,10,in,34730,126
285.0667,10,in,34734,161.8
285.0725,10,in,34738,127
285.0773,10,in,34742,144.2
285.0817,10,in,34746,144.8
285.0859,10,in,34750,181.4
285.0903,10,in,34754,151.2
285.0947,10,in,34758,157
285.0994,10,in,34762,113
285.1047,10,in,34766,149
285.1093,10,in,34770,137
285.1136,10,in,34774,95.6
285.1183,10,in,34778,134.4
285.1232,10,in,34782,112.8
285.1276,10,in,34786,188
285.1323,10,in,34790,141.8
285.1371,10,in,34794,171.4
285.1417,10,in,34798,173.2
285.1463,10,in,34802,139.8
285.1508,10,in,34806,187.2
285.1559,10,in,34810,200
285.1613,10,in,34814,152.4
285.1657,10,in,34818,186.8
285.17,10,in,34822,158
285.1744,10,in,34826,161.4
285.1788,10,in,34830,152
285.1833,10,in,34834,197.4
285.1881,10,in,34838,224.6
285.1926,10,in,34842,143.6
285.1979,10,in,34846,191.2
285.2023,10,in,34850,206.4
285.207,10,in,34854,196.2
285.2116,10,in,34858,212.2
285.2157,10,in,34862,164.2
285.2196,10,in,34866,158.6
285.2236,10,in,34870,222.2
285.2279,10,in,34874,162.4
285.2323,10,in,34878,182.2
285.2365,10,in,34882,252
285.2401,10,in,34886,164.8
285.2443,10,in,34890,202.6
285.2502,10,in,34894,179.6
285.254,10,in,34898,199.6
285.2578,10,in,34902,188.4
285.262,10,in,34906,168.2
285.2686,10,in,34910,194.8
285.2728,10,in,34914,165
285.2772,10,in,34918,165.8
285.2816,10,in,34922,168.2
285.2866,10,in,34926,201.8
285.2909,10,in,34930,248
285.2953,10,in,34934,232.6
285.2999,10,in,34938,350.4
285.3044,10,in,34942,307.4
285.3087,10,in,34946,215.6
285.3127,10,in,34950,216.8
285.317,10,in,34954,273
285.3221,10,in,34958,318.2
285.3267,10,in,34962,265
285.3307,10,in,34966,317.6
285.3351,10,in,34970,318.6
285.3405,10,in,34974,328.4
285.3446,10,in,34978,212
285.3485,10,in,34982,229.4
285.3527,10,in,34986,254.2
285.3575,10,in,34990,312.2
285.3616,10,in,34994,307.6
285.3657,10,in,34998,308.6
285.37,10,in,35002,297.4
285.3757,10,in,35006,299.4
285.3802,10,in,35010,284.2
285.3845,10,in,35014,288.2
285.3886,10,in,35018,287.6
285.3932,10,in,35022,353.8
285.3976,10,in,35026,341
285.4018,10,in,35030,327.2
285.4058,10,in,35034,350.6
285.4114,10,in,35038,339.8
285.4154,10,in,35042,329
285.4197,10,in,35046,348.8
285.4243,10,in,35050,382
285.4297,10,in,35054,410
285.4336,10,in,35058,437.6
285.4376,10,in,35062,476.4
285.4417,10,in,35066,438.4
285.4477,10,in,35070,430.6
285.4519,10,in,35074,369.2
285.4558,10,in,35078,448.8
285.4599,10,in,35082,437.8
285.4654,10,in,35086,514.6
285.4697,10,in,35090,410.8
285.4737,10,in,35094,585.2
285.4782,10,in,35098,420.4
285.483,10,in,35102,450
285.4869,10,in,35106,397.4
285.4908,10,in,35110,417.2
285.4947,10,in,35114,407.2
285.4993,10,in,35118,426.8
285.5036,10,in,35122,569.6
285.5082,10,in,35126,328.2
285.5122,10,in,35130,465.6
285.5167,10,in,35134,336
285.5214,10,in,35138,330.2
285.5259,10,in,35142,327.2
285.5308,10,in,35146,417.2
285.536,10,in,35150,466.8
285.54,10,in,35154,393.8
285.5441,10,in,35158,499.2
285.5482,10,in,35162,448.4
285.5534,10,in,35166,507
285.5575,10,in,35170,474
285.5616,10,in,35174,307
285.5662,10,in,35178,262.2
285.5717,10,in,35182,501.4
285.5758,10,in,35186,331.2
285.5799,10,in,35190,402.2
285.584,10,in,35194,257.2
285.5888,10,in,35198,352.8
285.5932,10,in,35202,287.6
285.5972,10,in,35206,395.6
285.6018,10,in,35210,420.4
285.6067,10,in,35214,604.2
285.6109,10,in,35218,395.4
285.6154,10,in,35222,388
285.62,10,in,35226,421
285.6248,10,in,35230,466
285.6297,10,in,35234,441.2
285.6342,10,in,35238,449
285.6386,10,in,35242,477.4
285.643,10,in,35246,522.4
285.648,10,in,35250,564.2
285.6519,10,in,35254,481
285.6559,10,in,35258,557
285.66,10,in,35262,527.6
285.6648,10,in,35266,502.4
285.6688,10,in,35270,424.8
285.6729,10,in,35274,510.8
285.677,10,in,35278,518
285.6819,10,in,35282,458.8
285.6863,10,in,35286,471.6
285.6906,10,in,35290,475.2
285.6948,10,in,35294,412.8
285.6989,10,in,35298,569.8
285.7031,10,in,35302,506.4
285.7073,10,in,35306,425.2
285.711,10,in,35310,401
285.715,10,in,35314,464.6
285.7191,10,in,35318,508
285.7233,10,in,35322,627.2
285.7273,10,in,35326,516
285.7312,10,in,35330,418.2
285.7359,10,in,35334,549.8
285.7399,10,in,35338,528.8
285.7439,10,in,35342,525.4
285.7479,10,in,35346,472.6
285.7528,10,in,35350,536.2
285.7578,10,in,35354,401.8
285.7622,10,in,35358,468.2
285.7665,10,in,35362,441.6
285.7704,10,in,35366,558.2
285.7745,10,in,35370,575.4
285.7785,10,in,35374,474.4
285.7822,10,in,35378,492.2
285.7873,10,in,35382,534.2
285.7912,10,in,35386,597.2
285.7962,10,in,35390,665
285.8008,10,in,35394,736.6
285.805,10,in,35398,762.8
285.8091,10,in,35402,626.8
285.8133,10,in,35406,681.8
285.8179,10,in,35410,614
285.8227,10,in,35414,627.6
285.8269,10,in,35418,586.8
285.8307,10,in,35422,528.4
285.8356,10,in,35426,674.6
285.8408,10,in,35430,588.4
285.8447,10,in,35434,478.8
285.8487,10,in,35438,496
285.8529,10,in,35442,541.6
285.8576,10,in,35446,441
285.8618,10,in,35450,507.8
285.8667,10,in,35454,493.6
285.8708,10,in,35458,421.2
285.8755,10,in,35462,435.8
285.8799,10,in,35466,499.6
285.8842,10,in,35470,463.6
285.8894,10,in,35474,562.4
285.8942,10,in,35478,443.6
285.8987,10,in,35482,508.8
285.9029,10,in,35486,502.2
285.9071,10,in,35490,594
285.9121,10,in,35494,921.2
285.9161,10,in,35498,876.2
285.9201,10,in,35502,853
285.9245,10,in,35506,746.2
285.9296,10,in,35510,590.4
285.9336,10,in,35514,634.2
285.938,10,in,35518,640.4
285.9422,10,in,35522,618
285.9476,10,in,35526,617.2
285.9516,10,in,35530,589
285.9556,10,in,35534,608.4
285.9599,10,in,35538,625
285.9654,10,in,35542,620.4
285.9695,10,in,35546,763
285.9736,10,in,35550,603.4
285.9781,10,in,35554,548.2
285.9836,10,in,35558,573.6
285.9875,10,in,35562,636.8
285.9918,10,in,35566,586.2
285.996,10,in,35570,570.8
286.001,10,in,35574,497.2
286.0053,10,in,35578,503.2
286.0096,10,in,35582,487
286.0141,10,in,35586,567
286.0193,10,in,35590,583.8
286.0239,10,in,35594,563.4
286.0281,10,in,35598,606
286.0325,10,in,35602,603
286.0381,10,in,35606,641
286.0419,10,in,35610,531
286.0459,10,in,35614,503.6
286.0501,10,in,35618,577.6
286.0559,10,in,35622,530
286.0597,10,in,35626,501.8
286.0639,10,in,35630,527.4
286.0685,10,in,35634,496.2
286.0737,10,in,35638,475
286.0775,10,in,35642,564.4
286.0816,10,in,35646,588.6
286.0864,10,in,35650,593
286.0918,10,in,35654,481.6
286.0961,10,in,35658,504
286.1002,10,in,35662,569.8
286.1044,10,in,35666,621.4
286.109,10,in,35670,513.6
286.1137,10,in,35674,591.4
286.1182,10,in,35678,525.2
286.1229,10,in,35682,622.4
286.1285,10,in,35686,663.8
286.1337,10,in,35690,515.6
286.1388,10,in,35694,550.2
286.1437,10,in,35698,582.6
286.1489,10,in,35702,585
286.1537,10,in,35706,564.2
286.1586,10,in,35710,553.2
286.1646,10,in,35714,489.4
286.1694,10,in,35718,621.2
286.1741,10,in,35722,562.4
286.1798,10,in,35726,537.2
286.1848,10,in,35730,496
286.1897,10,in,35734,532.4
286.1951,10,in,35738,453.4
286.2013,10,in,35742,535.4
286.2058,10,in,35746,495.2
286.2105,10,in,35750,513.4
286.2154,10,in,35754,567.4
286.2208,10,in,35758,458
286.2258,10,in,35762,515.8
286.2303,10,in,35766,567.6
286.2359,10,in,35770,578.4
286.2403,10,in,35774,560.2
286.2449,10,in,35778,527
286.2489,10,in,35782,494
286.253,10,in,35786,529
286.2574,10,in,35790,577
286.262,10,in,35794,609.6
286.2674,10,in,35798,596.2
286.273,10,in,35802,457.6
286.2778,10,in,35806,466
286.2824,10,in,35810,429
286.2878,10,in,35814,504
286.2928,10,in,35818,399.4
286.2974,10,in,35822,386.8
286.3025,10,in,35826,524
286.3078,10,in,35830,532.8
286.3128,10,in,35834,574.8
286.3175,10,in,35838,581.2
286.3223,10,in,35842,661.2
286.328,10,in,35846,673.4
286.3325,10,in,35850,691
286.338,10,in,35854,635.2
286.3426,10,in,35858,691.2
286.3472,10,in,35862,602.6
286.3519,10,in,35866,685.4
286.3564,10,in,35870,660
286.361,10,in,35874,655.2
286.3659,10,in,35878,588.2
286.3707,10,in,35882,587.8
286.3753,10,in,35886,643.6
286.3806,10,in,35890,641.6
286.3852,10,in,35894,679.4
286.3899,10,in,35898,611
286.3947,10,in,35902,579.6
286.4006,10,in,35906,636.2
286.4051,10,in,35910,594.8
286.4096,10,in,35914,609.8
286.4148,10,in,35918,501.8
286.4195,10,in,35922,583.4
286.4239,10,in,35926,556.2
286.4286,10,in,35930,491.8
286.4333,10,in,35934,544.2
286.4374,10,in,35938,573
286.4412,10,in,35942,605.2
286.4456,10,in,35946,537.4
286.4507,10,in,35950,561.6
286.4562,10,in,35954,612.2
286.4614,10,in,35958,572.8
286.4657,10,in,35962,648.2
286.4709,10,in,35966,571.8
286.4757,10,in,35970,561.6
286.4805,10,in,35974,570.2
286.4855,10,in,35978,663.2
286.4913,10,in,35982,635.6
286.496,10,in,35986,663.6
286.5008,10,in,35990,688.4
286.5054,10,in,35994,582.4
286.5103,10,in,35998,688.6
286.5148,10,in,36002,737.2
286.5189,10,in,36006,722.4
286.5234,10,in,36010,696.8
286.5274,10,in,36014,643.6
286.5316,10,in,36018,597.8
286.5363,10,in,36022,650.8
286.5414,10,in,36026,615.8
286.5462,10,in,36030,596.6
286.5505,10,in,36034,566.4
286.5551,10,in,36038,673.2
286.5594,10,in,36042,627.8
286.5642,10,in,36046,636.4
286.5694,10,in,36050,565.2
286.5744,10,in,36054,543.6
286.5801,10,in,36058,442.6
286.5855,10,in,36062,573
286.5903,10,in,36066,565.4
286.596,10,in,36070,584.6
286.6009,10,in,36074,592.8
286.6056,10,in,36078,653.6
286.6103,10,in,36082,656.2
286.6156,10,in,36086,662.6
286.621,10,in,36090,643.4
286.626,10,in,36094,629.6
286.6304,10,in,36098,667
286.6361,10,in,36102,653
286.6405,10,in,36106,689.2
286.6455,10,in,36110,662
286.6507,10,in,36114,632.4
286.6558,10,in,36118,642.8
286.6609,10,in,36122,634.6
286.6655,10,in,36126,602.6
286.6715,10,in,36130,596.8
286.6761,10,in,36134,662.8
286.6811,10,in,36138,626.4
286.6865,10,in,36142,557.8
286.6911,10,in,36146,477.2
286.6954,10,in,36150,476.2
286.6996,10,in,36154,486.6
286.7038,10,in,36158,484.8
286.7086,10,in,36162,420.4
286.7133,10,in,36166,474.8
286.7178,10,in,36170,450
286.7226,10,in,36174,469.4
286.7272,10,in,36178,507
286.7319,10,in,36182,481
286.7364,10,in,36186,528.2
286.7416,10,in,36190,467.6
286.7467,10,in,36194,479
286.7517,10,in,36198,650.2
286.7567,10,in,36202,664.2
286.7612,10,in,36206,575
286.7654,10,in,36210,687.4
286.7696,10,in,36214,671.4
286.7734,10,in,36218,639.4
286.777,10,in,36222,703.6
286.7804,10,in,36226,647.8
286.7842,10,in,36230,661.8
286.7882,10,in,36234,588.6
286.7919,10,in,36238,589.2
286.7962,10,in,36242,538.4
286.8009,10,in,36246,604.2
286.8051,10,in,36250,549.2
286.8095,10,in,36254,785.8
286.8134,10,in,36258,616.2
286.8174,10,in,36262,584.2
286.8214,10,in,36266,520.6
286.8249,10,in,36270,653.2
286.8294,10,in,36274,669.6
286.8333,10,in,36278,748
286.8375,10,in,36282,948.2
286.8413,10,in,36286,815.8
286.8463,10,in,36290,628.2
286.8511,10,in,36294,699.2
286.8551,10,in,36298,760.6
286.8591,10,in,36302,735.6
286.8639,10,in,36306,734.6
286.8683,10,in,36310,926.8
286.8728,10,in,36314,831.2
286.8772,10,in,36318,781.2
286.8823,10,in,36322,654.2
286.8867,10,in,36326,760.2
286.8916,10,in,36330,652.4
286.8957,10,in,36334,696.2
286.9013,10,in,36338,714.8
286.9052,10,in,36342,652.4
286.9096,10,in,36346,712.8
286.914,10,in,36350,636.6
286.9189,10,in,36354,665.2
286.9232,10,in,36358,580
286.9277,10,in,36362,692.4
286.9317,10,in,36366,655.2
286.9364,10,in,36370,637.2
286.941,10,in,36374,810.4
286.9453,10,in,36378,571.6
286.9497,10,in,36382,545.6
286.9546,10,in,36386,622.6
286.959,10,in,36390,635
286.963,10,in,36394,588.4
286.9671,10,in,36398,617.8
286.9713,10,in,36402,682.8
286.9756,10,in,36406,671.8
286.9797,10,in,36410,622.6
286.9841,10,in,36414,560
286.9887,10,in,36418,630.4
286.9933,10,in,36422,579.8
286.9974,10,in,36426,644
287.0022,10,in,36430,681.4
287.0071,10,in,36434,729.2
287.0116,10,in,36438,711.6
287.0156,10,in,36442,654.4
287.0197,10,in,36446,601.4
287.0239,10,in,36450,653.8
287.0291,10,in,36454,811.8
287.0331,10,in,36458,583.2
287.0374,10,in,36462,694.6
287.0419,10,in,36466,620.2
287.0464,10,in,36470,652.6
287.051,10,in,36474,664.8
287.0555,10,in,36478,599.6
287.0595,10,in,36482,762
287.064,10,in,36486,473
287.069,10,in,36490,537.8
287.0736,10,in,36494,601.4
287.0777,10,in,36498,1106.8
287.0829,10,out,36494,991.2
287.087,10,out,36490,1047.4
287.0911,10,out,36486,891.2
287.0952,10,out,36482,926.4
287.0999,10,out,36478,1001.8
287.1039,10,out,36474,1017.2
287.1081,10,out,36470,954
287.1121,10,out,36466,1154.6
287.1169,10,out,36462,1091.6
287.1208,10,out,36458,1211.6
287.125,10,out,36454,1208.6
287.1291,10,out,36450,1107.6
287.1345,10,out,36446,810
287.1384,10,out,36442,745
287.1427,10,out,36438,634.2
287.1477,10,out,36434,636.8
287.1517,10,out,36430,702
287.156,10,out,36426,612.8
287.1598,10,out,36422,624.8
287.164,10,out,36418,604.6
287.1692,10,out,36414,603.2
287.1732,10,out,36410,599.8
287.178,10,out,36406,648
287.1822,10,out,36402,621.6
287.1868,10,out,36398,713
287.1913,10,out,36394,630.8
287.1955,10,out,36390,612
287.1999,10,out,36386,601
287.2046,10,out,36382,679.2
287.2089,10,out,36378,615.4
287.2134,10,out,36374,686.2
287.2181,10,out,36370,698.8
287.2227,10,out,36366,736.4
287.2273,10,out,36362,662.6
287.2318,10,out,36358,684.6
287.2363,10,out,36354,637.6
287.2404,10,out,36350,681.2
287.245,10,out,36346,630.4
287.2494,10,out,36342,699.2
287.2535,10,out,36338,743.6
287.2587,10,out,36334,717.8
287.2626,10,out,36330,735.6
287.2669,10,out,36326,809.4
287.271,10,out,36322,791.2
287.276,10,out,36318,683.4
287.2799,10,out,36314,805
287.2842,10,out,36310,751
287.289,10,out,36306,741
287.2943,10,out,36302,779.6
287.2982,10,out,36298,662.4
287.3027,10,out,36294,771.2
287.3074,10,out,36290,676.4
287.3126,10,out,36286,781.8
287.3165,10,out,36282,777
287.3214,10,out,36278,838.6
287.3257,10,out,36274,815.6
287.3314,10,out,36270,844.8
287.3354,10,out,36266,787
287.3401,10,out,36262,761.6
287.3445,10,out,36258,848.8
287.3495,10,out,36254,887
287.3536,10,out,36250,834.4
287.3583,10,out,36246,785.6
287.3624,10,out,36242,812.8
287.3677,10,out,36238,820.6
287.3733,10,out,36234,813.8
287.3783,10,out,36230,711
287.383,10,out,36226,765.6
287.3879,10,out,36222,856
287.3927,10,out,36218,777
287.3981,10,out,36214,827.6
287.4036,10,out,36210,814
287.4086,10,out,36206,817.4
287.4135,10,out,36202,775.8
287.419,10,out,36198,803.2
287.4237,10,out,36194,809.2
287.4286,10,out,36190,745
287.433,10,out,36186,817.4
287.4386,10,out,36182,830.6
287.4432,10,out,36178,771.6
287.4482,10,out,36174,692.8
287.4531,10,out,36170,754.2
287.4582,10,out,36166,723.2
287.4629,10,out,36162,704.2
287.4676,10,out,36158,730.2
287.4733,10,out,36154,675.8
287.4785,10,out,36150,698.4
287.4833,10,out,36146,774.4
287.4878,10,out,36142,681
287.493,10,out,36138,742.4
287.4977,10,out,36134,685.6
287.5024,10,out,36130,643.2
287.508,10,out,36126,726.4
287.513,10,out,36122,730.4
287.5177,10,out,36118,799.2
287.5222,10,out,36114,801
287.5275,10,out,36110,777.4
287.5324,10,out,36106,758.2
287.538,10,out,36102,759.2
287.5426,10,out,36098,767.4
287.5477,10,out,36094,825.8
287.552,10,out,36090,757.6
287.5566,10,out,36086,707.2
287.5619,10,out,36082,785
287.5667,10,out,36078,832
287.5722,10,out,36074,792.8
287.5773,10,out,36070,808.2
287.5831,10,out,36066,753.2
287.5876,10,out,36062,828.8
287.5926,10,out,36058,846.6
287.5981,10,out,36054,744.6
287.6032,10,out,36050,799.2
287.6084,10,out,36046,785.8
287.6135,10,out,36042,702.8
287.6182,10,out,36038,737.2
287.6229,10,out,36034,752.2
287.6277,10,out,36030,750.6
287.6323,10,out,36026,658.2
287.6369,10,out,36022,718.6
287.6414,10,out,36018,693.8
287.6459,10,out,36014,735.8
287.6507,10,out,36010,741.6
287.6564,10,out,36006,725.6
287.6612,10,out,36002,775.6
287.6662,10,out,35998,756.6
287.6707,10,out,35994,754.4
287.6756,10,out,35990,660
287.6802,10,out,35986,734.8
287.6848,10,out,35982,746.2
287.6894,10,out,35978,787.8
287.6942,10,out,35974,811.8
287.6985,10,out,35970,835.8
287.7033,10,out,35966,797.4
287.7079,10,out,35962,765.4
287.7121,10,out,35958,827.6
287.7165,10,out,35954,791
287.721,10,out,35950,840.2
287.7259,10,out,35946,807.8
287.7305,10,out,35942,811.4
287.7348,10,out,35938,859.4
287.7387,10,out,35934,776.8
287.743,10,out,35930,810.6
287.747,10,out,35926,853.6
287.7511,10,out,35922,870.6
287.7553,10,out,35918,883.4
287.7593,10,out,35914,889.6
287.7637,10,out,35910,864.8
287.7679,10,out,35906,899.8
287.7718,10,out,35902,871.8
287.7761,10,out,35898,885.2
287.7804,10,out2,35848,859
287.7844,10,out2,35798,818.6
287.7889,10,out2,35748,735.8
287.7932,10,out2,35698,683.4
287.7978,10,out2,35648,652.4
287.8017,10,out2,35598,757.8
287.8055,10,out2,35548,814.6
287.8098,10,out2,35498,910
287.8142,10,out2,35448,835.8
287.8184,10,out2,35398,733
287.8228,10,out2,35348,582.8
287.827,10,out2,35298,553
287.831,10,out2,35248,528.8
287.8351,10,out2,35198,470
287.8391,10,out2,35148,435.8
287.8433,10,out2,35098,465.4
287.8477,10,out2,35048,327
287.852,10,out2,34998,441.4
287.8568,10,out2,34948,421
287.861,10,out2,34898,412.2
287.8654,10,out2,34848,476
287.8701,10,out2,34798,405.8
287.8741,10,out2,34748,319.6
287.8784,10,out2,34698,295.4
287.8826,10,out2,34648,273
287.8867,10,out2,34598,235.6
287.8905,10,out2,34548,206.4
287.8948,10,out2,34498,61.6
287.8995,11,in,34498,73.2
287.9041,11,in,34502,100
287.9086,11,in,34506,29.4
287.9125,11,in,34510,50.8
287.9168,11,in,34514,104
287.9213,11,in,34518,109.8
287.9252,11,in,34522,115.6
287.9296,11,in,34526,77.2
287.9336,11,in,34530,67.6
287.9379,11,in,34534,109.6
287.9421,11,in,34538,48.6
287.9461,11,in,34542,107
287.9504,11,in,34546,69.6
287.9544,11,in,34550,112.8
287.9588,11,in,34554,61.6
287.9631,11,in,34558,58
287.9675,11,in,34562,107.6
287.9722,11,in,34566,105.8
287.9764,11,in,34570,126.2
287.9803,11,in,34574,97
287.9842,11,in,34578,96.4
287.9886,11,in,34582,117
287.9929,11,in,34586,118.4
287.9969,11,in,34590,69.8
288.0008,11,in,34594,70.8
288.0049,11,in,34598,93.8
288.0093,11,in,34602,66
288.0137,11,in,34606,93
288.0179,11,in,34610,90
288.0225,11,in,34614,123.8
288.0272,11,in,34618,123.4
288.032,11,in,34622,128.8
288.0364,11,in,34626,184.8
288.0409,11,in,34630,29.6
288.0455,11,in,34634,125
288.0498,11,in,34638,136.6
288.0539,11,in,34642,139
288.0582,11,in,34646,105.2
288.0624,11,in,34650,145.2
288.0666,11,in,34654,129
288.071,11,in,34658,149
288.0752,11,in,34662,112.4
288.0793,11,in,34666,162.6
288.0838,11,in,34670,100.6
288.0879,11,in,34674,133.6
288.0916,11,in,34678,100
288.0955,11,in,34682,89
288.0997,11,in,34686,155.4
288.1038,11,in,34690,127.2
288.1084,11,in,34694,92.6
288.1128,11,in,34698,135.4
288.1169,11,in,34702,152.8
288.1213,11,in,34706,113.4
288.1253,11,in,34710,99.6
288.1298,11,in,34714,134
288.135,11,in,34718,121.4
288.1397,11,in,34722,130.4
288.1439,11,in,34726,104.6
288.148,11,in,34730,149.8
288.1522,11,in,34734,110
288.1567,11,in,34738,83.2
288.1609,11,in,34742,133.4
288.1646,11,in,34746,126.4
288.1682,11,in,34750,101.6
288.1719,11,in,34754,132
288.1754,11,in,34758,120.8
288.1793,11,in,34762,117.6
288.1831,11,in,34766,180
288.1878,11,in,34770,142
288.1926,11,in,34774,109.2
288.197,11,in,34778,151.6
288.2017,11,in,34782,162.6
288.2074,11,in,34786,129.2
288.2117,11,in,34790,126.8
288.2162,11,in,34794,140.4
288.2203,11,in,34798,122.2
288.2255,11,in,34802,137.8
288.2297,11,in,34806,174.8
288.2343,11,in,34810,180.6
288.2393,11,in,34814,129.2
288.2439,11,in,34818,86.6
288.2479,11,in,34822,76.8
288.2519,11,in,34826,147.2
288.2564,11,in,34830,135
288.2608,11,in,34834,112.6
288.2647,11,in,34838,168.6
288.2693,11,in,34842,101.4
288.2739,11,in,34846,165.6
288.2796,11,in,34850,100.8
288.2843,11,in,34854,126
288.2886,11,in,34858,117.6
288.2932,11,in,34862,180.2
288.2974,11,in,34866,128.4
288.3015,11,in,34870,190.8
288.3054,11,in,34874,175.4
288.3093,11,in,34878,103.4
288.3146,11,in,34882,99.2
288.3194,11,in,34886,159.2
288.3241,11,in,34890,181.8
288.3281,11,in,34894,105
288.3328,11,in,34898,150.2
288.3376,11,in,34902,200
288.3413,11,in,34906,173.4
288.3454,11,in,34910,166.8
288.3504,11,in,34914,132.8
288.3545,11,in,34918,186.4
288.3584,11,in,34922,168.8
288.3631,11,in,34926,143.8
288.3684,11,in,34930,171.2
288.3724,11,in,34934,113
288.3762,11,in,34938,137.4
288.3814,11,in,34942,141.8
288.3857,11,in,34946,128
288.39,11,in,34950,174.6
288.3947,11,in,34954,131
288.3996,11,in,34958,192.2
288.4036,11,in,34962,170.2
288.4074,11,in,34966,179.6
288.4114,11,in,34970,117.6
288.4155,11,in,34974,129.4
288.4207,11,in,34978,136.8
288.4247,11,in,34982,216.2
288.4288,11,in,34986,166.8
288.4336,11,in,34990,197
288.439,11,in,34994,169.2
288.4434,11,in,34998,149.2
288.4479,11,in,35002,159.8
288.4519,11,in,35006,173
288.4569,11,in,35010,178.6
288.4608,11,in,35014,223.2
288.4654,11,in,35018,191.6
288.4695,11,in,35022,173.6
288.475,11,in,35026,172
288.479,11,in,35030,184.2
288.4834,11,in,35034,174
288.4874,11,in,35038,247.2
288.4923,11,in,35042,182.8
288.4963,11,in,35046,155.2
288.5008,11,in,35050,131
288.5055,11,in,35054,123.2
288.5104,11,in,35058,207.4
288.5144,11,in,35062,177.8
288.5184,11,in,35066,211.2
288.5224,11,in,35070,205.4
288.5275,11,in,35074,203.6
288.5317,11,in,35078,192.4
288.5361,11,in,35082,155.4
288.5401,11,in,35086,138.8
288.5448,11,in,35090,186.4
288.5494,11,in,35094,283.6
288.5541,11,in,35098,196.6
288.5587,11,in,35102,239.2
288.5643,11,in,35106,187.6
288.5682,11,in,35110,197.8
288.5722,11,in,35114,217.2
288.5764,11,in,35118,120.8
288.5809,11,in,35122,185.6
288.5855,11,in,35126,230.4
288.5897,11,in,35130,210
288.5941,11,in,35134,179.2
288.5994,11,in,35138,209
288.6041,11,in,35142,204.4
288.6086,11,in,35146,72.6
288.6135,11,in,35150,149
288.6184,11,in,35154,201
288.6225,11,in,35158,103
288.6265,11,in,35162,182
288.6314,11,in,35166,195.6
288.636,11,in,35170,168.2
288.6404,11,in,35174,167.6
288.6448,11,in,35178,190
288.6489,11,in,35182,139.4
288.653,11,in,35186,214.8
288.6572,11,in,35190,161.8
288.6616,11,in,35194,139
288.6658,11,in,35198,201.6
288.6699,11,in,35202,208.4
288.6744,11,in,35206,154.6
288.6787,11,in,35210,213
288.6835,11,in,35214,205.6
288.6877,11,in,35218,205.2
288.6921,11,in,35222,161.6
288.696,11,in,35226,161.6
288.6996,11,in,35230,189.6
288.7035,11,in,35234,210.4
288.708,11,in,35238,173.8
288.7129,11,in,35242,209.6
288.7172,11,in,35246,243.6
288.7214,11,in,35250,219.4
288.7261,11,in,35254,176.8
288.7306,11,in,35258,146.2
288.735,11,in,35262,193.4
288.7395,11,in,35266,127.4
288.7443,11,in,35270,155.6
288.748,11,in,35274,143.8
288.7517,11,in,35278,173.4
288.7559,11,in,35282,175.6
288.7603,11,in,35286,140.8
288.7653,11,in,35290,131.2
288.7699,11,in,35294,164.2
288.7743,11,in,35298,176.8
288.7785,11,in,35302,130.8
288.7828,11,in,35306,125
288.787,11,in,35310,166
288.7914,11,in,35314,146.4
288.7961,11,in,35318,150.8
288.8007,11,in,35322,174
288.8051,11,in,35326,182.6
288.8092,11,in,35330,201.4
288.8126,11,in,35334,175.8
288.8168,11,in,35338,216.8
288.8203,11,in,35342,191.2
288.8241,11,in,35346,175
288.828,11,in,35350,194.2
288.8331,11,in,35354,202.4
288.8371,11,in,35358,221.8
288.8409,11,in,35362,199.2
288.8448,11,in,35366,109.8
288.8491,11,in,35370,185
288.8533,11,in,35374,201.2
288.8571,11,in,35378,178
288.8611,11,in,35382,214.8
288.8651,11,in,35386,213.8
288.87,11,in,35390,181.4
288.8745,11,in,35394,214.2
288.8787,11,in,35398,180.2
288.8835,11,in,35402,228.4
288.8885,11,in,35406,241.6
288.8929,11,in,35410,198
288.8968,11,in,35414,224.2
288.9007,11,in,35418,236
288.9055,11,in,35422,226.8
288.9102,11,in,35426,234.2
288.9141,11,in,35430,262.2
288.9181,11,in,35434,175
288.9225,11,in,35438,227.2
288.9275,11,in,35442,229.8
288.932,11,in,35446,262.2
288.9374,11,in,35450,275.2
288.9423,11,in,35454,231
288.9466,11,in,35458,187.4
288.9507,11,in,35462,265.8
288.9547,11,in,35466,278.4
288.959,11,in,35470,244.6
288.9639,11,in,35474,249
288.9677,11,in,35478,246.6
288.9722,11,in,35482,266.2
288.9762,11,in,35486,229.8
288.981,11,in,35490,239.8
288.9852,11,in,35494,266.4
288.9897,11,in,35498,230
288.9937,11,in,35502,172.8
288.9983,11,in,35506,262.2
289.0026,11,in,35510,285
289.0071,11,in,35514,291.8
289.0116,11,in,35518,285.4
289.0169,11,in,35522,234.2
289.021,11,in,35526,195.4
289.0252,11,in,35530,195.2
289.0296,11,in,35534,184.4
289.0345,11,in,35538,218.8
289.0395,11,in,35542,207.8
289.044,11,in,35546,172
289.0494,11,in,35550,223.4
289.0538,11,in,35554,224.2
289.0586,11,in,35558,218.4
289.0632,11,in,35562,228.8
289.068,11,in,35566,213.2
289.0725,11,in,35570,193.2
289.0768,11,in,35574,209.6
289.082,11,in,35578,147
289.0873,11,in,35582,198.4
289.0923,11,in,35586,221
289.0971,11,in,35590,204.4
289.102,11,in,35594,198.4
289.1064,11,in,35598,236.8
289.1113,11,in,35602,290.4
289.116,11,in,35606,226.4
289.1216,11,in,35610,227.2
289.1266,11,in,35614,206.6
289.1313,11,in,35618,212.8
289.136,11,in,35622,226.2
289.1413,11,in,35626,212.4
289.1458,11,in,35630,160
289.1504,11,in,35634,223.6
289.1553,11,in,35638,250.6
289.1606,11,in,35642,272
289.1656,11,in,35646,323
289.1703,11,in,35650,279.2
289.1755,11,in,35654,304.4
289.1806,11,in,35658,315.4
289.1854,11,in,35662,357.2
289.1905,11,in,35666,322.2
289.196,11,in,35670,292.2
289.2009,11,in,35674,298
289.2053,11,in,35678,267.4
289.2105,11,in,35682,248.4
289.2152,11,in,35686,213.4
289.2205,11,in,35690,247.4
289.2249,11,in,35694,232.4
289.2303,11,in,35698,239.6
289.2349,11,in,35702,234.8
289.2397,11,in,35706,266.2
289.2445,11,in,35710,249.4
289.2486,11,in,35714,280.6
289.2536,11,in,35718,259.2
289.2587,11,in,35722,252
289.2636,11,in,35726,239.8
289.2688,11,in,35730,297.6
289.2735,11,in,35734,293.6
289.2786,11,in,35738,290.2
289.2837,11,in,35742,277.4
289.2883,11,in,35746,301
289.293,11,in,35750,225.4
289.298,11,in,35754,258.6
289.3028,11,in,35758,271.6
289.3077,11,in,35762,288.8
289.3131,11,in,35766,273.4
289.3182,11,in,35770,243.6
289.3229,11,in,35774,271.2
289.3281,11,in,35778,249.6
289.3331,11,in,35782,234.6
289.3387,11,in,35786,216.8
289.3433,11,in,35790,252.4
289.3485,11,in,35794,311
289.3534,11,in,35798,267.6
289.3583,11,in,35802,261.2
289.3637,11,in,35806,285.6
289.3682,11,in,35810,327.8
289.373,11,in,35814,305
289.3776,11,in,35818,264.4
289.3824,11,in,35822,344.8
289.3875,11,in,35826,346.8
289.3938,11,in,35830,345.6
289.3984,11,in,35834,338.4
289.4031,11,in,35838,404.2
289.4088,11,in,35842,365.8
289.4135,11,in,35846,339
289.4188,11,in,35850,320.8
289.4248,11,in,35854,339.2
289.4299,11,in,35858,335.2
289.4345,11,in,35862,321.2
289.4398,11,in,35866,355.2
289.4447,11,in,35870,378.4
289.4493,11,in,35874,366.4
289.4551,11,in,35878,354
289.4602,11,in,35882,338
289.4656,11,in,35886,323.6
289.4707,11,in,35890,369.4
289.4758,11,in,35894,366
289.4818,11,in,35898,358.8
289.4879,11,in,35902,398.6
289.493,11,in,35906,397.8
289.4975,11,in,35910,399.4
289.5021,11,in,35914,406.8
289.5066,11,in,35918,406.8
289.511,11,in,35922,391
289.5154,11,in,35926,426
289.5192,11,in,35930,416.2
289.523,11,in,35934,398.2
289.5266,11,in,35938,459.2
289.5302,11,in,35942,447.2
289.5339,11,in,35946,475.6
289.5377,11,in,35950,413.6
289.5413,11,in,35954,467
289.5449,11,in,35958,422.8
289.5486,11,in,35962,453
289.5522,11,in,35966,506.8
289.5559,11,in,35970,480.8
289.5594,11,in,35974,456.8
289.563,11,in,35978,496.8
289.5666,11,in,35982,481.6
289.5705,11,in,35986,486.8
289.5746,11,in,35990,477.4
289.5788,11,in,35994,566.2
289.5825,11,in,35998,569.4
289.5861,11,in,36002,639.8
289.5899,11,in,36006,426.6
289.5934,11,in,36010,440.8
289.597,11,in,36014,440.8
289.6006,11,in,36018,565.4
289.6042,11,in,36022,599
289.6081,11,in,36026,572.8
289.6115,11,in,36030,556.8
289.6155,11,in,36034,601.8
289.6191,11,in,36038,686.8
289.6227,11,in,36042,544.6
289.626,11,in,36046,623.2
289.6294,11,in,36050,577
289.6331,11,in,36054,570.4
289.6366,11,in,36058,640
289.6403,11,in,36062,616.8
289.6436,11,in,36066,678.6
289.6472,11,in,36070,625.2
289.6508,11,in,36074,765
289.6545,11,in,36078,627
289.6583,11,in,36082,689
289.6619,11,in,36086,635.4
289.6656,11,in,36090,633.2
289.6696,11,in,36094,677
289.6736,11,in,36098,602.2
289.6774,11,in,36102,675.2
289.6816,11,in,36106,692.4
289.6852,11,in,36110,632
289.6887,11,in,36114,692.4
289.6923,11,in,36118,679.4
289.6966,11,in,36122,695.8
289.7,11,in,36126,728.4
289.7038,11,in,36130,635
289.7074,11,in,36134,565.8
289.7108,11,in,36138,639.8
289.7144,11,in,36142,652.2
289.718,11,in,36146,642.6
289.7221,11,in,36150,595
289.7265,11,in,36154,620
289.7306,11,in,36158,604
289.7343,11,in,36162,690.4
289.7379,11,in,36166,755.8
289.7415,11,in,36170,695
289.7451,11,in,36174,576
289.7489,11,in,36178,615.4
289.753,11,in,36182,537
289.7569,11,in,36186,565.6
289.7613,11,in,36190,544.6
289.7655,11,in,36194,558.6
289.7703,11,in,36198,600.2
289.7752,11,in,36202,629.4
289.7801,11,in,36206,750.2
289.7851,11,in,36210,747.2
289.7896,11,in,36214,735.8
289.7942,11,in,36218,780.2
289.7987,11,in,36222,745.4
289.8033,11,in,36226,764.2
289.8077,11,in,36230,705.2
289.812,11,in,36234,800.8
289.8159,11,in,36238,832.2
289.821,11,in,36242,784.4
289.825,11,in,36246,740.6
289.8289,11,in,36250,727
289.8328,11,in,36254,775.2
289.8367,11,in,36258,951.2
289.8408,11,in,36262,1053.8
289.8452,11,out,36258,1155.4
289.8493,11,out,36254,1205.6
289.8529,11,out,36250,1277
289.8566,11,out,36246,1323.6
289.8604,11,out,36242,1264.4
289.8639,11,out,36238,1070.8
289.8682,11,out,36234,1086.8
289.8717,11,out,36230,1079.8
289.8754,11,out,36226,1037
289.8791,11,out,36222,1063.6
289.8833,11,out,36218,1027.6
289.8875,11,out,36214,1061
289.8914,11,out,36210,1081.6
289.8958,11,out,36206,1149.6
289.8997,11,out,36202,1056.8
289.9047,11,out,36198,1097
289.9092,11,out,36194,1003.8
289.9137,11,out,36190,1173
289.9182,11,out,36186,1090.2
289.9228,11,out,36182,1210
289.9284,11,out,36178,1114.2
289.9332,11,out,36174,1081.6
289.9382,11,out,36170,1050
289.9432,11,out,36166,1054.4
289.9487,11,out,36162,1066.4
289.9539,11,out,36158,966.8
289.9583,11,out,36154,801.8
289.9628,11,out,36150,903.2
289.9667,11,out,36146,853
289.971,11,out,36142,807.2
289.975,11,out,36138,778
289.9791,11,out,36134,763.4
289.9827,11,out,36130,817.4
289.9868,11,out,36126,877.2
289.9913,11,out,36122,887.4
289.9953,11,out,36118,855
289.9999,11,out,36114,885.4
290.0043,11,out,36110,877
290.0094,11,out,36106,854.8
290.014,11,out,36102,847.6
290.019,11,out,36098,766.2
290.0238,11,out,36094,785.8
290.029,11,out,36090,764.8
290.0339,11,out,36086,763.6
290.0384,11,out,36082,749
290.0436,11,out,36078,768.8
290.0481,11,out,36074,755.6
290.0527,11,out,36070,782.2
290.058,11,out,36066,760.8
290.0628,11,out,36062,744
290.0678,11,out,36058,723.2
290.0731,11,out,36054,798.4
290.0777,11,out,36050,758
290.0829,11,out,36046,779.8
290.0874,11,out,36042,761
290.0926,11,out,36038,791.8
290.0981,11,out,36034,778.2
290.1026,11,out,36030,785.2
290.107,11,out,36026,756.8
290.1119,11,out,36022,804.4
290.1167,11,out,36018,835.8
290.1216,11,out,36014,756.6
290.1262,11,out,36010,737.6
290.1308,11,out,36006,801
290.1355,11,out,36002,811.6
290.1405,11,out,35998,780.8
290.1453,11,out,35994,802.6
290.1509,11,out,35990,789.8
290.1554,11,out,35986,768.4
290.1599,11,out,35982,874.2
290.1644,11,out,35978,763.8
290.1699,11,out,35974,796.6
290.1745,11,out,35970,829
290.1793,11,out,35966,781.2
290.184,11,out,35962,842.8
290.1889,11,out,35958,833.8
290.1939,11,out,35954,847
290.1987,11,out,35950,912
290.2043,11,out,35946,911.8
290.2091,11,out,35942,786
290.2136,11,out,35938,852.4
290.2178,11,out,35934,845.2
290.222,11,out,35930,874.2
290.2267,11,out,35926,849.6
290.2325,11,out,35922,927.2
290.2375,11,out,35918,863
290.2418,11,out,35914,858.4
290.2473,11,out,35910,891.8
290.2521,11,out,35906,831.8
290.2574,11,out,35902,863.4
290.2626,11,out,35898,910.6
290.2678,11,out,35894,957.4
290.2729,11,out,35890,909.4
290.2779,11,out,35886,892
290.2827,11,out,35882,818
290.2874,11,out,35878,896.6
290.2932,11,out,35874,778.4
290.2987,11,out,35870,853.2
290.3037,11,out,35866,833.8
290.3085,11,out,35862,810.6
290.3128,11,out,35858,891.4
290.3176,11,out,35854,897.8
290.3223,11,out,35850,869.2
290.3269,11,out,35846,833.6
290.3317,11,out,35842,836.4
290.3363,11,out,35838,875
290.3412,11,out,35834,888.8
290.347,11,out,35830,900.6
290.3518,11,out,35826,865.8
290.3565,11,out,35822,835.8
290.3616,11,out,35818,919.4
290.3672,11,out,35814,896
290.3718,11,out,35810,956.8
290.3771,11,out,35806,899.6
290.3818,11,out,35802,886.6
290.3864,11,out,35798,837.2
290.3912,11,out,35794,852.4
290.3967,11,out,35790,860
290.4018,11,out,35786,876.8
290.4066,11,out,35782,839.6
290.4115,11,out,35778,819.2
290.4165,11,out,35774,819
290.4213,11,out,35770,842.8
290.4258,11,out,35766,860
290.4307,11,out,35762,884.6
290.4356,11,out,35758,920.2
290.4405,11,out,35754,845.6
290.4454,11,out,35750,804.6
290.4503,11,out,35746,858.6
290.4564,11,out,35742,826.4
290.4608,11,out,35738,840.4
290.4655,11,out,35734,862.8
290.4705,11,out,35730,880.2
290.4755,11,out,35726,837.8
290.4806,11,out,35722,796
290.4855,11,out,35718,913.4
290.4899,11,out,35714,877
290.4947,11,out,35710,879.2
290.4993,11,out,35706,907.4
290.5037,11,out,35702,882.8
290.5083,11,out,35698,861
290.5133,11,out,35694,799.6
290.5186,11,out,35690,895.4
290.5234,11,out,35686,859.6
290.5286,11,out,35682,912.8
290.5332,11,out,35678,871
290.5381,11,out,35674,880.6
290.5429,11,out,35670,824
290.5475,11,out,35666,874.6
290.5517,11,out,35662,890.6
290.5562,11,out2,35612,936.2
290.5614,11,out2,35562,935.2
290.5664,11,out2,35512,960.4
290.5713,11,out2,35462,949.6
290.576,11,out2,35412,912
290.5817,11,out2,35362,1250.4
290.5864,11,out2,35312,1107.4
290.5915,11,out2,35262,1115.6
290.5965,11,out2,35212,1067.4
290.6016,11,out2,35162,1034.8
290.6067,11,out2,35112,1095.6
290.6113,11,out2,35062,1000.6
290.6159,11,out2,35012,826.6
290.6202,11,out2,34962,587.4
290.6252,11,out2,34912,651.2
290.6299,11,out2,34862,536.4
290.6356,11,out2,34812,468.6
290.6403,11,out2,34762,356
290.6449,11,out2,34712,243.6
290.6492,11,out2,34662,298
290.6532,11,out2,34612,186.4
290.6581,11,out2,34562,156.6
290.6629,11,out2,34512,83
290.6672,12,in,34512,110.4
290.6714,12,in,34516,128.6
290.6753,12,in,34520,75.6
290.6795,12,in,34524,45.8
290.6838,12,in,34528,88.4
290.6879,12,in,34532,104.4
290.692,12,in,34536,37.6
290.6957,12,in,34540,60.4
290.6997,12,in,34544,47
290.7041,12,in,34548,116.2
290.7083,12,in,34552,106
290.7118,12,in,34556,66.6
290.7155,12,in,34560,106.4
290.7194,12,in,34564,129.2
290.7238,12,in,34568,85.4
290.7284,12,in,34572,74.8
290.733,12,in,34576,102.4
290.7369,12,in,34580,138
290.7419,12,in,34584,75.6
290.746,12,in,34588,141.4
290.7501,12,in,34592,164
290.7542,12,in,34596,212.8
290.7584,12,in,34600,125.6
290.7627,12,in,34604,99.4
290.7672,12,in,34608,163
290.7713,12,in,34612,155.8
290.7758,12,in,34616,139.2
290.7797,12,in,34620,145.6
290.7833,12,in,34624,160.4
290.787,12,in,34628,177.6
290.7907,12,in,34632,81.8
290.7954,12,in,34636,131
290.7994,12,in,34640,140
290.8031,12,in,34644,141
290.8074,12,in,34648,163.8
290.8119,12,in,34652,68.6
290.8169,12,in,34656,144.4
290.8214,12,in,34660,140.4
290.8258,12,in,34664,161
290.8305,12,in,34668,129.2
290.8344,12,in,34672,136.2
290.8381,12,in,34676,119.6
290.842,12,in,34680,86.8
290.846,12,in,34684,147.4
290.8499,12,in,34688,138.6
290.8541,12,in,34692,118
290.8582,12,in,34696,121.2
290.8621,12,in,34700,95.4
290.8666,12,in,34704,143.4
290.8706,12,in,34708,129.4
290.8769,12,in,34712,138.6
290.8825,12,in,34716,132.6
290.8868,12,in,34720,151.8
290.891,12,in,34724,140
290.8951,12,in,34728,147.6
290.8992,12,in,34732,116.6
290.9047,12,in,34736,162
290.9089,12,in,34740,115.4
290.9131,12,in,34744,176
290.9175,12,in,34748,164.4
290.9222,12,in,34752,175.6
290.9267,12,in,34756,133.2
290.9319,12,in,34760,138
290.936,12,in,34764,118.8
290.9418,12,in,34768,110.8
290.9457,12,in,34772,134
290.9501,12,in,34776,121.4
290.9544,12,in,34780,120.6
290.9596,12,in,34784,127.6
290.9635,12,in,34788,105.8
290.9677,12,in,34792,142.4
290.9716,12,in,34796,91.2
290.9765,12,in,34800,135.2
290.9811,12,in,34804,170
290.9851,12,in,34808,115.8
290.9895,12,in,34812,110
290.9949,12,in,34816,125.6
290.9992,12,in,34820,158.4
291.003,12,in,34824,164.8
291.007,12,in,34828,103.2
291.0111,12,in,34832,124.2
291.016,12,in,34836,154.4
291.02,12,in,34840,144
291.024,12,in,34844,156.2
291.0283,12,in,34848,112.4
291.0334,12,in,34852,203.8
291.0376,12,in,34856,155.4
291.0421,12,in,34860,135.4
291.0472,12,in,34864,116.2
291.0514,12,in,34868,177.2
291.0554,12,in,34872,86.4
291.0598,12,in,34876,137.4
291.0643,12,in,34880,112.8
291.0692,12,in,34884,149
291.0734,12,in,34888,156.8
291.0776,12,in,34892,102.8
291.0816,12,in,34896,147.6
291.087,12,in,34900,131.4
291.091,12,in,34904,137.2
291.0957,12,in,34908,101.4
291.1,12,in,34912,130
291.1059,12,in,34916,129.6
291.1103,12,in,34920,134.2
291.1146,12,in,34924,141.4
291.1185,12,in,34928,157.6
291.1231,12,in,34932,119.4
291.1279,12,in,34936,134.4
291.1321,12,in,34940,171
291.136,12,in,34944,167
291.1403,12,in,34948,166.6
291.1442,12,in,34952,107.2
291.1483,12,in,34956,124.4
291.153,12,in,34960,137
291.1593,12,in,34964,103.2
291.164,12,in,34968,139.4
291.1686,12,in,34972,141.4
291.1741,12,in,34976,150.8
291.1793,12,in,34980,133.6
291.184,12,in,34984,143.4
291.189,12,in,34988,145.4
291.1947,12,in,34992,86.8
291.1999,12,in,34996,145.6
291.205,12,in,35000,161.4
291.2105,12,in,35004,170.4
291.2153,12,in,35008,123
291.2197,12,in,35012,119.2
291.2242,12,in,35016,121.2
291.2288,12,in,35020,121
291.2342,12,in,35024,152.4
291.2387,12,in,35028,157.8
291.2429,12,in,35032,182.2
291.2473,12,in,35036,137.2
291.2516,12,in,35040,169.6
291.2558,12,in,35044,135.4
291.2599,12,in,35048,88.6
291.2641,12,in,35052,145
291.2684,12,in,35056,181.8
291.2722,12,in,35060,113.6
291.2761,12,in,35064,161
291.2802,12,in,35068,126.4
291.2858,12,in,35072,114.6
291.29,12,in,35076,172.2
291.2943,12,in,35080,139.4
291.2986,12,in,35084,109.4
291.3038,12,in,35088,151.4
291.3076,12,in,35092,122.2
291.3115,12,in,35096,130.4
291.3156,12,in,35100,110.2
291.3213,12,in,35104,172.2
291.3256,12,in,35108,170
291.3298,12,in,35112,111.2
291.3344,12,in,35116,124.4
291.3393,12,in,35120,172.2
291.3434,12,in,35124,178.6
291.3475,12,in,35128,161.8
291.3516,12,in,35132,139.2
291.3561,12,in,35136,151
291.3603,12,in,35140,72.2
291.3652,12,in,35144,136.8
291.3694,12,in,35148,126
291.3746,12,in,35152,151.2
291.379,12,in,35156,153.6
291.3833,12,in,35160,161.6
291.3877,12,in,35164,155.6
291.393,12,in,35168,168.4
291.3975,12,in,35172,200
291.4014,12,in,35176,144
291.4054,12,in,35180,143.2
291.4097,12,in,35184,190.6
291.4141,12,in,35188,126.8
291.4179,12,in,35192,153.6
291.4221,12,in,35196,166.8
291.4261,12,in,35200,170.2
291.4308,12,in,35204,157.4
291.4354,12,in,35208,136.2
291.4397,12,in,35212,160.2
291.444,12,in,35216,148.6
291.4488,12,in,35220,143.6
291.4532,12,in,35224,155
291.4579,12,in,35228,98.6
291.4621,12,in,35232,118.6
291.4666,12,in,35236,110.4
291.4705,12,in,35240,217.8
291.4747,12,in,35244,176.6
291.4787,12,in,35248,216.2
291.4839,12,in,35252,206.4
291.4879,12,in,35256,118.6
291.4919,12,in,35260,170.4
291.4962,12,in,35264,142.2
291.5017,12,in,35268,179.4
291.5063,12,in,35272,169.6
291.5101,12,in,35276,166.8
291.5141,12,in,35280,224.4
291.5186,12,in,35284,177.6
291.5228,12,in,35288,218.6
291.5274,12,in,35292,184.2
291.5319,12,in,35296,238.6
291.5373,12,in,35300,203.4
291.5417,12,in,35304,181.2
291.546,12,in,35308,190.2
291.55,12,in,35312,201.6
291.5544,12,in,35316,244.6
291.559,12,in,35320,227.8
291.5631,12,in,35324,188.8
291.5677,12,in,35328,214
291.5728,12,in,35332,203.4
291.5773,12,in,35336,151.6
291.582,12,in,35340,202.4
291.5862,12,in,35344,239.8
291.5911,12,in,35348,210.8
291.5955,12,in,35352,203.4
291.6,12,in,35356,148
291.6044,12,in,35360,232.2
291.6101,12,in,35364,211.2
291.6142,12,in,35368,180.4
291.6183,12,in,35372,295
291.6224,12,in,35376,243.4
291.6274,12,in,35380,181.4
291.6317,12,in,35384,203
291.636,12,in,35388,245.8
291.6407,12,in,35392,223
291.6463,12,in,35396,224.2
291.6504,12,in,35400,182.2
291.6545,12,in,35404,165
291.6585,12,in,35408,219.6
291.6632,12,in,35412,171.8
291.6673,12,in,35416,180.8
291.6733,12,in,35420,196.6
291.6773,12,in,35424,203
291.682,12,in,35428,228.6
291.6869,12,in,35432,272.4
291.6915,12,in,35436,235.6
291.6959,12,in,35440,199.4
291.6997,12,in,35444,200
291.7034,12,in,35448,220.2
291.7073,12,in,35452,240
291.7112,12,in,35456,198.8
291.715,12,in,35460,210
291.719,12,in,35464,235
291.7229,12,in,35468,196
291.7268,12,in,35472,195.4
291.7307,12,in,35476,209.4
291.7356,12,in,35480,228.4
291.7402,12,in,35484,213.4
291.7444,12,in,35488,175.4
291.7492,12,in,35492,228.6
291.754,12,in,35496,261.2
291.7586,12,in,35500,197.6
291.7628,12,in,35504,268
291.7669,12,in,35508,236.4
291.7707,12,in,35512,261.8
291.7744,12,in,35516,218.4
291.7783,12,in,35520,226.2
291.7822,12,in,35524,228.2
291.7862,12,in,35528,282
291.7905,12,in,35532,199.6
291.7941,12,in,35536,179.4
291.7987,12,in,35540,219.8
291.8024,12,in,35544,266
291.8067,12,in,35548,225
291.8108,12,in,35552,199.2
291.8143,12,in,35556,226.6
291.8193,12,in,35560,242.8
291.8236,12,in,35564,244.8
291.8276,12,in,35568,239.2
291.8313,12,in,35572,246.2
291.8352,12,in,35576,235.6
291.8389,12,in,35580,260.8
291.8431,12,in,35584,264.4
291.8471,12,in,35588,278.8
291.8512,12,in,35592,238.2
291.8555,12,in,35596,256.4
291.8595,12,in,35600,291
291.8634,12,in,35604,233.2
291.867,12,in,35608,234
291.871,12,in,35612,280
291.8747,12,in,35616,269
291.879,12,in,35620,267.2
291.883,12,in,35624,254.4
291.8868,12,in,35628,291.6
291.8909,12,in,35632,265.6
291.8946,12,in,35636,226
291.8988,12,in,35640,262.4
291.9027,12,in,35644,238
291.9068,12,in,35648,231.6
291.9106,12,in,35652,236.4
291.9144,12,in,35656,209.6
291.9185,12,in,35660,242.6
291.9224,12,in,35664,247.6
291.9263,12,in,35668,222.6
291.9302,12,in,35672,227.6
291.9343,12,in,35676,224.8
291.9386,12,in,35680,216.4
291.9428,12,in,35684,247.2
291.9481,12,in,35688,278
291.9522,12,in,35692,372
291.9564,12,in,35696,282.8
291.9606,12,in,35700,339.4
291.9646,12,in,35704,339
291.9686,12,in,35708,335.2
291.9723,12,in,35712,300.6
291.9761,12,in,35716,269.2
291.9798,12,in,35720,321
291.9842,12,in,35724,406.8
291.9883,12,in,35728,397
291.9923,12,in,35732,415.8
291.9965,12,in,35736,296.6
292.0005,12,in,35740,388
292.0043,12,in,35744,409.8
292.0088,12,in,35748,390.6
292.0134,12,in,35752,459.2
292.0176,12,in,35756,369.4
292.0221,12,in,35760,369.4
292.0262,12,in,35764,419.6
292.0307,12,in,35768,386.2
292.0352,12,in,35772,491.2
292.04,12,in,35776,408.4
292.0443,12,in,35780,401.2
292.0486,12,in,35784,478.4
292.0531,12,in,35788,395.4
292.0578,12,in,35792,369.8
292.0622,12,in,35796,377.2
292.0671,12,in,35800,449.6
292.0715,12,in,35804,325.6
292.0758,12,in,35808,357.2
292.0799,12,in,35812,386.4
292.0844,12,in,35816,331
292.0881,12,in,35820,315.4
292.0924,12,in,35824,337.8
292.0962,12,in,35828,315.8
292.1005,12,in,35832,362.8
292.1047,12,in,35836,389.8
292.1095,12,in,35840,348.2
292.1135,12,in,35844,370.4
292.1176,12,in,35848,446
292.1213,12,in,35852,413.2
292.1252,12,in,35856,348.2
292.1292,12,in,35860,360.2
292.1324,12,in,35864,415.6
292.1358,12,in,35868,444.4
292.1396,12,in,35872,416.4
292.1438,12,in,35876,404
292.1474,12,in,35880,456.2
292.1512,12,in,35884,441
292.155,12,in,35888,402
292.1589,12,in,35892,420.2
292.1629,12,in,35896,380.6
292.1666,12,in,35900,422.6
292.1707,12,in,35904,493.4
292.1747,12,in,35908,377.4
292.1785,12,in,35912,446.2
292.1826,12,in,35916,423.8
292.1863,12,in,35920,436.8
292.1904,12,in,35924,433.4
292.1941,12,in,35928,398.2
292.1986,12,in,35932,360.6
292.2026,12,in,35936,438.4
292.2067,12,in,35940,400.4
292.2105,12,in,35944,379
292.2145,12,in,35948,421
292.2183,12,in,35952,430.2
292.2224,12,in,35956,493.4
292.2261,12,in,35960,480.2
292.2303,12,in,35964,592
292.2345,12,in,35968,630.2
292.2382,12,in,35972,614.4
292.2424,12,in,35976,585.8
292.2464,12,in,35980,595.8
292.2497,12,in,35984,706
292.2534,12,in,35988,599.8
292.2576,12,in,35992,672.2
292.2616,12,in,35996,588.2
292.2655,12,in,36000,659.4
292.2696,12,in,36004,645.6
292.2735,12,in,36008,565.8
292.2774,12,in,36012,594.8
292.2811,12,in,36016,632
292.2849,12,in,36020,574.4
292.2886,12,in,36024,617
292.2927,12,in,36028,551
292.2964,12,in,36032,555.2
292.3004,12,in,36036,617.8
292.3045,12,in,36040,649.2
292.3083,12,in,36044,521
292.3123,12,in,36048,675.4
292.3156,12,in,36052,610.4
292.3188,12,in,36056,520.4
292.322,12,in,36060,575
292.3256,12,in,36064,548
292.3295,12,in,36068,559.2
292.3334,12,in,36072,517.6
292.3372,12,in,36076,517.8
292.341,12,in,36080,491
292.3444,12,in,36084,496.2
292.3484,12,in,36088,504.4
292.3521,12,in,36092,541.6
292.3569,12,in,36096,486.4
292.3608,12,in,36100,556.6
292.365,12,in,36104,608
292.3688,12,in,36108,610.6
292.3727,12,in,36112,632.6
292.3769,12,in,36116,609.8
292.3823,12,in,36120,683.4
292.3874,12,in,36124,651.4
292.3937,12,in,36128,632
292.3984,12,in,36132,638.2
292.4036,12,in,36136,563
292.4086,12,in,36140,577.6
292.4136,12,in,36144,603.2
292.4181,12,in,36148,579.6
292.4233,12,in,36152,604.6
292.4284,12,in,36156,589.2
292.4331,12,in,36160,651
292.4378,12,in,36164,799.2
292.4428,12,in,36168,777.2
292.4482,12,in,36172,907
292.4528,12,in,36176,855.4
292.4579,12,in,36180,813
292.4627,12,in,36184,785.6
292.4673,12,in,36188,807.6
292.472,12,in,36192,823.2
292.4766,12,in,36196,837.6
292.4817,12,in,36200,886.2
292.4863,12,in,36204,870.2
292.4912,12,in,36208,883
292.4957,12,in,36212,813.4
292.501,12,in,36216,865.2
292.5062,12,in,36220,853.8
292.5109,12,in,36224,796
292.5158,12,in,36228,782.2
292.5207,12,in,36232,827.8
292.5255,12,in,36236,1032.2
292.53,12,out,36232,911.2
292.5353,12,out,36228,870
292.5398,12,out,36224,879.4
292.5439,12,out,36220,930.6
292.5487,12,out,36216,917.2
292.5538,12,out,36212,942
292.5588,12,out,36208,1026
292.5639,12,out,36204,1060.2
292.5687,12,out,36200,1066.4
292.5741,12,out,36196,1056.2
292.5792,12,out,36192,888.2
292.5838,12,out,36188,1005.4
292.5889,12,out,36184,1092.2
292.5937,12,out,36180,955.2
292.5989,12,out,36176,1038.8
292.6038,12,out,36172,978
292.6098,12,out,36168,963
292.6143,12,out,36164,1005.8
292.6192,12,out,36160,987.8
292.6243,12,out,36156,837.2
292.6294,12,out,36152,904
292.6343,12,out,36148,906
292.6393,12,out,36144,872.2
292.6445,12,out,36140,837.8
292.6492,12,out,36136,910.8
292.6537,12,out,36132,854.6
292.6592,12,out,36128,930.2
292.6643,12,out,36124,912.4
292.6692,12,out,36120,892
292.6738,12,out,36116,904
292.6788,12,out,36112,885
292.6839,12,out,36108,804.6
292.6884,12,out,36104,909.2
292.6928,12,out,36100,887.8
292.6971,12,out,36096,859
292.7012,12,out,36092,873
292.7055,12,out,36088,897.4
292.7107,12,out,36084,968.2
292.7155,12,out,36080,885.8
292.7199,12,out,36076,925.2
292.7244,12,out,36072,911.6
292.7297,12,out,36068,872
292.7347,12,out,36064,1170.2
292.739,12,out,36060,1104.4
292.7435,12,out,36056,994.8
292.7481,12,out,36052,1060.8
292.7536,12,out,36048,923.2
292.7582,12,out,36044,923
292.7623,12,out,36040,1018.6
292.7666,12,out,36036,1004.4
292.7709,12,out,36032,1020.2
292.7749,12,out,36028,1008
292.7785,12,out,36024,959.4
292.7821,12,out,36020,993.2
292.7862,12,out,36016,942.4
292.7906,12,out,36012,979
292.7944,12,out,36008,907
292.7994,12,out,36004,908.8
292.8037,12,out,36000,867.2
292.8079,12,out,35996,844.6
292.8123,12,out,35992,820.2
292.8164,12,out,35988,876.2
292.8203,12,out,35984,894.6
292.8242,12,out,35980,858.8
292.8277,12,out,35976,883.4
292.8315,12,out,35972,942.4
292.8353,12,out,35968,941.4
292.839,12,out,35964,933.2
292.8433,12,out,35960,965.6
292.8473,12,out,35956,939.4
292.8511,12,out,35952,939.2
292.855,12,out,35948,1006.4
292.8599,12,out,35944,963.2
292.8643,12,out,35940,1013
292.869,12,out,35936,928.8
292.8732,12,out,35932,970.8
292.8786,12,out,35928,1002.2
292.8827,12,out,35924,1000.6
292.8869,12,out,35920,1081.8
292.891,12,out,35916,931.8
292.8965,12,out,35912,957.8
292.9008,12,out,35908,960.2
292.9053,12,out,35904,990.6
292.9106,12,out,35900,1026
292.916,12,out,35896,1025.6
292.9201,12,out,35892,988.8
292.9241,12,out,35888,1008
292.9285,12,out,35884,993.8
292.9341,12,out,35880,985.8
292.9385,12,out,35876,967.6
292.9435,12,out,35872,934
292.9478,12,out,35868,976
292.9524,12,out,35864,1060
292.9579,12,out,35860,979.4
292.9619,12,out,35856,984.4
292.966,12,out,35852,999.4
292.971,12,out,35848,1016.8
292.9752,12,out,35844,1009.2
292.9793,12,out,35840,965
292.9834,12,out,35836,973.6
292.989,12,out,35832,1008.2
292.9931,12,out,35828,933.2
292.9971,12,out,35824,965.4
293.0013,12,out,35820,1005.8
293.0069,12,out,35816,1007.2
293.0109,12,out,35812,954.2
293.0149,12,out,35808,1052.2
293.0195,12,out,35804,1111
293.0242,12,out,35800,1066.4
293.0285,12,out,35796,1028.8
293.0332,12,out,35792,1038.6
293.0375,12,out,35788,995.8
293.0427,12,out,35784,997.8
293.0466,12,out,35780,1078.8
293.0508,12,out,35776,1044.6
293.0553,12,out,35772,1098.2
293.0607,12,out,35768,1010.2
293.0645,12,out,35764,1054
293.0694,12,out,35760,1116.8
293.0736,12,out,35756,1146.4
293.0788,12,out,35752,1129.6
293.0832,12,out,35748,1181.6
293.0875,12,out,35744,1153
293.092,12,out,35740,1120
293.0976,12,out,35736,1092.2
293.1022,12,out,35732,1067.4
293.1067,12,out,35728,1200
293.1106,12,out,35724,1152
293.1159,12,out,35720,1237.8
293.12,12,out,35716,1187
293.1241,12,out,35712,1231.4
293.1283,12,out,35708,1403.8
293.1333,12,out,35704,1210.4
293.1378,12,out,35700,1099.2
293.1417,12,out,35696,1168.8
293.146,12,out,35692,1070.2
293.1508,12,out,35688,1111.8
293.1556,12,out,35684,1110.2
293.1603,12,out,35680,1105.2
293.1645,12,out,35676,1071.8
293.1692,12,out,35672,1193
293.1737,12,out,35668,1139.6
293.1776,12,out,35664,1009.4
293.1817,12,out,35660,1267.8
293.1858,12,out,35656,1231.2
293.1902,12,out,35652,1100.4
293.1944,12,out,35648,1136.4
293.1984,12,out,35644,1098
293.2029,12,out,35640,1146.8
293.2082,12,out,35636,1185
293.2118,12,out2,35586,1127
293.2158,12,out2,35536,1166
293.2206,12,out2,35486,1365.4
293.2254,12,out2,35436,1431
293.2293,12,out2,35386,1453.2
293.2338,12,out2,35336,1295.4
293.2384,12,out2,35286,1377.6
293.2425,12,out2,35236,1160.2
293.2465,12,out2,35186,1095
293.251,12,out2,35136,1091.6
293.2552,12,out2,35086,822.6
293.2606,12,out2,35036,771
293.2648,12,out2,34986,768
293.2693,12,out2,34936,467.2
293.274,12,out2,34886,365.6
293.2781,12,out2,34836,302.2
293.282,12,out2,34786,376.6
293.2864,12,out2,34736,251.4
293.2909,12,out2,34686,288.6
293.2965,12,out2,34636,142.6
293.301,13,in,34636,122.8
293.3048,13,in,34640,193.8
293.3095,13,in,34644,141
293.3146,13,in,34648,184.2
293.3186,13,in,34652,210
293.3228,13,in,34656,167
293.3273,13,in,34660,187.4
293.332,13,in,34664,178.6
293.3366,13,in,34668,190.6
293.3408,13,in,34672,139.4
293.3452,13,in,34676,164.6
293.3509,13,in,34680,183.4
293.3552,13,in,34684,163.8
293.3594,13,in,34688,139.6
293.364,13,in,34692,160
293.3693,13,in,34696,173.8
293.3735,13,in,34700,152.8
293.3785,13,in,34704,170.4
293.3824,13,in,34708,190.2
293.3877,13,in,34712,161
293.3915,13,in,34716,174.2
293.3958,13,in,34720,194.2
293.3999,13,in,34724,206.6
293.4045,13,in,34728,189.8
293.4093,13,in,34732,125.6
293.4134,13,in,34736,210
293.4175,13,in,34740,133.6
293.4225,13,in,34744,173
293.4267,13,in,34748,147.2
293.4306,13,in,34752,188.2
293.4346,13,in,34756,117.4
293.4391,13,in,34760,188.4
293.4446,13,in,34764,158.2
293.4486,13,in,34768,164.2
293.4526,13,in,34772,162.8
293.457,13,in,34776,186.8
293.4608,13,in,34780,188.8
293.4646,13,in,34784,236
293.4686,13,in,34788,155
293.4731,13,in,34792,197
293.478,13,in,34796,127.8
293.4819,13,in,34800,184.8
293.4861,13,in,34804,200.8
293.4907,13,in,34808,217.4
293.4949,13,in,34812,187.2
293.4989,13,in,34816,155.4
293.5029,13,in,34820,251.8
293.5069,13,in,34824,217.4
293.5126,13,in,34828,169.8
293.5171,13,in,34832,183.4
293.5219,13,in,34836,229
293.5263,13,in,34840,227.2
293.5312,13,in,34844,232.4
293.5356,13,in,34848,221.8
293.54,13,in,34852,225.6
293.5445,13,in,34856,154.6
293.549,13,in,34860,168.2
293.5527,13,in,34864,214.2
293.5565,13,in,34868,172.2
293.5605,13,in,34872,111.8
293.5656,13,in,34876,177.8
293.5698,13,in,34880,210.8
293.5738,13,in,34884,228.8
293.578,13,in,34888,192.6
293.5836,13,in,34892,175
293.5877,13,in,34896,133
293.5917,13,in,34900,218.6
293.5957,13,in,34904,251.4
293.6014,13,in,34908,212.8
293.6059,13,in,34912,219.8
293.6099,13,in,34916,135.4
293.6147,13,in,34920,211.6
293.6194,13,in,34924,199.2
293.6232,13,in,34928,144.8
293.6271,13,in,34932,126.2
293.6311,13,in,34936,154.8
293.6358,13,in,34940,169
293.64,13,in,34944,198.6
293.6445,13,in,34948,200.6
293.6488,13,in,34952,196
293.6541,13,in,34956,251.8
293.6591,13,in,34960,256.4
293.663,13,in,34964,208.8
293.667,13,in,34968,225.2
293.6716,13,in,34972,238
293.6764,13,in,34976,254.8
293.6805,13,in,34980,238.8
293.6846,13,in,34984,232.4
293.6895,13,in,34988,312.8
293.6941,13,in,34992,253.6
293.6985,13,in,34996,290.2
293.7026,13,in,35000,305.6
293.7068,13,in,35004,286.4
293.7107,13,in,35008,288.6
293.7148,13,in,35012,311.8
293.7186,13,in,35016,285.6
293.7226,13,in,35020,332
293.7267,13,in,35024,310.6
293.7306,13,in,35028,267.4
293.7346,13,in,35032,281.8
293.7388,13,in,35036,308.2
293.7439,13,in,35040,253.2
293.7479,13,in,35044,262.8
293.7523,13,in,35048,273.6
293.7575,13,in,35052,253.2
293.7621,13,in,35056,238
293.7666,13,in,35060,265.6
293.7711,13,in,35064,332.8
293.7752,13,in,35068,316.2
293.7788,13,in,35072,265.2
293.7826,13,in,35076,298.4
293.7862,13,in,35080,325.6
293.79,13,in,35084,295.6
293.7937,13,in,35088,296
293.7983,13,in,35092,298
293.8029,13,in,35096,360.4
293.8073,13,in,35100,325
293.8118,13,in,35104,222.6
293.8155,13,in,35108,278.6
293.8188,13,in,35112,297.2
293.8227,13,in,35116,297.6
293.8263,13,in,35120,279.8
293.8313,13,in,35124,272
293.835,13,in,35128,296.8
293.8394,13,in,35132,278
293.8431,13,in,35136,282
293.8482,13,in,35140,279.6
293.8528,13,in,35144,291.8
293.857,13,in,35148,246.4
293.8609,13,in,35152,295.8
293.8656,13,in,35156,298.6
293.8704,13,in,35160,283
293.8742,13,in,35164,251.6
293.8788,13,in,35168,225.6
293.8829,13,in,35172,277.6
293.887,13,in,35176,276.2
293.8909,13,in,35180,222.8
293.8954,13,in,35184,209.8
293.8995,13,in,35188,201.8
293.9033,13,in,35192,211.4
293.9079,13,in,35196,244.6
293.9123,13,in,35200,188.4
293.9169,13,in,35204,242.2
293.9214,13,in,35208,255
293.926,13,in,35212,200.6
293.9307,13,in,35216,190.4
293.9352,13,in,35220,220.6
293.94,13,in,35224,212.8
293.9444,13,in,35228,223.6
293.9485,13,in,35232,242.8
293.953,13,in,35236,221.6
293.9574,13,in,35240,180.8
293.9615,13,in,35244,232
293.9659,13,in,35248,205.8
293.9704,13,in,35252,245.4
293.9746,13,in,35256,209.6
293.9786,13,in,35260,242.8
293.983,13,in,35264,250.2
293.9876,13,in,35268,246.6
293.9926,13,in,35272,213.8
293.9973,13,in,35276,193.2
294.0014,13,in,35280,207.6
294.0052,13,in,35284,195.4
294.0107,13,in,35288,187.8
294.015,13,in,35292,177.2
294.0195,13,in,35296,210.2
294.0235,13,in,35300,196
294.0285,13,in,35304,159.8
294.0325,13,in,35308,166
294.0365,13,in,35312,176.4
294.0406,13,in,35316,194.6
294.0459,13,in,35320,213.8
294.0505,13,in,35324,253.6
294.0549,13,in,35328,261
294.0593,13,in,35332,237.8
294.0637,13,in,35336,211.2
294.0681,13,in,35340,247.8
294.0726,13,in,35344,169.8
294.0771,13,in,35348,217.4
294.0824,13,in,35352,212.2
294.0863,13,in,35356,189
294.0905,13,in,35360,219
294.0947,13,in,35364,198.6
294.0992,13,in,35368,219.4
294.1031,13,in,35372,217.6
294.1073,13,in,35376,154.8
294.112,13,in,35380,186
294.1165,13,in,35384,225.8
294.1207,13,in,35388,175.2
294.125,13,in,35392,188.2
294.1292,13,in,35396,246
294.1346,13,in,35400,202.2
294.1388,13,in,35404,176.4
294.1433,13,in,35408,227.4
294.1475,13,in,35412,241.2
294.1526,13,in,35416,247.2
294.1566,13,in,35420,245.8
294.1612,13,in,35424,228
294.1655,13,in,35428,163
294.1704,13,in,35432,141
294.1749,13,in,35436,179
294.1792,13,in,35440,121.2
294.1839,13,in,35444,192.8
294.1884,13,in,35448,142.8
294.1923,13,in,35452,168
294.1968,13,in,35456,145.6
294.2008,13,in,35460,147.8
294.2059,13,in,35464,196.4
294.2098,13,in,35468,165.8
294.2141,13,in,35472,219.8
294.2191,13,in,35476,209.6
294.2238,13,in,35480,207.2
294.2284,13,in,35484,182.2
294.2322,13,in,35488,185
294.2369,13,in,35492,165
294.2416,13,in,35496,244
294.2461,13,in,35500,159.6
294.2506,13,in,35504,245.2
294.2548,13,in,35508,248.4
294.2598,13,in,35512,181.4
294.2641,13,in,35516,220
294.2689,13,in,35520,201.4
294.2733,13,in,35524,219.6
294.2777,13,in,35528,242.2
294.2816,13,in,35532,196.2
294.2865,13,in,35536,189.6
294.2909,13,in,35540,236.6
294.2951,13,in,35544,150.2
294.2993,13,in,35548,218.8
294.3039,13,in,35552,162.2
294.3084,13,in,35556,231.4
294.3126,13,in,35560,205.8
294.3169,13,in,35564,211
294.321,13,in,35568,274.2
294.325,13,in,35572,264.6
294.3301,13,in,35576,245.4
294.3346,13,in,35580,219.6
294.3384,13,in,35584,205
294.3422,13,in,35588,211
294.3471,13,in,35592,235.2
294.3512,13,in,35596,210.8
294.3553,13,in,35600,227.4
294.3593,13,in,35604,230.8
294.3645,13,in,35608,221.8
294.3686,13,in,35612,232
294.3726,13,in,35616,276.8
294.3771,13,in,35620,281
294.3812,13,in,35624,279.4
294.3858,13,in,35628,292.4
294.3904,13,in,35632,319.2
294.3946,13,in,35636,256.6
294.3991,13,in,35640,240.4
294.4033,13,in,35644,258
294.4073,13,in,35648,282.6
294.4113,13,in,35652,218.8
294.4156,13,in,35656,245
294.4202,13,in,35660,271.6
294.4242,13,in,35664,274.6
294.4284,13,in,35668,319.6
294.4324,13,in,35672,335.4
294.4374,13,in,35676,308.4
294.4414,13,in,35680,311.8
294.4455,13,in,35684,271
294.4496,13,in,35688,283
294.4551,13,in,35692,250.2
294.4595,13,in,35696,310.6
294.4637,13,in,35700,260
294.4679,13,in,35704,287.2
294.4728,13,in,35708,277.8
294.4769,13,in,35712,254.6
294.4809,13,in,35716,248.2
294.4857,13,in,35720,238.8
294.4905,13,in,35724,237.4
294.4949,13,in,35728,246
294.4989,13,in,35732,251
294.5032,13,in,35736,287.8
294.5079,13,in,35740,276.8
294.5123,13,in,35744,296
294.5169,13,in,35748,305.8
294.5213,13,in,35752,283.2
294.5258,13,in,35756,255.4
294.5301,13,in,35760,310.4
294.5342,13,in,35764,310.4
294.5384,13,in,35768,228.6
294.5428,13,in,35772,338
294.547,13,in,35776,324.2
294.5513,13,in,35780,259.4
294.5555,13,in,35784,343
294.5597,13,in,35788,247.6
294.564,13,in,35792,301.8
294.5682,13,in,35796,310.8
294.5725,13,in,35800,322.6
294.5768,13,in,35804,354
294.5811,13,in,35808,306.2
294.5855,13,in,35812,342.4
294.5893,13,in,35816,304
294.5932,13,in,35820,318.8
294.5973,13,in,35824,288.2
294.6008,13,in,35828,312.8
294.6045,13,in,35832,289
294.6081,13,in,35836,340.4
294.6117,13,in,35840,322
294.6158,13,in,35844,307.2
294.6194,13,in,35848,334
294.6231,13,in,35852,328.2
294.6267,13,in,35856,320.2
294.6305,13,in,35860,403
294.6342,13,in,35864,356.2
294.6379,13,in,35868,346.8
294.6415,13,in,35872,299
294.6452,13,in,35876,321.6
294.6489,13,in,35880,354.8
294.6529,13,in,35884,387
294.6564,13,in,35888,366.6
294.6605,13,in,35892,415.6
294.6646,13,in,35896,429.4
294.6687,13,in,35900,450.4
294.673,13,in,35904,397.6
294.6773,13,in,35908,426.6
294.6811,13,in,35912,457.6
294.685,13,in,35916,525.2
294.6887,13,in,35920,491.2
294.693,13,in,35924,515
294.6973,13,in,35928,530.2
294.701,13,in,35932,516.2
294.705,13,in,35936,596.2
294.7084,13,in,35940,613.4
294.7124,13,in,35944,577.4
294.7162,13,in,35948,578.4
294.7202,13,in,35952,665
294.7239,13,in,35956,738.6
294.7275,13,in,35960,720.8
294.731,13,in,35964,693.4
294.7349,13,in,35968,700.6
294.7388,13,in,35972,737.8
294.7429,13,in,35976,678.4
294.747,13,in,35980,666.2
294.7511,13,in,35984,685.2
294.7549,13,in,35988,635.4
294.7585,13,in,35992,787.6
294.7621,13,in,35996,810.6
294.7657,13,in,36000,899.8
294.7698,13,in,36004,986.4
294.7747,13,in,36008,929.4
294.7791,13,in,36012,890.6
294.783,13,in,36016,837
294.787,13,in,36020,917.2
294.7913,13,in,36024,689.6
294.7959,13,in,36028,634.8
294.8003,13,in,36032,677.8
294.8048,13,in,36036,690
294.8092,13,in,36040,825.4
294.8136,13,in,36044,1017.8
294.8181,13,out,36040,970
294.8229,13,out,36036,1187
294.8273,13,out,36032,1422.8
294.8317,13,out,36028,1380.2
294.8358,13,out,36024,1343
294.84,13,out,36020,1384.2
294.8442,13,out,36016,1116.2
294.8484,13,out,36012,1355
294.8524,13,out,36008,1298.4
294.8566,13,out,36004,1210.8
294.8606,13,out,36000,1206
294.8647,13,out,35996,1264.8
294.8688,13,out,35992,1194.2
294.873,13,out,35988,913.2
294.8768,13,out,35984,949.2
294.881,13,out,35980,923
294.8847,13,out,35976,924.4
294.8884,13,out,35972,886.8
294.8919,13,out,35968,897.4
294.8958,13,out,35964,923
294.9002,13,out,35960,974.6
294.9044,13,out,35956,914.4
294.9082,13,out,35952,1001.8
294.9125,13,out,35948,991.4
294.9169,13,out,35944,1047.4
294.9209,13,out,35940,807.8
294.925,13,out,35936,813
294.9293,13,out,35932,1042.4
294.933,13,out,35928,1063.4
294.9367,13,out,35924,1239.2
294.9404,13,out,35920,1327.8
294.9442,13,out,35916,1068.6
294.948,13,out,35912,1121.8
294.952,13,out,35908,1408
294.9562,13,out,35904,1161
294.9604,13,out,35900,1378.6
294.9642,13,out,35896,1268.6
294.968,13,out,35892,1084.4
294.9726,13,out,35888,1207.8
294.9766,13,out,35884,1102.6
294.9805,13,out,35880,1406.8
294.9849,13,out,35876,1188.6
294.9897,13,out,35872,1271.6
294.9941,13,out,35868,821
294.9984,13,out,35864,883.4
295.0024,13,out,35860,1157.2
295.0072,13,out,35856,1232.6
295.0122,13,out,35852,1317.6
295.017,13,out,35848,1274
295.0219,13,out,35844,1273.4
295.0285,13,out,35840,1316
295.0334,13,out,35836,1366.8
295.0386,13,out,35832,1349
295.0435,13,out,35828,1124
295.0485,13,out,35824,1145.6
295.0533,13,out,35820,1313.4
295.0581,13,out,35816,1381.6
295.0631,13,out,35812,1283.8
295.0678,13,out,35808,1394.4
295.0729,13,out,35804,1389.2
295.0779,13,out,35800,1254.8
295.0825,13,out,35796,1195.6
295.0871,13,out,35792,1096.8
295.0918,13,out,35788,1238.8
295.0972,13,out,35784,1245.4
295.1022,13,out,35780,1195
295.1067,13,out,35776,1327.8
295.1117,13,out,35772,1364
295.1168,13,out,35768,1389.4
295.1213,13,out,35764,1490.8
295.1265,13,out,35760,1337
295.132,13,out,35756,1403.4
295.1366,13,out,35752,1500.8
295.1418,13,out,35748,1392.8
295.1467,13,out,35744,1346.8
295.1515,13,out,35740,1346.2
295.1566,13,out,35736,1314.8
295.1624,13,out,35732,1374
295.1672,13,out,35728,1485
295.172,13,out,35724,1454.6
295.1771,13,out,35720,1475.8
295.181,13,out,35716,1465.2
295.1849,13,out,35712,1399.4
295.1894,13,out,35708,1423.8
295.1936,13,out,35704,1388
295.198,13,out,35700,1393
295.2024,13,out,35696,1403.8
295.207,13,out,35692,1407
295.2112,13,out,35688,1359.4
295.2152,13,out,35684,1286.4
295.22,13,out,35680,1286
295.2247,13,out,35676,1298.6
295.2285,13,out,35672,1308
295.2327,13,out,35668,1262.2
295.2368,13,out,35664,1243.4
295.2417,13,out,35660,1165.6
295.2457,13,out,35656,1031.2
295.2503,13,out,35652,1116.6
295.2558,13,out,35648,1134.6
295.2605,13,out,35644,997.6
295.2644,13,out,35640,1125.4
295.2685,13,out,35636,1257.4
295.2727,13,out,35632,1070
295.2773,13,out,35628,1079.6
295.2813,13,out,35624,1117.2
295.2856,13,out,35620,1048
295.2903,13,out,35616,866.8
295.2955,13,out,35612,865.4
295.3001,13,out,35608,881.6
295.3051,13,out,35604,1037.2
295.3102,13,out,35600,1069.8
295.3151,13,out,35596,1060.6
295.3201,13,out,35592,1050.2
295.3248,13,out,35588,1043.4
295.3312,13,out,35584,1067.6
295.3363,13,out,35580,1060.4
295.3409,13,out,35576,1056.4
295.3456,13,out,35572,1116
295.3511,13,out,35568,1128
295.3556,13,out,35564,1164.4
295.3602,13,out,35560,1161.2
295.366,13,out,35556,1146.6
295.371,13,out,35552,1181.2
295.3761,13,out,35548,1067.4
295.3813,13,out,35544,1021.2
295.3859,13,out,35540,1076
295.3903,13,out,35536,1049.2
295.3952,13,out,35532,1193.6
295.3997,13,out,35528,1050.8
295.4041,13,out,35524,1056.8
295.4085,13,out,35520,1028
295.4133,13,out,35516,1092.2
295.419,13,out,35512,969.2
295.4238,13,out,35508,944.6
295.4283,13,out,35504,1059.2
295.4329,13,out,35500,1140.8
295.4388,13,out,35496,1157.8
295.4434,13,out,35492,1122.4
295.4484,13,out,35488,1122.2
295.4536,13,out,35484,1239
295.4592,13,out,35480,1096.8
295.464,13,out,35476,1008.8
295.4686,13,out,35472,1106.2
295.4745,13,out,35468,1076.6
295.4791,13,out,35464,889.8
295.484,13,out,35460,1022.2
295.4902,13,out,35456,978.8
295.4948,13,out,35452,881.4
295.4998,13,out,35448,1113.8
295.5045,13,out,35444,903.2
295.5102,13,out2,35394,1030.6
295.5149,13,out2,35344,1071.2
295.5198,13,out2,35294,828.6
295.524,13,out2,35244,784.8
295.5281,13,out2,35194,768.2
295.5322,13,out2,35144,641.8
295.5368,13,out2,35094,650.6
295.5412,13,out2,35044,473.4
295.5466,13,out2,34994,532.4
295.5512,13,out2,34944,596.4
295.5556,13,out2,34894,525.4
295.5599,13,out2,34844,417.8
295.5642,13,out2,34794,316
295.5688,13,out2,34744,320.8
295.5735,13,out2,34694,370
295.5784,13,out2,34644,256.6
295.5833,13,out2,34594,250
295.5882,13,out2,34544,360.2
295.5926,13,out2,34494,458.2
295.5979,13,out2,34444,176.8
295.6031,13,out2,34394,33.6
295.6076,14,in,34394,52
295.6126,14,in,34398,8.4
295.6176,14,in,34402,79.2
295.6225,14,in,34406,63.2
295.6274,14,in,34410,65.6
295.6329,14,in,34414,38.4
295.6383,14,in,34418,60.6
295.6432,14,in,34422,63
295.6482,14,in,34426,65.6
295.654,14,in,34430,92.8
295.6587,14,in,34434,110
295.6634,14,in,34438,38.4
295.6685,14,in,34442,107.4
295.6735,14,in,34446,90.2
295.6779,14,in,34450,96
295.6831,14,in,34454,112
295.6876,14,in,34458,132
295.6918,14,in,34462,127.6
295.6955,14,in,34466,79
295.6994,14,in,34470,90.4
295.7033,14,in,34474,111.8
295.707,14,in,34478,90.8
295.7106,14,in,34482,58
295.7143,14,in,34486,131
295.7182,14,in,34490,71.8
295.7224,14,in,34494,131.2
295.7263,14,in,34498,69.6
295.7302,14,in,34502,115.2
295.7341,14,in,34506,91
295.7383,14,in,34510,120.2
295.7433,14,in,34514,44.2
295.7484,14,in,34518,74.8
295.7537,14,in,34522,128.6
295.7592,14,in,34526,88
295.7643,14,in,34530,74.8
295.7689,14,in,34534,122.8
295.7734,14,in,34538,64.2
295.7777,14,in,34542,67.2
295.7816,14,in,34546,134
295.7862,14,in,34550,148.2
295.7901,14,in,34554,135
295.7938,14,in,34558,107.2
295.798,14,in,34562,111.8
295.8027,14,in,34566,115
295.8067,14,in,34570,111.6
295.8103,14,in,34574,91.6
295.8142,14,in,34578,134.2
295.8178,14,in,34582,95.6
295.8214,14,in,34586,83.8
295.8251,14,in,34590,125.8
295.8289,14,in,34594,87.6
295.8332,14,in,34598,109.8
295.8373,14,in,34602,112.4
295.8411,14,in,34606,119.2
295.8449,14,in,34610,85.6
295.8496,14,in,34614,65.6
295.8542,14,in,34618,101.8
295.8584,14,in,34622,130
295.8625,14,in,34626,127.8
295.8668,14,in,34630,104
295.872,14,in,34634,109.4
295.8761,14,in,34638,120.4
295.8805,14,in,34642,70.4
295.8855,14,in,34646,126.2
295.89,14,in,34650,106.2
295.8947,14,in,34654,71.2
295.8988,14,in,34658,141.6
295.9037,14,in,34662,82.4
295.9079,14,in,34666,111.8
295.9118,14,in,34670,75.8
295.9162,14,in,34674,115.6
295.9206,14,in,34678,146.8
295.925,14,in,34682,146.2
295.929,14,in,34686,69.8
295.9333,14,in,34690,124.2
295.9376,14,in,34694,98
295.9421,14,in,34698,99.4
295.9463,14,in,34702,144.4
295.9507,14,in,34706,140
295.9551,14,in,34710,125.6
295.9602,14,in,34714,84.6
295.9642,14,in,34718,84.6
295.9685,14,in,34722,107
295.9727,14,in,34726,74.6
295.9771,14,in,34730,102
295.982,14,in,34734,147
295.9859,14,in,34738,91
295.9899,14,in,34742,154.2
295.995,14,in,34746,114
295.9994,14,in,34750,124.2
296.0034,14,in,34754,113.4
296.0078,14,in,34758,69.8
296.0137,14,in,34762,78.6
296.0178,14,in,34766,80.6
296.0219,14,in,34770,105.4
296.026,14,in,34774,57.8
296.0316,14,in,34778,66.6
296.0355,14,in,34782,71.4
296.0401,14,in,34786,100.6
296.0453,14,in,34790,65.8
296.0494,14,in,34794,103.4
296.0532,14,in,34798,95.4
296.0577,14,in,34802,111.2
296.0618,14,in,34806,64.4
296.0667,14,in,34810,90.8
296.0707,14,in,34814,113.6
296.0753,14,in,34818,57.4
296.0794,14,in,34822,76.4
296.0842,14,in,34826,104.6
296.0885,14,in,34830,98
296.0927,14,in,34834,120.8
296.0967,14,in,34838,120.4
296.1012,14,in,34842,68.2
296.1062,14,in,34846,47.6
296.1104,14,in,34850,50.4
296.1145,14,in,34854,105.8
296.1202,14,in,34858,105.2
296.1245,14,in,34862,60.8
296.1285,14,in,34866,79
296.1328,14,in,34870,97.2
296.1379,14,in,34874,104
296.1422,14,in,34878,60.4
296.1463,14,in,34882,71.4
296.1507,14,in,34886,56
296.156,14,in,34890,87.4
296.1601,14,in,34894,71
296.1641,14,in,34898,46.6
296.168,14,in,34902,85.2
296.1719,14,in,34906,54.2
296.1759,14,in,34910,84
296.1802,14,in,34914,71
296.1849,14,in,34918,80.4
296.1889,14,in,34922,45.4
296.1937,14,in,34926,71.2
296.1978,14,in,34930,69.2
296.2022,14,in,34934,111.2
296.2071,14,in,34938,50.4
296.2111,14,in,34942,79.8
296.2155,14,in,34946,88
296.2197,14,in,34950,128.8
296.2242,14,in,34954,59.6
296.2285,14,in,34958,96.6
296.2324,14,in,34962,121.4
296.2362,14,in,34966,120.8
296.2402,14,in,34970,74.6
296.2457,14,in,34974,129
296.2497,14,in,34978,96.6
296.2538,14,in,34982,96
296.2584,14,in,34986,113.4
296.2632,14,in,34990,94.6
296.2668,14,in,34994,92.6
296.2709,14,in,34998,108.6
296.2747,14,in,35002,93.8
296.2795,14,in,35006,76.2
296.2846,14,in,35010,114.2
296.2888,14,in,35014,100.6
296.2935,14,in,35018,123.6
296.2986,14,in,35022,95.4
296.3025,14,in,35026,79.6
296.3073,14,in,35030,96.8
296.3123,14,in,35034,66
296.3166,14,in,35038,73
296.321,14,in,35042,115
296.3254,14,in,35046,114
296.3296,14,in,35050,68.2
296.334,14,in,35054,121.6
296.3383,14,in,35058,109.2
296.3426,14,in,35062,94.2
296.3464,14,in,35066,87.8
296.3507,14,in,35070,81.6
296.3554,14,in,35074,37.6
296.3599,14,in,35078,91.4
296.3639,14,in,35082,72.8
296.3684,14,in,35086,65
296.3723,14,in,35090,51.2
296.3764,14,in,35094,78.2
296.3805,14,in,35098,59.2
296.385,14,in,35102,89.4
296.39,14,in,35106,88
296.3944,14,in,35110,102
296.3989,14,in,35114,87.6
296.4034,14,in,35118,116.6
296.4078,14,in,35122,133.6
296.4117,14,in,35126,82.2
296.4158,14,in,35130,121.4
296.4201,14,in,35134,180
296.4249,14,in,35138,39.2
296.4289,14,in,35142,55
296.4332,14,in,35146,123
296.4371,14,in,35150,62.8
296.4427,14,in,35154,80
296.4477,14,in,35158,126.2
296.452,14,in,35162,145.6
296.4559,14,in,35166,116.2
296.4608,14,in,35170,87.4
296.4649,14,in,35174,110.4
296.4688,14,in,35178,167.2
296.4729,14,in,35182,99.6
296.4788,14,in,35186,113.8
296.4831,14,in,35190,147.2
296.4872,14,in,35194,91
296.4913,14,in,35198,80.6
296.4974,14,in,35202,85.4
296.5013,14,in,35206,91.6
296.5053,14,in,35210,124
296.5095,14,in,35214,115.4
296.5142,14,in,35218,107.8
296.5183,14,in,35222,139.8
296.5223,14,in,35226,72.6
296.5266,14,in,35230,129.4
296.5313,14,in,35234,93.8
296.5361,14,in,35238,81.6
296.541,14,in,35242,94.4
296.5457,14,in,35246,84
296.5509,14,in,35250,111.4
296.5551,14,in,35254,90.8
296.5594,14,in,35258,123.6
296.5638,14,in,35262,93.6
296.5691,14,in,35266,100.8
296.5751,14,in,35270,134.8
296.5802,14,in,35274,105.4
296.5852,14,in,35278,112.2
296.5896,14,in,35282,67.8
296.5937,14,in,35286,68.6
296.5976,14,in,35290,165
296.6017,14,in,35294,153.6
296.6058,14,in,35298,181.2
296.6099,14,in,35302,146.8
296.6139,14,in,35306,114.8
296.6183,14,in,35310,135.6
296.6234,14,in,35314,193
296.6278,14,in,35318,173.6
296.6318,14,in,35322,157.8
296.636,14,in,35326,173.2
296.6409,14,in,35330,131.6
296.6451,14,in,35334,128
296.6501,14,in,35338,164.6
296.655,14,in,35342,104
296.6593,14,in,35346,190.6
296.6634,14,in,35350,179.2
296.6673,14,in,35354,140.6
296.6714,14,in,35358,118.4
296.6762,14,in,35362,144.6
296.6814,14,in,35366,165.2
296.6865,14,in,35370,191
296.6909,14,in,35374,151.6
296.6955,14,in,35378,148.8
296.7001,14,in,35382,181.2
296.7038,14,in,35386,166.8
296.7075,14,in,35390,180.6
296.7122,14,in,35394,167.2
296.7166,14,in,35398,167
296.7205,14,in,35402,175
296.7243,14,in,35406,161.8
296.7285,14,in,35410,129.8
296.7326,14,in,35414,99.2
296.737,14,in,35418,115.6
296.7413,14,in,35422,160
296.7459,14,in,35426,141.6
296.7504,14,in,35430,139.2
296.7546,14,in,35434,160
296.7587,14,in,35438,188
296.7628,14,in,35442,121.4
296.7664,14,in,35446,141.6
296.7699,14,in,35450,131.8
296.7736,14,in,35454,126.8
296.7775,14,in,35458,119.4
296.7812,14,in,35462,147.4
296.785,14,in,35466,132.2
296.7892,14,in,35470,173.8
296.7931,14,in,35474,145.6
296.7969,14,in,35478,134.4
296.8024,14,in,35482,159.2
296.8072,14,in,35486,131.8
296.8115,14,in,35490,162.4
296.816,14,in,35494,129
296.8204,14,in,35498,141
296.8244,14,in,35502,162.6
296.828,14,in,35506,108.8
296.8318,14,in,35510,181.6
296.8358,14,in,35514,188.6
296.8405,14,in,35518,111.6
296.8442,14,in,35522,131.2
296.848,14,in,35526,91.2
296.8519,14,in,35530,155.2
296.8562,14,in,35534,129
296.8605,14,in,35538,96.8
296.8655,14,in,35542,144.8
296.8698,14,in,35546,178.6
296.8747,14,in,35550,118.8
296.879,14,in,35554,116.4
296.8834,14,in,35558,150.2
296.8878,14,in,35562,116
296.8923,14,in,35566,183.6
296.8962,14,in,35570,126
296.9005,14,in,35574,191.6
296.9045,14,in,35578,195.6
296.9095,14,in,35582,186.8
296.9134,14,in,35586,157.6
296.9179,14,in,35590,171
296.9223,14,in,35594,212.4
296.9275,14,in,35598,177
296.9313,14,in,35602,233
296.9358,14,in,35606,247
296.9398,14,in,35610,147
296.9455,14,in,35614,167.6
296.9498,14,in,35618,210.4
296.954,14,in,35622,261.4
296.9581,14,in,35626,231.2
296.964,14,in,35630,206.6
296.9682,14,in,35634,252.2
296.9724,14,in,35638,247.8
296.9768,14,in,35642,268.4
296.9823,14,in,35646,204.4
296.9862,14,in,35650,219.6
296.9909,14,in,35654,195.2
296.9951,14,in,35658,241
297.0004,14,in,35662,249.8
297.0044,14,in,35666,268.6
297.0089,14,in,35670,249.8
297.0132,14,in,35674,239
297.0181,14,in,35678,242.2
297.022,14,in,35682,248.2
297.0269,14,in,35686,330
297.0307,14,in,35690,276.4
297.0357,14,in,35694,273.4
297.0402,14,in,35698,299.8
297.0441,14,in,35702,327.8
297.0483,14,in,35706,305.2
297.0537,14,in,35710,292.4
297.0577,14,in,35714,328
297.0619,14,in,35718,249.6
297.0667,14,in,35722,322.8
297.0717,14,in,35726,275.8
297.0756,14,in,35730,287.2
297.0801,14,in,35734,280.6
297.0849,14,in,35738,255.8
297.0899,14,in,35742,290.2
297.0944,14,in,35746,435.4
297.0989,14,in,35750,542.8
297.103,14,in,35754,384.8
297.1072,14,in,35758,322.4
297.1114,14,in,35762,354
297.1154,14,in,35766,339.2
297.1191,14,in,35770,346
297.1234,14,in,35774,294
297.1281,14,in,35778,279.6
297.1329,14,in,35782,382
297.137,14,in,35786,296.6
297.1416,14,in,35790,315.8
297.1464,14,in,35794,452
297.151,14,in,35798,462.4
297.155,14,in,35802,390.4
297.1594,14,in,35806,356.2
297.1644,14,in,35810,340
297.1693,14,in,35814,316.2
297.1734,14,in,35818,356.4
297.1783,14,in,35822,271
297.183,14,in,35826,346.2
297.1872,14,in,35830,371.4
297.191,14,in,35834,350
297.1947,14,in,35838,629.6
297.1984,14,in,35842,619.8
297.2018,14,in,35846,602.2
297.2059,14,in,35850,623.2
297.2106,14,in,35854,596.2
297.2151,14,in,35858,602.2
297.2196,14,in,35862,618.8
297.2238,14,in,35866,599.4
297.2278,14,in,35870,602
297.2319,14,in,35874,674.8
297.2361,14,in,35878,781.4
297.2399,14,in,35882,771.2
297.244,14,in,35886,633.4
297.2482,14,in,35890,574.4
297.2533,14,in,35894,587.8
297.2575,14,in,35898,639.4
297.2617,14,in,35902,446
297.2663,14,in,35906,377.8
297.2708,14,in,35910,400
297.2746,14,in,35914,422.6
297.2789,14,in,35918,363.6
297.2829,14,in,35922,417.8
297.2878,14,in,35926,448.4
297.2917,14,in,35930,442.8
297.2962,14,in,35934,460.8
297.301,14,in,35938,465.2
297.3062,14,in,35942,499.6
297.3101,14,in,35946,522.4
297.3144,14,in,35950,543.4
297.3191,14,in,35954,618.2
297.3244,14,in,35958,592.8
297.3284,14,in,35962,698
297.3336,14,in,35966,594
297.3381,14,in,35970,423.4
297.3422,14,in,35974,429.6
297.3466,14,in,35978,457.8
297.3509,14,in,35982,458
297.3551,14,in,35986,435.2
297.3599,14,in,35990,429.2
297.364,14,in,35994,425.4
297.3685,14,in,35998,506.4
297.373,14,in,36002,458.2
297.3782,14,in,36006,500.2
297.382,14,in,36010,469
297.3862,14,in,36014,545
297.3902,14,in,36018,503.2
297.3956,14,in,36022,535.8
297.3998,14,in,36026,550.6
297.4039,14,in,36030,525.8
297.4079,14,in,36034,563.6
297.4124,14,in,36038,522.8
297.417,14,in,36042,539.8
297.4214,14,in,36046,428.2
297.4262,14,in,36050,461.2
297.4308,14,in,36054,499
297.4356,14,in,36058,546
297.4406,14,in,36062,526.8
297.4446,14,in,36066,470
297.4497,14,in,36070,506.2
297.4539,14,in,36074,569.4
297.4585,14,in,36078,632
297.4629,14,in,36082,531.8
297.469,14,in,36086,473
297.4735,14,in,36090,541.6
297.4776,14,in,36094,583.6
297.4816,14,in,36098,635.8
297.4875,14,in,36102,673.4
297.4921,14,in,36106,644.2
297.4965,14,in,36110,615.4
297.5009,14,in,36114,594
297.5058,14,in,36118,667.2
297.5097,14,in,36122,570.4
297.5139,14,in,36126,657.8
297.5179,14,in,36130,596.2
297.5229,14,in,36134,571.6
297.5269,14,in,36138,659.6
297.5313,14,in,36142,607.2
297.5357,14,in,36146,644.6
297.5408,14,in,36150,579.6
297.5447,14,in,36154,543.8
297.549,14,in,36158,589.4
297.5537,14,in,36162,626
297.5595,14,in,36166,581.2
297.5634,14,in,36170,524.4
297.5683,14,in,36174,625.6
297.5721,14,in,36178,569
297.5773,14,in,36182,571.6
297.5814,14,in,36186,635
297.5854,14,in,36190,578.4
297.5897,14,in,36194,595
297.5945,14,in,36198,655.6
297.5991,14,in,36202,720.2
297.6035,14,in,36206,700.4
297.6079,14,in,36210,639.8
297.614,14,in,36214,617.2
297.6184,14,in,36218,622.2
297.6225,14,in,36222,693.4
297.6268,14,in,36226,683.6
297.6319,14,in,36230,631.6
297.6358,14,in,36234,653
297.6398,14,in,36238,627.2
297.6448,14,in,36242,628
297.6496,14,in,36246,651.4
297.6534,14,in,36250,765.2
297.6572,14,in,36254,724.2
297.6621,14,in,36258,689
297.6671,14,in,36262,888.2
297.6713,14,in,36266,879
297.6757,14,in,36270,814
297.6808,14,in,36274,906.8
297.6857,14,in,36278,921.8
297.6901,14,in,36282,969.2
297.6945,14,in,36286,964.8
297.6986,14,in,36290,856.6
297.7026,14,in,36294,630.6
297.7063,14,in,36298,885.4
297.7101,14,in,36302,878.6
297.7138,14,in,36306,804
297.7179,14,in,36310,716.4
297.7223,14,in,36314,778.8
297.7261,14,in,36318,744.8
297.7301,14,in,36322,809
297.7341,14,in,36326,796.4
297.7402,14,in,36330,719.6
297.7441,14,in,36334,653
297.7484,14,in,36338,701.4
297.7529,14,in,36342,710
297.7582,14,in,36346,736.8
297.7628,14,in,36350,767.2
297.7672,14,in,36354,666.8
297.7716,14,in,36358,845.8
297.7756,14,in,36362,875.8
297.7791,14,in,36366,892.6
297.7829,14,in,36370,928.6
297.7866,14,in,36374,843
297.7908,14,in,36378,694.8
297.795,14,in,36382,767.8
297.7992,14,in,36386,797.2
297.804,14,in,36390,766
297.8083,14,in,36394,742.8
297.8126,14,in,36398,754.8
297.8167,14,in,36402,849.6
297.8204,14,in,36406,823.8
297.8246,14,in,36410,862.8
297.8292,14,in,36414,832.6
297.8332,14,in,36418,770.2
297.8373,14,in,36422,785
297.8409,14,in,36426,778.4
297.8449,14,in,36430,829
297.8487,14,in,36434,918.6
297.8528,14,in,36438,895.6
297.8566,14,in,36442,859.6
297.8612,14,in,36446,811
297.8658,14,in,36450,929.4
297.8698,14,in,36454,884.2
297.8738,14,in,36458,945.2
297.879,14,in,36462,1004.2
297.883,14,out,36458,1140
297.8871,14,out,36454,1021.8
297.8912,14,out,36450,1106.2
297.8954,14,out,36446,1136.4
297.9004,14,out,36442,1221.8
297.9044,14,out,36438,1109.8
297.9087,14,out,36434,1231.4
297.9131,14,out,36430,1266.2
297.9172,14,out,36426,1269.6
297.9213,14,out,36422,1254.6
297.9255,14,out,36418,1206.6
297.9297,14,out,36414,1286.4
297.9342,14,out,36410,1308.2
297.9383,14,out,36406,1261.4
297.9424,14,out,36402,1248.4
297.9465,14,out,36398,1303.8
297.9509,14,out,36394,1366.6
297.9552,14,out,36390,1231
297.9591,14,out,36386,1197.8
297.9629,14,out,36382,1279.6
297.9666,14,out,36378,1426.6
297.97,14,out,36374,1531
297.9741,14,out,36370,1375.2
297.9779,14,out,36366,1548.4
297.9822,14,out,36362,1531.4
297.9865,14,out,36358,1415.8
297.9902,14,out,36354,1435.8
297.9944,14,out,36350,1371.6
297.9982,14,out,36346,1433.8
298.0021,14,out,36342,1385.6
298.0058,14,out,36338,1415.8
298.0099,14,out,36334,1384.6
298.0135,14,out,36330,1505.4
298.0175,14,out,36326,1513
298.0215,14,out,36322,1451.4
298.0257,14,out,36318,1426
298.0294,14,out,36314,1442
298.0333,14,out,36310,1477
298.0374,14,out,36306,1456.8
298.0417,14,out,36302,1532.8
298.0455,14,out,36298,1415.2
298.0493,14,out,36294,1483.8
298.0527,14,out,36290,1504.2
298.0563,14,out,36286,1718
298.0601,14,out,36282,1658.6
298.0642,14,out,36278,1704.4
298.0678,14,out,36274,1689.2
298.0719,14,out,36270,1733.2
298.0755,14,out,36266,1516.2
298.079,14,out,36262,1507.6
298.0828,14,out,36258,1690.6
298.0865,14,out,36254,1587
298.0901,14,out,36250,1682
298.094,14,out,36246,1596.4
298.0977,14,out,36242,1689.8
298.1015,14,out,36238,1626.4
298.1049,14,out,36234,1606.6
298.1084,14,out,36230,1720.4
298.1124,14,out,36226,1644
298.116,14,out,36222,1644.2
298.1199,14,out,36218,1652.8
298.1233,14,out,36214,1676.8
298.1268,14,out,36210,1677.4
298.1305,14,out,36206,1721.8
298.1341,14,out,36202,1616.8
298.1381,14,out,36198,1548.2
298.1417,14,out,36194,1577.2
298.1456,14,out,36190,1672.2
298.1491,14,out,36186,1621.6
298.1527,14,out,36182,1490.6
298.1563,14,out,36178,1484.4
298.16,14,out,36174,1412.4
298.1638,14,out,36170,1471.6
298.1673,14,out,36166,1467
298.1712,14,out,36162,1492.4
298.1748,14,out,36158,1733.8
298.1782,14,out,36154,1823.8
298.1819,14,out,36150,1649.4
298.1861,14,out,36146,1688.8
298.1897,14,out,36142,1743.2
298.1939,14,out,36138,1697.4
298.1975,14,out,36134,1666.8
298.2014,14,out,36130,1896.6
298.2051,14,out,36126,1841
298.2084,14,out,36122,1751.2
298.2123,14,out,36118,1771
298.2159,14,out,36114,1788.4
298.2198,14,out,36110,1819
298.2234,14,out,36106,1810.6
298.2272,14,out,36102,1780.4
298.231,14,out,36098,1773.6
298.2346,14,out,36094,1703.8
298.2389,14,out,36090,1747.6
298.2425,14,out,36086,1574
298.2463,14,out,36082,1692.8
298.25,14,out,36078,1697.2
298.2541,14,out,36074,1701
298.2576,14,out,36070,1721.8
298.2611,14,out,36066,1724.4
298.2652,14,out,36062,1695.6
298.2687,14,out,36058,1695.8
298.2729,14,out,36054,1610.6
298.2764,14,out,36050,1676.4
298.2808,14,out,36046,1647
298.2847,14,out,36042,1720
298.2883,14,out,36038,1651.4
298.2923,14,out,36034,1622.8
298.2954,14,out,36030,1778.4
298.2989,14,out,36026,1711
298.302,14,out,36022,1759.2
298.3054,14,out,36018,1628.6
298.3094,14,out,36014,1707.6
298.3128,14,out,36010,1644.2
298.3165,14,out,36006,1746
298.3201,14,out,36002,1714.2
298.3237,14,out,35998,1689
298.3278,14,out,35994,1712
298.3319,14,out,35990,1738.2
298.3357,14,out,35986,1751.8
298.3395,14,out,35982,1794.8
298.3436,14,out,35978,1811
298.3479,14,out,35974,1849.6
298.3517,14,out,35970,1608
298.3556,14,out,35966,1614.6
298.3595,14,out,35962,1692.8
298.3646,14,out,35958,1724.4
298.3685,14,out,35954,1762
298.3726,14,out,35950,1698.4
298.3767,14,out,35946,1597.2
298.3817,14,out,35942,1708.2
298.3856,14,out,35938,1673
298.3899,14,out,35934,1644
298.394,14,out,35930,1711.2
298.3987,14,out,35926,1689.4
298.4026,14,out,35922,1608.6
298.407,14,out,35918,1622.6
298.4116,14,out,35914,1632
298.4165,14,out,35910,1687.8
298.4206,14,out,35906,1698.2
298.4252,14,out,35902,1762.6
298.4302,14,out,35898,1643.8
298.4342,14,out,35894,1681.8
298.4384,14,out,35890,1589.2
298.443,14,out,35886,1656.4
298.4469,14,out,35882,1764
298.4509,14,out,35878,1648.8
298.4556,14,out,35874,1696.6
298.4599,14,out,35870,1719.6
298.4641,14,out,35866,1669.4
298.4686,14,out,35862,1737
298.4731,14,out2,35812,1704.4
298.4775,14,out2,35762,1543.4
298.482,14,out2,35712,1631.8
298.4871,14,out2,35662,1359
298.4917,14,out2,35612,1222.6
298.4959,14,out2,35562,1174
298.5005,14,out2,35512,993.2
298.505,14,out2,35462,1106.2
298.5092,14,out2,35412,1033
298.5134,14,out2,35362,871.6
298.5177,14,out2,35312,781.8
298.5217,14,out2,35262,713.6
298.526,14,out2,35212,627
298.5299,14,out2,35162,727.4
298.534,14,out2,35112,635.2
298.5379,14,out2,35062,719.2
298.5429,14,out2,35012,394.4
298.5469,14,out2,34962,337.8
298.5514,14,out2,34912,290.8
298.5559,14,out2,34862,297.8
298.5609,14,out2,34812,317.8
298.5655,14,out2,34762,282
298.5698,14,out2,34712,284.8
298.5738,14,out2,34662,193.2
298.5791,14,out2,34612,126.8
298.5833,15,in,34612,209.4
298.5876,15,in,34616,142.2
298.5918,15,in,34620,136.8
298.5974,15,in,34624,204.4
298.6013,15,in,34628,205.2
298.6053,15,in,34632,166.4
298.6106,15,in,34636,108.2
298.6156,15,in,34640,149.8
298.62,15,in,34644,179.8
298.6246,15,in,34648,217.8
298.629,15,in,34652,148.8
298.6332,15,in,34656,199.4
298.6373,15,in,34660,160.4
298.6412,15,in,34664,209.8
298.645,15,in,34668,188.8
298.6491,15,in,34672,226.4
298.6533,15,in,34676,214
298.6572,15,in,34680,170.4
298.6614,15,in,34684,147.4
298.6652,15,in,34688,215.8
298.6695,15,in,34692,198.4
298.6734,15,in,34696,197
298.6779,15,in,34700,126.2
298.6821,15,in,34704,210.8
298.6868,15,in,34708,222
298.6909,15,in,34712,161.6
298.6955,15,in,34716,151.2
298.6999,15,in,34720,177.2
298.7041,15,in,34724,236.8
298.708,15,in,34728,196.8
298.7124,15,in,34732,190.2
298.717,15,in,34736,187.6
298.7215,15,in,34740,201.6
298.7258,15,in,34744,150.2
298.7298,15,in,34748,141.2
298.7344,15,in,34752,197.6
298.7388,15,in,34756,207.8
298.7431,15,in,34760,182.8
298.7477,15,in,34764,178.2
298.7523,15,in,34768,251.2
298.7567,15,in,34772,235.6
298.7607,15,in,34776,222.6
298.7645,15,in,34780,178
298.769,15,in,34784,224.6
298.7732,15,in,34788,222.2
298.7771,15,in,34792,167.6
298.7811,15,in,34796,266
298.7859,15,in,34800,203.4
298.7901,15,in,34804,186.8
298.7944,15,in,34808,199.4
298.7987,15,in,34812,231
298.8025,15,in,34816,220.8
298.8067,15,in,34820,210.4
298.8105,15,in,34824,201
298.8142,15,in,34828,231.2
298.8181,15,in,34832,226.2
298.8217,15,in,34836,223.8
298.8254,15,in,34840,227.6
298.829,15,in,34844,235.8
298.8326,15,in,34848,232.4
298.8361,15,in,34852,211.4
298.8398,15,in,34856,212
298.8434,15,in,34860,200.8
298.8474,15,in,34864,243.4
298.8516,15,in,34868,237.4
298.856,15,in,34872,200
298.8599,15,in,34876,209.2
298.8643,15,in,34880,243.8
298.8681,15,in,34884,216.8
298.8716,15,in,34888,201.8
298.8752,15,in,34892,215.4
298.8794,15,in,34896,238
298.8834,15,in,34900,218.6
298.8874,15,in,34904,231.8
298.8917,15,in,34908,254.8
298.8954,15,in,34912,227.8
298.8995,15,in,34916,218.4
298.9036,15,in,34920,217
298.9078,15,in,34924,231.8
298.9126,15,in,34928,265.4
298.9166,15,in,34932,254
298.921,15,in,34936,240.8
298.9255,15,in,34940,185.2
298.9298,15,in,34944,202.8
298.9341,15,in,34948,255.6
298.9391,15,in,34952,221.8
298.9436,15,in,34956,233.6
298.9481,15,in,34960,220
298.9524,15,in,34964,201.6
298.9569,15,in,34968,234.6
298.9615,15,in,34972,209
298.9661,15,in,34976,222.6
298.9706,15,in,34980,246.4
298.9749,15,in,34984,231.2
298.9788,15,in,34988,257.4
298.9834,15,in,34992,278.4
298.9885,15,in,34996,249.4
298.9939,15,in,35000,238.2
298.9995,15,in,35004,230.6
299.0049,15,in,35008,241
299.0099,15,in,35012,233.2
299.0148,15,in,35016,282.6
299.0203,15,in,35020,233.4
299.0258,15,in,35024,206.2
299.0308,15,in,35028,246.2
299.0361,15,in,35032,253.4
299.0412,15,in,35036,248
299.0461,15,in,35040,257
299.0508,15,in,35044,222
299.0553,15,in,35048,273
299.0595,15,in,35052,258.8
299.0637,15,in,35056,209
299.068,15,in,35060,266.2
299.0725,15,in,35064,209
299.0772,15,in,35068,226.8
299.0821,15,in,35072,238.2
299.0877,15,in,35076,251
299.093,15,in,35080,253.6
299.0979,15,in,35084,249.6
299.1026,15,in,35088,290.8
299.1081,15,in,35092,234.8
299.1134,15,in,35096,253.8
299.1182,15,in,35100,253.2
299.1225,15,in,35104,243.4
299.1274,15,in,35108,204
299.1318,15,in,35112,199.2
299.1361,15,in,35116,324.8
299.1404,15,in,35120,191
299.1451,15,in,35124,254.2
299.1503,15,in,35128,236.2
299.1552,15,in,35132,253.4
299.1602,15,in,35136,250.2
299.1648,15,in,35140,265.8
299.1696,15,in,35144,240.4
299.1743,15,in,35148,215.6
299.1789,15,in,35152,229.4
299.1841,15,in,35156,247
299.1887,15,in,35160,275.6
299.1931,15,in,35164,212.4
299.198,15,in,35168,264.2
299.2026,15,in,35172,307.6
299.2077,15,in,35176,268.2
299.2124,15,in,35180,251.2
299.2167,15,in,35184,214.6
299.2224,15,in,35188,282.6
299.2275,15,in,35192,233.4
299.2325,15,in,35196,252.6
299.2374,15,in,35200,240.6
299.242,15,in,35204,321.2
299.247,15,in,35208,300.4
299.2522,15,in,35212,261
299.2577,15,in,35216,290
299.2629,15,in,35220,315.4
299.2678,15,in,35224,283.2
299.2727,15,in,35228,265.4
299.2772,15,in,35232,274.8
299.2823,15,in,35236,283.2
299.2872,15,in,35240,282.6
299.2924,15,in,35244,317.4
299.2971,15,in,35248,325.4
299.3025,15,in,35252,295.6
299.3068,15,in,35256,304.2
299.3111,15,in,35260,288.4
299.315,15,in,35264,321.6
299.3195,15,in,35268,360.6
299.3231,15,in,35272,386.6
299.327,15,in,35276,408.4
299.3313,15,in,35280,404.2
299.3355,15,in,35284,378
299.3392,15,in,35288,417.4
299.3431,15,in,35292,444.2
299.3481,15,in,35296,416
299.3521,15,in,35300,442.6
299.3561,15,in,35304,426.8
299.3603,15,in,35308,414
299.3647,15,in,35312,477.4
299.3696,15,in,35316,419.4
299.374,15,in,35320,407.2
299.3781,15,in,35324,436.4
299.3822,15,in,35328,443.6
299.3868,15,in,35332,458
299.3919,15,in,35336,409
299.3964,15,in,35340,397.6
299.4016,15,in,35344,442.6
299.4067,15,in,35348,428.6
299.4109,15,in,35352,435.2
299.4148,15,in,35356,434.6
299.4193,15,in,35360,373.4
299.4234,15,in,35364,409
299.4274,15,in,35368,404.6
299.4315,15,in,35372,460
299.4357,15,in,35376,433.6
299.4409,15,in,35380,404
299.4456,15,in,35384,440
299.4498,15,in,35388,408.2
299.4544,15,in,35392,436.8
299.4588,15,in,35396,454.4
299.4628,15,in,35400,386
299.4669,15,in,35404,417.8
299.4717,15,in,35408,452.4
299.4761,15,in,35412,429.2
299.4806,15,in,35416,461.2
299.4855,15,in,35420,458
299.4896,15,in,35424,468
299.4945,15,in,35428,397.4
299.4987,15,in,35432,459
299.5026,15,in,35436,409.8
299.5069,15,in,35440,408.6
299.5111,15,in,35444,403.6
299.5151,15,in,35448,467
299.5192,15,in,35452,412.2
299.5232,15,in,35456,416.2
299.5277,15,in,35460,403
299.5323,15,in,35464,418.6
299.5368,15,in,35468,375.2
299.5412,15,in,35472,371.2
299.5462,15,in,35476,375.2
299.5503,15,in,35480,425.6
299.5543,15,in,35484,404.4
299.5588,15,in,35488,397
299.5645,15,in,35492,386.4
299.5693,15,in,35496,429.8
299.5734,15,in,35500,390
299.578,15,in,35504,362.4
299.5829,15,in,35508,358.6
299.587,15,in,35512,376
299.591,15,in,35516,384.8
299.5955,15,in,35520,345.4
299.6009,15,in,35524,428
299.6052,15,in,35528,411.6
299.6102,15,in,35532,370.2
299.6146,15,in,35536,453.2
299.6193,15,in,35540,442.6
299.6239,15,in,35544,371.8
299.6282,15,in,35548,399.4
299.6321,15,in,35552,379.6
299.6362,15,in,35556,370
299.641,15,in,35560,344.6
299.6455,15,in,35564,439
299.65,15,in,35568,425.6
299.655,15,in,35572,423
299.6596,15,in,35576,407.6
299.6648,15,in,35580,402.6
299.6696,15,in,35584,430.8
299.6743,15,in,35588,379.4
299.6792,15,in,35592,382.8
299.684,15,in,35596,381.4
299.6886,15,in,35600,431.4
299.6928,15,in,35604,398
299.6971,15,in,35608,432.4
299.7013,15,in,35612,357
299.7053,15,in,35616,385.2
299.709,15,in,35620,383.6
299.7131,15,in,35624,456
299.7169,15,in,35628,443.8
299.7211,15,in,35632,406.6
299.7256,15,in,35636,379.6
299.7296,15,in,35640,416.6
299.7335,15,in,35644,387.2
299.7375,15,in,35648,371
299.7428,15,in,35652,431
299.7481,15,in,35656,446.4
299.7532,15,in,35660,490.8
299.758,15,in,35664,382.6
299.7624,15,in,35668,412.2
299.7665,15,in,35672,474.2
299.7709,15,in,35676,474.2
299.7749,15,in,35680,436.2
299.7788,15,in,35684,467.8
299.7827,15,in,35688,376.6
299.7867,15,in,35692,460.8
299.7907,15,in,35696,455.2
299.7961,15,in,35700,402.8
299.8007,15,in,35704,459.8
299.8056,15,in,35708,471
299.8103,15,in,35712,397.4
299.8157,15,in,35716,494.8
299.8204,15,in,35720,523
299.8246,15,in,35724,481.8
299.8289,15,in,35728,450.2
299.8328,15,in,35732,560.4
299.8369,15,in,35736,482.4
299.8411,15,in,35740,440.4
299.846,15,in,35744,510.4
299.8504,15,in,35748,523.2
299.8551,15,in,35752,489.2
299.86,15,in,35756,481.4
299.865,15,in,35760,496.8
299.8698,15,in,35764,484.8
299.8746,15,in,35768,519.6
299.8791,15,in,35772,495.4
299.8839,15,in,35776,463.6
299.889,15,in,35780,448.2
299.8941,15,in,35784,498.4
299.8988,15,in,35788,480
299.9033,15,in,35792,507.6
299.9082,15,in,35796,520
299.9128,15,in,35800,503.4
299.9171,15,in,35804,490
299.9222,15,in,35808,559.2
299.9272,15,in,35812,615
299.932,15,in,35816,607.2
299.9368,15,in,35820,636.4
299.9415,15,in,35824,589.6
299.9459,15,in,35828,616.6
299.9499,15,in,35832,540
299.9544,15,in,35836,607.2
299.9586,15,in,35840,618
299.963,15,in,35844,629.6
299.967,15,in,35848,603
299.9716,15,in,35852,534.4
299.9763,15,in,35856,559.8
299.9807,15,in,35860,585
299.9856,15,in,35864,587.2
299.9902,15,in,35868,570
299.9944,15,in,35872,536.4
299.9989,15,in,35876,571.6
300.0036,15,in,35880,578.6
300.0077,15,in,35884,558
300.0118,15,in,35888,609.2
300.0166,15,in,35892,635.6
300.0208,15,in,35896,719.2
300.0248,15,in,35900,647.8
300.0295,15,in,35904,646.8
300.0335,15,in,35908,651.2
300.0375,15,in,35912,604.6
300.0418,15,in,35916,612.2
300.0474,15,in,35920,609.6
300.0516,15,in,35924,737
300.0556,15,in,35928,688.4
300.0597,15,in,35932,637.4
300.0645,15,in,35936,656.6
300.0688,15,in,35940,682.8
300.0729,15,in,35944,625.6
300.0771,15,in,35948,579.8
300.0821,15,in,35952,630.2
300.0868,15,in,35956,563.6
300.0912,15,in,35960,608.6
300.0959,15,in,35964,560.4
300.1009,15,in,35968,539.6
300.105,15,in,35972,574.8
300.1094,15,in,35976,556.6
300.1133,15,in,35980,649.6
300.1179,15,in,35984,665
300.1228,15,in,35988,610
300.1271,15,in,35992,593.4
300.1311,15,in,35996,534.2
300.1358,15,in,36000,619.6
300.1402,15,in,36004,530.6
300.1441,15,in,36008,587.8
300.1482,15,in,36012,635.6
300.1528,15,in,36016,613.8
300.1578,15,in,36020,616.2
300.1619,15,in,36024,591.2
300.1658,15,in,36028,581.8
300.1704,15,in,36032,664
300.1748,15,in,36036,609.8
300.1793,15,in,36040,604.2
300.1838,15,in,36044,666.4
300.1885,15,in,36048,525.8
300.1931,15,in,36052,547.6
300.1972,15,in,36056,679
300.2011,15,in,36060,781
300.206,15,in,36064,868.2
300.2104,15,in,36068,842.2
300.2143,15,in,36072,793.2
300.2185,15,in,36076,730
300.2234,15,in,36080,742.2
300.2284,15,in,36084,769.8
300.2336,15,in,36088,786.8
300.2383,15,in,36092,758.8
300.244,15,in,36096,631
300.2489,15,in,36100,730.4
300.2541,15,in,36104,712.8
300.2589,15,in,36108,750.6
300.2637,15,in,36112,807.4
300.2686,15,in,36116,810.8
300.2733,15,in,36120,800.8
300.2793,15,in,36124,752.8
300.2843,15,in,36128,873.8
300.289,15,in,36132,852.2
300.2941,15,in,36136,893
300.2991,15,in,36140,1232
300.3039,15,out,36136,1238.2
300.3088,15,out,36132,1205.2
300.3138,15,out,36128,1147.2
300.3183,15,out,36124,1222.6
300.323,15,out,36120,1145.2
300.3282,15,out,36116,1156.4
300.3337,15,out,36112,1074.8
300.338,15,out,36108,1044
300.3427,15,out,36104,956.6
300.3476,15,out,36100,1030.2
300.3529,15,out,36096,1018
300.3574,15,out,36092,969.2
300.3619,15,out,36088,930
300.367,15,out,36084,879
300.3718,15,out,36080,869
300.3765,15,out,36076,879.4
300.381,15,out,36072,873
300.3859,15,out,36068,945.2
300.391,15,out,36064,895.4
300.3959,15,out,36060,957.6
300.4008,15,out,36056,903.2
300.4061,15,out,36052,940.8
300.411,15,out,36048,869.4
300.4158,15,out,36044,885.2
300.4208,15,out,36040,943.4
300.4263,15,out,36036,962
300.431,15,out,36032,1041.6
300.4354,15,out,36028,1053.8
300.4408,15,out,36024,1036.8
300.4454,15,out,36020,1068.6
300.4499,15,out,36016,1083.4
300.4548,15,out,36012,1009.2
300.4597,15,out,36008,1023.6
300.4642,15,out,36004,1074.4
300.4695,15,out,36000,1040.8
300.474,15,out,35996,1258.4
300.4793,15,out,35992,1036
300.4844,15,out,35988,1059.4
300.4889,15,out,35984,1067.4
300.4938,15,out,35980,1047.2
300.4988,15,out,35976,1072.8
300.5039,15,out,35972,1104.6
300.5087,15,out,35968,1114.6
300.5136,15,out,35964,1091.2
300.5185,15,out,35960,1119.8
300.5231,15,out,35956,1110.8
300.5277,15,out,35952,1066
300.5337,15,out,35948,1105.8
300.5384,15,out,35944,1149.8
300.5434,15,out,35940,1217.6
300.5481,15,out,35936,1120.4
300.5532,15,out,35932,1176.4
300.558,15,out,35928,1151.6
300.5626,15,out,35924,1090.2
300.5681,15,out,35920,1039.8
300.5729,15,out,35916,1050.2
300.5779,15,out,35912,1124.6
300.5829,15,out,35908,1134
300.5888,15,out,35904,1077.6
300.5935,15,out,35900,1020.8
300.5985,15,out,35896,1065.2
300.6033,15,out,35892,1086.4
300.6084,15,out,35888,1069.2
300.6131,15,out,35884,1084.8
300.6176,15,out,35880,1161.4
300.6223,15,out,35876,1123
300.627,15,out,35872,991.8
300.632,15,out,35868,1005.4
300.6372,15,out,35864,1058.8
300.6429,15,out,35860,1039.4
300.6476,15,out,35856,1033
300.6524,15,out,35852,997.8
300.6569,15,out,35848,1019.2
300.6615,15,out,35844,988.4
300.6666,15,out,35840,1026.8
300.6719,15,out,35836,964.2
300.6781,15,out,35832,1092.6
300.6832,15,out,35828,1088.2
300.6873,15,out,35824,1066.8
300.6918,15,out,35820,1047.8
300.6963,15,out,35816,1080.2
300.6999,15,out,35812,1085
300.7038,15,out,35808,1039.6
300.7076,15,out,35804,1110.4
300.7123,15,out,35800,1046.2
300.717,15,out,35796,1106
300.7213,15,out,35792,1114.4
300.7252,15,out,35788,1171.4
300.7293,15,out,35784,1192.2
300.7341,15,out,35780,1158.6
300.7386,15,out,35776,1122.4
300.7426,15,out,35772,1103.2
300.7477,15,out,35768,1147
300.7524,15,out,35764,1106.4
300.757,15,out,35760,1198.6
300.7615,15,out,35756,1180.6
300.7654,15,out,35752,1206.2
300.7694,15,out,35748,1194.6
300.7729,15,out,35744,1174.6
300.7768,15,out,35740,1191
300.7805,15,out,35736,1275.2
300.7847,15,out,35732,1139.8
300.789,15,out,35728,1095
300.7929,15,out,35724,1166.2
300.797,15,out,35720,1169.6
300.8014,15,out,35716,1135
300.8061,15,out,35712,1155.8
300.8102,15,out,35708,1136.8
300.8144,15,out,35704,1144.2
300.8178,15,out,35700,1200.4
300.822,15,out,35696,1162.8
300.8256,15,out,35692,1184.6
300.8294,15,out,35688,1127.6
300.833,15,out,35684,1163.6
300.8368,15,out,35680,1131.8
300.8408,15,out,35676,1120.6
300.8446,15,out,35672,1049
300.8483,15,out,35668,1080
300.8522,15,out,35664,1058
300.8564,15,out,35660,1183
300.8611,15,out,35656,1172.6
300.8656,15,out,35652,1159.4
300.8696,15,out,35648,1166.4
300.8738,15,out,35644,1211.6
300.8781,15,out,35640,1328.6
300.8819,15,out,35636,1269.6
300.8866,15,out,35632,1397.4
300.8922,15,out,35628,1234.8
300.8962,15,out,35624,1286.6
300.9,15,out,35620,1337.4
300.9034,15,out,35616,1270.4
300.9073,15,out,35612,1226
300.9113,15,out,35608,1317.4
300.9152,15,out,35604,1380.6
300.9195,15,out,35600,1313.2
300.9238,15,out,35596,1364
300.9289,15,out,35592,1281.8
300.9331,15,out,35588,1277.8
300.9374,15,out,35584,1373.2
300.9421,15,out,35580,1300.6
300.9476,15,out,35576,1290.2
300.9519,15,out,35572,1514.2
300.9567,15,out,35568,1535.2
300.9611,15,out,35564,1397.2
300.9668,15,out,35560,1466.8
300.9709,15,out,35556,1502
300.9752,15,out,35552,1550.8
300.9799,15,out,35548,1342.2
300.9855,15,out,35544,1302.4
300.9898,15,out,35540,1285
300.9939,15,out2,35490,1237.6
300.9982,15,out2,35440,1348.2
301.0036,15,out2,35390,1357
301.0075,15,out2,35340,1336.2
301.0116,15,out2,35290,1393.6
301.016,15,out2,35240,1425.2
301.0213,15,out2,35190,1244.4
301.0252,15,out2,35140,1295.8
301.0292,15,out2,35090,1566
301.0336,15,out2,35040,1240.2
301.0388,15,out2,34990,909.6
301.0429,15,out2,34940,856.2
301.0469,15,out2,34890,1062
301.0512,15,out2,34840,635
301.0561,15,out2,34790,542
301.0606,15,out2,34740,485.6
301.0655,15,out2,34690,478.6
301.0695,15,out2,34640,241.4
301.0745,15,out2,34590,110.8
301.0785,16,in,34590,76
301.0826,16,in,34594,122
301.0868,16,in,34598,126.6
301.0916,16,in,34602,58
301.0961,16,in,34606,73.6
301.1,16,in,34610,114.8
301.1042,16,in,34614,66.4
301.1083,16,in,34618,88.8
301.1132,16,in,34622,87.4
301.1175,16,in,34626,95.6
301.1215,16,in,34630,31.4
301.1261,16,in,34634,93.8
301.1302,16,in,34638,121
301.1341,16,in,34642,157.6
301.1386,16,in,34646,108
301.1432,16,in,34650,124
301.1477,16,in,34654,61.8
301.1514,16,in,34658,63.6
301.1557,16,in,34662,126
301.1598,16,in,34666,121.8
301.1648,16,in,34670,152
301.1687,16,in,34674,83.4
301.1734,16,in,34678,100.8
301.1775,16,in,34682,48.8
301.1827,16,in,34686,97.6
301.1866,16,in,34690,128.4
301.191,16,in,34694,130.6
301.1953,16,in,34698,142
301.2003,16,in,34702,62
301.2041,16,in,34706,90.6
301.2084,16,in,34710,66
301.2125,16,in,34714,117
301.217,16,in,34718,108.6
301.2223,16,in,34722,117
301.2265,16,in,34726,127.2
301.2301,16,in,34730,92.6
301.2341,16,in,34734,85.8
301.2383,16,in,34738,79.6
301.2423,16,in,34742,118.4
301.2463,16,in,34746,93
301.2514,16,in,34750,94.4
301.2556,16,in,34754,90.8
301.2597,16,in,34758,93.8
301.2637,16,in,34762,116
301.2679,16,in,34766,112
301.273,16,in,34770,115
301.2769,16,in,34774,135.8
301.281,16,in,34778,100.4
301.2856,16,in,34782,123.4
301.2911,16,in,34786,126
301.295,16,in,34790,90.8
301.299,16,in,34794,77.2
301.3028,16,in,34798,121
301.3078,16,in,34802,139
301.3122,16,in,34806,153
301.3168,16,in,34810,93.6
301.3216,16,in,34814,91.8
301.3274,16,in,34818,95
301.3315,16,in,34822,103.4
301.3357,16,in,34826,120.8
301.3398,16,in,34830,142.2
301.3453,16,in,34834,92.6
301.35,16,in,34838,126.6
301.3542,16,in,34842,116
301.3591,16,in,34846,143.4
301.3638,16,in,34850,121.4
301.3687,16,in,34854,172.4
301.3734,16,in,34858,148.4
301.3785,16,in,34862,82.2
301.3833,16,in,34866,151.8
301.388,16,in,34870,118.6
301.393,16,in,34874,104
301.3987,16,in,34878,131.8
301.4037,16,in,34882,91.6
301.4085,16,in,34886,121.6
301.4136,16,in,34890,135.6
301.4192,16,in,34894,110
301.4241,16,in,34898,102.6
301.4287,16,in,34902,92.2
301.4345,16,in,34906,95.8
301.4394,16,in,34910,142.4
301.4452,16,in,34914,88
301.4495,16,in,34918,137.4
301.4544,16,in,34922,129.8
301.4595,16,in,34926,95.6
301.4644,16,in,34930,96.6
301.4702,16,in,34934,104.8
301.4748,16,in,34938,121.6
301.4799,16,in,34942,69.6
301.4852,16,in,34946,150
301.4904,16,in,34950,126.4
301.495,16,in,34954,150.6
301.5006,16,in,34958,103.8
301.5059,16,in,34962,134
301.5106,16,in,34966,81.4
301.5156,16,in,34970,126
301.5207,16,in,34974,118.4
301.5255,16,in,34978,110.6
301.5307,16,in,34982,103.4
301.5359,16,in,34986,100.2
301.5409,16,in,34990,111.6
301.5465,16,in,34994,104.4
301.5512,16,in,34998,138.2
301.5562,16,in,35002,83.2
301.5611,16,in,35006,88.4
301.5658,16,in,35010,112.2
301.5713,16,in,35014,89.6
301.5763,16,in,35018,99.4
301.5811,16,in,35022,99.4
301.5855,16,in,35026,110.8
301.5907,16,in,35030,118
301.5954,16,in,35034,116.8
301.6001,16,in,35038,113.6
301.605,16,in,35042,117.2
301.6103,16,in,35046,96.2
301.6154,16,in,35050,124
301.6204,16,in,35054,82.6
301.6251,16,in,35058,137.8
301.6307,16,in,35062,135.6
301.6354,16,in,35066,129
301.6404,16,in,35070,141.2
301.6456,16,in,35074,137.8
301.65,16,in,35078,133.6
301.6546,16,in,35082,108.4
301.6593,16,in,35086,83.6
301.6649,16,in,35090,149.2
301.6697,16,in,35094,102.2
301.6743,16,in,35098,132.8
301.6792,16,in,35102,95.4
301.6851,16,in,35106,157.4
301.6897,16,in,35110,123.6
301.6938,16,in,35114,160
301.6978,16,in,35118,137
301.7021,16,in,35122,145
301.7057,16,in,35126,118.6
301.7093,16,in,35130,112.6
301.713,16,in,35134,152.2
301.7167,16,in,35138,133.6
301.7217,16,in,35142,103.2
301.7258,16,in,35146,87.4
301.7299,16,in,35150,131
301.7339,16,in,35154,114.4
301.7391,16,in,35158,134.8
301.743,16,in,35162,89.8
301.7472,16,in,35166,146.8
301.7515,16,in,35170,129.4
301.7561,16,in,35174,163.2
301.7607,16,in,35178,146.6
301.7651,16,in,35182,147.6
301.7695,16,in,35186,160.4
301.7741,16,in,35190,153.2
301.778,16,in,35194,114.6
301.7821,16,in,35198,158.4
301.7866,16,in,35202,172
301.7917,16,in,35206,157.4
301.796,16,in,35210,147.8
301.8011,16,in,35214,164.2
301.8055,16,in,35218,119.2
301.81,16,in,35222,153.6
301.8145,16,in,35226,156
301.8185,16,in,35230,148.8
301.8232,16,in,35234,139
301.8287,16,in,35238,145
301.8341,16,in,35242,158.6
301.8391,16,in,35246,142
301.8441,16,in,35250,146.4
301.8489,16,in,35254,161
301.8539,16,in,35258,173.2
301.8589,16,in,35262,154
301.8638,16,in,35266,138.2
301.8687,16,in,35270,162.2
301.8733,16,in,35274,157.6
301.8781,16,in,35278,121.2
301.8826,16,in,35282,98
301.8871,16,in,35286,184.4
301.8912,16,in,35290,129.4
301.8955,16,in,35294,129.8
301.8999,16,in,35298,152.4
301.9043,16,in,35302,158.6
301.9092,16,in,35306,162.8
301.9138,16,in,35310,169.6
301.9188,16,in,35314,164.4
301.9241,16,in,35318,181.6
301.9288,16,in,35322,194.8
301.9337,16,in,35326,141.6
301.9381,16,in,35330,160.8
301.9427,16,in,35334,131.2
301.948,16,in,35338,195
301.9526,16,in,35342,169
301.9574,16,in,35346,193.4
301.9617,16,in,35350,145.4
301.9668,16,in,35354,183.6
301.9716,16,in,35358,151
301.9761,16,in,35362,152.2
301.9809,16,in,35366,168.2
301.9862,16,in,35370,169
301.9913,16,in,35374,157.4
301.996,16,in,35378,172.4
302.0005,16,in,35382,186
302.0062,16,in,35386,136
302.0107,16,in,35390,156.6
302.0161,16,in,35394,178.4
302.0207,16,in,35398,173.4
302.0257,16,in,35402,150.6
302.0305,16,in,35406,146.4
302.0356,16,in,35410,197
302.0404,16,in,35414,153
302.0451,16,in,35418,149.6
302.0498,16,in,35422,137
302.0549,16,in,35426,147.8
302.061,16,in,35430,151.6
302.0658,16,in,35434,125.4
302.0704,16,in,35438,161.8
302.0765,16,in,35442,164
302.0812,16,in,35446,207.8
302.0859,16,in,35450,182.6
302.0907,16,in,35454,135.8
302.0956,16,in,35458,169.8
302.1003,16,in,35462,181.2
302.1047,16,in,35466,161.8
302.1093,16,in,35470,166.4
302.114,16,in,35474,179.8
302.1188,16,in,35478,176
302.1236,16,in,35482,218.4
302.1288,16,in,35486,146.2
302.1338,16,in,35490,194
302.1383,16,in,35494,132.2
302.1432,16,in,35498,174.2
302.1485,16,in,35502,199.4
302.1528,16,in,35506,244.6
302.1577,16,in,35510,184.2
302.1625,16,in,35514,178.6
302.1671,16,in,35518,220
302.1718,16,in,35522,217
302.177,16,in,35526,209.6
302.1819,16,in,35530,200.8
302.1868,16,in,35534,220.6
302.1918,16,in,35538,177.4
302.1968,16,in,35542,226.8
302.202,16,in,35546,233
302.2064,16,in,35550,228
302.211,16,in,35554,274.2
302.2158,16,in,35558,223.4
302.2207,16,in,35562,194.4
302.2254,16,in,35566,228.6
302.2297,16,in,35570,268.6
302.234,16,in,35574,242.4
302.2384,16,in,35578,258.6
302.2427,16,in,35582,223.2
302.2468,16,in,35586,254.4
302.2508,16,in,35590,227.2
302.255,16,in,35594,181.8
302.2592,16,in,35598,252.6
302.2632,16,in,35602,256
302.2673,16,in,35606,267.6
302.2712,16,in,35610,216.8
302.2751,16,in,35614,242.6
302.2789,16,in,35618,212
302.2831,16,in,35622,249.8
302.2874,16,in,35626,224.4
302.2926,16,in,35630,195.4
302.2974,16,in,35634,255
302.3023,16,in,35638,236.6
302.3074,16,in,35642,259.6
302.312,16,in,35646,287.6
302.3163,16,in,35650,236.2
302.3212,16,in,35654,312.6
302.3262,16,in,35658,238.6
302.3308,16,in,35662,233.6
302.3357,16,in,35666,273.6
302.3404,16,in,35670,304.2
302.3451,16,in,35674,278.2
302.3497,16,in,35678,306.4
302.3542,16,in,35682,268.4
302.3593,16,in,35686,277.2
302.3644,16,in,35690,260.4
302.3691,16,in,35694,312
302.3734,16,in,35698,317.2
302.3779,16,in,35702,290
302.3833,16,in,35706,291.2
302.3877,16,in,35710,301.8
302.3924,16,in,35714,287.2
302.3967,16,in,35718,257.6
302.4009,16,in,35722,308.8
302.405,16,in,35726,270
302.4094,16,in,35730,268.4
302.4138,16,in,35734,304
302.4192,16,in,35738,319.8
302.4237,16,in,35742,303.4
302.4288,16,in,35746,267.4
302.4337,16,in,35750,284
302.439,16,in,35754,246.6
302.444,16,in,35758,291.8
302.4486,16,in,35762,291.2
302.4526,16,in,35766,258.8
302.4573,16,in,35770,335.4
302.4624,16,in,35774,303.2
302.4674,16,in,35778,307.4
302.4729,16,in,35782,311.2
302.4777,16,in,35786,281.6
302.4822,16,in,35790,330
302.4871,16,in,35794,311
302.4917,16,in,35798,326
302.4961,16,in,35802,293.4
302.501,16,in,35806,305.8
302.5056,16,in,35810,309.4
302.51,16,in,35814,253.8
302.5143,16,in,35818,296.2
302.5187,16,in,35822,309.8
302.5242,16,in,35826,294.4
302.5286,16,in,35830,294.8
302.5333,16,in,35834,286.2
302.5377,16,in,35838,322.6
302.5422,16,in,35842,292.8
302.5467,16,in,35846,308.6
302.5512,16,in,35850,344
302.5558,16,in,35854,345.6
302.5608,16,in,35858,344.4
302.5655,16,in,35862,361.6
302.5705,16,in,35866,349.4
302.5749,16,in,35870,303.4
302.5797,16,in,35874,345.4
302.5848,16,in,35878,319.4
302.5895,16,in,35882,273.6
302.5947,16,in,35886,345.2
302.5998,16,in,35890,414.8
302.6047,16,in,35894,439.2
302.6098,16,in,35898,502
302.6146,16,in,35902,435.2
302.619,16,in,35906,398.8
302.6235,16,in,35910,405.6
302.6276,16,in,35914,394.8
302.6318,16,in,35918,388.6
302.6365,16,in,35922,336.6
302.6404,16,in,35926,380.2
302.6448,16,in,35930,374.6
302.6489,16,in,35934,361.2
302.653,16,in,35938,382
302.6569,16,in,35942,323.2
302.6608,16,in,35946,345.8
302.6647,16,in,35950,363.6
302.6691,16,in,35954,345.2
302.6726,16,in,35958,353.2
302.6769,16,in,35962,386.4
302.6807,16,in,35966,401.2
302.6849,16,in,35970,418.6
302.6891,16,in,35974,385.6
302.6935,16,in,35978,351.4
302.6982,16,in,35982,382.8
302.7022,16,in,35986,328.6
302.7063,16,in,35990,318.8
302.7104,16,in,35994,348.4
302.7144,16,in,35998,306.8
302.7184,16,in,36002,371.8
302.7221,16,in,36006,360.2
302.7261,16,in,36010,419.8
302.7299,16,in,36014,485.2
302.7342,16,in,36018,504.4
302.738,16,in,36022,385.4
302.7419,16,in,36026,481.6
302.7458,16,in,36030,466
302.7499,16,in,36034,512
302.7538,16,in,36038,548
302.7579,16,in,36042,584
302.7617,16,in,36046,593
302.7653,16,in,36050,576.6
302.769,16,in,36054,607
302.7728,16,in,36058,472.4
302.777,16,in,36062,507.2
302.7814,16,in,36066,526.4
302.786,16,in,36070,524.4
302.7907,16,in,36074,524.4
302.7944,16,in,36078,522
302.7982,16,in,36082,516
302.8021,16,in,36086,490.8
302.8063,16,in,36090,487.8
302.8111,16,in,36094,548.8
302.8152,16,in,36098,494.8
302.8193,16,in,36102,536.8
302.8238,16,in,36106,408.2
302.8284,16,in,36110,494.2
302.8327,16,in,36114,502
302.8371,16,in,36118,549.8
302.8413,16,in,36122,641.2
302.8454,16,in,36126,690.2
302.8496,16,in,36130,771.8
302.8537,16,in,36134,733.8
302.8575,16,in,36138,738.4
302.862,16,in,36142,719.2
302.8665,16,in,36146,839
302.8711,16,in,36150,804.8
302.8755,16,in,36154,854
302.8795,16,in,36158,748
302.8836,16,in,36162,835.4
302.8876,16,in,36166,811
302.8913,16,in,36170,812
302.8953,16,in,36174,752.2
302.8991,16,in,36178,773.2
302.9027,16,in,36182,829.2
302.9063,16,in,36186,810.6
302.9103,16,in,36190,732.8
302.9138,16,in,36194,716.8
302.918,16,in,36198,744.4
302.9215,16,in,36202,633.4
302.925,16,in,36206,713.4
302.9287,16,in,36210,707.4
302.933,16,in,36214,761.6
302.9371,16,in,36218,726.6
302.9406,16,in,36222,743.8
302.9445,16,in,36226,782.2
302.9485,16,in,36230,788.4
302.9525,16,in,36234,717
302.957,16,in,36238,696
302.9619,16,in,36242,705
302.9661,16,in,36246,563.6
302.9697,16,in,36250,555.2
302.9739,16,in,36254,536.6
302.978,16,in,36258,562.8
302.9827,16,in,36262,539.4
302.9865,16,in,36266,606.2
302.9905,16,in,36270,703.6
302.994,16,in,36274,565.4
302.9978,16,in,36278,594
303.0018,16,in,36282,590
303.0054,16,in,36286,517.8
303.0094,16,in,36290,551.6
303.0133,16,in,36294,548.6
303.0172,16,in,36298,540.8
303.0216,16,in,36302,592.2
303.0262,16,in,36306,478
303.0312,16,in,36310,514.2
303.0358,16,in,36314,563.2
303.0403,16,in,36318,606.2
303.0445,16,in,36322,598
303.0492,16,in,36326,602
303.0541,16,in,36330,637.6
303.0587,16,in,36334,675.2
303.0629,16,in,36338,589.6
303.068,16,in,36342,678.4
303.073,16,in,36346,652.4
303.0789,16,in,36350,683.8
303.0835,16,in,36354,696.2
303.0886,16,in,36358,576.4
303.0934,16,in,36362,590.4
303.0983,16,in,36366,566.2
303.1024,16,in,36370,611.4
303.1072,16,in,36374,501.8
303.1117,16,in,36378,449.2
303.1163,16,in,36382,515.4
303.1212,16,in,36386,604.6
303.1261,16,in,36390,610.6
303.1313,16,in,36394,675.6
303.136,16,in,36398,470.8
303.1407,16,in,36402,586
303.1447,16,in,36406,681.2
303.1497,16,in,36410,731.2
303.154,16,in,36414,734
303.1584,16,in,36418,753.8
303.163,16,in,36422,705.8
303.1684,16,in,36426,613
303.1731,16,in,36430,641
303.1781,16,in,36434,645.8
303.1827,16,in,36438,614.2
303.188,16,in,36442,561.8
303.1927,16,in,36446,601
303.1974,16,in,36450,629.4
303.2031,16,in,36454,657.8
303.2078,16,in,36458,693.6
303.2122,16,in,36462,732
303.2168,16,in,36466,677.6
303.2213,16,in,36470,606.6
303.2264,16,in,36474,705.6
303.2309,16,in,36478,865
303.2355,16,in,36482,807.2
303.24,16,in,36486,847
303.2444,16,in,36490,776.6
303.2486,16,in,36494,678.2
303.2527,16,in,36498,794.8
303.2573,16,in,36502,897.6
303.2618,16,in,36506,778.8
303.2665,16,in,36510,781.2
303.271,16,in,36514,684
303.2773,16,in,36518,710.2
303.2821,16,in,36522,778.2
303.2868,16,in,36526,566
303.2921,16,in,36530,563.4
303.2973,16,in,36534,602.2
303.3022,16,in,36538,561.2
303.3071,16,in,36542,600
303.3123,16,in,36546,646.8
303.3174,16,in,36550,573.8
303.3224,16,in,36554,553.4
303.3268,16,in,36558,418.4
303.3312,16,in,36562,493
303.3361,16,in,36566,591.2
303.3409,16,in,36570,481.4
303.3456,16,in,36574,533.8
303.3512,16,in,36578,658.6
303.3567,16,in,36582,630.6
303.3613,16,in,36586,599
303.3665,16,in,36590,571.6
303.3712,16,in,36594,569.2
303.3756,16,in,36598,563.8
303.381,16,in,36602,549.6
303.3856,16,in,36606,513.6
303.3907,16,in,36610,519.4
303.3955,16,in,36614,478.8
303.4004,16,in,36618,625.2
303.4052,16,in,36622,672.4
303.4101,16,in,36626,650.8
303.4148,16,in,36630,626
303.4202,16,in,36634,651.4
303.4248,16,in,36638,612
303.4301,16,in,36642,601
303.4349,16,in,36646,764
303.4407,16,in,36650,797.2
303.4451,16,in,36654,768.8
303.4498,16,in,36658,693.2
303.4549,16,in,36662,587.8
303.46,16,in,36666,619
303.4648,16,in,36670,650.6
303.4701,16,in,36674,664.2
303.4757,16,in,36678,656
303.4803,16,in,36682,660.6
303.4849,16,in,36686,598.6
303.4897,16,in,36690,547.4
303.494,16,in,36694,642.4
303.4987,16,in,36698,613.8
303.5033,16,in,36702,602.6
303.5083,16,in,36706,589.6
303.513,16,in,36710,599
303.5181,16,in,36714,604.8
303.5238,16,in,36718,642.6
303.5295,16,in,36722,605.2
303.5342,16,in,36726,733
303.5395,16,in,36730,740.4
303.5448,16,in,36734,656.4
303.5503,16,in,36738,698.4
303.5553,16,in,36742,673.8
303.5605,16,in,36746,626
303.5659,16,in,36750,649.4
303.5709,16,in,36754,592.6
303.5758,16,in,36758,709.2
303.5808,16,in,36762,737.4
303.5859,16,in,36766,735.6
303.5908,16,in,36770,697.2
303.5964,16,in,36774,627.4
303.6009,16,in,36778,678.8
303.6055,16,in,36782,708.2
303.6102,16,in,36786,737.4
303.615,16,in,36790,747.2
303.6205,16,in,36794,758.6
303.6252,16,in,36798,808.4
303.6304,16,in,36802,772.8
303.6352,16,in,36806,880.4
303.6401,16,in,36810,778
303.6455,16,in,36814,820
303.6504,16,in,36818,860
303.6559,16,in,36822,803.2
303.6607,16,in,36826,805.2
303.6652,16,in,36830,811.4
303.6701,16,in,36834,704.2
303.6753,16,in,36838,712.4
303.6804,16,in,36842,672.8
303.6848,16,in,36846,604.6
303.6891,16,in,36850,650.8
303.6931,16,in,36854,614
303.697,16,in,36858,629.2
303.7008,16,in,36862,666.6
303.7049,16,in,36866,671.4
303.7094,16,in,36870,667.8
303.7139,16,in,36874,649.6
303.7185,16,in,36878,660.6
303.7225,16,in,36882,647
303.7264,16,in,36886,642.8
303.7303,16,in,36890,646
303.7346,16,in,36894,703.8
303.7386,16,in,36898,745
303.7424,16,in,36902,799.6
303.7481,16,in,36906,871
303.7526,16,in,36910,725.6
303.7569,16,in,36914,824.8
303.7613,16,in,36918,766.4
303.7658,16,in,36922,685.6
303.77,16,in,36926,652.8
303.7742,16,in,36930,851.2
303.7782,16,in,36934,864
303.7824,16,in,36938,939.4
303.7862,16,in,36942,935.2
303.7899,16,in,36946,913.6
303.7943,16,in,36950,964.6
303.7989,16,in,36954,917
303.8031,16,in,36958,973.6
303.8084,16,in,36962,988.4
303.8132,16,in,36966,895.4
303.8179,16,in,36970,970
303.8233,16,in,36974,976.8
303.8273,16,in,36978,837.6
303.8322,16,in,36982,1017
303.8362,16,out,36978,999.6
303.8399,16,out,36974,955.2
303.8436,16,out,36970,1001.2
303.8482,16,out,36966,929.6
303.8525,16,out,36962,1018.6
303.8569,16,out,36958,1094.8
303.8609,16,out,36954,997
303.8654,16,out,36950,1077
303.8704,16,out,36946,1048
303.8754,16,out,36942,1102.8
303.8796,16,out,36938,1228.2
303.8837,16,out,36934,1174.2
303.8878,16,out,36930,1117
303.8925,16,out,36926,1077.2
303.8964,16,out,36922,970.4
303.9008,16,out,36918,1003.8
303.9048,16,out,36914,1043
303.9096,16,out,36910,1087
303.9141,16,out,36906,1062.8
303.9186,16,out,36902,1102.6
303.9231,16,out,36898,1069.4
303.9279,16,out,36894,1115.2
303.9319,16,out,36890,1236.2
303.9369,16,out,36886,1199
303.942,16,out,36882,1158.4
303.9466,16,out,36878,1322.8
303.9514,16,out,36874,1310.2
303.9565,16,out,36870,1293
303.9615,16,out,36866,1352.4
303.966,16,out,36862,1321.2
303.9707,16,out,36858,1339.4
303.9752,16,out,36854,1299.6
303.9795,16,out,36850,1227
303.9842,16,out,36846,1338.8
303.9893,16,out,36842,1367.8
303.994,16,out,36838,1322.4
303.9988,16,out,36834,1347.2
304.0026,16,out,36830,1373.4
304.0064,16,out,36826,1306.6
304.0102,16,out,36822,1331.8
304.0153,16,out,36818,1294.6
304.0194,16,out,36814,1364.8
304.024,16,out,36810,1346.8
304.0286,16,out,36806,1232.8
304.0338,16,out,36802,1203.2
304.0378,16,out,36798,1333
304.0422,16,out,36794,1181.2
304.0462,16,out,36790,1354.4
304.0516,16,out,36786,1346
304.0556,16,out,36782,1177.4
304.0597,16,out,36778,1243.2
304.0637,16,out,36774,1312.8
304.0692,16,out,36770,1308.2
304.0731,16,out,36766,1292.2
304.077,16,out,36762,1138.8
304.081,16,out,36758,1212
304.0861,16,out,36754,1240.8
304.0909,16,out,36750,1202.4
304.0956,16,out,36746,1107.4
304.0998,16,out,36742,1344.4
304.1037,16,out,36738,1428.4
304.1078,16,out,36734,1283.8
304.1119,16,out,36730,1346.4
304.1159,16,out,36726,1423.4
304.1204,16,out,36722,1299.6
304.1244,16,out,36718,1240.4
304.1288,16,out,36714,1236.8
304.133,16,out,36710,1246.2
304.1375,16,out,36706,1249.6
304.1423,16,out,36702,1218.8
304.1466,16,out,36698,1159.8
304.1511,16,out,36694,1268.4
304.1552,16,out,36690,1070.4
304.1602,16,out,36686,1131
304.1641,16,out,36682,1146.8
304.1681,16,out,36678,1150
304.1721,16,out,36674,1081.6
304.1772,16,out,36670,1169.6
304.1813,16,out,36666,1155.6
304.1852,16,out,36662,1254
304.1901,16,out,36658,1172.2
304.1946,16,out,36654,1199.8
304.1989,16,out,36650,1117.8
304.2033,16,out,36646,1178.8
304.208,16,out,36642,1180.2
304.2134,16,out,36638,1178.8
304.2174,16,out,36634,1190
304.2219,16,out,36630,1176.8
304.227,16,out,36626,1136
304.2319,16,out,36622,1150.8
304.2367,16,out,36618,1174.2
304.2414,16,out,36614,1133.8
304.2464,16,out,36610,1202.6
304.2507,16,out,36606,1211.4
304.2549,16,out,36602,1160
304.2595,16,out,36598,1180.8
304.2636,16,out,36594,1165.6
304.268,16,out,36590,1193.2
304.2718,16,out,36586,1257.4
304.2758,16,out,36582,1237.6
304.2801,16,out,36578,1309.4
304.2853,16,out,36574,1197.2
304.2894,16,out,36570,1190.2
304.2933,16,out,36566,1190.6
304.298,16,out,36562,1153.8
304.3027,16,out,36558,1179.6
304.307,16,out,36554,1235.4
304.3112,16,out,36550,1179.4
304.3154,16,out,36546,1316.2
304.32,16,out,36542,1196.4
304.3248,16,out,36538,1245
304.3295,16,out,36534,1234.2
304.3338,16,out,36530,1250
304.3385,16,out,36526,1142
304.3433,16,out,36522,1217
304.348,16,out,36518,1214.4
304.3521,16,out,36514,1233.6
304.357,16,out,36510,1249
304.3611,16,out,36506,1192.4
304.3655,16,out,36502,1264
304.3701,16,out,36498,1236.4
304.3763,16,out,36494,1209.8
304.3803,16,out,36490,1232
304.3846,16,out,36486,1202.2
304.3888,16,out,36482,1249.8
304.394,16,out,36478,1233.6
304.3984,16,out,36474,1188.2
304.4025,16,out,36470,1264.8
304.4067,16,out,36466,1280.8
304.4119,16,out,36462,1227
304.4158,16,out,36458,1205.2
304.4203,16,out,36454,1242.8
304.4243,16,out,36450,1236.2
304.4292,16,out,36446,1325.8
304.4332,16,out,36442,1314.2
304.4375,16,out,36438,1341.6
304.442,16,out,36434,1284.8
304.4477,16,out,36430,1360.4
304.4518,16,out,36426,1363.2
304.4569,16,out,36422,1336.8
304.4611,16,out,36418,1369.6
304.4659,16,out,36414,1315.8
304.47,16,out,36410,1352.2
304.4743,16,out,36406,1364.4
304.4783,16,out,36402,1446.2
304.484,16,out,36398,1423.6
304.4883,16,out,36394,1454.6
304.4927,16,out,36390,1421.8
304.4976,16,out,36386,1518.2
304.5028,16,out,36382,1427
304.5074,16,out2,36332,1469.2
304.5127,16,out2,36282,1445.4
304.5178,16,out2,36232,1513.2
304.5229,16,out2,36182,1284
304.528,16,out2,36132,1341.4
304.5327,16,out2,36082,1514.6
304.5385,16,out2,36032,1537.6
304.5435,16,out2,35982,1228.8
304.5485,16,out2,35932,1250.2
304.5535,16,out2,35882,1267.6
304.5585,16,out2,35832,1358
304.5629,16,out2,35782,1218.4
304.5679,16,out2,35732,870
304.5746,16,out2,35682,837.4
304.5799,16,out2,35632,1026.6
304.5843,16,out2,35582,623.4
304.5896,16,out2,35532,590.2
304.5946,16,out2,35482,533.8
304.5995,16,out2,35432,679.6
304.6044,16,out2,35382,478.6
304.61,16,out2,35332,507.8
304.615,16,out2,35282,603
304.6203,16,out2,35232,584.8
304.6249,16,out2,35182,228
304.6293,16,out2,35132,571.4
304.6345,16,out2,35082,325.4
304.6389,16,out2,35032,328
304.6436,16,out2,34982,233
304.6484,16,out2,34932,268.8
304.653,16,out2,34882,313
304.6573,16,out2,34832,207.8
304.6625,16,out2,34782,231
304.6676,16,out2,34732,116.4
304.6722,17,in,34732,159.2
304.6769,17,in,34736,150
304.6829,17,in,34740,292.2
304.6874,17,in,34744,312.6
304.6916,17,in,34748,231.6
304.6957,17,in,34752,323
304.6998,17,in,34756,448
304.7038,17,in,34760,398.4
304.7078,17,in,34764,194.6
304.7121,17,in,34768,154.4
304.7161,17,in,34772,216.2
304.7201,17,in,34776,147
304.7242,17,in,34780,271.8
304.7282,17,in,34784,237.2
304.7321,17,in,34788,228.2
304.7364,17,in,34792,254
304.7403,17,in,34796,253
304.7442,17,in,34800,296
304.7482,17,in,34804,283
304.7533,17,in,34808,265.6
304.758,17,in,34812,304.8
304.7623,17,in,34816,314.4
304.7665,17,in,34820,381.6
304.7705,17,in,34824,312.8
304.7744,17,in,34828,276.2
304.7785,17,in,34832,348.6
304.7827,17,in,34836,309.6
304.7865,17,in,34840,307.4
304.7905,17,in,34844,334.6
304.795,17,in,34848,325.4
304.7991,17,in,34852,357
304.8038,17,in,34856,307.4
304.8081,17,in,34860,279.6
304.8123,17,in,34864,372.6
304.8165,17,in,34868,362.2
304.8205,17,in,34872,343.6
304.8243,17,in,34876,283.2
304.8284,17,in,34880,366.4
304.8324,17,in,34884,335
304.8359,17,in,34888,324.4
304.8407,17,in,34892,345.6
304.8446,17,in,34896,355.2
304.8488,17,in,34900,366
304.8526,17,in,34904,288
304.8565,17,in,34908,311.8
304.8613,17,in,34912,345
304.8656,17,in,34916,401.6
304.8697,17,in,34920,328.4
304.8744,17,in,34924,328.4
304.879,17,in,34928,404.6
304.8835,17,in,34932,375
304.8876,17,in,34936,403.2
304.8917,17,in,34940,419.6
304.8958,17,in,34944,407
304.8999,17,in,34948,419.6
304.9046,17,in,34952,398
304.9094,17,in,34956,390
304.914,17,in,34960,341.6
304.9182,17,in,34964,351
304.9221,17,in,34968,365.4
304.926,17,in,34972,378
304.9294,17,in,34976,428.6
304.9336,17,in,34980,372.8
304.9374,17,in,34984,365.4
304.9413,17,in,34988,392
304.9452,17,in,34992,391.4
304.9498,17,in,34996,417.6
304.9535,17,in,35000,370.4
304.9574,17,in,35004,345.8
304.9611,17,in,35008,385.6
304.9654,17,in,35012,418
304.9696,17,in,35016,404.2
304.9734,17,in,35020,385.2
304.9773,17,in,35024,342.6
304.9816,17,in,35028,410.2
304.9858,17,in,35032,368.6
304.9906,17,in,35036,378.2
304.9942,17,in,35040,391
304.9983,17,in,35044,437.4
305.0023,17,in,35048,423.2
305.0061,17,in,35052,419
305.0099,17,in,35056,402
305.0136,17,in,35060,407.6
305.0178,17,in,35064,391.2
305.0216,17,in,35068,427.8
305.0255,17,in,35072,364.4
305.0296,17,in,35076,401
305.0333,17,in,35080,414.2
305.0371,17,in,35084,411
305.041,17,in,35088,376.6
305.045,17,in,35092,425
305.0493,17,in,35096,377.8
305.0531,17,in,35100,405.4
305.0568,17,in,35104,433.8
305.061,17,in,35108,317.8
305.0648,17,in,35112,413.2
305.0685,17,in,35116,440.8
305.0727,17,in,35120,418.2
305.0764,17,in,35124,375
305.0804,17,in,35128,406.6
305.0841,17,in,35132,414.4
305.0881,17,in,35136,401.8
305.0921,17,in,35140,351.8
305.0958,17,in,35144,406.4
305.0999,17,in,35148,407.4
305.1035,17,in,35152,409.4
305.1078,17,in,35156,387.4
305.1116,17,in,35160,395.2
305.1155,17,in,35164,466.8
305.1194,17,in,35168,434.4
305.1234,17,in,35172,448
305.1273,17,in,35176,444
305.131,17,in,35180,424.4
305.1348,17,in,35184,502.6
305.1388,17,in,35188,418.4
305.1425,17,in,35192,417.4
305.1464,17,in,35196,376.8
305.1501,17,in,35200,453.2
305.1542,17,in,35204,430.4
305.1581,17,in,35208,395
305.162,17,in,35212,462.8
305.1659,17,in,35216,472.6
305.1697,17,in,35220,417.4
305.1735,17,in,35224,428.2
305.1773,17,in,35228,429.4
305.1809,17,in,35232,444.4
305.1851,17,in,35236,434.8
305.1888,17,in,35240,443.8
305.1927,17,in,35244,442.4
305.1964,17,in,35248,450
305.2006,17,in,35252,435
305.2045,17,in,35256,448.6
305.2085,17,in,35260,379.6
305.2125,17,in,35264,435.4
305.2163,17,in,35268,432.2
305.22,17,in,35272,428.2
305.2237,17,in,35276,426.8
305.2274,17,in,35280,455
305.2312,17,in,35284,463.8
305.2348,17,in,35288,463.2
305.239,17,in,35292,480.8
305.2431,17,in,35296,413
305.247,17,in,35300,483.8
305.2508,17,in,35304,533.6
305.2545,17,in,35308,469
305.2582,17,in,35312,521.4
305.2621,17,in,35316,554.8
305.2659,17,in,35320,547.4
305.2701,17,in,35324,534
305.2734,17,in,35328,530.2
305.2765,17,in,35332,588.2
305.2796,17,in,35336,559.2
305.2838,17,in,35340,595.4
305.287,17,in,35344,554
305.2902,17,in,35348,560.8
305.2938,17,in,35352,549.8
305.2973,17,in,35356,560.2
305.301,17,in,35360,568.8
305.3048,17,in,35364,581
305.3085,17,in,35368,580
305.3122,17,in,35372,578.2
305.3158,17,in,35376,634.8
305.3201,17,in,35380,585
305.3237,17,in,35384,638
305.3275,17,in,35388,605.8
305.332,17,in,35392,597.8
305.3371,17,in,35396,553.6
305.3416,17,in,35400,534
305.3453,17,in,35404,543.4
305.3495,17,in,35408,526.8
305.3535,17,in,35412,526
305.3579,17,in,35416,506.6
305.3617,17,in,35420,509.6
305.3659,17,in,35424,590.8
305.3701,17,in,35428,468.4
305.3746,17,in,35432,491.6
305.3786,17,in,35436,575.6
305.3831,17,in,35440,561.8
305.3873,17,in,35444,510.2
305.3924,17,in,35448,509.8
305.3964,17,in,35452,555.8
305.4003,17,in,35456,561.2
305.4042,17,in,35460,551.4
305.4092,17,in,35464,536.8
305.4137,17,in,35468,515.6
305.4175,17,in,35472,552.6
305.4218,17,in,35476,551.8
305.4267,17,in,35480,515.8
305.4313,17,in,35484,556
305.435,17,in,35488,563.2
305.4394,17,in,35492,484.6
305.4437,17,in,35496,544
305.448,17,in,35500,548.6
305.452,17,in,35504,571.8
305.4562,17,in,35508,505.8
305.4605,17,in,35512,527.2
305.4654,17,in,35516,541.2
305.47,17,in,35520,570.2
305.4739,17,in,35524,611.2
305.478,17,in,35528,558.4
305.4824,17,in,35532,557
305.4863,17,in,35536,560.4
305.491,17,in,35540,555
305.4953,17,in,35544,639.2
305.5014,17,in,35548,581.4
305.5063,17,in,35552,621.2
305.5109,17,in,35556,599
305.5156,17,in,35560,619
305.5208,17,in,35564,582.6
305.5251,17,in,35568,609.6
305.5294,17,in,35572,661.6
305.5334,17,in,35576,617.2
305.5379,17,in,35580,675.8
305.542,17,in,35584,645
305.546,17,in,35588,538.4
305.5505,17,in,35592,553.8
305.5557,17,in,35596,513.2
305.5594,17,in,35600,494.4
305.5632,17,in,35604,562.8
305.5677,17,in,35608,529
305.5725,17,in,35612,485.4
305.5764,17,in,35616,486
305.5805,17,in,35620,465.2
305.585,17,in,35624,521.6
305.5898,17,in,35628,419.4
305.5939,17,in,35632,497
305.5982,17,in,35636,492
305.6027,17,in,35640,505.4
305.607,17,in,35644,558.4
305.6116,17,in,35648,481
305.616,17,in,35652,489
305.6198,17,in,35656,512.2
305.6235,17,in,35660,515
305.6279,17,in,35664,492.8
305.6321,17,in,35668,540.4
305.6368,17,in,35672,501.2
305.6415,17,in,35676,483.6
305.6457,17,in,35680,485.4
305.6507,17,in,35684,569
305.6548,17,in,35688,552.8
305.6589,17,in,35692,601.6
305.6628,17,in,35696,539.8
305.6674,17,in,35700,550.8
305.6723,17,in,35704,560.2
305.6765,17,in,35708,513.6
305.6818,17,in,35712,524.2
305.6861,17,in,35716,517.8
305.6906,17,in,35720,585.2
305.695,17,in,35724,565
305.6989,17,in,35728,535.2
305.703,17,in,35732,522.4
305.7067,17,in,35736,558.6
305.7106,17,in,35740,597.4
305.7147,17,in,35744,548.2
305.7184,17,in,35748,595
305.722,17,in,35752,667
305.7256,17,in,35756,612
305.7298,17,in,35760,716.4
305.7337,17,in,35764,577.2
305.7373,17,in,35768,581.4
305.7409,17,in,35772,689.4
305.7451,17,in,35776,578.2
305.7497,17,in,35780,702.2
305.7541,17,in,35784,663
305.7584,17,in,35788,634.4
305.7624,17,in,35792,595.4
305.7661,17,in,35796,561.8
305.7698,17,in,35800,536.2
305.7741,17,in,35804,669.6
305.778,17,in,35808,612.2
305.7817,17,in,35812,510.6
305.7867,17,in,35816,619.2
305.7908,17,in,35820,684.6
305.7947,17,in,35824,683.8
305.7987,17,in,35828,832.6
305.804,17,in,35832,736
305.8087,17,in,35836,818.8
305.813,17,in,35840,747
305.817,17,in,35844,718.6
305.8211,17,in,35848,686.2
305.825,17,in,35852,615.6
305.8289,17,in,35856,694.8
305.8326,17,in,35860,717
305.8365,17,in,35864,704.4
305.8411,17,in,35868,659.4
305.8451,17,in,35872,683.4
305.849,17,in,35876,686.8
305.8531,17,in,35880,705.6
305.8574,17,in,35884,716
305.8616,17,in,35888,544.4
305.866,17,in,35892,576.8
305.8706,17,in,35896,589.6
305.8755,17,in,35900,588.6
305.8797,17,in,35904,596.8
305.8841,17,in,35908,653.2
305.8886,17,in,35912,630.8
305.8934,17,in,35916,600.2
305.8979,17,in,35920,669.2
305.9018,17,in,35924,629
305.9059,17,in,35928,635.8
305.9098,17,in,35932,567.6
305.9146,17,in,35936,629.8
305.9184,17,in,35940,661.4
305.9224,17,in,35944,627.8
305.9264,17,in,35948,571.6
305.9315,17,in,35952,644.6
305.9354,17,in,35956,635.4
305.9394,17,in,35960,608.6
305.9434,17,in,35964,602.2
305.9481,17,in,35968,599.8
305.9522,17,in,35972,651.2
305.956,17,in,35976,631.2
305.9603,17,in,35980,556.4
305.9647,17,in,35984,690
305.9689,17,in,35988,851.8
305.9733,17,in,35992,810.4
305.978,17,in,35996,924.8
305.9821,17,in,36000,948.4
305.9861,17,in,36004,974.8
305.9911,17,in,36008,1029.6
305.9952,17,out,36004,900
305.9992,17,out,36000,933
306.0039,17,out,35996,883
306.008,17,out,35992,847.8
306.0117,17,out,35988,871
306.0157,17,out,35984,821.6
306.0208,17,out,35980,754
306.0249,17,out,35976,814
306.0289,17,out,35972,776.6
306.0329,17,out,35968,741.2
306.0376,17,out,35964,764.2
306.0426,17,out,35960,768.4
306.0478,17,out,35956,756
306.052,17,out,35952,719.4
306.0569,17,out,35948,702.2
306.0607,17,out,35944,703.6
306.0649,17,out,35940,769.8
306.0696,17,out,35936,743.4
306.0751,17,out,35932,768.8
306.0798,17,out,35928,857.2
306.0841,17,out,35924,859.8
306.0888,17,out,35920,793.6
306.0958,17,out,35916,839.6
306.1005,17,out,35912,850.6
306.1049,17,out,35908,809.8
306.1105,17,out,35904,833.4
306.1145,17,out,35900,723.4
306.1186,17,out,35896,737
306.1226,17,out,35892,841.8
306.1272,17,out,35888,766.2
306.1314,17,out,35884,813.2
306.1355,17,out,35880,788.2
306.1401,17,out,35876,823
306.1458,17,out,35872,802.2
306.1498,17,out,35868,775
306.1537,17,out,35864,808.6
306.1578,17,out,35860,866.2
306.1624,17,out,35856,837.4
306.1664,17,out,35852,819.8
306.1704,17,out,35848,830.2
306.1748,17,out,35844,829.6
306.1802,17,out,35840,835.8
306.1844,17,out,35836,865.6
306.1885,17,out,35832,827.8
306.1928,17,out,35828,788.4
306.1967,17,out,35824,864.6
306.2013,17,out,35820,825
306.2052,17,out,35816,779.2
306.2099,17,out,35812,790.2
306.214,17,out,35808,862.8
306.2189,17,out,35804,815.6
306.2228,17,out,35800,801.8
306.2278,17,out,35796,871.4
306.2322,17,out,35792,801.6
306.2366,17,out,35788,882.4
306.2403,17,out,35784,847.4
306.2453,17,out,35780,841
306.2492,17,out,35776,904.6
306.2541,17,out,35772,830.8
306.259,17,out,35768,824.8
306.263,17,out,35764,877.2
306.267,17,out,35760,791.2
306.2711,17,out,35756,778
306.2757,17,out,35752,795
306.2805,17,out,35748,845
306.2847,17,out,35744,816.8
306.289,17,out,35740,815.8
306.2935,17,out,35736,807.8
306.2976,17,out,35732,844.2
306.3017,17,out,35728,816.8
306.3064,17,out,35724,856
306.3105,17,out,35720,860.8
306.3144,17,out,35716,839.2
306.3184,17,out,35712,864
306.3231,17,out,35708,826.4
306.3282,17,out,35704,846.6
306.3322,17,out,35700,858.6
306.3374,17,out,35696,819.6
306.3422,17,out,35692,881.6
306.3466,17,out,35688,853.2
306.3508,17,out,35684,857.8
306.3552,17,out,35680,880
306.3592,17,out,35676,842.6
306.3646,17,out,35672,913.4
306.3687,17,out,35668,928.4
306.3728,17,out,35664,909.8
306.3778,17,out,35660,901.6
306.3832,17,out,35656,865.2
306.3872,17,out,35652,844
306.3913,17,out,35648,849.6
306.3952,17,out,35644,945.8
306.4004,17,out,35640,860.4
306.4046,17,out,35636,865.6
306.4087,17,out,35632,830
306.4127,17,out,35628,817.8
306.4168,17,out,35624,920.4
306.4212,17,out,35620,880.6
306.4256,17,out,35616,874.8
306.4298,17,out,35612,837
306.4344,17,out,35608,947.6
306.4384,17,out,35604,874.2
306.4425,17,out,35600,833.6
306.4472,17,out,35596,894.4
306.4522,17,out,35592,858.4
306.4566,17,out,35588,884.6
306.4613,17,out,35584,901.4
306.4656,17,out,35580,861
306.471,17,out,35576,856.6
306.475,17,out,35572,847
306.4793,17,out,35568,806.2
306.484,17,out,35564,880.4
306.4896,17,out,35560,889.4
306.4942,17,out,35556,916
306.4988,17,out,35552,860.8
306.5032,17,out,35548,877.2
306.5086,17,out,35544,920.2
306.5126,17,out,35540,768.4
306.517,17,out,35536,850.4
306.5215,17,out,35532,716.6
306.5263,17,out,35528,737.6
306.5305,17,out,35524,804.2
306.5346,17,out,35520,794.8
306.5384,17,out,35516,864.8
306.5433,17,out,35512,900.8
306.5476,17,out,35508,928.2
306.5518,17,out,35504,830.6
306.5557,17,out,35500,940.8
306.561,17,out,35496,907.8
306.5653,17,out,35492,915.4
306.5693,17,out,35488,884.4
306.5735,17,out,35484,893.8
306.5785,17,out,35480,898.2
306.5832,17,out,35476,893.4
306.5882,17,out,35472,941.2
306.5922,17,out,35468,879.6
306.5972,17,out,35464,987.4
306.6016,17,out,35460,867
306.6063,17,out,35456,915.4
306.6103,17,out,35452,880.6
306.6152,17,out,35448,977.8
306.6198,17,out,35444,970
306.6241,17,out,35440,903.6
306.6282,17,out,35436,990.4
306.6328,17,out,35432,984
306.6375,17,out,35428,1000.6
306.642,17,out,35424,949.8
306.6466,17,out,35420,1007.4
306.652,17,out,35416,995.6
306.656,17,out,35412,961.2
306.66,17,out,35408,1030.6
306.6641,17,out2,35358,1068
306.6689,17,out2,35308,1087.6
306.6733,17,out2,35258,1017
306.6773,17,out2,35208,930.8
306.6825,17,out2,35158,423.2
306.6871,17,out2,35108,407.4
306.6917,17,out2,35058,792.4
306.6957,17,out2,35008,821.8
306.6996,17,out2,34958,783
306.7032,17,out2,34908,867.4
306.707,17,out2,34858,552.2
306.7111,17,out2,34808,723.2
306.7155,17,out2,34758,134.4
306.7193,18,in,34758,118.4
306.7239,18,in,34762,89.6
306.7282,18,in,34766,91.8
306.7319,18,in,34770,80.8
306.7356,18,in,34774,100.4
306.7399,18,in,34778,111.4
306.7436,18,in,34782,147.8
306.7477,18,in,34786,108.8
306.7523,18,in,34790,117.4
306.7568,18,in,34794,59.2
306.7613,18,in,34798,142.4
306.7648,18,in,34802,121.2
306.7686,18,in,34806,102.6
306.7723,18,in,34810,88
306.7763,18,in,34814,107.4
306.78,18,in,34818,136
306.7838,18,in,34822,153
306.7875,18,in,34826,98
306.7924,18,in,34830,96.2
306.7978,18,in,34834,113.8
306.8023,18,in,34838,91.6
306.8065,18,in,34842,79.6
306.8111,18,in,34846,160
306.8152,18,in,34850,104.2
306.819,18,in,34854,105.8
306.8227,18,in,34858,92.2
306.8264,18,in,34862,79.4
306.8303,18,in,34866,70.2
306.8339,18,in,34870,118.8
306.8382,18,in,34874,69.8
306.8419,18,in,34878,41.6
306.847,18,in,34882,109.4
306.8511,18,in,34886,142
306.8553,18,in,34890,112
306.8602,18,in,34894,86.6
306.8649,18,in,34898,113.8
306.8691,18,in,34902,59.4
306.8731,18,in,34906,141.4
306.8773,18,in,34910,105.6
306.8827,18,in,34914,133.2
306.8873,18,in,34918,43
306.8919,18,in,34922,116
306.8962,18,in,34926,145.4
306.9012,18,in,34930,145.8
306.9052,18,in,34934,121.2
306.9092,18,in,34938,72.2
306.9137,18,in,34942,126.2
306.9188,18,in,34946,122.8
306.9228,18,in,34950,79
306.9268,18,in,34954,123.4
306.9313,18,in,34958,155.8
306.9369,18,in,34962,104.4
306.9408,18,in,34966,119
306.945,18,in,34970,154.4
306.949,18,in,34974,65.2
306.9537,18,in,34978,112.4
306.9582,18,in,34982,74.8
306.9622,18,in,34986,136.2
306.966,18,in,34990,130.6
306.9701,18,in,34994,152
306.9744,18,in,34998,76
306.9784,18,in,35002,103.8
306.9824,18,in,35006,165.2
306.9865,18,in,35010,153
306.9917,18,in,35014,115.8
306.9955,18,in,35018,106.2
306.9995,18,in,35022,45.8
307.0037,18,in,35026,129
307.0091,18,in,35030,91
307.013,18,in,35034,107.6
307.017,18,in,35038,77.8
307.0211,18,in,35042,137.2
307.0263,18,in,35046,76.2
307.0301,18,in,35050,126
307.0341,18,in,35054,128.4
307.0388,18,in,35058,102.8
307.0439,18,in,35062,93
307.0482,18,in,35066,144.8
307.0525,18,in,35070,121.2
307.0569,18,in,35074,136.8
307.0619,18,in,35078,70.6
307.0659,18,in,35082,110.2
307.0703,18,in,35086,128
307.0749,18,in,35090,113.2
307.0803,18,in,35094,114.8
307.0845,18,in,35098,138.8
307.0885,18,in,35102,65.8
307.0932,18,in,35106,78.4
307.0988,18,in,35110,126.8
307.103,18,in,35114,110.2
307.1071,18,in,35118,84.8
307.1112,18,in,35122,46
307.1165,18,in,35126,117.4
307.1204,18,in,35130,116.8
307.1244,18,in,35134,59.8
307.1291,18,in,35138,70.2
307.1344,18,in,35142,78.4
307.1383,18,in,35146,54.8
307.1423,18,in,35150,136.6
307.1471,18,in,35154,106.8
307.1519,18,in,35158,111.8
307.1562,18,in,35162,60.8
307.1604,18,in,35166,110.2
307.1646,18,in,35170,129.4
307.1692,18,in,35174,87
307.1734,18,in,35178,77.8
307.1781,18,in,35182,125.8
307.1824,18,in,35186,139.4
307.1875,18,in,35190,107
307.1919,18,in,35194,70.2
307.1959,18,in,35198,125.2
307.2,18,in,35202,166.6
307.2042,18,in,35206,80.2
307.2087,18,in,35210,108
307.2135,18,in,35214,134.4
307.2179,18,in,35218,125.4
307.2221,18,in,35222,109.6
307.2262,18,in,35226,133.2
307.231,18,in,35230,164.2
307.2357,18,in,35234,144.4
307.2397,18,in,35238,108.6
307.2437,18,in,35242,89.6
307.2477,18,in,35246,95
307.2519,18,in,35250,148.6
307.2564,18,in,35254,122.6
307.2609,18,in,35258,186.6
307.265,18,in,35262,96.8
307.2696,18,in,35266,203.6
307.274,18,in,35270,131.2
307.279,18,in,35274,251.2
307.2832,18,in,35278,268.8
307.2878,18,in,35282,180.6
307.2921,18,in,35286,148.8
307.2968,18,in,35290,147
307.3008,18,in,35294,177.8
307.3051,18,in,35298,228.2
307.3096,18,in,35302,196.8
307.3148,18,in,35306,231.2
307.3187,18,in,35310,154.2
307.3227,18,in,35314,91
307.3272,18,in,35318,157.4
307.332,18,in,35322,148.8
307.3368,18,in,35326,143
307.3411,18,in,35330,193.6
307.3453,18,in,35334,157.6
307.3499,18,in,35338,262.4
307.3543,18,in,35342,179.6
307.3587,18,in,35346,132.2
307.3634,18,in,35350,121.4
307.3688,18,in,35354,159.8
307.3738,18,in,35358,204
307.3778,18,in,35362,183.6
307.3825,18,in,35366,179.4
307.3876,18,in,35370,178.6
307.3918,18,in,35374,167.8
307.3963,18,in,35378,166.2
307.4001,18,in,35382,186.4
307.4054,18,in,35386,141.4
307.4096,18,in,35390,190
307.4137,18,in,35394,219.6
307.4176,18,in,35398,180.2
307.4226,18,in,35402,174.8
307.4269,18,in,35406,189.6
307.4312,18,in,35410,132.8
307.4352,18,in,35414,141.4
307.4394,18,in,35418,165.2
307.4434,18,in,35422,141.8
307.4474,18,in,35426,192.4
307.4515,18,in,35430,187.2
307.4557,18,in,35434,128.8
307.4606,18,in,35438,242.8
307.4645,18,in,35442,149
307.4683,18,in,35446,218.4
307.4729,18,in,35450,156.2
307.478,18,in,35454,165.8
307.4822,18,in,35458,106.4
307.4862,18,in,35462,162.4
307.491,18,in,35466,129.6
307.4963,18,in,35470,112.6
307.5006,18,in,35474,145.8
307.5046,18,in,35478,183.4
307.5092,18,in,35482,132.6
307.5141,18,in,35486,181.4
307.5183,18,in,35490,101.6
307.5228,18,in,35494,190.4
307.5268,18,in,35498,218.6
307.5319,18,in,35502,164.6
307.5364,18,in,35506,150
307.5405,18,in,35510,141.8
307.545,18,in,35514,189
307.5512,18,in,35518,181
307.5557,18,in,35522,188.2
307.5601,18,in,35526,168.4
307.5643,18,in,35530,191.2
307.5685,18,in,35534,217.4
307.5726,18,in,35538,172.2
307.5767,18,in,35542,194.6
307.5807,18,in,35546,219
307.586,18,in,35550,175.4
307.5899,18,in,35554,72.8
307.594,18,in,35558,160
307.5987,18,in,35562,109.6
307.6037,18,in,35566,166.8
307.6078,18,in,35570,106.4
307.612,18,in,35574,159.6
307.6164,18,in,35578,163.4
307.6212,18,in,35582,109.6
307.6251,18,in,35586,116.2
307.6291,18,in,35590,107.8
307.6333,18,in,35594,172.8
307.6371,18,in,35598,138.2
307.6416,18,in,35602,137.4
307.6455,18,in,35606,192
307.6501,18,in,35610,174
307.6546,18,in,35614,182.4
307.6588,18,in,35618,148.8
307.6629,18,in,35622,148.4
307.667,18,in,35626,143.4
307.671,18,in,35630,127.8
307.6756,18,in,35634,188.8
307.6799,18,in,35638,160
307.6847,18,in,35642,134.2
307.6889,18,in,35646,127.2
307.693,18,in,35650,100
307.6969,18,in,35654,168.6
307.7007,18,in,35658,157.4
307.7046,18,in,35662,146
307.7085,18,in,35666,147
307.713,18,in,35670,173.2
307.717,18,in,35674,215
307.7208,18,in,35678,186.8
307.7246,18,in,35682,200
307.7292,18,in,35686,154.2
307.7331,18,in,35690,225.6
307.7371,18,in,35694,114.2
307.7411,18,in,35698,119
307.7456,18,in,35702,144.2
307.7505,18,in,35706,152.4
307.7548,18,in,35710,134.8
307.7594,18,in,35714,209.8
307.7639,18,in,35718,184.8
307.7678,18,in,35722,133.4
307.7713,18,in,35726,161
307.7755,18,in,35730,141
307.7794,18,in,35734,172
307.7831,18,in,35738,182.8
307.787,18,in,35742,184
307.7914,18,in,35746,247.2
307.7958,18,in,35750,157
307.8006,18,in,35754,216.8
307.8052,18,in,35758,210
307.8092,18,in,35762,214.6
307.813,18,in,35766,234.4
307.817,18,in,35770,272.4
307.8207,18,in,35774,230.4
307.8244,18,in,35778,198.4
307.8281,18,in,35782,189.2
307.8319,18,in,35786,194
307.836,18,in,35790,227
307.8399,18,in,35794,159.2
307.8437,18,in,35798,160
307.8475,18,in,35802,225
307.8525,18,in,35806,215.8
307.8568,18,in,35810,203
307.861,18,in,35814,166.4
307.8651,18,in,35818,156.8
307.87,18,in,35822,173.2
307.8745,18,in,35826,185.4
307.879,18,in,35830,166.8
307.8834,18,in,35834,165.6
307.8881,18,in,35838,146.6
307.8926,18,in,35842,187.4
307.8971,18,in,35846,172.2
307.9026,18,in,35850,158.4
307.9074,18,in,35854,165.4
307.9113,18,in,35858,197
307.9155,18,in,35862,200.4
307.9196,18,in,35866,414.2
307.9243,18,in,35870,491
307.9292,18,in,35874,460.8
307.9338,18,in,35878,517.8
307.938,18,in,35882,472
307.9427,18,in,35886,529.4
307.9471,18,in,35890,560
307.9513,18,in,35894,476.2
307.9557,18,in,35898,362
307.9609,18,in,35902,375.4
307.9661,18,in,35906,430.8
307.9702,18,in,35910,468.8
307.9745,18,in,35914,469.4
307.9791,18,in,35918,438.8
307.9838,18,in,35922,450.2
307.9883,18,in,35926,510.2
307.9929,18,in,35930,473.6
307.9987,18,in,35934,430.6
308.0033,18,in,35938,403.4
308.0073,18,in,35942,428.8
308.0117,18,in,35946,424.8
308.0161,18,in,35950,505
308.0226,18,in,35954,557.8
308.0272,18,in,35958,542.4
308.0319,18,in,35962,544.8
308.0364,18,in,35966,559.6
308.0404,18,in,35970,230.8
308.0446,18,in,35974,240
308.049,18,in,35978,240.4
308.0537,18,in,35982,257.4
308.0578,18,in,35986,209.4
308.062,18,in,35990,217.4
308.0666,18,in,35994,304.2
308.0712,18,in,35998,313.4
308.0755,18,in,36002,281.6
308.0798,18,in,36006,279.4
308.0844,18,in,36010,291.6
308.0893,18,in,36014,279.8
308.0937,18,in,36018,258.2
308.0979,18,in,36022,355.4
308.1031,18,in,36026,354.6
308.1076,18,in,36030,300.6
308.1116,18,in,36034,405
308.1157,18,in,36038,399.6
308.1208,18,in,36042,324
308.1251,18,in,36046,314.4
308.129,18,in,36050,395.6
308.1339,18,in,36054,342.6
308.1379,18,in,36058,355
308.1426,18,in,36062,437
308.147,18,in,36066,374.2
308.1513,18,in,36070,409.6
308.1558,18,in,36074,398
308.1603,18,in,36078,478.6
308.1643,18,in,36082,413.4
308.1685,18,in,36086,451
308.1726,18,in,36090,468.6
308.1779,18,in,36094,446.6
308.1818,18,in,36098,498.8
308.1859,18,in,36102,382.6
308.1905,18,in,36106,379.4
308.1959,18,in,36110,410
308.1999,18,in,36114,782
308.2041,18,in,36118,572.6
308.2085,18,in,36122,624
308.2138,18,in,36126,905.8
308.2176,18,in,36130,843.2
308.222,18,in,36134,868
308.2266,18,in,36138,869.8
308.2318,18,in,36142,825.6
308.2366,18,in,36146,955
308.2406,18,in,36150,951.6
308.2448,18,in,36154,1112
308.2496,18,out,36150,771.8
308.2538,18,out,36146,1004.4
308.2578,18,out,36142,936.8
308.2622,18,out,36138,950
308.2661,18,out,36134,931.4
308.27,18,out,36130,1030.8
308.2745,18,out,36126,648.6
308.2782,18,out,36122,680.6
308.2837,18,out,36118,710.2
308.2879,18,out,36114,551.6
308.2921,18,out,36110,630
308.2967,18,out,36106,721.4
308.3021,18,out,36102,650.6
308.3063,18,out,36098,702.6
308.3107,18,out,36094,678.6
308.3151,18,out,36090,709.4
308.3202,18,out,36086,666.8
308.3242,18,out,36082,548
308.3282,18,out,36078,605.8
308.3327,18,out,36074,542.2
308.3384,18,out,36070,619.2
308.3426,18,out,36066,645
308.3466,18,out,36062,711.6
308.3511,18,out,36058,692
308.3565,18,out,36054,699.4
308.3604,18,out,36050,592.2
308.3643,18,out,36046,521.4
308.3688,18,out,36042,371.8
308.3747,18,out,36038,604.2
308.3786,18,out,36034,871.4
308.3827,18,out,36030,900.6
308.3863,18,out,36026,996
308.391,18,out,36022,703.6
308.3956,18,out,36018,842
308.4002,18,out,36014,747.2
308.4047,18,out,36010,782
308.4107,18,out,36006,957.4
308.4147,18,out,36002,599.8
308.4187,18,out,35998,578.6
308.4231,18,out,35994,590.8
308.429,18,out,35990,590.2
308.4329,18,out,35986,844.6
308.4368,18,out,35982,823
308.4411,18,out,35978,636.8
308.4463,18,out,35974,884.6
308.4501,18,out,35970,637.8
308.454,18,out,35966,559
308.4588,18,out,35962,593
308.4638,18,out,35958,715.8
308.4677,18,out,35954,630.2
308.4717,18,out,35950,670.2
308.4768,18,out,35946,455.8
308.4819,18,out,35942,677.4
308.4859,18,out,35938,539.2
308.49,18,out,35934,573.4
308.494,18,out,35930,613.4
308.4989,18,out,35926,643.4
308.5033,18,out,35922,618.4
308.5074,18,out,35918,632
308.5122,18,out,35914,606.2
308.5173,18,out,35910,626.4
308.522,18,out,35906,588.4
308.5265,18,out,35902,634.4
308.5305,18,out,35898,620.6
308.5352,18,out,35894,675.8
308.5398,18,out,35890,579.2
308.5442,18,out,35886,573.6
308.5482,18,out,35882,623
308.5537,18,out,35878,581
308.5582,18,out,35874,551.2
308.5622,18,out,35870,580.8
308.5664,18,out,35866,560.4
308.5714,18,out,35862,531.4
308.5756,18,out,35858,781
308.5797,18,out,35854,546.6
308.5838,18,out,35850,592.4
308.5878,18,out,35846,579.2
308.5924,18,out,35842,518.8
308.5969,18,out,35838,557.2
308.6015,18,out,35834,601.8
308.606,18,out,35830,855
308.6115,18,out,35826,635.8
308.6158,18,out,35822,513.2
308.6203,18,out,35818,561.2
308.6254,18,out,35814,493.4
308.6304,18,out,35810,754.6
308.6344,18,out,35806,709.6
308.6386,18,out,35802,636.2
308.6434,18,out,35798,628.2
308.6478,18,out,35794,642.8
308.6517,18,out,35790,684.4
308.656,18,out,35786,639.2
308.6605,18,out,35782,652.8
308.6651,18,out,35778,701.4
308.6689,18,out,35774,695.2
308.6732,18,out,35770,633.2
308.6786,18,out,35766,632.6
308.6835,18,out,35762,684.6
308.688,18,out,35758,719.2
308.6923,18,out,35754,696.4
308.6969,18,out,35750,742.8
308.7005,18,out,35746,762.6
308.7041,18,out,35742,745.6
308.7082,18,out,35738,710.2
308.7126,18,out,35734,702
308.7167,18,out,35730,756
308.7208,18,out,35726,719.6
308.7248,18,out,35722,651
308.7287,18,out,35718,736.2
308.7333,18,out,35714,705.2
308.7377,18,out,35710,646
308.7422,18,out,35706,647.4
308.7467,18,out,35702,632.6
308.7527,18,out,35698,729.4
308.7575,18,out,35694,713
308.7618,18,out,35690,769.2
308.7662,18,out,35686,764.8
308.7701,18,out,35682,802.8
308.7737,18,out,35678,772.4
308.7777,18,out,35674,805.2
308.7814,18,out,35670,795.6
308.7851,18,out,35666,777.6
308.7893,18,out,35662,871
308.7936,18,out,35658,797.8
308.7974,18,out,35654,797.4
308.8013,18,out,35650,835
308.8066,18,out,35646,772.2
308.8112,18,out,35642,816
308.8155,18,out,35638,953
308.8197,18,out,35634,824.2
308.8238,18,out,35630,775
308.8273,18,out,35626,764.6
308.8311,18,out,35622,766.2
308.8352,18,out,35618,729.2
308.8392,18,out,35614,667.8
308.8431,18,out,35610,579.2
308.8469,18,out,35606,681.2
308.8511,18,out,35602,691.6
308.8551,18,out,35598,671.8
308.8601,18,out,35594,615.8
308.8639,18,out,35590,761.4
308.8681,18,out,35586,743
308.8721,18,out,35582,744.6
308.8765,18,out,35578,683.8
308.8809,18,out,35574,644.8
308.885,18,out,35570,678.4
308.8891,18,out,35566,646.8
308.8933,18,out,35562,611.6
308.8982,18,out,35558,638.8
308.9021,18,out,35554,600.4
308.9064,18,out2,35504,521.2
308.9109,18,out2,35454,561.8
308.916,18,out2,35404,730
308.9197,18,out2,35354,578.6
308.9241,18,out2,35304,675.2
308.9286,18,out2,35254,586.8
308.9339,18,out2,35204,498.8
308.9384,18,out2,35154,426.8
308.9427,18,out2,35104,502.4
308.9467,18,out2,35054,276.6
308.9509,18,out2,35004,204.4
308.9549,18,out2,34954,219
308.9587,18,out2,34904,83.8
308.9628,19,in,34904,86.2
308.9667,19,in,34908,161.4
308.9709,19,in,34912,144
308.9756,19,in,34916,303.2
308.9798,19,in,34920,301.6
308.984,19,in,34924,136
308.9881,19,in,34928,130.6
308.9927,19,in,34932,95
308.997,19,in,34936,122.8
309.0012,19,in,34940,114.2
309.0068,19,in,34944,89.2
309.0112,19,in,34948,87.8
309.0166,19,in,34952,128.4
309.0216,19,in,34956,76.8
309.0259,19,in,34960,75.8
309.0302,19,in,34964,93
309.0344,19,in,34968,149.4
309.0387,19,in,34972,132.4
309.0426,19,in,34976,130.8
309.0469,19,in,34980,254.4
309.051,19,in,34984,216.6
309.0551,19,in,34988,253.4
309.0597,19,in,34992,146
309.0636,19,in,34996,164
309.0678,19,in,35000,92.2
309.0724,19,in,35004,57.6
309.0778,19,in,35008,107.2
309.0818,19,in,35012,123
309.0861,19,in,35016,103.2
309.0905,19,in,35020,114.8
309.0959,19,in,35024,124.4
309.1001,19,in,35028,136.2
309.104,19,in,35032,128.6
309.1081,19,in,35036,82.8
309.1132,19,in,35040,133.8
309.1179,19,in,35044,141.4
309.122,19,in,35048,103.2
309.1261,19,in,35052,71.2
309.1308,19,in,35056,121
309.1355,19,in,35060,132.8
309.1397,19,in,35064,120
309.1438,19,in,35068,94.6
309.1488,19,in,35072,125
309.1532,19,in,35076,127.2
309.1572,19,in,35080,142.8
309.162,19,in,35084,113.2
309.1665,19,in,35088,164.2
309.1705,19,in,35092,142.2
309.175,19,in,35096,128
309.1791,19,in,35100,115
309.1831,19,in,35104,105.2
309.1876,19,in,35108,54.4
309.192,19,in,35112,43.6
309.1962,19,in,35116,128.4
309.201,19,in,35120,122.8
309.2051,19,in,35124,201.6
309.2099,19,in,35128,118.2
309.2145,19,in,35132,94.6
309.2194,19,in,35136,94.6
309.2245,19,in,35140,117.4
309.2286,19,in,35144,70.6
309.2332,19,in,35148,70.4
309.2377,19,in,35152,84.6
309.2423,19,in,35156,115.2
309.2464,19,in,35160,110.2
309.2504,19,in,35164,84.2
309.2544,19,in,35168,45.2
309.2591,19,in,35172,102
309.2631,19,in,35176,113.8
309.2668,19,in,35180,142
309.2702,19,in,35184,91.2
309.275,19,in,35188,116.6
309.2791,19,in,35192,66
309.2838,19,in,35196,90.4
309.2905,19,in,35200,61.6
309.2952,19,in,35204,153.8
309.2997,19,in,35208,124.2
309.3045,19,in,35212,76.4
309.3105,19,in,35216,145.8
309.3143,19,in,35220,92.6
309.3185,19,in,35224,85.8
309.3224,19,in,35228,57.8
309.3263,19,in,35232,68
309.3306,19,in,35236,44.4
309.3357,19,in,35240,142.2
309.3396,19,in,35244,104.6
309.3433,19,in,35248,70.8
309.3478,19,in,35252,138.6
309.3516,19,in,35256,80.2
309.3557,19,in,35260,72.6
309.3597,19,in,35264,97.2
309.3653,19,in,35268,126.4
309.3695,19,in,35272,131.8
309.3738,19,in,35276,120.6
309.3788,19,in,35280,101.4
309.3833,19,in,35284,89.4
309.3873,19,in,35288,91.2
309.3915,19,in,35292,54.4
309.3955,19,in,35296,81
309.3999,19,in,35300,124.8
309.4046,19,in,35304,100.6
309.4092,19,in,35308,59.2
309.4138,19,in,35312,88.6
309.418,19,in,35316,117.4
309.4224,19,in,35320,114.2
309.4264,19,in,35324,70.8
309.4308,19,in,35328,123.4
309.4352,19,in,35332,78.8
309.4396,19,in,35336,93.8
309.4445,19,in,35340,71
309.4486,19,in,35344,138.8
309.4527,19,in,35348,80.6
309.4566,19,in,35352,57.2
309.4611,19,in,35356,67
309.4655,19,in,35360,81.6
309.4698,19,in,35364,88.6
309.4747,19,in,35368,64.4
309.4788,19,in,35372,96.2
309.4832,19,in,35376,102.8
309.4877,19,in,35380,30.6
309.493,19,in,35384,97.8
309.4969,19,in,35388,111.2
309.5007,19,in,35392,112.4
309.5047,19,in,35396,92.6
309.5098,19,in,35400,82.4
309.5138,19,in,35404,122.4
309.5184,19,in,35408,77.2
309.5228,19,in,35412,80.8
309.528,19,in,35416,85.2
309.5321,19,in,35420,131.6
309.536,19,in,35424,94
309.5398,19,in,35428,90.4
309.5439,19,in,35432,121
309.5479,19,in,35436,104.6
309.5532,19,in,35440,74.8
309.5572,19,in,35444,86.2
309.5613,19,in,35448,68
309.5658,19,in,35452,103.4
309.5698,19,in,35456,132.6
309.5739,19,in,35460,77.2
309.578,19,in,35464,67
309.5826,19,in,35468,82.8
309.5876,19,in,35472,118
309.5917,19,in,35476,128.2
309.596,19,in,35480,98.6
309.6005,19,in,35484,95.8
309.6046,19,in,35488,64
309.6086,19,in,35492,62.6
309.6127,19,in,35496,51.2
309.6186,19,in,35500,96.8
309.624,19,in,35504,110.4
309.6286,19,in,35508,94.4
309.6322,19,in,35512,103
309.636,19,in,35516,88
309.6396,19,in,35520,86
309.6434,19,in,35524,127.4
309.6484,19,in,35528,78.4
309.6527,19,in,35532,99.8
309.6566,19,in,35536,68.8
309.6606,19,in,35540,58.8
309.6646,19,in,35544,52.2
309.6695,19,in,35548,75.8
309.6737,19,in,35552,71.8
309.6784,19,in,35556,57
309.6826,19,in,35560,135
309.688,19,in,35564,45.4
309.6925,19,in,35568,18.6
309.6967,19,in,35572,107.4
309.701,19,in,35576,57.6
309.7051,19,in,35580,104.8
309.7093,19,in,35584,40.2
309.7129,19,in,35588,68.2
309.7166,19,in,35592,76.2
309.7205,19,in,35596,52
309.7251,19,in,35600,25.4
309.7291,19,in,35604,34
309.733,19,in,35608,106.8
309.7374,19,in,35612,38.6
309.7429,19,in,35616,62.2
309.7478,19,in,35620,62.2
309.7521,19,in,35624,68.2
309.7561,19,in,35628,119.4
309.7604,19,in,35632,57.4
309.7643,19,in,35636,47.8
309.7682,19,in,35640,64.8
309.772,19,in,35644,108.4
309.7759,19,in,35648,71.6
309.7797,19,in,35652,86.6
309.7835,19,in,35656,109.8
309.788,19,in,35660,79.2
309.7922,19,in,35664,85.6
309.7975,19,in,35668,76.2
309.8019,19,in,35672,66.8
309.8066,19,in,35676,115.8
309.811,19,in,35680,137.8
309.8147,19,in,35684,98.6
309.8186,19,in,35688,105.8
309.8223,19,in,35692,87.2
309.8261,19,in,35696,80.6
309.8305,19,in,35700,95
309.835,19,in,35704,71.6
309.8389,19,in,35708,92.4
309.843,19,in,35712,111.8
309.8472,19,in,35716,59.6
309.8516,19,in,35720,125.6
309.8554,19,in,35724,35
309.8599,19,in,35728,48.2
309.8643,19,in,35732,29.6
309.8684,19,in,35736,95
309.8727,19,in,35740,101.2
309.8769,19,in,35744,97.2
309.8811,19,in,35748,103.4
309.8856,19,in,35752,99
309.8895,19,in,35756,75.8
309.8934,19,in,35760,38.8
309.8976,19,in,35764,93.8
309.9028,19,in,35768,97.6
309.9068,19,in,35772,44.6
309.9112,19,in,35776,107
309.9152,19,in,35780,64.6
309.9202,19,in,35784,72.8
309.9243,19,in,35788,71.6
309.9292,19,in,35792,91.8
309.9333,19,in,35796,86
309.9385,19,in,35800,89.6
309.9426,19,in,35804,85.2
309.9468,19,in,35808,97.8
309.9512,19,in,35812,91.2
309.9566,19,in,35816,120.6
309.9606,19,in,35820,65
309.9651,19,in,35824,115.2
309.9697,19,in,35828,60.4
309.9756,19,in,35832,87.2
309.9797,19,in,35836,102
309.9835,19,in,35840,82.4
309.9874,19,in,35844,96.2
309.9928,19,in,35848,75.6
309.9967,19,in,35852,134.2
310.0009,19,in,35856,125.4
310.0051,19,in,35860,90.2
310.0105,19,in,35864,114.8
310.0144,19,in,35868,83.6
310.0187,19,in,35872,91.6
310.0227,19,in,35876,76.6
310.027,19,in,35880,39.4
310.0312,19,in,35884,104.6
310.0359,19,in,35888,57.4
310.0407,19,in,35892,95.2
310.0457,19,in,35896,61.4
310.0503,19,in,35900,46.6
310.0549,19,in,35904,116.8
310.0592,19,in,35908,112.2
310.0649,19,in,35912,80.6
310.0692,19,in,35916,40
310.0732,19,in,35920,97
310.0779,19,in,35924,52.6
310.0833,19,in,35928,100.6
310.0871,19,in,35932,69
310.0914,19,in,35936,29.4
310.0955,19,in,35940,115.4
310.101,19,in,35944,108
310.1051,19,in,35948,103.4
310.1092,19,in,35952,27.8
310.1133,19,in,35956,155.2
310.1179,19,in,35960,145.2
310.1222,19,in,35964,155.6
310.1264,19,in,35968,122
310.1305,19,in,35972,141.4
310.1356,19,in,35976,52.8
310.1407,19,in,35980,49.8
310.1452,19,in,35984,122.4
310.1498,19,in,35988,160.4
310.1554,19,in,35992,130.4
310.1596,19,in,35996,62.4
310.1642,19,in,36000,89.2
310.1681,19,in,36004,99.8
310.1729,19,in,36008,90.2
310.1776,19,in,36012,95.6
310.1815,19,in,36016,89.4
310.1856,19,in,36020,82.2
310.1909,19,in,36024,80.2
310.1948,19,in,36028,159.4
310.1989,19,in,36032,183.2
310.2034,19,in,36036,134.4
310.2086,19,in,36040,79.2
310.2128,19,in,36044,126.4
310.217,19,in,36048,148.6
310.2215,19,in,36052,85.8
310.2269,19,in,36056,84.2
310.2314,19,in,36060,101.4
310.2353,19,in,36064,85.6
310.2397,19,in,36068,90.2
310.2444,19,in,36072,139.2
310.2491,19,in,36076,112
310.2535,19,in,36080,150.6
310.2581,19,in,36084,106
310.2634,19,in,36088,124
310.2672,19,in,36092,100.6
310.2722,19,in,36096,87.6
310.2768,19,in,36100,46
310.2813,19,in,36104,99.4
310.2853,19,in,36108,67.4
310.2894,19,in,36112,72.8
310.2931,19,in,36116,126
310.298,19,in,36120,144.8
310.302,19,in,36124,154
310.306,19,in,36128,129.8
310.31,19,in,36132,164.6
310.3154,19,in,36136,120.2
310.3196,19,in,36140,110.6
310.3235,19,in,36144,176
310.3275,19,in,36148,139.4
310.3327,19,in,36152,146.8
310.3376,19,in,36156,127.8
310.3421,19,in,36160,129.6
310.3461,19,in,36164,76.4
310.3516,19,in,36168,87.8
310.3556,19,in,36172,113.2
310.3596,19,in,36176,95
310.3636,19,in,36180,60.6
310.3692,19,in,36184,106.4
310.3734,19,in,36188,143
310.3776,19,in,36192,114
310.3824,19,in,36196,120.8
310.3875,19,in,36200,83
310.3914,19,in,36204,102.4
310.3953,19,in,36208,169.2
310.3998,19,in,36212,145
310.4052,19,in,36216,130.6
310.409,19,in,36220,175
310.4133,19,in,36224,149.8
310.418,19,in,36228,151.8
310.423,19,in,36232,156.8
310.4274,19,in,36236,181.8
310.4318,19,in,36240,141.8
310.4359,19,in,36244,129
310.4412,19,in,36248,144.2
310.4454,19,in,36252,185.8
310.4499,19,in,36256,143.2
310.4543,19,in,36260,151.6
310.4596,19,in,36264,117.6
310.4644,19,in,36268,57.8
310.4687,19,in,36272,109.6
310.4731,19,in,36276,87
310.4782,19,in,36280,114.2
310.4824,19,in,36284,137.6
310.4864,19,in,36288,95.4
310.4907,19,in,36292,107.4
310.495,19,in,36296,95
310.4988,19,in,36300,119.4
310.5028,19,in,36304,167.6
310.5069,19,in,36308,166
310.512,19,in,36312,136
310.5165,19,in,36316,168.8
310.5206,19,in,36320,126
310.5245,19,in,36324,112
310.5289,19,in,36328,127
310.5328,19,in,36332,200.6
310.537,19,in,36336,116.6
310.5409,19,in,36340,138.6
310.5463,19,in,36344,147.2
310.5505,19,in,36348,101.4
310.5549,19,in,36352,92.2
310.5594,19,in,36356,150
310.5648,19,in,36360,108.2
310.5688,19,in,36364,99.8
310.5729,19,in,36368,92.8
310.5769,19,in,36372,133
310.5816,19,in,36376,94
310.5861,19,in,36380,94.8
310.5903,19,in,36384,143.8
310.5944,19,in,36388,129
310.5995,19,in,36392,86.8
310.6039,19,in,36396,122
310.6085,19,in,36400,82.4
310.6132,19,in,36404,91
310.6182,19,in,36408,88.8
310.6222,19,in,36412,68.8
310.6262,19,in,36416,145.4
310.6302,19,in,36420,133
310.6351,19,in,36424,98.8
310.6395,19,in,36428,121.8
310.6439,19,in,36432,82
310.6488,19,in,36436,132.4
310.654,19,in,36440,94.2
310.6579,19,in,36444,92.6
310.6621,19,in,36448,63.8
310.6662,19,in,36452,103
310.6709,19,in,36456,87
310.6755,19,in,36460,87.4
310.6795,19,in,36464,110.4
310.6837,19,in,36468,131.2
310.6887,19,in,36472,121
310.6936,19,in,36476,141
310.698,19,in,36480,140.2
310.7024,19,in,36484,44.6
310.7068,19,in,36488,94.8
310.7103,19,in,36492,94
310.7143,19,in,36496,49
310.718,19,in,36500,110.8
310.7219,19,in,36504,121.2
310.7259,19,in,36508,134.4
310.7301,19,in,36512,64.4
310.7339,19,in,36516,67.2
310.7382,19,in,36520,131.6
310.7429,19,in,36524,110.6
310.7478,19,in,36528,82
310.752,19,in,36532,48.2
310.7562,19,in,36536,98
310.7604,19,in,36540,120.6
310.7644,19,in,36544,193.4
310.7679,19,in,36548,148.4
310.7717,19,in,36552,139.6
310.7754,19,in,36556,152.6
310.7794,19,in,36560,91.4
310.7831,19,in,36564,152.2
310.7881,19,in,36568,167.6
310.792,19,in,36572,123.6
310.7969,19,in,36576,177
310.8014,19,in,36580,160.4
310.8058,19,in,36584,157.4
310.8099,19,in,36588,191.4
310.8141,19,in,36592,156.6
310.8178,19,in,36596,145.4
310.8217,19,in,36600,155.4
310.8252,19,in,36604,108.2
310.8291,19,in,36608,140.4
310.8334,19,in,36612,111.4
310.8376,19,in,36616,117.4
310.8415,19,in,36620,46.6
310.8453,19,in,36624,58.6
310.851,19,in,36628,96.4
310.855,19,in,36632,83.6
310.8589,19,in,36636,117
310.863,19,in,36640,99.6
310.8677,19,in,36644,107.4
310.872,19,in,36648,119.8
310.8761,19,in,36652,165.2
310.8804,19,in,36656,75
310.8844,19,in,36660,118.8
310.8888,19,in,36664,118.6
310.8932,19,in,36668,121.2
310.8977,19,in,36672,135.8
310.9027,19,in,36676,143.4
310.9072,19,in,36680,21.8
310.912,19,in,36684,105
310.9159,19,in,36688,110
310.92,19,in,36692,32.8
310.9243,19,in,36696,94.8
310.9289,19,in,36700,110
310.9334,19,in,36704,83.2
310.9389,19,in,36708,96.4
310.9433,19,in,36712,112.2
310.9472,19,in,36716,117.2
310.9519,19,in,36720,92.8
310.9567,19,in,36724,75
310.9612,19,in,36728,106
310.9655,19,in,36732,109.2
310.9698,19,in,36736,136.2
310.9743,19,in,36740,21.2
310.9786,19,in,36744,92.2
310.9827,19,in,36748,122.4
310.9867,19,in,36752,35.4
310.9913,19,in,36756,129.2
310.9957,19,in,36760,82.4
311.0005,19,in,36764,68.6
311.0047,19,in,36768,109.2
311.0093,19,in,36772,81.6
311.0137,19,in,36776,90
311.0181,19,in,36780,101
311.0233,19,in,36784,47.6
311.0274,19,in,36788,73.8
311.0314,19,in,36792,74.4
311.0359,19,in,36796,76.8
311.04,19,in,36800,65.2
311.044,19,in,36804,89.2
311.0485,19,in,36808,80
311.0526,19,in,36812,79
311.0569,19,in,36816,86
311.0614,19,in,36820,113.6
311.0673,19,in,36824,92.2
311.0717,19,in,36828,76.8
311.0759,19,in,36832,65.6
311.08,19,in,36836,90
311.0852,19,in,36840,89.8
311.0892,19,in,36844,134.6
311.0937,19,in,36848,153.8
311.0983,19,in,36852,101
311.1039,19,in,36856,121
311.109,19,in,36860,68
311.1131,19,in,36864,122
311.1172,19,in,36868,76.8
311.1217,19,in,36872,149.8
311.1264,19,in,36876,136
311.1308,19,in,36880,99.8
311.1348,19,in,36884,118.2
311.1396,19,in,36888,114
311.1434,19,in,36892,87.4
311.1473,19,in,36896,119.8
311.1511,19,in,36900,119.8
311.1552,19,in,36904,135
311.1591,19,in,36908,80.2
311.1633,19,in,36912,133
311.167,19,in,36916,126.2
311.1708,19,in,36920,87.6
311.1752,19,in,36924,76
311.18,19,in,36928,162.6
311.184,19,in,36932,76.8
311.1881,19,in,36936,76.4
311.1935,19,in,36940,115
311.1977,19,in,36944,155.8
311.2016,19,in,36948,153
311.2059,19,in,36952,138
311.2113,19,in,36956,132
311.2162,19,in,36960,140.6
311.2199,19,in,36964,133.2
311.2237,19,in,36968,125.8
311.2275,19,in,36972,146.6
311.2316,19,in,36976,172.8
311.2355,19,in,36980,157.8
311.2395,19,in,36984,179.4
311.2432,19,in,36988,117
311.2479,19,in,36992,129.8
311.2519,19,in,36996,122.6
311.2559,19,in,37000,147.8
311.2605,19,in,37004,144
311.2649,19,in,37008,123.4
311.2694,19,in,37012,116.2
311.2731,19,in,37016,110
311.277,19,in,37020,105.4
311.2814,19,in,37024,166.4
311.2857,19,in,37028,57.4
311.2898,19,in,37032,104.4
311.2942,19,in,37036,92.6
311.2992,19,in,37040,150.6
311.3041,19,in,37044,86.4
311.3086,19,in,37048,120.2
311.3128,19,in,37052,131.6
311.317,19,in,37056,119.6
311.3217,19,in,37060,67
311.3257,19,in,37064,122.8
311.3305,19,in,37068,80.2
311.336,19,in,37072,65.4
311.3404,19,in,37076,100.4
311.3442,19,in,37080,104.2
311.3485,19,in,37084,121.6
311.3531,19,in,37088,117.8
311.3575,19,in,37092,110
311.3621,19,in,37096,104.2
311.3669,19,in,37100,119.8
311.372,19,in,37104,108.4
311.3762,19,in,37108,95.8
311.3802,19,in,37112,115.4
311.3845,19,in,37116,71.6
311.3886,19,in,37120,74.6
311.3934,19,in,37124,111.8
311.398,19,in,37128,122.6
311.4023,19,in,37132,89.6
311.4065,19,in,37136,164.2
311.4116,19,in,37140,129.8
311.4161,19,in,37144,99.4
311.4202,19,in,37148,149
311.4242,19,in,37152,117.4
311.4291,19,in,37156,87
311.4333,19,in,37160,155.6
311.4373,19,in,37164,101
311.4413,19,in,37168,125.2
311.4464,19,in,37172,154.2
311.4503,19,in,37176,138.8
311.4544,19,in,37180,172.6
311.4595,19,in,37184,139.8
311.4645,19,in,37188,126.6
311.4684,19,in,37192,108.6
311.4724,19,in,37196,167.8
311.4767,19,in,37200,126.6
311.4817,19,in,37204,203.2
311.4856,19,in,37208,113.6
311.4897,19,in,37212,133.8
311.4942,19,in,37216,86.8
311.4999,19,in,37220,169.8
311.5037,19,in,37224,95.4
311.5079,19,in,37228,127.2
311.512,19,in,37232,89.6
311.5167,19,in,37236,174.2
311.521,19,in,37240,133.4
311.525,19,in,37244,93.6
311.5292,19,in,37248,118.6
311.5334,19,in,37252,132.6
311.5374,19,in,37256,141.4
311.5414,19,in,37260,62.4
311.5456,19,in,37264,173.6
311.5498,19,in,37268,157
311.5549,19,in,37272,166.6
311.5595,19,in,37276,125.8
311.564,19,in,37280,127.4
311.5687,19,in,37284,181.4
311.573,19,in,37288,153.4
311.5768,19,in,37292,183.4
311.581,19,in,37296,171.2
311.5852,19,in,37300,130.8
311.5901,19,in,37304,192.4
311.5943,19,in,37308,111.4
311.5987,19,in,37312,171.4
311.6036,19,in,37316,121.4
311.6076,19,in,37320,109.4
311.6115,19,in,37324,187.2
311.616,19,in,37328,212
311.6203,19,in,37332,111.2
311.6253,19,in,37336,128
311.6298,19,in,37340,134.6
311.6338,19,in,37344,169.4
311.6378,19,in,37348,137.2
311.6427,19,in,37352,141.2
311.6471,19,in,37356,125.4
311.6509,19,in,37360,120.4
311.6551,19,in,37364,131.4
311.6601,19,in,37368,169.2
311.6649,19,in,37372,159.2
311.6688,19,in,37376,156.6
311.673,19,in,37380,128.4
311.678,19,in,37384,182.4
311.682,19,in,37388,144.2
311.686,19,in,37392,127.6
311.6906,19,in,37396,176.2
311.6957,19,in,37400,158.8
311.7002,19,in,37404,189.6
311.7046,19,in,37408,165.4
311.709,19,in,37412,120.2
311.7131,19,in,37416,125.6
311.7168,19,in,37420,190.2
311.7206,19,in,37424,172.6
311.7247,19,in,37428,142
311.7286,19,in,37432,205.8
311.7329,19,in,37436,141.2
311.7372,19,in,37440,182.4
311.7417,19,in,37444,169.4
311.7455,19,in,37448,200
311.7504,19,in,37452,226.4
311.7549,19,in,37456,183.6
311.7592,19,in,37460,205.6
311.7636,19,in,37464,248.4
311.7674,19,in,37468,239.2
311.7714,19,in,37472,197.4
311.7751,19,in,37476,184.4
311.7788,19,in,37480,189.8
311.7833,19,in,37484,189.2
311.7879,19,in,37488,244
311.7918,19,in,37492,190.6
311.7956,19,in,37496,217.6
311.7997,19,in,37500,270.8
311.8043,19,in,37504,208
311.809,19,in,37508,235.6
311.8133,19,in,37512,279
311.8176,19,in,37516,284
311.8212,19,in,37520,274
311.8247,19,in,37524,270.6
311.8285,19,in,37528,258.6
311.8322,19,in,37532,313.4
311.8367,19,in,37536,305.8
311.8414,19,in,37540,217.2
311.8455,19,in,37544,286
311.8495,19,in,37548,225.2
311.8537,19,in,37552,218.8
311.8581,19,in,37556,273.4
311.8625,19,in,37560,296.6
311.8673,19,in,37564,288.6
311.8716,19,in,37568,267.6
311.8758,19,in,37572,246.6
311.88,19,in,37576,275.6
311.8846,19,in,37580,210.4
311.8892,19,in,37584,248.6
311.8936,19,in,37588,250.4
311.8982,19,in,37592,273.2
311.9025,19,in,37596,296
311.9066,19,in,37600,240
311.9107,19,in,37604,257.2
311.9152,19,in,37608,259.8
311.9197,19,in,37612,307.8
311.9242,19,in,37616,240.8
311.9291,19,in,37620,303.6
311.9329,19,in,37624,279
311.9369,19,in,37628,250
311.9409,19,in,37632,153
311.9454,19,in,37636,217
311.9495,19,in,37640,323.6
311.9536,19,in,37644,212.8
311.9575,19,in,37648,207.6
311.9627,19,in,37652,164.6
311.9671,19,in,37656,160.8
311.9716,19,in,37660,188.6
311.9757,19,in,37664,243
311.9812,19,in,37668,285.2
311.9851,19,in,37672,317.2
311.9891,19,in,37676,301.8
311.9932,19,in,37680,294.8
311.9974,19,in,37684,334.4
312.0012,19,in,37688,308.2
312.0053,19,in,37692,313.4
312.0097,19,in,37696,308.8
312.014,19,in,37700,336.8
312.0183,19,in,37704,385.6
312.0235,19,in,37708,278.8
312.028,19,in,37712,326.2
312.0326,19,in,37716,311.2
312.0374,19,in,37720,303
312.0414,19,in,37724,334.4
312.0454,19,in,37728,322.2
312.0501,19,in,37732,496.2
312.0545,19,in,37736,475.6
312.059,19,in,37740,632.6
312.0631,19,in,37744,483.8
312.0678,19,in,37748,475.6
312.0721,19,in,37752,376.6
312.0763,19,in,37756,317.2
312.0809,19,in,37760,309
312.0854,19,in,37764,362.4
312.0901,19,in,37768,470.4
312.0947,19,in,37772,380.6
312.0989,19,in,37776,439.4
312.1039,19,in,37780,332.8
312.1084,19,in,37784,428.8
312.1132,19,in,37788,450.4
312.1176,19,in,37792,531.8
312.1224,19,in,37796,626.4
312.127,19,in,37800,733
312.1311,19,in,37804,735.8
312.1351,19,in,37808,555.8
312.1395,19,in,37812,479.4
312.1437,19,in,37816,411.6
312.1479,19,in,37820,381.8
312.1518,19,in,37824,357.2
312.1561,19,in,37828,314.4
312.1606,19,in,37832,525
312.1649,19,in,37836,346.4
312.1694,19,in,37840,329.8
312.1736,19,in,37844,331.6
312.1783,19,in,37848,367.4
312.1827,19,in,37852,459.8
312.1874,19,in,37856,163
312.1919,19,in,37860,202.8
312.1965,19,in,37864,187.6
312.2009,19,in,37868,219.2
312.2049,19,in,37872,242.2
312.209,19,in,37876,163.8
312.2135,19,in,37880,176.6
312.2174,19,in,37884,266.2
312.2213,19,in,37888,291.4
312.2254,19,in,37892,307.2
312.2307,19,in,37896,331.8
312.2355,19,in,37900,343.2
312.2399,19,in,37904,291.8
312.2437,19,in,37908,288.4
312.2486,19,in,37912,299.8
312.2527,19,in,37916,286.2
312.2569,19,in,37920,241.6
312.2613,19,in,37924,278.8
312.2667,19,in,37928,279.4
312.2711,19,in,37932,261.6
312.2754,19,in,37936,295
312.2795,19,in,37940,289.8
312.285,19,in,37944,446.8
312.2892,19,in,37948,412.6
312.2931,19,in,37952,439.2
312.2971,19,in,37956,404.2
312.3032,19,in,37960,470.6
312.3072,19,in,37964,356.2
312.311,19,in,37968,421.4
312.315,19,in,37972,375.4
312.3207,19,in,37976,365.8
312.3253,19,in,37980,362.6
312.3292,19,in,37984,452.4
312.3333,19,in,37988,422
312.3393,19,in,37992,427.8
312.3435,19,in,37996,393.6
312.3473,19,in,38000,406.4
312.3513,19,in,38004,471
312.3565,19,in,38008,433.6
312.3604,19,in,38012,432.8
312.3644,19,in,38016,448.4
312.3686,19,in,38020,439.4
312.374,19,in,38024,507
312.3782,19,in,38028,621.8
312.3821,19,in,38032,643.4
312.3863,19,in,38036,647
312.3916,19,in,38040,503
312.3959,19,in,38044,733
312.4006,19,in,38048,691
312.4049,19,in,38052,769.4
312.4105,19,in,38056,631.4
312.4148,19,in,38060,692
312.4189,19,in,38064,894.8
312.4229,19,in,38068,1036.2
312.4275,19,out,38064,818.6
312.4322,19,out,38060,926.6
312.4362,19,out,38056,868.6
312.4408,19,out,38052,944
312.446,19,out,38048,925.6
312.4503,19,out,38044,825
312.4543,19,out,38040,1055.6
312.4586,19,out,38036,816
312.4642,19,out,38032,918.6
312.4683,19,out,38028,864.2
312.4721,19,out,38024,678.2
312.4763,19,out,38020,758.2
312.4812,19,out,38016,837.2
312.4858,19,out,38012,757.6
312.4905,19,out,38008,799
312.4948,19,out,38004,1064.4
312.5004,19,out,38000,841.4
312.5043,19,out,37996,844.8
312.5084,19,out,37992,888
312.513,19,out,37988,1046.2
312.5183,19,out,37984,857.4
312.5229,19,out,37980,891.4
312.527,19,out,37976,898.6
312.531,19,out,37972,988
312.5363,19,out,37968,1049.6
312.5406,19,out,37964,944.4
312.545,19,out,37960,1077.8
312.5491,19,out,37956,1119
312.5549,19,out,37952,1236.4
312.5592,19,out,37948,1072.4
312.563,19,out,37944,1080.6
312.567,19,out,37940,1249.2
312.5727,19,out,37936,1023
312.5772,19,out,37932,1184
312.5812,19,out,37928,1070.4
312.5852,19,out,37924,1048.6
312.5902,19,out,37920,1044.2
312.5947,19,out,37916,1147.2
312.5986,19,out,37912,1096.4
312.6027,19,out,37908,1128.4
312.6074,19,out,37904,1110.6
312.612,19,out,37900,1166.2
312.6166,19,out,37896,1096.6
312.621,19,out,37892,1189.6
312.6259,19,out,37888,1131.8
312.6305,19,out,37884,1220.4
312.6346,19,out,37880,1084
312.6387,19,out,37876,1093.2
312.6431,19,out,37872,1115.2
312.6477,19,out,37868,1134
312.6523,19,out,37864,1100.4
312.6566,19,out,37860,1106.6
312.6613,19,out,37856,1134.6
312.666,19,out,37852,1072.6
312.67,19,out,37848,1065.6
312.6745,19,out,37844,1026.2
312.6801,19,out,37840,1062.4
312.6846,19,out,37836,1126
312.6888,19,out,37832,1223.6
312.6929,19,out,37828,1232.8
312.697,19,out,37824,1191.4
312.7008,19,out,37820,1183.8
312.7049,19,out,37816,1150
312.7087,19,out,37812,1121.6
312.7124,19,out,37808,1163.2
312.717,19,out,37804,1181.8
312.7208,19,out,37800,1347.8
312.7247,19,out,37796,1277.6
312.7288,19,out,37792,1339
312.733,19,out,37788,1290.4
312.7375,19,out,37784,1248.4
312.7422,19,out,37780,1191
312.7463,19,out,37776,1125.2
312.7505,19,out,37772,1307.6
312.7552,19,out,37768,1255.8
312.7599,19,out,37764,1014.4
312.7642,19,out,37760,1312
312.7682,19,out,37756,1249.8
312.7719,19,out,37752,1231.4
312.7757,19,out,37748,1238.2
312.7795,19,out,37744,1258.6
312.7832,19,out,37740,1287.4
312.788,19,out,37736,1219.2
312.7922,19,out,37732,1374.6
312.7963,19,out,37728,1395.8
312.8009,19,out,37724,1393.6
312.8056,19,out,37720,1298.6
312.8101,19,out,37716,1231.6
312.8145,19,out,37712,1217
312.819,19,out,37708,1254.4
312.8235,19,out,37704,1301.2
312.8272,19,out,37700,1310.8
312.8311,19,out,37696,1361.4
312.8349,19,out,37692,1293.6
312.8388,19,out,37688,1289.2
312.8432,19,out,37684,1333.6
312.8474,19,out,37680,1117.2
312.8514,19,out,37676,1139.4
312.8554,19,out,37672,1263.2
312.8594,19,out,37668,1092
312.8632,19,out,37664,1110.2
312.8672,19,out,37660,1170.8
312.8712,19,out,37656,1055
312.8758,19,out,37652,1150.2
312.8802,19,out,37648,1109.8
312.8846,19,out,37644,1059.6
312.8887,19,out,37640,974.4
312.893,19,out,37636,994.8
312.8973,19,out,37632,1102.8
312.9014,19,out,37628,1173.4
312.9055,19,out,37624,1112.2
312.9097,19,out,37620,1173.6
312.9142,19,out,37616,1022.2
312.9187,19,out,37612,1122
312.9227,19,out,37608,1154.2
312.9266,19,out,37604,1072.8
312.9307,19,out,37600,1141.2
312.9346,19,out,37596,1250.8
312.9387,19,out,37592,1131.4
312.9429,19,out,37588,1102
312.9473,19,out,37584,1057.4
312.9518,19,out,37580,1220
312.956,19,out,37576,1143.2
312.9604,19,out,37572,1266.2
312.9645,19,out,37568,1171.2
312.9687,19,out,37564,1191.8
312.9729,19,out,37560,1225.2
312.9771,19,out,37556,1072.6
312.9814,19,out,37552,1174.8
312.986,19,out,37548,1178
312.9905,19,out,37544,1117.4
312.995,19,out,37540,1022.6
312.9994,19,out,37536,1198.6
313.0036,19,out,37532,1154
313.0081,19,out,37528,1199.2
313.0126,19,out,37524,1210.8
313.0168,19,out,37520,1266.4
313.0213,19,out,37516,1115.4
313.0253,19,out,37512,1144
313.0295,19,out,37508,1142.4
313.0334,19,out,37504,1302.2
313.0371,19,out,37500,1278.4
313.0412,19,out,37496,1272.8
313.0456,19,out,37492,1248.8
313.0499,19,out,37488,1250.2
313.0541,19,out,37484,1225
313.0586,19,out,37480,1283.2
313.0627,19,out,37476,1192.6
313.067,19,out,37472,1141.8
313.0715,19,out,37468,1056
313.076,19,out2,37418,1053.2
313.0806,19,out2,37368,1120.6
313.0849,19,out2,37318,1221.4
313.0898,19,out2,37268,1248
313.0938,19,out2,37218,1026.4
313.0987,19,out2,37168,1137.8
313.1033,19,out2,37118,1308.8
313.1079,19,out2,37068,1153.6
313.1127,19,out2,37018,747.6
313.1173,19,out2,36968,754.8
313.1222,19,out2,36918,651.4
313.1274,19,out2,36868,680.4
313.1326,19,out2,36818,614.4
313.137,19,out2,36768,623
313.142,19,out2,36718,643.4
313.1471,19,out2,36668,485.8
313.1519,19,out2,36618,453.4
313.1566,19,out2,36568,363.4
313.1616,19,out2,36518,278.8
313.1661,19,out2,36468,267.2
313.1706,19,out2,36418,266.4
313.175,19,out2,36368,186.8
313.1799,19,out2,36318,216.8
313.1847,19,out2,36268,127
313.1888,20,in,36268,101.8
313.193,20,in,36272,98.8
313.1975,20,in,36276,151.8
313.2019,20,in,36280,178.2
313.2063,20,in,36284,147.8
313.211,20,in,36288,164.4
313.2155,20,in,36292,123.6
313.22,20,in,36296,183.2
313.2243,20,in,36300,162.8
313.2285,20,in,36304,143.6
313.2329,20,in,36308,197.4
313.2379,20,in,36312,227
313.2422,20,in,36316,240
313.2467,20,in,36320,265
313.2511,20,in,36324,278.2
313.2555,20,in,36328,171.4
313.2597,20,in,36332,163
313.2639,20,in,36336,192.4
313.2685,20,in,36340,177.6
313.2721,20,in,36344,190.2
313.2764,20,in,36348,162.2
313.2813,20,in,36352,194.6
313.2864,20,in,36356,179
313.291,20,in,36360,204
313.2952,20,in,36364,220.8
313.2997,20,in,36368,207
313.3044,20,in,36372,190.8
313.3084,20,in,36376,219.2
313.3123,20,in,36380,243
313.3168,20,in,36384,231.4
313.3208,20,in,36388,273.6
313.3248,20,in,36392,248.6
313.329,20,in,36396,264
313.3331,20,in,36400,290.6
313.3372,20,in,36404,219.8
313.3416,20,in,36408,264.4
313.3459,20,in,36412,216.4
313.3504,20,in,36416,227.4
313.3551,20,in,36420,248
313.3597,20,in,36424,262.6
313.3644,20,in,36428,162.2
313.3685,20,in,36432,237
313.3726,20,in,36436,248.4
313.377,20,in,36440,221.2
313.3816,20,in,36444,239.4
313.3857,20,in,36448,235
313.3899,20,in,36452,243
313.3942,20,in,36456,229.4
313.3987,20,in,36460,246
313.4031,20,in,36464,257
313.4075,20,in,36468,185.6
313.4116,20,in,36472,244
313.4159,20,in,36476,239.2
313.4198,20,in,36480,251.8
313.424,20,in,36484,256.2
313.4283,20,in,36488,253.4
313.4326,20,in,36492,293
313.4368,20,in,36496,254.4
313.4407,20,in,36500,221.2
313.445,20,in,36504,293.6
313.4489,20,in,36508,249.8
313.4526,20,in,36512,273.6
313.4568,20,in,36516,267.6
313.4613,20,in,36520,277.4
313.4656,20,in,36524,322.4
313.4699,20,in,36528,234.2
313.4738,20,in,36532,235.4
313.4778,20,in,36536,305.8
313.482,20,in,36540,284
313.4864,20,in,36544,256.4
313.4906,20,in,36548,296.6
313.4945,20,in,36552,266
313.4985,20,in,36556,259.8
313.5027,20,in,36560,251
313.5065,20,in,36564,222.4
313.5104,20,in,36568,275.6
313.5145,20,in,36572,244.2
313.5184,20,in,36576,265.8
313.5225,20,in,36580,256.6
313.5261,20,in,36584,269.2
313.5298,20,in,36588,241.8
313.5338,20,in,36592,362.2
313.5377,20,in,36596,283.4
313.5416,20,in,36600,280.8
313.5457,20,in,36604,300.8
313.5499,20,in,36608,265.6
313.5539,20,in,36612,274.2
313.5578,20,in,36616,242.6
313.5615,20,in,36620,295.8
313.5651,20,in,36624,271.4
313.5695,20,in,36628,273.2
313.5732,20,in,36632,265.4
313.5771,20,in,36636,249.2
313.5812,20,in,36640,273.4
313.5852,20,in,36644,308.4
313.5895,20,in,36648,295.6
313.594,20,in,36652,353.2
313.598,20,in,36656,322.2
313.6017,20,in,36660,327.2
313.606,20,in,36664,335.8
313.6101,20,in,36668,327.4
313.6143,20,in,36672,283.8
313.6185,20,in,36676,268.2
313.6231,20,in,36680,241.4
313.6277,20,in,36684,245.2
313.6325,20,in,36688,298.8
313.637,20,in,36692,250.6
313.6418,20,in,36696,235.2
313.6461,20,in,36700,251.4
313.6509,20,in,36704,271.2
313.6555,20,in,36708,292.4
313.6602,20,in,36712,310.8
313.6643,20,in,36716,321
313.6687,20,in,36720,307.6
313.6733,20,in,36724,292.8
313.6777,20,in,36728,249.2
313.6822,20,in,36732,345.2
313.6865,20,in,36736,265.2
313.6905,20,in,36740,291.8
313.6948,20,in,36744,266
313.699,20,in,36748,331.8
313.7032,20,in,36752,278.2
313.7078,20,in,36756,271.2
313.7123,20,in,36760,286.6
313.7167,20,in,36764,276.4
313.7214,20,in,36768,314.8
313.726,20,in,36772,263
313.7305,20,in,36776,310.2
313.7346,20,in,36780,293
313.7385,20,in,36784,241.6
313.7425,20,in,36788,273.8
313.7463,20,in,36792,285.6
313.7506,20,in,36796,270.2
313.7542,20,in,36800,318
313.7576,20,in,36804,258.6
313.7611,20,in,36808,271
313.7658,20,in,36812,288.2
313.7697,20,in,36816,260.4
313.7744,20,in,36820,265.8
313.7786,20,in,36824,323.4
313.7822,20,in,36828,278.4
313.7866,20,in,36832,280.2
313.7914,20,in,36836,309.6
313.7957,20,in,36840,314
313.8,20,in,36844,263
313.8042,20,in,36848,316.2
313.8089,20,in,36852,258.4
313.8135,20,in,36856,260.2
313.8181,20,in,36860,264.2
313.8227,20,in,36864,247.8
313.8274,20,in,36868,295.4
313.8324,20,in,36872,302.6
313.8377,20,in,36876,273.6
313.8422,20,in,36880,253.4
313.8466,20,in,36884,285.6
313.8512,20,in,36888,287.6
313.8564,20,in,36892,286.6
313.8608,20,in,36896,298
313.8649,20,in,36900,283.2
313.8701,20,in,36904,318
313.8757,20,in,36908,268
313.8814,20,in,36912,296.8
313.8868,20,in,36916,268.4
313.8923,20,in,36920,255
313.8971,20,in,36924,275.6
313.9024,20,in,36928,303.2
313.9084,20,in,36932,312.8
313.9144,20,in,36936,318.6
313.9199,20,in,36940,247.8
313.9239,20,in,36944,247.4
313.9283,20,in,36948,230.8
313.9321,20,in,36952,283.6
313.9359,20,in,36956,260.6
313.9402,20,in,36960,273
313.9447,20,in,36964,315.2
313.949,20,in,36968,263.2
313.9533,20,in,36972,288.8
313.9577,20,in,36976,297.4
313.9623,20,in,36980,325.8
313.9671,20,in,36984,253.4
313.9716,20,in,36988,296.6
313.9764,20,in,36992,292.8
313.9812,20,in,36996,297.8
313.9856,20,in,37000,323.8
313.99,20,in,37004,274.6
313.9946,20,in,37008,266.2
313.9996,20,in,37012,283.4
314.004,20,in,37016,304.8
314.0088,20,in,37020,262.8
314.0133,20,in,37024,233.6
314.0179,20,in,37028,322.6
314.0222,20,in,37032,282.8
314.0264,20,in,37036,311.4
314.0306,20,in,37040,295.4
314.0353,20,in,37044,301.4
314.0397,20,in,37048,257.8
314.0444,20,in,37052,297.4
314.0489,20,in,37056,292.2
314.0536,20,in,37060,289.8
314.0577,20,in,37064,275.8
314.0617,20,in,37068,277.8
314.0663,20,in,37072,319.8
314.0715,20,in,37076,363.2
314.0766,20,in,37080,326.6
314.081,20,in,37084,293.8
314.0859,20,in,37088,325.8
314.0904,20,in,37092,309.4
314.0952,20,in,37096,344.8
314.1005,20,in,37100,299.6
314.105,20,in,37104,315.8
314.1103,20,in,37108,293.4
314.1155,20,in,37112,317.6
314.1197,20,in,37116,268.4
314.1243,20,in,37120,264.6
314.1288,20,in,37124,313.8
314.1332,20,in,37128,349.8
314.1384,20,in,37132,312.8
314.1433,20,in,37136,309.8
314.1481,20,in,37140,310
314.1531,20,in,37144,306.4
314.1588,20,in,37148,272.6
314.1645,20,in,37152,263.6
314.1701,20,in,37156,285.4
314.1753,20,in,37160,292
314.1807,20,in,37164,312.8
314.1859,20,in,37168,333.6
314.1907,20,in,37172,316.8
314.1955,20,in,37176,271
314.2003,20,in,37180,294.8
314.2046,20,in,37184,302.8
314.2092,20,in,37188,317.2
314.2134,20,in,37192,280.2
314.2177,20,in,37196,290
314.2219,20,in,37200,239.2
314.2262,20,in,37204,294.8
314.231,20,in,37208,290.6
314.2354,20,in,37212,259
314.2401,20,in,37216,239
314.245,20,in,37220,334.4
314.2499,20,in,37224,344.4
314.2548,20,in,37228,282.8
314.2594,20,in,37232,268.6
314.2639,20,in,37236,303.8
314.2684,20,in,37240,315
314.2728,20,in,37244,367.8
314.2775,20,in,37248,303.6
314.2826,20,in,37252,364.8
314.287,20,in,37256,327.8
314.2916,20,in,37260,310.6
314.2963,20,in,37264,325.6
314.3011,20,in,37268,364.6
314.3059,20,in,37272,277.6
314.3104,20,in,37276,347.8
314.3148,20,in,37280,350.6
314.3194,20,in,37284,308.6
314.3243,20,in,37288,348
314.329,20,in,37292,397.6
314.334,20,in,37296,340.2
314.3385,20,in,37300,357.2
314.3427,20,in,37304,422
314.3475,20,in,37308,378
314.352,20,in,37312,309.2
314.3563,20,in,37316,372.4
314.3612,20,in,37320,364.4
314.3657,20,in,37324,352
314.3706,20,in,37328,365.6
314.3754,20,in,37332,380
314.3804,20,in,37336,393.8
314.3848,20,in,37340,391
314.3894,20,in,37344,375.8
314.394,20,in,37348,416.2
314.3987,20,in,37352,415.6
314.4036,20,in,37356,373
314.4084,20,in,37360,359.4
314.4133,20,in,37364,386.2
314.4181,20,in,37368,366.6
314.4231,20,in,37372,402.4
314.4276,20,in,37376,397.6
314.432,20,in,37380,377.8
314.437,20,in,37384,409.4
314.4428,20,in,37388,368
314.4474,20,in,37392,359.2
314.4524,20,in,37396,375.4
314.457,20,in,37400,414
314.4615,20,in,37404,441.2
314.4657,20,in,37408,433.8
314.4703,20,in,37412,399.4
314.4748,20,in,37416,363
314.4796,20,in,37420,472
314.4844,20,in,37424,386.4
314.4889,20,in,37428,394
314.4953,20,in,37432,404.6
314.4999,20,in,37436,340.8
314.5044,20,in,37440,360.2
314.5091,20,in,37444,336.2
314.5142,20,in,37448,284.2
314.5185,20,in,37452,378.4
314.5234,20,in,37456,312.2
314.5282,20,in,37460,337.4
314.5329,20,in,37464,473.2
314.538,20,in,37468,465
314.5424,20,in,37472,499
314.5474,20,in,37476,422.4
314.5519,20,in,37480,417.4
314.5563,20,in,37484,422.6
314.5609,20,in,37488,487.6
314.5661,20,in,37492,518.8
314.5715,20,in,37496,492.4
314.5761,20,in,37500,588.4
314.5807,20,in,37504,620
314.5854,20,in,37508,597.8
314.5897,20,in,37512,641
314.5954,20,in,37516,446.4
314.6002,20,in,37520,534.8
314.6047,20,in,37524,469.8
314.6094,20,in,37528,544.4
314.6145,20,in,37532,526.2
314.62,20,in,37536,653.6
314.6245,20,in,37540,589.2
314.6293,20,in,37544,723.8
314.6338,20,in,37548,579.8
314.6385,20,in,37552,601.2
314.6432,20,in,37556,576.8
314.648,20,in,37560,649
314.6525,20,in,37564,652
314.657,20,in,37568,667
314.6615,20,in,37572,673.6
314.6661,20,in,37576,713.2
314.6711,20,in,37580,670.6
314.6755,20,in,37584,732.8
314.6805,20,in,37588,687.4
314.6854,20,in,37592,674.2
314.6894,20,in,37596,700
314.6935,20,in,37600,616.6
314.6977,20,in,37604,530.8
314.7015,20,in,37608,509
314.7058,20,in,37612,486.4
314.7102,20,in,37616,505.4
314.7149,20,in,37620,544.2
314.7195,20,in,37624,557
314.7246,20,in,37628,524.8
314.7298,20,in,37632,684.2
314.7343,20,in,37636,592.6
314.7392,20,in,37640,677.8
314.7439,20,in,37644,646.8
314.7493,20,in,37648,602.6
314.7538,20,in,37652,632.4
314.758,20,in,37656,667.4
314.762,20,in,37660,635.4
314.7663,20,in,37664,625.8
314.7706,20,in,37668,676.2
314.7747,20,in,37672,773.8
314.7797,20,in,37676,797.2
314.7839,20,in,37680,714.2
314.7886,20,in,37684,745.4
314.793,20,in,37688,698.8
314.7983,20,in,37692,698.8
314.8031,20,in,37696,778.6
314.8077,20,in,37700,674.8
314.8127,20,in,37704,628
314.8173,20,in,37708,605.2
314.8219,20,in,37712,625.8
314.8277,20,in,37716,803.2
314.8342,20,in,37720,766.8
314.8392,20,in,37724,740.8
314.8443,20,in,37728,728.4
314.8494,20,in,37732,814
314.8538,20,in,37736,943.2
314.8584,20,in,37740,882.6
314.8636,20,in,37744,837.8
314.8679,20,in,37748,844.6
314.8724,20,in,37752,789.8
314.8766,20,in,37756,827.4
314.8808,20,in,37760,852.8
314.8854,20,in,37764,785
314.8896,20,in,37768,904
314.8946,20,in,37772,805.6
314.8998,20,in,37776,907.4
314.9045,20,in,37780,896.6
314.9092,20,in,37784,1025
314.9139,20,out,37780,966
314.9183,20,out,37776,908
314.9227,20,out,37772,1010.8
314.9283,20,out,37768,1166.2
314.933,20,out,37764,1312.8
314.9378,20,out,37760,1241.6
314.9426,20,out,37756,1279
314.9471,20,out,37752,1204.4
314.9514,20,out,37748,1348.6
314.9562,20,out,37744,1199.2
314.9609,20,out,37740,1030.8
314.9652,20,out,37736,1086
314.9701,20,out,37732,1057.2
314.9747,20,out,37728,1077
314.9787,20,out,37724,1127
314.9831,20,out,37720,1136
314.9873,20,out,37716,1139.6
314.9921,20,out,37712,1047
314.9971,20,out,37708,1060
315.0017,20,out,37704,1027.6
315.0069,20,out,37700,1034.2
315.0113,20,out,37696,961
315.016,20,out,37692,1075.8
315.0207,20,out,37688,1073.2
315.0255,20,out,37684,1120
315.03,20,out,37680,1136.2
315.0349,20,out,37676,1156.4
315.0396,20,out,37672,1091.6
315.0449,20,out,37668,1156
315.0498,20,out,37664,1251.6
315.0555,20,out,37660,1092
315.0608,20,out,37656,1087.8
315.0653,20,out,37652,1153
315.0698,20,out,37648,1145.4
315.0744,20,out,37644,1203.8
315.0793,20,out,37640,1138.4
315.0838,20,out,37636,1105.8
315.0882,20,out,37632,1085.6
315.0928,20,out,37628,1228.8
315.0988,20,out,37624,1143.2
315.1034,20,out,37620,1185
315.1078,20,out,37616,1189
315.112,20,out,37612,1191.8
315.1168,20,out,37608,1185.4
315.1218,20,out,37604,1203.8
315.1265,20,out,37600,1197
315.1312,20,out,37596,1139.6
315.1359,20,out,37592,1117.6
315.1405,20,out,37588,1125.2
315.1454,20,out,37584,1129.6
315.1499,20,out,37580,1119.4
315.1543,20,out,37576,1194.6
315.1591,20,out,37572,1148.2
315.1639,20,out,37568,1196.4
315.1692,20,out,37564,1195.2
315.1742,20,out,37560,1128.8
315.1787,20,out,37556,1178.2
315.1836,20,out,37552,1171
315.1885,20,out,37548,1157.4
315.1936,20,out,37544,1134.2
315.1985,20,out,37540,1147.4
315.2035,20,out,37536,1185.2
315.2084,20,out,37532,1121.4
315.2131,20,out,37528,1103.2
315.2183,20,out,37524,1030.4
315.223,20,out,37520,1063.2
315.2275,20,out,37516,1085.2
315.2319,20,out,37512,1076
315.2364,20,out,37508,1152.8
315.2409,20,out,37504,1152.6
315.2454,20,out,37500,1193
315.2501,20,out,37496,1078.2
315.2557,20,out,37492,1080.4
315.2606,20,out,37488,1200.4
315.2656,20,out,37484,1148.2
315.2704,20,out,37480,1098.6
315.2756,20,out,37476,1170.8
315.2799,20,out,37472,1383
315.2841,20,out,37468,1165.2
315.2888,20,out,37464,1137.4
315.2942,20,out,37460,1158.2
315.2988,20,out,37456,1202.2
315.3038,20,out,37452,1048.8
315.3083,20,out,37448,1046.4
315.3136,20,out,37444,1124.4
315.3184,20,out,37440,1125.4
315.323,20,out,37436,1139.2
315.3275,20,out,37432,1100.4
315.3327,20,out,37428,1093.6
315.3374,20,out,37424,1112.4
315.3417,20,out,37420,1119
315.3466,20,out,37416,1162.6
315.3516,20,out,37412,1111
315.356,20,out,37408,1109.6
315.3603,20,out,37404,1080.8
315.3651,20,out,37400,1109.8
315.3698,20,out,37396,1148.4
315.3746,20,out,37392,1150.2
315.379,20,out,37388,1101
315.384,20,out,37384,1061.6
315.389,20,out,37380,1084.4
315.394,20,out,37376,1075.8
315.3987,20,out,37372,1082.4
315.4048,20,out,37368,986
315.4098,20,out,37364,1095.8
315.4145,20,out,37360,1080.4
315.4189,20,out,37356,1101.8
315.4237,20,out,37352,1076.6
315.4291,20,out,37348,1061.8
315.4337,20,out,37344,1037.6
315.4388,20,out,37340,1138.4
315.444,20,out,37336,1061.6
315.4485,20,out,37332,1107.2
315.453,20,out,37328,1061
315.458,20,out,37324,1103.2
315.4627,20,out,37320,1082.2
315.4672,20,out,37316,1081
315.4724,20,out,37312,1091
315.4774,20,out,37308,1066
315.482,20,out,37304,1079.8
315.4871,20,out,37300,1087.2
315.4917,20,out,37296,1061.4
315.4964,20,out,37292,1058.4
315.5013,20,out,37288,1086.2
315.5066,20,out,37284,1088.6
315.5116,20,out,37280,1106
315.5163,20,out,37276,1225.2
315.5213,20,out,37272,1249
315.5264,20,out,37268,1124
315.5316,20,out,37264,1116.2
315.5366,20,out,37260,1253.6
315.5412,20,out,37256,1174.8
315.547,20,out,37252,1238.4
315.5519,20,out,37248,1256.6
315.557,20,out,37244,1258.2
315.5622,20,out,37240,1289.4
315.5672,20,out,37236,1260.4
315.572,20,out,37232,1188.2
315.5769,20,out,37228,1213.4
315.5825,20,out,37224,1194
315.5872,20,out,37220,1192.2
315.5922,20,out,37216,1139.2
315.5968,20,out,37212,1145.6
315.602,20,out,37208,1073.8
315.6063,20,out,37204,1066.6
315.6112,20,out,37200,1075.8
315.6156,20,out,37196,1105.2
315.6201,20,out,37192,1026
315.6244,20,out,37188,1134
315.629,20,out,37184,1077.6
315.6337,20,out2,37134,1074
315.6382,20,out2,37084,1058.8
315.6427,20,out2,37034,1157.6
315.6476,20,out2,36984,1224.4
315.6528,20,out2,36934,946
315.658,20,out2,36884,1091.6
315.6626,20,out2,36834,1090.4
315.6667,20,out2,36784,933.6
315.6717,20,out2,36734,990.6
315.6771,20,out2,36684,936.4
315.6824,20,out2,36634,853.2
315.6876,20,out2,36584,758.4
315.6922,20,out2,36534,614.6
315.6964,20,out2,36484,699.6
315.7006,20,out2,36434,401.2
315.7045,20,out2,36384,298.2
315.7087,20,out2,36334,180.2
315.7127,20,out2,36284,198.8
315.7164,20,out2,36234,182.4
315.7201,20,out2,36184,174.8
315.7246,20,out2,36134,140.2
