t,cycle,phase,z,adc
67.7386,0,start,30046,-35.2
67.7435,0,find,30062,22.4
67.7477,0,find,30078,5.8
67.7518,0,find,30094,-0.4
67.7561,0,find,30110,-22
67.76,0,find,30126,-21
67.7647,0,find,30142,-4.4
67.7689,0,find,30158,1
67.7734,0,find,30174,33
67.7775,0,find,30190,2.2
67.7825,0,find,30206,5.8
67.7868,0,find,30222,39.2
67.7913,0,find,30238,-31.2
67.7954,0,find,30254,-13.4
67.8006,0,find,30270,-13.2
67.8058,0,find,30286,-2.4
67.8101,0,find,30302,-51
67.8148,0,find,30318,12.6
67.819,0,find,30334,-21
67.8239,0,find,30350,-17.6
67.8289,0,find,30366,12.6
67.8342,0,find,30382,-10.2
67.8389,0,find,30398,2.2
67.8437,0,find,30414,-4.8
67.8485,0,find,30430,16.8
67.8535,0,find,30446,-12.2
67.8587,0,find,30462,-20.8
67.864,0,find,30478,17.4
67.8691,0,find,30494,-7.2
67.8742,0,find,30510,-14.4
67.8792,0,find,30526,5.2
67.8837,0,find,30542,-7
67.8893,0,find,30558,-16.8
67.894,0,find,30574,12.8
67.8988,0,find,30590,-25.2
67.9037,0,find,30606,-23.8
67.9081,0,find,30622,-27
67.9124,0,find,30638,22.4
67.9164,0,find,30654,-38.2
67.9205,0,find,30670,-11.8
67.9255,0,find,30686,11.4
67.9298,0,find,30702,24.6
67.9345,0,find,30718,-14.8
67.9389,0,find,30734,11.6
67.9441,0,find,30750,-25.4
67.9485,0,find,30766,-8.4
67.9529,0,find,30782,17.6
67.9571,0,find,30798,-6.4
67.9609,0,find,30814,-2.8
67.9651,0,find,30830,-25.8
67.9688,0,find,30846,-12
67.9729,0,find,30862,-23.2
67.9774,0,find,30878,14.4
67.9816,0,find,30894,-24.6
67.9858,0,find,30910,-5.6
67.9899,0,find,30926,52
67.9936,0,find,30942,8.8
67.9977,0,find,30958,-15.4
68.0018,0,find,30974,-9.6
68.0053,0,find,30990,-13.6
68.0089,0,find,31006,-2
68.0131,0,find,31022,30.2
68.0176,0,find,31038,-49.4
68.0213,0,find,31054,-10.2
68.0259,0,find,31070,1.4
68.03,0,find,31086,-4.8
68.0341,0,find,31102,0.2
68.0381,0,find,31118,-47.8
68.0419,0,find,31134,3
68.0462,0,find,31150,-11.4
68.051,0,find,31166,-15.4
68.0554,0,find,31182,10.2
68.0594,0,find,31198,5.6
68.0632,0,find,31214,10
68.068,0,find,31230,-25
68.0724,0,find,31246,-14.2
68.0764,0,find,31262,4.6
68.0811,0,find,31278,-13.2
68.0858,0,find,31294,-17.6
68.0895,0,find,31310,12.2
68.0939,0,find,31326,-16.2
68.0985,0,find,31342,-52.8
68.1035,0,find,31358,15.4
68.1081,0,find,31374,19.8
68.1122,0,find,31390,9.4
68.1168,0,find,31406,-11.8
68.1214,0,find,31422,-14.8
68.1251,0,find,31438,-2.2
68.129,0,find,31454,60.4
68.1334,0,find,31470,-13
68.1384,0,find,31486,10.4
68.1426,0,find,31502,10.8
68.1474,0,find,31518,23
68.1513,0,find,31534,-5.6
68.1557,0,find,31550,-4.4
68.1596,0,find,31566,11.8
68.1637,0,find,31582,0.4
68.168,0,find,31598,9.6
68.1722,0,find,31614,2.2
68.1764,0,find,31630,16.8
68.1806,0,find,31646,-0.2
68.1847,0,find,31662,36.6
68.1887,0,find,31678,4.4
68.1936,0,find,31694,16.2
68.1981,0,find,31710,35.2
68.2022,0,find,31726,1
68.2071,0,find,31742,-18.4
68.2121,0,find,31758,-0.2
68.2157,0,find,31774,1.8
68.2198,0,find,31790,-47
68.2237,0,find,31806,24.8
68.2288,0,find,31822,-15
68.2331,0,find,31838,-0.8
68.2371,0,find,31854,-32.6
68.2411,0,find,31870,14.6
68.2453,0,find,31886,-14.6
68.2495,0,find,31902,18.2
68.2537,0,find,31918,-48.6
68.2575,0,find,31934,9.6
68.2613,0,find,31950,5.2
68.2659,0,find,31966,2.8
68.2701,0,find,31982,-42.4
68.2742,0,find,31998,2.4
68.2779,0,find,32014,3.8
68.2824,0,find,32030,-6
68.2864,0,find,32046,-5.6
68.2909,0,find,32062,-28.6
68.2957,0,find,32078,-16.8
68.2997,0,find,32094,11
68.3039,0,find,32110,-7.4
68.3081,0,find,32126,7.2
68.3124,0,find,32142,60.6
68.3168,0,find,32158,-14.2
68.3209,0,find,32174,-17.4
68.3249,0,find,32190,-13.2
68.3291,0,find,32206,13
68.3328,0,find,32222,-44
68.3378,0,find,32238,-18.6
68.3418,0,find,32254,-28.6
68.3463,0,find,32270,-5.4
68.3507,0,find,32286,-10.4
68.3554,0,find,32302,-36.6
68.3601,0,find,32318,4.6
68.3648,0,find,32334,-3.2
68.3692,0,find,32350,-51.6
68.3737,0,find,32366,10.8
68.378,0,find,32382,36.2
68.3821,0,find,32398,-27
68.3862,0,find,32414,16.2
68.3908,0,find,32430,36.2
68.3949,0,find,32446,-29.2
68.399,0,find,32462,0.6
68.4028,0,find,32478,-15.8
68.4072,0,find,32494,-34
68.4119,0,find,32510,-3.4
68.4162,0,find,32526,7.6
68.4205,0,find,32542,-7
68.4247,0,find,32558,-13.8
68.4298,0,find,32574,-17.6
68.4341,0,find,32590,-30.8
68.4389,0,find,32606,-38.4
68.4434,0,find,32622,10.2
68.4485,0,find,32638,-42.8
68.4537,0,find,32654,-22.4
68.4576,0,find,32670,-2.4
68.4618,0,find,32686,-25.4
68.466,0,find,32702,-31.4
68.4707,0,find,32718,-30.2
68.4751,0,find,32734,-9.4
68.4795,0,find,32750,0.4
68.4835,0,find,32766,-23.8
68.4876,0,find,32782,-65.4
68.4915,0,find,32798,-29.2
68.4955,0,find,32814,11.8
68.4992,0,find,32830,-9.8
68.5028,0,find,32846,-8.4
68.5069,0,find,32862,-22.2
68.5104,0,find,32878,-17.8
68.5142,0,find,32894,-26.8
68.5184,0,find,32910,-25.8
68.5223,0,find,32926,-32
68.5261,0,find,32942,17.4
68.5298,0,find,32958,11
68.5336,0,find,32974,-0.4
68.5373,0,find,32990,-27
68.5411,0,find,33006,-7.8
68.5447,0,find,33022,-11.6
68.5484,0,find,33038,-16.8
68.5526,0,find,33054,-34.4
68.5565,0,find,33070,-38.2
68.5606,0,find,33086,-82
68.5648,0,find,33102,-52.2
68.5697,0,find,33118,-30
68.5742,0,find,33134,-160.4
68.5786,0,find,33150,-149.8
68.5828,0,find,33166,-199
68.5872,0,find,33182,-165
68.5913,0,find,33198,-338
68.5955,0,find,33214,-533.4
68.6,0,find,33230,-512.6
68.6044,0,find,33246,-623.6
68.6085,0,find,33262,-827
68.6135,0,find,33278,-748
68.6179,0,find,33294,-1046.4
68.6225,0,pre,32694,-20558.6
68.6271,1,in,32694,-32768
68.6318,1,pre,32094,-307.2
68.636,1,in,32098,-490.8
68.6405,1,in,32102,-453.2
68.6453,1,in,32106,-373.6
68.6497,1,in,32110,-444.8
68.6543,1,in,32114,-437.6
68.6589,1,in,32118,-497.2
68.6639,1,in,32122,-608.4
68.6688,1,in,32126,-627.4
68.6738,1,in,32130,-638.2
68.6787,1,in,32134,-616.8
68.6829,1,in,32138,-676.6
68.6871,1,in,32142,-732.4
68.6925,1,in,32146,-622
68.6969,1,in,32150,-733.6
68.7011,1,in,32154,-660
68.7053,1,in,32158,-664
68.7096,1,in,32162,-617
68.7138,1,in,32166,-609.8
68.7179,1,in,32170,-598.4
68.7223,1,in,32174,-669.4
68.7274,1,in,32178,-618
68.7317,1,in,32182,-647.6
68.7359,1,in,32186,-687.6
68.7403,1,in,32190,-619.8
68.7451,1,in,32194,-574
68.7499,1,in,32198,-609
68.7544,1,in,32202,-622.6
68.7584,1,in,32206,-595.4
68.7622,1,in,32210,-645.2
68.7665,1,in,32214,-610.8
68.7699,1,in,32218,-687.8
68.7737,1,in,32222,-673
68.7775,1,in,32226,-645.4
68.7813,1,in,32230,-673.2
68.7852,1,in,32234,-705.4
68.789,1,in,32238,-656.6
68.7931,1,in,32242,-683.6
68.7974,1,in,32246,-681.2
68.8013,1,in,32250,-633.4
68.8054,1,in,32254,-693
68.8095,1,in,32258,-668.6
68.8136,1,in,32262,-683
68.8181,1,in,32266,-686.4
68.8228,1,in,32270,-726.6
68.8273,1,in,32274,-638.2
68.8318,1,in,32278,-625.2
68.8361,1,in,32282,-638
68.841,1,in,32286,-601.4
68.8453,1,in,32290,-647.2
68.8491,1,in,32294,-646.8
68.853,1,in,32298,-632.8
68.8573,1,in,32302,-641.4
68.8617,1,in,32306,-542.8
68.8663,1,in,32310,-608.2
68.8704,1,in,32314,-609.8
68.8748,1,in,32318,-619.2
68.8791,1,in,32322,-653.8
68.8831,1,in,32326,-682.8
68.8872,1,in,32330,-625
68.8924,1,in,32334,-568.8
68.8968,1,in,32338,-559.8
68.901,1,in,32342,-696.8
68.9052,1,in,32346,-640.6
68.9109,1,in,32350,-702.4
68.9156,1,in,32354,-674.2
68.9197,1,in,32358,-691.2
68.9242,1,in,32362,-662
68.9284,1,in,32366,-733
68.9325,1,in,32370,-705.6
68.9367,1,in,32374,-680.4
68.9419,1,in,32378,-638.4
68.9464,1,in,32382,-697.6
68.951,1,in,32386,-648.4
68.9554,1,in,32390,-682
68.9598,1,in,32394,-556
68.9642,1,in,32398,-677.4
68.9691,1,in,32402,-618.8
68.9734,1,in,32406,-618
68.9779,1,in,32410,-596.8
68.9824,1,in,32414,-646.6
68.9873,1,in,32418,-654.2
68.9918,1,in,32422,-618
68.9966,1,in,32426,-655.8
69.0015,1,in,32430,-645.8
69.0063,1,in,32434,-668.4
69.0112,1,in,32438,-711.4
69.0159,1,in,32442,-656.2
69.0203,1,in,32446,-656.6
69.0252,1,in,32450,-684.8
69.0298,1,in,32454,-640
69.0343,1,in,32458,-663.4
69.0392,1,in,32462,-712.2
69.0439,1,in,32466,-685.8
69.0493,1,in,32470,-773.2
69.0543,1,in,32474,-730.8
69.0586,1,in,32478,-712.8
69.063,1,in,32482,-670.4
69.0675,1,in,32486,-748.2
69.0723,1,in,32490,-742.4
69.0775,1,in,32494,-703
69.0825,1,in,32498,-702.6
69.0871,1,in,32502,-664.6
69.0907,1,in,32506,-657
69.0955,1,in,32510,-620.8
69.0993,1,in,32514,-674
69.104,1,in,32518,-726.8
69.1084,1,in,32522,-636.4
69.1125,1,in,32526,-652.4
69.1167,1,in,32530,-650.8
69.1218,1,in,32534,-702.8
69.1262,1,in,32538,-689.4
69.1299,1,in,32542,-715.2
69.1342,1,in,32546,-698.2
69.1385,1,in,32550,-712.2
69.1426,1,in,32554,-718
69.1469,1,in,32558,-627.4
69.1511,1,in,32562,-726.6
69.1556,1,in,32566,-669.6
69.1608,1,in,32570,-676.2
69.1651,1,in,32574,-703.2
69.1694,1,in,32578,-662.8
69.1739,1,in,32582,-714.8
69.1782,1,in,32586,-682.8
69.1824,1,in,32590,-705.6
69.187,1,in,32594,-692
69.191,1,in,32598,-719.4
69.1962,1,in,32602,-714.2
69.2011,1,in,32606,-694.4
69.206,1,in,32610,-656.8
69.2114,1,in,32614,-706.8
69.2162,1,in,32618,-762.2
69.2206,1,in,32622,-746
69.2246,1,in,32626,-734.6
69.2288,1,in,32630,-734
69.2331,1,in,32634,-692.8
69.237,1,in,32638,-717.8
69.2413,1,in,32642,-763.4
69.2453,1,in,32646,-695.4
69.2501,1,in,32650,-732.8
69.2543,1,in,32654,-796.4
69.2586,1,in,32658,-746
69.2627,1,in,32662,-785
69.2676,1,in,32666,-820.2
69.2717,1,in,32670,-823.8
69.2759,1,in,32674,-801.2
69.2802,1,in,32678,-890.6
69.2848,1,in,32682,-852.2
69.2889,1,in,32686,-907.4
69.2933,1,in,32690,-870
69.2978,1,in,32694,-805.4
69.3031,1,in,32698,-829.4
69.3072,1,in,32702,-941.2
69.3116,1,in,32706,-748.2
69.3167,1,in,32710,-782
69.321,1,in,32714,-780.4
69.325,1,in,32718,-839.6
69.3289,1,in,32722,-632.6
69.3329,1,in,32726,-694.8
69.3377,1,in,32730,-671.8
69.3425,1,in,32734,-675
69.347,1,in,32738,-667.2
69.3511,1,in,32742,-721.2
69.3561,1,in,32746,-625.6
69.3606,1,in,32750,-721
69.3647,1,in,32754,-626.6
69.3689,1,in,32758,-592
69.3735,1,in,32762,-724.4
69.3777,1,in,32766,-649.6
69.3825,1,in,32770,-723.6
69.3873,1,in,32774,-1925.8
69.3916,1,out,32770,-1639
69.3965,1,out,32766,-1030
69.4011,1,out,32762,-734.6
69.4056,1,out,32758,-832.4
69.4101,1,out,32754,-676.2
69.4144,1,out,32750,-699
69.4189,1,out,32746,-726.8
69.4233,1,out,32742,-697.4
69.4273,1,out,32738,-735.2
69.4312,1,out,32734,-692.4
69.4353,1,out,32730,-698.6
69.4395,1,out,32726,-759.4
69.4439,1,out,32722,-662.6
69.4481,1,out,32718,-681.4
69.4522,1,out,32714,-697
69.4562,1,out,32710,-732.2
69.4603,1,out,32706,-803.4
69.4644,1,out,32702,-760
69.4687,1,out,32698,-779.2
69.4729,1,out,32694,-725.4
69.4771,1,out,32690,-750.4
69.4814,1,out,32686,-803.6
69.4857,1,out,32682,-776.2
69.4895,1,out,32678,-724.4
69.4934,1,out,32674,-723.8
69.4978,1,out,32670,-725.6
69.5022,1,out,32666,-780.8
69.5064,1,out,32662,-813.8
69.5103,1,out,32658,-756.4
69.5148,1,out,32654,-757.6
69.5193,1,out,32650,-825
69.5235,1,out,32646,-769.4
69.5281,1,out,32642,-785.2
69.5325,1,out,32638,-761.2
69.5368,1,out,32634,-766.2
69.5414,1,out,32630,-828
69.546,1,out,32626,-731.4
69.5506,1,out,32622,-756.4
69.5553,1,out,32618,-766.2
69.5596,1,out,32614,-715.2
69.5636,1,out,32610,-756.2
69.5678,1,out,32606,-799
69.5722,1,out,32602,-819
69.577,1,out,32598,-766.4
69.5812,1,out,32594,-749.4
69.5852,1,out,32590,-798.8
69.5895,1,out,32586,-766.8
69.5934,1,out,32582,-817.8
69.5974,1,out,32578,-730
69.6014,1,out,32574,-734.2
69.6052,1,out,32570,-757.8
69.6097,1,out,32566,-752.2
69.6139,1,out,32562,-775.4
69.6181,1,out,32558,-771.2
69.6222,1,out,32554,-811.8
69.6267,1,out,32550,-857
69.6307,1,out,32546,-855.8
69.6342,1,out,32542,-780.6
69.6379,1,out,32538,-795.4
69.6418,1,out,32534,-751
69.6454,1,out,32530,-746.2
69.649,1,out,32526,-727.8
69.6525,1,out,32522,-710.4
69.6562,1,out,32518,-726
69.6601,1,out,32514,-708
69.6641,1,out,32510,-679.6
69.668,1,out,32506,-689.8
69.672,1,out,32502,-767.2
69.6757,1,out,32498,-731
69.6796,1,out,32494,-730
69.6835,1,out,32490,-784
69.688,1,out,32486,-755.6
69.692,1,out,32482,-729.4
69.696,1,out,32478,-671.8
69.7,1,out,32474,-793
69.7042,1,out,32470,-717
69.7082,1,out,32466,-704
69.7126,1,out,32462,-664.8
69.7162,1,out,32458,-691.2
69.7203,1,out,32454,-709
69.7243,1,out,32450,-726.2
69.7287,1,out,32446,-729
69.7329,1,out,32442,-749
69.7369,1,out,32438,-670.4
69.7411,1,out,32434,-793.2
69.7455,1,out,32430,-794.8
69.7497,1,out,32426,-791.8
69.7541,1,out,32422,-726.8
69.7585,1,out,32418,-715
69.7634,1,out,32414,-821.2
69.7685,1,out,32410,-818.4
69.7736,1,out,32406,-800
69.7785,1,out,32402,-826.4
69.7831,1,out,32398,-779.8
69.7876,1,out,32394,-779.2
69.7923,1,out,32390,-778.2
69.797,1,out,32386,-837.2
69.8013,1,out,32382,-837.6
69.8063,1,out,32378,-807.6
69.8103,1,out,32374,-842.2
69.8148,1,out,32370,-811.2
69.8195,1,out,32366,-775.8
69.8243,1,out,32362,-722.6
69.8293,1,out,32358,-796.4
69.8344,1,out,32354,-847.8
69.8387,1,out,32350,-818.6
69.8436,1,out,32346,-802.6
69.8478,1,out,32342,-772.8
69.8529,1,out,32338,-783.4
69.8577,1,out,32334,-788.2
69.862,1,out,32330,-800.6
69.8668,1,out,32326,-745.2
69.8717,1,out,32322,-760.8
69.8763,1,out,32318,-722.2
69.881,1,out,32314,-736.2
69.8855,1,out,32310,-727.4
69.8898,1,out,32306,-710.6
69.8944,1,out,32302,-765.4
69.899,1,out,32298,-741.8
69.9038,1,out,32294,-778.2
69.9087,1,out,32290,-767
69.914,1,out,32286,-709.2
69.9195,1,out,32282,-788.8
69.9247,1,out,32278,-726.4
69.9294,1,out,32274,-760.4
69.9345,1,out,32270,-763.8
69.939,1,out,32266,-752.2
69.9436,1,out,32262,-699.2
69.9485,1,out,32258,-738.6
69.9531,1,out,32254,-721.6
69.9574,1,out,32250,-720.8
69.9622,1,out,32246,-736.2
69.9668,1,out,32242,-759.2
69.9712,1,out,32238,-695
69.9762,1,out,32234,-690.8
69.9809,1,out,32230,-728.8
69.9853,1,out,32226,-676.6
69.99,1,out,32222,-715.6
69.9952,1,out,32218,-938.2
70.0009,1,out,32214,-1006.2
70.0066,1,out,32210,-929.2
70.0119,1,out,32206,-779.2
70.0171,1,out,32202,-904.6
70.0226,1,out,32198,-894
70.0283,1,out,32194,-854.4
70.0331,1,out,32190,-708.6
70.038,1,out,32186,-806.8
70.0426,1,out,32182,-748.8
70.0473,1,out,32178,-721.8
70.0516,1,out,32174,-792.6
70.0563,1,out2,32124,-750
70.0612,1,out2,32074,-707
70.0656,1,out2,32024,-761.2
70.0701,1,out2,31974,-714.2
70.0746,1,out2,31924,-735.6
70.079,1,out2,31874,-675.6
70.0835,1,out2,31824,-674.6
70.0885,1,out2,31774,-684.6
70.0926,1,out2,31724,-641.6
70.097,1,out2,31674,-614.2
70.1017,1,out2,31624,-629.4
70.1066,1,out2,31574,-621.4
70.111,1,out2,31524,-596.2
70.1161,1,out2,31474,-582.2
70.121,1,out2,31424,-538
70.1258,1,out2,31374,-675.6
70.1302,1,out2,31324,-1197.4
70.1351,1,out2,31274,-1190
70.1402,1,out2,31224,-893.6
70.1448,1,out2,31174,-508.4
70.1496,1,out2,31124,-79
70.1541,2,in,31124,-8.2
70.159,2,in,31128,-13.4
70.1641,2,in,31132,-1.4
70.1686,2,in,31136,-14.6
70.1743,2,in,31140,6.6
70.1786,2,in,31144,3.8
70.1827,2,in,31148,-10
70.1868,2,in,31152,-17.4
70.1908,2,in,31156,-35.2
70.1956,2,in,31160,-15.2
70.1998,2,in,31164,-17.8
70.2042,2,in,31168,-19.2
70.2083,2,in,31172,-20.6
70.2123,2,in,31176,-39.6
70.2158,2,in,31180,-11
70.22,2,in,31184,32.2
70.2236,2,in,31188,12.2
70.2278,2,in,31192,-27.2
70.2316,2,in,31196,-13.6
70.2356,2,in,31200,14.6
70.2396,2,in,31204,3.6
70.2442,2,in,31208,-32.8
70.2487,2,in,31212,36.2
70.2532,2,in,31216,-26.4
70.2576,2,in,31220,-26.6
70.2626,2,in,31224,0.2
70.2675,2,in,31228,-14.4
70.2726,2,in,31232,-0.4
70.2777,2,in,31236,-2.2
70.2822,2,in,31240,23.2
70.2869,2,in,31244,-18.8
70.2918,2,in,31248,-37.8
70.2962,2,in,31252,37.4
70.301,2,in,31256,14.8
70.3053,2,in,31260,-28
70.3097,2,in,31264,-4.2
70.3143,2,in,31268,26.6
70.3192,2,in,31272,4.8
70.3236,2,in,31276,-21
70.3281,2,in,31280,35.4
70.3335,2,in,31284,3.8
70.3382,2,in,31288,-20.4
70.3425,2,in,31292,-3.2
70.3468,2,in,31296,-1.4
70.352,2,in,31300,-30.4
70.3566,2,in,31304,-13.8
70.361,2,in,31308,25
70.366,2,in,31312,-15.2
70.3715,2,in,31316,8.4
70.3761,2,in,31320,-3.8
70.381,2,in,31324,4.4
70.3859,2,in,31328,16
70.3904,2,in,31332,-1.2
70.3948,2,in,31336,-28.4
70.3994,2,in,31340,-12.4
70.4043,2,in,31344,3.4
70.4089,2,in,31348,21.4
70.4135,2,in,31352,-7.2
70.4181,2,in,31356,-37.4
70.4226,2,in,31360,-43.4
70.4272,2,in,31364,20.2
70.4317,2,in,31368,61.2
70.4357,2,in,31372,27.6
70.4399,2,in,31376,20.6
70.4445,2,in,31380,-28.2
70.449,2,in,31384,17.2
70.4537,2,in,31388,39.4
70.458,2,in,31392,-13
70.4621,2,in,31396,-62
70.4661,2,in,31400,-19.4
70.471,2,in,31404,-36.8
70.4756,2,in,31408,-25.2
70.4794,2,in,31412,-17
70.4833,2,in,31416,-11
70.4868,2,in,31420,8
70.4904,2,in,31424,-8.8
70.4948,2,in,31428,24
70.4985,2,in,31432,-10.4
70.5023,2,in,31436,-17.2
70.5062,2,in,31440,6.6
70.5102,2,in,31444,25.2
70.5148,2,in,31448,10.8
70.5192,2,in,31452,-27.6
70.5237,2,in,31456,-6.4
70.5282,2,in,31460,17
70.5323,2,in,31464,5.6
70.5367,2,in,31468,28.6
70.5411,2,in,31472,-28
70.5456,2,in,31476,23.8
70.5496,2,in,31480,-14.2
70.5539,2,in,31484,20.4
70.5583,2,in,31488,33.8
70.5623,2,in,31492,13.4
70.567,2,in,31496,11.4
70.571,2,in,31500,-9.4
70.576,2,in,31504,-9.8
70.5799,2,in,31508,-12.8
70.5846,2,in,31512,-11.8
70.589,2,in,31516,26.8
70.5931,2,in,31520,12.4
70.597,2,in,31524,28.2
70.6023,2,in,31528,-16.4
70.6067,2,in,31532,-16.4
70.6107,2,in,31536,24
70.615,2,in,31540,-32.2
70.6204,2,in,31544,0.8
70.6242,2,in,31548,8.6
70.6282,2,in,31552,-34
70.6324,2,in,31556,24.8
70.6373,2,in,31560,12.2
70.6416,2,in,31564,-56.2
70.6458,2,in,31568,33.4
70.6499,2,in,31572,38.4
70.655,2,in,31576,-9.2
70.6596,2,in,31580,37.8
70.6638,2,in,31584,42.2
70.6684,2,in,31588,1
70.6729,2,in,31592,9.2
70.6773,2,in,31596,-24.8
70.6816,2,in,31600,-6.6
70.6865,2,in,31604,-19
70.6913,2,in,31608,3.2
70.6958,2,in,31612,34
70.6999,2,in,31616,-3
70.7042,2,in,31620,24.6
70.7087,2,in,31624,22
70.7133,2,in,31628,9.6
70.7185,2,in,31632,-20.4
70.7232,2,in,31636,-27.6
70.728,2,in,31640,-9.6
70.733,2,in,31644,-13.4
70.7384,2,in,31648,-30
70.7438,2,in,31652,-4.2
70.7489,2,in,31656,42
70.7534,2,in,31660,18.8
70.7578,2,in,31664,-48.8
70.7618,2,in,31668,-19.6
70.7657,2,in,31672,17
70.77,2,in,31676,2
70.7744,2,in,31680,-33.4
70.7793,2,in,31684,-34.6
70.7833,2,in,31688,-33.6
70.7876,2,in,31692,-38.2
70.7922,2,in,31696,3.8
70.7976,2,in,31700,1.8
70.8025,2,in,31704,-4.4
70.8068,2,in,31708,-43.4
70.8113,2,in,31712,9.4
70.815,2,in,31716,4.6
70.8194,2,in,31720,28.4
70.8256,2,in,31724,-24.8
70.8307,2,in,31728,9.6
70.8351,2,in,31732,-8.6
70.8394,2,in,31736,-14.4
70.8432,2,in,31740,25.4
70.847,2,in,31744,30.4
70.851,2,in,31748,24.2
70.8555,2,in,31752,-35
70.8595,2,in,31756,6.8
70.8635,2,in,31760,-4.4
70.8688,2,in,31764,-12.8
70.8733,2,in,31768,-81.4
70.8775,2,in,31772,7.6
70.8819,2,in,31776,-18.2
70.8865,2,in,31780,-6
70.8908,2,in,31784,-36.6
70.8954,2,in,31788,1.8
70.8998,2,in,31792,-3.2
70.905,2,in,31796,-10.4
70.9093,2,in,31800,-48
70.9137,2,in,31804,33
70.9184,2,in,31808,-45
70.9238,2,in,31812,-7.4
70.9278,2,in,31816,29.4
70.932,2,in,31820,-31.2
70.9362,2,in,31824,23.6
70.9417,2,in,31828,6.4
70.9458,2,in,31832,-20.4
70.9506,2,in,31836,4
70.9546,2,in,31840,-50.6
70.9597,2,in,31844,32.8
70.9636,2,in,31848,15.8
70.9682,2,in,31852,-51.8
70.973,2,in,31856,-19.6
70.9778,2,in,31860,-25.2
70.9819,2,in,31864,-25
70.9864,2,in,31868,4.8
70.9913,2,in,31872,10.4
70.9962,2,in,31876,10.6
71.0006,2,in,31880,-42.2
71.0051,2,in,31884,10
71.0096,2,in,31888,-23.4
71.0139,2,in,31892,22.6
71.0178,2,in,31896,-26.6
71.0221,2,in,31900,7.4
71.0268,2,in,31904,-5.6
71.032,2,in,31908,15.2
71.0359,2,in,31912,-38.2
71.0401,2,in,31916,32.4
71.0443,2,in,31920,-18.2
71.0501,2,in,31924,-21.6
71.0543,2,in,31928,-48.6
71.0594,2,in,31932,6.2
71.0635,2,in,31936,-23.6
71.0679,2,in,31940,15.2
71.072,2,in,31944,-27.4
71.0762,2,in,31948,9.6
71.0803,2,in,31952,6
71.0849,2,in,31956,28
71.0894,2,in,31960,-4.8
71.0941,2,in,31964,-28.8
71.0984,2,in,31968,34
71.104,2,in,31972,-29.4
71.1088,2,in,31976,18.6
71.1127,2,in,31980,-1.2
71.1167,2,in,31984,-43
71.1221,2,in,31988,-30
71.1265,2,in,31992,-72.8
71.1307,2,in,31996,12.6
71.135,2,in,32000,-8
71.1401,2,in,32004,-25.6
71.1442,2,in,32008,-36.4
71.1485,2,in,32012,-13.8
71.1531,2,in,32016,-50.2
71.1576,2,in,32020,-32.4
71.1621,2,in,32024,22.2
71.1663,2,in,32028,18.6
71.1709,2,in,32032,29.4
71.1761,2,in,32036,43.4
71.1801,2,in,32040,-5.2
71.1846,2,in,32044,0.4
71.1887,2,in,32048,-73.4
71.1935,2,in,32052,1.8
71.1983,2,in,32056,-1
71.2023,2,in,32060,24.2
71.2064,2,in,32064,22.6
71.2116,2,in,32068,-4.2
71.2161,2,in,32072,-38
71.2207,2,in,32076,-37.8
71.2247,2,in,32080,37.2
71.2295,2,in,32084,-61.8
71.2337,2,in,32088,-5.2
71.2376,2,in,32092,13.6
71.2416,2,in,32096,-14
71.2455,2,in,32100,3.6
71.2496,2,in,32104,6.6
71.2531,2,in,32108,-33.2
71.2574,2,in,32112,21.4
71.2618,2,in,32116,6
71.2663,2,in,32120,32.8
71.2703,2,in,32124,32.6
71.2748,2,in,32128,-33.2
71.2795,2,in,32132,-41
71.2842,2,in,32136,-12.4
71.2887,2,in,32140,2
71.2934,2,in,32144,-2.6
71.2985,2,in,32148,-9.2
71.3029,2,in,32152,-21.2
71.3067,2,in,32156,-35.4
71.3109,2,in,32160,-12.2
71.3149,2,in,32164,-25
71.319,2,in,32168,-2.4
71.3237,2,in,32172,-43.8
71.3278,2,in,32176,45
71.3319,2,in,32180,-11.4
71.3368,2,in,32184,-38.8
71.341,2,in,32188,-13.8
71.3448,2,in,32192,-19.6
71.349,2,in,32196,-6.8
71.354,2,in,32200,13.6
71.3584,2,in,32204,-19.6
71.3625,2,in,32208,65.4
71.3668,2,in,32212,15.4
71.3721,2,in,32216,-38
71.3764,2,in,32220,17.4
71.3807,2,in,32224,7.2
71.3854,2,in,32228,-41.2
71.3904,2,in,32232,-55.6
71.3945,2,in,32236,31.2
71.3986,2,in,32240,38.8
71.4026,2,in,32244,-56.4
71.4075,2,in,32248,-0.4
71.4123,2,in,32252,-22.2
71.4169,2,in,32256,21.6
71.4208,2,in,32260,-42
71.4253,2,in,32264,15.4
71.4299,2,in,32268,16.2
71.4343,2,in,32272,6.8
71.4382,2,in,32276,-20.6
71.4429,2,in,32280,-3.6
71.4475,2,in,32284,-17.8
71.4522,2,in,32288,-1.8
71.4566,2,in,32292,-36.8
71.462,2,in,32296,2
71.4661,2,in,32300,-20.6
71.4707,2,in,32304,43.8
71.475,2,in,32308,-51.6
71.4809,2,in,32312,1.6
71.485,2,in,32316,-12.4
71.4892,2,in,32320,-14.8
71.4937,2,in,32324,-43.8
71.4987,2,in,32328,3.4
71.5028,2,in,32332,-13.4
71.507,2,in,32336,-52.2
71.5113,2,in,32340,-28.8
71.5162,2,in,32344,-23.4
71.5205,2,in,32348,-53.8
71.5248,2,in,32352,-8.2
71.5297,2,in,32356,-47.4
71.5343,2,in,32360,-46.6
71.5382,2,in,32364,-24.8
71.5425,2,in,32368,33.6
71.5464,2,in,32372,11.2
71.5509,2,in,32376,-22.4
71.555,2,in,32380,1.6
71.5594,2,in,32384,-34.4
71.5636,2,in,32388,7.4
71.568,2,in,32392,-25.8
71.5721,2,in,32396,-58.2
71.5765,2,in,32400,-24
71.581,2,in,32404,45.8
71.585,2,in,32408,32.2
71.5894,2,in,32412,-49.2
71.5933,2,in,32416,-18.6
71.5977,2,in,32420,1.8
71.6021,2,in,32424,-29.8
71.6069,2,in,32428,11.8
71.6108,2,in,32432,0.8
71.615,2,in,32436,-40.8
71.619,2,in,32440,-72.4
71.6237,2,in,32444,-1.2
71.6279,2,in,32448,19.2
71.6324,2,in,32452,-18
71.637,2,in,32456,-7.4
71.6422,2,in,32460,5.8
71.6467,2,in,32464,32.4
71.6509,2,in,32468,-69.6
71.6551,2,in,32472,-41
71.6601,2,in,32476,11
71.6646,2,in,32480,17.2
71.6691,2,in,32484,-10.2
71.6735,2,in,32488,-0.6
71.6786,2,in,32492,11.6
71.6829,2,in,32496,48.8
71.6874,2,in,32500,-8.6
71.6917,2,in,32504,-24.6
71.6962,2,in,32508,-24.6
71.7007,2,in,32512,24
71.7051,2,in,32516,13.8
71.7092,2,in,32520,-27.8
71.7144,2,in,32524,10.2
71.7191,2,in,32528,-3
71.7237,2,in,32532,-22
71.7282,2,in,32536,-20.2
71.7329,2,in,32540,-10.6
71.7371,2,in,32544,-6.4
71.7415,2,in,32548,16
71.7458,2,in,32552,21.8
71.7513,2,in,32556,-27
71.7557,2,in,32560,-70.2
71.76,2,in,32564,8.4
71.7645,2,in,32568,1
71.7683,2,in,32572,-36.4
71.772,2,in,32576,-13
71.7759,2,in,32580,-2.2
71.7796,2,in,32584,-0.2
71.7834,2,in,32588,-2.6
71.7873,2,in,32592,-63.4
71.7911,2,in,32596,17.8
71.7955,2,in,32600,-4
71.7995,2,in,32604,-16.8
71.8038,2,in,32608,-12.4
71.8077,2,in,32612,-35.2
71.8116,2,in,32616,19.6
71.8156,2,in,32620,-47.6
71.8202,2,in,32624,-20.8
71.8244,2,in,32628,-45.2
71.8288,2,in,32632,-4.6
71.833,2,in,32636,1.8
71.8379,2,in,32640,-20
71.8429,2,in,32644,-13.4
71.8473,2,in,32648,-21.8
71.8519,2,in,32652,-11.6
71.8573,2,in,32656,-18.6
71.8621,2,in,32660,28.4
71.8667,2,in,32664,-1.2
71.8718,2,in,32668,-19.8
71.8764,2,in,32672,-46.4
71.8804,2,in,32676,-36
71.8844,2,in,32680,-27.8
71.8888,2,in,32684,2.4
71.8934,2,in,32688,-17
71.8975,2,in,32692,36
71.9018,2,in,32696,5.4
71.9061,2,in,32700,-7
71.9106,2,in,32704,-28.6
71.9147,2,in,32708,7
71.9191,2,in,32712,-29.6
71.9232,2,in,32716,-1.8
71.928,2,in,32720,4.4
71.9323,2,in,32724,7.2
71.9363,2,in,32728,38.2
71.9406,2,in,32732,-26.8
71.9453,2,in,32736,23.6
71.9497,2,in,32740,6.8
71.9539,2,in,32744,-7
71.9582,2,in,32748,5.8
71.9631,2,in,32752,26
71.9678,2,in,32756,-35.8
71.9726,2,in,32760,-25.4
71.9771,2,in,32764,-5
71.9819,2,in,32768,-4.4
71.9864,2,in,32772,-36.2
71.9923,2,in,32776,-26.8
71.997,2,in,32780,-26
72.0021,2,in,32784,-40.8
72.0065,2,in,32788,-33.4
72.0112,2,in,32792,5.8
72.0165,2,in,32796,-25.6
72.0205,2,in,32800,-10.4
72.0251,2,in,32804,-33.8
72.0295,2,in,32808,5.6
72.0339,2,in,32812,-34.8
72.0381,2,in,32816,38.6
72.0426,2,in,32820,-40.4
72.0472,2,in,32824,9.6
72.0517,2,in,32828,13.6
72.0563,2,in,32832,-17
72.0604,2,in,32836,2.6
72.0646,2,in,32840,-9.2
72.069,2,in,32844,-21.8
72.074,2,in,32848,-35
72.0785,2,in,32852,25
72.0829,2,in,32856,-56
72.0874,2,in,32860,20.4
72.0918,2,in,32864,-17
72.0958,2,in,32868,23.4
72.1,2,in,32872,-37.2
72.1041,2,in,32876,-39.6
72.1084,2,in,32880,-12.6
72.1129,2,in,32884,12.8
72.1173,2,in,32888,-41.6
72.1214,2,in,32892,1.2
72.1254,2,in,32896,-10.4
72.1297,2,in,32900,-48.6
72.1339,2,in,32904,-19.2
72.1385,2,in,32908,-40.8
72.144,2,in,32912,10
72.1482,2,in,32916,7.2
72.1528,2,in,32920,-14.8
72.1581,2,in,32924,-48
72.1627,2,in,32928,-21
72.1683,2,in,32932,-77.2
72.1735,2,in,32936,-48.6
72.1789,2,in,32940,-17.6
72.1836,2,in,32944,33
72.1883,2,in,32948,-17.4
72.1931,2,in,32952,-12
72.1977,2,in,32956,2.8
72.2027,2,in,32960,-30.4
72.2078,2,in,32964,-4.2
72.2125,2,in,32968,-0.6
72.217,2,in,32972,-24
72.222,2,in,32976,-41
72.2269,2,in,32980,-24
72.232,2,in,32984,18.6
72.2374,2,in,32988,5.8
72.2426,2,in,32992,-30.8
72.2486,2,in,32996,-20.2
72.2539,2,in,33000,15.2
72.2588,2,in,33004,-24.2
72.2641,2,in,33008,-19.8
72.2696,2,in,33012,-8.2
72.2746,2,in,33016,-18.2
72.2802,2,in,33020,5
72.2851,2,in,33024,-19.6
72.2897,2,in,33028,-68
72.2952,2,in,33032,-19.2
72.3001,2,in,33036,11
72.3048,2,in,33040,-24.8
72.3098,2,in,33044,-6.2
72.3147,2,in,33048,3.6
72.3195,2,in,33052,-14.4
72.3239,2,in,33056,-71.2
72.3284,2,in,33060,-10.2
72.3335,2,in,33064,-16.4
72.3386,2,in,33068,-9.8
72.3437,2,in,33072,-49
72.3485,2,in,33076,-18.8
72.3534,2,in,33080,-48.2
72.3589,2,in,33084,-69
72.3641,2,in,33088,-16.6
72.3691,2,in,33092,-76
72.3743,2,in,33096,-59.4
72.3791,2,in,33100,-16.4
72.3838,2,in,33104,-9.6
72.3886,2,in,33108,-24.6
72.3934,2,in,33112,-0.2
72.3976,2,in,33116,-59
72.4025,2,in,33120,-37
72.4074,2,in,33124,-29.2
72.4121,2,in,33128,-23.4
72.4172,2,in,33132,5.4
72.4219,2,in,33136,-18
72.427,2,in,33140,0.6
72.4316,2,in,33144,-35
72.4368,2,in,33148,-66
72.4416,2,in,33152,-92.8
72.4473,2,in,33156,-61.6
72.4517,2,in,33160,-58.4
72.4567,2,in,33164,-58.6
72.462,2,in,33168,-32.4
72.4666,2,in,33172,-0.2
72.4712,2,in,33176,-71.6
72.476,2,in,33180,-64.2
72.4808,2,in,33184,-46.6
72.4852,2,in,33188,-55
72.4904,2,in,33192,-53.8
72.4953,2,in,33196,1.8
72.4998,2,in,33200,1.6
72.5043,2,in,33204,-31.2
72.509,2,in,33208,-52.8
72.5138,2,in,33212,-93.2
72.5196,2,in,33216,-152.6
72.5242,2,in,33220,-143
72.5292,2,in,33224,-53.6
72.5335,2,in,33228,-86.6
72.5379,2,in,33232,-129.2
72.5421,2,in,33236,-45.6
72.5464,2,in,33240,-95
72.5506,2,in,33244,-112.4
72.5557,2,in,33248,-103.6
72.5597,2,in,33252,-135.4
72.5643,2,in,33256,-106
72.5685,2,in,33260,-76.8
72.5742,2,in,33264,-169
72.5785,2,in,33268,-129
72.5826,2,in,33272,-58.4
72.5867,2,in,33276,-140.4
72.5931,2,in,33280,-99.2
72.597,2,in,33284,-74.6
72.6012,2,in,33288,-135
72.606,2,in,33292,-143.6
72.6105,2,in,33296,-92.6
72.6144,2,in,33300,-164.8
72.6187,2,in,33304,-198.8
72.6232,2,in,33308,-191.8
72.6279,2,in,33312,-235.8
72.6319,2,in,33316,-213.8
72.636,2,in,33320,-256.2
72.64,2,in,33324,-215.8
72.6449,2,in,33328,-252.6
72.6491,2,in,33332,-287
72.6535,2,in,33336,-299.6
72.6578,2,in,33340,-250.2
72.6629,2,in,33344,-398.2
72.6671,2,in,33348,-394.6
72.6712,2,in,33352,-428.8
72.6752,2,in,33356,-471.6
72.6805,2,in,33360,-418.8
72.685,2,in,33364,-461
72.6893,2,in,33368,-432
72.6937,2,in,33372,-433.4
72.6985,2,in,33376,-469.4
72.7033,2,in,33380,-519.4
72.7079,2,in,33384,-387.2
72.7118,2,in,33388,-290
72.7163,2,in,33392,-323
72.7206,2,in,33396,-329.4
72.7252,2,in,33400,-308.6
72.7299,2,in,33404,-343.2
72.7351,2,in,33408,-358
72.7403,2,in,33412,-341
72.7454,2,in,33416,-351.8
72.7506,2,in,33420,-385.2
72.7547,2,in,33424,-394
72.759,2,in,33428,-390
72.7632,2,in,33432,-597.6
72.767,2,in,33436,-548.8
72.7711,2,in,33440,-475.8
72.7758,2,in,33444,-456.8
72.7804,2,in,33448,-480.4
72.7853,2,in,33452,-444.2
72.79,2,in,33456,-497.4
72.7945,2,in,33460,-557.2
72.7991,2,in,33464,-475.6
72.8036,2,in,33468,-494
72.808,2,in,33472,-455.8
72.8119,2,in,33476,-444.4
72.8166,2,in,33480,-488.4
72.8221,2,in,33484,-540.2
72.8265,2,in,33488,-579.2
72.8311,2,in,33492,-574.8
72.836,2,in,33496,-542.6
72.8407,2,in,33500,-564.8
72.8458,2,in,33504,-628.2
72.8504,2,in,33508,-661.8
72.8549,2,in,33512,-763.8
72.8597,2,in,33516,-832
72.8643,2,in,33520,-799.2
72.8694,2,in,33524,-850.8
72.8743,2,in,33528,-852.2
72.8792,2,in,33532,-928.8
72.8839,2,in,33536,-926.4
72.8896,2,in,33540,-798.4
72.8942,2,in,33544,-781
72.8991,2,in,33548,-787.2
72.9041,2,in,33552,-916.2
72.9089,2,in,33556,-882.6
72.9135,2,in,33560,-692.2
72.9183,2,in,33564,-739
72.9229,2,in,33568,-769.4
72.9288,2,in,33572,-809.4
72.9335,2,in,33576,-1715.8
72.9384,2,out,33572,-1700.2
72.9436,2,out,33568,-1621.8
72.9485,2,out,33564,-1807.8
72.9529,2,out,33560,-1602.6
72.9573,2,out,33556,-1583
72.9617,2,out,33552,-1639.2
72.9667,2,out,33548,-1764.6
72.9712,2,out,33544,-1758.2
72.9761,2,out,33540,-1826.8
72.981,2,out,33536,-1880.8
72.9852,2,out,33532,-1720.8
72.9899,2,out,33528,-1923.8
72.9941,2,out,33524,-1926.4
72.9988,2,out,33520,-1553.6
73.003,2,out,33516,-1640.2
73.0071,2,out,33512,-1796.8
73.0112,2,out,33508,-1575.6
73.0154,2,out,33504,-1551
73.0197,2,out,33500,-1471.8
73.0238,2,out,33496,-1711.8
73.0283,2,out,33492,-1747.8
73.0325,2,out,33488,-1838.8
73.0372,2,out,33484,-2023
73.0415,2,out,33480,-1979.6
73.0454,2,out,33476,-1909.8
73.0496,2,out,33472,-2115
73.0544,2,out,33468,-2554.2
73.0584,2,out,33464,-2574
73.0631,2,out,33460,-2222.8
73.0679,2,out,33456,-2056.4
73.0724,2,out,33452,-3034.6
73.0769,2,out,33448,-2534.8
73.0819,2,out,33444,-2612.6
73.087,2,out,33440,-1984.6
73.0916,2,out,33436,-2482
73.097,2,out,33432,-2428
73.1022,2,out,33428,-2237.4
73.1074,2,out,33424,-2168.2
73.1125,2,out,33420,-2427.8
73.1177,2,out,33416,-2328.8
73.1225,2,out,33412,-2521.6
73.1274,2,out,33408,-2515
73.1319,2,out,33404,-2456.6
73.1368,2,out,33400,-2324.2
73.1421,2,out,33396,-2349.8
73.1468,2,out,33392,-2479.6
73.1516,2,out,33388,-2517.2
73.1563,2,out,33384,-2448.8
73.1613,2,out,33380,-2241.8
73.1655,2,out,33376,-2434.2
73.1704,2,out,33372,-2458.4
73.1749,2,out,33368,-2440
73.1799,2,out,33364,-2510
73.1845,2,out,33360,-2454
73.1896,2,out,33356,-2055.2
73.1945,2,out,33352,-2400
73.1993,2,out,33348,-2377.8
73.2041,2,out,33344,-2518
73.2086,2,out,33340,-2720.6
73.2136,2,out,33336,-2516.4
73.2182,2,out,33332,-2548
73.2232,2,out,33328,-2574.4
73.228,2,out,33324,-2505.2
73.2336,2,out,33320,-2548.4
73.2382,2,out,33316,-2684
73.2434,2,out,33312,-2792.6
73.2475,2,out,33308,-2563.8
73.2523,2,out,33304,-2563.2
73.2574,2,out,33300,-2882.2
73.262,2,out,33296,-2862.6
73.2668,2,out,33292,-2819.8
73.2717,2,out,33288,-2882.4
73.2759,2,out,33284,-2833
73.2801,2,out,33280,-2884.8
73.284,2,out,33276,-2882
73.2881,2,out,33272,-3005.2
73.2927,2,out,33268,-2871
73.2972,2,out,33264,-2727.8
73.3017,2,out,33260,-2864.8
73.3059,2,out,33256,-2917.8
73.3101,2,out,33252,-2955.6
73.3142,2,out,33248,-2908.2
73.3184,2,out,33244,-2949
73.3233,2,out,33240,-2929.2
73.3271,2,out,33236,-2747.8
73.3312,2,out,33232,-2657
73.3352,2,out,33228,-2765
73.3407,2,out,33224,-2773.4
73.3454,2,out,33220,-2740.4
73.3494,2,out,33216,-2808
73.3537,2,out,33212,-2810.4
73.3586,2,out,33208,-2838.6
73.3628,2,out,33204,-2823.6
73.367,2,out,33200,-2850.4
73.3712,2,out,33196,-2960.8
73.3759,2,out,33192,-3099
73.3802,2,out,33188,-3107.4
73.3848,2,out,33184,-3111.6
73.389,2,out,33180,-3137
73.3936,2,out,33176,-3020.2
73.3983,2,out,33172,-2993
73.4023,2,out,33168,-2927
73.4063,2,out,33164,-3096.4
73.4104,2,out,33160,-2932.2
73.4146,2,out,33156,-2889.6
73.4187,2,out,33152,-2896.2
73.4227,2,out,33148,-2934.2
73.427,2,out,33144,-3058.4
73.4314,2,out,33140,-2946
73.4354,2,out,33136,-3008.6
73.4396,2,out,33132,-2970.6
73.4436,2,out,33128,-3003.6
73.4483,2,out,33124,-3008.8
73.4523,2,out,33120,-3012.4
73.4562,2,out,33116,-2994.2
73.4605,2,out,33112,-2869
73.4649,2,out,33108,-2895
73.4695,2,out,33104,-2859
73.4738,2,out,33100,-2881
73.4779,2,out,33096,-2719.6
73.4827,2,out,33092,-2808.6
73.487,2,out,33088,-2901.2
73.4912,2,out,33084,-2733.4
73.4955,2,out,33080,-2767.4
73.4997,2,out,33076,-2804
73.5039,2,out,33072,-2851
73.5085,2,out,33068,-2921.4
73.5134,2,out,33064,-2862
73.5178,2,out,33060,-2882.4
73.5217,2,out,33056,-2854.6
73.5264,2,out,33052,-2761.2
73.5312,2,out,33048,-2824.2
73.5359,2,out,33044,-2738.8
73.5403,2,out,33040,-2950.2
73.5439,2,out,33036,-2698.2
73.548,2,out,33032,-2816.2
73.5517,2,out,33028,-2760.8
73.5553,2,out,33024,-2882.2
73.5591,2,out,33020,-2917
73.5626,2,out,33016,-2750.4
73.5664,2,out,33012,-2761.2
73.5701,2,out,33008,-2730.2
73.5739,2,out,33004,-2967.4
73.5778,2,out,33000,-2877.4
73.5821,2,out,32996,-2702.4
73.5865,2,out,32992,-2809.2
73.5902,2,out,32988,-2866.4
73.5943,2,out,32984,-2897.6
73.5981,2,out,32980,-2671.6
73.6023,2,out,32976,-2590.8
73.6064,2,out2,32926,-2717.6
73.6103,2,out2,32876,-2629.4
73.6143,2,out2,32826,-2432.2
73.6188,2,out2,32776,-2367
73.6229,2,out2,32726,-2557.6
73.6272,2,out2,32676,-2558.8
73.6313,2,out2,32626,-2178.8
73.6356,2,out2,32576,-2199.6
73.6395,2,out2,32526,-2100.2
73.6438,2,out2,32476,-1979
73.6474,2,out2,32426,-1904.4
73.6514,2,out2,32376,-1950.8
73.6552,2,out2,32326,-1829
73.6592,2,out2,32276,-1802.2
73.6632,2,out2,32226,-1844.4
73.6677,2,out2,32176,-1689.2
73.6717,2,out2,32126,-1566.8
73.6762,2,out2,32076,-1514
73.6803,2,out2,32026,-1543
73.6843,2,out2,31976,-1388.8
73.6884,2,out2,31926,-1266
73.6923,2,out2,31876,-1357.2
73.6964,2,out2,31826,-1392
73.7011,2,out2,31776,-974.4
73.7054,2,out2,31726,-1122.6
73.709,2,out2,31676,-983.6
73.7129,2,out2,31626,-796.6
73.7176,2,out2,31576,-407.6
73.7226,2,out2,31526,-161.2
73.7268,2,out2,31476,-124.2
73.7313,3,in,31476,-120.8
73.7358,3,in,31480,-123.4
73.7404,3,in,31484,-137.6
73.7451,3,in,31488,-88.8
73.7499,3,in,31492,-62.6
73.7546,3,in,31496,-132.6
73.7593,3,in,31500,-86
73.7636,3,in,31504,-15.6
73.7686,3,in,31508,-17.4
73.7733,3,in,31512,-35.4
73.7776,3,in,31516,-52.4
73.7823,3,in,31520,-52.4
73.787,3,in,31524,-53.4
73.7921,3,in,31528,-64.4
73.7972,3,in,31532,-33
73.8018,3,in,31536,-63
73.8059,3,in,31540,2.6
73.8108,3,in,31544,-26.8
73.8154,3,in,31548,-6.2
73.8198,3,in,31552,-50.2
73.8248,3,in,31556,-62
73.8303,3,in,31560,-34.2
73.8353,3,in,31564,-15
73.8401,3,in,31568,-59.2
73.8443,3,in,31572,-35.6
73.8488,3,in,31576,-1.4
73.8532,3,in,31580,-63.4
73.8574,3,in,31584,-58.4
73.8617,3,in,31588,-64.4
73.8661,3,in,31592,-31.8
73.8705,3,in,31596,-61.2
73.8746,3,in,31600,-103.6
73.8788,3,in,31604,-47.4
73.8832,3,in,31608,-67.8
73.8877,3,in,31612,-61.4
73.8922,3,in,31616,-57.8
73.8963,3,in,31620,-17.2
73.9003,3,in,31624,-24.8
73.9049,3,in,31628,-86
73.9104,3,in,31632,-74.8
73.9159,3,in,31636,-86.2
73.9219,3,in,31640,-85.2
73.9287,3,in,31644,-61.4
73.9335,3,in,31648,-24.8
73.9391,3,in,31652,-37.6
73.9443,3,in,31656,-28
73.9495,3,in,31660,-57
73.9546,3,in,31664,-39.4
73.9593,3,in,31668,-45
73.9639,3,in,31672,-51.2
73.9686,3,in,31676,-42.8
73.9733,3,in,31680,-25.8
73.9776,3,in,31684,-28.6
73.9819,3,in,31688,-14
73.9867,3,in,31692,-44.6
73.9913,3,in,31696,-79.6
73.9961,3,in,31700,-40
74.0012,3,in,31704,-37.6
74.0058,3,in,31708,-14
74.0104,3,in,31712,-44.4
74.0155,3,in,31716,-28.4
74.0201,3,in,31720,-45
74.025,3,in,31724,-61.2
74.0301,3,in,31728,-42.4
74.0355,3,in,31732,-49.6
74.04,3,in,31736,-87.8
74.045,3,in,31740,-19.2
74.0497,3,in,31744,-28.6
74.0543,3,in,31748,-56.6
74.0586,3,in,31752,-80.4
74.063,3,in,31756,-51.2
74.068,3,in,31760,-31.4
74.0732,3,in,31764,-51.8
74.0773,3,in,31768,-14.6
74.0818,3,in,31772,-62.2
74.0865,3,in,31776,-50
74.0913,3,in,31780,-52.6
74.0965,3,in,31784,-25.8
74.1022,3,in,31788,-56.6
74.1075,3,in,31792,-61.8
74.1133,3,in,31796,-12
74.1184,3,in,31800,-39.6
74.1232,3,in,31804,-63.8
74.1282,3,in,31808,-55.4
74.1334,3,in,31812,-24.2
74.1386,3,in,31816,-46
74.1431,3,in,31820,-43.2
74.148,3,in,31824,-40.2
74.1526,3,in,31828,-85.8
74.1575,3,in,31832,-44.2
74.1621,3,in,31836,-38.6
74.1667,3,in,31840,-51.4
74.1714,3,in,31844,-29.4
74.1762,3,in,31848,-38.6
74.1812,3,in,31852,-40.4
74.1861,3,in,31856,-87
74.191,3,in,31860,-102.8
74.1959,3,in,31864,-48.4
74.2009,3,in,31868,-45
74.2057,3,in,31872,-37.2
74.2102,3,in,31876,-49.6
74.2144,3,in,31880,-107.2
74.2189,3,in,31884,-51.8
74.2243,3,in,31888,-79.4
74.2289,3,in,31892,-66.2
74.2346,3,in,31896,-34.6
74.2393,3,in,31900,-28.8
74.2438,3,in,31904,-72
74.2486,3,in,31908,-59.6
74.2534,3,in,31912,-85
74.2584,3,in,31916,-107.6
74.2642,3,in,31920,-70
74.2687,3,in,31924,-40
74.273,3,in,31928,-72.6
74.2779,3,in,31932,-60
74.2826,3,in,31936,-49
74.2872,3,in,31940,-101.2
74.2921,3,in,31944,-65
74.2977,3,in,31948,-48
74.3034,3,in,31952,-60.6
74.3079,3,in,31956,-115.2
74.3124,3,in,31960,-55.4
74.3169,3,in,31964,-72.4
74.3235,3,in,31968,-76.6
74.328,3,in,31972,-64
74.3325,3,in,31976,-28.6
74.3373,3,in,31980,-88.4
74.3422,3,in,31984,-83.2
74.3476,3,in,31988,-50.8
74.353,3,in,31992,-83.6
74.3585,3,in,31996,-102.2
74.3637,3,in,32000,-78.2
74.3688,3,in,32004,-107.6
74.3736,3,in,32008,-101.8
74.3779,3,in,32012,-99.6
74.3831,3,in,32016,-43.4
74.388,3,in,32020,-47.2
74.3933,3,in,32024,-130.4
74.398,3,in,32028,-63
74.4029,3,in,32032,-43.8
74.4075,3,in,32036,-96.6
74.412,3,in,32040,-25.2
74.4164,3,in,32044,-51
74.4204,3,in,32048,-92.8
74.4245,3,in,32052,-92.6
74.4291,3,in,32056,-26.6
74.4332,3,in,32060,-82
74.4373,3,in,32064,-62.4
74.4419,3,in,32068,-71.6
74.4474,3,in,32072,-53
74.4519,3,in,32076,-11
74.457,3,in,32080,-68.8
74.4625,3,in,32084,-76.2
74.4676,3,in,32088,-100
74.4725,3,in,32092,-81.8
74.4776,3,in,32096,-65.8
74.4826,3,in,32100,-47.4
74.4871,3,in,32104,-71.2
74.4921,3,in,32108,-97.6
74.4967,3,in,32112,-45.8
74.503,3,in,32116,-60.2
74.5077,3,in,32120,-65.8
74.5124,3,in,32124,-61
74.517,3,in,32128,-30.8
74.5216,3,in,32132,-70.2
74.5259,3,in,32136,-49.4
74.5302,3,in,32140,-15
74.534,3,in,32144,-14
74.5389,3,in,32148,-89.6
74.5432,3,in,32152,-78.8
74.5472,3,in,32156,-41.4
74.5508,3,in,32160,-45.2
74.5552,3,in,32164,-57.8
74.5597,3,in,32168,-77.2
74.5638,3,in,32172,-67
74.5679,3,in,32176,-56.2
74.5731,3,in,32180,-81.8
74.5775,3,in,32184,3.2
74.5821,3,in,32188,-32.6
74.5864,3,in,32192,-24.4
74.5912,3,in,32196,-43
74.5953,3,in,32200,19.4
74.5996,3,in,32204,-24.4
74.6039,3,in,32208,-45.6
74.6085,3,in,32212,-96
74.6129,3,in,32216,-60.8
74.6175,3,in,32220,-22
74.6218,3,in,32224,-46.8
74.6272,3,in,32228,-73.6
74.6319,3,in,32232,-86
74.6364,3,in,32236,-62
74.6416,3,in,32240,-78.8
74.646,3,in,32244,-83.6
74.6506,3,in,32248,3
74.6555,3,in,32252,-67
74.6607,3,in,32256,-47.2
74.6654,3,in,32260,-52.6
74.6701,3,in,32264,-45
74.6748,3,in,32268,-65.4
74.6804,3,in,32272,-42
74.685,3,in,32276,-71
74.6892,3,in,32280,-21.4
74.6934,3,in,32284,-24.2
74.6981,3,in,32288,-63.4
74.7021,3,in,32292,-75.4
74.7065,3,in,32296,-84.6
74.7108,3,in,32300,-31.4
74.7155,3,in,32304,-51.6
74.7199,3,in,32308,-29.2
74.7244,3,in,32312,-61.4
74.7292,3,in,32316,-97.8
74.7333,3,in,32320,-36
74.7372,3,in,32324,-87
74.7417,3,in,32328,-29.4
74.7468,3,in,32332,-42.8
74.7515,3,in,32336,-45.6
74.7558,3,in,32340,-27.2
74.7601,3,in,32344,-32
74.7642,3,in,32348,-75.4
74.7681,3,in,32352,-76.4
74.7724,3,in,32356,-6.2
74.7765,3,in,32360,-70.6
74.7808,3,in,32364,-54.8
74.7845,3,in,32368,-70.4
74.7892,3,in,32372,-65.2
74.7931,3,in,32376,-37.4
74.7976,3,in,32380,-60.4
74.8024,3,in,32384,-33.8
74.8067,3,in,32388,-15.4
74.8114,3,in,32392,-120.6
74.8154,3,in,32396,-62.8
74.8202,3,in,32400,-58.2
74.8254,3,in,32404,-45.8
74.8302,3,in,32408,-48
74.8347,3,in,32412,-66
74.84,3,in,32416,-31.6
74.8444,3,in,32420,-13.8
74.8489,3,in,32424,-30.6
74.8536,3,in,32428,-48
74.8586,3,in,32432,-56.8
74.8635,3,in,32436,-46.2
74.8681,3,in,32440,-61.2
74.8722,3,in,32444,-62.2
74.8764,3,in,32448,-57.8
74.8808,3,in,32452,-63.6
74.885,3,in,32456,-36
74.8896,3,in,32460,-126.2
74.8941,3,in,32464,0.8
74.8983,3,in,32468,-76.6
74.9026,3,in,32472,-22
74.9068,3,in,32476,-46.6
74.9109,3,in,32480,-59
74.9153,3,in,32484,-34.6
74.9201,3,in,32488,-59
74.9247,3,in,32492,-42.6
74.929,3,in,32496,-52
74.933,3,in,32500,-26.2
74.9372,3,in,32504,-90.6
74.9413,3,in,32508,-111
74.9459,3,in,32512,-63.2
74.9508,3,in,32516,-63
74.9552,3,in,32520,-19.2
74.9593,3,in,32524,-43.8
74.9634,3,in,32528,-75.8
74.9681,3,in,32532,-53.4
74.9721,3,in,32536,-37.8
74.9773,3,in,32540,-34.8
74.9823,3,in,32544,-9.2
74.9863,3,in,32548,-68.4
74.9904,3,in,32552,-70.2
74.9945,3,in,32556,-26.4
74.9986,3,in,32560,-23.8
75.0037,3,in,32564,-91
75.0082,3,in,32568,-77.4
75.0123,3,in,32572,-115
75.0164,3,in,32576,-74
75.0215,3,in,32580,-47.4
75.026,3,in,32584,-71.8
75.03,3,in,32588,-18.8
75.0343,3,in,32592,-9
75.0391,3,in,32596,-26.6
75.0433,3,in,32600,-70.4
75.0474,3,in,32604,-99.6
75.0518,3,in,32608,-20
75.0575,3,in,32612,-104.4
75.0618,3,in,32616,2.4
75.0659,3,in,32620,-36
75.0704,3,in,32624,-75
75.0754,3,in,32628,-70
75.0796,3,in,32632,-29.6
75.0838,3,in,32636,-92.8
75.0884,3,in,32640,-101.4
75.0933,3,in,32644,-86.2
75.0982,3,in,32648,-41
75.1026,3,in,32652,-66.6
75.1068,3,in,32656,-82.8
75.1115,3,in,32660,-53.6
75.1154,3,in,32664,-26.6
75.1197,3,in,32668,-23.6
75.1238,3,in,32672,-71.2
75.1288,3,in,32676,-17.4
75.1327,3,in,32680,-1
75.1374,3,in,32684,-18.4
75.1418,3,in,32688,-37.4
75.1464,3,in,32692,-51
75.1509,3,in,32696,-17.8
75.1553,3,in,32700,-58.2
75.1593,3,in,32704,-86
75.164,3,in,32708,-49.4
75.1684,3,in,32712,0.2
75.1728,3,in,32716,-42
75.1773,3,in,32720,-64.2
75.1826,3,in,32724,-47
75.1868,3,in,32728,-56.4
75.1911,3,in,32732,-71.2
75.1955,3,in,32736,-98.6
75.2003,3,in,32740,-32
75.2045,3,in,32744,-72.4
75.2091,3,in,32748,-56.8
75.2137,3,in,32752,-83
75.2181,3,in,32756,-21.6
75.2224,3,in,32760,-75.8
75.2268,3,in,32764,-86.8
75.2308,3,in,32768,-30
75.2346,3,in,32772,-44
75.2391,3,in,32776,-93.6
75.2437,3,in,32780,-46.4
75.2481,3,in,32784,-4.8
75.2519,3,in,32788,-60.8
75.2562,3,in,32792,-81
75.2599,3,in,32796,-58.8
75.2635,3,in,32800,-56.6
75.2669,3,in,32804,-62.4
75.2709,3,in,32808,-66.2
75.2749,3,in,32812,-79.2
75.2787,3,in,32816,-38.6
75.2827,3,in,32820,-73
75.2871,3,in,32824,-68.4
75.2914,3,in,32828,-75
75.2956,3,in,32832,-38
75.2998,3,in,32836,-73.4
75.3038,3,in,32840,-111
75.3088,3,in,32844,-56.2
75.3126,3,in,32848,-27
75.3168,3,in,32852,-48.8
75.3212,3,in,32856,-51.4
75.3266,3,in,32860,-12.2
75.3307,3,in,32864,-35
75.3347,3,in,32868,-71.4
75.3394,3,in,32872,-41.8
75.3441,3,in,32876,-66.4
75.3485,3,in,32880,-78.4
75.3527,3,in,32884,-71.6
75.3566,3,in,32888,-85.8
75.3611,3,in,32892,-47
75.3652,3,in,32896,-47.8
75.3695,3,in,32900,-15
75.374,3,in,32904,-122.4
75.3783,3,in,32908,-109.8
75.3824,3,in,32912,-69.8
75.3868,3,in,32916,-30.8
75.3906,3,in,32920,-36.2
75.3947,3,in,32924,-37.6
75.3991,3,in,32928,-88.2
75.4029,3,in,32932,-80
75.4069,3,in,32936,-82.4
75.4109,3,in,32940,-52.4
75.4155,3,in,32944,-37.2
75.4194,3,in,32948,-58
75.4233,3,in,32952,-89
75.4274,3,in,32956,-10
75.4317,3,in,32960,-82.4
75.436,3,in,32964,-71.4
75.4397,3,in,32968,-41.6
75.4439,3,in,32972,-49.8
75.4479,3,in,32976,-47.6
75.4526,3,in,32980,-56.8
75.4568,3,in,32984,-93.4
75.4609,3,in,32988,-81
75.4648,3,in,32992,-67.2
75.4697,3,in,32996,-40.8
75.4744,3,in,33000,-64
75.4785,3,in,33004,-53.8
75.4825,3,in,33008,-63.4
75.4874,3,in,33012,-77.8
75.4926,3,in,33016,-89.2
75.4967,3,in,33020,-20.2
75.5009,3,in,33024,-21.6
75.5054,3,in,33028,-55.6
75.5095,3,in,33032,-56.6
75.5135,3,in,33036,-36.6
75.5177,3,in,33040,-46.8
75.5224,3,in,33044,-74.6
75.5267,3,in,33048,-42.6
75.5309,3,in,33052,-29.8
75.5351,3,in,33056,-63.6
75.5402,3,in,33060,-75
75.5451,3,in,33064,-47.2
75.5496,3,in,33068,-23.8
75.5541,3,in,33072,-45.8
75.5586,3,in,33076,-122.4
75.563,3,in,33080,-72.4
75.5671,3,in,33084,-37.4
75.571,3,in,33088,-64.6
75.5746,3,in,33092,-114.4
75.5787,3,in,33096,-36
75.583,3,in,33100,-29.8
75.5868,3,in,33104,-54.6
75.5904,3,in,33108,-91.8
75.5941,3,in,33112,-101.2
75.5981,3,in,33116,-89.8
75.6016,3,in,33120,-82.4
75.6052,3,in,33124,-43
75.6088,3,in,33128,-80.2
75.6126,3,in,33132,-53.8
75.6163,3,in,33136,-60
75.6198,3,in,33140,-70.8
75.6235,3,in,33144,-67.8
75.627,3,in,33148,-89.8
75.6313,3,in,33152,-93.2
75.635,3,in,33156,-74.8
75.6385,3,in,33160,-71.4
75.6424,3,in,33164,-59.2
75.6464,3,in,33168,-53.6
75.6504,3,in,33172,-62.8
75.6542,3,in,33176,-96.8
75.6578,3,in,33180,-81.6
75.6613,3,in,33184,-74.4
75.6648,3,in,33188,-68
75.6688,3,in,33192,-70.2
75.6726,3,in,33196,-50.4
75.6773,3,in,33200,-61
75.6819,3,in,33204,-63
75.6863,3,in,33208,-63
75.6906,3,in,33212,-110.2
75.6946,3,in,33216,-73.4
75.699,3,in,33220,-70.6
75.703,3,in,33224,-67.2
75.7074,3,in,33228,-105.2
75.7118,3,in,33232,-59.6
75.7166,3,in,33236,-56.2
75.7216,3,in,33240,-35.2
75.7263,3,in,33244,-73
75.7306,3,in,33248,-66.8
75.7355,3,in,33252,-124.6
75.7403,3,in,33256,-152.8
75.7455,3,in,33260,-187.8
75.75,3,in,33264,-91.6
75.7542,3,in,33268,-30.8
75.7581,3,in,33272,-61.6
75.7622,3,in,33276,-60.6
75.7667,3,in,33280,-90.8
75.7715,3,in,33284,-71.8
75.7758,3,in,33288,-43.8
75.7802,3,in,33292,-71.6
75.7848,3,in,33296,-107.6
75.7894,3,in,33300,-125
75.7938,3,in,33304,-133.6
75.7983,3,in,33308,-126.4
75.8028,3,in,33312,-129
75.807,3,in,33316,-113.6
75.8108,3,in,33320,-107.2
75.8149,3,in,33324,-64.4
75.8192,3,in,33328,-77.4
75.8239,3,in,33332,-90.4
75.8281,3,in,33336,-92.6
75.8323,3,in,33340,-110.8
75.8362,3,in,33344,-127.2
75.8403,3,in,33348,-95.8
75.8453,3,in,33352,-86
75.8496,3,in,33356,-125.8
75.854,3,in,33360,-125.6
75.8588,3,in,33364,-167
75.8644,3,in,33368,-114.2
75.8689,3,in,33372,-83.6
75.8733,3,in,33376,-142.6
75.8775,3,in,33380,-133.8
75.8826,3,in,33384,-84.6
75.8869,3,in,33388,-101.6
75.8915,3,in,33392,-119.6
75.8969,3,in,33396,-118.2
75.9016,3,in,33400,-158.8
75.9067,3,in,33404,-156.6
75.9117,3,in,33408,-168
75.9176,3,in,33412,-154.8
75.9225,3,in,33416,-176.6
75.9279,3,in,33420,-145.4
75.9323,3,in,33424,-122.4
75.9371,3,in,33428,-132.2
75.9418,3,in,33432,-111.2
75.9466,3,in,33436,-120.8
75.9518,3,in,33440,-111.6
75.9562,3,in,33444,-116.4
75.9616,3,in,33448,-142.4
75.9666,3,in,33452,-150.4
75.9715,3,in,33456,-208.4
75.9762,3,in,33460,-188.2
75.9804,3,in,33464,-174.4
75.9844,3,in,33468,-212
75.9887,3,in,33472,-209.4
75.9929,3,in,33476,-174.8
75.9978,3,in,33480,-187
76.0028,3,in,33484,-168.4
76.0077,3,in,33488,-173.2
76.0129,3,in,33492,-149
76.0177,3,in,33496,-189.4
76.0229,3,in,33500,-194.6
76.0277,3,in,33504,-201.4
76.0323,3,in,33508,-222.2
76.0367,3,in,33512,-226.6
76.0419,3,in,33516,-215
76.0466,3,in,33520,-256
76.0519,3,in,33524,-250.6
76.0567,3,in,33528,-266.2
76.0618,3,in,33532,-276.6
76.0667,3,in,33536,-258
76.071,3,in,33540,-258.2
76.0761,3,in,33544,-295.6
76.0807,3,in,33548,-270.8
76.0853,3,in,33552,-304.2
76.0902,3,in,33556,-301.4
76.0949,3,in,33560,-287.8
76.0995,3,in,33564,-301.4
76.1043,3,in,33568,-362.4
76.109,3,in,33572,-387.6
76.1149,3,in,33576,-347
76.1197,3,in,33580,-349.6
76.1242,3,in,33584,-403.8
76.129,3,in,33588,-422.2
76.1342,3,in,33592,-416.2
76.139,3,in,33596,-402
76.144,3,in,33600,-388.8
76.1488,3,in,33604,-379.2
76.1532,3,in,33608,-384.4
76.158,3,in,33612,-363.4
76.163,3,in,33616,-353.8
76.1678,3,in,33620,-371.6
76.1728,3,in,33624,-424.8
76.1777,3,in,33628,-445.6
76.1823,3,in,33632,-396.6
76.1874,3,in,33636,-455.2
76.1921,3,in,33640,-442.8
76.1965,3,in,33644,-420.8
76.2008,3,in,33648,-419.2
76.2062,3,in,33652,-421.6
76.2109,3,in,33656,-417.4
76.2159,3,in,33660,-418.4
76.2206,3,in,33664,-485.4
76.2259,3,in,33668,-587
76.2306,3,in,33672,-577.2
76.2349,3,in,33676,-630.2
76.2392,3,in,33680,-667.4
76.2443,3,in,33684,-733
76.2492,3,in,33688,-750
76.2543,3,in,33692,-716.4
76.2589,3,in,33696,-766.4
76.263,3,in,33700,-708
76.2671,3,in,33704,-683.2
76.2715,3,in,33708,-844.4
76.2767,3,in,33712,-704.8
76.2824,3,in,33716,-801.2
76.2875,3,in,33720,-873.2
76.2917,3,in,33724,-897.4
76.2961,3,in,33728,-781.6
76.3007,3,in,33732,-720.4
76.3057,3,in,33736,-1001.4
76.3109,3,out,33732,-955
76.3161,3,out,33728,-981.8
76.3211,3,out,33724,-1109.4
76.3261,3,out,33720,-1133.4
76.3309,3,out,33716,-1098.2
76.3356,3,out,33712,-1276.8
76.3405,3,out,33708,-1198.8
76.3451,3,out,33704,-1202.8
76.35,3,out,33700,-1227
76.3552,3,out,33696,-1109.8
76.3598,3,out,33692,-1099
76.3654,3,out,33688,-1448.8
76.3703,3,out,33684,-1427
76.3748,3,out,33680,-1447.8
76.3794,3,out,33676,-1358.2
76.3845,3,out,33672,-1311.4
76.389,3,out,33668,-1493.2
76.3934,3,out,33664,-1291.2
76.3993,3,out,33660,-1294.6
76.4044,3,out,33656,-1413
76.409,3,out,33652,-1405.4
76.4141,3,out,33648,-1368.2
76.4185,3,out,33644,-1087
76.4231,3,out,33640,-1353.2
76.4282,3,out,33636,-1271.2
76.4335,3,out,33632,-1508.8
76.4382,3,out,33628,-1679.2
76.4428,3,out,33624,-2034.6
76.4471,3,out,33620,-2037.6
76.4516,3,out,33616,-2142.8
76.4566,3,out,33612,-1922.8
76.4614,3,out,33608,-2076
76.466,3,out,33604,-1709.6
76.4716,3,out,33600,-1643.8
76.476,3,out,33596,-1677.8
76.4806,3,out,33592,-1661.8
76.4852,3,out,33588,-1724
76.4905,3,out,33584,-1681.6
76.4948,3,out,33580,-2139.2
76.4993,3,out,33576,-1949.2
76.5036,3,out,33572,-1921
76.5087,3,out,33568,-1873.2
76.5133,3,out,33564,-1839.2
76.5183,3,out,33560,-1852.6
76.5231,3,out,33556,-1964.8
76.5273,3,out,33552,-1854.4
76.5315,3,out,33548,-1948
76.5357,3,out,33544,-1655.8
76.5399,3,out,33540,-1655.6
76.5441,3,out,33536,-1834.6
76.5483,3,out,33532,-1714.4
76.5534,3,out,33528,-2038.8
76.5571,3,out,33524,-2006.2
76.5612,3,out,33520,-2019.4
76.5652,3,out,33516,-1900.6
76.5693,3,out,33512,-1818.4
76.5734,3,out,33508,-1792.4
76.5784,3,out,33504,-1945.6
76.583,3,out,33500,-2025.2
76.587,3,out,33496,-1935.6
76.591,3,out,33492,-2060.2
76.5958,3,out,33488,-2055.8
76.6001,3,out,33484,-1992.4
76.6043,3,out,33480,-1971.2
76.6091,3,out,33476,-1948.6
76.6142,3,out,33472,-1936.8
76.6183,3,out,33468,-1931
76.6225,3,out,33464,-1946.4
76.6268,3,out,33460,-1981
76.6319,3,out,33456,-1940
76.6367,3,out,33452,-1915.6
76.6423,3,out,33448,-1895.4
76.6472,3,out,33444,-1900.2
76.6521,3,out,33440,-1923
76.6567,3,out,33436,-1927.2
76.6627,3,out,33432,-1978
76.6684,3,out,33428,-1926.6
76.6737,3,out,33424,-1867.2
76.6784,3,out,33420,-1710.6
76.6825,3,out,33416,-2009
76.6876,3,out,33412,-2022.2
76.6921,3,out,33408,-2122
76.6966,3,out,33404,-2059.4
76.7008,3,out,33400,-2091.2
76.7049,3,out,33396,-2120.8
76.7091,3,out,33392,-2215
76.7129,3,out,33388,-2299.6
76.7172,3,out,33384,-2085.4
76.7217,3,out,33380,-2033.2
76.7259,3,out,33376,-2047.4
76.7304,3,out,33372,-1933.2
76.7344,3,out,33368,-1798
76.74,3,out,33364,-1978.4
76.7449,3,out,33360,-1841.6
76.7494,3,out,33356,-1932.6
76.7537,3,out,33352,-1927.4
76.7577,3,out,33348,-1841
76.7618,3,out,33344,-1846.4
76.7656,3,out,33340,-1799.8
76.7696,3,out,33336,-1870.8
76.7736,3,out,33332,-1895.4
76.7775,3,out,33328,-1948.2
76.7818,3,out,33324,-1998.4
76.786,3,out,33320,-1946.6
76.7904,3,out,33316,-2120.2
76.795,3,out,33312,-1891.6
76.7997,3,out,33308,-1709
76.8041,3,out,33304,-1803.6
76.8084,3,out,33300,-1778
76.8125,3,out,33296,-1749.6
76.817,3,out,33292,-1713.4
76.8214,3,out,33288,-1782.2
76.8261,3,out,33284,-1831
76.8311,3,out,33280,-1830.2
76.8361,3,out,33276,-1832.8
76.841,3,out,33272,-1856.2
76.847,3,out,33268,-1878.4
76.8518,3,out,33264,-1897.4
76.8566,3,out,33260,-1912
76.8619,3,out,33256,-1825
76.8666,3,out,33252,-1876.6
76.8712,3,out,33248,-1873.6
76.8757,3,out,33244,-1686.6
76.881,3,out,33240,-1682.4
76.8855,3,out,33236,-1734
76.8906,3,out,33232,-1801
76.8952,3,out,33228,-1745.6
76.8999,3,out,33224,-1907.6
76.904,3,out,33220,-1843.4
76.9081,3,out,33216,-1971.2
76.9124,3,out,33212,-2296.2
76.918,3,out,33208,-2256.2
76.9221,3,out,33204,-2135.2
76.9265,3,out,33200,-2148
76.9306,3,out,33196,-2190.2
76.9359,3,out,33192,-2229.2
76.9403,3,out,33188,-2094.6
76.9443,3,out,33184,-2263
76.9483,3,out,33180,-2408.4
76.9536,3,out,33176,-2252.4
76.9578,3,out,33172,-2154.6
76.9622,3,out,33168,-2013.6
76.9668,3,out,33164,-1782.6
76.9718,3,out,33160,-2063.2
76.976,3,out,33156,-2093.4
76.9804,3,out,33152,-2105.2
76.9848,3,out,33148,-2165.8
76.9897,3,out,33144,-2334
76.9946,3,out,33140,-2002.2
76.9996,3,out,33136,-2078.4
77.0041,3,out2,33086,-2099.8
77.0084,3,out2,33036,-2166.4
77.0126,3,out2,32986,-2032.2
77.0174,3,out2,32936,-2072.6
77.0222,3,out2,32886,-2121.6
77.0268,3,out2,32836,-1925
77.0313,3,out2,32786,-1910.6
77.0354,3,out2,32736,-1786.4
77.0397,3,out2,32686,-1574.8
77.0442,3,out2,32636,-1616.2
77.0488,3,out2,32586,-1449.8
77.053,3,out2,32536,-1600.2
77.0572,3,out2,32486,-1597
77.0616,3,out2,32436,-1568
77.0658,3,out2,32386,-1164.6
77.0694,3,out2,32336,-1297.4
77.0736,3,out2,32286,-1281.4
77.0782,3,out2,32236,-1107.2
77.0825,3,out2,32186,-974.8
77.0871,3,out2,32136,-1373
77.0911,3,out2,32086,-1438.2
77.0952,3,out2,32036,-1445.2
77.0998,3,out2,31986,-1419
77.1037,3,out2,31936,-1280.8
77.1083,3,out2,31886,-1096.4
77.1136,3,out2,31836,-921.8
77.1178,3,out2,31786,-735.8
77.122,3,out2,31736,-950
77.1261,3,out2,31686,-818.4
77.1304,3,out2,31636,-122.6
77.1348,4,in,31636,-70.6
77.1391,4,in,31640,-148.2
77.1441,4,in,31644,-80.8
77.1502,4,in,31648,-47.6
77.1549,4,in,31652,-50.4
77.1601,4,in,31656,-59.6
77.165,4,in,31660,-71.6
77.1701,4,in,31664,-50.4
77.1749,4,in,31668,-86.4
77.1799,4,in,31672,-72.8
77.1852,4,in,31676,-80.4
77.1899,4,in,31680,-166.8
77.1944,4,in,31684,-138.6
77.1989,4,in,31688,-34.2
77.2047,4,in,31692,-63.6
77.2097,4,in,31696,-84.6
77.2143,4,in,31700,-83
77.219,4,in,31704,-75
77.2239,4,in,31708,-60.8
77.2285,4,in,31712,-61.2
77.2335,4,in,31716,-77.6
77.2383,4,in,31720,-76.4
77.243,4,in,31724,-69.2
77.2479,4,in,31728,-76.8
77.2529,4,in,31732,-44.6
77.258,4,in,31736,-41.8
77.2629,4,in,31740,-34
77.2676,4,in,31744,-48
77.2726,4,in,31748,-43.6
77.2775,4,in,31752,-71
77.2822,4,in,31756,-69
77.287,4,in,31760,-34.4
77.2924,4,in,31764,-68.8
77.2972,4,in,31768,-82
77.3022,4,in,31772,-35.8
77.3069,4,in,31776,-89.4
77.3119,4,in,31780,-62.2
77.3169,4,in,31784,-60.6
77.3217,4,in,31788,-56
77.3263,4,in,31792,-71.2
77.3313,4,in,31796,-38.8
77.3358,4,in,31800,-24.6
77.3403,4,in,31804,-93.6
77.3441,4,in,31808,-51.8
77.3488,4,in,31812,-34
77.353,4,in,31816,-72.8
77.357,4,in,31820,-48.6
77.3613,4,in,31824,-74.2
77.3661,4,in,31828,-44.4
77.3702,4,in,31832,-95
77.3743,4,in,31836,-76.6
77.3789,4,in,31840,-63.2
77.3837,4,in,31844,-69.4
77.3882,4,in,31848,-64.2
77.3922,4,in,31852,-79
77.3965,4,in,31856,-67.8
77.4014,4,in,31860,-38.8
77.4057,4,in,31864,-26.2
77.4103,4,in,31868,-54.4
77.4141,4,in,31872,-13
77.419,4,in,31876,-56.8
77.4236,4,in,31880,-132.8
77.4275,4,in,31884,-67
77.4315,4,in,31888,-72
77.436,4,in,31892,-68.4
77.4408,4,in,31896,-66.6
77.4449,4,in,31900,-48
77.4492,4,in,31904,-12.8
77.4535,4,in,31908,-52.8
77.4576,4,in,31912,-98.8
77.4614,4,in,31916,-31
77.4654,4,in,31920,-130.4
77.4694,4,in,31924,-61
77.4732,4,in,31928,-35.8
77.477,4,in,31932,-50.6
77.4806,4,in,31936,-57.2
77.4847,4,in,31940,-62.8
77.4887,4,in,31944,-61.8
77.4924,4,in,31948,-73.8
77.4965,4,in,31952,-74.8
77.5009,4,in,31956,-60
77.5049,4,in,31960,-86.6
77.5095,4,in,31964,-86.6
77.5138,4,in,31968,-58.4
77.5183,4,in,31972,-24
77.522,4,in,31976,-78.4
77.5271,4,in,31980,-80.4
77.5321,4,in,31984,-82.8
77.5368,4,in,31988,-62.2
77.5415,4,in,31992,-54
77.5457,4,in,31996,-87.4
77.5506,4,in,32000,-42
77.5547,4,in,32004,-89.6
77.5586,4,in,32008,-77.4
77.5633,4,in,32012,-61
77.5682,4,in,32016,-14.8
77.5726,4,in,32020,-70.6
77.577,4,in,32024,-84.2
77.5815,4,in,32028,-22
77.5854,4,in,32032,-69.8
77.5891,4,in,32036,-54
77.5928,4,in,32040,-89
77.5971,4,in,32044,-59.6
77.6012,4,in,32048,-44.6
77.6053,4,in,32052,-65.2
77.6096,4,in,32056,-75.8
77.6135,4,in,32060,-24.8
77.6176,4,in,32064,-19.6
77.6215,4,in,32068,-53.4
77.6253,4,in,32072,-103
77.6294,4,in,32076,-45.6
77.6333,4,in,32080,-91.2
77.6373,4,in,32084,-63.2
77.6419,4,in,32088,-75.2
77.6459,4,in,32092,-29.2
77.6498,4,in,32096,-69.4
77.6541,4,in,32100,-80.6
77.6585,4,in,32104,-58.6
77.6628,4,in,32108,-96.4
77.6668,4,in,32112,-100.8
77.671,4,in,32116,-64.6
77.6748,4,in,32120,-35
77.6787,4,in,32124,-63.6
77.6826,4,in,32128,-106.2
77.6866,4,in,32132,-104.6
77.6908,4,in,32136,-45.4
77.695,4,in,32140,-84.8
77.6991,4,in,32144,-99.2
77.7032,4,in,32148,-87.8
77.7074,4,in,32152,-98.8
77.7114,4,in,32156,-98
77.7158,4,in,32160,-58.6
77.7198,4,in,32164,-70.6
77.7237,4,in,32168,-102.6
77.7276,4,in,32172,-96.2
77.7317,4,in,32176,-84.6
77.7355,4,in,32180,-78
77.7391,4,in,32184,-71.2
77.7432,4,in,32188,-84.4
77.7471,4,in,32192,-40.6
77.7516,4,in,32196,-69.6
77.756,4,in,32200,-86.2
77.7604,4,in,32204,-74.2
77.764,4,in,32208,-72.8
77.7684,4,in,32212,-80.6
77.7726,4,in,32216,-85.4
77.7766,4,in,32220,-94.2
77.7802,4,in,32224,-59
77.784,4,in,32228,-58.4
77.7876,4,in,32232,-74.8
77.7921,4,in,32236,-56.4
77.7957,4,in,32240,-70.4
77.8001,4,in,32244,-27.2
77.8044,4,in,32248,-86
77.809,4,in,32252,-97.6
77.8135,4,in,32256,-107
77.8184,4,in,32260,-29
77.8226,4,in,32264,-112.8
77.8262,4,in,32268,-106
77.8307,4,in,32272,-32.4
77.8347,4,in,32276,-14.6
77.8388,4,in,32280,-49
77.8433,4,in,32284,-90.2
77.8477,4,in,32288,-88.2
77.852,4,in,32292,-77.6
77.8563,4,in,32296,-108.4
77.8608,4,in,32300,-100.2
77.865,4,in,32304,-89.8
77.8691,4,in,32308,-91.6
77.873,4,in,32312,-111.8
77.8773,4,in,32316,-58.4
77.8818,4,in,32320,-65.4
77.8861,4,in,32324,-130.8
77.8906,4,in,32328,-30.2
77.8949,4,in,32332,-95
77.8993,4,in,32336,-89
77.9037,4,in,32340,-96
77.908,4,in,32344,-69
77.9124,4,in,32348,-104.6
77.9171,4,in,32352,-84.8
77.9219,4,in,32356,-121.8
77.9266,4,in,32360,-87
77.9312,4,in,32364,-91.8
77.9356,4,in,32368,-96
77.9404,4,in,32372,-85.8
77.9448,4,in,32376,-84.2
77.9491,4,in,32380,-111.4
77.9535,4,in,32384,-94.8
77.9578,4,in,32388,-115
77.9623,4,in,32392,-97.8
77.967,4,in,32396,-82.8
77.9713,4,in,32400,-83.2
77.9757,4,in,32404,-70.6
77.9801,4,in,32408,-87.6
77.984,4,in,32412,-69.2
77.9881,4,in,32416,-93.4
77.9923,4,in,32420,-83.4
77.9966,4,in,32424,-112.2
78.0009,4,in,32428,-31.4
78.0049,4,in,32432,-28.6
78.0094,4,in,32436,-73.8
78.0139,4,in,32440,-64.4
78.0186,4,in,32444,-68.6
78.023,4,in,32448,-37.4
78.0268,4,in,32452,-107.6
78.0314,4,in,32456,-69.6
78.0352,4,in,32460,-118.6
78.0396,4,in,32464,-95.6
78.0442,4,in,32468,-135.6
78.0487,4,in,32472,-55.6
78.0533,4,in,32476,-91
78.0581,4,in,32480,-139.6
78.0619,4,in,32484,-77.6
78.0665,4,in,32488,-48
78.0712,4,in,32492,-70.6
78.0768,4,in,32496,-80.8
78.0811,4,in,32500,-68.8
78.0855,4,in,32504,-65.8
78.0902,4,in,32508,-103.8
78.0944,4,in,32512,-123.8
78.099,4,in,32516,-52.8
78.1036,4,in,32520,-87.6
78.1083,4,in,32524,-112
78.113,4,in,32528,-131.2
78.117,4,in,32532,-86.2
78.1214,4,in,32536,-33.4
78.1259,4,in,32540,-116.8
78.1303,4,in,32544,-94.2
78.1349,4,in,32548,-73
78.1391,4,in,32552,-117.8
78.1438,4,in,32556,-110.6
78.1484,4,in,32560,-39.6
78.1528,4,in,32564,-86.6
78.1571,4,in,32568,-111
78.1614,4,in,32572,-116.2
78.1657,4,in,32576,-85.4
78.1704,4,in,32580,-145.2
78.175,4,in,32584,-110.4
78.1793,4,in,32588,-42.6
78.1839,4,in,32592,-74.8
78.1886,4,in,32596,-137
78.1927,4,in,32600,-220.2
78.1969,4,in,32604,-79.6
78.201,4,in,32608,-85.4
78.2051,4,in,32612,-169.4
78.2094,4,in,32616,-336.2
78.2131,4,in,32620,-138.2
78.2171,4,in,32624,-135.8
78.2214,4,in,32628,-97.8
78.2251,4,in,32632,-154.8
78.2292,4,in,32636,-131.2
78.2334,4,in,32640,-129.2
78.237,4,in,32644,-147.8
78.2406,4,in,32648,-115.4
78.2442,4,in,32652,-100.8
78.2481,4,in,32656,-74.2
78.2525,4,in,32660,-114.2
78.2561,4,in,32664,-79.2
78.2606,4,in,32668,-55
78.2656,4,in,32672,-53.2
78.2698,4,in,32676,-62.4
78.2745,4,in,32680,-75.4
78.2799,4,in,32684,-61.2
78.2844,4,in,32688,-71
78.2891,4,in,32692,-98.6
78.2937,4,in,32696,-75.4
78.2979,4,in,32700,-81
78.3023,4,in,32704,-83
78.3068,4,in,32708,-56.6
78.3103,4,in,32712,-80.8
78.3141,4,in,32716,-91
78.3181,4,in,32720,-62.2
78.3219,4,in,32724,-77.4
78.3255,4,in,32728,-101.6
78.3296,4,in,32732,-78.6
78.3336,4,in,32736,-104.8
78.3371,4,in,32740,-64.8
78.3412,4,in,32744,-96
78.3454,4,in,32748,-82
78.3491,4,in,32752,-87.8
78.3531,4,in,32756,-29
78.3579,4,in,32760,-59.8
78.3619,4,in,32764,-76.4
78.3659,4,in,32768,-55.4
78.3696,4,in,32772,-90
78.3735,4,in,32776,-93
78.3769,4,in,32780,-79.4
78.3806,4,in,32784,-63.6
78.3839,4,in,32788,-42.2
78.3876,4,in,32792,-74.6
78.3911,4,in,32796,-83.4
78.3946,4,in,32800,-98
78.3981,4,in,32804,-60.4
78.402,4,in,32808,-82.8
78.406,4,in,32812,-98.4
78.4107,4,in,32816,-109.4
78.4145,4,in,32820,-69.2
78.4186,4,in,32824,-19.4
78.4227,4,in,32828,-109.4
78.4267,4,in,32832,-71.8
78.4308,4,in,32836,-120
78.4348,4,in,32840,-64.8
78.4389,4,in,32844,-59.8
78.4431,4,in,32848,-111.6
78.448,4,in,32852,-50.4
78.4524,4,in,32856,-119.4
78.4565,4,in,32860,-115.4
78.4608,4,in,32864,-139.4
78.465,4,in,32868,-121.2
78.4698,4,in,32872,-127.4
78.4739,4,in,32876,-70.4
78.4779,4,in,32880,-107.4
78.4829,4,in,32884,-77
78.4868,4,in,32888,-68
78.4921,4,in,32892,-136.2
78.4964,4,in,32896,-124.8
78.5015,4,in,32900,-39.2
78.5055,4,in,32904,-65
78.5103,4,in,32908,-110.6
78.5147,4,in,32912,-88.8
78.5195,4,in,32916,-57.2
78.5239,4,in,32920,-61.6
78.5282,4,in,32924,-124
78.5326,4,in,32928,-38.6
78.5372,4,in,32932,-79.2
78.5419,4,in,32936,-130
78.5465,4,in,32940,-60
78.5511,4,in,32944,-102.2
78.5561,4,in,32948,-79.4
78.5609,4,in,32952,-69.4
78.5653,4,in,32956,-71.6
78.5703,4,in,32960,-67.4
78.5757,4,in,32964,-101
78.5803,4,in,32968,-98.8
78.5855,4,in,32972,-60.8
78.5905,4,in,32976,-109.4
78.5963,4,in,32980,-91.8
78.6016,4,in,32984,-86.6
78.606,4,in,32988,-126.4
78.6108,4,in,32992,-124
78.6149,4,in,32996,-49.4
78.619,4,in,33000,-68.6
78.6235,4,in,33004,-136.8
78.628,4,in,33008,-131
78.6326,4,in,33012,-65.4
78.6377,4,in,33016,-92.8
78.6428,4,in,33020,-109.2
78.6472,4,in,33024,-79.4
78.6519,4,in,33028,-53.6
78.6562,4,in,33032,-100.6
78.661,4,in,33036,-108.2
78.665,4,in,33040,-77.8
78.6694,4,in,33044,-92.6
78.674,4,in,33048,-91
78.6781,4,in,33052,-91.6
78.6828,4,in,33056,-107.2
78.6874,4,in,33060,-118
78.6935,4,in,33064,-138.2
78.6986,4,in,33068,-89.4
78.7036,4,in,33072,-118.2
78.7087,4,in,33076,-108.8
78.7142,4,in,33080,-131.8
78.7191,4,in,33084,-145.4
78.7259,4,in,33088,-111.8
78.7309,4,in,33092,-116
78.7356,4,in,33096,-116.4
78.7405,4,in,33100,-145.2
78.7448,4,in,33104,-117.2
78.7492,4,in,33108,-79.4
78.7537,4,in,33112,-99.6
78.7576,4,in,33116,-93
78.7618,4,in,33120,-129.6
78.7664,4,in,33124,-89
78.771,4,in,33128,-118.8
78.7755,4,in,33132,-118
78.7803,4,in,33136,-113.2
78.7845,4,in,33140,-115.2
78.7884,4,in,33144,-99.2
78.7924,4,in,33148,-103
78.7964,4,in,33152,-78.4
78.8025,4,in,33156,-96.6
78.8064,4,in,33160,-108.2
78.8104,4,in,33164,-122.6
78.8142,4,in,33168,-96.6
78.8183,4,in,33172,-102.8
78.822,4,in,33176,-106
78.8262,4,in,33180,-125.2
78.83,4,in,33184,-120.2
78.8339,4,in,33188,-84
78.8378,4,in,33192,-126.4
78.8417,4,in,33196,-143.4
78.8454,4,in,33200,-113.4
78.8491,4,in,33204,-130
78.853,4,in,33208,-97.8
78.8566,4,in,33212,-121.8
78.8605,4,in,33216,-151.4
78.8642,4,in,33220,-156.4
78.8678,4,in,33224,-106.2
78.8718,4,in,33228,-136.4
78.8763,4,in,33232,-154.4
78.8804,4,in,33236,-171.8
78.8843,4,in,33240,-100
78.8879,4,in,33244,-158.2
78.8915,4,in,33248,-136.2
78.8954,4,in,33252,-126
78.9,4,in,33256,-95.6
78.904,4,in,33260,-130.6
78.9084,4,in,33264,-97.8
78.9123,4,in,33268,-68.2
78.9167,4,in,33272,-139
78.9203,4,in,33276,-135.2
78.9245,4,in,33280,-119
78.9283,4,in,33284,-67.8
78.9323,4,in,33288,-144.2
78.9359,4,in,33292,-111.6
78.9397,4,in,33296,-138.4
78.9435,4,in,33300,-125.8
78.9473,4,in,33304,-140.8
78.9511,4,in,33308,-91
78.9544,4,in,33312,-157
78.9578,4,in,33316,-149.4
78.9617,4,in,33320,-163
78.9653,4,in,33324,-116.4
78.9694,4,in,33328,-90.2
78.9731,4,in,33332,-153.8
78.9777,4,in,33336,-168.2
78.9829,4,in,33340,-61
78.9869,4,in,33344,-110.6
78.9906,4,in,33348,-106
78.9954,4,in,33352,-154.8
79.0006,4,in,33356,-119.2
79.0054,4,in,33360,-157
79.0108,4,in,33364,-131.2
79.0156,4,in,33368,-116.6
79.0197,4,in,33372,-123.8
79.0238,4,in,33376,-88
79.0273,4,in,33380,-113.2
79.0312,4,in,33384,-106.6
79.0354,4,in,33388,-111.6
79.0395,4,in,33392,-131.8
79.0435,4,in,33396,-141.6
79.0473,4,in,33400,-121.4
79.0514,4,in,33404,-120
79.0552,4,in,33408,-168.6
79.059,4,in,33412,-121
79.0627,4,in,33416,-134.4
79.0666,4,in,33420,-138
79.0709,4,in,33424,-139.2
79.0746,4,in,33428,-144.2
79.0783,4,in,33432,-139.6
79.0824,4,in,33436,-177.2
79.0865,4,in,33440,-145.4
79.0902,4,in,33444,-176.2
79.0942,4,in,33448,-143
79.0981,4,in,33452,-115.8
79.1023,4,in,33456,-152.6
79.1065,4,in,33460,-183.4
79.1105,4,in,33464,-237.4
79.1147,4,in,33468,-195.4
79.1188,4,in,33472,-177.8
79.1233,4,in,33476,-180
79.1279,4,in,33480,-217
79.1322,4,in,33484,-203.2
79.1363,4,in,33488,-220.2
79.1407,4,in,33492,-223.8
79.1444,4,in,33496,-232.2
79.1481,4,in,33500,-188.2
79.1522,4,in,33504,-227.4
79.157,4,in,33508,-227.2
79.1614,4,in,33512,-197.8
79.1653,4,in,33516,-247.4
79.1694,4,in,33520,-152.8
79.1734,4,in,33524,-237.2
79.1776,4,in,33528,-238.2
79.1819,4,in,33532,-153
79.1871,4,in,33536,-156.4
79.1913,4,in,33540,-247.8
79.1957,4,in,33544,-206.6
79.2002,4,in,33548,-251.8
79.204,4,in,33552,-213.6
79.2078,4,in,33556,-246.6
79.2121,4,in,33560,-222.2
79.2163,4,in,33564,-197.8
79.2201,4,in,33568,-213
79.2244,4,in,33572,-211.6
79.2291,4,in,33576,-270.4
79.2333,4,in,33580,-212.2
79.237,4,in,33584,-219.4
79.2407,4,in,33588,-235.8
79.2447,4,in,33592,-201.8
79.249,4,in,33596,-202.4
79.2531,4,in,33600,-250.2
79.257,4,in,33604,-233.8
79.2614,4,in,33608,-238
79.2655,4,in,33612,-270.4
79.2694,4,in,33616,-203.4
79.2735,4,in,33620,-229.8
79.2778,4,in,33624,-240.8
79.2824,4,in,33628,-199
79.2862,4,in,33632,-229.2
79.2906,4,in,33636,-238.2
79.2949,4,in,33640,-283.8
79.2988,4,in,33644,-252.4
79.3027,4,in,33648,-325
79.3068,4,in,33652,-318.8
79.3112,4,in,33656,-355
79.3159,4,in,33660,-273.2
79.3204,4,in,33664,-245.4
79.3246,4,in,33668,-255.6
79.3292,4,in,33672,-257.8
79.3348,4,in,33676,-262.4
79.3396,4,in,33680,-272.6
79.344,4,in,33684,-312.6
79.3483,4,in,33688,-246.6
79.3529,4,in,33692,-274.6
79.3576,4,in,33696,-259.4
79.3626,4,in,33700,-306.2
79.3672,4,in,33704,-262.6
79.3728,4,in,33708,-283.2
79.3775,4,in,33712,-332
79.3823,4,in,33716,-322.2
79.387,4,in,33720,-456.4
79.3921,4,in,33724,-423.8
79.3975,4,in,33728,-366
79.4019,4,in,33732,-335.2
79.4068,4,in,33736,-345
79.4117,4,in,33740,-320.8
79.4166,4,in,33744,-310.2
79.4214,4,in,33748,-413.6
79.4262,4,in,33752,-501.8
79.4306,4,in,33756,-401.8
79.4356,4,in,33760,-392.2
79.4402,4,in,33764,-423.4
79.4449,4,in,33768,-462.2
79.4492,4,in,33772,-437
79.4538,4,in,33776,-489.2
79.4585,4,in,33780,-495.4
79.463,4,in,33784,-517.4
79.4676,4,in,33788,-545.8
79.472,4,in,33792,-474.8
79.4758,4,in,33796,-518
79.48,4,in,33800,-531.2
79.4837,4,in,33804,-590
79.4875,4,in,33808,-649.8
79.4917,4,in,33812,-560.4
79.4964,4,in,33816,-670.8
79.501,4,in,33820,-735.8
79.5053,4,in,33824,-683.8
79.5093,4,in,33828,-771
79.5138,4,in,33832,-872.4
79.518,4,in,33836,-843.8
79.5222,4,in,33840,-826
79.5267,4,in,33844,-1020
79.5312,4,out,33840,-986.6
79.5352,4,out,33836,-1022.4
79.539,4,out,33832,-1051.8
79.5433,4,out,33828,-1019.6
79.5473,4,out,33824,-1093.2
79.5519,4,out,33820,-1020
79.5557,4,out,33816,-957.4
79.56,4,out,33812,-1110
79.564,4,out,33808,-1254.4
79.5686,4,out,33804,-1293.2
79.5724,4,out,33800,-1257.2
79.577,4,out,33796,-1205
79.5812,4,out,33792,-1395.2
79.5857,4,out,33788,-1264
79.5897,4,out,33784,-1273.8
79.5941,4,out,33780,-1286.2
79.5987,4,out,33776,-1163.8
79.6041,4,out,33772,-1157
79.6085,4,out,33768,-1243
79.6125,4,out,33764,-1321
79.6165,4,out,33760,-1309.6
79.6213,4,out,33756,-1412
79.6252,4,out,33752,-1463.2
79.6293,4,out,33748,-1521.6
79.6335,4,out,33744,-1339.6
79.6377,4,out,33740,-1460.8
79.6419,4,out,33736,-1536.8
79.6458,4,out,33732,-1459.2
79.6501,4,out,33728,-1530.8
79.6545,4,out,33724,-1516.2
79.6592,4,out,33720,-1577
79.6631,4,out,33716,-1570.2
79.6672,4,out,33712,-1575.2
79.6716,4,out,33708,-1688
79.6766,4,out,33704,-1680.4
79.6809,4,out,33700,-1620.2
79.6855,4,out,33696,-1625.8
79.6902,4,out,33692,-1598.2
79.6952,4,out,33688,-1540.6
79.6995,4,out,33684,-1537.2
79.7036,4,out,33680,-1610
79.7076,4,out,33676,-1748.4
79.7117,4,out,33672,-1629.2
79.716,4,out,33668,-1616.2
79.72,4,out,33664,-1501.6
79.7241,4,out,33660,-1652.8
79.7288,4,out,33656,-1559.6
79.7331,4,out,33652,-1547.6
79.7376,4,out,33648,-1739.8
79.7418,4,out,33644,-1723
79.7461,4,out,33640,-1789.2
79.7506,4,out,33636,-1753
79.7547,4,out,33632,-1712.4
79.7593,4,out,33628,-1739.2
79.7637,4,out,33624,-1744
79.7678,4,out,33620,-1680
79.7718,4,out,33616,-1761.2
79.7761,4,out,33612,-1811.4
79.7804,4,out,33608,-1776.6
79.7847,4,out,33604,-1696.6
79.7895,4,out,33600,-1617.2
79.7942,4,out,33596,-1617.6
79.7991,4,out,33592,-1628.8
79.8038,4,out,33588,-1691.2
79.8083,4,out,33584,-1661
79.8125,4,out,33580,-1716.8
79.8166,4,out,33576,-1674.2
79.8207,4,out,33572,-1648.2
79.8249,4,out,33568,-1651.8
79.8293,4,out,33564,-1651.4
79.8344,4,out,33560,-1713.2
79.8388,4,out,33556,-1696.2
79.8434,4,out,33552,-1678.6
79.8483,4,out,33548,-1741.2
79.853,4,out,33544,-1643.6
79.858,4,out,33540,-1608.2
79.8637,4,out,33536,-1677.8
79.8689,4,out,33532,-1663.4
79.8733,4,out,33528,-1786.4
79.8778,4,out,33524,-1694.6
79.8826,4,out,33520,-1728
79.8877,4,out,33516,-1709.2
79.8924,4,out,33512,-1645.6
79.8975,4,out,33508,-1726.4
79.9029,4,out,33504,-1800.2
79.9078,4,out,33500,-1722.6
79.9123,4,out,33496,-2299.6
79.9174,4,out,33492,-2473.8
79.9221,4,out,33488,-2483.2
79.9271,4,out,33484,-2481.2
79.9315,4,out,33480,-2443.8
79.9365,4,out,33476,-2466
79.9415,4,out,33472,-2436.8
79.9461,4,out,33468,-2580.8
79.9511,4,out,33464,-2427.6
79.9553,4,out,33460,-2594
79.9602,4,out,33456,-2667.8
79.9651,4,out,33452,-2698.4
79.9699,4,out,33448,-2763
79.9745,4,out,33444,-2623.4
79.9801,4,out,33440,-2554.8
79.9847,4,out,33436,-2592
79.9888,4,out,33432,-2538
79.9933,4,out,33428,-2591.2
79.9982,4,out,33424,-2618.2
80.0029,4,out,33420,-2639.6
80.0075,4,out,33416,-2507.4
80.0128,4,out,33412,-2377.2
80.0174,4,out,33408,-2527.8
80.022,4,out,33404,-2568.2
80.0263,4,out,33400,-2654.2
80.0317,4,out,33396,-2695.8
80.0367,4,out,33392,-2471.8
80.0417,4,out,33388,-2464.2
80.0472,4,out,33384,-2493.2
80.0521,4,out,33380,-2521.8
80.0575,4,out,33376,-2570
80.0621,4,out,33372,-2510.6
80.0676,4,out,33368,-2502.2
80.0724,4,out,33364,-2594.2
80.0777,4,out,33360,-2477.4
80.0825,4,out,33356,-2534.4
80.0886,4,out,33352,-2402.4
80.0934,4,out,33348,-3060.2
80.0992,4,out,33344,-3064.2
80.1041,4,out,33340,-3163.6
80.1094,4,out,33336,-3163.8
80.114,4,out,33332,-3051.2
80.1194,4,out,33328,-3137.4
80.124,4,out,33324,-3172.4
80.1294,4,out,33320,-3255.4
80.1337,4,out,33316,-3278
80.1389,4,out,33312,-3163.4
80.1438,4,out,33308,-3268.6
80.1487,4,out,33304,-2722.4
80.1531,4,out,33300,-2757
80.158,4,out,33296,-2778.2
80.1632,4,out,33292,-2720.6
80.1682,4,out,33288,-2723.4
80.1727,4,out,33284,-2744.8
80.1772,4,out,33280,-2712.6
80.1823,4,out,33276,-2700
80.1869,4,out,33272,-2792.8
80.1911,4,out,33268,-2678.6
80.1953,4,out,33264,-2648.4
80.1994,4,out,33260,-2559
80.2037,4,out,33256,-2724.2
80.2088,4,out,33252,-2845
80.2133,4,out,33248,-2675.2
80.218,4,out,33244,-2631
80.2228,4,out2,33194,-2570.8
80.2283,4,out2,33144,-2567.4
80.2326,4,out2,33094,-2646.4
80.2379,4,out2,33044,-2736.6
80.2423,4,out2,32994,-2775.4
80.2465,4,out2,32944,-2709.2
80.2504,4,out2,32894,-2666.4
80.2545,4,out2,32844,-2463.4
80.2587,4,out2,32794,-2681.2
80.2638,4,out2,32744,-2579.4
80.2686,4,out2,32694,-2466.2
80.273,4,out2,32644,-2495.4
80.2773,4,out2,32594,-2480.6
80.2824,4,out2,32544,-2494.4
80.2868,4,out2,32494,-2416.6
80.291,4,out2,32444,-2348.8
80.2955,4,out2,32394,-2294.8
80.3002,4,out2,32344,-2282.8
80.3042,4,out2,32294,-2234.6
80.3088,4,out2,32244,-2252.8
80.3128,4,out2,32194,-2676.4
80.3179,4,out2,32144,-1946.4
80.322,4,out2,32094,-1719.4
80.3265,4,out2,32044,-1629.6
80.3307,4,out2,31994,-1327.4
80.3358,4,out2,31944,-1342
80.3408,4,out2,31894,-1203.8
80.3451,4,out2,31844,-944.4
80.3489,4,out2,31794,-397.4
80.3533,4,out2,31744,-187.2
80.358,4,out2,31694,-146.8
80.3623,5,in,31694,-111.6
80.368,5,in,31698,-114
80.3728,5,in,31702,-87.4
80.3772,5,in,31706,-76.2
80.3813,5,in,31710,-86.2
80.3855,5,in,31714,-70.6
80.3897,5,in,31718,-93
80.3942,5,in,31722,-50.8
80.3981,5,in,31726,-47.4
80.4028,5,in,31730,-83.4
80.4074,5,in,31734,-54.8
80.4112,5,in,31738,-79.2
80.4153,5,in,31742,-91.6
80.4195,5,in,31746,-43
80.4242,5,in,31750,-77
80.4287,5,in,31754,-63.6
80.4327,5,in,31758,-14.4
80.4368,5,in,31762,-78.4
80.441,5,in,31766,-40
80.445,5,in,31770,-96.2
80.4498,5,in,31774,-47.2
80.4541,5,in,31778,-67.4
80.4581,5,in,31782,-90.4
80.4622,5,in,31786,-71.4
80.4665,5,in,31790,-89.6
80.4711,5,in,31794,-14.2
80.4756,5,in,31798,-123
80.4801,5,in,31802,-77.8
80.4841,5,in,31806,-34
80.4887,5,in,31810,-65.2
80.4932,5,in,31814,-38.6
80.4976,5,in,31818,-67.6
80.5017,5,in,31822,-50.4
80.5062,5,in,31826,-39.8
80.5103,5,in,31830,-44.8
80.5146,5,in,31834,-38.4
80.5186,5,in,31838,-54.4
80.5228,5,in,31842,-38.6
80.5274,5,in,31846,-62
80.5324,5,in,31850,-26.2
80.5366,5,in,31854,-80.4
80.5409,5,in,31858,-70
80.545,5,in,31862,-78.8
80.5505,5,in,31866,-60.6
80.5546,5,in,31870,-88.8
80.559,5,in,31874,-65.4
80.5634,5,in,31878,-65.6
80.5682,5,in,31882,-39.4
80.5729,5,in,31886,-52
80.5767,5,in,31890,-88.6
80.5805,5,in,31894,-45
80.5853,5,in,31898,-47.8
80.5904,5,in,31902,-94
80.5944,5,in,31906,-67
80.5986,5,in,31910,-64.8
80.6028,5,in,31914,-70.8
80.6074,5,in,31918,-20
80.6116,5,in,31922,-83.4
80.6159,5,in,31926,-68.4
80.6212,5,in,31930,-92.6
80.6259,5,in,31934,-98
80.6301,5,in,31938,-24.4
80.6341,5,in,31942,-16
80.6389,5,in,31946,-27.4
80.6433,5,in,31950,-50.6
80.6475,5,in,31954,-50.2
80.6518,5,in,31958,-105.4
80.657,5,in,31962,-67.6
80.6615,5,in,31966,-115.6
80.6661,5,in,31970,-5.4
80.6707,5,in,31974,-29.4
80.6762,5,in,31978,-89.6
80.6801,5,in,31982,-84.2
80.6856,5,in,31986,-54.2
80.6902,5,in,31990,-56.6
80.6948,5,in,31994,-96.2
80.6991,5,in,31998,-56.2
80.7032,5,in,32002,-76.2
80.7076,5,in,32006,-64.2
80.7119,5,in,32010,-84.8
80.7158,5,in,32014,-92.8
80.72,5,in,32018,-106
80.7243,5,in,32022,-43.2
80.7301,5,in,32026,-81.6
80.7344,5,in,32030,-13.8
80.7385,5,in,32034,-56
80.7431,5,in,32038,-52.6
80.7481,5,in,32042,-45
80.7527,5,in,32046,-23.2
80.7571,5,in,32050,-39.8
80.7614,5,in,32054,-95.4
80.7656,5,in,32058,-27
80.7702,5,in,32062,-47.4
80.7745,5,in,32066,-49
80.7789,5,in,32070,-87.4
80.7833,5,in,32074,-98.6
80.7878,5,in,32078,-25
80.7922,5,in,32082,-45.8
80.7967,5,in,32086,-30.8
80.8013,5,in,32090,-78.8
80.806,5,in,32094,-76.8
80.8106,5,in,32098,-71.8
80.8146,5,in,32102,-68
80.8191,5,in,32106,-38.2
80.8239,5,in,32110,-80.8
80.8287,5,in,32114,-68.8
80.8335,5,in,32118,-35.8
80.8383,5,in,32122,-83.8
80.8428,5,in,32126,-80.8
80.8465,5,in,32130,-72.2
80.8509,5,in,32134,-50.2
80.856,5,in,32138,-84.4
80.8599,5,in,32142,-45.2
80.8642,5,in,32146,5
80.8688,5,in,32150,-32.4
80.873,5,in,32154,-74.8
80.877,5,in,32158,-77.2
80.8812,5,in,32162,-4.2
80.8856,5,in,32166,-65.8
80.8909,5,in,32170,-78.8
80.8951,5,in,32174,-104.4
80.8994,5,in,32178,-35.4
80.9036,5,in,32182,-67.8
80.9089,5,in,32186,-51.6
80.9131,5,in,32190,-21
80.9175,5,in,32194,-18
80.922,5,in,32198,2.2
80.9272,5,in,32202,-77.8
80.9319,5,in,32206,-57.8
80.936,5,in,32210,-0.6
80.9404,5,in,32214,-8
80.9457,5,in,32218,-42.6
80.9497,5,in,32222,-6.2
80.954,5,in,32226,-43.8
80.9586,5,in,32230,-50.8
80.9636,5,in,32234,-31.8
80.9677,5,in,32238,-82.8
80.9719,5,in,32242,-86.8
80.9762,5,in,32246,-25.2
80.9816,5,in,32250,-89.2
80.9859,5,in,32254,-43
80.9903,5,in,32258,-13.2
80.995,5,in,32262,-119
81.0001,5,in,32266,-29.4
81.0042,5,in,32270,-38.4
81.0083,5,in,32274,-92.2
81.0127,5,in,32278,-24.6
81.0179,5,in,32282,-39.6
81.022,5,in,32286,-71
81.0263,5,in,32290,-37.6
81.0306,5,in,32294,-31.4
81.0353,5,in,32298,-51.6
81.0395,5,in,32302,-34.6
81.045,5,in,32306,-72
81.0489,5,in,32310,-17.6
81.0538,5,in,32314,-71.2
81.0586,5,in,32318,-114.4
81.0627,5,in,32322,-111.8
81.0672,5,in,32326,-78
81.0723,5,in,32330,-62.4
81.0765,5,in,32334,-59.6
81.0807,5,in,32338,-32
81.0852,5,in,32342,-60.4
81.0906,5,in,32346,-43.2
81.0948,5,in,32350,-80
81.0991,5,in,32354,-38
81.104,5,in,32358,-85.4
81.1087,5,in,32362,-67.6
81.1132,5,in,32366,-51.8
81.1179,5,in,32370,-59.8
81.1232,5,in,32374,-63.2
81.1284,5,in,32378,-51.6
81.1335,5,in,32382,-69.8
81.1385,5,in,32386,-92
81.1435,5,in,32390,-82
81.1489,5,in,32394,-90
81.1538,5,in,32398,-43.2
81.1589,5,in,32402,-89.6
81.1635,5,in,32406,-43.2
81.169,5,in,32410,-49.4
81.1738,5,in,32414,-55.4
81.1787,5,in,32418,-71.8
81.1835,5,in,32422,-39.8
81.1883,5,in,32426,-65.2
81.1934,5,in,32430,-76.8
81.1996,5,in,32434,-36
81.2045,5,in,32438,-57.8
81.2099,5,in,32442,-57.8
81.2154,5,in,32446,-54.4
81.2203,5,in,32450,-59.2
81.2262,5,in,32454,-44.6
81.2306,5,in,32458,-47.8
81.2355,5,in,32462,-34
81.2403,5,in,32466,-73.8
81.2451,5,in,32470,-87.2
81.2508,5,in,32474,-41
81.2554,5,in,32478,-48.2
81.2599,5,in,32482,-70.6
81.2646,5,in,32486,-30.4
81.2695,5,in,32490,-55
81.2741,5,in,32494,-53
81.2788,5,in,32498,-87.4
81.2833,5,in,32502,-57.4
81.2893,5,in,32506,-78.4
81.2939,5,in,32510,-51.4
81.2984,5,in,32514,-73
81.3034,5,in,32518,-71.6
81.3085,5,in,32522,-85.6
81.314,5,in,32526,-80.8
81.3188,5,in,32530,-86.4
81.3236,5,in,32534,-69.2
81.3285,5,in,32538,-88
81.3328,5,in,32542,-43.6
81.3374,5,in,32546,-24
81.3415,5,in,32550,-85.4
81.3454,5,in,32554,-111
81.3494,5,in,32558,-47.4
81.3533,5,in,32562,-79.4
81.3573,5,in,32566,-37
81.3612,5,in,32570,-104
81.365,5,in,32574,-72
81.3689,5,in,32578,-88.6
81.3725,5,in,32582,-70.8
81.3764,5,in,32586,-73.4
81.3798,5,in,32590,-58.6
81.3836,5,in,32594,-62.2
81.3872,5,in,32598,-42.8
81.3912,5,in,32602,-80.8
81.3957,5,in,32606,-123.2
81.4004,5,in,32610,-79.6
81.4049,5,in,32614,-89
81.4091,5,in,32618,-103.4
81.4134,5,in,32622,-84.4
81.4169,5,in,32626,-80
81.4208,5,in,32630,-76.6
81.4247,5,in,32634,-79.4
81.4292,5,in,32638,-85
81.433,5,in,32642,-71.8
81.4365,5,in,32646,-73
81.4404,5,in,32650,-96.4
81.4441,5,in,32654,-67.8
81.4486,5,in,32658,-57.4
81.4524,5,in,32662,-51.4
81.456,5,in,32666,-94
81.4601,5,in,32670,-107.2
81.4653,5,in,32674,-50
81.4697,5,in,32678,-79.2
81.4742,5,in,32682,-37.2
81.4785,5,in,32686,-61.8
81.4837,5,in,32690,-58.4
81.4879,5,in,32694,-65.6
81.4928,5,in,32698,-153.2
81.4967,5,in,32702,-131.8
81.5013,5,in,32706,-89.2
81.5064,5,in,32710,-95.4
81.5108,5,in,32714,-85.4
81.515,5,in,32718,-53.2
81.5197,5,in,32722,-90.2
81.5245,5,in,32726,-58.8
81.5291,5,in,32730,-92.6
81.534,5,in,32734,-53.2
81.5387,5,in,32738,-70.6
81.5438,5,in,32742,-70.4
81.549,5,in,32746,-74.6
81.5538,5,in,32750,-43.4
81.5581,5,in,32754,-122.8
81.5627,5,in,32758,-75.4
81.5678,5,in,32762,-89.6
81.5726,5,in,32766,-84
81.5774,5,in,32770,-100.6
81.5825,5,in,32774,-81.2
81.5876,5,in,32778,-96
81.592,5,in,32782,-110.2
81.5969,5,in,32786,-71.8
81.6016,5,in,32790,-115.2
81.6065,5,in,32794,-77.8
81.6112,5,in,32798,-86.2
81.6158,5,in,32802,-69.8
81.6204,5,in,32806,-100.8
81.6253,5,in,32810,-58
81.63,5,in,32814,-122.4
81.6344,5,in,32818,-71.6
81.6388,5,in,32822,-107.4
81.6426,5,in,32826,-75.6
81.6465,5,in,32830,-106
81.6504,5,in,32834,-127.4
81.654,5,in,32838,-76.2
81.6582,5,in,32842,-116.2
81.6622,5,in,32846,-112.8
81.6661,5,in,32850,-118
81.67,5,in,32854,-103.4
81.6737,5,in,32858,-109
81.6779,5,in,32862,-120.8
81.6818,5,in,32866,-124.6
81.6858,5,in,32870,-90.4
81.6893,5,in,32874,-113.4
81.6929,5,in,32878,-124.4
81.697,5,in,32882,-137.6
81.7007,5,in,32886,-102.2
81.7046,5,in,32890,-94.8
81.7082,5,in,32894,-66.6
81.7115,5,in,32898,-110.2
81.7152,5,in,32902,-117.4
81.7187,5,in,32906,-82.8
81.7228,5,in,32910,-67
81.7273,5,in,32914,-129.8
81.7309,5,in,32918,-89.4
81.7351,5,in,32922,-106.8
81.7391,5,in,32926,-91.4
81.7435,5,in,32930,-114.4
81.748,5,in,32934,-93.4
81.7519,5,in,32938,-73.2
81.7556,5,in,32942,-108
81.7592,5,in,32946,-83.4
81.7637,5,in,32950,-109.8
81.7675,5,in,32954,-124.4
81.7713,5,in,32958,-84.4
81.7752,5,in,32962,-122.6
81.7791,5,in,32966,-65.8
81.7829,5,in,32970,-67.4
81.7872,5,in,32974,-36.6
81.7911,5,in,32978,-54
81.7951,5,in,32982,-99.4
81.7989,5,in,32986,-57.4
81.8031,5,in,32990,-60.4
81.8068,5,in,32994,-112.2
81.8105,5,in,32998,-98.6
81.8144,5,in,33002,-106.8
81.8185,5,in,33006,-66.2
81.8229,5,in,33010,-100
81.8266,5,in,33014,-88
81.8306,5,in,33018,-88.2
81.8348,5,in,33022,-94.2
81.8388,5,in,33026,-82.4
81.843,5,in,33030,-130.8
81.8475,5,in,33034,-74.6
81.8522,5,in,33038,-98.6
81.8565,5,in,33042,-64.4
81.8612,5,in,33046,-102.2
81.8658,5,in,33050,-91.2
81.8703,5,in,33054,-57.8
81.8748,5,in,33058,-123.8
81.8788,5,in,33062,-121
81.8828,5,in,33066,-49.4
81.8871,5,in,33070,-61.2
81.8915,5,in,33074,-45
81.8959,5,in,33078,-92
81.8999,5,in,33082,-60.6
81.9039,5,in,33086,-80.2
81.9083,5,in,33090,-130.2
81.9132,5,in,33094,-100.6
81.9181,5,in,33098,-88.8
81.9231,5,in,33102,-92
81.928,5,in,33106,-97.6
81.9329,5,in,33110,-84.6
81.9377,5,in,33114,-76.6
81.9422,5,in,33118,-102.6
81.9469,5,in,33122,-45.6
81.9515,5,in,33126,-39.8
81.9559,5,in,33130,-140.8
81.9607,5,in,33134,-79.6
81.9653,5,in,33138,-86.4
81.9701,5,in,33142,-105.6
81.9745,5,in,33146,-83.4
81.9792,5,in,33150,-125.6
81.9835,5,in,33154,-58.4
81.988,5,in,33158,-80.6
81.9927,5,in,33162,-89.8
81.997,5,in,33166,-118.8
82.0016,5,in,33170,-65.8
82.0065,5,in,33174,-111.6
82.0113,5,in,33178,-90
82.0158,5,in,33182,-108.2
82.0202,5,in,33186,-78
82.0245,5,in,33190,-100.8
82.0287,5,in,33194,-104.4
82.0331,5,in,33198,-74
82.0373,5,in,33202,-116
82.042,5,in,33206,-77.6
82.0469,5,in,33210,-116.4
82.0517,5,in,33214,-86.2
82.0559,5,in,33218,-162.6
82.0606,5,in,33222,-111.2
82.0652,5,in,33226,-110.6
82.0703,5,in,33230,-94.4
82.075,5,in,33234,-107.6
82.0794,5,in,33238,-99.8
82.0839,5,in,33242,-51.2
82.0885,5,in,33246,-101.8
82.0929,5,in,33250,-95.8
82.0985,5,in,33254,-111.2
82.1031,5,in,33258,-112
82.1078,5,in,33262,-137.8
82.1125,5,in,33266,-134.6
82.1167,5,in,33270,-67.6
82.1212,5,in,33274,-73.2
82.1264,5,in,33278,-112.2
82.1313,5,in,33282,-100.8
82.1365,5,in,33286,-116.4
82.1421,5,in,33290,-133
82.147,5,in,33294,-134.6
82.1523,5,in,33298,-114.4
82.1567,5,in,33302,-159
82.162,5,in,33306,-121.6
82.1671,5,in,33310,-93.2
82.1717,5,in,33314,-124.6
82.1768,5,in,33318,-119.6
82.1819,5,in,33322,-106.8
82.187,5,in,33326,-106.2
82.1918,5,in,33330,-125
82.1968,5,in,33334,-110.2
82.2015,5,in,33338,-84.6
82.2066,5,in,33342,-100.4
82.2111,5,in,33346,-133.2
82.2163,5,in,33350,-119.8
82.2213,5,in,33354,-126
82.2258,5,in,33358,-113.6
82.231,5,in,33362,-131.4
82.2356,5,in,33366,-124.6
82.2398,5,in,33370,-158
82.2442,5,in,33374,-120.8
82.2491,5,in,33378,-129.4
82.2535,5,in,33382,-78.4
82.2581,5,in,33386,-122.8
82.2625,5,in,33390,-145.2
82.2671,5,in,33394,-128.6
82.2725,5,in,33398,-124.6
82.2772,5,in,33402,-132.4
82.282,5,in,33406,-174.8
82.2866,5,in,33410,-105.4
82.291,5,in,33414,-149.4
82.2954,5,in,33418,-148.4
82.2993,5,in,33422,-149
82.3042,5,in,33426,-155.6
82.3084,5,in,33430,-197.4
82.3125,5,in,33434,-193
82.3176,5,in,33438,-117
82.3225,5,in,33442,-166.6
82.3269,5,in,33446,-137.2
82.3315,5,in,33450,-115.2
82.3363,5,in,33454,-155.8
82.3413,5,in,33458,-159
82.3452,5,in,33462,-144.8
82.3494,5,in,33466,-179.4
82.3535,5,in,33470,-96.6
82.3574,5,in,33474,-155.6
82.3614,5,in,33478,-171.2
82.3657,5,in,33482,-164.6
82.3695,5,in,33486,-126
82.3734,5,in,33490,-145.2
82.3774,5,in,33494,-194.4
82.3813,5,in,33498,-124.4
82.3855,5,in,33502,-190
82.3901,5,in,33506,-193.6
82.3947,5,in,33510,-130.6
82.3992,5,in,33514,-130
82.4033,5,in,33518,-157.2
82.4072,5,in,33522,-134
82.4112,5,in,33526,-189.4
82.4156,5,in,33530,-106.8
82.4201,5,in,33534,-141.2
82.4251,5,in,33538,-145.6
82.4301,5,in,33542,-144.6
82.4349,5,in,33546,-136.4
82.4396,5,in,33550,-147.8
82.4445,5,in,33554,-153.8
82.449,5,in,33558,-181.6
82.4538,5,in,33562,-172.2
82.4588,5,in,33566,-161
82.4633,5,in,33570,-128
82.468,5,in,33574,-159.2
82.4727,5,in,33578,-155.6
82.4779,5,in,33582,-168
82.4821,5,in,33586,-151.4
82.4869,5,in,33590,-140.8
82.4913,5,in,33594,-127.4
82.4955,5,in,33598,-152.2
82.4996,5,in,33602,-175.6
82.5035,5,in,33606,-129.4
82.5077,5,in,33610,-213.8
82.5124,5,in,33614,-180.2
82.5172,5,in,33618,-155.4
82.5221,5,in,33622,-137.8
82.5273,5,in,33626,-148.4
82.5324,5,in,33630,-175.8
82.5371,5,in,33634,-173
82.5422,5,in,33638,-181.8
82.5468,5,in,33642,-220.2
82.5514,5,in,33646,-147.8
82.5559,5,in,33650,-192.6
82.5606,5,in,33654,-168.4
82.5656,5,in,33658,-158
82.5703,5,in,33662,-166.6
82.575,5,in,33666,-180.2
82.5795,5,in,33670,-215.2
82.5839,5,in,33674,-161.4
82.5883,5,in,33678,-187.6
82.5925,5,in,33682,-198.2
82.5964,5,in,33686,-200.4
82.6001,5,in,33690,-227.8
82.6038,5,in,33694,-222
82.6076,5,in,33698,-261.2
82.6115,5,in,33702,-291.8
82.6151,5,in,33706,-243.4
82.6187,5,in,33710,-280.4
82.6222,5,in,33714,-241.4
82.626,5,in,33718,-297.6
82.6297,5,in,33722,-269.2
82.6334,5,in,33726,-304.2
82.6372,5,in,33730,-267.4
82.6409,5,in,33734,-282.2
82.6448,5,in,33738,-284.6
82.6485,5,in,33742,-248.8
82.6521,5,in,33746,-231.2
82.6557,5,in,33750,-274.8
82.6594,5,in,33754,-275.2
82.6635,5,in,33758,-271.2
82.6676,5,in,33762,-306
82.6714,5,in,33766,-267.2
82.6756,5,in,33770,-249.8
82.6796,5,in,33774,-285.4
82.6835,5,in,33778,-243
82.6875,5,in,33782,-272.6
82.6911,5,in,33786,-283.8
82.6952,5,in,33790,-292
82.6992,5,in,33794,-340.8
82.7071,5,in,33798,-312.2
82.7108,5,in,33802,-299.2
82.7146,5,in,33806,-293.6
82.7182,5,in,33810,-282.8
82.7221,5,in,33814,-229.6
82.7262,5,in,33818,-302.2
82.7304,5,in,33822,-313.6
82.7345,5,in,33826,-310
82.7389,5,in,33830,-282
82.7434,5,in,33834,-306.2
82.7481,5,in,33838,-318
82.7526,5,in,33842,-285.4
82.7568,5,in,33846,-371.4
82.7608,5,in,33850,-282.8
82.7648,5,in,33854,-323
82.7689,5,in,33858,-375
82.7731,5,in,33862,-255.4
82.7777,5,in,33866,-301.8
82.7829,5,in,33870,-292
82.7871,5,in,33874,-261
82.7914,5,in,33878,-274.4
82.7959,5,in,33882,-363.4
82.8006,5,in,33886,-369.8
82.8052,5,in,33890,-249.4
82.8096,5,in,33894,-333.4
82.8136,5,in,33898,-337.2
82.8179,5,in,33902,-353.8
82.8223,5,in,33906,-479.2
82.8266,5,in,33910,-426.8
82.8316,5,in,33914,-428.4
82.8366,5,in,33918,-372.6
82.8422,5,in,33922,-422.6
82.8472,5,in,33926,-438.4
82.852,5,in,33930,-554
82.8567,5,in,33934,-840
82.8613,5,in,33938,-835.4
82.8666,5,in,33942,-696.6
82.8714,5,in,33946,-690.6
82.876,5,in,33950,-735
82.8814,5,in,33954,-1221.6
82.8859,5,out,33950,-1232.8
82.8913,5,out,33946,-1266
82.8955,5,out,33942,-1318.4
82.9,5,out,33938,-1355.8
82.9051,5,out,33934,-1404.8
82.9096,5,out,33930,-1431
82.9144,5,out,33926,-701.4
82.9191,5,out,33922,-973
82.9238,5,out,33918,-1027.2
82.9284,5,out,33914,-994
82.9332,5,out,33910,-981.8
82.9381,5,out,33906,-976.8
82.9431,5,out,33902,-1073.4
82.9476,5,out,33898,-1081.4
82.9519,5,out,33894,-1098.2
82.9571,5,out,33890,-1134
82.9621,5,out,33886,-1047.8
82.9669,5,out,33882,-1085.6
82.9714,5,out,33878,-1098
82.9757,5,out,33874,-988.4
82.9814,5,out,33870,-1058.8
82.9867,5,out,33866,-989.8
82.9912,5,out,33862,-1054.8
82.9955,5,out,33858,-1077.8
83.0,5,out,33854,-1017.2
83.0055,5,out,33850,-1085.8
83.0106,5,out,33846,-1082.6
83.015,5,out,33842,-1043
83.0197,5,out,33838,-984.6
83.0244,5,out,33834,-1052.8
83.029,5,out,33830,-1142.6
83.0337,5,out,33826,-1125.4
83.0384,5,out,33822,-1191.2
83.043,5,out,33818,-1066.4
83.0477,5,out,33814,-992.2
83.0524,5,out,33810,-1073.4
83.0569,5,out,33806,-1025.8
83.0614,5,out,33802,-1080.4
83.066,5,out,33798,-1076.8
83.0709,5,out,33794,-1059.4
83.0754,5,out,33790,-1021.6
83.0801,5,out,33786,-1032.8
83.0844,5,out,33782,-1058.4
83.0901,5,out,33778,-1035.6
83.0961,5,out,33774,-1108.8
83.1004,5,out,33770,-1041.6
83.1055,5,out,33766,-1061
83.1109,5,out,33762,-1069.6
83.1155,5,out,33758,-1057.6
83.1197,5,out,33754,-1097.2
83.1238,5,out,33750,-1081.6
83.1281,5,out,33746,-1057.2
83.1325,5,out,33742,-1054.8
83.1368,5,out,33738,-1118.6
83.1417,5,out,33734,-1013.2
83.1462,5,out,33730,-1027.6
83.1508,5,out,33726,-1037.8
83.1554,5,out,33722,-1045.4
83.1599,5,out,33718,-1084.6
83.1645,5,out,33714,-1034.6
83.169,5,out,33710,-1026.8
83.1738,5,out,33706,-1096.6
83.1786,5,out,33702,-1087.2
83.1828,5,out,33698,-1084.8
83.1873,5,out,33694,-980
83.1919,5,out,33690,-1019.2
83.1968,5,out,33686,-964.4
83.2011,5,out,33682,-995.8
83.2059,5,out,33678,-1020
83.2102,5,out,33674,-986
83.2155,5,out,33670,-1009.4
83.2203,5,out,33666,-992.2
83.2252,5,out,33662,-1033.8
83.2294,5,out,33658,-1020.6
83.2339,5,out,33654,-1001.2
83.2386,5,out,33650,-1012.6
83.2433,5,out,33646,-982
83.2475,5,out,33642,-963.2
83.2521,5,out,33638,-1036.4
83.2562,5,out,33634,-997.6
83.2605,5,out,33630,-1006
83.2652,5,out,33626,-1009.6
83.2695,5,out,33622,-960.2
83.2739,5,out,33618,-1009.8
83.2786,5,out,33614,-1042
83.2825,5,out,33610,-1014.2
83.2863,5,out,33606,-1057.2
83.2902,5,out,33602,-1041.4
83.2938,5,out,33598,-1025.6
83.2975,5,out,33594,-1041.4
83.3012,5,out,33590,-1024.8
83.3048,5,out,33586,-1060.2
83.3089,5,out,33582,-1078.8
83.3126,5,out,33578,-1077
83.3165,5,out,33574,-1045.2
83.3203,5,out,33570,-1068.8
83.3242,5,out,33566,-1043.8
83.3281,5,out,33562,-1096.2
83.3321,5,out,33558,-1155.2
83.3365,5,out,33554,-1116.2
83.3413,5,out,33550,-1065
83.3455,5,out,33546,-1111.4
83.3498,5,out,33542,-1127.4
83.354,5,out,33538,-1084
83.358,5,out,33534,-1143
83.3621,5,out,33530,-1195.2
83.3662,5,out,33526,-1101.8
83.3701,5,out,33522,-1072
83.374,5,out,33518,-1097.6
83.3786,5,out,33514,-1056.6
83.3826,5,out,33510,-1083.6
83.3869,5,out,33506,-1053.4
83.391,5,out,33502,-1148.6
83.3948,5,out,33498,-1135.2
83.3991,5,out,33494,-1097.2
83.4032,5,out,33490,-1080
83.4071,5,out,33486,-1166.4
83.4112,5,out,33482,-1086
83.4151,5,out,33478,-1145.6
83.4192,5,out,33474,-1110.2
83.4233,5,out,33470,-1125.8
83.4275,5,out,33466,-1201.2
83.4316,5,out,33462,-1155.6
83.4356,5,out,33458,-1170.8
83.4403,5,out,33454,-1151.8
83.4448,5,out,33450,-1187.6
83.4492,5,out,33446,-1135.2
83.4536,5,out,33442,-1181.2
83.458,5,out,33438,-1053.2
83.4624,5,out,33434,-1087.6
83.4665,5,out,33430,-1084.2
83.471,5,out,33426,-1013.6
83.4755,5,out,33422,-1117.4
83.4796,5,out,33418,-1069.8
83.4839,5,out,33414,-1057.8
83.4887,5,out,33410,-1059.6
83.4931,5,out,33406,-1063.6
83.497,5,out,33402,-1095.2
83.5014,5,out,33398,-1087.6
83.5053,5,out,33394,-1065.6
83.51,5,out,33390,-1061.4
83.5146,5,out,33386,-1109.6
83.5191,5,out,33382,-1155
83.523,5,out,33378,-1135.2
83.5271,5,out,33374,-1123.4
83.5309,5,out,33370,-1205.2
83.5352,5,out,33366,-1159.6
83.539,5,out,33362,-1214.8
83.5432,5,out,33358,-1154.2
83.5471,5,out,33354,-1184.4
83.5513,5,out2,33304,-1184.6
83.5556,5,out2,33254,-1212.6
83.5593,5,out2,33204,-1215.8
83.5636,5,out2,33154,-1222.4
83.5674,5,out2,33104,-1168.4
83.5721,5,out2,33054,-1154
83.576,5,out2,33004,-1208.6
83.5805,5,out2,32954,-1143.2
83.5842,5,out2,32904,-1189.8
83.5882,5,out2,32854,-1120
83.5923,5,out2,32804,-1157
83.5963,5,out2,32754,-1123.2
83.6002,5,out2,32704,-1100.2
83.6042,5,out2,32654,-1168.4
83.6083,5,out2,32604,-1026.4
83.6124,5,out2,32554,-980.6
83.617,5,out2,32504,-875.4
83.6215,5,out2,32454,-849.2
83.6259,5,out2,32404,-838
83.6301,5,out2,32354,-873.2
83.6345,5,out2,32304,-758.4
83.6386,5,out2,32254,-674.8
83.6436,5,out2,32204,-715
83.6484,5,out2,32154,-735.6
83.6526,5,out2,32104,-724.4
83.6576,5,out2,32054,-765.6
83.6615,5,out2,32004,-699.4
83.6658,5,out2,31954,-736.8
83.6701,5,out2,31904,-608.8
83.6747,5,out2,31854,-322.8
83.6793,5,out2,31804,-422.6
83.6837,5,out2,31754,-587
83.6877,5,out2,31704,-240.8
83.6918,5,out2,31654,-95
83.6963,6,in,31654,-101
83.7008,6,in,31658,-50
83.7052,6,in,31662,-63.8
83.7098,6,in,31666,-41.6
83.7146,6,in,31670,-30.8
83.7194,6,in,31674,-18.2
83.7236,6,in,31678,0.6
83.7283,6,in,31682,-27.8
83.7331,6,in,31686,-5
83.7377,6,in,31690,-19.2
83.7428,6,in,31694,-38
83.7482,6,in,31698,-35
83.7532,6,in,31702,-9.6
83.7582,6,in,31706,-14.8
83.763,6,in,31710,-10.6
83.7679,6,in,31714,-5.6
83.7727,6,in,31718,-23.2
83.7772,6,in,31722,-28.8
83.7817,6,in,31726,-15.8
83.786,6,in,31730,35.4
83.7905,6,in,31734,13.4
83.7947,6,in,31738,-65.2
83.7986,6,in,31742,-3.2
83.8035,6,in,31746,-1
83.808,6,in,31750,26.8
83.8128,6,in,31754,-46
83.8173,6,in,31758,-29.2
83.8218,6,in,31762,18
83.8266,6,in,31766,-23.6
83.8308,6,in,31770,-29.4
83.8354,6,in,31774,-26.2
83.8404,6,in,31778,3.6
83.8452,6,in,31782,-21.4
83.8501,6,in,31786,5.6
83.8547,6,in,31790,6.2
83.8595,6,in,31794,2.2
83.8643,6,in,31798,-34.2
83.869,6,in,31802,-11.4
83.8739,6,in,31806,-43.6
83.8793,6,in,31810,-8.8
83.8842,6,in,31814,-2.4
83.8891,6,in,31818,-5.6
83.8936,6,in,31822,-62.8
83.8984,6,in,31826,6.8
83.903,6,in,31830,-55.4
83.9071,6,in,31834,-48.8
83.9116,6,in,31838,-11.6
83.9162,6,in,31842,-12.6
83.9208,6,in,31846,4
83.925,6,in,31850,-49.2
83.9291,6,in,31854,-48.6
83.9332,6,in,31858,-30.6
83.9377,6,in,31862,-7.6
83.9421,6,in,31866,-47.8
83.9467,6,in,31870,-76.6
83.9514,6,in,31874,-36.6
83.9562,6,in,31878,13.6
83.9607,6,in,31882,-30.2
83.9652,6,in,31886,3.8
83.9699,6,in,31890,11.8
83.9746,6,in,31894,6.2
83.9797,6,in,31898,-38.6
83.9845,6,in,31902,-34.8
83.9897,6,in,31906,-31.8
83.9943,6,in,31910,-8
83.9985,6,in,31914,-19.2
84.0025,6,in,31918,2.2
84.0069,6,in,31922,-19.8
84.0107,6,in,31926,-32.4
84.0152,6,in,31930,4
84.0204,6,in,31934,-9.2
84.0252,6,in,31938,10.8
84.0294,6,in,31942,-22.8
84.0336,6,in,31946,-28.8
84.0382,6,in,31950,-2.2
84.0425,6,in,31954,-62.6
84.0475,6,in,31958,-44
84.0525,6,in,31962,9
84.0571,6,in,31966,-31.4
84.0622,6,in,31970,-19.8
84.0673,6,in,31974,-4.2
84.0721,6,in,31978,24.8
84.0773,6,in,31982,-5
84.0816,6,in,31986,-10.8
84.0863,6,in,31990,9.4
84.0912,6,in,31994,-45.6
84.0957,6,in,31998,-11
84.1001,6,in,32002,-24.8
84.105,6,in,32006,-14.2
84.1099,6,in,32010,-23
84.1145,6,in,32014,-34.6
84.1193,6,in,32018,-4.6
84.124,6,in,32022,-16.2
84.1287,6,in,32026,1.8
84.1332,6,in,32030,-30.6
84.1382,6,in,32034,8
84.1429,6,in,32038,-25.8
84.148,6,in,32042,-19.2
84.1525,6,in,32046,-23.6
84.1572,6,in,32050,-18.6
84.1622,6,in,32054,-24.6
84.1673,6,in,32058,-41.4
84.1724,6,in,32062,-11
84.1772,6,in,32066,13.6
84.1822,6,in,32070,-10.8
84.1869,6,in,32074,-2.6
84.1916,6,in,32078,-10.6
84.1971,6,in,32082,-30.6
84.2018,6,in,32086,6
84.2067,6,in,32090,-32.4
84.2113,6,in,32094,3.2
84.2156,6,in,32098,-8.4
84.2197,6,in,32102,-1.2
84.224,6,in,32106,-36
84.2284,6,in,32110,-45.6
84.2329,6,in,32114,7.8
84.2372,6,in,32118,-31
84.2421,6,in,32122,5.8
84.2467,6,in,32126,-37.6
84.2517,6,in,32130,-21
84.2561,6,in,32134,-8.2
84.2605,6,in,32138,1.6
84.265,6,in,32142,-7.8
84.2701,6,in,32146,-13.4
84.2759,6,in,32150,13.8
84.2815,6,in,32154,-0.4
84.2854,6,in,32158,-42.8
84.2902,6,in,32162,-53
84.2946,6,in,32166,14.4
84.2994,6,in,32170,-10.4
84.3038,6,in,32174,11.8
84.3083,6,in,32178,-1.4
84.3132,6,in,32182,-26.6
84.3184,6,in,32186,0.6
84.323,6,in,32190,-19.8
84.3278,6,in,32194,11
84.3335,6,in,32198,-22.8
84.3381,6,in,32202,5.4
84.3423,6,in,32206,-16.2
84.3467,6,in,32210,-48.4
84.3516,6,in,32214,0.6
84.3554,6,in,32218,-1
84.3597,6,in,32222,-25
84.364,6,in,32226,-63.8
84.3685,6,in,32230,-9.4
84.3726,6,in,32234,-60.6
84.3773,6,in,32238,2
84.3815,6,in,32242,-9.4
84.3859,6,in,32246,2.8
84.3909,6,in,32250,-36.4
84.3956,6,in,32254,-53.6
84.4,6,in,32258,4
84.4053,6,in,32262,-24.6
84.4103,6,in,32266,-4.4
84.415,6,in,32270,-43.8
84.4195,6,in,32274,-20.2
84.4238,6,in,32278,-35
84.4283,6,in,32282,31.4
84.4325,6,in,32286,-29.6
84.4362,6,in,32290,-6.4
84.4401,6,in,32294,-25.8
84.4446,6,in,32298,-25.2
84.4486,6,in,32302,7.4
84.4533,6,in,32306,15.2
84.4581,6,in,32310,-25
84.4624,6,in,32314,-26.6
84.4674,6,in,32318,-13.8
84.4719,6,in,32322,12
84.476,6,in,32326,23
84.4803,6,in,32330,-36
84.4847,6,in,32334,9.6
84.4892,6,in,32338,-46.8
84.4937,6,in,32342,9.6
84.498,6,in,32346,-48.8
84.5022,6,in,32350,-39.2
84.5064,6,in,32354,29.4
84.5109,6,in,32358,-34.4
84.5152,6,in,32362,53.4
84.5197,6,in,32366,-11.4
84.5242,6,in,32370,-15.6
84.5288,6,in,32374,-65.8
84.5335,6,in,32378,-34.6
84.5379,6,in,32382,0.6
84.5422,6,in,32386,14.2
84.5467,6,in,32390,-12.8
84.5509,6,in,32394,-34
84.5553,6,in,32398,22
84.5595,6,in,32402,-28
84.5634,6,in,32406,-25.2
84.5674,6,in,32410,0.8
84.572,6,in,32414,8.2
84.5762,6,in,32418,16.6
84.5805,6,in,32422,-27
84.5846,6,in,32426,8.6
84.5894,6,in,32430,-20.2
84.5935,6,in,32434,-14.8
84.5976,6,in,32438,-43.4
84.6025,6,in,32442,-49.4
84.6071,6,in,32446,-13.8
84.6113,6,in,32450,-31.4
84.6156,6,in,32454,-16
84.6202,6,in,32458,-39.2
84.6247,6,in,32462,-6.6
84.6289,6,in,32466,-11
84.6329,6,in,32470,-11.6
84.6377,6,in,32474,4.4
84.6422,6,in,32478,-42.6
84.646,6,in,32482,-71.8
84.6507,6,in,32486,29.6
84.655,6,in,32490,-9.8
84.6595,6,in,32494,-18.6
84.6639,6,in,32498,-10
84.6683,6,in,32502,10.6
84.6725,6,in,32506,-5.2
84.6768,6,in,32510,-3.6
84.6817,6,in,32514,-51.4
84.6861,6,in,32518,-33
84.6906,6,in,32522,-19
84.695,6,in,32526,-23.8
84.6989,6,in,32530,8.2
84.7029,6,in,32534,11.8
84.7074,6,in,32538,-42.8
84.7117,6,in,32542,11.6
84.7161,6,in,32546,-11.8
84.7202,6,in,32550,28.8
84.7243,6,in,32554,-36.8
84.7283,6,in,32558,-49
84.7326,6,in,32562,-19.8
84.7371,6,in,32566,30.6
84.7423,6,in,32570,-13.6
84.7473,6,in,32574,-20.4
84.7521,6,in,32578,-2
84.7565,6,in,32582,-2.4
84.7605,6,in,32586,-26.8
84.7648,6,in,32590,-26.4
84.769,6,in,32594,-38.8
84.7734,6,in,32598,-40.4
84.7773,6,in,32602,-8.8
84.7807,6,in,32606,-21
84.7841,6,in,32610,2.6
84.7877,6,in,32614,14.6
84.7915,6,in,32618,-47.2
84.7951,6,in,32622,-18.6
84.7988,6,in,32626,8.6
84.8031,6,in,32630,-2
84.8069,6,in,32634,6.8
84.8105,6,in,32638,-20.8
84.8147,6,in,32642,-50.2
84.8189,6,in,32646,36
84.8228,6,in,32650,19.4
84.8273,6,in,32654,12.8
84.8309,6,in,32658,-32
84.8353,6,in,32662,-15.4
84.84,6,in,32666,-15.6
84.8436,6,in,32670,-2.6
84.8478,6,in,32674,-1
84.8518,6,in,32678,-17.8
84.8558,6,in,32682,-11.2
84.8596,6,in,32686,-20.4
84.8634,6,in,32690,6.4
84.8675,6,in,32694,9.6
84.8717,6,in,32698,2
84.8762,6,in,32702,-26.4
84.8803,6,in,32706,-1.6
84.8843,6,in,32710,-10.6
84.8888,6,in,32714,-14.2
84.8927,6,in,32718,-1.8
84.8966,6,in,32722,-41
84.9005,6,in,32726,7.2
84.9046,6,in,32730,-26.8
84.9088,6,in,32734,21
84.9133,6,in,32738,-13
84.9175,6,in,32742,-43.6
84.9216,6,in,32746,-15.6
84.926,6,in,32750,26
84.9301,6,in,32754,-72.4
84.9343,6,in,32758,1.4
84.9385,6,in,32762,-46
84.9429,6,in,32766,-36.2
84.9476,6,in,32770,-68.4
84.952,6,in,32774,-26.2
84.9564,6,in,32778,16.2
84.9607,6,in,32782,-43.4
84.9649,6,in,32786,-9.4
84.9696,6,in,32790,-23.2
84.9743,6,in,32794,-6
84.9789,6,in,32798,-19.4
84.9837,6,in,32802,-14.4
84.9883,6,in,32806,-4
84.9924,6,in,32810,-1.6
84.9971,6,in,32814,-12
85.0014,6,in,32818,-13.2
85.006,6,in,32822,2.4
85.0105,6,in,32826,0
85.0156,6,in,32830,-26.8
85.0199,6,in,32834,-36.2
85.0247,6,in,32838,-19
85.0293,6,in,32842,-35.8
85.0337,6,in,32846,6.2
85.0384,6,in,32850,20.6
85.0429,6,in,32854,-53.8
85.0477,6,in,32858,-12.4
85.0524,6,in,32862,25.2
85.0574,6,in,32866,-36.8
85.0617,6,in,32870,-19.4
85.066,6,in,32874,19.6
85.0703,6,in,32878,36.8
85.0748,6,in,32882,-22.2
85.0792,6,in,32886,-58.2
85.0833,6,in,32890,-3.4
85.0874,6,in,32894,12.2
85.0913,6,in,32898,-12
85.0954,6,in,32902,-62.2
85.099,6,in,32906,-17.2
85.1031,6,in,32910,-5.4
85.1075,6,in,32914,-47.4
85.112,6,in,32918,-13.4
85.1163,6,in,32922,-37
85.1206,6,in,32926,22.2
85.1246,6,in,32930,-34.6
85.1289,6,in,32934,-54.2
85.133,6,in,32938,-46.8
85.1365,6,in,32942,-34
85.1403,6,in,32946,-39.4
85.1438,6,in,32950,-38.6
85.1473,6,in,32954,-36.2
85.1507,6,in,32958,-5
85.1546,6,in,32962,-1
85.158,6,in,32966,-30.4
85.1618,6,in,32970,-31
85.1656,6,in,32974,-11
85.1699,6,in,32978,-36.6
85.1737,6,in,32982,0.8
85.1773,6,in,32986,5.4
85.1815,6,in,32990,-18.4
85.1855,6,in,32994,-40.8
85.189,6,in,32998,-16.8
85.1929,6,in,33002,-23.6
85.1969,6,in,33006,-11
85.2007,6,in,33010,-45
85.2044,6,in,33014,-21
85.2092,6,in,33018,29.4
85.2139,6,in,33022,-20.6
85.2186,6,in,33026,-13
85.2226,6,in,33030,2
85.2269,6,in,33034,-11.4
85.2307,6,in,33038,-6.2
85.2348,6,in,33042,-12.2
85.2388,6,in,33046,29.4
85.2425,6,in,33050,-44.2
85.2461,6,in,33054,-49
85.2503,6,in,33058,13.6
85.2546,6,in,33062,-25.2
85.2589,6,in,33066,-34.8
85.2633,6,in,33070,-39.4
85.2674,6,in,33074,-13.8
85.2717,6,in,33078,-33.6
85.2759,6,in,33082,-42.4
85.2797,6,in,33086,-39.2
85.2837,6,in,33090,-41.4
85.2882,6,in,33094,-1
85.2925,6,in,33098,-53.2
85.2964,6,in,33102,-19
85.3009,6,in,33106,-27.6
85.3047,6,in,33110,-29.4
85.3082,6,in,33114,-43.4
85.3119,6,in,33118,-29
85.3158,6,in,33122,-60
85.3195,6,in,33126,-36
85.3232,6,in,33130,-41.6
85.3273,6,in,33134,-28.2
85.3312,6,in,33138,-56.6
85.3356,6,in,33142,-31.8
85.3395,6,in,33146,-37
85.343,6,in,33150,-25.2
85.3468,6,in,33154,-48.4
85.3509,6,in,33158,-63
85.3551,6,in,33162,-56.2
85.3592,6,in,33166,-41
85.3632,6,in,33170,-65.6
85.3684,6,in,33174,-30.6
85.3727,6,in,33178,-20.6
85.3769,6,in,33182,-47.8
85.381,6,in,33186,-44.2
85.3853,6,in,33190,-47.2
85.3898,6,in,33194,-14.4
85.3944,6,in,33198,-27.8
85.399,6,in,33202,-19.8
85.4036,6,in,33206,-25
85.4085,6,in,33210,-21.8
85.4126,6,in,33214,-63.4
85.4172,6,in,33218,-37.2
85.422,6,in,33222,-23
85.4263,6,in,33226,-43.6
85.4307,6,in,33230,-56.4
85.4348,6,in,33234,17.8
85.4392,6,in,33238,0.6
85.4437,6,in,33242,-12.6
85.4479,6,in,33246,-75.8
85.4529,6,in,33250,-83
85.4578,6,in,33254,-47.6
85.4619,6,in,33258,-46.4
85.4662,6,in,33262,-46.8
85.4709,6,in,33266,10.8
85.4756,6,in,33270,-44
85.4807,6,in,33274,-35
85.4857,6,in,33278,2.8
85.4907,6,in,33282,6.6
85.4957,6,in,33286,-4
85.5013,6,in,33290,4
85.5065,6,in,33294,-1.8
85.5127,6,in,33298,-26.4
85.5184,6,in,33302,-9.6
85.5242,6,in,33306,-30.8
85.5298,6,in,33310,-66.8
85.5346,6,in,33314,15
85.5399,6,in,33318,-31.8
85.5442,6,in,33322,-49.2
85.5485,6,in,33326,-84.8
85.5522,6,in,33330,-31
85.5564,6,in,33334,-50.8
85.5601,6,in,33338,-57.8
85.5644,6,in,33342,-33.2
85.5686,6,in,33346,-12
85.573,6,in,33350,-15.6
85.5771,6,in,33354,-12
85.581,6,in,33358,-10
85.5853,6,in,33362,-2.2
85.5892,6,in,33366,-21
85.5934,6,in,33370,-20.4
85.5973,6,in,33374,-36.8
85.6012,6,in,33378,-22.8
85.6046,6,in,33382,-20.4
85.608,6,in,33386,-30.6
85.6116,6,in,33390,-6.8
85.6154,6,in,33394,4.6
85.6198,6,in,33398,-48.8
85.6238,6,in,33402,-18.2
85.6282,6,in,33406,-19.8
85.6318,6,in,33410,-35.4
85.6361,6,in,33414,-38.8
85.6398,6,in,33418,-45.4
85.6435,6,in,33422,-45.8
85.6474,6,in,33426,-48.4
85.6513,6,in,33430,-37.8
85.6562,6,in,33434,-66.2
85.6602,6,in,33438,-30.8
85.6645,6,in,33442,-95.4
85.6686,6,in,33446,-37
85.6739,6,in,33450,2
85.6778,6,in,33454,-15.2
85.6827,6,in,33458,-24.4
85.6873,6,in,33462,-15
85.6916,6,in,33466,-14
85.6962,6,in,33470,-62.8
85.7,6,in,33474,-27
85.7036,6,in,33478,-43
85.7074,6,in,33482,-29.4
85.7116,6,in,33486,-63.6
85.7152,6,in,33490,-47.2
85.7191,6,in,33494,-63
85.7231,6,in,33498,-52.2
85.7284,6,in,33502,-2.6
85.7323,6,in,33506,6.4
85.7368,6,in,33510,-14
85.7416,6,in,33514,-64.4
85.7467,6,in,33518,-65.6
85.7512,6,in,33522,-32.6
85.7557,6,in,33526,-45
85.7598,6,in,33530,-70.4
85.7638,6,in,33534,-60.6
85.7673,6,in,33538,-54
85.7712,6,in,33542,-19.6
85.7753,6,in,33546,-67.6
85.7801,6,in,33550,-40
85.7843,6,in,33554,-66
85.7887,6,in,33558,-47.8
85.7931,6,in,33562,-56.8
85.7982,6,in,33566,-55.4
85.8027,6,in,33570,-78.2
85.807,6,in,33574,-59.4
85.8113,6,in,33578,-77.6
85.815,6,in,33582,-35.6
85.82,6,in,33586,-39.8
85.8238,6,in,33590,-37.8
85.8281,6,in,33594,-88.2
85.8328,6,in,33598,-59
85.8368,6,in,33602,-65.8
85.8409,6,in,33606,-15.2
85.845,6,in,33610,-42.6
85.8497,6,in,33614,-32.8
85.8545,6,in,33618,-11.6
85.8587,6,in,33622,-28.2
85.8629,6,in,33626,-76.6
85.8679,6,in,33630,-11.2
85.8721,6,in,33634,-30.4
85.8767,6,in,33638,-57.8
85.8812,6,in,33642,-12.4
85.8861,6,in,33646,-71.4
85.8902,6,in,33650,-61.4
85.8947,6,in,33654,-11.6
85.8993,6,in,33658,-19
85.9044,6,in,33662,-35.8
85.9089,6,in,33666,-93.6
85.9133,6,in,33670,-83.4
85.9177,6,in,33674,-49.4
85.9221,6,in,33678,-57.2
85.9262,6,in,33682,-14.4
85.93,6,in,33686,-65.6
85.9339,6,in,33690,-55
85.9382,6,in,33694,-50
85.9423,6,in,33698,-15.6
85.9461,6,in,33702,-79.4
85.9501,6,in,33706,-33
85.9543,6,in,33710,-46.4
85.9596,6,in,33714,-53.8
85.9639,6,in,33718,-45.6
85.9682,6,in,33722,-48.2
85.9721,6,in,33726,-82.4
85.9769,6,in,33730,-48.2
85.981,6,in,33734,-50
85.9854,6,in,33738,-57.6
85.9897,6,in,33742,-52
85.9942,6,in,33746,-80
85.9988,6,in,33750,-91
86.0027,6,in,33754,-70.8
86.0072,6,in,33758,-82.2
86.0122,6,in,33762,-62.8
86.0164,6,in,33766,-53.2
86.0205,6,in,33770,-88
86.0246,6,in,33774,-63.8
86.0296,6,in,33778,-118.2
86.0335,6,in,33782,-62.6
86.038,6,in,33786,-52
86.0419,6,in,33790,-58.4
86.0462,6,in,33794,-54.6
86.0504,6,in,33798,-127
86.0549,6,in,33802,-77.6
86.0598,6,in,33806,-65.4
86.0646,6,in,33810,-56
86.0695,6,in,33814,-90.6
86.074,6,in,33818,-110.2
86.0779,6,in,33822,-79.2
86.0827,6,in,33826,-93.4
86.0871,6,in,33830,-67.6
86.0915,6,in,33834,-99.4
86.0961,6,in,33838,-109.4
86.1007,6,in,33842,-143.2
86.1049,6,in,33846,-79.8
86.1098,6,in,33850,-172.4
86.1151,6,in,33854,-155
86.1205,6,in,33858,-136
86.1258,6,in,33862,-147.4
86.1308,6,in,33866,-226.2
86.1355,6,in,33870,-154.4
86.1404,6,in,33874,-177.2
86.1454,6,in,33878,-231.6
86.15,6,in,33882,-182.2
86.1545,6,in,33886,-202.8
86.1594,6,in,33890,-191
86.1635,6,in,33894,-201.2
86.1675,6,in,33898,-206.4
86.1726,6,in,33902,-231.4
86.1769,6,in,33906,-150.2
86.1809,6,in,33910,-202.4
86.185,6,in,33914,-220.4
86.1891,6,in,33918,-294.6
86.1933,6,in,33922,-287.2
86.1972,6,in,33926,-262.4
86.2024,6,in,33930,-289.8
86.2074,6,in,33934,-267
86.2124,6,in,33938,-447.6
86.2173,6,in,33942,-506.2
86.2224,6,in,33946,-450.4
86.2271,6,in,33950,-430.2
86.2321,6,in,33954,-402.4
86.2366,6,in,33958,-635.8
86.2411,6,in,33962,-622
86.2463,6,in,33966,-583.8
86.251,6,in,33970,-492.4
86.2558,6,in,33974,-444
86.2607,6,in,33978,-445
86.2655,6,in,33982,-458.8
86.2705,6,in,33986,-589
86.2752,6,in,33990,-600.2
86.2802,6,in,33994,-700.4
86.2855,6,in,33998,-753
86.2899,6,in,34002,-666.2
86.2949,6,in,34006,-667
86.301,6,in,34010,-700.6
86.3056,6,in,34014,-609
86.3108,6,in,34018,-697.2
86.316,6,in,34022,-769.4
86.3216,6,in,34026,-712.4
86.3273,6,in,34030,-744.2
86.333,6,in,34034,-813.2
86.3381,6,in,34038,-712.6
86.343,6,in,34042,-710.8
86.3481,6,in,34046,-617.2
86.3533,6,in,34050,-625.4
86.3585,6,in,34054,-587.4
86.3635,6,in,34058,-636.2
86.3682,6,in,34062,-624.6
86.3725,6,in,34066,-716.6
86.3778,6,in,34070,-876.4
86.383,6,in,34074,-965.6
86.388,6,in,34078,-975.4
86.3923,6,in,34082,-1419.4
86.3974,6,out,34078,-1268.6
86.4017,6,out,34074,-1694.4
86.4066,6,out,34070,-1469.6
86.4118,6,out,34066,-1638.8
86.4169,6,out,34062,-1660.2
86.4219,6,out,34058,-1659.2
86.4267,6,out,34054,-1804.8
86.4316,6,out,34050,-1909.6
86.4367,6,out,34046,-1692.8
86.4414,6,out,34042,-1713
86.4469,6,out,34038,-1208.2
86.4517,6,out,34034,-1143.4
86.4568,6,out,34030,-1165.2
86.4619,6,out,34026,-1138.2
86.4666,6,out,34022,-1106.2
86.4715,6,out,34018,-1160.2
86.4761,6,out,34014,-1155.2
86.4813,6,out,34010,-1167.6
86.4858,6,out,34006,-1169.6
86.4907,6,out,34002,-1164.6
86.4954,6,out,33998,-1137.2
86.4995,6,out,33994,-1178.8
86.5037,6,out,33990,-1187.8
86.5082,6,out,33986,-1207.4
86.5126,6,out,33982,-1205.8
86.5166,6,out,33978,-1200.2
86.521,6,out,33974,-1172.8
86.525,6,out,33970,-1202.2
86.5294,6,out,33966,-1272
86.5334,6,out,33962,-1177.2
86.5383,6,out,33958,-1240.2
86.5426,6,out,33954,-1213
86.5469,6,out,33950,-1196.2
86.5513,6,out,33946,-1268.2
86.5552,6,out,33942,-1252.6
86.5597,6,out,33938,-1247.2
86.5639,6,out,33934,-1202
86.5685,6,out,33930,-1254.6
86.5725,6,out,33926,-1228.6
86.5769,6,out,33922,-1234.4
86.5813,6,out,33918,-1255.6
86.5862,6,out,33914,-1229.2
86.5903,6,out,33910,-1219
86.595,6,out,33906,-1341
86.5992,6,out,33902,-1529.2
86.604,6,out,33898,-4539.8
86.6084,6,out,33894,-4541.4
86.6133,6,out,33890,-4399.2
86.6179,6,out,33886,-4772.6
86.6224,6,out,33882,-4492.8
86.6263,6,out,33878,-4951.6
86.6304,6,out,33874,-2479.6
86.6343,6,out,33870,-2487.8
86.6393,6,out,33866,-2221.4
86.6432,6,out,33862,-1396.4
86.6479,6,out,33858,-1263.4
86.6522,6,out,33854,-1260.2
86.6573,6,out,33850,-2233.6
86.6615,6,out,33846,-2471.8
86.6661,6,out,33842,-2655.6
86.6706,6,out,33838,-2734.2
86.6752,6,out,33834,-1663.4
86.68,6,out,33830,-1386.2
86.685,6,out,33826,-1404.8
86.6896,6,out,33822,-1447.2
86.6938,6,out,33818,-1545
86.698,6,out,33814,-1508.6
86.7025,6,out,33810,-1411.6
86.7076,6,out,33806,-1384.4
86.7128,6,out,33802,-1338.6
86.7178,6,out,33798,-1414.2
86.7231,6,out,33794,-1363.2
86.728,6,out,33790,-1391
86.7328,6,out,33786,-1273.6
86.7377,6,out,33782,-1364.2
86.7427,6,out,33778,-1389.2
86.7478,6,out,33774,-1360.6
86.7525,6,out,33770,-1353.6
86.7571,6,out,33766,-1316.2
86.7616,6,out,33762,-1250.8
86.7658,6,out,33758,-1315.8
86.7699,6,out,33754,-1303.2
86.7741,6,out,33750,-1339.6
86.7783,6,out,33746,-1346.4
86.7832,6,out,33742,-1343.6
86.7882,6,out,33738,-1301
86.7924,6,out,33734,-1294
86.7974,6,out,33730,-1287.8
86.8025,6,out,33726,-1308
86.8068,6,out,33722,-1310.8
86.8111,6,out,33718,-1263.2
86.8156,6,out,33714,-1305.6
86.8197,6,out,33710,-1350.6
86.8234,6,out,33706,-1298
86.8271,6,out,33702,-1298.2
86.8309,6,out,33698,-1367.8
86.8358,6,out,33694,-1357.4
86.8405,6,out,33690,-1262.2
86.8448,6,out,33686,-1754.2
86.849,6,out,33682,-1689
86.8536,6,out,33678,-1720.2
86.8582,6,out,33674,-1781
86.8627,6,out,33670,-1763
86.8677,6,out,33666,-1708.6
86.8727,6,out,33662,-1759.4
86.8771,6,out,33658,-1627.4
86.8821,6,out,33654,-1751.2
86.8861,6,out,33650,-1695.6
86.8912,6,out,33646,-1750.8
86.8953,6,out,33642,-1659.6
86.9003,6,out,33638,-1697.4
86.9043,6,out,33634,-1719
86.9089,6,out,33630,-1334.8
86.9137,6,out,33626,-1679
86.9186,6,out,33622,-1644
86.9227,6,out,33618,-1703.6
86.9273,6,out,33614,-1647.6
86.9321,6,out,33610,-1708
86.9364,6,out,33606,-1689.6
86.9407,6,out,33602,-1743.2
86.9458,6,out,33598,-1709.4
86.9497,6,out,33594,-1685.2
86.9539,6,out,33590,-1721.8
86.9582,6,out,33586,-1712
86.9638,6,out,33582,-1721.4
86.9679,6,out,33578,-1788.2
86.9721,6,out,33574,-1716.8
86.9761,6,out,33570,-1773
86.9807,6,out,33566,-1816.2
86.9846,6,out,33562,-1763
86.9891,6,out,33558,-1975.6
86.9933,6,out,33554,-1783
86.998,6,out,33550,-1834.2
87.003,6,out,33546,-1709.6
87.0078,6,out,33542,-1929.2
87.0116,6,out,33538,-1978.2
87.0166,6,out,33534,-1959.8
87.0209,6,out,33530,-1719
87.0251,6,out,33526,-1653
87.0295,6,out,33522,-1752.8
87.0345,6,out,33518,-1718
87.0388,6,out,33514,-1902.2
87.0429,6,out,33510,-1906.6
87.0474,6,out,33506,-1952.2
87.0523,6,out,33502,-1944.4
87.0578,6,out,33498,-1937.8
87.0621,6,out,33494,-1924
87.0661,6,out,33490,-1981.2
87.0714,6,out,33486,-1931.8
87.0754,6,out,33482,-1915.2
87.0797,6,out2,33432,-1900.8
87.0839,6,out2,33382,-1955.2
87.0891,6,out2,33332,-1921
87.0936,6,out2,33282,-1903.6
87.0978,6,out2,33232,-1979.2
87.1019,6,out2,33182,-1911.4
87.1069,6,out2,33132,-1951.4
87.1111,6,out2,33082,-1913.4
87.1158,6,out2,33032,-1934.4
87.1197,6,out2,32982,-1903.2
87.1252,6,out2,32932,-1953.8
87.1291,6,out2,32882,-1923.6
87.1333,6,out2,32832,-1946.2
87.1375,6,out2,32782,-1847.8
87.1422,6,out2,32732,-1656.8
87.1466,6,out2,32682,-1558.8
87.1507,6,out2,32632,-1616.2
87.155,6,out2,32582,-1619.4
87.1596,6,out2,32532,-1644.8
87.164,6,out2,32482,-1185.4
87.1682,6,out2,32432,-1168.6
87.1726,6,out2,32382,-1393.6
87.1778,6,out2,32332,-1085.6
87.1821,6,out2,32282,-1080.8
87.1864,6,out2,32232,-1010.6
87.1909,6,out2,32182,-1023.4
87.196,6,out2,32132,-984.2
87.2002,6,out2,32082,-937
87.2046,6,out2,32032,-935.6
87.209,6,out2,31982,-738.2
87.2132,6,out2,31932,-456.6
87.2178,6,out2,31882,-425.6
87.222,6,out2,31832,-273
87.2263,6,out2,31782,-186.8
87.2306,6,out2,31732,-67
87.235,7,in,31732,-29
87.2391,7,in,31736,-20.6
87.2434,7,in,31740,-8.6
87.248,7,in,31744,-78.2
87.2523,7,in,31748,17.2
87.2562,7,in,31752,16.8
87.2609,7,in,31756,-22.2
87.2657,7,in,31760,-49.2
87.2697,7,in,31764,7
87.2741,7,in,31768,-5.6
87.2785,7,in,31772,-6.4
87.2834,7,in,31776,-41.8
87.2875,7,in,31780,-39.4
87.2917,7,in,31784,24.4
87.2963,7,in,31788,10.8
87.3014,7,in,31792,-16.2
87.3057,7,in,31796,8.4
87.3097,7,in,31800,9.8
87.3142,7,in,31804,-17.4
87.3194,7,in,31808,-39.4
87.3236,7,in,31812,-4.8
87.3278,7,in,31816,-42
87.3321,7,in,31820,12.2
87.3368,7,in,31824,-17.6
87.3414,7,in,31828,-68.8
87.3453,7,in,31832,4
87.3491,7,in,31836,-21.8
87.3535,7,in,31840,-11
87.3587,7,in,31844,-25.8
87.3637,7,in,31848,-23.6
87.3688,7,in,31852,-30.2
87.3733,7,in,31856,-32.4
87.3784,7,in,31860,-49.8
87.383,7,in,31864,-32
87.3875,7,in,31868,-1.8
87.3917,7,in,31872,-7
87.3955,7,in,31876,-25
87.4,7,in,31880,-81
87.404,7,in,31884,-58.6
87.4081,7,in,31888,-12.8
87.4117,7,in,31892,-14.4
87.4157,7,in,31896,-1.8
87.4195,7,in,31900,-1.2
87.4232,7,in,31904,17.6
87.4274,7,in,31908,-24
87.4315,7,in,31912,0.8
87.4354,7,in,31916,-17
87.4396,7,in,31920,25.8
87.4446,7,in,31924,-5.2
87.4486,7,in,31928,11.6
87.4529,7,in,31932,-27.8
87.4574,7,in,31936,-64.2
87.4624,7,in,31940,-18
87.4665,7,in,31944,-42.6
87.4707,7,in,31948,19.8
87.4749,7,in,31952,8.4
87.4799,7,in,31956,-5.6
87.4848,7,in,31960,-15
87.4891,7,in,31964,32.6
87.4934,7,in,31968,-30
87.4979,7,in,31972,-69.6
87.5021,7,in,31976,30.2
87.5067,7,in,31980,11.4
87.5113,7,in,31984,2.4
87.5159,7,in,31988,-9
87.5203,7,in,31992,-4
87.5247,7,in,31996,8.4
87.5291,7,in,32000,18.2
87.5337,7,in,32004,26.6
87.5379,7,in,32008,-33.4
87.5417,7,in,32012,-23.6
87.5461,7,in,32016,-17.2
87.5502,7,in,32020,5.2
87.5544,7,in,32024,-17.4
87.5588,7,in,32028,-38.4
87.5628,7,in,32032,-31.8
87.5679,7,in,32036,-3.6
87.5723,7,in,32040,-25.4
87.5766,7,in,32044,30
87.5805,7,in,32048,2.6
87.5857,7,in,32052,-27.6
87.5898,7,in,32056,5
87.5942,7,in,32060,-3.6
87.5986,7,in,32064,-41.2
87.604,7,in,32068,0
87.6079,7,in,32072,-23.4
87.6119,7,in,32076,-46
87.616,7,in,32080,-55.6
87.6203,7,in,32084,25.6
87.6246,7,in,32088,21.8
87.6289,7,in,32092,-30.2
87.633,7,in,32096,2.6
87.6373,7,in,32100,-34.8
87.6411,7,in,32104,14.2
87.6452,7,in,32108,16.8
87.6497,7,in,32112,-15.4
87.6539,7,in,32116,10
87.6585,7,in,32120,2.2
87.6627,7,in,32124,-12.6
87.6679,7,in,32128,9
87.6726,7,in,32132,18
87.677,7,in,32136,-21.4
87.6813,7,in,32140,7
87.6861,7,in,32144,-19.2
87.6902,7,in,32148,1.6
87.6943,7,in,32152,-14
87.6984,7,in,32156,-33.2
87.7024,7,in,32160,7.8
87.7069,7,in,32164,-40.4
87.7113,7,in,32168,0.4
87.7154,7,in,32172,-65.6
87.7197,7,in,32176,-4.8
87.7237,7,in,32180,-63.6
87.7291,7,in,32184,-28.6
87.7332,7,in,32188,-49.2
87.7376,7,in,32192,-6.6
87.7419,7,in,32196,-3.6
87.7469,7,in,32200,-4
87.7515,7,in,32204,-39.4
87.7561,7,in,32208,18.8
87.7603,7,in,32212,24.2
87.7645,7,in,32216,18.2
87.7684,7,in,32220,-18.4
87.7727,7,in,32224,28.6
87.7768,7,in,32228,23.8
87.7818,7,in,32232,-39
87.7856,7,in,32236,8.4
87.7895,7,in,32240,27
87.7937,7,in,32244,-31.6
87.7989,7,in,32248,-31.2
87.8037,7,in,32252,5.2
87.8079,7,in,32256,-63.4
87.812,7,in,32260,-24.6
87.8164,7,in,32264,13.6
87.8205,7,in,32268,-3.8
87.8247,7,in,32272,-46.4
87.8294,7,in,32276,-26.6
87.8344,7,in,32280,-21.8
87.8394,7,in,32284,-7.2
87.8448,7,in,32288,-24.4
87.85,7,in,32292,-13.8
87.8551,7,in,32296,-18.4
87.8597,7,in,32300,4.6
87.8643,7,in,32304,-37
87.8691,7,in,32308,6
87.8737,7,in,32312,-33.6
87.879,7,in,32316,-4
87.8845,7,in,32320,12.6
87.8893,7,in,32324,2
87.8939,7,in,32328,-51.2
87.8986,7,in,32332,-3.8
87.904,7,in,32336,-33.6
87.9088,7,in,32340,9.2
87.9138,7,in,32344,-6.6
87.9186,7,in,32348,21
87.9232,7,in,32352,4.2
87.9282,7,in,32356,-31.6
87.9325,7,in,32360,15.8
87.9367,7,in,32364,17.2
87.9413,7,in,32368,-44.2
87.9454,7,in,32372,-3.2
87.9497,7,in,32376,-16
87.9539,7,in,32380,-63.2
87.958,7,in,32384,-61
87.9624,7,in,32388,-23.6
87.9671,7,in,32392,-25
87.9711,7,in,32396,-35
87.9752,7,in,32400,-62.6
87.9803,7,in,32404,-25.8
87.984,7,in,32408,0.6
87.9879,7,in,32412,24.8
87.992,7,in,32416,-62.4
87.9974,7,in,32420,-21.2
88.0017,7,in,32424,7.8
88.006,7,in,32428,-1.2
88.0107,7,in,32432,-52
88.0154,7,in,32436,-6.2
88.0204,7,in,32440,-29.8
88.0252,7,in,32444,-33.6
88.0297,7,in,32448,-17
88.0342,7,in,32452,-28.8
88.0392,7,in,32456,-8
88.0441,7,in,32460,-41.8
88.0489,7,in,32464,-20.8
88.0535,7,in,32468,-12.4
88.0587,7,in,32472,-12.6
88.0633,7,in,32476,21.4
88.0686,7,in,32480,3.6
88.0732,7,in,32484,28.6
88.078,7,in,32488,-16.6
88.0829,7,in,32492,-22.2
88.0881,7,in,32496,-12.4
88.0934,7,in,32500,-14.6
88.0984,7,in,32504,-49.8
88.1033,7,in,32508,33.6
88.1078,7,in,32512,9.8
88.1126,7,in,32516,-16
88.1177,7,in,32520,-28
88.1228,7,in,32524,-24.6
88.1279,7,in,32528,-5
88.1326,7,in,32532,-49
88.1377,7,in,32536,-10.6
88.1425,7,in,32540,-17.4
88.1474,7,in,32544,-22
88.1524,7,in,32548,-11.2
88.157,7,in,32552,29.2
88.1611,7,in,32556,-45.4
88.1665,7,in,32560,-16.6
88.1713,7,in,32564,-9.2
88.1767,7,in,32568,-25.4
88.1817,7,in,32572,4.2
88.1867,7,in,32576,-1.6
88.1913,7,in,32580,-6.4
88.196,7,in,32584,-11.4
88.2009,7,in,32588,-14
88.2058,7,in,32592,1.4
88.2108,7,in,32596,-45
88.2159,7,in,32600,-28
88.2208,7,in,32604,-26.4
88.2258,7,in,32608,-11.4
88.2309,7,in,32612,-63.6
88.2362,7,in,32616,-22.2
88.241,7,in,32620,4
88.2473,7,in,32624,-15.6
88.2521,7,in,32628,-19
88.2566,7,in,32632,27.6
88.2617,7,in,32636,-40.2
88.2665,7,in,32640,36
88.2715,7,in,32644,-12.8
88.2762,7,in,32648,5.4
88.2811,7,in,32652,-38.4
88.2861,7,in,32656,-18.2
88.2914,7,in,32660,-35.2
88.2963,7,in,32664,-14.6
88.3013,7,in,32668,-22.6
88.3064,7,in,32672,25.6
88.3115,7,in,32676,-26.4
88.3163,7,in,32680,-21.8
88.3214,7,in,32684,-25.8
88.327,7,in,32688,-20.6
88.3321,7,in,32692,-25
88.3374,7,in,32696,-55.6
88.3432,7,in,32700,-68
88.3487,7,in,32704,-24.8
88.3548,7,in,32708,-40.8
88.36,7,in,32712,-29.4
88.3645,7,in,32716,-1.2
88.3697,7,in,32720,-38.2
88.3739,7,in,32724,-26.2
88.3778,7,in,32728,-20.2
88.3819,7,in,32732,17.4
88.3859,7,in,32736,-22.6
88.3902,7,in,32740,-22.8
88.3945,7,in,32744,10.6
88.3987,7,in,32748,-54.4
88.4026,7,in,32752,8.6
88.4069,7,in,32756,-7.2
88.4108,7,in,32760,-4.2
88.4151,7,in,32764,-8
88.4192,7,in,32768,3.8
88.4246,7,in,32772,4.8
88.4293,7,in,32776,-0.2
88.4338,7,in,32780,-11
88.4386,7,in,32784,-24
88.4427,7,in,32788,-41.8
88.4466,7,in,32792,-50
88.4509,7,in,32796,-31.4
88.4549,7,in,32800,3.8
88.4603,7,in,32804,-10
88.4645,7,in,32808,-38.4
88.4686,7,in,32812,-11.2
88.4727,7,in,32816,-38.8
88.4777,7,in,32820,-16.2
88.4822,7,in,32824,-14.4
88.4867,7,in,32828,-58.4
88.491,7,in,32832,-58.2
88.4952,7,in,32836,0.8
88.4992,7,in,32840,-69.4
88.5035,7,in,32844,12.2
88.5079,7,in,32848,-27.6
88.5122,7,in,32852,-43.8
88.5163,7,in,32856,-13
88.5207,7,in,32860,44.8
88.5251,7,in,32864,-36.2
88.5295,7,in,32868,-13.6
88.5337,7,in,32872,11.8
88.5379,7,in,32876,8.8
88.5424,7,in,32880,-32.4
88.5466,7,in,32884,2.8
88.5508,7,in,32888,-58
88.5555,7,in,32892,28.2
88.56,7,in,32896,-3.8
88.5641,7,in,32900,-18.2
88.5682,7,in,32904,-60.8
88.5726,7,in,32908,-40.4
88.5772,7,in,32912,-44.4
88.5812,7,in,32916,-47.6
88.5852,7,in,32920,-4.4
88.5894,7,in,32924,31.8
88.5942,7,in,32928,-4
88.5984,7,in,32932,-46.6
88.6031,7,in,32936,8
88.6077,7,in,32940,9.4
88.6121,7,in,32944,-56.8
88.6163,7,in,32948,-21.2
88.6212,7,in,32952,-32
88.6256,7,in,32956,-10.8
88.6301,7,in,32960,6.4
88.6341,7,in,32964,-35.8
88.639,7,in,32968,-18.4
88.6435,7,in,32972,-24.8
88.6475,7,in,32976,-93
88.6516,7,in,32980,-76.4
88.6566,7,in,32984,-18.6
88.661,7,in,32988,-35.2
88.6651,7,in,32992,-85.6
88.6694,7,in,32996,-4
88.6744,7,in,33000,-10.4
88.6784,7,in,33004,-12.6
88.6826,7,in,33008,-69
88.6876,7,in,33012,-25.4
88.6922,7,in,33016,-1.8
88.6963,7,in,33020,-50.6
88.7005,7,in,33024,-29.4
88.7051,7,in,33028,6.4
88.7098,7,in,33032,2.8
88.7142,7,in,33036,-34.8
88.7192,7,in,33040,-13
88.7241,7,in,33044,-37.6
88.7291,7,in,33048,-8.8
88.7338,7,in,33052,-26.8
88.7387,7,in,33056,-28
88.7438,7,in,33060,-42.2
88.7485,7,in,33064,-25.4
88.7527,7,in,33068,3.4
88.7568,7,in,33072,-49.6
88.7607,7,in,33076,-9.4
88.7641,7,in,33080,-64.6
88.7678,7,in,33084,-4.8
88.7715,7,in,33088,-34.6
88.7753,7,in,33092,1.2
88.7794,7,in,33096,-72.4
88.7836,7,in,33100,-16.4
88.7876,7,in,33104,-61.8
88.7917,7,in,33108,-8.2
88.796,7,in,33112,-51.4
88.8005,7,in,33116,-15.4
88.8053,7,in,33120,-9.8
88.8098,7,in,33124,-8.2
88.8141,7,in,33128,-25
88.8186,7,in,33132,-45.2
88.8224,7,in,33136,-29.2
88.8266,7,in,33140,7.2
88.8309,7,in,33144,-59.6
88.836,7,in,33148,-8.4
88.8413,7,in,33152,15.8
88.8461,7,in,33156,-50.6
88.8514,7,in,33160,-42.8
88.856,7,in,33164,-34
88.8603,7,in,33168,-58.4
88.8644,7,in,33172,-20.4
88.8689,7,in,33176,-83.8
88.8734,7,in,33180,-13.6
88.8772,7,in,33184,-48.6
88.8811,7,in,33188,-28.6
88.8855,7,in,33192,-22.4
88.8906,7,in,33196,-22.6
88.8954,7,in,33200,-62.6
88.8998,7,in,33204,-34.8
88.905,7,in,33208,-86
88.9098,7,in,33212,-88.6
88.9143,7,in,33216,-21.8
88.9196,7,in,33220,-23.2
88.9248,7,in,33224,-28.6
88.9296,7,in,33228,-19.6
88.9344,7,in,33232,-31.4
88.9389,7,in,33236,-35
88.9441,7,in,33240,-20
88.949,7,in,33244,-13.4
88.9537,7,in,33248,-18.2
88.9583,7,in,33252,4.6
88.9628,7,in,33256,-25.2
88.9681,7,in,33260,-35.6
88.9737,7,in,33264,-18.6
88.9791,7,in,33268,-10
88.9837,7,in,33272,7
88.9889,7,in,33276,-17.2
88.9937,7,in,33280,-0.6
88.999,7,in,33284,-35.2
89.0035,7,in,33288,-1.6
89.0084,7,in,33292,-29.8
89.0144,7,in,33296,-30.4
89.0195,7,in,33300,-42
89.0247,7,in,33304,-38.4
89.0296,7,in,33308,-23.2
89.0337,7,in,33312,-90.8
89.0384,7,in,33316,-18.8
89.0429,7,in,33320,-30.4
89.0474,7,in,33324,1.6
89.052,7,in,33328,-32.6
89.0568,7,in,33332,-31.4
89.0615,7,in,33336,-45.4
89.0671,7,in,33340,-20.2
89.072,7,in,33344,-22.4
89.0769,7,in,33348,-22
89.0818,7,in,33352,-64.8
89.0862,7,in,33356,13
89.0909,7,in,33360,-41
89.0952,7,in,33364,-57.6
89.1001,7,in,33368,-20
89.105,7,in,33372,-22.6
89.1093,7,in,33376,-9.2
89.1131,7,in,33380,-2
89.1168,7,in,33384,-19
89.1207,7,in,33388,-12.2
89.1243,7,in,33392,-26.4
89.128,7,in,33396,-39
89.1316,7,in,33400,-45
89.1357,7,in,33404,-31.6
89.1395,7,in,33408,-20.4
89.1436,7,in,33412,-36.2
89.1476,7,in,33416,-13.8
89.152,7,in,33420,-50.6
89.1565,7,in,33424,-17
89.1605,7,in,33428,-19.4
89.1647,7,in,33432,-46.4
89.1688,7,in,33436,-15.4
89.1742,7,in,33440,-16.6
89.1788,7,in,33444,-41.8
89.1834,7,in,33448,1.4
89.1877,7,in,33452,-13.8
89.1924,7,in,33456,-60.2
89.197,7,in,33460,-26.8
89.2009,7,in,33464,-71.8
89.2051,7,in,33468,-68.8
89.2096,7,in,33472,-94.2
89.2138,7,in,33476,-58.6
89.2179,7,in,33480,-55.2
89.2223,7,in,33484,-56
89.2269,7,in,33488,-32.2
89.2309,7,in,33492,-65
89.235,7,in,33496,-26.2
89.239,7,in,33500,-30
89.243,7,in,33504,-44.6
89.2467,7,in,33508,-17.8
89.2505,7,in,33512,-27.2
89.2541,7,in,33516,-21.2
89.2581,7,in,33520,-45.6
89.2619,7,in,33524,-30
89.266,7,in,33528,-64
89.2696,7,in,33532,-25.8
89.2732,7,in,33536,-26
89.2776,7,in,33540,-24.6
89.2815,7,in,33544,-40
89.285,7,in,33548,-19.8
89.2891,7,in,33552,-39.2
89.2934,7,in,33556,-40.8
89.2981,7,in,33560,-59.4
89.3022,7,in,33564,-91.6
89.3067,7,in,33568,-55.4
89.3113,7,in,33572,-89
89.3164,7,in,33576,-86
89.3205,7,in,33580,-12.8
89.3255,7,in,33584,-32
89.3306,7,in,33588,-65.2
89.3354,7,in,33592,-52.4
89.34,7,in,33596,-39.6
89.3444,7,in,33600,-75.4
89.3493,7,in,33604,-28
89.3537,7,in,33608,-51.2
89.359,7,in,33612,-39.4
89.3639,7,in,33616,-53.4
89.3697,7,in,33620,-37.6
89.3744,7,in,33624,-10.8
89.3795,7,in,33628,-22.4
89.3842,7,in,33632,-43.8
89.3892,7,in,33636,-45.6
89.3939,7,in,33640,-46.4
89.3986,7,in,33644,-40.4
89.4049,7,in,33648,-39.4
89.4097,7,in,33652,-38.8
89.4146,7,in,33656,-42.2
89.4203,7,in,33660,-30.8
89.4251,7,in,33664,-35.6
89.4298,7,in,33668,-36
89.4345,7,in,33672,-66.4
89.4396,7,in,33676,-55.2
89.4438,7,in,33680,-37.2
89.449,7,in,33684,-47.2
89.4536,7,in,33688,-22.4
89.4587,7,in,33692,-73.2
89.4634,7,in,33696,-49
89.4679,7,in,33700,-40
89.4727,7,in,33704,-41
89.4777,7,in,33708,-58.6
89.4822,7,in,33712,-53.6
89.4869,7,in,33716,-13.2
89.4923,7,in,33720,-71
89.4969,7,in,33724,-9.8
89.5016,7,in,33728,-39.6
89.5061,7,in,33732,-63.4
89.5104,7,in,33736,-63.4
89.5153,7,in,33740,-67.8
89.5196,7,in,33744,-50.2
89.5236,7,in,33748,-39
89.5276,7,in,33752,-61.2
89.532,7,in,33756,-91.8
89.5359,7,in,33760,-48.8
89.5401,7,in,33764,-9.4
89.5442,7,in,33768,-28.2
89.5499,7,in,33772,-104.6
89.5538,7,in,33776,-81.8
89.5579,7,in,33780,-33.6
89.5626,7,in,33784,-61.6
89.5674,7,in,33788,-59.8
89.5718,7,in,33792,-30.8
89.5758,7,in,33796,-17.6
89.5799,7,in,33800,-88.4
89.5854,7,in,33804,-13.2
89.5894,7,in,33808,-70.4
89.5937,7,in,33812,-31.8
89.5981,7,in,33816,-65
89.6033,7,in,33820,-56.2
89.6078,7,in,33824,-4.2
89.6118,7,in,33828,-99.6
89.6158,7,in,33832,-40
89.6213,7,in,33836,-85.8
89.6265,7,in,33840,-54
89.6313,7,in,33844,-73
89.6363,7,in,33848,-49.6
89.6413,7,in,33852,-25.8
89.6469,7,in,33856,-43.8
89.6519,7,in,33860,-87.4
89.6571,7,in,33864,-50.2
89.662,7,in,33868,-81.8
89.6682,7,in,33872,-77
89.6726,7,in,33876,-53.8
89.6768,7,in,33880,-55.8
89.682,7,in,33884,-116.8
89.6869,7,in,33888,-95.2
89.6914,7,in,33892,-95.4
89.6955,7,in,33896,-48.8
89.6998,7,in,33900,-67
89.7039,7,in,33904,-108.2
89.7083,7,in,33908,-85.8
89.7128,7,in,33912,-32.8
89.7171,7,in,33916,-96.6
89.7218,7,in,33920,-96.4
89.7266,7,in,33924,-39.4
89.7311,7,in,33928,-90.2
89.7354,7,in,33932,-60.2
89.7401,7,in,33936,-73.4
89.7442,7,in,33940,-81
89.7488,7,in,33944,-138
89.7534,7,in,33948,-122.6
89.7579,7,in,33952,-69.8
89.7626,7,in,33956,-76.6
89.767,7,in,33960,-47.6
89.7709,7,in,33964,-43.6
89.7752,7,in,33968,-89.4
89.7797,7,in,33972,-109.2
89.7842,7,in,33976,-101.4
89.7892,7,in,33980,-115
89.794,7,in,33984,-60.4
89.7986,7,in,33988,-96.6
89.8025,7,in,33992,-118.2
89.8069,7,in,33996,-139
89.8113,7,in,34000,-109.4
89.8157,7,in,34004,-97.4
89.8199,7,in,34008,-84
89.8244,7,in,34012,-100.8
89.8292,7,in,34016,-88.6
89.8338,7,in,34020,-101.4
89.8383,7,in,34024,-83.2
89.8424,7,in,34028,-121.4
89.8462,7,in,34032,-110.8
89.8506,7,in,34036,-117.8
89.8551,7,in,34040,-159.8
89.8594,7,in,34044,-134.6
89.8635,7,in,34048,-124.2
89.8675,7,in,34052,-321.6
89.8726,7,in,34056,-297.6
89.8769,7,in,34060,-313
89.8811,7,in,34064,-320.4
89.8853,7,in,34068,-355.2
89.8912,7,in,34072,-369
89.8961,7,in,34076,-466
89.9006,7,in,34080,-550.6
89.9053,7,in,34084,-551.6
89.9104,7,in,34088,-524.8
89.9158,7,in,34092,-660.4
89.9201,7,in,34096,-610.4
89.9251,7,in,34100,-1060.4
89.9295,7,out,34096,-844.4
89.9337,7,out,34092,-1202
89.9382,7,out,34088,-1343.4
89.9427,7,out,34084,-1183.4
89.947,7,out,34080,-1175.2
89.9515,7,out,34076,-984.6
89.9559,7,out,34072,-650.2
89.9606,7,out,34068,-745.2
89.9654,7,out,34064,-709.6
89.9701,7,out,34060,-683
89.9742,7,out,34056,-730.8
89.9789,7,out,34052,-753
89.9839,7,out,34048,-694.8
89.988,7,out,34044,-667.8
89.9922,7,out,34040,-534.8
89.997,7,out,34036,-597.6
90.0012,7,out,34032,-552.8
90.0057,7,out,34028,-652.4
90.0107,7,out,34024,-670.4
90.0156,7,out,34020,-659.8
90.0205,7,out,34016,-688.2
90.0257,7,out,34012,-696.8
90.0311,7,out,34008,-639.2
90.0361,7,out,34004,-615
90.0413,7,out,34000,-730.2
90.046,7,out,33996,-810.8
90.0515,7,out,33992,-844
90.0564,7,out,33988,-880.6
90.0611,7,out,33984,-947.6
90.0655,7,out,33980,-860.6
90.0699,7,out,33976,-916
90.0745,7,out,33972,-958.4
90.0794,7,out,33968,-529.2
90.0844,7,out,33964,-566.4
90.0888,7,out,33960,-571.6
90.0933,7,out,33956,-570.8
90.0983,7,out,33952,-570
90.1027,7,out,33948,-615.6
90.1072,7,out,33944,-600.4
90.1111,7,out,33940,-588.6
90.1151,7,out,33936,-657.2
90.1192,7,out,33932,-611.8
90.1231,7,out,33928,-581.2
90.1274,7,out,33924,-648
90.1318,7,out,33920,-706.6
90.1358,7,out,33916,-611.8
90.14,7,out,33912,-536.4
90.1443,7,out,33908,-568.6
90.1482,7,out,33904,-607
90.1523,7,out,33900,-575.8
90.1576,7,out,33896,-614
90.1614,7,out,33892,-559.2
90.1653,7,out,33888,-656.2
90.1701,7,out,33884,-567.8
90.1754,7,out,33880,-620.2
90.18,7,out,33876,-585.2
90.1845,7,out,33872,-635.8
90.1886,7,out,33868,-622
90.1941,7,out,33864,-643.8
90.1986,7,out,33860,-621.4
90.203,7,out,33856,-640
90.2071,7,out,33852,-652.2
90.2125,7,out,33848,-643
90.2167,7,out,33844,-679
90.2213,7,out,33840,-651.8
90.2254,7,out,33836,-603.2
90.231,7,out,33832,-651.8
90.2352,7,out,33828,-673.4
90.2392,7,out,33824,-639.4
90.2433,7,out,33820,-681.8
90.2485,7,out,33816,-620
90.2528,7,out,33812,-671.6
90.257,7,out,33808,-649.6
90.2614,7,out,33804,-704.2
90.2662,7,out,33800,-655.6
90.2713,7,out,33796,-622
90.2753,7,out,33792,-582.8
90.2794,7,out,33788,-599.4
90.2848,7,out,33784,-630.4
90.2891,7,out,33780,-616.4
90.2933,7,out,33776,-658.4
90.2976,7,out,33772,-647.2
90.303,7,out,33768,-646.6
90.3074,7,out,33764,-620.8
90.3125,7,out,33760,-651.8
90.3174,7,out,33756,-627
90.3218,7,out,33752,-686.4
90.3258,7,out,33748,-649.8
90.3307,7,out,33744,-624
90.3357,7,out,33740,-661.6
90.3405,7,out,33736,-679
90.3451,7,out,33732,-715.8
90.3495,7,out,33728,-651.8
90.354,7,out,33724,-680.2
90.3582,7,out,33720,-636.6
90.3629,7,out,33716,-662.2
90.3675,7,out,33712,-671.8
90.3727,7,out,33708,-648.4
90.3775,7,out,33704,-639.2
90.3822,7,out,33700,-687.8
90.3872,7,out,33696,-684.2
90.3921,7,out,33692,-670.8
90.3969,7,out,33688,-597.6
90.4021,7,out,33684,-765
90.4067,7,out,33680,-574.8
90.4119,7,out,33676,-629.4
90.4168,7,out,33672,-592.6
90.4218,7,out,33668,-583.4
90.4264,7,out,33664,-600.4
90.4309,7,out,33660,-563.8
90.4354,7,out,33656,-774.2
90.4396,7,out,33652,-563.6
90.4443,7,out,33648,-640.2
90.4487,7,out,33644,-598.6
90.4536,7,out,33640,-615
90.4586,7,out,33636,-602
90.464,7,out,33632,-635.8
90.4684,7,out,33628,-590.4
90.473,7,out,33624,-635.2
90.4773,7,out,33620,-635.4
90.4822,7,out,33616,-779
90.4869,7,out,33612,-860.4
90.4919,7,out,33608,-822.2
90.4974,7,out,33604,-768.4
90.5019,7,out,33600,-704.4
90.5067,7,out,33596,-808.6
90.5113,7,out,33592,-766.4
90.5167,7,out,33588,-795.6
90.5215,7,out,33584,-780.8
90.5262,7,out,33580,-776.2
90.5307,7,out,33576,-742.8
90.5356,7,out,33572,-758.4
90.54,7,out,33568,-775
90.5444,7,out,33564,-727.2
90.5494,7,out,33560,-735.8
90.5541,7,out,33556,-772.2
90.5589,7,out,33552,-794.4
90.564,7,out,33548,-778.6
90.5695,7,out,33544,-700.4
90.5746,7,out,33540,-700.2
90.5793,7,out,33536,-712.2
90.5843,7,out,33532,-773.6
90.5891,7,out,33528,-688
90.5935,7,out,33524,-744.8
90.5973,7,out,33520,-741.8
90.6011,7,out,33516,-734
90.6057,7,out,33512,-752.4
90.6101,7,out,33508,-699.4
90.6142,7,out,33504,-748
90.6184,7,out,33500,-737.4
90.6235,7,out2,33450,-765.4
90.6279,7,out2,33400,-737.4
90.6319,7,out2,33350,-690.8
90.6358,7,out2,33300,-753.8
90.6403,7,out2,33250,-711.8
90.6446,7,out2,33200,-701.6
90.6487,7,out2,33150,-733.4
90.6525,7,out2,33100,-707.6
90.6575,7,out2,33050,-683.6
90.6621,7,out2,33000,-724.8
90.6661,7,out2,32950,-721.2
90.6701,7,out2,32900,-707.6
90.6739,7,out2,32850,-754
90.6781,7,out2,32800,-750.2
90.6823,7,out2,32750,-778.2
90.6866,7,out2,32700,-733
90.691,7,out2,32650,-713.2
90.6954,7,out2,32600,-703.8
90.6998,7,out2,32550,-683.6
90.704,7,out2,32500,-695.4
90.7086,7,out2,32450,-719.8
90.713,7,out2,32400,-732
90.7175,7,out2,32350,-746.6
90.7217,7,out2,32300,-696
90.7264,7,out2,32250,-763.2
90.7311,7,out2,32200,-767.2
90.735,7,out2,32150,-755.6
90.7393,7,out2,32100,-767.4
90.7433,7,out2,32050,-743.8
90.7478,7,out2,32000,-569.6
90.7526,7,out2,31950,-579.2
90.7571,7,out2,31900,-567.2
90.7614,7,out2,31850,-446
90.7661,7,out2,31800,-17.6
90.7701,8,in,31800,-7
90.7744,8,in,31804,-35.6
90.7788,8,in,31808,-28.8
90.7837,8,in,31812,-47
90.7876,8,in,31816,28.4
90.7914,8,in,31820,-16
90.7952,8,in,31824,-63.4
90.8,8,in,31828,-15.6
90.8047,8,in,31832,6.6
90.8089,8,in,31836,24.6
90.813,8,in,31840,-56.6
90.8173,8,in,31844,-8.2
90.8212,8,in,31848,-39.4
90.8255,8,in,31852,-18
90.8293,8,in,31856,-23.8
90.8358,8,in,31860,-46.8
90.8396,8,in,31864,-17.2
90.8441,8,in,31868,-49
90.8482,8,in,31872,3.8
90.8528,8,in,31876,41.2
90.8575,8,in,31880,22
90.8619,8,in,31884,-48.6
90.8662,8,in,31888,-48.4
90.871,8,in,31892,-11.8
90.8756,8,in,31896,-17.2
90.8796,8,in,31900,-27
90.8839,8,in,31904,19
90.8882,8,in,31908,23.2
90.8924,8,in,31912,-46.8
90.8964,8,in,31916,-50.6
90.9005,8,in,31920,-37.2
90.9046,8,in,31924,36.6
90.9088,8,in,31928,24.8
90.913,8,in,31932,6
90.9172,8,in,31936,-37
90.9216,8,in,31940,-26.2
90.9263,8,in,31944,-26
90.9304,8,in,31948,46.2
90.9344,8,in,31952,10.6
90.939,8,in,31956,-46.2
90.9438,8,in,31960,-56.6
90.9481,8,in,31964,3.8
90.9521,8,in,31968,-6.6
90.9564,8,in,31972,-45.2
90.9612,8,in,31976,-23.6
90.9654,8,in,31980,-34.4
90.9696,8,in,31984,20.6
90.974,8,in,31988,-18.4
90.9791,8,in,31992,-29
90.9832,8,in,31996,-23.4
90.9881,8,in,32000,-29.2
90.9922,8,in,32004,-4.4
90.9978,8,in,32008,-12
91.0027,8,in,32012,27.4
91.0071,8,in,32016,-16.4
91.0117,8,in,32020,-33.4
91.0161,8,in,32024,-19.6
91.0205,8,in,32028,-14.6
91.0248,8,in,32032,15
91.0302,8,in,32036,-56.2
91.0346,8,in,32040,-48.4
91.0387,8,in,32044,-9.2
91.0427,8,in,32048,-56.6
91.047,8,in,32052,-27.8
91.0513,8,in,32056,-4.6
91.0555,8,in,32060,-1.2
91.0601,8,in,32064,-38.2
91.0644,8,in,32068,-52.6
91.0686,8,in,32072,22.6
91.073,8,in,32076,53.4
91.0776,8,in,32080,-34.8
91.0819,8,in,32084,-54.6
91.0867,8,in,32088,-27.8
91.0909,8,in,32092,-25
91.0953,8,in,32096,-18.2
91.0997,8,in,32100,-57.2
91.1046,8,in,32104,2.6
91.1088,8,in,32108,-11.6
91.1142,8,in,32112,-12.8
91.1194,8,in,32116,-0.6
91.1236,8,in,32120,24.4
91.1273,8,in,32124,-23
91.1315,8,in,32128,-38.8
91.1351,8,in,32132,-5.4
91.1394,8,in,32136,-35.8
91.1432,8,in,32140,-10.2
91.1475,8,in,32144,-31.8
91.1519,8,in,32148,-22.6
91.1565,8,in,32152,-1.8
91.1612,8,in,32156,21.6
91.1657,8,in,32160,-54.2
91.1703,8,in,32164,-14
91.1759,8,in,32168,17.2
91.1807,8,in,32172,-33.2
91.1847,8,in,32176,14
91.1889,8,in,32180,-36.2
91.1933,8,in,32184,-31.8
91.1972,8,in,32188,-46
91.2013,8,in,32192,-65.4
91.206,8,in,32196,-4.2
91.2111,8,in,32200,-26
91.2153,8,in,32204,-47.6
91.2196,8,in,32208,-13.6
91.2237,8,in,32212,3.6
91.2285,8,in,32216,-2.8
91.2329,8,in,32220,-51.4
91.2367,8,in,32224,-19.2
91.2409,8,in,32228,-24.8
91.2445,8,in,32232,-25.8
91.2487,8,in,32236,-14.6
91.2525,8,in,32240,21
91.2564,8,in,32244,-20.6
91.2603,8,in,32248,2.2
91.2656,8,in,32252,-23.4
91.2694,8,in,32256,25.6
91.2733,8,in,32260,-49.8
91.2776,8,in,32264,9.4
91.2825,8,in,32268,-34.6
91.2865,8,in,32272,-43.8
91.2908,8,in,32276,30.8
91.2951,8,in,32280,-8.4
91.3004,8,in,32284,-29.8
91.305,8,in,32288,32.2
91.3095,8,in,32292,5.4
91.3141,8,in,32296,-1.8
91.3195,8,in,32300,-2.4
91.3238,8,in,32304,-16.4
91.328,8,in,32308,-66
91.3324,8,in,32312,-28.4
91.337,8,in,32316,-13.2
91.3412,8,in,32320,-20.4
91.3455,8,in,32324,-21.4
91.3502,8,in,32328,-57.6
91.3551,8,in,32332,9.6
91.3597,8,in,32336,-12.6
91.364,8,in,32340,-11.2
91.3682,8,in,32344,27.6
91.3732,8,in,32348,-42
91.3778,8,in,32352,-35.8
91.3828,8,in,32356,9
91.3871,8,in,32360,-43.8
91.3922,8,in,32364,-36.2
91.3962,8,in,32368,-2.2
91.4008,8,in,32372,-45.2
91.405,8,in,32376,7.6
91.4098,8,in,32380,14.8
91.4139,8,in,32384,17.6
91.4183,8,in,32388,-67.6
91.423,8,in,32392,-10.6
91.428,8,in,32396,-42.2
91.4322,8,in,32400,-37.6
91.4362,8,in,32404,-22.8
91.4404,8,in,32408,-18.2
91.4452,8,in,32412,12.4
91.4496,8,in,32416,-69.4
91.4539,8,in,32420,-1.2
91.4584,8,in,32424,36.8
91.4632,8,in,32428,-50.2
91.4677,8,in,32432,-2
91.4718,8,in,32436,15
91.476,8,in,32440,-44.2
91.4803,8,in,32444,-35.8
91.4847,8,in,32448,-55.6
91.4887,8,in,32452,7.8
91.4928,8,in,32456,-85.8
91.4969,8,in,32460,-34.2
91.5018,8,in,32464,-30.8
91.5059,8,in,32468,-57
91.5104,8,in,32472,4.4
91.5146,8,in,32476,-24.6
91.5191,8,in,32480,-17.8
91.5234,8,in,32484,-18.2
91.5279,8,in,32488,-31
91.5321,8,in,32492,-22.6
91.537,8,in,32496,-29.8
91.541,8,in,32500,-41.6
91.5451,8,in,32504,-21.4
91.5496,8,in,32508,-15.6
91.554,8,in,32512,-32.2
91.5579,8,in,32516,-40.2
91.5621,8,in,32520,8.8
91.5663,8,in,32524,-51.8
91.5705,8,in,32528,28.2
91.5746,8,in,32532,-59.8
91.5789,8,in,32536,-44.6
91.5837,8,in,32540,-63.8
91.5886,8,in,32544,35.2
91.5933,8,in,32548,-16
91.5973,8,in,32552,-74.2
91.6013,8,in,32556,-37
91.6056,8,in,32560,4
91.6096,8,in,32564,-35.4
91.6139,8,in,32568,-54.6
91.6183,8,in,32572,-70.8
91.6223,8,in,32576,6.2
91.6271,8,in,32580,-67
91.6314,8,in,32584,-54.6
91.6362,8,in,32588,34.6
91.6409,8,in,32592,19.2
91.6457,8,in,32596,-48.8
91.6505,8,in,32600,-8.8
91.656,8,in,32604,-12
91.6606,8,in,32608,-49.6
91.6649,8,in,32612,-13.4
91.6693,8,in,32616,-29.4
91.6744,8,in,32620,1
91.679,8,in,32624,10.8
91.6834,8,in,32628,-55.2
91.6878,8,in,32632,5
91.6921,8,in,32636,-30
91.6965,8,in,32640,-40.4
91.7011,8,in,32644,-53.8
91.7047,8,in,32648,-31.2
91.7088,8,in,32652,-48.2
91.713,8,in,32656,-28.6
91.7173,8,in,32660,-53
91.7218,8,in,32664,-36.8
91.7257,8,in,32668,-47
91.7297,8,in,32672,-73.8
91.7344,8,in,32676,-28.2
91.7387,8,in,32680,-8.8
91.7427,8,in,32684,-4.6
91.7465,8,in,32688,-26.4
91.7509,8,in,32692,-25.6
91.7546,8,in,32696,-12
91.7586,8,in,32700,-37.2
91.7626,8,in,32704,-77.2
91.7675,8,in,32708,-65.4
91.7719,8,in,32712,-6.8
91.7769,8,in,32716,7.8
91.7813,8,in,32720,-67.6
91.7865,8,in,32724,-29.6
91.7911,8,in,32728,-16.8
91.7959,8,in,32732,-46.6
91.8005,8,in,32736,-71.8
91.8053,8,in,32740,-70.6
91.8097,8,in,32744,-38
91.8136,8,in,32748,-55.6
91.8179,8,in,32752,-46.4
91.8217,8,in,32756,19
91.8254,8,in,32760,-29.2
91.8297,8,in,32764,-24.4
91.8337,8,in,32768,-42.6
91.8387,8,in,32772,-40.6
91.8431,8,in,32776,26.6
91.8475,8,in,32780,19
91.8518,8,in,32784,5
91.8562,8,in,32788,-8.4
91.8604,8,in,32792,-58.4
91.8648,8,in,32796,-79.2
91.869,8,in,32800,-4.4
91.8731,8,in,32804,-62.8
91.8776,8,in,32808,-48
91.8814,8,in,32812,-33.8
91.8861,8,in,32816,-7.6
91.8903,8,in,32820,-2.2
91.8946,8,in,32824,-55
91.8986,8,in,32828,-48.8
91.9031,8,in,32832,-35.4
91.9081,8,in,32836,-5.4
91.9122,8,in,32840,-20.8
91.9166,8,in,32844,-1.8
91.9211,8,in,32848,-40
91.9253,8,in,32852,-34.4
91.9295,8,in,32856,-3.2
91.9338,8,in,32860,-63.6
91.9382,8,in,32864,35.6
91.9431,8,in,32868,-43.4
91.9475,8,in,32872,-36.2
91.9514,8,in,32876,-14.8
91.9555,8,in,32880,-52
91.9598,8,in,32884,13.6
91.9643,8,in,32888,-9.4
91.9694,8,in,32892,2.4
91.9733,8,in,32896,-17
91.9781,8,in,32900,-7.8
91.9824,8,in,32904,-31.6
91.9869,8,in,32908,-24.8
91.9915,8,in,32912,-37.4
91.996,8,in,32916,-40.6
92.0005,8,in,32920,-8.4
92.0046,8,in,32924,-19.6
92.0085,8,in,32928,8.8
92.0125,8,in,32932,5
92.0164,8,in,32936,-23.6
92.0216,8,in,32940,-23.4
92.027,8,in,32944,-4.6
92.0319,8,in,32948,-14.6
92.037,8,in,32952,-15
92.0423,8,in,32956,-7.2
92.0473,8,in,32960,-18.2
92.052,8,in,32964,-46.2
92.0567,8,in,32968,4.8
92.0612,8,in,32972,-52.2
92.0659,8,in,32976,-30.6
92.0709,8,in,32980,-30.8
92.076,8,in,32984,-14.4
92.0811,8,in,32988,-58.4
92.0858,8,in,32992,-8
92.0906,8,in,32996,4
92.0957,8,in,33000,-49.8
92.1011,8,in,33004,-28.8
92.1055,8,in,33008,17.4
92.1098,8,in,33012,-32.2
92.1144,8,in,33016,-56.6
92.1193,8,in,33020,-11.2
92.124,8,in,33024,-6.2
92.1296,8,in,33028,-12.8
92.1342,8,in,33032,-56.2
92.1389,8,in,33036,-5.2
92.143,8,in,33040,14.8
92.147,8,in,33044,27.2
92.1512,8,in,33048,9.6
92.1558,8,in,33052,-25.4
92.1605,8,in,33056,-13
92.1645,8,in,33060,-63.2
92.1689,8,in,33064,-26.4
92.1729,8,in,33068,-43.4
92.1774,8,in,33072,-51.4
92.182,8,in,33076,2.6
92.1868,8,in,33080,-49.2
92.1916,8,in,33084,-14.8
92.1963,8,in,33088,12.2
92.2006,8,in,33092,-32.6
92.2047,8,in,33096,-34.6
92.2086,8,in,33100,-40.2
92.2127,8,in,33104,-22.2
92.2169,8,in,33108,-46.4
92.2211,8,in,33112,-36
92.2251,8,in,33116,-15.6
92.2296,8,in,33120,-15
92.2342,8,in,33124,-30.8
92.2389,8,in,33128,-25.8
92.2433,8,in,33132,9.6
92.2481,8,in,33136,-38.6
92.2526,8,in,33140,8.6
92.2573,8,in,33144,-41.4
92.262,8,in,33148,-20.4
92.2665,8,in,33152,-13.6
92.2707,8,in,33156,-45.6
92.2749,8,in,33160,-7.4
92.2794,8,in,33164,-39.4
92.2836,8,in,33168,-41.4
92.288,8,in,33172,-16.2
92.292,8,in,33176,-1.6
92.2961,8,in,33180,-16
92.301,8,in,33184,-72.8
92.3062,8,in,33188,-27.2
92.3104,8,in,33192,-83.6
92.3147,8,in,33196,-64.6
92.3191,8,in,33200,-3.8
92.3244,8,in,33204,-9
92.3291,8,in,33208,-28.2
92.3334,8,in,33212,-57.2
92.3381,8,in,33216,-45.8
92.3434,8,in,33220,4.4
92.348,8,in,33224,-21.2
92.3539,8,in,33228,-24.2
92.3588,8,in,33232,-11.2
92.3638,8,in,33236,-29.6
92.368,8,in,33240,-57.8
92.3728,8,in,33244,-45.6
92.3778,8,in,33248,-28.8
92.383,8,in,33252,-47.2
92.3882,8,in,33256,-5.6
92.3931,8,in,33260,-7.8
92.3984,8,in,33264,-18.4
92.4037,8,in,33268,-22
92.4086,8,in,33272,-32.2
92.4137,8,in,33276,-43
92.4182,8,in,33280,-12.8
92.4222,8,in,33284,-5.2
92.4267,8,in,33288,13.8
92.4309,8,in,33292,-63.8
92.435,8,in,33296,20.8
92.4389,8,in,33300,-42
92.4427,8,in,33304,25
92.4472,8,in,33308,-66.4
92.4514,8,in,33312,-20.2
92.4557,8,in,33316,11.2
92.4599,8,in,33320,-59.8
92.464,8,in,33324,-4.4
92.4683,8,in,33328,-12.6
92.4723,8,in,33332,4.8
92.4768,8,in,33336,-33.4
92.481,8,in,33340,-32
92.4854,8,in,33344,-39.4
92.4895,8,in,33348,-61.4
92.494,8,in,33352,-15.2
92.4983,8,in,33356,-37.8
92.5028,8,in,33360,-21.6
92.507,8,in,33364,-66.4
92.5116,8,in,33368,-54
92.516,8,in,33372,-29
92.5205,8,in,33376,-97
92.5249,8,in,33380,-52
92.5292,8,in,33384,-61
92.5337,8,in,33388,-22.6
92.5382,8,in,33392,-4.4
92.5435,8,in,33396,-26.2
92.5485,8,in,33400,-22.2
92.553,8,in,33404,-46.4
92.5572,8,in,33408,37.4
92.5614,8,in,33412,-32.8
92.566,8,in,33416,-35.8
92.5706,8,in,33420,-57.8
92.575,8,in,33424,40.4
92.5791,8,in,33428,13.6
92.5835,8,in,33432,-6.6
92.5877,8,in,33436,-32
92.592,8,in,33440,-4.2
92.5963,8,in,33444,-47.8
92.6007,8,in,33448,-3.8
92.6049,8,in,33452,-27.8
92.6092,8,in,33456,18
92.6134,8,in,33460,24.4
92.6177,8,in,33464,-83.6
92.6218,8,in,33468,-18.6
92.6262,8,in,33472,-58.8
92.6305,8,in,33476,-39
92.6345,8,in,33480,29.2
92.6386,8,in,33484,-23.6
92.643,8,in,33488,-32
92.6471,8,in,33492,-52
92.651,8,in,33496,-39.2
92.6552,8,in,33500,-3.6
92.6594,8,in,33504,-30.8
92.6636,8,in,33508,-58.6
92.6676,8,in,33512,-81.6
92.6721,8,in,33516,-9.4
92.6767,8,in,33520,-47.8
92.681,8,in,33524,-27
92.685,8,in,33528,-49
92.6891,8,in,33532,-59.2
92.6929,8,in,33536,-21.2
92.697,8,in,33540,-41.8
92.7013,8,in,33544,-61.2
92.7054,8,in,33548,15.8
92.7089,8,in,33552,-4.4
92.7127,8,in,33556,-34.8
92.7163,8,in,33560,-50
92.7201,8,in,33564,-24.2
92.7239,8,in,33568,-60
92.7277,8,in,33572,-78
92.7318,8,in,33576,-74
92.7356,8,in,33580,-36.4
92.7394,8,in,33584,-47.6
92.7432,8,in,33588,-60.8
92.7465,8,in,33592,-69.2
92.7501,8,in,33596,-60.8
92.7538,8,in,33600,-53.2
92.7572,8,in,33604,-33.8
92.7613,8,in,33608,-33.4
92.7651,8,in,33612,-53.2
92.7687,8,in,33616,-42.2
92.7721,8,in,33620,-28.2
92.7755,8,in,33624,-22.8
92.7799,8,in,33628,-38
92.7837,8,in,33632,-62
92.7877,8,in,33636,-65.4
92.7912,8,in,33640,-58.4
92.7949,8,in,33644,-64.2
92.7988,8,in,33648,-77.6
92.8037,8,in,33652,-25.2
92.8079,8,in,33656,-27.2
92.8119,8,in,33660,-46.2
92.8166,8,in,33664,-99
92.8211,8,in,33668,-96.2
92.8255,8,in,33672,17.2
92.8297,8,in,33676,-55.2
92.8336,8,in,33680,-91.4
92.8378,8,in,33684,-38
92.8419,8,in,33688,-34.6
92.8462,8,in,33692,-71
92.8504,8,in,33696,-44
92.8546,8,in,33700,-33.4
92.8588,8,in,33704,-35
92.8632,8,in,33708,-33.2
92.8671,8,in,33712,-72.8
92.8715,8,in,33716,-79.4
92.8756,8,in,33720,-9.8
92.8798,8,in,33724,-24.6
92.884,8,in,33728,-87.8
92.8882,8,in,33732,26.4
92.8926,8,in,33736,-54.8
92.8967,8,in,33740,-80
92.9011,8,in,33744,-86
92.9058,8,in,33748,-96.2
92.9104,8,in,33752,-30.8
92.915,8,in,33756,-37.2
92.9195,8,in,33760,-15.2
92.9245,8,in,33764,-33.8
92.9289,8,in,33768,-39.2
92.9335,8,in,33772,-100
92.9379,8,in,33776,-13.2
92.942,8,in,33780,-54.4
92.9463,8,in,33784,-22.2
92.9509,8,in,33788,-21.6
92.9554,8,in,33792,-23.4
92.9603,8,in,33796,-46.2
92.9648,8,in,33800,-93
92.9694,8,in,33804,-40.2
92.9739,8,in,33808,-8.8
92.9783,8,in,33812,-61.2
92.9828,8,in,33816,-42
92.9873,8,in,33820,-73.2
92.9918,8,in,33824,-77.6
92.9959,8,in,33828,-36.2
92.9997,8,in,33832,-109.2
93.0036,8,in,33836,-20.4
93.0076,8,in,33840,-70.6
93.0121,8,in,33844,-42.4
93.0163,8,in,33848,-47
93.0204,8,in,33852,-91.6
93.0245,8,in,33856,-48.4
93.0287,8,in,33860,-4.2
93.0332,8,in,33864,-85.2
93.0371,8,in,33868,-44.8
93.041,8,in,33872,-70.2
93.0453,8,in,33876,-39.4
93.0491,8,in,33880,-82
93.0535,8,in,33884,-89.6
93.0579,8,in,33888,-36
93.0622,8,in,33892,-36.6
93.0667,8,in,33896,-117
93.0713,8,in,33900,-88
93.0759,8,in,33904,-71
93.0805,8,in,33908,-90.6
93.0852,8,in,33912,-41.6
93.0894,8,in,33916,-99.8
93.0937,8,in,33920,-98.8
93.0979,8,in,33924,-64.8
93.1021,8,in,33928,-75
93.1064,8,in,33932,-13.8
93.1103,8,in,33936,-35
93.1145,8,in,33940,-78.4
93.119,8,in,33944,-102.6
93.1239,8,in,33948,-49
93.1291,8,in,33952,-68.2
93.1341,8,in,33956,-71.4
93.1393,8,in,33960,-58.2
93.1445,8,in,33964,-28.4
93.1486,8,in,33968,-82.2
93.1525,8,in,33972,-76.2
93.1572,8,in,33976,-90.6
93.1616,8,in,33980,-42.8
93.1659,8,in,33984,-39.2
93.1713,8,in,33988,-45.6
93.1757,8,in,33992,-90.6
93.1807,8,in,33996,-90.2
93.1854,8,in,34000,-83.2
93.19,8,in,34004,-55.4
93.1946,8,in,34008,-96.2
93.2001,8,in,34012,-84.6
93.2049,8,in,34016,-45.8
93.2099,8,in,34020,-35.8
93.2144,8,in,34024,-130.4
93.2189,8,in,34028,-87.2
93.2231,8,in,34032,-98.2
93.2282,8,in,34036,-109.6
93.2327,8,in,34040,-143.6
93.2373,8,in,34044,-89.2
93.2422,8,in,34048,-97.4
93.2472,8,in,34052,-85
93.2517,8,in,34056,-94.6
93.2563,8,in,34060,-83.6
93.2607,8,in,34064,-76
93.2652,8,in,34068,-108.2
93.2702,8,in,34072,-79
93.275,8,in,34076,-86.8
93.2799,8,in,34080,-110.2
93.2845,8,in,34084,-123
93.2895,8,in,34088,-117
93.2945,8,in,34092,-130.8
93.2996,8,in,34096,-198.4
93.3047,8,in,34100,-192
93.3094,8,in,34104,-189.2
93.3136,8,in,34108,-181.2
93.318,8,in,34112,-277.2
93.3232,8,in,34116,-169.6
93.3275,8,in,34120,-241.4
93.3319,8,in,34124,-238.8
93.3363,8,in,34128,-294.2
93.3404,8,in,34132,-210.6
93.345,8,in,34136,-255
93.3494,8,in,34140,-242.6
93.354,8,in,34144,-275.8
93.3587,8,in,34148,-330
93.3634,8,in,34152,-309.2
93.3679,8,in,34156,-305.6
93.3733,8,in,34160,-336
93.378,8,in,34164,-353.2
93.3829,8,in,34168,-388.4
93.388,8,in,34172,-406.6
93.3925,8,in,34176,-390.8
93.3972,8,in,34180,-430.6
93.4015,8,in,34184,-416.6
93.4065,8,in,34188,-416.2
93.4106,8,in,34192,-407.2
93.4148,8,in,34196,-335.4
93.4192,8,in,34200,-394.2
93.4245,8,in,34204,-361
93.4291,8,in,34208,-361.6
93.4332,8,in,34212,-380.6
93.4381,8,in,34216,-416.4
93.4424,8,in,34220,-406.4
93.4469,8,in,34224,-440.4
93.4518,8,in,34228,-537.8
93.4564,8,in,34232,-510
93.4615,8,in,34236,-559.6
93.4665,8,in,34240,-678.8
93.4709,8,in,34244,-670.4
93.4754,8,in,34248,-707.6
93.4798,8,in,34252,-763.2
93.4846,8,in,34256,-694.2
93.4894,8,in,34260,-739.2
93.4944,8,in,34264,-722
93.499,8,in,34268,-746
93.5038,8,in,34272,-719.2
93.5092,8,in,34276,-768.6
93.5143,8,in,34280,-778.2
93.5189,8,in,34284,-738.4
93.5244,8,in,34288,-786.4
93.5289,8,in,34292,-760.4
93.5338,8,in,34296,-825.4
93.5392,8,in,34300,-759.4
93.5434,8,in,34304,-782.8
93.5476,8,in,34308,-781.8
93.5527,8,in,34312,-778
93.5572,8,in,34316,-871.6
93.5614,8,in,34320,-945.8
93.566,8,in,34324,-910.8
93.571,8,in,34328,-1017.8
93.576,8,out,34324,-996
93.5806,8,out,34320,-761.2
93.5854,8,out,34316,-806.2
93.5899,8,out,34312,-747
93.5953,8,out,34308,-721.6
93.5998,8,out,34304,-709.8
93.6043,8,out,34300,-837.4
93.6092,8,out,34296,-800.8
93.6139,8,out,34292,-851
93.6189,8,out,34288,-869.2
93.624,8,out,34284,-850.6
93.6284,8,out,34280,-818
93.6336,8,out,34276,-901.6
93.639,8,out,34272,-960.6
93.6444,8,out,34268,-942.2
93.6491,8,out,34264,-873.8
93.6546,8,out,34260,-827.2
93.66,8,out,34256,-768.4
93.6658,8,out,34252,-787.6
93.6711,8,out,34248,-827.8
93.6759,8,out,34244,-814.4
93.6807,8,out,34240,-866
93.6851,8,out,34236,-843
93.6896,8,out,34232,-883.4
93.6941,8,out,34228,-839.8
93.6983,8,out,34224,-870.2
93.7023,8,out,34220,-840.2
93.7064,8,out,34216,-1232.6
93.7108,8,out,34212,-1319
93.7155,8,out,34208,-1327.2
93.7198,8,out,34204,-1360.6
93.7242,8,out,34200,-1396.2
93.7288,8,out,34196,-1401
93.7332,8,out,34192,-1472.2
93.7381,8,out,34188,-1434.4
93.7425,8,out,34184,-1435.4
93.7469,8,out,34180,-1509.4
93.7512,8,out,34176,-1538
93.7552,8,out,34172,-1459
93.7593,8,out,34168,-1425.4
93.7634,8,out,34164,-1422.2
93.7678,8,out,34160,-1497.8
93.7721,8,out,34156,-1558
93.7765,8,out,34152,-1772.4
93.7814,8,out,34148,-1743.2
93.7859,8,out,34144,-1740.2
93.7906,8,out,34140,-1470.2
93.7949,8,out,34136,-1534.8
93.8003,8,out,34132,-1517
93.8051,8,out,34128,-1572
93.8091,8,out,34124,-1586.4
93.8137,8,out,34120,-1524.6
93.8185,8,out,34116,-1586.6
93.8233,8,out,34112,-1543.4
93.8284,8,out,34108,-1559.8
93.8329,8,out,34104,-1594.8
93.8381,8,out,34100,-1617
93.8424,8,out,34096,-1585.2
93.8467,8,out,34092,-1597.6
93.8518,8,out,34088,-1692.8
93.8563,8,out,34084,-1603
93.8609,8,out,34080,-1620.6
93.8656,8,out,34076,-1829
93.8706,8,out,34072,-1624.8
93.8755,8,out,34068,-1726.2
93.88,8,out,34064,-1539.2
93.8848,8,out,34060,-1581.6
93.89,8,out,34056,-1558.8
93.8949,8,out,34052,-1523.6
93.8995,8,out,34048,-1586.8
93.9041,8,out,34044,-1617.4
93.909,8,out,34040,-1616.4
93.9138,8,out,34036,-1656.8
93.9188,8,out,34032,-1705.6
93.9232,8,out,34028,-1651.8
93.9282,8,out,34024,-1613.6
93.933,8,out,34020,-1626.6
93.9378,8,out,34016,-1641.6
93.9426,8,out,34012,-1599.8
93.9477,8,out,34008,-1615
93.9524,8,out,34004,-1680.8
93.9571,8,out,34000,-1590
93.9623,8,out,33996,-1572.6
93.9667,8,out,33992,-1598.6
93.971,8,out,33988,-1576.8
93.9756,8,out,33984,-1623.6
93.9807,8,out,33980,-1626.8
93.9852,8,out,33976,-1629.2
93.9896,8,out,33972,-1709.6
93.9944,8,out,33968,-1678.6
93.9992,8,out,33964,-1673
94.0043,8,out,33960,-1635.2
94.0084,8,out,33956,-1632.8
94.0128,8,out,33952,-1649.4
94.0183,8,out,33948,-1669.6
94.0227,8,out,33944,-1698.2
94.0271,8,out,33940,-1657.2
94.0314,8,out,33936,-1609.6
94.0357,8,out,33932,-1616.4
94.0405,8,out,33928,-1622.6
94.0451,8,out,33924,-1640.4
94.0496,8,out,33920,-1630.6
94.0545,8,out,33916,-1642.6
94.0587,8,out,33912,-1573.2
94.0629,8,out,33908,-1612.6
94.0674,8,out,33904,-1693.8
94.0721,8,out,33900,-1630.2
94.0763,8,out,33896,-1639
94.0807,8,out,33892,-1693.6
94.086,8,out,33888,-1700.2
94.0909,8,out,33884,-1654.2
94.096,8,out,33880,-1673.2
94.1004,8,out,33876,-1644.8
94.105,8,out,33872,-1672.6
94.1099,8,out,33868,-1583.8
94.1149,8,out,33864,-1615.4
94.1199,8,out,33860,-1693.6
94.1244,8,out,33856,-1605.6
94.1288,8,out,33852,-1609.2
94.1334,8,out,33848,-1628
94.138,8,out,33844,-1615.4
94.1427,8,out,33840,-1571.8
94.1472,8,out,33836,-1563.6
94.1518,8,out,33832,-1629.4
94.1565,8,out,33828,-1565
94.1614,8,out,33824,-1568.6
94.1662,8,out,33820,-1564.4
94.1711,8,out,33816,-1592.4
94.176,8,out,33812,-1560
94.1808,8,out,33808,-1615
94.1853,8,out,33804,-1618.2
94.1903,8,out,33800,-1586.2
94.1958,8,out,33796,-1609.6
94.2002,8,out,33792,-1595.2
94.2044,8,out,33788,-1602
94.2088,8,out,33784,-1586.4
94.2149,8,out,33780,-1607.4
94.2199,8,out,33776,-1558.2
94.225,8,out,33772,-1564.8
94.2308,8,out,33768,-1520.4
94.2353,8,out,33764,-1618.6
94.239,8,out,33760,-1544
94.243,8,out,33756,-1506
94.2476,8,out,33752,-1562.8
94.2518,8,out,33748,-1649.2
94.2564,8,out,33744,-1680.8
94.2605,8,out,33740,-1701.8
94.2647,8,out,33736,-1680.6
94.2693,8,out,33732,-1585.2
94.2737,8,out,33728,-1640
94.2781,8,out2,33678,-1606.8
94.2828,8,out2,33628,-1648
94.2875,8,out2,33578,-1575
94.2918,8,out2,33528,-1618.6
94.2965,8,out2,33478,-1655.8
94.3016,8,out2,33428,-1633.6
94.3062,8,out2,33378,-1711.6
94.3113,8,out2,33328,-1661.2
94.3161,8,out2,33278,-1700.2
94.3213,8,out2,33228,-1670.6
94.3258,8,out2,33178,-1686.4
94.3309,8,out2,33128,-1692.4
94.3355,8,out2,33078,-1678.6
94.3404,8,out2,33028,-1618.8
94.3445,8,out2,32978,-1668.2
94.3488,8,out2,32928,-1700.6
94.3539,8,out2,32878,-1899.2
94.359,8,out2,32828,-1782.4
94.3638,8,out2,32778,-1830.2
94.3685,8,out2,32728,-1816.6
94.3736,8,out2,32678,-1631.8
94.3786,8,out2,32628,-1592.2
94.3831,8,out2,32578,-1513.8
94.3879,8,out2,32528,-1530.2
94.3934,8,out2,32478,-1600.4
94.3983,8,out2,32428,-1626.4
94.4033,8,out2,32378,-1603
94.4081,8,out2,32328,-1575.6
94.4127,8,out2,32278,-1538.4
94.4177,8,out2,32228,-1501.2
94.422,8,out2,32178,-1399.2
94.4266,8,out2,32128,-889.6
94.4317,8,out2,32078,-545
94.4363,8,out2,32028,-349.8
94.4408,8,out2,31978,-194.4
94.4461,8,out2,31928,-126
94.4509,9,in,31928,-101.8
94.4559,9,in,31932,-42
94.4602,9,in,31936,-26.8
94.4651,9,in,31940,-44.4
94.4696,9,in,31944,-52.6
94.4745,9,in,31948,-1.2
94.4795,9,in,31952,-18.4
94.4837,9,in,31956,1
94.4882,9,in,31960,-41.6
94.4927,9,in,31964,-35.2
94.4973,9,in,31968,-45.4
94.5015,9,in,31972,-54.8
94.5061,9,in,31976,19.4
94.511,9,in,31980,-19.4
94.5159,9,in,31984,-7
94.5209,9,in,31988,-70.2
94.5261,9,in,31992,-52
94.5314,9,in,31996,-56.2
94.536,9,in,32000,-56
94.5407,9,in,32004,-30.6
94.5458,9,in,32008,-58.4
94.5503,9,in,32012,-34.2
94.5553,9,in,32016,-12
94.5597,9,in,32020,3.2
94.5646,9,in,32024,-5.2
94.5702,9,in,32028,-39.6
94.5751,9,in,32032,-25.2
94.5798,9,in,32036,-29.6
94.5852,9,in,32040,-35.8
94.5899,9,in,32044,12
94.5951,9,in,32048,-28.2
94.6001,9,in,32052,-15.6
94.6052,9,in,32056,-27.6
94.6106,9,in,32060,-2.8
94.6151,9,in,32064,-45.4
94.6197,9,in,32068,-30.6
94.6239,9,in,32072,-60.2
94.6285,9,in,32076,-18.8
94.6328,9,in,32080,18.6
94.6375,9,in,32084,-29.6
94.6417,9,in,32088,-33.8
94.6459,9,in,32092,-32.6
94.6507,9,in,32096,-43
94.6555,9,in,32100,-11.8
94.6603,9,in,32104,-14
94.6651,9,in,32108,-38.8
94.67,9,in,32112,-19.8
94.675,9,in,32116,-1
94.6799,9,in,32120,-19
94.6846,9,in,32124,-25.8
94.6889,9,in,32128,-57
94.6935,9,in,32132,-34
94.6976,9,in,32136,-37.2
94.7027,9,in,32140,-32
94.7081,9,in,32144,-5.2
94.7135,9,in,32148,-16
94.7184,9,in,32152,-62.4
94.7239,9,in,32156,-17.4
94.7295,9,in,32160,-20.4
94.7344,9,in,32164,-49.2
94.7394,9,in,32168,-7.2
94.744,9,in,32172,-12.8
94.7488,9,in,32176,-45.8
94.7533,9,in,32180,-15.8
94.7576,9,in,32184,-14.6
94.762,9,in,32188,-45.8
94.766,9,in,32192,-24.8
94.7698,9,in,32196,-32.8
94.774,9,in,32200,-15
94.7781,9,in,32204,-38
94.7825,9,in,32208,-25.6
94.7864,9,in,32212,15.4
94.7909,9,in,32216,-5.6
94.7952,9,in,32220,-54.2
94.799,9,in,32224,-18.8
94.8031,9,in,32228,-59
94.8072,9,in,32232,-11.2
94.8109,9,in,32236,-10.4
94.8148,9,in,32240,-28.6
94.8199,9,in,32244,-46
94.8244,9,in,32248,-48
94.8284,9,in,32252,-4.6
94.8327,9,in,32256,-35.6
94.8382,9,in,32260,-30.6
94.8428,9,in,32264,-30
94.8472,9,in,32268,-33
94.8519,9,in,32272,-54.4
94.8566,9,in,32276,-16
94.8614,9,in,32280,-32
94.8658,9,in,32284,-14.8
94.8702,9,in,32288,-21.4
94.875,9,in,32292,-12
94.8797,9,in,32296,-12
94.8843,9,in,32300,-9.6
94.8887,9,in,32304,10.2
94.8929,9,in,32308,-52.6
94.8969,9,in,32312,12.2
94.9011,9,in,32316,-58
94.9052,9,in,32320,40.6
94.9095,9,in,32324,7.4
94.9139,9,in,32328,-7.8
94.9183,9,in,32332,-68.6
94.9233,9,in,32336,-52.6
94.9275,9,in,32340,12.8
94.9315,9,in,32344,-58
94.9357,9,in,32348,7.2
94.9403,9,in,32352,-40.2
94.9448,9,in,32356,-38.6
94.949,9,in,32360,-28.4
94.9532,9,in,32364,18.6
94.9575,9,in,32368,-42
94.962,9,in,32372,-66.8
94.966,9,in,32376,-61.6
94.9702,9,in,32380,-8.2
94.975,9,in,32384,12
94.9799,9,in,32388,-63.8
94.9839,9,in,32392,-32.8
94.9881,9,in,32396,11.2
94.9928,9,in,32400,-14
94.998,9,in,32404,-56.6
95.0019,9,in,32408,-1.2
95.0061,9,in,32412,-33
95.0101,9,in,32416,5.2
95.0151,9,in,32420,-16
95.0193,9,in,32424,-27.2
95.0229,9,in,32428,-3.4
95.0271,9,in,32432,-46.8
95.0318,9,in,32436,0
95.0367,9,in,32440,-14.6
95.0408,9,in,32444,-58
95.0454,9,in,32448,-4.2
95.05,9,in,32452,-7.4
95.0546,9,in,32456,-33.2
95.0592,9,in,32460,-49.2
95.0631,9,in,32464,-61.8
95.0675,9,in,32468,-57
95.0718,9,in,32472,-23.8
95.076,9,in,32476,-43
95.0799,9,in,32480,-29.4
95.0838,9,in,32484,-23.8
95.0882,9,in,32488,-3.6
95.0924,9,in,32492,-20
95.0966,9,in,32496,10.2
95.101,9,in,32500,-57.2
95.1056,9,in,32504,-29.6
95.1095,9,in,32508,-22.2
95.1131,9,in,32512,-62.8
95.1167,9,in,32516,-41.6
95.1206,9,in,32520,-12.8
95.1253,9,in,32524,-61.4
95.1294,9,in,32528,-9
95.1338,9,in,32532,-21.6
95.1387,9,in,32536,-23
95.1429,9,in,32540,-4.2
95.1475,9,in,32544,-36.8
95.1516,9,in,32548,-12.2
95.1556,9,in,32552,-45
95.1597,9,in,32556,2.4
95.1637,9,in,32560,-47.2
95.1678,9,in,32564,-68.8
95.1718,9,in,32568,-29
95.1759,9,in,32572,-5
95.1799,9,in,32576,0.6
95.184,9,in,32580,-56.2
95.1879,9,in,32584,-8.6
95.1919,9,in,32588,-23.2
95.1959,9,in,32592,-54.4
95.2002,9,in,32596,-28
95.2039,9,in,32600,-25
95.2079,9,in,32604,-37.8
95.2123,9,in,32608,-8.8
95.2163,9,in,32612,-49
95.2204,9,in,32616,-81.4
95.2243,9,in,32620,-28.6
95.2281,9,in,32624,-16.4
95.2323,9,in,32628,-32.4
95.2364,9,in,32632,-41.2
95.2403,9,in,32636,-11.4
95.2444,9,in,32640,-18.4
95.2482,9,in,32644,-17
95.2524,9,in,32648,22.8
95.2564,9,in,32652,-34
95.2604,9,in,32656,4.2
95.2641,9,in,32660,-28.4
95.268,9,in,32664,-41.6
95.272,9,in,32668,-37.4
95.2758,9,in,32672,-9.6
95.2801,9,in,32676,-1.6
95.2842,9,in,32680,-27
95.288,9,in,32684,1.6
95.2919,9,in,32688,-20.2
95.2959,9,in,32692,-2
95.2997,9,in,32696,-25.6
95.3034,9,in,32700,-25
95.3072,9,in,32704,21.8
95.3114,9,in,32708,-57.2
95.3151,9,in,32712,-22
95.3189,9,in,32716,-23.6
95.323,9,in,32720,-45.8
95.3268,9,in,32724,-30.8
95.3308,9,in,32728,-60.8
95.3351,9,in,32732,-26.4
95.3394,9,in,32736,-54.2
95.3435,9,in,32740,-58.4
95.3475,9,in,32744,-33.4
95.3526,9,in,32748,-41.6
95.3567,9,in,32752,-6
95.3608,9,in,32756,18.4
95.3651,9,in,32760,-51.8
95.3694,9,in,32764,-34.6
95.3733,9,in,32768,-12.2
95.3774,9,in,32772,-59.8
95.3813,9,in,32776,-42.4
95.3852,9,in,32780,-47.6
95.389,9,in,32784,-35.8
95.3932,9,in,32788,-9
95.3976,9,in,32792,-72
95.4014,9,in,32796,-88.4
95.4053,9,in,32800,-24.8
95.4093,9,in,32804,-20.4
95.413,9,in,32808,-50.4
95.4173,9,in,32812,-105
95.4212,9,in,32816,-33.2
95.4251,9,in,32820,-38.2
95.4288,9,in,32824,-9.2
95.4328,9,in,32828,-29
95.4367,9,in,32832,-13.8
95.4403,9,in,32836,-28.4
95.444,9,in,32840,-57.4
95.4475,9,in,32844,-35.4
95.4516,9,in,32848,-47.4
95.4552,9,in,32852,-23
95.4595,9,in,32856,-10.2
95.4633,9,in,32860,-5.6
95.4672,9,in,32864,-22.6
95.4715,9,in,32868,-8.6
95.4751,9,in,32872,-55.4
95.4791,9,in,32876,-15.4
95.4828,9,in,32880,-42
95.4868,9,in,32884,-49.8
95.4908,9,in,32888,-20.6
95.4945,9,in,32892,-11.8
95.4984,9,in,32896,-61.4
95.5025,9,in,32900,-56.8
95.5063,9,in,32904,-20.6
95.5104,9,in,32908,-41
95.5143,9,in,32912,-46.4
95.5179,9,in,32916,-76.2
95.5215,9,in,32920,-30.2
95.5255,9,in,32924,-10
95.5297,9,in,32928,-52.6
95.5338,9,in,32932,-26.8
95.5376,9,in,32936,-26.6
95.5415,9,in,32940,-3.4
95.5453,9,in,32944,-24.4
95.5494,9,in,32948,-39.6
95.5534,9,in,32952,-37
95.5571,9,in,32956,-51
95.5608,9,in,32960,-6
95.565,9,in,32964,-7.2
95.5689,9,in,32968,-46.8
95.5735,9,in,32972,-36.2
95.5775,9,in,32976,-14.2
95.5814,9,in,32980,-43.2
95.5853,9,in,32984,-44
95.5895,9,in,32988,-9.8
95.594,9,in,32992,-28.2
95.5977,9,in,32996,-10
95.6022,9,in,33000,-63.2
95.6063,9,in,33004,-32.4
95.6106,9,in,33008,-10.4
95.6149,9,in,33012,-30.8
95.6186,9,in,33016,-53.8
95.6228,9,in,33020,-10.4
95.6268,9,in,33024,-29.8
95.6309,9,in,33028,-0.4
95.6356,9,in,33032,-20.6
95.6398,9,in,33036,14.2
95.6443,9,in,33040,-42.4
95.6488,9,in,33044,17.4
95.653,9,in,33048,-48
95.6571,9,in,33052,1.2
95.6614,9,in,33056,-43.6
95.6662,9,in,33060,-57.4
95.671,9,in,33064,-16.6
95.6756,9,in,33068,-76.6
95.6796,9,in,33072,-54.6
95.6835,9,in,33076,-27.4
95.6872,9,in,33080,-41.8
95.6909,9,in,33084,-72.4
95.6947,9,in,33088,-35.6
95.6982,9,in,33092,-17.6
95.7021,9,in,33096,-63
95.7062,9,in,33100,3.6
95.7101,9,in,33104,-15
95.7142,9,in,33108,-52.2
95.718,9,in,33112,-58.6
95.7218,9,in,33116,-48.4
95.7252,9,in,33120,-43
95.729,9,in,33124,-54.8
95.7327,9,in,33128,-27.4
95.7366,9,in,33132,-50.8
95.7407,9,in,33136,-17.2
95.7448,9,in,33140,-74.2
95.7484,9,in,33144,-43.8
95.7523,9,in,33148,-72
95.756,9,in,33152,2.4
95.7602,9,in,33156,-39.8
95.7638,9,in,33160,-48.6
95.7678,9,in,33164,-47
95.7715,9,in,33168,-22.2
95.7758,9,in,33172,-21.8
95.7798,9,in,33176,-16.4
95.7841,9,in,33180,-8
95.7882,9,in,33184,-38.4
95.7921,9,in,33188,-75.8
95.7963,9,in,33192,7.6
95.8004,9,in,33196,-23.8
95.8049,9,in,33200,-51
95.8092,9,in,33204,-46.2
95.8128,9,in,33208,-48
95.8167,9,in,33212,-45.6
95.8202,9,in,33216,-42
95.8237,9,in,33220,-52.4
95.8279,9,in,33224,-45.8
95.8317,9,in,33228,-33.2
95.8354,9,in,33232,-31.4
95.8391,9,in,33236,-30.4
95.8428,9,in,33240,-7
95.8466,9,in,33244,-65
95.8505,9,in,33248,-27.2
95.8546,9,in,33252,-17
95.8586,9,in,33256,-46.4
95.8627,9,in,33260,-19.2
95.8668,9,in,33264,-15
95.8704,9,in,33268,-36.2
95.8742,9,in,33272,-23.2
95.8787,9,in,33276,-13.8
95.8832,9,in,33280,-73
95.8877,9,in,33284,-70.6
95.8918,9,in,33288,-68
95.896,9,in,33292,-30.6
95.9007,9,in,33296,-24.6
95.9056,9,in,33300,-31
95.91,9,in,33304,-8.4
95.9143,9,in,33308,12.6
95.9195,9,in,33312,-37.8
95.9238,9,in,33316,-15
95.9288,9,in,33320,-13.2
95.9332,9,in,33324,-67
95.9376,9,in,33328,-42
95.9415,9,in,33332,-48.4
95.9455,9,in,33336,-64.4
95.9497,9,in,33340,-61.2
95.9548,9,in,33344,-44.2
95.9598,9,in,33348,-1.2
95.9642,9,in,33352,-19.4
95.9683,9,in,33356,-78.8
95.973,9,in,33360,-56
95.9772,9,in,33364,-74.8
95.9812,9,in,33368,-64.8
95.9854,9,in,33372,-28.8
95.9899,9,in,33376,10.8
95.9944,9,in,33380,-43.4
95.9984,9,in,33384,-27.4
96.0027,9,in,33388,-15.4
96.007,9,in,33392,21
96.0111,9,in,33396,-17.8
96.0153,9,in,33400,-21.2
96.0197,9,in,33404,-71
96.0237,9,in,33408,-35.4
96.028,9,in,33412,-29.4
96.0321,9,in,33416,-62
96.0361,9,in,33420,-50.8
96.0414,9,in,33424,-27.8
96.0464,9,in,33428,-24.8
96.0512,9,in,33432,-42.8
96.0557,9,in,33436,-26.8
96.0608,9,in,33440,-32
96.0667,9,in,33444,-6.8
96.0718,9,in,33448,-15.8
96.0769,9,in,33452,-57.4
96.0815,9,in,33456,-53.8
96.0859,9,in,33460,-92
96.0905,9,in,33464,-77.2
96.095,9,in,33468,-57
96.099,9,in,33472,-34.4
96.1034,9,in,33476,-17.2
96.1079,9,in,33480,7.2
96.1123,9,in,33484,-68
96.1176,9,in,33488,-32.6
96.1221,9,in,33492,-58.2
96.126,9,in,33496,-26.4
96.1303,9,in,33500,-23.6
96.1357,9,in,33504,-54.4
96.1399,9,in,33508,-40.6
96.1438,9,in,33512,-52
96.1484,9,in,33516,-36.4
96.1534,9,in,33520,-67.4
96.1577,9,in,33524,-10.4
96.1619,9,in,33528,3.4
96.1666,9,in,33532,-20
96.1724,9,in,33536,-33.6
96.1764,9,in,33540,-52.4
96.1808,9,in,33544,-50
96.1854,9,in,33548,-77.8
96.1898,9,in,33552,-49
96.1944,9,in,33556,-47
96.1988,9,in,33560,-60.2
96.2036,9,in,33564,-62.2
96.2085,9,in,33568,-24
96.2132,9,in,33572,9.2
96.2176,9,in,33576,-33.8
96.2225,9,in,33580,-45.4
96.2268,9,in,33584,-71.4
96.2313,9,in,33588,-52.8
96.236,9,in,33592,-95.6
96.2404,9,in,33596,9.8
96.245,9,in,33600,-53.2
96.2497,9,in,33604,-26.2
96.254,9,in,33608,-78.2
96.2588,9,in,33612,-56.6
96.2632,9,in,33616,-45
96.2674,9,in,33620,-7.4
96.2717,9,in,33624,-14.2
96.2761,9,in,33628,-29.8
96.2806,9,in,33632,-46.4
96.286,9,in,33636,-40.4
96.2911,9,in,33640,-40
96.2964,9,in,33644,-31.4
96.3015,9,in,33648,-23.8
96.3063,9,in,33652,-42.8
96.3112,9,in,33656,-18.6
96.3159,9,in,33660,-41.6
96.3208,9,in,33664,-43.8
96.3259,9,in,33668,-31
96.3314,9,in,33672,-66
96.3365,9,in,33676,-90.4
96.341,9,in,33680,-41.6
96.3465,9,in,33684,-64.2
96.3519,9,in,33688,-62.4
96.3567,9,in,33692,-29.4
96.3616,9,in,33696,-28.6
96.3672,9,in,33700,-61.2
96.3721,9,in,33704,-67.8
96.3777,9,in,33708,-25.6
96.3829,9,in,33712,-76.8
96.3877,9,in,33716,-65.6
96.3933,9,in,33720,-30.8
96.3985,9,in,33724,-31
96.4042,9,in,33728,-69.8
96.4095,9,in,33732,-41.6
96.415,9,in,33736,-44.2
96.4204,9,in,33740,-57.6
96.4258,9,in,33744,-90.8
96.4316,9,in,33748,-37.2
96.4376,9,in,33752,-85.6
96.4431,9,in,33756,-53.8
96.4481,9,in,33760,-41.2
96.4537,9,in,33764,-60.6
96.459,9,in,33768,-18.4
96.4641,9,in,33772,-53
96.4691,9,in,33776,-62.6
96.4751,9,in,33780,-34.4
96.4804,9,in,33784,-48.8
96.4861,9,in,33788,-63
96.4909,9,in,33792,-40.8
96.4957,9,in,33796,-64
96.5004,9,in,33800,-74.2
96.5048,9,in,33804,-29.2
96.5097,9,in,33808,-74.8
96.5144,9,in,33812,-82.4
96.5191,9,in,33816,-44
96.5241,9,in,33820,-60.2
96.5291,9,in,33824,-39
96.535,9,in,33828,-85.2
96.5403,9,in,33832,-58.6
96.5456,9,in,33836,-58.2
96.5508,9,in,33840,-34.6
96.5556,9,in,33844,-79.4
96.5611,9,in,33848,-54.4
96.5659,9,in,33852,-66.2
96.5703,9,in,33856,-55.2
96.5747,9,in,33860,-26.8
96.5793,9,in,33864,-3.4
96.5837,9,in,33868,-51.4
96.5883,9,in,33872,-5.8
96.5927,9,in,33876,-13.4
96.5968,9,in,33880,-46.8
96.6018,9,in,33884,-68
96.6061,9,in,33888,-29.4
96.6104,9,in,33892,-22.2
96.6146,9,in,33896,-45.8
96.6199,9,in,33900,-27.6
96.6239,9,in,33904,19.6
96.629,9,in,33908,-8
96.6329,9,in,33912,-64.8
96.638,9,in,33916,-46.8
96.6421,9,in,33920,-8.2
96.6466,9,in,33924,-47.8
96.6504,9,in,33928,-36.2
96.6553,9,in,33932,-41.4
96.6598,9,in,33936,-66.4
96.6644,9,in,33940,-39.8
96.6688,9,in,33944,-73.4
96.6737,9,in,33948,-33
96.6782,9,in,33952,-36
96.6827,9,in,33956,-47.4
96.6875,9,in,33960,-90
96.6918,9,in,33964,-4.8
96.6961,9,in,33968,-9.2
96.7005,9,in,33972,-21.6
96.7048,9,in,33976,-9.8
96.7092,9,in,33980,-8.4
96.7141,9,in,33984,-22
96.7188,9,in,33988,-61.4
96.725,9,in,33992,-49.4
96.7298,9,in,33996,-60.6
96.7351,9,in,34000,-83.2
96.7402,9,in,34004,-37.6
96.7455,9,in,34008,-12
96.7502,9,in,34012,-34.8
96.7544,9,in,34016,-104.4
96.7585,9,in,34020,-50
96.7624,9,in,34024,-72.8
96.7662,9,in,34028,-81.4
96.7703,9,in,34032,-47.4
96.7743,9,in,34036,-3.8
96.7785,9,in,34040,-93
96.783,9,in,34044,-66.4
96.7872,9,in,34048,-99.8
96.7916,9,in,34052,-1.6
96.7963,9,in,34056,-49.8
96.8013,9,in,34060,-15.4
96.806,9,in,34064,-55.2
96.8103,9,in,34068,2.8
96.8145,9,in,34072,-102.6
96.8191,9,in,34076,-85.8
96.8233,9,in,34080,-26.8
96.8276,9,in,34084,-14.8
96.8315,9,in,34088,-92.4
96.8353,9,in,34092,-81
96.8394,9,in,34096,-91
96.8438,9,in,34100,-97.4
96.8482,9,in,34104,-30.2
96.8528,9,in,34108,-72
96.8573,9,in,34112,-60.8
96.8622,9,in,34116,-58.4
96.8663,9,in,34120,-64.8
96.8711,9,in,34124,-119.4
96.8751,9,in,34128,-98.2
96.8796,9,in,34132,-39
96.8837,9,in,34136,-38.6
96.8887,9,in,34140,-73.2
96.893,9,in,34144,-111
96.8972,9,in,34148,-79.6
96.9012,9,in,34152,-94.4
96.9061,9,in,34156,-99.2
96.9111,9,in,34160,-44.4
96.9151,9,in,34164,-92
96.9192,9,in,34168,-169.4
96.9239,9,in,34172,-138.2
96.928,9,in,34176,-67.6
96.932,9,in,34180,-109.2
96.9361,9,in,34184,-191
96.9407,9,in,34188,-103.6
96.9449,9,in,34192,-98.6
96.9491,9,in,34196,-132.4
96.9538,9,in,34200,-127
96.9588,9,in,34204,-107.8
96.9633,9,in,34208,-115.8
96.9673,9,in,34212,-98.2
96.9718,9,in,34216,-143.6
96.9773,9,in,34220,-130.4
96.9817,9,in,34224,-164.6
96.986,9,in,34228,-196.8
96.9908,9,in,34232,-138
96.9954,9,in,34236,-150.6
96.9996,9,in,34240,-136.8
97.0038,9,in,34244,-181.8
97.0079,9,in,34248,-98.2
97.0134,9,in,34252,-148
97.0176,9,in,34256,-139.2
97.0221,9,in,34260,-182.6
97.0269,9,in,34264,-257.4
97.0319,9,in,34268,-209.2
97.037,9,in,34272,-181.4
97.0418,9,in,34276,-106.4
97.0471,9,in,34280,-167.2
97.0516,9,in,34284,-100.6
97.0563,9,in,34288,-154.2
97.0611,9,in,34292,-151.4
97.0665,9,in,34296,-156
97.0717,9,in,34300,-187.4
97.077,9,in,34304,-164.6
97.0826,9,in,34308,-215.8
97.0877,9,in,34312,-196.8
97.0919,9,in,34316,-143
97.0964,9,in,34320,-236.6
97.1022,9,in,34324,-373.4
97.1069,9,in,34328,-308.4
97.1121,9,in,34332,-232.6
97.118,9,in,34336,-317
97.1228,9,in,34340,-289.4
97.1283,9,in,34344,-320.6
97.1332,9,in,34348,-495.4
97.1374,9,in,34352,-493
97.1427,9,in,34356,-590.4
97.1474,9,in,34360,-757.6
97.1518,9,in,34364,-686.8
97.1577,9,in,34368,-602.8
97.1625,9,in,34372,-1209.2
97.1678,9,out,34368,-1405.6
97.1727,9,out,34364,-1506.4
97.1778,9,out,34360,-1494.4
97.1823,9,out,34356,-1335.6
97.187,9,out,34352,-1004.6
97.1925,9,out,34348,-918.6
97.1973,9,out,34344,-1112.4
97.2022,9,out,34340,-1489.2
97.2074,9,out,34336,-1258
97.212,9,out,34332,-902
97.2168,9,out,34328,-1005.2
97.2216,9,out,34324,-1018.4
97.2268,9,out,34320,-1051.4
97.2315,9,out,34316,-1089.8
97.2354,9,out,34312,-970
97.2392,9,out,34308,-1064.6
97.2442,9,out,34304,-979.8
97.2487,9,out,34300,-1051.6
97.2531,9,out,34296,-1054.6
97.2576,9,out,34292,-971
97.2615,9,out,34288,-1061.8
97.2654,9,out,34284,-1099.8
97.2699,9,out,34280,-1093.6
97.275,9,out,34276,-1062.4
97.2796,9,out,34272,-1138.8
97.2843,9,out,34268,-1122
97.2891,9,out,34264,-1143.4
97.2944,9,out,34260,-1038
97.2991,9,out,34256,-1065
97.3036,9,out,34252,-1053.8
97.3081,9,out,34248,-1009
97.3132,9,out,34244,-1033
97.3185,9,out,34240,-1096.6
97.3234,9,out,34236,-1084.2
97.3281,9,out,34232,-1096.4
97.333,9,out,34228,-1063.8
97.3382,9,out,34224,-1021
97.3428,9,out,34220,-1009.8
97.3476,9,out,34216,-1034
97.3525,9,out,34212,-870.2
97.3575,9,out,34208,-856
97.3623,9,out,34204,-1033.8
97.3676,9,out,34200,-1029.2
97.3728,9,out,34196,-1044.2
97.3774,9,out,34192,-1069.4
97.3818,9,out,34188,-1071.2
97.3862,9,out,34184,-1076.8
97.3902,9,out,34180,-923.8
97.3948,9,out,34176,-916.8
97.3989,9,out,34172,-971.6
97.403,9,out,34168,-1099
97.4085,9,out,34164,-1084.6
97.4134,9,out,34160,-1060.2
97.4182,9,out,34156,-944.4
97.4228,9,out,34152,-1042.8
97.4279,9,out,34148,-967.4
97.4329,9,out,34144,-1008.8
97.4381,9,out,34140,-968
97.4433,9,out,34136,-1105.6
97.448,9,out,34132,-1172
97.4537,9,out,34128,-1122
97.4585,9,out,34124,-1023
97.4634,9,out,34120,-961.6
97.4678,9,out,34116,-964.6
97.4731,9,out,34112,-993.2
97.4781,9,out,34108,-890.6
97.4831,9,out,34104,-958.8
97.4881,9,out,34100,-876.2
97.4932,9,out,34096,-868.2
97.4983,9,out,34092,-955.8
97.5027,9,out,34088,-904.4
97.5077,9,out,34084,-908.8
97.5121,9,out,34080,-986.4
97.5162,9,out,34076,-973.6
97.5204,9,out,34072,-1012.8
97.5256,9,out,34068,-951
97.5303,9,out,34064,-1002.4
97.5345,9,out,34060,-906.8
97.5384,9,out,34056,-951.2
97.5429,9,out,34052,-989.6
97.547,9,out,34048,-970.6
97.5518,9,out,34044,-991.4
97.556,9,out,34040,-985.2
97.5604,9,out,34036,-1116.8
97.5647,9,out,34032,-1116.2
97.5698,9,out,34028,-1043.8
97.5739,9,out,34024,-1001.4
97.5781,9,out,34020,-992.8
97.5823,9,out,34016,-978.4
97.5876,9,out,34012,-1145.4
97.5928,9,out,34008,-1103.4
97.5974,9,out,34004,-1158.8
97.602,9,out,34000,-1112.4
97.6065,9,out,33996,-1130.6
97.6114,9,out,33992,-1100
97.6162,9,out,33988,-993.8
97.6212,9,out,33984,-1112
97.6258,9,out,33980,-1304
97.6304,9,out,33976,-1142.4
97.6355,9,out,33972,-1003.4
97.6406,9,out,33968,-1010.6
97.6454,9,out,33964,-1655.6
97.6499,9,out,33960,-1760.6
97.6543,9,out,33956,-1805.2
97.6592,9,out,33952,-1636
97.6644,9,out,33948,-1452.6
97.6694,9,out,33944,-1448.6
97.6746,9,out,33940,-1449.8
97.6802,9,out,33936,-1531.6
97.6858,9,out,33932,-1498.6
97.6906,9,out,33928,-1615.4
97.695,9,out,33924,-1495.4
97.6996,9,out,33920,-1530.8
97.7042,9,out,33916,-1583.8
97.7093,9,out,33912,-1581.2
97.7147,9,out,33908,-1556.4
97.7198,9,out,33904,-1634
97.7252,9,out,33900,-1624.8
97.7305,9,out,33896,-1552.8
97.7355,9,out,33892,-1619.4
97.7409,9,out,33888,-1551
97.7463,9,out,33884,-1540
97.7515,9,out,33880,-1600.4
97.7559,9,out,33876,-1603.8
97.7608,9,out,33872,-1547.6
97.7659,9,out,33868,-1526
97.7708,9,out,33864,-1548.6
97.7755,9,out,33860,-1626.6
97.7804,9,out,33856,-1587.6
97.7848,9,out,33852,-1587.8
97.7896,9,out,33848,-1575.6
97.7947,9,out,33844,-1628.6
97.7998,9,out,33840,-1644
97.8044,9,out,33836,-1572.8
97.8088,9,out,33832,-1553.8
97.8134,9,out,33828,-1468
97.818,9,out,33824,-1512.8
97.8219,9,out,33820,-1521
97.8257,9,out,33816,-1471.8
97.8296,9,out,33812,-1537
97.8336,9,out,33808,-1589.8
97.8378,9,out,33804,-1497.6
97.8422,9,out,33800,-1508.4
97.847,9,out,33796,-1474.4
97.8519,9,out,33792,-1513.8
97.8563,9,out,33788,-1504.6
97.8606,9,out,33784,-1537.4
97.8642,9,out,33780,-1485.8
97.8679,9,out,33776,-1484
97.872,9,out,33772,-1529
97.8755,9,out2,33722,-1480.6
97.8794,9,out2,33672,-1494.2
97.8829,9,out2,33622,-1503.4
97.8868,9,out2,33572,-1482.6
97.8906,9,out2,33522,-1441.4
97.895,9,out2,33472,-1503.8
97.8993,9,out2,33422,-1470.2
97.9035,9,out2,33372,-1394.4
97.9085,9,out2,33322,-1477.6
97.9129,9,out2,33272,-1421.4
97.9181,9,out2,33222,-1565.6
97.9224,9,out2,33172,-1769.2
97.9269,9,out2,33122,-1748.6
97.9315,9,out2,33072,-1703.8
97.9354,9,out2,33022,-1755.8
97.9389,9,out2,32972,-1717.4
97.943,9,out2,32922,-1643.8
97.9468,9,out2,32872,-1657.4
97.9504,9,out2,32822,-1551.6
97.9541,9,out2,32772,-1543
97.9578,9,out2,32722,-1599.4
97.962,9,out2,32672,-1380.6
97.9665,9,out2,32622,-1368
97.9705,9,out2,32572,-1468
97.9751,9,out2,32522,-1502
97.9806,9,out2,32472,-1393
97.9856,9,out2,32422,-1413.6
97.9904,9,out2,32372,-1616.8
97.995,9,out2,32322,-775.2
98.0001,9,out2,32272,-945.6
98.0046,9,out2,32222,-844.8
98.0092,9,out2,32172,-809.4
98.0144,9,out2,32122,-693.8
98.0191,9,out2,32072,-606.6
98.0236,9,out2,32022,-459.6
98.0282,9,out2,31972,-52.4
98.0328,10,in,31972,-33.6
98.0375,10,in,31976,-24.2
98.0425,10,in,31980,-36
98.0473,10,in,31984,-46
98.052,10,in,31988,-15
98.0568,10,in,31992,7.6
98.0613,10,in,31996,5.6
98.0667,10,in,32000,-21.8
98.0714,10,in,32004,-28.6
98.0761,10,in,32008,15.6
98.0813,10,in,32012,-19
98.0864,10,in,32016,-42.6
98.0909,10,in,32020,-15.4
98.0956,10,in,32024,19.6
98.1004,10,in,32028,-20.2
98.1053,10,in,32032,-25.8
98.11,10,in,32036,-11.2
98.1154,10,in,32040,-16.6
98.1204,10,in,32044,-50.8
98.1254,10,in,32048,36.2
98.1307,10,in,32052,-21
98.1354,10,in,32056,-43.4
98.1409,10,in,32060,-3.4
98.1458,10,in,32064,15.4
98.1509,10,in,32068,15.6
98.1562,10,in,32072,-1
98.1608,10,in,32076,-24
98.1659,10,in,32080,-2.2
98.1709,10,in,32084,-26.4
98.1755,10,in,32088,-22
98.1803,10,in,32092,6.6
98.185,10,in,32096,-23
98.1901,10,in,32100,-6.4
98.1946,10,in,32104,19.8
98.1996,10,in,32108,-32.8
98.205,10,in,32112,-44.4
98.2095,10,in,32116,-24.6
98.2137,10,in,32120,25.6
98.2182,10,in,32124,30.6
98.2234,10,in,32128,21.8
98.2281,10,in,32132,-11.4
98.2331,10,in,32136,-37.2
98.2383,10,in,32140,-21
98.2435,10,in,32144,-31.2
98.2485,10,in,32148,17.2
98.2536,10,in,32152,17.8
98.2579,10,in,32156,-15.8
98.2627,10,in,32160,12
98.2679,10,in,32164,-3.8
98.273,10,in,32168,-24.6
98.2776,10,in,32172,-16
98.2828,10,in,32176,-32.4
98.2874,10,in,32180,-13.6
98.2919,10,in,32184,6.8
98.2967,10,in,32188,-11
98.3014,10,in,32192,-3.8
98.3056,10,in,32196,-14.6
98.3095,10,in,32200,30
98.3135,10,in,32204,31.2
98.318,10,in,32208,-22
98.3222,10,in,32212,-1.8
98.3265,10,in,32216,-18.2
98.331,10,in,32220,-28.2
98.3358,10,in,32224,19
98.3404,10,in,32228,-10
98.3451,10,in,32232,17.8
98.3502,10,in,32236,-22.8
98.3552,10,in,32240,-17.8
98.3602,10,in,32244,0.4
98.3658,10,in,32248,-17.8
98.3706,10,in,32252,-17.4
98.3756,10,in,32256,-6.4
98.3807,10,in,32260,-50.8
98.3854,10,in,32264,-31.6
98.3903,10,in,32268,-20
98.3953,10,in,32272,-12.8
98.4002,10,in,32276,-0.8
98.4064,10,in,32280,-18.4
98.411,10,in,32284,23.6
98.4156,10,in,32288,-12.2
98.4203,10,in,32292,-35.6
98.4263,10,in,32296,26
98.4314,10,in,32300,-14
98.4368,10,in,32304,-21
98.443,10,in,32308,4
98.4486,10,in,32312,-3
98.4544,10,in,32316,-32.2
98.4596,10,in,32320,-27.6
98.4654,10,in,32324,-41.8
98.4713,10,in,32328,-5.4
98.4771,10,in,32332,-9
98.4827,10,in,32336,-8
98.4881,10,in,32340,-12
98.4935,10,in,32344,-3.4
98.4985,10,in,32348,-27
98.5036,10,in,32352,-27.4
98.5081,10,in,32356,3.6
98.5127,10,in,32360,-7.8
98.5172,10,in,32364,-15
98.5212,10,in,32368,32.8
98.5253,10,in,32372,-17.4
98.5299,10,in,32376,-55
98.5345,10,in,32380,-33.2
98.5388,10,in,32384,-6.8
98.5431,10,in,32388,9.4
98.5473,10,in,32392,-25.2
98.5514,10,in,32396,-42.8
98.5559,10,in,32400,18.6
98.5604,10,in,32404,-4.8
98.565,10,in,32408,-72
98.57,10,in,32412,-27.8
98.5751,10,in,32416,5.2
98.5792,10,in,32420,-16.8
98.5833,10,in,32424,29.6
98.5877,10,in,32428,-36.6
98.592,10,in,32432,20.8
98.5963,10,in,32436,1.6
98.6006,10,in,32440,-0.8
98.6048,10,in,32444,-63.6
98.6086,10,in,32448,35.6
98.6122,10,in,32452,-27.6
98.6165,10,in,32456,-52.2
98.6208,10,in,32460,-31.4
98.6248,10,in,32464,-0.6
98.6287,10,in,32468,5
98.6328,10,in,32472,-0.8
98.6373,10,in,32476,-51.4
98.6421,10,in,32480,11.6
98.646,10,in,32484,-20.4
98.6503,10,in,32488,-9
98.6544,10,in,32492,-56.2
98.6587,10,in,32496,5.2
98.6635,10,in,32500,-31.4
98.6679,10,in,32504,14
98.6725,10,in,32508,47.8
98.6765,10,in,32512,-20.2
98.681,10,in,32516,-26.2
98.6854,10,in,32520,15.6
98.6903,10,in,32524,-47.8
98.695,10,in,32528,-12.4
98.6998,10,in,32532,-14.8
98.7045,10,in,32536,-13.4
98.7091,10,in,32540,-2.6
98.7134,10,in,32544,9
98.718,10,in,32548,-10
98.7224,10,in,32552,26.4
98.7267,10,in,32556,23
98.731,10,in,32560,16.8
98.7352,10,in,32564,-1.4
98.7397,10,in,32568,-34.6
98.7439,10,in,32572,-31.8
98.7482,10,in,32576,15.8
98.7523,10,in,32580,47.2
98.7568,10,in,32584,-24.8
98.7608,10,in,32588,-1.2
98.765,10,in,32592,6.4
98.7693,10,in,32596,8
98.7734,10,in,32600,-43.4
98.7779,10,in,32604,52.4
98.7825,10,in,32608,49
98.7869,10,in,32612,-66.8
98.7913,10,in,32616,2
98.7958,10,in,32620,21.8
98.8003,10,in,32624,-36.8
98.8047,10,in,32628,-26.2
98.8093,10,in,32632,5
98.8141,10,in,32636,-35
98.8182,10,in,32640,-26.8
98.8232,10,in,32644,4
98.8283,10,in,32648,14.8
98.8335,10,in,32652,21.6
98.8384,10,in,32656,-31.2
98.8433,10,in,32660,-10.2
98.8482,10,in,32664,-14
98.8531,10,in,32668,-8.4
98.8579,10,in,32672,19.6
98.8624,10,in,32676,-22
98.8669,10,in,32680,28.4
98.8717,10,in,32684,24.4
98.8764,10,in,32688,10.8
98.881,10,in,32692,-20.2
98.8856,10,in,32696,-19.4
98.8902,10,in,32700,-7
98.8949,10,in,32704,5.2
98.8993,10,in,32708,23.2
98.9036,10,in,32712,-44.6
98.908,10,in,32716,-8.6
98.9122,10,in,32720,-54
98.9165,10,in,32724,-32
98.921,10,in,32728,-13.8
98.9262,10,in,32732,-18.4
98.9309,10,in,32736,-0.8
98.9355,10,in,32740,-2
98.9406,10,in,32744,-12.4
98.9452,10,in,32748,-9.4
98.9502,10,in,32752,4.2
98.9553,10,in,32756,-10.2
98.9604,10,in,32760,-9
98.9652,10,in,32764,-7.4
98.9697,10,in,32768,-7.4
98.9749,10,in,32772,10.2
98.9795,10,in,32776,-5.2
98.9843,10,in,32780,-29.2
98.9888,10,in,32784,-13.2
98.9932,10,in,32788,-41.6
98.9979,10,in,32792,24
99.003,10,in,32796,-9.8
99.0077,10,in,32800,-3
99.0129,10,in,32804,0.6
99.0182,10,in,32808,-2.4
99.0228,10,in,32812,-55.2
99.0273,10,in,32816,-8
99.032,10,in,32820,-4.4
99.0368,10,in,32824,-15.6
99.0415,10,in,32828,-2.8
99.0464,10,in,32832,-18
99.0512,10,in,32836,-10.4
99.0563,10,in,32840,-35
99.061,10,in,32844,28
99.0661,10,in,32848,-9.8
99.0707,10,in,32852,-43.2
99.0753,10,in,32856,-35.4
99.0799,10,in,32860,4.6
99.0845,10,in,32864,-33.6
99.0897,10,in,32868,-3.8
99.0942,10,in,32872,0.8
99.0993,10,in,32876,-6
99.1041,10,in,32880,-19.6
99.109,10,in,32884,-4
99.1139,10,in,32888,13.6
99.1187,10,in,32892,-21.2
99.1231,10,in,32896,-7.2
99.1275,10,in,32900,-14.2
99.1323,10,in,32904,-1.8
99.1368,10,in,32908,-0.8
99.1417,10,in,32912,-3.2
99.1464,10,in,32916,-12.6
99.1508,10,in,32920,-33.6
99.1559,10,in,32924,-16.4
99.1615,10,in,32928,-19.4
99.1661,10,in,32932,13
99.1702,10,in,32936,-62.2
99.1748,10,in,32940,-13.8
99.1795,10,in,32944,20.6
99.1845,10,in,32948,3.6
99.1894,10,in,32952,14.2
99.1943,10,in,32956,-9
99.1991,10,in,32960,-24.8
99.2038,10,in,32964,-12.8
99.2083,10,in,32968,-11.2
99.2126,10,in,32972,19.6
99.2169,10,in,32976,-42
99.2212,10,in,32980,-38.8
99.2269,10,in,32984,11.6
99.2317,10,in,32988,-20.8
99.2361,10,in,32992,-21.6
99.2404,10,in,32996,-15.2
99.2446,10,in,33000,31.2
99.2489,10,in,33004,-30
99.2531,10,in,33008,-25.8
99.2576,10,in,33012,0.2
99.2625,10,in,33016,-11.4
99.2669,10,in,33020,-53
99.2715,10,in,33024,-62.4
99.2763,10,in,33028,-7
99.281,10,in,33032,-37.2
99.2857,10,in,33036,-27
99.291,10,in,33040,-33.8
99.296,10,in,33044,5.4
99.3012,10,in,33048,-22.2
99.3061,10,in,33052,-17.6
99.3109,10,in,33056,17.4
99.3151,10,in,33060,4.2
99.3201,10,in,33064,7.6
99.3252,10,in,33068,10.2
99.3301,10,in,33072,-14.8
99.335,10,in,33076,23.6
99.3398,10,in,33080,-20.6
99.3448,10,in,33084,-13.4
99.3502,10,in,33088,-36.2
99.3552,10,in,33092,9.6
99.3594,10,in,33096,20.8
99.3638,10,in,33100,-21.2
99.3689,10,in,33104,-8.4
99.3739,10,in,33108,-15.2
99.3785,10,in,33112,-5
99.3833,10,in,33116,-14.6
99.3891,10,in,33120,-9.6
99.3937,10,in,33124,-19.2
99.3988,10,in,33128,-4.8
99.4033,10,in,33132,-7.2
99.4089,10,in,33136,6.8
99.4135,10,in,33140,-40.6
99.4178,10,in,33144,-36.4
99.4227,10,in,33148,-12.6
99.4277,10,in,33152,-17.4
99.4325,10,in,33156,-4.4
99.4371,10,in,33160,-21.2
99.4416,10,in,33164,-21.2
99.4467,10,in,33168,-8
99.4513,10,in,33172,-13
99.4557,10,in,33176,-11
99.4604,10,in,33180,-4.2
99.4649,10,in,33184,10.2
99.4697,10,in,33188,-20.6
99.4746,10,in,33192,-4.4
99.4788,10,in,33196,-11.8
99.4835,10,in,33200,8.4
99.488,10,in,33204,-51
99.4926,10,in,33208,-34
99.4977,10,in,33212,5.8
99.5023,10,in,33216,-22.2
99.5068,10,in,33220,-33
99.511,10,in,33224,-26.8
99.5157,10,in,33228,-55.6
99.5205,10,in,33232,-11.2
99.5251,10,in,33236,-24.2
99.5304,10,in,33240,-8
99.535,10,in,33244,-22
99.5399,10,in,33248,10.2
99.5445,10,in,33252,-36.2
99.5486,10,in,33256,-46.8
99.5528,10,in,33260,9.6
99.5575,10,in,33264,-53
99.5617,10,in,33268,-22.4
99.5658,10,in,33272,10.2
99.5697,10,in,33276,-46.6
99.5739,10,in,33280,25.4
99.5774,10,in,33284,-8
99.5811,10,in,33288,-19.6
99.5849,10,in,33292,-16.8
99.5888,10,in,33296,-38.4
99.593,10,in,33300,32.8
99.5968,10,in,33304,2.2
99.601,10,in,33308,1
99.6059,10,in,33312,38.8
99.6103,10,in,33316,-31.2
99.6149,10,in,33320,-1
99.6195,10,in,33324,-44.2
99.6235,10,in,33328,-43.4
99.6281,10,in,33332,-7.8
99.6325,10,in,33336,-23.4
99.6368,10,in,33340,-33.6
99.6409,10,in,33344,21.8
99.6451,10,in,33348,-2.4
99.6493,10,in,33352,-14.2
99.6534,10,in,33356,-32
99.6575,10,in,33360,17.8
99.6622,10,in,33364,4
99.6668,10,in,33368,-37.4
99.6711,10,in,33372,-23.6
99.6748,10,in,33376,-13.8
99.679,10,in,33380,3.6
99.6836,10,in,33384,-24.2
99.6881,10,in,33388,-64.6
99.6923,10,in,33392,7.6
99.6966,10,in,33396,-14.2
99.7011,10,in,33400,2.4
99.7053,10,in,33404,-15.4
99.7094,10,in,33408,13.8
99.714,10,in,33412,-29.8
99.7185,10,in,33416,-7.6
99.7233,10,in,33420,2.4
99.7278,10,in,33424,-0.4
99.732,10,in,33428,-52
99.7365,10,in,33432,-15.2
99.7416,10,in,33436,-39.8
99.7458,10,in,33440,17
99.7503,10,in,33444,-39.6
99.7551,10,in,33448,-31
99.7596,10,in,33452,-23.4
99.764,10,in,33456,42.8
99.7684,10,in,33460,6
99.7732,10,in,33464,-33.4
99.7777,10,in,33468,-2
99.7823,10,in,33472,-0.2
99.7868,10,in,33476,-69.8
99.7914,10,in,33480,-2
99.7959,10,in,33484,-25.8
99.8,10,in,33488,-46.2
99.8044,10,in,33492,-46.2
99.8091,10,in,33496,20
99.8137,10,in,33500,-31.8
99.8181,10,in,33504,4.6
99.8228,10,in,33508,-36
99.8274,10,in,33512,8
99.8317,10,in,33516,-41.6
99.8365,10,in,33520,-25.6
99.8413,10,in,33524,-17.8
99.8457,10,in,33528,-51.6
99.85,10,in,33532,-41.4
99.8542,10,in,33536,-58.2
99.8589,10,in,33540,-1.4
99.8635,10,in,33544,44.4
99.868,10,in,33548,-40
99.8728,10,in,33552,-1.2
99.8777,10,in,33556,-42.2
99.882,10,in,33560,7.8
99.8866,10,in,33564,-16.2
99.8916,10,in,33568,-0.6
99.896,10,in,33572,30.4
99.9001,10,in,33576,-13
99.9047,10,in,33580,-47.4
99.9097,10,in,33584,-14
99.9143,10,in,33588,-15
99.9186,10,in,33592,-31.4
99.9233,10,in,33596,18.2
99.9276,10,in,33600,-25.6
99.9321,10,in,33604,-30.6
99.9365,10,in,33608,-19.4
99.9411,10,in,33612,-24.2
99.9456,10,in,33616,7.8
99.9502,10,in,33620,-22
99.9549,10,in,33624,22.6
99.9593,10,in,33628,-48.8
99.9637,10,in,33632,-14.8
99.9679,10,in,33636,-58
99.9722,10,in,33640,-39.2
99.9766,10,in,33644,-37.2
99.981,10,in,33648,-30.6
99.9851,10,in,33652,20.6
99.9893,10,in,33656,-35
99.9934,10,in,33660,15.4
99.9981,10,in,33664,-30.4
100.0024,10,in,33668,-57.6
100.007,10,in,33672,-17.4
100.0112,10,in,33676,11.4
100.0153,10,in,33680,-38.4
100.0194,10,in,33684,-26.6
100.024,10,in,33688,-13.8
100.0284,10,in,33692,-5.8
100.0331,10,in,33696,-7.2
100.0375,10,in,33700,-8.4
100.0414,10,in,33704,-38.2
100.0457,10,in,33708,-51.4
100.0498,10,in,33712,-80.2
100.0539,10,in,33716,-16.4
100.058,10,in,33720,-46
100.062,10,in,33724,-39.4
100.0662,10,in,33728,0.6
100.0701,10,in,33732,-21.8
100.0741,10,in,33736,-52.6
100.0783,10,in,33740,16
100.0821,10,in,33744,-1.8
100.0865,10,in,33748,-24.8
100.0901,10,in,33752,-22
100.0938,10,in,33756,-29.4
100.0983,10,in,33760,-16
100.1032,10,in,33764,-49.6
100.1076,10,in,33768,-31.8
100.1118,10,in,33772,-7.8
100.1165,10,in,33776,-14.8
100.1211,10,in,33780,20.2
100.1251,10,in,33784,27.8
100.1289,10,in,33788,17.2
100.1326,10,in,33792,-52
100.1361,10,in,33796,-11.2
100.1398,10,in,33800,-22.2
100.1442,10,in,33804,-31
100.1477,10,in,33808,-21.4
100.1516,10,in,33812,22.6
100.1552,10,in,33816,-27
100.1593,10,in,33820,-37.4
100.1632,10,in,33824,-10.6
100.1675,10,in,33828,-17.8
100.172,10,in,33832,-35
100.1764,10,in,33836,-36.6
100.1801,10,in,33840,-7.8
100.1843,10,in,33844,-17.6
100.1885,10,in,33848,6
100.1924,10,in,33852,-47
100.1965,10,in,33856,-30.4
100.2006,10,in,33860,-36.8
100.2049,10,in,33864,-70.4
100.2091,10,in,33868,0.4
100.2135,10,in,33872,-41.8
100.2177,10,in,33876,-27.8
100.2219,10,in,33880,-12.6
100.2257,10,in,33884,-34.8
100.2299,10,in,33888,-64
100.2339,10,in,33892,-73.4
100.238,10,in,33896,-36.8
100.2418,10,in,33900,-38.2
100.2458,10,in,33904,-7.2
100.2495,10,in,33908,-37.4
100.2537,10,in,33912,-9.4
100.2576,10,in,33916,-16.2
100.262,10,in,33920,9.8
100.2662,10,in,33924,-39.4
100.2709,10,in,33928,-59
100.2752,10,in,33932,-13.4
100.2801,10,in,33936,-15.4
100.2848,10,in,33940,-32.4
100.2896,10,in,33944,-33.4
100.2944,10,in,33948,-5
100.2992,10,in,33952,-38.6
100.3039,10,in,33956,4.2
100.3085,10,in,33960,-8
100.3132,10,in,33964,-3.8
100.318,10,in,33968,-13.8
100.323,10,in,33972,-39.2
100.3281,10,in,33976,-29.6
100.3331,10,in,33980,-25.4
100.3375,10,in,33984,12.6
100.3417,10,in,33988,23
100.3458,10,in,33992,1.6
100.3506,10,in,33996,-28.6
100.3549,10,in,34000,-26.8
100.3594,10,in,34004,33.6
100.3635,10,in,34008,28.6
100.3682,10,in,34012,-43.6
100.373,10,in,34016,-16.4
100.3777,10,in,34020,-21.6
100.3821,10,in,34024,-21.4
100.3868,10,in,34028,-51.8
100.3915,10,in,34032,-42.8
100.3967,10,in,34036,-14.8
100.4016,10,in,34040,-41.4
100.4062,10,in,34044,-59
100.4109,10,in,34048,-6.6
100.4153,10,in,34052,-11.4
100.4199,10,in,34056,-11.8
100.4243,10,in,34060,-32.6
100.4286,10,in,34064,-47.6
100.433,10,in,34068,-43
100.4381,10,in,34072,-57.6
100.4428,10,in,34076,-38.2
100.4472,10,in,34080,-6.8
100.4516,10,in,34084,-29
100.4562,10,in,34088,-19.8
100.4605,10,in,34092,-5
100.4647,10,in,34096,45
100.4687,10,in,34100,-46.6
100.4723,10,in,34104,-25.2
100.4763,10,in,34108,-22
100.4805,10,in,34112,-8.8
100.4846,10,in,34116,-76.8
100.489,10,in,34120,0.6
100.4929,10,in,34124,-53.2
100.4971,10,in,34128,7.8
100.5012,10,in,34132,-116
100.5055,10,in,34136,-35.4
100.5101,10,in,34140,-11.2
100.5144,10,in,34144,8.8
100.5191,10,in,34148,-10.2
100.5236,10,in,34152,-10.4
100.5284,10,in,34156,-37.6
100.533,10,in,34160,-27
100.5375,10,in,34164,-67.6
100.5417,10,in,34168,-72
100.5458,10,in,34172,-62
100.5502,10,in,34176,-33.8
100.5546,10,in,34180,-47.8
100.5592,10,in,34184,-37.4
100.5644,10,in,34188,-9.2
100.5692,10,in,34192,-29.4
100.5737,10,in,34196,-22
100.5788,10,in,34200,-42.6
100.5834,10,in,34204,6.2
100.5877,10,in,34208,-45.6
100.5919,10,in,34212,-27.6
100.5971,10,in,34216,-1
100.6016,10,in,34220,-47.4
100.6057,10,in,34224,-4.2
100.6101,10,in,34228,30.8
100.6146,10,in,34232,-7.4
100.6193,10,in,34236,-11
100.6244,10,in,34240,-21.4
100.6292,10,in,34244,-44.6
100.6336,10,in,34248,-2
100.6382,10,in,34252,-86.8
100.6433,10,in,34256,-18.4
100.6485,10,in,34260,-31.8
100.6528,10,in,34264,-55.8
100.6574,10,in,34268,-51.8
100.662,10,in,34272,-2.4
100.6674,10,in,34276,-47.6
100.6729,10,in,34280,-43.8
100.6784,10,in,34284,-37.4
100.6832,10,in,34288,-30.6
100.6877,10,in,34292,-11.8
100.692,10,in,34296,2.2
100.6961,10,in,34300,-14.8
100.7,10,in,34304,-22
100.7044,10,in,34308,-31.8
100.7094,10,in,34312,-48.4
100.7142,10,in,34316,-34.2
100.7187,10,in,34320,-29.6
100.7236,10,in,34324,-86
100.7284,10,in,34328,-61.4
100.7329,10,in,34332,-21.2
100.7381,10,in,34336,-76
100.7428,10,in,34340,14.2
100.7474,10,in,34344,-75.8
100.7519,10,in,34348,-5.2
100.7557,10,in,34352,-43
100.7599,10,in,34356,-7.6
100.7644,10,in,34360,-10.6
100.7686,10,in,34364,-51.6
100.7726,10,in,34368,-54
100.7766,10,in,34372,22
100.7809,10,in,34376,-104.4
100.7849,10,in,34380,-98.4
100.7891,10,in,34384,-157
100.793,10,in,34388,-166.6
100.7972,10,in,34392,-132.2
100.8015,10,in,34396,-172.8
100.8055,10,in,34400,-77.4
100.8097,10,in,34404,-104.4
100.8137,10,in,34408,-105.8
100.8185,10,in,34412,-119.4
100.8227,10,in,34416,1.6
100.8276,10,in,34420,-63.6
100.8319,10,in,34424,-93.2
100.8365,10,in,34428,-126.2
100.8413,10,in,34432,-69.8
100.8461,10,in,34436,-67.8
100.8507,10,in,34440,-217
100.8554,10,in,34444,-259.8
100.8601,10,in,34448,-161
100.8653,10,in,34452,-134
100.8698,10,in,34456,-132.6
100.8744,10,in,34460,-110
100.8788,10,in,34464,-153.4
100.8832,10,in,34468,-199.4
100.8873,10,in,34472,-386.8
100.8921,10,in,34476,-418
100.8966,10,in,34480,-334.6
100.9011,10,in,34484,-415.2
100.9056,10,in,34488,-364.8
100.9102,10,in,34492,-373.2
100.9148,10,in,34496,-415.2
100.9192,10,in,34500,-528.4
100.9232,10,in,34504,-401
100.9274,10,in,34508,-401.6
100.9319,10,in,34512,-535.8
100.9362,10,in,34516,-670
100.9408,10,in,34520,-503.6
100.9449,10,in,34524,-460.4
100.9493,10,in,34528,-672.2
100.9538,10,in,34532,-715.8
100.9586,10,in,34536,-572.6
100.9629,10,in,34540,-476.4
100.9677,10,in,34544,-606.2
100.9724,10,in,34548,-761.8
100.9771,10,in,34552,-795.8
100.9819,10,in,34556,-746.2
100.9866,10,in,34560,-717.6
100.9913,10,in,34564,-744.4
100.9964,10,in,34568,-702.6
101.0011,10,in,34572,-850
101.0059,10,in,34576,-754.4
101.0108,10,in,34580,-696.6
101.0157,10,in,34584,-728.6
101.0199,10,in,34588,-755.2
101.0245,10,in,34592,-711
101.0288,10,in,34596,-745.2
101.0332,10,in,34600,-690.8
101.0375,10,in,34604,-733
101.0419,10,in,34608,-701.8
101.0467,10,in,34612,-644.2
101.0513,10,in,34616,-678.6
101.0564,10,in,34620,-724.8
101.0613,10,in,34624,-649
101.0662,10,in,34628,-624.2
101.0708,10,in,34632,-706.8
101.0759,10,in,34636,-2063.6
101.0808,10,out,34632,-1979.4
101.0856,10,out,34628,-1960.2
101.0904,10,out,34624,-2099.6
101.0946,10,out,34620,-1981.8
101.0989,10,out,34616,-1934.2
101.104,10,out,34612,-1457.8
101.1086,10,out,34608,-1443.6
101.1135,10,out,34604,-1416.6
101.118,10,out,34600,-1674.4
101.1235,10,out,34596,-1654.2
101.1281,10,out,34592,-1744.4
101.133,10,out,34588,-1745.4
101.1388,10,out,34584,-1748.8
101.1433,10,out,34580,-1869.2
101.1485,10,out,34576,-1756.4
101.153,10,out,34572,-1789.4
101.1577,10,out,34568,-1875.4
101.1623,10,out,34564,-1484.4
101.1667,10,out,34560,-3127.8
101.1712,10,out,34556,-3304.8
101.1759,10,out,34552,-3272.4
101.1801,10,out,34548,-3207
101.1844,10,out,34544,-3387.2
101.189,10,out,34540,-3614.8
101.1939,10,out,34536,-3787.8
101.199,10,out,34532,-3195.8
101.2037,10,out,34528,-3196.2
101.2084,10,out,34524,-3231.4
101.2133,10,out,34520,-3265.2
101.2178,10,out,34516,-3300.6
101.2221,10,out,34512,-3301.2
101.2264,10,out,34508,-3205.6
101.2307,10,out,34504,-3221.2
101.236,10,out,34500,-2737
101.2406,10,out,34496,-1908.2
101.2454,10,out,34492,-1920.6
101.2505,10,out,34488,-1863.6
101.2547,10,out,34484,-1785.6
101.259,10,out,34480,-1901
101.263,10,out,34476,-1880.8
101.2674,10,out,34472,-1869.8
101.2714,10,out,34468,-1894.8
101.2754,10,out,34464,-1893
101.2795,10,out,34460,-1944.4
101.2844,10,out,34456,-1902.6
101.2885,10,out,34452,-1958.8
101.2923,10,out,34448,-1911.8
101.2965,10,out,34444,-1952.4
101.3012,10,out,34440,-1934.4
101.306,10,out,34436,-1951.8
101.3104,10,out,34432,-1894.4
101.3146,10,out,34428,-1963.6
101.319,10,out,34424,-1913.6
101.3235,10,out,34420,-1963.6
101.328,10,out,34416,-1935.8
101.3328,10,out,34412,-1919
101.3381,10,out,34408,-1956
101.3425,10,out,34404,-1968.4
101.3475,10,out,34400,-1944.8
101.3526,10,out,34396,-1935.8
101.3582,10,out,34392,-1944
101.3632,10,out,34388,-1897
101.3682,10,out,34384,-1975.2
101.3728,10,out,34380,-1947
101.3781,10,out,34376,-1909.6
101.3838,10,out,34372,-1933.4
101.3888,10,out,34368,-1903
101.3932,10,out,34364,-1933.4
101.3975,10,out,34360,-1943
101.4021,10,out,34356,-1935.6
101.4071,10,out,34352,-1932.2
101.4114,10,out,34348,-1957.8
101.4158,10,out,34344,-1953.6
101.42,10,out,34340,-1918.6
101.4246,10,out,34336,-1953
101.4288,10,out,34332,-2012
101.433,10,out,34328,-1982.2
101.4374,10,out,34324,-2030.8
101.4421,10,out,34320,-2028.8
101.4467,10,out,34316,-1998.8
101.4513,10,out,34312,-1893.6
101.4561,10,out,34308,-1943.8
101.4606,10,out,34304,-2281.4
101.4648,10,out,34300,-2163
101.4691,10,out,34296,-2185.6
101.4736,10,out,34292,-2236.2
101.4787,10,out,34288,-2158
101.4831,10,out,34284,-2141.6
101.4871,10,out,34280,-2160.4
101.4913,10,out,34276,-2138.2
101.4954,10,out,34272,-2126.4
101.4996,10,out,34268,-2121.8
101.5037,10,out,34264,-2139.2
101.508,10,out,34260,-2136.4
101.5125,10,out,34256,-2152.8
101.517,10,out,34252,-2136.6
101.5215,10,out,34248,-2144.8
101.5257,10,out,34244,-2165.6
101.5299,10,out,34240,-2082.6
101.5342,10,out,34236,-2101.2
101.5386,10,out,34232,-2168.6
101.543,10,out,34228,-2109
101.5477,10,out,34224,-2107
101.5523,10,out,34220,-2154.4
101.557,10,out,34216,-2082.8
101.5615,10,out,34212,-2028.6
101.5661,10,out,34208,-2053.4
101.5704,10,out,34204,-2060.2
101.5746,10,out,34200,-2033.8
101.5793,10,out,34196,-2013.6
101.5844,10,out,34192,-2050
101.5894,10,out,34188,-2085.6
101.594,10,out,34184,-2090.2
101.599,10,out,34180,-2070.6
101.6041,10,out,34176,-2086.8
101.6089,10,out,34172,-2088.6
101.6137,10,out,34168,-2051.6
101.6186,10,out,34164,-2072.4
101.6237,10,out,34160,-2088.8
101.6283,10,out,34156,-2109.6
101.6326,10,out,34152,-2154.2
101.6371,10,out,34148,-2092.4
101.6417,10,out,34144,-2080
101.6463,10,out,34140,-2057
101.6505,10,out,34136,-2099
101.6554,10,out,34132,-2116.2
101.6597,10,out,34128,-2090
101.6644,10,out,34124,-2015
101.67,10,out,34120,-2061.4
101.6754,10,out,34116,-2045
101.6805,10,out,34112,-2014
101.685,10,out,34108,-2026
101.6892,10,out,34104,-1945.2
101.6934,10,out,34100,-1980
101.6978,10,out,34096,-2064.6
101.702,10,out,34092,-2105.2
101.7065,10,out,34088,-2055.2
101.712,10,out,34084,-2019.2
101.7168,10,out,34080,-2014
101.7214,10,out,34076,-2049.4
101.7259,10,out,34072,-2006
101.731,10,out,34068,-1997.6
101.736,10,out,34064,-2018
101.7411,10,out,34060,-1999.6
101.7469,10,out,34056,-1984.2
101.7518,10,out,34052,-2010.4
101.7567,10,out,34048,-2026.6
101.761,10,out,34044,-1978
101.7656,10,out,34040,-1982.6
101.7701,10,out,34036,-1976.4
101.7747,10,out2,33986,-2031.6
101.7794,10,out2,33936,-1957.2
101.7838,10,out2,33886,-2040.2
101.7885,10,out2,33836,-2031.8
101.7936,10,out2,33786,-2014.6
101.7992,10,out2,33736,-1968
101.8038,10,out2,33686,-1996.4
101.808,10,out2,33636,-2010.6
101.8121,10,out2,33586,-1981
101.8162,10,out2,33536,-2047.4
101.8204,10,out2,33486,-1960.4
101.8248,10,out2,33436,-1924.8
101.8295,10,out2,33386,-1971
101.8338,10,out2,33336,-1944.2
101.8384,10,out2,33286,-2008
101.8429,10,out2,33236,-1804
101.8476,10,out2,33186,-1857.6
101.8525,10,out2,33136,-1858.2
101.8572,10,out2,33086,-2162.4
101.8623,10,out2,33036,-2217.8
101.8674,10,out2,32986,-2268.4
101.872,10,out2,32936,-2262.6
101.8768,10,out2,32886,-2219
101.8821,10,out2,32836,-2199.2
101.8869,10,out2,32786,-2195.8
101.8916,10,out2,32736,-2178.6
101.8962,10,out2,32686,-2150.6
101.9006,10,out2,32636,-2064.6
101.905,10,out2,32586,-2088.6
101.9099,10,out2,32536,-2146.8
101.9148,10,out2,32486,-2178.6
101.919,10,out2,32436,-2168.8
101.9233,10,out2,32386,-2163.4
101.9281,10,out2,32336,-1646.6
101.9337,10,out2,32286,-1333
101.9386,10,out2,32236,-1091.4
101.9438,10,out2,32186,-573.2
101.9488,10,out2,32136,-237.4
101.9535,10,out2,32086,-81.6
101.9584,11,in,32086,-65
101.9632,11,in,32090,0.4
101.9684,11,in,32094,-29.2
101.9732,11,in,32098,0.8
101.9796,11,in,32102,-28.4
101.9842,11,in,32106,-19.6
101.9887,11,in,32110,-20
101.9932,11,in,32114,-22.8
101.9976,11,in,32118,11
102.002,11,in,32122,5.8
102.0064,11,in,32126,-16.6
102.0111,11,in,32130,9.8
102.0163,11,in,32134,19
102.0209,11,in,32138,-9.4
102.026,11,in,32142,-3.6
102.0304,11,in,32146,-8.8
102.0349,11,in,32150,-38.4
102.0395,11,in,32154,-25.6
102.0439,11,in,32158,-10.2
102.0489,11,in,32162,-7.6
102.0541,11,in,32166,-0.4
102.0589,11,in,32170,31.2
102.0636,11,in,32174,-4.8
102.0681,11,in,32178,7.2
102.0729,11,in,32182,-55
102.0776,11,in,32186,38.6
102.0829,11,in,32190,-15.6
102.0882,11,in,32194,-40
102.0931,11,in,32198,8.8
102.0985,11,in,32202,12.2
102.1035,11,in,32206,9
102.1079,11,in,32210,-33.6
102.1123,11,in,32214,-23.8
102.1166,11,in,32218,5.6
102.1211,11,in,32222,-15
102.1261,11,in,32226,-16
102.131,11,in,32230,-8.6
102.1354,11,in,32234,25.2
102.14,11,in,32238,-24.6
102.1449,11,in,32242,-0.2
102.1496,11,in,32246,-3.6
102.154,11,in,32250,-46
102.1593,11,in,32254,-6.8
102.1638,11,in,32258,-0.8
102.1685,11,in,32262,22.8
102.1733,11,in,32266,-21.8
102.1783,11,in,32270,11
102.1831,11,in,32274,-15
102.1879,11,in,32278,-10
102.1929,11,in,32282,-24.4
102.1978,11,in,32286,15.2
102.2024,11,in,32290,-26
102.2074,11,in,32294,-15.2
102.2125,11,in,32298,-43
102.217,11,in,32302,-31.4
102.222,11,in,32306,-4
102.2265,11,in,32310,4.8
102.2312,11,in,32314,32.4
102.2358,11,in,32318,-3.2
102.2404,11,in,32322,-21.8
102.2451,11,in,32326,-25
102.2501,11,in,32330,-5
102.2546,11,in,32334,5.4
102.2595,11,in,32338,5.4
102.2641,11,in,32342,-1
102.2686,11,in,32346,-8.8
102.2737,11,in,32350,-37.6
102.2781,11,in,32354,-29.2
102.2829,11,in,32358,-0.4
102.2878,11,in,32362,5.6
102.2924,11,in,32366,9.4
102.2971,11,in,32370,-20.2
102.3015,11,in,32374,-37
102.306,11,in,32378,10
102.3104,11,in,32382,-2.4
102.3147,11,in,32386,43
102.3192,11,in,32390,-40.8
102.3234,11,in,32394,21.2
102.328,11,in,32398,19.4
102.3329,11,in,32402,-22.6
102.338,11,in,32406,-8.4
102.3427,11,in,32410,41
102.3474,11,in,32414,3
102.352,11,in,32418,-32.8
102.3574,11,in,32422,0.2
102.3623,11,in,32426,22.2
102.3669,11,in,32430,-4
102.3715,11,in,32434,-14.8
102.3765,11,in,32438,2
102.3817,11,in,32442,-14
102.3868,11,in,32446,33.8
102.3911,11,in,32450,-39.2
102.396,11,in,32454,-41.2
102.4001,11,in,32458,20
102.4037,11,in,32462,-5.2
102.4077,11,in,32466,-2.6
102.4133,11,in,32470,-1.4
102.4179,11,in,32474,-26
102.4227,11,in,32478,-18.8
102.4276,11,in,32482,-16.8
102.432,11,in,32486,-33.8
102.4367,11,in,32490,2
102.4415,11,in,32494,-36.2
102.4461,11,in,32498,5.6
102.4509,11,in,32502,0.8
102.4555,11,in,32506,-17.6
102.4599,11,in,32510,-22.2
102.4647,11,in,32514,-33.6
102.4693,11,in,32518,20.8
102.4742,11,in,32522,-14.6
102.4793,11,in,32526,10.4
102.485,11,in,32530,-12
102.4896,11,in,32534,-23.6
102.4943,11,in,32538,-5
102.4994,11,in,32542,4.4
102.504,11,in,32546,-41.6
102.5084,11,in,32550,-15.2
102.5129,11,in,32554,17.8
102.5184,11,in,32558,-4.2
102.5232,11,in,32562,-19.4
102.5283,11,in,32566,36.2
102.5329,11,in,32570,6.6
102.5374,11,in,32574,-24
102.5418,11,in,32578,-5
102.5469,11,in,32582,13
102.5513,11,in,32586,3.4
102.5564,11,in,32590,-59.2
102.5608,11,in,32594,-35.8
102.5654,11,in,32598,47
102.5706,11,in,32602,-21.2
102.5752,11,in,32606,12.4
102.5805,11,in,32610,4
102.5856,11,in,32614,-4.2
102.5907,11,in,32618,-13.4
102.5955,11,in,32622,14.6
102.5998,11,in,32626,-0.2
102.6046,11,in,32630,-3.2
102.6094,11,in,32634,-35.8
102.6142,11,in,32638,-1.8
102.6191,11,in,32642,-33.4
102.624,11,in,32646,-7.2
102.6288,11,in,32650,-4.8
102.6332,11,in,32654,-7.4
102.6383,11,in,32658,-2.8
102.6429,11,in,32662,22.2
102.6472,11,in,32666,-22.8
102.6521,11,in,32670,-16.2
102.6567,11,in,32674,-10.6
102.662,11,in,32678,-13.4
102.6672,11,in,32682,26
102.6718,11,in,32686,-1.8
102.6764,11,in,32690,24
102.6814,11,in,32694,-17
102.6859,11,in,32698,7.8
102.6899,11,in,32702,-51.8
102.694,11,in,32706,-29.6
102.699,11,in,32710,1.2
102.7044,11,in,32714,-15
102.7095,11,in,32718,-29.6
102.7142,11,in,32722,1.6
102.7188,11,in,32726,-3.6
102.7233,11,in,32730,-23.2
102.7281,11,in,32734,-25.4
102.7334,11,in,32738,-18.2
102.7381,11,in,32742,0.6
102.7423,11,in,32746,-57.4
102.7465,11,in,32750,8.2
102.751,11,in,32754,17.6
102.7551,11,in,32758,-23.4
102.7593,11,in,32762,12
102.7637,11,in,32766,74
102.7679,11,in,32770,-38
102.7721,11,in,32774,-43.8
102.7763,11,in,32778,-2.8
102.7801,11,in,32782,-45.8
102.7841,11,in,32786,-5.6
102.7882,11,in,32790,-49.4
102.7923,11,in,32794,-9.4
102.7961,11,in,32798,14.8
102.8002,11,in,32802,-49.6
102.8046,11,in,32806,-39.6
102.8085,11,in,32810,15.4
102.8122,11,in,32814,-43.8
102.8164,11,in,32818,-21.2
102.8206,11,in,32822,6.6
102.8249,11,in,32826,-0.6
102.8289,11,in,32830,-10.6
102.8329,11,in,32834,7.2
102.8366,11,in,32838,15
102.8411,11,in,32842,31.6
102.8452,11,in,32846,4.8
102.8494,11,in,32850,-53.2
102.8537,11,in,32854,-57.8
102.858,11,in,32858,-36.4
102.8618,11,in,32862,-6.4
102.8656,11,in,32866,30.2
102.8697,11,in,32870,7.2
102.8739,11,in,32874,24
102.8783,11,in,32878,-29
102.8823,11,in,32882,-12
102.886,11,in,32886,-37.4
102.8904,11,in,32890,23.4
102.8944,11,in,32894,30.6
102.899,11,in,32898,-40.6
102.9033,11,in,32902,25
102.9072,11,in,32906,-19.4
102.9117,11,in,32910,22
102.9157,11,in,32914,-50.8
102.92,11,in,32918,19.6
102.9241,11,in,32922,-36
102.9286,11,in,32926,6.8
102.9331,11,in,32930,-35.6
102.9373,11,in,32934,-27
102.9413,11,in,32938,-18.4
102.9458,11,in,32942,36.8
102.9496,11,in,32946,-2.2
102.9532,11,in,32950,-4.8
102.9569,11,in,32954,-3.6
102.9605,11,in,32958,-9.4
102.9642,11,in,32962,13.8
102.9677,11,in,32966,-16.8
102.9714,11,in,32970,-29.4
102.975,11,in,32974,-16.8
102.9785,11,in,32978,-28.8
102.9822,11,in,32982,9.8
102.9854,11,in,32986,-0.6
102.9893,11,in,32990,-13.2
102.993,11,in,32994,-2.2
102.9969,11,in,32998,-3.8
103.0005,11,in,33002,-19.2
103.0041,11,in,33006,15.4
103.0083,11,in,33010,-8
103.0123,11,in,33014,17.8
103.0163,11,in,33018,-10.8
103.0208,11,in,33022,-24
103.0248,11,in,33026,-14.4
103.0291,11,in,33030,-30.6
103.0336,11,in,33034,-53.8
103.0381,11,in,33038,-41.8
103.0425,11,in,33042,-8
103.047,11,in,33046,61.6
103.0515,11,in,33050,-43.6
103.0554,11,in,33054,-38.8
103.0592,11,in,33058,-12.6
103.0631,11,in,33062,12.6
103.067,11,in,33066,-10.6
103.071,11,in,33070,-22.6
103.0749,11,in,33074,-10.8
103.0789,11,in,33078,17.4
103.0829,11,in,33082,3
103.0867,11,in,33086,8
103.091,11,in,33090,-18.4
103.0949,11,in,33094,29.6
103.0989,11,in,33098,17.2
103.1034,11,in,33102,33.2
103.1088,11,in,33106,-18.2
103.1135,11,in,33110,12.2
103.1177,11,in,33114,17.6
103.122,11,in,33118,5.8
103.1263,11,in,33122,15.4
103.1306,11,in,33126,0.2
103.1343,11,in,33130,-3.2
103.138,11,in,33134,-20.4
103.143,11,in,33138,-23.8
103.1467,11,in,33142,-6.8
103.1503,11,in,33146,-16.2
103.154,11,in,33150,-27.2
103.1576,11,in,33154,-3.6
103.162,11,in,33158,-20.2
103.1661,11,in,33162,-19.2
103.1704,11,in,33166,-12
103.1745,11,in,33170,2.4
103.1791,11,in,33174,-15.4
103.1832,11,in,33178,27.8
103.1877,11,in,33182,-35.8
103.1923,11,in,33186,-10.8
103.1969,11,in,33190,-14.2
103.2011,11,in,33194,2.4
103.2054,11,in,33198,-27.4
103.2094,11,in,33202,-18.6
103.2135,11,in,33206,11.2
103.2181,11,in,33210,31
103.2231,11,in,33214,-48
103.2273,11,in,33218,-25.4
103.2314,11,in,33222,-13.4
103.2357,11,in,33226,-21.6
103.2397,11,in,33230,-49.4
103.2437,11,in,33234,21.2
103.2475,11,in,33238,-26.6
103.2519,11,in,33242,-80.6
103.2558,11,in,33246,-11.2
103.2597,11,in,33250,-9.2
103.2639,11,in,33254,21.8
103.2687,11,in,33258,-37.4
103.2735,11,in,33262,-9
103.2783,11,in,33266,-7.2
103.2826,11,in,33270,-45.6
103.2868,11,in,33274,-54.6
103.2909,11,in,33278,-20.8
103.2956,11,in,33282,1.4
103.2998,11,in,33286,-16.2
103.3039,11,in,33290,7.2
103.3081,11,in,33294,-44
103.3125,11,in,33298,-30
103.317,11,in,33302,-4.6
103.3214,11,in,33306,-37.6
103.3258,11,in,33310,11.2
103.3304,11,in,33314,0.4
103.335,11,in,33318,-10.4
103.3392,11,in,33322,-25.2
103.3436,11,in,33326,9.2
103.3473,11,in,33330,-28.4
103.3512,11,in,33334,-53
103.3552,11,in,33338,-3.8
103.3606,11,in,33342,-8.6
103.3645,11,in,33346,-7.8
103.369,11,in,33350,10.2
103.3732,11,in,33354,-39.4
103.3783,11,in,33358,-36.8
103.3824,11,in,33362,9.8
103.3865,11,in,33366,11
103.3906,11,in,33370,-32.6
103.3952,11,in,33374,17.8
103.3999,11,in,33378,-38.6
103.4044,11,in,33382,28.8
103.4091,11,in,33386,0.4
103.4145,11,in,33390,20
103.4185,11,in,33394,-42.8
103.4226,11,in,33398,-77.8
103.4273,11,in,33402,-3.2
103.4325,11,in,33406,-15.8
103.4369,11,in,33410,-48.8
103.441,11,in,33414,7.4
103.4449,11,in,33418,-30.8
103.4498,11,in,33422,-5
103.4541,11,in,33426,39.4
103.4587,11,in,33430,-39.8
103.4631,11,in,33434,-27.2
103.4677,11,in,33438,-3.2
103.4718,11,in,33442,-59
103.4762,11,in,33446,23.6
103.4803,11,in,33450,-12.8
103.4854,11,in,33454,-12.6
103.4899,11,in,33458,1.6
103.4939,11,in,33462,18
103.4982,11,in,33466,-7.2
103.5037,11,in,33470,-16.8
103.5079,11,in,33474,-10.8
103.5122,11,in,33478,-33.2
103.5165,11,in,33482,-22.6
103.5207,11,in,33486,6.8
103.5249,11,in,33490,1.2
103.5292,11,in,33494,-15.4
103.5344,11,in,33498,-15.2
103.5394,11,in,33502,-23.4
103.5439,11,in,33506,12
103.5484,11,in,33510,-28
103.5527,11,in,33514,-47
103.557,11,in,33518,-48.6
103.5608,11,in,33522,3.6
103.5651,11,in,33526,-32.6
103.5694,11,in,33530,-2.2
103.5739,11,in,33534,0
103.5785,11,in,33538,-34.4
103.5829,11,in,33542,-41.4
103.5869,11,in,33546,12.2
103.5918,11,in,33550,-15
103.5962,11,in,33554,-13.6
103.6004,11,in,33558,-51.2
103.6045,11,in,33562,-48.2
103.6087,11,in,33566,21.6
103.6128,11,in,33570,1.4
103.6172,11,in,33574,19.6
103.6212,11,in,33578,-22.2
103.6255,11,in,33582,-31.6
103.6297,11,in,33586,-9.6
103.634,11,in,33590,-61.6
103.6381,11,in,33594,-49.4
103.6424,11,in,33598,-38.6
103.6468,11,in,33602,2.4
103.6508,11,in,33606,3.4
103.655,11,in,33610,-59.4
103.6591,11,in,33614,24.8
103.664,11,in,33618,-14.2
103.668,11,in,33622,16.8
103.673,11,in,33626,-9
103.6775,11,in,33630,7.8
103.6823,11,in,33634,4.6
103.6868,11,in,33638,-1.6
103.6907,11,in,33642,-62.2
103.6951,11,in,33646,-24.4
103.6995,11,in,33650,6.6
103.7042,11,in,33654,-4.8
103.7092,11,in,33658,-57.8
103.7137,11,in,33662,-16.4
103.7187,11,in,33666,2
103.723,11,in,33670,-9
103.7273,11,in,33674,-35.2
103.7314,11,in,33678,46
103.736,11,in,33682,-4.4
103.7399,11,in,33686,-39.6
103.7444,11,in,33690,10.2
103.7492,11,in,33694,-56.4
103.7535,11,in,33698,-35.4
103.7579,11,in,33702,5.6
103.7618,11,in,33706,28.8
103.7656,11,in,33710,6.8
103.7699,11,in,33714,-49.2
103.7739,11,in,33718,-12
103.7779,11,in,33722,-6.8
103.7821,11,in,33726,-4.8
103.7865,11,in,33730,-44.4
103.7905,11,in,33734,-44.2
103.7948,11,in,33738,7
103.7992,11,in,33742,-22.4
103.8039,11,in,33746,-14.2
103.8084,11,in,33750,-61
103.8132,11,in,33754,-30.2
103.8174,11,in,33758,9.8
103.8219,11,in,33762,-14.8
103.8261,11,in,33766,-23.8
103.8307,11,in,33770,4.6
103.8355,11,in,33774,-27.4
103.8403,11,in,33778,-20.6
103.8454,11,in,33782,27.6
103.85,11,in,33786,6.2
103.8552,11,in,33790,-8.2
103.8605,11,in,33794,-20.4
103.8648,11,in,33798,32
103.8699,11,in,33802,-9
103.8748,11,in,33806,-45.6
103.8796,11,in,33810,-3.4
103.8835,11,in,33814,-7.4
103.8876,11,in,33818,-29
103.892,11,in,33822,-63.2
103.8963,11,in,33826,-59
103.9004,11,in,33830,2.4
103.9049,11,in,33834,-37.2
103.9091,11,in,33838,29.6
103.9138,11,in,33842,-10.8
103.9188,11,in,33846,-2.2
103.9233,11,in,33850,-11.4
103.9283,11,in,33854,1.8
103.933,11,in,33858,-35.4
103.9379,11,in,33862,-9.2
103.9425,11,in,33866,18.4
103.9472,11,in,33870,27.4
103.9516,11,in,33874,-8.2
103.9559,11,in,33878,-57.6
103.9608,11,in,33882,-24.4
103.9655,11,in,33886,-5.6
103.9702,11,in,33890,8.6
103.9752,11,in,33894,-12.4
103.9798,11,in,33898,-34
103.985,11,in,33902,-4.8
103.9896,11,in,33906,-26
103.9935,11,in,33910,-34.8
103.9972,11,in,33914,-31.4
104.0022,11,in,33918,2
104.0067,11,in,33922,-24.6
104.0108,11,in,33926,-2.2
104.0153,11,in,33930,30.8
104.0205,11,in,33934,-23.8
104.0251,11,in,33938,-13
104.0297,11,in,33942,-20.4
104.0346,11,in,33946,-7.8
104.0393,11,in,33950,-24.8
104.0448,11,in,33954,-7.2
104.0496,11,in,33958,4.6
104.0547,11,in,33962,-20.8
104.0594,11,in,33966,20.2
104.0645,11,in,33970,-2
104.0697,11,in,33974,-29
104.075,11,in,33978,-27.6
104.0797,11,in,33982,-10.8
104.0847,11,in,33986,-3.4
104.0897,11,in,33990,-38
104.0949,11,in,33994,-16.6
104.0999,11,in,33998,0.8
104.105,11,in,34002,-15
104.1098,11,in,34006,-13
104.1149,11,in,34010,-11
104.1197,11,in,34014,-14.6
104.1243,11,in,34018,0
104.1288,11,in,34022,14
104.1332,11,in,34026,33.2
104.1374,11,in,34030,26.6
104.1415,11,in,34034,-1.4
104.1461,11,in,34038,-29.2
104.1505,11,in,34042,22
104.1549,11,in,34046,6.2
104.1593,11,in,34050,-2.6
104.164,11,in,34054,-32
104.1685,11,in,34058,-33.2
104.1728,11,in,34062,8.4
104.1771,11,in,34066,-2.6
104.1816,11,in,34070,-21.8
104.1862,11,in,34074,-17.8
104.1906,11,in,34078,-60.2
104.1949,11,in,34082,-32.2
104.1994,11,in,34086,33
104.2034,11,in,34090,-36.2
104.2076,11,in,34094,-20.8
104.2126,11,in,34098,20
104.2173,11,in,34102,-62.2
104.2222,11,in,34106,-51.4
104.2267,11,in,34110,-28.8
104.2313,11,in,34114,24.8
104.2362,11,in,34118,-17.8
104.2407,11,in,34122,10.2
104.2458,11,in,34126,-11.8
104.2504,11,in,34130,-45.8
104.2558,11,in,34134,-39.4
104.2607,11,in,34138,-10.8
104.2656,11,in,34142,-11.8
104.27,11,in,34146,-23.6
104.2746,11,in,34150,-46.2
104.2796,11,in,34154,-4.2
104.2846,11,in,34158,-19
104.2896,11,in,34162,-44.6
104.2942,11,in,34166,28.6
104.2993,11,in,34170,20
104.3048,11,in,34174,-13
104.3099,11,in,34178,-14.2
104.3144,11,in,34182,-17.8
104.3193,11,in,34186,-38.2
104.3243,11,in,34190,-35.8
104.3287,11,in,34194,1.6
104.3336,11,in,34198,-6.2
104.3385,11,in,34202,-40.4
104.3435,11,in,34206,-19.4
104.3481,11,in,34210,-19.2
104.353,11,in,34214,-24.2
104.3579,11,in,34218,7.4
104.3634,11,in,34222,-47.6
104.368,11,in,34226,-35.8
104.3729,11,in,34230,-31.2
104.3777,11,in,34234,-12.6
104.3825,11,in,34238,10.4
104.3876,11,in,34242,-16
104.3924,11,in,34246,-36.2
104.3965,11,in,34250,-60.4
104.401,11,in,34254,-10.4
104.4059,11,in,34258,-14.4
104.4107,11,in,34262,-17.6
104.4149,11,in,34266,-18.8
104.4193,11,in,34270,-19.4
104.4233,11,in,34274,-6.8
104.4272,11,in,34278,-64.6
104.4313,11,in,34282,-39
104.436,11,in,34286,-18.6
104.4406,11,in,34290,9.4
104.4449,11,in,34294,34.2
104.4491,11,in,34298,32.2
104.4537,11,in,34302,-10.8
104.4581,11,in,34306,-0.2
104.4623,11,in,34310,-11.8
104.467,11,in,34314,3
104.4716,11,in,34318,-27.4
104.4766,11,in,34322,-35.2
104.4818,11,in,34326,11.2
104.4868,11,in,34330,-40.8
104.4913,11,in,34334,-47
104.4954,11,in,34338,-1.8
104.4999,11,in,34342,-33.4
104.5043,11,in,34346,-19.8
104.5092,11,in,34350,8.4
104.5144,11,in,34354,11.8
104.519,11,in,34358,-7.4
104.5241,11,in,34362,-7.6
104.5289,11,in,34366,26
104.5334,11,in,34370,-15.6
104.5385,11,in,34374,-16.2
104.544,11,in,34378,-28.4
104.5485,11,in,34382,30.2
104.553,11,in,34386,3.6
104.5581,11,in,34390,-54
104.5636,11,in,34394,-1.4
104.5685,11,in,34398,-7.4
104.5729,11,in,34402,-5.8
104.5772,11,in,34406,-46.6
104.5815,11,in,34410,-32.8
104.5857,11,in,34414,-31.2
104.5898,11,in,34418,-41
104.5946,11,in,34422,-21.2
104.5997,11,in,34426,-21.8
104.6045,11,in,34430,-26.8
104.609,11,in,34434,-12.2
104.6138,11,in,34438,31.6
104.6182,11,in,34442,-44.8
104.6235,11,in,34446,-48.4
104.6285,11,in,34450,-8.4
104.6336,11,in,34454,-9.8
104.6383,11,in,34458,-7
104.6432,11,in,34462,-50.2
104.648,11,in,34466,19.4
104.6526,11,in,34470,-15.8
104.6577,11,in,34474,-35.4
104.6623,11,in,34478,14.4
104.6677,11,in,34482,12.6
104.6722,11,in,34486,-17.6
104.6767,11,in,34490,-35.4
104.6817,11,in,34494,-14.6
104.6864,11,in,34498,-19.6
104.6906,11,in,34502,-9.2
104.6952,11,in,34506,-41
104.6994,11,in,34510,-24.4
104.7042,11,in,34514,-50.6
104.7085,11,in,34518,-90.2
104.7122,11,in,34522,-56
104.716,11,in,34526,-30
104.7209,11,in,34530,-47.6
104.7251,11,in,34534,-28.6
104.7295,11,in,34538,-55.2
104.7337,11,in,34542,-11.2
104.7388,11,in,34546,-57.4
104.7433,11,in,34550,-14.4
104.7478,11,in,34554,-14.6
104.7521,11,in,34558,4.4
104.7567,11,in,34562,-36.8
104.7612,11,in,34566,-8.6
104.766,11,in,34570,-89.8
104.7705,11,in,34574,-7.8
104.7749,11,in,34578,-79.8
104.7793,11,in,34582,-53.6
104.7841,11,in,34586,-6.8
104.7895,11,in,34590,-24
104.7947,11,in,34594,-43.8
104.7994,11,in,34598,-62
104.8038,11,in,34602,-14.6
104.8083,11,in,34606,-92.8
104.8127,11,in,34610,-49
104.8169,11,in,34614,-175.4
104.821,11,in,34618,-147.8
104.8256,11,in,34622,-144.2
104.8301,11,in,34626,-80.6
104.8347,11,in,34630,-112.6
104.8392,11,in,34634,-161.2
104.844,11,in,34638,-143
104.8489,11,in,34642,-178.4
104.8533,11,in,34646,-416
104.8583,11,in,34650,-140.6
104.8633,11,in,34654,-103.8
104.868,11,in,34658,-124.2
104.873,11,in,34662,-149.4
104.878,11,in,34666,-81.2
104.8829,11,in,34670,-173.4
104.8876,11,in,34674,-205.4
104.8923,11,in,34678,-164.4
104.8972,11,in,34682,-145
104.9023,11,in,34686,-145.4
104.907,11,in,34690,-196.2
104.9115,11,in,34694,-138.6
104.9164,11,in,34698,-134.6
104.9213,11,in,34702,-124.6
104.926,11,in,34706,-195
104.9304,11,in,34710,-236.8
104.9351,11,in,34714,-157.8
104.9394,11,in,34718,-157.8
104.9448,11,in,34722,-210.4
104.9496,11,in,34726,-236.8
104.9549,11,in,34730,-284.2
104.9589,11,in,34734,-394
104.9628,11,in,34738,-399.4
104.9668,11,in,34742,-286.4
104.9717,11,in,34746,-277.8
104.9759,11,in,34750,-218.8
104.9802,11,in,34754,-145.2
104.9844,11,in,34758,-236
104.9897,11,in,34762,-264
104.9945,11,in,34766,-267.8
104.9997,11,in,34770,-216.8
105.0045,11,in,34774,-184.6
105.0089,11,in,34778,-242.4
105.0129,11,in,34782,-218.6
105.0174,11,in,34786,-350.8
105.0219,11,in,34790,-435.2
105.0262,11,in,34794,-337.2
105.0304,11,in,34798,-438
105.0354,11,in,34802,-507.6
105.0396,11,in,34806,-265.4
105.0441,11,in,34810,-217.2
105.0485,11,in,34814,-248
105.0525,11,in,34818,-280
105.0571,11,in,34822,-251.6
105.0615,11,in,34826,-242.8
105.0655,11,in,34830,-294.6
105.0698,11,in,34834,-481
105.074,11,in,34838,-372.8
105.0782,11,in,34842,-322.4
105.0824,11,in,34846,-493
105.0862,11,in,34850,-604.4
105.0898,11,in,34854,-552.2
105.0931,11,in,34858,-537.4
105.0973,11,in,34862,-593.4
105.1007,11,in,34866,-770.4
105.1048,11,in,34870,-579.6
105.1089,11,in,34874,-888.6
105.1133,11,in,34878,-755.8
105.118,11,in,34882,-503.6
105.1224,11,in,34886,-473.8
105.1268,11,in,34890,-815.8
105.1306,11,in,34894,-1252
105.1348,11,out,34890,-965.8
105.139,11,out,34886,-980.8
105.1426,11,out,34882,-1085.4
105.1468,11,out,34878,-1117.6
105.1509,11,out,34874,-1060
105.1552,11,out,34870,-1037.8
105.1588,11,out,34866,-970.6
105.1629,11,out,34862,-962.8
105.1665,11,out,34858,-1149
105.1705,11,out,34854,-909
105.1743,11,out,34850,-375.4
105.1778,11,out,34846,-887.6
105.1814,11,out,34842,-930.4
105.1852,11,out,34838,-872.8
105.1892,11,out,34834,-845.8
105.1928,11,out,34830,-545.6
105.1968,11,out,34826,-610
105.2009,11,out,34822,-551.8
105.2046,11,out,34818,-559.6
105.2087,11,out,34814,-467.6
105.2123,11,out,34810,-421.8
105.216,11,out,34806,-451
105.2194,11,out,34802,-428
105.2232,11,out,34798,-597.2
105.2269,11,out,34794,-736.6
105.2309,11,out,34790,-657.6
105.2345,11,out,34786,-760.6
105.2387,11,out,34782,-540
105.2425,11,out,34778,-489.8
105.2463,11,out,34774,-543.2
105.2503,11,out,34770,-655.2
105.2544,11,out,34766,-847.8
105.2581,11,out,34762,-694.6
105.2618,11,out,34758,-735.2
105.2654,11,out,34754,-757.6
105.269,11,out,34750,-722.6
105.2731,11,out,34746,-738.2
105.2767,11,out,34742,-713.6
105.2807,11,out,34738,-730.4
105.2843,11,out,34734,-714
105.2883,11,out,34730,-722.8
105.2919,11,out,34726,-683.4
105.296,11,out,34722,-645.6
105.2998,11,out,34718,-682.6
105.3033,11,out,34714,-708
105.3072,11,out,34710,-690.4
105.311,11,out,34706,-675.6
105.3146,11,out,34702,-669.6
105.3183,11,out,34698,-716.6
105.3219,11,out,34694,-691.4
105.3256,11,out,34690,-714.4
105.3292,11,out,34686,-733.6
105.3327,11,out,34682,-823.4
105.3362,11,out,34678,-827
105.3401,11,out,34674,-823
105.3434,11,out,34670,-780.2
105.3474,11,out,34666,-785.2
105.3513,11,out,34662,-881.4
105.3549,11,out,34658,-810
105.3587,11,out,34654,-828.8
105.3623,11,out,34650,-825.8
105.3664,11,out,34646,-812.4
105.3701,11,out,34642,-814.6
105.3736,11,out,34638,-878
105.3774,11,out,34634,-853.6
105.3806,11,out,34630,-819.2
105.3838,11,out,34626,-826.4
105.3875,11,out,34622,-794.8
105.391,11,out,34618,-804.6
105.3952,11,out,34614,-918.4
105.3987,11,out,34610,-892.4
105.4023,11,out,34606,-903.2
105.4063,11,out,34602,-887.4
105.41,11,out,34598,-881.4
105.4146,11,out,34594,-872
105.4188,11,out,34590,-945.6
105.4231,11,out,34586,-929.2
105.4274,11,out,34582,-915.6
105.4325,11,out,34578,-830.6
105.4365,11,out,34574,-878.8
105.4404,11,out,34570,-916.6
105.4443,11,out,34566,-831.8
105.4504,11,out,34562,-912.2
105.4543,11,out,34558,-884.2
105.459,11,out,34554,-917
105.4641,11,out,34550,-884
105.4694,11,out,34546,-850
105.4738,11,out,34542,-922.6
105.4789,11,out,34538,-922.2
105.4838,11,out,34534,-917
105.4885,11,out,34530,-899.6
105.4932,11,out,34526,-929
105.4986,11,out,34522,-873.6
105.5034,11,out,34518,-888.4
105.5086,11,out,34514,-892
105.5134,11,out,34510,-919.4
105.5178,11,out,34506,-937.6
105.5229,11,out,34502,-901.4
105.5278,11,out,34498,-912
105.532,11,out,34494,-896.2
105.5375,11,out,34490,-942.2
105.5419,11,out,34486,-917.8
105.5471,11,out,34482,-898.6
105.5518,11,out,34478,-916.6
105.5565,11,out,34474,-931.8
105.5613,11,out,34470,-884
105.5661,11,out,34466,-885.4
105.5714,11,out,34462,-902.8
105.5756,11,out,34458,-901.6
105.5804,11,out,34454,-899.4
105.5852,11,out,34450,-937.8
105.5897,11,out,34446,-929.6
105.5945,11,out,34442,-909.2
105.599,11,out,34438,-872.4
105.6036,11,out,34434,-906
105.6088,11,out,34430,-901.2
105.6137,11,out,34426,-917.6
105.6184,11,out,34422,-910.4
105.623,11,out,34418,-935.8
105.6282,11,out,34414,-870.2
105.6333,11,out,34410,-857
105.6382,11,out,34406,-889
105.643,11,out,34402,-873.6
105.6488,11,out,34398,-871.4
105.6534,11,out,34394,-905.6
105.6586,11,out,34390,-902.6
105.6636,11,out,34386,-883
105.6683,11,out,34382,-896.2
105.6736,11,out,34378,-901.4
105.6787,11,out,34374,-908.4
105.6836,11,out,34370,-870.8
105.6879,11,out,34366,-924.2
105.6919,11,out,34362,-847.6
105.6958,11,out,34358,-871
105.7002,11,out,34354,-883.4
105.7046,11,out,34350,-876.2
105.7092,11,out,34346,-1001
105.7139,11,out,34342,-975.8
105.7193,11,out,34338,-872.8
105.7239,11,out,34334,-984.4
105.729,11,out,34330,-873
105.734,11,out,34326,-890
105.7389,11,out,34322,-867.4
105.7432,11,out,34318,-868
105.7478,11,out,34314,-895.6
105.752,11,out,34310,-859.2
105.756,11,out,34306,-895.4
105.7598,11,out,34302,-861.8
105.7637,11,out,34298,-919.8
105.7673,11,out,34294,-874.2
105.7716,11,out2,34244,-874.8
105.7756,11,out2,34194,-739.2
105.7796,11,out2,34144,-891.6
105.7837,11,out2,34094,-870.6
105.7891,11,out2,34044,-779.2
105.7938,11,out2,33994,-733
105.7981,11,out2,33944,-808.6
105.8037,11,out2,33894,-784.6
105.8085,11,out2,33844,-841
105.8129,11,out2,33794,-673
105.8173,11,out2,33744,-776.2
105.8211,11,out2,33694,-749.2
105.8256,11,out2,33644,-770.8
105.8299,11,out2,33594,-643.6
105.8347,11,out2,33544,-699.2
105.8392,11,out2,33494,-686.4
105.8435,11,out2,33444,-723.4
105.8481,11,out2,33394,-738.4
105.8526,11,out2,33344,-762.6
105.8568,11,out2,33294,-812.4
105.8614,11,out2,33244,-795.4
105.8663,11,out2,33194,-739.4
105.8704,11,out2,33144,-880.6
105.8743,11,out2,33094,-893.8
105.8793,11,out2,33044,-849.6
105.8834,11,out2,32994,-878.8
105.8877,11,out2,32944,-858.4
105.8919,11,out2,32894,-840
105.8973,11,out2,32844,-781.8
105.9014,11,out2,32794,-753.4
105.9062,11,out2,32744,-652.6
105.9109,11,out2,32694,-655.2
105.9158,11,out2,32644,-762.4
105.9198,11,out2,32594,-827.2
105.9242,11,out2,32544,-769
105.9283,11,out2,32494,-565
105.9327,11,out2,32444,-95.8
105.9367,12,in,32444,-65.2
105.9409,12,in,32448,-92.4
105.9448,12,in,32452,-29
105.9499,12,in,32456,29.2
105.954,12,in,32460,-0.8
105.9585,12,in,32464,-60
105.963,12,in,32468,-24.6
105.9678,12,in,32472,-6.6
105.9721,12,in,32476,-55
105.9762,12,in,32480,-21.8
105.9802,12,in,32484,-40.2
105.9856,12,in,32488,-38
105.9898,12,in,32492,-11
105.9943,12,in,32496,10.2
105.9986,12,in,32500,49
106.0037,12,in,32504,-300
106.0081,12,in,32508,-3466.8
106.0123,12,out,32504,-576.4
106.0165,12,out,32500,-807.2
106.0216,12,out,32496,-2464.6
106.0255,12,out,32492,-692.4
106.0296,12,out,32488,-859.2
106.0334,12,out,32484,-3493.6
106.0381,12,out,32480,-1160.8
106.0425,12,out,32476,-1214
106.0466,12,out,32472,-2613.8
106.0509,12,out,32468,-2481.8
106.056,12,out,32464,-4633.8
106.0606,12,out,32460,-7036.8
106.0648,12,out,32456,-2430.4
106.069,12,out,32452,-2148
106.0737,12,out,32448,-2785
106.0781,12,out,32444,-6886.8
106.0826,12,out,32440,-8168.8
106.0875,12,snap,29440,-2
106.0919,12,out2,29390,-1200.2
106.0962,12,out2,29340,11.2
106.1008,13,in,29340,-80
106.1052,13,in,29344,-488.8
106.1105,13,in,29348,-402.4
106.1148,13,in,29352,-539.6
106.1189,13,in,29356,-594.6
106.1233,13,in,29360,-513.2
106.1283,13,in,29364,-551.8
106.1331,13,in,29368,-576.8
106.1375,13,in,29372,-675.4
106.1416,13,in,29376,-662.2
106.1463,13,in,29380,-561
106.1512,13,in,29384,-756.8
106.1554,13,in,29388,-775.8
106.1595,13,in,29392,-585
106.1643,13,in,29396,-592.8
106.1689,13,in,29400,-609.8
106.1741,13,in,29404,-682.6
106.1799,13,in,29408,-566.2
106.1852,13,in,29412,-638.2
106.1901,13,in,29416,-614.4
106.1947,13,in,29420,-679.4
106.2007,13,in,29424,-631.6
106.2056,13,in,29428,-807
106.2102,13,in,29432,-813.4
106.2148,13,in,29436,-735.6
106.2197,13,in,29440,-678.6
106.2248,13,in,29444,-693
106.2295,13,in,29448,-625.2
106.2354,13,in,29452,-658.6
106.2407,13,in,29456,-595.8
106.2456,13,in,29460,-572
106.2509,13,in,29464,-575.8
106.2558,13,in,29468,-648.2
106.2611,13,in,29472,-564.6
106.266,13,in,29476,-609.4
106.2714,13,in,29480,-594.8
106.2763,13,in,29484,-597.6
106.2811,13,in,29488,-612.2
106.2869,13,in,29492,-625.8
106.2919,13,in,29496,-616.8
106.2967,13,in,29500,-641.2
106.3017,13,in,29504,-619.2
106.3071,13,in,29508,-612.4
106.312,13,in,29512,-624.8
106.317,13,in,29516,-596.4
106.3224,13,in,29520,-639.8
106.327,13,in,29524,-644.6
106.3317,13,in,29528,-633
106.3368,13,in,29532,-648.4
106.3416,13,in,29536,-633.2
106.3464,13,in,29540,-618
106.3516,13,in,29544,-599.6
106.3568,13,in,29548,-617.6
106.3617,13,in,29552,-596
106.3663,13,in,29556,-585.4
106.3714,13,in,29560,-627
106.376,13,in,29564,-648.8
106.3808,13,in,29568,-578
106.3855,13,in,29572,-631.2
106.3902,13,in,29576,-642.6
106.3954,13,in,29580,-610.2
106.4,13,in,29584,-657.8
106.4048,13,in,29588,-603.8
106.4088,13,in,29592,-629.6
106.4143,13,in,29596,-575
106.4193,13,in,29600,-608.8
106.4242,13,in,29604,-652
106.4294,13,in,29608,-639
106.4336,13,in,29612,-643.8
106.4381,13,in,29616,-661.8
106.4427,13,in,29620,-622
106.4481,13,in,29624,-599.8
106.4532,13,in,29628,-606.2
106.4576,13,in,29632,-603
106.4623,13,in,29636,-600.2
106.4671,13,in,29640,-577
106.4717,13,in,29644,-540.6
106.4764,13,in,29648,-561
106.4807,13,in,29652,-578.8
106.4854,13,in,29656,-559.4
106.4903,13,in,29660,-705.2
106.4948,13,in,29664,-665.4
106.4989,13,in,29668,-657.2
106.5032,13,in,29672,-629.6
106.5077,13,in,29676,-658
106.5122,13,in,29680,-688.6
106.5174,13,in,29684,-757
106.5224,13,in,29688,-620
106.5272,13,in,29692,-697
106.5316,13,in,29696,-611.2
106.5361,13,in,29700,-606.4
106.5409,13,in,29704,-600.6
106.5458,13,in,29708,-625.4
106.5505,13,in,29712,-549.8
106.5553,13,in,29716,-642
106.5599,13,in,29720,-685
106.565,13,in,29724,-672.2
106.57,13,in,29728,-631.4
106.5751,13,in,29732,-582.2
106.5799,13,in,29736,-611.6
106.5847,13,in,29740,-612
106.5894,13,in,29744,-677.8
106.5939,13,in,29748,-651
106.5986,13,in,29752,-676.4
106.6028,13,in,29756,-649.8
106.6068,13,in,29760,-587.4
106.6114,13,in,29764,-669.8
106.6158,13,in,29768,-645.4
106.621,13,in,29772,-595.4
106.6256,13,in,29776,-566.8
106.63,13,in,29780,-554.8
106.6341,13,in,29784,-603.4
106.6385,13,in,29788,-552.6
106.6429,13,in,29792,-671
106.6474,13,in,29796,-754
106.6518,13,in,29800,-707.2
106.6559,13,in,29804,-702.2
106.6601,13,in,29808,-617.4
106.6646,13,in,29812,-605
106.6688,13,in,29816,-554.6
106.673,13,in,29820,-710.6
106.6772,13,in,29824,-620.4
106.682,13,in,29828,-720.6
106.6868,13,in,29832,-669.6
106.691,13,in,29836,-634.2
106.6953,13,in,29840,-600.6
106.6998,13,in,29844,-579.2
106.7041,13,in,29848,-597.6
106.7086,13,in,29852,-570.6
106.7135,13,in,29856,-635.4
106.7184,13,in,29860,-515.6
106.7225,13,in,29864,-595.6
106.7268,13,in,29868,-519.8
106.7312,13,in,29872,-597.4
106.7363,13,in,29876,-609.2
106.7405,13,in,29880,-606
106.7448,13,in,29884,-569.8
106.7494,13,in,29888,-549.2
106.7539,13,in,29892,-516.8
106.7581,13,in,29896,-571.2
106.7622,13,in,29900,-622.2
106.7661,13,in,29904,-644.8
106.7706,13,in,29908,-625.6
106.7752,13,in,29912,-590
106.7796,13,in,29916,-655
106.7844,13,in,29920,-611.6
106.7896,13,in,29924,-617.8
106.7945,13,in,29928,-617.8
106.7994,13,in,29932,-578
106.8039,13,in,29936,-652
106.8089,13,in,29940,-649.2
106.8139,13,in,29944,-573
106.8185,13,in,29948,-683.4
106.8225,13,in,29952,-682.8
106.8262,13,in,29956,-620.8
106.8303,13,in,29960,-658.8
106.8343,13,in,29964,-627.8
106.8379,13,in,29968,-656.4
106.8426,13,in,29972,-674.6
106.847,13,in,29976,-644.2
106.851,13,in,29980,-734.6
106.8553,13,in,29984,-594.6
106.8598,13,in,29988,-604.6
106.8635,13,in,29992,-550.2
106.8674,13,in,29996,-591.4
106.8715,13,in,30000,-565.8
106.8764,13,in,30004,-558
106.8804,13,in,30008,-555.6
106.8848,13,in,30012,-605.2
106.8892,13,in,30016,-532.4
106.8941,13,in,30020,-752.2
106.8984,13,in,30024,-676
106.9025,13,in,30028,-740.4
106.9066,13,in,30032,-659.2
106.911,13,in,30036,-725.8
106.9153,13,in,30040,-652.8
106.9202,13,in,30044,-900
106.9247,13,in,30048,-850.2
106.9291,13,in,30052,-913
106.9333,13,in,30056,-881.4
106.9374,13,in,30060,-901.8
106.9415,13,in,30064,-898.2
106.9455,13,in,30068,-705.2
106.9502,13,in,30072,-695.4
106.9545,13,in,30076,-711
106.9587,13,in,30080,-725
106.9629,13,in,30084,-716.4
106.9671,13,in,30088,-707.6
106.9711,13,in,30092,-782
106.9752,13,in,30096,-819.2
106.9793,13,in,30100,-717.8
106.9844,13,in,30104,-710.8
106.9891,13,in,30108,-697.6
106.9935,13,in,30112,-683.4
106.9977,13,in,30116,-717
107.0017,13,in,30120,-709.4
107.0059,13,in,30124,-735.4
107.0099,13,in,30128,-751.2
107.0141,13,in,30132,-668.4
107.0186,13,in,30136,-765.6
107.023,13,in,30140,-672.6
107.0277,13,in,30144,-739.4
107.0322,13,in,30148,-732.6
107.0373,13,in,30152,-723.4
107.0417,13,in,30156,-729.6
107.0459,13,in,30160,-663.4
107.0503,13,in,30164,-707
107.0548,13,in,30168,-700.4
107.0595,13,in,30172,-734.2
107.0642,13,in,30176,-676
107.0691,13,in,30180,-719.2
107.0738,13,in,30184,-704.6
107.0783,13,in,30188,-679
107.0831,13,in,30192,-689
107.0879,13,in,30196,-730.2
107.0923,13,in,30200,-735.8
107.0969,13,in,30204,-727.8
107.1022,13,in,30208,-674.2
107.1072,13,in,30212,-687
107.1118,13,in,30216,-700.6
107.1171,13,in,30220,-722.6
107.1222,13,in,30224,-680.4
107.1268,13,in,30228,-872.2
107.1314,13,in,30232,-674.2
107.1367,13,in,30236,-650.4
107.1423,13,in,30240,-758
107.147,13,in,30244,-683.4
107.1528,13,in,30248,-662.8
107.1576,13,in,30252,-657.2
107.162,13,in,30256,-681.2
107.1665,13,in,30260,-809
107.1715,13,in,30264,-917.2
107.1759,13,in,30268,-887.2
107.1805,13,in,30272,-879
107.1845,13,in,30276,-815.4
107.1884,13,in,30280,-772.8
107.1924,13,in,30284,-736.8
107.1975,13,in,30288,-725
107.2016,13,in,30292,-727.6
107.2057,13,in,30296,-725.2
107.2098,13,in,30300,-734.6
107.2153,13,in,30304,-718.4
107.2196,13,in,30308,-736.4
107.2241,13,in,30312,-671
107.2284,13,in,30316,-656.4
107.234,13,in,30320,-660.4
107.2381,13,in,30324,-691.8
107.2429,13,in,30328,-623.6
107.2471,13,in,30332,-514.8
107.2521,13,in,30336,-649
107.2561,13,in,30340,-705.6
107.2605,13,in,30344,-727.8
107.2649,13,in,30348,-671.2
107.2704,13,in,30352,-715.4
107.2745,13,in,30356,-784.8
107.2785,13,in,30360,-753.2
107.2828,13,in,30364,-720
107.2878,13,in,30368,-679.8
107.2922,13,in,30372,-693.6
107.2962,13,in,30376,-566.8
107.3006,13,in,30380,-549
107.3055,13,in,30384,-605.8
107.3098,13,in,30388,-685
107.3142,13,in,30392,-647.4
107.3183,13,in,30396,-642
107.3234,13,in,30400,-515.8
107.3281,13,in,30404,-562.2
107.3331,13,in,30408,-624.6
107.3382,13,in,30412,-700.4
107.3431,13,in,30416,-817.2
107.3478,13,in,30420,-894.2
107.3527,13,in,30424,-863.2
107.358,13,in,30428,-730.2
107.363,13,in,30432,-668.2
107.3681,13,in,30436,-801.4
107.3729,13,in,30440,-561.4
107.3784,13,in,30444,-564.6
107.3831,13,in,30448,-570.2
107.388,13,in,30452,-635.4
107.393,13,in,30456,-583.8
107.3978,13,in,30460,-638
107.4022,13,in,30464,-618.4
107.4073,13,in,30468,-655.6
107.4125,13,in,30472,-698.6
107.4173,13,in,30476,-573.4
107.422,13,in,30480,-531.6
107.4269,13,in,30484,-624.8
107.4324,13,in,30488,-603.2
107.4372,13,in,30492,-632.8
107.4422,13,in,30496,-606
107.4477,13,in,30500,-614.8
107.453,13,in,30504,-705.4
107.4575,13,in,30508,-786
107.462,13,in,30512,-676.4
107.4663,13,in,30516,-649.2
107.4707,13,in,30520,-643.6
107.4754,13,in,30524,-738
107.4799,13,in,30528,-720
107.4856,13,in,30532,-689.8
107.4903,13,in,30536,-717.2
107.495,13,in,30540,-690.6
107.4997,13,in,30544,-670.6
107.5051,13,in,30548,-709.4
107.5097,13,in,30552,-712.8
107.5139,13,in,30556,-647.2
107.518,13,in,30560,-670
107.5228,13,in,30564,-692.4
107.527,13,in,30568,-721
107.5311,13,in,30572,-681
107.5357,13,in,30576,-617
107.5399,13,in,30580,-654.6
107.5442,13,in,30584,-629
107.5486,13,in,30588,-685.4
107.553,13,in,30592,-592.2
107.5574,13,in,30596,-649
107.5615,13,in,30600,-607.2
107.5659,13,in,30604,-605.8
107.5703,13,in,30608,-592
107.5756,13,in,30612,-627.8
107.5797,13,in,30616,-590.2
107.584,13,in,30620,-564.4
107.5899,13,in,30624,-640.8
107.594,13,in,30628,-631.4
107.5984,13,in,30632,-637.6
107.6024,13,in,30636,-636.4
107.6071,13,in,30640,-567.2
107.6116,13,in,30644,-571.2
107.6159,13,in,30648,-566.2
107.6213,13,in,30652,-654.8
107.6271,13,in,30656,-714
107.6325,13,in,30660,-587.6
107.6373,13,in,30664,-577.4
107.6417,13,in,30668,-544
107.6457,13,in,30672,-596.6
107.6499,13,in,30676,-547
107.6541,13,in,30680,-548.8
107.6584,13,in,30684,-645
107.6635,13,in,30688,-560.8
107.6679,13,in,30692,-551.4
107.6721,13,in,30696,-593.6
107.6763,13,in,30700,-520.4
107.6822,13,in,30704,-609.8
107.6871,13,in,30708,-555.2
107.6914,13,in,30712,-635.2
107.6958,13,in,30716,-543.8
107.7004,13,in,30720,-529.8
107.7052,13,in,30724,-586.2
107.7103,13,in,30728,-565.8
107.7155,13,in,30732,-562
107.7203,13,in,30736,-524
107.7257,13,in,30740,-551.2
107.7304,13,in,30744,-562.2
107.7363,13,in,30748,-520.6
107.7415,13,in,30752,-553.6
107.7458,13,in,30756,-556.4
107.7495,13,in,30760,-479
107.7539,13,in,30764,-543.8
107.7579,13,in,30768,-591.8
107.7619,13,in,30772,-518.4
107.7664,13,in,30776,-516
107.7717,13,in,30780,-536.8
107.7762,13,in,30784,-560.8
107.7806,13,in,30788,-623
107.785,13,in,30792,-606
107.7906,13,in,30796,-574
107.7951,13,in,30800,-559.4
107.7988,13,in,30804,-574
107.8027,13,in,30808,-581.6
107.8066,13,in,30812,-579.4
107.8106,13,in,30816,-560
107.8154,13,in,30820,-567.2
107.8194,13,in,30824,-499.8
107.8251,13,in,30828,-567.2
107.8299,13,in,30832,-531.4
107.8348,13,in,30836,-571.2
107.8403,13,in,30840,-553
107.8448,13,in,30844,-512.6
107.8493,13,in,30848,-582.6
107.8546,13,in,30852,-601.6
107.8591,13,in,30856,-567.4
107.8635,13,in,30860,-598.2
107.8684,13,in,30864,-563.4
107.8731,13,in,30868,-506.6
107.8783,13,in,30872,-550.8
107.883,13,in,30876,-690.4
107.8873,13,in,30880,-745
107.8918,13,in,30884,-803
107.8983,13,in,30888,-800.6
107.9031,13,in,30892,-765.4
107.9076,13,in,30896,-770.4
107.9128,13,in,30900,-820
107.9174,13,in,30904,-706.2
107.9219,13,in,30908,-857.2
107.9269,13,in,30912,-822.2
107.9318,13,in,30916,-772.8
107.9371,13,in,30920,-711.8
107.9425,13,in,30924,-762.4
107.9478,13,in,30928,-823.4
107.9525,13,in,30932,-881.4
107.9571,13,in,30936,-629.8
107.9622,13,in,30940,-879.4
107.9671,13,in,30944,-743
107.9719,13,in,30948,-878.4
107.9771,13,in,30952,-886.6
107.982,13,in,30956,-760.6
107.9872,13,in,30960,-671.2
107.9921,13,in,30964,-634.4
107.9968,13,in,30968,-593
108.0021,13,in,30972,-607.6
108.0067,13,in,30976,-576.8
108.0115,13,in,30980,-672.2
108.0154,13,in,30984,-654.8
108.0196,13,in,30988,-697.2
108.0238,13,in,30992,-628.6
108.0281,13,in,30996,-797.8
108.0321,13,in,31000,-818.8
108.0364,13,in,31004,-772
108.0412,13,in,31008,-784.4
108.046,13,in,31012,-639
108.0508,13,in,31016,-662.2
108.0559,13,in,31020,-608.6
108.0611,13,in,31024,-674.4
108.0661,13,in,31028,-637.4
108.0712,13,in,31032,-699.8
108.0761,13,in,31036,-651
108.0809,13,in,31040,-980.6
108.0857,13,in,31044,-724.2
108.0902,13,in,31048,-859.8
108.0946,13,in,31052,-811.4
108.0994,13,in,31056,-812.6
108.1044,13,in,31060,-842.8
108.1092,13,in,31064,-826.6
108.1138,13,in,31068,-824.6
108.119,13,in,31072,-758
108.1239,13,in,31076,-853
108.1293,13,in,31080,-877.4
108.1341,13,in,31084,-893
108.1389,13,in,31088,-861.4
108.1439,13,in,31092,-942.8
108.1484,13,in,31096,-800.2
108.1529,13,in,31100,-628.2
108.1579,13,in,31104,-594.2
108.1626,13,in,31108,-574.4
108.1671,13,in,31112,-604.2
108.1722,13,in,31116,-551
108.1775,13,in,31120,-567.4
108.1825,13,in,31124,-546.6
108.187,13,in,31128,-499.8
108.1911,13,in,31132,-521
108.1957,13,in,31136,-500.2
108.2004,13,in,31140,-496.8
108.2053,13,in,31144,-524.6
108.2097,13,in,31148,-593
108.2145,13,in,31152,-527.6
108.2196,13,in,31156,-542.6
108.2242,13,in,31160,-601.4
108.2286,13,in,31164,-578.8
108.2335,13,in,31168,-548.2
108.2377,13,in,31172,-510.8
108.2423,13,in,31176,-556.4
108.2472,13,in,31180,-586
108.2516,13,in,31184,-658
108.2559,13,in,31188,-566.8
108.2607,13,in,31192,-573.4
108.2655,13,in,31196,-486.8
108.271,13,in,31200,-569.2
108.2757,13,in,31204,-585.2
108.28,13,in,31208,-694
108.2845,13,in,31212,-721
108.2893,13,in,31216,-717.8
108.295,13,in,31220,-743.2
108.2996,13,in,31224,-657.6
108.3038,13,in,31228,-672.6
108.3088,13,in,31232,-713.2
108.3135,13,in,31236,-686
108.3184,13,in,31240,-659
108.3239,13,in,31244,-691.2
108.3288,13,in,31248,-651.6
108.3335,13,in,31252,-579.4
108.3383,13,in,31256,-666
108.3429,13,in,31260,-789.8
108.3479,13,in,31264,-761
108.3523,13,in,31268,-811.4
108.3566,13,in,31272,-797
108.3614,13,in,31276,-801
108.366,13,in,31280,-692
108.3707,13,in,31284,-771.6
108.3749,13,in,31288,-708
108.3793,13,in,31292,-683
108.3835,13,in,31296,-754.4
108.3878,13,in,31300,-754.4
108.3922,13,in,31304,-612.2
108.3969,13,in,31308,-539.2
108.401,13,in,31312,-564.6
108.4052,13,in,31316,-500.4
108.4092,13,in,31320,-490.2
108.4137,13,in,31324,-559.8
108.4183,13,in,31328,-573.8
108.4222,13,in,31332,-574.2
108.4264,13,in,31336,-541.4
108.4307,13,in,31340,-496
108.4356,13,in,31344,-461.8
108.4399,13,in,31348,-512.2
108.4439,13,in,31352,-494.6
108.4479,13,in,31356,-429
108.4529,13,in,31360,-461.4
108.4568,13,in,31364,-408.4
108.461,13,in,31368,-508.6
108.4655,13,in,31372,-437.8
108.4713,13,in,31376,-482.4
108.4753,13,in,31380,-471.2
108.4794,13,in,31384,-505.8
108.4835,13,in,31388,-610
108.4887,13,in,31392,-600.2
108.4926,13,in,31396,-508.2
108.4968,13,in,31400,-469.4
108.501,13,in,31404,-385.6
108.5061,13,in,31408,-471.4
108.5105,13,in,31412,-437.6
108.5145,13,in,31416,-394.4
108.5189,13,in,31420,-355.4
108.5244,13,in,31424,-446.2
108.5286,13,in,31428,-428.4
108.5331,13,in,31432,-483.6
108.5375,13,in,31436,-468.4
108.5427,13,in,31440,-456.8
108.5469,13,in,31444,-405.4
108.5512,13,in,31448,-376.8
108.5556,13,in,31452,-556.2
108.5603,13,in,31456,-567.8
108.5648,13,in,31460,-617.4
108.5687,13,in,31464,-631
108.5728,13,in,31468,-660.6
108.5775,13,in,31472,-720
108.5819,13,in,31476,-723.4
108.5862,13,in,31480,-748.8
108.5903,13,in,31484,-733
108.5952,13,in,31488,-880.2
108.5993,13,in,31492,-774.4
108.6039,13,in,31496,-690.6
108.6081,13,in,31500,-650
108.613,13,in,31504,-619.8
108.6169,13,in,31508,-576.8
108.6216,13,in,31512,-651.4
108.6257,13,in,31516,-569.8
108.6311,13,in,31520,-430.2
108.6354,13,in,31524,-434.4
108.6403,13,in,31528,-518.6
108.6444,13,in,31532,-547.4
108.6498,13,in,31536,-481.8
108.654,13,in,31540,-362.8
108.6583,13,in,31544,-397.6
108.6622,13,in,31548,-421
108.6675,13,in,31552,-513.2
108.6718,13,in,31556,-508.8
108.6759,13,in,31560,-583.8
108.6798,13,in,31564,-543.2
108.685,13,in,31568,-532.4
108.6896,13,in,31572,-512.4
108.6937,13,in,31576,-534.8
108.6978,13,in,31580,-603.8
108.7021,13,in,31584,-579.8
108.7067,13,in,31588,-610
108.7118,13,in,31592,-489.8
108.7164,13,in,31596,-585
108.721,13,in,31600,-868.6
108.7249,13,in,31604,-891.8
108.7289,13,in,31608,-859.2
108.733,13,in,31612,-839.6
108.738,13,in,31616,-697.8
108.7427,13,in,31620,-350
108.7475,13,in,31624,-288
108.7523,13,in,31628,-349.6
108.757,13,in,31632,-309.4
108.7616,13,in,31636,-350.8
108.7659,13,in,31640,-402.8
108.7706,13,in,31644,-352.4
108.7749,13,in,31648,-420.8
108.7799,13,in,31652,-443.4
108.7843,13,in,31656,-341.2
108.7893,13,in,31660,-394.6
108.794,13,in,31664,-366.4
108.7984,13,in,31668,-365.8
108.8034,13,in,31672,-433
108.8087,13,in,31676,-430.8
108.8133,13,in,31680,-396.2
108.8176,13,in,31684,-410.2
108.8221,13,in,31688,-442
108.8268,13,in,31692,-530.4
108.8309,13,in,31696,-424
108.8352,13,in,31700,-552.2
108.8396,13,in,31704,-473.4
108.844,13,in,31708,-488.8
108.848,13,in,31712,-507.6
108.8524,13,in,31716,-414.2
108.8568,13,in,31720,-420.8
108.8609,13,in,31724,-437
108.865,13,in,31728,-406
108.8694,13,in,31732,-361
108.8735,13,in,31736,-347
108.8776,13,in,31740,-246.8
108.8819,13,in,31744,-333.8
108.8861,13,in,31748,-423.4
108.8903,13,in,31752,-259
108.8944,13,in,31756,-356.2
108.8988,13,in,31760,-335
108.9035,13,in,31764,-406
108.9077,13,in,31768,-365.6
108.9119,13,in,31772,-495.8
108.9166,13,in,31776,-304
108.9212,13,in,31780,-388.2
108.9255,13,in,31784,-385
108.9295,13,in,31788,-388.2
108.9342,13,in,31792,-341
108.9393,13,in,31796,-435
108.9445,13,in,31800,-373.4
108.9495,13,in,31804,-349.4
108.9538,13,in,31808,-433.2
108.9585,13,in,31812,-415.6
108.9637,13,in,31816,-394.8
108.9692,13,in,31820,-292.2
108.9739,13,in,31824,-322.4
108.9794,13,in,31828,-278.4
108.9852,13,in,31832,-204.4
108.9899,13,in,31836,-320.4
108.9951,13,in,31840,-256
108.9999,13,in,31844,-276.4
109.0039,13,in,31848,-286.6
109.008,13,in,31852,-335
109.0124,13,in,31856,-287
109.0169,13,in,31860,-260.4
109.0211,13,in,31864,-237.6
109.0254,13,in,31868,-334.2
109.0296,13,in,31872,-152.2
109.0338,13,in,31876,-168.2
109.0381,13,in,31880,-265.6
109.0424,13,in,31884,-211.8
109.0467,13,in,31888,-225.6
109.0506,13,in,31892,-173.4
109.0545,13,in,31896,-176.2
109.0592,13,in,31900,-155.2
109.0631,13,in,31904,-146.2
109.0672,13,in,31908,-160.4
109.0716,13,in,31912,-244.8
109.0761,13,in,31916,-149.2
109.0802,13,in,31920,-192.4
109.0844,13,in,31924,-179.2
109.0887,13,in,31928,-252.6
109.0932,13,in,31932,-278.8
109.0973,13,in,31936,-312.6
109.1016,13,in,31940,-258.6
109.1056,13,in,31944,-316.8
109.1099,13,in,31948,-228
109.114,13,in,31952,-217.2
109.1183,13,in,31956,-244.6
109.1228,13,in,31960,-217.4
109.127,13,in,31964,-198.4
109.1312,13,in,31968,-114.4
109.1355,13,in,31972,-213.8
109.14,13,in,31976,-248.2
109.1447,13,in,31980,-145
109.1491,13,in,31984,-220.8
109.1531,13,in,31988,-120.2
109.1575,13,in,31992,-247
109.1621,13,in,31996,-171.8
109.1661,13,in,32000,-217.4
109.1704,13,in,32004,-228.8
109.1744,13,in,32008,-90.6
109.179,13,in,32012,-88.4
109.1837,13,in,32016,-165.4
109.188,13,in,32020,-153.8
109.1921,13,in,32024,-206.2
109.196,13,in,32028,-195.2
109.2002,13,in,32032,-193
109.2041,13,in,32036,-242.2
109.2084,13,in,32040,-149.4
109.2128,13,in,32044,-128
109.2171,13,in,32048,-72.2
109.2214,13,in,32052,-106
109.2257,13,in,32056,-145.4
109.23,13,in,32060,-61
109.2343,13,in,32064,-68.8
109.2385,13,in,32068,-88.8
109.2422,13,in,32072,-75.8
109.2461,13,in,32076,-101
109.2513,13,in,32080,-37.8
109.2561,13,in,32084,-124
109.2603,13,in,32088,-103
109.2646,13,in,32092,-50.8
109.2685,13,in,32096,-23.2
109.2738,13,in,32100,-115.2
109.2777,13,in,32104,-65.6
109.2819,13,in,32108,-29.8
109.2859,13,in,32112,-62.8
109.2912,13,in,32116,-82.6
109.2954,13,in,32120,1.6
109.3002,13,in,32124,-53.6
109.3041,13,in,32128,-68
109.3093,13,in,32132,-93.2
109.3132,13,in,32136,-79
109.3174,13,in,32140,-82.6
109.3216,13,in,32144,-86.4
109.328,13,in,32148,-74.4
109.3318,13,in,32152,-61.2
109.336,13,in,32156,-78.4
109.3404,13,in,32160,-8.4
109.3451,13,in,32164,-55.4
109.3495,13,in,32168,-33.8
109.3532,13,in,32172,-46.6
109.3574,13,in,32176,-87.8
109.3625,13,in,32180,-78.6
109.3669,13,in,32184,-18
109.3709,13,in,32188,-24.2
109.3752,13,in,32192,-15.6
109.3807,13,in,32196,-72.4
109.385,13,in,32200,-49.4
109.3894,13,in,32204,-81.6
109.3933,13,in,32208,-99.2
109.3986,13,in,32212,-60.6
109.4029,13,in,32216,-25.4
109.4073,13,in,32220,-57
109.4113,13,in,32224,-43.4
109.4167,13,in,32228,-21
109.4211,13,in,32232,-63
109.4252,13,in,32236,-46.6
109.4298,13,in,32240,-17.6
109.4346,13,in,32244,-59
109.4388,13,in,32248,-64.8
109.4428,13,in,32252,-65.6
109.447,13,in,32256,-71.8
109.4527,13,in,32260,2.4
109.4568,13,in,32264,-83.4
109.461,13,in,32268,-31
109.4651,13,in,32272,-10
109.4699,13,in,32276,-63
109.4743,13,in,32280,-1.4
109.4784,13,in,32284,-46.8
109.4825,13,in,32288,-23.8
109.4872,13,in,32292,-10.4
109.4913,13,in,32296,-78.4
109.4956,13,in,32300,3.2
109.4997,13,in,32304,-54.4
109.5046,13,in,32308,-12.2
109.5089,13,in,32312,-60.8
109.513,13,in,32316,-30.6
109.5172,13,in,32320,27.4
109.5217,13,in,32324,-19.2
109.5257,13,in,32328,-38.6
109.5301,13,in,32332,3.4
109.5344,13,in,32336,-21.2
109.5389,13,in,32340,-48.2
109.5431,13,in,32344,-32
109.5475,13,in,32348,25.2
109.5524,13,in,32352,-31.2
109.557,13,in,32356,-9.4
109.5615,13,in,32360,21.8
109.5658,13,in,32364,32.6
109.571,13,in,32368,9.8
109.5768,13,in,32372,-20
109.5814,13,in,32376,-6.4
109.586,13,in,32380,-10
109.5914,13,in,32384,-6.6
109.5973,13,in,32388,37.8
109.6021,13,in,32392,-15.6
109.6071,13,in,32396,24.4
109.6114,13,in,32400,-41.6
109.6161,13,in,32404,-28.8
109.6208,13,in,32408,12.4
109.6256,13,in,32412,-39.8
109.6299,13,in,32416,-33
109.6341,13,in,32420,45.6
109.6383,13,in,32424,-23.6
109.6426,13,in,32428,-54
109.6466,13,in,32432,16
109.6514,13,in,32436,-5.2
109.6554,13,in,32440,32.2
109.6594,13,in,32444,-8
109.664,13,in,32448,-27.6
109.6695,13,in,32452,-11.2
109.6739,13,in,32456,-32
109.678,13,in,32460,-35
109.6821,13,in,32464,-59.6
109.6873,13,in,32468,-17
109.6918,13,in,32472,-30.6
109.6965,13,in,32476,19.4
109.7012,13,in,32480,-4.6
109.7058,13,in,32484,-1.6
109.7101,13,in,32488,-53.6
109.715,13,in,32492,-7.6
109.7197,13,in,32496,-35
109.724,13,in,32500,8.6
109.7284,13,in,32504,22.2
109.7325,13,in,32508,44.6
109.7371,13,in,32512,-31.8
109.7414,13,in,32516,10.6
109.7458,13,in,32520,28.8
109.7501,13,in,32524,-17.6
109.7539,13,in,32528,-34
109.7584,13,in,32532,-2.6
109.7626,13,in,32536,-32.6
109.7666,13,in,32540,-36.4
109.7711,13,in,32544,-12.2
109.7762,13,in,32548,11.8
109.7809,13,in,32552,-17.2
109.7856,13,in,32556,8.2
109.7902,13,in,32560,-23.2
109.7955,13,in,32564,-11
109.8013,13,in,32568,4.4
109.8063,13,in,32572,-20.2
109.8103,13,in,32576,-29.2
109.8145,13,in,32580,-33.4
109.8186,13,in,32584,-35.4
109.8228,13,in,32588,2.2
109.8273,13,in,32592,-34.4
109.8315,13,in,32596,42
109.8362,13,in,32600,-39
109.841,13,in,32604,-19.8
109.8458,13,in,32608,-24
109.8505,13,in,32612,-24.6
109.8553,13,in,32616,-8
109.8604,13,in,32620,1.8
109.8661,13,in,32624,18.6
109.8707,13,in,32628,-35.2
109.8751,13,in,32632,12.2
109.8794,13,in,32636,-40.4
109.8834,13,in,32640,-23
109.8873,13,in,32644,-22.2
109.8923,13,in,32648,8
109.8963,13,in,32652,-42
109.9014,13,in,32656,-2.2
109.9058,13,in,32660,-23.2
109.9101,13,in,32664,1
109.9144,13,in,32668,6.6
109.9193,13,in,32672,48.6
109.9239,13,in,32676,-17.4
109.9278,13,in,32680,-16.2
109.9317,13,in,32684,35.2
109.937,13,in,32688,7.6
109.9409,13,in,32692,5.6
109.9451,13,in,32696,-43.6
109.9496,13,in,32700,-13.8
109.9556,13,in,32704,8.6
109.9604,13,in,32708,-31.6
109.9649,13,in,32712,35
109.97,13,in,32716,33.4
109.9745,13,in,32720,16.2
109.9801,13,in,32724,-16
109.9844,13,in,32728,6.8
109.9892,13,in,32732,-20.6
109.9937,13,in,32736,-42.2
109.9982,13,in,32740,26.8
110.0021,13,in,32744,60
110.006,13,in,32748,-18.2
110.0102,13,in,32752,10.8
110.0147,13,in,32756,29.6
110.0192,13,in,32760,8
110.0239,13,in,32764,1.8
110.029,13,in,32768,-12
110.0334,13,in,32772,27
110.0381,13,in,32776,-6
110.0434,13,in,32780,-31
110.0485,13,in,32784,15.4
110.0537,13,in,32788,19
110.0581,13,in,32792,-36.4
110.0625,13,in,32796,21
110.0678,13,in,32800,17.4
110.073,13,in,32804,7.2
110.0773,13,in,32808,-30.8
110.082,13,in,32812,24.4
110.0873,13,in,32816,-27.4
110.0922,13,in,32820,-4
110.0967,13,in,32824,25.4
110.1009,13,in,32828,18
110.1055,13,in,32832,-33.6
110.1099,13,in,32836,-45.8
110.1147,13,in,32840,-6.4
110.1193,13,in,32844,36.6
110.1236,13,in,32848,4.6
110.1283,13,in,32852,-18.2
110.1325,13,in,32856,-12.8
110.1367,13,in,32860,-14
110.1408,13,in,32864,-8
110.1451,13,in,32868,-39.8
110.1498,13,in,32872,-10.6
110.1543,13,in,32876,-28.6
110.1585,13,in,32880,20
110.163,13,in,32884,-34.2
110.1679,13,in,32888,-29.2
110.173,13,in,32892,-38.8
110.1774,13,in,32896,-42
110.1814,13,in,32900,-43.2
110.1855,13,in,32904,-46.4
110.1896,13,in,32908,-26.8
110.194,13,in,32912,35
110.1983,13,in,32916,5.4
110.2028,13,in,32920,-5.8
110.2075,13,in,32924,-6.8
110.2122,13,in,32928,9
110.2164,13,in,32932,32
110.2205,13,in,32936,12.8
110.2249,13,in,32940,-38.6
110.2289,13,in,32944,22.4
110.2329,13,in,32948,36
110.237,13,in,32952,19.8
110.2417,13,in,32956,-21.4
110.246,13,in,32960,-45
110.2505,13,in,32964,52
110.2547,13,in,32968,-60.4
110.26,13,in,32972,-46.2
110.2639,13,in,32976,-6.6
110.2686,13,in,32980,0.8
110.2729,13,in,32984,-1.8
110.2777,13,in,32988,-7.6
110.2822,13,in,32992,14
110.2875,13,in,32996,1
110.292,13,in,33000,-44.2
110.2968,13,in,33004,-29.6
110.3015,13,in,33008,-16.4
110.306,13,in,33012,0.4
110.3107,13,in,33016,-66
110.3152,13,in,33020,-18.4
110.3196,13,in,33024,18.8
110.3242,13,in,33028,-38
110.3297,13,in,33032,-0.4
110.3343,13,in,33036,3
110.3392,13,in,33040,6.8
110.3447,13,in,33044,24.4
110.3493,13,in,33048,-9.6
110.3537,13,in,33052,-1.6
110.3582,13,in,33056,-17.8
110.3623,13,in,33060,15.4
110.3672,13,in,33064,32.8
110.3717,13,in,33068,23.4
110.3757,13,in,33072,-26.6
110.3798,13,in,33076,-1.4
110.3847,13,in,33080,-13.8
110.3892,13,in,33084,-24
110.3934,13,in,33088,2.8
110.3974,13,in,33092,44.6
110.4023,13,in,33096,-20.6
110.4068,13,in,33100,-60.2
110.4108,13,in,33104,-48.2
110.4148,13,in,33108,-6.6
110.4191,13,in,33112,19.4
110.4235,13,in,33116,-60.4
110.4275,13,in,33120,19
110.4321,13,in,33124,24.8
110.4363,13,in,33128,-19.4
110.4409,13,in,33132,-18.2
110.4446,13,in,33136,-10
110.4486,13,in,33140,2.2
110.4529,13,in,33144,-33.8
110.4575,13,in,33148,-28.6
110.4619,13,in,33152,-32
110.4662,13,in,33156,-11
110.4703,13,in,33160,43
110.4746,13,in,33164,1.8
110.4787,13,in,33168,7
110.4829,13,in,33172,-25.6
110.487,13,in,33176,37.4
110.4919,13,in,33180,16
110.4962,13,in,33184,36.4
110.5008,13,in,33188,20
110.5052,13,in,33192,21.8
110.5093,13,in,33196,3.4
110.514,13,in,33200,-39.6
110.5185,13,in,33204,-29.6
110.5225,13,in,33208,47.8
110.5268,13,in,33212,-61
110.5307,13,in,33216,-2.4
110.5345,13,in,33220,33.8
110.5396,13,in,33224,6.6
110.544,13,in,33228,-38.6
110.549,13,in,33232,3.6
110.5529,13,in,33236,11
110.557,13,in,33240,-8.4
110.561,13,in,33244,-7
110.5651,13,in,33248,27.6
110.5691,13,in,33252,-5.8
110.5736,13,in,33256,-34.6
110.5778,13,in,33260,39.2
110.5818,13,in,33264,8
110.5856,13,in,33268,-25
110.5897,13,in,33272,-29.2
110.594,13,in,33276,-35.2
110.599,13,in,33280,-40
110.6037,13,in,33284,-11.2
110.6083,13,in,33288,-27.6
110.6135,13,in,33292,-1.2
110.6184,13,in,33296,40
110.6231,13,in,33300,-13.8
110.6282,13,in,33304,-12.2
110.6336,13,in,33308,23.2
110.6381,13,in,33312,-44.4
110.6431,13,in,33316,3.6
110.6483,13,in,33320,-0.6
110.6531,13,in,33324,39
110.6577,13,in,33328,-52.4
110.6627,13,in,33332,-17.4
110.667,13,in,33336,3.2
110.6713,13,in,33340,-19.8
110.6761,13,in,33344,14.6
110.6805,13,in,33348,30.4
110.685,13,in,33352,34.6
110.6899,13,in,33356,3
110.6943,13,in,33360,-44.6
110.6986,13,in,33364,38.4
110.7034,13,in,33368,-7.4
110.7076,13,in,33372,25.8
110.7119,13,in,33376,-15.2
110.7161,13,in,33380,-5.8
110.7209,13,in,33384,-2.4
110.7256,13,in,33388,-0.8
110.7297,13,in,33392,-5.6
110.7337,13,in,33396,-12.8
110.738,13,in,33400,-15.4
110.7425,13,in,33404,10.8
110.7472,13,in,33408,-0.4
110.7518,13,in,33412,23.2
110.7564,13,in,33416,17.6
110.7607,13,in,33420,32.2
110.7645,13,in,33424,-18.6
110.7689,13,in,33428,-14.4
110.7734,13,in,33432,1.6
110.7783,13,in,33436,-11.8
110.7832,13,in,33440,-23.2
110.7869,13,in,33444,-9
110.7909,13,in,33448,12
110.7954,13,in,33452,-38.4
110.8,13,in,33456,-15.4
110.8046,13,in,33460,-43.6
110.8091,13,in,33464,28.4
110.8136,13,in,33468,-61.2
110.818,13,in,33472,-18
110.8228,13,in,33476,-19.2
110.8277,13,in,33480,-24
110.8335,13,in,33484,22.6
110.8382,13,in,33488,14
110.8432,13,in,33492,-15.8
110.8483,13,in,33496,-23.4
110.8532,13,in,33500,19.2
110.8577,13,in,33504,1.8
110.8627,13,in,33508,11.8
110.8674,13,in,33512,-3.2
110.8718,13,in,33516,-6
110.8766,13,in,33520,-18.2
110.8814,13,in,33524,0.2
110.8868,13,in,33528,13.6
110.8918,13,in,33532,12.8
110.8961,13,in,33536,23.6
110.9004,13,in,33540,-4.8
110.9058,13,in,33544,-7.4
110.9105,13,in,33548,18.4
110.9154,13,in,33552,-3
110.9205,13,in,33556,-11
110.926,13,in,33560,-20.2
110.9315,13,in,33564,17.4
110.9372,13,in,33568,1.4
110.9419,13,in,33572,12.8
110.9464,13,in,33576,27.4
110.9512,13,in,33580,-16
110.9564,13,in,33584,-3
110.9608,13,in,33588,-29.8
110.9652,13,in,33592,-14.2
110.9704,13,in,33596,-11.8
110.9757,13,in,33600,16.2
110.9802,13,in,33604,-15.6
110.9849,13,in,33608,31.4
110.9894,13,in,33612,-12.8
110.9934,13,in,33616,-19.8
110.9979,13,in,33620,34.4
111.0026,13,in,33624,-22
111.007,13,in,33628,20.8
111.0112,13,in,33632,-4.4
111.0153,13,in,33636,-4.2
111.0195,13,in,33640,39.6
111.0238,13,in,33644,-18.8
111.0289,13,in,33648,7.6
111.0336,13,in,33652,22.4
111.0379,13,in,33656,-12
111.0421,13,in,33660,-16.6
111.0464,13,in,33664,36.2
111.0517,13,in,33668,29.2
111.0559,13,in,33672,-8.4
111.06,13,in,33676,-20
111.0643,13,in,33680,-11.8
111.0694,13,in,33684,-17.6
111.0737,13,in,33688,-24
111.0784,13,in,33692,-13
111.0831,13,in,33696,-2.4
111.0876,13,in,33700,-20.4
111.092,13,in,33704,48.6
111.0962,13,in,33708,0.4
111.1003,13,in,33712,-15.2
111.1046,13,in,33716,-17
111.1087,13,in,33720,20.2
111.1129,13,in,33724,-22.6
111.1169,13,in,33728,-30
111.1222,13,in,33732,-13.4
111.1266,13,in,33736,-11.2
111.1307,13,in,33740,38.2
111.1348,13,in,33744,-32.6
111.1395,13,in,33748,-0.6
111.1442,13,in,33752,-35.4
111.1486,13,in,33756,23.8
111.1532,13,in,33760,3.4
111.158,13,in,33764,-13.4
111.1623,13,in,33768,-1.4
111.1666,13,in,33772,-25.6
111.171,13,in,33776,0.4
111.1755,13,in,33780,0
111.1794,13,in,33784,14.8
111.184,13,in,33788,35.6
111.1885,13,in,33792,-40.2
111.1932,13,in,33796,-18.8
111.1972,13,in,33800,-12.2
111.2017,13,in,33804,20.4
111.2057,13,in,33808,23.8
111.2099,13,in,33812,-49.4
111.214,13,in,33816,-24.6
111.2182,13,in,33820,-29.2
111.2222,13,in,33824,-26.2
111.2267,13,in,33828,-62.2
111.2306,13,in,33832,-11.4
111.2351,13,in,33836,-8.4
111.2395,13,in,33840,-21.8
111.244,13,in,33844,18.6
111.2481,13,in,33848,-2.6
111.2521,13,in,33852,-28.6
111.2559,13,in,33856,-47.6
111.2598,13,in,33860,-31
111.2637,13,in,33864,-0.4
111.2678,13,in,33868,-6.4
111.2715,13,in,33872,-20.8
111.2751,13,in,33876,4.2
111.2792,13,in,33880,-1.8
111.2828,13,in,33884,1
111.2867,13,in,33888,1
111.2903,13,in,33892,-0.8
111.2943,13,in,33896,-13.8
111.2987,13,in,33900,-20.8
111.3024,13,in,33904,1.2
111.3061,13,in,33908,4.6
111.3101,13,in,33912,-35
111.3137,13,in,33916,-5
111.3178,13,in,33920,8.8
111.3216,13,in,33924,-5.4
111.3254,13,in,33928,-6
111.3293,13,in,33932,-13.4
111.3331,13,in,33936,13.6
111.3365,13,in,33940,-24.6
111.3405,13,in,33944,9.6
111.3443,13,in,33948,-65
111.3479,13,in,33952,-10
111.352,13,in,33956,-6.4
111.3555,13,in,33960,-0.8
111.3593,13,in,33964,-14.8
111.3627,13,in,33968,-14.2
111.3665,13,in,33972,-3.6
111.3707,13,in,33976,12.6
111.3744,13,in,33980,-10.4
111.3781,13,in,33984,-18.4
111.3821,13,in,33988,7.4
111.386,13,in,33992,9.6
111.3897,13,in,33996,-0.8
111.3935,13,in,34000,-24.2
111.3975,13,in,34004,7.2
111.4013,13,in,34008,-0.6
111.4056,13,in,34012,35.8
111.4098,13,in,34016,-39.4
111.4139,13,in,34020,53.6
111.4178,13,in,34024,0
111.4219,13,in,34028,-34.8
111.4261,13,in,34032,-8.4
111.4304,13,in,34036,21
111.4351,13,in,34040,29.6
111.4403,13,in,34044,10.8
111.4451,13,in,34048,-40.4
111.4493,13,in,34052,11.8
111.4535,13,in,34056,0.6
111.4577,13,in,34060,-16.8
111.4621,13,in,34064,11
111.4663,13,in,34068,1.8
111.4709,13,in,34072,0.8
111.4754,13,in,34076,-0.8
111.48,13,in,34080,-36
111.4846,13,in,34084,-55
111.4891,13,in,34088,35.6
111.4934,13,in,34092,23.2
111.4977,13,in,34096,-26.2
111.502,13,in,34100,-12.6
111.5063,13,in,34104,16.8
111.5113,13,in,34108,-63.8
111.5159,13,in,34112,19.2
111.5207,13,in,34116,8.8
111.5251,13,in,34120,-22.6
111.5304,13,in,34124,-20.6
111.5351,13,in,34128,-6.4
111.5398,13,in,34132,-15.6
111.5442,13,in,34136,10
111.5492,13,in,34140,7
111.5541,13,in,34144,-13.2
111.5587,13,in,34148,15
111.5631,13,in,34152,28.2
111.5675,13,in,34156,5.8
111.5718,13,in,34160,-37
111.5759,13,in,34164,-11.6
111.5798,13,in,34168,-36.4
111.5835,13,in,34172,-16.6
111.5881,13,in,34176,-20.8
111.592,13,in,34180,10
111.5964,13,in,34184,-15.4
111.6014,13,in,34188,-12.2
111.6052,13,in,34192,-5.2
111.6089,13,in,34196,-14.6
111.6131,13,in,34200,-11.8
111.6176,13,in,34204,36.2
111.6218,13,in,34208,4.6
111.6259,13,in,34212,-14.6
111.6302,13,in,34216,26.4
111.6344,13,in,34220,-47
111.6384,13,in,34224,-53.2
111.6428,13,in,34228,42.2
111.6476,13,in,34232,-17.6
111.6518,13,in,34236,26.4
111.6562,13,in,34240,3.2
111.6606,13,in,34244,-27
111.6649,13,in,34248,-27.2
111.6691,13,in,34252,-21.8
111.674,13,in,34256,-6.8
111.6787,13,in,34260,21.2
111.6834,13,in,34264,4.6
111.6881,13,in,34268,12.4
111.6924,13,in,34272,-35
111.6966,13,in,34276,0.6
111.7009,13,in,34280,25.8
111.7057,13,in,34284,-20
111.7101,13,in,34288,-18.2
111.715,13,in,34292,-53.2
111.7197,13,in,34296,41.6
111.7252,13,in,34300,-13.4
111.7299,13,in,34304,14.8
111.7342,13,in,34308,-28.6
111.7382,13,in,34312,-19.2
111.7427,13,in,34316,16.6
111.7471,13,in,34320,27.6
111.7512,13,in,34324,-50.2
111.7551,13,in,34328,-36.6
111.759,13,in,34332,-8.2
111.7627,13,in,34336,9.6
111.7666,13,in,34340,-32.8
111.7705,13,in,34344,17.2
111.7742,13,in,34348,-6
111.7783,13,in,34352,22.2
111.7824,13,in,34356,47
111.7866,13,in,34360,-19.6
111.7911,13,in,34364,21.2
111.7956,13,in,34368,-16.8
111.8,13,in,34372,-20.2
111.8045,13,in,34376,-42.4
111.8089,13,in,34380,21.8
111.8129,13,in,34384,23.2
111.8172,13,in,34388,16.2
111.8213,13,in,34392,16.4
111.8255,13,in,34396,-34.6
111.8296,13,in,34400,11.6
111.8345,13,in,34404,7
111.8384,13,in,34408,4
111.8423,13,in,34412,23.6
111.8466,13,in,34416,-20.8
111.8509,13,in,34420,-28.4
111.8551,13,in,34424,23.2
111.8602,13,in,34428,-30.8
111.8644,13,in,34432,34.4
111.8695,13,in,34436,24.6
111.8738,13,in,34440,-14.4
111.878,13,in,34444,-40.6
111.8822,13,in,34448,13.6
111.8871,13,in,34452,5
111.8916,13,in,34456,-13.8
111.8957,13,in,34460,-43.2
111.8998,13,in,34464,-17.2
111.904,13,in,34468,21
111.9083,13,in,34472,-1.8
111.912,13,in,34476,-13.8
111.9163,13,in,34480,50.8
111.9203,13,in,34484,40
111.9257,13,in,34488,-33.8
111.93,13,in,34492,-31.6
111.9344,13,in,34496,1.8
111.9384,13,in,34500,20.8
111.9427,13,in,34504,-7.8
111.9468,13,in,34508,-14.4
111.951,13,in,34512,38.2
111.9557,13,in,34516,3.4
111.9609,13,in,34520,-9.6
111.9648,13,in,34524,-35
111.9693,13,in,34528,-14
111.9732,13,in,34532,-37
111.978,13,in,34536,-32.2
111.9825,13,in,34540,-40
111.9869,13,in,34544,-26.6
111.992,13,in,34548,40.6
111.9972,13,in,34552,-5
112.0012,13,in,34556,56
112.0054,13,in,34560,-34
112.0094,13,in,34564,-66.4
112.0141,13,in,34568,-5.8
112.0186,13,in,34572,-16.4
112.0226,13,in,34576,11.2
112.0274,13,in,34580,18
112.0328,13,in,34584,3.2
112.037,13,in,34588,11
112.0414,13,in,34592,3.8
112.045,13,in,34596,-21.8
112.0507,13,in,34600,15.2
112.0559,13,in,34604,-41.4
112.061,13,in,34608,-16.8
112.067,13,in,34612,-14.8
112.0721,13,in,34616,-4.8
112.0769,13,in,34620,-25.6
112.0824,13,in,34624,-4.8
112.0876,13,in,34628,-7.4
112.0923,13,in,34632,-18.8
112.0976,13,in,34636,9.8
112.1027,13,in,34640,-10.6
112.1076,13,in,34644,-13
112.1126,13,in,34648,-12
112.1169,13,in,34652,-37
112.1213,13,in,34656,-39.6
112.1258,13,in,34660,-22.4
112.1305,13,in,34664,-24
112.1349,13,in,34668,-40.6
112.1393,13,in,34672,-25.2
112.1438,13,in,34676,-15.4
112.1486,13,in,34680,-24.4
112.1535,13,in,34684,29.4
112.1583,13,in,34688,26.6
112.1622,13,in,34692,-40
112.1666,13,in,34696,-50.6
112.1711,13,in,34700,2.8
112.176,13,in,34704,8.6
112.1807,13,in,34708,15
112.1856,13,in,34712,19.2
112.1903,13,in,34716,-10.8
112.1953,13,in,34720,14.2
112.2002,13,in,34724,24.6
112.2041,13,in,34728,17
112.2074,13,in,34732,-37.6
112.2121,13,in,34736,-21
112.2162,13,in,34740,-22
112.2207,13,in,34744,14.6
112.2254,13,in,34748,-8.4
112.2295,13,in,34752,4
112.2335,13,in,34756,-9
112.238,13,in,34760,35
112.2425,13,in,34764,19.2
112.247,13,in,34768,7
112.2512,13,in,34772,24.8
112.2553,13,in,34776,28.2
112.2589,13,in,34780,-5.4
112.2625,13,in,34784,-0.4
112.2666,13,in,34788,3
112.2707,13,in,34792,-37.8
112.275,13,in,34796,24.4
112.2791,13,in,34800,-59.4
112.2839,13,in,34804,47.8
112.2886,13,in,34808,-8.2
112.2934,13,in,34812,17.4
112.2977,13,in,34816,5.8
112.3025,13,in,34820,-17.4
112.3072,13,in,34824,-49.6
112.3114,13,in,34828,-43.2
112.3163,13,in,34832,-37.6
112.3216,13,in,34836,-11.8
112.3262,13,in,34840,-27.8
112.3315,13,in,34844,-1.2
112.3367,13,in,34848,17.6
112.3419,13,in,34852,-11.4
112.3466,13,in,34856,-12
112.3519,13,in,34860,7
112.3566,13,in,34864,-15.6
112.3624,13,in,34868,-5
112.3681,13,in,34872,-3.6
112.373,13,in,34876,19.2
112.3778,13,in,34880,-30
112.3827,13,in,34884,-16.4
112.3873,13,in,34888,-19
112.3921,13,in,34892,-2.2
112.3973,13,in,34896,19.2
112.4019,13,in,34900,-18
112.4065,13,in,34904,-3.4
112.4115,13,in,34908,1.6
112.4164,13,in,34912,3.4
112.4211,13,in,34916,20
112.4254,13,in,34920,9.2
112.4303,13,in,34924,-2.8
112.4351,13,in,34928,52.6
112.4403,13,in,34932,33.4
112.4454,13,in,34936,-7.8
112.45,13,in,34940,-34.4
112.4544,13,in,34944,-2.8
112.4592,13,in,34948,-28.4
112.4643,13,in,34952,-32.6
112.4688,13,in,34956,1.4
112.4732,13,in,34960,12.6
112.4777,13,in,34964,-29.6
112.4828,13,in,34968,-13
112.4873,13,in,34972,6.6
112.4919,13,in,34976,-7.4
112.4965,13,in,34980,3
112.5015,13,in,34984,-0.4
112.5066,13,in,34988,-61.4
112.5109,13,in,34992,-20.6
112.5161,13,in,34996,-15.8
112.5204,13,in,35000,-6.6
112.5252,13,in,35004,-52.6
112.5293,13,in,35008,-26
112.5334,13,in,35012,-58.4
112.5381,13,in,35016,18
112.5423,13,in,35020,31.4
112.5463,13,in,35024,25
112.5504,13,in,35028,32.8
112.5557,13,in,35032,-15
112.56,13,in,35036,-12
112.5647,13,in,35040,-23.6
112.5694,13,in,35044,-25.4
112.5754,13,in,35048,5.2
112.5806,13,in,35052,-30.8
112.5851,13,in,35056,6.8
112.5903,13,in,35060,-10.4
112.5953,13,in,35064,-46.6
112.6001,13,in,35068,24.6
112.6049,13,in,35072,-26.6
112.6102,13,in,35076,-5.2
112.6151,13,in,35080,8.8
112.6196,13,in,35084,58.4
112.6242,13,in,35088,30.4
112.6294,13,in,35092,-18.8
112.6341,13,in,35096,-34
112.6395,13,in,35100,-34.2
112.6445,13,in,35104,-14.4
112.649,13,in,35108,-5
112.6535,13,in,35112,3
112.6583,13,in,35116,-7
112.6636,13,in,35120,-45.2
112.6684,13,in,35124,5.4
112.6729,13,in,35128,-5.2
112.6778,13,in,35132,0.8
112.6825,13,in,35136,21.4
112.6869,13,in,35140,21.8
112.6918,13,in,35144,3.4
112.6971,13,in,35148,3
112.7017,13,in,35152,-29.6
112.7063,13,in,35156,-11
112.7107,13,in,35160,-12
112.7151,13,in,35164,-27.8
112.7194,13,in,35168,16.6
112.7236,13,in,35172,-19.6
112.7273,13,in,35176,-16
112.7316,13,in,35180,-47.2
112.7362,13,in,35184,-6.6
112.7412,13,in,35188,-10.2
112.7457,13,in,35192,-17.2
112.7498,13,in,35196,-51.6
112.7544,13,in,35200,28
112.7586,13,in,35204,-14
112.7626,13,in,35208,18.8
112.7667,13,in,35212,-21.4
112.7708,13,in,35216,-4.4
112.7746,13,in,35220,-25.8
112.7782,13,in,35224,-11.8
112.7824,13,in,35228,-33.2
112.7863,13,in,35232,-29.6
112.7908,13,in,35236,16
112.7957,13,in,35240,-17.8
112.8007,13,in,35244,-18.8
112.8056,13,in,35248,-10.8
112.81,13,in,35252,-17
112.8144,13,in,35256,26.4
112.8189,13,in,35260,-20
112.8229,13,in,35264,-23.6
112.8271,13,in,35268,-28.2
112.8316,13,in,35272,-20.8
112.8363,13,in,35276,4
112.8406,13,in,35280,-49.4
112.8454,13,in,35284,-51.2
112.8497,13,in,35288,31.6
112.854,13,in,35292,28.6
112.8578,13,in,35296,-12.4
112.8621,13,in,35300,-2.2
112.8666,13,in,35304,-25.8
112.8709,13,in,35308,31.4
112.8753,13,in,35312,-10.6
112.8804,13,in,35316,-10.2
112.8845,13,in,35320,-19
112.8887,13,in,35324,-43
112.8928,13,in,35328,0
112.8976,13,in,35332,-26.4
112.9027,13,in,35336,14.2
112.9069,13,in,35340,11
112.9109,13,in,35344,5.2
112.9154,13,in,35348,10
112.9203,13,in,35352,-27.8
112.9245,13,in,35356,-7.2
112.9286,13,in,35360,-45.4
112.9338,13,in,35364,-1.8
112.9379,13,in,35368,-9.8
112.942,13,in,35372,-10.4
112.9465,13,in,35376,-10.6
112.9518,13,in,35380,12
112.9563,13,in,35384,-21.8
112.9605,13,in,35388,7.6
112.9648,13,in,35392,-36.6
112.9699,13,in,35396,-4.8
112.9741,13,in,35400,28.6
112.9786,13,in,35404,-32.4
112.983,13,in,35408,-14.2
112.988,13,in,35412,33
112.9923,13,in,35416,-3.4
112.997,13,in,35420,-8.4
113.0019,13,in,35424,-2.2
113.0082,13,in,35428,-10.6
113.0128,13,in,35432,-19.2
113.0179,13,in,35436,29
113.0232,13,in,35440,-9.6
113.028,13,in,35444,-16
113.0332,13,in,35448,17.4
113.0376,13,in,35452,-13.8
113.0421,13,in,35456,-25.8
113.0473,13,in,35460,-0.2
113.0535,13,in,35464,3.6
113.0586,13,in,35468,-32.4
113.0637,13,in,35472,-9.6
113.0691,13,in,35476,-11.8
113.0745,13,in,35480,6.6
113.0802,13,in,35484,-31
113.0853,13,in,35488,-3.8
113.0906,13,in,35492,-21.2
113.0951,13,in,35496,-21
113.1,13,in,35500,3.2
113.1052,13,in,35504,0.8
113.1102,13,in,35508,-18
113.1154,13,in,35512,0.2
113.12,13,in,35516,-5
113.1246,13,in,35520,-19.8
113.1292,13,in,35524,4.2
113.1338,13,in,35528,12
113.1385,13,in,35532,1
113.1433,13,in,35536,9.2
113.148,13,in,35540,-46.4
113.1531,13,in,35544,-20.4
113.1576,13,in,35548,11.2
113.162,13,in,35552,14.6
113.167,13,in,35556,15.6
113.1717,13,in,35560,27.6
113.1765,13,in,35564,-4.4
113.1815,13,in,35568,-14
113.1863,13,in,35572,5.2
113.1909,13,in,35576,-7
113.1963,13,in,35580,-25.4
113.2008,13,in,35584,-21.6
113.2062,13,in,35588,9.4
113.2114,13,in,35592,-26.2
113.2162,13,in,35596,15.8
113.2204,13,in,35600,45.8
113.2253,13,in,35604,-14
113.229,13,in,35608,-2.6
113.2331,13,in,35612,-37.2
113.237,13,in,35616,-5.6
113.2413,13,in,35620,-24.4
113.2454,13,in,35624,18.2
113.2495,13,in,35628,62
113.2537,13,in,35632,35.8
113.2588,13,in,35636,-59.8
113.2644,13,in,35640,11.8
113.2693,13,in,35644,-14
113.2745,13,in,35648,-19.4
113.2791,13,in,35652,-0.6
113.2836,13,in,35656,-16.8
113.2881,13,in,35660,17.6
113.2923,13,in,35664,1.6
113.2967,13,in,35668,-22.2
113.3009,13,in,35672,31.8
113.3051,13,in,35676,25
113.3091,13,in,35680,57.4
113.3129,13,in,35684,-24
113.3171,13,in,35688,-21
113.3213,13,in,35692,-4
113.3254,13,in,35696,-51.6
113.3295,13,in,35700,32
113.3338,13,in,35704,4.6
113.3388,13,in,35708,-43.2
113.3426,13,in,35712,-9.4
113.3472,13,in,35716,1.4
113.3516,13,in,35720,26.2
113.356,13,in,35724,-40
113.3602,13,in,35728,13
113.3646,13,in,35732,-7.2
113.3688,13,in,35736,16.2
113.3725,13,in,35740,20.2
113.3763,13,in,35744,36.8
113.3807,13,in,35748,2
113.3852,13,in,35752,-24.4
113.3892,13,in,35756,-18.6
113.3934,13,in,35760,38.6
113.3982,13,in,35764,-21.6
113.4024,13,in,35768,-30.6
113.4067,13,in,35772,28.2
113.411,13,in,35776,7.6
113.4153,13,in,35780,-18
113.4202,13,in,35784,7
113.4247,13,in,35788,-11.6
113.429,13,in,35792,-39.6
113.4332,13,in,35796,-16.6
113.438,13,in,35800,-20.4
113.4419,13,in,35804,30.4
113.4458,13,in,35808,-44.6
113.4503,13,in,35812,23.6
113.4551,13,in,35816,-6.4
113.4594,13,in,35820,-40
113.4643,13,in,35824,7.2
113.4686,13,in,35828,21.6
113.4736,13,in,35832,11.8
113.4779,13,in,35836,-22.2
113.4831,13,in,35840,36.2
113.4878,13,in,35844,16.6
113.4922,13,in,35848,-56.6
113.4966,13,in,35852,-3.4
113.5012,13,in,35856,-1.2
113.5066,13,in,35860,-20
113.5108,13,in,35864,-42.6
113.5156,13,in,35868,-31.8
113.5204,13,in,35872,24.2
113.5257,13,in,35876,5.4
113.5307,13,in,35880,-32.6
113.5358,13,in,35884,12.6
113.5402,13,in,35888,1.6
113.5448,13,in,35892,27
113.5495,13,in,35896,8
113.5544,13,in,35900,-8.6
113.5599,13,in,35904,-18
113.5646,13,in,35908,8
113.5702,13,in,35912,10.4
113.5746,13,in,35916,11.2
113.5793,13,in,35920,-36.4
113.5837,13,in,35924,-21.6
113.5886,13,in,35928,10.2
113.5936,13,in,35932,-11.2
113.5989,13,in,35936,-29.2
113.6034,13,in,35940,-31
113.6083,13,in,35944,-16.4
113.6129,13,in,35948,-47.2
113.6179,13,in,35952,-9.4
113.6224,13,in,35956,1.4
113.6271,13,in,35960,-6.8
113.6322,13,in,35964,-30.4
113.6369,13,in,35968,1.6
113.6413,13,in,35972,-8.2
113.6458,13,in,35976,-43
113.6505,13,in,35980,18.4
113.6548,13,in,35984,-11.8
113.6591,13,in,35988,-46.4
113.6633,13,in,35992,44.8
113.6678,13,in,35996,-44.2
113.6719,13,in,36000,30.6
113.6761,13,in,36004,-43.6
113.6806,13,in,36008,-1.6
113.6848,13,in,36012,11.8
113.6892,13,in,36016,45.8
113.6934,13,in,36020,-30.2
113.6978,13,in,36024,-7.6
113.7026,13,in,36028,-7.8
113.7071,13,in,36032,-2.8
113.7118,13,in,36036,-0.6
113.7167,13,in,36040,-12.4
113.7214,13,in,36044,-3.6
113.7263,13,in,36048,-15
113.731,13,in,36052,-0.4
113.7356,13,in,36056,13.6
113.7406,13,in,36060,-18.2
113.7455,13,in,36064,-22.2
113.7503,13,in,36068,19.6
113.7552,13,in,36072,-13.2
113.7598,13,in,36076,-46.2
113.7639,13,in,36080,-1.8
113.768,13,in,36084,6.6
113.7721,13,in,36088,-46.2
113.7769,13,in,36092,15.4
113.781,13,in,36096,6.6
113.7851,13,in,36100,-47.6
113.7895,13,in,36104,4.8
113.7934,13,in,36108,-14.8
113.798,13,in,36112,2.4
113.8027,13,in,36116,0.2
113.8071,13,in,36120,-44
113.8113,13,in,36124,-29.6
113.8155,13,in,36128,13.2
113.8199,13,in,36132,0
113.8246,13,in,36136,-50
113.829,13,in,36140,-20.4
113.8339,13,in,36144,22.4
113.8383,13,in,36148,-16.8
113.8428,13,in,36152,-4
113.8481,13,in,36156,13.8
113.8527,13,in,36160,7.8
113.8573,13,in,36164,-13.8
113.8619,13,in,36168,-14
113.8667,13,in,36172,5.2
113.8716,13,in,36176,22.4
113.8769,13,in,36180,-5.6
113.8817,13,in,36184,-26.2
113.8861,13,in,36188,34
113.8909,13,in,36192,-24
113.896,13,in,36196,-24.6
113.9013,13,in,36200,22.2
113.906,13,in,36204,-16.2
113.9103,13,in,36208,-54
113.9151,13,in,36212,-13.4
113.9198,13,in,36216,3.6
113.9245,13,in,36220,-37.2
113.9299,13,in,36224,-7.2
113.9347,13,in,36228,-39
113.9394,13,in,36232,2.6
113.9441,13,in,36236,-18.6
113.9488,13,in,36240,14.8
113.9542,13,in,36244,-2.8
113.9588,13,in,36248,-27.8
113.9634,13,in,36252,-57
113.968,13,in,36256,8.2
113.9737,13,in,36260,-29.2
113.9793,13,in,36264,-35.2
113.9843,13,in,36268,32.6
113.9895,13,in,36272,-2
113.9939,13,in,36276,9
113.9988,13,in,36280,-29
114.0033,13,in,36284,10
114.0084,13,in,36288,-15
114.0129,13,in,36292,-27.2
114.0168,13,in,36296,12.2
114.0208,13,in,36300,13.4
114.0254,13,in,36304,21
114.0297,13,in,36308,-41.2
114.0338,13,in,36312,-43.4
114.0377,13,in,36316,-3.2
114.0416,13,in,36320,-13
114.0465,13,in,36324,-5.4
114.0507,13,in,36328,-38.8
114.0552,13,in,36332,-40.2
114.0592,13,in,36336,-39.8
114.0642,13,in,36340,0.6
114.0681,13,in,36344,-64.4
114.0726,13,in,36348,-1.2
114.0769,13,in,36352,-13.6
114.0809,13,in,36356,7.6
114.0857,13,in,36360,-35
114.09,13,in,36364,12.4
114.0941,13,in,36368,-52.4
114.0985,13,in,36372,-29.4
114.1033,13,in,36376,11.6
114.1079,13,in,36380,2
114.1129,13,in,36384,-42.6
114.1183,13,in,36388,-12
114.1229,13,in,36392,8.6
114.128,13,in,36396,-33
114.1336,13,in,36400,-11.6
114.1384,13,in,36404,-24.4
114.1435,13,in,36408,-22.4
114.1482,13,in,36412,-40.4
114.1532,13,in,36416,14.6
114.1578,13,in,36420,10.2
114.1625,13,in,36424,-9
114.1669,13,in,36428,-35.2
114.1711,13,in,36432,9.2
114.1754,13,in,36436,-21.8
114.1797,13,in,36440,-59.4
114.1839,13,in,36444,-7.2
114.1881,13,in,36448,-80
114.1923,13,in,36452,-55.2
114.1962,13,in,36456,-79.4
114.2004,13,in,36460,-57.2
114.2045,13,in,36464,-44
114.2087,13,in,36468,-69.4
114.2127,13,in,36472,-20.4
114.2167,13,in,36476,-9.6
114.2204,13,in,36480,-28.4
114.2246,13,in,36484,-40.6
114.2285,13,in,36488,-49.8
114.2325,13,in,36492,-40.6
114.2367,13,in,36496,-7.4
114.2404,13,in,36500,-66.6
114.245,13,in,36504,-25.4
114.2494,13,in,36508,-25.2
114.2539,13,in,36512,30.4
114.2585,13,in,36516,-36.6
114.2626,13,in,36520,-85.8
114.2665,13,in,36524,-46
114.2703,13,in,36528,-34.4
114.2743,13,in,36532,-47.6
114.2779,13,in,36536,-65.2
114.282,13,in,36540,-42.6
114.2856,13,in,36544,-13.4
114.2891,13,in,36548,-39.6
114.2934,13,in,36552,-21.4
114.2973,13,in,36556,-28.8
114.3014,13,in,36560,-51.4
114.3049,13,in,36564,-30
114.3089,13,in,36568,-45
114.3128,13,in,36572,-68.8
114.3164,13,in,36576,-49.8
114.3202,13,in,36580,-51.2
114.3238,13,in,36584,-73.2
114.3277,13,in,36588,-90.8
114.3312,13,in,36592,-58.2
114.3346,13,in,36596,-65.6
114.3384,13,in,36600,-54.2
114.3423,13,in,36604,-79.6
114.3458,13,in,36608,-74.4
114.35,13,in,36612,-104.2
114.3535,13,in,36616,-82
114.3572,13,in,36620,-112.4
114.3613,13,in,36624,-88.2
114.3651,13,in,36628,-109.4
114.369,13,in,36632,-99
114.3728,13,in,36636,-141.8
114.3766,13,in,36640,-108.2
114.3799,13,in,36644,-101
114.3837,13,in,36648,-113.6
114.3872,13,in,36652,-150.8
114.391,13,in,36656,-197.6
114.3945,13,in,36660,-248.4
114.3987,13,in,36664,-252.4
114.4022,13,in,36668,-249.6
114.4065,13,in,36672,-238.6
114.4103,13,in,36676,-242.2
114.414,13,in,36680,-279.8
114.4178,13,in,36684,-224
114.4217,13,in,36688,-245.2
114.4255,13,in,36692,-255
114.4291,13,in,36696,-255.8
114.4327,13,in,36700,-277.6
114.4366,13,in,36704,-298.6
114.4401,13,in,36708,-415
114.4437,13,in,36712,-570.8
114.4472,13,in,36716,-438.2
114.451,13,in,36720,-498.8
114.4551,13,in,36724,-359
114.4588,13,in,36728,-433.6
114.4628,13,in,36732,-377.6
114.4665,13,in,36736,-449.8
114.4707,13,in,36740,-450.4
114.4743,13,in,36744,-494
114.4784,13,in,36748,-524
114.4818,13,in,36752,-473.6
114.4859,13,in,36756,-420
114.4897,13,in,36760,-398.6
114.4932,13,in,36764,-423.8
114.4976,13,in,36768,-409.4
114.5012,13,in,36772,-395.2
114.5049,13,in,36776,-332.6
114.5086,13,in,36780,-388.4
114.5127,13,in,36784,-385.6
114.5163,13,in,36788,-332.6
114.5202,13,in,36792,-379.2
114.5238,13,in,36796,-711
114.5275,13,in,36800,-573.8
114.5314,13,in,36804,-624.2
114.5351,13,in,36808,-528.2
114.5389,13,in,36812,-350.8
114.5428,13,in,36816,-436.6
114.5462,13,in,36820,-640.8
114.5499,13,in,36824,-623.4
114.5534,13,in,36828,-619.2
114.5569,13,in,36832,-608.8
114.561,13,in,36836,-686.4
114.5644,13,in,36840,-678.2
114.5683,13,in,36844,-681.4
114.5719,13,in,36848,-693.2
114.576,13,in,36852,-676
114.5796,13,in,36856,-630
114.5839,13,in,36860,-630.6
114.5879,13,in,36864,-598
114.5922,13,in,36868,-775.4
114.5964,13,in,36872,-877.8
114.6003,13,in,36876,-708.4
114.6045,13,in,36880,-970.4
114.6088,13,in,36884,-1289.8
114.6138,13,out,36880,-1317.4
114.6179,13,out,36876,-1231.2
114.6222,13,out,36872,-1275.4
114.6263,13,out,36868,-1256.6
114.6305,13,out,36864,-1069.6
114.6349,13,out,36860,-1208.8
114.6391,13,out,36856,-1617.2
114.6435,13,out,36852,-1455.2
114.6481,13,out,36848,-1151.6
114.6523,13,out,36844,-929.2
114.6569,13,out,36840,-860.6
114.6615,13,out,36836,-1091.4
114.6661,13,out,36832,-1019
114.6701,13,out,36828,-922.8
114.6738,13,out,36824,-947.6
114.6791,13,out,36820,-910.8
114.6834,13,out,36816,-976.4
114.6881,13,out,36812,-990.6
114.6927,13,out,36808,-1032
114.6971,13,out,36804,-1096.2
114.7011,13,out,36800,-1039.4
114.7052,13,out,36796,-1040
114.7101,13,out,36792,-1063.4
114.7147,13,out,36788,-1082.2
114.7195,13,out,36784,-1095.8
114.7243,13,out,36780,-1171.6
114.7287,13,out,36776,-1237.6
114.7336,13,out,36772,-1165.8
114.7382,13,out,36768,-1224.6
114.7426,13,out,36764,-1248
114.7473,13,out,36760,-1222.2
114.7525,13,out,36756,-1065.4
114.757,13,out,36752,-1044.4
114.761,13,out,36748,-1113.2
114.7651,13,out,36744,-1191.6
114.7696,13,out,36740,-1284.8
114.7732,13,out,36736,-1231.2
114.7768,13,out,36732,-1229.6
114.7805,13,out,36728,-1296.2
114.7848,13,out,36724,-1337.6
114.7894,13,out,36720,-1237.4
114.7937,13,out,36716,-1183
114.7982,13,out,36712,-1355.6
114.8028,13,out,36708,-1187.4
114.8075,13,out,36704,-1211
114.8118,13,out,36700,-1262
114.816,13,out,36696,-1364
114.8202,13,out,36692,-1295.8
114.8244,13,out,36688,-1409
114.829,13,out,36684,-1422
114.8337,13,out,36680,-1421.8
114.8383,13,out,36676,-1334.6
114.8431,13,out,36672,-1393
114.8477,13,out,36668,-1415
114.8528,13,out,36664,-1352.8
114.8576,13,out,36660,-1390.2
114.8626,13,out,36656,-1411.8
114.8672,13,out,36652,-1410.8
114.8716,13,out,36648,-1403
114.8755,13,out,36644,-1369.2
114.8808,13,out,36640,-1358.6
114.8848,13,out,36636,-1374
114.8895,13,out,36632,-1334.8
114.8939,13,out,36628,-1341.2
114.8994,13,out,36624,-1375.6
114.9033,13,out,36620,-1409.6
114.907,13,out,36616,-1433.4
114.9106,13,out,36612,-1453.8
114.9144,13,out,36608,-1449.2
114.9191,13,out,36604,-1459.2
114.9245,13,out,36600,-1569.2
114.9306,13,out,36596,-1676
114.9358,13,out,36592,-1650.8
114.9403,13,out,36588,-1641.2
114.9447,13,out,36584,-1654.2
114.9489,13,out,36580,-1657.4
114.9528,13,out,36576,-1646.4
114.9564,13,out,36572,-1589.6
114.961,13,out,36568,-1665
114.9656,13,out,36564,-1592.4
114.9693,13,out,36560,-1542.8
114.9734,13,out,36556,-1588.2
114.9786,13,out,36552,-2033.2
114.9832,13,out,36548,-1937.2
114.9872,13,out,36544,-1991.8
114.9919,13,out,36540,-2031.6
114.9959,13,out,36536,-2089.8
115.0,13,out,36532,-2038
115.0049,13,out,36528,-2059.2
115.0091,13,out,36524,-2095
115.0136,13,out,36520,-1999.2
115.0182,13,out,36516,-2010.2
115.023,13,out,36512,-2224.8
115.0274,13,out,36508,-2131
115.0322,13,out,36504,-1938.4
115.0368,13,out,36500,-1957.2
115.0418,13,out,36496,-1973.2
115.0472,13,out,36492,-1955
115.0526,13,out,36488,-1846.8
115.0582,13,out,36484,-1772
115.0633,13,out,36480,-1776.8
115.068,13,out,36476,-1794.2
115.0738,13,out,36472,-1801.8
115.0787,13,out,36468,-1818.6
115.0836,13,out,36464,-1955.6
115.0886,13,out,36460,-1925.6
115.0932,13,out,36456,-1922.2
115.0986,13,out,36452,-1978.6
115.1037,13,out,36448,-1891.6
115.1085,13,out,36444,-1874.6
115.1131,13,out,36440,-1898.4
115.1183,13,out,36436,-1921
115.1233,13,out,36432,-1997.4
115.1288,13,out,36428,-1987.4
115.1335,13,out,36424,-2289.4
115.1388,13,out,36420,-2079.4
115.1438,13,out,36416,-2049
115.1481,13,out,36412,-1936.6
115.1531,13,out,36408,-1960.6
115.1583,13,out,36404,-2033.2
115.163,13,out,36400,-2000.4
115.1676,13,out,36396,-2012.2
115.1724,13,out,36392,-2043.2
115.1775,13,out,36388,-2014.8
115.1823,13,out,36384,-2062
115.1876,13,out,36380,-2060.6
115.193,13,out,36376,-2096.2
115.1981,13,out,36372,-2032.2
115.2029,13,out,36368,-2068.2
115.2076,13,out,36364,-2066.6
115.212,13,out,36360,-2107
115.2169,13,out,36356,-2043.2
115.2217,13,out,36352,-1979
115.2265,13,out,36348,-2085.4
115.231,13,out,36344,-2096.6
115.236,13,out,36340,-2025.2
115.2408,13,out,36336,-2038
115.2454,13,out,36332,-2119.8
115.25,13,out,36328,-2033.8
115.2557,13,out,36324,-2078.4
115.2604,13,out,36320,-2080
115.2647,13,out,36316,-2086.4
115.2695,13,out,36312,-2080
115.2738,13,out,36308,-2110.8
115.2785,13,out,36304,-2204.6
115.2832,13,out,36300,-2177.8
115.2883,13,out,36296,-2178.4
115.2933,13,out,36292,-2152.6
115.2984,13,out,36288,-2165.8
115.3032,13,out,36284,-2238.2
115.3086,13,out2,36234,-2141.8
115.3135,13,out2,36184,-2150.8
115.3183,13,out2,36134,-2321.2
115.323,13,out2,36084,-2333.2
115.3279,13,out2,36034,-2313.2
115.3335,13,out2,35984,-2371.2
115.3378,13,out2,35934,-2397.6
115.3423,13,out2,35884,-2409.6
115.348,13,out2,35834,-2415.2
115.3532,13,out2,35784,-2495.4
115.3582,13,out2,35734,-2506
115.3628,13,out2,35684,-2385.6
115.3669,13,out2,35634,-2373.8
115.3712,13,out2,35584,-2679.8
115.3757,13,out2,35534,-2834
115.38,13,out2,35484,-2856.4
115.384,13,out2,35434,-3050.2
115.3881,13,out2,35384,-2992.6
115.392,13,out2,35334,-2952.6
115.3962,13,out2,35284,-2980.6
115.4,13,out2,35234,-2843
115.4038,13,out2,35184,-2707.6
115.4073,13,out2,35134,-2837.8
115.4114,13,out2,35084,-2465.2
115.4156,13,out2,35034,-2016
115.4191,13,out2,34984,-2061.8
115.4229,13,out2,34934,-2012.2
115.4272,13,out2,34884,-2091.6
115.4319,13,out2,34834,-2037.8
115.4362,13,out2,34784,-1845.2
115.4403,13,out2,34734,-2514
115.4445,13,out2,34684,-2505.2
115.4491,13,out2,34634,-2623.2
115.4534,13,out2,34584,-2020
115.4577,13,out2,34534,-1998
115.4616,13,out2,34484,-2195.4
115.4657,13,out2,34434,-3328
115.47,13,out2,34384,-2103.2
115.4741,13,out2,34334,-2721.2
115.4781,13,out2,34284,-2297
115.4821,13,out2,34234,-1700.4
115.4863,13,out2,34184,-1320.8
115.4908,13,out2,34134,-476.2
115.4953,13,out2,34084,-354.8
115.4997,13,out2,34034,-303.2
115.5042,13,out2,33984,-211.4
115.5079,13,out2,33934,-152
115.5122,13,out2,33884,-179.6
115.5165,13,out2,33834,-22.4
115.521,14,in,33834,-52
115.5255,14,in,33838,-28.6
115.5298,14,in,33842,-38
115.5339,14,in,33846,-2.8
115.5383,14,in,33850,-27
115.5431,14,in,33854,-11.2
115.5477,14,in,33858,-12
115.5521,14,in,33862,-15.4
115.5567,14,in,33866,-47.6
115.5609,14,in,33870,-21
115.5652,14,in,33874,-27.4
115.5698,14,in,33878,-57.2
115.5745,14,in,33882,-50
115.579,14,in,33886,-63.2
115.583,14,in,33890,-25.4
115.5871,14,in,33894,-29.4
115.5921,14,in,33898,-78.2
115.5963,14,in,33902,-16.2
115.6008,14,in,33906,-46
115.6049,14,in,33910,-40.6
115.6099,14,in,33914,-56.8
115.6145,14,in,33918,-76.4
115.6187,14,in,33922,-106.2
115.6232,14,in,33926,-40.6
115.6279,14,in,33930,-54.4
115.6323,14,in,33934,-51.6
115.6365,14,in,33938,-50.2
115.6407,14,in,33942,-34.6
115.6451,14,in,33946,-68.2
115.6494,14,in,33950,1.8
115.6541,14,in,33954,7.6
115.6586,14,in,33958,-63.8
115.6632,14,in,33962,-62
115.6675,14,in,33966,-2.8
115.6716,14,in,33970,-39.8
115.676,14,in,33974,-72
115.6802,14,in,33978,-130
115.6844,14,in,33982,-80.6
115.6888,14,in,33986,1.2
115.6931,14,in,33990,-34
115.6973,14,in,33994,-18.8
115.7012,14,in,33998,-63.2
115.705,14,in,34002,-36.8
115.7088,14,in,34006,-53.6
115.7132,14,in,34010,-42.2
115.7171,14,in,34014,-61.2
115.7208,14,in,34018,-19.8
115.7247,14,in,34022,-53.8
115.7287,14,in,34026,-32.8
115.7334,14,in,34030,-53.2
115.7374,14,in,34034,10.4
115.7417,14,in,34038,-63
115.7458,14,in,34042,-68.4
115.7501,14,in,34046,-24
115.7541,14,in,34050,-14
115.7578,14,in,34054,-56.2
115.7618,14,in,34058,-91.6
115.7665,14,in,34062,-40.6
115.7709,14,in,34066,-47.6
115.7755,14,in,34070,-68.6
115.7801,14,in,34074,-75
115.7852,14,in,34078,-19
115.79,14,in,34082,-22.6
115.7948,14,in,34086,-58.4
115.7995,14,in,34090,-31
115.804,14,in,34094,-63.2
115.8083,14,in,34098,-19.4
115.8121,14,in,34102,-62
115.8163,14,in,34106,-13.2
115.8205,14,in,34110,-23.4
115.825,14,in,34114,-101
115.8289,14,in,34118,-28.6
115.8331,14,in,34122,-63.4
115.8373,14,in,34126,-4.6
115.8427,14,in,34130,-40.8
115.8469,14,in,34134,-56.4
115.8514,14,in,34138,-52.6
115.8553,14,in,34142,2.6
115.8604,14,in,34146,-67
115.8653,14,in,34150,-26
115.8705,14,in,34154,-34.8
115.8752,14,in,34158,-56.4
115.88,14,in,34162,-54.4
115.8849,14,in,34166,-60.6
115.8893,14,in,34170,-77.4
115.8948,14,in,34174,-30.8
115.8996,14,in,34178,-22
115.9047,14,in,34182,-17.6
115.9095,14,in,34186,-53.8
115.9152,14,in,34190,-24.2
115.9202,14,in,34194,-53
115.925,14,in,34198,-34.4
115.9298,14,in,34202,-28.6
115.9345,14,in,34206,-53.4
115.9392,14,in,34210,-40.4
115.9441,14,in,34214,-56.8
115.9492,14,in,34218,-43.4
115.9536,14,in,34222,-49.4
115.9591,14,in,34226,-68
115.964,14,in,34230,-72.2
115.9684,14,in,34234,-37.4
115.9733,14,in,34238,-42
115.9782,14,in,34242,-50.2
115.9831,14,in,34246,-26
115.9875,14,in,34250,-48.2
115.9924,14,in,34254,-53.2
115.9971,14,in,34258,-55.4
116.0018,14,in,34262,-64.6
116.0065,14,in,34266,-25.6
116.0114,14,in,34270,-60.4
116.0165,14,in,34274,-37.2
116.022,14,in,34278,-11.4
116.0272,14,in,34282,-41.6
116.032,14,in,34286,-9.6
116.0365,14,in,34290,-66
116.0413,14,in,34294,-57.2
116.0457,14,in,34298,-105.4
116.0504,14,in,34302,-43.4
116.0558,14,in,34306,-58.4
116.0608,14,in,34310,-42.6
116.0656,14,in,34314,-52
116.0701,14,in,34318,-56.2
116.0746,14,in,34322,-26
116.0788,14,in,34326,-7.4
116.0835,14,in,34330,-52.8
116.0879,14,in,34334,-41.4
116.0926,14,in,34338,-61.6
116.0968,14,in,34342,-85.8
116.1007,14,in,34346,-58.6
116.1047,14,in,34350,-66.8
116.1094,14,in,34354,-50.8
116.1136,14,in,34358,-78.4
116.1179,14,in,34362,9.6
116.1224,14,in,34366,-42.2
116.1272,14,in,34370,-96.4
116.1314,14,in,34374,-29.4
116.1355,14,in,34378,-35.6
116.1397,14,in,34382,-43
116.144,14,in,34386,-36
116.1487,14,in,34390,-11.6
116.1531,14,in,34394,-97
116.1578,14,in,34398,-87.4
116.1624,14,in,34402,-89.2
116.1668,14,in,34406,-78.6
116.1709,14,in,34410,-30.2
116.1749,14,in,34414,-66
116.1797,14,in,34418,-87.6
116.1842,14,in,34422,-21.4
116.1885,14,in,34426,-57
116.1922,14,in,34430,-78.8
116.1967,14,in,34434,-86.4
116.201,14,in,34438,-53
116.2052,14,in,34442,-74.8
116.2091,14,in,34446,-88.8
116.2131,14,in,34450,-77.8
116.2178,14,in,34454,-99.4
116.2218,14,in,34458,-47.8
116.2262,14,in,34462,-100.8
116.23,14,in,34466,-62.8
116.2347,14,in,34470,-68
116.2385,14,in,34474,-55
116.2427,14,in,34478,-115.8
116.2472,14,in,34482,-20.4
116.2527,14,in,34486,-43.8
116.2576,14,in,34490,-50
116.2613,14,in,34494,-55.6
116.2655,14,in,34498,-87.4
116.2703,14,in,34502,-40.6
116.2748,14,in,34506,-72.8
116.2791,14,in,34510,-86
116.2834,14,in,34514,-61
116.288,14,in,34518,-94.2
116.292,14,in,34522,-84.4
116.2963,14,in,34526,-104
116.3002,14,in,34530,-44.2
116.3051,14,in,34534,-65.6
116.3095,14,in,34538,-31.2
116.3137,14,in,34542,-97.6
116.318,14,in,34546,-112.4
116.3229,14,in,34550,-44.2
116.3269,14,in,34554,-64.4
116.3311,14,in,34558,-36.2
116.3356,14,in,34562,-44.6
116.34,14,in,34566,-95.2
116.3445,14,in,34570,-87.4
116.3486,14,in,34574,-74.8
116.3533,14,in,34578,-90.4
116.3578,14,in,34582,-103.8
116.3621,14,in,34586,-47.6
116.3663,14,in,34590,-118
116.3705,14,in,34594,-87
116.3747,14,in,34598,-108
116.3788,14,in,34602,-48.6
116.3832,14,in,34606,-72.4
116.3876,14,in,34610,-97.2
116.3918,14,in,34614,-116.8
116.3958,14,in,34618,-86
116.4001,14,in,34622,-61.6
116.4044,14,in,34626,-95.6
116.4084,14,in,34630,-126.8
116.4125,14,in,34634,-73.8
116.4169,14,in,34638,-20
116.4208,14,in,34642,-74
116.4246,14,in,34646,-90.6
116.43,14,in,34650,-123
116.4339,14,in,34654,-53
116.4382,14,in,34658,-90.2
116.4423,14,in,34662,-48.6
116.4481,14,in,34666,-118.4
116.4525,14,in,34670,-58.8
116.4567,14,in,34674,-112.6
116.4616,14,in,34678,-70.2
116.4659,14,in,34682,-116.2
116.4697,14,in,34686,-86.2
116.474,14,in,34690,-69.2
116.4783,14,in,34694,-124.4
116.483,14,in,34698,-67
116.4874,14,in,34702,-45.2
116.4917,14,in,34706,-88.2
116.4959,14,in,34710,-112
116.5008,14,in,34714,-92.8
116.505,14,in,34718,-26.4
116.5096,14,in,34722,-43.4
116.514,14,in,34726,-64.4
116.519,14,in,34730,-105.4
116.5232,14,in,34734,-82
116.5272,14,in,34738,-102.4
116.5313,14,in,34742,-67.6
116.5359,14,in,34746,-135.8
116.5404,14,in,34750,-90.4
116.5449,14,in,34754,-100.8
116.5501,14,in,34758,-83.4
116.555,14,in,34762,-39.6
116.5601,14,in,34766,-101.6
116.5647,14,in,34770,-108
116.5694,14,in,34774,-101.2
116.5744,14,in,34778,-59.4
116.5796,14,in,34782,-116.8
116.5847,14,in,34786,-79.6
116.5892,14,in,34790,-89.6
116.5935,14,in,34794,-84.8
116.5989,14,in,34798,-98.2
116.6036,14,in,34802,-84.4
116.6087,14,in,34806,-114
116.6134,14,in,34810,-81.4
116.6179,14,in,34814,-100.8
116.6222,14,in,34818,-76.6
116.6268,14,in,34822,-135.2
116.6313,14,in,34826,-69.2
116.6364,14,in,34830,-82
116.6412,14,in,34834,-62
116.6456,14,in,34838,-111.8
116.6495,14,in,34842,-91.4
116.6535,14,in,34846,-51.6
116.6577,14,in,34850,-84
116.6625,14,in,34854,-74.8
116.6662,14,in,34858,-105.2
116.6702,14,in,34862,-30.8
116.6742,14,in,34866,-113
116.6795,14,in,34870,-111
116.6843,14,in,34874,-88.8
116.6889,14,in,34878,-41.8
116.6935,14,in,34882,-172.8
116.6982,14,in,34886,-167.6
116.7025,14,in,34890,-150.8
116.707,14,in,34894,-198.6
116.7119,14,in,34898,-155.4
116.7169,14,in,34902,-160.8
116.7224,14,in,34906,-170.8
116.7272,14,in,34910,-162.2
116.7325,14,in,34914,-172.4
116.7371,14,in,34918,-142.6
116.7419,14,in,34922,-126
116.7469,14,in,34926,-167.4
116.7518,14,in,34930,-137
116.7563,14,in,34934,-112
116.7606,14,in,34938,-138.2
116.7647,14,in,34942,-123.8
116.769,14,in,34946,-153.6
116.7729,14,in,34950,-102.2
116.7768,14,in,34954,-102.6
116.7804,14,in,34958,-162.6
116.7843,14,in,34962,-161.4
116.788,14,in,34966,-153.6
116.792,14,in,34970,-117.2
116.7958,14,in,34974,-193.4
116.7998,14,in,34978,-130.6
116.805,14,in,34982,-162.4
116.8105,14,in,34986,-172.2
116.8157,14,in,34990,-190
116.8205,14,in,34994,-162.4
116.8251,14,in,34998,-177.6
116.8297,14,in,35002,-180.8
116.8339,14,in,35006,-172.6
116.8379,14,in,35010,-129.6
116.8422,14,in,35014,-150.2
116.8466,14,in,35018,-167.2
116.8507,14,in,35022,-160.6
116.855,14,in,35026,-149.2
116.8592,14,in,35030,-105.6
116.8634,14,in,35034,-141.6
116.8683,14,in,35038,-115.4
116.8723,14,in,35042,-80.2
116.8769,14,in,35046,-117.2
116.881,14,in,35050,-99.4
116.8852,14,in,35054,-140
116.8897,14,in,35058,-150.8
116.8946,14,in,35062,-145
116.8992,14,in,35066,-101.6
116.9031,14,in,35070,-86.8
116.9073,14,in,35074,-95.4
116.9128,14,in,35078,-160.2
116.9171,14,in,35082,-163.6
116.9215,14,in,35086,-145.8
116.9254,14,in,35090,-188.2
116.9306,14,in,35094,-159.8
116.9352,14,in,35098,-126.6
116.9397,14,in,35102,-90.4
116.9446,14,in,35106,-138
116.9492,14,in,35110,-127.6
116.9535,14,in,35114,-136.8
116.9578,14,in,35118,-103.6
116.9617,14,in,35122,-85.4
116.9658,14,in,35126,-141.2
116.9702,14,in,35130,-108
116.9741,14,in,35134,-94.8
116.9781,14,in,35138,-122.2
116.9832,14,in,35142,-96.2
116.9877,14,in,35146,-125.2
116.9928,14,in,35150,-147.2
116.9971,14,in,35154,-124.8
117.0016,14,in,35158,-120.6
117.0055,14,in,35162,-112.4
117.0096,14,in,35166,-128.6
117.0135,14,in,35170,-145.2
117.0186,14,in,35174,-127
117.0228,14,in,35178,-151.2
117.0271,14,in,35182,-129.2
117.032,14,in,35186,-124.4
117.0368,14,in,35190,-139.6
117.0411,14,in,35194,-127.2
117.0449,14,in,35198,-143.2
117.0493,14,in,35202,-83.2
117.0542,14,in,35206,-128
117.0583,14,in,35210,-152.8
117.0623,14,in,35214,-98.6
117.0666,14,in,35218,-118.6
117.0718,14,in,35222,-89.8
117.076,14,in,35226,-182.8
117.0804,14,in,35230,-132.8
117.085,14,in,35234,-124
117.0902,14,in,35238,-123.4
117.0944,14,in,35242,-178.2
117.0985,14,in,35246,-141
117.103,14,in,35250,-142.2
117.108,14,in,35254,-141
117.1124,14,in,35258,-95.6
117.1169,14,in,35262,-147.8
117.1215,14,in,35266,-123.2
117.1261,14,in,35270,-174.6
117.1304,14,in,35274,-160
117.1351,14,in,35278,-108.2
117.14,14,in,35282,-90.8
117.1441,14,in,35286,-108.6
117.1484,14,in,35290,-161.6
117.1529,14,in,35294,-134.6
117.157,14,in,35298,-88.6
117.1621,14,in,35302,-126.2
117.1663,14,in,35306,-126.2
117.1698,14,in,35310,-124.4
117.1748,14,in,35314,-125.6
117.1796,14,in,35318,-167.2
117.1847,14,in,35322,-99.6
117.1892,14,in,35326,-90.6
117.1944,14,in,35330,-110.4
117.1991,14,in,35334,-108.4
117.2036,14,in,35338,-140.2
117.2075,14,in,35342,-136.2
117.2112,14,in,35346,-156
117.2159,14,in,35350,-114.8
117.22,14,in,35354,-140.4
117.2243,14,in,35358,-107.6
117.2286,14,in,35362,-128.2
117.2331,14,in,35366,-109
117.2377,14,in,35370,-173
117.2421,14,in,35374,-78.4
117.2464,14,in,35378,-183
117.2508,14,in,35382,-121.2
117.2551,14,in,35386,-118.6
117.2598,14,in,35390,-137.2
117.2641,14,in,35394,-139.4
117.2686,14,in,35398,-135.8
117.2731,14,in,35402,-121.6
117.2779,14,in,35406,-155
117.2827,14,in,35410,-142.4
117.2868,14,in,35414,-91.2
117.2911,14,in,35418,-105.2
117.2954,14,in,35422,-170
117.3002,14,in,35426,-118.8
117.3043,14,in,35430,-153.6
117.3087,14,in,35434,-176.4
117.3135,14,in,35438,-122.8
117.3186,14,in,35442,-131.8
117.3227,14,in,35446,-144.8
117.3262,14,in,35450,-149.6
117.3301,14,in,35454,-160.6
117.3339,14,in,35458,-150.2
117.3384,14,in,35462,-183.6
117.3424,14,in,35466,-196
117.3461,14,in,35470,-206.4
117.35,14,in,35474,-166.6
117.354,14,in,35478,-163
117.3584,14,in,35482,-232.2
117.3627,14,in,35486,-232
117.3672,14,in,35490,-232.4
117.3716,14,in,35494,-242.6
117.376,14,in,35498,-211.4
117.3799,14,in,35502,-242.4
117.3842,14,in,35506,-161.8
117.3882,14,in,35510,-241
117.3919,14,in,35514,-261.6
117.3965,14,in,35518,-223.2
117.4012,14,in,35522,-184.8
117.4057,14,in,35526,-145.2
117.4097,14,in,35530,-88.2
117.4137,14,in,35534,-129.6
117.4178,14,in,35538,-113
117.422,14,in,35542,-159
117.4261,14,in,35546,-163.4
117.4303,14,in,35550,-214.4
117.434,14,in,35554,-187.4
117.4382,14,in,35558,-151.6
117.4424,14,in,35562,-159.2
117.4465,14,in,35566,-178.2
117.4503,14,in,35570,-172.4
117.4542,14,in,35574,-177.2
117.4586,14,in,35578,-205
117.4629,14,in,35582,-170.8
117.4668,14,in,35586,-184.8
117.4709,14,in,35590,-176.2
117.4746,14,in,35594,-182
117.4786,14,in,35598,-191.6
117.4831,14,in,35602,-173.6
117.4876,14,in,35606,-202
117.4917,14,in,35610,-207.4
117.4959,14,in,35614,-189
117.4998,14,in,35618,-159.4
117.5037,14,in,35622,-197.8
117.5075,14,in,35626,-166.4
117.5116,14,in,35630,-198
117.5163,14,in,35634,-150
117.5206,14,in,35638,-114.8
117.5251,14,in,35642,-54.2
117.5293,14,in,35646,-127
117.5332,14,in,35650,-109.8
117.5373,14,in,35654,-133.8
117.5412,14,in,35658,-107.2
117.5451,14,in,35662,-71.4
117.5492,14,in,35666,-94.6
117.553,14,in,35670,-115.4
117.5569,14,in,35674,-115
117.5604,14,in,35678,-103.8
117.5646,14,in,35682,-132.4
117.5695,14,in,35686,-74.6
117.5741,14,in,35690,-99.4
117.5788,14,in,35694,-93
117.5835,14,in,35698,-99
117.5879,14,in,35702,-94.8
117.5931,14,in,35706,-113.2
117.598,14,in,35710,-108
117.6027,14,in,35714,-65
117.6076,14,in,35718,-106.2
117.6125,14,in,35722,-110.2
117.6173,14,in,35726,-59.6
117.6218,14,in,35730,-62
117.6262,14,in,35734,-86.8
117.6308,14,in,35738,-91
117.6356,14,in,35742,-109.4
117.6405,14,in,35746,-103.6
117.6451,14,in,35750,-112.8
117.6495,14,in,35754,-67
117.6541,14,in,35758,-59
117.6591,14,in,35762,-81.8
117.6636,14,in,35766,-101.6
117.6678,14,in,35770,-80.8
117.6722,14,in,35774,-34.8
117.6764,14,in,35778,-89.2
117.6813,14,in,35782,-107
117.6858,14,in,35786,-69
117.6904,14,in,35790,-80.2
117.6951,14,in,35794,-90.4
117.699,14,in,35798,-84.8
117.703,14,in,35802,-85.2
117.7067,14,in,35806,-114.4
117.711,14,in,35810,-70
117.7154,14,in,35814,-105.8
117.7193,14,in,35818,-91.8
117.7231,14,in,35822,-102.6
117.727,14,in,35826,-90.4
117.731,14,in,35830,-143.6
117.7349,14,in,35834,-111.8
117.739,14,in,35838,-63.2
117.7428,14,in,35842,-127.6
117.747,14,in,35846,-126.6
117.7511,14,in,35850,-51.6
117.755,14,in,35854,-121.6
117.7593,14,in,35858,-77.6
117.7636,14,in,35862,-924.2
117.7685,14,in,35866,-470.6
117.773,14,in,35870,-133
117.7767,14,in,35874,-155
117.7806,14,in,35878,-96
117.7851,14,in,35882,-154.2
117.7891,14,in,35886,-106.4
117.7932,14,in,35890,-102.6
117.798,14,in,35894,-106.4
117.8026,14,in,35898,-99.4
117.8071,14,in,35902,-93
117.8118,14,in,35906,-118.2
117.8159,14,in,35910,-124.2
117.8207,14,in,35914,-119
117.8249,14,in,35918,-104.6
117.8294,14,in,35922,-142.4
117.8335,14,in,35926,-79.2
117.8374,14,in,35930,-135
117.8411,14,in,35934,-114.4
117.8454,14,in,35938,-133
117.8492,14,in,35942,-78.6
117.8534,14,in,35946,-96.6
117.8578,14,in,35950,-137.8
117.8618,14,in,35954,-113
117.8657,14,in,35958,-126.4
117.8698,14,in,35962,-88.6
117.8737,14,in,35966,-177
117.8778,14,in,35970,-118
117.8818,14,in,35974,-126.4
117.8857,14,in,35978,-131.8
117.8895,14,in,35982,-76.2
117.8934,14,in,35986,-161.6
117.8973,14,in,35990,-287
117.9011,14,in,35994,-236
117.9051,14,in,35998,-246.8
117.9089,14,in,36002,-250.8
117.9128,14,in,36006,-294.6
117.9167,14,in,36010,-258.6
117.9205,14,in,36014,-201.2
117.9243,14,in,36018,-255.2
117.9281,14,in,36022,-210.2
117.932,14,in,36026,-294.8
117.9357,14,in,36030,-220.2
117.9396,14,in,36034,-243.2
117.9434,14,in,36038,-233
117.9473,14,in,36042,-289.2
117.9509,14,in,36046,-246.4
117.9545,14,in,36050,-212.2
117.9589,14,in,36054,-260.4
117.9632,14,in,36058,-283
117.967,14,in,36062,-229.4
117.971,14,in,36066,-245.6
117.9752,14,in,36070,-323.8
117.9794,14,in,36074,-324
117.9835,14,in,36078,-300.2
117.987,14,in,36082,-280.8
117.9904,14,in,36086,-299.4
117.9939,14,in,36090,-302
117.9979,14,in,36094,-245.6
118.0015,14,in,36098,-203.4
118.0051,14,in,36102,-200
118.0095,14,in,36106,-187
118.0132,14,in,36110,-249.6
118.0174,14,in,36114,-218.8
118.0209,14,in,36118,-217
118.0244,14,in,36122,-221.2
118.0284,14,in,36126,-256.6
118.0329,14,in,36130,-200
118.0369,14,in,36134,-257.8
118.0408,14,in,36138,-110
118.0447,14,in,36142,-103.4
118.0482,14,in,36146,-158.2
118.052,14,in,36150,-147
118.0559,14,in,36154,-101
118.0597,14,in,36158,-136.2
118.0634,14,in,36162,-159
118.0676,14,in,36166,-100
118.0713,14,in,36170,-92
118.0756,14,in,36174,-179.8
118.0794,14,in,36178,-132.2
118.0833,14,in,36182,-146.4
118.0876,14,in,36186,-105.2
118.0915,14,in,36190,-161.4
118.0954,14,in,36194,-137.8
118.0989,14,in,36198,-149.8
118.1023,14,in,36202,-117
118.1066,14,in,36206,-122.8
118.1104,14,in,36210,-169.2
118.1145,14,in,36214,-181.6
118.1184,14,in,36218,-111.2
118.1223,14,in,36222,-150.4
118.1258,14,in,36226,-219
118.1299,14,in,36230,-208.6
118.1334,14,in,36234,-182.8
118.1376,14,in,36238,-183.4
118.1414,14,in,36242,-139.8
118.1454,14,in,36246,-146.2
118.1494,14,in,36250,-152.4
118.1531,14,in,36254,-172.6
118.1571,14,in,36258,-202.6
118.1606,14,in,36262,-219
118.1643,14,in,36266,-270.4
118.1681,14,in,36270,-240
118.1716,14,in,36274,-285.8
118.1755,14,in,36278,-306.4
118.1796,14,in,36282,-331.8
118.1836,14,in,36286,-249.6
118.1874,14,in,36290,-285.8
118.1916,14,in,36294,-282.4
118.1958,14,in,36298,-332
118.1999,14,in,36302,-241.8
118.2036,14,in,36306,-342.2
118.2075,14,in,36310,-376
118.2113,14,in,36314,-379.8
118.2152,14,in,36318,-342
118.2189,14,in,36322,-349
118.2228,14,in,36326,-335
118.2266,14,in,36330,-355.8
118.2305,14,in,36334,-399.8
118.2349,14,in,36338,-373.6
118.2391,14,in,36342,-377.2
118.2431,14,in,36346,-402.6
118.2479,14,in,36350,-437.2
118.2521,14,in,36354,-464.8
118.2561,14,in,36358,-398.8
118.2603,14,in,36362,-362.4
118.2658,14,in,36366,-394
118.2699,14,in,36370,-433.8
118.2737,14,in,36374,-399.2
118.278,14,in,36378,-366.8
118.2831,14,in,36382,-370
118.2878,14,in,36386,-442
118.2927,14,in,36390,-437.4
118.2981,14,in,36394,-434.8
118.3033,14,in,36398,-434.4
118.3087,14,in,36402,-471.8
118.3138,14,in,36406,-493.6
118.3189,14,in,36410,-478.8
118.3229,14,in,36414,-456.4
118.3273,14,in,36418,-389.4
118.3328,14,in,36422,-414.6
118.3378,14,in,36426,-426.4
118.3423,14,in,36430,-433.2
118.3476,14,in,36434,-465.2
118.3525,14,in,36438,-403.4
118.3569,14,in,36442,-1388.8
118.3609,14,out,36438,-1407.4
118.3647,14,out,36434,-1476.6
118.369,14,out,36430,-1417.8
118.3729,14,out,36426,-1434.6
118.3767,14,out,36422,-1475
118.3804,14,out,36418,-1614.8
118.3845,14,out,36414,-1521.4
118.3885,14,out,36410,-1480.6
118.3921,14,out,36406,-1539.8
118.3965,14,out,36402,-1516.2
118.4007,14,out,36398,-1495.6
118.4052,14,out,36394,-1606.6
118.4092,14,out,36390,-834.2
118.4137,14,out,36386,-694.2
118.4183,14,out,36382,-627.4
118.4233,14,out,36378,-717
118.428,14,out,36374,-835.2
118.4323,14,out,36370,-829.2
118.4362,14,out,36366,-855.2
118.4407,14,out,36362,-784.4
118.4455,14,out,36358,-933.6
118.4502,14,out,36354,-850.6
118.4557,14,out,36350,-628.2
118.4606,14,out,36346,-676.2
118.4652,14,out,36342,-763.8
118.4696,14,out,36338,-811
118.475,14,out,36334,-765.4
118.4795,14,out,36330,-643
118.4838,14,out,36326,-593.8
118.4886,14,out,36322,-682.8
118.4937,14,out,36318,-662
118.498,14,out,36314,-651.6
118.5026,14,out,36310,-608.4
118.507,14,out,36306,-589.4
118.5119,14,out,36302,-704.4
118.5168,14,out,36298,-681.6
118.5214,14,out,36294,-658.2
118.5273,14,out,36290,-721
118.532,14,out,36286,-668.8
118.5371,14,out,36282,-771
118.5416,14,out,36278,-726.4
118.5459,14,out,36274,-793.2
118.5501,14,out,36270,-690.6
118.5544,14,out,36266,-649
118.5592,14,out,36262,-664.4
118.564,14,out,36258,-707.2
118.5688,14,out,36254,-729.6
118.5734,14,out,36250,-735
118.5775,14,out,36246,-710.6
118.5823,14,out,36242,-707.8
118.5869,14,out,36238,-683
118.5914,14,out,36234,-697.2
118.5959,14,out,36230,-681.8
118.6006,14,out,36226,-658.4
118.6049,14,out,36222,-648.6
118.6101,14,out,36218,-648
118.6145,14,out,36214,-667
118.6188,14,out,36210,-687.4
118.6229,14,out,36206,-618.6
118.6276,14,out,36202,-557
118.6323,14,out,36198,-548.6
118.6375,14,out,36194,-548.4
118.6418,14,out,36190,-575.6
118.6466,14,out,36186,-548.2
118.651,14,out,36182,-544
118.6554,14,out,36178,-523.4
118.6597,14,out,36174,-518.4
118.6646,14,out,36170,-528.4
118.6695,14,out,36166,-578.2
118.674,14,out,36162,-625.2
118.6788,14,out,36158,-588.2
118.6834,14,out,36154,-563.4
118.6879,14,out,36150,-529.2
118.6919,14,out,36146,-525.8
118.6957,14,out,36142,-601.6
118.6998,14,out,36138,-606.6
118.7036,14,out,36134,-570.4
118.7075,14,out,36130,-517.6
118.7113,14,out,36126,-648.6
118.7153,14,out,36122,-521.8
118.7198,14,out,36118,-564.6
118.7242,14,out,36114,-509.8
118.7291,14,out,36110,-567.4
118.7336,14,out,36106,-560
118.7383,14,out,36102,-843.8
118.7441,14,out,36098,-750.8
118.7487,14,out,36094,-788.2
118.7529,14,out,36090,-751.8
118.7571,14,out,36086,-766
118.7612,14,out,36082,-744.2
118.765,14,out,36078,-747.6
118.769,14,out,36074,-753.4
118.7732,14,out,36070,-839.8
118.7784,14,out,36066,-862.6
118.7824,14,out,36062,-948.4
118.7867,14,out,36058,-898.4
118.7914,14,out,36054,-885.4
118.7963,14,out,36050,-876.2
118.8006,14,out,36046,-868.6
118.8046,14,out,36042,-903.8
118.8085,14,out,36038,-957
118.8125,14,out,36034,-968
118.8167,14,out,36030,-947.8
118.8209,14,out,36026,-945.4
118.8253,14,out,36022,-957.4
118.8297,14,out,36018,-989.8
118.8342,14,out,36014,-938.4
118.8392,14,out,36010,-899
118.8438,14,out,36006,-951.4
118.849,14,out,36002,-981
118.854,14,out,35998,-932
118.8586,14,out,35994,-935.6
118.8626,14,out,35990,-873.4
118.868,14,out,35986,-1056.2
118.8729,14,out,35982,-1148.8
118.877,14,out,35978,-904.8
118.8807,14,out,35974,-828.8
118.8863,14,out,35970,-1057.6
118.8903,14,out,35966,-1112.6
118.8943,14,out,35962,-1098.2
118.8988,14,out,35958,-1159
118.9035,14,out,35954,-1142
118.9084,14,out,35950,-1140.2
118.9126,14,out,35946,-1091.4
118.917,14,out,35942,-1098.4
118.9222,14,out,35938,-1164.6
118.9264,14,out,35934,-1187
118.931,14,out,35930,-1208.2
118.9358,14,out,35926,-1214.6
118.9404,14,out,35922,-1119.4
118.9447,14,out,35918,-1176
118.949,14,out,35914,-1170.6
118.9534,14,out,35910,-1156.4
118.959,14,out,35906,-1045.6
118.9634,14,out,35902,-1104.2
118.9681,14,out,35898,-1085.6
118.9725,14,out,35894,-1137.6
118.9769,14,out,35890,-1071.8
118.9817,14,out,35886,-1179
118.9857,14,out,35882,-1120.4
118.9898,14,out,35878,-1226.4
118.9949,14,out,35874,-1167.6
118.9989,14,out,35870,-1226.8
119.0033,14,out,35866,-1203
119.0079,14,out,35862,-1184.4
119.0132,14,out,35858,-1168.2
119.0172,14,out,35854,-1125.6
119.021,14,out,35850,-1156
119.0251,14,out,35846,-1120.8
119.0309,14,out,35842,-1179
119.0355,14,out2,35792,-1160.8
119.0399,14,out2,35742,-1129.8
119.044,14,out2,35692,-1220
119.0489,14,out2,35642,-1281.4
119.0539,14,out2,35592,-1179
119.0588,14,out2,35542,-1122.4
119.0644,14,out2,35492,-1273.4
119.0694,14,out2,35442,-1192.2
119.0743,14,out2,35392,-1264.8
119.0799,14,out2,35342,-1294.6
119.085,14,out2,35292,-1182.6
119.0904,14,out2,35242,-961
119.0953,14,out2,35192,-975.8
119.1013,14,out2,35142,-1212.2
119.1062,14,out2,35092,-1126
119.1109,14,out2,35042,-1388.4
119.1163,14,out2,34992,-1204.8
119.121,14,out2,34942,-1065.4
119.1261,14,out2,34892,-1162.8
119.1312,14,out2,34842,-1219.6
119.1372,14,out2,34792,-1105.6
119.142,14,out2,34742,-1146.4
119.1469,14,out2,34692,-1092.4
119.152,14,out2,34642,-1060.2
119.1566,14,out2,34592,-1108.6
119.1617,14,out2,34542,-1130.8
119.1665,14,out2,34492,-753.6
119.1722,14,out2,34442,-762.2
119.1771,14,out2,34392,-792.8
119.1821,14,out2,34342,-794.2
119.1868,14,out2,34292,-503
119.1915,14,out2,34242,-542
119.196,14,out2,34192,-473
119.2002,14,out2,34142,-364.6
119.2055,14,out2,34092,-367.2
119.2103,14,out2,34042,-537.6
119.2152,14,out2,33992,-359.6
119.2199,14,out2,33942,-193.4
119.2258,14,out2,33892,-204.2
119.2307,14,out2,33842,-149.6
119.2356,15,in,33842,-67.8
119.2405,15,in,33846,-138
119.245,15,in,33850,-153.4
119.2492,15,in,33854,-133.6
119.2535,15,in,33858,-108.4
119.2581,15,in,33862,-57.6
119.2629,15,in,33866,-103.4
119.2678,15,in,33870,-60.2
119.2728,15,in,33874,-41.4
119.2776,15,in,33878,-70.8
119.2825,15,in,33882,-58
119.2872,15,in,33886,-65.2
119.2926,15,in,33890,-10.6
119.298,15,in,33894,-105.4
119.3029,15,in,33898,-16.4
119.3081,15,in,33902,-36.8
119.3132,15,in,33906,-124.4
119.3181,15,in,33910,-112.4
119.3232,15,in,33914,-156.8
119.3281,15,in,33918,-131.6
119.3339,15,in,33922,-151.6
119.3389,15,in,33926,-116
119.3438,15,in,33930,-86.2
119.3487,15,in,33934,-50.4
119.3532,15,in,33938,-61.4
119.3584,15,in,33942,-70.4
119.363,15,in,33946,-56.6
119.3674,15,in,33950,-34.6
119.3723,15,in,33954,-15.6
119.3771,15,in,33958,-57.8
119.382,15,in,33962,-79.4
119.3867,15,in,33966,-41
119.3917,15,in,33970,-50
119.3966,15,in,33974,-36.6
119.4014,15,in,33978,-68.8
119.4066,15,in,33982,-25
119.4113,15,in,33986,-58
119.4158,15,in,33990,-60
119.4202,15,in,33994,-89.8
119.4249,15,in,33998,-31.4
119.4297,15,in,34002,-48
119.4345,15,in,34006,-75.2
119.4397,15,in,34010,-46.4
119.4444,15,in,34014,-83.4
119.4494,15,in,34018,-55.6
119.4542,15,in,34022,-28.8
119.4602,15,in,34026,-90.6
119.4652,15,in,34030,-58
119.4703,15,in,34034,-42.2
119.4752,15,in,34038,-40
119.4804,15,in,34042,-63.2
119.4852,15,in,34046,-80.6
119.4907,15,in,34050,-28.6
119.4964,15,in,34054,-59
119.5017,15,in,34058,-62
119.5067,15,in,34062,-2.6
119.5122,15,in,34066,-34.8
119.5168,15,in,34070,-52
119.522,15,in,34074,-30.8
119.5266,15,in,34078,7.6
119.532,15,in,34082,-38
119.5367,15,in,34086,-19.8
119.542,15,in,34090,-84.6
119.5467,15,in,34094,-87.6
119.5519,15,in,34098,-43.6
119.5567,15,in,34102,-77
119.5614,15,in,34106,-75.8
119.5666,15,in,34110,-71.8
119.5717,15,in,34114,-48.4
119.5765,15,in,34118,-66
119.5813,15,in,34122,-68.2
119.5865,15,in,34126,-32.2
119.591,15,in,34130,-65.8
119.5956,15,in,34134,-56.6
119.6001,15,in,34138,-70.6
119.6052,15,in,34142,-77.6
119.61,15,in,34146,-46.2
119.615,15,in,34150,-62
119.6198,15,in,34154,-10.6
119.6246,15,in,34158,-42.2
119.6288,15,in,34162,-81
119.6335,15,in,34166,-83.8
119.6377,15,in,34170,-61
119.6423,15,in,34174,-66.6
119.6467,15,in,34178,-46.2
119.6512,15,in,34182,-29.4
119.6555,15,in,34186,-40
119.6603,15,in,34190,-61.4
119.6648,15,in,34194,-33.6
119.6693,15,in,34198,-52.8
119.6738,15,in,34202,-49.4
119.6791,15,in,34206,-53.2
119.6836,15,in,34210,-33
119.6881,15,in,34214,-77.8
119.6927,15,in,34218,-43.2
119.6969,15,in,34222,-113.2
119.7011,15,in,34226,-67.4
119.7053,15,in,34230,-27.2
119.7087,15,in,34234,-74.4
119.7133,15,in,34238,-55.8
119.7171,15,in,34242,-111.4
119.7208,15,in,34246,-79.4
119.7246,15,in,34250,-93.8
119.7286,15,in,34254,-73
119.7327,15,in,34258,-73.6
119.7367,15,in,34262,-27
119.7411,15,in,34266,-67.4
119.7458,15,in,34270,-65.2
119.7504,15,in,34274,-69
119.7546,15,in,34278,-50.6
119.7585,15,in,34282,-35
119.7624,15,in,34286,-62.2
119.7661,15,in,34290,-44
119.7699,15,in,34294,-66.8
119.7735,15,in,34298,-65.6
119.7772,15,in,34302,-54
119.7815,15,in,34306,-66.8
119.7855,15,in,34310,-95.6
119.7893,15,in,34314,-41.8
119.7932,15,in,34318,-108
119.797,15,in,34322,-124.2
119.8017,15,in,34326,-25.2
119.8064,15,in,34330,-8.4
119.8107,15,in,34334,-63.8
119.8153,15,in,34338,-116.6
119.8199,15,in,34342,-57.8
119.8234,15,in,34346,-45.8
119.8272,15,in,34350,-78.4
119.8308,15,in,34354,-109.2
119.8346,15,in,34358,-78
119.8393,15,in,34362,-119.4
119.843,15,in,34366,-144
119.8468,15,in,34370,-116.4
119.8506,15,in,34374,-172.8
119.8552,15,in,34378,-126.2
119.8596,15,in,34382,-96.8
119.8637,15,in,34386,-146.6
119.8682,15,in,34390,-143.4
119.8723,15,in,34394,-98.6
119.8766,15,in,34398,-136.8
119.8806,15,in,34402,-101
119.8851,15,in,34406,-92.8
119.889,15,in,34410,-146.4
119.8942,15,in,34414,-130.6
119.8988,15,in,34418,-105.4
119.9028,15,in,34422,-101.6
119.9074,15,in,34426,-134.2
119.912,15,in,34430,-74.2
119.9162,15,in,34434,-116.6
119.9202,15,in,34438,-46.6
119.9242,15,in,34442,-48.4
119.9291,15,in,34446,-63.2
119.933,15,in,34450,-102.4
119.9376,15,in,34454,-68.2
119.9414,15,in,34458,-77.4
119.9459,15,in,34462,-62.8
119.9501,15,in,34466,-73
119.9542,15,in,34470,-46.8
119.9585,15,in,34474,-63.4
119.9636,15,in,34478,-59.8
119.968,15,in,34482,-63.2
119.9726,15,in,34486,-135
119.9768,15,in,34490,-122
119.9816,15,in,34494,-103.2
119.986,15,in,34498,-21
119.9905,15,in,34502,-98.8
119.995,15,in,34506,-75.6
119.9998,15,in,34510,-87.2
120.0044,15,in,34514,-98.4
120.0088,15,in,34518,-62.8
120.0138,15,in,34522,-129.2
120.0192,15,in,34526,-122.6
120.0233,15,in,34530,-169.2
120.0279,15,in,34534,-93.2
120.032,15,in,34538,-212.2
120.0373,15,in,34542,-83.6
120.0421,15,in,34546,-65.6
120.0459,15,in,34550,-47.4
120.0501,15,in,34554,-52.8
120.055,15,in,34558,-22.6
120.0591,15,in,34562,-71.8
120.063,15,in,34566,-82.6
120.0673,15,in,34570,-98.6
120.0717,15,in,34574,-64.8
120.0765,15,in,34578,-133.6
120.0806,15,in,34582,-101.2
120.0847,15,in,34586,-101.6
120.0887,15,in,34590,-87
120.0934,15,in,34594,-57.6
120.0973,15,in,34598,-82.6
120.1015,15,in,34602,-37.4
120.1062,15,in,34606,-34.4
120.1106,15,in,34610,-116.6
120.1149,15,in,34614,-36.8
120.1191,15,in,34618,-69.2
120.1232,15,in,34622,-44.2
120.1279,15,in,34626,-72
120.1322,15,in,34630,-70.8
120.1365,15,in,34634,-45
120.1409,15,in,34638,-100.6
120.1461,15,in,34642,-134.6
120.1503,15,in,34646,-191.2
120.155,15,in,34650,-120.8
120.1589,15,in,34654,-194.6
120.1633,15,in,34658,-95.6
120.1682,15,in,34662,-180.4
120.1729,15,in,34666,-132.4
120.177,15,in,34670,-123.4
120.1818,15,in,34674,-66
120.1861,15,in,34678,-70.8
120.1911,15,in,34682,-118.8
120.1955,15,in,34686,-32.8
120.2004,15,in,34690,-57
120.2042,15,in,34694,-95
120.2083,15,in,34698,-108
120.2123,15,in,34702,-27.2
120.2179,15,in,34706,-91.6
120.2222,15,in,34710,-108.8
120.2267,15,in,34714,-83.6
120.2311,15,in,34718,-161.2
120.2355,15,in,34722,-141.4
120.24,15,in,34726,-150.6
120.2448,15,in,34730,-165
120.2488,15,in,34734,-152.4
120.2533,15,in,34738,-68
120.2583,15,in,34742,-126
120.2629,15,in,34746,-101.6
120.2673,15,in,34750,-177.6
120.2721,15,in,34754,-99.2
120.2773,15,in,34758,-181.6
120.282,15,in,34762,-197.8
120.2861,15,in,34766,-166.2
120.2899,15,in,34770,-95.4
120.2947,15,in,34774,-193
120.2986,15,in,34778,-140.8
120.3024,15,in,34782,-123.2
120.3066,15,in,34786,-130.4
120.3105,15,in,34790,-161.6
120.3148,15,in,34794,-158.6
120.3188,15,in,34798,-140
120.3239,15,in,34802,-104
120.3279,15,in,34806,-180
120.3321,15,in,34810,-158.4
120.3366,15,in,34814,-130.6
120.3419,15,in,34818,-178.8
120.346,15,in,34822,-133.8
120.3499,15,in,34826,-199
120.3538,15,in,34830,-131.2
120.3588,15,in,34834,-160.4
120.3634,15,in,34838,-97.2
120.3678,15,in,34842,-144
120.373,15,in,34846,-155.2
120.3788,15,in,34850,-121.8
120.3827,15,in,34854,-139.2
120.3873,15,in,34858,-157.2
120.3914,15,in,34862,-94.6
120.3968,15,in,34866,-152.2
120.4011,15,in,34870,-190.2
120.4056,15,in,34874,-106
120.4101,15,in,34878,-148.8
120.4155,15,in,34882,-185.8
120.4197,15,in,34886,-118.6
120.4235,15,in,34890,-185.8
120.4275,15,in,34894,-75.6
120.432,15,in,34898,-135.2
120.4359,15,in,34902,-140.4
120.4401,15,in,34906,-112.2
120.4444,15,in,34910,-182
120.4499,15,in,34914,-167
120.454,15,in,34918,-184.2
120.4578,15,in,34922,-124
120.4622,15,in,34926,-126.8
120.4673,15,in,34930,-158
120.4716,15,in,34934,-195.8
120.4757,15,in,34938,-188.6
120.48,15,in,34942,-202.6
120.4849,15,in,34946,-185.2
120.4894,15,in,34950,-150
120.4934,15,in,34954,-125.2
120.4979,15,in,34958,-165.6
120.5031,15,in,34962,-160.6
120.5069,15,in,34966,-125.8
120.5108,15,in,34970,-141
120.5156,15,in,34974,-164.6
120.5211,15,in,34978,-154.2
120.5249,15,in,34982,-184.2
120.5293,15,in,34986,-126.6
120.5335,15,in,34990,-117.8
120.5384,15,in,34994,-164
120.5428,15,in,34998,-82.4
120.5466,15,in,35002,-142
120.5505,15,in,35006,-139.4
120.5551,15,in,35010,-150.4
120.5596,15,in,35014,-113.2
120.5637,15,in,35018,-198.6
120.5677,15,in,35022,-159.2
120.5717,15,in,35026,-117.4
120.5762,15,in,35030,-111
120.5805,15,in,35034,-171.4
120.5846,15,in,35038,-138.8
120.589,15,in,35042,-157.8
120.5945,15,in,35046,-149.6
120.5984,15,in,35050,-128.8
120.6028,15,in,35054,-175
120.6078,15,in,35058,-146.2
120.6122,15,in,35062,-161.8
120.6164,15,in,35066,-195.2
120.6207,15,in,35070,-131.8
120.6247,15,in,35074,-93.6
120.6295,15,in,35078,-162.4
120.6339,15,in,35082,-149
120.6381,15,in,35086,-136.4
120.6423,15,in,35090,-182
120.6474,15,in,35094,-155.6
120.6515,15,in,35098,-186.8
120.6557,15,in,35102,-117.2
120.6603,15,in,35106,-155.6
120.6657,15,in,35110,-127.4
120.6696,15,in,35114,-107.8
120.6736,15,in,35118,-172.6
120.6786,15,in,35122,-133.4
120.684,15,in,35126,-161.8
120.6884,15,in,35130,-148.4
120.6928,15,in,35134,-174.6
120.6973,15,in,35138,-147.2
120.7016,15,in,35142,-167.2
120.7051,15,in,35146,-129.6
120.7089,15,in,35150,-153.6
120.7125,15,in,35154,-160.6
120.7164,15,in,35158,-161
120.7204,15,in,35162,-122.2
120.7239,15,in,35166,-115
120.7275,15,in,35170,-157.4
120.7313,15,in,35174,-163.8
120.7358,15,in,35178,-186.6
120.7401,15,in,35182,-100
120.744,15,in,35186,-173.2
120.7493,15,in,35190,-105.4
120.7545,15,in,35194,-157.2
120.7589,15,in,35198,-128.4
120.7633,15,in,35202,-169.8
120.7674,15,in,35206,-159.2
120.7715,15,in,35210,-172
120.7757,15,in,35214,-156.6
120.7796,15,in,35218,-111.6
120.7836,15,in,35222,-161.8
120.7881,15,in,35226,-122
120.7925,15,in,35230,-189.2
120.7971,15,in,35234,-144.4
120.8011,15,in,35238,-171.8
120.8051,15,in,35242,-134.6
120.81,15,in,35246,-210.6
120.814,15,in,35250,-175.8
120.8181,15,in,35254,-116.8
120.8226,15,in,35258,-187
120.8264,15,in,35262,-246.6
120.8301,15,in,35266,-232.6
120.8338,15,in,35270,-198.6
120.8376,15,in,35274,-190.6
120.8417,15,in,35278,-134.6
120.8458,15,in,35282,-193.2
120.8501,15,in,35286,-168
120.8541,15,in,35290,-218.8
120.8598,15,in,35294,-259.2
120.8641,15,in,35298,-246.4
120.8687,15,in,35302,-205.8
120.8727,15,in,35306,-222
120.8767,15,in,35310,-234.8
120.8813,15,in,35314,-206.2
120.8852,15,in,35318,-159
120.8894,15,in,35322,-184.2
120.8934,15,in,35326,-146.2
120.8982,15,in,35330,-210
120.9023,15,in,35334,-183.6
120.9064,15,in,35338,-184.6
120.9103,15,in,35342,-206.8
120.9147,15,in,35346,-279.8
120.9197,15,in,35350,-209.8
120.9241,15,in,35354,-242.4
120.9282,15,in,35358,-226.4
120.9325,15,in,35362,-265
120.9368,15,in,35366,-217.4
120.9407,15,in,35370,-142.8
120.945,15,in,35374,-213.2
120.9491,15,in,35378,-247.8
120.9531,15,in,35382,-227.2
120.957,15,in,35386,-228.8
120.9613,15,in,35390,-281
120.966,15,in,35394,-254.4
120.9706,15,in,35398,-270.8
120.975,15,in,35402,-372
120.9795,15,in,35406,-304.8
120.9836,15,in,35410,-349.4
120.9881,15,in,35414,-344.6
120.9925,15,in,35418,-352.8
120.9965,15,in,35422,-363.4
121.0011,15,in,35426,-317.6
121.0056,15,in,35430,-300.4
121.0095,15,in,35434,-300.4
121.0137,15,in,35438,-278.8
121.0179,15,in,35442,-356.8
121.0227,15,in,35446,-350.6
121.0271,15,in,35450,-236
121.0313,15,in,35454,-280.4
121.0359,15,in,35458,-237.8
121.0404,15,in,35462,-226.2
121.0443,15,in,35466,-205.4
121.0482,15,in,35470,-196.8
121.0521,15,in,35474,-225.2
121.056,15,in,35478,-152.6
121.0608,15,in,35482,-192.6
121.065,15,in,35486,-252.4
121.069,15,in,35490,-216.2
121.0732,15,in,35494,-214.4
121.0792,15,in,35498,-223.4
121.0832,15,in,35502,-222.4
121.0872,15,in,35506,-165.2
121.0915,15,in,35510,-186.2
121.0964,15,in,35514,-211
121.1004,15,in,35518,-219.4
121.1047,15,in,35522,-230.4
121.1092,15,in,35526,-221
121.1143,15,in,35530,-223.6
121.1184,15,in,35534,-238.8
121.1233,15,in,35538,-222.2
121.1278,15,in,35542,-271.8
121.1323,15,in,35546,-281.8
121.1367,15,in,35550,-277
121.1404,15,in,35554,-205.8
121.1445,15,in,35558,-216.6
121.1496,15,in,35562,-248.2
121.1535,15,in,35566,-164.2
121.1575,15,in,35570,-252.6
121.1616,15,in,35574,-250
121.166,15,in,35578,-223.4
121.17,15,in,35582,-244.4
121.1738,15,in,35586,-251.8
121.1786,15,in,35590,-181.4
121.1824,15,in,35594,-287.8
121.1869,15,in,35598,-176.8
121.1907,15,in,35602,-205
121.1953,15,in,35606,-230
121.2009,15,in,35610,-228.4
121.2052,15,in,35614,-180.8
121.2091,15,in,35618,-197.2
121.2133,15,in,35622,-215
121.2178,15,in,35626,-225.6
121.2224,15,in,35630,-219.6
121.227,15,in,35634,-162.2
121.2314,15,in,35638,-178.2
121.2357,15,in,35642,-188.8
121.24,15,in,35646,-178.2
121.2442,15,in,35650,-193.8
121.2483,15,in,35654,-243.8
121.2526,15,in,35658,-179.8
121.2568,15,in,35662,-169.4
121.2609,15,in,35666,-175.6
121.2653,15,in,35670,-188.6
121.2694,15,in,35674,-165.4
121.2739,15,in,35678,-130.4
121.2776,15,in,35682,-139.8
121.2815,15,in,35686,-178.8
121.2849,15,in,35690,-155
121.2885,15,in,35694,-125.6
121.2924,15,in,35698,-146.4
121.2962,15,in,35702,-127.8
121.3,15,in,35706,-91.8
121.3038,15,in,35710,-95.6
121.3091,15,in,35714,-119
121.3131,15,in,35718,-173.8
121.3169,15,in,35722,-166
121.3211,15,in,35726,-177
121.3256,15,in,35730,-133.6
121.3298,15,in,35734,-99.8
121.3336,15,in,35738,-145
121.3375,15,in,35742,-175.4
121.3426,15,in,35746,-145.8
121.3465,15,in,35750,-163.2
121.3503,15,in,35754,-173.4
121.3544,15,in,35758,-152.8
121.3585,15,in,35762,-202.2
121.3638,15,in,35766,-142
121.3682,15,in,35770,-114.2
121.3723,15,in,35774,-122.4
121.3767,15,in,35778,-210.8
121.3814,15,in,35782,-218
121.3859,15,in,35786,-153.2
121.39,15,in,35790,-153.8
121.3942,15,in,35794,-153
121.3993,15,in,35798,-186.8
121.4031,15,in,35802,-144.8
121.4071,15,in,35806,-204.4
121.4117,15,in,35810,-183.4
121.4172,15,in,35814,-180.2
121.4211,15,in,35818,-164
121.4249,15,in,35822,-181.6
121.4294,15,in,35826,-230.4
121.4341,15,in,35830,-174.8
121.438,15,in,35834,-225.8
121.4418,15,in,35838,-144.4
121.4462,15,in,35842,-150
121.4507,15,in,35846,-161.8
121.4551,15,in,35850,-109.8
121.459,15,in,35854,-192.8
121.4629,15,in,35858,-164.4
121.4672,15,in,35862,-187.6
121.4719,15,in,35866,-126.8
121.4758,15,in,35870,-201.4
121.4803,15,in,35874,-155
121.4845,15,in,35878,-200.4
121.4885,15,in,35882,-204.4
121.4923,15,in,35886,-160.6
121.4967,15,in,35890,-171
121.5011,15,in,35894,-168.8
121.5056,15,in,35898,-168.6
121.5094,15,in,35902,-149.2
121.5139,15,in,35906,-249.4
121.5184,15,in,35910,-132.6
121.5229,15,in,35914,-163.2
121.5274,15,in,35918,-160.2
121.5317,15,in,35922,-187.2
121.5358,15,in,35926,-109.8
121.5405,15,in,35930,-168
121.5449,15,in,35934,-175.8
121.5492,15,in,35938,-201.2
121.5536,15,in,35942,-195.6
121.5585,15,in,35946,-146.4
121.5625,15,in,35950,-110.8
121.5667,15,in,35954,-208
121.5707,15,in,35958,-75
121.5762,15,in,35962,-148
121.5806,15,in,35966,-170.2
121.5849,15,in,35970,-122.4
121.5892,15,in,35974,-105.8
121.5946,15,in,35978,-175
121.5986,15,in,35982,-181.6
121.6028,15,in,35986,-103.6
121.6069,15,in,35990,-152.8
121.6117,15,in,35994,-132.2
121.6159,15,in,35998,-121.6
121.62,15,in,36002,-144.6
121.624,15,in,36006,-147
121.6294,15,in,36010,-136.6
121.6338,15,in,36014,-126.6
121.6382,15,in,36018,-143.4
121.6426,15,in,36022,-109.6
121.6472,15,in,36026,-153.8
121.6518,15,in,36030,-112.6
121.6558,15,in,36034,-135.6
121.6598,15,in,36038,-143.4
121.6645,15,in,36042,-147
121.6691,15,in,36046,-117.8
121.6736,15,in,36050,-174.2
121.6778,15,in,36054,-170.4
121.6832,15,in,36058,-159.6
121.6881,15,in,36062,-144.8
121.6925,15,in,36066,-83.8
121.697,15,in,36070,-253
121.7012,15,in,36074,-241.2
121.7053,15,in,36078,-181
121.7098,15,in,36082,-157.6
121.715,15,in,36086,-189.2
121.7199,15,in,36090,-155.2
121.7248,15,in,36094,-154.8
121.7293,15,in,36098,-253.2
121.7335,15,in,36102,-217.8
121.7375,15,in,36106,-111.4
121.7416,15,in,36110,-172
121.7465,15,in,36114,-106.2
121.7513,15,in,36118,-151.8
121.7556,15,in,36122,-167
121.7597,15,in,36126,-132.8
121.7637,15,in,36130,-203.4
121.768,15,in,36134,-123.2
121.7725,15,in,36138,-181
121.7769,15,in,36142,-165.2
121.7812,15,in,36146,-118.6
121.7866,15,in,36150,-137.6
121.7915,15,in,36154,-126
121.7963,15,in,36158,-190.2
121.8007,15,in,36162,-141.6
121.8055,15,in,36166,-108
121.8103,15,in,36170,-111
121.8144,15,in,36174,-199.2
121.8185,15,in,36178,-166.6
121.823,15,in,36182,-136.4
121.8269,15,in,36186,-152.4
121.8313,15,in,36190,-128.4
121.836,15,in,36194,-144.6
121.8407,15,in,36198,-112.6
121.8444,15,in,36202,-154
121.8482,15,in,36206,-152.6
121.852,15,in,36210,-120.6
121.856,15,in,36214,-143
121.8599,15,in,36218,-145
121.864,15,in,36222,-186.6
121.868,15,in,36226,-150.8
121.872,15,in,36230,-137.4
121.8772,15,in,36234,-102.8
121.8811,15,in,36238,-158.4
121.8854,15,in,36242,-113.2
121.8894,15,in,36246,-95.2
121.8944,15,in,36250,-132.8
121.8983,15,in,36254,-115.8
121.9028,15,in,36258,-118
121.9074,15,in,36262,-115.4
121.9132,15,in,36266,-144.8
121.9186,15,in,36270,-181.6
121.9226,15,in,36274,-170.4
121.9276,15,in,36278,-180.2
121.9328,15,in,36282,-172.6
121.9374,15,in,36286,-169.4
121.9418,15,in,36290,-134
121.9464,15,in,36294,-164.4
121.9509,15,in,36298,-147.8
121.9554,15,in,36302,-101.6
121.96,15,in,36306,-183.2
121.9654,15,in,36310,-145.6
121.9696,15,in,36314,-145.8
121.974,15,in,36318,-112.8
121.9793,15,in,36322,-161.2
121.9851,15,in,36326,-171.4
121.9899,15,in,36330,-148.6
121.9947,15,in,36334,-186.2
121.9998,15,in,36338,-181.8
122.0047,15,in,36342,-194.2
122.0093,15,in,36346,-184.6
122.0143,15,in,36350,-203.4
122.0201,15,in,36354,-233
122.0251,15,in,36358,-170.4
122.0302,15,in,36362,-263
122.0357,15,in,36366,-229.2
122.0406,15,in,36370,-186.4
122.0454,15,in,36374,-198
122.05,15,in,36378,-188.2
122.0547,15,in,36382,-173.4
122.0598,15,in,36386,-211.6
122.0636,15,in,36390,-277.8
122.0673,15,in,36394,-302.6
122.0712,15,in,36398,-192.2
122.0755,15,in,36402,-337.8
122.0794,15,in,36406,-240.4
122.0838,15,in,36410,-223.8
122.088,15,in,36414,-358.4
122.0935,15,in,36418,-215.8
122.0979,15,in,36422,-183.4
122.1026,15,in,36426,-199.6
122.1065,15,in,36430,-270.2
122.1118,15,in,36434,-267.6
122.1157,15,in,36438,-249.2
122.1204,15,in,36442,-211.8
122.1245,15,in,36446,-374.2
122.1303,15,in,36450,-270.4
122.1345,15,in,36454,-244.2
122.1387,15,in,36458,-209.4
122.1429,15,in,36462,-248.8
122.1486,15,in,36466,-379.2
122.1525,15,in,36470,-343
122.1564,15,in,36474,-182
122.1603,15,in,36478,-501.4
122.1646,15,in,36482,-478.8
122.1686,15,in,36486,-488.6
122.1727,15,in,36490,-564.2
122.1766,15,in,36494,-242.8
122.1812,15,in,36498,-227.8
122.1853,15,in,36502,-246
122.1893,15,in,36506,-192.2
122.1938,15,in,36510,-244.8
122.1989,15,in,36514,-202.8
122.2028,15,in,36518,-244.8
122.2066,15,in,36522,-166.8
122.211,15,in,36526,-307.6
122.215,15,in,36530,-346.4
122.2193,15,in,36534,-306
122.2237,15,in,36538,-757.2
122.2279,15,in,36542,-827.8
122.2324,15,in,36546,-904.2
122.2377,15,in,36550,-706
122.2415,15,in,36554,-681.6
122.2457,15,in,36558,-782.6
122.2497,15,in,36562,-859.8
122.2548,15,in,36566,-816.8
122.2592,15,in,36570,-868.2
122.2636,15,in,36574,-480
122.2677,15,in,36578,-300.2
122.2723,15,in,36582,-287.4
122.277,15,in,36586,-831.4
122.2814,15,in,36590,-612
122.2855,15,in,36594,-346
122.2897,15,in,36598,-306
122.294,15,in,36602,-329.6
122.2981,15,in,36606,-293
122.3023,15,in,36610,-262.6
122.3062,15,in,36614,-226
122.3101,15,in,36618,-284.8
122.3139,15,in,36622,-248.8
122.3178,15,in,36626,-228.8
122.3217,15,in,36630,-439.2
122.3258,15,in,36634,-251.6
122.33,15,in,36638,-297.8
122.3339,15,in,36642,-239
122.338,15,in,36646,-239.2
122.3423,15,in,36650,-225.2
122.3463,15,in,36654,-237.6
122.3501,15,in,36658,-246.6
122.3542,15,in,36662,-250.6
122.3587,15,in,36666,-269.2
122.3636,15,in,36670,-337
122.3673,15,in,36674,-230.8
122.3713,15,in,36678,-297.2
122.3757,15,in,36682,-308.8
122.38,15,in,36686,-311
122.3846,15,in,36690,-350.8
122.3887,15,in,36694,-354.2
122.3935,15,in,36698,-370
122.3976,15,in,36702,-430.4
122.4018,15,in,36706,-362.4
122.4058,15,in,36710,-367.2
122.4108,15,in,36714,-405.8
122.4147,15,in,36718,-449.4
122.4195,15,in,36722,-385.8
122.4238,15,in,36726,-368
122.428,15,in,36730,-457.8
122.4324,15,in,36734,-396.8
122.4376,15,in,36738,-448.2
122.4417,15,in,36742,-385
122.4461,15,in,36746,-389.4
122.4502,15,in,36750,-388
122.4551,15,in,36754,-385.8
122.4594,15,in,36758,-764
122.4638,15,in,36762,-483.4
122.4681,15,in,36766,-520.2
122.4731,15,in,36770,-504.2
122.477,15,in,36774,-556.4
122.4813,15,in,36778,-542.4
122.4855,15,in,36782,-532.2
122.4906,15,in,36786,-600.2
122.4944,15,in,36790,-678.8
122.499,15,in,36794,-895.2
122.503,15,in,36798,-595.4
122.5078,15,in,36802,-554.6
122.5121,15,in,36806,-581.6
122.5159,15,in,36810,-646
122.5198,15,in,36814,-514.4
122.5243,15,in,36818,-517
122.529,15,in,36822,-631.2
122.5336,15,in,36826,-623.4
122.5379,15,in,36830,-546.6
122.5429,15,in,36834,-499.6
122.547,15,in,36838,-595.6
122.5508,15,in,36842,-589.6
122.5546,15,in,36846,-614.2
122.5592,15,in,36850,-629.6
122.5634,15,in,36854,-604.6
122.5678,15,in,36858,-663.8
122.5718,15,in,36862,-670.2
122.5762,15,in,36866,-701.2
122.5804,15,in,36870,-561.8
122.5845,15,in,36874,-710
122.589,15,in,36878,-602.2
122.5933,15,in,36882,-715.8
122.598,15,in,36886,-778
122.6022,15,in,36890,-762.4
122.6068,15,in,36894,-835.2
122.6108,15,in,36898,-820.6
122.6151,15,in,36902,-877.2
122.6191,15,in,36906,-985.4
122.6235,15,in,36910,-1115.4
122.6276,15,out,36906,-1162.8
122.6319,15,out,36902,-1021.8
122.6364,15,out,36898,-1000
122.6415,15,out,36894,-1041.8
122.646,15,out,36890,-1131.2
122.6506,15,out,36886,-1251.2
122.6543,15,out,36882,-1114.6
122.6587,15,out,36878,-1071.2
122.6627,15,out,36874,-1420
122.6672,15,out,36870,-1230.6
122.6716,15,out,36866,-1248.2
122.6757,15,out,36862,-985.2
122.6796,15,out,36858,-1061.6
122.6837,15,out,36854,-1005.6
122.6884,15,out,36850,-1124.6
122.6924,15,out,36846,-1151.6
122.6966,15,out,36842,-1174.8
122.7006,15,out,36838,-1109.6
122.7047,15,out,36834,-1151.2
122.7089,15,out,36830,-1256.2
122.7127,15,out,36826,-1265.2
122.7167,15,out,36822,-1225.6
122.7214,15,out,36818,-1216.2
122.7253,15,out,36814,-1234.2
122.729,15,out,36810,-1413.2
122.733,15,out,36806,-1277.2
122.7375,15,out,36802,-1389.6
122.7418,15,out,36798,-1317.2
122.7468,15,out,36794,-1424.6
122.7519,15,out,36790,-1267.8
122.7566,15,out,36786,-1362
122.7607,15,out,36782,-1383.2
122.7646,15,out,36778,-1383
122.7679,15,out,36774,-1316.8
122.7717,15,out,36770,-1404.6
122.7755,15,out,36766,-1375.4
122.7792,15,out,36762,-1341.6
122.7828,15,out,36758,-1224.2
122.7865,15,out,36754,-1382.6
122.7908,15,out,36750,-1307
122.796,15,out,36746,-1325
122.8005,15,out,36742,-1346
122.8047,15,out,36738,-1330.4
122.8084,15,out,36734,-1263.4
122.8122,15,out,36730,-1350.6
122.8156,15,out,36726,-1282.2
122.8194,15,out,36722,-1375.8
122.8237,15,out,36718,-1326.2
122.8283,15,out,36714,-1285.2
122.8322,15,out,36710,-1255.2
122.8361,15,out,36706,-1170.6
122.8401,15,out,36702,-1316.4
122.8454,15,out,36698,-1470.2
122.8495,15,out,36694,-1575.2
122.8541,15,out,36690,-1355.6
122.8582,15,out,36686,-1264.4
122.863,15,out,36682,-1097.8
122.8677,15,out,36678,-1111.8
122.8719,15,out,36674,-1113.4
122.8759,15,out,36670,-1057.2
122.8805,15,out,36666,-1113.6
122.8852,15,out,36662,-1177
122.8896,15,out,36658,-1200.8
122.8941,15,out,36654,-1197.4
122.8993,15,out,36650,-1192.2
122.9032,15,out,36646,-1212.8
122.9072,15,out,36642,-1150.6
122.9112,15,out,36638,-1210
122.9164,15,out,36634,-1221.4
122.9206,15,out,36630,-1235.4
122.9246,15,out,36626,-1283.2
122.9291,15,out,36622,-1232
122.9335,15,out,36618,-1326.8
122.9376,15,out,36614,-1320.4
122.9414,15,out,36610,-1227.6
122.9454,15,out,36606,-1343.2
122.9496,15,out,36602,-1349.2
122.9549,15,out,36598,-1345
122.9591,15,out,36594,-1302.8
122.9635,15,out,36590,-1267.4
122.9678,15,out,36586,-1269
122.9733,15,out,36582,-1316.4
122.9773,15,out,36578,-1289.4
122.9815,15,out,36574,-1333.2
122.9856,15,out,36570,-1246.8
122.9897,15,out,36566,-1441
122.9942,15,out,36562,-1398.8
122.9981,15,out,36558,-1287.8
123.0022,15,out,36554,-1316
123.0064,15,out,36550,-1418.4
123.0112,15,out,36546,-1401.4
123.0152,15,out,36542,-1332
123.0192,15,out,36538,-1309.4
123.0239,15,out,36534,-1374.8
123.0291,15,out,36530,-1454
123.033,15,out,36526,-1488.2
123.0375,15,out,36522,-1588.8
123.0419,15,out,36518,-1549
123.0465,15,out,36514,-1508.2
123.0506,15,out,36510,-1511.6
123.0547,15,out,36506,-1567.4
123.0591,15,out,36502,-1546
123.0638,15,out,36498,-1587.4
123.0684,15,out,36494,-1516.4
123.0729,15,out,36490,-1643.2
123.0774,15,out,36486,-1642.4
123.0823,15,out,36482,-1507.6
123.0873,15,out,36478,-1477
123.0915,15,out,36474,-1524.4
123.0959,15,out,36470,-1567
123.1002,15,out,36466,-1564.8
123.1045,15,out,36462,-1422
123.1087,15,out,36458,-1589.6
123.1132,15,out,36454,-1513.6
123.1192,15,out,36450,-1654.2
123.1232,15,out,36446,-1698
123.1272,15,out,36442,-1603.8
123.1314,15,out,36438,-1551
123.136,15,out,36434,-1546.2
123.1406,15,out,36430,-1518.8
123.1456,15,out,36426,-1531
123.15,15,out,36422,-1531
123.1542,15,out,36418,-1518.2
123.1586,15,out,36414,-1484
123.163,15,out,36410,-1519.6
123.1677,15,out,36406,-1439.2
123.1723,15,out,36402,-1434
123.1769,15,out,36398,-1451.2
123.1811,15,out,36394,-1486.2
123.1858,15,out,36390,-1474.8
123.1913,15,out,36386,-1412.4
123.196,15,out,36382,-1511.8
123.2004,15,out,36378,-1523
123.2044,15,out,36374,-1472.2
123.209,15,out,36370,-1434.6
123.2137,15,out,36366,-1484.2
123.2181,15,out,36362,-1455.8
123.2226,15,out,36358,-1553.8
123.2278,15,out,36354,-1482.4
123.2322,15,out,36350,-1466.6
123.2363,15,out,36346,-1535.6
123.2403,15,out,36342,-1527
123.2451,15,out,36338,-1463
123.2493,15,out,36334,-1548.2
123.2538,15,out,36330,-1492.8
123.2586,15,out,36326,-1539
123.2634,15,out,36322,-1514.6
123.268,15,out,36318,-1488
123.272,15,out,36314,-1503.2
123.2761,15,out,36310,-1608
123.2801,15,out2,36260,-1541
123.2842,15,out2,36210,-1505.8
123.2884,15,out2,36160,-1441.6
123.2924,15,out2,36110,-32768
123.2966,15,out2,36060,-32768
123.3013,15,out2,36010,-32768
123.3055,15,out2,35960,-32768
123.3094,15,out2,35910,-32768
123.314,15,out2,35860,-32768
123.3193,15,out2,35810,-32768
123.3232,15,out2,35760,-32768
123.3274,15,out2,35710,-32768
123.3314,15,out2,35660,-32768
123.3365,15,out2,35610,-32768
123.3412,15,out2,35560,-32768
123.345,15,out2,35510,-32768
123.349,15,out2,35460,-32768
123.3539,15,out2,35410,-32768
123.3585,15,out2,35360,-32768
123.3625,15,out2,35310,-32768
123.3671,15,out2,35260,-32768
123.3721,15,out2,35210,-32768
123.3766,15,out2,35160,-32768
123.3806,15,out2,35110,-32768
123.3852,15,out2,35060,-32768
123.3902,15,out2,35010,-32768
123.3944,15,out2,34960,-32768
123.3986,15,out2,34910,-32768
123.4031,15,out2,34860,-32768
123.4077,15,out2,34810,-32768
123.4122,15,out2,34760,-32768
123.4175,15,out2,34710,-32768
123.4217,15,out2,34660,-32768
123.4267,15,out2,34610,-32768
123.4315,15,out2,34560,-32768
123.4355,15,out2,34510,-32768
123.4395,15,out2,34460,-32768
123.4445,15,out2,34410,-32768
123.4491,15,out2,34360,-32768
123.4536,15,out2,34310,-32768
123.4581,15,out2,34260,-32768
123.4634,15,out2,34210,-32768
123.4675,15,out2,34160,-32768
123.4715,15,out2,34110,-32768
123.4755,15,out2,34060,-32768
123.4799,15,out2,34010,-32768
123.4842,15,out2,33960,-32768
123.4882,15,out2,33910,-32768
123.4923,15,out2,33860,-32768
123.4969,15,out2,33810,-32768
123.5013,15,out2,33760,-32768
123.5055,15,out2,33710,-32768
123.5099,15,out2,33660,-32768
123.5138,15,out2,33610,-32768
123.5189,15,out2,33560,-32768
123.5231,15,out2,33510,-32768
123.5272,15,out2,33460,-32768
123.5314,15,out2,33410,-32768
123.5362,15,out2,33360,-32768
123.5404,15,out2,33310,-32768
123.5442,15,out2,33260,-32768
123.5484,15,out2,33210,-32768
123.5531,15,out2,33160,-32768
123.5577,15,out2,33110,-32768
123.5629,15,out2,33060,-32768
123.5668,15,out2,33010,-32768
123.5715,15,out2,32960,-32768
123.5761,15,out2,32910,-32768
123.5806,15,out2,32860,-32768
123.5847,15,out2,32810,-32768
123.5903,15,out2,32760,-32768
123.5944,15,out2,32710,-32768
123.5984,15,out2,32660,-32768
123.6028,15,out2,32610,-32768
123.6077,15,out2,32560,-32768
123.612,15,out2,32510,-32768
123.6163,15,out2,32460,-32768
123.6203,15,out2,32410,-32768
123.6252,15,out2,32360,-32768
123.6298,15,out2,32310,-32768
123.634,15,out2,32260,-17865.2
123.6386,15,out2,32210,-18903.6
123.6439,15,out2,32160,-9648
123.6487,15,out2,32110,-433.6
123.6527,15,out2,32060,-245.6
123.6568,15,out2,32010,-172.8
123.6615,15,out2,31960,-88.2
123.6662,16,in,31960,-15.2
123.6701,16,in,31964,-30.6
123.6739,16,in,31968,37.8
123.6784,16,in,31972,-36.2
123.6833,16,in,31976,-11.6
123.688,16,in,31980,-66.6
123.6924,16,in,31984,5.2
123.6965,16,in,31988,-54.2
123.7002,16,in,31992,-23
123.7039,16,in,31996,-0.6
123.7078,16,in,32000,10.8
123.7117,16,in,32004,-26
123.7167,16,in,32008,-41.4
123.7213,16,in,32012,-43.8
123.7256,16,in,32016,2.6
123.7296,16,in,32020,-30.2
123.7342,16,in,32024,-12.6
123.7383,16,in,32028,-13.6
123.7427,16,in,32032,-61.6
123.7468,16,in,32036,-56.8
123.7515,16,in,32040,20.6
123.7565,16,in,32044,4.4
123.7606,16,in,32048,-27.2
123.7651,16,in,32052,20.8
123.7692,16,in,32056,-2.4
123.7729,16,in,32060,29.2
123.7762,16,in,32064,3.8
123.78,16,in,32068,-8.6
123.7837,16,in,32072,-15.6
123.7883,16,in,32076,-40.4
123.7921,16,in,32080,-17.2
123.7962,16,in,32084,-14.4
123.8001,16,in,32088,13.6
123.8054,16,in,32092,30.6
123.81,16,in,32096,15.8
123.8142,16,in,32100,33.6
123.8186,16,in,32104,-29
123.8227,16,in,32108,-42.4
123.8263,16,in,32112,17.4
123.8301,16,in,32116,-16
123.8338,16,in,32120,17.8
123.8376,16,in,32124,-16.8
123.8417,16,in,32128,31.8
123.8456,16,in,32132,-18.8
123.8497,16,in,32136,3.6
123.8543,16,in,32140,-46.6
123.8598,16,in,32144,8.2
123.8644,16,in,32148,-1.2
123.8685,16,in,32152,-41.4
123.8725,16,in,32156,-40.8
123.8775,16,in,32160,-5.8
123.8814,16,in,32164,-26.4
123.8855,16,in,32168,-51.8
123.8905,16,in,32172,-31
123.8962,16,in,32176,-4.2
123.9001,16,in,32180,20.4
123.9041,16,in,32184,-52.6
123.9082,16,in,32188,48.4
123.9132,16,in,32192,25.2
123.9175,16,in,32196,4.8
123.9216,16,in,32200,9.8
123.9258,16,in,32204,15.2
123.9312,16,in,32208,-9.8
123.9357,16,in,32212,-66
123.9395,16,in,32216,-28.6
123.944,16,in,32220,-34.8
123.9493,16,in,32224,-9.8
123.9535,16,in,32228,-62.6
123.9574,16,in,32232,18.6
123.9618,16,in,32236,2.2
123.9668,16,in,32240,-1.8
123.9717,16,in,32244,23.6
123.976,16,in,32248,2.6
123.98,16,in,32252,4
123.9845,16,in,32256,-15.2
123.9886,16,in,32260,-18.6
123.9935,16,in,32264,-34.8
123.9983,16,in,32268,-56.8
124.0043,16,in,32272,39
124.0085,16,in,32276,-22
124.0127,16,in,32280,22.8
124.0172,16,in,32284,-40
124.0222,16,in,32288,6.8
124.0264,16,in,32292,2
124.0302,16,in,32296,-15.2
124.0342,16,in,32300,-56.6
124.04,16,in,32304,36.6
124.0443,16,in,32308,-68.2
124.0484,16,in,32312,-47.8
124.0526,16,in,32316,-27.2
124.0582,16,in,32320,-42.8
124.0627,16,in,32324,-7.2
124.0674,16,in,32328,-20
124.0719,16,in,32332,24
124.077,16,in,32336,-45.4
124.0811,16,in,32340,-4.8
124.0851,16,in,32344,-56.6
124.0892,16,in,32348,-38.2
124.0943,16,in,32352,-8.4
124.0989,16,in,32356,-17.6
124.1035,16,in,32360,-9.2
124.108,16,in,32364,-1.4
124.113,16,in,32368,-11.6
124.1176,16,in,32372,-35.8
124.122,16,in,32376,61
124.126,16,in,32380,14.2
124.1305,16,in,32384,-26.2
124.1346,16,in,32388,-10.2
124.1388,16,in,32392,19.6
124.1429,16,in,32396,24.6
124.1482,16,in,32400,-32.4
124.1527,16,in,32404,20
124.1573,16,in,32408,9.2
124.1616,16,in,32412,13.2
124.1673,16,in,32416,17.6
124.1719,16,in,32420,-14
124.1763,16,in,32424,26
124.1809,16,in,32428,-16
124.185,16,in,32432,-25
124.1887,16,in,32436,0.8
124.1931,16,in,32440,4.4
124.1979,16,in,32444,2
124.2025,16,in,32448,-34
124.2067,16,in,32452,-4.2
124.2108,16,in,32456,-39.6
124.2152,16,in,32460,-66
124.2199,16,in,32464,-51.8
124.2238,16,in,32468,-29.8
124.2279,16,in,32472,-28.2
124.2318,16,in,32476,26.6
124.2369,16,in,32480,1.6
124.2416,16,in,32484,-19
124.2458,16,in,32488,26.8
124.2499,16,in,32492,25.6
124.2544,16,in,32496,0.8
124.259,16,in,32500,-26.2
124.2632,16,in,32504,-8.8
124.2675,16,in,32508,7.8
124.2731,16,in,32512,-5.8
124.2774,16,in,32516,-26.4
124.2825,16,in,32520,-34.8
124.2864,16,in,32524,-45.4
124.2914,16,in,32528,10.4
124.2957,16,in,32532,-31.6
124.2997,16,in,32536,-57.4
124.3041,16,in,32540,-23.6
124.3087,16,in,32544,18
124.3131,16,in,32548,0.2
124.317,16,in,32552,-36.6
124.3213,16,in,32556,12
124.3258,16,in,32560,-59.6
124.3302,16,in,32564,-4.4
124.3345,16,in,32568,-8
124.3384,16,in,32572,-21
124.3426,16,in,32576,-9.4
124.347,16,in,32580,-22.4
124.3512,16,in,32584,-9
124.3551,16,in,32588,-3
124.3596,16,in,32592,-56.2
124.3647,16,in,32596,-28
124.3689,16,in,32600,1
124.3732,16,in,32604,-49.8
124.3775,16,in,32608,-31.8
124.3828,16,in,32612,-28.6
124.3869,16,in,32616,2
124.3911,16,in,32620,-44
124.3951,16,in,32624,-48.6
124.3999,16,in,32628,-35.4
124.4043,16,in,32632,35.2
124.4088,16,in,32636,1
124.4136,16,in,32640,-4.2
124.4187,16,in,32644,-23.2
124.4228,16,in,32648,8
124.4271,16,in,32652,-14.4
124.4323,16,in,32656,-72.8
124.4367,16,in,32660,-47.2
124.4406,16,in,32664,-2.2
124.445,16,in,32668,-7
124.4494,16,in,32672,-8.2
124.4551,16,in,32676,-9.2
124.4596,16,in,32680,-50.4
124.4636,16,in,32684,-28
124.4688,16,in,32688,-17.4
124.4733,16,in,32692,-34
124.4775,16,in,32696,11.6
124.4821,16,in,32700,-52.4
124.4861,16,in,32704,11.2
124.491,16,in,32708,-54.4
124.495,16,in,32712,-30.2
124.499,16,in,32716,-58.4
124.5032,16,in,32720,11.4
124.5091,16,in,32724,-30.4
124.5137,16,in,32728,-15.8
124.5177,16,in,32732,-32.8
124.5223,16,in,32736,-37
124.5275,16,in,32740,10.2
124.5315,16,in,32744,-21.6
124.5355,16,in,32748,-77
124.5399,16,in,32752,14.8
124.5453,16,in,32756,-69
124.5491,16,in,32760,-7
124.5534,16,in,32764,-17.8
124.5578,16,in,32768,-32.6
124.5634,16,in,32772,-28
124.5673,16,in,32776,-34.8
124.5721,16,in,32780,0.6
124.5762,16,in,32784,-74.4
124.5813,16,in,32788,-32.8
124.5858,16,in,32792,-36.8
124.5898,16,in,32796,-101
124.5944,16,in,32800,-10.6
124.5997,16,in,32804,-55.4
124.6036,16,in,32808,-46.4
124.6081,16,in,32812,5.4
124.6124,16,in,32816,-36.6
124.6174,16,in,32820,-63
124.6215,16,in,32824,18.4
124.6257,16,in,32828,-51
124.6297,16,in,32832,-70.4
124.6347,16,in,32836,-68.4
124.6391,16,in,32840,-11.4
124.6435,16,in,32844,10.2
124.6478,16,in,32848,-14.8
124.652,16,in,32852,-33.6
124.6564,16,in,32856,-65
124.6608,16,in,32860,-61.6
124.6649,16,in,32864,8
124.669,16,in,32868,-76.6
124.6736,16,in,32872,-13.8
124.6775,16,in,32876,-14.8
124.6816,16,in,32880,-12.4
124.6858,16,in,32884,-51.4
124.6909,16,in,32888,-33.6
124.6951,16,in,32892,-32.2
124.6991,16,in,32896,-44.6
124.7037,16,in,32900,-71.6
124.7078,16,in,32904,-13
124.7114,16,in,32908,-29.2
124.7149,16,in,32912,-66
124.7187,16,in,32916,-23
124.7232,16,in,32920,-19
124.728,16,in,32924,2
124.7323,16,in,32928,-79.6
124.7365,16,in,32932,-79.6
124.7414,16,in,32936,-21.2
124.7461,16,in,32940,-53
124.75,16,in,32944,-67.4
124.7542,16,in,32948,-31.4
124.7595,16,in,32952,-47.4
124.764,16,in,32956,-61
124.7682,16,in,32960,-63.8
124.7722,16,in,32964,-50.4
124.7767,16,in,32968,-21.8
124.7808,16,in,32972,-56.2
124.7848,16,in,32976,-54.4
124.7887,16,in,32980,-43.8
124.7931,16,in,32984,-35.6
124.7981,16,in,32988,-49.4
124.8023,16,in,32992,-79.4
124.8069,16,in,32996,-81.8
124.8106,16,in,33000,-52.6
124.8155,16,in,33004,-21.2
124.8197,16,in,33008,-34.2
124.8244,16,in,33012,-8.4
124.8286,16,in,33016,-64.8
124.8328,16,in,33020,-95.4
124.8364,16,in,33024,-41
124.8404,16,in,33028,-31.6
124.8441,16,in,33032,-70.8
124.8483,16,in,33036,-35.6
124.8526,16,in,33040,-6.6
124.8567,16,in,33044,-62.2
124.8607,16,in,33048,-28
124.8649,16,in,33052,-42.4
124.8692,16,in,33056,-93.4
124.8735,16,in,33060,-93.2
124.8781,16,in,33064,-38.2
124.8823,16,in,33068,-69
124.8872,16,in,33072,-106.2
124.8916,16,in,33076,-80.6
124.8973,16,in,33080,-115.4
124.9018,16,in,33084,-54.4
124.906,16,in,33088,-85.4
124.9097,16,in,33092,-55.8
124.9131,16,in,33096,-60.2
124.9169,16,in,33100,-72.4
124.921,16,in,33104,-34.8
124.9252,16,in,33108,-71.2
124.9294,16,in,33112,-44.2
124.9337,16,in,33116,-55.4
124.9382,16,in,33120,-71
124.9429,16,in,33124,-35.2
124.9473,16,in,33128,-79.6
124.9513,16,in,33132,-61.4
124.9556,16,in,33136,-64.6
124.9597,16,in,33140,-99.6
124.964,16,in,33144,-134.2
124.9682,16,in,33148,-35
124.9724,16,in,33152,-120.6
124.9766,16,in,33156,-29.2
124.9809,16,in,33160,-25.6
124.9851,16,in,33164,-117.8
124.9894,16,in,33168,-40.4
124.9936,16,in,33172,-92
124.9978,16,in,33176,-80.2
125.0021,16,in,33180,-66
125.0064,16,in,33184,-31.2
125.0101,16,in,33188,-119.6
125.0138,16,in,33192,-75.2
125.0174,16,in,33196,-54.4
125.0212,16,in,33200,-34.8
125.025,16,in,33204,-52.2
125.0287,16,in,33208,-70.8
125.0323,16,in,33212,-71
125.0361,16,in,33216,-93.8
125.0401,16,in,33220,-4.2
125.0441,16,in,33224,-57.4
125.0478,16,in,33228,-57
125.0513,16,in,33232,-62.2
125.055,16,in,33236,-39.8
125.0586,16,in,33240,-38.6
125.0628,16,in,33244,-68.2
125.0672,16,in,33248,-144.2
125.0714,16,in,33252,-64.6
125.0756,16,in,33256,-22
125.0802,16,in,33260,-69.6
125.0847,16,in,33264,-120.8
125.0889,16,in,33268,-87
125.0931,16,in,33272,-51.2
125.0975,16,in,33276,-67.8
125.1015,16,in,33280,-73
125.1055,16,in,33284,-126.6
125.1097,16,in,33288,-63.4
125.1138,16,in,33292,-142.2
125.1179,16,in,33296,-108.6
125.1221,16,in,33300,-78
125.1259,16,in,33304,-72.8
125.1298,16,in,33308,-83.4
125.1342,16,in,33312,-153.4
125.1388,16,in,33316,-92.2
125.1429,16,in,33320,-52
125.1471,16,in,33324,-83.8
125.1513,16,in,33328,-101.4
125.155,16,in,33332,-66.4
125.1588,16,in,33336,-87.2
125.1624,16,in,33340,-113.4
125.1666,16,in,33344,-124.8
125.1706,16,in,33348,-100.4
125.1743,16,in,33352,-90.6
125.1782,16,in,33356,-66.6
125.182,16,in,33360,-129.6
125.1862,16,in,33364,-111.6
125.1896,16,in,33368,-65.4
125.1933,16,in,33372,-56.2
125.197,16,in,33376,-110.2
125.2008,16,in,33380,-106.8
125.2049,16,in,33384,-89
125.2091,16,in,33388,-73.8
125.2127,16,in,33392,-83.6
125.2163,16,in,33396,-100.8
125.22,16,in,33400,-108.2
125.2235,16,in,33404,-109
125.2274,16,in,33408,-104
125.2311,16,in,33412,-92.2
125.2347,16,in,33416,-110.8
125.2386,16,in,33420,-79.8
125.2423,16,in,33424,-93.2
125.2459,16,in,33428,-93.2
125.2494,16,in,33432,-97.4
125.2531,16,in,33436,-120.6
125.2569,16,in,33440,-123
125.2607,16,in,33444,-99.6
125.2645,16,in,33448,-127.6
125.2681,16,in,33452,-87.8
125.2717,16,in,33456,-106.4
125.2758,16,in,33460,-117.2
125.2789,16,in,33464,-83.8
125.2829,16,in,33468,-133.4
125.2863,16,in,33472,-138.2
125.2901,16,in,33476,-177.8
125.2937,16,in,33480,-132
125.2973,16,in,33484,-154
125.301,16,in,33488,-169.6
125.3051,16,in,33492,-123.8
125.31,16,in,33496,-188.2
125.3137,16,in,33500,-144.2
125.3174,16,in,33504,-169.8
125.3213,16,in,33508,-182
125.3254,16,in,33512,-208
125.3293,16,in,33516,-234.6
125.3335,16,in,33520,-167.2
125.3379,16,in,33524,-162.2
125.342,16,in,33528,-69
125.3461,16,in,33532,-184.6
125.3517,16,in,33536,-150
125.3561,16,in,33540,-136.6
125.3599,16,in,33544,-195.4
125.3646,16,in,33548,-178.6
125.3688,16,in,33552,-212.2
125.3728,16,in,33556,-153.8
125.3765,16,in,33560,-235.2
125.3803,16,in,33564,-209.2
125.3842,16,in,33568,-281
125.3878,16,in,33572,-183.4
125.3918,16,in,33576,-133.8
125.3956,16,in,33580,-147.2
125.3994,16,in,33584,-163.2
125.4031,16,in,33588,-183.8
125.407,16,in,33592,-161.8
125.411,16,in,33596,-169.6
125.4151,16,in,33600,-139.6
125.4191,16,in,33604,-254.6
125.4226,16,in,33608,-143.6
125.4266,16,in,33612,-143.2
125.4302,16,in,33616,-143.2
125.4341,16,in,33620,-163.2
125.4377,16,in,33624,-142.2
125.4414,16,in,33628,-150.2
125.4453,16,in,33632,-95
125.4493,16,in,33636,-126.8
125.4534,16,in,33640,-164
125.4576,16,in,33644,-127.6
125.4619,16,in,33648,-186.2
125.466,16,in,33652,-179.8
125.4707,16,in,33656,-213
125.4751,16,in,33660,-121
125.4791,16,in,33664,-95.2
125.4832,16,in,33668,-206.8
125.4875,16,in,33672,-136.2
125.4915,16,in,33676,-112
125.4958,16,in,33680,-157.6
125.5,16,in,33684,-214.6
125.5041,16,in,33688,-190.4
125.5083,16,in,33692,-155.8
125.5125,16,in,33696,-130.2
125.5167,16,in,33700,-219.4
125.521,16,in,33704,-110
125.5255,16,in,33708,-147.8
125.5297,16,in,33712,-120.2
125.5339,16,in,33716,-210.4
125.5378,16,in,33720,-181.8
125.5422,16,in,33724,-196.8
125.5458,16,in,33728,-148.8
125.5494,16,in,33732,-212.6
125.5532,16,in,33736,-166.8
125.5568,16,in,33740,-251.2
125.5605,16,in,33744,-221.4
125.5641,16,in,33748,-193.4
125.5678,16,in,33752,-228.8
125.5713,16,in,33756,-223.6
125.5752,16,in,33760,-214.8
125.5788,16,in,33764,-217.2
125.5825,16,in,33768,-259.4
125.5865,16,in,33772,-296
125.5909,16,in,33776,-268.8
125.5954,16,in,33780,-254.4
125.6,16,in,33784,-182.4
125.6043,16,in,33788,-138.8
125.6091,16,in,33792,-250
125.6136,16,in,33796,-335.8
125.6178,16,in,33800,-326
125.622,16,in,33804,-374.4
125.6262,16,in,33808,-340
125.6308,16,in,33812,-375
125.6352,16,in,33816,-316.8
125.6396,16,in,33820,-337
125.6438,16,in,33824,-381.8
125.648,16,in,33828,-329.8
125.6521,16,in,33832,-333.2
125.6564,16,in,33836,-341.8
125.6607,16,in,33840,-331.4
125.6652,16,in,33844,-405
125.6692,16,in,33848,-434
125.6734,16,in,33852,-374.2
125.6768,16,in,33856,-374
125.6812,16,in,33860,-415.6
125.6859,16,in,33864,-389.6
125.6905,16,in,33868,-443.4
125.6949,16,in,33872,-436.8
125.6999,16,in,33876,-474.8
125.7045,16,in,33880,-450.2
125.7095,16,in,33884,-568.4
125.7139,16,in,33888,-501.6
125.7186,16,in,33892,-510
125.7234,16,in,33896,-449
125.7278,16,in,33900,-473.6
125.7322,16,in,33904,-538.8
125.7368,16,in,33908,-440.8
125.7416,16,in,33912,-485
125.7464,16,in,33916,-504
125.7514,16,in,33920,-530.8
125.7558,16,in,33924,-451.6
125.7607,16,in,33928,-483.4
125.7652,16,in,33932,-561.4
125.7692,16,in,33936,-564
125.7732,16,in,33940,-570.6
125.7778,16,in,33944,-576
125.7825,16,in,33948,-558.2
125.7878,16,in,33952,-705
125.7931,16,in,33956,-509.2
125.7991,16,in,33960,-525.4
125.8041,16,in,33964,-500.8
125.8085,16,in,33968,-452.8
125.8126,16,in,33972,-516.6
125.8167,16,in,33976,-743.2
125.8205,16,in,33980,-908.4
125.8244,16,in,33984,-723.8
125.8287,16,in,33988,-908.4
125.8325,16,in,33992,-831.4
125.8361,16,in,33996,-845
125.8401,16,in,34000,-931.4
125.8441,16,in,34004,-1012
125.8488,16,out,34000,-1028.2
125.8529,16,out,33996,-1704.8
125.8568,16,out,33992,-1332
125.8607,16,out,33988,-1095.2
125.8662,16,out,33984,-1256.2
125.8702,16,out,33980,-927.2
125.8747,16,out,33976,-1465.6
125.8786,16,out,33972,-1276
125.8827,16,out,33968,-1506.8
125.8866,16,out,33964,-1459
125.8909,16,out,33960,-1399
125.8951,16,out,33956,-1563.4
125.9,16,out,33952,-1437.4
125.9042,16,out,33948,-1584.8
125.9085,16,out,33944,-1529
125.9134,16,out,33940,-1371
125.9176,16,out,33936,-1447.8
125.9217,16,out,33932,-1236
125.9267,16,out,33928,-1620.6
125.9307,16,out,33924,-1243.8
125.9347,16,out,33920,-993.8
125.9396,16,out,33916,-854.6
125.944,16,out,33912,-818.2
125.9482,16,out,33908,-982.2
125.9522,16,out,33904,-936.4
125.957,16,out,33900,-855.8
125.9615,16,out,33896,-910
125.9656,16,out,33892,-1193.8
125.9698,16,out,33888,-1127
125.9744,16,out,33884,-1393.6
125.9789,16,out,33880,-1301.8
125.9829,16,out,33876,-1306
125.9873,16,out,33872,-1388.2
125.9928,16,out,33868,-1190.8
125.9976,16,out,33864,-993.6
126.0022,16,out,33860,-897.6
126.0066,16,out,33856,-968.6
126.0112,16,out,33852,-874.8
126.0152,16,out,33848,-907.8
126.0198,16,out,33844,-850.2
126.0238,16,out,33840,-961.4
126.0284,16,out,33836,-902.6
126.0324,16,out,33832,-920
126.037,16,out,33828,-890.8
126.0418,16,out,33824,-897.2
126.0462,16,out,33820,-995.6
126.0512,16,out,33816,-952.2
126.0558,16,out,33812,-845.4
126.0604,16,out,33808,-869.2
126.0654,16,out,33804,-1002.2
126.0699,16,out,33800,-998
126.0752,16,out,33796,-1010
126.0796,16,out,33792,-1021.2
126.0838,16,out,33788,-1052
126.0881,16,out,33784,-983.2
126.0927,16,out,33780,-966.4
126.0973,16,out,33776,-1028.8
126.1021,16,out,33772,-995
126.1074,16,out,33768,-1004.4
126.1124,16,out,33764,-1026.8
126.1178,16,out,33760,-1055.6
126.1222,16,out,33756,-995.2
126.1266,16,out,33752,-965.6
126.1317,16,out,33748,-1004.4
126.1365,16,out,33744,-1087.4
126.1411,16,out,33740,-1003.2
126.1454,16,out,33736,-882.6
126.15,16,out,33732,-1128.2
126.1549,16,out,33728,-1023
126.1594,16,out,33724,-1138.4
126.1641,16,out,33720,-1006.2
126.1703,16,out,33716,-1123.2
126.1754,16,out,33712,-1110.6
126.1802,16,out,33708,-1085.8
126.1852,16,out,33704,-1170.8
126.1903,16,out,33700,-1096.6
126.1952,16,out,33696,-1025.8
126.2,16,out,33692,-1043.2
126.206,16,out,33688,-1054.2
126.2103,16,out,33684,-1079.2
126.2149,16,out,33680,-1098.2
126.2191,16,out,33676,-1075.2
126.2241,16,out,33672,-1073.6
126.2291,16,out,33668,-1035.8
126.2342,16,out,33664,-1047
126.2388,16,out,33660,-986.6
126.2444,16,out,33656,-1050.6
126.2494,16,out,33652,-958.4
126.2545,16,out,33648,-1119.8
126.2599,16,out,33644,-1033.2
126.2652,16,out,33640,-1058.4
126.27,16,out,33636,-1100.6
126.2748,16,out,33632,-1146.4
126.2798,16,out,33628,-1097.6
126.2851,16,out,33624,-1041.8
126.2897,16,out,33620,-1084.2
126.2951,16,out,33616,-1028.6
126.3002,16,out,33612,-1093.6
126.3048,16,out,33608,-1180.6
126.3092,16,out,33604,-1188.4
126.3145,16,out,33600,-1080.4
126.3192,16,out,33596,-978.4
126.3245,16,out,33592,-1065.4
126.3315,16,out,33588,-1127
126.3361,16,out,33584,-1388.4
126.3408,16,out,33580,-1231.2
126.3458,16,out,33576,-1247.4
126.3506,16,out,33572,-1252.8
126.3552,16,out,33568,-1238
126.3597,16,out,33564,-1289
126.3657,16,out,33560,-1262.2
126.3703,16,out,33556,-1329.2
126.3748,16,out,33552,-1310.8
126.3799,16,out,33548,-1397.8
126.3845,16,out,33544,-1278.8
126.3894,16,out,33540,-1410.8
126.3945,16,out,33536,-1413
126.3997,16,out,33532,-1408
126.4046,16,out,33528,-1433.6
126.4097,16,out,33524,-1441.6
126.4142,16,out,33520,-1466.4
126.4192,16,out,33516,-1451.4
126.424,16,out,33512,-1495.4
126.4289,16,out,33508,-1496
126.4337,16,out,33504,-1359.8
126.4392,16,out,33500,-1348.4
126.4442,16,out,33496,-1331.6
126.4496,16,out,33492,-1438.4
126.4546,16,out,33488,-1364.2
126.4595,16,out,33484,-1299.2
126.4644,16,out,33480,-1461.2
126.4697,16,out,33476,-1424.4
126.4749,16,out,33472,-1242.8
126.4796,16,out,33468,-1417.6
126.4846,16,out,33464,-1357
126.4894,16,out,33460,-1315.2
126.4942,16,out,33456,-1358.8
126.4994,16,out,33452,-1405.6
126.5045,16,out,33448,-1383.2
126.5099,16,out,33444,-1311
126.515,16,out,33440,-1307.2
126.5196,16,out,33436,-1444.6
126.5246,16,out,33432,-1359.6
126.5298,16,out,33428,-1271.8
126.5343,16,out,33424,-1371.6
126.5391,16,out,33420,-1446.4
126.5439,16,out,33416,-1274.4
126.5486,16,out,33412,-1057
126.5533,16,out,33408,-1159.2
126.558,16,out,33404,-1098
126.5636,16,out2,33354,-1080.8
126.568,16,out2,33304,-1125.6
126.5727,16,out2,33254,-1087.2
126.5783,16,out2,33204,-1023.4
126.5833,16,out2,33154,-788.6
126.5885,16,out2,33104,-829.4
126.5933,16,out2,33054,-737.8
126.5977,16,out2,33004,-691.4
126.6023,16,out2,32954,-510.4
126.6068,16,out2,32904,-574.4
126.6113,16,out2,32854,-535.8
126.6172,16,out2,32804,-381
126.622,16,out2,32754,-519.2
126.6266,16,out2,32704,-399.6
126.6313,16,out2,32654,-335.2
126.6373,16,out2,32604,-300.6
126.6421,16,out2,32554,-291
126.6468,16,out2,32504,-314.6
126.6517,16,out2,32454,-271.8
126.656,16,out2,32404,-244.8
126.6606,16,out2,32354,-217.2
126.6657,16,out2,32304,-178
126.6714,16,out2,32254,-99
126.6763,17,in,32254,-103.6
126.6813,17,in,32258,-169.2
126.6868,17,in,32262,-150
126.6919,17,in,32266,-100.6
126.6961,17,in,32270,-131
126.7002,17,in,32274,-137.6
126.704,17,in,32278,-93.2
126.7086,17,in,32282,-114.8
126.7121,17,in,32286,-96
126.716,17,in,32290,-116.4
126.7198,17,in,32294,-138.4
126.7247,17,in,32298,-167.2
126.7289,17,in,32302,-83.4
126.733,17,in,32306,-63.8
126.7369,17,in,32310,-109.4
126.7413,17,in,32314,-122.6
126.746,17,in,32318,-137.2
126.7501,17,in,32322,-127.4
126.7542,17,in,32326,-168.6
126.7584,17,in,32330,-222.4
126.762,17,in,32334,-163.6
126.7653,17,in,32338,-121.4
126.7691,17,in,32342,-131.6
126.7727,17,in,32346,-164.6
126.7772,17,in,32350,-110.4
126.7812,17,in,32354,-122.4
126.7853,17,in,32358,-154.6
126.7893,17,in,32362,-52.8
126.7935,17,in,32366,-143.8
126.7985,17,in,32370,-201.4
126.8029,17,in,32374,-61.2
126.8072,17,in,32378,-85.8
126.8114,17,in,32382,-104
126.8157,17,in,32386,-94.2
126.8197,17,in,32390,-125.4
126.8235,17,in,32394,-83
126.8278,17,in,32398,-98.8
126.8318,17,in,32402,-141.4
126.8361,17,in,32406,-121.2
126.8401,17,in,32410,-45.8
126.8441,17,in,32414,-98
126.8487,17,in,32418,-111.8
126.853,17,in,32422,-129.4
126.8577,17,in,32426,-70.6
126.862,17,in,32430,-111.8
126.867,17,in,32434,-106.4
126.8717,17,in,32438,-46.4
126.8755,17,in,32442,-95
126.8795,17,in,32446,-83.8
126.8841,17,in,32450,-51.8
126.8882,17,in,32454,-115
126.8921,17,in,32458,-25
126.8963,17,in,32462,-79.4
126.9004,17,in,32466,-94.8
126.9045,17,in,32470,-91.2
126.9095,17,in,32474,-51.2
126.9135,17,in,32478,-63.4
126.9179,17,in,32482,-94
126.9219,17,in,32486,-59
126.9259,17,in,32490,-101.8
126.9299,17,in,32494,-83.6
126.9352,17,in,32498,-87.8
126.9398,17,in,32502,-77.8
126.9448,17,in,32506,-37.8
126.9494,17,in,32510,-49.2
126.9537,17,in,32514,-103.4
126.9581,17,in,32518,-69.4
126.9621,17,in,32522,-27.8
126.9662,17,in,32526,-62.8
126.9701,17,in,32530,-80.4
126.974,17,in,32534,-129.6
126.9781,17,in,32538,-62.4
126.9817,17,in,32542,-56.8
126.9855,17,in,32546,-91
126.9893,17,in,32550,-64.6
126.9938,17,in,32554,-57.6
126.9978,17,in,32558,-89.8
127.0019,17,in,32562,-68.4
127.006,17,in,32566,-109.4
127.0101,17,in,32570,-92
127.014,17,in,32574,-93
127.0176,17,in,32578,-89.4
127.0215,17,in,32582,-102.2
127.0251,17,in,32586,-91.8
127.0288,17,in,32590,-153.6
127.0328,17,in,32594,-115.6
127.0369,17,in,32598,-142.4
127.0411,17,in,32602,-86.8
127.0457,17,in,32606,-72.6
127.0499,17,in,32610,-95.4
127.0536,17,in,32614,-91.6
127.0576,17,in,32618,-73.4
127.0612,17,in,32622,-100.8
127.0648,17,in,32626,-102.8
127.0684,17,in,32630,-110.6
127.0726,17,in,32634,-118.2
127.077,17,in,32638,-100.2
127.0811,17,in,32642,-145.4
127.0856,17,in,32646,-95
127.0899,17,in,32650,-142
127.094,17,in,32654,-92.2
127.0982,17,in,32658,-178.4
127.1029,17,in,32662,-146.4
127.1075,17,in,32666,-149
127.1121,17,in,32670,-123
127.1166,17,in,32674,-167.8
127.1215,17,in,32678,-172.4
127.1261,17,in,32682,-152.4
127.1308,17,in,32686,-145.2
127.1357,17,in,32690,-96.6
127.1404,17,in,32694,-147
127.1446,17,in,32698,-210.2
127.1492,17,in,32702,-176.8
127.1541,17,in,32706,-154.8
127.1584,17,in,32710,-177.4
127.1629,17,in,32714,-108
127.1675,17,in,32718,-164.8
127.1718,17,in,32722,-168
127.1765,17,in,32726,-113.6
127.1813,17,in,32730,-162.2
127.186,17,in,32734,-150
127.1906,17,in,32738,-151
127.1952,17,in,32742,-107.6
127.1995,17,in,32746,-109
127.2042,17,in,32750,-148.8
127.2089,17,in,32754,-114.4
127.2132,17,in,32758,-133.6
127.2178,17,in,32762,-222.8
127.2222,17,in,32766,-188.6
127.2266,17,in,32770,-187
127.2314,17,in,32774,-199.2
127.2361,17,in,32778,-253
127.2412,17,in,32782,-202.8
127.2461,17,in,32786,-196.4
127.2503,17,in,32790,-186.2
127.2545,17,in,32794,-219.8
127.2597,17,in,32798,-175.2
127.2642,17,in,32802,-192.8
127.2687,17,in,32806,-182.4
127.274,17,in,32810,-232.6
127.2787,17,in,32814,-184.6
127.283,17,in,32818,-213.6
127.2874,17,in,32822,-194.6
127.2918,17,in,32826,-225.4
127.2958,17,in,32830,-157.2
127.2997,17,in,32834,-159.4
127.3036,17,in,32838,-169
127.3075,17,in,32842,-207.2
127.3113,17,in,32846,-179.2
127.3153,17,in,32850,-163.6
127.3194,17,in,32854,-246
127.3236,17,in,32858,-188
127.3286,17,in,32862,-177.4
127.3331,17,in,32866,-160.4
127.3374,17,in,32870,-180.8
127.3416,17,in,32874,-235.4
127.3458,17,in,32878,-165.8
127.3499,17,in,32882,-222.8
127.3542,17,in,32886,-134.8
127.3581,17,in,32890,-185.2
127.3622,17,in,32894,-170
127.3663,17,in,32898,-153.6
127.37,17,in,32902,-180.4
127.3741,17,in,32906,-156.6
127.3779,17,in,32910,-152.8
127.3819,17,in,32914,-142
127.3858,17,in,32918,-118.2
127.3898,17,in,32922,-151.6
127.3941,17,in,32926,-165.2
127.3981,17,in,32930,-149.4
127.4022,17,in,32934,-164.8
127.4065,17,in,32938,-176.6
127.4103,17,in,32942,-167.2
127.4145,17,in,32946,-201.8
127.4182,17,in,32950,-173
127.4218,17,in,32954,-163.6
127.4257,17,in,32958,-162.6
127.4296,17,in,32962,-195.4
127.4344,17,in,32966,-172.6
127.4387,17,in,32970,-161.2
127.4428,17,in,32974,-151.6
127.4468,17,in,32978,-199.2
127.4518,17,in,32982,-201
127.4562,17,in,32986,-163.2
127.46,17,in,32990,-191.2
127.464,17,in,32994,-233.8
127.4686,17,in,32998,-255.6
127.4728,17,in,33002,-164.6
127.4769,17,in,33006,-157.6
127.4819,17,in,33010,-224.4
127.4867,17,in,33014,-246.8
127.492,17,in,33018,-164
127.4966,17,in,33022,-206
127.5015,17,in,33026,-200.4
127.5059,17,in,33030,-164
127.5105,17,in,33034,-173
127.5154,17,in,33038,-229.6
127.5195,17,in,33042,-248.2
127.5233,17,in,33046,-184.2
127.5275,17,in,33050,-231.6
127.5316,17,in,33054,-193.2
127.5355,17,in,33058,-189
127.5397,17,in,33062,-137.6
127.544,17,in,33066,-188.8
127.5479,17,in,33070,-174.2
127.5524,17,in,33074,-164.8
127.557,17,in,33078,-141.6
127.5618,17,in,33082,-185.6
127.5663,17,in,33086,-132.4
127.5706,17,in,33090,-211.2
127.5746,17,in,33094,-155.4
127.5796,17,in,33098,-197.8
127.5844,17,in,33102,-183.6
127.589,17,in,33106,-166.6
127.5939,17,in,33110,-159.6
127.5989,17,in,33114,-199
127.6034,17,in,33118,-210.6
127.6087,17,in,33122,-150.6
127.6138,17,in,33126,-186.8
127.6187,17,in,33130,-220.4
127.623,17,in,33134,-172.8
127.627,17,in,33138,-187.8
127.6315,17,in,33142,-154.6
127.6361,17,in,33146,-221.4
127.6409,17,in,33150,-229.8
127.6454,17,in,33154,-206.2
127.6504,17,in,33158,-217.6
127.6548,17,in,33162,-243.4
127.6591,17,in,33166,-199
127.6639,17,in,33170,-245
127.6685,17,in,33174,-204.8
127.6727,17,in,33178,-179.4
127.6773,17,in,33182,-178.6
127.682,17,in,33186,-158.4
127.6864,17,in,33190,-237.4
127.6909,17,in,33194,-219
127.6949,17,in,33198,-231.2
127.699,17,in,33202,-223
127.7027,17,in,33206,-237.8
127.7064,17,in,33210,-250
127.71,17,in,33214,-192.6
127.7136,17,in,33218,-185.2
127.7173,17,in,33222,-223.2
127.7211,17,in,33226,-201.2
127.725,17,in,33230,-168.4
127.7287,17,in,33234,-210
127.7326,17,in,33238,-220.4
127.7371,17,in,33242,-236.6
127.7416,17,in,33246,-211.4
127.7463,17,in,33250,-292.8
127.75,17,in,33254,-236.8
127.7538,17,in,33258,-217.4
127.7576,17,in,33262,-262.4
127.7612,17,in,33266,-270.8
127.7649,17,in,33270,-229.6
127.7686,17,in,33274,-208.8
127.7724,17,in,33278,-271.4
127.7763,17,in,33282,-239.8
127.7802,17,in,33286,-222.4
127.784,17,in,33290,-233.4
127.788,17,in,33294,-198.6
127.7919,17,in,33298,-207.2
127.7956,17,in,33302,-215.2
127.7994,17,in,33306,-201.2
127.8032,17,in,33310,-242.4
127.8069,17,in,33314,-243.6
127.8106,17,in,33318,-253
127.8143,17,in,33322,-299.4
127.8182,17,in,33326,-239.2
127.8221,17,in,33330,-224
127.8263,17,in,33334,-267.2
127.8305,17,in,33338,-263
127.8343,17,in,33342,-264.6
127.8383,17,in,33346,-267.4
127.8424,17,in,33350,-241.8
127.8459,17,in,33354,-336.4
127.8501,17,in,33358,-269.8
127.854,17,in,33362,-249.4
127.858,17,in,33366,-192.8
127.8618,17,in,33370,-267
127.8659,17,in,33374,-283
127.8694,17,in,33378,-289.4
127.8731,17,in,33382,-204
127.8771,17,in,33386,-240.4
127.8807,17,in,33390,-238
127.8841,17,in,33394,-280.2
127.8878,17,in,33398,-238
127.8913,17,in,33402,-219.2
127.8952,17,in,33406,-265.6
127.8985,17,in,33410,-254.4
127.9023,17,in,33414,-285.8
127.9058,17,in,33418,-271.4
127.9098,17,in,33422,-236.8
127.9137,17,in,33426,-282.2
127.9171,17,in,33430,-273.2
127.9209,17,in,33434,-263.8
127.9246,17,in,33438,-279.6
127.9281,17,in,33442,-256.2
127.932,17,in,33446,-293.4
127.9359,17,in,33450,-294
127.9397,17,in,33454,-276.4
127.9432,17,in,33458,-271.8
127.9466,17,in,33462,-302
127.9504,17,in,33466,-333.6
127.9539,17,in,33470,-289.4
127.9577,17,in,33474,-295.8
127.9618,17,in,33478,-262.8
127.9658,17,in,33482,-317
127.97,17,in,33486,-333.8
127.9737,17,in,33490,-284.2
127.9776,17,in,33494,-232.4
127.9813,17,in,33498,-256.6
127.9848,17,in,33502,-325.4
127.9892,17,in,33506,-280.2
127.9938,17,in,33510,-276.8
127.9984,17,in,33514,-362.2
128.0029,17,in,33518,-325.2
128.0065,17,in,33522,-305.2
128.0102,17,in,33526,-284
128.0138,17,in,33530,-315.2
128.0179,17,in,33534,-301.6
128.023,17,in,33538,-342.8
128.0276,17,in,33542,-282
128.0323,17,in,33546,-370.2
128.0365,17,in,33550,-432.2
128.0408,17,in,33554,-488.2
128.0453,17,in,33558,-425
128.0494,17,in,33562,-613.8
128.0533,17,in,33566,-515.6
128.0575,17,in,33570,-780.6
128.0612,17,in,33574,-687.4
128.0648,17,in,33578,-522.8
128.0686,17,in,33582,-721
128.0724,17,in,33586,-713.4
128.0758,17,in,33590,-737.6
128.08,17,in,33594,-664.6
128.0841,17,in,33598,-729.8
128.0881,17,in,33602,-603
128.0923,17,in,33606,-866.2
128.0962,17,in,33610,-855.4
128.1003,17,in,33614,-520.4
128.1041,17,in,33618,-535.6
128.1079,17,in,33622,-913
128.112,17,in,33626,-873.6
128.1161,17,in,33630,-643.4
128.1203,17,in,33634,-436.8
128.1246,17,in,33638,-647.8
128.1297,17,in,33642,-529.4
128.1344,17,in,33646,-787.4
128.1391,17,in,33650,-521.8
128.144,17,in,33654,-551.6
128.1485,17,in,33658,-794.8
128.1531,17,in,33662,-811.2
128.1578,17,in,33666,-678.8
128.1629,17,in,33670,-714.6
128.1676,17,in,33674,-783.8
128.1724,17,in,33678,-704.4
128.1776,17,in,33682,-767
128.1821,17,in,33686,-753.2
128.187,17,in,33690,-723.8
128.1918,17,in,33694,-776.8
128.197,17,in,33698,-945.8
128.2015,17,in,33702,-1017.2
128.2066,17,out,33698,-849.4
128.2114,17,out,33694,-908
128.2162,17,out,33690,-990.6
128.2207,17,out,33686,-981.4
128.2253,17,out,33682,-821.2
128.2305,17,out,33678,-1008.4
128.2358,17,out,33674,-1029
128.2403,17,out,33670,-946.4
128.2451,17,out,33666,-1005
128.2503,17,out,33662,-1107.4
128.2549,17,out,33658,-1074
128.2595,17,out,33654,-971.4
128.2646,17,out,33650,-865
128.27,17,out,33646,-918.4
128.2744,17,out,33642,-1005
128.2792,17,out,33638,-966.8
128.2837,17,out,33634,-606.2
128.288,17,out,33630,-663.4
128.2925,17,out,33626,-491
128.297,17,out,33622,-570
128.3012,17,out,33618,-619.8
128.3056,17,out,33614,-621.2
128.3098,17,out,33610,-489.8
128.3141,17,out,33606,-556.8
128.3187,17,out,33602,-612.8
128.3234,17,out,33598,-564.6
128.3279,17,out,33594,-572
128.333,17,out,33590,-561.8
128.338,17,out,33586,-565.4
128.3432,17,out,33582,-596.6
128.3478,17,out,33578,-551.8
128.3522,17,out,33574,-660.2
128.3564,17,out,33570,-571
128.361,17,out,33566,-535.8
128.3652,17,out,33562,-609.8
128.3699,17,out,33558,-587.4
128.3746,17,out,33554,-569.6
128.3796,17,out,33550,-505
128.3837,17,out,33546,-622.2
128.3882,17,out,33542,-587.2
128.3935,17,out,33538,-552
128.3981,17,out,33534,-570.8
128.4031,17,out,33530,-541
128.4079,17,out,33526,-572.8
128.4137,17,out,33522,-544.6
128.4186,17,out,33518,-519.6
128.4237,17,out,33514,-519
128.4284,17,out,33510,-511.4
128.4339,17,out,33506,-536.6
128.4399,17,out,33502,-551.2
128.4455,17,out,33498,-534.8
128.4506,17,out,33494,-539.8
128.4557,17,out,33490,-529.2
128.4605,17,out,33486,-538
128.4651,17,out,33482,-546.6
128.4713,17,out,33478,-531.6
128.4761,17,out,33474,-537.4
128.4806,17,out,33470,-527
128.4854,17,out,33466,-556.6
128.4898,17,out,33462,-884.4
128.4944,17,out,33458,-952.2
128.4994,17,out,33454,-830.2
128.5041,17,out,33450,-678
128.5088,17,out,33446,-897.8
128.5139,17,out,33442,-870.6
128.5187,17,out,33438,-711.6
128.5242,17,out,33434,-730.8
128.5291,17,out,33430,-979.6
128.5337,17,out,33426,-649.6
128.5378,17,out,33422,-611.4
128.5425,17,out,33418,-846.4
128.5467,17,out,33414,-1009.4
128.5509,17,out,33410,-866
128.5556,17,out,33406,-779
128.5603,17,out,33402,-894.8
128.5652,17,out,33398,-904.4
128.5696,17,out,33394,-838.4
128.5739,17,out,33390,-758.2
128.5785,17,out,33386,-797
128.5832,17,out,33382,-940.4
128.5877,17,out,33378,-758.8
128.5937,17,out,33374,-665.8
128.5993,17,out,33370,-529.8
128.6047,17,out,33366,-524.4
128.6098,17,out,33362,-512.4
128.6149,17,out,33358,-510
128.6199,17,out,33354,-830.2
128.6246,17,out,33350,-730.6
128.6289,17,out,33346,-490
128.6338,17,out,33342,-822
128.6376,17,out,33338,-815.6
128.6414,17,out,33334,-589.4
128.6453,17,out,33330,-718.2
128.6492,17,out,33326,-725.4
128.6532,17,out,33322,-549.6
128.6567,17,out,33318,-748.8
128.6605,17,out,33314,-505.8
128.6642,17,out,33310,-731.4
128.6679,17,out,33306,-439.8
128.672,17,out,33302,-423.6
128.676,17,out,33298,-451.4
128.6814,17,out,33294,-483.6
128.6861,17,out,33290,-542.4
128.6899,17,out,33286,-352.2
128.6937,17,out,33282,-445
128.6979,17,out,33278,-513.4
128.7021,17,out,33274,-413.8
128.7065,17,out,33270,-440.6
128.7113,17,out,33266,-390.4
128.7157,17,out,33262,-453
128.7202,17,out,33258,-426.8
128.7247,17,out,33254,-443.8
128.729,17,out,33250,-369.2
128.7338,17,out,33246,-457.8
128.7388,17,out,33242,-417.6
128.7436,17,out,33238,-373.4
128.7487,17,out,33234,-354.4
128.7536,17,out,33230,-595.4
128.7584,17,out,33226,-420.6
128.7626,17,out,33222,-303.8
128.7669,17,out,33218,-345
128.7714,17,out,33214,-599.4
128.7758,17,out,33210,-936.8
128.7802,17,out,33206,-450.6
128.7853,17,out,33202,-381
128.79,17,out,33198,-383.6
128.7951,17,out,33194,-338.2
128.7995,17,out,33190,-448.2
128.804,17,out,33186,-443.6
128.8085,17,out,33182,-324.6
128.8136,17,out,33178,-356.4
128.8181,17,out,33174,-404.4
128.8235,17,out,33170,-400.6
128.8288,17,out,33166,-651.2
128.8337,17,out,33162,-384.6
128.8378,17,out,33158,-326.6
128.842,17,out,33154,-444.2
128.8465,17,out,33150,-396.8
128.8516,17,out,33146,-367.4
128.8562,17,out,33142,-436.2
128.8611,17,out,33138,-491.2
128.866,17,out,33134,-352.8
128.8706,17,out,33130,-348.8
128.8754,17,out,33126,-303.8
128.8803,17,out,33122,-348.4
128.886,17,out,33118,-327
128.8908,17,out,33114,-457.4
128.8963,17,out,33110,-313.8
128.9013,17,out,33106,-326.8
128.9063,17,out,33102,-301
128.9109,17,out2,33052,-392
128.9156,17,out2,33002,-353
128.9207,17,out2,32952,-292.6
128.9255,17,out2,32902,-311.8
128.93,17,out2,32852,-317.4
128.9348,17,out2,32802,-331.8
128.9396,17,out2,32752,-297.6
128.9441,17,out2,32702,-234.2
128.9484,17,out2,32652,-299.8
128.9529,17,out2,32602,-267.2
128.9578,17,out2,32552,-203.2
128.9624,17,out2,32502,-221.6
128.9668,17,out2,32452,-230.6
128.9713,17,out2,32402,-197.6
128.9761,17,out2,32352,-85.6
128.9808,18,in,32352,-115.2
128.9857,18,in,32356,-137.6
128.9903,18,in,32360,-129.6
128.9949,18,in,32364,-152.8
128.9994,18,in,32368,-121.2
129.0039,18,in,32372,-168
129.0088,18,in,32376,-160.6
129.0136,18,in,32380,-63.2
129.0184,18,in,32384,-135.8
129.0236,18,in,32388,-97.4
129.0282,18,in,32392,-99
129.0334,18,in,32396,-71.6
129.0379,18,in,32400,-61.4
129.0419,18,in,32404,-65
129.047,18,in,32408,-105.4
129.0515,18,in,32412,-82.6
129.0558,18,in,32416,-125.8
129.0597,18,in,32420,-159.4
129.0644,18,in,32424,-157.4
129.0691,18,in,32428,-113
129.0734,18,in,32432,-154.2
129.0782,18,in,32436,-74.8
129.0826,18,in,32440,-139
129.0867,18,in,32444,-218.2
129.0909,18,in,32448,-165.2
129.0948,18,in,32452,-220.4
129.0989,18,in,32456,-155.2
129.1037,18,in,32460,-240.4
129.108,18,in,32464,-176
129.1122,18,in,32468,-225.2
129.1163,18,in,32472,-168.4
129.1212,18,in,32476,-201.2
129.1254,18,in,32480,-155.6
129.1299,18,in,32484,-194.6
129.1338,18,in,32488,-230
129.1384,18,in,32492,-234.8
129.1427,18,in,32496,-160.4
129.147,18,in,32500,-124
129.1516,18,in,32504,-164.4
129.1562,18,in,32508,-223.4
129.161,18,in,32512,-163.4
129.1656,18,in,32516,-133.2
129.1709,18,in,32520,-191
129.1757,18,in,32524,-176.4
129.1806,18,in,32528,-151.2
129.1857,18,in,32532,-165.6
129.1912,18,in,32536,-126
129.1961,18,in,32540,-108.2
129.2011,18,in,32544,-105.8
129.206,18,in,32548,-62
129.2107,18,in,32552,-110
129.2155,18,in,32556,-90
129.2205,18,in,32560,-131.8
129.2271,18,in,32564,-68.4
129.2319,18,in,32568,-79.8
129.2374,18,in,32572,-122.4
129.2424,18,in,32576,-134.2
129.2472,18,in,32580,-174.6
129.2513,18,in,32584,-128.4
129.2551,18,in,32588,-131
129.2588,18,in,32592,-197.6
129.2634,18,in,32596,-186.4
129.2676,18,in,32600,-134
129.2719,18,in,32604,-177.2
129.2757,18,in,32608,-135.2
129.2804,18,in,32612,-148.6
129.285,18,in,32616,-121.6
129.2891,18,in,32620,-154
129.2933,18,in,32624,-112
129.2979,18,in,32628,-156
129.3021,18,in,32632,-155.8
129.306,18,in,32636,-108.4
129.3101,18,in,32640,-90.8
129.3141,18,in,32644,-138.4
129.3191,18,in,32648,-149.2
129.3231,18,in,32652,-84.2
129.3271,18,in,32656,-69.8
129.3316,18,in,32660,-212.6
129.3367,18,in,32664,-171.2
129.3407,18,in,32668,-172
129.3446,18,in,32672,-152.4
129.3494,18,in,32676,-124.8
129.3551,18,in,32680,-141.2
129.3589,18,in,32684,-170.2
129.3634,18,in,32688,-132.4
129.3674,18,in,32692,-173.8
129.3725,18,in,32696,-176.2
129.3765,18,in,32700,-149.2
129.3803,18,in,32704,-153.8
129.384,18,in,32708,-188.4
129.3888,18,in,32712,-166.4
129.3934,18,in,32716,-187.2
129.3979,18,in,32720,-103.6
129.4024,18,in,32724,-130.2
129.4076,18,in,32728,-68.8
129.4119,18,in,32732,-111.6
129.416,18,in,32736,-58.6
129.4198,18,in,32740,-130
129.4239,18,in,32744,-88.2
129.4282,18,in,32748,-131.2
129.4324,18,in,32752,-97.8
129.4361,18,in,32756,-107.2
129.4405,18,in,32760,-94.8
129.4452,18,in,32764,-81.6
129.4493,18,in,32768,-129.6
129.4536,18,in,32772,-133.2
129.4579,18,in,32776,-76.8
129.463,18,in,32780,-96.6
129.467,18,in,32784,-141.6
129.471,18,in,32788,-167
129.475,18,in,32792,-115.6
129.4797,18,in,32796,-66.8
129.4843,18,in,32800,-163.6
129.4895,18,in,32804,-129.4
129.4935,18,in,32808,-137
129.4985,18,in,32812,-116.4
129.5035,18,in,32816,-148.4
129.5076,18,in,32820,-105
129.5117,18,in,32824,-113.8
129.5167,18,in,32828,-80.6
129.5214,18,in,32832,-126.8
129.5259,18,in,32836,-148.8
129.5303,18,in,32840,-138.4
129.536,18,in,32844,-176.4
129.54,18,in,32848,-129.6
129.544,18,in,32852,-86
129.5483,18,in,32856,-158.6
129.554,18,in,32860,-139.4
129.5584,18,in,32864,-179.8
129.5626,18,in,32868,-159
129.5669,18,in,32872,-136.6
129.5723,18,in,32876,-125
129.5762,18,in,32880,-136.4
129.5804,18,in,32884,-122
129.585,18,in,32888,-158
129.5903,18,in,32892,-131.2
129.5941,18,in,32896,-211.8
129.5988,18,in,32900,-181
129.6033,18,in,32904,-151
129.6089,18,in,32908,-164.6
129.6135,18,in,32912,-102.2
129.6175,18,in,32916,-118.8
129.6215,18,in,32920,-80.6
129.6265,18,in,32924,-148.4
129.6304,18,in,32928,-135.4
129.6347,18,in,32932,-163
129.6386,18,in,32936,-129.6
129.6436,18,in,32940,-139.8
129.6479,18,in,32944,-175.6
129.6524,18,in,32948,-136.2
129.6568,18,in,32952,-107.8
129.6614,18,in,32956,-101.2
129.6656,18,in,32960,-152.2
129.67,18,in,32964,-131.8
129.6746,18,in,32968,-98.2
129.6802,18,in,32972,-123.6
129.6846,18,in,32976,-117.8
129.6888,18,in,32980,-97.8
129.6943,18,in,32984,-85.4
129.6984,18,in,32988,-78.4
129.7022,18,in,32992,-132.6
129.706,18,in,32996,-148.4
129.7098,18,in,33000,-139.6
129.7135,18,in,33004,-167.2
129.7169,18,in,33008,-137.8
129.7212,18,in,33012,-152
129.7251,18,in,33016,-138
129.7286,18,in,33020,-119.2
129.7329,18,in,33024,-166.4
129.7377,18,in,33028,-126.4
129.742,18,in,33032,-112.6
129.746,18,in,33036,-101
129.751,18,in,33040,-152.4
129.7553,18,in,33044,-106.6
129.7601,18,in,33048,-153.4
129.7647,18,in,33052,-150.8
129.7693,18,in,33056,-144.2
129.7739,18,in,33060,-113.6
129.7782,18,in,33064,-108
129.782,18,in,33068,-171.8
129.7855,18,in,33072,-159.2
129.7892,18,in,33076,-103.6
129.794,18,in,33080,-91.6
129.798,18,in,33084,-175.2
129.8031,18,in,33088,-149.6
129.8077,18,in,33092,-177.4
129.8125,18,in,33096,-193.4
129.8166,18,in,33100,-139.4
129.8206,18,in,33104,-167.4
129.825,18,in,33108,-161.4
129.8291,18,in,33112,-133.4
129.8336,18,in,33116,-153.4
129.838,18,in,33120,-169.2
129.8424,18,in,33124,-160.8
129.8473,18,in,33128,-158.2
129.8519,18,in,33132,-166.4
129.8564,18,in,33136,-184
129.8611,18,in,33140,-214.4
129.8661,18,in,33144,-180.4
129.8712,18,in,33148,-159.4
129.8761,18,in,33152,-148.4
129.8808,18,in,33156,-115.8
129.8857,18,in,33160,-198
129.89,18,in,33164,-179.4
129.8949,18,in,33168,-120.2
129.8992,18,in,33172,-171.8
129.904,18,in,33176,-177.2
129.9087,18,in,33180,-217.8
129.9136,18,in,33184,-123.8
129.9191,18,in,33188,-178.8
129.924,18,in,33192,-162
129.9288,18,in,33196,-177.2
129.9338,18,in,33200,-175
129.9394,18,in,33204,-187.8
129.9444,18,in,33208,-196.2
129.9494,18,in,33212,-224.6
129.9542,18,in,33216,-158.6
129.9595,18,in,33220,-209.8
129.9638,18,in,33224,-180.4
129.9692,18,in,33228,-229.2
129.9745,18,in,33232,-191.4
129.9793,18,in,33236,-161.2
129.9842,18,in,33240,-169.6
129.9886,18,in,33244,-185.4
129.9935,18,in,33248,-244.8
129.9982,18,in,33252,-201.6
130.0026,18,in,33256,-244.6
130.0065,18,in,33260,-189.2
130.0108,18,in,33264,-173
130.0152,18,in,33268,-183.6
130.0193,18,in,33272,-206
130.0231,18,in,33276,-199.4
130.0286,18,in,33280,-240
130.0324,18,in,33284,-168
130.0363,18,in,33288,-191.4
130.0416,18,in,33292,-157.8
130.0462,18,in,33296,-199
130.0507,18,in,33300,-188.4
130.0556,18,in,33304,-180.2
130.0604,18,in,33308,-206.6
130.065,18,in,33312,-250.8
130.0693,18,in,33316,-210.6
130.0732,18,in,33320,-179
130.0776,18,in,33324,-163.6
130.0821,18,in,33328,-231.6
130.0862,18,in,33332,-224.4
130.09,18,in,33336,-131.8
130.0944,18,in,33340,-149.8
130.0993,18,in,33344,-213.6
130.1037,18,in,33348,-232.4
130.1078,18,in,33352,-172.6
130.1119,18,in,33356,-233.2
130.1163,18,in,33360,-233
130.1211,18,in,33364,-201.4
130.1249,18,in,33368,-173.6
130.1291,18,in,33372,-173.8
130.1331,18,in,33376,-176
130.1379,18,in,33380,-212.2
130.142,18,in,33384,-221.4
130.1463,18,in,33388,-194.8
130.1509,18,in,33392,-231.6
130.1566,18,in,33396,-197.2
130.161,18,in,33400,-179.6
130.1656,18,in,33404,-243.6
130.1695,18,in,33408,-236.2
130.1738,18,in,33412,-197.6
130.1776,18,in,33416,-242.6
130.1814,18,in,33420,-217.2
130.1861,18,in,33424,-294.2
130.1915,18,in,33428,-204
130.1955,18,in,33432,-195.2
130.1995,18,in,33436,-236.4
130.2038,18,in,33440,-242.8
130.2084,18,in,33444,-202.8
130.213,18,in,33448,-226.8
130.2171,18,in,33452,-242
130.2212,18,in,33456,-252.8
130.2259,18,in,33460,-220.8
130.23,18,in,33464,-267.2
130.2341,18,in,33468,-264
130.238,18,in,33472,-281.4
130.2419,18,in,33476,-251.2
130.2456,18,in,33480,-258
130.2502,18,in,33484,-229.6
130.2542,18,in,33488,-207.8
130.2584,18,in,33492,-245.4
130.2625,18,in,33496,-238
130.2667,18,in,33500,-174.2
130.2707,18,in,33504,-236.6
130.2748,18,in,33508,-232.2
130.2788,18,in,33512,-227.8
130.2828,18,in,33516,-225.8
130.287,18,in,33520,-268.8
130.291,18,in,33524,-247.4
130.2947,18,in,33528,-211.6
130.2986,18,in,33532,-255.4
130.3025,18,in,33536,-260.8
130.3062,18,in,33540,-261.6
130.3104,18,in,33544,-180
130.3143,18,in,33548,-243.8
130.3183,18,in,33552,-279.6
130.3223,18,in,33556,-213.4
130.3262,18,in,33560,-205.6
130.3302,18,in,33564,-250
130.334,18,in,33568,-216.4
130.3381,18,in,33572,-209.2
130.342,18,in,33576,-219
130.3461,18,in,33580,-305.8
130.3498,18,in,33584,-224.8
130.3538,18,in,33588,-246
130.3575,18,in,33592,-227
130.3615,18,in,33596,-284
130.3656,18,in,33600,-264.6
130.3696,18,in,33604,-468.8
130.3734,18,in,33608,-520.8
130.3773,18,in,33612,-336.8
130.3811,18,in,33616,-322
130.3853,18,in,33620,-347.2
130.3893,18,in,33624,-390.6
130.3932,18,in,33628,-261.6
130.3967,18,in,33632,-280.2
130.4006,18,in,33636,-256.6
130.4043,18,in,33640,-347.2
130.4081,18,in,33644,-334
130.4122,18,in,33648,-289.6
130.4157,18,in,33652,-292.8
130.4198,18,in,33656,-262.6
130.4232,18,in,33660,-276.2
130.4268,18,in,33664,-299.6
130.4305,18,in,33668,-314.6
130.4341,18,in,33672,-311
130.4378,18,in,33676,-293.4
130.442,18,in,33680,-333
130.4458,18,in,33684,-318.2
130.4494,18,in,33688,-314.4
130.453,18,in,33692,-321
130.4565,18,in,33696,-322.2
130.4601,18,in,33700,-342
130.4637,18,in,33704,-377.6
130.4676,18,in,33708,-367.8
130.4714,18,in,33712,-324.2
130.4751,18,in,33716,-322.4
130.4792,18,in,33720,-336.2
130.4827,18,in,33724,-359.8
130.4864,18,in,33728,-372.6
130.4905,18,in,33732,-374.6
130.4942,18,in,33736,-370.6
130.4981,18,in,33740,-444.4
130.5019,18,in,33744,-392.4
130.5059,18,in,33748,-402.4
130.5095,18,in,33752,-326.8
130.513,18,in,33756,-377
130.5167,18,in,33760,-405.2
130.5204,18,in,33764,-387
130.5244,18,in,33768,-396.2
130.5281,18,in,33772,-327
130.5318,18,in,33776,-382.4
130.5355,18,in,33780,-411.6
130.5399,18,in,33784,-406.6
130.5432,18,in,33788,-416.2
130.5471,18,in,33792,-407.6
130.5506,18,in,33796,-424.6
130.5541,18,in,33800,-403.4
130.5577,18,in,33804,-436
130.5619,18,in,33808,-478.4
130.5657,18,in,33812,-461.4
130.5698,18,in,33816,-490.8
130.5734,18,in,33820,-465.8
130.5773,18,in,33824,-475.6
130.5805,18,in,33828,-466.6
130.5842,18,in,33832,-462.2
130.5878,18,in,33836,-485.6
130.5913,18,in,33840,-496.6
130.5954,18,in,33844,-495.8
130.5989,18,in,33848,-523
130.6026,18,in,33852,-518
130.6062,18,in,33856,-512
130.6097,18,in,33860,-500.2
130.6147,18,in,33864,-537
130.6186,18,in,33868,-547.4
130.6226,18,in,33872,-670.4
130.6265,18,in,33876,-572.2
130.6331,18,in,33880,-564.6
130.6371,18,in,33884,-630.4
130.6412,18,in,33888,-624
130.645,18,in,33892,-569.4
130.6501,18,in,33896,-641.8
130.654,18,in,33900,-619.2
130.6583,18,in,33904,-605.2
130.6624,18,in,33908,-614.4
130.6675,18,in,33912,-632.6
130.6714,18,in,33916,-658.8
130.6757,18,in,33920,-566.6
130.6797,18,in,33924,-589.2
130.6839,18,in,33928,-583.4
130.6884,18,in,33932,-599.4
130.6926,18,in,33936,-616.8
130.6971,18,in,33940,-631.6
130.702,18,in,33944,-704
130.706,18,in,33948,-639
130.7101,18,in,33952,-601.2
130.7146,18,in,33956,-599.4
130.7188,18,in,33960,-659
130.7228,18,in,33964,-595.2
130.7265,18,in,33968,-568.6
130.7304,18,in,33972,-603.2
130.7342,18,in,33976,-615.2
130.7388,18,in,33980,-637.8
130.7426,18,in,33984,-651.6
130.7464,18,in,33988,-644.4
130.7503,18,in,33992,-542.8
130.7549,18,in,33996,-614
130.76,18,in,34000,-482.8
130.7643,18,in,34004,-497.4
130.7687,18,in,34008,-553.2
130.7726,18,in,34012,-493
130.7766,18,in,34016,-569.8
130.7801,18,in,34020,-686.4
130.7839,18,in,34024,-645.2
130.788,18,in,34028,-571.2
130.7923,18,in,34032,-644.8
130.7973,18,in,34036,-632.4
130.8017,18,in,34040,-636.4
130.8058,18,in,34044,-641.6
130.8101,18,in,34048,-703.6
130.8138,18,in,34052,-627.4
130.8174,18,in,34056,-679.6
130.8212,18,in,34060,-665.2
130.8249,18,in,34064,-650.6
130.8295,18,in,34068,-787.8
130.8335,18,in,34072,-620
130.8374,18,in,34076,-622.2
130.8411,18,in,34080,-625
130.8457,18,in,34084,-919.8
130.85,18,in,34088,-648.4
130.8538,18,in,34092,-682
130.8575,18,in,34096,-695.8
130.8617,18,in,34100,-654
130.8667,18,in,34104,-637.4
130.8715,18,in,34108,-690
130.8767,18,in,34112,-672.2
130.8808,18,in,34116,-670.4
130.8851,18,in,34120,-689.2
130.8891,18,in,34124,-677.4
130.8931,18,in,34128,-715
130.8972,18,in,34132,-745.4
130.9024,18,in,34136,-776
130.9069,18,in,34140,-858.2
130.9109,18,in,34144,-865.4
130.9152,18,in,34148,-850.6
130.9197,18,in,34152,-788.6
130.9235,18,in,34156,-727.2
130.9273,18,in,34160,-730.6
130.9314,18,in,34164,-776.6
130.9361,18,in,34168,-661.6
130.9407,18,in,34172,-628.6
130.9451,18,in,34176,-688.8
130.9495,18,in,34180,-691
130.9542,18,in,34184,-753.2
130.9588,18,in,34188,-728.6
130.9628,18,in,34192,-799.4
130.9679,18,in,34196,-875
130.9735,18,in,34200,-855.6
130.9777,18,in,34204,-891.4
130.9815,18,in,34208,-749.8
130.9856,18,in,34212,-773.8
130.9906,18,in,34216,-849
130.9952,18,in,34220,-792.8
130.9997,18,in,34224,-891.8
131.0038,18,in,34228,-873.4
131.0085,18,in,34232,-905.6
131.0129,18,in,34236,-1017.2
131.0171,18,out,34232,-1075
131.0211,18,out,34228,-842.4
131.0253,18,out,34224,-835
131.0293,18,out,34220,-828.6
131.0332,18,out,34216,-833.2
131.0379,18,out,34212,-982
131.0424,18,out,34208,-810.8
131.0467,18,out,34204,-836.4
131.0515,18,out,34200,-775.8
131.0555,18,out,34196,-741.4
131.0595,18,out,34192,-693.8
131.064,18,out,34188,-732.2
131.0688,18,out,34184,-780.2
131.073,18,out,34180,-762.2
131.0771,18,out,34176,-666.4
131.0819,18,out,34172,-698.8
131.0864,18,out,34168,-805.8
131.0909,18,out,34164,-813.4
131.0952,18,out,34160,-777.2
131.1003,18,out,34156,-817
131.1043,18,out,34152,-761.8
131.1084,18,out,34148,-790.6
131.1125,18,out,34144,-808.8
131.1182,18,out,34140,-797.6
131.122,18,out,34136,-886.4
131.126,18,out,34132,-854.2
131.1302,18,out,34128,-857.2
131.1351,18,out,34124,-817.8
131.1395,18,out,34120,-832
131.1434,18,out,34116,-897.8
131.1485,18,out,34112,-792.8
131.1538,18,out,34108,-852.6
131.1579,18,out,34104,-901.2
131.1619,18,out,34100,-874
131.1661,18,out,34096,-801.6
131.1711,18,out,34092,-800.8
131.1753,18,out,34088,-786.4
131.1794,18,out,34084,-800.4
131.1834,18,out,34080,-739.6
131.1878,18,out,34076,-886.2
131.1925,18,out,34072,-882
131.1968,18,out,34068,-912.8
131.2009,18,out,34064,-801.6
131.205,18,out,34060,-821.4
131.2102,18,out,34056,-907
131.2144,18,out,34052,-803.2
131.2183,18,out,34048,-725.4
131.2226,18,out,34044,-813.6
131.2279,18,out,34040,-824
131.2319,18,out,34036,-875.8
131.2359,18,out,34032,-891
131.2407,18,out,34028,-808.6
131.2463,18,out,34024,-800.6
131.2506,18,out,34020,-896.2
131.2548,18,out,34016,-797
131.2593,18,out,34012,-850
131.264,18,out,34008,-738
131.2692,18,out,34004,-757
131.2739,18,out,34000,-723.4
131.2798,18,out,33996,-772.4
131.2849,18,out,33992,-755.2
131.2897,18,out,33988,-768
131.2947,18,out,33984,-773.8
131.2993,18,out,33980,-800.4
131.304,18,out,33976,-736.4
131.3087,18,out,33972,-763
131.3136,18,out,33968,-862
131.3183,18,out,33964,-701.4
131.3228,18,out,33960,-711.8
131.3278,18,out,33956,-733.6
131.3326,18,out,33952,-825.2
131.3376,18,out,33948,-887.4
131.3431,18,out,33944,-684.2
131.3487,18,out,33940,-740
131.3541,18,out,33936,-737
131.3591,18,out,33932,-747.8
131.3642,18,out,33928,-768.4
131.3688,18,out,33924,-851.2
131.3739,18,out,33920,-727.8
131.3783,18,out,33916,-964.4
131.383,18,out,33912,-1056
131.3885,18,out,33908,-1070
131.3934,18,out,33904,-1077
131.3984,18,out,33900,-1024.2
131.4035,18,out,33896,-1035
131.4083,18,out,33892,-998
131.4129,18,out,33888,-928.4
131.4174,18,out,33884,-971
131.4219,18,out,33880,-926
131.4264,18,out,33876,-932
131.4315,18,out,33872,-976.8
131.4362,18,out,33868,-916
131.4416,18,out,33864,-956
131.4467,18,out,33860,-872.2
131.4514,18,out,33856,-942.6
131.4564,18,out,33852,-994.6
131.4612,18,out,33848,-883.2
131.4658,18,out,33844,-820.8
131.4702,18,out,33840,-888.8
131.4745,18,out,33836,-878.6
131.4795,18,out,33832,-881.2
131.4839,18,out,33828,-883.8
131.4888,18,out,33824,-916
131.4943,18,out,33820,-832.4
131.4986,18,out,33816,-832.4
131.5029,18,out,33812,-779.6
131.5072,18,out,33808,-780.8
131.5116,18,out,33804,-862.6
131.5159,18,out,33800,-815
131.5204,18,out,33796,-763.8
131.5248,18,out,33792,-824
131.5297,18,out,33788,-863.2
131.5344,18,out,33784,-833.4
131.5388,18,out,33780,-844.4
131.5432,18,out,33776,-836.8
131.5484,18,out,33772,-819.4
131.5529,18,out,33768,-828.8
131.5575,18,out,33764,-831.6
131.5617,18,out,33760,-866.2
131.5672,18,out,33756,-846.2
131.5719,18,out,33752,-825.8
131.5763,18,out,33748,-848.6
131.5807,18,out,33744,-1078.2
131.5863,18,out,33740,-1021
131.5908,18,out,33736,-943.6
131.5952,18,out,33732,-1016.8
131.6002,18,out,33728,-845
131.6051,18,out,33724,-896.6
131.6098,18,out,33720,-812
131.6144,18,out,33716,-786.4
131.6196,18,out,33712,-824.4
131.6252,18,out,33708,-818.8
131.6304,18,out,33704,-833
131.635,18,out,33700,-776.6
131.6402,18,out,33696,-797.2
131.6448,18,out,33692,-749.6
131.6498,18,out,33688,-819.6
131.6547,18,out,33684,-842
131.6593,18,out,33680,-784.8
131.6645,18,out,33676,-821
131.6693,18,out,33672,-782.8
131.6743,18,out,33668,-829
131.6792,18,out,33664,-884.6
131.6838,18,out,33660,-786
131.6883,18,out,33656,-715
131.6929,18,out,33652,-726.4
131.697,18,out,33648,-779.2
131.7011,18,out,33644,-744.6
131.7057,18,out,33640,-829.2
131.7101,18,out,33636,-1471.8
131.7147,18,out2,33586,-879.2
131.7193,18,out2,33536,-795.6
131.7246,18,out2,33486,-722.4
131.7293,18,out2,33436,-752
131.7338,18,out2,33386,-639.8
131.7381,18,out2,33336,-596.6
131.7424,18,out2,33286,-562.2
131.7472,18,out2,33236,-559
131.7515,18,out2,33186,-529.6
131.7559,18,out2,33136,-460.2
131.76,18,out2,33086,-484
131.7644,18,out2,33036,-496.8
131.7686,18,out2,32986,-500.6
131.773,18,out2,32936,-399.8
131.7782,18,out2,32886,-460.2
131.7828,18,out2,32836,-344.8
131.7871,18,out2,32786,-320
131.7916,18,out2,32736,-240.6
131.7963,18,out2,32686,-370.4
131.8007,18,out2,32636,-312.8
131.805,18,out2,32586,-304.8
131.8092,18,out2,32536,-103.4
131.8133,19,in,32536,-153.6
131.8183,19,in,32540,-217
131.8226,19,in,32544,-224.8
131.8269,19,in,32548,-185.8
131.8313,19,in,32552,-139.4
131.8364,19,in,32556,-214.4
131.8409,19,in,32560,-195.4
131.8461,19,in,32564,-149.8
131.8508,19,in,32568,-200.8
131.8556,19,in,32572,-207.6
131.8604,19,in,32576,-160.6
131.8649,19,in,32580,-216.6
131.8696,19,in,32584,-226
131.8741,19,in,32588,-182
131.8788,19,in,32592,-166.2
131.8839,19,in,32596,-202.2
131.8888,19,in,32600,-186
131.8937,19,in,32604,-146
131.8989,19,in,32608,-194
131.9034,19,in,32612,-250.8
131.9087,19,in,32616,-213.2
131.9138,19,in,32620,-224.8
131.9184,19,in,32624,-243.6
131.9233,19,in,32628,-208.6
131.928,19,in,32632,-206.8
131.9329,19,in,32636,-206
131.9379,19,in,32640,-266.2
131.9429,19,in,32644,-201.8
131.9478,19,in,32648,-187.4
131.953,19,in,32652,-194.6
131.958,19,in,32656,-209.8
131.9627,19,in,32660,-202.4
131.9679,19,in,32664,-188.6
131.9726,19,in,32668,-239
131.9776,19,in,32672,-226.4
131.9827,19,in,32676,-185
131.988,19,in,32680,-235.4
131.993,19,in,32684,-140.8
131.9975,19,in,32688,-187
132.0022,19,in,32692,-170.4
132.0069,19,in,32696,-195.6
132.0111,19,in,32700,-220
132.0163,19,in,32704,-227.2
132.0211,19,in,32708,-153.8
132.0259,19,in,32712,-167.8
132.0305,19,in,32716,-121.4
132.0349,19,in,32720,-101.2
132.0401,19,in,32724,-167.6
132.0448,19,in,32728,-161.8
132.0498,19,in,32732,-185.4
132.0542,19,in,32736,-220.8
132.0592,19,in,32740,-123
132.0643,19,in,32744,-179.4
132.0692,19,in,32748,-180.4
132.0737,19,in,32752,-157.2
132.0786,19,in,32756,-166.8
132.0835,19,in,32760,-160.2
132.0886,19,in,32764,-194
132.0932,19,in,32768,-145.8
132.0982,19,in,32772,-198.2
132.1032,19,in,32776,-198.6
132.1079,19,in,32780,-205.2
132.1124,19,in,32784,-169.2
132.1171,19,in,32788,-208.8
132.1229,19,in,32792,-160.8
132.1277,19,in,32796,-211.4
132.1328,19,in,32800,-261.4
132.1373,19,in,32804,-223.4
132.1429,19,in,32808,-197.4
132.1477,19,in,32812,-222
132.1531,19,in,32816,-180
132.1583,19,in,32820,-219.6
132.1631,19,in,32824,-258.6
132.1682,19,in,32828,-265.8
132.1731,19,in,32832,-194.2
132.1777,19,in,32836,-188
132.1821,19,in,32840,-319
132.1869,19,in,32844,-271.4
132.1916,19,in,32848,-239.8
132.1962,19,in,32852,-349.4
132.2013,19,in,32856,-247.4
132.206,19,in,32860,-275
132.2116,19,in,32864,-245.4
132.2163,19,in,32868,-270.2
132.2214,19,in,32872,-257.6
132.2262,19,in,32876,-229.6
132.2321,19,in,32880,-287.2
132.237,19,in,32884,-296.4
132.2423,19,in,32888,-250.4
132.2473,19,in,32892,-249.8
132.2522,19,in,32896,-273
132.2573,19,in,32900,-188.8
132.262,19,in,32904,-193.2
132.2677,19,in,32908,-194.8
132.272,19,in,32912,-197
132.277,19,in,32916,-223.2
132.2821,19,in,32920,-212.6
132.2873,19,in,32924,-211.8
132.2922,19,in,32928,-222.8
132.2969,19,in,32932,-216.2
132.3032,19,in,32936,-183.4
132.308,19,in,32940,-212.2
132.3129,19,in,32944,-202.2
132.3182,19,in,32948,-261.2
132.3241,19,in,32952,-201
132.329,19,in,32956,-240.4
132.3337,19,in,32960,-236.2
132.3387,19,in,32964,-255.2
132.3437,19,in,32968,-209.2
132.3491,19,in,32972,-209.2
132.354,19,in,32976,-262.4
132.3592,19,in,32980,-259.8
132.3642,19,in,32984,-246.2
132.3685,19,in,32988,-250.2
132.3738,19,in,32992,-228.4
132.3787,19,in,32996,-206.6
132.3832,19,in,33000,-155.2
132.3884,19,in,33004,-284
132.3936,19,in,33008,-272.4
132.3985,19,in,33012,-249.2
132.4035,19,in,33016,-278
132.4087,19,in,33020,-292
132.4137,19,in,33024,-370.4
132.4187,19,in,33028,-300.6
132.4235,19,in,33032,-350.8
132.4301,19,in,33036,-271.2
132.4348,19,in,33040,-287
132.4392,19,in,33044,-321
132.4439,19,in,33048,-329.8
132.4488,19,in,33052,-323
132.4542,19,in,33056,-298.2
132.4594,19,in,33060,-307.6
132.465,19,in,33064,-281
132.4699,19,in,33068,-277.2
132.4749,19,in,33072,-272.2
132.4797,19,in,33076,-305.8
132.4849,19,in,33080,-325.8
132.4902,19,in,33084,-343
132.4953,19,in,33088,-303.4
132.5012,19,in,33092,-304.6
132.5062,19,in,33096,-232.6
132.5112,19,in,33100,-274.8
132.5162,19,in,33104,-243.2
132.522,19,in,33108,-239.8
132.527,19,in,33112,-250.6
132.5319,19,in,33116,-230.6
132.5375,19,in,33120,-232
132.5425,19,in,33124,-199.6
132.5478,19,in,33128,-293
132.5527,19,in,33132,-279.8
132.5577,19,in,33136,-238.2
132.5623,19,in,33140,-217.8
132.5669,19,in,33144,-258
132.5714,19,in,33148,-223
132.576,19,in,33152,-168.8
132.5802,19,in,33156,-291
132.5844,19,in,33160,-257.4
132.5887,19,in,33164,-245.6
132.5932,19,in,33168,-293.4
132.5969,19,in,33172,-273
132.6008,19,in,33176,-315.4
132.6044,19,in,33180,-324
132.6086,19,in,33184,-249.2
132.6132,19,in,33188,-290
132.6169,19,in,33192,-293.2
132.621,19,in,33196,-264
132.6253,19,in,33200,-273.2
132.63,19,in,33204,-273.4
132.6341,19,in,33208,-280.4
132.6381,19,in,33212,-325.4
132.6421,19,in,33216,-220.8
132.6479,19,in,33220,-279.4
132.6521,19,in,33224,-240.4
132.6561,19,in,33228,-269
132.6612,19,in,33232,-293.4
132.6653,19,in,33236,-342.4
132.6693,19,in,33240,-280.2
132.6734,19,in,33244,-252
132.6783,19,in,33248,-293
132.6833,19,in,33252,-288.6
132.6887,19,in,33256,-263.4
132.6932,19,in,33260,-297
132.6976,19,in,33264,-323.6
132.7019,19,in,33268,-295.4
132.7059,19,in,33272,-277.4
132.7099,19,in,33276,-297.8
132.7138,19,in,33280,-287
132.7175,19,in,33284,-331.4
132.7209,19,in,33288,-307.4
132.7245,19,in,33292,-275.4
132.7282,19,in,33296,-257
132.7318,19,in,33300,-323.2
132.7356,19,in,33304,-317
132.7397,19,in,33308,-307.8
132.7433,19,in,33312,-299
132.7475,19,in,33316,-300
132.7526,19,in,33320,-302
132.7566,19,in,33324,-297.6
132.7607,19,in,33328,-293.6
132.7651,19,in,33332,-328
132.7699,19,in,33336,-324.8
132.7743,19,in,33340,-274.4
132.7785,19,in,33344,-292.4
132.7831,19,in,33348,-286
132.7889,19,in,33352,-345.4
132.7934,19,in,33356,-372.2
132.7983,19,in,33360,-294.4
132.8029,19,in,33364,-266.4
132.8077,19,in,33368,-274.6
132.8121,19,in,33372,-299.4
132.8163,19,in,33376,-305.8
132.8206,19,in,33380,-299.4
132.8244,19,in,33384,-303
132.8281,19,in,33388,-277.4
132.8327,19,in,33392,-268.4
132.837,19,in,33396,-274.8
132.8422,19,in,33400,-315
132.8466,19,in,33404,-292.4
132.8509,19,in,33408,-235.2
132.8548,19,in,33412,-278.2
132.8599,19,in,33416,-276.2
132.8643,19,in,33420,-306
132.868,19,in,33424,-333.8
132.8719,19,in,33428,-373.4
132.8774,19,in,33432,-345.4
132.8823,19,in,33436,-276
132.8867,19,in,33440,-346.6
132.891,19,in,33444,-362
132.8963,19,in,33448,-370.4
132.9006,19,in,33452,-344
132.9045,19,in,33456,-400.4
132.9085,19,in,33460,-405.2
132.913,19,in,33464,-387.6
132.9168,19,in,33468,-377
132.9207,19,in,33472,-402.4
132.9249,19,in,33476,-349
132.93,19,in,33480,-344.6
132.9343,19,in,33484,-430.8
132.9388,19,in,33488,-432
132.9429,19,in,33492,-437.4
132.9478,19,in,33496,-493.4
132.9526,19,in,33500,-475
132.9568,19,in,33504,-532.2
132.9607,19,in,33508,-476.6
132.9658,19,in,33512,-459.2
132.9704,19,in,33516,-488.6
132.9753,19,in,33520,-487.8
132.9798,19,in,33524,-447.8
132.9843,19,in,33528,-408.4
132.988,19,in,33532,-444.8
132.9918,19,in,33536,-392.4
132.9956,19,in,33540,-395.8
133.0001,19,in,33544,-440
133.0041,19,in,33548,-470.8
133.0081,19,in,33552,-491.6
133.012,19,in,33556,-390.4
133.0162,19,in,33560,-445.2
133.0213,19,in,33564,-386.8
133.0256,19,in,33568,-368.2
133.03,19,in,33572,-358.6
133.0343,19,in,33576,-358.4
133.0395,19,in,33580,-353.2
133.0443,19,in,33584,-406
133.0488,19,in,33588,-382
133.0528,19,in,33592,-351.2
133.0581,19,in,33596,-368
133.0626,19,in,33600,-468.6
133.0671,19,in,33604,-418.6
133.0712,19,in,33608,-360
133.0755,19,in,33612,-373.4
133.0795,19,in,33616,-409
133.083,19,in,33620,-409.6
133.087,19,in,33624,-425.4
133.0916,19,in,33628,-416
133.0969,19,in,33632,-353.2
133.1011,19,in,33636,-450
133.1055,19,in,33640,-405.6
133.1106,19,in,33644,-398.8
133.1151,19,in,33648,-367
133.1192,19,in,33652,-394.4
133.1236,19,in,33656,-403.6
133.1291,19,in,33660,-503.2
133.1332,19,in,33664,-658.2
133.1371,19,in,33668,-512.2
133.1418,19,in,33672,-424.2
133.1473,19,in,33676,-442.4
133.1525,19,in,33680,-452.4
133.157,19,in,33684,-483
133.1611,19,in,33688,-414.2
133.1656,19,in,33692,-484.2
133.17,19,in,33696,-478.2
133.1745,19,in,33700,-421.8
133.1789,19,in,33704,-422.2
133.1828,19,in,33708,-460.4
133.1868,19,in,33712,-476.4
133.1908,19,in,33716,-377.4
133.1947,19,in,33720,-446.8
133.1987,19,in,33724,-471.4
133.203,19,in,33728,-489.4
133.2069,19,in,33732,-403.4
133.2108,19,in,33736,-456.6
133.215,19,in,33740,-395.4
133.2185,19,in,33744,-487
133.2219,19,in,33748,-503.4
133.2255,19,in,33752,-465.2
133.2295,19,in,33756,-448
133.2333,19,in,33760,-467.2
133.2372,19,in,33764,-471.2
133.2414,19,in,33768,-470
133.2454,19,in,33772,-442
133.2494,19,in,33776,-486.6
133.2531,19,in,33780,-509.8
133.2575,19,in,33784,-472.2
133.2619,19,in,33788,-452.8
133.2659,19,in,33792,-460.6
133.2701,19,in,33796,-487.4
133.2739,19,in,33800,-478
133.2781,19,in,33804,-437.2
133.2821,19,in,33808,-502.4
133.2861,19,in,33812,-554.2
133.2905,19,in,33816,-470.2
133.2949,19,in,33820,-480.6
133.2994,19,in,33824,-428
133.3035,19,in,33828,-563
133.3075,19,in,33832,-505.8
133.312,19,in,33836,-468.6
133.3167,19,in,33840,-557.2
133.3214,19,in,33844,-505.4
133.3262,19,in,33848,-463.8
133.3303,19,in,33852,-463
133.3344,19,in,33856,-430
133.3383,19,in,33860,-472.2
133.3426,19,in,33864,-445.2
133.3468,19,in,33868,-537.8
133.3507,19,in,33872,-489.6
133.355,19,in,33876,-484.6
133.3593,19,in,33880,-467.4
133.3639,19,in,33884,-479.6
133.3683,19,in,33888,-505
133.3729,19,in,33892,-453.6
133.3774,19,in,33896,-511.4
133.3814,19,in,33900,-495
133.3858,19,in,33904,-512.8
133.3897,19,in,33908,-472
133.3939,19,in,33912,-524.4
133.3989,19,in,33916,-524.2
133.4031,19,in,33920,-595.8
133.4072,19,in,33924,-581.2
133.4116,19,in,33928,-494.8
133.4159,19,in,33932,-627
133.4196,19,in,33936,-734.8
133.4235,19,in,33940,-687
133.4276,19,in,33944,-649.2
133.4318,19,in,33948,-630.4
133.4358,19,in,33952,-754.2
133.4401,19,in,33956,-696
133.4447,19,in,33960,-683.6
133.4493,19,in,33964,-639
133.4539,19,in,33968,-609
133.4584,19,in,33972,-587.8
133.4628,19,in,33976,-633
133.4671,19,in,33980,-737.8
133.4715,19,in,33984,-740.6
133.476,19,in,33988,-675.2
133.4802,19,in,33992,-634.2
133.4845,19,in,33996,-681.2
133.4887,19,in,34000,-663.6
133.4927,19,in,34004,-654
133.4969,19,in,34008,-660.4
133.5007,19,in,34012,-723.6
133.5046,19,in,34016,-762.6
133.5087,19,in,34020,-721.4
133.5134,19,in,34024,-705.4
133.5177,19,in,34028,-736.2
133.5224,19,in,34032,-643.2
133.5276,19,in,34036,-883.6
133.5318,19,in,34040,-853.6
133.5363,19,in,34044,-1195.6
133.5416,19,out,34040,-915.6
133.5458,19,out,34036,-1033.4
133.5501,19,out,34032,-998.2
133.5551,19,out,34028,-952
133.5597,19,out,34024,-1123.6
133.5641,19,out,34020,-1118.8
133.5689,19,out,34016,-1144.6
133.5734,19,out,34012,-1017
133.578,19,out,34008,-1046.4
133.5825,19,out,34004,-1143.8
133.5874,19,out,34000,-1140.2
133.592,19,out,33996,-920.4
133.5961,19,out,33992,-986.4
133.6006,19,out,33988,-893.4
133.605,19,out,33984,-958
133.61,19,out,33980,-896.2
133.6148,19,out,33976,-819.2
133.6196,19,out,33972,-994.4
133.6243,19,out,33968,-928.2
133.6289,19,out,33964,-827.8
133.6339,19,out,33960,-1079
133.6384,19,out,33956,-959.6
133.6429,19,out,33952,-967.8
133.6475,19,out,33948,-903.6
133.6523,19,out,33944,-882.2
133.657,19,out,33940,-862
133.6615,19,out,33936,-915.4
133.666,19,out,33932,-1058.8
133.6701,19,out,33928,-1041
133.6741,19,out,33924,-1154
133.6784,19,out,33920,-885.2
133.6833,19,out,33916,-992.4
133.6879,19,out,33912,-1003.4
133.6922,19,out,33908,-930.4
133.6964,19,out,33904,-904
133.7003,19,out,33900,-975.6
133.7045,19,out,33896,-1010.8
133.709,19,out,33892,-989.2
133.7138,19,out,33888,-984.4
133.7185,19,out,33884,-885.4
133.7227,19,out,33880,-961.8
133.7273,19,out,33876,-907
133.7318,19,out,33872,-877
133.736,19,out,33868,-911.2
133.7405,19,out,33864,-929.2
133.747,19,out,33860,-909.6
133.7512,19,out,33856,-858.2
133.7555,19,out,33852,-847.6
133.7603,19,out,33848,-991.2
133.7657,19,out,33844,-1066.8
133.7707,19,out,33840,-987
133.7754,19,out,33836,-1031.2
133.7808,19,out,33832,-1037
133.7862,19,out,33828,-936
133.7911,19,out,33824,-865.6
133.7957,19,out,33820,-933.6
133.8005,19,out,33816,-937.4
133.8053,19,out,33812,-951.8
133.8097,19,out,33808,-987.8
133.8138,19,out,33804,-895.6
133.8185,19,out,33800,-904.4
133.823,19,out,33796,-1019.2
133.8273,19,out,33792,-1079.2
133.8321,19,out,33788,-929.2
133.8364,19,out,33784,-941.2
133.841,19,out,33780,-982
133.8455,19,out,33776,-949
133.8505,19,out,33772,-912
133.8553,19,out,33768,-884.8
133.8609,19,out,33764,-953.6
133.8658,19,out,33760,-978.6
133.8708,19,out,33756,-911.2
133.8752,19,out,33752,-848.6
133.88,19,out,33748,-941.8
133.8847,19,out,33744,-909.6
133.8892,19,out,33740,-924.8
133.895,19,out,33736,-902.6
133.8995,19,out,33732,-926
133.9045,19,out,33728,-913.2
133.9092,19,out,33724,-924.8
133.9145,19,out,33720,-953.4
133.9192,19,out,33716,-902.8
133.9236,19,out,33712,-896.6
133.928,19,out,33708,-965.8
133.9331,19,out,33704,-970.6
133.9378,19,out,33700,-921.2
133.9424,19,out,33696,-938
133.9475,19,out,33692,-912
133.9518,19,out,33688,-890.2
133.9563,19,out,33684,-848.4
133.9609,19,out,33680,-881.6
133.966,19,out,33676,-1010.2
133.9708,19,out,33672,-1014.8
133.9756,19,out,33668,-872.6
133.98,19,out,33664,-931.2
133.9846,19,out,33660,-972.4
133.989,19,out,33656,-854.8
133.9933,19,out,33652,-832.4
133.998,19,out,33648,-915.6
134.0025,19,out,33644,-936.2
134.0068,19,out,33640,-822.6
134.0112,19,out,33636,-874.8
134.0155,19,out,33632,-819
134.0205,19,out,33628,-899.6
134.0251,19,out,33624,-764.8
134.0299,19,out,33620,-803.2
134.0349,19,out,33616,-875.2
134.0399,19,out,33612,-886.8
134.0447,19,out,33608,-837.2
134.0494,19,out,33604,-888.6
134.0539,19,out,33600,-893.6
134.0593,19,out,33596,-810
134.0651,19,out,33592,-851.8
134.0703,19,out,33588,-915.8
134.0761,19,out,33584,-824.2
134.0815,19,out,33580,-782.2
134.0871,19,out,33576,-883.2
134.0927,19,out,33572,-745.4
134.098,19,out,33568,-671.8
134.1036,19,out,33564,-822.8
134.1088,19,out,33560,-810.6
134.1134,19,out,33556,-735
134.1178,19,out,33552,-800.2
134.1227,19,out,33548,-870.4
134.1274,19,out,33544,-790.6
134.1321,19,out,33540,-800.4
134.1369,19,out,33536,-870.6
134.1418,19,out,33532,-896.2
134.1464,19,out,33528,-1038
134.1519,19,out,33524,-827.4
134.1572,19,out,33520,-776.8
134.1615,19,out,33516,-826
134.1673,19,out,33512,-787.2
134.172,19,out,33508,-824.2
134.1764,19,out,33504,-759.8
134.1809,19,out,33500,-681
134.1857,19,out,33496,-830.8
134.1904,19,out,33492,-817.8
134.1944,19,out,33488,-819.4
134.1985,19,out,33484,-784.4
134.2028,19,out,33480,-772.2
134.2073,19,out,33476,-785.6
134.2121,19,out,33472,-698.2
134.2173,19,out,33468,-722.2
134.2225,19,out,33464,-768.8
134.2272,19,out,33460,-767.2
134.2319,19,out,33456,-711.6
134.2364,19,out,33452,-1025.8
134.2409,19,out,33448,-1144
134.2455,19,out,33444,-1162.2
134.2505,19,out2,33394,-661.2
134.2557,19,out2,33344,-613
134.2605,19,out2,33294,-672.8
134.2653,19,out2,33244,-600.8
134.2697,19,out2,33194,-592.8
134.2744,19,out2,33144,-506.2
134.2796,19,out2,33094,-476.8
134.2847,19,out2,33044,-489.2
134.2899,19,out2,32994,-450.2
134.2944,19,out2,32944,-558.6
134.2994,19,out2,32894,-498.4
134.3044,19,out2,32844,-433.2
134.3095,19,out2,32794,-424.8
134.3144,19,out2,32744,-406.6
134.3195,19,out2,32694,-274.6
134.3239,19,out2,32644,-193.6
134.3295,19,out2,32594,-183.6
134.3337,19,out2,32544,-218.2
134.3378,19,out2,32494,-135.8
134.342,20,in,32494,-120.4
134.3474,20,in,32498,-121
134.3516,20,in,32502,-139.6
134.3557,20,in,32506,-90
134.3605,20,in,32510,-103
134.3652,20,in,32514,-107.2
134.3699,20,in,32518,-120.6
134.3747,20,in,32522,-112.6
134.3798,20,in,32526,-110.8
134.3846,20,in,32530,-142.2
134.3893,20,in,32534,-81.4
134.3939,20,in,32538,-69.8
134.3987,20,in,32542,-141.2
134.403,20,in,32546,-125.6
134.4082,20,in,32550,-95.4
134.4128,20,in,32554,-113
134.4174,20,in,32558,-125.6
134.4218,20,in,32562,-124
134.4266,20,in,32566,-87
134.4313,20,in,32570,-99.8
134.4361,20,in,32574,-111
134.4409,20,in,32578,-98.6
134.4458,20,in,32582,-98
134.4503,20,in,32586,-119.6
134.4549,20,in,32590,-105.4
134.4596,20,in,32594,-88.8
134.4645,20,in,32598,-49.8
134.4694,20,in,32602,-103.6
134.4742,20,in,32606,-107.2
134.4792,20,in,32610,-95.2
134.484,20,in,32614,-89.2
134.4887,20,in,32618,-126.2
134.493,20,in,32622,-104.6
134.4976,20,in,32626,-112
134.5024,20,in,32630,-125.2
134.5075,20,in,32634,-146.6
134.5123,20,in,32638,-118.4
134.5172,20,in,32642,-133
134.5216,20,in,32646,-126.4
134.5258,20,in,32650,-134.8
134.5309,20,in,32654,-85.2
134.5357,20,in,32658,-146.8
134.5402,20,in,32662,-129.6
134.5449,20,in,32666,-138.6
134.5498,20,in,32670,-117
134.5546,20,in,32674,-170.8
134.5601,20,in,32678,-89.4
134.5644,20,in,32682,-132.8
134.5687,20,in,32686,-106.4
134.5732,20,in,32690,-136.4
134.5784,20,in,32694,-89.6
134.583,20,in,32698,-125.8
134.5873,20,in,32702,-195.4
134.5926,20,in,32706,-113.6
134.5975,20,in,32710,-86.6
134.6023,20,in,32714,-118
134.6068,20,in,32718,-122.8
134.6115,20,in,32722,-121.6
134.616,20,in,32726,-147.4
134.6208,20,in,32730,-139.4
134.6253,20,in,32734,-75
134.6305,20,in,32738,-108.6
134.6356,20,in,32742,-142.8
134.6402,20,in,32746,-127.2
134.6447,20,in,32750,-65
134.6497,20,in,32754,-117.4
134.6542,20,in,32758,-155.8
134.6591,20,in,32762,-63.8
134.6633,20,in,32766,-117
134.6674,20,in,32770,-89.6
134.6716,20,in,32774,-124.6
134.6759,20,in,32778,-83.8
134.6803,20,in,32782,-47
134.6849,20,in,32786,-125
134.6888,20,in,32790,-126.4
134.6928,20,in,32794,-67.4
134.6965,20,in,32798,-114.8
134.7003,20,in,32802,-121.6
134.7042,20,in,32806,-140.2
134.7081,20,in,32810,-103.8
134.7119,20,in,32814,-141.4
134.7161,20,in,32818,-126.6
134.7208,20,in,32822,-129.6
134.7245,20,in,32826,-98.2
134.7282,20,in,32830,-143.6
134.7322,20,in,32834,-130.4
134.7382,20,in,32838,-159.8
134.7428,20,in,32842,-98.4
134.7473,20,in,32846,-127.2
134.7518,20,in,32850,-106.2
134.7569,20,in,32854,-153.4
134.7611,20,in,32858,-76.2
134.7655,20,in,32862,-117.2
134.7695,20,in,32866,-122.2
134.7742,20,in,32870,-139.2
134.7786,20,in,32874,-138.2
134.7832,20,in,32878,-127
134.7881,20,in,32882,-107.4
134.7931,20,in,32886,-134.2
134.7981,20,in,32890,-138
134.8023,20,in,32894,-102
134.8073,20,in,32898,-103.4
134.8122,20,in,32902,-119.6
134.8167,20,in,32906,-146.4
134.8211,20,in,32910,-123.2
134.826,20,in,32914,-148.8
134.8305,20,in,32918,-101.6
134.8348,20,in,32922,-125.6
134.8396,20,in,32926,-146.6
134.8451,20,in,32930,-153.4
134.8495,20,in,32934,-127.2
134.8541,20,in,32938,-121.6
134.8593,20,in,32942,-108
134.8642,20,in,32946,-128.8
134.869,20,in,32950,-111
134.8736,20,in,32954,-122.2
134.879,20,in,32958,-107
134.8838,20,in,32962,-109.8
134.8884,20,in,32966,-105.8
134.8937,20,in,32970,-128
134.8983,20,in,32974,-115
134.9031,20,in,32978,-146
134.9078,20,in,32982,-116.4
134.9131,20,in,32986,-118.2
134.918,20,in,32990,-107.6
134.9232,20,in,32994,-128.8
134.9282,20,in,32998,-118.4
134.9343,20,in,33002,-103.6
134.9389,20,in,33006,-79
134.9437,20,in,33010,-173.8
134.9492,20,in,33014,-132.4
134.9543,20,in,33018,-149.8
134.9596,20,in,33022,-148
134.9643,20,in,33026,-108
134.9693,20,in,33030,-156.8
134.974,20,in,33034,-122.4
134.9791,20,in,33038,-69.2
134.9842,20,in,33042,-147.6
134.9889,20,in,33046,-160.2
134.9934,20,in,33050,-103.2
134.9986,20,in,33054,-160.4
135.0039,20,in,33058,-158.4
135.0088,20,in,33062,-122.4
135.0136,20,in,33066,-121
135.0181,20,in,33070,-158.2
135.0233,20,in,33074,-151.8
135.0282,20,in,33078,-121
135.033,20,in,33082,-130.4
135.0389,20,in,33086,-124.2
135.0438,20,in,33090,-104
135.0483,20,in,33094,-137
135.0532,20,in,33098,-141.6
135.0583,20,in,33102,-150.8
135.0627,20,in,33106,-145.6
135.0671,20,in,33110,-139
135.0716,20,in,33114,-117.8
135.0764,20,in,33118,-129.4
135.0806,20,in,33122,-190
135.0853,20,in,33126,-136.8
135.0902,20,in,33130,-104.6
135.0956,20,in,33134,-122.6
135.1003,20,in,33138,-144.6
135.1052,20,in,33142,-191
135.1105,20,in,33146,-134.4
135.1155,20,in,33150,-146.4
135.1199,20,in,33154,-179.4
135.1246,20,in,33158,-152.8
135.1298,20,in,33162,-128
135.135,20,in,33166,-160.2
135.1394,20,in,33170,-157
135.1439,20,in,33174,-141.6
135.1491,20,in,33178,-165.6
135.1542,20,in,33182,-174.6
135.1587,20,in,33186,-129.8
135.1634,20,in,33190,-176.4
135.1688,20,in,33194,-195.4
135.1733,20,in,33198,-161.4
135.1782,20,in,33202,-186.2
135.1828,20,in,33206,-147
135.1876,20,in,33210,-178.4
135.1931,20,in,33214,-147.6
135.1981,20,in,33218,-119
135.203,20,in,33222,-153.8
135.2078,20,in,33226,-151.2
135.2122,20,in,33230,-157.2
135.2167,20,in,33234,-149.8
135.2218,20,in,33238,-180
135.2263,20,in,33242,-142
135.2313,20,in,33246,-124.4
135.2363,20,in,33250,-132
135.2411,20,in,33254,-161.6
135.2457,20,in,33258,-193.2
135.2505,20,in,33262,-197.4
135.2554,20,in,33266,-169.2
135.2604,20,in,33270,-138
135.2652,20,in,33274,-154.8
135.2697,20,in,33278,-160.4
135.2748,20,in,33282,-197.8
135.2796,20,in,33286,-122.6
135.2844,20,in,33290,-157.6
135.2891,20,in,33294,-178.8
135.2943,20,in,33298,-172.4
135.2989,20,in,33302,-175.4
135.3034,20,in,33306,-172.4
135.3087,20,in,33310,-144.8
135.3138,20,in,33314,-123.6
135.3187,20,in,33318,-141.6
135.3238,20,in,33322,-170.2
135.3287,20,in,33326,-131.6
135.3336,20,in,33330,-204
135.3387,20,in,33334,-161.4
135.343,20,in,33338,-197
135.3479,20,in,33342,-211.4
135.3524,20,in,33346,-227.6
135.3571,20,in,33350,-162.4
135.3619,20,in,33354,-178.8
135.3664,20,in,33358,-162.8
135.3707,20,in,33362,-155.4
135.3753,20,in,33366,-160.2
135.3796,20,in,33370,-141.6
135.3843,20,in,33374,-218.8
135.3887,20,in,33378,-188.2
135.3927,20,in,33382,-211.2
135.3966,20,in,33386,-170
135.4006,20,in,33390,-249.4
135.4045,20,in,33394,-206
135.4084,20,in,33398,-116.2
135.4123,20,in,33402,-213.4
135.416,20,in,33406,-218
135.4201,20,in,33410,-221
135.4238,20,in,33414,-188.6
135.4275,20,in,33418,-194.2
135.4315,20,in,33422,-208.2
135.4355,20,in,33426,-221.8
135.4392,20,in,33430,-232.6
135.4432,20,in,33434,-235.4
135.4468,20,in,33438,-218.2
135.4501,20,in,33442,-242.6
135.4536,20,in,33446,-192.4
135.4578,20,in,33450,-196.2
135.4616,20,in,33454,-201
135.4657,20,in,33458,-201.6
135.4693,20,in,33462,-242
135.474,20,in,33466,-204.4
135.4778,20,in,33470,-214
135.4814,20,in,33474,-223.6
135.485,20,in,33478,-259.2
135.4886,20,in,33482,-252.6
135.4933,20,in,33486,-190.6
135.4974,20,in,33490,-201
135.5015,20,in,33494,-214
135.5055,20,in,33498,-258.2
135.5094,20,in,33502,-197.8
135.5138,20,in,33506,-239.8
135.5178,20,in,33510,-262
135.5223,20,in,33514,-211.4
135.5263,20,in,33518,-202.8
135.5299,20,in,33522,-213.8
135.5336,20,in,33526,-238.6
135.5376,20,in,33530,-285.4
135.542,20,in,33534,-194.4
135.5463,20,in,33538,-208.6
135.5509,20,in,33542,-200.8
135.5557,20,in,33546,-237
135.56,20,in,33550,-234.6
135.5645,20,in,33554,-256.8
135.5687,20,in,33558,-242.2
135.5728,20,in,33562,-243.4
135.5768,20,in,33566,-233.8
135.5813,20,in,33570,-248.2
135.5857,20,in,33574,-199.8
135.5899,20,in,33578,-276.2
135.5943,20,in,33582,-299
135.599,20,in,33586,-220.8
135.6031,20,in,33590,-174.4
135.6073,20,in,33594,-231.2
135.6115,20,in,33598,-171.2
135.6161,20,in,33602,-185
135.6205,20,in,33606,-230.6
135.6248,20,in,33610,-282.6
135.6291,20,in,33614,-192
135.6332,20,in,33618,-331.2
135.6371,20,in,33622,-216.4
135.6417,20,in,33626,-315.4
135.646,20,in,33630,-174.6
135.6501,20,in,33634,-216.6
135.6545,20,in,33638,-261.2
135.659,20,in,33642,-267
135.6635,20,in,33646,-187
135.6679,20,in,33650,-193.8
135.6719,20,in,33654,-306.4
135.6761,20,in,33658,-263.4
135.6802,20,in,33662,-195.6
135.6846,20,in,33666,-212.2
135.6893,20,in,33670,-262.2
135.6937,20,in,33674,-249
135.6993,20,in,33678,-242.6
135.7036,20,in,33682,-252.4
135.7079,20,in,33686,-252.4
135.7121,20,in,33690,-328.2
135.7163,20,in,33694,-359.2
135.7205,20,in,33698,-331.2
135.7251,20,in,33702,-369.2
135.7295,20,in,33706,-292
135.7337,20,in,33710,-270.2
135.7384,20,in,33714,-278
135.7423,20,in,33718,-243
135.7468,20,in,33722,-263.6
135.7509,20,in,33726,-312.8
135.7551,20,in,33730,-321.8
135.7592,20,in,33734,-310.4
135.7628,20,in,33738,-302.8
135.7666,20,in,33742,-399.8
135.7704,20,in,33746,-477
135.7741,20,in,33750,-406.8
135.7779,20,in,33754,-368.2
135.7819,20,in,33758,-392.6
135.786,20,in,33762,-340.8
135.7898,20,in,33766,-347.4
135.7938,20,in,33770,-345.6
135.798,20,in,33774,-349.2
135.8022,20,in,33778,-318.8
135.8063,20,in,33782,-321.4
135.8105,20,in,33786,-364.2
135.815,20,in,33790,-357.4
135.8191,20,in,33794,-349.4
135.8232,20,in,33798,-304.6
135.8274,20,in,33802,-324.2
135.8314,20,in,33806,-384
135.8354,20,in,33810,-382.6
135.8396,20,in,33814,-336.8
135.8438,20,in,33818,-287.6
135.8491,20,in,33822,-436.4
135.853,20,in,33826,-386.2
135.8572,20,in,33830,-369.6
135.862,20,in,33834,-345
135.8671,20,in,33838,-434
135.8719,20,in,33842,-347.8
135.8767,20,in,33846,-401.4
135.8806,20,in,33850,-482.4
135.8847,20,in,33854,-384.4
135.8888,20,in,33858,-406.4
135.8926,20,in,33862,-376.2
135.8961,20,in,33866,-404
135.9,20,in,33870,-407.2
135.9039,20,in,33874,-388.8
135.908,20,in,33878,-363
135.912,20,in,33882,-377.2
135.9161,20,in,33886,-387.8
135.9203,20,in,33890,-403.2
135.9242,20,in,33894,-339.2
135.9284,20,in,33898,-367.2
135.9324,20,in,33902,-417.2
135.9364,20,in,33906,-408.4
135.9404,20,in,33910,-338
135.9439,20,in,33914,-366.2
135.9477,20,in,33918,-395.2
135.9517,20,in,33922,-454
135.9558,20,in,33926,-498
135.9594,20,in,33930,-442.6
135.9635,20,in,33934,-433.2
135.9673,20,in,33938,-442
135.9712,20,in,33942,-507.4
135.9748,20,in,33946,-431.6
135.9785,20,in,33950,-424.4
135.9824,20,in,33954,-470.6
135.986,20,in,33958,-423.2
135.9898,20,in,33962,-471.2
135.9937,20,in,33966,-464.6
135.9972,20,in,33970,-485.8
136.0009,20,in,33974,-497.4
136.0046,20,in,33978,-527.4
136.0092,20,in,33982,-547.8
136.013,20,in,33986,-409.8
136.0169,20,in,33990,-572.2
136.0208,20,in,33994,-489.6
136.025,20,in,33998,-473.4
136.0294,20,in,34002,-436.2
136.0332,20,in,34006,-566
136.0372,20,in,34010,-572
136.0415,20,in,34014,-495.2
136.0465,20,in,34018,-423.2
136.0508,20,in,34022,-576.6
136.0553,20,in,34026,-564.8
136.0601,20,in,34030,-550
136.0647,20,in,34034,-518
136.0692,20,in,34038,-543
136.0735,20,in,34042,-581.2
136.0776,20,in,34046,-525.8
136.0817,20,in,34050,-524.8
136.0858,20,in,34054,-485
136.0899,20,in,34058,-511.4
136.0942,20,in,34062,-469.4
136.099,20,in,34066,-453.6
136.1032,20,in,34070,-511.2
136.1077,20,in,34074,-557.4
136.112,20,in,34078,-512.2
136.1163,20,in,34082,-470.2
136.1203,20,in,34086,-497.6
136.1243,20,in,34090,-527.2
136.1288,20,in,34094,-608.6
136.1346,20,in,34098,-515.4
136.1385,20,in,34102,-535.2
136.1425,20,in,34106,-559.8
136.1467,20,in,34110,-490.6
136.152,20,in,34114,-549.4
136.156,20,in,34118,-532.6
136.1601,20,in,34122,-648
136.1646,20,in,34126,-563.4
136.1705,20,in,34130,-524.2
136.1749,20,in,34134,-515.4
136.179,20,in,34138,-580.2
136.1835,20,in,34142,-574.4
136.1887,20,in,34146,-610.6
136.1924,20,in,34150,-526.8
136.1964,20,in,34154,-626.2
136.2009,20,in,34158,-449.8
136.206,20,in,34162,-554.4
136.2107,20,in,34166,-598.2
136.215,20,in,34170,-743.4
136.2199,20,in,34174,-597.2
136.2254,20,in,34178,-634.4
136.2299,20,in,34182,-670.4
136.2341,20,in,34186,-701
136.2382,20,in,34190,-660
136.2431,20,in,34194,-750.4
136.2473,20,in,34198,-959.2
136.2514,20,in,34202,-825.4
136.2553,20,in,34206,-644
136.2605,20,in,34210,-802.4
136.2652,20,in,34214,-891
136.2696,20,in,34218,-897
136.2744,20,in,34222,-683.2
136.2794,20,in,34226,-756.8
136.2833,20,in,34230,-669.2
136.2873,20,in,34234,-664.8
136.2916,20,in,34238,-609.8
136.2958,20,in,34242,-642.8
136.3,20,in,34246,-674
136.3042,20,in,34250,-529.4
136.3086,20,in,34254,-650.2
136.3126,20,in,34258,-655.8
136.3168,20,in,34262,-657.6
136.3206,20,in,34266,-605.6
136.3247,20,in,34270,-569
136.3286,20,in,34274,-652.8
136.3336,20,in,34278,-616.6
136.3379,20,in,34282,-623.6
136.3425,20,in,34286,-574.2
136.3466,20,in,34290,-636.6
136.3517,20,in,34294,-613.2
136.3557,20,in,34298,-646.2
136.3598,20,in,34302,-633.6
136.364,20,in,34306,-518.8
136.3699,20,in,34310,-598.6
136.3744,20,in,34314,-599.4
136.3791,20,in,34318,-615.2
136.3831,20,in,34322,-662.8
136.3881,20,in,34326,-652.6
136.3922,20,in,34330,-597
136.3961,20,in,34334,-629.8
136.4005,20,in,34338,-609.4
136.4059,20,in,34342,-634
136.41,20,in,34346,-599.4
136.4141,20,in,34350,-676
136.4189,20,in,34354,-661.6
136.4234,20,in,34358,-664.6
136.4272,20,in,34362,-627.6
136.431,20,in,34366,-612.2
136.4355,20,in,34370,-628.4
136.4402,20,in,34374,-634.4
136.445,20,in,34378,-598.4
136.4495,20,in,34382,-694.8
136.4541,20,in,34386,-743
136.4586,20,in,34390,-687.4
136.4628,20,in,34394,-583.6
136.467,20,in,34398,-709.4
136.4713,20,in,34402,-699.4
136.4755,20,in,34406,-697.4
136.4796,20,in,34410,-626.8
136.4831,20,in,34414,-658.8
136.4869,20,in,34418,-733
136.4907,20,in,34422,-787.4
136.4948,20,in,34426,-753.8
136.4986,20,in,34430,-775
136.5023,20,in,34434,-801.4
136.5063,20,in,34438,-708.2
136.5104,20,in,34442,-673
136.5155,20,in,34446,-736
136.5197,20,in,34450,-716.4
136.5237,20,in,34454,-793.2
136.5289,20,in,34458,-698.6
136.5331,20,in,34462,-743.8
136.5367,20,in,34466,-700.2
136.5403,20,in,34470,-735.2
136.5439,20,in,34474,-675
136.548,20,in,34478,-755
136.5524,20,in,34482,-791
136.5563,20,in,34486,-805.2
136.5611,20,in,34490,-798
136.5659,20,in,34494,-804
136.5704,20,in,34498,-1031.8
136.5752,20,out,34494,-951.6
136.5797,20,out,34490,-950.8
136.5844,20,out,34486,-943.4
136.5891,20,out,34482,-935.4
136.594,20,out,34478,-919.8
136.5992,20,out,34474,-987.8
136.6048,20,out,34470,-1052
136.6096,20,out,34466,-1027.2
136.6147,20,out,34462,-987.6
136.6199,20,out,34458,-978.6
136.6246,20,out,34454,-954.2
136.6292,20,out,34450,-938.4
136.6341,20,out,34446,-1040.8
136.6396,20,out,34442,-1189.4
136.6441,20,out,34438,-1041.8
136.6489,20,out,34434,-973.4
136.6538,20,out,34430,-1022.4
136.6585,20,out,34426,-1078.6
136.6631,20,out,34422,-1004.8
136.6683,20,out,34418,-1069.4
136.6737,20,out,34414,-1132.4
136.6784,20,out,34410,-917.4
136.6836,20,out,34406,-1142
136.688,20,out,34402,-1187.8
136.6922,20,out,34398,-1236.4
136.6963,20,out,34394,-1163.2
136.7005,20,out,34390,-1036.4
136.7046,20,out,34386,-1230.2
136.7089,20,out,34382,-1096.2
136.7129,20,out,34378,-1100.6
136.7166,20,out,34374,-1153.4
136.7208,20,out,34370,-1190.2
136.7246,20,out,34366,-1161.2
136.7292,20,out,34362,-1208.2
136.7337,20,out,34358,-1136.2
136.738,20,out,34354,-1107
136.742,20,out,34350,-1145
136.7474,20,out,34346,-1118.6
136.7523,20,out,34342,-1196.2
136.7567,20,out,34338,-1195.2
136.7614,20,out,34334,-1210.8
136.7662,20,out,34330,-1225.2
136.7706,20,out,34326,-1240.8
136.7751,20,out,34322,-1162
136.7807,20,out,34318,-1229
136.7853,20,out,34314,-1229
136.7898,20,out,34310,-1211
136.7943,20,out,34306,-1211.6
136.7997,20,out,34302,-1463.6
136.8049,20,out,34298,-1502.2
136.8089,20,out,34294,-1309.4
136.8133,20,out,34290,-2052
136.8173,20,out,34286,-1816.8
136.8213,20,out,34282,-1442.4
136.825,20,out,34278,-1275.8
136.8285,20,out,34274,-1218.8
136.833,20,out,34270,-1246.8
136.8368,20,out,34266,-1246.2
136.8411,20,out,34262,-1256
136.845,20,out,34258,-1271.4
136.849,20,out,34254,-1378
136.8539,20,out,34250,-1163.8
136.858,20,out,34246,-1252.2
136.8621,20,out,34242,-1208.6
136.8666,20,out,34238,-1216.8
136.8711,20,out,34234,-1240.8
136.8757,20,out,34230,-1139.4
136.8808,20,out,34226,-1188.8
136.8848,20,out,34222,-1148
136.8891,20,out,34218,-1217.8
136.8929,20,out,34214,-1178.8
136.8973,20,out,34210,-1219.2
136.9016,20,out,34206,-1263.4
136.9065,20,out,34202,-1199.6
136.9103,20,out,34198,-1184.8
136.9146,20,out,34194,-1229
136.9186,20,out,34190,-1187.6
136.9233,20,out,34186,-1146.6
136.9274,20,out,34182,-1209.4
136.9319,20,out,34178,-1217.6
136.9362,20,out,34174,-1184.2
136.9402,20,out,34170,-1188.6
136.9441,20,out,34166,-1153.4
136.9488,20,out,34162,-1248.4
136.9531,20,out,34158,-1178.2
136.9573,20,out,34154,-1155.2
136.9621,20,out,34150,-1155.2
136.9659,20,out,34146,-1138.4
136.9699,20,out,34142,-1261.8
136.974,20,out,34138,-1207.6
136.9792,20,out,34134,-1121
136.9839,20,out,34130,-1174.4
136.9883,20,out,34126,-1169.8
136.9924,20,out,34122,-1100.8
136.9974,20,out,34118,-1143.2
137.0015,20,out,34114,-1176.6
137.0054,20,out,34110,-1199
137.0097,20,out,34106,-1148
137.015,20,out,34102,-1159.6
137.0191,20,out,34098,-1181.6
137.0232,20,out,34094,-1093.2
137.0273,20,out,34090,-1113.4
137.0324,20,out,34086,-1177.8
137.0365,20,out,34082,-1144.8
137.0406,20,out,34078,-1133
137.0456,20,out,34074,-1232
137.0504,20,out,34070,-1144.2
137.0549,20,out,34066,-1166.2
137.0597,20,out,34062,-1141.6
137.0642,20,out,34058,-1156.8
137.0693,20,out,34054,-1193.8
137.0742,20,out,34050,-1080.6
137.0796,20,out,34046,-1043.6
137.0841,20,out,34042,-1073.8
137.0886,20,out,34038,-1187.6
137.0935,20,out,34034,-1040.4
137.0987,20,out,34030,-1077
137.1047,20,out,34026,-1174
137.1095,20,out,34022,-1089.4
137.1145,20,out,34018,-1015.2
137.1196,20,out,34014,-1141.2
137.1244,20,out,34010,-1090.2
137.1297,20,out,34006,-1049.2
137.1351,20,out,34002,-1059.2
137.1402,20,out,33998,-1066.6
137.1449,20,out,33994,-1045.8
137.1506,20,out,33990,-1083.8
137.1569,20,out,33986,-1187.6
137.162,20,out,33982,-1062.6
137.1669,20,out,33978,-1082.2
137.1712,20,out,33974,-1089
137.1765,20,out,33970,-1099.2
137.1811,20,out,33966,-1039.2
137.1858,20,out,33962,-1138.8
137.1905,20,out,33958,-1135.8
137.1956,20,out,33954,-1123.6
137.1999,20,out,33950,-1025.6
137.2044,20,out,33946,-1052
137.2098,20,out,33942,-1176.8
137.214,20,out,33938,-1038.6
137.218,20,out,33934,-1032.2
137.2228,20,out,33930,-1154.4
137.2285,20,out,33926,-1062.8
137.2335,20,out,33922,-958
137.2379,20,out,33918,-1023.8
137.2423,20,out,33914,-1055.2
137.2465,20,out,33910,-1090.8
137.2507,20,out,33906,-965.2
137.255,20,out,33902,-945.6
137.2589,20,out,33898,-997.4
137.2629,20,out2,33848,-1014.2
137.2665,20,out2,33798,-1011
137.2701,20,out2,33748,-995.6
137.2742,20,out2,33698,-1148.8
137.2785,20,out2,33648,-959
137.2827,20,out2,33598,-840.6
137.2872,20,out2,33548,-797.8
137.2921,20,out2,33498,-696.8
137.2963,20,out2,33448,-707.4
137.3008,20,out2,33398,-977.8
137.3049,20,out2,33348,-710.8
137.3096,20,out2,33298,-568.4
137.3138,20,out2,33248,-733
137.3178,20,out2,33198,-811.6
137.3222,20,out2,33148,-784.2
137.3262,20,out2,33098,-639
137.3303,20,out2,33048,-582.8
137.3351,20,out2,32998,-350.4
137.34,20,out2,32948,-305.4
137.3441,20,out2,32898,-301.8
137.3483,20,out2,32848,-256.2
137.3534,20,out2,32798,-269.6
137.3574,20,out2,32748,-286
137.3612,20,out2,32698,-223.4
137.3653,20,out2,32648,-255.4
137.3703,20,out2,32598,-177.6
137.3744,20,out2,32548,-144
