t,cycle,phase,z,adc
137.6573,0,start,30498,-439.2
137.6619,0,find,30514,-436.2
137.6669,0,find,30530,-502.6
137.6725,0,find,30546,-456
137.6776,0,find,30562,-472
137.6833,0,find,30578,-463.8
137.6882,0,find,30594,-468
137.693,0,find,30610,-507.6
137.6974,0,find,30626,-458.6
137.7015,0,find,30642,-446.6
137.7058,0,find,30658,-448.2
137.7103,0,find,30674,-451
137.7147,0,find,30690,-452
137.7192,0,find,30706,-475.8
137.7239,0,find,30722,-460.6
137.7286,0,find,30738,-504.4
137.7333,0,find,30754,-497.8
137.7376,0,find,30770,-471.8
137.7421,0,find,30786,-499.2
137.7469,0,find,30802,-450.4
137.7512,0,find,30818,-437.2
137.7556,0,find,30834,-428.6
137.7601,0,find,30850,-399.8
137.7636,0,find,30866,-450.6
137.7673,0,find,30882,-470.2
137.7709,0,find,30898,-459
137.7748,0,find,30914,-503.6
137.7785,0,find,30930,-457.6
137.7823,0,find,30946,-452.8
137.7864,0,find,30962,-435.6
137.7904,0,find,30978,-521
137.7946,0,find,30994,-477
137.8,0,find,31010,-492.4
137.8043,0,find,31026,-493.6
137.8083,0,find,31042,-505
137.8124,0,find,31058,-457.4
137.8168,0,find,31074,-451.4
137.8212,0,find,31090,-476
137.8254,0,find,31106,-470
137.8298,0,find,31122,-486.8
137.835,0,find,31138,-476.2
137.8393,0,find,31154,-521.6
137.8439,0,find,31170,-468.4
137.8484,0,find,31186,-454.4
137.8533,0,find,31202,-463
137.8577,0,find,31218,-467
137.8622,0,find,31234,-474
137.8669,0,find,31250,-471.4
137.8714,0,find,31266,-456.4
137.8759,0,find,31282,-512
137.881,0,find,31298,-469.2
137.8858,0,find,31314,-469.6
137.8905,0,find,31330,-510.2
137.8952,0,find,31346,-461.2
137.8995,0,find,31362,-501
137.904,0,find,31378,-460.2
137.9088,0,find,31394,-460.6
137.9137,0,find,31410,-408.6
137.9182,0,find,31426,-464.4
137.9232,0,find,31442,-489.4
137.9285,0,find,31458,-493.4
137.9331,0,find,31474,-496.4
137.9378,0,find,31490,-446.4
137.9432,0,find,31506,-507.8
137.9478,0,find,31522,-516.2
137.9523,0,find,31538,-488.2
137.957,0,find,31554,-469.2
137.9621,0,find,31570,-495.6
137.9668,0,find,31586,-470
137.9714,0,find,31602,-490.6
137.977,0,find,31618,-471.4
137.9825,0,find,31634,-453.6
137.9873,0,find,31650,-507.4
137.9924,0,find,31666,-508
137.9968,0,find,31682,-482.8
138.0004,0,find,31698,-507.6
138.004,0,find,31714,-496.8
138.0077,0,find,31730,-491.2
138.0117,0,find,31746,-513.8
138.0155,0,find,31762,-487.6
138.0195,0,find,31778,-490
138.0239,0,find,31794,-475.2
138.0277,0,find,31810,-526.2
138.0315,0,find,31826,-468.8
138.0351,0,find,31842,-481.6
138.0388,0,find,31858,-478.2
138.0424,0,find,31874,-456.4
138.0467,0,find,31890,-446.8
138.0507,0,find,31906,-472.8
138.0553,0,find,31922,-486.4
138.0594,0,find,31938,-467.2
138.0632,0,find,31954,-415.4
138.0672,0,find,31970,-468.2
138.0714,0,find,31986,-461.4
138.0753,0,find,32002,-480.2
138.0793,0,find,32018,-537.2
138.0848,0,find,32034,-489.2
138.0889,0,find,32050,-485.8
138.0933,0,find,32066,-437.6
138.0983,0,find,32082,-454
138.1036,0,find,32098,-616.6
138.1075,0,find,32114,-594.4
138.1115,0,find,32130,-596.2
138.1154,0,find,32146,-555.2
138.1198,0,find,32162,-526
138.1237,0,find,32178,-436.2
138.1277,0,find,32194,-654
138.1316,0,find,32210,-451.6
138.1356,0,find,32226,-487.8
138.1402,0,find,32242,-508.6
138.1441,0,find,32258,-526.6
138.1481,0,find,32274,-536.4
138.1521,0,find,32290,-589.2
138.1572,0,find,32306,-525.6
138.1614,0,find,32322,-536
138.1653,0,find,32338,-524.2
138.1689,0,find,32354,-520.6
138.1735,0,find,32370,-516
138.178,0,find,32386,-538.4
138.1819,0,find,32402,-582.6
138.186,0,find,32418,-598.8
138.1899,0,find,32434,-548.6
138.1941,0,find,32450,-616.2
138.1983,0,find,32466,-584.6
138.2024,0,find,32482,-622.8
138.2064,0,find,32498,-633.4
138.2111,0,find,32514,-627
138.2154,0,find,32530,-670
138.2192,0,find,32546,-630.4
138.2234,0,find,32562,-673.6
138.2285,0,find,32578,-596.6
138.2328,0,find,32594,-615.4
138.2372,0,find,32610,-630.8
138.2419,0,find,32626,-562.2
138.2462,0,find,32642,-479.8
138.25,0,find,32658,-568.6
138.2543,0,find,32674,-578.6
138.2586,0,find,32690,-640.4
138.2639,0,find,32706,-571.8
138.2675,0,find,32722,-679
138.2714,0,find,32738,-667.2
138.2753,0,find,32754,-739.6
138.2795,0,find,32770,-625.8
138.284,0,find,32786,-571.6
138.2883,0,find,32802,-537.8
138.2921,0,find,32818,-547
138.2967,0,find,32834,-607
138.3012,0,find,32850,-568.8
138.305,0,find,32866,-601.6
138.309,0,find,32882,-668
138.3135,0,find,32898,-643.6
138.3185,0,find,32914,-679.2
138.3222,0,find,32930,-685.4
138.3258,0,find,32946,-677.8
138.3295,0,find,32962,-654.8
138.3333,0,find,32978,-610.6
138.3371,0,find,32994,-627.4
138.3408,0,find,33010,-623.4
138.3446,0,find,33026,-650
138.3488,0,find,33042,-630.4
138.3535,0,find,33058,-615.4
138.3577,0,find,33074,-660.6
138.3621,0,find,33090,-682.2
138.3662,0,find,33106,-674.8
138.3706,0,find,33122,-636.6
138.3748,0,find,33138,-734
138.3793,0,find,33154,-595.6
138.3835,0,find,33170,-643.4
138.3885,0,find,33186,-669
138.3929,0,find,33202,-652.8
138.3976,0,find,33218,-735.8
138.4025,0,find,33234,-693.6
138.4076,0,find,33250,-781
138.4128,0,find,33266,-646.2
138.4177,0,find,33282,-543.2
138.4228,0,find,33298,-650.4
138.4277,0,find,33314,-676.6
138.433,0,find,33330,-683.8
138.4381,0,find,33346,-616
138.4441,0,find,33362,-648.6
138.4488,0,find,33378,-537.6
138.4537,0,find,33394,-564
138.459,0,find,33410,-565.8
138.4637,0,find,33426,-497.4
138.4689,0,find,33442,-545.4
138.4744,0,find,33458,-568
138.4808,0,find,33474,-507.4
138.4854,0,find,33490,-503.8
138.4907,0,find,33506,-500.8
138.4955,0,find,33522,-452.2
138.5002,0,find,33538,-513
138.5051,0,find,33554,-507.6
138.5097,0,find,33570,-536.2
138.5159,0,find,33586,-472.6
138.5207,0,find,33602,-451.8
138.5255,0,find,33618,-442.2
138.5298,0,find,33634,-531
138.535,0,find,33650,-441
138.5401,0,find,33666,-437.4
138.5449,0,find,33682,-371.8
138.5508,0,find,33698,-560.8
138.5555,0,find,33714,-531.4
138.5601,0,find,33730,-602.6
138.5653,0,find,33746,-361.6
138.5704,0,find,33762,-302.2
138.5751,0,find,33778,-251.2
138.5805,0,find,33794,-404
138.5861,0,find,33810,-345
138.5907,0,find,33826,-298.8
138.5952,0,find,33842,-293
138.6005,0,find,33858,-288.6
138.6055,0,find,33874,-358
138.6099,0,find,33890,-264
138.6142,0,find,33906,-191.8
138.6184,0,find,33922,-177.8
138.6227,0,find,33938,-179
138.6273,0,find,33954,-222.6
138.6321,0,find,33970,-251.6
138.6368,0,find,33986,-284.8
138.6421,0,find,34002,-166.8
138.6466,0,find,34018,-191.4
138.6507,0,find,34034,-139.8
138.6553,0,find,34050,-120.6
138.6597,0,find,34066,-91.4
138.664,0,find,34082,-134
138.6683,0,find,34098,-134.6
138.6725,0,find,34114,-125.6
138.6765,0,find,34130,-112.8
138.681,0,find,34146,-136.6
138.6858,0,find,34162,-107
138.6902,0,find,34178,-110.4
138.6951,0,find,34194,-93
138.6996,0,find,34210,-86
138.7041,0,find,34226,-101.4
138.7085,0,find,34242,-44
138.7126,0,find,34258,-46.2
138.7167,0,find,34274,-96.8
138.7206,0,find,34290,-96.8
138.7245,0,find,34306,-80
138.7286,0,find,34322,-50.2
138.7321,0,find,34338,-73.4
138.7355,0,find,34354,-87
138.7394,0,find,34370,-130.6
138.7431,0,find,34386,-92.8
138.7475,0,find,34402,-123.6
138.7522,0,find,34418,-141.2
138.7565,0,find,34434,-127.2
138.7611,0,find,34450,-140.2
138.7651,0,find,34466,-119.4
138.7689,0,find,34482,-111.2
138.7723,0,find,34498,-121.4
138.776,0,find,34514,-105.2
138.7799,0,find,34530,-110.8
138.7838,0,find,34546,-123.4
138.7876,0,find,34562,-121.2
138.7916,0,find,34578,-116
138.7965,0,find,34594,-76
138.8012,0,find,34610,-66
138.8052,0,find,34626,-154.6
138.8091,0,find,34642,-116.8
138.8127,0,find,34658,-114.8
138.8164,0,find,34674,-120
138.8201,0,find,34690,-195.6
138.824,0,find,34706,-154.6
138.8277,0,find,34722,-104
138.8329,0,find,34738,-129
138.8381,0,find,34754,-96
138.8429,0,find,34770,-118.6
138.8488,0,find,34786,-93
138.8529,0,find,34802,-157.2
138.8565,0,find,34818,-138.2
138.86,0,find,34834,-129.4
138.8637,0,find,34850,-150.2
138.8676,0,find,34866,-135
138.8716,0,find,34882,-126
138.8754,0,find,34898,-137.6
138.8792,0,find,34914,-99.6
138.883,0,find,34930,-138.8
138.8878,0,find,34946,-144.4
138.8919,0,find,34962,-132.2
138.8963,0,find,34978,-110.2
138.9,0,find,34994,-200.8
138.9035,0,find,35010,-165
138.9076,0,find,35026,-169.4
138.9119,0,find,35042,-225
138.916,0,find,35058,-188.2
138.9202,0,find,35074,-119.2
138.9252,0,find,35090,-142
138.929,0,find,35106,-144.4
138.933,0,find,35122,-201.8
138.9375,0,find,35138,-350.4
138.9419,0,find,35154,-260.4
138.9462,0,find,35170,-209
138.95,0,find,35186,-230.2
138.9546,0,find,35202,-228.2
138.959,0,find,35218,-168.2
138.9633,0,find,35234,-136.2
138.9672,0,find,35250,-181.4
138.9732,0,find,35266,-154.8
138.9778,0,find,35282,-124.2
138.9819,0,find,35298,-132.4
138.987,0,find,35314,-116
138.9907,0,find,35330,-115
138.9953,0,find,35346,-183.2
138.9996,0,find,35362,-243
139.0042,0,find,35378,-206.8
139.0088,0,find,35394,-154.8
139.014,0,find,35410,-251.6
139.018,0,find,35426,-378.2
139.022,0,find,35442,-454
139.0259,0,find,35458,-572.4
139.0305,0,find,35474,-594.6
139.0353,0,find,35490,-852
139.0396,0,find,35506,-940.6
139.0436,0,find,35522,-1068.4
139.0479,0,pre,34922,-32589.8
139.0533,1,in,34922,-32768
139.0578,1,pre,34322,-9857
139.0622,1,pre,33722,-309.6
139.0677,1,in,33726,-36.8
139.0723,1,in,33730,-150.6
139.077,1,in,33734,-123.4
139.0811,1,in,33738,-109.8
139.0852,1,in,33742,-171
139.0893,1,in,33746,-144.4
139.0935,1,in,33750,-188.4
139.0976,1,in,33754,-173.2
139.1019,1,in,33758,-236.6
139.1059,1,in,33762,-257.8
139.1102,1,in,33766,-198.2
139.1144,1,in,33770,-185.4
139.1185,1,in,33774,-208.4
139.1224,1,in,33778,-202.2
139.1268,1,in,33782,-168.8
139.1309,1,in,33786,-203.2
139.1349,1,in,33790,-170
139.1389,1,in,33794,-174.6
139.1429,1,in,33798,-180.4
139.1471,1,in,33802,-159.6
139.1512,1,in,33806,-215.2
139.1552,1,in,33810,-175.4
139.1592,1,in,33814,-178.6
139.1632,1,in,33818,-251.6
139.1673,1,in,33822,-182.4
139.1714,1,in,33826,-230.2
139.1752,1,in,33830,-181.8
139.179,1,in,33834,-222.4
139.1824,1,in,33838,-158.8
139.1861,1,in,33842,-164.6
139.1903,1,in,33846,-146.2
139.1947,1,in,33850,-192.6
139.1987,1,in,33854,-201.6
139.203,1,in,33858,-222
139.2073,1,in,33862,-212.6
139.2113,1,in,33866,-186
139.2154,1,in,33870,-202
139.2196,1,in,33874,-146.4
139.2237,1,in,33878,-246
139.228,1,in,33882,-150.6
139.2323,1,in,33886,-171
139.2364,1,in,33890,-172.2
139.2405,1,in,33894,-181.8
139.2447,1,in,33898,-145.2
139.2488,1,in,33902,-164.4
139.2525,1,in,33906,-180.6
139.256,1,in,33910,-201.2
139.2599,1,in,33914,-173
139.2636,1,in,33918,-156
139.2673,1,in,33922,-174
139.2707,1,in,33926,-181.8
139.2744,1,in,33930,-185
139.2784,1,in,33934,-182.4
139.282,1,in,33938,-212
139.2858,1,in,33942,-141
139.2895,1,in,33946,-180
139.293,1,in,33950,-130.8
139.2971,1,in,33954,-172
139.3012,1,in,33958,-231.8
139.3055,1,in,33962,-174.6
139.3097,1,in,33966,-160.4
139.3138,1,in,33970,-144.6
139.3179,1,in,33974,-152.2
139.3221,1,in,33978,-229.2
139.3263,1,in,33982,-206.6
139.3304,1,in,33986,-168
139.3343,1,in,33990,-204.2
139.3384,1,in,33994,-206.8
139.3429,1,in,33998,-145.6
139.3475,1,in,34002,-183.8
139.352,1,in,34006,-192.2
139.3562,1,in,34010,-227.4
139.3605,1,in,34014,-188.6
139.3647,1,in,34018,-135.8
139.3686,1,in,34022,-204.8
139.3729,1,in,34026,-197.4
139.377,1,in,34030,-179.6
139.3811,1,in,34034,-136.2
139.385,1,in,34038,-207.4
139.3886,1,in,34042,-191.4
139.3924,1,in,34046,-168.8
139.396,1,in,34050,-146.8
139.3997,1,in,34054,-170.8
139.4043,1,in,34058,-166.6
139.4091,1,in,34062,-183.8
139.4133,1,in,34066,-200.8
139.4173,1,in,34070,-185.6
139.422,1,in,34074,-204.4
139.4266,1,in,34078,-163.2
139.4315,1,in,34082,-172.4
139.4362,1,in,34086,-175.6
139.441,1,in,34090,-200.4
139.4455,1,in,34094,-188.2
139.4491,1,in,34098,-190.6
139.4531,1,in,34102,-140.6
139.4581,1,in,34106,-163.4
139.462,1,in,34110,-150.2
139.4659,1,in,34114,-219.4
139.4698,1,in,34118,-145.2
139.4732,1,in,34122,-197.6
139.4773,1,in,34126,-148.4
139.4812,1,in,34130,-218.6
139.4846,1,in,34134,-201.6
139.4884,1,in,34138,-218.4
139.4928,1,in,34142,-278.4
139.4968,1,in,34146,-219
139.5005,1,in,34150,-210
139.5044,1,in,34154,-185.2
139.5081,1,in,34158,-235.6
139.5124,1,in,34162,-210.8
139.5167,1,in,34166,-250.4
139.5209,1,in,34170,-208.2
139.5253,1,in,34174,-216
139.5294,1,in,34178,-246
139.5336,1,in,34182,-186.8
139.5375,1,in,34186,-224.8
139.5411,1,in,34190,-189.2
139.5453,1,in,34194,-205.8
139.5495,1,in,34198,-200
139.5531,1,in,34202,-235.8
139.5563,1,in,34206,-219.4
139.5601,1,in,34210,-220.6
139.564,1,in,34214,-187.2
139.5677,1,in,34218,-254.2
139.5712,1,in,34222,-279.4
139.575,1,in,34226,-298
139.5786,1,in,34230,-259.2
139.5831,1,in,34234,-284.6
139.5874,1,in,34238,-256.2
139.5915,1,in,34242,-274.2
139.5958,1,in,34246,-162.6
139.5997,1,in,34250,-215
139.6035,1,in,34254,-276
139.6077,1,in,34258,-275.6
139.6118,1,in,34262,-189.8
139.6155,1,in,34266,-211.6
139.6202,1,in,34270,-266.2
139.6241,1,in,34274,-177.6
139.6287,1,in,34278,-169
139.633,1,in,34282,-222.8
139.6376,1,in,34286,-239.8
139.6414,1,in,34290,-258
139.646,1,in,34294,-202.8
139.6506,1,in,34298,-229.4
139.6554,1,in,34302,-312
139.6597,1,in,34306,-266.4
139.6635,1,in,34310,-211
139.6675,1,in,34314,-306.6
139.6726,1,in,34318,-291
139.6773,1,in,34322,-231.6
139.6815,1,in,34326,-267
139.6854,1,in,34330,-241.6
139.6908,1,in,34334,-274.6
139.6956,1,in,34338,-258.2
139.6998,1,in,34342,-253.4
139.7043,1,in,34346,-265.8
139.7082,1,in,34350,-273.6
139.7122,1,in,34354,-264.2
139.7165,1,in,34358,-284.8
139.7207,1,in,34362,-248.2
139.7252,1,in,34366,-234.6
139.7296,1,in,34370,-242.6
139.7339,1,in,34374,-221.6
139.7387,1,in,34378,-270.2
139.7446,1,in,34382,-282.2
139.7494,1,in,34386,-205.2
139.7537,1,in,34390,-252
139.7581,1,in,34394,-217.6
139.7624,1,in,34398,-253.2
139.7664,1,in,34402,-253.2
139.7705,1,in,34406,-248
139.7741,1,in,34410,-258.4
139.7782,1,in,34414,-261
139.7822,1,in,34418,-284
139.7863,1,in,34422,-257
139.7901,1,in,34426,-259.6
139.7939,1,in,34430,-232.8
139.7987,1,in,34434,-241.2
139.8032,1,in,34438,-228.4
139.8075,1,in,34442,-261.8
139.8122,1,in,34446,-283.6
139.8161,1,in,34450,-274
139.8196,1,in,34454,-245.4
139.8233,1,in,34458,-288.6
139.827,1,in,34462,-211.8
139.8318,1,in,34466,-282
139.8359,1,in,34470,-302.4
139.84,1,in,34474,-310
139.8449,1,in,34478,-231.2
139.8504,1,in,34482,-269.8
139.8544,1,in,34486,-248.6
139.8586,1,in,34490,-260.8
139.8628,1,in,34494,-296.8
139.8688,1,in,34498,-231.6
139.8729,1,in,34502,-217.6
139.877,1,in,34506,-305
139.8813,1,in,34510,-233.4
139.886,1,in,34514,-265.4
139.8907,1,in,34518,-288.2
139.8956,1,in,34522,-264
139.8995,1,in,34526,-318.2
139.9043,1,in,34530,-263.4
139.9089,1,in,34534,-235.8
139.9135,1,in,34538,-210
139.9176,1,in,34542,-211.6
139.9222,1,in,34546,-251.8
139.9267,1,in,34550,-248.6
139.9306,1,in,34554,-259.2
139.9345,1,in,34558,-319.8
139.9394,1,in,34562,-213.8
139.9439,1,in,34566,-276.6
139.9479,1,in,34570,-262.6
139.9518,1,in,34574,-276.8
139.9562,1,in,34578,-290
139.9606,1,in,34582,-308.2
139.9646,1,in,34586,-223.8
139.969,1,in,34590,-304
139.9748,1,in,34594,-254.2
139.9789,1,in,34598,-277.4
139.9828,1,in,34602,-231.6
139.9871,1,in,34606,-306
139.9914,1,in,34610,-271.4
139.9959,1,in,34614,-294.8
140.0003,1,in,34618,-286.8
140.0044,1,in,34622,-278.4
140.0082,1,in,34626,-319.8
140.0129,1,in,34630,-284.6
140.0169,1,in,34634,-270.8
140.0207,1,in,34638,-273.4
140.0246,1,in,34642,-233.6
140.0296,1,in,34646,-248.6
140.0345,1,in,34650,-238
140.0385,1,in,34654,-249.4
140.0425,1,in,34658,-265
140.0468,1,in,34662,-273.6
140.0512,1,in,34666,-248.2
140.0558,1,in,34670,-256.4
140.0601,1,in,34674,-277.8
140.065,1,in,34678,-300.2
140.0699,1,in,34682,-275.6
140.0751,1,in,34686,-340.4
140.0804,1,in,34690,-240
140.0857,1,in,34694,-285.4
140.0907,1,in,34698,-270
140.0956,1,in,34702,-267
140.1002,1,in,34706,-263.2
140.1051,1,in,34710,-302
140.11,1,in,34714,-266.6
140.1149,1,in,34718,-268
140.12,1,in,34722,-234.8
140.125,1,in,34726,-230
140.1301,1,in,34730,-264
140.1351,1,in,34734,-350
140.1395,1,in,34738,-311
140.1443,1,in,34742,-277.2
140.1492,1,in,34746,-266.8
140.1549,1,in,34750,-296
140.1599,1,in,34754,-274.6
140.1645,1,in,34758,-270.8
140.1694,1,in,34762,-285.2
140.1743,1,in,34766,-288.8
140.1793,1,in,34770,-277.2
140.1841,1,in,34774,-244.4
140.189,1,in,34778,-276.6
140.1934,1,in,34782,-281
140.198,1,in,34786,-301.2
140.2034,1,in,34790,-309.6
140.2084,1,in,34794,-323.6
140.2132,1,in,34798,-318.2
140.218,1,in,34802,-322.6
140.2231,1,in,34806,-317.2
140.2279,1,in,34810,-289.2
140.2331,1,in,34814,-319.2
140.2379,1,in,34818,-290.8
140.2427,1,in,34822,-283.4
140.2476,1,in,34826,-283.4
140.2524,1,in,34830,-303
140.2572,1,in,34834,-340.8
140.2627,1,in,34838,-301.4
140.2678,1,in,34842,-317.2
140.2727,1,in,34846,-425
140.2773,1,in,34850,-366
140.2831,1,in,34854,-343.4
140.2874,1,in,34858,-347.2
140.2922,1,in,34862,-412.6
140.297,1,in,34866,-367.4
140.3015,1,in,34870,-356.4
140.3067,1,in,34874,-421.2
140.3122,1,in,34878,-368.4
140.3175,1,in,34882,-432.2
140.322,1,in,34886,-331.6
140.3272,1,in,34890,-352
140.332,1,in,34894,-361.2
140.3367,1,in,34898,-353.2
140.3415,1,in,34902,-396.2
140.3463,1,in,34906,-360.6
140.3512,1,in,34910,-347.2
140.3562,1,in,34914,-358.4
140.3604,1,in,34918,-321
140.3642,1,in,34922,-335.4
140.3685,1,in,34926,-344.4
140.3726,1,in,34930,-365.8
140.3764,1,in,34934,-349.4
140.3804,1,in,34938,-345.2
140.384,1,in,34942,-344.8
140.3896,1,in,34946,-347.6
140.3938,1,in,34950,-393
140.3979,1,in,34954,-381
140.4019,1,in,34958,-370.2
140.4077,1,in,34962,-448.8
140.4116,1,in,34966,-331.4
140.4156,1,in,34970,-399.8
140.4196,1,in,34974,-435.4
140.4247,1,in,34978,-323.8
140.4289,1,in,34982,-333
140.4329,1,in,34986,-386.8
140.4371,1,in,34990,-318.4
140.4412,1,in,34994,-366
140.4456,1,in,34998,-317.8
140.45,1,in,35002,-300.6
140.4546,1,in,35006,-374.4
140.4593,1,in,35010,-276.4
140.464,1,in,35014,-291
140.4689,1,in,35018,-347.6
140.4729,1,in,35022,-332.4
140.4774,1,in,35026,-431.6
140.4823,1,in,35030,-376
140.4869,1,in,35034,-419.4
140.4913,1,in,35038,-387.8
140.4968,1,in,35042,-402.6
140.5008,1,in,35046,-414.2
140.5046,1,in,35050,-378
140.509,1,in,35054,-402.6
140.5137,1,in,35058,-436.2
140.5185,1,in,35062,-392.8
140.5229,1,in,35066,-398.2
140.5268,1,in,35070,-342.8
140.5317,1,in,35074,-346.4
140.5357,1,in,35078,-395
140.5398,1,in,35082,-332.6
140.5437,1,in,35086,-369.2
140.5478,1,in,35090,-298.6
140.5522,1,in,35094,-380.4
140.556,1,in,35098,-334.2
140.56,1,in,35102,-277.8
140.5639,1,in,35106,-291
140.5683,1,in,35110,-324.4
140.5721,1,in,35114,-360.4
140.5764,1,in,35118,-262.4
140.5805,1,in,35122,-311.8
140.5851,1,in,35126,-305.4
140.589,1,in,35130,-294.4
140.5932,1,in,35134,-313.2
140.597,1,in,35138,-367.6
140.6009,1,in,35142,-357.6
140.6061,1,in,35146,-401.6
140.6105,1,in,35150,-378.8
140.6142,1,in,35154,-339.4
140.6184,1,in,35158,-310.8
140.6239,1,in,35162,-379.6
140.6285,1,in,35166,-421.2
140.633,1,in,35170,-385
140.6372,1,in,35174,-445.6
140.6421,1,in,35178,-421.8
140.6464,1,in,35182,-442.6
140.6504,1,in,35186,-485.8
140.6555,1,in,35190,-423.8
140.6601,1,in,35194,-499.8
140.6641,1,in,35198,-469.8
140.6683,1,in,35202,-527.8
140.6725,1,in,35206,-569.2
140.6774,1,in,35210,-541.8
140.6819,1,in,35214,-451.8
140.6861,1,in,35218,-557.2
140.6901,1,in,35222,-581.6
140.6944,1,in,35226,-575.2
140.6983,1,in,35230,-450.4
140.7026,1,in,35234,-516.8
140.7071,1,in,35238,-707.6
140.7122,1,in,35242,-580.4
140.7169,1,in,35246,-573.2
140.7217,1,in,35250,-609.6
140.7261,1,in,35254,-536.2
140.7302,1,in,35258,-573.8
140.7341,1,in,35262,-607.6
140.7382,1,in,35266,-634
140.7421,1,in,35270,-695
140.7476,1,in,35274,-643.6
140.752,1,in,35278,-653.2
140.7562,1,in,35282,-695
140.7603,1,in,35286,-694
140.7642,1,in,35290,-715.2
140.7677,1,in,35294,-679.8
140.7714,1,in,35298,-577
140.7749,1,in,35302,-579.6
140.7789,1,in,35306,-565.4
140.7835,1,in,35310,-680.8
140.7872,1,in,35314,-628.8
140.791,1,in,35318,-629.8
140.7951,1,in,35322,-643.4
140.8003,1,in,35326,-668.8
140.8048,1,in,35330,-807.4
140.8092,1,in,35334,-814.4
140.8136,1,in,35338,-754
140.8183,1,in,35342,-1020.4
140.8219,1,out,35338,-1006.2
140.8257,1,out,35334,-1049.8
140.8295,1,out,35330,-1090.8
140.8332,1,out,35326,-973.2
140.8371,1,out,35322,-933.8
140.841,1,out,35318,-917.8
140.8447,1,out,35314,-1022
140.849,1,out,35310,-1047
140.854,1,out,35306,-1035
140.8582,1,out,35302,-973.8
140.8626,1,out,35298,-1084
140.8666,1,out,35294,-1100.2
140.8715,1,out,35290,-1171.8
140.8761,1,out,35286,-1189.6
140.8805,1,out,35282,-1252.2
140.8846,1,out,35278,-1230.8
140.8894,1,out,35274,-1146
140.8944,1,out,35270,-1161
140.899,1,out,35266,-1211
140.9033,1,out,35262,-1158.8
140.909,1,out,35258,-1172.8
140.9133,1,out,35254,-1306.4
140.9176,1,out,35250,-1190.6
140.9218,1,out,35246,-1330.4
140.9263,1,out,35242,-1332.4
140.9309,1,out,35238,-1381
140.9354,1,out,35234,-1392.6
140.9397,1,out,35230,-1344.2
140.9437,1,out,35226,-1427.2
140.9475,1,out,35222,-1328.8
140.9515,1,out,35218,-1380.4
140.9551,1,out,35214,-1298.6
140.9593,1,out,35210,-1457.4
140.9639,1,out,35206,-1645.8
140.9676,1,out,35202,-1645.8
140.9716,1,out,35198,-1601.8
140.9765,1,out,35194,-1451.2
140.9804,1,out,35190,-1671.4
140.9839,1,out,35186,-1644.6
140.9874,1,out,35182,-1636.4
140.9918,1,out,35178,-1693.2
140.996,1,out,35174,-1708.6
141.001,1,out,35170,-1619.8
141.006,1,out,35166,-1601.2
141.0109,1,out,35162,-1644.8
141.0163,1,out,35158,-1612.6
141.0211,1,out,35154,-1473.4
141.0261,1,out,35150,-1489
141.0309,1,out,35146,-1519.4
141.0352,1,out,35142,-1436.6
141.0389,1,out,35138,-1311.4
141.0429,1,out,35134,-1318.4
141.0475,1,out,35130,-1358.2
141.052,1,out,35126,-1443.6
141.0567,1,out,35122,-1313.6
141.0615,1,out,35118,-1323.6
141.0653,1,out,35114,-1621.4
141.0692,1,out,35110,-1737.6
141.0731,1,out,35106,-1542.2
141.0768,1,out,35102,-1436.8
141.0804,1,out,35098,-1448.2
141.0844,1,out,35094,-1502.6
141.0884,1,out,35090,-1461.2
141.093,1,out,35086,-1226.6
141.0977,1,out,35082,-1408
141.1021,1,out,35078,-1654.4
141.1061,1,out,35074,-1614.6
141.1103,1,out,35070,-1486.8
141.115,1,out,35066,-1562.4
141.1192,1,out,35062,-1741
141.1232,1,out,35058,-1675.6
141.1275,1,out,35054,-1548.6
141.1312,1,out,35050,-1562.8
141.1352,1,out,35046,-1463.8
141.14,1,out,35042,-1381.4
141.1439,1,out,35038,-1364.6
141.1478,1,out,35034,-1310.2
141.1519,1,out,35030,-1477.6
141.1562,1,out,35026,-1559.2
141.1609,1,out,35022,-1425.2
141.1652,1,out,35018,-1469.8
141.1692,1,out,35014,-1636.6
141.1734,1,out,35010,-1526.8
141.1777,1,out,35006,-1627.8
141.1817,1,out,35002,-1635.6
141.1861,1,out,34998,-1571.6
141.1907,1,out,34994,-1579.2
141.195,1,out,34990,-1407.6
141.1992,1,out,34986,-1500.6
141.2031,1,out,34982,-1725.8
141.2071,1,out,34978,-1753
141.212,1,out,34974,-1581
141.2167,1,out,34970,-1644.8
141.2208,1,out,34966,-1757.2
141.2248,1,out,34962,-1709.4
141.23,1,out,34958,-1545.2
141.2341,1,out,34954,-1592
141.2384,1,out,34950,-1475.4
141.2427,1,out,34946,-1554.4
141.2485,1,out,34942,-1434.8
141.2534,1,out,34938,-1550
141.2589,1,out,34934,-1540.8
141.2637,1,out,34930,-1371.8
141.2683,1,out,34926,-1478.6
141.2732,1,out,34922,-1550.8
141.278,1,out,34918,-1473.2
141.2833,1,out,34914,-1414.8
141.2881,1,out,34910,-1554.8
141.2929,1,out,34906,-1472.4
141.2975,1,out,34902,-1365.4
141.3038,1,out,34898,-1485
141.3083,1,out,34894,-1508.6
141.3131,1,out,34890,-1395.2
141.3191,1,out,34886,-1463.8
141.3239,1,out,34882,-1524.6
141.3281,1,out,34878,-1479.8
141.3329,1,out,34874,-1350.4
141.3388,1,out,34870,-1513.6
141.3436,1,out,34866,-1479.2
141.3483,1,out,34862,-1328.4
141.3532,1,out,34858,-1412.4
141.358,1,out,34854,-1595.6
141.3629,1,out,34850,-1566.8
141.367,1,out,34846,-1497.4
141.3711,1,out,34842,-1578.4
141.3757,1,out,34838,-1636
141.3801,1,out,34834,-1550.8
141.3846,1,out,34830,-1526
141.3889,1,out,34826,-1577
141.3931,1,out,34822,-1579.2
141.3971,1,out,34818,-1482.6
141.4011,1,out,34814,-1479
141.4053,1,out,34810,-1610.4
141.4095,1,out,34806,-1561
141.413,1,out,34802,-1236.8
141.4169,1,out,34798,-1198.2
141.4209,1,out,34794,-1292.6
141.4248,1,out,34790,-1391.2
141.429,1,out,34786,-1486.8
141.4332,1,out,34782,-1405.8
141.4372,1,out,34778,-1387.8
141.4414,1,out,34774,-1416.6
141.4453,1,out,34770,-1567
141.4495,1,out,34766,-1355.4
141.4534,1,out,34762,-1294.8
141.4579,1,out,34758,-1524.6
141.4623,1,out,34754,-1388
141.4662,1,out,34750,-1304.4
141.4703,1,out,34746,-1338.8
141.4742,1,out,34742,-1462.2
141.4782,1,out2,34692,-1556.4
141.4821,1,out2,34642,-1490.8
141.4859,1,out2,34592,-1298.8
141.4895,1,out2,34542,-1329.4
141.4934,1,out2,34492,-1282.8
141.497,1,out2,34442,-1377.4
141.5007,1,out2,34392,-1257.2
141.5048,1,out2,34342,-1231.6
141.5085,1,out2,34292,-1262.6
141.5125,1,out2,34242,-1241
141.5164,1,out2,34192,-1208.6
141.5202,1,out2,34142,-1251.4
141.5241,1,out2,34092,-1160
141.5279,1,out2,34042,-1058
141.5314,1,out2,33992,-957.4
141.5351,1,out2,33942,-937
141.5388,1,out2,33892,-883
141.5427,1,out2,33842,-913
141.5467,1,out2,33792,-860.2
141.5507,1,out2,33742,-842
141.5542,1,out2,33692,-612.6
141.5578,1,out2,33642,-875
141.5614,1,out2,33592,-1016.8
141.5651,1,out2,33542,-1076.4
141.5688,1,out2,33492,-960.4
141.5724,1,out2,33442,-804.8
141.5761,1,out2,33392,-875.4
141.5796,1,out2,33342,-744.4
141.5832,1,out2,33292,-810
141.5872,1,out2,33242,-811.4
141.5908,1,out2,33192,-412.8
141.5943,1,out2,33142,-600
141.5983,1,out2,33092,-600.8
141.6022,1,out2,33042,-538.2
141.6062,1,out2,32992,-536.2
141.6102,1,out2,32942,-583.8
141.6137,1,out2,32892,-614
141.6179,1,out2,32842,-545.4
141.6215,1,out2,32792,-661.4
141.6251,1,out2,32742,-565.8
141.6291,1,out2,32692,-676.4
141.6324,1,out2,32642,-657
141.6358,1,out2,32592,-510.2
141.6396,1,out2,32542,-615.4
141.6434,1,out2,32492,-664.2
141.6469,1,out2,32442,-555.6
141.6504,1,out2,32392,-537.2
141.6542,1,out2,32342,-421.2
141.658,1,out2,32292,-413.6
141.6618,1,out2,32242,-233.4
141.6654,1,out2,32192,-464.8
141.6692,1,out2,32142,-269.2
141.6731,1,out2,32092,-217
141.6767,1,out2,32042,-203.8
141.6817,1,out2,31992,-184
141.6854,1,out2,31942,-234.8
141.6894,1,out2,31892,-214
141.693,1,out2,31842,-267.8
141.6966,1,out2,31792,-190.2
141.7003,1,out2,31742,-182
141.7039,1,out2,31692,-232.4
141.708,1,out2,31642,-187
141.7115,1,out2,31592,-209.4
141.7154,1,out2,31542,-205.4
141.7192,1,out2,31492,-223.6
141.7228,1,out2,31442,-525.8
141.7264,1,out2,31392,-369.2
141.7305,1,out2,31342,-368.2
141.734,1,out2,31292,-466.6
141.7381,1,out2,31242,-415.6
141.7419,1,out2,31192,-537.6
141.7452,1,out2,31142,-557.8
141.7489,1,out2,31092,-567.2
141.7522,1,out2,31042,-575.4
141.7554,1,out2,30992,-751
141.7595,1,out2,30942,-521.8
141.7629,1,out2,30892,-520.8
141.7667,1,out2,30842,-519
141.7703,1,out2,30792,-530.4
141.7739,1,out2,30742,-530.8
141.7777,1,out2,30692,-623.6
141.7813,1,out2,30642,-579.6
141.7853,1,out2,30592,-549
141.7888,1,out2,30542,-572
141.7927,1,out2,30492,-540.2
141.7974,1,out2,30442,-562
141.8016,1,out2,30392,-531.2
141.8061,1,out2,30342,-735.8
141.8107,1,out2,30292,-583.8
141.8155,1,out2,30242,-674.6
141.8203,1,out2,30192,-440.8
141.825,1,out2,30142,-419.6
141.8292,1,out2,30092,-390.2
141.8335,1,out2,30042,-431
141.8383,1,out2,29992,-402.8
141.8433,1,out2,29942,-385.8
141.8473,1,out2,29892,-368.2
141.8517,1,out2,29842,-320
141.8559,1,out2,29792,-246.6
141.8598,1,out2,29742,-305.6
141.8641,1,out2,29692,-300.8
141.8691,1,out2,29642,-197.6
141.873,1,out2,29592,-211.2
141.877,1,out2,29542,-138.8
141.8814,2,in,29542,-87
141.8872,2,in,29546,-135.8
141.8913,2,in,29550,-136
141.8952,2,in,29554,-162.2
141.8992,2,in,29558,-104
141.9037,2,in,29562,-121
141.9084,2,in,29566,-126.2
141.913,2,in,29570,-148.6
141.9172,2,in,29574,-104.2
141.922,2,in,29578,-158
141.9269,2,in,29582,-115.6
141.931,2,in,29586,-104.6
141.9351,2,in,29590,-104.8
141.9401,2,in,29594,-146.6
141.9457,2,in,29598,-86.2
141.9495,2,in,29602,-141.8
141.9536,2,in,29606,-116
141.9588,2,in,29610,-119.8
141.9628,2,in,29614,-101
141.9667,2,in,29618,-117
141.9708,2,in,29622,-130.8
141.9762,2,in,29626,-163
141.9806,2,in,29630,-114.6
141.985,2,in,29634,-126.6
141.9895,2,in,29638,-180.8
141.9946,2,in,29642,-117.2
141.9985,2,in,29646,-89.8
142.0025,2,in,29650,-178
142.0066,2,in,29654,-174.2
142.0123,2,in,29658,-119.8
142.0164,2,in,29662,-133.2
142.0204,2,in,29666,-108.6
142.0248,2,in,29670,-105.8
142.0297,2,in,29674,-85.8
142.0341,2,in,29678,-97.6
142.0389,2,in,29682,-127
142.0428,2,in,29686,-108
142.0481,2,in,29690,-139
142.0525,2,in,29694,-90.6
142.0563,2,in,29698,-146.8
142.06,2,in,29702,-93.2
142.0648,2,in,29706,-112.4
142.069,2,in,29710,-107.6
142.0734,2,in,29714,-99
142.0775,2,in,29718,-113
142.083,2,in,29722,-129
142.087,2,in,29726,-148
142.0911,2,in,29730,-126.6
142.0951,2,in,29734,-93.6
142.1008,2,in,29738,-128.8
142.1047,2,in,29742,-139.4
142.1088,2,in,29746,-179.4
142.1128,2,in,29750,-148
142.1183,2,in,29754,-139.4
142.1224,2,in,29758,-135.2
142.1264,2,in,29762,-177.8
142.1305,2,in,29766,-180.6
142.1357,2,in,29770,-143.8
142.1397,2,in,29774,-183
142.1437,2,in,29778,-146.4
142.1478,2,in,29782,-107.4
142.1532,2,in,29786,-127.8
142.1572,2,in,29790,-112.8
142.1618,2,in,29794,-90.8
142.166,2,in,29798,-106.2
142.1709,2,in,29802,-122.6
142.1747,2,in,29806,-75.4
142.1791,2,in,29810,-127.4
142.1834,2,in,29814,-138.4
142.1881,2,in,29818,-109.8
142.192,2,in,29822,-121.6
142.1968,2,in,29826,-118.6
142.201,2,in,29830,-161.8
142.2065,2,in,29834,-123.6
142.2109,2,in,29838,-82.8
142.2152,2,in,29842,-132.6
142.2196,2,in,29846,-128.6
142.2247,2,in,29850,-142
142.2291,2,in,29854,-130.8
142.2339,2,in,29858,-132.4
142.2381,2,in,29862,-132.8
142.2435,2,in,29866,-147
142.2476,2,in,29870,-145.8
142.2517,2,in,29874,-156.8
142.2557,2,in,29878,-144
142.2605,2,in,29882,-147.8
142.2653,2,in,29886,-160.8
142.2692,2,in,29890,-177.2
142.2733,2,in,29894,-113.8
142.2779,2,in,29898,-160.4
142.2825,2,in,29902,-100.2
142.287,2,in,29906,-185.6
142.2916,2,in,29910,-190.8
142.2957,2,in,29914,-91.6
142.2998,2,in,29918,-85.4
142.3038,2,in,29922,-166.2
142.3082,2,in,29926,-118.6
142.3127,2,in,29930,-173
142.3165,2,in,29934,-116
142.3205,2,in,29938,-164
142.3246,2,in,29942,-113.4
142.3288,2,in,29946,-151.6
142.3342,2,in,29950,-176.4
142.3387,2,in,29954,-106.8
142.3427,2,in,29958,-132
142.3465,2,in,29962,-134.6
142.352,2,in,29966,-160
142.3562,2,in,29970,-166.2
142.3601,2,in,29974,-89.6
142.3643,2,in,29978,-175
142.3694,2,in,29982,-154.4
142.3735,2,in,29986,-106.4
142.3782,2,in,29990,-126
142.3824,2,in,29994,-83.6
142.3876,2,in,29998,-150.2
142.3917,2,in,30002,-115.4
142.3958,2,in,30006,-147.6
142.4,2,in,30010,-123.8
142.4053,2,in,30014,-175.8
142.4093,2,in,30018,-88.2
142.4144,2,in,30022,-167.6
142.4185,2,in,30026,-137.2
142.4234,2,in,30030,-166.6
142.4274,2,in,30034,-191
142.4316,2,in,30038,-150.6
142.4359,2,in,30042,-175
142.4411,2,in,30046,-151
142.4459,2,in,30050,-185.8
142.4498,2,in,30054,-146
142.4539,2,in,30058,-131
142.459,2,in,30062,-175.2
142.4628,2,in,30066,-173.4
142.4673,2,in,30070,-186
142.4713,2,in,30074,-167.6
142.4763,2,in,30078,-158.4
142.4806,2,in,30082,-155
142.485,2,in,30086,-201.8
142.4892,2,in,30090,-190.8
142.4944,2,in,30094,-127.4
142.4988,2,in,30098,-171.6
142.503,2,in,30102,-174.4
142.5076,2,in,30106,-211
142.5124,2,in,30110,-161.6
142.5176,2,in,30114,-196.8
142.5227,2,in,30118,-183.2
142.5274,2,in,30122,-169.6
142.5318,2,in,30126,-202.2
142.5363,2,in,30130,-162.4
142.5406,2,in,30134,-148.6
142.5447,2,in,30138,-114.8
142.5487,2,in,30142,-117.6
142.553,2,in,30146,-158
142.5576,2,in,30150,-110
142.5621,2,in,30154,-196
142.5657,2,in,30158,-140.4
142.5692,2,in,30162,-139.2
142.5729,2,in,30166,-143.4
142.5765,2,in,30170,-134.6
142.5805,2,in,30174,-175.8
142.5842,2,in,30178,-144.8
142.5888,2,in,30182,-161.8
142.5932,2,in,30186,-172.2
142.5981,2,in,30190,-129.8
142.6022,2,in,30194,-159.6
142.6068,2,in,30198,-126.6
142.6119,2,in,30202,-159.6
142.616,2,in,30206,-69.8
142.62,2,in,30210,-120.6
142.6249,2,in,30214,-110.8
142.6294,2,in,30218,-98
142.6341,2,in,30222,-114
142.6384,2,in,30226,-127
142.6434,2,in,30230,-126.8
142.6478,2,in,30234,-183.6
142.6518,2,in,30238,-140.8
142.6558,2,in,30242,-153.4
142.6614,2,in,30246,-171.4
142.6654,2,in,30250,-132.4
142.6693,2,in,30254,-136
142.6732,2,in,30258,-181.4
142.6775,2,in,30262,-95.2
142.6827,2,in,30266,-137
142.6872,2,in,30270,-147.4
142.6917,2,in,30274,-143.8
142.6964,2,in,30278,-130.2
142.7006,2,in,30282,-192.8
142.7049,2,in,30286,-155.2
142.7094,2,in,30290,-145.2
142.714,2,in,30294,-155.2
142.7181,2,in,30298,-172.4
142.7225,2,in,30302,-126
142.7265,2,in,30306,-149.2
142.7305,2,in,30310,-116.4
142.7349,2,in,30314,-116.2
142.7391,2,in,30318,-108.6
142.7431,2,in,30322,-161.6
142.7475,2,in,30326,-169.6
142.7528,2,in,30330,-151.8
142.7578,2,in,30334,-135.2
142.762,2,in,30338,-164
142.766,2,in,30342,-111.8
142.7699,2,in,30346,-179.4
142.7737,2,in,30350,-202.4
142.7773,2,in,30354,-196
142.781,2,in,30358,-150.2
142.7849,2,in,30362,-160.2
142.7889,2,in,30366,-158.4
142.7927,2,in,30370,-127
142.7968,2,in,30374,-136.6
142.8016,2,in,30378,-156.6
142.8061,2,in,30382,-156.8
142.8103,2,in,30386,-174.4
142.8142,2,in,30390,-203.6
142.8183,2,in,30394,-200.8
142.8221,2,in,30398,-169
142.8256,2,in,30402,-139.4
142.8292,2,in,30406,-125.2
142.8332,2,in,30410,-194
142.8368,2,in,30414,-160
142.8411,2,in,30418,-160.4
142.8448,2,in,30422,-140.8
142.8494,2,in,30426,-159.6
142.8534,2,in,30430,-184.2
142.8582,2,in,30434,-197.4
142.8627,2,in,30438,-178
142.8676,2,in,30442,-171.2
142.8716,2,in,30446,-172.2
142.8765,2,in,30450,-77.4
142.8811,2,in,30454,-146
142.8848,2,in,30458,-154.8
142.8887,2,in,30462,-155.8
142.8931,2,in,30466,-129
142.8973,2,in,30470,-175.8
142.9011,2,in,30474,-130
142.9051,2,in,30478,-194
142.9095,2,in,30482,-150.4
142.9153,2,in,30486,-137.2
142.9197,2,in,30490,-108.2
142.9237,2,in,30494,-136.2
142.9282,2,in,30498,-181.8
142.9335,2,in,30502,-184.2
142.9375,2,in,30506,-186.6
142.9414,2,in,30510,-168.6
142.9453,2,in,30514,-154.6
142.9503,2,in,30518,-98.2
142.9548,2,in,30522,-218.2
142.9595,2,in,30526,-168
142.964,2,in,30530,-121.2
142.9693,2,in,30534,-150.6
142.973,2,in,30538,-167.8
142.9771,2,in,30542,-159.8
142.981,2,in,30546,-188.4
142.9856,2,in,30550,-150.4
142.9906,2,in,30554,-172.8
142.9949,2,in,30558,-102.2
142.9997,2,in,30562,-191
143.0047,2,in,30566,-182.4
143.009,2,in,30570,-151.8
143.013,2,in,30574,-121.4
143.0172,2,in,30578,-169.6
143.0224,2,in,30582,-203.6
143.0267,2,in,30586,-227
143.0313,2,in,30590,-115.2
143.0353,2,in,30594,-157.8
143.0403,2,in,30598,-172.2
143.0445,2,in,30602,-152.8
143.0485,2,in,30606,-183.8
143.0537,2,in,30610,-155.6
143.059,2,in,30614,-178.6
143.063,2,in,30618,-118.8
143.067,2,in,30622,-176
143.0709,2,in,30626,-191.2
143.0755,2,in,30630,-143.6
143.08,2,in,30634,-137.2
143.0845,2,in,30638,-150.4
143.0892,2,in,30642,-190.6
143.0939,2,in,30646,-167.8
143.0987,2,in,30650,-153
143.1027,2,in,30654,-173.8
143.1066,2,in,30658,-141.6
143.1105,2,in,30662,-177.4
143.1153,2,in,30666,-172.6
143.1199,2,in,30670,-145
143.1238,2,in,30674,-157.2
143.1283,2,in,30678,-120.2
143.1333,2,in,30682,-164.2
143.1371,2,in,30686,-150.4
143.1416,2,in,30690,-179.6
143.1463,2,in,30694,-171
143.1513,2,in,30698,-149
143.1561,2,in,30702,-157.4
143.1614,2,in,30706,-155.8
143.1661,2,in,30710,-140.2
143.1711,2,in,30714,-153.2
143.1752,2,in,30718,-180.6
143.1794,2,in,30722,-121.2
143.1839,2,in,30726,-160.4
143.1877,2,in,30730,-127.4
143.1918,2,in,30734,-159.8
143.1959,2,in,30738,-161
143.2003,2,in,30742,-173.8
143.205,2,in,30746,-171.2
143.21,2,in,30750,-128.4
143.2139,2,in,30754,-184.4
143.2188,2,in,30758,-169.6
143.2231,2,in,30762,-205.4
143.2272,2,in,30766,-189.8
143.2312,2,in,30770,-213.4
143.2366,2,in,30774,-170.4
143.2406,2,in,30778,-242
143.2443,2,in,30782,-194
143.2482,2,in,30786,-204
143.2522,2,in,30790,-172
143.2571,2,in,30794,-177.8
143.2613,2,in,30798,-145.8
143.2652,2,in,30802,-193
143.2693,2,in,30806,-187.4
143.2746,2,in,30810,-190
143.2785,2,in,30814,-168.8
143.2825,2,in,30818,-203.2
143.2867,2,in,30822,-180.2
143.2914,2,in,30826,-189.8
143.2955,2,in,30830,-186.8
143.2998,2,in,30834,-146.6
143.3043,2,in,30838,-170.8
143.3083,2,in,30842,-182.2
143.3128,2,in,30846,-197.4
143.3172,2,in,30850,-163.4
143.3211,2,in,30854,-193.6
143.3261,2,in,30858,-156.2
143.3306,2,in,30862,-132.2
143.336,2,in,30866,-157
143.3405,2,in,30870,-207
143.3447,2,in,30874,-135.2
143.3494,2,in,30878,-196
143.3532,2,in,30882,-221.6
143.3576,2,in,30886,-208.4
143.3623,2,in,30890,-176.2
143.3667,2,in,30894,-110.6
143.3707,2,in,30898,-168.6
143.3752,2,in,30902,-212.8
143.3791,2,in,30906,-152.8
143.3836,2,in,30910,-176.2
143.3876,2,in,30914,-166.4
143.3917,2,in,30918,-216
143.3958,2,in,30922,-214.6
143.401,2,in,30926,-163.4
143.4052,2,in,30930,-194.4
143.4095,2,in,30934,-162
143.414,2,in,30938,-182
143.4194,2,in,30942,-182.6
143.4235,2,in,30946,-165.8
143.4279,2,in,30950,-152.6
143.4323,2,in,30954,-177.4
143.4375,2,in,30958,-192
143.4414,2,in,30962,-177.8
143.4457,2,in,30966,-189.4
143.4497,2,in,30970,-160.2
143.4547,2,in,30974,-234
143.4595,2,in,30978,-185.8
143.4635,2,in,30982,-207.6
143.4674,2,in,30986,-178.2
143.4727,2,in,30990,-217.8
143.4766,2,in,30994,-191.6
143.4806,2,in,30998,-170.2
143.486,2,in,31002,-240.8
143.4912,2,in,31006,-229.2
143.4954,2,in,31010,-184.4
143.4999,2,in,31014,-186
143.5043,2,in,31018,-161
143.5086,2,in,31022,-210.4
143.5129,2,in,31026,-215.4
143.517,2,in,31030,-196
143.5207,2,in,31034,-224.8
143.5249,2,in,31038,-223
143.5296,2,in,31042,-165.6
143.5334,2,in,31046,-216.6
143.5376,2,in,31050,-220.4
143.5426,2,in,31054,-198
143.5471,2,in,31058,-216.2
143.5517,2,in,31062,-180.6
143.5559,2,in,31066,-213
143.5599,2,in,31070,-205.8
143.5643,2,in,31074,-214.2
143.5683,2,in,31078,-215.6
143.5721,2,in,31082,-241
143.5764,2,in,31086,-192.4
143.581,2,in,31090,-247.4
143.5857,2,in,31094,-231.2
143.5908,2,in,31098,-258.8
143.5953,2,in,31102,-183.4
143.5997,2,in,31106,-211.4
143.6039,2,in,31110,-235.6
143.6085,2,in,31114,-201.4
143.6131,2,in,31118,-207.6
143.6174,2,in,31122,-184.8
143.6214,2,in,31126,-191.6
143.6255,2,in,31130,-254
143.6296,2,in,31134,-228.4
143.6342,2,in,31138,-218
143.6391,2,in,31142,-236.2
143.6431,2,in,31146,-236.4
143.6476,2,in,31150,-234
143.653,2,in,31154,-256.4
143.657,2,in,31158,-214.6
143.661,2,in,31162,-193.4
143.6653,2,in,31166,-200.4
143.6707,2,in,31170,-261
143.6747,2,in,31174,-313
143.6792,2,in,31178,-222.4
143.6843,2,in,31182,-263
143.6887,2,in,31186,-243.4
143.6929,2,in,31190,-249.4
143.697,2,in,31194,-311
143.7007,2,in,31198,-301.2
143.7051,2,in,31202,-227.4
143.7088,2,in,31206,-240.8
143.7126,2,in,31210,-185.4
143.7164,2,in,31214,-198.8
143.7208,2,in,31218,-248
143.7251,2,in,31222,-252.8
143.729,2,in,31226,-238.8
143.7332,2,in,31230,-259.4
143.7373,2,in,31234,-313.6
143.7421,2,in,31238,-265.2
143.7461,2,in,31242,-208.6
143.7507,2,in,31246,-279.8
143.7546,2,in,31250,-223.2
143.7599,2,in,31254,-246.6
143.7643,2,in,31258,-274
143.7685,2,in,31262,-268
143.7726,2,in,31266,-278.8
143.7766,2,in,31270,-210.2
143.7808,2,in,31274,-201.2
143.7845,2,in,31278,-230
143.7882,2,in,31282,-224.8
143.7919,2,in,31286,-224.2
143.7966,2,in,31290,-191.4
143.8005,2,in,31294,-255.4
143.805,2,in,31298,-250.4
143.8094,2,in,31302,-260.8
143.8136,2,in,31306,-252
143.8175,2,in,31310,-234
143.8215,2,in,31314,-217.4
143.8251,2,in,31318,-254.2
143.8287,2,in,31322,-253.4
143.8323,2,in,31326,-241
143.836,2,in,31330,-256.8
143.8398,2,in,31334,-215.6
143.8439,2,in,31338,-210.4
143.8487,2,in,31342,-213.8
143.8535,2,in,31346,-235
143.8578,2,in,31350,-204.6
143.8622,2,in,31354,-276.4
143.8675,2,in,31358,-260
143.8717,2,in,31362,-295.6
143.8758,2,in,31366,-283.2
143.8799,2,in,31370,-307
143.884,2,in,31374,-359
143.8892,2,in,31378,-341.8
143.8932,2,in,31382,-352.6
143.8975,2,in,31386,-334.8
143.9016,2,in,31390,-320.2
143.9058,2,in,31394,-309.6
143.9102,2,in,31398,-290.8
143.9143,2,in,31402,-334.8
143.9184,2,in,31406,-359.8
143.9224,2,in,31410,-281.8
143.9269,2,in,31414,-352.8
143.9317,2,in,31418,-344
143.9358,2,in,31422,-320
143.9403,2,in,31426,-348.2
143.9446,2,in,31430,-296.6
143.9486,2,in,31434,-337.4
143.9525,2,in,31438,-274.6
143.957,2,in,31442,-330.6
143.9609,2,in,31446,-323
143.965,2,in,31450,-356
143.969,2,in,31454,-328.4
143.9741,2,in,31458,-408.6
143.9781,2,in,31462,-343
143.9826,2,in,31466,-397.6
143.9866,2,in,31470,-424.2
143.9916,2,in,31474,-380
143.9957,2,in,31478,-324.6
143.9998,2,in,31482,-343.2
144.0039,2,in,31486,-385
144.0085,2,in,31490,-390.2
144.0131,2,in,31494,-307.6
144.0177,2,in,31498,-364.8
144.0225,2,in,31502,-365.2
144.0279,2,in,31506,-342
144.0325,2,in,31510,-316.8
144.0368,2,in,31514,-366.2
144.0412,2,in,31518,-424.2
144.0458,2,in,31522,-354.6
144.0504,2,in,31526,-371
144.0551,2,in,31530,-356.8
144.0597,2,in,31534,-374
144.0642,2,in,31538,-323.8
144.0687,2,in,31542,-365
144.0732,2,in,31546,-378.4
144.0774,2,in,31550,-326
144.0812,2,in,31554,-343
144.086,2,in,31558,-343.2
144.0901,2,in,31562,-365.6
144.0937,2,in,31566,-369.4
144.0972,2,in,31570,-241.8
144.1013,2,in,31574,-278.6
144.1048,2,in,31578,-283.2
144.1089,2,in,31582,-248.6
144.1127,2,in,31586,-242.4
144.1177,2,in,31590,-258.8
144.1218,2,in,31594,-249.4
144.1257,2,in,31598,-224
144.1311,2,in,31602,-261.8
144.1362,2,in,31606,-299.8
144.14,2,in,31610,-341.2
144.1447,2,in,31614,-374.8
144.1488,2,in,31618,-306.4
144.1536,2,in,31622,-373
144.1575,2,in,31626,-329.4
144.1618,2,in,31630,-341.8
144.1663,2,in,31634,-389
144.1725,2,in,31638,-371
144.1769,2,in,31642,-398
144.1804,2,in,31646,-362.4
144.1842,2,in,31650,-337.8
144.188,2,in,31654,-362
144.1919,2,in,31658,-382.4
144.1955,2,in,31662,-325
144.1999,2,in,31666,-382.6
144.204,2,in,31670,-383.2
144.2093,2,in,31674,-374.2
144.2134,2,in,31678,-293
144.2178,2,in,31682,-337.6
144.2218,2,in,31686,-325.8
144.2273,2,in,31690,-314.8
144.2316,2,in,31694,-354.2
144.2359,2,in,31698,-353.4
144.2413,2,in,31702,-352
144.2453,2,in,31706,-279.4
144.2492,2,in,31710,-334.8
144.2533,2,in,31714,-284.8
144.2577,2,in,31718,-327.6
144.2622,2,in,31722,-280.8
144.266,2,in,31726,-252.6
144.2703,2,in,31730,-294.4
144.2742,2,in,31734,-324.6
144.2787,2,in,31738,-272.6
144.283,2,in,31742,-256.6
144.2877,2,in,31746,-372.4
144.292,2,in,31750,-399.4
144.2977,2,in,31754,-303
144.3019,2,in,31758,-306.8
144.3063,2,in,31762,-357.4
144.3103,2,in,31766,-371.6
144.3156,2,in,31770,-288
144.3195,2,in,31774,-310.6
144.3234,2,in,31778,-349.2
144.3274,2,in,31782,-310.6
144.332,2,in,31786,-319.2
144.337,2,in,31790,-365.6
144.3421,2,in,31794,-373.2
144.3473,2,in,31798,-281.2
144.3531,2,in,31802,-305.4
144.3582,2,in,31806,-315.6
144.3632,2,in,31810,-281
144.3682,2,in,31814,-249.8
144.3728,2,in,31818,-291
144.3784,2,in,31822,-307.6
144.383,2,in,31826,-297
144.388,2,in,31830,-329
144.3929,2,in,31834,-335.6
144.3977,2,in,31838,-333.6
144.4033,2,in,31842,-290
144.4091,2,in,31846,-335.4
144.4133,2,in,31850,-305.8
144.4177,2,in,31854,-268.8
144.4233,2,in,31858,-292.2
144.4286,2,in,31862,-307.6
144.4331,2,in,31866,-295
144.4382,2,in,31870,-336.2
144.4428,2,in,31874,-302.4
144.4477,2,in,31878,-275.4
144.4526,2,in,31882,-381.4
144.4579,2,in,31886,-302.8
144.4627,2,in,31890,-306.6
144.4678,2,in,31894,-285.6
144.4727,2,in,31898,-363
144.4777,2,in,31902,-301.8
144.4824,2,in,31906,-338.8
144.4874,2,in,31910,-337.2
144.4922,2,in,31914,-373.8
144.4975,2,in,31918,-349
144.5024,2,in,31922,-345.2
144.507,2,in,31926,-352.4
144.5125,2,in,31930,-351.2
144.5176,2,in,31934,-343.2
144.5225,2,in,31938,-403.2
144.5274,2,in,31942,-378.4
144.5322,2,in,31946,-314.4
144.5369,2,in,31950,-371
144.5421,2,in,31954,-397.2
144.5468,2,in,31958,-334.8
144.5519,2,in,31962,-341
144.5566,2,in,31966,-322.2
144.5616,2,in,31970,-360.8
144.5675,2,in,31974,-398.6
144.5724,2,in,31978,-388.8
144.5774,2,in,31982,-482.4
144.5823,2,in,31986,-478.4
144.587,2,in,31990,-403.8
144.5915,2,in,31994,-494.8
144.5962,2,in,31998,-416.4
144.6014,2,in,32002,-428.8
144.606,2,in,32006,-397.8
144.6115,2,in,32010,-395.6
144.6159,2,in,32014,-418.6
144.6205,2,in,32018,-357
144.6247,2,in,32022,-375.2
144.6296,2,in,32026,-377.6
144.6348,2,in,32030,-369
144.6393,2,in,32034,-340.8
144.6434,2,in,32038,-348
144.6474,2,in,32042,-371.2
144.6513,2,in,32046,-372.4
144.6557,2,in,32050,-337.2
144.6596,2,in,32054,-473.2
144.6639,2,in,32058,-604.8
144.6679,2,in,32062,-488.4
144.6718,2,in,32066,-384.8
144.6757,2,in,32070,-314.2
144.6794,2,in,32074,-330.2
144.6835,2,in,32078,-409.6
144.6872,2,in,32082,-468
144.6912,2,in,32086,-417.6
144.6952,2,in,32090,-325.8
144.6992,2,in,32094,-324.2
144.7031,2,in,32098,-266.2
144.7065,2,in,32102,-344
144.7098,2,in,32106,-317.6
144.7139,2,in,32110,-373
144.7175,2,in,32114,-319.4
144.7214,2,in,32118,-339.2
144.7254,2,in,32122,-360.2
144.729,2,in,32126,-351.4
144.7331,2,in,32130,-324
144.7368,2,in,32134,-361.6
144.741,2,in,32138,-337.4
144.7448,2,in,32142,-375.4
144.7485,2,in,32146,-322
144.7528,2,in,32150,-340
144.7567,2,in,32154,-345.2
144.7603,2,in,32158,-321.4
144.7639,2,in,32162,-345.2
144.7673,2,in,32166,-347
144.7709,2,in,32170,-398.2
144.7745,2,in,32174,-385.8
144.7781,2,in,32178,-349.8
144.7817,2,in,32182,-373.4
144.785,2,in,32186,-373.6
144.7884,2,in,32190,-369.8
144.792,2,in,32194,-422.6
144.7966,2,in,32198,-365.8
144.8008,2,in,32202,-354.4
144.8052,2,in,32206,-373.8
144.8101,2,in,32210,-406.2
144.8141,2,in,32214,-330.8
144.819,2,in,32218,-322.6
144.8226,2,in,32222,-401
144.8265,2,in,32226,-359.6
144.831,2,in,32230,-376.6
144.8359,2,in,32234,-370.4
144.8406,2,in,32238,-421
144.8443,2,in,32242,-392.6
144.8477,2,in,32246,-368.2
144.8518,2,in,32250,-403.8
144.8553,2,in,32254,-399.2
144.8595,2,in,32258,-405
144.864,2,in,32262,-408.6
144.8688,2,in,32266,-407.6
144.8733,2,in,32270,-401.2
144.8783,2,in,32274,-379.8
144.8828,2,in,32278,-407.6
144.8874,2,in,32282,-414
144.8918,2,in,32286,-456.8
144.8966,2,in,32290,-417
144.9011,2,in,32294,-430.4
144.9054,2,in,32298,-407
144.9101,2,in,32302,-460.4
144.9145,2,in,32306,-398.4
144.9187,2,in,32310,-529.4
144.923,2,in,32314,-485.8
144.9279,2,in,32318,-471.4
144.9325,2,in,32322,-597.8
144.9371,2,in,32326,-494
144.9421,2,in,32330,-463.4
144.9462,2,in,32334,-412.8
144.95,2,in,32338,-408.2
144.9541,2,in,32342,-410
144.9578,2,in,32346,-448.8
144.9615,2,in,32350,-446.4
144.9653,2,in,32354,-454
144.9696,2,in,32358,-472.8
144.9743,2,in,32362,-498.2
144.9788,2,in,32366,-484
144.9833,2,in,32370,-436.4
144.9878,2,in,32374,-459.4
144.9926,2,in,32378,-492.2
144.9971,2,in,32382,-540.4
145.0017,2,in,32386,-553.4
145.0062,2,in,32390,-574
145.0112,2,in,32394,-573.2
145.0156,2,in,32398,-558.6
145.0201,2,in,32402,-573.4
145.025,2,in,32406,-592.2
145.0295,2,in,32410,-578.2
145.034,2,in,32414,-579.8
145.0385,2,in,32418,-559.6
145.0432,2,in,32422,-539
145.0479,2,in,32426,-542.2
145.0527,2,in,32430,-543.6
145.0572,2,in,32434,-512
145.0612,2,in,32438,-521.6
145.0652,2,in,32442,-524.2
145.069,2,in,32446,-569.8
145.0731,2,in,32450,-506.6
145.0771,2,in,32454,-530.2
145.0813,2,in,32458,-561.6
145.0857,2,in,32462,-587.8
145.0897,2,in,32466,-623.2
145.0935,2,in,32470,-562
145.0978,2,in,32474,-588.8
145.1019,2,in,32478,-593
145.106,2,in,32482,-662.4
145.1099,2,in,32486,-636
145.1135,2,in,32490,-627.4
145.1171,2,in,32494,-607.2
145.1212,2,in,32498,-617.6
145.1248,2,in,32502,-646.6
145.1288,2,in,32506,-614.4
145.1326,2,in,32510,-632.8
145.1365,2,in,32514,-612.8
145.1403,2,in,32518,-671
145.1443,2,in,32522,-643
145.1483,2,in,32526,-646.2
145.1521,2,in,32530,-650
145.1566,2,in,32534,-720.8
145.1607,2,in,32538,-680
145.1642,2,in,32542,-681.4
145.1679,2,in,32546,-685.4
145.172,2,in,32550,-691.2
145.1756,2,in,32554,-696.2
145.1798,2,in,32558,-652.6
145.1835,2,in,32562,-656.8
145.1873,2,in,32566,-663.6
145.1908,2,in,32570,-642
145.195,2,in,32574,-652
145.1995,2,in,32578,-655.2
145.2036,2,in,32582,-656.6
145.2087,2,in,32586,-645.8
145.2131,2,in,32590,-633.6
145.2174,2,in,32594,-636.2
145.2226,2,in,32598,-718.4
145.2276,2,in,32602,-642.2
145.2321,2,in,32606,-676.8
145.2371,2,in,32610,-659.6
145.2411,2,in,32614,-700
145.2456,2,in,32618,-672
145.2493,2,in,32622,-620.4
145.2535,2,in,32626,-700.2
145.2578,2,in,32630,-680.8
145.2617,2,in,32634,-675.2
145.2661,2,in,32638,-648.6
145.2697,2,in,32642,-617
145.2738,2,in,32646,-597
145.2775,2,in,32650,-588.8
145.2816,2,in,32654,-588.2
145.2851,2,in,32658,-606.6
145.2889,2,in,32662,-598
145.2926,2,in,32666,-653.6
145.2965,2,in,32670,-622.4
145.3007,2,in,32674,-642.2
145.3042,2,in,32678,-674
145.3083,2,in,32682,-685.6
145.312,2,in,32686,-626.2
145.3156,2,in,32690,-682.4
145.3197,2,in,32694,-658.8
145.3236,2,in,32698,-670.4
145.3271,2,in,32702,-662
145.3308,2,in,32706,-631
145.3348,2,in,32710,-633.2
145.3387,2,in,32714,-646.8
145.3429,2,in,32718,-656.6
145.3476,2,in,32722,-633.2
145.3529,2,in,32726,-660.6
145.3581,2,in,32730,-679.4
145.363,2,in,32734,-676.4
145.3679,2,in,32738,-689.6
145.3724,2,in,32742,-660.8
145.3776,2,in,32746,-612.8
145.3825,2,in,32750,-648.8
145.3876,2,in,32754,-675
145.3927,2,in,32758,-687
145.3976,2,in,32762,-677.2
145.4023,2,in,32766,-657
145.4073,2,in,32770,-703.8
145.412,2,in,32774,-661.6
145.4167,2,in,32778,-650
145.4213,2,in,32782,-647.6
145.4261,2,in,32786,-634
145.4309,2,in,32790,-575
145.4359,2,in,32794,-614.8
145.4405,2,in,32798,-647.6
145.4448,2,in,32802,-593
145.4492,2,in,32806,-628.6
145.4539,2,in,32810,-618.8
145.4595,2,in,32814,-672
145.4641,2,in,32818,-659
145.4689,2,in,32822,-634
145.4734,2,in,32826,-611
145.4783,2,in,32830,-617.4
145.4826,2,in,32834,-611.4
145.4877,2,in,32838,-634.8
145.4927,2,in,32842,-655.2
145.4975,2,in,32846,-668
145.5026,2,in,32850,-648.4
145.507,2,in,32854,-627.8
145.5114,2,in,32858,-640.6
145.5166,2,in,32862,-643.4
145.521,2,in,32866,-658.8
145.5254,2,in,32870,-673.2
145.53,2,in,32874,-691
145.5346,2,in,32878,-703.6
145.5398,2,in,32882,-710.2
145.5444,2,in,32886,-667.2
145.5493,2,in,32890,-671.2
145.5537,2,in,32894,-647.2
145.5585,2,in,32898,-684
145.5632,2,in,32902,-700.8
145.5684,2,in,32906,-656.2
145.5729,2,in,32910,-659.8
145.5778,2,in,32914,-695
145.5822,2,in,32918,-650.6
145.5867,2,in,32922,-703.4
145.5911,2,in,32926,-714.4
145.596,2,in,32930,-677.2
145.6013,2,in,32934,-676.6
145.6065,2,in,32938,-753.4
145.6116,2,in,32942,-734
145.6172,2,in,32946,-709.8
145.622,2,in,32950,-737.4
145.6267,2,in,32954,-711.2
145.6315,2,in,32958,-797.8
145.6361,2,in,32962,-811.6
145.6407,2,in,32966,-808
145.6462,2,in,32970,-749.6
145.6507,2,in,32974,-725.8
145.6556,2,in,32978,-789.2
145.66,2,in,32982,-810.2
145.6644,2,in,32986,-813.4
145.6689,2,in,32990,-785
145.6742,2,in,32994,-808.2
145.6793,2,in,32998,-765.2
145.6844,2,in,33002,-786.6
145.6889,2,in,33006,-856.2
145.6937,2,in,33010,-742.8
145.6982,2,in,33014,-727
145.7027,2,in,33018,-780.4
145.7066,2,in,33022,-802
145.7107,2,in,33026,-903.8
145.7147,2,in,33030,-842.4
145.719,2,in,33034,-873.4
145.7242,2,in,33038,-816.6
145.7285,2,in,33042,-813.6
145.7328,2,in,33046,-812.6
145.7376,2,in,33050,-816
145.742,2,in,33054,-856.6
145.7467,2,in,33058,-802.6
145.7509,2,in,33062,-837.4
145.7554,2,in,33066,-817.4
145.7595,2,in,33070,-795.2
145.7635,2,in,33074,-785.6
145.7679,2,in,33078,-801
145.7723,2,in,33082,-807.2
145.777,2,in,33086,-761.2
145.782,2,in,33090,-759.2
145.7863,2,in,33094,-789.6
145.791,2,in,33098,-745
145.7966,2,in,33102,-754
145.801,2,in,33106,-762
145.8053,2,in,33110,-804
145.8097,2,in,33114,-774.8
145.8139,2,in,33118,-778.6
145.819,2,in,33122,-814
145.8236,2,in,33126,-777.4
145.8284,2,in,33130,-774.8
145.8337,2,in,33134,-827.8
145.8385,2,in,33138,-813.4
145.8431,2,in,33142,-839
145.8482,2,in,33146,-823.2
145.8529,2,in,33150,-812
145.8572,2,in,33154,-813.8
145.862,2,in,33158,-770.2
145.8665,2,in,33162,-744.2
145.871,2,in,33166,-779.4
145.8754,2,in,33170,-815.4
145.88,2,in,33174,-771
145.8846,2,in,33178,-791.2
145.8892,2,in,33182,-743.6
145.8936,2,in,33186,-782.2
145.8985,2,in,33190,-792.6
145.9031,2,in,33194,-788.4
145.9081,2,in,33198,-790.4
145.9122,2,in,33202,-746.2
145.9163,2,in,33206,-785.4
145.9212,2,in,33210,-772.8
145.9259,2,in,33214,-794.4
145.9302,2,in,33218,-780.4
145.9347,2,in,33222,-790.2
145.9394,2,in,33226,-803.6
145.9438,2,in,33230,-830.4
145.9483,2,in,33234,-751
145.9522,2,in,33238,-811.8
145.9567,2,in,33242,-769
145.9609,2,in,33246,-810.8
145.965,2,in,33250,-756
145.9698,2,in,33254,-801.2
145.9754,2,in,33258,-773.4
145.9806,2,in,33262,-788.8
145.9858,2,in,33266,-792.6
145.991,2,in,33270,-776
145.9962,2,in,33274,-769
146.0009,2,in,33278,-782.6
146.0054,2,in,33282,-798
146.0105,2,in,33286,-756.6
146.0152,2,in,33290,-783.2
146.0197,2,in,33294,-759.4
146.0244,2,in,33298,-782.8
146.0291,2,in,33302,-802.6
146.0338,2,in,33306,-742.2
146.0384,2,in,33310,-762.2
146.0435,2,in,33314,-783.2
146.0481,2,in,33318,-794.6
146.0524,2,in,33322,-800.8
146.0573,2,in,33326,-772.4
146.0619,2,in,33330,-762.8
146.0663,2,in,33334,-782.4
146.0712,2,in,33338,-805.2
146.076,2,in,33342,-782.6
146.0806,2,in,33346,-784.6
146.0851,2,in,33350,-726
146.0904,2,in,33354,-794.4
146.095,2,in,33358,-746.4
146.1001,2,in,33362,-767.8
146.1045,2,in,33366,-774.4
146.1093,2,in,33370,-792.6
146.114,2,in,33374,-776.2
146.1196,2,in,33378,-770
146.124,2,in,33382,-801.4
146.1284,2,in,33386,-824.8
146.1336,2,in,33390,-803.2
146.1387,2,in,33394,-793
146.1432,2,in,33398,-903
146.1481,2,in,33402,-830
146.153,2,in,33406,-816.6
146.1578,2,in,33410,-791.6
146.1633,2,in,33414,-822.2
146.1679,2,in,33418,-805.2
146.1726,2,in,33422,-815.2
146.1775,2,in,33426,-810.8
146.1821,2,in,33430,-811.6
146.1866,2,in,33434,-796.6
146.1914,2,in,33438,-841.4
146.1969,2,in,33442,-780.6
146.2015,2,in,33446,-773.6
146.2063,2,in,33450,-815.8
146.2106,2,in,33454,-916.6
146.215,2,in,33458,-847.2
146.2201,2,in,33462,-861.4
146.2248,2,in,33466,-865.6
146.2292,2,in,33470,-858.4
146.2337,2,in,33474,-859.2
146.2381,2,in,33478,-896.2
146.2428,2,in,33482,-892
146.2477,2,in,33486,-897.4
146.2522,2,in,33490,-910
146.2567,2,in,33494,-918.2
146.2615,2,in,33498,-852.2
146.2661,2,in,33502,-897.6
146.2705,2,in,33506,-876.2
146.2749,2,in,33510,-845.4
146.2798,2,in,33514,-829.2
146.2844,2,in,33518,-850.2
146.2889,2,in,33522,-868.6
146.2934,2,in,33526,-813.4
146.2979,2,in,33530,-854
146.3032,2,in,33534,-853.4
146.3078,2,in,33538,-824.2
146.3131,2,in,33542,-857.4
146.3178,2,in,33546,-816
146.3225,2,in,33550,-831
146.3274,2,in,33554,-871
146.3329,2,in,33558,-839.8
146.3378,2,in,33562,-834.2
146.3428,2,in,33566,-896.4
146.3471,2,in,33570,-861
146.3517,2,in,33574,-929.8
146.3564,2,in,33578,-809.4
146.3609,2,in,33582,-928.2
146.3659,2,in,33586,-866.2
146.3706,2,in,33590,-859.8
146.3752,2,in,33594,-889.4
146.38,2,in,33598,-816
146.3847,2,in,33602,-876.6
146.3894,2,in,33606,-807.6
146.3941,2,in,33610,-904.8
146.399,2,in,33614,-878.8
146.4042,2,in,33618,-932.4
146.409,2,in,33622,-844.2
146.4134,2,in,33626,-817
146.4188,2,in,33630,-843.6
146.4233,2,in,33634,-888.8
146.4283,2,in,33638,-909.4
146.4328,2,in,33642,-862.6
146.438,2,in,33646,-908.8
146.4426,2,in,33650,-919.8
146.4479,2,in,33654,-906.6
146.4523,2,in,33658,-939.2
146.457,2,in,33662,-922
146.4619,2,in,33666,-876.6
146.4669,2,in,33670,-880.6
146.4714,2,in,33674,-857.4
146.4762,2,in,33678,-854.4
146.4819,2,in,33682,-835.2
146.4868,2,in,33686,-897
146.4918,2,in,33690,-886.4
146.4963,2,in,33694,-872.4
146.5011,2,in,33698,-859.2
146.5058,2,in,33702,-853.2
146.5101,2,in,33706,-837.8
146.5144,2,in,33710,-944.2
146.519,2,in,33714,-864
146.5234,2,in,33718,-790
146.5284,2,in,33722,-839.6
146.5325,2,in,33726,-781.6
146.5364,2,in,33730,-792
146.54,2,in,33734,-822.2
146.544,2,in,33738,-863.4
146.5477,2,in,33742,-811
146.5515,2,in,33746,-823.8
146.5553,2,in,33750,-841.6
146.5594,2,in,33754,-850.6
146.5634,2,in,33758,-834.6
146.5674,2,in,33762,-819.2
146.5718,2,in,33766,-846
146.5763,2,in,33770,-866.8
146.5816,2,in,33774,-814.8
146.5867,2,in,33778,-820.6
146.5915,2,in,33782,-828
146.597,2,in,33786,-833
146.602,2,in,33790,-855.4
146.6064,2,in,33794,-819
146.6108,2,in,33798,-848.6
146.6147,2,in,33802,-843.6
146.6191,2,in,33806,-837
146.6226,2,in,33810,-831.8
146.626,2,in,33814,-838
146.6299,2,in,33818,-819
146.634,2,in,33822,-829.8
146.6381,2,in,33826,-816.8
146.6419,2,in,33830,-870.6
146.6461,2,in,33834,-847.6
146.6498,2,in,33838,-812.8
146.6537,2,in,33842,-841.4
146.6575,2,in,33846,-869.6
146.6617,2,in,33850,-826.4
146.6661,2,in,33854,-820.2
146.6701,2,in,33858,-802.6
146.6742,2,in,33862,-859.6
146.6783,2,in,33866,-836.8
146.6823,2,in,33870,-868.4
146.6867,2,in,33874,-842.8
146.6907,2,in,33878,-881.6
146.6945,2,in,33882,-820
146.6987,2,in,33886,-794.4
146.703,2,in,33890,-850.8
146.7067,2,in,33894,-840.6
146.7105,2,in,33898,-833
146.7141,2,in,33902,-803.2
146.7181,2,in,33906,-802
146.7222,2,in,33910,-859.2
146.7262,2,in,33914,-868
146.7305,2,in,33918,-850.8
146.7352,2,in,33922,-826.4
146.7398,2,in,33926,-827.6
146.7445,2,in,33930,-835
146.7487,2,in,33934,-819.4
146.753,2,in,33938,-823
146.7576,2,in,33942,-844
146.7618,2,in,33946,-826.2
146.7662,2,in,33950,-843
146.7702,2,in,33954,-874.8
146.7747,2,in,33958,-872.2
146.779,2,in,33962,-845.8
146.7831,2,in,33966,-802.2
146.7872,2,in,33970,-895.4
146.7916,2,in,33974,-814.8
146.7962,2,in,33978,-841.4
146.8002,2,in,33982,-851.6
146.8045,2,in,33986,-869.4
146.8084,2,in,33990,-843.2
146.8127,2,in,33994,-856.8
146.8172,2,in,33998,-832.4
146.8211,2,in,34002,-891.2
146.8249,2,in,34006,-895.2
146.8288,2,in,34010,-865.6
146.8327,2,in,34014,-859.2
146.8368,2,in,34018,-889.4
146.841,2,in,34022,-856
146.8454,2,in,34026,-809
146.8497,2,in,34030,-857
146.8544,2,in,34034,-819.4
146.8585,2,in,34038,-852.6
146.8626,2,in,34042,-816
146.8665,2,in,34046,-794.8
146.8708,2,in,34050,-852
146.8748,2,in,34054,-863.4
146.8791,2,in,34058,-880.2
146.8829,2,in,34062,-822.6
146.8871,2,in,34066,-851.4
146.8911,2,in,34070,-841.8
146.8948,2,in,34074,-847.6
146.8989,2,in,34078,-813.6
146.903,2,in,34082,-846.6
146.9077,2,in,34086,-831.4
146.9121,2,in,34090,-822.2
146.9164,2,in,34094,-871.4
146.9204,2,in,34098,-854.6
146.9249,2,in,34102,-806
146.9296,2,in,34106,-811
146.9334,2,in,34110,-815.2
146.9376,2,in,34114,-832.6
146.9422,2,in,34118,-903.8
146.9461,2,in,34122,-812.6
146.9502,2,in,34126,-815
146.9543,2,in,34130,-810.6
146.9584,2,in,34134,-867.4
146.9629,2,in,34138,-816.4
146.9674,2,in,34142,-881.4
146.9718,2,in,34146,-793.4
146.9762,2,in,34150,-886.8
146.9804,2,in,34154,-873.4
146.9849,2,in,34158,-843.6
146.9896,2,in,34162,-840.8
146.994,2,in,34166,-844.8
146.9982,2,in,34170,-850.2
147.0023,2,in,34174,-886.2
147.0063,2,in,34178,-812.8
147.0105,2,in,34182,-845.6
147.0153,2,in,34186,-827.2
147.0196,2,in,34190,-837.4
147.0238,2,in,34194,-812
147.0279,2,in,34198,-827.2
147.0317,2,in,34202,-843.2
147.0362,2,in,34206,-861.8
147.0408,2,in,34210,-863.2
147.045,2,in,34214,-851.6
147.0491,2,in,34218,-889.8
147.0533,2,in,34222,-828.2
147.0581,2,in,34226,-870
147.063,2,in,34230,-849.4
147.0677,2,in,34234,-791.6
147.0726,2,in,34238,-844.4
147.0777,2,in,34242,-828.4
147.0822,2,in,34246,-835.8
147.0864,2,in,34250,-923
147.091,2,in,34254,-957.6
147.0959,2,in,34258,-915.2
147.1006,2,in,34262,-877.2
147.1049,2,in,34266,-850.4
147.1096,2,in,34270,-933
147.1136,2,in,34274,-982.4
147.1182,2,in,34278,-840.2
147.1229,2,in,34282,-903
147.1274,2,in,34286,-889.6
147.1318,2,in,34290,-943.2
147.1358,2,in,34294,-865.2
147.1398,2,in,34298,-843.4
147.1443,2,in,34302,-893.6
147.1481,2,in,34306,-850.6
147.1522,2,in,34310,-862.6
147.1562,2,in,34314,-874.4
147.1604,2,in,34318,-814.6
147.1645,2,in,34322,-815.6
147.1688,2,in,34326,-819.6
147.173,2,in,34330,-880.4
147.1772,2,in,34334,-848.4
147.1819,2,in,34338,-824.4
147.1863,2,in,34342,-809.6
147.1905,2,in,34346,-882.4
147.1945,2,in,34350,-840
147.1985,2,in,34354,-945.4
147.2021,2,in,34358,-935
147.2059,2,in,34362,-902.2
147.2095,2,in,34366,-942.4
147.2131,2,in,34370,-913.6
147.2167,2,in,34374,-898.2
147.2204,2,in,34378,-887.4
147.2241,2,in,34382,-875.6
147.228,2,in,34386,-908.2
147.2319,2,in,34390,-890.4
147.2359,2,in,34394,-925.8
147.2401,2,in,34398,-884.2
147.2438,2,in,34402,-902.4
147.2477,2,in,34406,-889.4
147.2516,2,in,34410,-844
147.2556,2,in,34414,-902
147.2591,2,in,34418,-936.8
147.2629,2,in,34422,-892.4
147.2666,2,in,34426,-890.6
147.2708,2,in,34430,-899.6
147.2743,2,in,34434,-932.2
147.2783,2,in,34438,-880
147.2825,2,in,34442,-917.6
147.2867,2,in,34446,-916.6
147.2907,2,in,34450,-807
147.2946,2,in,34454,-905.4
147.2989,2,in,34458,-947
147.3029,2,in,34462,-889.6
147.3069,2,in,34466,-826
147.3106,2,in,34470,-891.8
147.3143,2,in,34474,-888.8
147.3183,2,in,34478,-871.2
147.3221,2,in,34482,-921
147.3259,2,in,34486,-976.8
147.3295,2,in,34490,-831.8
147.3333,2,in,34494,-825
147.337,2,in,34498,-821.2
147.341,2,in,34502,-856
147.3455,2,in,34506,-810.2
147.3499,2,in,34510,-812.6
147.3538,2,in,34514,-821
147.3578,2,in,34518,-858.6
147.3613,2,in,34522,-833.2
147.3652,2,in,34526,-851.6
147.3689,2,in,34530,-828.8
147.3726,2,in,34534,-851
147.3765,2,in,34538,-864.2
147.3804,2,in,34542,-836.8
147.3842,2,in,34546,-786.4
147.3879,2,in,34550,-865.8
147.3922,2,in,34554,-883.4
147.3958,2,in,34558,-839.8
147.3996,2,in,34562,-844.4
147.4033,2,in,34566,-838.6
147.4073,2,in,34570,-831.2
147.411,2,in,34574,-846.2
147.4146,2,in,34578,-846.8
147.4183,2,in,34582,-839.2
147.4218,2,in,34586,-860.4
147.4255,2,in,34590,-883.8
147.4296,2,in,34594,-844.8
147.4333,2,in,34598,-823.8
147.4371,2,in,34602,-827
147.4411,2,in,34606,-841.4
147.4447,2,in,34610,-833
147.4485,2,in,34614,-802.2
147.4521,2,in,34618,-850
147.4557,2,in,34622,-841.2
147.4595,2,in,34626,-847
147.4635,2,in,34630,-797.4
147.4672,2,in,34634,-802.8
147.471,2,in,34638,-829
147.4749,2,in,34642,-861.2
147.4784,2,in,34646,-859.4
147.4829,2,in,34650,-858.4
147.487,2,in,34654,-857
147.491,2,in,34658,-840.8
147.4945,2,in,34662,-854.2
147.4982,2,in,34666,-827.4
147.5019,2,in,34670,-819.6
147.5058,2,in,34674,-787.4
147.5094,2,in,34678,-812.8
147.5133,2,in,34682,-828.2
147.5177,2,in,34686,-794
147.5217,2,in,34690,-840.8
147.5256,2,in,34694,-843.8
147.5296,2,in,34698,-833.2
147.5335,2,in,34702,-784.8
147.5379,2,in,34706,-836.8
147.5419,2,in,34710,-880.6
147.5461,2,in,34714,-782.8
147.5497,2,in,34718,-800
147.5535,2,in,34722,-847
147.5571,2,in,34726,-807.6
147.5608,2,in,34730,-793.2
147.5643,2,in,34734,-796.6
147.5679,2,in,34738,-816.2
147.5716,2,in,34742,-831.2
147.5751,2,in,34746,-823.8
147.579,2,in,34750,-829.2
147.5824,2,in,34754,-820.6
147.5864,2,in,34758,-831.8
147.5904,2,in,34762,-831.6
147.594,2,in,34766,-855.2
147.5977,2,in,34770,-844.8
147.6017,2,in,34774,-827.6
147.6058,2,in,34778,-869.4
147.6101,2,in,34782,-826.8
147.614,2,in,34786,-798.4
147.6178,2,in,34790,-827
147.6216,2,in,34794,-812.2
147.6259,2,in,34798,-846.6
147.6299,2,in,34802,-781
147.6345,2,in,34806,-802.2
147.6385,2,in,34810,-791
147.6424,2,in,34814,-841.6
147.6467,2,in,34818,-809.4
147.6508,2,in,34822,-782
147.655,2,in,34826,-808.6
147.6591,2,in,34830,-802.2
147.6634,2,in,34834,-830.8
147.6677,2,in,34838,-799
147.6717,2,in,34842,-807.6
147.676,2,in,34846,-789.4
147.6797,2,in,34850,-781.8
147.6832,2,in,34854,-747.2
147.6874,2,in,34858,-828.8
147.6915,2,in,34862,-826.4
147.6957,2,in,34866,-772.6
147.6993,2,in,34870,-815.6
147.7031,2,in,34874,-778.8
147.7068,2,in,34878,-788.6
147.7104,2,in,34882,-798.6
147.7141,2,in,34886,-741.6
147.7181,2,in,34890,-751.2
147.7218,2,in,34894,-772.8
147.7254,2,in,34898,-760.8
147.7293,2,in,34902,-739.8
147.7328,2,in,34906,-765.8
147.7365,2,in,34910,-772.6
147.7402,2,in,34914,-785.8
147.7438,2,in,34918,-774.4
147.7474,2,in,34922,-762.4
147.7511,2,in,34926,-781.8
147.7547,2,in,34930,-766.4
147.7583,2,in,34934,-793.2
147.7619,2,in,34938,-799.4
147.7657,2,in,34942,-786.2
147.77,2,in,34946,-811
147.7739,2,in,34950,-836.2
147.7779,2,in,34954,-810.2
147.7816,2,in,34958,-745.2
147.7853,2,in,34962,-800.2
147.7889,2,in,34966,-831
147.7927,2,in,34970,-834.4
147.7965,2,in,34974,-766.4
147.8006,2,in,34978,-774.6
147.8044,2,in,34982,-812.8
147.8084,2,in,34986,-772.8
147.8122,2,in,34990,-728
147.8161,2,in,34994,-736
147.82,2,in,34998,-726.8
147.8241,2,in,35002,-719.6
147.8277,2,in,35006,-716.2
147.8318,2,in,35010,-742
147.8362,2,in,35014,-702.4
147.8401,2,in,35018,-701
147.8438,2,in,35022,-739.8
147.8474,2,in,35026,-760.6
147.8512,2,in,35030,-724.4
147.8553,2,in,35034,-751.6
147.8595,2,in,35038,-796.4
147.8632,2,in,35042,-751.4
147.867,2,in,35046,-673.8
147.8706,2,in,35050,-698.2
147.8745,2,in,35054,-730.6
147.878,2,in,35058,-681.2
147.8818,2,in,35062,-662.4
147.8856,2,in,35066,-644.8
147.8893,2,in,35070,-647.4
147.8933,2,in,35074,-665.8
147.8969,2,in,35078,-646.2
147.9007,2,in,35082,-629
147.9044,2,in,35086,-629
147.9081,2,in,35090,-655.2
147.912,2,in,35094,-626.4
147.9157,2,in,35098,-699
147.9197,2,in,35102,-630
147.9237,2,in,35106,-667.2
147.9278,2,in,35110,-664
147.932,2,in,35114,-652.6
147.9357,2,in,35118,-639.2
147.94,2,in,35122,-623.2
147.9445,2,in,35126,-707.4
147.9483,2,in,35130,-648.8
147.952,2,in,35134,-638.8
147.9556,2,in,35138,-640.8
147.9593,2,in,35142,-669.2
147.9635,2,in,35146,-560.4
147.9673,2,in,35150,-541.4
147.971,2,in,35154,-561.4
147.9748,2,in,35158,-556.4
147.9788,2,in,35162,-546.2
147.9829,2,in,35166,-550.4
147.9871,2,in,35170,-540.6
147.9907,2,in,35174,-558.2
147.9945,2,in,35178,-550.4
147.9983,2,in,35182,-559.4
148.0021,2,in,35186,-665.6
148.0057,2,in,35190,-714.4
148.0094,2,in,35194,-708.8
148.0133,2,in,35198,-587
148.017,2,in,35202,-568.8
148.0205,2,in,35206,-592.4
148.0242,2,in,35210,-559.8
148.0279,2,in,35214,-561
148.0319,2,in,35218,-591.6
148.0361,2,in,35222,-594.8
148.0397,2,in,35226,-562.4
148.0433,2,in,35230,-586.6
148.0478,2,in,35234,-549.8
148.0524,2,in,35238,-601.6
148.056,2,in,35242,-544.2
148.0601,2,in,35246,-575.4
148.0645,2,in,35250,-516.2
148.0689,2,in,35254,-489
148.0728,2,in,35258,-535
148.0767,2,in,35262,-539.2
148.0803,2,in,35266,-492.8
148.0835,2,in,35270,-529
148.0868,2,in,35274,-547.8
148.0909,2,in,35278,-477.8
148.095,2,in,35282,-561.6
148.099,2,in,35286,-613.2
148.1024,2,in,35290,-595.2
148.106,2,in,35294,-625.8
148.1102,2,in,35298,-639.8
148.1143,2,in,35302,-493.4
148.1183,2,in,35306,-459.2
148.1221,2,in,35310,-503.4
148.1258,2,in,35314,-577
148.1296,2,in,35318,-514
148.1331,2,in,35322,-509.4
148.137,2,in,35326,-487.8
148.1409,2,in,35330,-510.6
148.1448,2,in,35334,-497.8
148.1486,2,in,35338,-466
148.1523,2,in,35342,-456.2
148.156,2,in,35346,-470.8
148.1599,2,in,35350,-454.6
148.1637,2,in,35354,-490.6
148.1673,2,in,35358,-505.8
148.1712,2,in,35362,-518.2
148.175,2,in,35366,-449.8
148.1786,2,in,35370,-402
148.1824,2,in,35374,-390
148.1864,2,in,35378,-425.4
148.1899,2,in,35382,-362
148.194,2,in,35386,-357.2
148.1977,2,in,35390,-352.4
148.2014,2,in,35394,-380.6
148.2051,2,in,35398,-463.8
148.2088,2,in,35402,-492
148.2128,2,in,35406,-470.6
148.2159,2,in,35410,-453.2
148.2197,2,in,35414,-466.4
148.2239,2,in,35418,-431.6
148.227,2,in,35422,-465.8
148.231,2,in,35426,-443.4
148.2347,2,in,35430,-406.4
148.2383,2,in,35434,-434.6
148.242,2,in,35438,-444.4
148.2459,2,in,35442,-406
148.2494,2,in,35446,-378.8
148.2529,2,in,35450,-363
148.2564,2,in,35454,-330.4
148.2601,2,in,35458,-365.6
148.2637,2,in,35462,-351.6
148.2672,2,in,35466,-338.8
148.2706,2,in,35470,-324
148.2743,2,in,35474,-306.2
148.2778,2,in,35478,-300.2
148.2812,2,in,35482,-277.2
148.2848,2,in,35486,-389.2
148.2881,2,in,35490,-346.4
148.2911,2,in,35494,-364
148.2948,2,in,35498,-384.6
148.2982,2,in,35502,-374
148.3017,2,in,35506,-352.4
148.3056,2,in,35510,-337.4
148.3091,2,in,35514,-450.4
148.3126,2,in,35518,-425.4
148.3163,2,in,35522,-367.4
148.3204,2,in,35526,-408.4
148.324,2,in,35530,-313.8
148.3278,2,in,35534,-283
148.331,2,in,35538,-316.8
148.3349,2,in,35542,-275
148.3383,2,in,35546,-357.4
148.3423,2,in,35550,-361.8
148.3458,2,in,35554,-412.4
148.3496,2,in,35558,-392.4
148.3534,2,in,35562,-688.6
148.3572,2,in,35566,-681.6
148.3614,2,in,35570,-662
148.3651,2,in,35574,-669
148.3688,2,in,35578,-675.2
148.3728,2,in,35582,-458.8
148.3764,2,in,35586,-534.2
148.38,2,in,35590,-507.2
148.3837,2,in,35594,-484
148.3878,2,in,35598,-352
148.392,2,in,35602,-565
148.396,2,in,35606,-533.4
148.3995,2,in,35610,-523.4
148.4031,2,in,35614,-477
148.4071,2,in,35618,-448.8
148.4108,2,in,35622,-521.2
148.4148,2,in,35626,-478.4
148.4183,2,in,35630,-519.4
148.4221,2,in,35634,-281.8
148.4261,2,in,35638,-328.6
148.4297,2,in,35642,-465.8
148.4336,2,in,35646,-367.4
148.4372,2,in,35650,-353.8
148.4409,2,in,35654,-372.4
148.4449,2,in,35658,-400
148.4483,2,in,35662,-383.6
148.4522,2,in,35666,-436.4
148.4556,2,in,35670,-337.6
148.4588,2,in,35674,-405
148.4633,2,in,35678,-340.4
148.4671,2,in,35682,-365.4
148.4706,2,in,35686,-357
148.4744,2,in,35690,-325.8
148.4786,2,in,35694,-311.4
148.482,2,in,35698,-366.2
148.4856,2,in,35702,-351.4
148.4895,2,in,35706,-401
148.4931,2,in,35710,-392.4
148.4969,2,in,35714,-368.8
148.5006,2,in,35718,-340.8
148.5043,2,in,35722,-324.8
148.508,2,in,35726,-365
148.5119,2,in,35730,-332.2
148.5157,2,in,35734,-320.4
148.5198,2,in,35738,-251.2
148.5237,2,in,35742,-500.4
148.527,2,in,35746,-471.6
148.5304,2,in,35750,-448.8
148.5342,2,in,35754,-492.8
148.5379,2,in,35758,-535.2
148.5417,2,in,35762,-579.8
148.5454,2,in,35766,-554.2
148.5492,2,in,35770,-491
148.5531,2,in,35774,-502.8
148.5568,2,in,35778,-508.2
148.5604,2,in,35782,-497.6
148.5644,2,in,35786,-431.4
148.5681,2,in,35790,-493.4
148.5719,2,in,35794,-517.6
148.5756,2,in,35798,-553.2
148.5799,2,in,35802,-596.6
148.5837,2,in,35806,-595.2
148.5883,2,in,35810,-462
148.5923,2,in,35814,-441
148.5966,2,in,35818,-457.8
148.6006,2,in,35822,-376
148.6048,2,in,35826,-498.6
148.6085,2,in,35830,-571.8
148.6124,2,in,35834,-468
148.6166,2,in,35838,-366.2
148.6207,2,in,35842,-426.4
148.6246,2,in,35846,-553.8
148.6285,2,in,35850,-366.2
148.6321,2,in,35854,-395.2
148.6358,2,in,35858,-377.6
148.6396,2,in,35862,-428.4
148.6474,2,in,35866,-494.4
148.6509,2,in,35870,-526.6
148.6544,2,in,35874,-411.2
148.6583,2,in,35878,-324.6
148.6623,2,in,35882,-427.8
148.668,2,in,35886,-377.2
148.6723,2,in,35890,-388.2
148.6761,2,in,35894,-434.4
148.68,2,in,35898,-592.6
148.6836,2,in,35902,-629.8
148.6871,2,in,35906,-627.4
148.6912,2,in,35910,-643
148.6952,2,in,35914,-429.2
148.6988,2,in,35918,-395
148.7025,2,in,35922,-377.6
148.7061,2,in,35926,-490.6
148.7097,2,in,35930,-481.2
148.7136,2,in,35934,-409.4
148.7172,2,in,35938,-534.6
148.7207,2,in,35942,-527.2
148.7247,2,in,35946,-516.6
148.7289,2,in,35950,-498
148.7323,2,in,35954,-459
148.7361,2,in,35958,-466.6
148.7396,2,in,35962,-414.6
148.7433,2,in,35966,-486.6
148.7475,2,in,35970,-439.6
148.7511,2,in,35974,-420.8
148.7554,2,in,35978,-378.8
148.7594,2,in,35982,-441.6
148.7628,2,in,35986,-410.2
148.7671,2,in,35990,-428.6
148.7706,2,in,35994,-398.8
148.7744,2,in,35998,-360.6
148.7781,2,in,36002,-376.4
148.7818,2,in,36006,-400
148.7858,2,in,36010,-385.4
148.7895,2,in,36014,-418.6
148.7932,2,in,36018,-339.2
148.7968,2,in,36022,-359.6
148.8007,2,in,36026,-320.2
148.8047,2,in,36030,-360.8
148.8085,2,in,36034,-414.4
148.8122,2,in,36038,-408.6
148.8156,2,in,36042,-455
148.8195,2,in,36046,-443.8
148.8228,2,in,36050,-385.2
148.8265,2,in,36054,-424.8
148.83,2,in,36058,-387
148.834,2,in,36062,-381.6
148.8379,2,in,36066,-385.2
148.8419,2,in,36070,-435.8
148.8459,2,in,36074,-380.2
148.8503,2,in,36078,-336
148.854,2,in,36082,-435.4
148.8581,2,in,36086,-400.8
148.8615,2,in,36090,-414.8
148.8654,2,in,36094,-402.4
148.869,2,in,36098,-416.4
148.8727,2,in,36102,-434.4
148.8763,2,in,36106,-442.6
148.8802,2,in,36110,-421.6
148.8841,2,in,36114,-417.2
148.8877,2,in,36118,-461.8
148.8914,2,in,36122,-386.4
148.8953,2,in,36126,-395.2
148.8997,2,in,36130,-433.2
148.9033,2,in,36134,-400.6
148.9071,2,in,36138,-401.2
148.9108,2,in,36142,-447.8
148.9145,2,in,36146,-438
148.9179,2,in,36150,-474.4
148.9216,2,in,36154,-592.4
148.9253,2,in,36158,-645.6
148.9289,2,in,36162,-614.2
148.9327,2,in,36166,-399.8
148.9362,2,in,36170,-395.2
148.94,2,in,36174,-439
148.9437,2,in,36178,-502
148.9476,2,in,36182,-463.8
148.9512,2,in,36186,-404.2
148.9548,2,in,36190,-384.4
148.9584,2,in,36194,-425.4
148.9622,2,in,36198,-372.6
148.9657,2,in,36202,-450.6
148.9696,2,in,36206,-460.8
148.9736,2,in,36210,-479.8
148.9773,2,in,36214,-527.4
148.9811,2,in,36218,-503.6
148.9847,2,in,36222,-525.4
148.9881,2,in,36226,-531.2
148.9917,2,in,36230,-522.8
148.9952,2,in,36234,-559.4
148.9988,2,in,36238,-564.4
149.0021,2,in,36242,-598.8
149.0061,2,in,36246,-693
149.0099,2,in,36250,-819.4
149.0138,2,in,36254,-766.4
149.0173,2,in,36258,-846.2
149.0211,2,in,36262,-779.6
149.0248,2,in,36266,-788.4
149.0284,2,in,36270,-911.2
149.0323,2,in,36274,-979.8
149.0363,2,in,36278,-940.6
149.0406,2,in,36282,-1003
149.0446,2,out,36278,-1168.2
149.0479,2,out,36274,-1303.6
149.0516,2,out,36270,-1233
149.0552,2,out,36266,-1248
149.0591,2,out,36262,-1191.6
149.063,2,out,36258,-1107.6
149.067,2,out,36254,-1143.2
149.0706,2,out,36250,-1290.4
149.0742,2,out,36246,-1359
149.0778,2,out,36242,-1372.6
149.0809,2,out,36238,-1201.2
149.085,2,out,36234,-1188
149.0892,2,out,36230,-1290.6
149.0926,2,out,36226,-1341.6
149.0966,2,out,36222,-1721.8
149.1003,2,out,36218,-1849
149.1041,2,out,36214,-1848
149.1082,2,out,36210,-1870.8
149.1118,2,out,36206,-1925.8
149.1156,2,out,36202,-2057.2
149.1191,2,out,36198,-2217
149.1233,2,out,36194,-2196.4
149.1272,2,out,36190,-2211.2
149.1314,2,out,36186,-2164
149.1354,2,out,36182,-2146.6
149.1389,2,out,36178,-2150
149.1427,2,out,36174,-2200.4
149.1466,2,out,36170,-1786.8
149.1502,2,out,36166,-1850
149.154,2,out,36162,-1665.6
149.1577,2,out,36158,-1595.8
149.1614,2,out,36154,-1700.2
149.1649,2,out,36150,-1692.6
149.1686,2,out,36146,-1669.2
149.1722,2,out,36142,-1725.8
149.1762,2,out,36138,-1751
149.1798,2,out,36134,-1934.8
149.1834,2,out,36130,-1629.8
149.1872,2,out,36126,-1636
149.1915,2,out,36122,-1585.2
149.196,2,out,36118,-1712
149.2005,2,out,36114,-1830.4
149.2042,2,out,36110,-1765.2
149.208,2,out,36106,-1749.8
149.2115,2,out,36102,-1741.6
149.2149,2,out,36098,-1762.8
149.2186,2,out,36094,-1752
149.2219,2,out,36090,-1760
149.2259,2,out,36086,-1769.6
149.2295,2,out,36082,-1718.6
149.2335,2,out,36078,-1772.6
149.2379,2,out,36074,-1662
149.2418,2,out,36070,-1691.6
149.2454,2,out,36066,-1756.4
149.2491,2,out,36062,-1815
149.2523,2,out,36058,-1749.8
149.2557,2,out,36054,-1726.2
149.2592,2,out,36050,-1719.2
149.2629,2,out,36046,-1785
149.2666,2,out,36042,-1783.6
149.2701,2,out,36038,-1792.6
149.2739,2,out,36034,-1832.2
149.2776,2,out,36030,-1938.6
149.2821,2,out,36026,-1947.8
149.2855,2,out,36022,-1998.6
149.2894,2,out,36018,-1898.2
149.2931,2,out,36014,-1880.8
149.2967,2,out,36010,-1927.6
149.3001,2,out,36006,-1857.8
149.3039,2,out,36002,-1805
149.3075,2,out,35998,-1826.4
149.3112,2,out,35994,-1858.8
149.3149,2,out,35990,-1887.8
149.3186,2,out,35986,-1796.8
149.3229,2,out,35982,-1728.2
149.3267,2,out,35978,-1797
149.3301,2,out,35974,-1828.8
149.3341,2,out,35970,-1864.2
149.3375,2,out,35966,-1892.8
149.341,2,out,35962,-1829
149.3449,2,out,35958,-2019.4
149.3484,2,out,35954,-2170.8
149.352,2,out,35950,-2921.6
149.3556,2,out,35946,-2578.4
149.3598,2,out,35942,-2465.2
149.3634,2,out,35938,-2509.6
149.3671,2,out,35934,-2828.4
149.3709,2,out,35930,-2644.8
149.3748,2,out,35926,-2779.2
149.3785,2,out,35922,-2565
149.3821,2,out,35918,-2728.4
149.3853,2,out,35914,-2873.8
149.389,2,out,35910,-2504.6
149.3927,2,out,35906,-2560.4
149.3965,2,out,35902,-2569.4
149.4001,2,out,35898,-2368.2
149.4045,2,out,35894,-2530
149.4082,2,out,35890,-2545.4
149.4119,2,out,35886,-2556
149.4154,2,out,35882,-2641
149.4186,2,out,35878,-2752.8
149.422,2,out,35874,-2630
149.426,2,out,35870,-2520.6
149.4294,2,out,35866,-2591
149.4328,2,out,35862,-2605.8
149.4361,2,out,35858,-2738.2
149.4397,2,out,35854,-2671.4
149.4433,2,out,35850,-2691
149.4469,2,out,35846,-2719.2
149.4505,2,out,35842,-2591.8
149.4538,2,out,35838,-2703
149.457,2,out,35834,-2696.8
149.4608,2,out,35830,-2687.6
149.4648,2,out,35826,-2729.4
149.4685,2,out,35822,-2840.6
149.4723,2,out,35818,-2766.2
149.4762,2,out,35814,-2789
149.4794,2,out,35810,-2834.2
149.483,2,out,35806,-2858.2
149.4865,2,out,35802,-2881
149.4906,2,out,35798,-2829.4
149.4941,2,out,35794,-2828
149.4975,2,out,35790,-2852.4
149.5012,2,out,35786,-2839
149.505,2,out,35782,-2856.4
149.5088,2,out,35778,-2704.6
149.5132,2,out,35774,-2766.4
149.5171,2,out,35770,-2863.6
149.5209,2,out,35766,-2836
149.5255,2,out,35762,-2660
149.5294,2,out,35758,-2619
149.5328,2,out,35754,-2644.8
149.536,2,out,35750,-2659.8
149.5396,2,out,35746,-2755.2
149.5429,2,out,35742,-2569
149.5469,2,out,35738,-2589.6
149.5507,2,out,35734,-2587
149.5543,2,out,35730,-2711.6
149.5581,2,out,35726,-2691.6
149.5618,2,out,35722,-2646.4
149.5659,2,out,35718,-2736.6
149.57,2,out,35714,-2752.2
149.5734,2,out,35710,-2667.2
149.5766,2,out,35706,-2659
149.5798,2,out,35702,-2639.8
149.5835,2,out,35698,-2683.2
149.587,2,out,35694,-2732
149.5908,2,out,35690,-2618.8
149.5944,2,out,35686,-2618.4
149.5976,2,out,35682,-2666.6
149.6011,2,out2,35632,-2612
149.6044,2,out2,35582,-2586.8
149.608,2,out2,35532,-2505.6
149.6117,2,out2,35482,-2446.8
149.6162,2,out2,35432,-2238.8
149.6199,2,out2,35382,-2570
149.6234,2,out2,35332,-2299.2
149.6267,2,out2,35282,-1982.2
149.6304,2,out2,35232,-1935.6
149.6339,2,out2,35182,-2048.8
149.6374,2,out2,35132,-1963.2
149.6407,2,out2,35082,-1808.6
149.6438,2,out2,35032,-1544.4
149.6479,2,out2,34982,-1461.4
149.6516,2,out2,34932,-1455.4
149.6551,2,out2,34882,-1451.2
149.6583,2,out2,34832,-1514.8
149.6616,2,out2,34782,-1397
149.6654,2,out2,34732,-1591
149.6698,2,out2,34682,-1725.4
149.6734,2,out2,34632,-1909.2
149.6772,2,out2,34582,-1232
149.681,2,out2,34532,-968.8
149.6846,2,out2,34482,-863.4
149.6884,2,out2,34432,-728.2
149.6919,2,out2,34382,-601.8
149.6959,2,out2,34332,-526
149.6997,2,out2,34282,-415.6
149.7032,2,out2,34232,-393.4
149.7067,2,out2,34182,-385.6
149.7104,2,out2,34132,-417.6
149.7139,2,out2,34082,-378.8
149.7172,2,out2,34032,-327
149.7211,2,out2,33982,-369.8
149.7246,2,out2,33932,-403
149.7278,2,out2,33882,-405.4
149.7312,2,out2,33832,-293.2
149.7342,2,out2,33782,-308.8
149.7378,2,out2,33732,-296.2
149.7415,2,out2,33682,-330
149.7451,2,out2,33632,-356.2
149.7483,2,out2,33582,-256.8
149.7518,2,out2,33532,-335
149.7559,2,out2,33482,-380
149.7598,2,out2,33432,-316.8
149.764,2,out2,33382,-371.8
149.7676,2,out2,33332,-304.6
149.7709,2,out2,33282,-267.4
149.7745,2,out2,33232,-279.4
149.7781,2,out2,33182,-279.6
149.7814,2,out2,33132,-258
149.7851,2,out2,33082,-280.4
149.7889,2,out2,33032,-379.8
149.7929,2,out2,32982,-406.4
149.7964,2,out2,32932,-358
149.7995,2,out2,32882,-463.6
149.8034,2,out2,32832,-402.6
149.8075,2,out2,32782,-376.8
149.8111,2,out2,32732,-555.6
149.8147,2,out2,32682,-645.4
149.8187,2,out2,32632,-705.6
149.8221,2,out2,32582,-696.6
149.8257,2,out2,32532,-687.2
149.8298,2,out2,32482,-680.2
149.8334,2,out2,32432,-700.4
149.8372,2,out2,32382,-725
149.8407,2,out2,32332,-800.8
149.8439,2,out2,32282,-830.8
149.8485,2,out2,32232,-731
149.8521,2,out2,32182,-789.6
149.8556,2,out2,32132,-775.4
149.8592,2,out2,32082,-788
149.8628,2,out2,32032,-808.8
149.8668,2,out2,31982,-811.4
149.871,2,out2,31932,-848.6
149.8745,2,out2,31882,-835.2
149.8778,2,out2,31832,-863.4
149.8821,2,out2,31782,-860.6
149.8858,2,out2,31732,-808.2
149.8891,2,out2,31682,-812.8
149.8929,2,out2,31632,-869.2
149.8968,2,out2,31582,-863.8
149.9008,2,out2,31532,-823.6
149.9043,2,out2,31482,-843
149.9081,2,out2,31432,-855.6
149.9116,2,out2,31382,-905.8
149.9157,2,out2,31332,-940
149.9192,2,out2,31282,-859.4
149.9232,2,out2,31232,-863.6
149.9268,2,out2,31182,-971
149.9304,2,out2,31132,-895.2
149.9343,2,out2,31082,-938.8
149.9378,2,out2,31032,-853.4
149.9416,2,out2,30982,-813.4
149.9453,2,out2,30932,-879.6
149.9494,2,out2,30882,-896
149.9535,2,out2,30832,-936.2
149.957,2,out2,30782,-906.6
149.9609,2,out2,30732,-918.6
149.9644,2,out2,30682,-938.4
149.9681,2,out2,30632,-938
149.9715,2,out2,30582,-932.8
149.9747,2,out2,30532,-862.6
149.9782,2,out2,30482,-843.8
149.9818,2,out2,30432,-882.6
149.9854,2,out2,30382,-912
149.9889,2,out2,30332,-846.6
149.9925,2,out2,30282,-908.2
149.9957,2,out2,30232,-920.2
149.9994,2,out2,30182,-843.6
150.0031,2,out2,30132,-843
150.007,2,out2,30082,-734.6
150.0105,2,out2,30032,-706.4
150.0141,2,out2,29982,-741.4
150.0179,2,out2,29932,-607.6
150.0221,2,out2,29882,-465
150.0255,2,out2,29832,-538.6
150.0293,2,out2,29782,-475.4
150.0328,2,out2,29732,-530.8
150.0362,2,out2,29682,-130.6
150.04,3,in,29682,-271.4
150.0435,3,in,29686,-310
150.0466,3,in,29690,-258.2
150.0499,3,in,29694,-252.2
150.0536,3,in,29698,-150.8
150.0573,3,in,29702,-197
150.0611,3,in,29706,-167.4
150.065,3,in,29710,-189.8
150.0688,3,in,29714,-146
150.0722,3,in,29718,-121.2
150.076,3,in,29722,-173.2
150.0796,3,in,29726,-157.6
150.0829,3,in,29730,-126
150.0865,3,in,29734,-167.2
150.0898,3,in,29738,-197.6
150.0942,3,in,29742,-277.2
150.0974,3,in,29746,-170.6
150.1015,3,in,29750,-183
150.1055,3,in,29754,-114
150.1093,3,in,29758,-142.4
150.1127,3,in,29762,-194.4
150.1161,3,in,29766,-130.8
150.12,3,in,29770,-156.8
150.1237,3,in,29774,-166.8
150.1277,3,in,29778,-191.8
150.1316,3,in,29782,-198.8
150.135,3,in,29786,-176
150.1386,3,in,29790,-197.8
150.1422,3,in,29794,-182.2
150.1465,3,in,29798,-203.2
150.15,3,in,29802,-223
150.1536,3,in,29806,-186.4
150.157,3,in,29810,-187.8
150.1606,3,in,29814,-178
150.1644,3,in,29818,-132.8
150.168,3,in,29822,-105.6
150.1714,3,in,29826,-150.4
150.1746,3,in,29830,-175.8
150.1779,3,in,29834,-144
150.1814,3,in,29838,-145.8
150.1852,3,in,29842,-176.4
150.1891,3,in,29846,-249.8
150.1925,3,in,29850,-231
150.1962,3,in,29854,-202.8
150.1998,3,in,29858,-174.4
150.2029,3,in,29862,-229.8
150.2063,3,in,29866,-172.8
150.2105,3,in,29870,-205.4
150.2146,3,in,29874,-216.4
150.2182,3,in,29878,-175.4
150.2218,3,in,29882,-191.4
150.2253,3,in,29886,-214
150.2295,3,in,29890,-268.2
150.2335,3,in,29894,-175.4
150.2369,3,in,29898,-242
150.2401,3,in,29902,-201
150.244,3,in,29906,-199.6
150.2478,3,in,29910,-167.6
150.2516,3,in,29914,-175.4
150.2552,3,in,29918,-156
150.2589,3,in,29922,-159.4
150.2623,3,in,29926,-102.4
150.2659,3,in,29930,-132.2
150.2693,3,in,29934,-143.4
150.2729,3,in,29938,-157.8
150.2761,3,in,29942,-205.6
150.2795,3,in,29946,-142.8
150.2834,3,in,29950,-174.6
150.2877,3,in,29954,-113.6
150.2911,3,in,29958,-139.6
150.2949,3,in,29962,-181.4
150.2989,3,in,29966,-158.6
150.3024,3,in,29970,-189.6
150.3061,3,in,29974,-164
150.3096,3,in,29978,-143.8
150.3129,3,in,29982,-130.2
150.3167,3,in,29986,-103.4
150.3203,3,in,29990,-144.2
150.3241,3,in,29994,-132.8
150.3281,3,in,29998,-133.4
150.3315,3,in,30002,-193.8
150.3349,3,in,30006,-187
150.3386,3,in,30010,-211.6
150.3422,3,in,30014,-244.2
150.3455,3,in,30018,-215.8
150.3493,3,in,30022,-224.2
150.3532,3,in,30026,-238
150.3567,3,in,30030,-229.4
150.3602,3,in,30034,-243.6
150.3636,3,in,30038,-211.2
150.3674,3,in,30042,-214.4
150.371,3,in,30046,-192
150.3748,3,in,30050,-152.2
150.3784,3,in,30054,-203
150.3819,3,in,30058,-154
150.3855,3,in,30062,-230.4
150.3893,3,in,30066,-157.8
150.3933,3,in,30070,-201.2
150.3969,3,in,30074,-201
150.4006,3,in,30078,-185
150.4043,3,in,30082,-169.4
150.4078,3,in,30086,-235.8
150.412,3,in,30090,-192.4
150.4153,3,in,30094,-184.4
150.4185,3,in,30098,-206.2
150.4217,3,in,30102,-156.8
150.4253,3,in,30106,-155.4
150.4292,3,in,30110,-285
150.4326,3,in,30114,-196.2
150.4363,3,in,30118,-184.6
150.4398,3,in,30122,-141.8
150.4429,3,in,30126,-140
150.4463,3,in,30130,-139.4
150.4498,3,in,30134,-132.6
150.4534,3,in,30138,-109
150.4568,3,in,30142,-139.4
150.4606,3,in,30146,-174.2
150.4642,3,in,30150,-139.4
150.4676,3,in,30154,-149.8
150.4709,3,in,30158,-139
150.4746,3,in,30162,-137.4
150.4782,3,in,30166,-136.8
150.482,3,in,30170,-124.8
150.4857,3,in,30174,-134.2
150.4896,3,in,30178,-170
150.4931,3,in,30182,-189
150.4972,3,in,30186,-169.4
150.5009,3,in,30190,-152
150.5044,3,in,30194,-159
150.5078,3,in,30198,-183.6
150.5115,3,in,30202,-147.6
150.5153,3,in,30206,-164.2
150.5191,3,in,30210,-134.6
150.5227,3,in,30214,-159.8
150.5265,3,in,30218,-179.8
150.5301,3,in,30222,-134.4
150.5338,3,in,30226,-144.8
150.5377,3,in,30230,-183.8
150.5413,3,in,30234,-194.6
150.5454,3,in,30238,-201.8
150.5492,3,in,30242,-167.8
150.5525,3,in,30246,-171.4
150.5565,3,in,30250,-203.6
150.5604,3,in,30254,-161
150.5637,3,in,30258,-221.2
150.567,3,in,30262,-191
150.571,3,in,30266,-245.4
150.5752,3,in,30270,-236.4
150.5786,3,in,30274,-278
150.5821,3,in,30278,-269.2
150.5856,3,in,30282,-218.2
150.5897,3,in,30286,-227.2
150.5934,3,in,30290,-249
150.5968,3,in,30294,-267.2
150.6005,3,in,30298,-249.6
150.604,3,in,30302,-173.2
150.6077,3,in,30306,-192.2
150.6114,3,in,30310,-217
150.6149,3,in,30314,-181.6
150.6185,3,in,30318,-239.4
150.6221,3,in,30322,-220.6
150.6258,3,in,30326,-211.2
150.6295,3,in,30330,-272.2
150.6332,3,in,30334,-219.4
150.6368,3,in,30338,-212.2
150.6402,3,in,30342,-259
150.644,3,in,30346,-257.6
150.6476,3,in,30350,-250.4
150.6513,3,in,30354,-223.4
150.6547,3,in,30358,-235.2
150.6583,3,in,30362,-247.8
150.6624,3,in,30366,-240.4
150.6658,3,in,30370,-167.8
150.6694,3,in,30374,-235.8
150.673,3,in,30378,-176.6
150.6767,3,in,30382,-213.6
150.6806,3,in,30386,-209
150.6842,3,in,30390,-219.2
150.6879,3,in,30394,-249.6
150.6915,3,in,30398,-252.8
150.6951,3,in,30402,-187
150.699,3,in,30406,-225.6
150.7024,3,in,30410,-180.8
150.7061,3,in,30414,-223.8
150.7098,3,in,30418,-241.8
150.7133,3,in,30422,-226.4
150.7172,3,in,30426,-204.8
150.7207,3,in,30430,-227.2
150.7245,3,in,30434,-244.2
150.7281,3,in,30438,-223.4
150.7317,3,in,30442,-197.8
150.7354,3,in,30446,-206.6
150.7393,3,in,30450,-211.8
150.743,3,in,30454,-223
150.7465,3,in,30458,-208.8
150.75,3,in,30462,-206.4
150.7538,3,in,30466,-232.2
150.758,3,in,30470,-192.6
150.7616,3,in,30474,-251.8
150.7655,3,in,30478,-250.2
150.7691,3,in,30482,-234.8
150.7728,3,in,30486,-260.6
150.7763,3,in,30490,-225.2
150.7803,3,in,30494,-243.8
150.7843,3,in,30498,-227.2
150.7877,3,in,30502,-199.8
150.7914,3,in,30506,-207.4
150.7951,3,in,30510,-208.8
150.799,3,in,30514,-217.6
150.8028,3,in,30518,-274.8
150.8068,3,in,30522,-269.4
150.8105,3,in,30526,-274.2
150.8141,3,in,30530,-224.8
150.8176,3,in,30534,-204.4
150.8216,3,in,30538,-210.6
150.8253,3,in,30542,-189.8
150.8291,3,in,30546,-227
150.833,3,in,30550,-224.8
150.8366,3,in,30554,-181.2
150.8407,3,in,30558,-209.8
150.8456,3,in,30562,-203.2
150.8495,3,in,30566,-219.2
150.8533,3,in,30570,-196.4
150.8568,3,in,30574,-208.8
150.8606,3,in,30578,-204.8
150.8647,3,in,30582,-200.6
150.8689,3,in,30586,-208.2
150.8728,3,in,30590,-234.6
150.8763,3,in,30594,-218.4
150.8799,3,in,30598,-195.6
150.8839,3,in,30602,-166.2
150.8874,3,in,30606,-164.6
150.8914,3,in,30610,-174.6
150.8953,3,in,30614,-181
150.8989,3,in,30618,-197.2
150.9025,3,in,30622,-190.6
150.9063,3,in,30626,-212.4
150.9104,3,in,30630,-169
150.9143,3,in,30634,-181.6
150.9179,3,in,30638,-207.2
150.9218,3,in,30642,-178.2
150.9253,3,in,30646,-182
150.9289,3,in,30650,-200.6
150.9329,3,in,30654,-172.2
150.9365,3,in,30658,-177.8
150.9404,3,in,30662,-197.6
150.944,3,in,30666,-187.6
150.9486,3,in,30670,-172.2
150.9525,3,in,30674,-162.6
150.9563,3,in,30678,-231.6
150.9599,3,in,30682,-230.6
150.9632,3,in,30686,-176.8
150.9669,3,in,30690,-167.6
150.97,3,in,30694,-218.8
150.9734,3,in,30698,-181
150.9769,3,in,30702,-215.8
150.9803,3,in,30706,-185.2
150.984,3,in,30710,-165.6
150.9875,3,in,30714,-168.8
150.9912,3,in,30718,-185.4
150.9948,3,in,30722,-197
150.9983,3,in,30726,-200.8
151.0019,3,in,30730,-168.2
151.0055,3,in,30734,-191.2
151.0089,3,in,30738,-235.8
151.0123,3,in,30742,-229.4
151.0155,3,in,30746,-234
151.0189,3,in,30750,-184.4
151.0226,3,in,30754,-188.8
151.0258,3,in,30758,-201.8
151.0297,3,in,30762,-202.6
151.0336,3,in,30766,-227.6
151.0372,3,in,30770,-201.2
151.0405,3,in,30774,-173.8
151.0439,3,in,30778,-188.8
151.047,3,in,30782,-212.6
151.0501,3,in,30786,-191.2
151.0533,3,in,30790,-165.6
151.0566,3,in,30794,-181.2
151.0602,3,in,30798,-210.2
151.0634,3,in,30802,-191.2
151.0671,3,in,30806,-184.6
151.0708,3,in,30810,-224.2
151.0745,3,in,30814,-183.2
151.078,3,in,30818,-237
151.082,3,in,30822,-175.6
151.0854,3,in,30826,-200.8
151.0887,3,in,30830,-207.6
151.0921,3,in,30834,-192.8
151.0954,3,in,30838,-166
151.0987,3,in,30842,-206.8
151.102,3,in,30846,-189
151.1053,3,in,30850,-213.2
151.1089,3,in,30854,-183.8
151.1124,3,in,30858,-179.4
151.116,3,in,30862,-170.4
151.1196,3,in,30866,-188.6
151.1232,3,in,30870,-198.2
151.1269,3,in,30874,-229.8
151.13,3,in,30878,-175.8
151.1332,3,in,30882,-204
151.1366,3,in,30886,-225.8
151.1399,3,in,30890,-174.6
151.1433,3,in,30894,-195.8
151.1466,3,in,30898,-225
151.1498,3,in,30902,-193.6
151.1531,3,in,30906,-175
151.1565,3,in,30910,-180.6
151.1597,3,in,30914,-201
151.1634,3,in,30918,-167.2
151.1668,3,in,30922,-195.8
151.1706,3,in,30926,-221.4
151.1742,3,in,30930,-207.6
151.1779,3,in,30934,-229.2
151.1816,3,in,30938,-213
151.1853,3,in,30942,-163.4
151.1887,3,in,30946,-216.6
151.1922,3,in,30950,-188.2
151.1957,3,in,30954,-196
151.1998,3,in,30958,-219
151.2033,3,in,30962,-189
151.2064,3,in,30966,-251.2
151.2097,3,in,30970,-205
151.2134,3,in,30974,-218
151.2173,3,in,30978,-232.6
151.2211,3,in,30982,-179.8
151.2245,3,in,30986,-222.6
151.2277,3,in,30990,-227.2
151.2308,3,in,30994,-180.8
151.2341,3,in,30998,-211.8
151.2373,3,in,31002,-172.8
151.2407,3,in,31006,-205.8
151.244,3,in,31010,-188.8
151.2473,3,in,31014,-199.4
151.2511,3,in,31018,-197.8
151.255,3,in,31022,-191.2
151.2585,3,in,31026,-181.4
151.2619,3,in,31030,-160.6
151.2652,3,in,31034,-180.6
151.2687,3,in,31038,-154.8
151.272,3,in,31042,-239.2
151.2754,3,in,31046,-207.2
151.2788,3,in,31050,-157
151.282,3,in,31054,-146.8
151.2855,3,in,31058,-224.2
151.2892,3,in,31062,-207.6
151.2929,3,in,31066,-175.8
151.2964,3,in,31070,-189.2
151.2996,3,in,31074,-152.2
151.304,3,in,31078,-176.2
151.3073,3,in,31082,-204.6
151.3106,3,in,31086,-273
151.3142,3,in,31090,-234.2
151.3176,3,in,31094,-191
151.3215,3,in,31098,-167
151.3248,3,in,31102,-193.2
151.3287,3,in,31106,-195.6
151.3319,3,in,31110,-202.6
151.3355,3,in,31114,-233.4
151.3394,3,in,31118,-305
151.3426,3,in,31122,-283.8
151.3461,3,in,31126,-351
151.3497,3,in,31130,-161.4
151.3532,3,in,31134,-252.8
151.3572,3,in,31138,-223.4
151.3604,3,in,31142,-261.4
151.3646,3,in,31146,-214.8
151.3684,3,in,31150,-200.2
151.3718,3,in,31154,-266.8
151.376,3,in,31158,-161.2
151.3797,3,in,31162,-196.4
151.383,3,in,31166,-240
151.3864,3,in,31170,-181.6
151.3896,3,in,31174,-242.6
151.3935,3,in,31178,-284
151.3966,3,in,31182,-187.8
151.4001,3,in,31186,-240.2
151.4032,3,in,31190,-200.8
151.4065,3,in,31194,-227.2
151.4096,3,in,31198,-215.6
151.4128,3,in,31202,-209.6
151.4164,3,in,31206,-209.8
151.4198,3,in,31210,-290
151.4234,3,in,31214,-211.4
151.4271,3,in,31218,-279.2
151.4307,3,in,31222,-264.8
151.434,3,in,31226,-267.4
151.438,3,in,31230,-225.2
151.4416,3,in,31234,-277.2
151.4448,3,in,31238,-202.8
151.448,3,in,31242,-224.8
151.4516,3,in,31246,-227.6
151.4553,3,in,31250,-207.2
151.4588,3,in,31254,-204.6
151.4623,3,in,31258,-227.4
151.4665,3,in,31262,-210.2
151.4701,3,in,31266,-242.6
151.4731,3,in,31270,-213
151.4769,3,in,31274,-237.2
151.4802,3,in,31278,-249.4
151.4841,3,in,31282,-259.2
151.4874,3,in,31286,-270
151.491,3,in,31290,-302.8
151.4945,3,in,31294,-312.6
151.498,3,in,31298,-256.6
151.5018,3,in,31302,-226.6
151.5052,3,in,31306,-250
151.5089,3,in,31310,-243.8
151.5123,3,in,31314,-263.8
151.516,3,in,31318,-245.2
151.5195,3,in,31322,-281.4
151.5226,3,in,31326,-296.4
151.5258,3,in,31330,-322.6
151.5296,3,in,31334,-216
151.5334,3,in,31338,-239.6
151.5365,3,in,31342,-213
151.5396,3,in,31346,-274.4
151.543,3,in,31350,-272.8
151.5466,3,in,31354,-264.6
151.551,3,in,31358,-331.2
151.5546,3,in,31362,-248.4
151.5585,3,in,31366,-263.4
151.5622,3,in,31370,-330.8
151.5657,3,in,31374,-302.6
151.5695,3,in,31378,-282.4
151.5734,3,in,31382,-222.8
151.5769,3,in,31386,-323.2
151.5804,3,in,31390,-258.4
151.5839,3,in,31394,-270.8
151.5878,3,in,31398,-317
151.5916,3,in,31402,-281.2
151.595,3,in,31406,-285.4
151.5982,3,in,31410,-261
151.6018,3,in,31414,-288.4
151.6057,3,in,31418,-312.4
151.6092,3,in,31422,-243.2
151.6125,3,in,31426,-279.4
151.6161,3,in,31430,-277.6
151.6196,3,in,31434,-286.8
151.6237,3,in,31438,-310
151.6269,3,in,31442,-306.8
151.6303,3,in,31446,-259.6
151.6343,3,in,31450,-253.4
151.6375,3,in,31454,-257.6
151.6413,3,in,31458,-230
151.6445,3,in,31462,-246.6
151.648,3,in,31466,-271.4
151.6523,3,in,31470,-316.6
151.6557,3,in,31474,-241.8
151.6596,3,in,31478,-239.6
151.6627,3,in,31482,-278.2
151.6662,3,in,31486,-237.6
151.6699,3,in,31490,-190.6
151.6734,3,in,31494,-236.4
151.6773,3,in,31498,-228.4
151.6804,3,in,31502,-306.6
151.684,3,in,31506,-317.6
151.6883,3,in,31510,-276.6
151.6915,3,in,31514,-359.4
151.6956,3,in,31518,-355.4
151.6988,3,in,31522,-389.4
151.7022,3,in,31526,-375.8
151.7055,3,in,31530,-357.8
151.7089,3,in,31534,-309.8
151.7122,3,in,31538,-269.8
151.7155,3,in,31542,-356.6
151.719,3,in,31546,-279.8
151.7231,3,in,31550,-285.6
151.7264,3,in,31554,-321.4
151.7294,3,in,31558,-358.4
151.7333,3,in,31562,-325.8
151.7373,3,in,31566,-329.8
151.741,3,in,31570,-337
151.7447,3,in,31574,-334.8
151.7485,3,in,31578,-398.6
151.7518,3,in,31582,-369.4
151.7558,3,in,31586,-420.4
151.7597,3,in,31590,-399.4
151.7635,3,in,31594,-421.8
151.7675,3,in,31598,-379.8
151.771,3,in,31602,-379.2
151.7745,3,in,31606,-423
151.7781,3,in,31610,-415.6
151.7816,3,in,31614,-400.8
151.785,3,in,31618,-361.6
151.7887,3,in,31622,-405
151.7922,3,in,31626,-410
151.7964,3,in,31630,-398.4
151.8003,3,in,31634,-424.2
151.8045,3,in,31638,-409.4
151.8082,3,in,31642,-399
151.8119,3,in,31646,-383.2
151.8153,3,in,31650,-375.2
151.8193,3,in,31654,-339.8
151.8225,3,in,31658,-307.8
151.8263,3,in,31662,-286.4
151.8296,3,in,31666,-276.8
151.833,3,in,31670,-305.4
151.8369,3,in,31674,-298
151.8405,3,in,31678,-349.4
151.8444,3,in,31682,-364.8
151.8482,3,in,31686,-312
151.8523,3,in,31690,-282.8
151.8559,3,in,31694,-306.6
151.8598,3,in,31698,-285.2
151.8634,3,in,31702,-229.2
151.8675,3,in,31706,-247.8
151.8708,3,in,31710,-222.4
151.8747,3,in,31714,-232.2
151.8787,3,in,31718,-251.8
151.8822,3,in,31722,-209
151.8856,3,in,31726,-269.2
151.8894,3,in,31730,-267.4
151.8933,3,in,31734,-261.6
151.897,3,in,31738,-287.2
151.9009,3,in,31742,-221.6
151.9045,3,in,31746,-258
151.9087,3,in,31750,-217.4
151.9123,3,in,31754,-302
151.9163,3,in,31758,-253
151.9199,3,in,31762,-220.4
151.9241,3,in,31766,-285.6
151.9276,3,in,31770,-318.8
151.9316,3,in,31774,-453
151.9352,3,in,31778,-445.2
151.939,3,in,31782,-493.6
151.9429,3,in,31786,-442.2
151.9466,3,in,31790,-458.4
151.9501,3,in,31794,-432.2
151.9534,3,in,31798,-453.4
151.9567,3,in,31802,-506.2
151.9603,3,in,31806,-447.4
151.9637,3,in,31810,-462.6
151.9671,3,in,31814,-439.4
151.9708,3,in,31818,-479.4
151.9743,3,in,31822,-483.8
151.9779,3,in,31826,-463
151.9816,3,in,31830,-506.2
151.985,3,in,31834,-488.6
151.9887,3,in,31838,-495
151.9923,3,in,31842,-530.2
151.9962,3,in,31846,-516.6
151.9994,3,in,31850,-509.4
152.0026,3,in,31854,-532.4
152.0059,3,in,31858,-475.4
152.0093,3,in,31862,-443.4
152.0124,3,in,31866,-456.8
152.0157,3,in,31870,-478
152.0194,3,in,31874,-317.6
152.023,3,in,31878,-355.4
152.0265,3,in,31882,-364
152.0299,3,in,31886,-472.6
152.0337,3,in,31890,-459.8
152.0373,3,in,31894,-420.2
152.0409,3,in,31898,-461
152.0442,3,in,31902,-394.6
152.0476,3,in,31906,-373.8
152.0513,3,in,31910,-443.4
152.0547,3,in,31914,-443.8
152.0585,3,in,31918,-343
152.0619,3,in,31922,-285.2
152.0656,3,in,31926,-433.8
152.0696,3,in,31930,-410.4
152.0727,3,in,31934,-474.2
152.0765,3,in,31938,-548.8
152.0796,3,in,31942,-502.8
152.0831,3,in,31946,-513.8
152.0865,3,in,31950,-521
152.09,3,in,31954,-550.8
152.0935,3,in,31958,-537.6
152.097,3,in,31962,-544.2
152.1005,3,in,31966,-518.6
152.1048,3,in,31970,-573.2
152.1085,3,in,31974,-612.6
152.1121,3,in,31978,-627.4
152.1154,3,in,31982,-577
152.1191,3,in,31986,-567.2
152.1225,3,in,31990,-607.8
152.126,3,in,31994,-581.8
152.1296,3,in,31998,-481
152.133,3,in,32002,-527.6
152.137,3,in,32006,-505.4
152.1403,3,in,32010,-409.8
152.1436,3,in,32014,-385.2
152.1469,3,in,32018,-454.4
152.1502,3,in,32022,-397.2
152.1534,3,in,32026,-400
152.157,3,in,32030,-477.8
152.1607,3,in,32034,-527.6
152.1643,3,in,32038,-502.4
152.1675,3,in,32042,-509.8
152.1707,3,in,32046,-525.8
152.1738,3,in,32050,-535.2
152.1774,3,in,32054,-508.2
152.1811,3,in,32058,-443
152.1845,3,in,32062,-485
152.1875,3,in,32066,-400.2
152.1913,3,in,32070,-534.6
152.1952,3,in,32074,-551
152.1987,3,in,32078,-512.8
152.2023,3,in,32082,-487.2
152.2059,3,in,32086,-591.4
152.2094,3,in,32090,-594.6
152.2129,3,in,32094,-495.2
152.2166,3,in,32098,-458.6
152.2201,3,in,32102,-446.4
152.2235,3,in,32106,-452.8
152.227,3,in,32110,-477
152.2309,3,in,32114,-525
152.2342,3,in,32118,-490.4
152.238,3,in,32122,-391.6
152.2414,3,in,32126,-455.8
152.2447,3,in,32130,-396
152.248,3,in,32134,-424.2
152.2515,3,in,32138,-441.2
152.2557,3,in,32142,-428
152.2598,3,in,32146,-469.8
152.2635,3,in,32150,-512.4
152.2673,3,in,32154,-501.2
152.2708,3,in,32158,-438.8
152.2743,3,in,32162,-444
152.2781,3,in,32166,-391
152.282,3,in,32170,-367.8
152.286,3,in,32174,-408.4
152.2895,3,in,32178,-357
152.2929,3,in,32182,-376.2
152.2971,3,in,32186,-356.2
152.3009,3,in,32190,-397.6
152.3046,3,in,32194,-377.4
152.308,3,in,32198,-380
152.3117,3,in,32202,-390.2
152.3152,3,in,32206,-360.6
152.3184,3,in,32210,-394
152.3218,3,in,32214,-434.8
152.325,3,in,32218,-442.4
152.3285,3,in,32222,-456.2
152.3317,3,in,32226,-532.4
152.3348,3,in,32230,-525.4
152.338,3,in,32234,-574
152.3412,3,in,32238,-581.6
152.3444,3,in,32242,-640
152.348,3,in,32246,-605
152.3516,3,in,32250,-622
152.3553,3,in,32254,-639.8
152.3589,3,in,32258,-606.8
152.362,3,in,32262,-670
152.3661,3,in,32266,-643.4
152.3693,3,in,32270,-625.8
152.3726,3,in,32274,-656.4
152.3757,3,in,32278,-578.4
152.3793,3,in,32282,-574.2
152.3827,3,in,32286,-580.6
152.3862,3,in,32290,-522.6
152.3896,3,in,32294,-590.4
152.3928,3,in,32298,-658.2
152.3961,3,in,32302,-679.8
152.3994,3,in,32306,-713
152.4026,3,in,32310,-691.6
152.4057,3,in,32314,-742.2
152.4088,3,in,32318,-669.4
152.4121,3,in,32322,-754.4
152.4156,3,in,32326,-695.4
152.4191,3,in,32330,-716.6
152.4223,3,in,32334,-663
152.4254,3,in,32338,-667.8
152.4287,3,in,32342,-697.6
152.4319,3,in,32346,-675.2
152.435,3,in,32350,-689.2
152.4383,3,in,32354,-673.2
152.4415,3,in,32358,-643.6
152.4449,3,in,32362,-715.2
152.4486,3,in,32366,-637.2
152.4521,3,in,32370,-653.8
152.456,3,in,32374,-701
152.4593,3,in,32378,-667
152.4631,3,in,32382,-691.4
152.4663,3,in,32386,-694.4
152.4698,3,in,32390,-676.2
152.4737,3,in,32394,-660.2
152.4769,3,in,32398,-654
152.4804,3,in,32402,-642.6
152.4837,3,in,32406,-696.2
152.4873,3,in,32410,-687.6
152.491,3,in,32414,-673.6
152.4944,3,in,32418,-630
152.4979,3,in,32422,-595.4
152.5015,3,in,32426,-604.4
152.505,3,in,32430,-635.8
152.5088,3,in,32434,-616.2
152.5123,3,in,32438,-625
152.5156,3,in,32442,-639.8
152.5193,3,in,32446,-626.8
152.5228,3,in,32450,-675.4
152.5266,3,in,32454,-713.8
152.5298,3,in,32458,-686.4
152.5332,3,in,32462,-639.4
152.5366,3,in,32466,-676
152.5399,3,in,32470,-695.4
152.5431,3,in,32474,-681.6
152.5462,3,in,32478,-666
152.5494,3,in,32482,-620
152.5526,3,in,32486,-646.6
152.5558,3,in,32490,-649.8
152.5591,3,in,32494,-638.8
152.5629,3,in,32498,-648.6
152.5662,3,in,32502,-628.4
152.5699,3,in,32506,-594.4
152.5734,3,in,32510,-582.8
152.5768,3,in,32514,-656.2
152.5804,3,in,32518,-626.2
152.5839,3,in,32522,-618.8
152.5871,3,in,32526,-671
152.5902,3,in,32530,-713.8
152.5937,3,in,32534,-696
152.5973,3,in,32538,-697
152.6006,3,in,32542,-720.4
152.6041,3,in,32546,-726.6
152.6075,3,in,32550,-745.6
152.6114,3,in,32554,-836.8
152.6149,3,in,32558,-725.8
152.6183,3,in,32562,-811.4
152.6216,3,in,32566,-815.4
152.6248,3,in,32570,-838.6
152.6283,3,in,32574,-764.2
152.6317,3,in,32578,-766
152.6355,3,in,32582,-750
152.6388,3,in,32586,-740.6
152.6423,3,in,32590,-711.4
152.6458,3,in,32594,-747.6
152.6494,3,in,32598,-757.4
152.6531,3,in,32602,-809.4
152.6566,3,in,32606,-787.4
152.6601,3,in,32610,-781.4
152.6636,3,in,32614,-807.4
152.6675,3,in,32618,-748.6
152.6712,3,in,32622,-775.4
152.6752,3,in,32626,-837.4
152.679,3,in,32630,-831.6
152.6828,3,in,32634,-798.2
152.6867,3,in,32638,-882
152.6904,3,in,32642,-816
152.6945,3,in,32646,-836.6
152.698,3,in,32650,-804.2
152.702,3,in,32654,-686
152.7053,3,in,32658,-753.4
152.7092,3,in,32662,-810.6
152.7127,3,in,32666,-797.2
152.7167,3,in,32670,-759
152.7202,3,in,32674,-756.4
152.7239,3,in,32678,-756.6
152.7279,3,in,32682,-728
152.7314,3,in,32686,-771.4
152.7355,3,in,32690,-770.8
152.7391,3,in,32694,-779.6
152.7428,3,in,32698,-825.8
152.7464,3,in,32702,-846.8
152.7503,3,in,32706,-807
152.7539,3,in,32710,-748.4
152.758,3,in,32714,-791.2
152.7617,3,in,32718,-758.6
152.7656,3,in,32722,-737
152.769,3,in,32726,-739.4
152.7726,3,in,32730,-757.4
152.7767,3,in,32734,-790
152.7803,3,in,32738,-734.4
152.7845,3,in,32742,-795
152.7881,3,in,32746,-769.2
152.7916,3,in,32750,-798.8
152.7954,3,in,32754,-789.4
152.799,3,in,32758,-757.4
152.803,3,in,32762,-726.4
152.8065,3,in,32766,-808
152.8106,3,in,32770,-798
152.8142,3,in,32774,-823.4
152.8181,3,in,32778,-753.4
152.8219,3,in,32782,-738.8
152.8259,3,in,32786,-732.8
152.8297,3,in,32790,-785
152.8336,3,in,32794,-701.4
152.837,3,in,32798,-715.8
152.8409,3,in,32802,-677.6
152.8447,3,in,32806,-805.4
152.8484,3,in,32810,-871.4
152.8523,3,in,32814,-748.8
152.8561,3,in,32818,-818.6
152.8601,3,in,32822,-725.4
152.8637,3,in,32826,-754.2
152.8679,3,in,32830,-763.8
152.8717,3,in,32834,-852
152.8753,3,in,32838,-875.8
152.8795,3,in,32842,-773.6
152.883,3,in,32846,-845.2
152.8873,3,in,32850,-790
152.8911,3,in,32854,-803.4
152.8946,3,in,32858,-839.2
152.8987,3,in,32862,-847.8
152.9028,3,in,32866,-825
152.9066,3,in,32870,-756.4
152.9105,3,in,32874,-808.4
152.9145,3,in,32878,-840.6
152.9183,3,in,32882,-754
152.9222,3,in,32886,-804.8
152.9258,3,in,32890,-769.6
152.9297,3,in,32894,-850.8
152.9334,3,in,32898,-759
152.9373,3,in,32902,-856.8
152.9411,3,in,32906,-827.6
152.9447,3,in,32910,-831
152.9487,3,in,32914,-769.8
152.9522,3,in,32918,-826
152.9562,3,in,32922,-796.2
152.9601,3,in,32926,-739.6
152.9634,3,in,32930,-815.2
152.9672,3,in,32934,-793.8
152.9711,3,in,32938,-827.8
152.9752,3,in,32942,-768.2
152.9787,3,in,32946,-816.4
152.9822,3,in,32950,-747.6
152.9862,3,in,32954,-801.4
152.9902,3,in,32958,-779.8
152.9941,3,in,32962,-843.6
152.9978,3,in,32966,-853.8
153.0017,3,in,32970,-780.2
153.0053,3,in,32974,-793.2
153.009,3,in,32978,-817.6
153.0128,3,in,32982,-832
153.0164,3,in,32986,-788.2
153.0204,3,in,32990,-760.8
153.024,3,in,32994,-782
153.0278,3,in,32998,-814.4
153.0315,3,in,33002,-881.4
153.0354,3,in,33006,-771.6
153.0392,3,in,33010,-824.8
153.0431,3,in,33014,-777
153.0468,3,in,33018,-796.4
153.0508,3,in,33022,-892.4
153.0545,3,in,33026,-761.8
153.0585,3,in,33030,-866.8
153.0626,3,in,33034,-802
153.0665,3,in,33038,-779.6
153.0701,3,in,33042,-777
153.0743,3,in,33046,-784.6
153.0779,3,in,33050,-845.8
153.082,3,in,33054,-779.4
153.0856,3,in,33058,-881.6
153.0895,3,in,33062,-868.2
153.0939,3,in,33066,-754
153.0974,3,in,33070,-819
153.1015,3,in,33074,-771
153.1053,3,in,33078,-821.4
153.1088,3,in,33082,-870.6
153.1124,3,in,33086,-865.6
153.1166,3,in,33090,-805.4
153.1206,3,in,33094,-806.2
153.1239,3,in,33098,-857.4
153.1275,3,in,33102,-904.2
153.1311,3,in,33106,-888.2
153.1346,3,in,33110,-896.2
153.1421,3,in,33114,-884.6
153.1462,3,in,33118,-886.2
153.15,3,in,33122,-856.2
153.1539,3,in,33126,-797.4
153.1578,3,in,33130,-848
153.1617,3,in,33134,-859
153.1651,3,in,33138,-861.8
153.1694,3,in,33142,-920.6
153.1732,3,in,33146,-863.2
153.1771,3,in,33150,-900.8
153.1811,3,in,33154,-938
153.1866,3,in,33158,-860
153.1901,3,in,33162,-876
153.1938,3,in,33166,-847.2
153.198,3,in,33170,-855.6
153.2018,3,in,33174,-914.4
153.2058,3,in,33178,-898
153.2097,3,in,33182,-881.4
153.2137,3,in,33186,-850
153.2177,3,in,33190,-905.4
153.2213,3,in,33194,-877.4
153.2249,3,in,33198,-877.6
153.2313,3,in,33202,-886.4
153.2348,3,in,33206,-884.6
153.2384,3,in,33210,-876
153.2423,3,in,33214,-911.2
153.246,3,in,33218,-853.2
153.2496,3,in,33222,-818.8
153.2538,3,in,33226,-780.6
153.2574,3,in,33230,-825.2
153.2616,3,in,33234,-786
153.2653,3,in,33238,-748.8
153.2704,3,in,33242,-753.2
153.2747,3,in,33246,-800.2
153.2785,3,in,33250,-778.2
153.2821,3,in,33254,-781.6
153.2856,3,in,33258,-801.4
153.29,3,in,33262,-753.6
153.2939,3,in,33266,-816.8
153.2975,3,in,33270,-760.2
153.3011,3,in,33274,-799.8
153.3053,3,in,33278,-816
153.309,3,in,33282,-793.6
153.3128,3,in,33286,-828.2
153.3161,3,in,33290,-806.6
153.3197,3,in,33294,-789.2
153.3239,3,in,33298,-778.4
153.3275,3,in,33302,-818
153.3315,3,in,33306,-808.8
153.3353,3,in,33310,-781
153.3396,3,in,33314,-824.8
153.3434,3,in,33318,-784.2
153.3475,3,in,33322,-772.2
153.3512,3,in,33326,-796.6
153.3555,3,in,33330,-776.2
153.36,3,in,33334,-796
153.3639,3,in,33338,-833.2
153.3678,3,in,33342,-787
153.3717,3,in,33346,-774
153.3752,3,in,33350,-816.4
153.3795,3,in,33354,-789.2
153.3829,3,in,33358,-777
153.3863,3,in,33362,-775.6
153.39,3,in,33366,-828.4
153.394,3,in,33370,-818.8
153.3974,3,in,33374,-830.8
153.401,3,in,33378,-798
153.4046,3,in,33382,-803.2
153.4087,3,in,33386,-825.8
153.4122,3,in,33390,-858.8
153.4161,3,in,33394,-834
153.4199,3,in,33398,-840.8
153.4235,3,in,33402,-894.6
153.4276,3,in,33406,-861.4
153.4312,3,in,33410,-877.4
153.4354,3,in,33414,-815.4
153.439,3,in,33418,-811.2
153.4429,3,in,33422,-800
153.4465,3,in,33426,-814.6
153.4499,3,in,33430,-777.4
153.4535,3,in,33434,-759.6
153.4576,3,in,33438,-805.8
153.4611,3,in,33442,-813.8
153.4651,3,in,33446,-787.6
153.4689,3,in,33450,-806.8
153.4723,3,in,33454,-787.2
153.4758,3,in,33458,-772.2
153.4793,3,in,33462,-810.6
153.4833,3,in,33466,-802.4
153.4868,3,in,33470,-825.2
153.4906,3,in,33474,-800
153.4943,3,in,33478,-821.6
153.4985,3,in,33482,-835
153.502,3,in,33486,-829.8
153.506,3,in,33490,-832.8
153.51,3,in,33494,-744.2
153.5138,3,in,33498,-801.8
153.5176,3,in,33502,-903.8
153.5215,3,in,33506,-888.6
153.5251,3,in,33510,-889.8
153.5289,3,in,33514,-813.6
153.5327,3,in,33518,-857.6
153.5365,3,in,33522,-845.4
153.54,3,in,33526,-865.6
153.5437,3,in,33530,-796.6
153.5474,3,in,33534,-811.2
153.5512,3,in,33538,-789
153.555,3,in,33542,-826
153.5586,3,in,33546,-836.6
153.5624,3,in,33550,-819.2
153.5661,3,in,33554,-791.4
153.5696,3,in,33558,-786.8
153.5737,3,in,33562,-831.4
153.5774,3,in,33566,-868.2
153.5811,3,in,33570,-838.6
153.5851,3,in,33574,-823.4
153.5885,3,in,33578,-825.4
153.5924,3,in,33582,-839.4
153.5962,3,in,33586,-823.4
153.5999,3,in,33590,-796.2
153.6039,3,in,33594,-789.6
153.6077,3,in,33598,-801
153.6117,3,in,33602,-836.8
153.6152,3,in,33606,-793.8
153.6187,3,in,33610,-811.4
153.6223,3,in,33614,-829.2
153.6264,3,in,33618,-815.6
153.63,3,in,33622,-856.8
153.634,3,in,33626,-818.2
153.6374,3,in,33630,-811
153.6411,3,in,33634,-800.8
153.645,3,in,33638,-824
153.6488,3,in,33642,-818.4
153.6524,3,in,33646,-829.4
153.6561,3,in,33650,-831
153.6595,3,in,33654,-827.4
153.6635,3,in,33658,-805.6
153.6669,3,in,33662,-792.2
153.6706,3,in,33666,-810.6
153.6739,3,in,33670,-840
153.6773,3,in,33674,-819.6
153.6809,3,in,33678,-829.4
153.6847,3,in,33682,-788.6
153.6882,3,in,33686,-844.4
153.6914,3,in,33690,-833.8
153.6952,3,in,33694,-842.4
153.6988,3,in,33698,-817.2
153.7021,3,in,33702,-768.2
153.7058,3,in,33706,-810.2
153.7097,3,in,33710,-843.4
153.7136,3,in,33714,-845.8
153.7172,3,in,33718,-845.6
153.7212,3,in,33722,-825.4
153.7249,3,in,33726,-849.6
153.7288,3,in,33730,-835.8
153.7324,3,in,33734,-811.2
153.7365,3,in,33738,-788.8
153.7401,3,in,33742,-836.4
153.7441,3,in,33746,-799.4
153.7476,3,in,33750,-859.2
153.7512,3,in,33754,-813.8
153.7551,3,in,33758,-843.4
153.759,3,in,33762,-790.6
153.7627,3,in,33766,-826.8
153.7666,3,in,33770,-801.6
153.7704,3,in,33774,-788.4
153.7741,3,in,33778,-822.4
153.778,3,in,33782,-849.6
153.7815,3,in,33786,-819.8
153.7855,3,in,33790,-840.6
153.7892,3,in,33794,-836.8
153.793,3,in,33798,-817.2
153.7966,3,in,33802,-853.6
153.8001,3,in,33806,-854.4
153.8038,3,in,33810,-808.4
153.8081,3,in,33814,-847
153.8119,3,in,33818,-818.8
153.8155,3,in,33822,-845.2
153.8191,3,in,33826,-811.2
153.8233,3,in,33830,-848.2
153.8269,3,in,33834,-823.2
153.8306,3,in,33838,-838.4
153.8342,3,in,33842,-824.4
153.8378,3,in,33846,-799.8
153.8416,3,in,33850,-848.8
153.8455,3,in,33854,-829.2
153.8494,3,in,33858,-812.4
153.8534,3,in,33862,-875.6
153.857,3,in,33866,-804.2
153.861,3,in,33870,-792.2
153.8645,3,in,33874,-833.6
153.8681,3,in,33878,-822
153.8716,3,in,33882,-814
153.8753,3,in,33886,-804.6
153.8793,3,in,33890,-846.6
153.8827,3,in,33894,-805.4
153.8862,3,in,33898,-803.2
153.8903,3,in,33902,-843.6
153.8943,3,in,33906,-825.6
153.8978,3,in,33910,-820.4
153.9016,3,in,33914,-822.2
153.905,3,in,33918,-837
153.9083,3,in,33922,-800.4
153.9121,3,in,33926,-834
153.9155,3,in,33930,-822.2
153.9193,3,in,33934,-830.2
153.9233,3,in,33938,-813.4
153.9269,3,in,33942,-795.4
153.9309,3,in,33946,-800.2
153.9347,3,in,33950,-817
153.9383,3,in,33954,-800.4
153.9418,3,in,33958,-826.6
153.9457,3,in,33962,-816.8
153.9491,3,in,33966,-817.8
153.9524,3,in,33970,-817.2
153.9564,3,in,33974,-857.2
153.9602,3,in,33978,-824.6
153.9639,3,in,33982,-809.6
153.9681,3,in,33986,-850.6
153.9718,3,in,33990,-814.2
153.9764,3,in,33994,-843
153.9803,3,in,33998,-801.8
153.9839,3,in,34002,-822.6
153.9876,3,in,34006,-814.2
153.9911,3,in,34010,-846.2
153.9946,3,in,34014,-828.8
153.9985,3,in,34018,-797
154.0022,3,in,34022,-801.4
154.0062,3,in,34026,-835
154.0099,3,in,34030,-825
154.0138,3,in,34034,-803.8
154.0175,3,in,34038,-810.8
154.0211,3,in,34042,-805
154.0252,3,in,34046,-837.4
154.0288,3,in,34050,-852.6
154.0327,3,in,34054,-842.8
154.0363,3,in,34058,-832.4
154.0398,3,in,34062,-861.4
154.0436,3,in,34066,-801.4
154.0471,3,in,34070,-815
154.0508,3,in,34074,-796.4
154.0546,3,in,34078,-823.8
154.0584,3,in,34082,-827.2
154.0621,3,in,34086,-822
154.0661,3,in,34090,-850.2
154.07,3,in,34094,-784.8
154.0734,3,in,34098,-804.8
154.077,3,in,34102,-814.2
154.0811,3,in,34106,-881
154.0847,3,in,34110,-796
154.0888,3,in,34114,-815.4
154.0925,3,in,34118,-867.2
154.0964,3,in,34122,-856.2
154.1004,3,in,34126,-831
154.1042,3,in,34130,-791.8
154.1081,3,in,34134,-840.2
154.1117,3,in,34138,-828.6
154.1152,3,in,34142,-820
154.1188,3,in,34146,-829
154.1226,3,in,34150,-805.6
154.1264,3,in,34154,-823.4
154.1299,3,in,34158,-849.6
154.1334,3,in,34162,-832
154.1371,3,in,34166,-828.6
154.141,3,in,34170,-804
154.1446,3,in,34174,-833.2
154.1481,3,in,34178,-820
154.1517,3,in,34182,-834.8
154.1554,3,in,34186,-829.4
154.1596,3,in,34190,-824.4
154.163,3,in,34194,-854.6
154.1665,3,in,34198,-855.2
154.1702,3,in,34202,-802.2
154.1736,3,in,34206,-838.4
154.1773,3,in,34210,-815.2
154.1814,3,in,34214,-835
154.1848,3,in,34218,-822.4
154.1886,3,in,34222,-836
154.1924,3,in,34226,-854.2
154.1962,3,in,34230,-818.2
154.2001,3,in,34234,-854.8
154.2036,3,in,34238,-861.6
154.2071,3,in,34242,-831.4
154.2107,3,in,34246,-847.8
154.2141,3,in,34250,-841.6
154.2182,3,in,34254,-785.2
154.2222,3,in,34258,-836
154.2263,3,in,34262,-836.8
154.2308,3,in,34266,-857.2
154.235,3,in,34270,-817
154.2389,3,in,34274,-815.2
154.2429,3,in,34278,-821
154.2467,3,in,34282,-849.6
154.251,3,in,34286,-768.6
154.2557,3,in,34290,-762.2
154.2603,3,in,34294,-828.4
154.2648,3,in,34298,-834.6
154.2685,3,in,34302,-820.8
154.2728,3,in,34306,-824
154.2772,3,in,34310,-808.8
154.2816,3,in,34314,-838
154.2851,3,in,34318,-807
154.2884,3,in,34322,-818
154.2917,3,in,34326,-829
154.2951,3,in,34330,-843.6
154.2995,3,in,34334,-788.2
154.3033,3,in,34338,-809.4
154.3074,3,in,34342,-812.4
154.3111,3,in,34346,-821.8
154.3154,3,in,34350,-800.2
154.3195,3,in,34354,-806.8
154.3232,3,in,34358,-809.8
154.327,3,in,34362,-791.8
154.3305,3,in,34366,-836
154.3347,3,in,34370,-848.6
154.339,3,in,34374,-842.4
154.3431,3,in,34378,-829.8
154.3471,3,in,34382,-815.8
154.3514,3,in,34386,-788.6
154.356,3,in,34390,-813.8
154.3602,3,in,34394,-829
154.3648,3,in,34398,-806
154.3694,3,in,34402,-861.4
154.374,3,in,34406,-833.6
154.378,3,in,34410,-808.4
154.3828,3,in,34414,-864.4
154.3872,3,in,34418,-860
154.3918,3,in,34422,-857.2
154.3965,3,in,34426,-852.4
154.4004,3,in,34430,-788.8
154.4042,3,in,34434,-817.4
154.4077,3,in,34438,-859.8
154.4111,3,in,34442,-854.6
154.4148,3,in,34446,-873.2
154.4184,3,in,34450,-851.2
154.422,3,in,34454,-845.8
154.4255,3,in,34458,-862.2
154.4297,3,in,34462,-863.4
154.4337,3,in,34466,-871.2
154.4378,3,in,34470,-870.8
154.4418,3,in,34474,-859.8
154.4458,3,in,34478,-829.2
154.4499,3,in,34482,-813.4
154.4536,3,in,34486,-845.4
154.4582,3,in,34490,-830
154.4625,3,in,34494,-872
154.4668,3,in,34498,-821.4
154.4706,3,in,34502,-865.8
154.4759,3,in,34506,-885.2
154.4805,3,in,34510,-887.2
154.485,3,in,34514,-885.4
154.4897,3,in,34518,-859.8
154.4943,3,in,34522,-886.8
154.4981,3,in,34526,-907.2
154.502,3,in,34530,-892
154.5065,3,in,34534,-878
154.5106,3,in,34538,-841.6
154.5148,3,in,34542,-923.2
154.519,3,in,34546,-911
154.5231,3,in,34550,-868
154.527,3,in,34554,-852.4
154.5319,3,in,34558,-825.4
154.5362,3,in,34562,-908
154.5403,3,in,34566,-899.2
154.5443,3,in,34570,-892.2
154.5489,3,in,34574,-841.6
154.5528,3,in,34578,-848.4
154.5569,3,in,34582,-870.8
154.5613,3,in,34586,-897.8
154.566,3,in,34590,-843.2
154.5703,3,in,34594,-787.4
154.5743,3,in,34598,-828.8
154.5786,3,in,34602,-839.8
154.5845,3,in,34606,-781.2
154.5889,3,in,34610,-795.8
154.5938,3,in,34614,-798.8
154.5979,3,in,34618,-827.2
154.6035,3,in,34622,-840.2
154.608,3,in,34626,-800.8
154.6125,3,in,34630,-796.2
154.6171,3,in,34634,-806.6
154.6221,3,in,34638,-808.2
154.626,3,in,34642,-816.2
154.6304,3,in,34646,-829.4
154.6348,3,in,34650,-827.2
154.6391,3,in,34654,-802
154.6434,3,in,34658,-791.4
154.6476,3,in,34662,-810.8
154.6516,3,in,34666,-793.2
154.657,3,in,34670,-798.8
154.6613,3,in,34674,-805.6
154.6656,3,in,34678,-827.2
154.6694,3,in,34682,-820
154.6745,3,in,34686,-837.6
154.6795,3,in,34690,-817.8
154.6842,3,in,34694,-837
154.6888,3,in,34698,-810.8
154.6935,3,in,34702,-860
154.6978,3,in,34706,-786.8
154.7022,3,in,34710,-777
154.7067,3,in,34714,-857.8
154.7113,3,in,34718,-825.6
154.7163,3,in,34722,-826.8
154.7209,3,in,34726,-764.2
154.7258,3,in,34730,-801.8
154.7308,3,in,34734,-823.6
154.7352,3,in,34738,-850.6
154.7396,3,in,34742,-790.2
154.7441,3,in,34746,-824.2
154.7483,3,in,34750,-793.8
154.7527,3,in,34754,-868.4
154.7572,3,in,34758,-807
154.7617,3,in,34762,-833
154.7657,3,in,34766,-844
154.7698,3,in,34770,-864
154.7744,3,in,34774,-820.4
154.7793,3,in,34778,-867
154.7836,3,in,34782,-812.4
154.7881,3,in,34786,-844.8
154.7927,3,in,34790,-832
154.7977,3,in,34794,-816.2
154.802,3,in,34798,-858.2
154.8061,3,in,34802,-845.4
154.81,3,in,34806,-888.6
154.814,3,in,34810,-854
154.8182,3,in,34814,-793.6
154.8223,3,in,34818,-855.4
154.8266,3,in,34822,-842.8
154.8316,3,in,34826,-852
154.8368,3,in,34830,-870.4
154.8417,3,in,34834,-822.4
154.8464,3,in,34838,-825.4
154.8508,3,in,34842,-825.6
154.8556,3,in,34846,-801.8
154.8604,3,in,34850,-815.2
154.8649,3,in,34854,-828.6
154.8697,3,in,34858,-819.4
154.8746,3,in,34862,-845
154.8794,3,in,34866,-833.4
154.8843,3,in,34870,-835.2
154.8889,3,in,34874,-831.8
154.8937,3,in,34878,-815.6
154.8985,3,in,34882,-809.8
154.903,3,in,34886,-827.6
154.9077,3,in,34890,-804
154.9122,3,in,34894,-850
154.9171,3,in,34898,-821
154.9216,3,in,34902,-775
154.9261,3,in,34906,-837.8
154.931,3,in,34910,-817.6
154.9354,3,in,34914,-839.4
154.9402,3,in,34918,-834.8
154.9447,3,in,34922,-814.6
154.9497,3,in,34926,-813
154.9552,3,in,34930,-831.2
154.9603,3,in,34934,-834
154.9653,3,in,34938,-817.4
154.9704,3,in,34942,-885.2
154.9749,3,in,34946,-881.8
154.9794,3,in,34950,-846.4
154.9836,3,in,34954,-821
154.9879,3,in,34958,-777
154.9922,3,in,34962,-824
154.9971,3,in,34966,-854.2
155.0017,3,in,34970,-808.2
155.0067,3,in,34974,-841.6
155.0117,3,in,34978,-828.8
155.0162,3,in,34982,-826
155.0208,3,in,34986,-793.2
155.0257,3,in,34990,-824.4
155.0312,3,in,34994,-842.6
155.0361,3,in,34998,-826.8
155.0408,3,in,35002,-815.8
155.0457,3,in,35006,-812.8
155.0505,3,in,35010,-810.2
155.0549,3,in,35014,-772.2
155.0593,3,in,35018,-823.4
155.064,3,in,35022,-858.2
155.0683,3,in,35026,-829.8
155.0725,3,in,35030,-769.2
155.0769,3,in,35034,-813.6
155.0822,3,in,35038,-830.8
155.0873,3,in,35042,-819
155.0933,3,in,35046,-865.8
155.099,3,in,35050,-859.8
155.1041,3,in,35054,-837.4
155.1096,3,in,35058,-817.2
155.1146,3,in,35062,-851
155.1198,3,in,35066,-812.2
155.1241,3,in,35070,-810.6
155.1286,3,in,35074,-826.2
155.1331,3,in,35078,-812
155.1375,3,in,35082,-835.2
155.1423,3,in,35086,-828.2
155.147,3,in,35090,-828.4
155.1522,3,in,35094,-803.2
155.1569,3,in,35098,-825.4
155.1614,3,in,35102,-804
155.1662,3,in,35106,-821.4
155.1713,3,in,35110,-813.2
155.176,3,in,35114,-849.8
155.1813,3,in,35118,-834.2
155.1861,3,in,35122,-829.6
155.1911,3,in,35126,-825.2
155.1958,3,in,35130,-852.4
155.2005,3,in,35134,-846.4
155.2056,3,in,35138,-823.4
155.2106,3,in,35142,-810.2
155.2153,3,in,35146,-844
155.22,3,in,35150,-844.2
155.2243,3,in,35154,-865.4
155.2291,3,in,35158,-835.2
155.2332,3,in,35162,-823
155.2373,3,in,35166,-822.2
155.2414,3,in,35170,-849.8
155.2453,3,in,35174,-829.6
155.2491,3,in,35178,-814.6
155.2532,3,in,35182,-844
155.2586,3,in,35186,-824.8
155.263,3,in,35190,-816.8
155.2669,3,in,35194,-822
155.271,3,in,35198,-842
155.276,3,in,35202,-846.2
155.2801,3,in,35206,-855
155.2839,3,in,35210,-842.6
155.2879,3,in,35214,-824
155.2923,3,in,35218,-873.2
155.2982,3,in,35222,-803
155.302,3,in,35226,-803
155.3064,3,in,35230,-867.4
155.3103,3,in,35234,-863.4
155.3159,3,in,35238,-843.2
155.3198,3,in,35242,-863
155.324,3,in,35246,-880.2
155.328,3,in,35250,-822
155.3341,3,in,35254,-836
155.3385,3,in,35258,-767.2
155.3429,3,in,35262,-852.6
155.3471,3,in,35266,-812.4
155.3526,3,in,35270,-856.4
155.357,3,in,35274,-804
155.3612,3,in,35278,-813.6
155.3657,3,in,35282,-895.2
155.3707,3,in,35286,-829.4
155.3746,3,in,35290,-832.6
155.3791,3,in,35294,-829.4
155.3831,3,in,35298,-821.8
155.389,3,in,35302,-832.4
155.3932,3,in,35306,-771.6
155.3974,3,in,35310,-868.8
155.4021,3,in,35314,-866.4
155.4072,3,in,35318,-847.2
155.4127,3,in,35322,-813.4
155.4181,3,in,35326,-822.8
155.4239,3,in,35330,-804
155.4286,3,in,35334,-807.2
155.4338,3,in,35338,-854.4
155.4385,3,in,35342,-739
155.4448,3,in,35346,-869
155.4502,3,in,35350,-837
155.4551,3,in,35354,-858.8
155.4611,3,in,35358,-837.6
155.4658,3,in,35362,-786.6
155.4704,3,in,35366,-835.8
155.4753,3,in,35370,-807.2
155.481,3,in,35374,-838
155.4859,3,in,35378,-817
155.491,3,in,35382,-803.6
155.4959,3,in,35386,-799.4
155.5007,3,in,35390,-824.2
155.5062,3,in,35394,-819
155.5112,3,in,35398,-846
155.5163,3,in,35402,-852.8
155.5209,3,in,35406,-826.2
155.5259,3,in,35410,-844.8
155.5305,3,in,35414,-835.6
155.5353,3,in,35418,-838
155.54,3,in,35422,-833.4
155.5443,3,in,35426,-832
155.5489,3,in,35430,-863.8
155.5528,3,in,35434,-851
155.5568,3,in,35438,-825.8
155.5609,3,in,35442,-838.2
155.5648,3,in,35446,-877
155.5684,3,in,35450,-853.4
155.5726,3,in,35454,-802.2
155.5767,3,in,35458,-793.2
155.5811,3,in,35462,-859.8
155.5856,3,in,35466,-793
155.5896,3,in,35470,-800.8
155.5935,3,in,35474,-801
155.5969,3,in,35478,-861.4
155.6007,3,in,35482,-814
155.6046,3,in,35486,-830.8
155.6089,3,in,35490,-826.2
155.6131,3,in,35494,-828.8
155.6175,3,in,35498,-830.8
155.6227,3,in,35502,-794.4
155.6275,3,in,35506,-817.2
155.632,3,in,35510,-813
155.6363,3,in,35514,-851.8
155.6411,3,in,35518,-833.8
155.6454,3,in,35522,-864.6
155.65,3,in,35526,-859
155.6543,3,in,35530,-887.8
155.6581,3,in,35534,-810.2
155.6624,3,in,35538,-801.4
155.6668,3,in,35542,-839.4
155.6709,3,in,35546,-874.2
155.6756,3,in,35550,-865.8
155.68,3,in,35554,-818
155.6847,3,in,35558,-845.6
155.6894,3,in,35562,-835.2
155.6938,3,in,35566,-832.8
155.6981,3,in,35570,-856.2
155.7022,3,in,35574,-824.6
155.7066,3,in,35578,-827.8
155.7107,3,in,35582,-885.2
155.7145,3,in,35586,-848.8
155.7189,3,in,35590,-758.2
155.7229,3,in,35594,-841
155.728,3,in,35598,-827.8
155.7321,3,in,35602,-844.4
155.7369,3,in,35606,-831.6
155.7411,3,in,35610,-835.4
155.7458,3,in,35614,-820
155.7502,3,in,35618,-826.8
155.7547,3,in,35622,-821.8
155.7591,3,in,35626,-767.2
155.7635,3,in,35630,-880.2
155.7682,3,in,35634,-833.6
155.7727,3,in,35638,-804.6
155.777,3,in,35642,-795.2
155.7814,3,in,35646,-888.8
155.7853,3,in,35650,-839
155.7896,3,in,35654,-804.4
155.7937,3,in,35658,-785.2
155.7981,3,in,35662,-886.6
155.8024,3,in,35666,-862.6
155.8068,3,in,35670,-850.8
155.8109,3,in,35674,-826.8
155.8148,3,in,35678,-857
155.819,3,in,35682,-814.4
155.8235,3,in,35686,-807.6
155.828,3,in,35690,-868.6
155.8327,3,in,35694,-875.4
155.8374,3,in,35698,-824
155.8418,3,in,35702,-865.6
155.8468,3,in,35706,-853.6
155.8513,3,in,35710,-907.2
155.8559,3,in,35714,-870
155.8604,3,in,35718,-902.2
155.8649,3,in,35722,-863.6
155.8697,3,in,35726,-911.4
155.8744,3,in,35730,-898
155.8787,3,in,35734,-908
155.8833,3,in,35738,-917
155.8881,3,in,35742,-897
155.8926,3,in,35746,-902.2
155.8972,3,in,35750,-951.6
155.9019,3,in,35754,-921.6
155.9061,3,in,35758,-882.2
155.9104,3,in,35762,-833
155.9145,3,in,35766,-848
155.9186,3,in,35770,-831.8
155.9225,3,in,35774,-873.2
155.9268,3,in,35778,-882.6
155.9308,3,in,35782,-861.8
155.9355,3,in,35786,-860.8
155.9402,3,in,35790,-892.6
155.9449,3,in,35794,-886.8
155.9494,3,in,35798,-850.8
155.9539,3,in,35802,-882.2
155.9585,3,in,35806,-873.2
155.9626,3,in,35810,-899
155.9667,3,in,35814,-880.6
155.9716,3,in,35818,-872.6
155.9762,3,in,35822,-844.6
155.9809,3,in,35826,-833.6
155.9853,3,in,35830,-872.4
155.9898,3,in,35834,-817.8
155.9948,3,in,35838,-860.4
156.0,3,in,35842,-834
156.0051,3,in,35846,-841.6
156.0092,3,in,35850,-842.8
156.0139,3,in,35854,-875.4
156.0185,3,in,35858,-813.4
156.0231,3,in,35862,-828.6
156.0268,3,in,35866,-876.6
156.0309,3,in,35870,-873
156.0351,3,in,35874,-834.4
156.0399,3,in,35878,-820.4
156.0446,3,in,35882,-880.6
156.0493,3,in,35886,-896.4
156.0542,3,in,35890,-887.8
156.0584,3,in,35894,-878.2
156.0633,3,in,35898,-889
156.0675,3,in,35902,-858.6
156.0718,3,in,35906,-815
156.0756,3,in,35910,-872.8
156.0802,3,in,35914,-910.6
156.0855,3,in,35918,-871.2
156.0897,3,in,35922,-814.6
156.0941,3,in,35926,-838.6
156.0995,3,in,35930,-878.4
156.1049,3,in,35934,-859.4
156.1097,3,in,35938,-930
156.1144,3,in,35942,-882
156.1191,3,in,35946,-867.2
156.1238,3,in,35950,-833.6
156.1284,3,in,35954,-861.8
156.1329,3,in,35958,-856
156.1377,3,in,35962,-855.4
156.1425,3,in,35966,-883.4
156.1484,3,in,35970,-877.6
156.154,3,in,35974,-891.8
156.1593,3,in,35978,-890.8
156.165,3,in,35982,-840.8
156.1704,3,in,35986,-833
156.1757,3,in,35990,-841.6
156.1811,3,in,35994,-856.4
156.1862,3,in,35998,-847.4
156.1917,3,in,36002,-881
156.1969,3,in,36006,-835
156.2015,3,in,36010,-872.6
156.2061,3,in,36014,-793.6
156.2108,3,in,36018,-878.8
156.2152,3,in,36022,-853
156.2197,3,in,36026,-798.4
156.2239,3,in,36030,-880.2
156.2284,3,in,36034,-833.8
156.2326,3,in,36038,-849.6
156.2369,3,in,36042,-926
156.2412,3,in,36046,-822.8
156.2461,3,in,36050,-877.2
156.2505,3,in,36054,-868.4
156.2547,3,in,36058,-866.4
156.2586,3,in,36062,-887.4
156.2628,3,in,36066,-884
156.2666,3,in,36070,-900.4
156.271,3,in,36074,-1016.2
156.2753,3,out,36070,-915
156.2797,3,out,36066,-995.4
156.2837,3,out,36062,-885.2
156.2882,3,out,36058,-789.6
156.2923,3,out,36054,-911.4
156.2964,3,out,36050,-930.2
156.3004,3,out,36046,-870.6
156.3045,3,out,36042,-879.8
156.3085,3,out,36038,-800.4
156.3127,3,out,36034,-873
156.3171,3,out,36030,-838.2
156.3212,3,out,36026,-767.8
156.3253,3,out,36022,-831.8
156.3295,3,out,36018,-869.2
156.3337,3,out,36014,-819.4
156.3374,3,out,36010,-814.2
156.3414,3,out,36006,-825.4
156.3451,3,out,36002,-837.6
156.3497,3,out,35998,-850.2
156.3543,3,out,35994,-808.8
156.3587,3,out,35990,-875.6
156.3629,3,out,35986,-831.6
156.3672,3,out,35982,-835.6
156.3711,3,out,35978,-842.2
156.3749,3,out,35974,-811.4
156.3787,3,out,35970,-837.4
156.3825,3,out,35966,-836
156.3865,3,out,35962,-840.6
156.3904,3,out,35958,-791.4
156.3943,3,out,35954,-885
156.3981,3,out,35950,-879.4
156.4019,3,out,35946,-784.2
156.4063,3,out,35942,-788.2
156.4102,3,out,35938,-811.6
156.414,3,out,35934,-816.8
156.4174,3,out,35930,-839.8
156.4215,3,out,35926,-847
156.4258,3,out,35922,-797.4
156.4296,3,out,35918,-855.6
156.4343,3,out,35914,-831
156.4384,3,out,35910,-850
156.4423,3,out,35906,-848.8
156.4461,3,out,35902,-788
156.4499,3,out,35898,-792.8
156.4538,3,out,35894,-856.8
156.4577,3,out,35890,-768.6
156.4616,3,out,35886,-841.4
156.4655,3,out,35882,-783.2
156.4693,3,out,35878,-825.6
156.4732,3,out,35874,-782
156.4772,3,out,35870,-826.8
156.481,3,out,35866,-795.8
156.4848,3,out,35862,-779.6
156.4886,3,out,35858,-835.4
156.4924,3,out,35854,-822
156.4963,3,out,35850,-803.8
156.5001,3,out,35846,-857.8
156.5041,3,out,35842,-770.2
156.5087,3,out,35838,-770.8
156.5136,3,out,35834,-793
156.5182,3,out,35830,-765
156.5225,3,out,35826,-784.2
156.5269,3,out,35822,-842.6
156.5321,3,out,35818,-839.8
156.5366,3,out,35814,-796.6
156.5408,3,out,35810,-824
156.545,3,out,35806,-855.4
156.5497,3,out,35802,-865.8
156.5543,3,out,35798,-855.6
156.5587,3,out,35794,-783.2
156.563,3,out,35790,-804.2
156.5679,3,out,35786,-826.6
156.5722,3,out,35782,-801.6
156.5764,3,out,35778,-786.2
156.5809,3,out,35774,-833
156.5862,3,out,35770,-815.6
156.5911,3,out,35766,-833.4
156.596,3,out,35762,-829.2
156.6012,3,out,35758,-811
156.6057,3,out,35754,-813.2
156.6104,3,out,35750,-842.4
156.6147,3,out,35746,-789.8
156.6192,3,out,35742,-828.4
156.6236,3,out,35738,-823.6
156.6275,3,out,35734,-875.4
156.6316,3,out,35730,-876.2
156.6358,3,out,35726,-777.2
156.64,3,out,35722,-820
156.6443,3,out,35718,-809.4
156.6483,3,out,35714,-867.2
156.6524,3,out,35710,-847.4
156.6569,3,out,35706,-798.4
156.6614,3,out,35702,-867.8
156.6659,3,out,35698,-857.8
156.6699,3,out,35694,-828
156.6747,3,out,35690,-816.2
156.679,3,out,35686,-875
156.6835,3,out,35682,-812.8
156.6875,3,out,35678,-780.4
156.6917,3,out,35674,-812.2
156.6959,3,out,35670,-863.6
156.7001,3,out,35666,-805.8
156.7043,3,out,35662,-829.2
156.709,3,out,35658,-796.4
156.7141,3,out,35654,-829.6
156.7189,3,out,35650,-823.6
156.7239,3,out,35646,-838.2
156.7292,3,out,35642,-843.6
156.7343,3,out,35638,-826
156.7391,3,out,35634,-844.8
156.744,3,out,35630,-829
156.7484,3,out,35626,-837.8
156.7532,3,out,35622,-812.2
156.7583,3,out,35618,-821
156.7636,3,out,35614,-820.2
156.7683,3,out,35610,-855.6
156.7721,3,out,35606,-812.2
156.7759,3,out,35602,-822
156.7802,3,out,35598,-817.2
156.7843,3,out,35594,-840
156.7884,3,out,35590,-865.4
156.7923,3,out,35586,-864.8
156.7963,3,out,35582,-812.4
156.8003,3,out,35578,-834.6
156.8042,3,out,35574,-847.2
156.8086,3,out,35570,-866
156.8125,3,out,35566,-809.4
156.8166,3,out,35562,-871.6
156.8208,3,out,35558,-792.6
156.8248,3,out,35554,-773
156.8289,3,out,35550,-862.2
156.833,3,out,35546,-829.6
156.8374,3,out,35542,-813.8
156.8413,3,out,35538,-805.8
156.8454,3,out,35534,-804.2
156.8498,3,out,35530,-828.2
156.8542,3,out,35526,-812.2
156.8583,3,out,35522,-865.8
156.8624,3,out,35518,-873.6
156.8665,3,out,35514,-913.6
156.8714,3,out,35510,-847.2
156.8761,3,out,35506,-905.4
156.8807,3,out,35502,-964.8
156.8847,3,out,35498,-971
156.889,3,out,35494,-822.6
156.8932,3,out,35490,-883
156.8973,3,out,35486,-885.6
156.9014,3,out,35482,-925.2
156.9058,3,out,35478,-928
156.9098,3,out,35474,-961.2
156.9141,3,out2,35424,-988
156.9182,3,out2,35374,-826.4
156.9223,3,out2,35324,-876
156.9261,3,out2,35274,-910.4
156.9298,3,out2,35224,-864.8
156.9337,3,out2,35174,-816.2
156.9377,3,out2,35124,-916.2
156.9416,3,out2,35074,-976.2
156.9455,3,out2,35024,-834.6
156.9492,3,out2,34974,-838.8
156.9531,3,out2,34924,-821.6
156.9571,3,out2,34874,-784.2
156.9614,3,out2,34824,-778.2
156.9652,3,out2,34774,-853
156.9696,3,out2,34724,-816.8
156.9737,3,out2,34674,-829.6
156.9781,3,out2,34624,-838.2
156.9827,3,out2,34574,-839.8
156.9869,3,out2,34524,-809.2
156.9916,3,out2,34474,-809.4
156.9963,3,out2,34424,-848.4
157.0007,3,out2,34374,-835
157.0057,3,out2,34324,-836.4
157.0113,3,out2,34274,-821.8
157.0159,3,out2,34224,-836.8
157.0207,3,out2,34174,-791
157.0256,3,out2,34124,-816
157.0309,3,out2,34074,-823.2
157.0357,3,out2,34024,-796.8
157.0405,3,out2,33974,-849.6
157.0465,3,out2,33924,-838.6
157.051,3,out2,33874,-865.8
157.056,3,out2,33824,-858.2
157.0608,3,out2,33774,-885.8
157.0658,3,out2,33724,-853.4
157.0702,3,out2,33674,-829.2
157.0749,3,out2,33624,-839.4
157.0791,3,out2,33574,-850
157.084,3,out2,33524,-807
157.0886,3,out2,33474,-845.4
157.0939,3,out2,33424,-841.2
157.0985,3,out2,33374,-851.2
157.1034,3,out2,33324,-798.4
157.1085,3,out2,33274,-818.6
157.1133,3,out2,33224,-840.4
157.1182,3,out2,33174,-779.8
157.1227,3,out2,33124,-800.8
157.1275,3,out2,33074,-850
157.1321,3,out2,33024,-831.6
157.1368,3,out2,32974,-830.4
157.1413,3,out2,32924,-809.2
157.1455,3,out2,32874,-838.2
157.1496,3,out2,32824,-824.4
157.1543,3,out2,32774,-841.4
157.1588,3,out2,32724,-824.8
157.1634,3,out2,32674,-787.8
157.1679,3,out2,32624,-828.4
157.1725,3,out2,32574,-841.6
157.1768,3,out2,32524,-809
157.1812,3,out2,32474,-835.6
157.1854,3,out2,32424,-830.6
157.1898,3,out2,32374,-817.2
157.1938,3,out2,32324,-865.4
157.1975,3,out2,32274,-857.4
157.2014,3,out2,32224,-869
157.2051,3,out2,32174,-880.4
157.2085,3,out2,32124,-864.2
157.2124,3,out2,32074,-833.2
157.216,3,out2,32024,-841.4
157.2196,3,out2,31974,-828.6
157.2233,3,out2,31924,-809.6
157.2278,3,out2,31874,-867.4
157.232,3,out2,31824,-820.4
157.236,3,out2,31774,-834.2
157.2402,3,out2,31724,-815.8
157.2445,3,out2,31674,-828
157.2483,3,out2,31624,-842
157.2519,3,out2,31574,-819.4
157.2563,3,out2,31524,-831.2
157.2608,3,out2,31474,-820.2
157.2646,3,out2,31424,-857.6
157.2685,3,out2,31374,-892.2
157.2724,3,out2,31324,-801.4
157.2764,3,out2,31274,-823.8
157.2804,3,out2,31224,-880.2
157.2843,3,out2,31174,-864.4
157.2883,3,out2,31124,-830
157.2923,3,out2,31074,-844.4
157.2967,3,out2,31024,-845
157.3013,3,out2,30974,-842.6
157.3057,3,out2,30924,-844.8
157.31,3,out2,30874,-819.6
157.3142,3,out2,30824,-828.4
157.3185,3,out2,30774,-811.6
157.323,3,out2,30724,-862
157.3275,3,out2,30674,-863.4
157.3318,3,out2,30624,-861.6
157.3357,3,out2,30574,-840.2
157.34,3,out2,30524,-828.4
157.3447,3,out2,30474,-790.6
157.349,3,out2,30424,-846
157.3528,3,out2,30374,-804.2
157.3567,3,out2,30324,-807.8
157.3608,3,out2,30274,-740.4
157.3647,3,out2,30224,-754.6
157.3692,3,out2,30174,-791.8
157.3735,3,out2,30124,-711
157.3775,3,out2,30074,-692.4
157.3819,3,out2,30024,-719.8
157.3863,3,out2,29974,-715.2
157.3905,3,out2,29924,-736.8
157.3947,3,out2,29874,-522.4
157.399,3,out2,29824,-392
157.4034,3,out2,29774,-317.2
157.4077,3,out2,29724,-153.6
157.4125,3,out2,29674,-70
157.417,4,in,29674,-97.4
157.4217,4,in,29678,-50.4
157.4263,4,in,29682,-47
157.4308,4,in,29686,-82
157.4355,4,in,29690,-1.8
157.4402,4,in,29694,-41.6
157.4443,4,in,29698,-5
157.4486,4,in,29702,-49
157.4534,4,in,29706,-39.8
157.4582,4,in,29710,-21
157.4623,4,in,29714,-80.8
157.4673,4,in,29718,-43.4
157.4727,4,in,29722,-29.8
157.4775,4,in,29726,-21.4
157.4824,4,in,29730,-42
157.4874,4,in,29734,-12.6
157.4924,4,in,29738,-37.6
157.497,4,in,29742,-34.8
157.5016,4,in,29746,-51.4
157.5065,4,in,29750,1
157.5116,4,in,29754,-18.2
157.5171,4,in,29758,-25.6
157.5222,4,in,29762,-28
157.5268,4,in,29766,-51.6
157.5312,4,in,29770,-2
157.5358,4,in,29774,-16.8
157.5403,4,in,29778,-45.2
157.5445,4,in,29782,1.6
157.5493,4,in,29786,-33
157.554,4,in,29790,-28.4
157.5588,4,in,29794,-59.2
157.5646,4,in,29798,-33.6
157.5694,4,in,29802,-53.2
157.5738,4,in,29806,-14.4
157.5785,4,in,29810,-55.8
157.5834,4,in,29814,-54.2
157.5879,4,in,29818,-13.2
157.5923,4,in,29822,-51.6
157.5978,4,in,29826,-53.6
157.6024,4,in,29830,-53.2
157.607,4,in,29834,-41
157.6113,4,in,29838,-9.6
157.6156,4,in,29842,-41.8
157.6198,4,in,29846,8.4
157.6242,4,in,29850,-48.6
157.6288,4,in,29854,-89.4
157.633,4,in,29858,-6
157.6371,4,in,29862,-68.2
157.6415,4,in,29866,-76.2
157.646,4,in,29870,-20
157.6503,4,in,29874,-25.8
157.6556,4,in,29878,-20
157.6601,4,in,29882,-37.6
157.6652,4,in,29886,-50.4
157.6703,4,in,29890,-23
157.6754,4,in,29894,-12.6
157.6804,4,in,29898,-65.8
157.6847,4,in,29902,-71.6
157.6888,4,in,29906,-42.6
157.6933,4,in,29910,-35.6
157.6979,4,in,29914,-70.8
157.7025,4,in,29918,-17.4
157.708,4,in,29922,-17.2
157.713,4,in,29926,-38.2
157.7174,4,in,29930,-54.2
157.7223,4,in,29934,-25
157.7267,4,in,29938,-37.8
157.7309,4,in,29942,-19.4
157.7354,4,in,29946,-39
157.7401,4,in,29950,6.4
157.7449,4,in,29954,-60.2
157.75,4,in,29958,-44
157.7543,4,in,29962,-75
157.7585,4,in,29966,1.6
157.7629,4,in,29970,10.4
157.767,4,in,29974,-76
157.7712,4,in,29978,-14
157.7752,4,in,29982,-83
157.78,4,in,29986,-40.2
157.7846,4,in,29990,-56.8
157.7892,4,in,29994,-42.8
157.7935,4,in,29998,-23
157.7978,4,in,30002,-30.6
157.8019,4,in,30006,4.6
157.8061,4,in,30010,-46.8
157.8106,4,in,30014,-73.4
157.8151,4,in,30018,-20.8
157.8194,4,in,30022,18.8
157.8238,4,in,30026,2.2
157.8284,4,in,30030,-7
157.8337,4,in,30034,-35.2
157.8385,4,in,30038,-2
157.8436,4,in,30042,-38.4
157.8489,4,in,30046,-32.8
157.8539,4,in,30050,-23.2
157.8592,4,in,30054,-22.4
157.8636,4,in,30058,-54.2
157.8694,4,in,30062,-31.2
157.8737,4,in,30066,-0.8
157.8784,4,in,30070,-24.2
157.8834,4,in,30074,-41.8
157.8883,4,in,30078,-3.6
157.8929,4,in,30082,-60.6
157.8977,4,in,30086,-37
157.9031,4,in,30090,-20.2
157.9078,4,in,30094,-36.4
157.9124,4,in,30098,-31.8
157.9171,4,in,30102,-26.8
157.9221,4,in,30106,-40.8
157.9264,4,in,30110,-74.4
157.9313,4,in,30114,-58.2
157.9358,4,in,30118,-37.2
157.9406,4,in,30122,-35.6
157.9452,4,in,30126,-50.8
157.9499,4,in,30130,-34.8
157.9543,4,in,30134,-0.2
157.959,4,in,30138,-55
157.964,4,in,30142,-8
157.9689,4,in,30146,-33.2
157.9741,4,in,30150,-1.6
157.9792,4,in,30154,-37.2
157.9836,4,in,30158,-21.6
157.9886,4,in,30162,-10.6
157.993,4,in,30166,8.4
157.9972,4,in,30170,-85.6
158.0016,4,in,30174,-28
158.0064,4,in,30178,-40.4
158.0112,4,in,30182,-59.6
158.0156,4,in,30186,-27.8
158.0202,4,in,30190,-16.4
158.0247,4,in,30194,-21
158.0293,4,in,30198,-36.4
158.0337,4,in,30202,-51.2
158.0381,4,in,30206,11.8
158.0425,4,in,30210,-23.6
158.0478,4,in,30214,-44.6
158.0525,4,in,30218,-17
158.0574,4,in,30222,-34.2
158.0618,4,in,30226,-12.4
158.066,4,in,30230,-35.2
158.0702,4,in,30234,-2.6
158.0746,4,in,30238,-32.4
158.0793,4,in,30242,-47.6
158.0839,4,in,30246,-63.6
158.0885,4,in,30250,-60.8
158.0933,4,in,30254,-34.2
158.0984,4,in,30258,-37.2
158.1029,4,in,30262,-52.8
158.1075,4,in,30266,-73.6
158.1132,4,in,30270,-61
158.118,4,in,30274,-29.2
158.1225,4,in,30278,-43.8
158.1274,4,in,30282,-27.8
158.1324,4,in,30286,-45.8
158.1373,4,in,30290,-16.6
158.1418,4,in,30294,-50.8
158.1469,4,in,30298,-47
158.1518,4,in,30302,-16.8
158.1566,4,in,30306,-26
158.1614,4,in,30310,0.8
158.1665,4,in,30314,-76.6
158.1712,4,in,30318,-66.2
158.1757,4,in,30322,-60.4
158.1808,4,in,30326,-15.8
158.1853,4,in,30330,-24.2
158.1903,4,in,30334,-17.8
158.195,4,in,30338,-47.4
158.1997,4,in,30342,-16.6
158.2043,4,in,30346,-12.6
158.2087,4,in,30350,-45.2
158.2133,4,in,30354,-39.6
158.2182,4,in,30358,-45.2
158.2229,4,in,30362,-37.8
158.2278,4,in,30366,-63.6
158.2322,4,in,30370,-34.2
158.2367,4,in,30374,-34.8
158.2422,4,in,30378,-41.8
158.2472,4,in,30382,-80.8
158.2519,4,in,30386,-55.6
158.2561,4,in,30390,-13.4
158.2607,4,in,30394,-34.2
158.2655,4,in,30398,-92.8
158.2698,4,in,30402,-48
158.2753,4,in,30406,-34.8
158.2809,4,in,30410,-60.4
158.2861,4,in,30414,-35.2
158.291,4,in,30418,-12.2
158.2973,4,in,30422,-55
158.3024,4,in,30426,-48
158.3074,4,in,30430,-32.4
158.3122,4,in,30434,-79.4
158.3173,4,in,30438,-34.2
158.322,4,in,30442,4.4
158.3266,4,in,30446,-62.2
158.3321,4,in,30450,-37.2
158.337,4,in,30454,-32.6
158.3415,4,in,30458,-80.8
158.3461,4,in,30462,-58.6
158.3516,4,in,30466,-63.8
158.3562,4,in,30470,-34
158.3612,4,in,30474,-33.6
158.3661,4,in,30478,-55.4
158.3711,4,in,30482,-60.4
158.3757,4,in,30486,-69.4
158.3802,4,in,30490,-22
158.3847,4,in,30494,-43.4
158.3891,4,in,30498,-50.8
158.3937,4,in,30502,-36.2
158.3987,4,in,30506,-63.6
158.404,4,in,30510,-46.8
158.4086,4,in,30514,-36.2
158.4136,4,in,30518,-53
158.4186,4,in,30522,-10.8
158.4242,4,in,30526,-22
158.4292,4,in,30530,-67.6
158.4347,4,in,30534,-18.6
158.4396,4,in,30538,-75.4
158.4446,4,in,30542,-48
158.4495,4,in,30546,-15.8
158.4548,4,in,30550,-31.6
158.4599,4,in,30554,-33.6
158.4644,4,in,30558,-40.6
158.469,4,in,30562,-28.8
158.4743,4,in,30566,0.4
158.4795,4,in,30570,-67.4
158.4841,4,in,30574,-50.8
158.4888,4,in,30578,-57
158.494,4,in,30582,-37.6
158.4989,4,in,30586,-62.8
158.5039,4,in,30590,-62
158.5085,4,in,30594,-22.4
158.5137,4,in,30598,-67.2
158.5183,4,in,30602,-15.4
158.5233,4,in,30606,-30.2
158.528,4,in,30610,-50.6
158.5332,4,in,30614,-52.6
158.5384,4,in,30618,-41
158.5431,4,in,30622,-4.2
158.5492,4,in,30626,-15.4
158.5538,4,in,30630,-26.4
158.5592,4,in,30634,-35.4
158.5642,4,in,30638,-58.4
158.5691,4,in,30642,-53
158.5737,4,in,30646,-69
158.5786,4,in,30650,-58.8
158.5843,4,in,30654,-70.6
158.589,4,in,30658,-90.6
158.5938,4,in,30662,-15.8
158.5982,4,in,30666,-18.2
158.603,4,in,30670,-29.4
158.6078,4,in,30674,-29.6
158.6127,4,in,30678,-10.2
158.6176,4,in,30682,-24.8
158.6219,4,in,30686,-12.6
158.6272,4,in,30690,-53.4
158.6325,4,in,30694,-77
158.6377,4,in,30698,-27.2
158.642,4,in,30702,-50.6
158.647,4,in,30706,-49.2
158.6527,4,in,30710,-48.6
158.6585,4,in,30714,-22.4
158.6631,4,in,30718,-70.8
158.6683,4,in,30722,-14.6
158.674,4,in,30726,-59.4
158.6799,4,in,30730,-50.2
158.6849,4,in,30734,-51.8
158.6892,4,in,30738,-12.8
158.6931,4,in,30742,-48.6
158.697,4,in,30746,-63.6
158.701,4,in,30750,-58
158.7052,4,in,30754,-27.2
158.7105,4,in,30758,-69.4
158.7149,4,in,30762,-66.4
158.7197,4,in,30766,-35.8
158.7243,4,in,30770,-40.2
158.7291,4,in,30774,-42.4
158.7336,4,in,30778,-50
158.7383,4,in,30782,-48.6
158.7431,4,in,30786,-36.6
158.7482,4,in,30790,-47.8
158.7524,4,in,30794,-19.8
158.7564,4,in,30798,-51.8
158.7601,4,in,30802,-43.2
158.7637,4,in,30806,-25.8
158.7672,4,in,30810,-45.8
158.771,4,in,30814,-35.8
158.7745,4,in,30818,-26.6
158.7783,4,in,30822,-36.2
158.7821,4,in,30826,-41.8
158.7865,4,in,30830,-7.6
158.7903,4,in,30834,-51.8
158.7941,4,in,30838,-17.4
158.7995,4,in,30842,-28.6
158.804,4,in,30846,-48
158.8082,4,in,30850,-75.2
158.8121,4,in,30854,-76.2
158.8161,4,in,30858,-21.2
158.8197,4,in,30862,-17.4
158.8231,4,in,30866,-21.6
158.8269,4,in,30870,-55.6
158.8307,4,in,30874,-51.4
158.8349,4,in,30878,-55
158.8387,4,in,30882,-54.2
158.843,4,in,30886,-45
158.8469,4,in,30890,-57.2
158.8516,4,in,30894,-25.6
158.8561,4,in,30898,-27.6
158.8608,4,in,30902,-40.8
158.8649,4,in,30906,-3.8
158.8694,4,in,30910,-21.6
158.8736,4,in,30914,22
158.8778,4,in,30918,-94.8
158.8823,4,in,30922,-45.2
158.8862,4,in,30926,-45.2
158.8908,4,in,30930,-41.4
158.8951,4,in,30934,-62.8
158.8992,4,in,30938,-15.4
158.9032,4,in,30942,-71
158.9079,4,in,30946,-41.2
158.9122,4,in,30950,-13.8
158.9165,4,in,30954,-90.6
158.9206,4,in,30958,7
158.9252,4,in,30962,-39.2
158.9294,4,in,30966,-17.4
158.9334,4,in,30970,-37
158.9374,4,in,30974,0.8
158.9425,4,in,30978,-60.4
158.9465,4,in,30982,-72.6
158.951,4,in,30986,-49.4
158.9556,4,in,30990,-19.6
158.9612,4,in,30994,-55.4
158.9651,4,in,30998,-90.4
158.9693,4,in,31002,-41.8
158.9732,4,in,31006,-70
158.978,4,in,31010,-52.2
158.9826,4,in,31014,-38.4
158.9869,4,in,31018,-14.4
158.9919,4,in,31022,-22
158.9965,4,in,31026,-58.4
159.0008,4,in,31030,-57.8
159.005,4,in,31034,-5
159.0097,4,in,31038,-21.8
159.014,4,in,31042,-42.4
159.0184,4,in,31046,-3.8
159.023,4,in,31050,-18.6
159.0272,4,in,31054,-52.8
159.0325,4,in,31058,-76.6
159.037,4,in,31062,-42.4
159.0413,4,in,31066,-82
159.0453,4,in,31070,-92.8
159.0502,4,in,31074,-39
159.0544,4,in,31078,-23.6
159.0589,4,in,31082,-51.8
159.0631,4,in,31086,-32.8
159.0683,4,in,31090,-33.6
159.0725,4,in,31094,-30.4
159.0763,4,in,31098,-59.2
159.0807,4,in,31102,-30.8
159.0862,4,in,31106,-20
159.0901,4,in,31110,-42.8
159.0942,4,in,31114,-43.6
159.0983,4,in,31118,-90.6
159.103,4,in,31122,-66.6
159.1079,4,in,31126,-35.2
159.1122,4,in,31130,-52.2
159.1167,4,in,31134,-98.4
159.1213,4,in,31138,-60.4
159.1257,4,in,31142,-9.4
159.1293,4,in,31146,-59
159.1341,4,in,31150,-76.6
159.1393,4,in,31154,-94
159.1434,4,in,31158,-64.6
159.1476,4,in,31162,-33.6
159.1516,4,in,31166,-3.4
159.1556,4,in,31170,-19.8
159.1599,4,in,31174,-71.2
159.164,4,in,31178,-112.2
159.1685,4,in,31182,-15.2
159.1728,4,in,31186,-5.4
159.1777,4,in,31190,-23.6
159.1815,4,in,31194,-66
159.1856,4,in,31198,-17.8
159.1899,4,in,31202,-43
159.1946,4,in,31206,-26.4
159.1991,4,in,31210,-108
159.2036,4,in,31214,-12.6
159.2077,4,in,31218,-91.4
159.2123,4,in,31222,-66.8
159.2165,4,in,31226,-95.6
159.2205,4,in,31230,-14.2
159.2255,4,in,31234,-79.6
159.2307,4,in,31238,-74.2
159.2346,4,in,31242,-74.6
159.2386,4,in,31246,-49.4
159.243,4,in,31250,-58.4
159.2481,4,in,31254,-26.6
159.2525,4,in,31258,-88.4
159.2568,4,in,31262,-40.4
159.2608,4,in,31266,-21
159.2663,4,in,31270,-55.8
159.2703,4,in,31274,-29.6
159.2754,4,in,31278,-49
159.2793,4,in,31282,-57.6
159.2843,4,in,31286,-80.4
159.2889,4,in,31290,-82.6
159.2929,4,in,31294,-72.6
159.2971,4,in,31298,-70.2
159.3027,4,in,31302,-90.6
159.3066,4,in,31306,-87
159.3107,4,in,31310,-81
159.3148,4,in,31314,-74.8
159.3204,4,in,31318,-72
159.325,4,in,31322,-87.2
159.3292,4,in,31326,-93
159.3332,4,in,31330,-81.6
159.339,4,in,31334,-31.4
159.3435,4,in,31338,-44.6
159.3477,4,in,31342,-89.4
159.3524,4,in,31346,-68.6
159.3575,4,in,31350,-72.6
159.362,4,in,31354,-95
159.3667,4,in,31358,-82.2
159.3711,4,in,31362,-42
159.3762,4,in,31366,-49.4
159.3801,4,in,31370,-46.4
159.3843,4,in,31374,-65.4
159.3896,4,in,31378,-22.6
159.3939,4,in,31382,-104.2
159.3982,4,in,31386,-39.4
159.4027,4,in,31390,-96.4
159.4072,4,in,31394,-1
159.4117,4,in,31398,-48.8
159.4162,4,in,31402,-118.8
159.4206,4,in,31406,-54.4
159.4245,4,in,31410,-87
159.4295,4,in,31414,-101.8
159.4338,4,in,31418,-74.4
159.4385,4,in,31422,-109
159.4425,4,in,31426,-80.6
159.4471,4,in,31430,-81.2
159.4511,4,in,31434,-75.8
159.4556,4,in,31438,-127.2
159.4603,4,in,31442,-64.2
159.4651,4,in,31446,-83.8
159.4697,4,in,31450,-90
159.4742,4,in,31454,-58.2
159.4789,4,in,31458,-92.4
159.4836,4,in,31462,-107.8
159.488,4,in,31466,-136.8
159.4921,4,in,31470,-92.2
159.4963,4,in,31474,-83.4
159.5005,4,in,31478,-98.8
159.5045,4,in,31482,-112.6
159.5087,4,in,31486,-92.2
159.5128,4,in,31490,-83
159.5174,4,in,31494,-84.8
159.5213,4,in,31498,-124.8
159.5255,4,in,31502,-107.2
159.53,4,in,31506,-104.8
159.5351,4,in,31510,-108.8
159.5394,4,in,31514,-103.4
159.5438,4,in,31518,-160.6
159.5478,4,in,31522,-186.8
159.5532,4,in,31526,-130
159.5575,4,in,31530,-83.2
159.5615,4,in,31534,-99.6
159.5662,4,in,31538,-139.6
159.5721,4,in,31542,-110
159.5761,4,in,31546,-91.6
159.5803,4,in,31550,-178.4
159.5843,4,in,31554,-119.6
159.5893,4,in,31558,-102.4
159.5934,4,in,31562,-104.8
159.5977,4,in,31566,-167.2
159.6017,4,in,31570,-193
159.6063,4,in,31574,-100.2
159.611,4,in,31578,-95.4
159.6154,4,in,31582,-92
159.6203,4,in,31586,-115
159.6255,4,in,31590,-117.2
159.63,4,in,31594,-73.2
159.6347,4,in,31598,-69.6
159.6388,4,in,31602,-55.8
159.6437,4,in,31606,-94.4
159.648,4,in,31610,-138.2
159.6522,4,in,31614,-80
159.6569,4,in,31618,-14.4
159.6619,4,in,31622,-136
159.6669,4,in,31626,-142.8
159.671,4,in,31630,-65.2
159.675,4,in,31634,-60.2
159.6804,4,in,31638,-84.4
159.6854,4,in,31642,-81.2
159.6896,4,in,31646,-66.8
159.694,4,in,31650,-131.4
159.6977,4,in,31654,-107
159.7018,4,in,31658,-68.2
159.7055,4,in,31662,-91
159.7098,4,in,31666,-106
159.7149,4,in,31670,-69.8
159.7187,4,in,31674,-130.8
159.7226,4,in,31678,-36.8
159.7268,4,in,31682,-93.2
159.7315,4,in,31686,-64.8
159.7357,4,in,31690,-93.2
159.7397,4,in,31694,-108.2
159.7444,4,in,31698,-108.4
159.7491,4,in,31702,-74
159.7538,4,in,31706,-100.6
159.758,4,in,31710,-51.2
159.7626,4,in,31714,-69.6
159.7669,4,in,31718,-112.6
159.7705,4,in,31722,-111.8
159.774,4,in,31726,-74.6
159.7779,4,in,31730,-109.2
159.7816,4,in,31734,-148.4
159.7857,4,in,31738,-134.8
159.7898,4,in,31742,-157.2
159.7935,4,in,31746,-163.4
159.7974,4,in,31750,-133.4
159.8014,4,in,31754,-92.2
159.8059,4,in,31758,-162.4
159.81,4,in,31762,-66.2
159.8141,4,in,31766,-111.4
159.818,4,in,31770,-123.2
159.8222,4,in,31774,-84.4
159.8258,4,in,31778,-83.2
159.8294,4,in,31782,-106.6
159.8333,4,in,31786,-67.6
159.8376,4,in,31790,-31.4
159.8418,4,in,31794,-62.2
159.8461,4,in,31798,-73.8
159.8501,4,in,31802,-129
159.8541,4,in,31806,-128.6
159.8585,4,in,31810,-101.2
159.8625,4,in,31814,-79.4
159.867,4,in,31818,-148
159.8712,4,in,31822,-34.8
159.8763,4,in,31826,-63.2
159.8807,4,in,31830,-109.4
159.8849,4,in,31834,-108.2
159.8897,4,in,31838,-168.8
159.8944,4,in,31842,-136
159.899,4,in,31846,-170.8
159.9034,4,in,31850,-108.8
159.9079,4,in,31854,-123.6
159.9119,4,in,31858,-158
159.916,4,in,31862,-156.2
159.9205,4,in,31866,-170.2
159.925,4,in,31870,-191.6
159.9298,4,in,31874,-143
159.9337,4,in,31878,-143.8
159.9377,4,in,31882,-178.8
159.9418,4,in,31886,-166.2
159.9466,4,in,31890,-156.2
159.9509,4,in,31894,-140
159.9555,4,in,31898,-170.2
159.9595,4,in,31902,-264.8
159.965,4,in,31906,-148.2
159.9695,4,in,31910,-169.6
159.9734,4,in,31914,-147.2
159.9775,4,in,31918,-145.4
159.9825,4,in,31922,-145.2
159.9866,4,in,31926,-129.6
159.9907,4,in,31930,-57
159.9954,4,in,31934,-137.6
160.0006,4,in,31938,-111.2
160.0052,4,in,31942,-156.8
160.0097,4,in,31946,-137.8
160.0138,4,in,31950,-144.8
160.0179,4,in,31954,-75.2
160.0219,4,in,31958,-126.2
160.026,4,in,31962,-148.4
160.0297,4,in,31966,-117.2
160.034,4,in,31970,-158.8
160.0386,4,in,31974,-91.8
160.0426,4,in,31978,-111.6
160.0466,4,in,31982,-134.8
160.0512,4,in,31986,-143.4
160.0555,4,in,31990,-137.2
160.0594,4,in,31994,-146
160.0634,4,in,31998,-78.6
160.068,4,in,32002,-93.2
160.0723,4,in,32006,-99.2
160.0767,4,in,32010,-123.6
160.0808,4,in,32014,-103.6
160.085,4,in,32018,-213
160.0905,4,in,32022,-168.4
160.0945,4,in,32026,-155.6
160.0989,4,in,32030,-168
160.1036,4,in,32034,-142.2
160.1088,4,in,32038,-97
160.1126,4,in,32042,-162
160.1171,4,in,32046,-131.6
160.1216,4,in,32050,-118.8
160.1273,4,in,32054,-160.6
160.1313,4,in,32058,-130.6
160.1352,4,in,32062,-123
160.1392,4,in,32066,-138.6
160.1443,4,in,32070,-109.8
160.1486,4,in,32074,-173.6
160.1526,4,in,32078,-170.6
160.1571,4,in,32082,-87.2
160.1632,4,in,32086,-136.4
160.1677,4,in,32090,-52.6
160.1717,4,in,32094,-91.8
160.1766,4,in,32098,-86.6
160.1812,4,in,32102,-95
160.1855,4,in,32106,-76.8
160.1897,4,in,32110,-129
160.1941,4,in,32114,-133
160.1996,4,in,32118,-158
160.2034,4,in,32122,-130
160.2073,4,in,32126,-140.6
160.2118,4,in,32130,-121.6
160.2175,4,in,32134,-100.2
160.2218,4,in,32138,-120.8
160.2266,4,in,32142,-132.6
160.2306,4,in,32146,-149
160.2358,4,in,32150,-131.4
160.2399,4,in,32154,-127.4
160.2441,4,in,32158,-120.8
160.2486,4,in,32162,-73.8
160.2541,4,in,32166,-111.8
160.2585,4,in,32170,-132.8
160.2625,4,in,32174,-137.6
160.2667,4,in,32178,-86
160.2717,4,in,32182,-131
160.2765,4,in,32186,-135.8
160.2811,4,in,32190,-140.8
160.2852,4,in,32194,-102.2
160.29,4,in,32198,-69.2
160.2943,4,in,32202,-151.6
160.2988,4,in,32206,-156.4
160.3031,4,in,32210,-100.4
160.3074,4,in,32214,-128.8
160.3117,4,in,32218,-167.6
160.3158,4,in,32222,-137.6
160.3202,4,in,32226,-111.2
160.3258,4,in,32230,-102.4
160.3297,4,in,32234,-119.4
160.334,4,in,32238,-145.6
160.3388,4,in,32242,-105.6
160.3431,4,in,32246,-125.6
160.3471,4,in,32250,-109.4
160.3513,4,in,32254,-125.8
160.3553,4,in,32258,-92
160.3605,4,in,32262,-97.8
160.3649,4,in,32266,-141.4
160.3689,4,in,32270,-181.2
160.3728,4,in,32274,-140.4
160.378,4,in,32278,-137.4
160.3823,4,in,32282,-128
160.3863,4,in,32286,-103.4
160.3903,4,in,32290,-106.6
160.3942,4,in,32294,-173.4
160.399,4,in,32298,-106
160.4028,4,in,32302,-125
160.4071,4,in,32306,-170.4
160.4111,4,in,32310,-150.6
160.4158,4,in,32314,-159
160.4197,4,in,32318,-153.4
160.4239,4,in,32322,-150.6
160.4282,4,in,32326,-153.8
160.4338,4,in,32330,-163.8
160.4378,4,in,32334,-178.2
160.4421,4,in,32338,-102.6
160.4463,4,in,32342,-159
160.452,4,in,32346,-177.2
160.4561,4,in,32350,-159.2
160.4608,4,in,32354,-134
160.4653,4,in,32358,-124
160.4707,4,in,32362,-195.4
160.475,4,in,32366,-179.8
160.48,4,in,32370,-188.4
160.4845,4,in,32374,-245
160.489,4,in,32378,-215
160.4935,4,in,32382,-207.2
160.4976,4,in,32386,-197.2
160.502,4,in,32390,-233.2
160.507,4,in,32394,-163
160.5109,4,in,32398,-198.6
160.5148,4,in,32402,-223.8
160.5194,4,in,32406,-210.4
160.5253,4,in,32410,-189.6
160.5297,4,in,32414,-197
160.5338,4,in,32418,-218.6
160.5383,4,in,32422,-182.6
160.5436,4,in,32426,-219.8
160.5475,4,in,32430,-238
160.5515,4,in,32434,-268.8
160.556,4,in,32438,-224.4
160.5611,4,in,32442,-212.4
160.5654,4,in,32446,-203
160.5694,4,in,32450,-199.8
160.5734,4,in,32454,-169
160.5784,4,in,32458,-250.6
160.583,4,in,32462,-275
160.5875,4,in,32466,-208
160.5919,4,in,32470,-216.4
160.5974,4,in,32474,-284.6
160.6017,4,in,32478,-299.6
160.6061,4,in,32482,-329.4
160.6105,4,in,32486,-369
160.6158,4,in,32490,-301.4
160.6204,4,in,32494,-324.8
160.6245,4,in,32498,-321
160.6291,4,in,32502,-360.2
160.6347,4,in,32506,-393.4
160.6387,4,in,32510,-424
160.6426,4,in,32514,-372.2
160.6474,4,in,32518,-434.8
160.6525,4,in,32522,-380.8
160.6567,4,in,32526,-384.2
160.6608,4,in,32530,-357.6
160.6654,4,in,32534,-363.2
160.6709,4,in,32538,-369
160.6748,4,in,32542,-435.2
160.6791,4,in,32546,-306
160.684,4,in,32550,-322.6
160.6884,4,in,32554,-313.6
160.6932,4,in,32558,-320.2
160.6976,4,in,32562,-277.8
160.7017,4,in,32566,-359.2
160.7059,4,in,32570,-359.8
160.71,4,in,32574,-321
160.7144,4,in,32578,-380.6
160.7181,4,in,32582,-365
160.7227,4,in,32586,-360.4
160.728,4,in,32590,-420.2
160.7318,4,in,32594,-468.4
160.7358,4,in,32598,-420.2
160.7407,4,in,32602,-459
160.745,4,in,32606,-428.6
160.749,4,in,32610,-408.6
160.7532,4,in,32614,-442.6
160.7585,4,in,32618,-440
160.7633,4,in,32622,-456.6
160.7677,4,in,32626,-487.2
160.7721,4,in,32630,-428.6
160.7758,4,in,32634,-474.4
160.7794,4,in,32638,-600.2
160.7836,4,in,32642,-664.8
160.7878,4,in,32646,-596.4
160.7916,4,in,32650,-587.6
160.7958,4,in,32654,-623.2
160.8003,4,in,32658,-601.4
160.805,4,in,32662,-539.8
160.8094,4,in,32666,-553.8
160.8134,4,in,32670,-555.6
160.8175,4,in,32674,-548.6
160.8214,4,in,32678,-519.4
160.8253,4,in,32682,-561.6
160.8294,4,in,32686,-544.6
160.8339,4,in,32690,-627.4
160.838,4,in,32694,-638.6
160.842,4,in,32698,-616
160.8458,4,in,32702,-584.8
160.8506,4,in,32706,-592
160.8547,4,in,32710,-588.4
160.8591,4,in,32714,-641.2
160.8629,4,in,32718,-670.2
160.868,4,in,32722,-647
160.8721,4,in,32726,-691.6
160.8762,4,in,32730,-660.2
160.8802,4,in,32734,-676.6
160.8854,4,in,32738,-680
160.8893,4,in,32742,-700.4
160.8936,4,in,32746,-596.8
160.8977,4,in,32750,-650.4
160.9021,4,in,32754,-742.6
160.9062,4,in,32758,-618.4
160.9102,4,in,32762,-618.4
160.9145,4,in,32766,-702.2
160.9198,4,in,32770,-606.6
160.9238,4,in,32774,-594.8
160.9283,4,in,32778,-627.4
160.933,4,in,32782,-612.6
160.9383,4,in,32786,-675.6
160.9425,4,in,32790,-625.4
160.9473,4,in,32794,-610.2
160.9514,4,in,32798,-696.6
160.9562,4,in,32802,-665.2
160.9609,4,in,32806,-624.8
160.9649,4,in,32810,-638
160.9694,4,in,32814,-714.4
160.9735,4,in,32818,-695.8
160.9779,4,in,32822,-654.4
160.982,4,in,32826,-663
160.9868,4,in,32830,-662.8
160.992,4,in,32834,-627.6
160.9962,4,in,32838,-669.6
161.0004,4,in,32842,-618.2
161.0044,4,in,32846,-602.8
161.0089,4,in,32850,-637.4
161.013,4,in,32854,-682.4
161.017,4,in,32858,-635.4
161.0211,4,in,32862,-657.2
161.0259,4,in,32866,-668.8
161.0305,4,in,32870,-713.6
161.0343,4,in,32874,-715
161.0382,4,in,32878,-589.2
161.0429,4,in,32882,-594.4
161.0473,4,in,32886,-690
161.0515,4,in,32890,-668.8
161.0564,4,in,32894,-643
161.0614,4,in,32898,-599.4
161.0663,4,in,32902,-601.6
161.0708,4,in,32906,-593.4
161.0745,4,in,32910,-603.6
161.0789,4,in,32914,-612.2
161.0841,4,in,32918,-665.6
161.0888,4,in,32922,-673.4
161.0928,4,in,32926,-629.2
161.0978,4,in,32930,-637
161.1018,4,in,32934,-669.2
161.1056,4,in,32938,-639
161.1097,4,in,32942,-614.4
161.1141,4,in,32946,-726.8
161.1193,4,in,32950,-694
161.1232,4,in,32954,-757
161.1273,4,in,32958,-668.6
161.1317,4,in,32962,-696.2
161.1369,4,in,32966,-712.6
161.1411,4,in,32970,-651.6
161.1454,4,in,32974,-700.2
161.1499,4,in,32978,-758.2
161.1552,4,in,32982,-693.4
161.1594,4,in,32986,-701.8
161.1638,4,in,32990,-707.4
161.1682,4,in,32994,-697
161.1735,4,in,32998,-691.8
161.1775,4,in,33002,-719.6
161.1816,4,in,33006,-691.8
161.186,4,in,33010,-645.8
161.191,4,in,33014,-669.2
161.1952,4,in,33018,-678.2
161.1993,4,in,33022,-664.6
161.2037,4,in,33026,-674
161.2095,4,in,33030,-672.4
161.2134,4,in,33034,-697.6
161.2174,4,in,33038,-651.2
161.2215,4,in,33042,-705.2
161.2273,4,in,33046,-719.4
161.2312,4,in,33050,-742
161.2361,4,in,33054,-720.2
161.2407,4,in,33058,-725.8
161.2454,4,in,33062,-770.4
161.2499,4,in,33066,-838.8
161.2542,4,in,33070,-706.4
161.2586,4,in,33074,-679.8
161.2629,4,in,33078,-728
161.2675,4,in,33082,-729.4
161.272,4,in,33086,-747
161.2762,4,in,33090,-781
161.2804,4,in,33094,-786
161.2841,4,in,33098,-793.4
161.2885,4,in,33102,-728
161.2926,4,in,33106,-814.6
161.2977,4,in,33110,-730.8
161.3016,4,in,33114,-742.8
161.3057,4,in,33118,-702.2
161.3097,4,in,33122,-682.6
161.3144,4,in,33126,-695.2
161.3196,4,in,33130,-754.8
161.3238,4,in,33134,-743
161.3282,4,in,33138,-803
161.3335,4,in,33142,-796.2
161.3376,4,in,33146,-772.2
161.3413,4,in,33150,-779.6
161.3457,4,in,33154,-759.6
161.3515,4,in,33158,-808.6
161.3554,4,in,33162,-773.2
161.3594,4,in,33166,-715.6
161.3638,4,in,33170,-748
161.3698,4,in,33174,-747.8
161.3746,4,in,33178,-726.6
161.3786,4,in,33182,-781.6
161.3831,4,in,33186,-724.8
161.3888,4,in,33190,-741.6
161.3929,4,in,33194,-726.4
161.3969,4,in,33198,-787.4
161.4009,4,in,33202,-785.8
161.4057,4,in,33206,-746.8
161.4104,4,in,33210,-760
161.4146,4,in,33214,-768.6
161.4191,4,in,33218,-756.6
161.4246,4,in,33222,-771
161.4287,4,in,33226,-767.6
161.4327,4,in,33230,-775
161.4369,4,in,33234,-743.2
161.4416,4,in,33238,-784.4
161.4457,4,in,33242,-728.6
161.4501,4,in,33246,-750.2
161.4541,4,in,33250,-735.2
161.4582,4,in,33254,-736.4
161.4622,4,in,33258,-788.6
161.4662,4,in,33262,-817.2
161.4704,4,in,33266,-738.6
161.4746,4,in,33270,-789.6
161.4791,4,in,33274,-824.2
161.483,4,in,33278,-831.8
161.4873,4,in,33282,-740.4
161.4917,4,in,33286,-819.2
161.4962,4,in,33290,-801.8
161.5006,4,in,33294,-803.4
161.5051,4,in,33298,-776.8
161.5094,4,in,33302,-758
161.5149,4,in,33306,-799.8
161.5188,4,in,33310,-754
161.5232,4,in,33314,-750.2
161.5276,4,in,33318,-818.8
161.5327,4,in,33322,-786.4
161.537,4,in,33326,-763.2
161.5415,4,in,33330,-763
161.5456,4,in,33334,-769.2
161.5507,4,in,33338,-775.8
161.5548,4,in,33342,-739.8
161.5592,4,in,33346,-802.2
161.5631,4,in,33350,-785.4
161.5681,4,in,33354,-815.8
161.5721,4,in,33358,-813
161.5769,4,in,33362,-749.8
161.5816,4,in,33366,-786.6
161.586,4,in,33370,-792
161.5905,4,in,33374,-748.8
161.5954,4,in,33378,-783.6
161.6002,4,in,33382,-793.8
161.6048,4,in,33386,-802.2
161.6094,4,in,33390,-776.4
161.6138,4,in,33394,-825.4
161.618,4,in,33398,-789.8
161.6218,4,in,33402,-753.6
161.6255,4,in,33406,-758.4
161.6293,4,in,33410,-780.2
161.6332,4,in,33414,-814.2
161.638,4,in,33418,-756.2
161.6423,4,in,33422,-712.8
161.6467,4,in,33426,-775.8
161.6506,4,in,33430,-755.2
161.6548,4,in,33434,-793
161.6603,4,in,33438,-819.4
161.6645,4,in,33442,-828.4
161.6687,4,in,33446,-803.8
161.6731,4,in,33450,-781.4
161.6775,4,in,33454,-773.2
161.6813,4,in,33458,-803.2
161.6849,4,in,33462,-808.4
161.6885,4,in,33466,-782.2
161.6929,4,in,33470,-758.4
161.6974,4,in,33474,-780.4
161.7019,4,in,33478,-787.2
161.7064,4,in,33482,-823
161.7105,4,in,33486,-824.8
161.7148,4,in,33490,-828.2
161.7188,4,in,33494,-837
161.7226,4,in,33498,-797.8
161.7268,4,in,33502,-794.8
161.731,4,in,33506,-842.2
161.7346,4,in,33510,-826.4
161.7385,4,in,33514,-833.4
161.7423,4,in,33518,-801.8
161.7475,4,in,33522,-827.8
161.7523,4,in,33526,-842.2
161.7563,4,in,33530,-801.2
161.7608,4,in,33534,-797.4
161.7652,4,in,33538,-776
161.77,4,in,33542,-827.2
161.7742,4,in,33546,-769.8
161.7787,4,in,33550,-823
161.7837,4,in,33554,-834.2
161.7878,4,in,33558,-847
161.7915,4,in,33562,-829
161.7968,4,in,33566,-831.2
161.8015,4,in,33570,-810.2
161.8061,4,in,33574,-830.4
161.8103,4,in,33578,-804.8
161.8145,4,in,33582,-799.8
161.819,4,in,33586,-822.8
161.8228,4,in,33590,-779.4
161.8281,4,in,33594,-784.2
161.8325,4,in,33598,-817.2
161.8369,4,in,33602,-811.4
161.8416,4,in,33606,-822
161.8461,4,in,33610,-805
161.8506,4,in,33614,-854.6
161.855,4,in,33618,-800.4
161.8595,4,in,33622,-822.6
161.8643,4,in,33626,-859.2
161.8684,4,in,33630,-814.4
161.8732,4,in,33634,-838.4
161.877,4,in,33638,-809
161.8815,4,in,33642,-781.8
161.8855,4,in,33646,-787.2
161.8904,4,in,33650,-771
161.8946,4,in,33654,-829.8
161.8995,4,in,33658,-825.8
161.9037,4,in,33662,-821.2
161.9085,4,in,33666,-812.6
161.9129,4,in,33670,-835.6
161.9174,4,in,33674,-799.8
161.9217,4,in,33678,-820
161.9271,4,in,33682,-809
161.9312,4,in,33686,-796.6
161.9351,4,in,33690,-796.6
161.9394,4,in,33694,-799
161.945,4,in,33698,-837.2
161.9497,4,in,33702,-789.6
161.9545,4,in,33706,-801.4
161.9603,4,in,33710,-816.2
161.965,4,in,33714,-835.6
161.9695,4,in,33718,-770.2
161.9746,4,in,33722,-808
161.9801,4,in,33726,-808.2
161.985,4,in,33730,-823.8
161.9903,4,in,33734,-790.6
161.9952,4,in,33738,-823.4
161.9999,4,in,33742,-778.8
162.0045,4,in,33746,-792
162.0091,4,in,33750,-786.2
162.0136,4,in,33754,-809
162.0188,4,in,33758,-803.4
162.0232,4,in,33762,-791.4
162.0279,4,in,33766,-783.6
162.0329,4,in,33770,-815.6
162.0377,4,in,33774,-825.2
162.0421,4,in,33778,-793.2
162.0471,4,in,33782,-823.4
162.0528,4,in,33786,-812
162.0578,4,in,33790,-800.6
162.0626,4,in,33794,-798.2
162.0672,4,in,33798,-818.8
162.0724,4,in,33802,-815.8
162.0769,4,in,33806,-815.6
162.0818,4,in,33810,-827
162.0864,4,in,33814,-815
162.0913,4,in,33818,-824.4
162.0959,4,in,33822,-788.8
162.1006,4,in,33826,-833
162.1052,4,in,33830,-810
162.1106,4,in,33834,-775.8
162.1154,4,in,33838,-835.2
162.12,4,in,33842,-832.4
162.1244,4,in,33846,-796.8
162.1292,4,in,33850,-872.4
162.1338,4,in,33854,-800.8
162.1391,4,in,33858,-811.4
162.1444,4,in,33862,-798.2
162.149,4,in,33866,-791
162.1539,4,in,33870,-795
162.1591,4,in,33874,-805.8
162.1641,4,in,33878,-835.6
162.1687,4,in,33882,-843.6
162.1734,4,in,33886,-824.4
162.1795,4,in,33890,-809.4
162.1844,4,in,33894,-818.6
162.1889,4,in,33898,-823.2
162.1936,4,in,33902,-804.6
162.1999,4,in,33906,-794.4
162.2046,4,in,33910,-792.2
162.2094,4,in,33914,-803.4
162.2149,4,in,33918,-854.6
162.2196,4,in,33922,-813.2
162.2245,4,in,33926,-762.8
162.2295,4,in,33930,-802.8
162.2342,4,in,33934,-797
162.2398,4,in,33938,-818.4
162.2446,4,in,33942,-807.2
162.2495,4,in,33946,-822.2
162.2547,4,in,33950,-784.2
162.2591,4,in,33954,-795.4
162.2637,4,in,33958,-837.8
162.2691,4,in,33962,-830.6
162.2745,4,in,33966,-807
162.2793,4,in,33970,-794
162.284,4,in,33974,-902.6
162.2897,4,in,33978,-766.6
162.2943,4,in,33982,-815.4
162.2994,4,in,33986,-831.8
162.3045,4,in,33990,-771.6
162.3094,4,in,33994,-801.2
162.3148,4,in,33998,-802.6
162.3198,4,in,34002,-814.2
162.3254,4,in,34006,-841.6
162.3297,4,in,34010,-785
162.3344,4,in,34014,-819.2
162.3393,4,in,34018,-828.8
162.3438,4,in,34022,-775.8
162.348,4,in,34026,-830.8
162.3523,4,in,34030,-838.4
162.3566,4,in,34034,-795.6
162.3615,4,in,34038,-818.6
162.3663,4,in,34042,-819.4
162.3706,4,in,34046,-799.6
162.3754,4,in,34050,-794.8
162.3799,4,in,34054,-813
162.3843,4,in,34058,-822.6
162.3889,4,in,34062,-812.8
162.393,4,in,34066,-808
162.3967,4,in,34070,-817
162.4004,4,in,34074,-827.6
162.4046,4,in,34078,-802.4
162.4084,4,in,34082,-799.4
162.4124,4,in,34086,-854.2
162.4163,4,in,34090,-805.8
162.42,4,in,34094,-805.8
162.4237,4,in,34098,-863.4
162.4276,4,in,34102,-866
162.4314,4,in,34106,-816
162.4349,4,in,34110,-819.2
162.4386,4,in,34114,-809
162.4422,4,in,34118,-796.8
162.4458,4,in,34122,-817.6
162.4498,4,in,34126,-852.2
162.4533,4,in,34130,-808.6
162.4574,4,in,34134,-814.4
162.4612,4,in,34138,-836.8
162.465,4,in,34142,-839.8
162.4694,4,in,34146,-866
162.4733,4,in,34150,-838.2
162.4774,4,in,34154,-840.6
162.4817,4,in,34158,-846.6
162.4854,4,in,34162,-856.6
162.4895,4,in,34166,-880.6
162.4935,4,in,34170,-821.4
162.4974,4,in,34174,-823
162.5015,4,in,34178,-815
162.5053,4,in,34182,-810.2
162.5092,4,in,34186,-824.2
162.5133,4,in,34190,-788.6
162.5172,4,in,34194,-820.4
162.5212,4,in,34198,-827.6
162.5252,4,in,34202,-819.6
162.5291,4,in,34206,-785
162.5335,4,in,34210,-838.2
162.5373,4,in,34214,-858.4
162.5406,4,in,34218,-817.6
162.544,4,in,34222,-813.8
162.5479,4,in,34226,-856.8
162.5521,4,in,34230,-838
162.5561,4,in,34234,-807.8
162.5601,4,in,34238,-798.8
162.564,4,in,34242,-877.2
162.5679,4,in,34246,-878.6
162.5718,4,in,34250,-827.2
162.5757,4,in,34254,-834
162.5796,4,in,34258,-851.8
162.5835,4,in,34262,-839.8
162.5879,4,in,34266,-871.6
162.5919,4,in,34270,-884
162.5958,4,in,34274,-861.8
162.5999,4,in,34278,-821.6
162.6041,4,in,34282,-843.6
162.6086,4,in,34286,-832.8
162.6126,4,in,34290,-831.4
162.6174,4,in,34294,-835.4
162.6223,4,in,34298,-806.8
162.6272,4,in,34302,-817.2
162.6319,4,in,34306,-833.6
162.6373,4,in,34310,-828.6
162.6422,4,in,34314,-834.2
162.6468,4,in,34318,-817.6
162.6517,4,in,34322,-848.2
162.656,4,in,34326,-813.4
162.6605,4,in,34330,-777.2
162.6653,4,in,34334,-826.4
162.6699,4,in,34338,-830.4
162.6748,4,in,34342,-840.6
162.6798,4,in,34346,-832.2
162.6849,4,in,34350,-863.8
162.6898,4,in,34354,-835.8
162.6943,4,in,34358,-802.4
162.6987,4,in,34362,-850.2
162.7037,4,in,34366,-813.4
162.7085,4,in,34370,-866
162.7132,4,in,34374,-855
162.7177,4,in,34378,-813.2
162.7218,4,in,34382,-806
162.7264,4,in,34386,-815.6
162.7311,4,in,34390,-817.6
162.7359,4,in,34394,-821.4
162.7402,4,in,34398,-818.6
162.7448,4,in,34402,-755.4
162.7496,4,in,34406,-844.4
162.7545,4,in,34410,-811.6
162.7588,4,in,34414,-812.4
162.7634,4,in,34418,-807.6
162.7674,4,in,34422,-808
162.7719,4,in,34426,-790
162.7761,4,in,34430,-789.6
162.7803,4,in,34434,-794.8
162.7843,4,in,34438,-828.2
162.7887,4,in,34442,-826
162.793,4,in,34446,-873.6
162.7979,4,in,34450,-876.2
162.8026,4,in,34454,-869.8
162.8072,4,in,34458,-836.6
162.8119,4,in,34462,-782.4
162.8166,4,in,34466,-862.6
162.8216,4,in,34470,-864.2
162.8259,4,in,34474,-861.6
162.8306,4,in,34478,-832.4
162.8353,4,in,34482,-822.2
162.8399,4,in,34486,-791.6
162.8447,4,in,34490,-812.6
162.849,4,in,34494,-792.2
162.8532,4,in,34498,-844.6
162.8581,4,in,34502,-836.6
162.8633,4,in,34506,-828.6
162.8677,4,in,34510,-836
162.8725,4,in,34514,-862.6
162.8775,4,in,34518,-817.2
162.882,4,in,34522,-847
162.8862,4,in,34526,-837.4
162.8906,4,in,34530,-801
162.8957,4,in,34534,-839.4
162.8999,4,in,34538,-803.6
162.9044,4,in,34542,-821.4
162.9088,4,in,34546,-809.6
162.9144,4,in,34550,-829.2
162.9188,4,in,34554,-825.4
162.924,4,in,34558,-833.6
162.9289,4,in,34562,-804.2
162.9336,4,in,34566,-840.2
162.9381,4,in,34570,-853
162.9427,4,in,34574,-821
162.9473,4,in,34578,-844.8
162.9517,4,in,34582,-815.4
162.956,4,in,34586,-852
162.9609,4,in,34590,-831.4
162.9661,4,in,34594,-852.2
162.9708,4,in,34598,-831
162.9754,4,in,34602,-814.6
162.9803,4,in,34606,-840.2
162.9852,4,in,34610,-835.2
162.9899,4,in,34614,-820.6
162.9948,4,in,34618,-795
163.0001,4,in,34622,-830.2
163.005,4,in,34626,-858.6
163.0103,4,in,34630,-831.8
163.015,4,in,34634,-807.2
163.0195,4,in,34638,-869.8
163.0239,4,in,34642,-814.4
163.0287,4,in,34646,-795.4
163.0331,4,in,34650,-813
163.0378,4,in,34654,-850.2
163.0421,4,in,34658,-869.8
163.0466,4,in,34662,-898.6
163.051,4,in,34666,-837.8
163.0565,4,in,34670,-825
163.0615,4,in,34674,-820.6
163.0665,4,in,34678,-842.2
163.0708,4,in,34682,-856.4
163.0755,4,in,34686,-838.4
163.0802,4,in,34690,-851.8
163.085,4,in,34694,-861.6
163.0899,4,in,34698,-822
163.0948,4,in,34702,-839.2
163.0998,4,in,34706,-835.4
163.1052,4,in,34710,-841.2
163.1097,4,in,34714,-835.4
163.1144,4,in,34718,-866.8
163.1193,4,in,34722,-880.4
163.1242,4,in,34726,-922.6
163.1294,4,in,34730,-850.2
163.134,4,in,34734,-891.8
163.1389,4,in,34738,-867.8
163.1437,4,in,34742,-845.8
163.149,4,in,34746,-891.2
163.1534,4,in,34750,-860.6
163.159,4,in,34754,-896.6
163.1638,4,in,34758,-891.8
163.1685,4,in,34762,-903.4
163.1733,4,in,34766,-857.4
163.1785,4,in,34770,-845
163.183,4,in,34774,-839.4
163.1876,4,in,34778,-856.8
163.192,4,in,34782,-823.6
163.1964,4,in,34786,-880.6
163.2011,4,in,34790,-839.2
163.2055,4,in,34794,-825.2
163.2101,4,in,34798,-803.8
163.2145,4,in,34802,-789.8
163.2191,4,in,34806,-860.6
163.2236,4,in,34810,-835.6
163.2283,4,in,34814,-813.4
163.233,4,in,34818,-855.2
163.2373,4,in,34822,-833.8
163.2412,4,in,34826,-825.2
163.2451,4,in,34830,-810.8
163.2493,4,in,34834,-831.6
163.2549,4,in,34838,-879.4
163.259,4,in,34842,-792.6
163.2629,4,in,34846,-828
163.2673,4,in,34850,-803.4
163.2734,4,in,34854,-838
163.2784,4,in,34858,-833.6
163.2822,4,in,34862,-808.8
163.2861,4,in,34866,-846.4
163.2908,4,in,34870,-832.2
163.295,4,in,34874,-824.6
163.2995,4,in,34878,-876.8
163.3033,4,in,34882,-854.4
163.3076,4,in,34886,-843.6
163.3115,4,in,34890,-870
163.3154,4,in,34894,-893
163.3196,4,in,34898,-843.2
163.3237,4,in,34902,-897.8
163.3287,4,in,34906,-844.8
163.3328,4,in,34910,-800.8
163.3374,4,in,34914,-886.4
163.3424,4,in,34918,-844.8
163.3466,4,in,34922,-853.4
163.3508,4,in,34926,-876.6
163.3557,4,in,34930,-853.8
163.3604,4,in,34934,-860
163.3643,4,in,34938,-856.4
163.3691,4,in,34942,-893.8
163.3732,4,in,34946,-810.8
163.3772,4,in,34950,-823
163.3822,4,in,34954,-811.4
163.3865,4,in,34958,-876
163.3908,4,in,34962,-863.4
163.3955,4,in,34966,-819.4
163.4001,4,in,34970,-849.8
163.4043,4,in,34974,-835.8
163.4085,4,in,34978,-845
163.4127,4,in,34982,-861.4
163.418,4,in,34986,-844.8
163.422,4,in,34990,-833.2
163.4267,4,in,34994,-875
163.4309,4,in,34998,-831.2
163.436,4,in,35002,-844.6
163.4405,4,in,35006,-884.6
163.4443,4,in,35010,-820
163.4486,4,in,35014,-930.8
163.4535,4,in,35018,-890
163.4576,4,in,35022,-827.8
163.4617,4,in,35026,-907.4
163.466,4,in,35030,-909.4
163.4701,4,in,35034,-879.4
163.474,4,in,35038,-938.8
163.4783,4,in,35042,-829.6
163.4822,4,in,35046,-810.6
163.4864,4,in,35050,-791.4
163.4907,4,in,35054,-828.4
163.4955,4,in,35058,-817.8
163.4999,4,in,35062,-803.4
163.5048,4,in,35066,-818.2
163.5102,4,in,35070,-828.4
163.5149,4,in,35074,-822.4
163.5194,4,in,35078,-875.6
163.5251,4,in,35082,-828.4
163.529,4,in,35086,-831
163.5329,4,in,35090,-905.4
163.537,4,in,35094,-886
163.5427,4,in,35098,-856.2
163.5473,4,in,35102,-849.4
163.5509,4,in,35106,-825.2
163.5548,4,in,35110,-810.2
163.5592,4,in,35114,-842.6
163.5632,4,in,35118,-849.2
163.5672,4,in,35122,-797.2
163.5721,4,in,35126,-856
163.578,4,in,35130,-777.8
163.5821,4,in,35134,-845
163.5869,4,in,35138,-833
163.5912,4,in,35142,-778.6
163.5959,4,in,35146,-824.2
163.6006,4,in,35150,-841.2
163.6052,4,in,35154,-825.4
163.6096,4,in,35158,-810
163.6144,4,in,35162,-879.2
163.6188,4,in,35166,-823
163.6232,4,in,35170,-873.2
163.6271,4,in,35174,-807.4
163.6313,4,in,35178,-861.6
163.6357,4,in,35182,-803.2
163.6399,4,in,35186,-823.8
163.6443,4,in,35190,-834.4
163.6493,4,in,35194,-826.8
163.654,4,in,35198,-830.4
163.6586,4,in,35202,-872.2
163.6627,4,in,35206,-805.8
163.6683,4,in,35210,-835.2
163.6726,4,in,35214,-830.6
163.6765,4,in,35218,-833
163.6819,4,in,35222,-833.4
163.6868,4,in,35226,-852.6
163.6914,4,in,35230,-806.2
163.6956,4,in,35234,-849.6
163.7002,4,in,35238,-866.6
163.7049,4,in,35242,-837
163.7097,4,in,35246,-846.8
163.7147,4,in,35250,-827.8
163.7196,4,in,35254,-839.6
163.7244,4,in,35258,-808.2
163.7297,4,in,35262,-808.2
163.7346,4,in,35266,-807.6
163.7402,4,in,35270,-840.8
163.745,4,in,35274,-857.4
163.7497,4,in,35278,-785.8
163.754,4,in,35282,-856.6
163.7589,4,in,35286,-812.2
163.7631,4,in,35290,-855.8
163.767,4,in,35294,-787.8
163.7714,4,in,35298,-819.6
163.776,4,in,35302,-849
163.7805,4,in,35306,-822.4
163.7856,4,in,35310,-830.6
163.7897,4,in,35314,-858.8
163.7937,4,in,35318,-843.8
163.7974,4,in,35322,-864
163.8012,4,in,35326,-816.2
163.8052,4,in,35330,-889.6
163.8101,4,in,35334,-808.6
163.8147,4,in,35338,-802.8
163.8193,4,in,35342,-866.8
163.8239,4,in,35346,-806.8
163.828,4,in,35350,-840.4
163.8317,4,in,35354,-825.2
163.8354,4,in,35358,-845.2
163.8391,4,in,35362,-863.6
163.8428,4,in,35366,-835.2
163.8481,4,in,35370,-807
163.8526,4,in,35374,-865
163.857,4,in,35378,-784.6
163.8609,4,in,35382,-824.2
163.8654,4,in,35386,-847
163.8698,4,in,35390,-792.4
163.8736,4,in,35394,-873
163.8783,4,in,35398,-820.2
163.8841,4,in,35402,-827.4
163.8881,4,in,35406,-873.2
163.8922,4,in,35410,-799.8
163.8966,4,in,35414,-785.6
163.902,4,in,35418,-845.4
163.906,4,in,35422,-772
163.91,4,in,35426,-783.8
163.9138,4,in,35430,-865.2
163.9185,4,in,35434,-856.2
163.9231,4,in,35438,-811.6
163.9277,4,in,35442,-844.4
163.9321,4,in,35446,-836.2
163.9369,4,in,35450,-821.2
163.9412,4,in,35454,-782.2
163.9455,4,in,35458,-848.6
163.9499,4,in,35462,-790.2
163.9556,4,in,35466,-825.2
163.9601,4,in,35470,-869.6
163.9642,4,in,35474,-826
163.9686,4,in,35478,-847
163.9729,4,in,35482,-858.8
163.977,4,in,35486,-911.2
163.981,4,in,35490,-853.2
163.9847,4,in,35494,-833.6
163.9883,4,in,35498,-827.8
163.9928,4,in,35502,-841
163.9969,4,in,35506,-868
164.0011,4,in,35510,-802
164.0052,4,in,35514,-865.6
164.0093,4,in,35518,-821.8
164.0133,4,in,35522,-824
164.0171,4,in,35526,-837.2
164.0208,4,in,35530,-806.4
164.0251,4,in,35534,-847.2
164.0295,4,in,35538,-792.4
164.0335,4,in,35542,-830.8
164.0375,4,in,35546,-841.6
164.0421,4,in,35550,-819.4
164.0465,4,in,35554,-864.2
164.0509,4,in,35558,-861.4
164.0549,4,in,35562,-803.8
164.0585,4,in,35566,-815.8
164.0626,4,in,35570,-782.4
164.0666,4,in,35574,-840.4
164.0705,4,in,35578,-865.6
164.074,4,in,35582,-826.4
164.0774,4,in,35586,-822.4
164.0811,4,in,35590,-853
164.0851,4,in,35594,-832.4
164.0894,4,in,35598,-795.4
164.0946,4,in,35602,-804.2
164.0983,4,in,35606,-831.6
164.1022,4,in,35610,-866.4
164.1056,4,in,35614,-821.4
164.1094,4,in,35618,-815.4
164.1126,4,in,35622,-847.4
164.1173,4,in,35626,-813.2
164.121,4,in,35630,-815.2
164.1244,4,in,35634,-809.8
164.1281,4,in,35638,-824.6
164.1317,4,in,35642,-830.2
164.1363,4,in,35646,-866.8
164.1408,4,in,35650,-803.4
164.1453,4,in,35654,-800.4
164.1498,4,in,35658,-871.8
164.1547,4,in,35662,-782.8
164.1591,4,in,35666,-807.6
164.1632,4,in,35670,-844.2
164.1673,4,in,35674,-831.4
164.1721,4,in,35678,-846.2
164.1763,4,in,35682,-852.4
164.1808,4,in,35686,-816.4
164.1859,4,in,35690,-857.6
164.19,4,in,35694,-840.4
164.1938,4,in,35698,-853
164.1992,4,in,35702,-835.8
164.2035,4,in,35706,-847.2
164.2079,4,in,35710,-792.6
164.2122,4,in,35714,-852
164.2163,4,in,35718,-868.4
164.2209,4,in,35722,-820.8
164.2253,4,in,35726,-828.2
164.2295,4,in,35730,-846
164.2337,4,in,35734,-853.2
164.2379,4,in,35738,-847.2
164.2417,4,in,35742,-827.4
164.2457,4,in,35746,-825.2
164.2495,4,in,35750,-847
164.253,4,in,35754,-862.8
164.2568,4,in,35758,-879.2
164.2606,4,in,35762,-880.4
164.2643,4,in,35766,-832.2
164.2686,4,in,35770,-881.4
164.2727,4,in,35774,-861.4
164.2776,4,in,35778,-807.8
164.2815,4,in,35782,-877.2
164.2865,4,in,35786,-868.6
164.291,4,in,35790,-817.2
164.2959,4,in,35794,-867
164.2999,4,in,35798,-865
164.3041,4,in,35802,-837
164.3082,4,in,35806,-874.4
164.3134,4,in,35810,-875.2
164.3178,4,in,35814,-841.8
164.322,4,in,35818,-873.2
164.326,4,in,35822,-906.4
164.3309,4,in,35826,-872.4
164.3357,4,in,35830,-880.4
164.3408,4,in,35834,-894
164.3447,4,in,35838,-880.4
164.3501,4,in,35842,-934.8
164.3546,4,in,35846,-951.8
164.3593,4,in,35850,-974.8
164.3638,4,in,35854,-945
164.369,4,in,35858,-957.2
164.3727,4,in,35862,-961.8
164.3765,4,in,35866,-973.2
164.3803,4,in,35870,-950
164.3859,4,in,35874,-1021.8
164.3901,4,out,35870,-946.6
164.3945,4,out,35866,-957.8
164.3991,4,out,35862,-941.2
164.4038,4,out,35858,-951.2
164.408,4,out,35854,-923.8
164.412,4,out,35850,-947.4
164.4163,4,out,35846,-984
164.422,4,out,35842,-1051
164.4262,4,out,35838,-1075.2
164.4306,4,out,35834,-1043
164.435,4,out,35830,-984.8
164.4405,4,out,35826,-1024.4
164.4446,4,out,35822,-1084
164.4499,4,out,35818,-1094.6
164.4539,4,out,35814,-1108.4
164.4583,4,out,35810,-1133.4
164.4626,4,out,35806,-1088.6
164.4667,4,out,35802,-1088
164.4707,4,out,35798,-1075.6
164.4762,4,out,35794,-1192.2
164.48,4,out,35790,-1103.8
164.4845,4,out,35786,-1084.4
164.4885,4,out,35782,-1178
164.494,4,out,35778,-1321.6
164.4983,4,out,35774,-1343.6
164.5023,4,out,35770,-1257
164.5064,4,out,35766,-1311.4
164.5115,4,out,35762,-1318.4
164.5157,4,out,35758,-1247.2
164.5197,4,out,35754,-1255.4
164.5246,4,out,35750,-1317
164.5292,4,out,35746,-1213.4
164.5333,4,out,35742,-1213.4
164.5378,4,out,35738,-1211.8
164.5421,4,out,35734,-1355.4
164.5471,4,out,35730,-1335
164.551,4,out,35726,-1278
164.555,4,out,35722,-1336
164.5588,4,out,35718,-1391.6
164.5641,4,out,35714,-1383.6
164.5691,4,out,35710,-1369.2
164.5731,4,out,35706,-1459.2
164.5771,4,out,35702,-1544
164.5827,4,out,35698,-1520.6
164.5872,4,out,35694,-1489.2
164.5915,4,out,35690,-1460
164.596,4,out,35686,-1397.8
164.6011,4,out,35682,-1453.8
164.6051,4,out,35678,-1485.8
164.6092,4,out,35674,-1507
164.6132,4,out,35670,-1458.4
164.6186,4,out,35666,-1440.4
164.6225,4,out,35662,-1496
164.6266,4,out,35658,-1456.6
164.6307,4,out,35654,-1410.2
164.6351,4,out,35650,-1399.6
164.6391,4,out,35646,-1532
164.6433,4,out,35642,-1460
164.6474,4,out,35638,-1446
164.6515,4,out,35634,-1395.8
164.6554,4,out,35630,-1433.2
164.6593,4,out,35626,-1371.6
164.6635,4,out,35622,-1389
164.6674,4,out,35618,-1425.2
164.6725,4,out,35614,-1451.2
164.6769,4,out,35610,-1492.2
164.6817,4,out,35606,-1457.4
164.6855,4,out,35602,-1427.6
164.6908,4,out,35598,-1504
164.6957,4,out,35594,-1510.4
164.6999,4,out,35590,-1472.2
164.7041,4,out,35586,-1372.2
164.7077,4,out,35582,-1458.4
164.7117,4,out,35578,-1462.2
164.7153,4,out,35574,-1363.2
164.7228,4,out,35570,-1393
164.7266,4,out,35566,-1515
164.7302,4,out,35562,-1437.4
164.7338,4,out,35558,-1511.6
164.7374,4,out,35554,-1366.2
164.743,4,out,35550,-1400.6
164.7475,4,out,35546,-1370.6
164.7517,4,out,35542,-1268.8
164.7561,4,out,35538,-1400.4
164.7599,4,out,35534,-1402.6
164.7638,4,out,35530,-1404
164.7676,4,out,35526,-1322
164.7711,4,out,35522,-1477.8
164.7748,4,out,35518,-1485.8
164.7796,4,out,35514,-1442.2
164.7836,4,out,35510,-1394.2
164.7874,4,out,35506,-1384.8
164.7913,4,out,35502,-1476.6
164.7967,4,out,35498,-1427.2
164.8018,4,out,35494,-1294
164.8061,4,out,35490,-1370.2
164.8105,4,out,35486,-1399
164.8143,4,out,35482,-1350.6
164.8178,4,out,35478,-1271.8
164.8214,4,out,35474,-1286.6
164.8251,4,out,35470,-1312.8
164.8287,4,out,35466,-1356.4
164.8336,4,out,35462,-1301.4
164.8373,4,out,35458,-1329.2
164.8418,4,out,35454,-1306.6
164.8456,4,out,35450,-1359.8
164.8501,4,out,35446,-1320.4
164.8543,4,out,35442,-1396.2
164.8584,4,out,35438,-1342.8
164.8625,4,out,35434,-1301.8
164.8674,4,out,35430,-1286
164.8719,4,out,35426,-1373.6
164.8762,4,out,35422,-1315.8
164.8801,4,out,35418,-1291.2
164.8847,4,out,35414,-1252.4
164.8887,4,out,35410,-1304.2
164.8939,4,out,35406,-1286.2
164.8987,4,out,35402,-1302.8
164.9027,4,out,35398,-1386.2
164.9069,4,out,35394,-1420
164.9108,4,out,35390,-1343
164.9149,4,out,35386,-1274.8
164.9191,4,out,35382,-1317.8
164.924,4,out,35378,-1343.2
164.9287,4,out,35374,-1302
164.9327,4,out,35370,-1278.6
164.9367,4,out,35366,-1317.4
164.9414,4,out,35362,-1314.4
164.9458,4,out,35358,-1316.6
164.9496,4,out,35354,-1368.2
164.9539,4,out,35350,-1337.4
164.9588,4,out,35346,-1404
164.9627,4,out,35342,-1383.6
164.9667,4,out,35338,-1287.6
164.9707,4,out,35334,-1394.2
164.9753,4,out,35330,-1431.8
164.9798,4,out,35326,-1379.8
164.9839,4,out,35322,-1318
164.9885,4,out,35318,-1325.4
164.9936,4,out,35314,-1305.6
164.9985,4,out,35310,-1379.8
165.0026,4,out,35306,-1390.8
165.0066,4,out,35302,-1350.4
165.0116,4,out,35298,-1331.2
165.0158,4,out,35294,-1248.2
165.0198,4,out,35290,-1360.2
165.0246,4,out,35286,-1386
165.0297,4,out,35282,-1369.6
165.0343,4,out,35278,-1310.2
165.039,4,out,35274,-1385.6
165.0431,4,out2,35224,-1344.2
165.0477,4,out2,35174,-1236.2
165.0517,4,out2,35124,-1245
165.0567,4,out2,35074,-1113.2
165.0611,4,out2,35024,-1139
165.0664,4,out2,34974,-1036.2
165.0707,4,out2,34924,-1094.4
165.0748,4,out2,34874,-1107
165.079,4,out2,34824,-1001.4
165.084,4,out2,34774,-1035.8
165.0887,4,out2,34724,-1101.8
165.093,4,out2,34674,-1029.8
165.097,4,out2,34624,-1017.4
165.1021,4,out2,34574,-920.4
165.1063,4,out2,34524,-944.6
165.1103,4,out2,34474,-932.8
165.1144,4,out2,34424,-905
165.1191,4,out2,34374,-936.2
165.1234,4,out2,34324,-962
165.1275,4,out2,34274,-899.8
165.1316,4,out2,34224,-890.6
165.1362,4,out2,34174,-872.6
165.1407,4,out2,34124,-892.2
165.1446,4,out2,34074,-840.2
165.1489,4,out2,34024,-894.4
165.153,4,out2,33974,-816.8
165.1583,4,out2,33924,-836.6
165.1621,4,out2,33874,-782.4
165.1662,4,out2,33824,-806.8
165.1703,4,out2,33774,-831.6
165.1758,4,out2,33724,-786
165.1798,4,out2,33674,-875.2
165.1839,4,out2,33624,-869.6
165.1879,4,out2,33574,-826.4
165.1934,4,out2,33524,-813.6
165.1981,4,out2,33474,-874.8
165.2025,4,out2,33424,-926.2
165.2066,4,out2,33374,-878
165.212,4,out2,33324,-852.8
165.216,4,out2,33274,-869.4
165.22,4,out2,33224,-960
165.2241,4,out2,33174,-875.4
165.2293,4,out2,33124,-870.8
165.2339,4,out2,33074,-908
165.2387,4,out2,33024,-800.2
165.2429,4,out2,32974,-885.6
165.2474,4,out2,32924,-949.8
165.2515,4,out2,32874,-939
165.2559,4,out2,32824,-865.2
165.2605,4,out2,32774,-897.6
165.266,4,out2,32724,-932.8
165.2698,4,out2,32674,-940
165.2746,4,out2,32624,-896.4
165.2791,4,out2,32574,-887.8
165.2838,4,out2,32524,-898.2
165.2888,4,out2,32474,-865.2
165.2929,4,out2,32424,-885.8
165.2975,4,out2,32374,-927
165.3017,4,out2,32324,-925.2
165.3065,4,out2,32274,-868
165.3105,4,out2,32224,-947.8
165.3148,4,out2,32174,-891.2
165.3192,4,out2,32124,-896.8
165.3238,4,out2,32074,-897.2
165.3278,4,out2,32024,-868.6
165.3321,4,out2,31974,-939.6
165.3374,4,out2,31924,-915
165.3413,4,out2,31874,-930.8
165.3453,4,out2,31824,-845.2
165.3496,4,out2,31774,-902
165.3542,4,out2,31724,-915.6
165.3587,4,out2,31674,-919.6
165.3626,4,out2,31624,-909.8
165.3672,4,out2,31574,-914.8
165.3722,4,out2,31524,-924.8
165.3762,4,out2,31474,-901.6
165.3803,4,out2,31424,-913.6
165.3844,4,out2,31374,-891.6
165.3902,4,out2,31324,-909.4
165.3948,4,out2,31274,-869.2
165.3996,4,out2,31224,-915.8
165.4047,4,out2,31174,-952.4
165.4091,4,out2,31124,-925.8
165.413,4,out2,31074,-923.2
165.4169,4,out2,31024,-952.6
165.4211,4,out2,30974,-926
165.4262,4,out2,30924,-919
165.4308,4,out2,30874,-935.8
165.4349,4,out2,30824,-899.4
165.4392,4,out2,30774,-871.8
165.4438,4,out2,30724,-914.4
165.448,4,out2,30674,-939.4
165.4524,4,out2,30624,-860.8
165.457,4,out2,30574,-873.2
165.462,4,out2,30524,-860.6
165.4659,4,out2,30474,-886.4
165.4702,4,out2,30424,-749.6
165.4748,4,out2,30374,-751.2
165.4797,4,out2,30324,-811.4
165.4839,4,out2,30274,-664.4
165.4883,4,out2,30224,-477.8
165.4934,4,out2,30174,-565.4
165.498,4,out2,30124,-420.6
165.502,4,out2,30074,-166.4
165.5066,4,out2,30024,-94
165.5107,5,in,30024,-95.6
165.5143,5,in,30028,-89.8
165.5181,5,in,30032,-26.8
165.5218,5,in,30036,-81.4
165.5256,5,in,30040,-42.4
165.5295,5,in,30044,-16.6
165.5334,5,in,30048,-41.6
165.5371,5,in,30052,-47
165.5404,5,in,30056,-27.4
165.5446,5,in,30060,-56.2
165.5487,5,in,30064,-16.8
165.5522,5,in,30068,-37.2
165.5556,5,in,30072,-36.2
165.5594,5,in,30076,-59.8
165.5633,5,in,30080,-8
165.5674,5,in,30084,-12.2
165.5715,5,in,30088,-74.8
165.5751,5,in,30092,-53.8
165.579,5,in,30096,-1.2
165.5829,5,in,30100,-41
165.5868,5,in,30104,-31
165.5911,5,in,30108,-28.2
165.5954,5,in,30112,-9.6
165.5992,5,in,30116,-44.8
165.603,5,in,30120,-99.8
165.607,5,in,30124,-56.6
165.6112,5,in,30128,-47.8
165.6153,5,in,30132,-13.8
165.6197,5,in,30136,-68
165.624,5,in,30140,-57.6
165.6284,5,in,30144,-41
165.6334,5,in,30148,-91.2
165.6381,5,in,30152,-88.6
165.6428,5,in,30156,-57.4
165.6473,5,in,30160,-21.2
165.6516,5,in,30164,-35.4
165.6556,5,in,30168,-95.8
165.6605,5,in,30172,-51.6
165.665,5,in,30176,-40.6
165.6694,5,in,30180,-17.2
165.6735,5,in,30184,-73.4
165.6777,5,in,30188,-48.4
165.6819,5,in,30192,-6.8
165.6861,5,in,30196,-1.6
165.691,5,in,30200,-15.4
165.6956,5,in,30204,-1.6
165.7004,5,in,30208,-82.2
165.7044,5,in,30212,-66.8
165.7095,5,in,30216,-46.4
165.7167,5,in,30220,-20.8
165.7207,5,in,30224,-34.2
165.7243,5,in,30228,-47.4
165.7294,5,in,30232,-16.2
165.7332,5,in,30236,-33.8
165.7376,5,in,30240,-98.2
165.7419,5,in,30244,-16.8
165.7463,5,in,30248,-45.2
165.751,5,in,30252,-76.6
165.7552,5,in,30256,-43
165.7597,5,in,30260,-67.6
165.7639,5,in,30264,-17
165.7682,5,in,30268,-42.4
165.772,5,in,30272,-35
165.7757,5,in,30276,-1.2
165.7798,5,in,30280,-28.8
165.7836,5,in,30284,-53.6
165.788,5,in,30288,-32.6
165.7921,5,in,30292,-78.6
165.7961,5,in,30296,-44.8
165.8002,5,in,30300,-73.2
165.8044,5,in,30304,-44.8
165.8085,5,in,30308,-16.8
165.8123,5,in,30312,-10.8
165.8165,5,in,30316,-32.4
165.8206,5,in,30320,-35
165.8244,5,in,30324,-55.4
165.8285,5,in,30328,-67.2
165.8325,5,in,30332,-47.6
165.837,5,in,30336,-71.6
165.8413,5,in,30340,-55.2
165.8455,5,in,30344,4.4
165.8496,5,in,30348,-10
165.8543,5,in,30352,-79
165.859,5,in,30356,-3
165.8631,5,in,30360,0.8
165.8675,5,in,30364,-73.6
165.8722,5,in,30368,-43.6
165.8765,5,in,30372,-40
165.8805,5,in,30376,-25.6
165.8848,5,in,30380,-58.4
165.8897,5,in,30384,-52.6
165.8937,5,in,30388,-32
165.898,5,in,30392,-77.8
165.9017,5,in,30396,-40.2
165.9066,5,in,30400,-71.4
165.9113,5,in,30404,-17.8
165.9157,5,in,30408,-47.8
165.92,5,in,30412,-22
165.9245,5,in,30416,-31.8
165.9287,5,in,30420,-32
165.9324,5,in,30424,-47.6
165.936,5,in,30428,-67.6
165.9397,5,in,30432,-48.8
165.9437,5,in,30436,-70.4
165.948,5,in,30440,-34.8
165.952,5,in,30444,-26.4
165.9562,5,in,30448,-31.2
165.9604,5,in,30452,-43.4
165.9643,5,in,30456,-46.2
165.9683,5,in,30460,-46.2
165.9721,5,in,30464,-69.2
165.9759,5,in,30468,-20.4
165.98,5,in,30472,-47.4
165.9841,5,in,30476,-74.8
165.9888,5,in,30480,-71.4
165.9935,5,in,30484,-21.2
165.998,5,in,30488,-48.2
166.0022,5,in,30492,-54
166.0062,5,in,30496,-55.2
166.01,5,in,30500,-49
166.0142,5,in,30504,-50
166.0184,5,in,30508,-1
166.0226,5,in,30512,-35.8
166.0267,5,in,30516,-40.8
166.0314,5,in,30520,-91.4
166.0357,5,in,30524,-44.4
166.04,5,in,30528,-33.6
166.0438,5,in,30532,-11.8
166.048,5,in,30536,8.2
166.0519,5,in,30540,-22.8
166.0558,5,in,30544,-31.8
166.0598,5,in,30548,-36
166.0638,5,in,30552,-31.2
166.0679,5,in,30556,-55.2
166.072,5,in,30560,-69.6
166.0767,5,in,30564,-73
166.0811,5,in,30568,-17.6
166.0854,5,in,30572,-35
166.0895,5,in,30576,-41.6
166.0935,5,in,30580,-105.8
166.0979,5,in,30584,-33.4
166.103,5,in,30588,-48.4
166.1073,5,in,30592,-30.4
166.1119,5,in,30596,-13.6
166.1166,5,in,30600,-80.8
166.1208,5,in,30604,-31.6
166.1252,5,in,30608,-60.8
166.1296,5,in,30612,-42
166.1342,5,in,30616,-11.2
166.1386,5,in,30620,-8
166.143,5,in,30624,-18.2
166.147,5,in,30628,-23.8
166.1511,5,in,30632,-79.2
166.1554,5,in,30636,15.6
166.1596,5,in,30640,-14.8
166.1638,5,in,30644,-34.2
166.1684,5,in,30648,-40.6
166.1729,5,in,30652,-78.8
166.1768,5,in,30656,-15.4
166.1809,5,in,30660,-14
166.1848,5,in,30664,-35.4
166.1889,5,in,30668,-7.8
166.1927,5,in,30672,-12
166.1966,5,in,30676,-8.8
166.2005,5,in,30680,-13.6
166.205,5,in,30684,-38.8
166.2093,5,in,30688,-48
166.2138,5,in,30692,-67.4
166.2181,5,in,30696,-50
166.2219,5,in,30700,-69
166.2265,5,in,30704,-94.4
166.2307,5,in,30708,-38.2
166.2349,5,in,30712,-29.8
166.2395,5,in,30716,0
166.2444,5,in,30720,-57.8
166.2491,5,in,30724,-56.4
166.2548,5,in,30728,-77.2
166.2593,5,in,30732,-23.6
166.2643,5,in,30736,-64.2
166.2683,5,in,30740,-3.4
166.2726,5,in,30744,-52.8
166.2768,5,in,30748,-71.6
166.2811,5,in,30752,-67.6
166.2848,5,in,30756,-58
166.289,5,in,30760,-47.4
166.2931,5,in,30764,-55
166.2971,5,in,30768,-46.8
166.3014,5,in,30772,-41.6
166.3055,5,in,30776,-30.8
166.3099,5,in,30780,-51.6
166.3143,5,in,30784,-46.8
166.3185,5,in,30788,-76.8
166.3225,5,in,30792,-56
166.3264,5,in,30796,-27.2
166.3302,5,in,30800,-33.4
166.3347,5,in,30804,-18
166.3388,5,in,30808,-59.2
166.3428,5,in,30812,-88.2
166.3469,5,in,30816,-73.6
166.3506,5,in,30820,-51.2
166.3549,5,in,30824,-26.2
166.3586,5,in,30828,-17.2
166.3628,5,in,30832,-33.6
166.3668,5,in,30836,-115.2
166.3708,5,in,30840,-53
166.3744,5,in,30844,-20
166.3785,5,in,30848,-32.2
166.3821,5,in,30852,-35.2
166.3862,5,in,30856,-71
166.3898,5,in,30860,-44.4
166.3939,5,in,30864,-25
166.3976,5,in,30868,-49.4
166.4013,5,in,30872,-42.8
166.4056,5,in,30876,-49.4
166.4098,5,in,30880,-19.4
166.4141,5,in,30884,-117.2
166.4181,5,in,30888,-38
166.4221,5,in,30892,-101
166.4264,5,in,30896,-66.8
166.4303,5,in,30900,-51
166.4345,5,in,30904,-96.6
166.4391,5,in,30908,-68.6
166.4434,5,in,30912,-84
166.448,5,in,30916,-87.4
166.4527,5,in,30920,-97.8
166.4568,5,in,30924,-18
166.4608,5,in,30928,-82.8
166.465,5,in,30932,-76.2
166.4695,5,in,30936,-97.8
166.4739,5,in,30940,-91.6
166.4785,5,in,30944,-62.4
166.483,5,in,30948,-106.2
166.4871,5,in,30952,-99.6
166.4915,5,in,30956,-45.2
166.4958,5,in,30960,-30
166.5,5,in,30964,-70.8
166.5045,5,in,30968,-70.8
166.5093,5,in,30972,-11.4
166.5131,5,in,30976,-34.6
166.5178,5,in,30980,-91.8
166.5223,5,in,30984,-73
166.5275,5,in,30988,-74
166.5323,5,in,30992,-96
166.5369,5,in,30996,-81.8
166.5415,5,in,31000,-57
166.5471,5,in,31004,-112.2
166.5534,5,in,31008,-62.6
166.5583,5,in,31012,-73.6
166.5637,5,in,31016,-87
166.5692,5,in,31020,-88.4
166.5747,5,in,31024,-81.6
166.5795,5,in,31028,-29.4
166.5844,5,in,31032,-106.8
166.5886,5,in,31036,-95.2
166.593,5,in,31040,-102.4
166.5973,5,in,31044,-76.4
166.602,5,in,31048,-49
166.6065,5,in,31052,-67.4
166.6107,5,in,31056,-74.4
166.6145,5,in,31060,-85.2
166.6179,5,in,31064,-67.4
166.6218,5,in,31068,-69.2
166.6256,5,in,31072,-126.8
166.6301,5,in,31076,-98.4
166.6342,5,in,31080,-117.2
166.6382,5,in,31084,-107.4
166.6423,5,in,31088,-90.2
166.6463,5,in,31092,-38.6
166.6505,5,in,31096,-78.2
166.6539,5,in,31100,-100
166.6577,5,in,31104,-75.8
166.6614,5,in,31108,-71.8
166.6647,5,in,31112,-92.2
166.6686,5,in,31116,-68
166.6722,5,in,31120,-108.4
166.6758,5,in,31124,-77.8
166.6793,5,in,31128,-59.4
166.6836,5,in,31132,-110.4
166.6874,5,in,31136,-136.8
166.6916,5,in,31140,-79.8
166.6951,5,in,31144,-79.4
166.6986,5,in,31148,-96.2
166.7026,5,in,31152,-75.6
166.7063,5,in,31156,-98.6
166.7098,5,in,31160,-87
166.7137,5,in,31164,-121.6
166.7172,5,in,31168,-116.6
166.7214,5,in,31172,-98.8
166.7251,5,in,31176,-94.2
166.7297,5,in,31180,-114.6
166.7343,5,in,31184,-74.8
166.739,5,in,31188,-119.8
166.7435,5,in,31192,-93.2
166.748,5,in,31196,-84.4
166.7524,5,in,31200,-110.4
166.7569,5,in,31204,-117
166.7608,5,in,31208,-60.4
166.765,5,in,31212,-122.8
166.769,5,in,31216,-68.4
166.773,5,in,31220,-74.6
166.7769,5,in,31224,-103.4
166.7806,5,in,31228,-79.2
166.7843,5,in,31232,-104
166.7881,5,in,31236,-114
166.7924,5,in,31240,-86.4
166.796,5,in,31244,-78.4
166.7997,5,in,31248,-97
166.8038,5,in,31252,-80.2
166.8084,5,in,31256,-115
166.8129,5,in,31260,-78.2
166.817,5,in,31264,-85.4
166.8211,5,in,31268,-91
166.8249,5,in,31272,-98
166.8288,5,in,31276,-93.4
166.8328,5,in,31280,-131.2
166.8366,5,in,31284,-100.6
166.8403,5,in,31288,-125.6
166.8455,5,in,31292,-109
166.8497,5,in,31296,-85.6
166.8544,5,in,31300,-161.2
166.8586,5,in,31304,-63.2
166.8635,5,in,31308,-73
166.8676,5,in,31312,-120.2
166.8721,5,in,31316,-51
166.877,5,in,31320,-31.4
166.882,5,in,31324,-94.8
166.8861,5,in,31328,-104.4
166.8904,5,in,31332,-41.4
166.8945,5,in,31336,-22.6
166.8991,5,in,31340,-52.4
166.9031,5,in,31344,9.6
166.9074,5,in,31348,-82
166.912,5,in,31352,-46.6
166.9165,5,in,31356,-46.8
166.921,5,in,31360,-104.4
166.9252,5,in,31364,-27.8
166.9298,5,in,31368,-22.8
166.9355,5,in,31372,-68.8
166.9397,5,in,31376,-81
166.944,5,in,31380,-89.8
166.9482,5,in,31384,-102
166.9532,5,in,31388,-53
166.9579,5,in,31392,-35.8
166.9618,5,in,31396,-52.4
166.9658,5,in,31400,-88.8
166.9709,5,in,31404,-56.4
166.9751,5,in,31408,-75
166.9791,5,in,31412,-30.2
166.9831,5,in,31416,-21.6
166.9873,5,in,31420,-87.8
166.9914,5,in,31424,-58.2
166.9953,5,in,31428,-98.4
167.0,5,in,31432,-91.4
167.0041,5,in,31436,-29.8
167.0081,5,in,31440,-70
167.0121,5,in,31444,21
167.0164,5,in,31448,-67.2
167.0212,5,in,31452,-93.8
167.0256,5,in,31456,-53.6
167.0295,5,in,31460,-41.6
167.0338,5,in,31464,-94.6
167.038,5,in,31468,-67.8
167.0427,5,in,31472,-36
167.0466,5,in,31476,-56.4
167.0512,5,in,31480,-72.8
167.0557,5,in,31484,-57.2
167.0609,5,in,31488,-82.2
167.0648,5,in,31492,-44.8
167.0694,5,in,31496,-90.6
167.0736,5,in,31500,-104.4
167.0777,5,in,31504,-21
167.0818,5,in,31508,-73.4
167.0872,5,in,31512,-75
167.092,5,in,31516,-85.6
167.0962,5,in,31520,-72.2
167.1005,5,in,31524,-60.8
167.1049,5,in,31528,-127.2
167.1092,5,in,31532,-77.6
167.1143,5,in,31536,-35.4
167.1187,5,in,31540,-92.6
167.1228,5,in,31544,-25
167.1268,5,in,31548,-52.6
167.1319,5,in,31552,-59
167.1358,5,in,31556,-97.4
167.1401,5,in,31560,-15.8
167.1446,5,in,31564,-45
167.1493,5,in,31568,-91.2
167.1535,5,in,31572,-32.8
167.1587,5,in,31576,-48
167.1628,5,in,31580,-80.2
167.1674,5,in,31584,-72.6
167.1717,5,in,31588,-50
167.1759,5,in,31592,-64.4
167.1801,5,in,31596,-40.8
167.1861,5,in,31600,-44
167.19,5,in,31604,-51.2
167.1945,5,in,31608,-43.8
167.1989,5,in,31612,-85.2
167.2048,5,in,31616,-61.6
167.2091,5,in,31620,-95
167.2129,5,in,31624,-24
167.2169,5,in,31628,-79
167.2218,5,in,31632,-79.4
167.226,5,in,31636,-96
167.2301,5,in,31640,-75
167.2344,5,in,31644,-66.4
167.2397,5,in,31648,-101.2
167.2435,5,in,31652,-41.8
167.2471,5,in,31656,-46.6
167.2507,5,in,31660,-60
167.2544,5,in,31664,-68.4
167.2589,5,in,31668,-80.8
167.263,5,in,31672,-29.4
167.2668,5,in,31676,-71.2
167.2709,5,in,31680,-74.8
167.276,5,in,31684,-93.2
167.28,5,in,31688,-42.6
167.2843,5,in,31692,-114.8
167.289,5,in,31696,-57
167.2935,5,in,31700,-94.2
167.2978,5,in,31704,-107.8
167.3021,5,in,31708,-117.2
167.3066,5,in,31712,-140.2
167.3114,5,in,31716,-44.2
167.3158,5,in,31720,-111.6
167.3207,5,in,31724,-67
167.3261,5,in,31728,-85
167.3302,5,in,31732,-70.4
167.3341,5,in,31736,-66
167.3387,5,in,31740,-133.6
167.3427,5,in,31744,-59.8
167.3472,5,in,31748,-118.8
167.3515,5,in,31752,-103
167.3559,5,in,31756,-105.2
167.3605,5,in,31760,-62.2
167.3647,5,in,31764,-126
167.3695,5,in,31768,-89
167.3735,5,in,31772,-121.8
167.3773,5,in,31776,-98.4
167.3825,5,in,31780,-92.4
167.3864,5,in,31784,-51.4
167.391,5,in,31788,-94
167.3951,5,in,31792,-40.2
167.4008,5,in,31796,-87
167.4052,5,in,31800,-72
167.4093,5,in,31804,-58.8
167.4138,5,in,31808,-71.6
167.4198,5,in,31812,-102.8
167.4242,5,in,31816,-186.6
167.4285,5,in,31820,-162.6
167.4332,5,in,31824,-155.8
167.4373,5,in,31828,-169
167.4415,5,in,31832,-215.2
167.4465,5,in,31836,-197.2
167.4503,5,in,31840,-224.6
167.455,5,in,31844,-236.2
167.4593,5,in,31848,-199.2
167.4634,5,in,31852,-225.6
167.4675,5,in,31856,-194.4
167.4731,5,in,31860,-261.2
167.4775,5,in,31864,-160.6
167.4817,5,in,31868,-224.2
167.4866,5,in,31872,-136.4
167.4919,5,in,31876,-177
167.4957,5,in,31880,-214.8
167.4997,5,in,31884,-162.2
167.5039,5,in,31888,-199.2
167.5088,5,in,31892,-187.8
167.513,5,in,31896,-376.8
167.5172,5,in,31900,-180.6
167.5213,5,in,31904,-198.4
167.5267,5,in,31908,-134
167.5308,5,in,31912,-158.8
167.5347,5,in,31916,-129.8
167.5395,5,in,31920,-128.2
167.5447,5,in,31924,-114
167.5486,5,in,31928,-198.6
167.5532,5,in,31932,-136
167.5572,5,in,31936,-113.2
167.5627,5,in,31940,-87
167.5665,5,in,31944,-171.8
167.5711,5,in,31948,-163.4
167.5753,5,in,31952,-161.6
167.5797,5,in,31956,-197.6
167.5839,5,in,31960,-118.2
167.5885,5,in,31964,-146.6
167.5929,5,in,31968,-122.2
167.5997,5,in,31972,-116.6
167.6043,5,in,31976,-113.8
167.609,5,in,31980,-101.8
167.6133,5,in,31984,-126.2
167.6178,5,in,31988,-132
167.6218,5,in,31992,-152.8
167.6258,5,in,31996,-146.2
167.6302,5,in,32000,-116.6
167.6348,5,in,32004,-174.4
167.639,5,in,32008,-139.2
167.643,5,in,32012,-147
167.6469,5,in,32016,-127.8
167.6519,5,in,32020,-115.6
167.6559,5,in,32024,-124
167.6604,5,in,32028,-96.8
167.6646,5,in,32032,-92.6
167.6696,5,in,32036,-144.8
167.6734,5,in,32040,-110
167.6778,5,in,32044,-67
167.6823,5,in,32048,-120.6
167.6871,5,in,32052,-93
167.6912,5,in,32056,-99.2
167.6954,5,in,32060,-99.2
167.6994,5,in,32064,-173.6
167.7039,5,in,32068,-153.8
167.7079,5,in,32072,-133
167.7116,5,in,32076,-145.8
167.7156,5,in,32080,-205
167.7195,5,in,32084,-123.6
167.7241,5,in,32088,-119
167.7279,5,in,32092,-120.4
167.7321,5,in,32096,-103.8
167.7367,5,in,32100,-147.6
167.7421,5,in,32104,-138.8
167.7465,5,in,32108,-137.2
167.7505,5,in,32112,-110.4
167.7547,5,in,32116,-177
167.76,5,in,32120,-193
167.7646,5,in,32124,-107.8
167.769,5,in,32128,-210.4
167.7733,5,in,32132,-205.2
167.778,5,in,32136,-183.8
167.7816,5,in,32140,-173.4
167.7851,5,in,32144,-192.2
167.7887,5,in,32148,-228.8
167.7929,5,in,32152,-175
167.7968,5,in,32156,-178.8
167.801,5,in,32160,-224
167.8053,5,in,32164,-233.6
167.81,5,in,32168,-192.2
167.8144,5,in,32172,-217
167.8186,5,in,32176,-225.4
167.8224,5,in,32180,-238.4
167.826,5,in,32184,-227.2
167.8306,5,in,32188,-159.4
167.8343,5,in,32192,-193.4
167.8382,5,in,32196,-178.2
167.8426,5,in,32200,-156.2
167.8474,5,in,32204,-195.8
167.8519,5,in,32208,-201.4
167.8559,5,in,32212,-165.6
167.8601,5,in,32216,-80
167.8643,5,in,32220,-107.4
167.869,5,in,32224,-87.2
167.8733,5,in,32228,-78.6
167.8784,5,in,32232,-76.4
167.8824,5,in,32236,-130.2
167.8865,5,in,32240,-98.2
167.8905,5,in,32244,-106.2
167.8949,5,in,32248,-119.6
167.8996,5,in,32252,-96.8
167.9038,5,in,32256,-181.4
167.908,5,in,32260,-152
167.9125,5,in,32264,-176.4
167.9167,5,in,32268,-77.4
167.9215,5,in,32272,-144
167.9256,5,in,32276,-85
167.9302,5,in,32280,-98.6
167.9346,5,in,32284,-149.6
167.9406,5,in,32288,-169.6
167.9446,5,in,32292,-133.6
167.9486,5,in,32296,-146.6
167.9529,5,in,32300,-83.8
167.9581,5,in,32304,-69.2
167.9619,5,in,32308,-144.2
167.9664,5,in,32312,-99.8
167.9715,5,in,32316,-137.4
167.9755,5,in,32320,-87.6
167.9795,5,in,32324,-82.2
167.9834,5,in,32328,-262.4
167.9881,5,in,32332,-270
167.9921,5,in,32336,-270.4
167.996,5,in,32340,-385.8
167.9999,5,in,32344,-414
168.0049,5,in,32348,-384
168.0099,5,in,32352,-349.6
168.0137,5,in,32356,-334.2
168.0177,5,in,32360,-397.4
168.0225,5,in,32364,-415
168.0281,5,in,32368,-374.4
168.0323,5,in,32372,-332.4
168.0364,5,in,32376,-360
168.0407,5,in,32380,-271.6
168.0458,5,in,32384,-333.8
168.0501,5,in,32388,-449.2
168.0544,5,in,32392,-299.4
168.0588,5,in,32396,-337.8
168.0645,5,in,32400,-288.6
168.0688,5,in,32404,-265
168.0733,5,in,32408,-188.4
168.0778,5,in,32412,-212.8
168.0831,5,in,32416,-230.2
168.0873,5,in,32420,-209.2
168.092,5,in,32424,-380.8
168.0969,5,in,32428,-347.4
168.1007,5,in,32432,-338.4
168.1048,5,in,32436,-382.8
168.109,5,in,32440,-298
168.1132,5,in,32444,-238.8
168.1184,5,in,32448,-340.8
168.1224,5,in,32452,-418.2
168.1266,5,in,32456,-374.4
168.1304,5,in,32460,-346.6
168.1346,5,in,32464,-271.4
168.1391,5,in,32468,-409.6
168.1439,5,in,32472,-467.2
168.1483,5,in,32476,-497.8
168.1533,5,in,32480,-504.4
168.1579,5,in,32484,-486.8
168.1624,5,in,32488,-507.8
168.1669,5,in,32492,-484.6
168.172,5,in,32496,-570.8
168.1764,5,in,32500,-573
168.1802,5,in,32504,-508.8
168.1841,5,in,32508,-466.2
168.188,5,in,32512,-250.2
168.1926,5,in,32516,-300.8
168.1965,5,in,32520,-248.4
168.2006,5,in,32524,-263.6
168.2049,5,in,32528,-237.2
168.2098,5,in,32532,-220.4
168.2139,5,in,32536,-199.6
168.2179,5,in,32540,-280.6
168.2221,5,in,32544,-297.4
168.2281,5,in,32548,-232.6
168.2327,5,in,32552,-352
168.2367,5,in,32556,-351
168.2409,5,in,32560,-401
168.2461,5,in,32564,-282.6
168.2501,5,in,32568,-364.8
168.2544,5,in,32572,-317
168.259,5,in,32576,-372.2
168.2642,5,in,32580,-387.6
168.2685,5,in,32584,-394.8
168.2727,5,in,32588,-306.2
168.2767,5,in,32592,-357.8
168.282,5,in,32596,-358
168.2868,5,in,32600,-443.2
168.2908,5,in,32604,-447.8
168.2949,5,in,32608,-431.8
168.2995,5,in,32612,-427.6
168.3034,5,in,32616,-367
168.3076,5,in,32620,-294.2
168.312,5,in,32624,-359.8
168.3177,5,in,32628,-375.2
168.3221,5,in,32632,-406.4
168.3263,5,in,32636,-281.2
168.3302,5,in,32640,-296.8
168.3355,5,in,32644,-301.8
168.3399,5,in,32648,-426.4
168.3441,5,in,32652,-234.2
168.3488,5,in,32656,-245.4
168.3537,5,in,32660,-275.6
168.3576,5,in,32664,-307
168.362,5,in,32668,-364
168.3665,5,in,32672,-356.8
168.3723,5,in,32676,-315.4
168.3762,5,in,32680,-318.4
168.3808,5,in,32684,-240.6
168.3849,5,in,32688,-305.6
168.3904,5,in,32692,-264.8
168.3944,5,in,32696,-384.6
168.3985,5,in,32700,-354.8
168.4028,5,in,32704,-325
168.4092,5,in,32708,-409.2
168.4134,5,in,32712,-349.6
168.4174,5,in,32716,-413.4
168.4215,5,in,32720,-459.2
168.4274,5,in,32724,-387.4
168.4315,5,in,32728,-316.4
168.4355,5,in,32732,-307.8
168.4399,5,in,32736,-330.6
168.4454,5,in,32740,-297.4
168.4492,5,in,32744,-299.8
168.4532,5,in,32748,-318.8
168.4583,5,in,32752,-246.6
168.4635,5,in,32756,-252.8
168.4676,5,in,32760,-329.8
168.4723,5,in,32764,-328.4
168.4764,5,in,32768,-286.8
168.4816,5,in,32772,-239.4
168.4862,5,in,32776,-306.6
168.4912,5,in,32780,-247.4
168.4954,5,in,32784,-270.8
168.4998,5,in,32788,-222.2
168.5039,5,in,32792,-214.8
168.5079,5,in,32796,-211.8
168.512,5,in,32800,-206.8
168.5168,5,in,32804,-270.6
168.5212,5,in,32808,-286.4
168.5252,5,in,32812,-264.2
168.5294,5,in,32816,-300.6
168.5347,5,in,32820,-263.8
168.5386,5,in,32824,-301.6
168.5431,5,in,32828,-335
168.547,5,in,32832,-280.8
168.5519,5,in,32836,-328.6
168.556,5,in,32840,-377.4
168.5601,5,in,32844,-309.8
168.5647,5,in,32848,-327.2
168.5697,5,in,32852,-336.8
168.5739,5,in,32856,-361.4
168.5776,5,in,32860,-354.2
168.582,5,in,32864,-281.8
168.5879,5,in,32868,-338
168.5919,5,in,32872,-298.8
168.5963,5,in,32876,-357.2
168.6001,5,in,32880,-356.6
168.6051,5,in,32884,-368
168.6091,5,in,32888,-406.2
168.6133,5,in,32892,-358.2
168.6173,5,in,32896,-325.6
168.6228,5,in,32900,-446.2
168.6268,5,in,32904,-372.6
168.6306,5,in,32908,-375
168.6346,5,in,32912,-433.2
168.6396,5,in,32916,-391.8
168.6439,5,in,32920,-486.2
168.6486,5,in,32924,-512
168.653,5,in,32928,-442.8
168.6588,5,in,32932,-459.2
168.6627,5,in,32936,-439
168.6666,5,in,32940,-453.2
168.6706,5,in,32944,-443.8
168.6758,5,in,32948,-438.6
168.6802,5,in,32952,-459.4
168.6846,5,in,32956,-520.2
168.6893,5,in,32960,-445.8
168.6942,5,in,32964,-518.4
168.6988,5,in,32968,-473.4
168.7032,5,in,32972,-552.4
168.7077,5,in,32976,-447.2
168.712,5,in,32980,-537.2
168.7161,5,in,32984,-504.2
168.7203,5,in,32988,-533.6
168.7245,5,in,32992,-477.6
168.7292,5,in,32996,-604.6
168.7331,5,in,33000,-592.4
168.7374,5,in,33004,-554
168.7414,5,in,33008,-560
168.7463,5,in,33012,-508.4
168.7513,5,in,33016,-563.6
168.7559,5,in,33020,-479.8
168.7604,5,in,33024,-469.4
168.7649,5,in,33028,-429
168.77,5,in,33032,-526.8
168.7738,5,in,33036,-544
168.7777,5,in,33040,-449.4
168.7817,5,in,33044,-550.4
168.7861,5,in,33048,-466.2
168.7898,5,in,33052,-481.6
168.7936,5,in,33056,-393.4
168.7986,5,in,33060,-459.8
168.803,5,in,33064,-500.6
168.8072,5,in,33068,-701
168.8114,5,in,33072,-624.6
168.815,5,in,33076,-611.8
168.8188,5,in,33080,-578.8
168.8227,5,in,33084,-632
168.8264,5,in,33088,-591.4
168.8304,5,in,33092,-555.8
168.8349,5,in,33096,-629.4
168.8391,5,in,33100,-566.2
168.8431,5,in,33104,-625.2
168.847,5,in,33108,-598
168.8511,5,in,33112,-626
168.8556,5,in,33116,-652.4
168.86,5,in,33120,-568.6
168.864,5,in,33124,-589
168.8681,5,in,33128,-617.2
168.8729,5,in,33132,-657
168.8781,5,in,33136,-697
168.8826,5,in,33140,-566.4
168.8867,5,in,33144,-561
168.8912,5,in,33148,-453
168.8955,5,in,33152,-508.4
168.8996,5,in,33156,-737.4
168.9036,5,in,33160,-707.6
168.9088,5,in,33164,-711.2
168.9128,5,in,33168,-664.8
168.9163,5,in,33172,-638.6
168.92,5,in,33176,-621.6
168.9249,5,in,33180,-614.4
168.9286,5,in,33184,-621.8
168.9323,5,in,33188,-591.8
168.936,5,in,33192,-547
168.9396,5,in,33196,-599.6
168.9435,5,in,33200,-532.8
168.9472,5,in,33204,-566.2
168.9507,5,in,33208,-522.2
168.9548,5,in,33212,-560.8
168.9599,5,in,33216,-600
168.9636,5,in,33220,-677.2
168.9672,5,in,33224,-642.6
168.9717,5,in,33228,-544
168.976,5,in,33232,-636.8
168.9803,5,in,33236,-585
168.9846,5,in,33240,-623
168.9886,5,in,33244,-622.4
168.9931,5,in,33248,-670.2
168.9971,5,in,33252,-685
169.0014,5,in,33256,-732.4
169.0054,5,in,33260,-738.2
169.0094,5,in,33264,-708.8
169.0131,5,in,33268,-672.4
169.0171,5,in,33272,-743.4
169.0207,5,in,33276,-772.6
169.0248,5,in,33280,-712.6
169.0291,5,in,33284,-672.8
169.033,5,in,33288,-715.6
169.0368,5,in,33292,-724.2
169.0408,5,in,33296,-650.2
169.0448,5,in,33300,-663.4
169.049,5,in,33304,-657.8
169.0531,5,in,33308,-760.6
169.0574,5,in,33312,-701.4
169.0616,5,in,33316,-724.6
169.0658,5,in,33320,-680.4
169.07,5,in,33324,-732.4
169.0738,5,in,33328,-705.2
169.078,5,in,33332,-749.6
169.082,5,in,33336,-734
169.0858,5,in,33340,-797.2
169.0898,5,in,33344,-743.4
169.094,5,in,33348,-693.4
169.0979,5,in,33352,-722.4
169.1023,5,in,33356,-770
169.1064,5,in,33360,-783.2
169.1101,5,in,33364,-750.8
169.1143,5,in,33368,-809.8
169.118,5,in,33372,-801.2
169.1217,5,in,33376,-797.8
169.1258,5,in,33380,-777.4
169.1296,5,in,33384,-742.4
169.1334,5,in,33388,-819.2
169.1371,5,in,33392,-768.4
169.141,5,in,33396,-814.8
169.1448,5,in,33400,-762.6
169.1485,5,in,33404,-807.2
169.1522,5,in,33408,-781.8
169.1563,5,in,33412,-830.6
169.16,5,in,33416,-725.4
169.1636,5,in,33420,-672.6
169.1676,5,in,33424,-715.2
169.1717,5,in,33428,-725
169.1753,5,in,33432,-679
169.179,5,in,33436,-700.2
169.1826,5,in,33440,-780.6
169.1859,5,in,33444,-802.2
169.1898,5,in,33448,-781
169.193,5,in,33452,-776.6
169.1971,5,in,33456,-789
169.2011,5,in,33460,-792
169.2052,5,in,33464,-831.4
169.2093,5,in,33468,-817.8
169.2129,5,in,33472,-787.6
169.2169,5,in,33476,-792.6
169.2208,5,in,33480,-777.2
169.2249,5,in,33484,-737.4
169.2285,5,in,33488,-771
169.2325,5,in,33492,-823
169.2366,5,in,33496,-818.8
169.2408,5,in,33500,-818.8
169.2447,5,in,33504,-800.6
169.2485,5,in,33508,-820.2
169.2527,5,in,33512,-782
169.2567,5,in,33516,-811.2
169.2611,5,in,33520,-868
169.2649,5,in,33524,-768.2
169.2683,5,in,33528,-768
169.2725,5,in,33532,-782.8
169.2765,5,in,33536,-799.8
169.2801,5,in,33540,-771
169.2839,5,in,33544,-803.2
169.2881,5,in,33548,-792
169.2921,5,in,33552,-844
169.2962,5,in,33556,-856.8
169.3001,5,in,33560,-811.4
169.3043,5,in,33564,-829.6
169.3087,5,in,33568,-812.4
169.3129,5,in,33572,-784
169.3173,5,in,33576,-842.2
169.3216,5,in,33580,-752
169.3258,5,in,33584,-790.8
169.33,5,in,33588,-833.2
169.3342,5,in,33592,-810.6
169.3384,5,in,33596,-847
169.3426,5,in,33600,-822.4
169.3464,5,in,33604,-787.2
169.3507,5,in,33608,-841
169.355,5,in,33612,-829.2
169.3591,5,in,33616,-848
169.3633,5,in,33620,-812.8
169.3676,5,in,33624,-813
169.3715,5,in,33628,-838.6
169.3758,5,in,33632,-869.8
169.3804,5,in,33636,-789.8
169.385,5,in,33640,-820.8
169.3893,5,in,33644,-827.6
169.3938,5,in,33648,-863.8
169.3981,5,in,33652,-819.4
169.4021,5,in,33656,-864.4
169.4061,5,in,33660,-834.4
169.4102,5,in,33664,-810
169.4138,5,in,33668,-841
169.4179,5,in,33672,-850.4
169.4219,5,in,33676,-848
169.4257,5,in,33680,-891
169.4293,5,in,33684,-828
169.4333,5,in,33688,-822.2
169.4372,5,in,33692,-831.2
169.4413,5,in,33696,-869.2
169.4449,5,in,33700,-838.8
169.4493,5,in,33704,-863.4
169.4529,5,in,33708,-843
169.4576,5,in,33712,-843.8
169.4616,5,in,33716,-850.6
169.4655,5,in,33720,-899.6
169.4694,5,in,33724,-798.6
169.4733,5,in,33728,-876.6
169.4773,5,in,33732,-858
169.4812,5,in,33736,-897.4
169.4849,5,in,33740,-835.8
169.4887,5,in,33744,-888.6
169.4931,5,in,33748,-821.6
169.497,5,in,33752,-818
169.5006,5,in,33756,-836.4
169.5041,5,in,33760,-821.4
169.5077,5,in,33764,-821.4
169.5119,5,in,33768,-833.8
169.5159,5,in,33772,-782
169.5201,5,in,33776,-839
169.5239,5,in,33780,-854.6
169.5282,5,in,33784,-844.2
169.5327,5,in,33788,-812.6
169.5375,5,in,33792,-842.8
169.5425,5,in,33796,-825.2
169.5462,5,in,33800,-856.6
169.5505,5,in,33804,-882.4
169.5547,5,in,33808,-841.2
169.5592,5,in,33812,-799.6
169.5639,5,in,33816,-848.6
169.568,5,in,33820,-877.6
169.5727,5,in,33824,-887
169.5772,5,in,33828,-879.4
169.5818,5,in,33832,-835.8
169.5865,5,in,33836,-867.8
169.591,5,in,33840,-902.4
169.5956,5,in,33844,-871.4
169.5999,5,in,33848,-871.2
169.6032,5,in,33852,-853.2
169.607,5,in,33856,-869.8
169.6109,5,in,33860,-846
169.6146,5,in,33864,-842
169.6188,5,in,33868,-811.8
169.6229,5,in,33872,-860
169.6265,5,in,33876,-864.2
169.6303,5,in,33880,-848.6
169.6339,5,in,33884,-874.6
169.6377,5,in,33888,-869.8
169.6414,5,in,33892,-833.8
169.6452,5,in,33896,-846.4
169.649,5,in,33900,-853.6
169.6527,5,in,33904,-836
169.6568,5,in,33908,-848
169.6604,5,in,33912,-834.8
169.6642,5,in,33916,-842.8
169.6679,5,in,33920,-862
169.6722,5,in,33924,-872.4
169.676,5,in,33928,-856.8
169.6802,5,in,33932,-854
169.6845,5,in,33936,-833.4
169.6889,5,in,33940,-853.6
169.6927,5,in,33944,-851.4
169.697,5,in,33948,-899
169.7017,5,in,33952,-828.4
169.7063,5,in,33956,-908.4
169.7105,5,in,33960,-887.4
169.7148,5,in,33964,-914
169.7195,5,in,33968,-897.6
169.7249,5,in,33972,-900.8
169.7293,5,in,33976,-843.2
169.7338,5,in,33980,-827.2
169.7383,5,in,33984,-826.2
169.7428,5,in,33988,-853.4
169.7474,5,in,33992,-893.2
169.752,5,in,33996,-920.2
169.7565,5,in,34000,-875.4
169.761,5,in,34004,-888
169.7652,5,in,34008,-930.6
169.7697,5,in,34012,-917
169.7743,5,in,34016,-917
169.7792,5,in,34020,-887.6
169.7834,5,in,34024,-878
169.7887,5,in,34028,-950.8
169.7933,5,in,34032,-884.2
169.7985,5,in,34036,-864.2
169.8027,5,in,34040,-921.2
169.807,5,in,34044,-856.2
169.811,5,in,34048,-833.2
169.8158,5,in,34052,-896.6
169.821,5,in,34056,-890.4
169.8262,5,in,34060,-880
169.8315,5,in,34064,-889.6
169.8363,5,in,34068,-912.6
169.8409,5,in,34072,-923.2
169.8458,5,in,34076,-925.6
169.8507,5,in,34080,-833.6
169.8555,5,in,34084,-859.2
169.8602,5,in,34088,-927.8
169.8648,5,in,34092,-919.4
169.8692,5,in,34096,-895.6
169.8737,5,in,34100,-851
169.8781,5,in,34104,-889.6
169.882,5,in,34108,-911.8
169.8864,5,in,34112,-925.6
169.8911,5,in,34116,-914.4
169.895,5,in,34120,-923.8
169.899,5,in,34124,-890.6
169.9034,5,in,34128,-915.8
169.9078,5,in,34132,-919.6
169.9122,5,in,34136,-878.6
169.9171,5,in,34140,-949.8
169.9219,5,in,34144,-913.6
169.9265,5,in,34148,-893.8
169.9317,5,in,34152,-925.4
169.9364,5,in,34156,-946.2
169.941,5,in,34160,-950.8
169.946,5,in,34164,-914.2
169.9512,5,in,34168,-894.8
169.9558,5,in,34172,-919.2
169.9608,5,in,34176,-895.6
169.9661,5,in,34180,-923.8
169.9705,5,in,34184,-908.6
169.9753,5,in,34188,-885.2
169.9803,5,in,34192,-961.8
169.985,5,in,34196,-953.4
169.9899,5,in,34200,-957.8
169.9949,5,in,34204,-887.4
169.9996,5,in,34208,-920.4
170.004,5,in,34212,-914.4
170.0087,5,in,34216,-914.6
170.0139,5,in,34220,-893.6
170.0188,5,in,34224,-873.8
170.0231,5,in,34228,-934.8
170.0276,5,in,34232,-917
170.0327,5,in,34236,-930.4
170.0374,5,in,34240,-1005.6
170.0422,5,out,34236,-981.4
170.0469,5,out,34232,-961
170.0521,5,out,34228,-987.4
170.0563,5,out,34224,-987
170.0608,5,out,34220,-972.4
170.0653,5,out,34216,-931.6
170.0699,5,out,34212,-965.4
170.0747,5,out,34208,-938
170.0796,5,out,34204,-926.6
170.0847,5,out,34200,-894.4
170.0897,5,out,34196,-931
170.094,5,out,34192,-892
170.0982,5,out,34188,-876.2
170.1032,5,out,34184,-940.4
170.1082,5,out,34180,-925.4
170.1129,5,out,34176,-917.8
170.1179,5,out,34172,-942.2
170.1227,5,out,34168,-809
170.128,5,out,34164,-788.4
170.1324,5,out,34160,-825.2
170.1368,5,out,34156,-863.6
170.1413,5,out,34152,-823.8
170.1457,5,out,34148,-843.6
170.1502,5,out,34144,-804
170.1549,5,out,34140,-809.4
170.1594,5,out,34136,-859.4
170.1642,5,out,34132,-811.4
170.169,5,out,34128,-854.6
170.1743,5,out,34124,-845.2
170.1792,5,out,34120,-824
170.1835,5,out,34116,-829.2
170.1883,5,out,34112,-923.4
170.1936,5,out,34108,-950.6
170.1979,5,out,34104,-939.4
170.2022,5,out,34100,-935.6
170.2066,5,out,34096,-916.2
170.2126,5,out,34092,-922.4
170.2168,5,out,34088,-902
170.2213,5,out,34084,-964.2
170.2258,5,out,34080,-932
170.2309,5,out,34076,-900
170.2355,5,out,34072,-925.8
170.2393,5,out,34068,-945.4
170.2436,5,out,34064,-923.6
170.248,5,out,34060,-895.4
170.2521,5,out,34056,-914.2
170.2567,5,out,34052,-939.4
170.2608,5,out,34048,-878.4
170.2656,5,out,34044,-917.2
170.2696,5,out,34040,-916.6
170.2737,5,out,34036,-922.6
170.2777,5,out,34032,-911.8
170.2831,5,out,34028,-900.8
170.2871,5,out,34024,-975
170.2915,5,out,34020,-957.2
170.2964,5,out,34016,-939.4
170.3009,5,out,34012,-999.8
170.305,5,out,34008,-927
170.3092,5,out,34004,-903.2
170.3136,5,out,34000,-905.8
170.3192,5,out,33996,-911.6
170.3236,5,out,33992,-793.8
170.3283,5,out,33988,-822.6
170.3322,5,out,33984,-758.8
170.337,5,out,33980,-942.8
170.3409,5,out,33976,-931.4
170.3458,5,out,33972,-799.8
170.3502,5,out,33968,-820.6
170.3552,5,out,33964,-838.6
170.3598,5,out,33960,-818.2
170.3639,5,out,33956,-976.4
170.368,5,out,33952,-885.6
170.3738,5,out,33948,-831.8
170.3781,5,out,33944,-778.2
170.3821,5,out,33940,-751
170.3864,5,out,33936,-800
170.3925,5,out,33932,-839.2
170.3971,5,out,33928,-767.8
170.4017,5,out,33924,-872.8
170.4063,5,out,33920,-866.6
170.4106,5,out,33916,-840.2
170.4153,5,out,33912,-928.2
170.4204,5,out,33908,-904.6
170.4252,5,out,33904,-932.6
170.43,5,out,33900,-906.6
170.4353,5,out,33896,-947.6
170.4403,5,out,33892,-960.2
170.4451,5,out,33888,-909.2
170.4498,5,out,33884,-923.8
170.4551,5,out,33880,-920.4
170.4609,5,out,33876,-879
170.4655,5,out,33872,-893.6
170.47,5,out,33868,-971
170.475,5,out,33864,-977.6
170.4813,5,out,33860,-950.2
170.4866,5,out,33856,-913
170.491,5,out,33852,-992.2
170.4957,5,out,33848,-914.8
170.5003,5,out,33844,-960.2
170.5047,5,out,33840,-853
170.5094,5,out,33836,-810.4
170.5134,5,out,33832,-799.2
170.518,5,out,33828,-845
170.5229,5,out,33824,-813.2
170.528,5,out,33820,-860
170.5336,5,out,33816,-807.2
170.5384,5,out,33812,-852.8
170.5431,5,out,33808,-821.8
170.5482,5,out,33804,-837.4
170.5532,5,out,33800,-872.8
170.5579,5,out,33796,-837.2
170.5633,5,out,33792,-836.6
170.5678,5,out,33788,-855.8
170.5724,5,out,33784,-795
170.5772,5,out,33780,-838.8
170.5819,5,out,33776,-799.8
170.5877,5,out,33772,-859.4
170.5928,5,out,33768,-822.8
170.5975,5,out,33764,-843.8
170.6032,5,out,33760,-858.2
170.6078,5,out,33756,-816
170.613,5,out,33752,-792
170.6179,5,out,33748,-820.2
170.6238,5,out,33744,-957.8
170.6287,5,out,33740,-960
170.6328,5,out,33736,-972.4
170.6374,5,out,33732,-979.2
170.6424,5,out,33728,-864.4
170.6473,5,out,33724,-824.6
170.6525,5,out,33720,-852.8
170.6583,5,out,33716,-858.2
170.6632,5,out,33712,-831.4
170.6683,5,out,33708,-1004.2
170.6731,5,out,33704,-985.6
170.6782,5,out,33700,-936
170.683,5,out,33696,-945
170.6883,5,out,33692,-939.2
170.6936,5,out,33688,-948.8
170.6981,5,out,33684,-942
170.7025,5,out,33680,-935
170.7069,5,out,33676,-960.4
170.7112,5,out,33672,-950.6
170.715,5,out,33668,-923
170.7188,5,out,33664,-959
170.7226,5,out,33660,-973.6
170.7266,5,out,33656,-967.6
170.7316,5,out,33652,-931
170.7356,5,out,33648,-961.4
170.7398,5,out,33644,-965
170.7438,5,out,33640,-872.2
170.7488,5,out2,33590,-950
170.7536,5,out2,33540,-1010
170.758,5,out2,33490,-1054.2
170.7624,5,out2,33440,-959.2
170.7663,5,out2,33390,-916.4
170.7698,5,out2,33340,-959.6
170.7737,5,out2,33290,-969.4
170.7775,5,out2,33240,-896.4
170.7813,5,out2,33190,-981.6
170.7852,5,out2,33140,-965.4
170.7897,5,out2,33090,-955
170.7934,5,out2,33040,-970.2
170.7977,5,out2,32990,-935.4
170.8026,5,out2,32940,-950.8
170.8072,5,out2,32890,-943.8
170.8113,5,out2,32840,-953.4
170.8149,5,out2,32790,-930.2
170.8195,5,out2,32740,-957.4
170.8232,5,out2,32690,-977.8
170.8268,5,out2,32640,-940.4
170.8308,5,out2,32590,-935
170.8346,5,out2,32540,-972.8
170.8393,5,out2,32490,-938
170.8434,5,out2,32440,-911.4
170.848,5,out2,32390,-971.4
170.8525,5,out2,32340,-887.8
170.8579,5,out2,32290,-982
170.8621,5,out2,32240,-947.6
170.8663,5,out2,32190,-792
170.8708,5,out2,32140,-847.2
170.8757,5,out2,32090,-844.8
170.8797,5,out2,32040,-883.8
170.8837,5,out2,31990,-833
170.8879,5,out2,31940,-968.2
170.8927,5,out2,31890,-1001
170.8971,5,out2,31840,-984
170.9011,5,out2,31790,-1037.2
170.9059,5,out2,31740,-923.2
170.9114,5,out2,31690,-961.6
170.9159,5,out2,31640,-942
170.9199,5,out2,31590,-998.4
170.924,5,out2,31540,-956.6
170.9286,5,out2,31490,-986
170.934,5,out2,31440,-963.8
170.9385,5,out2,31390,-963
170.9428,5,out2,31340,-908.6
170.9483,5,out2,31290,-891
170.9524,5,out2,31240,-982
170.9572,5,out2,31190,-883.4
170.9615,5,out2,31140,-888.6
170.9658,5,out2,31090,-882.8
170.9702,5,out2,31040,-846.4
170.9745,5,out2,30990,-876.8
170.9784,5,out2,30940,-868.2
170.9825,5,out2,30890,-870.2
170.9868,5,out2,30840,-855.6
170.9911,5,out2,30790,-861.8
170.9956,5,out2,30740,-763
171.0013,5,out2,30690,-717.6
171.0054,5,out2,30640,-775.4
171.0099,5,out2,30590,-627.6
171.0144,5,out2,30540,-595
171.0196,5,out2,30490,-558.6
171.0237,5,out2,30440,-500.8
171.0276,5,out2,30390,-334.8
171.0318,5,out2,30340,-63.6
171.0367,6,in,30340,-73
171.041,6,in,30344,-55.6
171.045,6,in,30348,-87.6
171.0496,6,in,30352,-88.4
171.0541,6,in,30356,-59.8
171.0586,6,in,30360,-57.2
171.0628,6,in,30364,-70.4
171.0671,6,in,30368,-27.8
171.0717,6,in,30372,-48.2
171.0763,6,in,30376,-25.2
171.0804,6,in,30380,-65.8
171.0843,6,in,30384,-13
171.0882,6,in,30388,-77.2
171.0941,6,in,30392,-23.2
171.0987,6,in,30396,-43.8
171.1027,6,in,30400,-47.2
171.1066,6,in,30404,-84
171.1122,6,in,30408,-56.8
171.1171,6,in,30412,-100.2
171.1212,6,in,30416,-74
171.1254,6,in,30420,-61.6
171.1307,6,in,30424,-66.4
171.1347,6,in,30428,-70
171.1389,6,in,30432,-50.4
171.144,6,in,30436,-45.2
171.1484,6,in,30440,-87.4
171.1526,6,in,30444,-43
171.1567,6,in,30448,-53.4
171.161,6,in,30452,-14.8
171.1667,6,in,30456,-64.6
171.171,6,in,30460,-87.8
171.1757,6,in,30464,-22.4
171.1798,6,in,30468,-35.8
171.1842,6,in,30472,-98
171.1882,6,in,30476,-74.4
171.1923,6,in,30480,-46.6
171.1968,6,in,30484,-43
171.2022,6,in,30488,-46.2
171.2071,6,in,30492,-62.4
171.2117,6,in,30496,-51.8
171.2159,6,in,30500,-29.2
171.2212,6,in,30504,-59.6
171.2251,6,in,30508,-97.2
171.2293,6,in,30512,0.8
171.2341,6,in,30516,-95.8
171.2387,6,in,30520,-66.4
171.2428,6,in,30524,-8.4
171.2471,6,in,30528,-19
171.2516,6,in,30532,-54
171.2562,6,in,30536,-78.8
171.2602,6,in,30540,-39.4
171.2644,6,in,30544,-32.8
171.2689,6,in,30548,-51.2
171.2742,6,in,30552,-73.6
171.2786,6,in,30556,11
171.283,6,in,30560,26.4
171.2875,6,in,30564,-62
171.2922,6,in,30568,14
171.2965,6,in,30572,-56.2
171.3015,6,in,30576,-20.6
171.3056,6,in,30580,-50
171.3103,6,in,30584,-58.4
171.3149,6,in,30588,-36
171.3194,6,in,30592,-76.4
171.324,6,in,30596,-62
171.3281,6,in,30600,-55.2
171.3331,6,in,30604,-41.6
171.3373,6,in,30608,-43.6
171.3414,6,in,30612,-58.6
171.3454,6,in,30616,-53.6
171.3499,6,in,30620,-14.8
171.3544,6,in,30624,-63.6
171.3585,6,in,30628,-73.6
171.3638,6,in,30632,-23.6
171.3676,6,in,30636,-21.2
171.3717,6,in,30640,-66.4
171.3756,6,in,30644,4.4
171.3807,6,in,30648,-18
171.385,6,in,30652,-45.4
171.3891,6,in,30656,-25.4
171.3935,6,in,30660,-21
171.3988,6,in,30664,-29.2
171.4027,6,in,30668,-38.4
171.407,6,in,30672,-72
171.4112,6,in,30676,-75.8
171.4155,6,in,30680,-1.8
171.4195,6,in,30684,-54.6
171.4239,6,in,30688,-75.8
171.4284,6,in,30692,10.2
171.4325,6,in,30696,-13.6
171.4364,6,in,30700,-21.8
171.4401,6,in,30704,-57
171.4439,6,in,30708,-35.6
171.4477,6,in,30712,-45.8
171.4527,6,in,30716,-58.4
171.4571,6,in,30720,-51.2
171.4612,6,in,30724,-43.4
171.4657,6,in,30728,-57.2
171.4717,6,in,30732,-39.2
171.476,6,in,30736,13
171.48,6,in,30740,-41.6
171.4842,6,in,30744,-49.8
171.4898,6,in,30748,-40.8
171.4944,6,in,30752,-21.6
171.4996,6,in,30756,-74.2
171.5036,6,in,30760,-71
171.5086,6,in,30764,-9.4
171.5126,6,in,30768,-50.2
171.5166,6,in,30772,-81.4
171.5214,6,in,30776,-21.6
171.5268,6,in,30780,-24.8
171.5308,6,in,30784,-32.2
171.5354,6,in,30788,-38.4
171.5394,6,in,30792,-74.2
171.5445,6,in,30796,-26
171.5483,6,in,30800,-37
171.5532,6,in,30804,-46.2
171.5573,6,in,30808,-83.6
171.5624,6,in,30812,4.4
171.5666,6,in,30816,-53.4
171.5711,6,in,30820,-71.6
171.5757,6,in,30824,-25.2
171.5806,6,in,30828,-4.4
171.5849,6,in,30832,-46.4
171.5891,6,in,30836,-47.8
171.5932,6,in,30840,-22.2
171.5987,6,in,30844,-17
171.6028,6,in,30848,-17.2
171.6069,6,in,30852,-36.4
171.6109,6,in,30856,-41.8
171.6169,6,in,30860,-13.2
171.6214,6,in,30864,-81
171.6258,6,in,30868,-91.2
171.63,6,in,30872,-44.8
171.6354,6,in,30876,-3.4
171.6398,6,in,30880,-74.6
171.6439,6,in,30884,-34.8
171.649,6,in,30888,-29.6
171.6539,6,in,30892,-8.4
171.6583,6,in,30896,-76.8
171.6628,6,in,30900,-30.2
171.6674,6,in,30904,16
171.6711,6,in,30908,-51.8
171.6752,6,in,30912,-60.6
171.6797,6,in,30916,-57.6
171.6837,6,in,30920,-50.2
171.689,6,in,30924,-44.4
171.6942,6,in,30928,-33
171.699,6,in,30932,-38
171.7031,6,in,30936,-15.2
171.707,6,in,30940,-60
171.7115,6,in,30944,-5.4
171.7161,6,in,30948,-47.6
171.7202,6,in,30952,-1.6
171.7255,6,in,30956,-47.8
171.7295,6,in,30960,-67
171.7343,6,in,30964,-39.6
171.7391,6,in,30968,-45.6
171.7437,6,in,30972,-21.4
171.7479,6,in,30976,-2.6
171.7524,6,in,30980,-83
171.7573,6,in,30984,-54.2
171.7623,6,in,30988,-37.6
171.7671,6,in,30992,-13.2
171.7714,6,in,30996,-58.6
171.7756,6,in,31000,-25.4
171.7799,6,in,31004,-51.6
171.7846,6,in,31008,-94.8
171.7891,6,in,31012,-15.4
171.7941,6,in,31016,-62.6
171.799,6,in,31020,-45.4
171.8035,6,in,31024,-56.8
171.8083,6,in,31028,-50.2
171.8127,6,in,31032,-21.8
171.8171,6,in,31036,-40.4
171.8213,6,in,31040,-78.8
171.8255,6,in,31044,-27.2
171.8293,6,in,31048,-30.2
171.8331,6,in,31052,-28.4
171.8366,6,in,31056,-37.8
171.8403,6,in,31060,-71.2
171.8441,6,in,31064,-40.2
171.8488,6,in,31068,-27.8
171.8531,6,in,31072,-59.2
171.8574,6,in,31076,-78.8
171.8619,6,in,31080,14
171.8674,6,in,31084,-28.8
171.8715,6,in,31088,-84.8
171.876,6,in,31092,-38
171.8806,6,in,31096,-52.4
171.8858,6,in,31100,-45
171.8899,6,in,31104,11.2
171.8945,6,in,31108,-71.6
171.8986,6,in,31112,-30.8
171.9038,6,in,31116,-26.6
171.9077,6,in,31120,-52.8
171.9121,6,in,31124,-31
171.9165,6,in,31128,-34.4
171.9216,6,in,31132,-20.8
171.9257,6,in,31136,-65
171.9301,6,in,31140,-11.8
171.9348,6,in,31144,-11.2
171.9404,6,in,31148,-41.6
171.9448,6,in,31152,-67
171.9491,6,in,31156,19.6
171.9536,6,in,31160,-70.8
171.9582,6,in,31164,-92.4
171.9625,6,in,31168,-28
171.9666,6,in,31172,-48.8
171.9709,6,in,31176,-18.6
171.9766,6,in,31180,-38.8
171.9805,6,in,31184,12.4
171.9847,6,in,31188,0.8
171.9891,6,in,31192,-51.8
171.9945,6,in,31196,-17.2
171.9992,6,in,31200,-2.4
172.0042,6,in,31204,3.8
172.0089,6,in,31208,-92
172.0135,6,in,31212,-14.2
172.0178,6,in,31216,-4.6
172.0221,6,in,31220,-71
172.0269,6,in,31224,-62.2
172.0321,6,in,31228,-25.6
172.0367,6,in,31232,-80.8
172.0418,6,in,31236,-35.8
172.0473,6,in,31240,-19.4
172.0526,6,in,31244,-70.2
172.058,6,in,31248,-49.6
172.0628,6,in,31252,-46.6
172.0677,6,in,31256,-56
172.0727,6,in,31260,-51.2
172.0779,6,in,31264,-31.8
172.0828,6,in,31268,-0.2
172.0878,6,in,31272,-44.4
172.0928,6,in,31276,-49.8
172.0982,6,in,31280,-53.2
172.1029,6,in,31284,-53
172.1074,6,in,31288,-60.4
172.1121,6,in,31292,9.2
172.1165,6,in,31296,-63
172.1214,6,in,31300,-72
172.1262,6,in,31304,-17
172.1316,6,in,31308,-29
172.1368,6,in,31312,-54.2
172.1419,6,in,31316,-56.6
172.1467,6,in,31320,-9.4
172.1517,6,in,31324,-65.2
172.1568,6,in,31328,-42.8
172.1614,6,in,31332,-52.2
172.166,6,in,31336,-44.6
172.1712,6,in,31340,-49.8
172.1762,6,in,31344,-41.4
172.1815,6,in,31348,-31.6
172.1866,6,in,31352,-32.8
172.1915,6,in,31356,-78.2
172.1958,6,in,31360,-37
172.2008,6,in,31364,-8.4
172.2058,6,in,31368,-58.8
172.2109,6,in,31372,-48
172.2156,6,in,31376,-26.8
172.2203,6,in,31380,-62.8
172.2246,6,in,31384,-82.6
172.2293,6,in,31388,-15.4
172.2334,6,in,31392,-67
172.2372,6,in,31396,-76.4
172.2411,6,in,31400,-66
172.2455,6,in,31404,-18.8
172.2495,6,in,31408,-42.8
172.2533,6,in,31412,-66
172.257,6,in,31416,-54.8
172.2615,6,in,31420,-62.4
172.2662,6,in,31424,-19.2
172.2707,6,in,31428,-46.4
172.275,6,in,31432,-45.6
172.2797,6,in,31436,3.6
172.2842,6,in,31440,-76
172.2883,6,in,31444,-83.2
172.2925,6,in,31448,-45.6
172.2965,6,in,31452,-35.6
172.3009,6,in,31456,-45.6
172.3054,6,in,31460,-28
172.3094,6,in,31464,-62.4
172.3137,6,in,31468,-53
172.3184,6,in,31472,-76
172.3228,6,in,31476,-23.2
172.3274,6,in,31480,-70.6
172.332,6,in,31484,-14.6
172.3362,6,in,31488,-69.8
172.3404,6,in,31492,-59
172.345,6,in,31496,-86.8
172.3491,6,in,31500,-77.2
172.3538,6,in,31504,-95.6
172.3578,6,in,31508,-72
172.3621,6,in,31512,-32.6
172.3665,6,in,31516,-84.4
172.3721,6,in,31520,-53
172.376,6,in,31524,-31.4
172.3799,6,in,31528,-28.4
172.3844,6,in,31532,-69.2
172.3893,6,in,31536,-93
172.3934,6,in,31540,-43
172.3973,6,in,31544,-67
172.4014,6,in,31548,-114.8
172.4069,6,in,31552,-90.2
172.4112,6,in,31556,-112.2
172.4152,6,in,31560,-50.8
172.4195,6,in,31564,-73.6
172.4242,6,in,31568,-110.2
172.4291,6,in,31572,-120.4
172.4337,6,in,31576,-119.2
172.4381,6,in,31580,-120.4
172.4429,6,in,31584,-76
172.4471,6,in,31588,-29.2
172.4512,6,in,31592,-82.4
172.4554,6,in,31596,-54.4
172.4607,6,in,31600,-54.6
172.4648,6,in,31604,-94.2
172.469,6,in,31608,-88.8
172.473,6,in,31612,-141
172.4779,6,in,31616,-70.6
172.4823,6,in,31620,-39.8
172.4864,6,in,31624,-49.4
172.491,6,in,31628,-87.4
172.4957,6,in,31632,-92.2
172.5005,6,in,31636,-61.8
172.505,6,in,31640,-69.8
172.5096,6,in,31644,-62.2
172.5138,6,in,31648,0.8
172.5182,6,in,31652,-34.6
172.5223,6,in,31656,-23
172.5261,6,in,31660,-61.6
172.5302,6,in,31664,-43
172.5357,6,in,31668,-40
172.5401,6,in,31672,-78.8
172.5442,6,in,31676,-14.8
172.5487,6,in,31680,-34.6
172.553,6,in,31684,-49.6
172.5569,6,in,31688,-109
172.5614,6,in,31692,-74.8
172.5659,6,in,31696,-97.2
172.5704,6,in,31700,-41.4
172.5742,6,in,31704,-86.8
172.5788,6,in,31708,-12.2
172.583,6,in,31712,-3.4
172.588,6,in,31716,-45.4
172.5922,6,in,31720,-32
172.5963,6,in,31724,-63.4
172.6004,6,in,31728,-40.4
172.6057,6,in,31732,-36.8
172.61,6,in,31736,-15.8
172.614,6,in,31740,-18.6
172.618,6,in,31744,-7.8
172.6232,6,in,31748,-53.6
172.6275,6,in,31752,-26
172.6318,6,in,31756,-93.8
172.6367,6,in,31760,-72.8
172.6416,6,in,31764,-76.4
172.6455,6,in,31768,-58
172.6497,6,in,31772,-47.2
172.6537,6,in,31776,-76.4
172.6577,6,in,31780,-111
172.6616,6,in,31784,-76.4
172.666,6,in,31788,-73
172.6703,6,in,31792,-57.8
172.6745,6,in,31796,-64.4
172.6789,6,in,31800,-28.2
172.6834,6,in,31804,-89.2
172.6883,6,in,31808,-14.4
172.6929,6,in,31812,-33.6
172.6972,6,in,31816,-34.8
172.7011,6,in,31820,-69.4
172.7055,6,in,31824,-77.6
172.7094,6,in,31828,-73.4
172.7135,6,in,31832,-65.4
172.7179,6,in,31836,-23.8
172.7225,6,in,31840,-96.8
172.7263,6,in,31844,-67.4
172.7302,6,in,31848,-10
172.7341,6,in,31852,-67.4
172.739,6,in,31856,-86.8
172.7431,6,in,31860,-117.8
172.7489,6,in,31864,-79.2
172.7536,6,in,31868,-98.2
172.7577,6,in,31872,-125
172.7622,6,in,31876,-76.2
172.7662,6,in,31880,-52.2
172.7697,6,in,31884,-56.2
172.7734,6,in,31888,-72
172.7771,6,in,31892,-84
172.7809,6,in,31896,-52.8
172.7848,6,in,31900,-22.4
172.7886,6,in,31904,-102
172.7924,6,in,31908,-90.6
172.7962,6,in,31912,-40.6
172.8002,6,in,31916,9.8
172.8045,6,in,31920,-69.2
172.8087,6,in,31924,-51.8
172.8127,6,in,31928,-51
172.8167,6,in,31932,-52.4
172.8207,6,in,31936,-50
172.8244,6,in,31940,-35.4
172.8282,6,in,31944,-69.4
172.8319,6,in,31948,-65.4
172.8362,6,in,31952,-66.4
172.8407,6,in,31956,-124.2
172.8444,6,in,31960,-77.2
172.8484,6,in,31964,-119
172.8525,6,in,31968,-56.4
172.8572,6,in,31972,-82.6
172.8616,6,in,31976,-66
172.8658,6,in,31980,-48
172.8705,6,in,31984,-68.8
172.8751,6,in,31988,-95.8
172.8796,6,in,31992,-97.8
172.8836,6,in,31996,-33
172.8877,6,in,32000,-49.6
172.8927,6,in,32004,-68.8
172.8966,6,in,32008,-78.8
172.9009,6,in,32012,-34.6
172.9051,6,in,32016,-108.4
172.9102,6,in,32020,-56.6
172.9141,6,in,32024,-80
172.919,6,in,32028,-56.4
172.923,6,in,32032,-58.8
172.9278,6,in,32036,-78.4
172.9319,6,in,32040,3.6
172.936,6,in,32044,-23.8
172.9406,6,in,32048,-60
172.9464,6,in,32052,-45.2
172.9508,6,in,32056,-72
172.9548,6,in,32060,-117.2
172.9588,6,in,32064,-113.4
172.9636,6,in,32068,-92.8
172.9678,6,in,32072,-53.2
172.9716,6,in,32076,-62.4
172.9755,6,in,32080,-61.8
172.9796,6,in,32084,-42.8
172.9837,6,in,32088,-44.4
172.9877,6,in,32092,-119
172.9918,6,in,32096,-92.4
172.9959,6,in,32100,-48.4
173.0011,6,in,32104,-47.8
173.0049,6,in,32108,-70.2
173.0088,6,in,32112,-55.6
173.0133,6,in,32116,-38.6
173.0182,6,in,32120,-25.2
173.0224,6,in,32124,-28
173.0268,6,in,32128,-81.8
173.0313,6,in,32132,-90.2
173.0369,6,in,32136,-56.4
173.0409,6,in,32140,-29
173.0453,6,in,32144,-37
173.0492,6,in,32148,-35.8
173.0541,6,in,32152,-95.4
173.0586,6,in,32156,-71.4
173.0626,6,in,32160,-91.8
173.067,6,in,32164,-102.8
173.0722,6,in,32168,-104.6
173.0763,6,in,32172,-49.2
173.0805,6,in,32176,-64
173.0844,6,in,32180,-73.2
173.0898,6,in,32184,-72.4
173.0949,6,in,32188,-35.4
173.0994,6,in,32192,-63.2
173.1036,6,in,32196,-74.2
173.1083,6,in,32200,-58.6
173.1124,6,in,32204,-58.2
173.1164,6,in,32208,-129.2
173.1204,6,in,32212,-50.4
173.1251,6,in,32216,-110.6
173.1294,6,in,32220,-95
173.1336,6,in,32224,-30.8
173.138,6,in,32228,-93.8
173.1436,6,in,32232,-101.4
173.1481,6,in,32236,-32.4
173.1524,6,in,32240,-58.6
173.1567,6,in,32244,-57.6
173.1617,6,in,32248,-78.2
173.1656,6,in,32252,-28.4
173.1701,6,in,32256,-68.4
173.1744,6,in,32260,-115.2
173.1796,6,in,32264,-73
173.1835,6,in,32268,-57.8
173.1876,6,in,32272,-51.4
173.1921,6,in,32276,-129.8
173.1975,6,in,32280,-81
173.202,6,in,32284,-64.6
173.2058,6,in,32288,-68.8
173.2097,6,in,32292,-98.4
173.2143,6,in,32296,-85.6
173.219,6,in,32300,-101.4
173.2232,6,in,32304,-113.4
173.2273,6,in,32308,-137.4
173.232,6,in,32312,-55.4
173.2363,6,in,32316,-68.2
173.2408,6,in,32320,-93.2
173.2459,6,in,32324,-121
173.2515,6,in,32328,-68.4
173.2556,6,in,32332,-91.4
173.2601,6,in,32336,-47.4
173.2646,6,in,32340,-104.8
173.27,6,in,32344,-102.4
173.274,6,in,32348,-136.4
173.2787,6,in,32352,-125.2
173.2828,6,in,32356,-98.2
173.2873,6,in,32360,-127.6
173.2921,6,in,32364,-94
173.2964,6,in,32368,-95.4
173.3005,6,in,32372,-79.4
173.3055,6,in,32376,-86.8
173.3101,6,in,32380,-132.4
173.3141,6,in,32384,-88.6
173.3183,6,in,32388,-73
173.3222,6,in,32392,-135.4
173.3261,6,in,32396,-106.2
173.3301,6,in,32400,-92.2
173.3346,6,in,32404,-111.2
173.3392,6,in,32408,-56.4
173.3444,6,in,32412,-95
173.3489,6,in,32416,-38.4
173.353,6,in,32420,-99.8
173.3573,6,in,32424,-77.4
173.362,6,in,32428,-86.8
173.3663,6,in,32432,-33.2
173.3708,6,in,32436,-87
173.3754,6,in,32440,-123.4
173.3805,6,in,32444,-97.6
173.385,6,in,32448,-49.2
173.3896,6,in,32452,-74.8
173.3937,6,in,32456,-117
173.3979,6,in,32460,-126.8
173.4019,6,in,32464,-55.8
173.4064,6,in,32468,-148.8
173.4104,6,in,32472,-61.4
173.4156,6,in,32476,-86.2
173.4196,6,in,32480,-117.6
173.4236,6,in,32484,-161.8
173.4277,6,in,32488,-126.4
173.4325,6,in,32492,-136.6
173.4371,6,in,32496,-68.6
173.4416,6,in,32500,-144
173.4456,6,in,32504,-103.4
173.4509,6,in,32508,-97.6
173.4555,6,in,32512,-94.6
173.4599,6,in,32516,-89.2
173.4645,6,in,32520,-109.2
173.47,6,in,32524,-88
173.4748,6,in,32528,-99.6
173.479,6,in,32532,-91.2
173.4833,6,in,32536,-79
173.4877,6,in,32540,-97.6
173.4917,6,in,32544,-109.2
173.4959,6,in,32548,-108.6
173.5,6,in,32552,-72.8
173.5041,6,in,32556,-84.6
173.5088,6,in,32560,-133.2
173.5126,6,in,32564,-160.2
173.5176,6,in,32568,-198.6
173.5217,6,in,32572,-128.8
173.5264,6,in,32576,-90.2
173.5305,6,in,32580,-127.2
173.5352,6,in,32584,-147.2
173.5398,6,in,32588,-177.4
173.5442,6,in,32592,-202.2
173.5483,6,in,32596,-218.6
173.5529,6,in,32600,-189.2
173.5571,6,in,32604,-197
173.562,6,in,32608,-224
173.5659,6,in,32612,-169.2
173.5699,6,in,32616,-158.6
173.5739,6,in,32620,-217
173.5784,6,in,32624,-222.6
173.5823,6,in,32628,-197.8
173.5863,6,in,32632,-212.8
173.5906,6,in,32636,-156
173.5956,6,in,32640,-157
173.5997,6,in,32644,-175.4
173.6037,6,in,32648,-160.2
173.6081,6,in,32652,-134.4
173.613,6,in,32656,-190.2
173.6171,6,in,32660,-123.8
173.6212,6,in,32664,-177
173.6259,6,in,32668,-166.4
173.6306,6,in,32672,-94.2
173.6352,6,in,32676,-160.8
173.6398,6,in,32680,-141.4
173.6442,6,in,32684,-71.8
173.6491,6,in,32688,-125.6
173.6533,6,in,32692,-135.8
173.6575,6,in,32696,-94.6
173.6616,6,in,32700,-94
173.6666,6,in,32704,-110
173.6707,6,in,32708,-64.6
173.6748,6,in,32712,-133.2
173.6789,6,in,32716,-80.8
173.6841,6,in,32720,-75.2
173.6886,6,in,32724,-117
173.6929,6,in,32728,-170.6
173.6969,6,in,32732,-138.6
173.7011,6,in,32736,-292.2
173.7049,6,in,32740,-316
173.7091,6,in,32744,-378.2
173.7128,6,in,32748,-306.6
173.7169,6,in,32752,-317.8
173.721,6,in,32756,-337.8
173.7253,6,in,32760,-292
173.7291,6,in,32764,-330.6
173.7334,6,in,32768,-337
173.7377,6,in,32772,-309.2
173.7415,6,in,32776,-311.6
173.7469,6,in,32780,-265.6
173.7513,6,in,32784,-137.4
173.7555,6,in,32788,-250
173.7599,6,in,32792,-247.8
173.764,6,in,32796,-201
173.7678,6,in,32800,-197.8
173.7721,6,in,32804,-315.8
173.7759,6,in,32808,-268.8
173.7796,6,in,32812,-235.6
173.7836,6,in,32816,-228.2
173.7879,6,in,32820,-212.6
173.7919,6,in,32824,-261.8
173.7958,6,in,32828,-267.8
173.7996,6,in,32832,-197.6
173.8039,6,in,32836,-263.8
173.8099,6,in,32840,-338.4
173.8143,6,in,32844,-354.4
173.8185,6,in,32848,-166.2
173.8224,6,in,32852,-236.8
173.8266,6,in,32856,-215.2
173.8304,6,in,32860,-202.4
173.834,6,in,32864,-182
173.8378,6,in,32868,-363.2
173.8418,6,in,32872,-226.2
173.8458,6,in,32876,-193.2
173.8499,6,in,32880,-231
173.8545,6,in,32884,-203
173.8584,6,in,32888,-183
173.8632,6,in,32892,-163.4
173.8671,6,in,32896,-161.2
173.8711,6,in,32900,-445
173.8751,6,in,32904,-425.4
173.8799,6,in,32908,-326
173.8845,6,in,32912,-425.4
173.889,6,in,32916,-452
173.8933,6,in,32920,-459.2
173.898,6,in,32924,-393.2
173.9027,6,in,32928,-352.8
173.9069,6,in,32932,-390
173.911,6,in,32936,-366.2
173.9158,6,in,32940,-360.6
173.9207,6,in,32944,-368
173.9253,6,in,32948,-420.6
173.9296,6,in,32952,-330.8
173.935,6,in,32956,-308.4
173.9391,6,in,32960,-426.8
173.9433,6,in,32964,-391.6
173.9472,6,in,32968,-447.4
173.9516,6,in,32972,-421.4
173.956,6,in,32976,-473.6
173.9604,6,in,32980,-439
173.9644,6,in,32984,-454.8
173.969,6,in,32988,-557.6
173.9735,6,in,32992,-635.2
173.9777,6,in,32996,-525
173.9817,6,in,33000,-483
173.9858,6,in,33004,-421.2
173.9909,6,in,33008,-468.6
173.9948,6,in,33012,-557.2
173.9991,6,in,33016,-438.8
174.0031,6,in,33020,-442.2
174.0085,6,in,33024,-426.4
174.0124,6,in,33028,-456.6
174.0167,6,in,33032,-408.4
174.0208,6,in,33036,-444.6
174.0266,6,in,33040,-447.4
174.0306,6,in,33044,-491.4
174.0348,6,in,33048,-406.8
174.0393,6,in,33052,-470
174.0449,6,in,33056,-444.6
174.0495,6,in,33060,-469.4
174.0541,6,in,33064,-480.4
174.0581,6,in,33068,-445
174.0626,6,in,33072,-476.4
174.0669,6,in,33076,-467.8
174.0708,6,in,33080,-471.8
174.0748,6,in,33084,-387.6
174.0799,6,in,33088,-364.8
174.0836,6,in,33092,-395.8
174.0877,6,in,33096,-352.4
174.0922,6,in,33100,-407
174.0967,6,in,33104,-412.4
174.1009,6,in,33108,-487.8
174.1046,6,in,33112,-424.2
174.1091,6,in,33116,-461.8
174.1144,6,in,33120,-421
174.1188,6,in,33124,-415.4
174.1231,6,in,33128,-618
174.1275,6,in,33132,-563.8
174.1318,6,in,33136,-564.6
174.136,6,in,33140,-497
174.1399,6,in,33144,-452.4
174.1443,6,in,33148,-476.6
174.1489,6,in,33152,-452.6
174.1534,6,in,33156,-479.6
174.158,6,in,33160,-472.2
174.1617,6,in,33164,-407
174.1661,6,in,33168,-437
174.1706,6,in,33172,-489.8
174.1747,6,in,33176,-468.2
174.179,6,in,33180,-583.4
174.183,6,in,33184,-510.2
174.1878,6,in,33188,-607.8
174.1918,6,in,33192,-607.8
174.1958,6,in,33196,-605
174.1999,6,in,33200,-554.2
174.206,6,in,33204,-454.4
174.2102,6,in,33208,-400.6
174.2141,6,in,33212,-453.4
174.2183,6,in,33216,-361.2
174.2232,6,in,33220,-383.4
174.2276,6,in,33224,-321.4
174.2318,6,in,33228,-281
174.2368,6,in,33232,-297.6
174.2416,6,in,33236,-382.8
174.246,6,in,33240,-343.2
174.2499,6,in,33244,-349.4
174.2538,6,in,33248,-375.4
174.2594,6,in,33252,-379.6
174.2633,6,in,33256,-378.2
174.2681,6,in,33260,-364.4
174.272,6,in,33264,-416.4
174.2772,6,in,33268,-449.8
174.2812,6,in,33272,-461.2
174.2852,6,in,33276,-451.4
174.2894,6,in,33280,-391.2
174.2947,6,in,33284,-379.4
174.2986,6,in,33288,-384
174.3027,6,in,33292,-435
174.3071,6,in,33296,-404.8
174.3127,6,in,33300,-408.6
174.3166,6,in,33304,-450
174.3206,6,in,33308,-479.6
174.3248,6,in,33312,-481.8
174.3304,6,in,33316,-429
174.3344,6,in,33320,-391
174.3383,6,in,33324,-419.4
174.3426,6,in,33328,-371
174.3479,6,in,33332,-428
174.3519,6,in,33336,-396.8
174.3561,6,in,33340,-392.4
174.3607,6,in,33344,-379.2
174.3658,6,in,33348,-356.4
174.3705,6,in,33352,-412
174.3753,6,in,33356,-551.2
174.3797,6,in,33360,-603
174.385,6,in,33364,-357.8
174.3889,6,in,33368,-551.4
174.393,6,in,33372,-542
174.3971,6,in,33376,-494
174.4018,6,in,33380,-381.6
174.4063,6,in,33384,-380.6
174.4108,6,in,33388,-321.8
174.4151,6,in,33392,-300.6
174.4193,6,in,33396,-368
174.4237,6,in,33400,-365.8
174.4276,6,in,33404,-378.6
174.4321,6,in,33408,-305.4
174.4363,6,in,33412,-326.4
174.4405,6,in,33416,-377.4
174.4445,6,in,33420,-441.6
174.4483,6,in,33424,-410.4
174.4523,6,in,33428,-459.4
174.4572,6,in,33432,-430.2
174.462,6,in,33436,-495.2
174.466,6,in,33440,-480.4
174.4701,6,in,33444,-549
174.4754,6,in,33448,-450.8
174.4799,6,in,33452,-533.2
174.4843,6,in,33456,-470.2
174.4887,6,in,33460,-459.2
174.4936,6,in,33464,-476.4
174.4977,6,in,33468,-398.4
174.5018,6,in,33472,-433
174.5059,6,in,33476,-402
174.5106,6,in,33480,-433
174.5148,6,in,33484,-475
174.5189,6,in,33488,-472.2
174.5229,6,in,33492,-492
174.5281,6,in,33496,-461.6
174.5326,6,in,33500,-387.8
174.5367,6,in,33504,-419.8
174.541,6,in,33508,-431.2
174.5461,6,in,33512,-480.6
174.5506,6,in,33516,-463.2
174.5546,6,in,33520,-470.4
174.5591,6,in,33524,-482.4
174.5652,6,in,33528,-471.4
174.5697,6,in,33532,-516.8
174.5738,6,in,33536,-502.8
174.5782,6,in,33540,-538.2
174.5832,6,in,33544,-480.8
174.5875,6,in,33548,-505
174.5919,6,in,33552,-531.6
174.5962,6,in,33556,-546.4
174.6019,6,in,33560,-574.2
174.6062,6,in,33564,-565.8
174.6104,6,in,33568,-519
174.6143,6,in,33572,-566.6
174.6196,6,in,33576,-557.6
174.6236,6,in,33580,-480
174.6277,6,in,33584,-481.4
174.6317,6,in,33588,-474.4
174.6366,6,in,33592,-508.2
174.6422,6,in,33596,-567.2
174.6467,6,in,33600,-495.2
174.6508,6,in,33604,-541
174.6563,6,in,33608,-548.6
174.6605,6,in,33612,-612.2
174.6648,6,in,33616,-541.4
174.669,6,in,33620,-574.6
174.6738,6,in,33624,-554.8
174.6778,6,in,33628,-566.2
174.6825,6,in,33632,-558.8
174.6871,6,in,33636,-581
174.6916,6,in,33640,-623.6
174.6957,6,in,33644,-646.6
174.6995,6,in,33648,-599
174.7039,6,in,33652,-598.6
174.7082,6,in,33656,-729.2
174.7121,6,in,33660,-771.2
174.7159,6,in,33664,-753.2
174.7203,6,in,33668,-742.8
174.7248,6,in,33672,-729.4
174.7293,6,in,33676,-742.2
174.7333,6,in,33680,-760.8
174.7377,6,in,33684,-757.6
174.7421,6,in,33688,-716.2
174.7479,6,in,33692,-688.4
174.7522,6,in,33696,-574.8
174.7567,6,in,33700,-677.2
174.7608,6,in,33704,-657.2
174.7646,6,in,33708,-652.4
174.7683,6,in,33712,-632.2
174.7717,6,in,33716,-678.6
174.7754,6,in,33720,-697
174.7796,6,in,33724,-664.6
174.7836,6,in,33728,-622.4
174.7873,6,in,33732,-644.6
174.7916,6,in,33736,-683.8
174.7959,6,in,33740,-690.2
174.801,6,in,33744,-678.4
174.8053,6,in,33748,-658.4
174.8095,6,in,33752,-678.8
174.8137,6,in,33756,-639
174.818,6,in,33760,-663
174.8216,6,in,33764,-680.4
174.8252,6,in,33768,-746.6
174.8293,6,in,33772,-703.6
174.8333,6,in,33776,-663.2
174.8373,6,in,33780,-708.8
174.8415,6,in,33784,-699.6
174.8454,6,in,33788,-718.6
174.8492,6,in,33792,-765
174.8536,6,in,33796,-783.4
174.8582,6,in,33800,-763.6
174.8629,6,in,33804,-658.4
174.8673,6,in,33808,-644.4
174.8709,6,in,33812,-689.2
174.875,6,in,33816,-662.8
174.879,6,in,33820,-643.6
174.883,6,in,33824,-644
174.8882,6,in,33828,-694.2
174.8921,6,in,33832,-655.6
174.8961,6,in,33836,-711.2
174.9003,6,in,33840,-597.2
174.9051,6,in,33844,-670.8
174.9098,6,in,33848,-631.6
174.9142,6,in,33852,-582
174.9189,6,in,33856,-600
174.9247,6,in,33860,-647.6
174.9288,6,in,33864,-596.4
174.9329,6,in,33868,-602.6
174.937,6,in,33872,-612
174.9418,6,in,33876,-650.4
174.9459,6,in,33880,-642.8
174.9507,6,in,33884,-709
174.9557,6,in,33888,-686.2
174.9598,6,in,33892,-733.8
174.9637,6,in,33896,-685
174.9684,6,in,33900,-652.4
174.973,6,in,33904,-638.2
174.9773,6,in,33908,-669.8
174.9815,6,in,33912,-702.8
174.9858,6,in,33916,-652.6
174.9901,6,in,33920,-664.6
174.9941,6,in,33924,-685.2
174.9987,6,in,33928,-749.2
175.0033,6,in,33932,-693.6
175.0077,6,in,33936,-690
175.0123,6,in,33940,-671.8
175.0166,6,in,33944,-644
175.0208,6,in,33948,-637.2
175.0249,6,in,33952,-731.8
175.0289,6,in,33956,-743.8
175.0334,6,in,33960,-724.8
175.0374,6,in,33964,-800.6
175.0419,6,in,33968,-774
175.0467,6,in,33972,-760.4
175.0505,6,in,33976,-697.4
175.0541,6,in,33980,-733.6
175.0579,6,in,33984,-784.4
175.0617,6,in,33988,-755.8
175.0655,6,in,33992,-758
175.0698,6,in,33996,-736.2
175.0741,6,in,34000,-681.4
175.0783,6,in,34004,-715.6
175.0826,6,in,34008,-718.4
175.0876,6,in,34012,-788.6
175.092,6,in,34016,-777
175.0967,6,in,34020,-755.6
175.1017,6,in,34024,-777.2
175.1061,6,in,34028,-789.8
175.1106,6,in,34032,-809.2
175.1153,6,in,34036,-795.4
175.1201,6,in,34040,-835
175.1243,6,in,34044,-781.6
175.1295,6,in,34048,-773.2
175.1336,6,in,34052,-731.2
175.1385,6,in,34056,-802.8
175.1428,6,in,34060,-788.4
175.1465,6,in,34064,-801.8
175.1504,6,in,34068,-761
175.1546,6,in,34072,-774.4
175.1591,6,in,34076,-793
175.1629,6,in,34080,-834
175.1669,6,in,34084,-729
175.1715,6,in,34088,-825.2
175.1756,6,in,34092,-847.2
175.1793,6,in,34096,-772
175.1836,6,in,34100,-713.8
175.1877,6,in,34104,-779.6
175.1937,6,in,34108,-832.2
175.198,6,in,34112,-832.6
175.2022,6,in,34116,-769.4
175.2068,6,in,34120,-834.8
175.2112,6,in,34124,-863.2
175.2152,6,in,34128,-764.6
175.2199,6,in,34132,-805.2
175.2238,6,in,34136,-800.8
175.2287,6,in,34140,-824.8
175.2326,6,in,34144,-815.6
175.237,6,in,34148,-814.8
175.2413,6,in,34152,-812
175.2464,6,in,34156,-819.4
175.2505,6,in,34160,-809.6
175.2546,6,in,34164,-836.2
175.2591,6,in,34168,-768.4
175.2645,6,in,34172,-762.6
175.2686,6,in,34176,-776.6
175.2728,6,in,34180,-833.6
175.2779,6,in,34184,-823.6
175.2836,6,in,34188,-786.8
175.2877,6,in,34192,-807
175.2922,6,in,34196,-863.6
175.2963,6,in,34200,-762
175.3011,6,in,34204,-712.2
175.306,6,in,34208,-800.8
175.3103,6,in,34212,-738
175.3149,6,in,34216,-751.6
175.3199,6,in,34220,-789.8
175.3242,6,in,34224,-732.4
175.3291,6,in,34228,-807.2
175.3341,6,in,34232,-783.8
175.338,6,in,34236,-765.2
175.3419,6,in,34240,-787.6
175.3461,6,in,34244,-813.6
175.3502,6,in,34248,-800.6
175.3559,6,in,34252,-807
175.3602,6,in,34256,-848
175.3641,6,in,34260,-770
175.3682,6,in,34264,-832.4
175.3726,6,in,34268,-799.2
175.3774,6,in,34272,-805.4
175.3814,6,in,34276,-773.4
175.3853,6,in,34280,-781.8
175.3899,6,in,34284,-785.8
175.3939,6,in,34288,-761.8
175.3986,6,in,34292,-744.8
175.4027,6,in,34296,-773
175.4073,6,in,34300,-774.8
175.4121,6,in,34304,-772
175.416,6,in,34308,-740
175.42,6,in,34312,-833.4
175.4241,6,in,34316,-814.8
175.4284,6,in,34320,-809.2
175.4324,6,in,34324,-797.8
175.4371,6,in,34328,-816.2
175.441,6,in,34332,-822.8
175.4465,6,in,34336,-786
175.4504,6,in,34340,-763.4
175.4547,6,in,34344,-838
175.4594,6,in,34348,-793.8
175.4648,6,in,34352,-806.4
175.4693,6,in,34356,-760.4
175.4733,6,in,34360,-832.4
175.4773,6,in,34364,-805.8
175.4831,6,in,34368,-806
175.4873,6,in,34372,-807.6
175.4919,6,in,34376,-822.4
175.4961,6,in,34380,-740.8
175.5013,6,in,34384,-746.4
175.5053,6,in,34388,-822.2
175.5092,6,in,34392,-828
175.5137,6,in,34396,-802.2
175.5194,6,in,34400,-795
175.5236,6,in,34404,-825.2
175.5276,6,in,34408,-786.2
175.5323,6,in,34412,-776.8
175.5368,6,in,34416,-835.6
175.5409,6,in,34420,-821.4
175.5448,6,in,34424,-811.2
175.5493,6,in,34428,-782
175.5546,6,in,34432,-793.4
175.5587,6,in,34436,-817.6
175.563,6,in,34440,-827
175.567,6,in,34444,-791.2
175.5719,6,in,34448,-801.4
175.576,6,in,34452,-831.6
175.5802,6,in,34456,-774.6
175.5846,6,in,34460,-779.4
175.5902,6,in,34464,-802.2
175.5943,6,in,34468,-820.6
175.5988,6,in,34472,-755.8
175.6032,6,in,34476,-757.2
175.609,6,in,34480,-828.8
175.6132,6,in,34484,-763.8
175.6172,6,in,34488,-821
175.6214,6,in,34492,-846
175.6266,6,in,34496,-841.8
175.6306,6,in,34500,-795.8
175.6347,6,in,34504,-792.8
175.6392,6,in,34508,-811.6
175.6441,6,in,34512,-812.4
175.6485,6,in,34516,-774
175.6531,6,in,34520,-810.8
175.6578,6,in,34524,-813.8
175.6623,6,in,34528,-809.4
175.6661,6,in,34532,-783.4
175.6701,6,in,34536,-847
175.6748,6,in,34540,-843
175.6802,6,in,34544,-829
175.6848,6,in,34548,-823.8
175.6891,6,in,34552,-832.2
175.6932,6,in,34556,-810.6
175.6972,6,in,34560,-833.6
175.7009,6,in,34564,-815.2
175.7052,6,in,34568,-853.2
175.7089,6,in,34572,-844
175.7127,6,in,34576,-823.6
175.7173,6,in,34580,-838.6
175.7214,6,in,34584,-834
175.7255,6,in,34588,-855.8
175.7296,6,in,34592,-829.2
175.7349,6,in,34596,-791.4
175.7389,6,in,34600,-775.4
175.7432,6,in,34604,-846
175.7472,6,in,34608,-842.8
175.7522,6,in,34612,-757.8
175.7568,6,in,34616,-853.2
175.761,6,in,34620,-819
175.7655,6,in,34624,-793
175.77,6,in,34628,-780
175.7737,6,in,34632,-823.2
175.7775,6,in,34636,-838.8
175.7822,6,in,34640,-827.4
175.7868,6,in,34644,-775.8
175.7912,6,in,34648,-852.2
175.7951,6,in,34652,-785.2
175.7995,6,in,34656,-827.8
175.8041,6,in,34660,-834.6
175.8086,6,in,34664,-775
175.8128,6,in,34668,-770.4
175.8165,6,in,34672,-836.8
175.8206,6,in,34676,-845.4
175.8243,6,in,34680,-847.8
175.8281,6,in,34684,-835.8
175.8318,6,in,34688,-819.6
175.8355,6,in,34692,-803.6
175.8394,6,in,34696,-803.4
175.8442,6,in,34700,-824.8
175.8486,6,in,34704,-800.2
175.8525,6,in,34708,-855
175.8568,6,in,34712,-820.2
175.8614,6,in,34716,-791.8
175.8654,6,in,34720,-824.4
175.8694,6,in,34724,-836.6
175.874,6,in,34728,-859.4
175.8787,6,in,34732,-1005
175.8828,6,out,34728,-1039.2
175.8869,6,out,34724,-1011.4
175.8916,6,out,34720,-1018.6
175.8971,6,out,34716,-1013
175.901,6,out,34712,-1030
175.9049,6,out,34708,-1022
175.9092,6,out,34704,-1045.4
175.9141,6,out,34700,-1026
175.9187,6,out,34696,-1085.8
175.9231,6,out,34692,-1026.4
175.9271,6,out,34688,-1054.2
175.9322,6,out,34684,-1001.4
175.9362,6,out,34680,-985.2
175.9401,6,out,34676,-992.2
175.9446,6,out,34672,-989.4
175.9496,6,out,34668,-986
175.9537,6,out,34664,-1025.2
175.9581,6,out,34660,-1026.6
175.9623,6,out,34656,-1023.6
175.9675,6,out,34652,-1007.2
175.9714,6,out,34648,-1022.2
175.9752,6,out,34644,-1010.8
175.98,6,out,34640,-1025.6
175.9853,6,out,34636,-1022.2
175.9894,6,out,34632,-993.6
175.9939,6,out,34628,-1033
175.998,6,out,34624,-1018.4
176.0031,6,out,34620,-1029.8
176.0069,6,out,34616,-1014.8
176.0109,6,out,34612,-957
176.0151,6,out,34608,-1007.4
176.0201,6,out,34604,-973.8
176.0245,6,out,34600,-994.6
176.0288,6,out,34596,-995
176.0335,6,out,34592,-1013
176.0382,6,out,34588,-947.8
176.0428,6,out,34584,-1046.6
176.0477,6,out,34580,-997.2
176.0518,6,out,34576,-1035.6
176.0565,6,out,34572,-1004.4
176.0612,6,out,34568,-986.8
176.0653,6,out,34564,-976.4
176.0693,6,out,34560,-958.2
176.0747,6,out,34556,-1027.2
176.0799,6,out,34552,-1073.4
176.0843,6,out,34548,-983.4
176.0887,6,out,34544,-1028.8
176.0951,6,out,34540,-1033.2
176.0996,6,out,34536,-975.6
176.1038,6,out,34532,-1004.4
176.1076,6,out,34528,-1024.8
176.1121,6,out,34524,-959.8
176.1159,6,out,34520,-993.4
176.12,6,out,34516,-977.4
176.1242,6,out,34512,-1008.2
176.129,6,out,34508,-986
176.1334,6,out,34504,-1010.4
176.1375,6,out,34500,-1016.4
176.1415,6,out,34496,-1027.4
176.1455,6,out,34492,-1021.4
176.1499,6,out,34488,-965.8
176.1538,6,out,34484,-985.4
176.1584,6,out,34480,-991.6
176.1623,6,out,34476,-1005
176.167,6,out,34472,-950.2
176.1714,6,out,34468,-979.4
176.1757,6,out,34464,-982.6
176.1799,6,out,34460,-1017.8
176.1853,6,out,34456,-965.4
176.1895,6,out,34452,-991.2
176.194,6,out,34448,-978
176.1985,6,out,34444,-1066.6
176.2029,6,out,34440,-957.2
176.2075,6,out,34436,-969.4
176.2118,6,out,34432,-1015.6
176.2161,6,out,34428,-1039
176.2207,6,out,34424,-1016.4
176.2251,6,out,34420,-1015.4
176.2292,6,out,34416,-1002.8
176.2338,6,out,34412,-1015
176.238,6,out,34408,-1039.6
176.2423,6,out,34404,-1057
176.2465,6,out,34400,-1046.2
176.2509,6,out,34396,-922.8
176.2565,6,out,34392,-870.8
176.2604,6,out,34388,-844.8
176.2643,6,out,34384,-873
176.2688,6,out,34380,-814.8
176.2738,6,out,34376,-838.2
176.2776,6,out,34372,-824.6
176.2825,6,out,34368,-802.4
176.2866,6,out,34364,-875
176.2919,6,out,34360,-856.6
176.2964,6,out,34356,-840.8
176.3011,6,out,34352,-808.8
176.3051,6,out,34348,-888.2
176.3101,6,out,34344,-870.4
176.314,6,out,34340,-794.2
176.318,6,out,34336,-785.6
176.322,6,out,34332,-809.2
176.3265,6,out,34328,-886.4
176.3306,6,out,34324,-833.2
176.3351,6,out,34320,-852.6
176.3388,6,out,34316,-876
176.3432,6,out,34312,-850
176.3482,6,out,34308,-841.6
176.3526,6,out,34304,-849.6
176.3564,6,out,34300,-871.6
176.3612,6,out,34296,-889.6
176.3656,6,out,34292,-795.6
176.3696,6,out,34288,-840.4
176.3737,6,out,34284,-863.4
176.3779,6,out,34280,-858.6
176.3827,6,out,34276,-890.2
176.3873,6,out,34272,-858.2
176.3913,6,out,34268,-861
176.3956,6,out,34264,-882.2
176.4003,6,out,34260,-833
176.4044,6,out,34256,-826.8
176.4084,6,out,34252,-897
176.4124,6,out,34248,-855
176.4177,6,out,34244,-786.2
176.4217,6,out,34240,-812.2
176.4258,6,out,34236,-844
176.4298,6,out,34232,-805.8
176.4358,6,out,34228,-813
176.4403,6,out,34224,-827.6
176.4444,6,out,34220,-893.6
176.4487,6,out,34216,-810.6
176.453,6,out,34212,-853.6
176.4575,6,out,34208,-848.8
176.4615,6,out,34204,-849.4
176.4655,6,out,34200,-840.8
176.471,6,out,34196,-841.4
176.4749,6,out,34192,-832.6
176.4798,6,out,34188,-818.6
176.4839,6,out,34184,-781.8
176.4891,6,out,34180,-837.8
176.4931,6,out,34176,-876.4
176.4974,6,out,34172,-832
176.5015,6,out,34168,-850.6
176.5073,6,out,34164,-817.4
176.5114,6,out,34160,-801.8
176.5155,6,out,34156,-889.2
176.5199,6,out,34152,-860.2
176.5254,6,out,34148,-859.8
176.5296,6,out,34144,-839.4
176.5338,6,out,34140,-828.4
176.5378,6,out,34136,-854.4
176.5431,6,out,34132,-870
176.5474,6,out2,34082,-847.8
176.5517,6,out2,34032,-782.6
176.5562,6,out2,33982,-914
176.5613,6,out2,33932,-869.6
176.5659,6,out2,33882,-791
176.5703,6,out2,33832,-846
176.5743,6,out2,33782,-798.8
176.5791,6,out2,33732,-851.8
176.5837,6,out2,33682,-855.8
176.5877,6,out2,33632,-894
176.5922,6,out2,33582,-840.6
176.5967,6,out2,33532,-888
176.6012,6,out2,33482,-791.4
176.6058,6,out2,33432,-881
176.6101,6,out2,33382,-811.6
176.6144,6,out2,33332,-791.2
176.6183,6,out2,33282,-846.4
176.6226,6,out2,33232,-805
176.6279,6,out2,33182,-817.8
176.6321,6,out2,33132,-805.8
176.6361,6,out2,33082,-862
176.6403,6,out2,33032,-780.8
176.6443,6,out2,32982,-805
176.6494,6,out2,32932,-838.6
176.6532,6,out2,32882,-808.4
176.6583,6,out2,32832,-804
176.6622,6,out2,32782,-791.2
176.667,6,out2,32732,-813.4
176.6719,6,out2,32682,-840.6
176.6758,6,out2,32632,-838.2
176.6795,6,out2,32582,-817
176.685,6,out2,32532,-821.6
176.6897,6,out2,32482,-811.2
176.6942,6,out2,32432,-841.6
176.6983,6,out2,32382,-775.6
176.7021,6,out2,32332,-814.4
176.7059,6,out2,32282,-837.8
176.7095,6,out2,32232,-874
176.7133,6,out2,32182,-816
176.7176,6,out2,32132,-874
176.7223,6,out2,32082,-845.4
176.7265,6,out2,32032,-827.4
176.7303,6,out2,31982,-785.6
176.7342,6,out2,31932,-824
176.7387,6,out2,31882,-765
176.7427,6,out2,31832,-840.6
176.7466,6,out2,31782,-773.6
176.7508,6,out2,31732,-771.6
176.756,6,out2,31682,-834.4
176.7603,6,out2,31632,-823.2
176.7643,6,out2,31582,-796.6
176.7684,6,out2,31532,-761.4
176.7725,6,out2,31482,-808.4
176.7761,6,out2,31432,-790
176.7798,6,out2,31382,-763.8
176.7836,6,out2,31332,-694.8
176.7877,6,out2,31282,-777.2
176.7921,6,out2,31232,-792.4
176.7961,6,out2,31182,-745
176.8013,6,out2,31132,-613.2
176.8062,6,out2,31082,-415
176.811,6,out2,31032,-452.2
176.8152,6,out2,30982,-362.8
176.819,6,out2,30932,-320.6
176.8225,6,out2,30882,-184.2
176.8269,6,out2,30832,-173.8
176.8309,6,out2,30782,-131.8
176.8349,7,in,30782,-87.2
176.8386,7,in,30786,-56
176.8424,7,in,30790,-58.4
176.8467,7,in,30794,-29
176.851,7,in,30798,-86
176.8554,7,in,30802,-47.2
176.8596,7,in,30806,-87.8
176.8645,7,in,30810,-25.6
176.8688,7,in,30814,8.6
176.8733,7,in,30818,-93.8
176.8781,7,in,30822,-84
176.8824,7,in,30826,-111.8
176.8864,7,in,30830,-23.8
176.8904,7,in,30834,-18.8
176.8948,7,in,30838,3.2
176.8996,7,in,30842,-66.8
176.9039,7,in,30846,-63.8
176.9083,7,in,30850,-40
176.9128,7,in,30854,-86.8
176.9173,7,in,30858,-18.4
176.9213,7,in,30862,-59.8
176.9255,7,in,30866,-47.8
176.9298,7,in,30870,-37.2
176.9351,7,in,30874,-37
176.9391,7,in,30878,-90
176.9433,7,in,30882,-87
176.9475,7,in,30886,-46.8
176.9527,7,in,30890,-30
176.9573,7,in,30894,-92.8
176.9614,7,in,30898,-97.8
176.9656,7,in,30902,-97.8
176.9708,7,in,30906,-60.4
176.9749,7,in,30910,-61.8
176.9789,7,in,30914,-106.4
176.9829,7,in,30918,-132.4
176.9879,7,in,30922,-73.2
176.9923,7,in,30926,-141
176.9968,7,in,30930,-108.8
177.0009,7,in,30934,-62
177.0057,7,in,30938,-88.8
177.0101,7,in,30942,-120.2
177.0144,7,in,30946,-76.2
177.0193,7,in,30950,-86.4
177.0236,7,in,30954,-108.2
177.0277,7,in,30958,-65.8
177.0317,7,in,30962,-62
177.0359,7,in,30966,-30.2
177.0402,7,in,30970,-35.2
177.0445,7,in,30974,-114.6
177.0488,7,in,30978,-27.2
177.0533,7,in,30982,-3.8
177.0576,7,in,30986,-44.2
177.0614,7,in,30990,-129
177.0655,7,in,30994,-63.6
177.0696,7,in,30998,-86.4
177.0735,7,in,31002,-58.6
177.0791,7,in,31006,-109.2
177.083,7,in,31010,-140.6
177.0869,7,in,31014,-114.4
177.0908,7,in,31018,-149
177.095,7,in,31022,-138.4
177.1,7,in,31026,-146.2
177.1041,7,in,31030,-111
177.1081,7,in,31034,-113.2
177.112,7,in,31038,-128.8
177.116,7,in,31042,-114.6
177.1198,7,in,31046,-122.8
177.1238,7,in,31050,-161
177.1278,7,in,31054,-174.6
177.133,7,in,31058,-115.6
177.1368,7,in,31062,-103.4
177.1406,7,in,31066,-75.2
177.1448,7,in,31070,-130
177.1499,7,in,31074,-88
177.154,7,in,31078,-141.8
177.1582,7,in,31082,-128.6
177.1627,7,in,31086,-124.8
177.1669,7,in,31090,-52.4
177.1713,7,in,31094,-111.8
177.1759,7,in,31098,-133
177.1802,7,in,31102,-99.2
177.1844,7,in,31106,-121.4
177.1884,7,in,31110,-125
177.1925,7,in,31114,-156
177.1965,7,in,31118,-18.2
177.2004,7,in,31122,-71.6
177.2059,7,in,31126,-112.4
177.2104,7,in,31130,-167
177.2149,7,in,31134,-87.8
177.2197,7,in,31138,-63.6
177.2246,7,in,31142,-103
177.2291,7,in,31146,-70.6
177.2343,7,in,31150,-112.8
177.2387,7,in,31154,-122.4
177.2436,7,in,31158,-90.8
177.2479,7,in,31162,-138.6
177.2519,7,in,31166,-138.4
177.2573,7,in,31170,-122.6
177.2615,7,in,31174,-71
177.2654,7,in,31178,-144.2
177.2697,7,in,31182,-117.4
177.2737,7,in,31186,-99.6
177.2782,7,in,31190,-131.4
177.282,7,in,31194,-97.4
177.2861,7,in,31198,-132.4
177.2903,7,in,31202,-126.6
177.2953,7,in,31206,-92.8
177.2992,7,in,31210,-121.2
177.3033,7,in,31214,-62.2
177.3082,7,in,31218,-53.2
177.3131,7,in,31222,-64.4
177.3179,7,in,31226,-85.8
177.3222,7,in,31230,-59.6
177.3265,7,in,31234,-124.8
177.3319,7,in,31238,-95.4
177.3363,7,in,31242,-87.2
177.3401,7,in,31246,-102.4
177.3443,7,in,31250,-66
177.3498,7,in,31254,-93
177.3537,7,in,31258,-122.6
177.3578,7,in,31262,-71.2
177.3631,7,in,31266,-65.2
177.3684,7,in,31270,-60.6
177.3723,7,in,31274,-110.6
177.3768,7,in,31278,-87.8
177.3809,7,in,31282,-68.4
177.3852,7,in,31286,-71.6
177.3893,7,in,31290,-71
177.3943,7,in,31294,-73.8
177.3987,7,in,31298,-26.8
177.4026,7,in,31302,-106
177.4065,7,in,31306,-9.6
177.4117,7,in,31310,-101.2
177.4164,7,in,31314,-48.6
177.4211,7,in,31318,-73.8
177.4252,7,in,31322,-85.8
177.4296,7,in,31326,-47
177.4337,7,in,31330,-77.2
177.4387,7,in,31334,-66.6
177.4426,7,in,31338,-86
177.4465,7,in,31342,-43
177.4506,7,in,31346,-108.8
177.4557,7,in,31350,-85.2
177.46,7,in,31354,-97.4
177.4641,7,in,31358,-96.8
177.4686,7,in,31362,-54.8
177.4739,7,in,31366,-64.2
177.4782,7,in,31370,-89.2
177.4824,7,in,31374,-52
177.4871,7,in,31378,-96.8
177.4928,7,in,31382,-82.2
177.4979,7,in,31386,-53
177.5024,7,in,31390,-58
177.5067,7,in,31394,-113
177.5114,7,in,31398,-79.6
177.5155,7,in,31402,-80
177.5199,7,in,31406,-81.8
177.5237,7,in,31410,-62
177.5285,7,in,31414,-80.4
177.5331,7,in,31418,-51.4
177.5372,7,in,31422,-57.6
177.5416,7,in,31426,-92.4
177.5474,7,in,31430,-44.2
177.5518,7,in,31434,-21.8
177.5559,7,in,31438,-39.8
177.5604,7,in,31442,-86
177.5658,7,in,31446,-32.2
177.5697,7,in,31450,-35.2
177.5737,7,in,31454,-95.8
177.5781,7,in,31458,-75
177.583,7,in,31462,-37.2
177.5875,7,in,31466,-49.8
177.592,7,in,31470,-113.2
177.5966,7,in,31474,-57
177.6021,7,in,31478,-85.8
177.6059,7,in,31482,-27
177.6099,7,in,31486,-98
177.6144,7,in,31490,-71.4
177.6192,7,in,31494,-123.4
177.6233,7,in,31498,-91.6
177.6276,7,in,31502,-147
177.6322,7,in,31506,-52
177.6374,7,in,31510,-97.4
177.6414,7,in,31514,-107.8
177.6455,7,in,31518,-116.2
177.6497,7,in,31522,-123.6
177.6548,7,in,31526,-60.6
177.6591,7,in,31530,-131.4
177.6634,7,in,31534,-98.2
177.6676,7,in,31538,-99
177.6723,7,in,31542,-120
177.6772,7,in,31546,-101.8
177.6819,7,in,31550,-96.6
177.6864,7,in,31554,-81.6
177.6907,7,in,31558,-95
177.695,7,in,31562,-49
177.6989,7,in,31566,-135.4
177.703,7,in,31570,-86.2
177.707,7,in,31574,-106
177.7108,7,in,31578,-121
177.7156,7,in,31582,-133.8
177.7195,7,in,31586,-49.4
177.7241,7,in,31590,-144
177.7283,7,in,31594,-119.2
177.7327,7,in,31598,-102.8
177.7368,7,in,31602,-125.6
177.7408,7,in,31606,-123
177.7462,7,in,31610,-86.4
177.7506,7,in,31614,-94.8
177.7549,7,in,31618,-31
177.7589,7,in,31622,-67.6
177.7626,7,in,31626,-63.8
177.7665,7,in,31630,-103
177.7703,7,in,31634,-65.6
177.7741,7,in,31638,-62
177.778,7,in,31642,-88.4
177.7819,7,in,31646,-47.6
177.7862,7,in,31650,-41.8
177.7901,7,in,31654,-54
177.7941,7,in,31658,-130
177.7995,7,in,31662,-66.4
177.8039,7,in,31666,-109.2
177.8081,7,in,31670,-42.8
177.8122,7,in,31674,-52.4
177.817,7,in,31678,-5
177.8209,7,in,31682,-93.8
177.8245,7,in,31686,-50.8
177.8284,7,in,31690,-73
177.8332,7,in,31694,-27.8
177.8371,7,in,31698,-113.2
177.8412,7,in,31702,-51.8
177.8451,7,in,31706,-31
177.8493,7,in,31710,-89.2
177.8535,7,in,31714,-47
177.8581,7,in,31718,-104.4
177.8631,7,in,31722,-51.8
177.867,7,in,31726,-20.4
177.8713,7,in,31730,-18.2
177.8758,7,in,31734,-42
177.8799,7,in,31738,-81
177.8839,7,in,31742,-98
177.8889,7,in,31746,-60.8
177.8929,7,in,31750,-83.4
177.897,7,in,31754,-79.4
177.9011,7,in,31758,-75.2
177.9066,7,in,31762,-99.8
177.9106,7,in,31766,-122.4
177.9153,7,in,31770,-37.2
177.9192,7,in,31774,-44.4
177.9254,7,in,31778,-63.6
177.9293,7,in,31782,-37.2
177.9334,7,in,31786,-17.2
177.9376,7,in,31790,-116.2
177.9431,7,in,31794,-97.4
177.9473,7,in,31798,-71.8
177.9516,7,in,31802,-71.6
177.9564,7,in,31806,-101
177.9604,7,in,31810,-68.4
177.9643,7,in,31814,-96.8
177.9685,7,in,31818,-18.2
177.9729,7,in,31822,-130.6
177.9784,7,in,31826,-86.2
177.9823,7,in,31830,-67.6
177.9869,7,in,31834,-30.6
177.9916,7,in,31838,-77.8
177.9968,7,in,31842,-79.6
178.0007,7,in,31846,-55
178.005,7,in,31850,-91.2
178.0096,7,in,31854,-108
178.0151,7,in,31858,-41.6
178.0192,7,in,31862,-29.6
178.0232,7,in,31866,-30.6
178.0273,7,in,31870,-97.6
178.0322,7,in,31874,-85.4
178.0367,7,in,31878,-59.6
178.041,7,in,31882,-26.6
178.0454,7,in,31886,-96.4
178.0515,7,in,31890,-68.2
178.0557,7,in,31894,-119.8
178.06,7,in,31898,-44.8
178.0646,7,in,31902,-78
178.0697,7,in,31906,-72.6
178.0737,7,in,31910,-88
178.078,7,in,31914,-36.8
178.0821,7,in,31918,-27.8
178.0869,7,in,31922,-26.2
178.0912,7,in,31926,-29.8
178.0957,7,in,31930,-55.4
178.1006,7,in,31934,-48.8
178.1055,7,in,31938,-71
178.1105,7,in,31942,-68.6
178.1142,7,in,31946,-64.8
178.118,7,in,31950,-55
178.1221,7,in,31954,-34.2
178.1268,7,in,31958,-43.4
178.1308,7,in,31962,-69.4
178.135,7,in,31966,7.2
178.1391,7,in,31970,-15.6
178.1436,7,in,31974,-28.2
178.1476,7,in,31978,-83
178.1518,7,in,31982,-26.8
178.1563,7,in,31986,-108.8
178.1615,7,in,31990,-106.8
178.1655,7,in,31994,-44.4
178.1701,7,in,31998,-83.6
178.1748,7,in,32002,-31.8
178.1795,7,in,32006,-52.2
178.1839,7,in,32010,-24.6
178.1885,7,in,32014,-72.4
178.1926,7,in,32018,-90
178.1972,7,in,32022,-24.4
178.2012,7,in,32026,-57.6
178.2058,7,in,32030,-0.4
178.2099,7,in,32034,-58.4
178.2139,7,in,32038,-21.2
178.2178,7,in,32042,-53.2
178.222,7,in,32046,-22.2
178.2262,7,in,32050,-57
178.2308,7,in,32054,-37
178.2353,7,in,32058,-67.4
178.2399,7,in,32062,-40.6
178.2448,7,in,32066,-54.6
178.2502,7,in,32070,-14.4
178.2542,7,in,32074,-71.8
178.2582,7,in,32078,-69.8
178.2624,7,in,32082,-49.6
178.2683,7,in,32086,-25.6
178.2726,7,in,32090,-75.4
178.2766,7,in,32094,-36.6
178.2809,7,in,32098,-17.6
178.2864,7,in,32102,-12.6
178.2902,7,in,32106,-155.6
178.2944,7,in,32110,-106.4
178.2989,7,in,32114,-131.8
178.3038,7,in,32118,-112.6
178.3086,7,in,32122,-143
178.3126,7,in,32126,-112
178.3171,7,in,32130,-98.2
178.3229,7,in,32134,-76.8
178.3275,7,in,32138,-98.2
178.3318,7,in,32142,-84.2
178.3362,7,in,32146,-49.2
178.3406,7,in,32150,-42
178.345,7,in,32154,-43.4
178.3493,7,in,32158,-3.2
178.3531,7,in,32162,-53.2
178.3578,7,in,32166,-66.6
178.3621,7,in,32170,-24.8
178.3663,7,in,32174,-109.6
178.3705,7,in,32178,-38.8
178.3753,7,in,32182,-43.4
178.3795,7,in,32186,-88
178.3839,7,in,32190,-91.4
178.3879,7,in,32194,-39
178.392,7,in,32198,-108
178.3962,7,in,32202,-40.4
178.4011,7,in,32206,-55.6
178.4052,7,in,32210,-66.4
178.4098,7,in,32214,-95.2
178.4142,7,in,32218,-20.4
178.4187,7,in,32222,-29.4
178.4235,7,in,32226,-59.8
178.4276,7,in,32230,-105.8
178.432,7,in,32234,-32.8
178.4372,7,in,32238,-11
178.4414,7,in,32242,-17.8
178.4456,7,in,32246,-63.2
178.45,7,in,32250,-17.2
178.4546,7,in,32254,-27.2
178.4593,7,in,32258,-58.2
178.4638,7,in,32262,-52.4
178.4685,7,in,32266,-14
178.4726,7,in,32270,-76.2
178.4766,7,in,32274,-124.2
178.4806,7,in,32278,-104.2
178.486,7,in,32282,-55
178.4903,7,in,32286,-8.4
178.4944,7,in,32290,-83.4
178.4984,7,in,32294,-17.4
178.5033,7,in,32298,-28.8
178.5074,7,in,32302,-27
178.5117,7,in,32306,-106.8
178.5164,7,in,32310,-19
178.5206,7,in,32314,-10.8
178.525,7,in,32318,-40.2
178.5292,7,in,32322,2
178.5332,7,in,32326,-20.4
178.5383,7,in,32330,-34.4
178.5423,7,in,32334,-65.8
178.5464,7,in,32338,5
178.5515,7,in,32342,-10.6
178.5567,7,in,32346,-21.8
178.5608,7,in,32350,-78.4
178.5649,7,in,32354,-40.8
178.5695,7,in,32358,-11
178.5753,7,in,32362,-40.8
178.5799,7,in,32366,-28.2
178.5844,7,in,32370,-52.2
178.589,7,in,32374,-73.6
178.5939,7,in,32378,-50.8
178.5978,7,in,32382,-17.6
178.6022,7,in,32386,-31.2
178.6062,7,in,32390,3.4
178.6107,7,in,32394,-55.8
178.6147,7,in,32398,-7.6
178.6188,7,in,32402,5.6
178.6229,7,in,32406,-71.4
178.6283,7,in,32410,-44
178.6322,7,in,32414,-1.4
178.6362,7,in,32418,-108.6
178.641,7,in,32422,-7.2
178.6457,7,in,32426,-58.6
178.6501,7,in,32430,-69
178.6543,7,in,32434,4.8
178.6584,7,in,32438,0.4
178.6635,7,in,32442,-41.4
178.6683,7,in,32446,-21.2
178.6728,7,in,32450,-46.6
178.6771,7,in,32454,-99.6
178.6825,7,in,32458,-18.2
178.6876,7,in,32462,-46.4
178.692,7,in,32466,-18
178.6964,7,in,32470,-67.2
178.7009,7,in,32474,-22.4
178.7047,7,in,32478,-64.6
178.7084,7,in,32482,-47.4
178.7121,7,in,32486,-67.4
178.716,7,in,32490,-77.4
178.7204,7,in,32494,-51.4
178.7242,7,in,32498,-20
178.7286,7,in,32502,-14.4
178.7331,7,in,32506,-53.8
178.7383,7,in,32510,-44
178.7427,7,in,32514,-76
178.7467,7,in,32518,-98
178.7518,7,in,32522,-43.2
178.7563,7,in,32526,-59.4
178.761,7,in,32530,-14.8
178.7654,7,in,32534,-91.2
178.7693,7,in,32538,1.6
178.7735,7,in,32542,-81.8
178.7772,7,in,32546,-72.4
178.781,7,in,32550,-11.6
178.7847,7,in,32554,-52.4
178.7887,7,in,32558,-22.8
178.7924,7,in,32562,-24.4
178.7975,7,in,32566,-22
178.8023,7,in,32570,-22.8
178.8067,7,in,32574,-24.8
178.8111,7,in,32578,-76
178.8154,7,in,32582,-25
178.8193,7,in,32586,-64
178.8229,7,in,32590,-88.6
178.8279,7,in,32594,-59.6
178.8317,7,in,32598,-45.6
178.8358,7,in,32602,-8.6
178.8397,7,in,32606,-23
178.8456,7,in,32610,-35.2
178.8494,7,in,32614,-49
178.8532,7,in,32618,-76.8
178.8571,7,in,32622,-98
178.862,7,in,32626,-64.8
178.8664,7,in,32630,-52.4
178.8701,7,in,32634,-37.6
178.8741,7,in,32638,-38.8
178.8782,7,in,32642,-74.4
178.8827,7,in,32646,9.4
178.887,7,in,32650,-52.6
178.8916,7,in,32654,-83.2
178.8961,7,in,32658,-64.6
178.9002,7,in,32662,-24
178.9046,7,in,32666,-42
178.9095,7,in,32670,-17.2
178.9137,7,in,32674,-91.4
178.9182,7,in,32678,-15
178.9233,7,in,32682,-59.4
178.9278,7,in,32686,-31.2
178.9329,7,in,32690,-81.8
178.9374,7,in,32694,-39.4
178.9416,7,in,32698,-65.6
178.9461,7,in,32702,5.2
178.9505,7,in,32706,1.4
178.9553,7,in,32710,4
178.96,7,in,32714,-64.2
178.9648,7,in,32718,-35
178.9704,7,in,32722,-10.4
178.9743,7,in,32726,-17
178.9783,7,in,32730,-57.2
178.9825,7,in,32734,-33
178.9866,7,in,32738,18.2
178.9914,7,in,32742,-50.2
178.9959,7,in,32746,-76
179.0003,7,in,32750,-85.6
179.0053,7,in,32754,-19.8
179.0094,7,in,32758,-41.2
179.0134,7,in,32762,-96
179.0176,7,in,32766,-29.4
179.0218,7,in,32770,-39
179.0263,7,in,32774,-69
179.031,7,in,32778,-104.8
179.035,7,in,32782,-81.6
179.0389,7,in,32786,-43.2
179.0428,7,in,32790,-89.4
179.0475,7,in,32794,-77.6
179.0513,7,in,32798,-48.2
179.0552,7,in,32802,-48.4
179.0598,7,in,32806,-74.8
179.064,7,in,32810,-80.8
179.0679,7,in,32814,-54.4
179.0724,7,in,32818,-114
179.0778,7,in,32822,-89
179.0817,7,in,32826,-23
179.0856,7,in,32830,-46.2
179.0898,7,in,32834,-22.4
179.095,7,in,32838,-57.6
179.0994,7,in,32842,-22.4
179.1039,7,in,32846,-81.4
179.1081,7,in,32850,-19.2
179.1123,7,in,32854,-58
179.1159,7,in,32858,-20.6
179.1199,7,in,32862,-66.6
179.1242,7,in,32866,-128.4
179.1291,7,in,32870,-151.4
179.1338,7,in,32874,-115.2
179.1383,7,in,32878,-69
179.1435,7,in,32882,-141.6
179.1478,7,in,32886,-92.6
179.1522,7,in,32890,-90.8
179.1566,7,in,32894,-126
179.1609,7,in,32898,-86.6
179.1658,7,in,32902,-112
179.1699,7,in,32906,-125
179.1744,7,in,32910,-163
179.1787,7,in,32914,-128
179.1835,7,in,32918,-125.6
179.1878,7,in,32922,-81
179.1927,7,in,32926,-144
179.1968,7,in,32930,-133.8
179.202,7,in,32934,-187.8
179.2062,7,in,32938,-114.8
179.2109,7,in,32942,-115.2
179.215,7,in,32946,-75.6
179.2205,7,in,32950,-24.4
179.2247,7,in,32954,-47.4
179.2291,7,in,32958,-49.6
179.233,7,in,32962,-98
179.238,7,in,32966,-74.4
179.2421,7,in,32970,-88.6
179.2459,7,in,32974,-78.2
179.2507,7,in,32978,-113.2
179.2557,7,in,32982,-73.6
179.2599,7,in,32986,-158.2
179.2643,7,in,32990,-99.4
179.2687,7,in,32994,-112.2
179.2742,7,in,32998,-168.4
179.2781,7,in,33002,-53
179.2828,7,in,33006,-81.6
179.2868,7,in,33010,-72.2
179.2917,7,in,33014,-51.6
179.2958,7,in,33018,-78
179.3002,7,in,33022,-71.6
179.3043,7,in,33026,-106.4
179.309,7,in,33030,-129.2
179.3138,7,in,33034,-81.6
179.3182,7,in,33038,-47.4
179.3226,7,in,33042,-74.4
179.3268,7,in,33046,-174
179.331,7,in,33050,-82.8
179.3349,7,in,33054,-87.6
179.3392,7,in,33058,-87.2
179.3446,7,in,33062,-58.8
179.3497,7,in,33066,-74
179.3536,7,in,33070,-44.4
179.3576,7,in,33074,-94.4
179.3617,7,in,33078,-67
179.3658,7,in,33082,-81
179.37,7,in,33086,-43.4
179.3742,7,in,33090,-44
179.3783,7,in,33094,-138
179.3836,7,in,33098,-92.8
179.388,7,in,33102,-70.2
179.3924,7,in,33106,-59.8
179.3965,7,in,33110,-30
179.4011,7,in,33114,-87.6
179.4054,7,in,33118,-120.4
179.4097,7,in,33122,-99
179.4135,7,in,33126,-104.8
179.4188,7,in,33130,-126.2
179.423,7,in,33134,-41.2
179.4271,7,in,33138,-65.6
179.4316,7,in,33142,-90.4
179.4367,7,in,33146,-72.6
179.4407,7,in,33150,-112
179.4448,7,in,33154,-123.8
179.4495,7,in,33158,-124.8
179.4549,7,in,33162,-139.8
179.4589,7,in,33166,-116
179.4629,7,in,33170,-78.4
179.4673,7,in,33174,-42.2
179.4725,7,in,33178,-88.8
179.4768,7,in,33182,-185.6
179.481,7,in,33186,-75.6
179.4855,7,in,33190,-116.6
179.4911,7,in,33194,-133.4
179.4949,7,in,33198,-93.6
179.4988,7,in,33202,-68.4
179.5029,7,in,33206,-55.6
179.5074,7,in,33210,-108.4
179.5119,7,in,33214,-139.6
179.5159,7,in,33218,-116.8
179.52,7,in,33222,-91.8
179.5245,7,in,33226,-96.8
179.5292,7,in,33230,-77.6
179.533,7,in,33234,-100.2
179.5372,7,in,33238,-31.8
179.5412,7,in,33242,-146.8
179.5462,7,in,33246,-74.8
179.5504,7,in,33250,-21.6
179.5543,7,in,33254,-42.8
179.5584,7,in,33258,-80
179.5633,7,in,33262,-155.8
179.5675,7,in,33266,-108
179.5716,7,in,33270,-151.8
179.5761,7,in,33274,-108.8
179.5803,7,in,33278,-105.4
179.5842,7,in,33282,-147.8
179.588,7,in,33286,-176.2
179.5925,7,in,33290,-57.6
179.598,7,in,33294,-155.8
179.6019,7,in,33298,-218.8
179.6059,7,in,33302,-141
179.6103,7,in,33306,-232
179.6157,7,in,33310,-192.4
179.6202,7,in,33314,-304
179.6243,7,in,33318,-133.6
179.6286,7,in,33322,-201
179.6337,7,in,33326,-101.6
179.6375,7,in,33330,-166.6
179.6418,7,in,33334,-171
179.6457,7,in,33338,-153.2
179.6502,7,in,33342,-157.4
179.6547,7,in,33346,-196.4
179.659,7,in,33350,-203.4
179.6634,7,in,33354,-284.6
179.6682,7,in,33358,-151.6
179.6726,7,in,33362,-187.8
179.6768,7,in,33366,-187.8
179.6812,7,in,33370,-179
179.6871,7,in,33374,-192.2
179.692,7,in,33378,-165.4
179.6962,7,in,33382,-303.6
179.7003,7,in,33386,-204
179.7043,7,in,33390,-211.8
179.7078,7,in,33394,-230.8
179.7115,7,in,33398,-254
179.7151,7,in,33402,-141
179.7197,7,in,33406,-132.4
179.7238,7,in,33410,-159
179.728,7,in,33414,-147.8
179.7319,7,in,33418,-126.2
179.7359,7,in,33422,-46.6
179.7409,7,in,33426,-99.6
179.7449,7,in,33430,-48.2
179.7495,7,in,33434,-83
179.7549,7,in,33438,-83
179.7596,7,in,33442,-96.8
179.7644,7,in,33446,-51.6
179.7688,7,in,33450,-35
179.7731,7,in,33454,-127
179.7768,7,in,33458,-71.2
179.7805,7,in,33462,-38.6
179.7844,7,in,33466,-72.2
179.7881,7,in,33470,-121.6
179.7923,7,in,33474,-89.8
179.7974,7,in,33478,-85.2
179.8015,7,in,33482,-85.2
179.8055,7,in,33486,-93.6
179.8104,7,in,33490,-131.8
179.8154,7,in,33494,-90.8
179.82,7,in,33498,-92.8
179.8244,7,in,33502,-138.6
179.8289,7,in,33506,-95.4
179.8327,7,in,33510,-83.4
179.8362,7,in,33514,-117.4
179.8401,7,in,33518,-72.2
179.844,7,in,33522,-111.8
179.8482,7,in,33526,-33.4
179.852,7,in,33530,-107.4
179.8564,7,in,33534,-102
179.8618,7,in,33538,-144
179.8664,7,in,33542,-155.2
179.8706,7,in,33546,-166.6
179.8751,7,in,33550,-185.6
179.8794,7,in,33554,-188.6
179.8844,7,in,33558,-144.8
179.8887,7,in,33562,-159.6
179.8926,7,in,33566,-126.6
179.8968,7,in,33570,-128.4
179.9016,7,in,33574,-178.8
179.9058,7,in,33578,-172.6
179.9097,7,in,33582,-240.8
179.914,7,in,33586,-154.6
179.9185,7,in,33590,-162.4
179.9228,7,in,33594,-175.8
179.9271,7,in,33598,-205.4
179.9312,7,in,33602,-94.6
179.9354,7,in,33606,-105
179.9399,7,in,33610,-125.4
179.9439,7,in,33614,-133.2
179.9482,7,in,33618,-92.6
179.953,7,in,33622,-78.4
179.9579,7,in,33626,-96.8
179.962,7,in,33630,-216.6
179.9671,7,in,33634,-146
179.9715,7,in,33638,-160
179.976,7,in,33642,-218.6
179.98,7,in,33646,-186
179.9842,7,in,33650,-151.6
179.9884,7,in,33654,-144.6
179.9925,7,in,33658,-191.4
179.9971,7,in,33662,-177.2
180.0026,7,in,33666,-170.4
180.0072,7,in,33670,-205.2
180.0118,7,in,33674,-264.4
180.0168,7,in,33678,-238
180.0219,7,in,33682,-227.6
180.0275,7,in,33686,-203.2
180.0319,7,in,33690,-171.4
180.037,7,in,33694,-174.8
180.0421,7,in,33698,-208.2
180.0472,7,in,33702,-253.6
180.0523,7,in,33706,-254
180.057,7,in,33710,-250.8
180.0613,7,in,33714,-234
180.0664,7,in,33718,-225.2
180.0714,7,in,33722,-205.2
180.0758,7,in,33726,-227
180.0807,7,in,33730,-284.8
180.0856,7,in,33734,-296.2
180.0904,7,in,33738,-300.6
180.0948,7,in,33742,-205.6
180.0995,7,in,33746,-229.4
180.1042,7,in,33750,-244
180.1078,7,in,33754,-205.8
180.1125,7,in,33758,-151.6
180.1172,7,in,33762,-145.6
180.1227,7,in,33766,-206
180.1284,7,in,33770,-182
180.134,7,in,33774,-118.8
180.1395,7,in,33778,-168.4
180.1447,7,in,33782,-214.8
180.15,7,in,33786,-168.2
180.1552,7,in,33790,-194.8
180.1605,7,in,33794,-195.4
180.1664,7,in,33798,-215.8
180.1715,7,in,33802,-226.8
180.1767,7,in,33806,-227.8
180.1818,7,in,33810,-231.4
180.1865,7,in,33814,-269.4
180.1914,7,in,33818,-326
180.1969,7,in,33822,-229.8
180.2018,7,in,33826,-295
180.2076,7,in,33830,-208.6
180.212,7,in,33834,-174
180.2171,7,in,33838,-166.4
180.2218,7,in,33842,-190.8
180.2263,7,in,33846,-267.6
180.231,7,in,33850,-273.2
180.2357,7,in,33854,-226.4
180.2413,7,in,33858,-198
180.246,7,in,33862,-244.2
180.2506,7,in,33866,-224.8
180.2559,7,in,33870,-266.8
180.2614,7,in,33874,-243.2
180.2658,7,in,33878,-229.4
180.2709,7,in,33882,-231
180.2753,7,in,33886,-296.2
180.2797,7,in,33890,-137.6
180.2837,7,in,33894,-163.8
180.2881,7,in,33898,-159.4
180.2929,7,in,33902,-173.8
180.2981,7,in,33906,-148.6
180.3018,7,in,33910,-212.6
180.3061,7,in,33914,-159.4
180.3108,7,in,33918,-197.8
180.3161,7,in,33922,-205.8
180.3204,7,in,33926,-342.6
180.3246,7,in,33930,-262.8
180.3291,7,in,33934,-325
180.334,7,in,33938,-260.2
180.338,7,in,33942,-274.6
180.3425,7,in,33946,-204.4
180.3469,7,in,33950,-306.8
180.3525,7,in,33954,-266
180.357,7,in,33958,-236
180.3622,7,in,33962,-263.2
180.3671,7,in,33966,-259.8
180.3716,7,in,33970,-254.4
180.3762,7,in,33974,-336.8
180.3816,7,in,33978,-307.4
180.3876,7,in,33982,-294
180.3926,7,in,33986,-274.8
180.3973,7,in,33990,-311.8
180.4025,7,in,33994,-291.4
180.407,7,in,33998,-262.2
180.4113,7,in,34002,-286.2
180.416,7,in,34006,-270.4
180.4205,7,in,34010,-288.6
180.425,7,in,34014,-285.2
180.429,7,in,34018,-283.8
180.4332,7,in,34022,-321
180.4378,7,in,34026,-310
180.4428,7,in,34030,-508.4
180.4468,7,in,34034,-452.8
180.4512,7,in,34038,-361.8
180.4553,7,in,34042,-464.2
180.46,7,in,34046,-493.6
180.4645,7,in,34050,-471.2
180.4686,7,in,34054,-482.6
180.4728,7,in,34058,-428.2
180.4769,7,in,34062,-425.2
180.4818,7,in,34066,-437
180.486,7,in,34070,-436.4
180.4901,7,in,34074,-506
180.4944,7,in,34078,-437.4
180.4987,7,in,34082,-429.2
180.5032,7,in,34086,-403.8
180.5074,7,in,34090,-437
180.5123,7,in,34094,-396
180.5171,7,in,34098,-447.8
180.5217,7,in,34102,-760.2
180.5263,7,in,34106,-772.6
180.5308,7,in,34110,-729.8
180.5356,7,in,34114,-705.2
180.5403,7,in,34118,-712.2
180.5452,7,in,34122,-726.2
180.55,7,in,34126,-557.8
180.5545,7,in,34130,-543.4
180.5592,7,in,34134,-480.4
180.5637,7,in,34138,-402.2
180.5682,7,in,34142,-409.8
180.5729,7,in,34146,-427.2
180.5775,7,in,34150,-417.4
180.5818,7,in,34154,-391.8
180.5859,7,in,34158,-381.2
180.5901,7,in,34162,-433.2
180.5943,7,in,34166,-432.2
180.5987,7,in,34170,-408.8
180.6034,7,in,34174,-757.8
180.6081,7,in,34178,-552
180.6135,7,in,34182,-550.2
180.6186,7,in,34186,-483.6
180.6232,7,in,34190,-482
180.628,7,in,34194,-623.8
180.6327,7,in,34198,-855
180.6384,7,in,34202,-499.8
180.6432,7,in,34206,-504
180.6482,7,in,34210,-529
180.6535,7,in,34214,-516.4
180.6581,7,in,34218,-490.2
180.6626,7,in,34222,-474.6
180.6672,7,in,34226,-487.4
180.6719,7,in,34230,-460.6
180.6769,7,in,34234,-528.2
180.6815,7,in,34238,-437.6
180.6855,7,in,34242,-530.8
180.6898,7,in,34246,-531.4
180.6942,7,in,34250,-436.6
180.6988,7,in,34254,-429.4
180.7035,7,in,34258,-487.4
180.7088,7,in,34262,-478.8
180.7144,7,in,34266,-613.2
180.7192,7,in,34270,-587.4
180.724,7,in,34274,-573.4
180.7297,7,in,34278,-571.4
180.7348,7,in,34282,-531
180.7402,7,in,34286,-490.4
180.7447,7,in,34290,-490.4
180.7489,7,in,34294,-471
180.7531,7,in,34298,-427.2
180.757,7,in,34302,-548.8
180.7616,7,in,34306,-504.6
180.7662,7,in,34310,-465
180.7711,7,in,34314,-454.2
180.7766,7,in,34318,-465.6
180.7821,7,in,34322,-625.4
180.7874,7,in,34326,-497.6
180.793,7,in,34330,-644.2
180.7982,7,in,34334,-635.6
180.8025,7,in,34338,-670.2
180.8066,7,in,34342,-579.2
180.8108,7,in,34346,-587
180.8152,7,in,34350,-521.2
180.8201,7,in,34354,-511.6
180.8253,7,in,34358,-549.6
180.831,7,in,34362,-467.6
180.8356,7,in,34366,-462.8
180.8403,7,in,34370,-467.2
180.8455,7,in,34374,-481
180.8511,7,in,34378,-549.8
180.8568,7,in,34382,-527.6
180.861,7,in,34386,-643.2
180.8655,7,in,34390,-661.8
180.8701,7,in,34394,-597.2
180.875,7,in,34398,-619
180.8806,7,in,34402,-652.6
180.8858,7,in,34406,-672.4
180.8906,7,in,34410,-667.2
180.8955,7,in,34414,-694
180.9002,7,in,34418,-655
180.906,7,in,34422,-645.6
180.9105,7,in,34426,-583
180.9156,7,in,34430,-636.2
180.9203,7,in,34434,-621
180.925,7,in,34438,-645.6
180.9296,7,in,34442,-684.4
180.9342,7,in,34446,-681.6
180.9393,7,in,34450,-640.6
180.9439,7,in,34454,-589.6
180.9484,7,in,34458,-543.2
180.9531,7,in,34462,-581.8
180.9584,7,in,34466,-593.4
180.9624,7,in,34470,-654
180.9667,7,in,34474,-606.2
180.9709,7,in,34478,-639
180.976,7,in,34482,-613.6
180.9801,7,in,34486,-629.2
180.984,7,in,34490,-608
180.9882,7,in,34494,-657.6
180.9931,7,in,34498,-583.8
180.9977,7,in,34502,-619.8
181.0021,7,in,34506,-679.4
181.0062,7,in,34510,-698.8
181.0104,7,in,34514,-730
181.0151,7,in,34518,-700.6
181.0192,7,in,34522,-860.4
181.0234,7,in,34526,-739.6
181.0288,7,in,34530,-779.4
181.033,7,in,34534,-711.8
181.0373,7,in,34538,-678.2
181.0415,7,in,34542,-655
181.0462,7,in,34546,-676
181.0503,7,in,34550,-684.6
181.0546,7,in,34554,-753.4
181.0587,7,in,34558,-692.8
181.0627,7,in,34562,-743.2
181.067,7,in,34566,-711.4
181.0711,7,in,34570,-699
181.0759,7,in,34574,-758
181.08,7,in,34578,-780.6
181.0846,7,in,34582,-796.6
181.0887,7,in,34586,-786.2
181.0929,7,in,34590,-796.2
181.0971,7,in,34594,-825.4
181.1021,7,in,34598,-836.8
181.1063,7,in,34602,-799.8
181.1106,7,in,34606,-754.8
181.1146,7,in,34610,-738.2
181.12,7,in,34614,-776.2
181.1245,7,in,34618,-822.4
181.1291,7,in,34622,-857.4
181.1333,7,in,34626,-778.6
181.138,7,in,34630,-679.8
181.1423,7,in,34634,-729
181.1466,7,in,34638,-602.8
181.1507,7,in,34642,-563
181.1563,7,in,34646,-646.6
181.1602,7,in,34650,-644.8
181.1642,7,in,34654,-647.8
181.1686,7,in,34658,-626
181.1736,7,in,34662,-660.6
181.1773,7,in,34666,-673.6
181.1813,7,in,34670,-645.6
181.1861,7,in,34674,-692
181.1912,7,in,34678,-689.4
181.1957,7,in,34682,-676
181.2006,7,in,34686,-672.2
181.2057,7,in,34690,-749.6
181.2109,7,in,34694,-777.8
181.2155,7,in,34698,-721.2
181.2206,7,in,34702,-755.4
181.2254,7,in,34706,-673.2
181.2299,7,in,34710,-733.4
181.235,7,in,34714,-741.4
181.2401,7,in,34718,-752.2
181.2449,7,in,34722,-716.8
181.2494,7,in,34726,-757.4
181.2546,7,in,34730,-793.2
181.2589,7,in,34734,-767.6
181.2642,7,in,34738,-788.8
181.2684,7,in,34742,-805.8
181.2739,7,in,34746,-756.6
181.2785,7,in,34750,-811
181.2832,7,in,34754,-741.6
181.2879,7,in,34758,-738.2
181.2927,7,in,34762,-745.2
181.2978,7,in,34766,-732.4
181.3026,7,in,34770,-714.2
181.3077,7,in,34774,-699.8
181.3125,7,in,34778,-746.4
181.3176,7,in,34782,-771.6
181.3224,7,in,34786,-769
181.3274,7,in,34790,-729.4
181.3325,7,in,34794,-688
181.3372,7,in,34798,-787.6
181.3414,7,in,34802,-786
181.3458,7,in,34806,-807.8
181.3512,7,in,34810,-807.6
181.3556,7,in,34814,-826.2
181.3604,7,in,34818,-795.2
181.3653,7,in,34822,-843
181.3707,7,in,34826,-846.4
181.3757,7,in,34830,-778.2
181.3808,7,in,34834,-801.8
181.3859,7,in,34838,-776.4
181.3907,7,in,34842,-851.2
181.3956,7,in,34846,-850.4
181.4009,7,in,34850,-830.8
181.4053,7,in,34854,-824.6
181.4097,7,in,34858,-820.6
181.4145,7,in,34862,-779.6
181.4188,7,in,34866,-827.8
181.4239,7,in,34870,-763.4
181.4285,7,in,34874,-782.6
181.4336,7,in,34878,-760.6
181.4386,7,in,34882,-821.4
181.4428,7,in,34886,-812
181.4475,7,in,34890,-794.4
181.452,7,in,34894,-830.4
181.4568,7,in,34898,-842.8
181.4611,7,in,34902,-841.8
181.4662,7,in,34906,-817.4
181.4709,7,in,34910,-836.6
181.4755,7,in,34914,-850.6
181.4802,7,in,34918,-924
181.4856,7,in,34922,-800.2
181.4902,7,in,34926,-839.4
181.4957,7,in,34930,-859.6
181.5001,7,in,34934,-858.8
181.5051,7,in,34938,-899.6
181.5101,7,in,34942,-840.8
181.5146,7,in,34946,-766.6
181.5194,7,in,34950,-828.6
181.5241,7,in,34954,-842.4
181.5288,7,in,34958,-819.8
181.5336,7,in,34962,-856.4
181.5383,7,in,34966,-899.8
181.5427,7,in,34970,-845.2
181.5473,7,in,34974,-789.2
181.5523,7,in,34978,-797.8
181.5568,7,in,34982,-836.4
181.5618,7,in,34986,-844.6
181.5673,7,in,34990,-777.2
181.5718,7,in,34994,-824.4
181.5762,7,in,34998,-819.6
181.5808,7,in,35002,-834.6
181.586,7,in,35006,-794.8
181.5904,7,in,35010,-853.2
181.5947,7,in,35014,-886.6
181.5994,7,in,35018,-841.6
181.604,7,in,35022,-855.6
181.6085,7,in,35026,-796.6
181.6132,7,in,35030,-790
181.6175,7,in,35034,-765.4
181.6218,7,in,35038,-857.6
181.6256,7,in,35042,-872.6
181.6296,7,in,35046,-818.4
181.6339,7,in,35050,-870
181.6389,7,in,35054,-799.2
181.6433,7,in,35058,-866.2
181.6474,7,in,35062,-859
181.6515,7,in,35066,-852.8
181.657,7,in,35070,-839.2
181.6611,7,in,35074,-798.8
181.6653,7,in,35078,-887.2
181.6695,7,in,35082,-881.6
181.674,7,in,35086,-879
181.6779,7,in,35090,-809.2
181.6821,7,in,35094,-839
181.6868,7,in,35098,-828.4
181.6907,7,in,35102,-837.8
181.6948,7,in,35106,-924.2
181.6989,7,in,35110,-870.6
181.703,7,in,35114,-853
181.7078,7,in,35118,-854.2
181.7127,7,in,35122,-861
181.7177,7,in,35126,-769.8
181.7234,7,in,35130,-752.6
181.7301,7,in,35134,-758.4
181.7353,7,in,35138,-767.4
181.7409,7,in,35142,-775.2
181.7456,7,in,35146,-773
181.7497,7,in,35150,-785
181.7533,7,in,35154,-767.2
181.7569,7,in,35158,-800
181.7607,7,in,35162,-755.2
181.7652,7,in,35166,-816.6
181.7694,7,in,35170,-805
181.7732,7,in,35174,-790
181.7775,7,in,35178,-896.8
181.7823,7,in,35182,-842.2
181.7869,7,in,35186,-834
181.7917,7,in,35190,-808.6
181.7958,7,in,35194,-764.2
181.7995,7,in,35198,-745.2
181.8038,7,in,35202,-770.2
181.8077,7,in,35206,-806
181.8117,7,in,35210,-894.8
181.8152,7,in,35214,-822.2
181.8192,7,in,35218,-833.6
181.8235,7,in,35222,-860.4
181.8274,7,in,35226,-867.8
181.8315,7,in,35230,-817.2
181.836,7,in,35234,-777.2
181.8404,7,in,35238,-823.6
181.8447,7,in,35242,-841.4
181.8491,7,in,35246,-825.2
181.8539,7,in,35250,-761.2
181.8585,7,in,35254,-799.4
181.8626,7,in,35258,-916
181.8666,7,in,35262,-867.2
181.8715,7,in,35266,-871.6
181.8761,7,in,35270,-907.8
181.8806,7,in,35274,-896.8
181.8851,7,in,35278,-866.2
181.8906,7,in,35282,-888.4
181.8951,7,in,35286,-926.2
181.8998,7,in,35290,-850.2
181.9045,7,in,35294,-905
181.9088,7,in,35298,-880.2
181.9135,7,in,35302,-847.4
181.9173,7,in,35306,-806
181.9213,7,in,35310,-862.2
181.9261,7,in,35314,-836.2
181.9302,7,in,35318,-858.2
181.9343,7,in,35322,-867.6
181.9392,7,in,35326,-870.4
181.9443,7,in,35330,-835.8
181.9486,7,in,35334,-827.8
181.9528,7,in,35338,-829.2
181.9572,7,in,35342,-896.6
181.9626,7,in,35346,-849.4
181.9668,7,in,35350,-855
181.9709,7,in,35354,-920.6
181.9752,7,in,35358,-905.6
181.9796,7,in,35362,-928
181.9849,7,in,35366,-885.8
181.9894,7,in,35370,-867.2
181.9946,7,in,35374,-915.4
181.9995,7,in,35378,-918.6
182.0045,7,in,35382,-866.2
182.0093,7,in,35386,-920.4
182.0141,7,in,35390,-942.8
182.0184,7,in,35394,-873.8
182.0232,7,in,35398,-867
182.0286,7,in,35402,-924.6
182.0333,7,in,35406,-876.2
182.038,7,in,35410,-858.4
182.0428,7,in,35414,-892
182.0481,7,in,35418,-898.4
182.0526,7,in,35422,-866.8
182.0568,7,in,35426,-890.2
182.0624,7,in,35430,-925.2
182.0667,7,in,35434,-851
182.0712,7,in,35438,-884.6
182.0753,7,in,35442,-935.6
182.0795,7,in,35446,-903.6
182.0838,7,in,35450,-882.2
182.0882,7,in,35454,-873.6
182.0922,7,in,35458,-901
182.0959,7,in,35462,-933.4
182.0997,7,in,35466,-930.4
182.1042,7,in,35470,-867.8
182.1079,7,in,35474,-913.6
182.1117,7,in,35478,-906
182.1156,7,in,35482,-846.6
182.1194,7,in,35486,-876.8
182.1235,7,in,35490,-884.6
182.1275,7,in,35494,-764.8
182.1315,7,in,35498,-719.4
182.1355,7,in,35502,-751.2
182.1397,7,in,35506,-735.6
182.1433,7,in,35510,-787.2
182.1476,7,in,35514,-740.8
182.1518,7,in,35518,-793.6
182.1572,7,in,35522,-763.8
182.1611,7,in,35526,-730.4
182.1652,7,in,35530,-770.2
182.1692,7,in,35534,-786
182.1734,7,in,35538,-727.2
182.1776,7,in,35542,-721.6
182.1816,7,in,35546,-699.8
182.1855,7,in,35550,-703
182.1897,7,in,35554,-713.8
182.1942,7,in,35558,-754.8
182.1983,7,in,35562,-718.6
182.2024,7,in,35566,-750
182.206,7,in,35570,-762
182.2097,7,in,35574,-752.8
182.2138,7,in,35578,-718.6
182.2173,7,in,35582,-757.2
182.2212,7,in,35586,-754.8
182.2248,7,in,35590,-741.4
182.2287,7,in,35594,-750.4
182.2326,7,in,35598,-705.4
182.2369,7,in,35602,-768.8
182.241,7,in,35606,-789.6
182.2453,7,in,35610,-762.2
182.2497,7,in,35614,-758
182.2537,7,in,35618,-802.8
182.2577,7,in,35622,-723.8
182.2621,7,in,35626,-772.6
182.267,7,in,35630,-738.2
182.2713,7,in,35634,-814.8
182.2758,7,in,35638,-835.6
182.2802,7,in,35642,-762.8
182.2843,7,in,35646,-799.2
182.2882,7,in,35650,-763.4
182.2928,7,in,35654,-719.2
182.2969,7,in,35658,-812.4
182.3009,7,in,35662,-746.4
182.3053,7,in,35666,-771
182.3095,7,in,35670,-776
182.3142,7,in,35674,-781.8
182.3188,7,in,35678,-785.2
182.3232,7,in,35682,-762
182.3279,7,in,35686,-773.4
182.3324,7,in,35690,-737
182.3369,7,in,35694,-779.2
182.3414,7,in,35698,-782.4
182.3456,7,in,35702,-835.2
182.3501,7,in,35706,-788.6
182.3548,7,in,35710,-757.4
182.3586,7,in,35714,-777
182.3628,7,in,35718,-802.4
182.3666,7,in,35722,-744.6
182.3706,7,in,35726,-721
182.3749,7,in,35730,-793.2
182.3782,7,in,35734,-776.6
182.3818,7,in,35738,-779.8
182.3855,7,in,35742,-749.8
182.3895,7,in,35746,-782.4
182.3936,7,in,35750,-800.2
182.3975,7,in,35754,-816.8
182.402,7,in,35758,-762.2
182.4056,7,in,35762,-788.4
182.4102,7,in,35766,-786.4
182.414,7,in,35770,-776
182.4181,7,in,35774,-817
182.4224,7,in,35778,-793.8
182.4274,7,in,35782,-789.8
182.4319,7,in,35786,-753.2
182.4366,7,in,35790,-744.8
182.4414,7,in,35794,-803.6
182.4459,7,in,35798,-765
182.4504,7,in,35802,-790.2
182.4548,7,in,35806,-770.8
182.4588,7,in,35810,-802.8
182.4633,7,in,35814,-781.2
182.4674,7,in,35818,-759.2
182.4717,7,in,35822,-759.8
182.4755,7,in,35826,-764
182.4797,7,in,35830,-804.6
182.4833,7,in,35834,-771
182.4871,7,in,35838,-779
182.4908,7,in,35842,-777
182.4949,7,in,35846,-778
182.4991,7,in,35850,-735.2
182.503,7,in,35854,-730
182.5073,7,in,35858,-774.6
182.5114,7,in,35862,-765.6
182.5152,7,in,35866,-748.6
182.5193,7,in,35870,-734
182.5235,7,in,35874,-746
182.5274,7,in,35878,-782.6
182.5324,7,in,35882,-779.8
182.5375,7,in,35886,-752.8
182.542,7,in,35890,-740.6
182.5462,7,in,35894,-774.6
182.5507,7,in,35898,-693
182.5552,7,in,35902,-750.4
182.5592,7,in,35906,-797.4
182.5634,7,in,35910,-782.4
182.5675,7,in,35914,-739
182.5722,7,in,35918,-737.8
182.5766,7,in,35922,-779.4
182.5809,7,in,35926,-755
182.5846,7,in,35930,-783.8
182.5883,7,in,35934,-767.4
182.5922,7,in,35938,-785.2
182.5962,7,in,35942,-808.2
182.6003,7,in,35946,-784
182.6044,7,in,35950,-757.4
182.6081,7,in,35954,-810.8
182.6118,7,in,35958,-774.2
182.616,7,in,35962,-769.6
182.62,7,in,35966,-740
182.6236,7,in,35970,-742.6
182.6272,7,in,35974,-783
182.6311,7,in,35978,-745
182.6349,7,in,35982,-760.6
182.6388,7,in,35986,-708.4
182.6433,7,in,35990,-747.6
182.6473,7,in,35994,-772.6
182.6516,7,in,35998,-740.2
182.6552,7,in,36002,-774.6
182.6593,7,in,36006,-773
182.663,7,in,36010,-788.2
182.667,7,in,36014,-821.4
182.6704,7,in,36018,-779.2
182.6743,7,in,36022,-773.8
182.6782,7,in,36026,-797.2
182.6825,7,in,36030,-822
182.6865,7,in,36034,-770.2
182.6901,7,in,36038,-789
182.6937,7,in,36042,-794.2
182.6978,7,in,36046,-820.6
182.7016,7,in,36050,-770.4
182.7059,7,in,36054,-795
182.7101,7,in,36058,-806.8
182.7141,7,in,36062,-794.6
182.7178,7,in,36066,-795.8
182.7213,7,in,36070,-759.2
182.7254,7,in,36074,-829.6
182.7293,7,in,36078,-767
182.7336,7,in,36082,-733.8
182.7377,7,in,36086,-775.2
182.7415,7,in,36090,-780.8
182.7455,7,in,36094,-794.8
182.7497,7,in,36098,-754
182.7539,7,in,36102,-786.6
182.7576,7,in,36106,-760.2
182.7614,7,in,36110,-853.6
182.7652,7,in,36114,-795.8
182.7687,7,in,36118,-832
182.7724,7,in,36122,-779.4
182.7765,7,in,36126,-763.2
182.7804,7,in,36130,-778.6
182.7849,7,in,36134,-746
182.7894,7,in,36138,-776.6
182.794,7,in,36142,-799.8
182.7989,7,in,36146,-777.4
182.8039,7,in,36150,-766.4
182.8085,7,in,36154,-762.8
182.8131,7,in,36158,-809.6
182.8176,7,in,36162,-761
182.8213,7,in,36166,-767.4
182.8251,7,in,36170,-799
182.8291,7,in,36174,-807.6
182.8329,7,in,36178,-763
182.837,7,in,36182,-753
182.8411,7,in,36186,-781.6
182.8454,7,in,36190,-778.4
182.8502,7,in,36194,-788.2
182.8549,7,in,36198,-793.4
182.8593,7,in,36202,-823
182.8636,7,in,36206,-828.2
182.8681,7,in,36210,-803
182.8729,7,in,36214,-794
182.8774,7,in,36218,-793.2
182.8822,7,in,36222,-789.2
182.8871,7,in,36226,-805.6
182.8921,7,in,36230,-802
182.8965,7,in,36234,-835.4
182.901,7,in,36238,-791
182.9055,7,in,36242,-760.2
182.9097,7,in,36246,-802.2
182.914,7,in,36250,-744
182.9183,7,in,36254,-764
182.9224,7,in,36258,-808.4
182.9273,7,in,36262,-786.8
182.9319,7,in,36266,-773.4
182.9363,7,in,36270,-761.6
182.9412,7,in,36274,-783.2
182.9461,7,in,36278,-817
182.9513,7,in,36282,-775
182.9565,7,in,36286,-798
182.9609,7,in,36290,-794.2
182.9651,7,in,36294,-770.4
182.9697,7,in,36298,-785.6
182.974,7,in,36302,-790
182.979,7,in,36306,-806
182.9838,7,in,36310,-776.6
182.9889,7,in,36314,-778.2
182.9936,7,in,36318,-813.8
182.9981,7,in,36322,-782.8
183.0023,7,in,36326,-755.4
183.0066,7,in,36330,-774
183.0108,7,in,36334,-807.4
183.0153,7,in,36338,-788.6
183.0194,7,in,36342,-803.2
183.0233,7,in,36346,-769
183.0272,7,in,36350,-777
183.0316,7,in,36354,-798.6
183.0358,7,in,36358,-792.8
183.0403,7,in,36362,-809.2
183.0442,7,in,36366,-818.8
183.0486,7,in,36370,-786.6
183.0532,7,in,36374,-783
183.0573,7,in,36378,-769.6
183.0613,7,in,36382,-759.6
183.0654,7,in,36386,-764.8
183.0702,7,in,36390,-792
183.0751,7,in,36394,-764
183.0794,7,in,36398,-809.6
183.084,7,in,36402,-779.8
183.089,7,in,36406,-808.8
183.0941,7,in,36410,-818.6
183.0994,7,in,36414,-753.8
183.1041,7,in,36418,-820
183.1083,7,in,36422,-796
183.1126,7,in,36426,-846.6
183.1169,7,in,36430,-819
183.1218,7,in,36434,-796.2
183.1266,7,in,36438,-849.2
183.1313,7,in,36442,-814
183.1355,7,in,36446,-866.4
183.1408,7,in,36450,-808
183.1456,7,in,36454,-806.8
183.1511,7,in,36458,-789.4
183.1571,7,in,36462,-824.8
183.1623,7,in,36466,-811.4
183.168,7,in,36470,-796.6
183.1739,7,in,36474,-840.2
183.1791,7,in,36478,-797.2
183.1842,7,in,36482,-817.6
183.1894,7,in,36486,-799
183.1941,7,in,36490,-807.4
183.199,7,in,36494,-794.4
183.2037,7,in,36498,-778.8
183.2084,7,in,36502,-797.6
183.2127,7,in,36506,-823.8
183.2165,7,in,36510,-782.2
183.2206,7,in,36514,-786.4
183.2249,7,in,36518,-810.8
183.2292,7,in,36522,-807.6
183.2335,7,in,36526,-807.2
183.2383,7,in,36530,-813.8
183.2428,7,in,36534,-852.2
183.2473,7,in,36538,-822.6
183.2518,7,in,36542,-855.8
183.2567,7,in,36546,-802.2
183.2619,7,in,36550,-834
183.2675,7,in,36554,-828.8
183.2723,7,in,36558,-860
183.277,7,in,36562,-783.8
183.2815,7,in,36566,-841
183.2862,7,in,36570,-831.4
183.2908,7,in,36574,-814.4
183.2953,7,in,36578,-818.4
183.2996,7,in,36582,-944.2
183.3044,7,in,36586,-988
183.3092,7,in,36590,-976.8
183.3131,7,in,36594,-960.4
183.3182,7,in,36598,-990.4
183.3228,7,in,36602,-1013.4
183.3269,7,out,36598,-994.4
183.3308,7,out,36594,-996.2
183.3349,7,out,36590,-998.6
183.3394,7,out,36586,-998.4
183.3435,7,out,36582,-999.6
183.348,7,out,36578,-992.8
183.3522,7,out,36574,-1005.2
183.3572,7,out,36570,-1001.8
183.3615,7,out,36566,-974.2
183.3662,7,out,36562,-998.6
183.3702,7,out,36558,-940.4
183.3751,7,out,36554,-1015
183.3797,7,out,36550,-990
183.3839,7,out,36546,-984
183.3884,7,out,36542,-991
183.3928,7,out,36538,-1034.2
183.3969,7,out,36534,-944
183.4012,7,out,36530,-1018.8
183.4052,7,out,36526,-982.8
183.4104,7,out,36522,-997.6
183.4147,7,out,36518,-954.2
183.4189,7,out,36514,-1016.4
183.4229,7,out,36510,-1030.8
183.4281,7,out,36506,-993.4
183.4324,7,out,36502,-951.2
183.4369,7,out,36498,-1040.6
183.4415,7,out,36494,-1017.2
183.4466,7,out,36490,-1038.8
183.451,7,out,36486,-962.4
183.4556,7,out,36482,-1013.6
183.4595,7,out,36478,-1007.4
183.4645,7,out,36474,-985.4
183.4687,7,out,36470,-957
183.4733,7,out,36466,-1016.4
183.4775,7,out,36462,-1052.6
183.4823,7,out,36458,-987.6
183.4866,7,out,36454,-991.4
183.4905,7,out,36450,-1024
183.4945,7,out,36446,-1023.8
183.4994,7,out,36442,-958
183.5047,7,out,36438,-984
183.5094,7,out,36434,-1015
183.5138,7,out,36430,-959.8
183.518,7,out,36426,-1003.2
183.5223,7,out,36422,-1011.8
183.5265,7,out,36418,-1025.2
183.531,7,out,36414,-1016.2
183.5359,7,out,36410,-947.8
183.5404,7,out,36406,-1028
183.5457,7,out,36402,-1009
183.5513,7,out,36398,-999.8
183.5565,7,out,36394,-1011.8
183.5614,7,out,36390,-1030.8
183.566,7,out,36386,-1015.8
183.5715,7,out,36382,-973.4
183.5764,7,out,36378,-969.4
183.5815,7,out,36374,-1004.8
183.5861,7,out,36370,-984
183.5912,7,out,36366,-1042.6
183.5967,7,out,36362,-1018.4
183.6016,7,out,36358,-1005
183.6064,7,out,36354,-1009.8
183.6112,7,out,36350,-994.6
183.616,7,out,36346,-996.8
183.6204,7,out,36342,-960.4
183.6251,7,out,36338,-986
183.6296,7,out,36334,-1007.2
183.6347,7,out,36330,-984.4
183.6396,7,out,36326,-1009.6
183.6443,7,out,36322,-1031.8
183.6489,7,out,36318,-923.2
183.6539,7,out,36314,-983.6
183.6586,7,out,36310,-1008
183.6629,7,out,36306,-1040
183.6679,7,out,36302,-1000.4
183.6729,7,out,36298,-1006.6
183.6781,7,out,36294,-1021
183.6823,7,out,36290,-964.8
183.6864,7,out,36286,-1012.2
183.6906,7,out,36282,-1026.6
183.6944,7,out,36278,-1008.8
183.6984,7,out,36274,-1003.4
183.7022,7,out,36270,-959
183.7063,7,out,36266,-985.8
183.7102,7,out,36262,-1020
183.7148,7,out,36258,-957.2
183.7188,7,out,36254,-965.6
183.7239,7,out,36250,-968
183.7285,7,out,36246,-1011
183.7324,7,out,36242,-1007
183.7366,7,out,36238,-975.4
183.7407,7,out,36234,-1029.6
183.7451,7,out,36230,-988.2
183.7505,7,out,36226,-1002.6
183.7546,7,out,36222,-1021.4
183.7582,7,out,36218,-1018.8
183.7618,7,out,36214,-1004.6
183.7653,7,out,36210,-1026.6
183.7695,7,out,36206,-973.6
183.7735,7,out,36202,-999.4
183.777,7,out,36198,-1007.6
183.7809,7,out,36194,-1015.2
183.7851,7,out,36190,-1053
183.7886,7,out,36186,-1018.8
183.7923,7,out,36182,-1028.6
183.796,7,out,36178,-1033.4
183.8005,7,out,36174,-997.6
183.8045,7,out,36170,-994.2
183.8082,7,out,36166,-1004.4
183.8118,7,out,36162,-995.6
183.8156,7,out,36158,-1004.4
183.8201,7,out,36154,-933.8
183.8241,7,out,36150,-988.2
183.8283,7,out,36146,-971.6
183.8322,7,out,36142,-965.4
183.8363,7,out,36138,-972
183.8405,7,out,36134,-1045.4
183.8447,7,out,36130,-1032.4
183.8487,7,out,36126,-1028.2
183.8527,7,out,36122,-1031.6
183.8575,7,out,36118,-1000.2
183.8616,7,out,36114,-1047.6
183.866,7,out,36110,-967.6
183.8702,7,out,36106,-1019.6
183.8743,7,out,36102,-971.8
183.8782,7,out,36098,-1038.6
183.8822,7,out,36094,-982
183.8862,7,out,36090,-1011.2
183.8906,7,out,36086,-1058.2
183.8947,7,out,36082,-1031.6
183.8987,7,out,36078,-970.8
183.9029,7,out,36074,-985.4
183.9071,7,out,36070,-1007.4
183.9111,7,out,36066,-984.4
183.9154,7,out,36062,-1002
183.9198,7,out,36058,-984
183.9243,7,out,36054,-1021
183.9286,7,out,36050,-984.8
183.933,7,out,36046,-1009
183.9369,7,out,36042,-955
183.9412,7,out,36038,-992.6
183.9461,7,out,36034,-1010.2
183.9498,7,out,36030,-1016.8
183.9541,7,out,36026,-1012
183.9591,7,out,36022,-995.4
183.964,7,out,36018,-962.8
183.9688,7,out,36014,-1006.4
183.9733,7,out,36010,-984.6
183.9779,7,out,36006,-963
183.9821,7,out,36002,-990.2
183.9869,7,out2,35952,-977.2
183.9915,7,out2,35902,-993
183.997,7,out2,35852,-1003.2
184.0016,7,out2,35802,-1022
184.0059,7,out2,35752,-981.2
184.0107,7,out2,35702,-1034.6
184.0163,7,out2,35652,-994.8
184.021,7,out2,35602,-949.6
184.026,7,out2,35552,-974.6
184.0307,7,out2,35502,-1025.8
184.0363,7,out2,35452,-991.6
184.0414,7,out2,35402,-985.8
184.0464,7,out2,35352,-999
184.0512,7,out2,35302,-990.4
184.0559,7,out2,35252,-1024.8
184.0602,7,out2,35202,-1000.2
184.0655,7,out2,35152,-1001
184.0704,7,out2,35102,-968.8
184.0749,7,out2,35052,-996.4
184.0798,7,out2,35002,-1034.4
184.0847,7,out2,34952,-999.8
184.0894,7,out2,34902,-913.4
184.0942,7,out2,34852,-992.8
184.099,7,out2,34802,-996.6
184.1039,7,out2,34752,-967.6
184.1091,7,out2,34702,-969.4
184.1132,7,out2,34652,-1032.6
184.1176,7,out2,34602,-988.4
184.1221,7,out2,34552,-980.2
184.1267,7,out2,34502,-1021.4
184.1305,7,out2,34452,-999.6
184.1342,7,out2,34402,-949
184.1383,7,out2,34352,-984.2
184.1428,7,out2,34302,-942
184.1475,7,out2,34252,-1013.2
184.1517,7,out2,34202,-947.8
184.1561,7,out2,34152,-936.8
184.1607,7,out2,34102,-1009.6
184.1655,7,out2,34052,-1017
184.1695,7,out2,34002,-1003.6
184.1737,7,out2,33952,-1024.8
184.1786,7,out2,33902,-1005.4
184.1826,7,out2,33852,-1008.8
184.1867,7,out2,33802,-1015.2
184.1915,7,out2,33752,-969.2
184.1959,7,out2,33702,-992.4
184.1999,7,out2,33652,-997.6
184.2043,7,out2,33602,-956.6
184.2085,7,out2,33552,-976
184.2126,7,out2,33502,-995
184.217,7,out2,33452,-1020
184.2217,7,out2,33402,-977.6
184.2261,7,out2,33352,-981.6
184.2307,7,out2,33302,-981.8
184.2352,7,out2,33252,-987
184.2393,7,out2,33202,-954.2
184.2436,7,out2,33152,-1005
184.2477,7,out2,33102,-1039
184.2522,7,out2,33052,-1030.4
184.2565,7,out2,33002,-1014.8
184.2606,7,out2,32952,-1042.6
184.2649,7,out2,32902,-984
184.2697,7,out2,32852,-932.6
184.2738,7,out2,32802,-975.2
184.278,7,out2,32752,-1026.4
184.2826,7,out2,32702,-970.8
184.2883,7,out2,32652,-936.4
184.2925,7,out2,32602,-954.8
184.2967,7,out2,32552,-990.8
184.301,7,out2,32502,-971.2
184.3055,7,out2,32452,-972.4
184.3099,7,out2,32402,-957.4
184.3145,7,out2,32352,-925.6
184.3187,7,out2,32302,-905.4
184.3235,7,out2,32252,-883.4
184.328,7,out2,32202,-840.4
184.3322,7,out2,32152,-935
184.3368,7,out2,32102,-711.8
184.3428,7,out2,32052,-611.8
184.3469,7,out2,32002,-835.2
184.3511,7,out2,31952,-529.2
184.3552,7,out2,31902,-404
184.361,7,out2,31852,-437
184.365,7,out2,31802,-390.8
184.3693,7,out2,31752,-325.6
184.3735,7,out2,31702,-279.2
184.3788,7,out2,31652,-192.8
184.3831,7,out2,31602,-137.4
184.3873,8,in,31602,-137.2
184.3915,8,in,31606,-155.4
184.3965,8,in,31610,-146.8
184.4012,8,in,31614,-194.2
184.4062,8,in,31618,-205.6
184.4102,8,in,31622,-199.2
184.4153,8,in,31626,-196.4
184.42,8,in,31630,-138.2
184.4245,8,in,31634,-137.8
184.4287,8,in,31638,-65.4
184.4335,8,in,31642,-142
184.4379,8,in,31646,-85.6
184.4422,8,in,31650,-109.8
184.4464,8,in,31654,-148.2
184.4515,8,in,31658,-105.8
184.4555,8,in,31662,-102.4
184.46,8,in,31666,-109.4
184.4646,8,in,31670,-120.4
184.47,8,in,31674,-133.2
184.4739,8,in,31678,-172.4
184.4781,8,in,31682,-147
184.4826,8,in,31686,-115.4
184.4877,8,in,31690,-127.6
184.4919,8,in,31694,-190.2
184.496,8,in,31698,-149.4
184.5003,8,in,31702,-138
184.5051,8,in,31706,-159.4
184.5096,8,in,31710,-150.2
184.5139,8,in,31714,-153.6
184.518,8,in,31718,-133.8
184.5234,8,in,31722,-162.8
184.5274,8,in,31726,-158
184.532,8,in,31730,-196.2
184.5366,8,in,31734,-99.6
184.5418,8,in,31738,-100.8
184.546,8,in,31742,-192
184.55,8,in,31746,-117.6
184.5544,8,in,31750,-141.4
184.56,8,in,31754,-127.4
184.564,8,in,31758,-106.8
184.568,8,in,31762,-98
184.5724,8,in,31766,-155.2
184.5775,8,in,31770,-135.4
184.5817,8,in,31774,-106
184.5862,8,in,31778,-159.8
184.5906,8,in,31782,-136.2
184.5954,8,in,31786,-156.4
184.6002,8,in,31790,-140.6
184.6052,8,in,31794,-116.4
184.6097,8,in,31798,-127.2
184.6151,8,in,31802,-172
184.6201,8,in,31806,-122.4
184.6248,8,in,31810,-180.6
184.6301,8,in,31814,-173.4
184.6344,8,in,31818,-126.4
184.6388,8,in,31822,-123.8
184.6432,8,in,31826,-164.4
184.648,8,in,31830,-155.6
184.6526,8,in,31834,-106.8
184.6572,8,in,31838,-126.2
184.6622,8,in,31842,-185
184.6672,8,in,31846,-125.8
184.6721,8,in,31850,-154.2
184.6769,8,in,31854,-199.6
184.6821,8,in,31858,-153
184.6867,8,in,31862,-206.6
184.6904,8,in,31866,-190.8
184.6941,8,in,31870,-163.4
184.6978,8,in,31874,-153
184.7018,8,in,31878,-179.8
184.7059,8,in,31882,-181.2
184.7102,8,in,31886,-147.8
184.7148,8,in,31890,-148.2
184.7195,8,in,31894,-143.2
184.7244,8,in,31898,-141.8
184.7291,8,in,31902,-172
184.734,8,in,31906,-145.4
184.7392,8,in,31910,-159.2
184.744,8,in,31914,-190.6
184.7485,8,in,31918,-129
184.7529,8,in,31922,-188.4
184.7572,8,in,31926,-133.6
184.7618,8,in,31930,-115.4
184.767,8,in,31934,-154.4
184.7719,8,in,31938,-151.8
184.7774,8,in,31942,-142.2
184.7834,8,in,31946,-169.8
184.7891,8,in,31950,-150
184.7942,8,in,31954,-150.2
184.7991,8,in,31958,-138.4
184.8036,8,in,31962,-142
184.808,8,in,31966,-155.2
184.8127,8,in,31970,-153.6
184.8173,8,in,31974,-136.6
184.8218,8,in,31978,-149.4
184.8271,8,in,31982,-162.8
184.8318,8,in,31986,-145.2
184.836,8,in,31990,-96.6
184.8413,8,in,31994,-176.4
184.8468,8,in,31998,-168.2
184.8528,8,in,32002,-176.8
184.8585,8,in,32006,-151.4
184.8634,8,in,32010,-167.6
184.8682,8,in,32014,-146.4
184.8739,8,in,32018,-141
184.8791,8,in,32022,-169.6
184.8843,8,in,32026,-188.4
184.8887,8,in,32030,-187.2
184.8936,8,in,32034,-156.4
184.8993,8,in,32038,-130.8
184.9047,8,in,32042,-140.6
184.9111,8,in,32046,-150.8
184.917,8,in,32050,-140
184.9227,8,in,32054,-105.8
184.9284,8,in,32058,-138.4
184.9349,8,in,32062,-139.2
184.9396,8,in,32066,-129.8
184.9453,8,in,32070,-173.4
184.9508,8,in,32074,-159.8
184.9558,8,in,32078,-115
184.9605,8,in,32082,-161.2
184.9653,8,in,32086,-134
184.9711,8,in,32090,-145.2
184.9753,8,in,32094,-120.2
184.9797,8,in,32098,-184.4
184.9841,8,in,32102,-112.6
184.99,8,in,32106,-138.4
184.9944,8,in,32110,-174.8
184.999,8,in,32114,-167.6
185.0045,8,in,32118,-138.4
185.0094,8,in,32122,-152.6
185.0141,8,in,32126,-147.8
185.0189,8,in,32130,-135.8
185.0245,8,in,32134,-154.8
185.0293,8,in,32138,-164.6
185.0336,8,in,32142,-118
185.0388,8,in,32146,-157.6
185.0431,8,in,32150,-171.4
185.0476,8,in,32154,-196.4
185.0525,8,in,32158,-162.2
185.0573,8,in,32162,-143.8
185.062,8,in,32166,-137.2
185.0667,8,in,32170,-181.2
185.0716,8,in,32174,-184.6
185.0763,8,in,32178,-120.4
185.0811,8,in,32182,-189.2
185.0855,8,in,32186,-116.2
185.0905,8,in,32190,-115.8
185.0958,8,in,32194,-106.6
185.1002,8,in,32198,-138
185.1047,8,in,32202,-164.8
185.1092,8,in,32206,-174.6
185.1142,8,in,32210,-196.2
185.1191,8,in,32214,-151.6
185.1241,8,in,32218,-151.4
185.1298,8,in,32222,-193.8
185.135,8,in,32226,-161.4
185.1396,8,in,32230,-185.2
185.1446,8,in,32234,-190
185.1501,8,in,32238,-156
185.1545,8,in,32242,-171.4
185.1594,8,in,32246,-149
185.1639,8,in,32250,-172
185.1685,8,in,32254,-187.2
185.1733,8,in,32258,-160.4
185.1783,8,in,32262,-187.4
185.1828,8,in,32266,-161.6
185.1877,8,in,32270,-124.6
185.1927,8,in,32274,-156.6
185.1976,8,in,32278,-167.8
185.2024,8,in,32282,-192.4
185.2075,8,in,32286,-162
185.2122,8,in,32290,-185.4
185.2166,8,in,32294,-185.8
185.222,8,in,32298,-176.4
185.2268,8,in,32302,-147.8
185.2317,8,in,32306,-181.4
185.2364,8,in,32310,-175.2
185.2409,8,in,32314,-195.4
185.2451,8,in,32318,-191.4
185.2493,8,in,32322,-162.2
185.2538,8,in,32326,-146.8
185.258,8,in,32330,-201
185.2622,8,in,32334,-136.4
185.2668,8,in,32338,-163.6
185.2718,8,in,32342,-163.2
185.2764,8,in,32346,-181.6
185.2813,8,in,32350,-169.8
185.2862,8,in,32354,-166.8
185.2916,8,in,32358,-143
185.2966,8,in,32362,-160.8
185.3016,8,in,32366,-147.8
185.3066,8,in,32370,-170
185.3116,8,in,32374,-174.4
185.3168,8,in,32378,-123.4
185.3222,8,in,32382,-164.6
185.3275,8,in,32386,-166.8
185.3321,8,in,32390,-172.6
185.3371,8,in,32394,-125
185.3414,8,in,32398,-169.6
185.3458,8,in,32402,-114
185.3504,8,in,32406,-143.8
185.3556,8,in,32410,-150.8
185.3605,8,in,32414,-150
185.3653,8,in,32418,-142.4
185.3702,8,in,32422,-121.8
185.3751,8,in,32426,-164.8
185.38,8,in,32430,-137.6
185.3845,8,in,32434,-159.8
185.3889,8,in,32438,-172
185.3938,8,in,32442,-171.4
185.3993,8,in,32446,-171
185.4041,8,in,32450,-147.6
185.4087,8,in,32454,-156.2
185.4137,8,in,32458,-195.2
185.418,8,in,32462,-208.4
185.4219,8,in,32466,-159.8
185.4261,8,in,32470,-168.2
185.4304,8,in,32474,-217.6
185.4347,8,in,32478,-210.2
185.439,8,in,32482,-170.6
185.4431,8,in,32486,-147.6
185.4481,8,in,32490,-196.6
185.4525,8,in,32494,-229.6
185.4571,8,in,32498,-189.4
185.4617,8,in,32502,-142.4
185.4662,8,in,32506,-162.4
185.4705,8,in,32510,-168.2
185.4753,8,in,32514,-149.2
185.4798,8,in,32518,-182.2
185.4843,8,in,32522,-165.4
185.4889,8,in,32526,-157.4
185.4931,8,in,32530,-152.6
185.4971,8,in,32534,-215.8
185.5017,8,in,32538,-147.4
185.5064,8,in,32542,-176.2
185.5106,8,in,32546,-149.4
185.5148,8,in,32550,-175.2
185.5189,8,in,32554,-185.8
185.523,8,in,32558,-140.8
185.5267,8,in,32562,-131
185.5312,8,in,32566,-113.6
185.5352,8,in,32570,-116.6
185.5405,8,in,32574,-149.8
185.5447,8,in,32578,-181
185.5488,8,in,32582,-193
185.553,8,in,32586,-143
185.5579,8,in,32590,-120.2
185.5619,8,in,32594,-142.8
185.5658,8,in,32598,-180.2
185.5702,8,in,32602,-158.2
185.5752,8,in,32606,-173.8
185.5799,8,in,32610,-173.2
185.5841,8,in,32614,-99.8
185.5883,8,in,32618,-174.8
185.594,8,in,32622,-112.6
185.5981,8,in,32626,-166.6
185.6036,8,in,32630,-188.4
185.6089,8,in,32634,-133.6
185.6134,8,in,32638,-208
185.6183,8,in,32642,-207.8
185.6229,8,in,32646,-194.6
185.6285,8,in,32650,-185
185.6334,8,in,32654,-205.6
185.6381,8,in,32658,-201.2
185.6423,8,in,32662,-223.6
185.6468,8,in,32666,-210.4
185.6513,8,in,32670,-197
185.6555,8,in,32674,-187.6
185.6597,8,in,32678,-252.2
185.6647,8,in,32682,-230
185.6686,8,in,32686,-231.6
185.6728,8,in,32690,-166
185.6769,8,in,32694,-183.8
185.6817,8,in,32698,-171.8
185.6857,8,in,32702,-206.4
185.6896,8,in,32706,-206.4
185.6931,8,in,32710,-121
185.6972,8,in,32714,-103.6
185.7017,8,in,32718,-71.6
185.7059,8,in,32722,-123.8
185.7105,8,in,32726,-68.6
185.7149,8,in,32730,-128.4
185.7192,8,in,32734,-123.6
185.7232,8,in,32738,-75.8
185.7274,8,in,32742,-83.8
185.7316,8,in,32746,-113.4
185.736,8,in,32750,-121.4
185.7404,8,in,32754,-48.4
185.7442,8,in,32758,-88.8
185.7486,8,in,32762,-108.2
185.7539,8,in,32766,-113
185.7581,8,in,32770,-131
185.7623,8,in,32774,-133
185.7666,8,in,32778,-113.2
185.7709,8,in,32782,-97
185.7752,8,in,32786,-133.8
185.7792,8,in,32790,-137.6
185.7829,8,in,32794,-98.6
185.7875,8,in,32798,-73
185.7918,8,in,32802,-92.8
185.7956,8,in,32806,-137
185.7997,8,in,32810,-91
185.8035,8,in,32814,-119
185.8078,8,in,32818,-108.4
185.8118,8,in,32822,-105
185.8159,8,in,32826,-119.6
185.8199,8,in,32830,-87.6
185.824,8,in,32834,-111.8
185.828,8,in,32838,-107
185.8324,8,in,32842,-112
185.8365,8,in,32846,-129.6
185.8409,8,in,32850,-103.4
185.8447,8,in,32854,-73.2
185.8483,8,in,32858,-100.8
185.8518,8,in,32862,-79
185.8554,8,in,32866,-59.8
185.8594,8,in,32870,-84.4
185.8636,8,in,32874,-139.4
185.8671,8,in,32878,-106
185.8705,8,in,32882,-62.6
185.8743,8,in,32886,-128.4
185.8785,8,in,32890,-129
185.8824,8,in,32894,-119.6
185.8858,8,in,32898,-81
185.8895,8,in,32902,-100
185.8938,8,in,32906,-71.6
185.8972,8,in,32910,-124
185.9004,8,in,32914,-84.6
185.9042,8,in,32918,-74.6
185.9077,8,in,32922,-110.8
185.9115,8,in,32926,-114.4
185.9154,8,in,32930,-65
185.9187,8,in,32934,-66.8
185.9222,8,in,32938,-111
185.9261,8,in,32942,-113.6
185.93,8,in,32946,-108.8
185.9336,8,in,32950,-95.8
185.937,8,in,32954,-55.6
185.9405,8,in,32958,-70.6
185.9447,8,in,32962,-80.6
185.9491,8,in,32966,-94.8
185.9527,8,in,32970,-114
185.9562,8,in,32974,-91.6
185.96,8,in,32978,-113
185.9635,8,in,32982,-101.4
185.9672,8,in,32986,-83.8
185.9706,8,in,32990,-101.8
185.9739,8,in,32994,-88.4
185.9779,8,in,32998,-64
185.9812,8,in,33002,-87.4
185.9851,8,in,33006,-59.4
185.9887,8,in,33010,-83.4
185.9924,8,in,33014,-121.6
185.9958,8,in,33018,-137.2
185.9996,8,in,33022,-92.2
186.0037,8,in,33026,-103
186.007,8,in,33030,-111
186.0107,8,in,33034,-137.4
186.0143,8,in,33038,-113.8
186.0182,8,in,33042,-132.4
186.0216,8,in,33046,-92.6
186.025,8,in,33050,-139.6
186.0286,8,in,33054,-110.2
186.0325,8,in,33058,-87.2
186.0364,8,in,33062,-85.4
186.04,8,in,33066,-102.8
186.0436,8,in,33070,-114
186.0471,8,in,33074,-114.2
186.0503,8,in,33078,-98.4
186.0542,8,in,33082,-63.2
186.0577,8,in,33086,-96.4
186.0615,8,in,33090,-124
186.065,8,in,33094,-95.2
186.0686,8,in,33098,-95.8
186.0725,8,in,33102,-92.6
186.0758,8,in,33106,-89.4
186.0796,8,in,33110,-130.8
186.0834,8,in,33114,-83
186.0868,8,in,33118,-57.2
186.0906,8,in,33122,-85.6
186.0939,8,in,33126,-86.2
186.0976,8,in,33130,-54
186.1011,8,in,33134,-93.2
186.1045,8,in,33138,-54.2
186.1085,8,in,33142,-88.4
186.1123,8,in,33146,-126
186.116,8,in,33150,-80.6
186.1195,8,in,33154,-136.2
186.1229,8,in,33158,-85.6
186.127,8,in,33162,-74.8
186.1304,8,in,33166,-100.4
186.1339,8,in,33170,-107.8
186.1376,8,in,33174,-89.6
186.1411,8,in,33178,-112.6
186.145,8,in,33182,-85
186.149,8,in,33186,-84.6
186.1529,8,in,33190,-100.6
186.1571,8,in,33194,-99.2
186.1615,8,in,33198,-125.4
186.1655,8,in,33202,-91.2
186.1697,8,in,33206,-141.2
186.1736,8,in,33210,-125.6
186.178,8,in,33214,-67
186.1827,8,in,33218,-119.4
186.1871,8,in,33222,-75.8
186.1914,8,in,33226,-131.8
186.1959,8,in,33230,-91.6
186.2005,8,in,33234,-128.8
186.2045,8,in,33238,-127.2
186.2089,8,in,33242,-138.6
186.2129,8,in,33246,-171.4
186.2183,8,in,33250,-186.4
186.2224,8,in,33254,-114.2
186.2271,8,in,33258,-142
186.2318,8,in,33262,-113.8
186.2361,8,in,33266,-191.4
186.2405,8,in,33270,-175.4
186.2447,8,in,33274,-138.4
186.2494,8,in,33278,-166.8
186.2546,8,in,33282,-124
186.2588,8,in,33286,-169.8
186.2635,8,in,33290,-159.6
186.2678,8,in,33294,-174
186.2717,8,in,33298,-144
186.2761,8,in,33302,-89.6
186.2807,8,in,33306,-131.8
186.2849,8,in,33310,-78.4
186.2891,8,in,33314,-103.2
186.2932,8,in,33318,-87.8
186.2975,8,in,33322,-111
186.3024,8,in,33326,-128.8
186.3068,8,in,33330,-133
186.3109,8,in,33334,-110.6
186.3149,8,in,33338,-127.6
186.3193,8,in,33342,-104.2
186.3239,8,in,33346,-123.6
186.3281,8,in,33350,-174
186.3322,8,in,33354,-192.8
186.3363,8,in,33358,-110
186.3409,8,in,33362,-145.8
186.3451,8,in,33366,-142.6
186.3498,8,in,33370,-131.4
186.3539,8,in,33374,-91.4
186.3596,8,in,33378,-169.8
186.364,8,in,33382,-89.2
186.3679,8,in,33386,-120.6
186.3722,8,in,33390,-106.6
186.3774,8,in,33394,-154.6
186.3815,8,in,33398,-201.8
186.3857,8,in,33402,-143.6
186.3898,8,in,33406,-152.4
186.395,8,in,33410,-166.8
186.3993,8,in,33414,-190.2
186.4033,8,in,33418,-144.6
186.4077,8,in,33422,-207.4
186.4124,8,in,33426,-146.4
186.4166,8,in,33430,-200.6
186.4207,8,in,33434,-195.2
186.4249,8,in,33438,-144.6
186.4303,8,in,33442,-142.2
186.4347,8,in,33446,-136
186.4391,8,in,33450,-183.2
186.4434,8,in,33454,-157.8
186.4487,8,in,33458,-157.2
186.4528,8,in,33462,-112.4
186.4575,8,in,33466,-162.6
186.4614,8,in,33470,-152.2
186.4663,8,in,33474,-164.2
186.4707,8,in,33478,-169.4
186.4747,8,in,33482,-178.2
186.4791,8,in,33486,-191.6
186.4848,8,in,33490,-185.6
186.4895,8,in,33494,-70.4
186.4942,8,in,33498,-113.8
186.4989,8,in,33502,-120.4
186.5037,8,in,33506,-184.6
186.5078,8,in,33510,-154.4
186.512,8,in,33514,-173
186.5162,8,in,33518,-123.8
186.5214,8,in,33522,-139
186.5255,8,in,33526,-192.8
186.5301,8,in,33530,-158
186.5343,8,in,33534,-165.6
186.5384,8,in,33538,-133.6
186.5424,8,in,33542,-157
186.5467,8,in,33546,-151
186.5514,8,in,33550,-180.4
186.5561,8,in,33554,-149.8
186.5603,8,in,33558,-184
186.5647,8,in,33562,-107.8
186.5689,8,in,33566,-166
186.5747,8,in,33570,-182.4
186.579,8,in,33574,-111.4
186.5836,8,in,33578,-143.4
186.5881,8,in,33582,-198
186.5926,8,in,33586,-171.8
186.5969,8,in,33590,-173.4
186.6008,8,in,33594,-158
186.605,8,in,33598,-195.4
186.6102,8,in,33602,-187.8
186.6145,8,in,33606,-242.6
186.6192,8,in,33610,-209.2
186.6234,8,in,33614,-154.6
186.6296,8,in,33618,-176.2
186.6338,8,in,33622,-204.6
186.6386,8,in,33626,-147.4
186.6427,8,in,33630,-211.8
186.648,8,in,33634,-182
186.6521,8,in,33638,-161
186.6568,8,in,33642,-221.6
186.6615,8,in,33646,-186.8
186.6661,8,in,33650,-210
186.6702,8,in,33654,-214.2
186.6744,8,in,33658,-188.8
186.6789,8,in,33662,-195.6
186.6836,8,in,33666,-198.8
186.6873,8,in,33670,-226
186.6917,8,in,33674,-143.6
186.6956,8,in,33678,-246
186.6995,8,in,33682,-232.4
186.7033,8,in,33686,-256.2
186.708,8,in,33690,-266.8
186.7123,8,in,33694,-262.4
186.7176,8,in,33698,-169.6
186.7218,8,in,33702,-196.2
186.7259,8,in,33706,-242.8
186.7307,8,in,33710,-254.6
186.7355,8,in,33714,-211.4
186.7398,8,in,33718,-245.6
186.7441,8,in,33722,-237.8
186.748,8,in,33726,-239.6
186.7522,8,in,33730,-205.2
186.7569,8,in,33734,-168.6
186.761,8,in,33738,-149.4
186.7651,8,in,33742,-223.4
186.7701,8,in,33746,-172
186.7743,8,in,33750,-165.6
186.7784,8,in,33754,-153.4
186.7825,8,in,33758,-158.6
186.7877,8,in,33762,-163
186.7923,8,in,33766,-195
186.7968,8,in,33770,-177.4
186.8012,8,in,33774,-147
186.8049,8,in,33778,-112.8
186.8088,8,in,33782,-146.6
186.8125,8,in,33786,-129
186.8169,8,in,33790,-80.6
186.8207,8,in,33794,-150.2
186.8251,8,in,33798,-196
186.8295,8,in,33802,-139.6
186.8338,8,in,33806,-194.8
186.838,8,in,33810,-241.4
186.8433,8,in,33814,-207.6
186.8476,8,in,33818,-180.4
186.852,8,in,33822,-191.4
186.8561,8,in,33826,-145
186.8615,8,in,33830,-170.8
186.8656,8,in,33834,-132.2
186.8702,8,in,33838,-174.2
186.8745,8,in,33842,-186.2
186.8791,8,in,33846,-174.8
186.8833,8,in,33850,-139.4
186.8875,8,in,33854,-190.4
186.8914,8,in,33858,-212.6
186.8961,8,in,33862,-161
186.9002,8,in,33866,-211.6
186.9045,8,in,33870,-182.2
186.9101,8,in,33874,-238.6
186.9148,8,in,33878,-206.2
186.9191,8,in,33882,-233.2
186.9236,8,in,33886,-218.6
186.9279,8,in,33890,-257.8
186.9327,8,in,33894,-191
186.937,8,in,33898,-270
186.9413,8,in,33902,-314.6
186.9452,8,in,33906,-310.4
186.9497,8,in,33910,-396.8
186.9542,8,in,33914,-323.2
186.9587,8,in,33918,-367.8
186.9628,8,in,33922,-426.2
186.967,8,in,33926,-356.2
186.9714,8,in,33930,-254.2
186.9759,8,in,33934,-265.6
186.98,8,in,33938,-381.8
186.9852,8,in,33942,-295.4
186.9895,8,in,33946,-346.2
186.994,8,in,33950,-338.4
186.9979,8,in,33954,-341.2
187.0031,8,in,33958,-369.6
187.0076,8,in,33962,-321.8
187.0116,8,in,33966,-327
187.0158,8,in,33970,-361.4
187.0203,8,in,33974,-294
187.0244,8,in,33978,-353.4
187.0288,8,in,33982,-288.6
187.0333,8,in,33986,-317.4
187.0382,8,in,33990,-278.8
187.0421,8,in,33994,-284
187.0465,8,in,33998,-287.2
187.0512,8,in,34002,-246.2
187.0562,8,in,34006,-269.4
187.0605,8,in,34010,-386.8
187.0648,8,in,34014,-332.4
187.0689,8,in,34018,-389.6
187.0736,8,in,34022,-354.6
187.0779,8,in,34026,-361.8
187.0822,8,in,34030,-384.6
187.0866,8,in,34034,-364.6
187.0914,8,in,34038,-340.2
187.0957,8,in,34042,-323.8
187.1001,8,in,34046,-352.4
187.1044,8,in,34050,-289
187.1104,8,in,34054,-317.6
187.1147,8,in,34058,-421
187.1189,8,in,34062,-407.2
187.1236,8,in,34066,-406.2
187.1286,8,in,34070,-486
187.1334,8,in,34074,-454.4
187.1382,8,in,34078,-447.2
187.1437,8,in,34082,-422
187.1485,8,in,34086,-266.2
187.1533,8,in,34090,-268
187.1586,8,in,34094,-164.2
187.1634,8,in,34098,-215.4
187.1685,8,in,34102,-184.6
187.1733,8,in,34106,-188.6
187.1778,8,in,34110,-171
187.1827,8,in,34114,-160.4
187.1877,8,in,34118,-122
187.1929,8,in,34122,-181.4
187.198,8,in,34126,-194.4
187.2032,8,in,34130,-202.2
187.2081,8,in,34134,-199.8
187.2129,8,in,34138,-206.2
187.2177,8,in,34142,-190.4
187.2224,8,in,34146,-246.8
187.2272,8,in,34150,-255.4
187.2321,8,in,34154,-255.2
187.2369,8,in,34158,-259
187.2415,8,in,34162,-209.4
187.2457,8,in,34166,-227.6
187.2508,8,in,34170,-248.6
187.2557,8,in,34174,-222.4
187.2606,8,in,34178,-255.6
187.2651,8,in,34182,-284.4
187.2697,8,in,34186,-254.8
187.2749,8,in,34190,-291.8
187.28,8,in,34194,-258.6
187.2855,8,in,34198,-254.8
187.2903,8,in,34202,-255.6
187.2949,8,in,34206,-254.2
187.3001,8,in,34210,-234
187.3049,8,in,34214,-214.6
187.3101,8,in,34218,-220.6
187.3156,8,in,34222,-217.2
187.3202,8,in,34226,-186.6
187.3252,8,in,34230,-197.6
187.3308,8,in,34234,-226.6
187.335,8,in,34238,-169.2
187.3396,8,in,34242,-254.8
187.3445,8,in,34246,-177.4
187.3495,8,in,34250,-193.4
187.3543,8,in,34254,-213.2
187.3595,8,in,34258,-168.4
187.3651,8,in,34262,-296.6
187.3702,8,in,34266,-290
187.3754,8,in,34270,-246.6
187.3802,8,in,34274,-221.6
187.3853,8,in,34278,-177.4
187.3901,8,in,34282,-161.4
187.3954,8,in,34286,-167
187.3998,8,in,34290,-276.2
187.4047,8,in,34294,-252.6
187.4097,8,in,34298,-264
187.4143,8,in,34302,-290.4
187.4194,8,in,34306,-325.6
187.4244,8,in,34310,-299.8
187.4294,8,in,34314,-274
187.4342,8,in,34318,-236.8
187.4396,8,in,34322,-309.4
187.4443,8,in,34326,-329.4
187.4494,8,in,34330,-314
187.4539,8,in,34334,-349.4
187.459,8,in,34338,-286.2
187.464,8,in,34342,-282.6
187.4693,8,in,34346,-234.2
187.4738,8,in,34350,-284
187.4789,8,in,34354,-199.6
187.4839,8,in,34358,-223.2
187.489,8,in,34362,-189
187.4944,8,in,34366,-228.2
187.4994,8,in,34370,-205.8
187.5038,8,in,34374,-179.2
187.5088,8,in,34378,-197.4
187.5139,8,in,34382,-210.8
187.5188,8,in,34386,-202.6
187.5239,8,in,34390,-158.2
187.5287,8,in,34394,-184.2
187.5338,8,in,34398,-235.4
187.5394,8,in,34402,-174.8
187.5443,8,in,34406,-201.8
187.5489,8,in,34410,-155.6
187.5536,8,in,34414,-225.2
187.5585,8,in,34418,-193.4
187.5633,8,in,34422,-313
187.5686,8,in,34426,-219.2
187.5735,8,in,34430,-190.4
187.5784,8,in,34434,-255.6
187.5831,8,in,34438,-224.6
187.5877,8,in,34442,-242.8
187.593,8,in,34446,-238.6
187.5975,8,in,34450,-285.4
187.6025,8,in,34454,-247.8
187.6079,8,in,34458,-261.8
187.6124,8,in,34462,-234.8
187.6173,8,in,34466,-244.2
187.6217,8,in,34470,-198.2
187.6271,8,in,34474,-285.2
187.6317,8,in,34478,-261.6
187.6368,8,in,34482,-233
187.6419,8,in,34486,-246.2
187.6466,8,in,34490,-291.4
187.6519,8,in,34494,-278
187.6566,8,in,34498,-212
187.6616,8,in,34502,-254.4
187.6666,8,in,34506,-241.2
187.6718,8,in,34510,-253
187.6768,8,in,34514,-297.2
187.681,8,in,34518,-281.4
187.6846,8,in,34522,-277
187.6887,8,in,34526,-285.8
187.6923,8,in,34530,-306.4
187.6961,8,in,34534,-337.4
187.7007,8,in,34538,-332
187.705,8,in,34542,-304.8
187.7094,8,in,34546,-244
187.7144,8,in,34550,-291.8
187.7188,8,in,34554,-312.6
187.7234,8,in,34558,-272.8
187.7284,8,in,34562,-238.6
187.7339,8,in,34566,-286.4
187.7385,8,in,34570,-267.8
187.7433,8,in,34574,-254.2
187.7486,8,in,34578,-297.6
187.7529,8,in,34582,-346.8
187.7573,8,in,34586,-330.2
187.7613,8,in,34590,-348.4
187.7654,8,in,34594,-354
187.7701,8,in,34598,-310.8
187.7751,8,in,34602,-338.8
187.7804,8,in,34606,-369.8
187.7851,8,in,34610,-247
187.7898,8,in,34614,-298.8
187.7951,8,in,34618,-293.6
187.7993,8,in,34622,-286.6
187.8036,8,in,34626,-328.6
187.8078,8,in,34630,-271.8
187.8122,8,in,34634,-309.4
187.8167,8,in,34638,-280.4
187.8213,8,in,34642,-330.8
187.8257,8,in,34646,-338.6
187.8306,8,in,34650,-329
187.8351,8,in,34654,-313.6
187.8406,8,in,34658,-433
187.8453,8,in,34662,-457.6
187.8493,8,in,34666,-389.6
187.8536,8,in,34670,-444.6
187.8589,8,in,34674,-427
187.8646,8,in,34678,-479.4
187.8697,8,in,34682,-470.4
187.8748,8,in,34686,-436.6
187.8802,8,in,34690,-427.2
187.8849,8,in,34694,-419.6
187.8902,8,in,34698,-409.6
187.8956,8,in,34702,-445.2
187.9007,8,in,34706,-436
187.9049,8,in,34710,-448
187.9094,8,in,34714,-403
187.9136,8,in,34718,-438.6
187.9174,8,in,34722,-450.2
187.9217,8,in,34726,-374.4
187.9261,8,in,34730,-435.6
187.9308,8,in,34734,-443
187.9347,8,in,34738,-393
187.9393,8,in,34742,-479.2
187.9438,8,in,34746,-427.4
187.9494,8,in,34750,-443.6
187.954,8,in,34754,-460.4
187.9581,8,in,34758,-383.2
187.9619,8,in,34762,-394.2
187.9664,8,in,34766,-404.4
187.9709,8,in,34770,-420.2
187.9752,8,in,34774,-374.6
187.9791,8,in,34778,-375.2
187.9837,8,in,34782,-439.2
187.9883,8,in,34786,-416
187.9929,8,in,34790,-337.4
187.9972,8,in,34794,-347.2
188.0027,8,in,34798,-387
188.0073,8,in,34802,-391.6
188.0114,8,in,34806,-330.6
188.0157,8,in,34810,-368
188.021,8,in,34814,-405.6
188.0254,8,in,34818,-407.2
188.03,8,in,34822,-458.8
188.0348,8,in,34826,-473.4
188.0397,8,in,34830,-363.8
188.0438,8,in,34834,-419.2
188.0486,8,in,34838,-411.2
188.0531,8,in,34842,-402.2
188.0575,8,in,34846,-445.2
188.0616,8,in,34850,-441.6
188.0664,8,in,34854,-404.6
188.0705,8,in,34858,-465.8
188.0749,8,in,34862,-485.2
188.0797,8,in,34866,-491.2
188.0838,8,in,34870,-435.6
188.0886,8,in,34874,-417.4
188.0928,8,in,34878,-442.2
188.0972,8,in,34882,-420.8
188.1015,8,in,34886,-418.4
188.1058,8,in,34890,-422.8
188.111,8,in,34894,-435.4
188.1148,8,in,34898,-403.2
188.1189,8,in,34902,-433.4
188.1239,8,in,34906,-462.2
188.129,8,in,34910,-460.2
188.1339,8,in,34914,-433.2
188.1387,8,in,34918,-452.6
188.1433,8,in,34922,-437.4
188.1482,8,in,34926,-462.6
188.1525,8,in,34930,-431
188.1568,8,in,34934,-454.4
188.161,8,in,34938,-498.8
188.1656,8,in,34942,-495
188.1695,8,in,34946,-501.2
188.1739,8,in,34950,-552.8
188.1787,8,in,34954,-528.4
188.1834,8,in,34958,-549.4
188.1882,8,in,34962,-485.6
188.1924,8,in,34966,-463.4
188.1966,8,in,34970,-445.4
188.2017,8,in,34974,-490.6
188.206,8,in,34978,-505
188.2106,8,in,34982,-441.2
188.2151,8,in,34986,-490.2
188.2203,8,in,34990,-448.8
188.2247,8,in,34994,-387.4
188.2291,8,in,34998,-421.6
188.2337,8,in,35002,-381.4
188.2387,8,in,35006,-455.2
188.2429,8,in,35010,-461
188.2468,8,in,35014,-394.4
188.2515,8,in,35018,-422
188.256,8,in,35022,-488.6
188.2604,8,in,35026,-512.4
188.2653,8,in,35030,-571.6
188.2694,8,in,35034,-513.2
188.2737,8,in,35038,-540
188.2785,8,in,35042,-524.2
188.2828,8,in,35046,-582
188.287,8,in,35050,-506.4
188.2915,8,in,35054,-513.8
188.296,8,in,35058,-561.4
188.3006,8,in,35062,-622.6
188.3051,8,in,35066,-557.2
188.3094,8,in,35070,-570.2
188.3134,8,in,35074,-542.8
188.3179,8,in,35078,-512.8
188.3219,8,in,35082,-539.6
188.3264,8,in,35086,-584.8
188.3304,8,in,35090,-569.6
188.3346,8,in,35094,-548.2
188.3385,8,in,35098,-544.2
188.3441,8,in,35102,-582.8
188.3483,8,in,35106,-586.8
188.353,8,in,35110,-511.8
188.3582,8,in,35114,-588
188.3632,8,in,35118,-594
188.3676,8,in,35122,-591.6
188.3726,8,in,35126,-597.4
188.3776,8,in,35130,-604.4
188.3821,8,in,35134,-608.8
188.3867,8,in,35138,-628.6
188.3914,8,in,35142,-639
188.3964,8,in,35146,-630.4
188.4011,8,in,35150,-567.6
188.4064,8,in,35154,-586.4
188.4109,8,in,35158,-582.8
188.4161,8,in,35162,-560.8
188.4212,8,in,35166,-640.2
188.4255,8,in,35170,-606.4
188.4303,8,in,35174,-582.2
188.4349,8,in,35178,-575.4
188.4397,8,in,35182,-578.8
188.4441,8,in,35186,-593.8
188.4486,8,in,35190,-613.2
188.4529,8,in,35194,-594.2
188.4575,8,in,35198,-638.8
188.4618,8,in,35202,-596.2
188.4662,8,in,35206,-681.8
188.4707,8,in,35210,-649.6
188.4749,8,in,35214,-674.8
188.4795,8,in,35218,-655.2
188.4849,8,in,35222,-689.6
188.489,8,in,35226,-648.2
188.4937,8,in,35230,-643.2
188.4978,8,in,35234,-693.8
188.5027,8,in,35238,-689.4
188.5067,8,in,35242,-627.4
188.5108,8,in,35246,-665.2
188.5153,8,in,35250,-705.8
188.5198,8,in,35254,-694.6
188.5241,8,in,35258,-686.4
188.5287,8,in,35262,-735
188.5333,8,in,35266,-729.2
188.5383,8,in,35270,-685.4
188.5424,8,in,35274,-677.2
188.5468,8,in,35278,-699.2
188.5513,8,in,35282,-630.6
188.5569,8,in,35286,-686
188.5615,8,in,35290,-753.2
188.5661,8,in,35294,-712.8
188.5705,8,in,35298,-725.8
188.5754,8,in,35302,-692.2
188.5795,8,in,35306,-675.8
188.5838,8,in,35310,-732.2
188.5884,8,in,35314,-664
188.5935,8,in,35318,-666.4
188.5974,8,in,35322,-697
188.6017,8,in,35326,-722.8
188.606,8,in,35330,-691
188.6109,8,in,35334,-747
188.6149,8,in,35338,-709.8
188.619,8,in,35342,-658.6
188.6233,8,in,35346,-702.2
188.6289,8,in,35350,-718.2
188.6335,8,in,35354,-646
188.6375,8,in,35358,-699.6
188.6423,8,in,35362,-663.8
188.6474,8,in,35366,-740
188.6517,8,in,35370,-691.8
188.6563,8,in,35374,-709.6
188.6607,8,in,35378,-741.6
188.6657,8,in,35382,-706.8
188.6697,8,in,35386,-748.6
188.6739,8,in,35390,-734
188.6783,8,in,35394,-744.2
188.683,8,in,35398,-713.8
188.6874,8,in,35402,-694.2
188.6918,8,in,35406,-696.6
188.6961,8,in,35410,-698.6
188.7007,8,in,35414,-677.2
188.7056,8,in,35418,-677.6
188.7108,8,in,35422,-717.8
188.7175,8,in,35426,-715.8
188.7227,8,in,35430,-713.4
188.7275,8,in,35434,-747.8
188.7324,8,in,35438,-743.2
188.7377,8,in,35442,-739.8
188.7435,8,in,35446,-763.2
188.7491,8,in,35450,-699.6
188.7534,8,in,35454,-744
188.7577,8,in,35458,-752
188.762,8,in,35462,-702.2
188.7668,8,in,35466,-719.4
188.7713,8,in,35470,-741
188.7756,8,in,35474,-657.8
188.7797,8,in,35478,-727.6
188.7841,8,in,35482,-818
188.7878,8,in,35486,-760.6
188.7917,8,in,35490,-757.4
188.7959,8,in,35494,-722
188.8002,8,in,35498,-718.6
188.8038,8,in,35502,-733.2
188.808,8,in,35506,-700.6
188.8125,8,in,35510,-771.6
188.8166,8,in,35514,-768
188.8207,8,in,35518,-741.6
188.8251,8,in,35522,-767.4
188.8294,8,in,35526,-744
188.8337,8,in,35530,-761.8
188.8379,8,in,35534,-724
188.8426,8,in,35538,-737.8
188.8469,8,in,35542,-743.8
188.8514,8,in,35546,-711.6
188.8555,8,in,35550,-735.2
188.8601,8,in,35554,-755
188.8644,8,in,35558,-793
188.869,8,in,35562,-803.2
188.8737,8,in,35566,-782.8
188.8781,8,in,35570,-827.6
188.8824,8,in,35574,-883
188.8869,8,in,35578,-803.2
188.8916,8,in,35582,-836.2
188.8961,8,in,35586,-807.4
188.9002,8,in,35590,-831.8
188.9049,8,in,35594,-799.6
188.9092,8,in,35598,-765.8
188.9139,8,in,35602,-852.4
188.9184,8,in,35606,-837.4
188.9225,8,in,35610,-849
188.9268,8,in,35614,-842.8
188.9313,8,in,35618,-847.2
188.9357,8,in,35622,-850.8
188.9399,8,in,35626,-830.6
188.9444,8,in,35630,-862.8
188.9485,8,in,35634,-885.4
188.9527,8,in,35638,-848.2
188.9573,8,in,35642,-855
188.9618,8,in,35646,-854
188.9663,8,in,35650,-925
188.9708,8,in,35654,-935.4
188.9754,8,in,35658,-877.4
188.9797,8,in,35662,-847.6
188.9841,8,in,35666,-890.2
188.9881,8,in,35670,-860.2
188.9922,8,in,35674,-859
188.9969,8,in,35678,-941.8
189.0011,8,in,35682,-862.8
189.0062,8,in,35686,-859
189.0104,8,in,35690,-905.2
189.0146,8,in,35694,-864.6
189.0191,8,in,35698,-907.6
189.0239,8,in,35702,-913.8
189.0283,8,in,35706,-903.8
189.0324,8,in,35710,-926.4
189.0368,8,in,35714,-927
189.0417,8,in,35718,-948.8
189.0459,8,in,35722,-894.2
189.0501,8,in,35726,-954.2
189.0546,8,in,35730,-892.4
189.0598,8,in,35734,-906.2
189.064,8,in,35738,-962.4
189.0682,8,in,35742,-877.6
189.0723,8,in,35746,-963.6
189.0777,8,in,35750,-950.8
189.0822,8,in,35754,-989
189.0864,8,in,35758,-968.8
189.0909,8,in,35762,-913.8
189.0961,8,in,35766,-935.4
189.1002,8,in,35770,-982.4
189.1046,8,in,35774,-903.8
189.109,8,in,35778,-924
189.1137,8,in,35782,-924.8
189.1178,8,in,35786,-938.4
189.1219,8,in,35790,-954.6
189.1267,8,in,35794,-965.6
189.1318,8,in,35798,-985.6
189.1373,8,in,35802,-907.8
189.1419,8,in,35806,-968.4
189.147,8,in,35810,-962
189.1516,8,in,35814,-1021.4
189.1563,8,out,35810,-948.4
189.1612,8,out,35806,-967
189.1659,8,out,35802,-960.2
189.1715,8,out,35798,-976
189.1762,8,out,35794,-982.2
189.1807,8,out,35790,-991.6
189.1859,8,out,35786,-935.4
189.1901,8,out,35782,-986
189.1947,8,out,35778,-911.4
189.1998,8,out,35774,-931.8
189.2046,8,out,35770,-919.6
189.209,8,out,35766,-937.6
189.2138,8,out,35762,-962.4
189.2191,8,out,35758,-957.6
189.2238,8,out,35754,-959.2
189.2289,8,out,35750,-986
189.2335,8,out,35746,-957
189.2384,8,out,35742,-964.4
189.2428,8,out,35738,-965.8
189.2477,8,out,35734,-931
189.2524,8,out,35730,-924
189.2571,8,out,35726,-960.2
189.2619,8,out,35722,-985.6
189.2666,8,out,35718,-1002.4
189.2716,8,out,35714,-970.4
189.2763,8,out,35710,-959.8
189.2807,8,out,35706,-965.4
189.2859,8,out,35702,-946
189.2908,8,out,35698,-918.6
189.2959,8,out,35694,-954.2
189.3004,8,out,35690,-973.8
189.3052,8,out,35686,-1036.6
189.3109,8,out,35682,-1026.8
189.3159,8,out,35678,-1008.2
189.3208,8,out,35674,-967.6
189.3262,8,out,35670,-1009
189.3315,8,out,35666,-1009.8
189.3364,8,out,35662,-993
189.3411,8,out,35658,-994.8
189.3458,8,out,35654,-965.4
189.3508,8,out,35650,-977
189.356,8,out,35646,-994.8
189.3611,8,out,35642,-977.6
189.3657,8,out,35638,-1008.6
189.3708,8,out,35634,-970
189.3758,8,out,35630,-992
189.3812,8,out,35626,-1018
189.3864,8,out,35622,-1001.2
189.3914,8,out,35618,-985
189.3959,8,out,35614,-978.8
189.4013,8,out,35610,-987
189.4058,8,out,35606,-991.4
189.4104,8,out,35602,-1004.2
189.4146,8,out,35598,-1034.2
189.4193,8,out,35594,-946.8
189.4241,8,out,35590,-1018.4
189.4292,8,out,35586,-992.2
189.4345,8,out,35582,-988.8
189.4396,8,out,35578,-938.8
189.4449,8,out,35574,-988.8
189.4497,8,out,35570,-1003.6
189.4549,8,out,35566,-976
189.4592,8,out,35562,-976
189.4637,8,out,35558,-977.8
189.4689,8,out,35554,-936.6
189.4736,8,out,35550,-912.4
189.4786,8,out,35546,-966.4
189.4838,8,out,35542,-948.4
189.4883,8,out,35538,-936.8
189.4926,8,out,35534,-973.6
189.4976,8,out,35530,-953.8
189.5019,8,out,35526,-939
189.5063,8,out,35522,-919.6
189.5104,8,out,35518,-929.4
189.5151,8,out,35514,-987.8
189.52,8,out,35510,-969.8
189.5265,8,out,35506,-952.4
189.5311,8,out,35502,-919.2
189.5359,8,out,35498,-908.2
189.5407,8,out,35494,-922.8
189.5452,8,out,35490,-971.2
189.5503,8,out,35486,-914.2
189.5547,8,out,35482,-905.2
189.5606,8,out,35478,-917.6
189.5654,8,out,35474,-913.2
189.57,8,out,35470,-915.2
189.5747,8,out,35466,-878.6
189.58,8,out,35462,-904
189.5844,8,out,35458,-949.6
189.5891,8,out,35454,-910.6
189.594,8,out,35450,-909
189.5985,8,out,35446,-906.8
189.6031,8,out,35442,-929.8
189.6079,8,out,35438,-957.4
189.6131,8,out,35434,-904.8
189.6174,8,out,35430,-885.2
189.6221,8,out,35426,-905.4
189.6268,8,out,35422,-911.4
189.6318,8,out,35418,-911
189.6363,8,out,35414,-915.2
189.6407,8,out,35410,-901.2
189.6454,8,out,35406,-954.6
189.6515,8,out,35402,-928.4
189.6567,8,out,35398,-893.6
189.6611,8,out,35394,-954.4
189.6657,8,out,35390,-916.2
189.6705,8,out,35386,-948.4
189.6758,8,out,35382,-899.6
189.6799,8,out,35378,-942.8
189.6839,8,out,35374,-932.2
189.6882,8,out,35370,-928.8
189.6917,8,out,35366,-942.6
189.6954,8,out,35362,-960.6
189.6997,8,out,35358,-895.2
189.7043,8,out,35354,-902.2
189.7088,8,out,35350,-915.4
189.7135,8,out,35346,-936.4
189.7181,8,out,35342,-893.6
189.7232,8,out,35338,-947
189.728,8,out,35334,-895.4
189.733,8,out,35330,-921
189.7375,8,out,35326,-917.8
189.7422,8,out,35322,-893
189.7468,8,out,35318,-979.2
189.7515,8,out,35314,-972.8
189.7556,8,out,35310,-888.2
189.7596,8,out,35306,-886.2
189.7641,8,out,35302,-950.4
189.7685,8,out,35298,-903
189.7731,8,out,35294,-935.6
189.778,8,out,35290,-935.4
189.7836,8,out,35286,-922.2
189.7889,8,out,35282,-914.6
189.7938,8,out,35278,-908.6
189.7982,8,out,35274,-960.8
189.8024,8,out,35270,-902.8
189.8065,8,out,35266,-915.8
189.8111,8,out,35262,-895
189.8156,8,out,35258,-905.4
189.8203,8,out,35254,-899
189.8248,8,out,35250,-909.8
189.8304,8,out,35246,-967
189.835,8,out,35242,-891.6
189.8394,8,out,35238,-909.2
189.8444,8,out,35234,-936.4
189.8487,8,out,35230,-963
189.8532,8,out,35226,-915
189.8582,8,out,35222,-933.8
189.8629,8,out,35218,-975.4
189.8675,8,out,35214,-936
189.8724,8,out2,35164,-894.8
189.8777,8,out2,35114,-925.6
189.8835,8,out2,35064,-945.2
189.888,8,out2,35014,-981
189.8925,8,out2,34964,-956.6
189.8976,8,out2,34914,-968
189.9023,8,out2,34864,-956.8
189.907,8,out2,34814,-1005
189.9116,8,out2,34764,-1003
189.9162,8,out2,34714,-975.4
189.9207,8,out2,34664,-968.6
189.9253,8,out2,34614,-958.8
189.9298,8,out2,34564,-968.2
189.9346,8,out2,34514,-934.6
189.9393,8,out2,34464,-877.8
189.9436,8,out2,34414,-968.8
189.9481,8,out2,34364,-942
189.9529,8,out2,34314,-888.4
189.9584,8,out2,34264,-902.6
189.963,8,out2,34214,-917.4
189.9678,8,out2,34164,-928.2
189.9724,8,out2,34114,-964
189.9769,8,out2,34064,-933
189.9817,8,out2,34014,-993.8
189.9869,8,out2,33964,-926.8
189.9916,8,out2,33914,-945.8
189.996,8,out2,33864,-937.8
190.0011,8,out2,33814,-968.2
190.0061,8,out2,33764,-956.2
190.0103,8,out2,33714,-1019.8
190.015,8,out2,33664,-987.2
190.0205,8,out2,33614,-948
190.0251,8,out2,33564,-935.4
190.0297,8,out2,33514,-1012.6
190.0339,8,out2,33464,-984.6
190.0375,8,out2,33414,-907
190.0415,8,out2,33364,-874.2
190.0458,8,out2,33314,-966.4
190.0508,8,out2,33264,-925.6
190.0555,8,out2,33214,-850.6
190.0601,8,out2,33164,-880.8
190.0646,8,out2,33114,-942.4
190.0693,8,out2,33064,-857.6
190.074,8,out2,33014,-820.4
190.08,8,out2,32964,-709.8
190.0847,8,out2,32914,-706.8
190.0894,8,out2,32864,-642
190.0935,8,out2,32814,-623.4
190.0985,8,out2,32764,-651
190.1034,8,out2,32714,-611.4
190.1083,8,out2,32664,-546.6
190.1136,8,out2,32614,-581
190.1179,8,out2,32564,-513.6
190.1219,8,out2,32514,-514.6
190.1261,8,out2,32464,-532.2
190.1313,8,out2,32414,-562.6
190.1364,8,out2,32364,-544
190.1413,8,out2,32314,-426.2
190.1459,8,out2,32264,-445.6
190.152,8,out2,32214,-422.4
190.1568,8,out2,32164,-406.6
190.1611,8,out2,32114,-394.4
190.1654,8,out2,32064,-513
190.1701,8,out2,32014,-302
190.1748,8,out2,31964,-207.8
190.1799,8,out2,31914,-173.4
190.185,8,out2,31864,-178.2
190.1899,8,out2,31814,-113.6
190.1947,9,in,31814,-96
190.2004,9,in,31818,-114.4
190.2063,9,in,31822,-112.4
190.2114,9,in,31826,-119.8
190.2162,9,in,31830,-138.8
190.2221,9,in,31834,-122.6
190.2265,9,in,31838,-184
190.2311,9,in,31842,-174.6
190.2357,9,in,31846,-234
190.2412,9,in,31850,-163.4
190.2462,9,in,31854,-195
190.2513,9,in,31858,-179.4
190.2565,9,in,31862,-144
190.2611,9,in,31866,-156
190.265,9,in,31870,-196.2
190.2693,9,in,31874,-162.6
190.2735,9,in,31878,-127
190.2784,9,in,31882,-112
190.2824,9,in,31886,-128.2
190.2868,9,in,31890,-138.6
190.291,9,in,31894,-121.6
190.2957,9,in,31898,-153.6
190.3007,9,in,31902,-128.4
190.3048,9,in,31906,-177
190.3091,9,in,31910,-170
190.3136,9,in,31914,-160.4
190.3182,9,in,31918,-147.4
190.3228,9,in,31922,-103.2
190.3272,9,in,31926,-95.4
190.3327,9,in,31930,-130.6
190.3366,9,in,31934,-158.8
190.3409,9,in,31938,-156.6
190.3451,9,in,31942,-109
190.3499,9,in,31946,-165
190.3538,9,in,31950,-127.2
190.3581,9,in,31954,-144.2
190.3629,9,in,31958,-118
190.3678,9,in,31962,-162
190.3723,9,in,31966,-181.4
190.377,9,in,31970,-121.2
190.3812,9,in,31974,-64.2
190.3856,9,in,31978,-101
190.3904,9,in,31982,-131.4
190.3951,9,in,31986,-98.2
190.3997,9,in,31990,-88.6
190.4045,9,in,31994,-123.2
190.4083,9,in,31998,-63
190.4128,9,in,32002,-100
190.4168,9,in,32006,-76.6
190.4215,9,in,32010,-71
190.4263,9,in,32014,-112.6
190.4306,9,in,32018,-124.6
190.4345,9,in,32022,-80
190.4386,9,in,32026,-136.4
190.4432,9,in,32030,-59
190.4472,9,in,32034,-87.2
190.4515,9,in,32038,-102.2
190.4566,9,in,32042,-97.6
190.4608,9,in,32046,-160.6
190.4653,9,in,32050,-83
190.4697,9,in,32054,-113.8
190.4742,9,in,32058,-70.8
190.4785,9,in,32062,-145.2
190.4827,9,in,32066,-120.4
190.4873,9,in,32070,-78.6
190.4919,9,in,32074,-115
190.4962,9,in,32078,-167.8
190.5005,9,in,32082,-56.8
190.5046,9,in,32086,-138.4
190.5088,9,in,32090,-135.6
190.5129,9,in,32094,-133.6
190.5173,9,in,32098,-59
190.5219,9,in,32102,-71.8
190.5263,9,in,32106,-66.6
190.5303,9,in,32110,-98
190.5352,9,in,32114,-159.4
190.5393,9,in,32118,-51.8
190.5434,9,in,32122,-83
190.5485,9,in,32126,-107.6
190.5524,9,in,32130,-121.4
190.5567,9,in,32134,-140.4
190.5612,9,in,32138,-145.8
190.5659,9,in,32142,-138.8
190.5702,9,in,32146,-138.2
190.5743,9,in,32150,-142.4
190.579,9,in,32154,-161
190.5833,9,in,32158,-121.8
190.5872,9,in,32162,-113.8
190.5915,9,in,32166,-114.4
190.5961,9,in,32170,-81.4
190.6011,9,in,32174,-140.4
190.6059,9,in,32178,-166.6
190.6114,9,in,32182,-123.2
190.616,9,in,32186,-148.4
190.6208,9,in,32190,-100.4
190.6256,9,in,32194,-165
190.6308,9,in,32198,-131.4
190.6359,9,in,32202,-112.6
190.6405,9,in,32206,-129.4
190.645,9,in,32210,-148.8
190.6492,9,in,32214,-95
190.6538,9,in,32218,-82.6
190.6583,9,in,32222,-171
190.6626,9,in,32226,-84.2
190.6668,9,in,32230,-141.6
190.6715,9,in,32234,-119.2
190.6761,9,in,32238,-92.4
190.6804,9,in,32242,-108.8
190.6846,9,in,32246,-115.8
190.6884,9,in,32250,-131
190.6924,9,in,32254,-110
190.6962,9,in,32258,-104.6
190.7003,9,in,32262,-131
190.7049,9,in,32266,-113.8
190.71,9,in,32270,-146
190.714,9,in,32274,-146.8
190.7179,9,in,32278,-91.8
190.7228,9,in,32282,-118.6
190.7274,9,in,32286,-76.8
190.7318,9,in,32290,-171.4
190.7368,9,in,32294,-132.6
190.7409,9,in,32298,-153.2
190.7447,9,in,32302,-147.6
190.7491,9,in,32306,-109.2
190.7537,9,in,32310,-138.4
190.7584,9,in,32314,-132
190.7628,9,in,32318,-127.4
190.7673,9,in,32322,-71.2
190.7713,9,in,32326,-74
190.7758,9,in,32330,-91.2
190.7799,9,in,32334,-129.2
190.7842,9,in,32338,-111.4
190.7885,9,in,32342,-93
190.7925,9,in,32346,-138.6
190.7973,9,in,32350,-141
190.8019,9,in,32354,-81.8
190.8062,9,in,32358,-118.6
190.8104,9,in,32362,-92.6
190.8146,9,in,32366,-121.4
190.8191,9,in,32370,-153.2
190.8239,9,in,32374,-124.8
190.8283,9,in,32378,-98.8
190.8335,9,in,32382,-150
190.8387,9,in,32386,-151
190.8438,9,in,32390,-111.6
190.8506,9,in,32394,-135.6
190.8556,9,in,32398,-84
190.8598,9,in,32402,-193.2
190.864,9,in,32406,-157
190.8687,9,in,32410,-97
190.8739,9,in,32414,-164
190.8789,9,in,32418,-125.6
190.8843,9,in,32422,-170.2
190.8891,9,in,32426,-109.8
190.8943,9,in,32430,-125.8
190.8989,9,in,32434,-109.8
190.9039,9,in,32438,-145.6
190.9093,9,in,32442,-129.4
190.9136,9,in,32446,-179
190.9178,9,in,32450,-179
190.9226,9,in,32454,-135.4
190.9274,9,in,32458,-174.2
190.9321,9,in,32462,-164
190.9378,9,in,32466,-152.6
190.9425,9,in,32470,-149.6
190.9475,9,in,32474,-188
190.9524,9,in,32478,-160.8
190.9568,9,in,32482,-89.2
190.9619,9,in,32486,-139.8
190.9669,9,in,32490,-105.2
190.972,9,in,32494,-127
190.9769,9,in,32498,-121.8
190.9815,9,in,32502,-102.4
190.9857,9,in,32506,-94.4
190.9918,9,in,32510,-144.4
190.9962,9,in,32514,-96.8
191.0011,9,in,32518,-110.2
191.0054,9,in,32522,-116.6
191.0105,9,in,32526,-154.4
191.0151,9,in,32530,-127.6
191.0201,9,in,32534,-117.8
191.0251,9,in,32538,-107.2
191.0301,9,in,32542,-153.6
191.0353,9,in,32546,-96.8
191.0402,9,in,32550,-121.4
191.0457,9,in,32554,-132.4
191.0507,9,in,32558,-123.2
191.0559,9,in,32562,-118.2
191.061,9,in,32566,-118.2
191.0652,9,in,32570,-123
191.0703,9,in,32574,-119.2
191.0753,9,in,32578,-137
191.0804,9,in,32582,-91.6
191.0848,9,in,32586,-154.2
191.0896,9,in,32590,-104
191.0947,9,in,32594,-149.4
191.0992,9,in,32598,-130.8
191.104,9,in,32602,-103.6
191.1088,9,in,32606,-166.8
191.1141,9,in,32610,-161.4
191.1185,9,in,32614,-134
191.1229,9,in,32618,-149.2
191.1273,9,in,32622,-128.8
191.1323,9,in,32626,-144.8
191.1377,9,in,32630,-135.8
191.1427,9,in,32634,-108
191.148,9,in,32638,-145.6
191.1543,9,in,32642,-139.6
191.1591,9,in,32646,-149.8
191.1642,9,in,32650,-158.4
191.1695,9,in,32654,-151.8
191.1746,9,in,32658,-174.4
191.1792,9,in,32662,-110.2
191.1848,9,in,32666,-167.2
191.1896,9,in,32670,-120
191.1941,9,in,32674,-197.2
191.1992,9,in,32678,-151.8
191.2037,9,in,32682,-156.8
191.2082,9,in,32686,-112
191.2121,9,in,32690,-121.4
191.2166,9,in,32694,-139.4
191.2209,9,in,32698,-139.6
191.2252,9,in,32702,-133
191.229,9,in,32706,-160.8
191.2343,9,in,32710,-151.8
191.2389,9,in,32714,-137.2
191.243,9,in,32718,-119
191.2472,9,in,32722,-198.4
191.2519,9,in,32726,-186.4
191.2562,9,in,32730,-173.6
191.2601,9,in,32734,-189
191.2645,9,in,32738,-164.4
191.2692,9,in,32742,-128.8
191.2736,9,in,32746,-176.2
191.2784,9,in,32750,-174.2
191.2824,9,in,32754,-141
191.2863,9,in,32758,-183
191.2908,9,in,32762,-113.2
191.2953,9,in,32766,-138.6
191.3001,9,in,32770,-149.2
191.3043,9,in,32774,-167.4
191.3084,9,in,32778,-126.2
191.313,9,in,32782,-158.2
191.3169,9,in,32786,-134
191.3211,9,in,32790,-185
191.3255,9,in,32794,-167.6
191.331,9,in,32798,-94
191.3355,9,in,32802,-113.6
191.3399,9,in,32806,-93.2
191.3439,9,in,32810,-163.2
191.3489,9,in,32814,-168.8
191.3533,9,in,32818,-119
191.3576,9,in,32822,-124.6
191.3615,9,in,32826,-177.6
191.3671,9,in,32830,-132.2
191.3711,9,in,32834,-164.6
191.3753,9,in,32838,-152
191.3799,9,in,32842,-195
191.3854,9,in,32846,-167.6
191.3898,9,in,32850,-172.8
191.3941,9,in,32854,-149.2
191.3986,9,in,32858,-111.4
191.4038,9,in,32862,-140
191.408,9,in,32866,-182
191.4119,9,in,32870,-104.8
191.416,9,in,32874,-113.2
191.4205,9,in,32878,-121.4
191.4247,9,in,32882,-149.6
191.4289,9,in,32886,-175.2
191.4334,9,in,32890,-144.6
191.4373,9,in,32894,-166
191.442,9,in,32898,-117
191.4464,9,in,32902,-142.8
191.4509,9,in,32906,-104.6
191.4558,9,in,32910,-142.4
191.4599,9,in,32914,-162
191.4642,9,in,32918,-189.6
191.4691,9,in,32922,-162.6
191.4734,9,in,32926,-181.8
191.4775,9,in,32930,-118.8
191.4817,9,in,32934,-180.6
191.4858,9,in,32938,-62
191.49,9,in,32942,-90
191.4942,9,in,32946,-113.6
191.4985,9,in,32950,-97
191.5026,9,in,32954,-151
191.507,9,in,32958,-87.2
191.5114,9,in,32962,-139.4
191.5162,9,in,32966,-116.6
191.5207,9,in,32970,-169
191.5247,9,in,32974,-151.2
191.5288,9,in,32978,-89.6
191.533,9,in,32982,-72.4
191.537,9,in,32986,-133.4
191.5412,9,in,32990,-95.8
191.5464,9,in,32994,-110
191.5508,9,in,32998,-134.6
191.5545,9,in,33002,-139.4
191.5586,9,in,33006,-140.4
191.5634,9,in,33010,-147.6
191.5685,9,in,33014,-154.8
191.5731,9,in,33018,-86.4
191.5774,9,in,33022,-86
191.5821,9,in,33026,-115.6
191.5866,9,in,33030,-90.2
191.5912,9,in,33034,-98.8
191.5959,9,in,33038,-130.8
191.6009,9,in,33042,-133.6
191.6056,9,in,33046,-101.6
191.6105,9,in,33050,-137.8
191.6159,9,in,33054,-103.2
191.6207,9,in,33058,-105.2
191.6262,9,in,33062,-112.8
191.6306,9,in,33066,-158.2
191.6354,9,in,33070,-134
191.6396,9,in,33074,-88.8
191.6439,9,in,33078,-129
191.6483,9,in,33082,-86.2
191.653,9,in,33086,-80.6
191.6576,9,in,33090,-102.6
191.6616,9,in,33094,-97.8
191.6651,9,in,33098,-145
191.6695,9,in,33102,-134.2
191.6736,9,in,33106,-106.8
191.6774,9,in,33110,-134
191.6816,9,in,33114,-119.2
191.6867,9,in,33118,-116.6
191.691,9,in,33122,-148.6
191.6953,9,in,33126,-106.4
191.6999,9,in,33130,-99.4
191.7043,9,in,33134,-93.8
191.7082,9,in,33138,-88.8
191.7127,9,in,33142,-115.8
191.7171,9,in,33146,-72.2
191.7214,9,in,33150,-112.2
191.7253,9,in,33154,-94.2
191.7291,9,in,33158,-67.8
191.7331,9,in,33162,-139.8
191.7373,9,in,33166,-101.4
191.7415,9,in,33170,-126
191.7453,9,in,33174,-130.4
191.7492,9,in,33178,-137.2
191.7527,9,in,33182,-99.6
191.7567,9,in,33186,-79.6
191.7605,9,in,33190,-118
191.7642,9,in,33194,-106
191.768,9,in,33198,-104.4
191.7716,9,in,33202,-105.8
191.7754,9,in,33206,-111.6
191.7792,9,in,33210,-93.6
191.7837,9,in,33214,-108
191.788,9,in,33218,-136.2
191.793,9,in,33222,-97.4
191.7973,9,in,33226,-140
191.8016,9,in,33230,-149.8
191.8052,9,in,33234,-114.4
191.8091,9,in,33238,-123
191.8133,9,in,33242,-167.2
191.8181,9,in,33246,-121.6
191.8226,9,in,33250,-163.4
191.827,9,in,33254,-132.8
191.8318,9,in,33258,-132.8
191.8368,9,in,33262,-99.2
191.8418,9,in,33266,-121
191.8467,9,in,33270,-93
191.8513,9,in,33274,-125.8
191.8564,9,in,33278,-121.2
191.862,9,in,33282,-108.4
191.8668,9,in,33286,-131.6
191.8716,9,in,33290,-146.4
191.8763,9,in,33294,-89.8
191.8811,9,in,33298,-146.8
191.8858,9,in,33302,-132
191.8907,9,in,33306,-94.6
191.8956,9,in,33310,-154.6
191.901,9,in,33314,-130.2
191.9054,9,in,33318,-119.2
191.9105,9,in,33322,-156
191.9153,9,in,33326,-131.8
191.9197,9,in,33330,-151.6
191.9245,9,in,33334,-105.8
191.9301,9,in,33338,-117.2
191.935,9,in,33342,-103.8
191.9394,9,in,33346,-107.6
191.9436,9,in,33350,-79.4
191.9477,9,in,33354,-94.8
191.9524,9,in,33358,-134.8
191.9567,9,in,33362,-84.8
191.9609,9,in,33366,-139.8
191.9651,9,in,33370,-147.8
191.9691,9,in,33374,-142.2
191.9732,9,in,33378,-156.6
191.9774,9,in,33382,-153.6
191.9816,9,in,33386,-85.4
191.9862,9,in,33390,-97.8
191.9904,9,in,33394,-123
191.9945,9,in,33398,-144.6
191.9987,9,in,33402,-90.2
192.0028,9,in,33406,-88.6
192.0075,9,in,33410,-117.6
192.0114,9,in,33414,-115.8
192.0158,9,in,33418,-141.6
192.0203,9,in,33422,-138.4
192.0263,9,in,33426,-76
192.0304,9,in,33430,-135.2
192.0346,9,in,33434,-106.2
192.0388,9,in,33438,-86.8
192.0442,9,in,33442,-101
192.0489,9,in,33446,-124.8
192.0533,9,in,33450,-75.2
192.0578,9,in,33454,-119
192.0623,9,in,33458,-46
192.0662,9,in,33462,-145.6
192.0704,9,in,33466,-48.4
192.0745,9,in,33470,-138.6
192.0793,9,in,33474,-84.6
192.0837,9,in,33478,-76.6
192.088,9,in,33482,-99.4
192.0924,9,in,33486,-122.6
192.0968,9,in,33490,-69.6
192.1012,9,in,33494,-113
192.1054,9,in,33498,-120.4
192.1099,9,in,33502,-66.8
192.1157,9,in,33506,-91
192.1198,9,in,33510,-111.4
192.1236,9,in,33514,-50.4
192.1283,9,in,33518,-76.6
192.1335,9,in,33522,-106.4
192.1381,9,in,33526,-116.8
192.1429,9,in,33530,-138.2
192.1474,9,in,33534,-92
192.1521,9,in,33538,-140.8
192.1572,9,in,33542,-74.4
192.1619,9,in,33546,-88.2
192.167,9,in,33550,-116.4
192.1715,9,in,33554,-119.2
192.1757,9,in,33558,-84.4
192.18,9,in,33562,-145
192.1842,9,in,33566,-90
192.1885,9,in,33570,-130.8
192.1928,9,in,33574,-119.2
192.1971,9,in,33578,-98.6
192.2013,9,in,33582,-114.2
192.2061,9,in,33586,-126.8
192.21,9,in,33590,-111.8
192.2144,9,in,33594,-106.8
192.2184,9,in,33598,-78.2
192.2233,9,in,33602,-98.6
192.2274,9,in,33606,-158.2
192.2317,9,in,33610,-106
192.2361,9,in,33614,-134
192.2403,9,in,33618,-89.2
192.2442,9,in,33622,-128.8
192.2487,9,in,33626,-166.2
192.2538,9,in,33630,-132.2
192.2593,9,in,33634,-126.4
192.264,9,in,33638,-128.8
192.2687,9,in,33642,-126.4
192.2734,9,in,33646,-84.2
192.278,9,in,33650,-157.2
192.283,9,in,33654,-97.4
192.288,9,in,33658,-135.2
192.293,9,in,33662,-139.6
192.298,9,in,33666,-108.8
192.3032,9,in,33670,-102.6
192.3083,9,in,33674,-136.2
192.3135,9,in,33678,-140.8
192.3178,9,in,33682,-195.6
192.3221,9,in,33686,-105.2
192.3268,9,in,33690,-138
192.332,9,in,33694,-143.2
192.3368,9,in,33698,-123
192.3416,9,in,33702,-87.2
192.3463,9,in,33706,-128.8
192.3515,9,in,33710,-130.6
192.356,9,in,33714,-82
192.36,9,in,33718,-169.4
192.3643,9,in,33722,-148.2
192.3685,9,in,33726,-174
192.3732,9,in,33730,-112.4
192.3785,9,in,33734,-150.6
192.383,9,in,33738,-146
192.3878,9,in,33742,-145.8
192.3929,9,in,33746,-157.4
192.3975,9,in,33750,-168.2
192.4021,9,in,33754,-138.4
192.4066,9,in,33758,-172.4
192.4117,9,in,33762,-183.2
192.4168,9,in,33766,-146.6
192.4218,9,in,33770,-127.6
192.4268,9,in,33774,-127
192.432,9,in,33778,-197.4
192.4371,9,in,33782,-125.8
192.4423,9,in,33786,-105
192.4474,9,in,33790,-132.4
192.4518,9,in,33794,-155.2
192.4565,9,in,33798,-157.8
192.4609,9,in,33802,-160
192.4657,9,in,33806,-105.2
192.4706,9,in,33810,-151.8
192.4756,9,in,33814,-146.8
192.48,9,in,33818,-142.2
192.4851,9,in,33822,-99.8
192.4895,9,in,33826,-82.6
192.4935,9,in,33830,-68.4
192.4976,9,in,33834,-125.2
192.5018,9,in,33838,-60.2
192.506,9,in,33842,-121.6
192.5103,9,in,33846,-112.2
192.5144,9,in,33850,-96.2
192.5189,9,in,33854,-77
192.5228,9,in,33858,-66.8
192.528,9,in,33862,-126.6
192.5325,9,in,33866,-133.2
192.5364,9,in,33870,-95.6
192.5406,9,in,33874,-73.6
192.5455,9,in,33878,-155.4
192.5497,9,in,33882,-130.6
192.5541,9,in,33886,-144.6
192.5588,9,in,33890,-140.2
192.5642,9,in,33894,-91.8
192.5683,9,in,33898,-154.6
192.5729,9,in,33902,-97.6
192.5776,9,in,33906,-140
192.5825,9,in,33910,-130.8
192.5866,9,in,33914,-88.2
192.591,9,in,33918,-113
192.5956,9,in,33922,-98
192.6009,9,in,33926,-112.8
192.6051,9,in,33930,-55.6
192.6098,9,in,33934,-70.2
192.6143,9,in,33938,-159.8
192.6191,9,in,33942,-165.6
192.6234,9,in,33946,-139.6
192.6277,9,in,33950,-173
192.6318,9,in,33954,-89.4
192.6369,9,in,33958,-90.8
192.6415,9,in,33962,-153.4
192.6457,9,in,33966,-117.4
192.6499,9,in,33970,-112.4
192.654,9,in,33974,-129.4
192.658,9,in,33978,-140.4
192.6617,9,in,33982,-164.4
192.6656,9,in,33986,-134.2
192.6701,9,in,33990,-161.6
192.6745,9,in,33994,-142.4
192.679,9,in,33998,-162
192.6838,9,in,34002,-165
192.6884,9,in,34006,-171.2
192.6932,9,in,34010,-137.2
192.6978,9,in,34014,-209.6
192.7023,9,in,34018,-153.2
192.7069,9,in,34022,-173
192.7112,9,in,34026,-195.4
192.7155,9,in,34030,-180.4
192.72,9,in,34034,-133.2
192.7257,9,in,34038,-129.2
192.7302,9,in,34042,-146.6
192.7351,9,in,34046,-167.8
192.7399,9,in,34050,-151.6
192.7455,9,in,34054,-134.4
192.7501,9,in,34058,-186.2
192.755,9,in,34062,-152.8
192.7593,9,in,34066,-175.6
192.7639,9,in,34070,-228.2
192.7678,9,in,34074,-196.6
192.7717,9,in,34078,-258.8
192.7756,9,in,34082,-226.6
192.7799,9,in,34086,-244.4
192.7837,9,in,34090,-256.6
192.7881,9,in,34094,-277.6
192.7921,9,in,34098,-242.4
192.7965,9,in,34102,-150.6
192.801,9,in,34106,-212.8
192.8053,9,in,34110,-248.4
192.8095,9,in,34114,-229.8
192.8149,9,in,34118,-209.8
192.8194,9,in,34122,-138.2
192.8234,9,in,34126,-125
192.8285,9,in,34130,-155.2
192.8334,9,in,34134,-172.2
192.8376,9,in,34138,-167.6
192.8421,9,in,34142,-163.2
192.8466,9,in,34146,-191
192.8521,9,in,34150,-177.6
192.857,9,in,34154,-167.8
192.8621,9,in,34158,-184.2
192.8664,9,in,34162,-165
192.8714,9,in,34166,-208.6
192.8759,9,in,34170,-205.4
192.8801,9,in,34174,-200.6
192.8844,9,in,34178,-157
192.8894,9,in,34182,-209.8
192.8941,9,in,34186,-202.4
192.8982,9,in,34190,-227.8
192.9022,9,in,34194,-182.8
192.9068,9,in,34198,-167.8
192.9108,9,in,34202,-197.8
192.915,9,in,34206,-225.8
192.9189,9,in,34210,-228.8
192.9232,9,in,34214,-185
192.9276,9,in,34218,-181.4
192.9319,9,in,34222,-220.6
192.9368,9,in,34226,-191.6
192.9416,9,in,34230,-155.2
192.9462,9,in,34234,-210.2
192.9508,9,in,34238,-187.8
192.9557,9,in,34242,-169.2
192.9603,9,in,34246,-222.2
192.965,9,in,34250,-158
192.9696,9,in,34254,-179.2
192.9737,9,in,34258,-206.8
192.978,9,in,34262,-206.4
192.9827,9,in,34266,-145.4
192.987,9,in,34270,-184.6
192.9911,9,in,34274,-155.8
192.9955,9,in,34278,-227.4
192.9997,9,in,34282,-234.6
193.004,9,in,34286,-206.2
193.0083,9,in,34290,-151.6
193.0122,9,in,34294,-171.6
193.0162,9,in,34298,-206.8
193.0202,9,in,34302,-187.6
193.0242,9,in,34306,-218.8
193.0285,9,in,34310,-199.8
193.0322,9,in,34314,-214.8
193.0358,9,in,34318,-174.6
193.0394,9,in,34322,-144.2
193.043,9,in,34326,-199
193.0474,9,in,34330,-185.4
193.0517,9,in,34334,-185.6
193.0562,9,in,34338,-97.4
193.0609,9,in,34342,-161.4
193.0654,9,in,34346,-159.4
193.0698,9,in,34350,-257.4
193.0741,9,in,34354,-236
193.0784,9,in,34358,-280.2
193.0826,9,in,34362,-249.2
193.0871,9,in,34366,-164.4
193.0913,9,in,34370,-194
193.0956,9,in,34374,-261.8
193.1001,9,in,34378,-243.4
193.1049,9,in,34382,-279.8
193.1094,9,in,34386,-254.8
193.1137,9,in,34390,-256.8
193.118,9,in,34394,-261.6
193.1224,9,in,34398,-227.6
193.1266,9,in,34402,-286.4
193.131,9,in,34406,-257
193.1352,9,in,34410,-210.6
193.1398,9,in,34414,-221
193.1446,9,in,34418,-185.8
193.1492,9,in,34422,-245.2
193.1534,9,in,34426,-252.4
193.1578,9,in,34430,-264.6
193.1621,9,in,34434,-249.8
193.1668,9,in,34438,-150.6
193.1711,9,in,34442,-160.2
193.175,9,in,34446,-162.6
193.1787,9,in,34450,-147.4
193.1822,9,in,34454,-165
193.1862,9,in,34458,-163.6
193.1915,9,in,34462,-188.8
193.1956,9,in,34466,-141.2
193.2,9,in,34470,-139.6
193.2044,9,in,34474,-166.4
193.2087,9,in,34478,-187.2
193.2129,9,in,34482,-207.4
193.217,9,in,34486,-216.8
193.2215,9,in,34490,-180.2
193.2261,9,in,34494,-143.8
193.2299,9,in,34498,-218
193.2343,9,in,34502,-146
193.2386,9,in,34506,-170.4
193.2433,9,in,34510,-210.8
193.2476,9,in,34514,-204.8
193.2524,9,in,34518,-172.4
193.2567,9,in,34522,-180.8
193.2617,9,in,34526,-190
193.2662,9,in,34530,-162.2
193.27,9,in,34534,-152.4
193.2744,9,in,34538,-217.8
193.2792,9,in,34542,-238.2
193.2838,9,in,34546,-177
193.2877,9,in,34550,-199.4
193.2916,9,in,34554,-135.2
193.2963,9,in,34558,-180.2
193.3006,9,in,34562,-162
193.3047,9,in,34566,-187.4
193.3093,9,in,34570,-208
193.3144,9,in,34574,-189.4
193.3186,9,in,34578,-139.6
193.3229,9,in,34582,-248.2
193.327,9,in,34586,-159.2
193.3315,9,in,34590,-228.8
193.3357,9,in,34594,-198
193.3401,9,in,34598,-168.8
193.3444,9,in,34602,-214.6
193.3484,9,in,34606,-220
193.3526,9,in,34610,-217.6
193.357,9,in,34614,-139
193.3615,9,in,34618,-187
193.3659,9,in,34622,-178
193.3699,9,in,34626,-184.6
193.3744,9,in,34630,-186.8
193.3783,9,in,34634,-228.2
193.3828,9,in,34638,-223.6
193.3879,9,in,34642,-226
193.3922,9,in,34646,-242.4
193.3965,9,in,34650,-243
193.4006,9,in,34654,-200
193.4053,9,in,34658,-237.4
193.4096,9,in,34662,-230.8
193.4139,9,in,34666,-312.6
193.4179,9,in,34670,-241
193.4225,9,in,34674,-266.4
193.4269,9,in,34678,-214.4
193.431,9,in,34682,-256.2
193.4355,9,in,34686,-272
193.44,9,in,34690,-251
193.444,9,in,34694,-198.8
193.4481,9,in,34698,-235.8
193.4526,9,in,34702,-183.4
193.457,9,in,34706,-172.8
193.4611,9,in,34710,-254.8
193.4652,9,in,34714,-239
193.4696,9,in,34718,-192.2
193.4743,9,in,34722,-201
193.4788,9,in,34726,-207.2
193.4828,9,in,34730,-272.6
193.4869,9,in,34734,-291.2
193.4923,9,in,34738,-216.6
193.4963,9,in,34742,-175
193.501,9,in,34746,-217.2
193.5054,9,in,34750,-163.6
193.5106,9,in,34754,-198.6
193.5146,9,in,34758,-180.2
193.519,9,in,34762,-144.2
193.5236,9,in,34766,-227.6
193.5284,9,in,34770,-223.4
193.5324,9,in,34774,-215.6
193.5365,9,in,34778,-209.4
193.5405,9,in,34782,-189.4
193.5453,9,in,34786,-234.8
193.5494,9,in,34790,-177.4
193.5538,9,in,34794,-220.4
193.5581,9,in,34798,-259.8
193.5628,9,in,34802,-245.6
193.5668,9,in,34806,-274.8
193.5712,9,in,34810,-237.8
193.5754,9,in,34814,-207.6
193.58,9,in,34818,-215.4
193.5847,9,in,34822,-239.2
193.5894,9,in,34826,-286.2
193.5938,9,in,34830,-243.6
193.5978,9,in,34834,-340.6
193.6025,9,in,34838,-270.4
193.6067,9,in,34842,-229
193.6111,9,in,34846,-209.4
193.615,9,in,34850,-252.6
193.6199,9,in,34854,-341.4
193.6241,9,in,34858,-381.2
193.6281,9,in,34862,-281
193.6324,9,in,34866,-301.4
193.6372,9,in,34870,-243.4
193.6416,9,in,34874,-278
193.6458,9,in,34878,-300.6
193.6498,9,in,34882,-255.8
193.6548,9,in,34886,-238.2
193.6589,9,in,34890,-269.8
193.6631,9,in,34894,-313.2
193.6675,9,in,34898,-261.6
193.6719,9,in,34902,-324.6
193.6761,9,in,34906,-358
193.6807,9,in,34910,-378
193.6848,9,in,34914,-336.8
193.689,9,in,34918,-362.6
193.6934,9,in,34922,-360.6
193.698,9,in,34926,-448.8
193.7029,9,in,34930,-393.2
193.7072,9,in,34934,-329
193.712,9,in,34938,-395.8
193.7164,9,in,34942,-471.6
193.7206,9,in,34946,-396.6
193.7247,9,in,34950,-279.6
193.7292,9,in,34954,-371
193.7336,9,in,34958,-372.2
193.7377,9,in,34962,-360.4
193.742,9,in,34966,-287.8
193.7466,9,in,34970,-315
193.7509,9,in,34974,-412.2
193.7545,9,in,34978,-412.6
193.7582,9,in,34982,-480.4
193.7622,9,in,34986,-429.4
193.7661,9,in,34990,-440.6
193.7703,9,in,34994,-378.4
193.7744,9,in,34998,-332.8
193.7788,9,in,35002,-360.8
193.7831,9,in,35006,-388
193.7878,9,in,35010,-416.4
193.7929,9,in,35014,-478.6
193.7982,9,in,35018,-509.6
193.8026,9,in,35022,-458.4
193.8069,9,in,35026,-540.8
193.8115,9,in,35030,-552.4
193.817,9,in,35034,-525.6
193.8219,9,in,35038,-455.8
193.8269,9,in,35042,-424.6
193.8313,9,in,35046,-491.2
193.8351,9,in,35050,-456.4
193.8388,9,in,35054,-459.6
193.8426,9,in,35058,-454.8
193.8463,9,in,35062,-394.6
193.8508,9,in,35066,-563.2
193.8549,9,in,35070,-502.2
193.8588,9,in,35074,-550.2
193.8629,9,in,35078,-541.2
193.8673,9,in,35082,-420.2
193.8712,9,in,35086,-429
193.875,9,in,35090,-525
193.8788,9,in,35094,-535.8
193.8824,9,in,35098,-563.8
193.8866,9,in,35102,-600.2
193.8906,9,in,35106,-553.4
193.8946,9,in,35110,-569.2
193.8985,9,in,35114,-600.8
193.9025,9,in,35118,-604
193.9067,9,in,35122,-591.6
193.911,9,in,35126,-641.6
193.9149,9,in,35130,-574.2
193.9189,9,in,35134,-502.2
193.9231,9,in,35138,-419.2
193.9268,9,in,35142,-493.4
193.9308,9,in,35146,-392.4
193.9351,9,in,35150,-437.4
193.94,9,in,35154,-401
193.9446,9,in,35158,-430.6
193.949,9,in,35162,-466.4
193.9532,9,in,35166,-443.8
193.9574,9,in,35170,-469
193.9617,9,in,35174,-426.8
193.9663,9,in,35178,-468.6
193.9711,9,in,35182,-397.2
193.9753,9,in,35186,-427.6
193.9799,9,in,35190,-495
193.9843,9,in,35194,-472.4
193.9889,9,in,35198,-485.2
193.9938,9,in,35202,-419.8
193.9982,9,in,35206,-454.6
194.0021,9,in,35210,-412
194.006,9,in,35214,-433.6
194.0101,9,in,35218,-456.2
194.0139,9,in,35222,-466.4
194.0178,9,in,35226,-413.6
194.0219,9,in,35230,-403.4
194.0261,9,in,35234,-409.4
194.0299,9,in,35238,-386
194.0343,9,in,35242,-354.4
194.039,9,in,35246,-340.4
194.0432,9,in,35250,-378.8
194.0476,9,in,35254,-401.2
194.0515,9,in,35258,-386
194.0556,9,in,35262,-382.6
194.06,9,in,35266,-343.4
194.0644,9,in,35270,-365.8
194.0683,9,in,35274,-387.2
194.0725,9,in,35278,-375.6
194.0769,9,in,35282,-363.4
194.0815,9,in,35286,-346.2
194.0863,9,in,35290,-313
194.0911,9,in,35294,-283.4
194.0956,9,in,35298,-361.6
194.1,9,in,35302,-341.6
194.105,9,in,35306,-402.6
194.1089,9,in,35310,-405.8
194.1131,9,in,35314,-469
194.1181,9,in,35318,-413.4
194.1221,9,in,35322,-403.4
194.1257,9,in,35326,-403
194.1294,9,in,35330,-373.4
194.1331,9,in,35334,-442.4
194.1377,9,in,35338,-504.4
194.1417,9,in,35342,-450.4
194.1454,9,in,35346,-476.6
194.1495,9,in,35350,-337.6
194.1537,9,in,35354,-423.4
194.1582,9,in,35358,-373.2
194.1622,9,in,35362,-395.2
194.1664,9,in,35366,-451
194.1703,9,in,35370,-381.8
194.1747,9,in,35374,-415.8
194.1791,9,in,35378,-378.6
194.1834,9,in,35382,-421
194.1874,9,in,35386,-396.4
194.1918,9,in,35390,-376
194.1958,9,in,35394,-406
194.2,9,in,35398,-437.4
194.204,9,in,35402,-441.8
194.2091,9,in,35406,-447.4
194.2138,9,in,35410,-464.8
194.2181,9,in,35414,-427.8
194.2223,9,in,35418,-418.8
194.2268,9,in,35422,-426.6
194.2309,9,in,35426,-407
194.2353,9,in,35430,-339
194.2393,9,in,35434,-325
194.2431,9,in,35438,-361.8
194.2475,9,in,35442,-380.2
194.2516,9,in,35446,-358.6
194.2558,9,in,35450,-301.6
194.2598,9,in,35454,-342.6
194.2636,9,in,35458,-384.6
194.2682,9,in,35462,-423.4
194.2726,9,in,35466,-396
194.2767,9,in,35470,-397
194.2811,9,in,35474,-366.8
194.2848,9,in,35478,-402.8
194.2892,9,in,35482,-390.8
194.2932,9,in,35486,-388.2
194.2978,9,in,35490,-379.6
194.3021,9,in,35494,-412.4
194.3062,9,in,35498,-389.4
194.3104,9,in,35502,-397.6
194.3149,9,in,35506,-453.8
194.3187,9,in,35510,-407.2
194.3227,9,in,35514,-362.2
194.3267,9,in,35518,-388.4
194.3307,9,in,35522,-400
194.3348,9,in,35526,-448
194.339,9,in,35530,-501
194.3434,9,in,35534,-521
194.3479,9,in,35538,-566
194.3523,9,in,35542,-561.6
194.3561,9,in,35546,-500.2
194.3611,9,in,35550,-398.2
194.3658,9,in,35554,-352.8
194.3702,9,in,35558,-302.4
194.3748,9,in,35562,-357.6
194.3794,9,in,35566,-306.6
194.3847,9,in,35570,-340.6
194.3898,9,in,35574,-354
194.3938,9,in,35578,-388.6
194.398,9,in,35582,-406.6
194.4022,9,in,35586,-361.4
194.4068,9,in,35590,-360.8
194.4106,9,in,35594,-350
194.4143,9,in,35598,-345.2
194.419,9,in,35602,-366.2
194.4237,9,in,35606,-306.4
194.4284,9,in,35610,-284.8
194.4334,9,in,35614,-386
194.4387,9,in,35618,-375.4
194.4429,9,in,35622,-458
194.4475,9,in,35626,-462.6
194.4519,9,in,35630,-426.6
194.4562,9,in,35634,-414.6
194.4609,9,in,35638,-385.6
194.4653,9,in,35642,-500
194.4693,9,in,35646,-428
194.4734,9,in,35650,-391.8
194.4778,9,in,35654,-417.4
194.4818,9,in,35658,-429.6
194.4861,9,in,35662,-336.4
194.4901,9,in,35666,-355
194.4943,9,in,35670,-358.6
194.4983,9,in,35674,-412
194.5024,9,in,35678,-413.4
194.5069,9,in,35682,-470.6
194.5115,9,in,35686,-412.4
194.5168,9,in,35690,-435.4
194.5216,9,in,35694,-392.6
194.5271,9,in,35698,-448
194.532,9,in,35702,-460
194.5374,9,in,35706,-407.6
194.542,9,in,35710,-358.8
194.5471,9,in,35714,-397.2
194.5524,9,in,35718,-402.6
194.5572,9,in,35722,-406.2
194.5625,9,in,35726,-350.8
194.5671,9,in,35730,-399
194.5714,9,in,35734,-462.2
194.5757,9,in,35738,-463.8
194.5805,9,in,35742,-427.8
194.5856,9,in,35746,-431.6
194.5903,9,in,35750,-457.2
194.5953,9,in,35754,-489.6
194.6001,9,in,35758,-469.6
194.6043,9,in,35762,-560.8
194.6085,9,in,35766,-479.2
194.6128,9,in,35770,-502.2
194.617,9,in,35774,-576.6
194.6212,9,in,35778,-496.4
194.6252,9,in,35782,-498.6
194.6294,9,in,35786,-462.6
194.6335,9,in,35790,-498.8
194.6377,9,in,35794,-410.8
194.6417,9,in,35798,-437.2
194.6458,9,in,35802,-462.6
194.6505,9,in,35806,-525.2
194.6549,9,in,35810,-460.2
194.6593,9,in,35814,-504.2
194.6635,9,in,35818,-575.6
194.668,9,in,35822,-510.8
194.6726,9,in,35826,-518
194.6778,9,in,35830,-510.2
194.6825,9,in,35834,-557
194.6869,9,in,35838,-491.8
194.6914,9,in,35842,-535.2
194.6961,9,in,35846,-579.4
194.7007,9,in,35850,-555.8
194.705,9,in,35854,-552.4
194.7098,9,in,35858,-470
194.7145,9,in,35862,-487.4
194.7189,9,in,35866,-520.4
194.7242,9,in,35870,-533
194.729,9,in,35874,-520
194.7334,9,in,35878,-558
194.7378,9,in,35882,-488.6
194.7419,9,in,35886,-462.2
194.7454,9,in,35890,-510.8
194.7493,9,in,35894,-526.8
194.7534,9,in,35898,-478.4
194.7577,9,in,35902,-487.8
194.7619,9,in,35906,-552.4
194.7663,9,in,35910,-558.6
194.7713,9,in,35914,-517.6
194.776,9,in,35918,-526.8
194.7811,9,in,35922,-580.8
194.7856,9,in,35926,-504.8
194.7903,9,in,35930,-503.8
194.7946,9,in,35934,-481.4
194.7992,9,in,35938,-460.8
194.8036,9,in,35942,-451.4
194.8081,9,in,35946,-474
194.8127,9,in,35950,-498.2
194.8172,9,in,35954,-446.2
194.8214,9,in,35958,-433.2
194.8262,9,in,35962,-481.4
194.8304,9,in,35966,-503.4
194.8348,9,in,35970,-520.6
194.8394,9,in,35974,-531.4
194.844,9,in,35978,-509.6
194.8484,9,in,35982,-510.2
194.853,9,in,35986,-604.8
194.8573,9,in,35990,-551.8
194.862,9,in,35994,-551
194.8667,9,in,35998,-573.6
194.8711,9,in,36002,-549
194.8758,9,in,36006,-568
194.8809,9,in,36010,-575.4
194.8859,9,in,36014,-508.4
194.8913,9,in,36018,-562.4
194.8961,9,in,36022,-509.6
194.9013,9,in,36026,-504.4
194.9063,9,in,36030,-522.8
194.9112,9,in,36034,-513.8
194.9164,9,in,36038,-477.2
194.9209,9,in,36042,-544
194.9262,9,in,36046,-549.8
194.9311,9,in,36050,-664.2
194.9358,9,in,36054,-617.8
194.9404,9,in,36058,-585.8
194.945,9,in,36062,-641.8
194.9497,9,in,36066,-608
194.954,9,in,36070,-587.4
194.9585,9,in,36074,-600.4
194.9631,9,in,36078,-612.6
194.9679,9,in,36082,-619.8
194.9727,9,in,36086,-640.6
194.9772,9,in,36090,-650.6
194.9815,9,in,36094,-665.6
194.9864,9,in,36098,-627
194.9908,9,in,36102,-557.2
194.9957,9,in,36106,-639.4
195.001,9,in,36110,-614.2
195.0059,9,in,36114,-670.6
195.0103,9,in,36118,-641.6
195.0149,9,in,36122,-585.6
195.0195,9,in,36126,-583
195.0242,9,in,36130,-549.8
195.029,9,in,36134,-585
195.0343,9,in,36138,-603.4
195.0389,9,in,36142,-581.8
195.0444,9,in,36146,-594.2
195.0491,9,in,36150,-646
195.0541,9,in,36154,-583.8
195.059,9,in,36158,-602.4
195.0634,9,in,36162,-642.6
195.0678,9,in,36166,-650.6
195.0729,9,in,36170,-686.2
195.0778,9,in,36174,-668
195.0823,9,in,36178,-666
195.0871,9,in,36182,-606.8
195.0918,9,in,36186,-668.2
195.0963,9,in,36190,-696
195.1014,9,in,36194,-682.4
195.1065,9,in,36198,-663.8
195.1109,9,in,36202,-730.6
195.116,9,in,36206,-722.8
195.1208,9,in,36210,-625.8
195.1252,9,in,36214,-646.6
195.1294,9,in,36218,-670.8
195.1345,9,in,36222,-665.8
195.1396,9,in,36226,-572.8
195.1444,9,in,36230,-614.8
195.1489,9,in,36234,-668.6
195.154,9,in,36238,-566
195.1586,9,in,36242,-605.6
195.1636,9,in,36246,-669.8
195.1693,9,in,36250,-633.6
195.1742,9,in,36254,-614.2
195.1789,9,in,36258,-646.6
195.1839,9,in,36262,-617.4
195.1887,9,in,36266,-600.4
195.1935,9,in,36270,-514.4
195.198,9,in,36274,-592.4
195.2034,9,in,36278,-573.6
195.2083,9,in,36282,-562.6
195.2129,9,in,36286,-601.8
195.2178,9,in,36290,-542.4
195.223,9,in,36294,-605.6
195.2281,9,in,36298,-572
195.233,9,in,36302,-619.2
195.237,9,in,36306,-615.2
195.2421,9,in,36310,-580.4
195.246,9,in,36314,-669.8
195.2503,9,in,36318,-689.2
195.2545,9,in,36322,-694.4
195.26,9,in,36326,-669.4
195.2639,9,in,36330,-711.4
195.2684,9,in,36334,-672.4
195.2727,9,in,36338,-700.4
195.2774,9,in,36342,-632
195.2816,9,in,36346,-587.8
195.2862,9,in,36350,-606.6
195.2902,9,in,36354,-653.6
195.2954,9,in,36358,-662.4
195.2993,9,in,36362,-621.8
195.304,9,in,36366,-608.6
195.3083,9,in,36370,-635
195.3133,9,in,36374,-638.2
195.317,9,in,36378,-646.2
195.3213,9,in,36382,-612
195.3253,9,in,36386,-627.2
195.3296,9,in,36390,-711.8
195.3344,9,in,36394,-682.4
195.3387,9,in,36398,-719.2
195.3431,9,in,36402,-703
195.3479,9,in,36406,-705
195.353,9,in,36410,-658.8
195.3571,9,in,36414,-630
195.3614,9,in,36418,-655.2
195.3672,9,in,36422,-696.8
195.3712,9,in,36426,-714.6
195.3752,9,in,36430,-698.6
195.3803,9,in,36434,-696.6
195.3847,9,in,36438,-764
195.3889,9,in,36442,-666.6
195.3929,9,in,36446,-714
195.3971,9,in,36450,-687.2
195.4014,9,in,36454,-743
195.4055,9,in,36458,-666.2
195.4095,9,in,36462,-730.6
195.4141,9,in,36466,-744
195.4189,9,in,36470,-701.4
195.4237,9,in,36474,-672.8
195.4283,9,in,36478,-643
195.4323,9,in,36482,-649.6
195.436,9,in,36486,-669
195.4404,9,in,36490,-653.6
195.4448,9,in,36494,-615.2
195.4488,9,in,36498,-704.6
195.4527,9,in,36502,-710.4
195.4567,9,in,36506,-644.6
195.4608,9,in,36510,-675.2
195.4646,9,in,36514,-721.2
195.4689,9,in,36518,-651.2
195.4731,9,in,36522,-683.6
195.4774,9,in,36526,-719.4
195.4817,9,in,36530,-688.4
195.4859,9,in,36534,-649.2
195.4904,9,in,36538,-661.2
195.4946,9,in,36542,-729
195.4993,9,in,36546,-735
195.5039,9,in,36550,-730.2
195.5085,9,in,36554,-680.8
195.5127,9,in,36558,-692.8
195.5165,9,in,36562,-695.8
195.5205,9,in,36566,-686.6
195.5248,9,in,36570,-732.8
195.5288,9,in,36574,-750.8
195.5329,9,in,36578,-691
195.5366,9,in,36582,-717.4
195.5405,9,in,36586,-686.2
195.544,9,in,36590,-752.8
195.5481,9,in,36594,-782.6
195.5518,9,in,36598,-756.6
195.5556,9,in,36602,-681.4
195.559,9,in,36606,-717.2
195.5626,9,in,36610,-684.4
195.5661,9,in,36614,-678.4
195.5699,9,in,36618,-691
195.5735,9,in,36622,-649.8
195.5778,9,in,36626,-685
195.5817,9,in,36630,-739.8
195.5854,9,in,36634,-675.8
195.5891,9,in,36638,-662.6
195.5937,9,in,36642,-705.8
195.5979,9,in,36646,-680.2
195.6017,9,in,36650,-632.2
195.6056,9,in,36654,-650.2
195.6104,9,in,36658,-681.4
195.6147,9,in,36662,-693.2
195.619,9,in,36666,-739.6
195.6233,9,in,36670,-720.2
195.6278,9,in,36674,-707.8
195.6324,9,in,36678,-739.2
195.6367,9,in,36682,-648.4
195.6405,9,in,36686,-668.8
195.645,9,in,36690,-667.2
195.6492,9,in,36694,-700
195.6534,9,in,36698,-683.4
195.6579,9,in,36702,-658.6
195.6619,9,in,36706,-714.4
195.666,9,in,36710,-707.2
195.6708,9,in,36714,-659.2
195.6747,9,in,36718,-688.2
195.6795,9,in,36722,-659.6
195.6841,9,in,36726,-746.6
195.6887,9,in,36730,-734.6
195.6929,9,in,36734,-703.8
195.6973,9,in,36738,-718.6
195.7015,9,in,36742,-677.2
195.7056,9,in,36746,-731.6
195.7096,9,in,36750,-687.6
195.7137,9,in,36754,-683.2
195.7174,9,in,36758,-758.8
195.7218,9,in,36762,-741
195.7259,9,in,36766,-774.8
195.7303,9,in,36770,-702.8
195.7348,9,in,36774,-714.6
195.7391,9,in,36778,-703.2
195.7435,9,in,36782,-800.2
195.7478,9,in,36786,-754.6
195.7521,9,in,36790,-752.8
195.7558,9,in,36794,-751.4
195.7597,9,in,36798,-760.6
195.7633,9,in,36802,-750.4
195.767,9,in,36806,-747.8
195.7713,9,in,36810,-706.8
195.7755,9,in,36814,-735.2
195.7796,9,in,36818,-763.6
195.7834,9,in,36822,-752.2
195.787,9,in,36826,-729.8
195.7911,9,in,36830,-701
195.7952,9,in,36834,-736.2
195.7989,9,in,36838,-736
195.8023,9,in,36842,-712.6
195.8062,9,in,36846,-734.8
195.8093,9,in,36850,-710
195.8131,9,in,36854,-706
195.8171,9,in,36858,-732
195.821,9,in,36862,-705
195.8251,9,in,36866,-762.2
195.8292,9,in,36870,-738
195.8331,9,in,36874,-706.8
195.837,9,in,36878,-722.6
195.8408,9,in,36882,-720.8
195.8444,9,in,36886,-809.6
195.8485,9,in,36890,-807.8
195.8527,9,in,36894,-778.8
195.8564,9,in,36898,-795.6
195.8601,9,in,36902,-766.6
195.8638,9,in,36906,-821.6
195.8679,9,in,36910,-827.4
195.8718,9,in,36914,-859.4
195.8752,9,in,36918,-831.2
195.8789,9,in,36922,-874
195.8825,9,in,36926,-851
195.8867,9,in,36930,-900.4
195.8909,9,in,36934,-904.4
195.8949,9,in,36938,-922
195.8986,9,in,36942,-930.4
195.9028,9,in,36946,-906
195.9066,9,in,36950,-927.8
195.9103,9,in,36954,-955.6
195.9142,9,in,36958,-949.8
195.9177,9,in,36962,-892.2
195.921,9,in,36966,-870.2
195.9252,9,in,36970,-836.2
195.9295,9,in,36974,-872.8
195.934,9,in,36978,-852.6
195.9381,9,in,36982,-860.4
195.9421,9,in,36986,-851.4
195.946,9,in,36990,-850.2
195.9496,9,in,36994,-860.4
195.9532,9,in,36998,-794.2
195.9573,9,in,37002,-786.6
195.9612,9,in,37006,-839.8
195.965,9,in,37010,-744.6
195.9685,9,in,37014,-759.6
195.9718,9,in,37018,-799.2
195.9761,9,in,37022,-748
195.9803,9,in,37026,-808
195.9837,9,in,37030,-762
195.9874,9,in,37034,-742.8
195.9905,9,in,37038,-737.4
195.9943,9,in,37042,-711.4
195.9983,9,in,37046,-713.8
196.002,9,in,37050,-701.6
196.0055,9,in,37054,-771.6
196.0092,9,in,37058,-759
196.0138,9,in,37062,-748.6
196.0177,9,in,37066,-733
196.0214,9,in,37070,-723.4
196.0253,9,in,37074,-747.8
196.0298,9,in,37078,-738.2
196.0334,9,in,37082,-773.2
196.0373,9,in,37086,-757.8
196.041,9,in,37090,-734.4
196.0447,9,in,37094,-778.4
196.0488,9,in,37098,-821.8
196.0528,9,in,37102,-757
196.0569,9,in,37106,-741.4
196.0605,9,in,37110,-757.8
196.0646,9,in,37114,-785
196.0681,9,in,37118,-804
196.0718,9,in,37122,-834.2
196.0755,9,in,37126,-809.6
196.0792,9,in,37130,-835.2
196.0832,9,in,37134,-775.4
196.0875,9,in,37138,-835.6
196.0914,9,in,37142,-744
196.0952,9,in,37146,-798.6
196.0989,9,in,37150,-790.8
196.1025,9,in,37154,-781.8
196.1058,9,in,37158,-804
196.1097,9,in,37162,-784.4
196.1134,9,in,37166,-760.6
196.1172,9,in,37170,-812
196.1212,9,in,37174,-797.4
196.1251,9,in,37178,-825.2
196.1289,9,in,37182,-835.8
196.1327,9,in,37186,-853.4
196.1368,9,in,37190,-852.2
196.1403,9,in,37194,-792.2
196.144,9,in,37198,-856.8
196.1477,9,in,37202,-813.6
196.1515,9,in,37206,-824
196.1559,9,in,37210,-823
196.1599,9,in,37214,-846.2
196.164,9,in,37218,-831.8
196.1677,9,in,37222,-837
196.1716,9,in,37226,-816.2
196.1755,9,in,37230,-844.4
196.1794,9,in,37234,-875.4
196.183,9,in,37238,-849.4
196.1869,9,in,37242,-878.6
196.1905,9,in,37246,-814.8
196.1939,9,in,37250,-839.4
196.1972,9,in,37254,-861.4
196.201,9,in,37258,-792.4
196.2043,9,in,37262,-831.4
196.208,9,in,37266,-843
196.2114,9,in,37270,-895.2
196.215,9,in,37274,-883
196.219,9,in,37278,-917.8
196.2224,9,in,37282,-912.2
196.2266,9,in,37286,-913.6
196.2301,9,in,37290,-927.4
196.2341,9,in,37294,-929.6
196.2375,9,in,37298,-932.4
196.241,9,in,37302,-960.4
196.2456,9,in,37306,-932.2
196.2491,9,in,37310,-987.8
196.2527,9,in,37314,-923
196.256,9,in,37318,-974.6
196.26,9,in,37322,-965.2
196.2641,9,in,37326,-970
196.2682,9,in,37330,-956.6
196.2723,9,in,37334,-930.6
196.2757,9,in,37338,-1008.4
196.2795,9,out,37334,-996.6
196.2827,9,out,37330,-1048.8
196.2865,9,out,37326,-1029.6
196.2901,9,out,37322,-1071.6
196.2937,9,out,37318,-1076.2
196.2979,9,out,37314,-1033.6
196.3017,9,out,37310,-1102.6
196.305,9,out,37306,-1092
196.3087,9,out,37302,-1157.4
196.3124,9,out,37298,-1193.2
196.3159,9,out,37294,-1242.8
196.319,9,out,37290,-1190.8
196.3226,9,out,37286,-1201.4
196.3262,9,out,37282,-1182.8
196.33,9,out,37278,-1158
196.3337,9,out,37274,-1262.6
196.3371,9,out,37270,-1156.8
196.341,9,out,37266,-1138.8
196.3448,9,out,37262,-1143.6
196.3484,9,out,37258,-1146.4
196.3525,9,out,37254,-1110.4
196.356,9,out,37250,-1230
196.3598,9,out,37246,-1209.6
196.3634,9,out,37242,-1266.4
196.3666,9,out,37238,-1331.6
196.3705,9,out,37234,-1312
196.3742,9,out,37230,-1430.2
196.3778,9,out,37226,-1318.2
196.381,9,out,37222,-1542.2
196.3848,9,out,37218,-1652
196.3887,9,out,37214,-1570
196.3925,9,out,37210,-1584.4
196.3963,9,out,37206,-1477.6
196.3998,9,out,37202,-1534.2
196.4037,9,out,37198,-1553
196.4077,9,out,37194,-1505.8
196.4111,9,out,37190,-1588.6
196.4148,9,out,37186,-1483.2
196.4185,9,out,37182,-1535.6
196.4226,9,out,37178,-1571.4
196.4261,9,out,37174,-1386
196.4298,9,out,37170,-1490.6
196.4337,9,out,37166,-1397.2
196.4375,9,out,37162,-1452.6
196.4415,9,out,37158,-1406.6
196.445,9,out,37154,-1529
196.4488,9,out,37150,-1726.6
196.4528,9,out,37146,-1471.6
196.4568,9,out,37142,-1579.4
196.4602,9,out,37138,-1397
196.464,9,out,37134,-1411.8
196.4679,9,out,37130,-1447.2
196.472,9,out,37126,-1503.6
196.4759,9,out,37122,-1490.2
196.4793,9,out,37118,-1443
196.4826,9,out,37114,-1443.4
196.4864,9,out,37110,-1602.8
196.4906,9,out,37106,-1618.8
196.494,9,out,37102,-1458.6
196.4974,9,out,37098,-1568
196.5016,9,out,37094,-1538.8
196.5055,9,out,37090,-1383.4
196.5087,9,out,37086,-1426.6
196.5122,9,out,37082,-1416.6
196.516,9,out,37078,-1505
196.5195,9,out,37074,-1607.6
196.5229,9,out,37070,-1568.2
196.5267,9,out,37066,-1594.8
196.5303,9,out,37062,-1380.8
196.5341,9,out,37058,-1458
196.538,9,out,37054,-1533.4
196.5415,9,out,37050,-1640.8
196.5457,9,out,37046,-1359.4
196.5494,9,out,37042,-1303.6
196.553,9,out,37038,-1582.6
196.5562,9,out,37034,-1375.4
196.5594,9,out,37030,-1548.6
196.563,9,out,37026,-1618
196.5665,9,out,37022,-1616.2
196.5702,9,out,37018,-1340.4
196.5739,9,out,37014,-1304.4
196.5778,9,out,37010,-1605.2
196.582,9,out,37006,-1334
196.5861,9,out,37002,-1382
196.5902,9,out,36998,-1434.6
196.5942,9,out,36994,-1458
196.5978,9,out,36990,-1528.4
196.6018,9,out,36986,-1463.2
196.6061,9,out,36982,-1468.2
196.6103,9,out,36978,-1462
196.6143,9,out,36974,-1372.2
196.6185,9,out,36970,-1357.4
196.6222,9,out,36966,-1470
196.6257,9,out,36962,-1623.8
196.6295,9,out,36958,-1616.8
196.6332,9,out,36954,-1540.4
196.6373,9,out,36950,-1402
196.6414,9,out,36946,-1387.2
196.6454,9,out,36942,-1457.4
196.6494,9,out,36938,-1450
196.6534,9,out,36934,-1307.6
196.6573,9,out,36930,-1296.8
196.6606,9,out,36926,-1263
196.6644,9,out,36922,-1429.6
196.6683,9,out,36918,-1443
196.6723,9,out,36914,-1275.2
196.6757,9,out,36910,-1329
196.6792,9,out,36906,-1270.4
196.6825,9,out,36902,-1335.8
196.687,9,out,36898,-1286.4
196.6913,9,out,36894,-1256.8
196.6951,9,out,36890,-1439.2
196.6987,9,out,36886,-1511.2
196.7021,9,out,36882,-1529.8
196.706,9,out,36878,-1380.6
196.7098,9,out,36874,-1385.8
196.7134,9,out,36870,-1363.4
196.7173,9,out,36866,-1470.8
196.7209,9,out,36862,-1323
196.7247,9,out,36858,-1421.6
196.7279,9,out,36854,-1400.8
196.7315,9,out,36850,-1363.6
196.7349,9,out,36846,-1254.8
196.7387,9,out,36842,-1273.2
196.7427,9,out,36838,-1287
196.7469,9,out,36834,-1415.8
196.7512,9,out,36830,-1310.6
196.7547,9,out,36826,-1356.4
196.759,9,out,36822,-1289.6
196.7633,9,out,36818,-1363.8
196.7671,9,out,36814,-1317.6
196.7708,9,out,36810,-1335
196.7744,9,out,36806,-1483.8
196.7782,9,out,36802,-1342.4
196.7822,9,out,36798,-1416
196.7859,9,out,36794,-1618.2
196.7898,9,out,36790,-1578
196.7935,9,out,36786,-1488.8
196.798,9,out,36782,-1641.6
196.802,9,out,36778,-1594.6
196.8057,9,out,36774,-1418.8
196.8088,9,out,36770,-1316.8
196.8125,9,out,36766,-1353
196.816,9,out,36762,-1488.8
196.8193,9,out,36758,-1448.4
196.8229,9,out,36754,-1366.4
196.8262,9,out,36750,-1322.4
196.8294,9,out,36746,-1328.8
196.8331,9,out,36742,-1500.6
196.8368,9,out,36738,-1293.4
196.8405,9,out2,36688,-1287.4
196.8442,9,out2,36638,-1311
196.8478,9,out2,36588,-1372.6
196.8513,9,out2,36538,-1314.8
196.8547,9,out2,36488,-1482.6
196.8584,9,out2,36438,-1526.4
196.8619,9,out2,36388,-1471.2
196.8659,9,out2,36338,-1452.4
196.8704,9,out2,36288,-1450.2
196.8738,9,out2,36238,-1439.8
196.8773,9,out2,36188,-1437.2
196.8807,9,out2,36138,-1464.8
196.8846,9,out2,36088,-1372.4
196.889,9,out2,36038,-1251.4
196.8926,9,out2,35988,-1140.2
196.8963,9,out2,35938,-1211.2
196.8999,9,out2,35888,-1273.8
196.9043,9,out2,35838,-1114.6
196.9081,9,out2,35788,-1137
196.9118,9,out2,35738,-1227.4
196.915,9,out2,35688,-1228.4
196.9196,9,out2,35638,-1087.8
196.9234,9,out2,35588,-1229.2
196.9277,9,out2,35538,-1074.6
196.932,9,out2,35488,-1078.8
196.9355,9,out2,35438,-1070.4
196.9393,9,out2,35388,-1045.2
196.9427,9,out2,35338,-976.2
196.9459,9,out2,35288,-906.2
196.9492,9,out2,35238,-903
196.9531,9,out2,35188,-854.4
196.9574,9,out2,35138,-802.4
196.9623,9,out2,35088,-796
196.9664,9,out2,35038,-824.4
196.9701,9,out2,34988,-830.2
196.9737,9,out2,34938,-771.4
196.9773,9,out2,34888,-784
196.9812,9,out2,34838,-780.2
196.9854,9,out2,34788,-800.2
196.9895,9,out2,34738,-770
196.9934,9,out2,34688,-759.6
196.9974,9,out2,34638,-785.2
197.0012,9,out2,34588,-733.4
197.0048,9,out2,34538,-770
197.0082,9,out2,34488,-713.4
197.0119,9,out2,34438,-731.6
197.0153,9,out2,34388,-730
197.0197,9,out2,34338,-722.4
197.0238,9,out2,34288,-703.8
197.0275,9,out2,34238,-750.4
197.0313,9,out2,34188,-727.6
197.035,9,out2,34138,-711.2
197.0387,9,out2,34088,-690
197.0424,9,out2,34038,-777.6
197.0461,9,out2,33988,-697.2
197.0508,9,out2,33938,-722.8
197.0553,9,out2,33888,-727
197.0592,9,out2,33838,-757.6
197.063,9,out2,33788,-633.2
197.0667,9,out2,33738,-647.2
197.0705,9,out2,33688,-622.8
197.0741,9,out2,33638,-661.2
197.078,9,out2,33588,-568.6
197.0815,9,out2,33538,-553
197.0854,9,out2,33488,-571.8
197.0894,9,out2,33438,-548.8
197.0935,9,out2,33388,-484
197.0969,9,out2,33338,-534.2
197.1006,9,out2,33288,-518.8
197.1044,9,out2,33238,-494.6
197.1085,9,out2,33188,-549.8
197.1129,9,out2,33138,-490.8
197.1168,9,out2,33088,-541.8
197.1206,9,out2,33038,-434.2
197.1242,9,out2,32988,-393.2
197.1277,9,out2,32938,-430.6
197.1324,9,out2,32888,-401.2
197.1369,9,out2,32838,-370.8
197.1407,9,out2,32788,-407.6
197.1444,9,out2,32738,-380.8
197.1483,9,out2,32688,-405.8
197.1521,9,out2,32638,-347.4
197.1557,9,out2,32588,-333.2
197.1588,9,out2,32538,-240.2
197.1621,9,out2,32488,-285.6
197.1652,9,out2,32438,-245
197.1692,9,out2,32388,-220.4
197.1728,9,out2,32338,-162.4
197.1766,9,out2,32288,-127.8
197.18,10,in,32288,-119.8
197.1837,10,in,32292,-152.8
197.1873,10,in,32296,-154
197.1908,10,in,32300,-140
197.1945,10,in,32304,-159
197.1984,10,in,32308,-129.6
197.2022,10,in,32312,-98.6
197.2058,10,in,32316,-125
197.2096,10,in,32320,-67.6
197.2133,10,in,32324,-104
197.217,10,in,32328,-64.6
197.2206,10,in,32332,-67.6
197.2243,10,in,32336,-72.2
197.2281,10,in,32340,-135.8
197.232,10,in,32344,-64
197.2356,10,in,32348,-53
197.2395,10,in,32352,-81.8
197.2429,10,in,32356,-76.6
197.2461,10,in,32360,-80.8
197.2495,10,in,32364,-109.8
197.2531,10,in,32368,-79.6
197.2571,10,in,32372,-93.6
197.2606,10,in,32376,-94.2
197.2643,10,in,32380,-64.2
197.2681,10,in,32384,-74.6
197.2724,10,in,32388,-79.8
197.2757,10,in,32392,-91.6
197.2794,10,in,32396,-87.4
197.2832,10,in,32400,-77.8
197.2876,10,in,32404,-77
197.2915,10,in,32408,-98.8
197.295,10,in,32412,-104
197.2987,10,in,32416,-97.2
197.3027,10,in,32420,-89
197.3068,10,in,32424,-70.8
197.3108,10,in,32428,-99.2
197.3144,10,in,32432,-86.6
197.3181,10,in,32436,-73.4
197.3219,10,in,32440,-107.6
197.3255,10,in,32444,-80.2
197.3293,10,in,32448,-102.4
197.3332,10,in,32452,-83.8
197.3365,10,in,32456,-72.6
197.3402,10,in,32460,-54.4
197.3442,10,in,32464,-105.2
197.348,10,in,32468,-53.6
197.3518,10,in,32472,-60.4
197.3552,10,in,32476,-89.2
197.359,10,in,32480,-82
197.3629,10,in,32484,-67.2
197.3669,10,in,32488,-119
197.3707,10,in,32492,-71
197.3741,10,in,32496,-64.2
197.3778,10,in,32500,-54.2
197.3818,10,in,32504,-90
197.3854,10,in,32508,-83.2
197.3891,10,in,32512,-35
197.3928,10,in,32516,-69.8
197.3971,10,in,32520,-63.4
197.4008,10,in,32524,-82.8
197.4047,10,in,32528,-65.4
197.4084,10,in,32532,-96.4
197.4123,10,in,32536,-82.6
197.4163,10,in,32540,-92.4
197.4197,10,in,32544,-113.8
197.4235,10,in,32548,-71.8
197.4271,10,in,32552,-103.2
197.4316,10,in,32556,-83.6
197.4357,10,in,32560,-114.6
197.4398,10,in,32564,-73.6
197.4437,10,in,32568,-106.8
197.4472,10,in,32572,-70.6
197.4507,10,in,32576,-55.4
197.4545,10,in,32580,-56.8
197.4582,10,in,32584,-57.2
197.4617,10,in,32588,-81.8
197.4649,10,in,32592,-79.8
197.4684,10,in,32596,-51.4
197.472,10,in,32600,-89.6
197.4755,10,in,32604,-92
197.4791,10,in,32608,-91.2
197.4827,10,in,32612,-61.2
197.4868,10,in,32616,-63.6
197.4905,10,in,32620,-85.6
197.4939,10,in,32624,-71
197.4978,10,in,32628,-78.2
197.5014,10,in,32632,-85.8
197.5053,10,in,32636,-65.2
197.509,10,in,32640,-50.6
197.5126,10,in,32644,-98.8
197.5163,10,in,32648,-102.6
197.5201,10,in,32652,-66.8
197.5235,10,in,32656,-50.2
197.5271,10,in,32660,-87.2
197.5305,10,in,32664,-62.8
197.5345,10,in,32668,-63.4
197.5385,10,in,32672,-70.6
197.542,10,in,32676,-83.2
197.5456,10,in,32680,-61.4
197.5493,10,in,32684,-86.6
197.553,10,in,32688,-91
197.5565,10,in,32692,-103
197.56,10,in,32696,-63
197.5641,10,in,32700,-43.2
197.5681,10,in,32704,-51.6
197.5715,10,in,32708,-79
197.5756,10,in,32712,-75.6
197.5792,10,in,32716,-62.6
197.583,10,in,32720,-70.6
197.5865,10,in,32724,-41.6
197.5898,10,in,32728,-42.4
197.5937,10,in,32732,-74.2
197.5974,10,in,32736,-88.8
197.601,10,in,32740,-70
197.6047,10,in,32744,-102.2
197.608,10,in,32748,-58.2
197.6119,10,in,32752,-70.8
197.6153,10,in,32756,-83.6
197.6191,10,in,32760,-74
197.6233,10,in,32764,-109
197.6273,10,in,32768,-89.4
197.6314,10,in,32772,-98.6
197.635,10,in,32776,-101.2
197.6388,10,in,32780,-68.8
197.6424,10,in,32784,-68
197.6465,10,in,32788,-58.6
197.6502,10,in,32792,-92.6
197.6539,10,in,32796,-82
197.658,10,in,32800,-68.2
197.6618,10,in,32804,-73.2
197.6655,10,in,32808,-59.6
197.6689,10,in,32812,-41.4
197.6726,10,in,32816,-72
197.6763,10,in,32820,-69.6
197.6824,10,in,32824,-54.4
197.6863,10,in,32828,-68
197.6903,10,in,32832,-71.2
197.6943,10,in,32836,-68.6
197.6981,10,in,32840,-81
197.702,10,in,32844,-64.2
197.7062,10,in,32848,-111.8
197.7098,10,in,32852,-105.2
197.7134,10,in,32856,-80.8
197.7173,10,in,32860,-68.2
197.7208,10,in,32864,-85.4
197.7245,10,in,32868,-66.8
197.7281,10,in,32872,-84.8
197.7312,10,in,32876,-96.8
197.7349,10,in,32880,-92
197.7385,10,in,32884,-50.4
197.7425,10,in,32888,-90
197.7461,10,in,32892,-77.6
197.7497,10,in,32896,-103.2
197.7535,10,in,32900,-32.8
197.7572,10,in,32904,-30.4
197.7606,10,in,32908,-91
197.7645,10,in,32912,-58.4
197.7683,10,in,32916,-35.8
197.7725,10,in,32920,-69.4
197.7762,10,in,32924,-54.6
197.7799,10,in,32928,-77
197.7836,10,in,32932,-80.6
197.7873,10,in,32936,-60
197.7911,10,in,32940,-42
197.7949,10,in,32944,-35
197.7986,10,in,32948,-98
197.8025,10,in,32952,-96.6
197.8063,10,in,32956,-65.4
197.8102,10,in,32960,-87
197.8134,10,in,32964,-74
197.8166,10,in,32968,-98.6
197.8199,10,in,32972,-53.2
197.8238,10,in,32976,-78
197.8275,10,in,32980,-83.8
197.8311,10,in,32984,-110.4
197.8349,10,in,32988,-83.4
197.8384,10,in,32992,-62.4
197.8419,10,in,32996,-65.2
197.8455,10,in,33000,-93
197.849,10,in,33004,-79.6
197.8529,10,in,33008,-102.8
197.8564,10,in,33012,-100
197.8604,10,in,33016,-81.6
197.8642,10,in,33020,-106.4
197.8679,10,in,33024,-75
197.8715,10,in,33028,-96.8
197.8751,10,in,33032,-73.4
197.8786,10,in,33036,-79.4
197.882,10,in,33040,-88.4
197.8859,10,in,33044,-75.6
197.8895,10,in,33048,-68.2
197.8934,10,in,33052,-55.4
197.8972,10,in,33056,-34.4
197.9008,10,in,33060,-55.2
197.9043,10,in,33064,-66.2
197.9079,10,in,33068,-47.4
197.9116,10,in,33072,-86.8
197.9153,10,in,33076,-46.4
197.9189,10,in,33080,-66.2
197.9226,10,in,33084,-60.8
197.9264,10,in,33088,-68.6
197.9303,10,in,33092,-67.2
197.9341,10,in,33096,-77.8
197.9379,10,in,33100,-84
197.9414,10,in,33104,-90.4
197.9451,10,in,33108,-80.8
197.9493,10,in,33112,-93.6
197.9532,10,in,33116,-42.4
197.9572,10,in,33120,-45.6
197.9611,10,in,33124,-76
197.9653,10,in,33128,-116.8
197.9697,10,in,33132,-47.4
197.9733,10,in,33136,-75.4
197.9766,10,in,33140,-43.4
197.9799,10,in,33144,-62.8
197.984,10,in,33148,-36.8
197.9879,10,in,33152,-84.8
197.9916,10,in,33156,-81.2
197.9952,10,in,33160,-77.8
197.999,10,in,33164,-103
198.0032,10,in,33168,-63.2
198.0067,10,in,33172,-45
198.0107,10,in,33176,-58
198.0144,10,in,33180,-65.4
198.0183,10,in,33184,-32.2
198.0224,10,in,33188,-70.6
198.0259,10,in,33192,-39.6
198.0295,10,in,33196,-85.8
198.0333,10,in,33200,-70.8
198.0371,10,in,33204,-64.4
198.0409,10,in,33208,-38.8
198.0444,10,in,33212,-59.2
198.0476,10,in,33216,-65.4
198.051,10,in,33220,-43.6
198.0553,10,in,33224,-53
198.0596,10,in,33228,-56.4
198.0631,10,in,33232,-48.2
198.0667,10,in,33236,-97.6
198.0703,10,in,33240,-43.2
198.0742,10,in,33244,-89.4
198.0778,10,in,33248,-40
198.0815,10,in,33252,-95.2
198.0855,10,in,33256,-82
198.0895,10,in,33260,-121
198.0934,10,in,33264,-67.8
198.0971,10,in,33268,-94.6
198.1009,10,in,33272,-79.2
198.1047,10,in,33276,-80.8
198.1084,10,in,33280,-81.4
198.112,10,in,33284,-71.6
198.1155,10,in,33288,-79.4
198.1193,10,in,33292,-81
198.1233,10,in,33296,-5.4
198.1275,10,in,33300,-84.6
198.131,10,in,33304,-52.2
198.1348,10,in,33308,-73.2
198.1388,10,in,33312,-116.2
198.1426,10,in,33316,-56.6
198.1464,10,in,33320,-52.8
198.1502,10,in,33324,-75.8
198.1537,10,in,33328,-64.4
198.1576,10,in,33332,-74
198.1615,10,in,33336,-83.4
198.1652,10,in,33340,-111.8
198.1687,10,in,33344,-65.4
198.1725,10,in,33348,-101.2
198.1763,10,in,33352,-92.2
198.1803,10,in,33356,-43.8
198.184,10,in,33360,-118.2
198.1878,10,in,33364,-64.6
198.1913,10,in,33368,-87.4
198.1947,10,in,33372,-71.8
198.1983,10,in,33376,-73.8
198.202,10,in,33380,-45
198.2056,10,in,33384,-76.6
198.2089,10,in,33388,-82
198.2127,10,in,33392,-95.4
198.2163,10,in,33396,-94.2
198.2194,10,in,33400,-85.4
198.2226,10,in,33404,-61.8
198.2259,10,in,33408,-96.6
198.2291,10,in,33412,-87.4
198.233,10,in,33416,-108.4
198.2366,10,in,33420,-61.8
198.2404,10,in,33424,-87.4
198.2441,10,in,33428,-106.6
198.2478,10,in,33432,-98.2
198.2514,10,in,33436,-84.6
198.255,10,in,33440,-77.6
198.2586,10,in,33444,-78
198.262,10,in,33448,-101.8
198.2655,10,in,33452,-106.6
198.2693,10,in,33456,-74.6
198.2724,10,in,33460,-45
198.276,10,in,33464,-83.2
198.2797,10,in,33468,-48
198.283,10,in,33472,-79.8
198.2868,10,in,33476,-56.4
198.2905,10,in,33480,-38.6
198.294,10,in,33484,-31.6
198.2981,10,in,33488,-73.6
198.3016,10,in,33492,-49.8
198.3058,10,in,33496,-80.4
198.3095,10,in,33500,-47.8
198.3133,10,in,33504,-42.8
198.3169,10,in,33508,-82.6
198.3206,10,in,33512,-50
198.3243,10,in,33516,-78.2
198.3278,10,in,33520,-50.4
198.3315,10,in,33524,-110.2
198.3353,10,in,33528,-55.2
198.3391,10,in,33532,-59.4
198.3431,10,in,33536,-92.4
198.3465,10,in,33540,-64.4
198.3496,10,in,33544,-99.8
198.353,10,in,33548,-44.4
198.3567,10,in,33552,-41.2
198.3608,10,in,33556,-76.8
198.3646,10,in,33560,-84.2
198.3681,10,in,33564,-65.6
198.3717,10,in,33568,-60
198.375,10,in,33572,-85.6
198.3782,10,in,33576,-58.2
198.3814,10,in,33580,-87.4
198.3845,10,in,33584,-87.8
198.3878,10,in,33588,-85
198.391,10,in,33592,-74.4
198.3945,10,in,33596,-90
198.3981,10,in,33600,-99.6
198.4017,10,in,33604,-89
198.405,10,in,33608,-122.4
198.4086,10,in,33612,-86.6
198.4126,10,in,33616,-70
198.4163,10,in,33620,-114
198.42,10,in,33624,-64
198.4236,10,in,33628,-82.6
198.4272,10,in,33632,-81.8
198.4312,10,in,33636,-88.8
198.4346,10,in,33640,-111.8
198.4384,10,in,33644,-92
198.4422,10,in,33648,-62.8
198.4458,10,in,33652,-44.6
198.4498,10,in,33656,-107.6
198.4532,10,in,33660,-66.8
198.457,10,in,33664,-51.8
198.4606,10,in,33668,-84.2
198.4642,10,in,33672,-121.2
198.4679,10,in,33676,-97.4
198.4713,10,in,33680,-136.6
198.4749,10,in,33684,-118.4
198.4784,10,in,33688,-86.6
198.4819,10,in,33692,-124
198.486,10,in,33696,-79.4
198.4896,10,in,33700,-58.6
198.4935,10,in,33704,-68.4
198.497,10,in,33708,-62.4
198.5003,10,in,33712,-120.6
198.5038,10,in,33716,-69.4
198.5077,10,in,33720,-82.4
198.5113,10,in,33724,-94.8
198.5149,10,in,33728,-123.4
198.5193,10,in,33732,-55.8
198.5234,10,in,33736,-50.8
198.5272,10,in,33740,-63.4
198.5309,10,in,33744,-72.8
198.5344,10,in,33748,-66.8
198.5387,10,in,33752,-91.8
198.5426,10,in,33756,-61
198.5458,10,in,33760,-75.4
198.549,10,in,33764,-101.8
198.5524,10,in,33768,-54.8
198.5564,10,in,33772,-60.2
198.5598,10,in,33776,-82.8
198.5629,10,in,33780,-63.2
198.5663,10,in,33784,-52.4
198.5701,10,in,33788,-38.2
198.5741,10,in,33792,-99.2
198.5776,10,in,33796,-77.4
198.582,10,in,33800,-76
198.5861,10,in,33804,-90.4
198.5898,10,in,33808,-66.4
198.5933,10,in,33812,-96.2
198.5968,10,in,33816,-61.6
198.6005,10,in,33820,-62.6
198.6039,10,in,33824,-59.4
198.6077,10,in,33828,-42
198.6114,10,in,33832,-74.8
198.6152,10,in,33836,-82.6
198.6188,10,in,33840,-60
198.6225,10,in,33844,-60.2
198.6258,10,in,33848,-70.4
198.6292,10,in,33852,-58.8
198.6323,10,in,33856,-52.4
198.6357,10,in,33860,-82
198.6387,10,in,33864,-81.4
198.6421,10,in,33868,-55.6
198.6453,10,in,33872,-55
198.6486,10,in,33876,-73.6
198.6529,10,in,33880,-69.6
198.6567,10,in,33884,-52.4
198.6602,10,in,33888,-90
198.6639,10,in,33892,-23.6
198.6678,10,in,33896,-106
198.6713,10,in,33900,-52.4
198.6749,10,in,33904,-85.4
198.6781,10,in,33908,-48
198.6824,10,in,33912,-136.8
198.6861,10,in,33916,-58.4
198.6897,10,in,33920,-38.2
198.6932,10,in,33924,-55.6
198.6968,10,in,33928,-62.6
198.7004,10,in,33932,-90.8
198.7037,10,in,33936,-54
198.707,10,in,33940,-47.6
198.7108,10,in,33944,-48.8
198.7145,10,in,33948,-84.4
198.7181,10,in,33952,-64
198.7216,10,in,33956,-64.6
198.7253,10,in,33960,-37.8
198.7289,10,in,33964,-91.8
198.7328,10,in,33968,-81
198.7364,10,in,33972,-58.8
198.7401,10,in,33976,-41.4
198.7441,10,in,33980,-58.6
198.7481,10,in,33984,-74.8
198.7519,10,in,33988,-34.8
198.7559,10,in,33992,-62
198.7594,10,in,33996,-44
198.7629,10,in,34000,-48.4
198.7665,10,in,34004,-56.4
198.7706,10,in,34008,-72.4
198.7742,10,in,34012,-36.2
198.7778,10,in,34016,-71.6
198.7812,10,in,34020,-82.8
198.785,10,in,34024,-65.2
198.789,10,in,34028,-74
198.7932,10,in,34032,-56.4
198.7968,10,in,34036,-73
198.8,10,in,34040,-71.8
198.8033,10,in,34044,-67.4
198.8071,10,in,34048,-50.4
198.8105,10,in,34052,-95
198.8142,10,in,34056,-46.4
198.8182,10,in,34060,-100.4
198.8216,10,in,34064,-84.4
198.8252,10,in,34068,-66.4
198.8289,10,in,34072,-90.8
198.8329,10,in,34076,-97.2
198.8363,10,in,34080,-84.8
198.8399,10,in,34084,-69.8
198.8435,10,in,34088,-64.6
198.847,10,in,34092,-52
198.8508,10,in,34096,-78.2
198.8543,10,in,34100,-54.8
198.8579,10,in,34104,-79.6
198.862,10,in,34108,-89.6
198.8657,10,in,34112,-124.2
198.8694,10,in,34116,-77.2
198.8729,10,in,34120,-89.4
198.8772,10,in,34124,-122
198.8808,10,in,34128,-90.8
198.8846,10,in,34132,-79.8
198.8892,10,in,34136,-68.8
198.8938,10,in,34140,-84.2
198.8978,10,in,34144,-98.2
198.9017,10,in,34148,-91.4
198.9053,10,in,34152,-120.8
198.9089,10,in,34156,-83.2
198.9136,10,in,34160,-77.4
198.918,10,in,34164,-60
198.9223,10,in,34168,-98.8
198.9265,10,in,34172,-105.4
198.9321,10,in,34176,-81.4
198.9368,10,in,34180,-96
198.9415,10,in,34184,-32.2
198.9456,10,in,34188,-122.2
198.9498,10,in,34192,-84
198.9534,10,in,34196,-90.6
198.957,10,in,34200,-100.4
198.9607,10,in,34204,-148.4
198.9652,10,in,34208,-112.6
198.9697,10,in,34212,-122.4
198.9738,10,in,34216,-83.2
198.9777,10,in,34220,-73.2
198.9815,10,in,34224,-123.2
198.9856,10,in,34228,-65
198.9897,10,in,34232,-94.4
198.9941,10,in,34236,-101.6
198.9983,10,in,34240,-70.8
199.0036,10,in,34244,-48.4
199.0074,10,in,34248,-33
199.0113,10,in,34252,-78.8
199.015,10,in,34256,-95.8
199.0189,10,in,34260,-105.4
199.0228,10,in,34264,-107.4
199.0272,10,in,34268,-91
199.0313,10,in,34272,-90
199.035,10,in,34276,-80.6
199.0399,10,in,34280,-80.2
199.0439,10,in,34284,-78.4
199.0482,10,in,34288,-148.6
199.0521,10,in,34292,-73.8
199.057,10,in,34296,-63.6
199.0615,10,in,34300,-92.2
199.0654,10,in,34304,-92.6
199.0693,10,in,34308,-114
199.0744,10,in,34312,-87.6
199.0787,10,in,34316,-70.8
199.0831,10,in,34320,-71.2
199.0871,10,in,34324,-114.2
199.0917,10,in,34328,-79.6
199.0968,10,in,34332,-71.4
199.1012,10,in,34336,-107.8
199.1054,10,in,34340,-52.2
199.1094,10,in,34344,-115.8
199.1138,10,in,34348,-89.4
199.118,10,in,34352,-97.6
199.1226,10,in,34356,-24.6
199.127,10,in,34360,-54.8
199.1311,10,in,34364,-140
199.1358,10,in,34368,-57.6
199.1407,10,in,34372,-82
199.1449,10,in,34376,-93
199.1489,10,in,34380,-106
199.1536,10,in,34384,-119
199.1574,10,in,34388,-93.6
199.1612,10,in,34392,-137.6
199.1665,10,in,34396,-181.4
199.1702,10,in,34400,-130.8
199.175,10,in,34404,-129.8
199.1793,10,in,34408,-172
199.1839,10,in,34412,-136.4
199.188,10,in,34416,-135.2
199.1918,10,in,34420,-166.2
199.1954,10,in,34424,-128
199.2001,10,in,34428,-126.4
199.2041,10,in,34432,-128.2
199.2078,10,in,34436,-128
199.2116,10,in,34440,-92.2
199.2162,10,in,34444,-140.6
199.2207,10,in,34448,-83.4
199.2243,10,in,34452,-92.6
199.2286,10,in,34456,-67.6
199.2332,10,in,34460,-131.4
199.238,10,in,34464,-112
199.2429,10,in,34468,-110.8
199.248,10,in,34472,-126.6
199.2527,10,in,34476,-145.4
199.2575,10,in,34480,-116.6
199.262,10,in,34484,-112.2
199.266,10,in,34488,-97.2
199.27,10,in,34492,-162.8
199.2743,10,in,34496,-99.8
199.2781,10,in,34500,-121.8
199.2822,10,in,34504,-123
199.2866,10,in,34508,-91.2
199.2912,10,in,34512,-126.2
199.2954,10,in,34516,-162.4
199.2996,10,in,34520,-156
199.304,10,in,34524,-102.8
199.3093,10,in,34528,-170.2
199.313,10,in,34532,-178.2
199.3168,10,in,34536,-135.4
199.3208,10,in,34540,-130.4
199.3246,10,in,34544,-124.2
199.3283,10,in,34548,-148.8
199.3321,10,in,34552,-115.8
199.3363,10,in,34556,-129.2
199.3408,10,in,34560,-151
199.3452,10,in,34564,-143.2
199.3496,10,in,34568,-164.6
199.3536,10,in,34572,-114.8
199.358,10,in,34576,-180.4
199.3624,10,in,34580,-101
199.3666,10,in,34584,-188
199.3715,10,in,34588,-180.8
199.376,10,in,34592,-176
199.3813,10,in,34596,-195.6
199.3856,10,in,34600,-191.6
199.3898,10,in,34604,-200.4
199.3943,10,in,34608,-169.6
199.3998,10,in,34612,-178.6
199.4035,10,in,34616,-205.8
199.4075,10,in,34620,-195.2
199.4118,10,in,34624,-147.2
199.4164,10,in,34628,-195.2
199.4203,10,in,34632,-164.6
199.4247,10,in,34636,-185
199.4293,10,in,34640,-165.2
199.4344,10,in,34644,-236.8
199.4384,10,in,34648,-163.2
199.4427,10,in,34652,-105
199.4469,10,in,34656,-106.6
199.4515,10,in,34660,-160.2
199.4561,10,in,34664,-135
199.4604,10,in,34668,-157.6
199.4641,10,in,34672,-199
199.4683,10,in,34676,-202.6
199.4726,10,in,34680,-139.6
199.4779,10,in,34684,-217.2
199.4827,10,in,34688,-206.4
199.4878,10,in,34692,-223.8
199.4929,10,in,34696,-240.6
199.4982,10,in,34700,-206
199.5033,10,in,34704,-209.2
199.5082,10,in,34708,-184.2
199.5129,10,in,34712,-207.6
199.5173,10,in,34716,-214.6
199.5215,10,in,34720,-231.8
199.5256,10,in,34724,-199.4
199.529,10,in,34728,-161.8
199.5331,10,in,34732,-242
199.537,10,in,34736,-219.6
199.5433,10,in,34740,-177.6
199.5479,10,in,34744,-258.4
199.5526,10,in,34748,-227.2
199.5567,10,in,34752,-282.6
199.5613,10,in,34756,-265.2
199.5654,10,in,34760,-300.2
199.5699,10,in,34764,-204.4
199.5742,10,in,34768,-221.4
199.5785,10,in,34772,-269.6
199.5833,10,in,34776,-231
199.5874,10,in,34780,-215.2
199.5914,10,in,34784,-234.8
199.596,10,in,34788,-244
199.6008,10,in,34792,-241.4
199.605,10,in,34796,-221.4
199.6091,10,in,34800,-218.8
199.6141,10,in,34804,-215.2
199.618,10,in,34808,-194.8
199.6223,10,in,34812,-164.8
199.6267,10,in,34816,-263.2
199.6314,10,in,34820,-231.8
199.6362,10,in,34824,-218.2
199.6405,10,in,34828,-178
199.645,10,in,34832,-265.2
199.6492,10,in,34836,-228.4
199.6535,10,in,34840,-239.4
199.6579,10,in,34844,-271.4
199.6625,10,in,34848,-268.2
199.6663,10,in,34852,-306.8
199.6704,10,in,34856,-247.8
199.6745,10,in,34860,-258
199.6789,10,in,34864,-319.4
199.6832,10,in,34868,-319.2
199.6872,10,in,34872,-249.4
199.6917,10,in,34876,-342.4
199.6962,10,in,34880,-286.8
199.7008,10,in,34884,-330.2
199.7057,10,in,34888,-279.2
199.7109,10,in,34892,-334
199.7155,10,in,34896,-284.6
199.7204,10,in,34900,-281
199.7254,10,in,34904,-291.4
199.7303,10,in,34908,-263
199.7358,10,in,34912,-294.4
199.7408,10,in,34916,-296.4
199.7464,10,in,34920,-292.6
199.7519,10,in,34924,-293.4
199.7565,10,in,34928,-322.2
199.7606,10,in,34932,-268.2
199.7644,10,in,34936,-316.6
199.7682,10,in,34940,-317.8
199.7719,10,in,34944,-336.4
199.7767,10,in,34948,-296.6
199.7807,10,in,34952,-248.8
199.7849,10,in,34956,-258.4
199.7891,10,in,34960,-313
199.7937,10,in,34964,-329.4
199.7975,10,in,34968,-346.4
199.8015,10,in,34972,-317
199.8051,10,in,34976,-309.4
199.8094,10,in,34980,-334
199.8132,10,in,34984,-326.4
199.817,10,in,34988,-307.8
199.8213,10,in,34992,-327.6
199.8258,10,in,34996,-296.8
199.8297,10,in,35000,-306.8
199.8341,10,in,35004,-287.2
199.8389,10,in,35008,-307.4
199.8428,10,in,35012,-267
199.8472,10,in,35016,-310.8
199.8504,10,in,35020,-337.6
199.8542,10,in,35024,-331
199.8576,10,in,35028,-266.4
199.8613,10,in,35032,-287.2
199.8656,10,in,35036,-280
199.8695,10,in,35040,-376.2
199.8735,10,in,35044,-288.6
199.878,10,in,35048,-357.4
199.8824,10,in,35052,-367.2
199.8862,10,in,35056,-306.2
199.8902,10,in,35060,-314.4
199.8953,10,in,35064,-303.6
199.8999,10,in,35068,-325.2
199.9046,10,in,35072,-252.2
199.9097,10,in,35076,-265.6
199.9145,10,in,35080,-290.6
199.9195,10,in,35084,-293
199.925,10,in,35088,-264.4
199.9298,10,in,35092,-272.8
199.9346,10,in,35096,-288.6
199.9386,10,in,35100,-317.4
199.9429,10,in,35104,-328.2
199.9471,10,in,35108,-260.4
199.9513,10,in,35112,-392.4
199.9559,10,in,35116,-395.4
199.9602,10,in,35120,-330.6
199.9645,10,in,35124,-352.6
199.9684,10,in,35128,-458.8
199.9726,10,in,35132,-394.8
199.9767,10,in,35136,-432
199.9809,10,in,35140,-463
199.985,10,in,35144,-424
199.9897,10,in,35148,-393.4
199.9943,10,in,35152,-455.8
199.9985,10,in,35156,-594.8
200.0028,10,in,35160,-418.6
200.0068,10,in,35164,-346.6
200.0103,10,in,35168,-370.8
200.0141,10,in,35172,-362.6
200.0176,10,in,35176,-427.4
200.0214,10,in,35180,-380.2
200.0249,10,in,35184,-398.8
200.0286,10,in,35188,-422.8
200.0321,10,in,35192,-460.4
200.0361,10,in,35196,-379.2
200.0403,10,in,35200,-359
200.0442,10,in,35204,-364.2
200.0479,10,in,35208,-453.4
200.0515,10,in,35212,-431.8
200.0554,10,in,35216,-423.4
200.0598,10,in,35220,-381.4
200.0642,10,in,35224,-373.4
200.0685,10,in,35228,-348.2
200.0724,10,in,35232,-415.4
200.0773,10,in,35236,-423.2
200.0817,10,in,35240,-383.4
200.086,10,in,35244,-324.4
200.0897,10,in,35248,-417.6
200.0938,10,in,35252,-434.4
200.0986,10,in,35256,-398.6
200.1026,10,in,35260,-440.2
200.1068,10,in,35264,-437.4
200.1107,10,in,35268,-431.4
200.1154,10,in,35272,-435
200.1202,10,in,35276,-453.6
200.1247,10,in,35280,-374
200.1283,10,in,35284,-453.4
200.1322,10,in,35288,-437.8
200.1365,10,in,35292,-399.6
200.1406,10,in,35296,-426.8
200.1453,10,in,35300,-433.8
200.1497,10,in,35304,-510.6
200.1541,10,in,35308,-466.6
200.1585,10,in,35312,-474.8
200.1627,10,in,35316,-436
200.1671,10,in,35320,-459.4
200.171,10,in,35324,-472.2
200.1755,10,in,35328,-486.8
200.1796,10,in,35332,-553
200.1845,10,in,35336,-474.4
200.189,10,in,35340,-480
200.1932,10,in,35344,-564.8
200.1974,10,in,35348,-546.6
200.2025,10,in,35352,-518.6
200.2071,10,in,35356,-386.8
200.2105,10,in,35360,-422.6
200.2146,10,in,35364,-441.4
200.2191,10,in,35368,-460
200.2237,10,in,35372,-422.2
200.2281,10,in,35376,-402.2
200.2321,10,in,35380,-424
200.2361,10,in,35384,-410.8
200.2401,10,in,35388,-337.6
200.2438,10,in,35392,-413.4
200.2479,10,in,35396,-396.2
200.252,10,in,35400,-391.2
200.2561,10,in,35404,-388.2
200.2598,10,in,35408,-420
200.2634,10,in,35412,-432.8
200.2675,10,in,35416,-430
200.2709,10,in,35420,-431.4
200.2748,10,in,35424,-476.8
200.2785,10,in,35428,-386.4
200.2822,10,in,35432,-442
200.2861,10,in,35436,-463.6
200.2904,10,in,35440,-441
200.2947,10,in,35444,-501.8
200.2992,10,in,35448,-429.2
200.3034,10,in,35452,-428.6
200.3079,10,in,35456,-456.2
200.3121,10,in,35460,-495.8
200.3172,10,in,35464,-512
200.3213,10,in,35468,-467.6
200.3253,10,in,35472,-461.2
200.3296,10,in,35476,-524.6
200.3349,10,in,35480,-444.4
200.3391,10,in,35484,-428
200.3432,10,in,35488,-529.8
200.3471,10,in,35492,-479.8
200.3512,10,in,35496,-516.8
200.3557,10,in,35500,-521.8
200.3601,10,in,35504,-523
200.3653,10,in,35508,-533
200.3692,10,in,35512,-506.8
200.3737,10,in,35516,-497.8
200.3779,10,in,35520,-595.2
200.382,10,in,35524,-495.4
200.3861,10,in,35528,-514.4
200.3903,10,in,35532,-531.8
200.3946,10,in,35536,-555
200.3991,10,in,35540,-593.6
200.4029,10,in,35544,-595.6
200.4067,10,in,35548,-568.8
200.4114,10,in,35552,-762.8
200.4154,10,in,35556,-640.6
200.4197,10,in,35560,-664.2
200.4237,10,in,35564,-607.8
200.4278,10,in,35568,-628.4
200.4319,10,in,35572,-594
200.4362,10,in,35576,-578.8
200.4403,10,in,35580,-581.6
200.4448,10,in,35584,-495.8
200.4491,10,in,35588,-597.4
200.4533,10,in,35592,-612.2
200.4575,10,in,35596,-527.2
200.4615,10,in,35600,-517.6
200.4658,10,in,35604,-560
200.471,10,in,35608,-602.8
200.4751,10,in,35612,-567.4
200.4795,10,in,35616,-660.2
200.4834,10,in,35620,-615.2
200.4893,10,in,35624,-586.8
200.4931,10,in,35628,-582.8
200.498,10,in,35632,-569.8
200.5023,10,in,35636,-512.6
200.5075,10,in,35640,-529.6
200.5118,10,in,35644,-606
200.516,10,in,35648,-638.2
200.5204,10,in,35652,-595
200.525,10,in,35656,-599.6
200.5293,10,in,35660,-539.4
200.5336,10,in,35664,-564.2
200.5382,10,in,35668,-584.8
200.5432,10,in,35672,-585.8
200.5478,10,in,35676,-614
200.5525,10,in,35680,-646
200.5568,10,in,35684,-600.6
200.5614,10,in,35688,-596
200.5658,10,in,35692,-580.6
200.5702,10,in,35696,-652.8
200.5747,10,in,35700,-670.2
200.5794,10,in,35704,-671.2
200.584,10,in,35708,-668.4
200.5884,10,in,35712,-627.8
200.5926,10,in,35716,-511.8
200.5986,10,in,35720,-526.6
200.6034,10,in,35724,-472.4
200.6072,10,in,35728,-489
200.6114,10,in,35732,-537.4
200.6163,10,in,35736,-464.4
200.6203,10,in,35740,-526.4
200.6246,10,in,35744,-512.6
200.629,10,in,35748,-553
200.6333,10,in,35752,-586
200.6379,10,in,35756,-666.8
200.6421,10,in,35760,-710.4
200.6463,10,in,35764,-698
200.6505,10,in,35768,-618.4
200.6541,10,in,35772,-558.4
200.6578,10,in,35776,-532
200.662,10,in,35780,-553.2
200.666,10,in,35784,-594.4
200.6703,10,in,35788,-591.2
200.6746,10,in,35792,-612.4
200.6792,10,in,35796,-601.8
200.6831,10,in,35800,-623
200.6877,10,in,35804,-611
200.6923,10,in,35808,-732
200.6967,10,in,35812,-763.2
200.7018,10,in,35816,-662
200.7068,10,in,35820,-616.4
200.7117,10,in,35824,-576.4
200.7153,10,in,35828,-570.2
200.7193,10,in,35832,-613.6
200.7235,10,in,35836,-476.8
200.7278,10,in,35840,-513.8
200.7319,10,in,35844,-530
200.7366,10,in,35848,-524.4
200.7413,10,in,35852,-502.6
200.7451,10,in,35856,-617.4
200.7491,10,in,35860,-629.8
200.7532,10,in,35864,-655.6
200.7581,10,in,35868,-471
200.7619,10,in,35872,-547.8
200.7656,10,in,35876,-555.4
200.7693,10,in,35880,-517.2
200.7733,10,in,35884,-588.8
200.7771,10,in,35888,-643.6
200.7813,10,in,35892,-598.6
200.7852,10,in,35896,-582.2
200.7888,10,in,35900,-549.6
200.793,10,in,35904,-562.8
200.7965,10,in,35908,-563.4
200.8004,10,in,35912,-611.6
200.8048,10,in,35916,-523.2
200.8085,10,in,35920,-580
200.8131,10,in,35924,-594.4
200.8172,10,in,35928,-576.2
200.8214,10,in,35932,-557.2
200.8255,10,in,35936,-563.8
200.8297,10,in,35940,-588.8
200.8338,10,in,35944,-593.2
200.8378,10,in,35948,-601
200.8421,10,in,35952,-590.8
200.8462,10,in,35956,-542.8
200.8508,10,in,35960,-586.4
200.855,10,in,35964,-529.2
200.8592,10,in,35968,-619.8
200.8644,10,in,35972,-534.4
200.8683,10,in,35976,-571
200.8723,10,in,35980,-621.4
200.8768,10,in,35984,-625.4
200.8819,10,in,35988,-607.4
200.8868,10,in,35992,-633.4
200.8911,10,in,35996,-625.4
200.8955,10,in,36000,-601.8
200.8998,10,in,36004,-546.4
200.905,10,in,36008,-590
200.9102,10,in,36012,-611.8
200.9152,10,in,36016,-653
200.9203,10,in,36020,-587.4
200.9256,10,in,36024,-554.8
200.9306,10,in,36028,-596.8
200.9352,10,in,36032,-604.8
200.9399,10,in,36036,-583.6
200.945,10,in,36040,-624.8
200.9494,10,in,36044,-587.2
200.9534,10,in,36048,-597.4
200.9578,10,in,36052,-602.4
200.9623,10,in,36056,-657.6
200.9667,10,in,36060,-650.2
200.9708,10,in,36064,-557
200.9749,10,in,36068,-605
200.9792,10,in,36072,-547.6
200.9836,10,in,36076,-630.2
200.9874,10,in,36080,-608.8
200.9916,10,in,36084,-668
200.9961,10,in,36088,-618.4
201.0006,10,in,36092,-669.8
201.0055,10,in,36096,-611.8
201.0098,10,in,36100,-646.2
201.0142,10,in,36104,-627.2
201.0184,10,in,36108,-611.2
201.0228,10,in,36112,-732
201.027,10,in,36116,-693.8
201.0313,10,in,36120,-622.8
201.0355,10,in,36124,-621.8
201.0397,10,in,36128,-574
201.0439,10,in,36132,-617.2
201.0481,10,in,36136,-565
201.0529,10,in,36140,-599
201.058,10,in,36144,-572.8
201.0631,10,in,36148,-560.2
201.0684,10,in,36152,-546
201.0731,10,in,36156,-515
201.0776,10,in,36160,-597.8
201.0817,10,in,36164,-627.6
201.0863,10,in,36168,-615.8
201.0902,10,in,36172,-625.6
201.0945,10,in,36176,-642
201.099,10,in,36180,-656.8
201.1031,10,in,36184,-607.4
201.1075,10,in,36188,-572.6
201.1122,10,in,36192,-665.4
201.1167,10,in,36196,-594.6
201.1216,10,in,36200,-639.8
201.1261,10,in,36204,-570.4
201.1301,10,in,36208,-619.2
201.134,10,in,36212,-599.8
201.1383,10,in,36216,-566.4
201.1424,10,in,36220,-603.4
201.1471,10,in,36224,-608.6
201.151,10,in,36228,-596.6
201.1547,10,in,36232,-576
201.1589,10,in,36236,-593.6
201.1631,10,in,36240,-602.4
201.1672,10,in,36244,-576
201.1712,10,in,36248,-567.8
201.1753,10,in,36252,-552.4
201.1794,10,in,36256,-631
201.1838,10,in,36260,-618.2
201.1882,10,in,36264,-665.6
201.1929,10,in,36268,-697.2
201.1971,10,in,36272,-711
201.2021,10,in,36276,-693.8
201.2071,10,in,36280,-661.2
201.212,10,in,36284,-610
201.2165,10,in,36288,-601.8
201.2219,10,in,36292,-621.6
201.2264,10,in,36296,-651
201.2314,10,in,36300,-587.4
201.2361,10,in,36304,-594.4
201.2407,10,in,36308,-651.6
201.2452,10,in,36312,-666.8
201.2504,10,in,36316,-647
201.2552,10,in,36320,-648.6
201.2596,10,in,36324,-744.8
201.2645,10,in,36328,-737.6
201.2692,10,in,36332,-734
201.2749,10,in,36336,-685.4
201.279,10,in,36340,-683.4
201.2835,10,in,36344,-706
201.2881,10,in,36348,-639.8
201.2938,10,in,36352,-715.8
201.2984,10,in,36356,-703.2
201.3035,10,in,36360,-678
201.3098,10,in,36364,-703
201.3147,10,in,36368,-736.8
201.3206,10,in,36372,-775.8
201.3259,10,in,36376,-681
201.3312,10,in,36380,-673.2
201.3363,10,in,36384,-683
201.3403,10,in,36388,-687
201.345,10,in,36392,-671.6
201.3501,10,in,36396,-714
201.3554,10,in,36400,-605.2
201.3601,10,in,36404,-638.8
201.3651,10,in,36408,-668.4
201.3698,10,in,36412,-711.2
201.3748,10,in,36416,-669.8
201.3793,10,in,36420,-714.8
201.384,10,in,36424,-720
201.3889,10,in,36428,-680
201.3936,10,in,36432,-730.2
201.3988,10,in,36436,-715.2
201.4032,10,in,36440,-738.6
201.407,10,in,36444,-725
201.4115,10,in,36448,-695.6
201.4157,10,in,36452,-752.4
201.4202,10,in,36456,-701.2
201.4241,10,in,36460,-691.6
201.4279,10,in,36464,-685.8
201.432,10,in,36468,-709.8
201.4365,10,in,36472,-773.4
201.4407,10,in,36476,-713.4
201.445,10,in,36480,-767.8
201.4488,10,in,36484,-742.6
201.4531,10,in,36488,-762.2
201.457,10,in,36492,-761.2
201.4614,10,in,36496,-726.6
201.4658,10,in,36500,-768.2
201.4698,10,in,36504,-760
201.4746,10,in,36508,-795.2
201.4787,10,in,36512,-797.8
201.4827,10,in,36516,-857.6
201.4868,10,in,36520,-790.6
201.4919,10,in,36524,-808
201.4959,10,in,36528,-764
201.4998,10,in,36532,-826.2
201.5039,10,in,36536,-762.8
201.5094,10,in,36540,-786.2
201.5137,10,in,36544,-793
201.5179,10,in,36548,-859
201.5221,10,in,36552,-811.2
201.5272,10,in,36556,-871
201.5314,10,in,36560,-841.8
201.5356,10,in,36564,-850
201.5397,10,in,36568,-804.6
201.5446,10,in,36572,-836.2
201.5488,10,in,36576,-810.6
201.5533,10,in,36580,-780.8
201.558,10,in,36584,-822
201.5632,10,in,36588,-797
201.5673,10,in,36592,-890.4
201.5718,10,in,36596,-778.8
201.5762,10,in,36600,-740
201.5807,10,in,36604,-786
201.5854,10,in,36608,-786.6
201.5897,10,in,36612,-759
201.5939,10,in,36616,-772.4
201.5989,10,in,36620,-695
201.6033,10,in,36624,-694.4
201.6072,10,in,36628,-735.6
201.6117,10,in,36632,-711.8
201.6166,10,in,36636,-759.4
201.6211,10,in,36640,-794.2
201.6253,10,in,36644,-732.8
201.6296,10,in,36648,-779.8
201.6343,10,in,36652,-788.2
201.6386,10,in,36656,-799
201.643,10,in,36660,-789.4
201.6474,10,in,36664,-759
201.6514,10,in,36668,-759.8
201.6556,10,in,36672,-776.6
201.6599,10,in,36676,-694.4
201.6643,10,in,36680,-724.8
201.6684,10,in,36684,-744.2
201.6732,10,in,36688,-782.6
201.6774,10,in,36692,-764
201.6822,10,in,36696,-744.2
201.6863,10,in,36700,-637.4
201.6904,10,in,36704,-628.6
201.6945,10,in,36708,-707
201.6987,10,in,36712,-713.2
201.7031,10,in,36716,-675
201.7079,10,in,36720,-666.2
201.7123,10,in,36724,-654.4
201.7165,10,in,36728,-699
201.721,10,in,36732,-721.6
201.725,10,in,36736,-668
201.7294,10,in,36740,-594.2
201.7338,10,in,36744,-621.4
201.738,10,in,36748,-592
201.7425,10,in,36752,-617.2
201.7466,10,in,36756,-670
201.751,10,in,36760,-670.8
201.755,10,in,36764,-630.8
201.7596,10,in,36768,-629.2
201.7637,10,in,36772,-621
201.7679,10,in,36776,-622.4
201.772,10,in,36780,-694.6
201.7769,10,in,36784,-728.2
201.782,10,in,36788,-749
201.787,10,in,36792,-768.2
201.7918,10,in,36796,-763.4
201.7963,10,in,36800,-796.8
201.7998,10,in,36804,-786.8
201.8034,10,in,36808,-760
201.8073,10,in,36812,-742.4
201.8116,10,in,36816,-714.8
201.8159,10,in,36820,-711.4
201.8205,10,in,36824,-689.4
201.8247,10,in,36828,-658.4
201.8287,10,in,36832,-650.4
201.8327,10,in,36836,-676.8
201.837,10,in,36840,-714.6
201.8411,10,in,36844,-700.6
201.8454,10,in,36848,-680.2
201.8506,10,in,36852,-707
201.855,10,in,36856,-679
201.8592,10,in,36860,-637.2
201.8637,10,in,36864,-576.8
201.8693,10,in,36868,-627.4
201.8732,10,in,36872,-609.4
201.8775,10,in,36876,-594.8
201.8819,10,in,36880,-705.2
201.887,10,in,36884,-627.2
201.8914,10,in,36888,-572.2
201.8959,10,in,36892,-652.4
201.9013,10,in,36896,-610.8
201.9054,10,in,36900,-646.2
201.9097,10,in,36904,-576.6
201.9141,10,in,36908,-592.4
201.9182,10,in,36912,-670.8
201.9228,10,in,36916,-666.4
201.927,10,in,36920,-671.4
201.9318,10,in,36924,-714.2
201.9361,10,in,36928,-649
201.9412,10,in,36932,-667
201.9459,10,in,36936,-647.4
201.9501,10,in,36940,-647.8
201.9541,10,in,36944,-614.6
201.9588,10,in,36948,-637.2
201.9631,10,in,36952,-668.4
201.9676,10,in,36956,-669.6
201.9718,10,in,36960,-686.4
201.9771,10,in,36964,-668
201.9811,10,in,36968,-606.2
201.9856,10,in,36972,-648.2
201.9898,10,in,36976,-654.8
201.9949,10,in,36980,-634.8
201.9993,10,in,36984,-660.4
202.0042,10,in,36988,-629.8
202.0086,10,in,36992,-634.4
202.013,10,in,36996,-640.6
202.0173,10,in,37000,-666
202.0214,10,in,37004,-617.6
202.0258,10,in,37008,-646
202.0308,10,in,37012,-685
202.0348,10,in,37016,-723.6
202.0391,10,in,37020,-762
202.0438,10,in,37024,-736.6
202.049,10,in,37028,-786.8
202.0529,10,in,37032,-791.6
202.0575,10,in,37036,-781.4
202.0616,10,in,37040,-821.2
202.0665,10,in,37044,-836
202.071,10,in,37048,-844.8
202.0751,10,in,37052,-715.2
202.0793,10,in,37056,-774.8
202.0839,10,in,37060,-718.6
202.0885,10,in,37064,-699.8
202.0924,10,in,37068,-697
202.0962,10,in,37072,-815
202.1008,10,in,37076,-868.4
202.1049,10,in,37080,-831.2
202.1092,10,in,37084,-842.8
202.1136,10,in,37088,-870.6
202.1179,10,in,37092,-871
202.1229,10,in,37096,-792
202.1272,10,in,37100,-769.4
202.1313,10,in,37104,-771.4
202.1359,10,in,37108,-802.6
202.1407,10,in,37112,-902.4
202.1458,10,in,37116,-924.2
202.1503,10,in,37120,-965.4
202.155,10,in,37124,-972.8
202.1594,10,in,37128,-925.2
202.1637,10,in,37132,-915.4
202.1692,10,in,37136,-953.8
202.1742,10,in,37140,-933.2
202.1792,10,in,37144,-928.4
202.184,10,in,37148,-973
202.1887,10,in,37152,-922.4
202.1931,10,in,37156,-925.8
202.1981,10,in,37160,-937.4
202.2031,10,in,37164,-946
202.2085,10,in,37168,-899.4
202.2134,10,in,37172,-956.6
202.2183,10,in,37176,-940.6
202.2233,10,in,37180,-958.8
202.229,10,in,37184,-993.8
202.234,10,in,37188,-934.6
202.2384,10,in,37192,-944.6
202.2426,10,in,37196,-906.8
202.2468,10,in,37200,-939.2
202.2507,10,in,37204,-920.2
202.2546,10,in,37208,-947.8
202.2588,10,in,37212,-856.4
202.2639,10,in,37216,-998.2
202.2682,10,in,37220,-1006
202.2726,10,out,37216,-956.6
202.2771,10,out,37212,-923.2
202.2811,10,out,37208,-954.4
202.2852,10,out,37204,-935
202.2894,10,out,37200,-961.6
202.2938,10,out,37196,-966
202.2978,10,out,37192,-1043
202.3022,10,out,37188,-927.4
202.3065,10,out,37184,-784.2
202.3113,10,out,37180,-890.6
202.3153,10,out,37176,-877
202.32,10,out,37172,-885.2
202.3245,10,out,37168,-887.6
202.329,10,out,37164,-883.6
202.3331,10,out,37160,-958
202.3372,10,out,37156,-871.4
202.342,10,out,37152,-785.4
202.3464,10,out,37148,-803
202.3505,10,out,37144,-818.2
202.3553,10,out,37140,-733.6
202.3597,10,out,37136,-794.6
202.3638,10,out,37132,-754.8
202.368,10,out,37128,-785.2
202.3726,10,out,37124,-732.8
202.3765,10,out,37120,-772.8
202.381,10,out,37116,-820.6
202.3856,10,out,37112,-787.6
202.3908,10,out,37108,-738.6
202.3947,10,out,37104,-734.6
202.3991,10,out,37100,-749.6
202.4032,10,out,37096,-866.2
202.4073,10,out,37092,-862.4
202.4115,10,out,37088,-831.6
202.416,10,out,37084,-874
202.4199,10,out,37080,-885.2
202.4252,10,out,37076,-884.8
202.4297,10,out,37072,-867
202.434,10,out,37068,-801.6
202.4383,10,out,37064,-866.6
202.4434,10,out,37060,-867.2
202.4476,10,out,37056,-911
202.4519,10,out,37052,-859.8
202.4566,10,out,37048,-884
202.4612,10,out,37044,-883.2
202.4655,10,out,37040,-856.8
202.4699,10,out,37036,-875.6
202.4744,10,out,37032,-883.6
202.4789,10,out,37028,-892.6
202.4832,10,out,37024,-958.4
202.4878,10,out,37020,-912.8
202.4924,10,out,37016,-884.4
202.4969,10,out,37012,-881
202.5013,10,out,37008,-900.6
202.5061,10,out,37004,-917
202.511,10,out,37000,-947.2
202.5158,10,out,36996,-910.8
202.5207,10,out,36992,-1034.6
202.5255,10,out,36988,-1026.6
202.5301,10,out,36984,-1034.8
202.5349,10,out,36980,-1057.6
202.5395,10,out,36976,-1039.4
202.5441,10,out,36972,-1021.8
202.5493,10,out,36968,-1031.2
202.5541,10,out,36964,-1046
202.5586,10,out,36960,-1007
202.5636,10,out,36956,-1037
202.5689,10,out,36952,-1040
202.5739,10,out,36948,-1054.8
202.5786,10,out,36944,-1058.6
202.5835,10,out,36940,-1067.6
202.5883,10,out,36936,-990.6
202.5931,10,out,36932,-1037.4
202.598,10,out,36928,-1027.8
202.6034,10,out,36924,-1025
202.6081,10,out,36920,-1015
202.6126,10,out,36916,-1035.8
202.6167,10,out,36912,-1071.6
202.6214,10,out,36908,-1107
202.6259,10,out,36904,-1024
202.6299,10,out,36900,-983.2
202.6343,10,out,36896,-1031.2
202.6388,10,out,36892,-1025.8
202.643,10,out,36888,-1075
202.6469,10,out,36884,-1027.8
202.6513,10,out,36880,-1020.4
202.6556,10,out,36876,-1023.2
202.6597,10,out,36872,-1021.4
202.6637,10,out,36868,-1068.6
202.6678,10,out,36864,-1087.6
202.672,10,out,36860,-1023.2
202.6761,10,out,36856,-1035
202.6804,10,out,36852,-982.2
202.6841,10,out,36848,-1038.6
202.6877,10,out,36844,-1044
202.6912,10,out,36840,-1042
202.6949,10,out,36836,-1038.8
202.6992,10,out,36832,-1087.6
202.7033,10,out,36828,-1077.2
202.7075,10,out,36824,-1014
202.7118,10,out,36820,-1055.2
202.7155,10,out,36816,-1050
202.7196,10,out,36812,-1030
202.7238,10,out,36808,-1073.8
202.7293,10,out,36804,-1076.2
202.7338,10,out,36800,-1069.6
202.7387,10,out,36796,-1067.2
202.7438,10,out,36792,-1061
202.7486,10,out,36788,-1057.8
202.7526,10,out,36784,-1030.8
202.7565,10,out,36780,-1049
202.7606,10,out,36776,-1077.8
202.7642,10,out,36772,-1062.6
202.7682,10,out,36768,-1095.6
202.7723,10,out,36764,-994.2
202.7765,10,out,36760,-1051.4
202.7822,10,out,36756,-1010.2
202.7864,10,out,36752,-1031.6
202.7907,10,out,36748,-1007.8
202.795,10,out,36744,-1020.2
202.7994,10,out,36740,-1026.8
202.8029,10,out,36736,-1009.6
202.8066,10,out,36732,-1017.4
202.8105,10,out,36728,-1041.6
202.8154,10,out,36724,-1029.6
202.82,10,out,36720,-1054.2
202.8243,10,out,36716,-1048.6
202.8283,10,out,36712,-1061.4
202.8328,10,out,36708,-1029.2
202.8374,10,out,36704,-1025.4
202.8415,10,out,36700,-1008.6
202.846,10,out,36696,-1045
202.8512,10,out,36692,-1011.4
202.8561,10,out,36688,-1054.4
202.8609,10,out,36684,-1077.8
202.8651,10,out,36680,-1052.6
202.8704,10,out,36676,-1043
202.8753,10,out,36672,-1011.8
202.8802,10,out,36668,-1032.4
202.8852,10,out,36664,-1074.8
202.8898,10,out,36660,-1055.8
202.895,10,out,36656,-1051.8
202.9001,10,out,36652,-1032.8
202.9051,10,out,36648,-1054.6
202.9096,10,out,36644,-1003.8
202.9141,10,out,36640,-1092
202.9189,10,out,36636,-1057.8
202.9235,10,out,36632,-986.8
202.9283,10,out,36628,-1080.4
202.9335,10,out,36624,-1079.2
202.938,10,out,36620,-1049.2
202.9426,10,out2,36570,-1087.6
202.9472,10,out2,36520,-1049.4
202.9523,10,out2,36470,-1059.2
202.9576,10,out2,36420,-1014.8
202.9619,10,out2,36370,-975.4
202.9666,10,out2,36320,-1083.8
202.9718,10,out2,36270,-1047.4
202.9761,10,out2,36220,-1032.6
202.9803,10,out2,36170,-1023.6
202.9856,10,out2,36120,-1024.8
202.9905,10,out2,36070,-1030.6
202.9951,10,out2,36020,-1062.8
203.0003,10,out2,35970,-1003
203.0051,10,out2,35920,-990.8
203.01,10,out2,35870,-1026.8
203.0153,10,out2,35820,-999
203.0199,10,out2,35770,-1002.4
203.0242,10,out2,35720,-994.6
203.0301,10,out2,35670,-982.2
203.0339,10,out2,35620,-1004.2
203.0376,10,out2,35570,-1010.2
203.0416,10,out2,35520,-902.2
203.0467,10,out2,35470,-894.4
203.0511,10,out2,35420,-878.6
203.0554,10,out2,35370,-921.2
203.0605,10,out2,35320,-787
203.0657,10,out2,35270,-787.4
203.0702,10,out2,35220,-787.4
203.075,10,out2,35170,-756.8
203.0795,10,out2,35120,-758.4
203.084,10,out2,35070,-890.8
203.0886,10,out2,35020,-860.4
203.0936,10,out2,34970,-821.2
203.098,10,out2,34920,-772.4
203.1023,10,out2,34870,-726.4
203.1071,10,out2,34820,-719.4
203.1118,10,out2,34770,-683.8
203.116,10,out2,34720,-750.8
203.1203,10,out2,34670,-790.4
203.125,10,out2,34620,-698.6
203.1301,10,out2,34570,-728.4
203.1344,10,out2,34520,-768.6
203.139,10,out2,34470,-753
203.1434,10,out2,34420,-896.2
203.1481,10,out2,34370,-897.8
203.1539,10,out2,34320,-803.8
203.1587,10,out2,34270,-754
203.1637,10,out2,34220,-704
203.1686,10,out2,34170,-807.2
203.1736,10,out2,34120,-780.2
203.1787,10,out2,34070,-858.6
203.1838,10,out2,34020,-717.2
203.1885,10,out2,33970,-738.4
203.1935,10,out2,33920,-722.2
203.1981,10,out2,33870,-684
203.2029,10,out2,33820,-659.6
203.2072,10,out2,33770,-605.2
203.2113,10,out2,33720,-683.8
203.2148,10,out2,33670,-596.4
203.219,10,out2,33620,-635.8
203.2241,10,out2,33570,-707
203.2282,10,out2,33520,-697.6
203.2327,10,out2,33470,-656.8
203.2372,10,out2,33420,-677.6
203.2417,10,out2,33370,-740.2
203.2457,10,out2,33320,-718.2
203.2499,10,out2,33270,-711
203.2544,10,out2,33220,-575.6
203.2594,10,out2,33170,-652
203.2634,10,out2,33120,-572.2
203.268,10,out2,33070,-599
203.272,10,out2,33020,-508.8
203.2765,10,out2,32970,-547.2
203.2812,10,out2,32920,-553.6
203.2857,10,out2,32870,-531.2
203.2895,10,out2,32820,-403
203.294,10,out2,32770,-310
203.2985,10,out2,32720,-420.2
203.3029,10,out2,32670,-316.6
203.3071,10,out2,32620,-333
203.3124,10,out2,32570,-262
203.3162,10,out2,32520,-136.6
203.3206,11,in,32520,-107.4
203.3243,11,in,32524,-120.2
203.328,11,in,32528,-107.2
203.3325,11,in,32532,-17.2
203.3363,11,in,32536,-34
203.3404,11,in,32540,-110.2
203.3446,11,in,32544,-90.8
203.3492,11,in,32548,-100.8
203.3535,11,in,32552,-81
203.3577,11,in,32556,-114.4
203.362,11,in,32560,-51
203.3665,11,in,32564,-78.2
203.3707,11,in,32568,-83.8
203.3745,11,in,32572,-102.6
203.3783,11,in,32576,-111.4
203.3824,11,in,32580,-101
203.3865,11,in,32584,-94.6
203.3907,11,in,32588,-112.2
203.3947,11,in,32592,-176.4
203.3986,11,in,32596,-243.4
203.4033,11,in,32600,-193.6
203.4073,11,in,32604,-251.2
203.4114,11,in,32608,-192.6
203.4156,11,in,32612,-44
203.4211,11,in,32616,-63
203.4261,11,in,32620,-81.4
203.4308,11,in,32624,-248.6
203.4354,11,in,32628,-198.4
203.4395,11,in,32632,-129
203.4439,11,in,32636,-152
203.4483,11,in,32640,-348.8
203.4529,11,in,32644,-327.6
203.4578,11,in,32648,-315.2
203.4623,11,in,32652,-346
203.4673,11,in,32656,-386.8
203.4726,11,in,32660,-128.8
203.4774,11,in,32664,-54
203.4823,11,in,32668,-78
203.4873,11,in,32672,-109.4
203.4919,11,in,32676,-44.8
203.4973,11,in,32680,-79.8
203.502,11,in,32684,-101.2
203.5067,11,in,32688,-93.8
203.5113,11,in,32692,-128.4
203.5158,11,in,32696,-90.4
203.5204,11,in,32700,-80.8
203.5247,11,in,32704,-11.8
203.5292,11,in,32708,-24.6
203.5344,11,in,32712,-113.2
203.5391,11,in,32716,-47
203.5439,11,in,32720,-104
203.5482,11,in,32724,-60.8
203.5532,11,in,32728,-93.8
203.5581,11,in,32732,-69.6
203.5625,11,in,32736,-83
203.5669,11,in,32740,-35.4
203.5718,11,in,32744,-55.4
203.5762,11,in,32748,-99.8
203.5815,11,in,32752,-120
203.5864,11,in,32756,-62.4
203.5914,11,in,32760,-76.2
203.5968,11,in,32764,-102
203.6021,11,in,32768,-76
203.6069,11,in,32772,-88.2
203.6122,11,in,32776,-79.6
203.6167,11,in,32780,-107
203.6212,11,in,32784,-102.4
203.6257,11,in,32788,-35
203.6301,11,in,32792,-79.8
203.6347,11,in,32796,-70.2
203.6388,11,in,32800,-4.4
203.6429,11,in,32804,-67.4
203.6471,11,in,32808,-111.2
203.6515,11,in,32812,-58
203.6554,11,in,32816,-21.8
203.6601,11,in,32820,-40.6
203.6643,11,in,32824,-98.4
203.6692,11,in,32828,-110.6
203.6734,11,in,32832,-101.2
203.6776,11,in,32836,-82.8
203.6817,11,in,32840,-105.6
203.686,11,in,32844,-84.8
203.6902,11,in,32848,-24.6
203.6942,11,in,32852,-45.6
203.6986,11,in,32856,-67
203.7031,11,in,32860,-65
203.7082,11,in,32864,-53.4
203.7135,11,in,32868,-64.6
203.7184,11,in,32872,-77
203.7233,11,in,32876,-59.4
203.7283,11,in,32880,-59.8
203.733,11,in,32884,-109.4
203.7381,11,in,32888,-75.2
203.7424,11,in,32892,-95.2
203.7473,11,in,32896,-40.4
203.7518,11,in,32900,-64.2
203.7558,11,in,32904,-43
203.7604,11,in,32908,-91.6
203.7652,11,in,32912,-50.6
203.7701,11,in,32916,-113.4
203.775,11,in,32920,-55.4
203.7798,11,in,32924,-55
203.7844,11,in,32928,-60.6
203.7891,11,in,32932,-52
203.7943,11,in,32936,-67
203.799,11,in,32940,-28.6
203.803,11,in,32944,-44.4
203.8069,11,in,32948,-58.6
203.8112,11,in,32952,-62.4
203.8162,11,in,32956,-41.4
203.8213,11,in,32960,-58.2
203.8261,11,in,32964,-23.6
203.8322,11,in,32968,-39.6
203.8369,11,in,32972,-49.4
203.8419,11,in,32976,-45
203.8465,11,in,32980,-69.8
203.8514,11,in,32984,-95.4
203.8566,11,in,32988,-48.8
203.8613,11,in,32992,-47.8
203.8661,11,in,32996,-65.6
203.8703,11,in,33000,-68
203.8742,11,in,33004,-59.2
203.8785,11,in,33008,-59.8
203.8832,11,in,33012,-88.6
203.8876,11,in,33016,-63
203.8918,11,in,33020,-14.4
203.8961,11,in,33024,-44
203.9002,11,in,33028,-69
203.9046,11,in,33032,-57
203.9099,11,in,33036,-57.6
203.9149,11,in,33040,-74.2
203.9205,11,in,33044,-49
203.9259,11,in,33048,-53.8
203.9317,11,in,33052,-76.6
203.937,11,in,33056,-40
203.9422,11,in,33060,-37.6
203.9477,11,in,33064,-32.8
203.9538,11,in,33068,-45.4
203.9596,11,in,33072,-42
203.9651,11,in,33076,-52.4
203.9705,11,in,33080,-52
203.9756,11,in,33084,-69.6
203.9809,11,in,33088,-66
203.9865,11,in,33092,-31
203.9914,11,in,33096,-59.2
203.9965,11,in,33100,-76.2
204.0021,11,in,33104,-56.2
204.0075,11,in,33108,-37.4
204.0125,11,in,33112,-46.2
204.0175,11,in,33116,-63.8
204.0232,11,in,33120,-46.2
204.0284,11,in,33124,-65.8
204.0337,11,in,33128,-75.6
204.0391,11,in,33132,-59.2
204.0443,11,in,33136,-68
204.0499,11,in,33140,-41
204.0552,11,in,33144,-37.6
204.0606,11,in,33148,-38.4
204.0655,11,in,33152,-19.8
204.0706,11,in,33156,-34
204.0754,11,in,33160,-46.2
204.0809,11,in,33164,-70
204.0858,11,in,33168,-27.4
204.091,11,in,33172,-59.8
204.0955,11,in,33176,-21.2
204.1011,11,in,33180,-38.8
204.1061,11,in,33184,-19.2
204.1112,11,in,33188,-28.4
204.1157,11,in,33192,-41.6
204.1202,11,in,33196,-50.2
204.1246,11,in,33200,-23.4
204.129,11,in,33204,-64.4
204.1337,11,in,33208,-37
204.1379,11,in,33212,-69
204.142,11,in,33216,-36.6
204.1468,11,in,33220,-40.2
204.1523,11,in,33224,-65
204.1573,11,in,33228,-59.8
204.1628,11,in,33232,-57.6
204.1685,11,in,33236,-27.4
204.1741,11,in,33240,-55
204.1792,11,in,33244,-20.6
204.1848,11,in,33248,-51.6
204.1898,11,in,33252,-47.2
204.1948,11,in,33256,-22.8
204.1997,11,in,33260,-54
204.2044,11,in,33264,-37.4
204.209,11,in,33268,-38.8
204.2138,11,in,33272,-33.6
204.2186,11,in,33276,-76.4
204.2235,11,in,33280,-31
204.2281,11,in,33284,-60
204.2332,11,in,33288,-51.6
204.2378,11,in,33292,-28.6
204.2427,11,in,33296,-74.2
204.247,11,in,33300,-15
204.2511,11,in,33304,-77.2
204.2555,11,in,33308,17
204.2605,11,in,33312,-38
204.2644,11,in,33316,-44.8
204.2692,11,in,33320,-17.2
204.2734,11,in,33324,-22.2
204.2784,11,in,33328,-69.6
204.2825,11,in,33332,-71.2
204.2871,11,in,33336,-37.8
204.2917,11,in,33340,2
204.2966,11,in,33344,-33.2
204.3009,11,in,33348,-23.4
204.3053,11,in,33352,-60
204.3094,11,in,33356,9
204.3146,11,in,33360,-52.6
204.3187,11,in,33364,-47
204.3229,11,in,33368,-59.8
204.3271,11,in,33372,27.8
204.3317,11,in,33376,-36
204.3357,11,in,33380,-35.6
204.34,11,in,33384,-72.6
204.3447,11,in,33388,-72.4
204.3493,11,in,33392,-60.2
204.353,11,in,33396,-56.6
204.3571,11,in,33400,-83.8
204.3615,11,in,33404,-42
204.3661,11,in,33408,-58.6
204.3707,11,in,33412,-11.2
204.3746,11,in,33416,-60.6
204.3788,11,in,33420,-39.6
204.3828,11,in,33424,-68.6
204.3868,11,in,33428,-24.8
204.3914,11,in,33432,-34.2
204.3956,11,in,33436,-44
204.3998,11,in,33440,-22.8
204.4041,11,in,33444,-7.8
204.4093,11,in,33448,-36
204.4137,11,in,33452,-49.4
204.418,11,in,33456,-111.4
204.4221,11,in,33460,-49.6
204.4259,11,in,33464,-48.8
204.43,11,in,33468,-66.8
204.4342,11,in,33472,-95.4
204.4384,11,in,33476,-43.8
204.4424,11,in,33480,-45.2
204.4462,11,in,33484,-69.8
204.4505,11,in,33488,-65
204.4549,11,in,33492,4.4
204.4598,11,in,33496,-47
204.4636,11,in,33500,-62.8
204.4679,11,in,33504,-70.8
204.4719,11,in,33508,-45.2
204.4763,11,in,33512,-34.8
204.4801,11,in,33516,-59.2
204.4843,11,in,33520,-54.6
204.4885,11,in,33524,-61.2
204.493,11,in,33528,-26
204.4972,11,in,33532,-17.8
204.5014,11,in,33536,-74.6
204.5061,11,in,33540,-55.8
204.5103,11,in,33544,-50.2
204.5143,11,in,33548,-71.6
204.5186,11,in,33552,-45.2
204.5228,11,in,33556,-68.8
204.5269,11,in,33560,-44.2
204.5309,11,in,33564,-45.8
204.5352,11,in,33568,-72.8
204.539,11,in,33572,-72.2
204.5428,11,in,33576,-64.6
204.5474,11,in,33580,-53.8
204.5512,11,in,33584,-110.4
204.5556,11,in,33588,-97.8
204.56,11,in,33592,-15.8
204.5645,11,in,33596,-65.8
204.5689,11,in,33600,-52
204.5731,11,in,33604,-77.8
204.577,11,in,33608,-42.8
204.5818,11,in,33612,-10.6
204.5864,11,in,33616,-62.6
204.5908,11,in,33620,-40.8
204.5949,11,in,33624,-15.4
204.5995,11,in,33628,-81.6
204.6038,11,in,33632,6.4
204.6082,11,in,33636,-54
204.6124,11,in,33640,-65.6
204.6172,11,in,33644,-94.2
204.6213,11,in,33648,-74.2
204.6256,11,in,33652,-73.8
204.6301,11,in,33656,-88.8
204.6344,11,in,33660,-42
204.6385,11,in,33664,-47.4
204.6428,11,in,33668,-41
204.6473,11,in,33672,-85.6
204.6523,11,in,33676,-37.2
204.657,11,in,33680,-52.2
204.6611,11,in,33684,-34.2
204.6652,11,in,33688,2.2
204.6696,11,in,33692,-59
204.6741,11,in,33696,-47.6
204.6784,11,in,33700,-95.8
204.6822,11,in,33704,-53.4
204.6857,11,in,33708,-36.8
204.6895,11,in,33712,-69
204.6929,11,in,33716,-34.4
204.6974,11,in,33720,-84.6
204.7017,11,in,33724,-47.6
204.707,11,in,33728,-67
204.7116,11,in,33732,-28.4
204.7158,11,in,33736,-113.4
204.7214,11,in,33740,-55.2
204.7259,11,in,33744,-65.6
204.7304,11,in,33748,-71
204.7357,11,in,33752,-87.2
204.7402,11,in,33756,-80.2
204.7449,11,in,33760,-102.2
204.7486,11,in,33764,-66.8
204.7528,11,in,33768,-29.6
204.757,11,in,33772,-114.2
204.7616,11,in,33776,-100.2
204.7661,11,in,33780,-40.8
204.7708,11,in,33784,-53.2
204.7756,11,in,33788,-72.4
204.7805,11,in,33792,-76.2
204.7852,11,in,33796,-87
204.7901,11,in,33800,-46.6
204.7947,11,in,33804,-94.2
204.7993,11,in,33808,-66
204.8029,11,in,33812,-61.4
204.8071,11,in,33816,-63.4
204.8109,11,in,33820,-52.6
204.8155,11,in,33824,-74.8
204.8191,11,in,33828,-69
204.8228,11,in,33832,-71.6
204.8266,11,in,33836,-50
204.8306,11,in,33840,-75.8
204.8346,11,in,33844,-50
204.8388,11,in,33848,-95.8
204.8429,11,in,33852,-52.8
204.8472,11,in,33856,-133
204.8511,11,in,33860,-90.4
204.8554,11,in,33864,-101.4
204.8596,11,in,33868,-21.8
204.8637,11,in,33872,-77
204.8686,11,in,33876,-54
204.8724,11,in,33880,-62.6
204.8768,11,in,33884,-99.8
204.8812,11,in,33888,-95.2
204.8858,11,in,33892,-33.8
204.8906,11,in,33896,-107
204.8954,11,in,33900,-96.8
204.8999,11,in,33904,-35.6
204.9055,11,in,33908,-41.8
204.9099,11,in,33912,-35.2
204.9138,11,in,33916,-36.8
204.9183,11,in,33920,-96
204.9231,11,in,33924,-65.6
204.9276,11,in,33928,-37.4
204.9316,11,in,33932,-82
204.936,11,in,33936,-69.8
204.9407,11,in,33940,-21
204.9447,11,in,33944,-49.8
204.9491,11,in,33948,-56.8
204.9536,11,in,33952,-90.6
204.9582,11,in,33956,-50.6
204.9622,11,in,33960,-63
204.9662,11,in,33964,-85.2
204.9706,11,in,33968,-16.8
204.9757,11,in,33972,-24
204.9797,11,in,33976,-75.2
204.9845,11,in,33980,-110.8
204.9885,11,in,33984,-37.2
204.9929,11,in,33988,-24
204.9972,11,in,33992,-54.2
205.002,11,in,33996,-101.6
205.0062,11,in,34000,-133.4
205.0104,11,in,34004,-81.8
205.0146,11,in,34008,-74.6
205.0189,11,in,34012,-47.8
205.0232,11,in,34016,-82
205.0279,11,in,34020,-134.6
205.0323,11,in,34024,-123.6
205.0364,11,in,34028,-126.6
205.0407,11,in,34032,-38.6
205.0455,11,in,34036,-113.6
205.0506,11,in,34040,-77.6
205.0547,11,in,34044,-92.4
205.0595,11,in,34048,-80.4
205.0644,11,in,34052,-84.2
205.0694,11,in,34056,-73.4
205.0741,11,in,34060,-54.4
205.0786,11,in,34064,-75.4
205.0837,11,in,34068,-112
205.0886,11,in,34072,-94.8
205.093,11,in,34076,-22.2
205.0977,11,in,34080,-84
205.1025,11,in,34084,-124.6
205.1079,11,in,34088,-78
205.1122,11,in,34092,-94.6
205.1162,11,in,34096,-76.6
205.1205,11,in,34100,-54.8
205.1246,11,in,34104,-51.4
205.1285,11,in,34108,-96.2
205.1326,11,in,34112,-133.4
205.1365,11,in,34116,-84.8
205.1404,11,in,34120,-116
205.1439,11,in,34124,-114.6
205.1474,11,in,34128,-116.4
205.1515,11,in,34132,-144.8
205.1558,11,in,34136,-146.8
205.1611,11,in,34140,-140.2
205.1658,11,in,34144,-138.4
205.1702,11,in,34148,-53.2
205.1742,11,in,34152,-67.2
205.1783,11,in,34156,-83
205.1821,11,in,34160,-120.2
205.1862,11,in,34164,-75.2
205.19,11,in,34168,-53.6
205.1946,11,in,34172,-73.4
205.1991,11,in,34176,-29
205.2036,11,in,34180,-128.6
205.2076,11,in,34184,-92.6
205.2119,11,in,34188,-34
205.2159,11,in,34192,-43.4
205.22,11,in,34196,-62.4
205.2242,11,in,34200,-75
205.2282,11,in,34204,-126.8
205.2323,11,in,34208,-102.6
205.2363,11,in,34212,-63.6
205.2403,11,in,34216,-97.8
205.2444,11,in,34220,-84.4
205.2484,11,in,34224,-109.8
205.2525,11,in,34228,-103.8
205.2567,11,in,34232,-115.4
205.2619,11,in,34236,-98.4
205.2665,11,in,34240,-106
205.2703,11,in,34244,-113.2
205.2742,11,in,34248,-69.4
205.2783,11,in,34252,-53
205.2834,11,in,34256,-90.6
205.2882,11,in,34260,-85.4
205.2925,11,in,34264,-19.4
205.297,11,in,34268,-74.6
205.3013,11,in,34272,-101
205.3055,11,in,34276,-46.4
205.3095,11,in,34280,-61.2
205.3142,11,in,34284,-101.6
205.3186,11,in,34288,-66.4
205.3231,11,in,34292,-44.8
205.3271,11,in,34296,-48.6
205.3311,11,in,34300,-99.4
205.3351,11,in,34304,-93.2
205.3389,11,in,34308,-127
205.343,11,in,34312,-81.6
205.3465,11,in,34316,-77.4
205.3503,11,in,34320,-69.4
205.3544,11,in,34324,-57
205.3586,11,in,34328,-56.4
205.3627,11,in,34332,-72
205.3668,11,in,34336,-76.8
205.3708,11,in,34340,-118.6
205.3747,11,in,34344,-199
205.3788,11,in,34348,-139.8
205.3827,11,in,34352,-131
205.3865,11,in,34356,-152.6
205.391,11,in,34360,-278
205.395,11,in,34364,-176.8
205.399,11,in,34368,-163.4
205.403,11,in,34372,-105.8
205.4071,11,in,34376,-81.6
205.4113,11,in,34380,-99.2
205.4157,11,in,34384,-168.8
205.42,11,in,34388,-39
205.4245,11,in,34392,-96
205.4289,11,in,34396,-111.6
205.4337,11,in,34400,-56.4
205.4381,11,in,34404,-28.2
205.4427,11,in,34408,-78.2
205.4472,11,in,34412,-151.4
205.4519,11,in,34416,-56.6
205.4566,11,in,34420,-76.2
205.4613,11,in,34424,-56.4
205.4661,11,in,34428,-55.4
205.471,11,in,34432,-51.4
205.4754,11,in,34436,-67.2
205.4801,11,in,34440,-62.4
205.4847,11,in,34444,-48.8
205.4893,11,in,34448,-41.2
205.4949,11,in,34452,-50.2
205.5,11,in,34456,-74.2
205.5051,11,in,34460,-65.2
205.5094,11,in,34464,-100.4
205.5139,11,in,34468,-82.6
205.5184,11,in,34472,-122.2
205.523,11,in,34476,-74.4
205.5276,11,in,34480,-67.6
205.5315,11,in,34484,-139.4
205.5353,11,in,34488,-120.6
205.5395,11,in,34492,-145.2
205.5437,11,in,34496,-146.8
205.5481,11,in,34500,-191.2
205.5528,11,in,34504,-102.2
205.5571,11,in,34508,-116.4
205.5613,11,in,34512,-96.6
205.5659,11,in,34516,-168.4
205.5703,11,in,34520,-165.2
205.5745,11,in,34524,-130.4
205.5786,11,in,34528,-150.4
205.5837,11,in,34532,-116.6
205.588,11,in,34536,-96.8
205.5926,11,in,34540,-96.2
205.5967,11,in,34544,-128
205.6013,11,in,34548,-139.2
205.6056,11,in,34552,-72.6
205.6103,11,in,34556,-176.2
205.6147,11,in,34560,-81
205.6185,11,in,34564,-157.4
205.6227,11,in,34568,-119.2
205.6267,11,in,34572,-89.4
205.6304,11,in,34576,-117
205.6343,11,in,34580,-113
205.638,11,in,34584,-66.4
205.6418,11,in,34588,-101
205.6458,11,in,34592,-114.2
205.6495,11,in,34596,-118.6
205.6535,11,in,34600,-144.8
205.6578,11,in,34604,-102.8
205.6623,11,in,34608,-131
205.6666,11,in,34612,-103.6
205.6714,11,in,34616,-162.8
205.676,11,in,34620,-82.6
205.6803,11,in,34624,-111.4
205.6846,11,in,34628,-66.2
205.6886,11,in,34632,-93
205.6933,11,in,34636,-49.4
205.6981,11,in,34640,-63.8
205.7026,11,in,34644,-86.6
205.7073,11,in,34648,-134.2
205.7118,11,in,34652,-77.8
205.7162,11,in,34656,-69.8
205.7205,11,in,34660,-104
205.7245,11,in,34664,-101
205.7283,11,in,34668,-66.6
205.7325,11,in,34672,-100
205.7369,11,in,34676,-121.6
205.7406,11,in,34680,-170.6
205.7447,11,in,34684,-118.6
205.7485,11,in,34688,-79.6
205.7524,11,in,34692,-174.2
205.7567,11,in,34696,-109
205.7611,11,in,34700,-59.6
205.7653,11,in,34704,-166.8
205.7698,11,in,34708,-127.6
205.7737,11,in,34712,-190
205.7784,11,in,34716,-167.2
205.7829,11,in,34720,-140.4
205.787,11,in,34724,-181.6
205.7912,11,in,34728,-167.2
205.7952,11,in,34732,-210.4
205.7992,11,in,34736,-161.4
205.8035,11,in,34740,-155.2
205.8077,11,in,34744,-162.6
205.8122,11,in,34748,-195.6
205.8166,11,in,34752,-161.2
205.8208,11,in,34756,-123.8
205.8249,11,in,34760,-120.8
205.8288,11,in,34764,-140
205.8337,11,in,34768,-154
205.8385,11,in,34772,-172.6
205.8428,11,in,34776,-152
205.8476,11,in,34780,-165
205.8519,11,in,34784,-162.4
205.857,11,in,34788,-136.4
205.8615,11,in,34792,-173.6
205.8661,11,in,34796,-155.4
205.8709,11,in,34800,-169.4
205.8759,11,in,34804,-115
205.88,11,in,34808,-211.2
205.8841,11,in,34812,-155
205.8882,11,in,34816,-175.2
205.8925,11,in,34820,-150.2
205.8971,11,in,34824,-216
205.9018,11,in,34828,-196.4
205.9064,11,in,34832,-220.2
205.9112,11,in,34836,-203.2
205.9156,11,in,34840,-225.8
205.9203,11,in,34844,-205.8
205.925,11,in,34848,-256.2
205.9291,11,in,34852,-265.4
205.9334,11,in,34856,-273.8
205.9372,11,in,34860,-241.2
205.9417,11,in,34864,-224.4
205.9456,11,in,34868,-277
205.9499,11,in,34872,-285.6
205.9539,11,in,34876,-263.2
205.9578,11,in,34880,-311
205.9616,11,in,34884,-249.4
205.9655,11,in,34888,-238.2
205.9695,11,in,34892,-235.2
205.9729,11,in,34896,-251.8
205.9766,11,in,34900,-260.4
205.9802,11,in,34904,-233.6
205.984,11,in,34908,-243.2
205.9879,11,in,34912,-255.8
205.9914,11,in,34916,-218.8
205.995,11,in,34920,-208
205.9988,11,in,34924,-221
206.0028,11,in,34928,-199.6
206.007,11,in,34932,-217.4
206.0113,11,in,34936,-241.4
206.0154,11,in,34940,-211.4
206.0193,11,in,34944,-250.6
206.0233,11,in,34948,-181.6
206.0271,11,in,34952,-186.4
206.0307,11,in,34956,-164.2
206.0344,11,in,34960,-187.4
206.0383,11,in,34964,-145.4
206.0422,11,in,34968,-239
206.0465,11,in,34972,-206.8
206.0508,11,in,34976,-274
206.0548,11,in,34980,-169.8
206.0587,11,in,34984,-308
206.0629,11,in,34988,-286.2
206.0669,11,in,34992,-276.2
206.0711,11,in,34996,-187.8
206.0754,11,in,35000,-113.8
206.0794,11,in,35004,-175.6
206.0837,11,in,35008,-180.6
206.0882,11,in,35012,-153.2
206.0925,11,in,35016,-186.8
206.0971,11,in,35020,-185.8
206.1016,11,in,35024,-160.4
206.1054,11,in,35028,-147.4
206.1092,11,in,35032,-135.8
206.1132,11,in,35036,-149.2
206.1171,11,in,35040,-237.8
206.1209,11,in,35044,-177.4
206.1249,11,in,35048,-262.4
206.1293,11,in,35052,-258.8
206.134,11,in,35056,-229
206.1384,11,in,35060,-248.2
206.1424,11,in,35064,-238
206.1461,11,in,35068,-261.4
206.1502,11,in,35072,-277.2
206.1542,11,in,35076,-265.6
206.1577,11,in,35080,-249.4
206.162,11,in,35084,-282.2
206.1663,11,in,35088,-304.6
206.1708,11,in,35092,-253.6
206.1751,11,in,35096,-278.8
206.1794,11,in,35100,-286.6
206.1837,11,in,35104,-243.8
206.1877,11,in,35108,-276.8
206.1919,11,in,35112,-259
206.1966,11,in,35116,-307.8
206.2006,11,in,35120,-230
206.2052,11,in,35124,-200.2
206.2095,11,in,35128,-199.2
206.2133,11,in,35132,-231
206.2171,11,in,35136,-234.2
206.2212,11,in,35140,-267.2
206.2249,11,in,35144,-268
206.2287,11,in,35148,-281.6
206.2327,11,in,35152,-310.6
206.237,11,in,35156,-262.6
206.2414,11,in,35160,-246.8
206.2453,11,in,35164,-304.6
206.2491,11,in,35168,-333.4
206.2534,11,in,35172,-337
206.2569,11,in,35176,-338.4
206.2609,11,in,35180,-321.4
206.265,11,in,35184,-285.2
206.2694,11,in,35188,-334.4
206.2741,11,in,35192,-342
206.2785,11,in,35196,-303.6
206.2826,11,in,35200,-396
206.2868,11,in,35204,-333.2
206.2911,11,in,35208,-354
206.2948,11,in,35212,-331.6
206.2993,11,in,35216,-309.4
206.3037,11,in,35220,-319.6
206.3078,11,in,35224,-232.6
206.3116,11,in,35228,-222.2
206.3159,11,in,35232,-193.8
206.3198,11,in,35236,-194.2
206.324,11,in,35240,-172.8
206.329,11,in,35244,-221
206.3331,11,in,35248,-238
206.3375,11,in,35252,-212.6
206.3416,11,in,35256,-174.6
206.3466,11,in,35260,-245.2
206.3509,11,in,35264,-272
206.3555,11,in,35268,-215.8
206.3605,11,in,35272,-247.8
206.365,11,in,35276,-252.6
206.3693,11,in,35280,-272.6
206.3742,11,in,35284,-245.2
206.3792,11,in,35288,-225.4
206.3836,11,in,35292,-319.6
206.388,11,in,35296,-196
206.3934,11,in,35300,-109.8
206.3982,11,in,35304,-166.2
206.4032,11,in,35308,-133
206.4081,11,in,35312,-173.6
206.4126,11,in,35316,-289.2
206.4187,11,in,35320,-269.6
206.4236,11,in,35324,-214.2
206.4285,11,in,35328,-225.4
206.4333,11,in,35332,-240.6
206.4386,11,in,35336,-212.6
206.4435,11,in,35340,-306.6
206.4487,11,in,35344,-287.6
206.4544,11,in,35348,-311.2
206.4592,11,in,35352,-222.6
206.4647,11,in,35356,-267.4
206.4717,11,in,35360,-196.2
206.4763,11,in,35364,-235.8
206.481,11,in,35368,-223.6
206.4861,11,in,35372,-279.8
206.4916,11,in,35376,-257
206.4965,11,in,35380,-291
206.5012,11,in,35384,-357.4
206.5061,11,in,35388,-290.2
206.5111,11,in,35392,-285.2
206.5159,11,in,35396,-347.8
206.5208,11,in,35400,-266
206.5264,11,in,35404,-253.6
206.531,11,in,35408,-254.6
206.5362,11,in,35412,-253.8
206.5408,11,in,35416,-338
206.5468,11,in,35420,-381.4
206.5518,11,in,35424,-363.8
206.5568,11,in,35428,-219
206.5618,11,in,35432,-284.6
206.5668,11,in,35436,-306.8
206.5715,11,in,35440,-243
206.5766,11,in,35444,-213
206.5817,11,in,35448,-282.8
206.5863,11,in,35452,-271.6
206.5918,11,in,35456,-222.2
206.5963,11,in,35460,-266
206.6014,11,in,35464,-264
206.6058,11,in,35468,-268.8
206.6108,11,in,35472,-235.2
206.6156,11,in,35476,-230.4
206.6206,11,in,35480,-243.4
206.6254,11,in,35484,-290
206.6299,11,in,35488,-294.6
206.6352,11,in,35492,-256.6
206.6401,11,in,35496,-238.2
206.645,11,in,35500,-279.6
206.6496,11,in,35504,-278.6
206.6554,11,in,35508,-238.8
206.6605,11,in,35512,-291
206.6653,11,in,35516,-235.8
206.6708,11,in,35520,-219
206.6754,11,in,35524,-179
206.6802,11,in,35528,-235.4
206.6851,11,in,35532,-212.8
206.6905,11,in,35536,-288
206.6949,11,in,35540,-321.4
206.6993,11,in,35544,-326.8
206.7034,11,in,35548,-262.8
206.7074,11,in,35552,-270.4
206.7112,11,in,35556,-272.6
206.7148,11,in,35560,-285.6
206.7188,11,in,35564,-306.4
206.7225,11,in,35568,-252.2
206.7264,11,in,35572,-302.6
206.731,11,in,35576,-309
206.7355,11,in,35580,-328.8
206.7399,11,in,35584,-366.8
206.7451,11,in,35588,-323.8
206.7496,11,in,35592,-316.8
206.7539,11,in,35596,-332.6
206.7583,11,in,35600,-293
206.7629,11,in,35604,-388.4
206.7675,11,in,35608,-404.4
206.7723,11,in,35612,-292.4
206.7776,11,in,35616,-353
206.7825,11,in,35620,-351.6
206.7878,11,in,35624,-364.6
206.7936,11,in,35628,-331.2
206.7982,11,in,35632,-338.2
206.8026,11,in,35636,-364.2
206.8066,11,in,35640,-301
206.8109,11,in,35644,-384
206.815,11,in,35648,-377.8
206.8186,11,in,35652,-400.2
206.8228,11,in,35656,-420.6
206.8272,11,in,35660,-444
206.8317,11,in,35664,-369.6
206.8357,11,in,35668,-338.2
206.8398,11,in,35672,-359.4
206.8439,11,in,35676,-382.6
206.8484,11,in,35680,-366.6
206.8525,11,in,35684,-372.4
206.8568,11,in,35688,-409.2
206.8611,11,in,35692,-417.8
206.8661,11,in,35696,-432.2
206.8702,11,in,35700,-382
206.8747,11,in,35704,-330.8
206.8788,11,in,35708,-366
206.8833,11,in,35712,-340.2
206.8875,11,in,35716,-400.6
206.892,11,in,35720,-359.4
206.8965,11,in,35724,-311.4
206.9006,11,in,35728,-372.6
206.9046,11,in,35732,-376
206.9093,11,in,35736,-365.8
206.9131,11,in,35740,-402.8
206.9167,11,in,35744,-395.8
206.9206,11,in,35748,-355.4
206.9247,11,in,35752,-416.4
206.9289,11,in,35756,-442.8
206.9333,11,in,35760,-396.6
206.9378,11,in,35764,-374.4
206.9428,11,in,35768,-386.6
206.9476,11,in,35772,-349.6
206.9519,11,in,35776,-407.4
206.9559,11,in,35780,-428.6
206.9598,11,in,35784,-389.4
206.9635,11,in,35788,-385.2
206.9676,11,in,35792,-400.2
206.9719,11,in,35796,-394.8
206.9763,11,in,35800,-465.6
206.9803,11,in,35804,-506.2
206.984,11,in,35808,-485.2
206.9883,11,in,35812,-482.6
206.9919,11,in,35816,-470.8
206.9961,11,in,35820,-462.8
207.0002,11,in,35824,-429
207.004,11,in,35828,-463
207.0088,11,in,35832,-385.8
207.0125,11,in,35836,-426.8
207.0165,11,in,35840,-406.8
207.0202,11,in,35844,-402.8
207.0237,11,in,35848,-424
207.0276,11,in,35852,-413.8
207.0313,11,in,35856,-440
207.0353,11,in,35860,-477.4
207.039,11,in,35864,-482.2
207.0429,11,in,35868,-478.2
207.0463,11,in,35872,-503.6
207.0496,11,in,35876,-471.4
207.0533,11,in,35880,-455.6
207.0567,11,in,35884,-552.8
207.0602,11,in,35888,-550
207.0641,11,in,35892,-493.8
207.0677,11,in,35896,-530.2
207.0712,11,in,35900,-471.6
207.0747,11,in,35904,-484.6
207.0785,11,in,35908,-502
207.082,11,in,35912,-495.6
207.0851,11,in,35916,-485.8
207.0883,11,in,35920,-522.8
207.0915,11,in,35924,-504.2
207.0949,11,in,35928,-484.4
207.0985,11,in,35932,-554.2
207.1021,11,in,35936,-532.6
207.1055,11,in,35940,-532.6
207.1089,11,in,35944,-527.4
207.1125,11,in,35948,-581.6
207.1161,11,in,35952,-543.4
207.1196,11,in,35956,-528.4
207.1231,11,in,35960,-527.4
207.1266,11,in,35964,-491.8
207.1303,11,in,35968,-500.6
207.1345,11,in,35972,-557.6
207.1387,11,in,35976,-519.6
207.1429,11,in,35980,-500.4
207.1469,11,in,35984,-533.4
207.1505,11,in,35988,-543
207.1543,11,in,35992,-515.8
207.1579,11,in,35996,-498.6
207.1616,11,in,36000,-522
207.1657,11,in,36004,-536.4
207.17,11,in,36008,-553.2
207.1743,11,in,36012,-479
207.1783,11,in,36016,-525.4
207.1823,11,in,36020,-509.8
207.1862,11,in,36024,-525
207.1902,11,in,36028,-493.8
207.1941,11,in,36032,-539.8
207.1978,11,in,36036,-526.8
207.2019,11,in,36040,-582.8
207.2059,11,in,36044,-535.2
207.2098,11,in,36048,-480.2
207.2134,11,in,36052,-458.2
207.2174,11,in,36056,-535
207.2214,11,in,36060,-589.4
207.2253,11,in,36064,-514.4
207.229,11,in,36068,-590.4
207.2328,11,in,36072,-491.8
207.237,11,in,36076,-522
207.2413,11,in,36080,-452.8
207.2458,11,in,36084,-504.8
207.2495,11,in,36088,-482.2
207.2533,11,in,36092,-488.6
207.2572,11,in,36096,-463.4
207.2614,11,in,36100,-520
207.2652,11,in,36104,-525.4
207.2692,11,in,36108,-522.2
207.2734,11,in,36112,-496.2
207.2776,11,in,36116,-532.8
207.2818,11,in,36120,-482.4
207.2856,11,in,36124,-541.8
207.2893,11,in,36128,-547.8
207.2934,11,in,36132,-481.8
207.2975,11,in,36136,-544.8
207.3011,11,in,36140,-496.2
207.3048,11,in,36144,-454.6
207.3091,11,in,36148,-401.6
207.3132,11,in,36152,-524.6
207.3175,11,in,36156,-467.8
207.3213,11,in,36160,-474.6
207.3253,11,in,36164,-486.2
207.3292,11,in,36168,-511.4
207.3329,11,in,36172,-470
207.3367,11,in,36176,-471
207.3409,11,in,36180,-423.6
207.345,11,in,36184,-482
207.3492,11,in,36188,-470.8
207.3529,11,in,36192,-500
207.3565,11,in,36196,-452.6
207.3607,11,in,36200,-513.4
207.3642,11,in,36204,-498.4
207.3683,11,in,36208,-503.6
207.3728,11,in,36212,-496.4
207.3771,11,in,36216,-437.2
207.3809,11,in,36220,-481.6
207.3849,11,in,36224,-438.4
207.3887,11,in,36228,-440.6
207.3926,11,in,36232,-438.4
207.3963,11,in,36236,-422.8
207.4005,11,in,36240,-475
207.4043,11,in,36244,-474.2
207.4088,11,in,36248,-453.6
207.4125,11,in,36252,-521
207.4167,11,in,36256,-530.4
207.4205,11,in,36260,-477.6
207.4244,11,in,36264,-487.2
207.4278,11,in,36268,-506.8
207.4318,11,in,36272,-488.8
207.4353,11,in,36276,-474.4
207.439,11,in,36280,-453.4
207.4429,11,in,36284,-427.4
207.4476,11,in,36288,-497.8
207.4522,11,in,36292,-469.4
207.4567,11,in,36296,-501.4
207.4612,11,in,36300,-519.6
207.4654,11,in,36304,-514
207.4697,11,in,36308,-547.8
207.474,11,in,36312,-550.4
207.4785,11,in,36316,-570.4
207.4835,11,in,36320,-604.2
207.4876,11,in,36324,-589.6
207.4916,11,in,36328,-571.4
207.4961,11,in,36332,-559
207.5001,11,in,36336,-589.6
207.505,11,in,36340,-543.4
207.5089,11,in,36344,-500.8
207.5131,11,in,36348,-523.4
207.5172,11,in,36352,-503
207.5221,11,in,36356,-543.8
207.5268,11,in,36360,-525.2
207.5307,11,in,36364,-492.8
207.5346,11,in,36368,-580.4
207.5392,11,in,36372,-533.2
207.5441,11,in,36376,-610.4
207.5481,11,in,36380,-639.6
207.5521,11,in,36384,-584.2
207.5564,11,in,36388,-533.4
207.5604,11,in,36392,-591.4
207.5643,11,in,36396,-652.8
207.5688,11,in,36400,-676
207.5733,11,in,36404,-601.4
207.5774,11,in,36408,-548.4
207.5817,11,in,36412,-528.8
207.5862,11,in,36416,-533.8
207.5903,11,in,36420,-622.2
207.5947,11,in,36424,-606.6
207.5988,11,in,36428,-644.4
207.6027,11,in,36432,-602
207.6067,11,in,36436,-507.6
207.611,11,in,36440,-588.2
207.6152,11,in,36444,-629.4
207.6194,11,in,36448,-632.4
207.6237,11,in,36452,-666.4
207.6284,11,in,36456,-638
207.6328,11,in,36460,-587.4
207.6371,11,in,36464,-666.4
207.6419,11,in,36468,-618
207.6468,11,in,36472,-611
207.6515,11,in,36476,-637
207.6561,11,in,36480,-602.6
207.6612,11,in,36484,-597.4
207.666,11,in,36488,-559.6
207.6711,11,in,36492,-659.4
207.6755,11,in,36496,-558.4
207.6807,11,in,36500,-567.8
207.6854,11,in,36504,-628.6
207.6902,11,in,36508,-641
207.6948,11,in,36512,-541.8
207.699,11,in,36516,-592.4
207.7031,11,in,36520,-607.6
207.7077,11,in,36524,-558
207.7127,11,in,36528,-614.2
207.7174,11,in,36532,-625.8
207.7223,11,in,36536,-615.4
207.7278,11,in,36540,-610
207.7323,11,in,36544,-612
207.7369,11,in,36548,-618.4
207.7417,11,in,36552,-607.2
207.7471,11,in,36556,-702.4
207.7517,11,in,36560,-728.6
207.7562,11,in,36564,-693.2
207.7606,11,in,36568,-690.4
207.7654,11,in,36572,-682.4
207.7702,11,in,36576,-611.6
207.7748,11,in,36580,-685.8
207.7792,11,in,36584,-676.4
207.7839,11,in,36588,-724.8
207.7888,11,in,36592,-585.4
207.7935,11,in,36596,-600.6
207.7984,11,in,36600,-604.8
207.803,11,in,36604,-666.8
207.8071,11,in,36608,-688.4
207.8117,11,in,36612,-711.6
207.8165,11,in,36616,-696.4
207.8212,11,in,36620,-685.8
207.8263,11,in,36624,-591.2
207.8315,11,in,36628,-639.4
207.8361,11,in,36632,-667.8
207.8412,11,in,36636,-709.4
207.8458,11,in,36640,-706
207.8502,11,in,36644,-641.6
207.8543,11,in,36648,-702.2
207.8584,11,in,36652,-716
207.8626,11,in,36656,-678.8
207.8668,11,in,36660,-576.4
207.871,11,in,36664,-644.8
207.8751,11,in,36668,-561.8
207.8798,11,in,36672,-573.2
207.8836,11,in,36676,-615.6
207.8878,11,in,36680,-591
207.8919,11,in,36684,-664.8
207.8962,11,in,36688,-646.2
207.9002,11,in,36692,-679.2
207.905,11,in,36696,-626.6
207.9093,11,in,36700,-694.2
207.9137,11,in,36704,-616.4
207.9178,11,in,36708,-701.8
207.9219,11,in,36712,-689.6
207.9259,11,in,36716,-666
207.93,11,in,36720,-705
207.9341,11,in,36724,-713.8
207.9383,11,in,36728,-619.2
207.9429,11,in,36732,-659.6
207.9468,11,in,36736,-685.4
207.9508,11,in,36740,-732
207.9546,11,in,36744,-703.4
207.9583,11,in,36748,-612.6
207.9624,11,in,36752,-630
207.9667,11,in,36756,-636.4
207.9711,11,in,36760,-689
207.9755,11,in,36764,-682.8
207.9798,11,in,36768,-727.6
207.984,11,in,36772,-713.4
207.9882,11,in,36776,-637.4
207.9925,11,in,36780,-661
207.9967,11,in,36784,-646.2
208.0008,11,in,36788,-703.8
208.0051,11,in,36792,-619.6
208.0089,11,in,36796,-701.4
208.0128,11,in,36800,-714.2
208.0169,11,in,36804,-719.6
208.0211,11,in,36808,-724.2
208.0251,11,in,36812,-725
208.0293,11,in,36816,-725.4
208.0339,11,in,36820,-680.4
208.0384,11,in,36824,-635.6
208.0421,11,in,36828,-659.4
208.0459,11,in,36832,-644.2
208.0498,11,in,36836,-694.2
208.0541,11,in,36840,-670.4
208.058,11,in,36844,-596.8
208.062,11,in,36848,-641.2
208.0659,11,in,36852,-607.4
208.0699,11,in,36856,-655
208.0744,11,in,36860,-580
208.0788,11,in,36864,-660.6
208.0826,11,in,36868,-615.2
208.0867,11,in,36872,-611.4
208.0906,11,in,36876,-616.2
208.0946,11,in,36880,-604
208.0982,11,in,36884,-621.2
208.1022,11,in,36888,-714
208.1061,11,in,36892,-662.4
208.1095,11,in,36896,-664.4
208.1131,11,in,36900,-703.6
208.1167,11,in,36904,-698.8
208.1208,11,in,36908,-687.2
208.1248,11,in,36912,-700.2
208.1285,11,in,36916,-731
208.1327,11,in,36920,-710.6
208.1365,11,in,36924,-721.8
208.1404,11,in,36928,-727.2
208.1441,11,in,36932,-763
208.1476,11,in,36936,-694.6
208.1518,11,in,36940,-749.8
208.1558,11,in,36944,-700
208.1601,11,in,36948,-700.4
208.1639,11,in,36952,-663.4
208.1675,11,in,36956,-674
208.1715,11,in,36960,-692.2
208.1756,11,in,36964,-672.8
208.1794,11,in,36968,-692.6
208.183,11,in,36972,-693.8
208.1865,11,in,36976,-704.6
208.1906,11,in,36980,-696.8
208.1944,11,in,36984,-686.4
208.1981,11,in,36988,-736.6
208.202,11,in,36992,-757.8
208.2061,11,in,36996,-753.2
208.2101,11,in,37000,-764
208.2142,11,in,37004,-730.4
208.2181,11,in,37008,-691.2
208.2221,11,in,37012,-644.8
208.2261,11,in,37016,-622.4
208.2301,11,in,37020,-661.2
208.2339,11,in,37024,-643
208.2374,11,in,37028,-631.2
208.2414,11,in,37032,-679.8
208.245,11,in,37036,-720.6
208.249,11,in,37040,-720
208.2525,11,in,37044,-707.6
208.256,11,in,37048,-672.2
208.2596,11,in,37052,-721.4
208.2631,11,in,37056,-696
208.267,11,in,37060,-696.6
208.2708,11,in,37064,-673
208.2744,11,in,37068,-675.4
208.278,11,in,37072,-658
208.282,11,in,37076,-690.8
208.2853,11,in,37080,-720.4
208.2889,11,in,37084,-686
208.2931,11,in,37088,-697
208.2967,11,in,37092,-733.6
208.3008,11,in,37096,-763.4
208.3047,11,in,37100,-736
208.3089,11,in,37104,-674.8
208.3125,11,in,37108,-730.6
208.3165,11,in,37112,-708.4
208.3205,11,in,37116,-739.2
208.3239,11,in,37120,-708.2
208.3274,11,in,37124,-703.4
208.3309,11,in,37128,-740.6
208.3344,11,in,37132,-759
208.338,11,in,37136,-767
208.3418,11,in,37140,-755
208.3453,11,in,37144,-774
208.3489,11,in,37148,-738
208.353,11,in,37152,-706.6
208.357,11,in,37156,-758.8
208.3607,11,in,37160,-728
208.3642,11,in,37164,-792.8
208.3684,11,in,37168,-755.6
208.3718,11,in,37172,-719.6
208.3757,11,in,37176,-732.6
208.3795,11,in,37180,-748.4
208.383,11,in,37184,-697.6
208.3867,11,in,37188,-706
208.3909,11,in,37192,-660.2
208.3947,11,in,37196,-704.2
208.3989,11,in,37200,-721
208.4025,11,in,37204,-722.8
208.4065,11,in,37208,-731
208.4098,11,in,37212,-770.4
208.4134,11,in,37216,-805.8
208.4176,11,in,37220,-797.4
208.4212,11,in,37224,-790.2
208.4252,11,in,37228,-682
208.429,11,in,37232,-740.4
208.4326,11,in,37236,-734.4
208.4367,11,in,37240,-677.2
208.4403,11,in,37244,-763.8
208.4446,11,in,37248,-718.6
208.4481,11,in,37252,-757.6
208.4519,11,in,37256,-766.6
208.4558,11,in,37260,-785
208.4594,11,in,37264,-786.4
208.4632,11,in,37268,-744.2
208.4669,11,in,37272,-800
208.4706,11,in,37276,-774.8
208.4746,11,in,37280,-814.4
208.4782,11,in,37284,-817.4
208.4823,11,in,37288,-790.2
208.486,11,in,37292,-806.4
208.49,11,in,37296,-786.4
208.4935,11,in,37300,-794.8
208.4971,11,in,37304,-810
208.5012,11,in,37308,-819.8
208.5048,11,in,37312,-780.8
208.5088,11,in,37316,-844.6
208.5124,11,in,37320,-807
208.5161,11,in,37324,-786
208.5199,11,in,37328,-789.6
208.5236,11,in,37332,-792.6
208.5276,11,in,37336,-799.8
208.5312,11,in,37340,-835.8
208.5351,11,in,37344,-839.8
208.5387,11,in,37348,-839.6
208.5427,11,in,37352,-870.4
208.5463,11,in,37356,-853.8
208.5501,11,in,37360,-845.4
208.554,11,in,37364,-893.2
208.5582,11,in,37368,-903.6
208.5622,11,in,37372,-869.4
208.5657,11,in,37376,-896.8
208.5694,11,in,37380,-896.6
208.5733,11,in,37384,-883.2
208.5771,11,in,37388,-874.8
208.5807,11,in,37392,-841.2
208.5851,11,in,37396,-865.2
208.5888,11,in,37400,-859.2
208.5924,11,in,37404,-813.4
208.5963,11,in,37408,-885.8
208.5998,11,in,37412,-879
208.6036,11,in,37416,-931.2
208.6077,11,in,37420,-918.6
208.6113,11,in,37424,-912.2
208.6153,11,in,37428,-925
208.6189,11,in,37432,-920.6
208.6227,11,in,37436,-879.8
208.6263,11,in,37440,-913
208.63,11,in,37444,-928.8
208.6336,11,in,37448,-901
208.638,11,in,37452,-916.4
208.6416,11,in,37456,-877.2
208.6452,11,in,37460,-846.6
208.649,11,in,37464,-894
208.6529,11,in,37468,-916
208.6568,11,in,37472,-913.8
208.6606,11,in,37476,-861.4
208.6642,11,in,37480,-900.4
208.6679,11,in,37484,-931.6
208.6716,11,in,37488,-865.6
208.6755,11,in,37492,-898.2
208.6791,11,in,37496,-882
208.6826,11,in,37500,-894.6
208.6865,11,in,37504,-912.4
208.6904,11,in,37508,-884.6
208.6948,11,in,37512,-853.2
208.6993,11,in,37516,-828
208.7038,11,in,37520,-843.2
208.7083,11,in,37524,-882.2
208.7127,11,in,37528,-886
208.717,11,in,37532,-962.8
208.7212,11,in,37536,-987.6
208.7255,11,in,37540,-972.6
208.7295,11,in,37544,-1009
208.7335,11,out,37540,-965.4
208.7375,11,out,37536,-977.4
208.7415,11,out,37532,-968.4
208.7456,11,out,37528,-995.4
208.7495,11,out,37524,-965.6
208.7536,11,out,37520,-957.6
208.7579,11,out,37516,-1044
208.7621,11,out,37512,-998
208.7665,11,out,37508,-997.8
208.771,11,out,37504,-1003.8
208.7754,11,out,37500,-952.8
208.7805,11,out,37496,-1054.2
208.7852,11,out,37492,-1016.6
208.7897,11,out,37488,-972.2
208.7942,11,out,37484,-1017.2
208.798,11,out,37480,-986.4
208.8021,11,out,37476,-1046.2
208.8061,11,out,37472,-963.8
208.8106,11,out,37468,-985.2
208.8156,11,out,37464,-971.2
208.8203,11,out,37460,-970
208.8249,11,out,37456,-967.8
208.8296,11,out,37452,-932
208.8342,11,out,37448,-944.2
208.8389,11,out,37444,-1012.8
208.8443,11,out,37440,-1011.8
208.8497,11,out,37436,-1003
208.8548,11,out,37432,-1023.2
208.8596,11,out,37428,-1013
208.8644,11,out,37424,-1027
208.869,11,out,37420,-1099
208.8735,11,out,37416,-1014.6
208.8783,11,out,37412,-1009.2
208.8825,11,out,37408,-1057
208.8876,11,out,37404,-1032.6
208.8927,11,out,37400,-1062.4
208.8971,11,out,37396,-1087.4
208.9014,11,out,37392,-997.8
208.9058,11,out,37388,-980.4
208.91,11,out,37384,-1119.6
208.9144,11,out,37380,-1084.8
208.919,11,out,37376,-984.4
208.9235,11,out,37372,-1054.8
208.9275,11,out,37368,-1051.2
208.932,11,out,37364,-1081
208.9361,11,out,37360,-1060.8
208.9403,11,out,37356,-1024.6
208.9448,11,out,37352,-1028.4
208.949,11,out,37348,-1057.4
208.9532,11,out,37344,-1057.6
208.9575,11,out,37340,-1053.6
208.9622,11,out,37336,-1087.6
208.9664,11,out,37332,-1067.8
208.9708,11,out,37328,-1015.4
208.9756,11,out,37324,-1009.8
208.9802,11,out,37320,-1026.6
208.9842,11,out,37316,-1042.4
208.9888,11,out,37312,-1077.8
208.9928,11,out,37308,-1033.8
208.9971,11,out,37304,-1040.2
209.0013,11,out,37300,-1132.4
209.0055,11,out,37296,-1050.4
209.0098,11,out,37292,-1018.6
209.0137,11,out,37288,-1085.6
209.0176,11,out,37284,-1099.6
209.0218,11,out,37280,-1068
209.026,11,out,37276,-1067.4
209.0307,11,out,37272,-1080.4
209.0347,11,out,37268,-1067
209.0389,11,out,37264,-1112.4
209.0428,11,out,37260,-1098.4
209.0464,11,out,37256,-1082.6
209.0502,11,out,37252,-1101.6
209.0539,11,out,37248,-1096.2
209.0578,11,out,37244,-1118.8
209.0619,11,out,37240,-1127.2
209.0663,11,out,37236,-1143.8
209.07,11,out,37232,-1116.8
209.0737,11,out,37228,-1097.6
209.0778,11,out,37224,-1084.4
209.0819,11,out,37220,-1178.4
209.0865,11,out,37216,-1120.6
209.0902,11,out,37212,-1120.4
209.0941,11,out,37208,-1103.4
209.0978,11,out,37204,-1135.6
209.1017,11,out,37200,-1153.4
209.1061,11,out,37196,-1107.8
209.1103,11,out,37192,-1086.2
209.1144,11,out,37188,-1100
209.1187,11,out,37184,-1105
209.123,11,out,37180,-1117.8
209.1271,11,out,37176,-1114.4
209.1312,11,out,37172,-976.2
209.1349,11,out,37168,-1013
209.1386,11,out,37164,-975
209.1427,11,out,37160,-964
209.1468,11,out,37156,-986.4
209.1514,11,out,37152,-955
209.1561,11,out,37148,-968.6
209.1606,11,out,37144,-976.2
209.1648,11,out,37140,-1041.4
209.1689,11,out,37136,-1091.4
209.1733,11,out,37132,-1130.4
209.1772,11,out,37128,-1112.2
209.1809,11,out,37124,-1117.4
209.1849,11,out,37120,-1156.8
209.1886,11,out,37116,-1123.8
209.1926,11,out,37112,-1142.2
209.1966,11,out,37108,-1085.8
209.2003,11,out,37104,-1122.8
209.204,11,out,37100,-1148.4
209.2082,11,out,37096,-1104.2
209.2124,11,out,37092,-1147.2
209.2165,11,out,37088,-1119.6
209.2202,11,out,37084,-1091
209.224,11,out,37080,-1140.4
209.2278,11,out,37076,-1104.8
209.232,11,out,37072,-1072.2
209.2359,11,out,37068,-1133.2
209.2394,11,out,37064,-1101.4
209.2439,11,out,37060,-1044.8
209.2478,11,out,37056,-1092.2
209.2516,11,out,37052,-1139.2
209.2556,11,out,37048,-1056
209.2592,11,out,37044,-1070
209.2632,11,out,37040,-1137
209.2677,11,out,37036,-1110.8
209.2718,11,out,37032,-1061.4
209.276,11,out,37028,-1048.8
209.2803,11,out,37024,-1101
209.2847,11,out,37020,-1075
209.289,11,out,37016,-1055.6
209.2932,11,out,37012,-1134
209.2975,11,out,37008,-1085.8
209.3018,11,out,37004,-1086.2
209.3061,11,out,37000,-1070
209.3105,11,out,36996,-1118.2
209.3148,11,out,36992,-1156
209.3195,11,out,36988,-1130.6
209.3236,11,out,36984,-1074.8
209.3282,11,out,36980,-1109.8
209.333,11,out,36976,-1082
209.3376,11,out,36972,-1135.2
209.3421,11,out,36968,-1140.4
209.3464,11,out,36964,-1077.6
209.3514,11,out,36960,-1181.8
209.3561,11,out,36956,-1139.2
209.3607,11,out,36952,-1063.4
209.365,11,out,36948,-1086.4
209.3697,11,out,36944,-1149.4
209.3734,11,out2,36894,-1120.2
209.3774,11,out2,36844,-1119.8
209.3812,11,out2,36794,-1153.8
209.3854,11,out2,36744,-1120
209.3904,11,out2,36694,-1106.2
209.3955,11,out2,36644,-1074
209.4003,11,out2,36594,-1119
209.4057,11,out2,36544,-1097
209.4108,11,out2,36494,-1090
209.4155,11,out2,36444,-1080.2
209.4203,11,out2,36394,-1080.6
209.4252,11,out2,36344,-1065.8
209.4293,11,out2,36294,-1112.4
209.4332,11,out2,36244,-1074.6
209.4372,11,out2,36194,-1049.6
209.4425,11,out2,36144,-1056.6
209.4467,11,out2,36094,-1054.4
209.4509,11,out2,36044,-980
209.4552,11,out2,35994,-971
209.4609,11,out2,35944,-1030.4
209.4653,11,out2,35894,-1050.2
209.4697,11,out2,35844,-1054.6
209.4737,11,out2,35794,-1044.6
209.4793,11,out2,35744,-1078
209.4832,11,out2,35694,-1088.2
209.4875,11,out2,35644,-1102.8
209.4921,11,out2,35594,-1110.4
209.4968,11,out2,35544,-1032.4
209.5011,11,out2,35494,-1019.2
209.5055,11,out2,35444,-975
209.5098,11,out2,35394,-916
209.5147,11,out2,35344,-891.2
209.5188,11,out2,35294,-907.2
209.523,11,out2,35244,-793
209.5274,11,out2,35194,-752
209.5325,11,out2,35144,-919.4
209.5376,11,out2,35094,-900.2
209.5429,11,out2,35044,-667.6
209.5477,11,out2,34994,-630.6
209.5523,11,out2,34944,-652.8
209.5574,11,out2,34894,-684.6
209.5623,11,out2,34844,-705.8
209.5685,11,out2,34794,-626.6
209.5731,11,out2,34744,-680
209.5776,11,out2,34694,-566.6
209.5822,11,out2,34644,-624.8
209.5872,11,out2,34594,-569.2
209.5918,11,out2,34544,-633
209.5968,11,out2,34494,-582.6
209.6021,11,out2,34444,-647.2
209.6064,11,out2,34394,-657.4
209.6111,11,out2,34344,-630.4
209.6161,11,out2,34294,-585.6
209.6207,11,out2,34244,-600.6
209.6253,11,out2,34194,-572.2
209.6299,11,out2,34144,-620.2
209.6347,11,out2,34094,-604.6
209.6403,11,out2,34044,-521.6
209.6448,11,out2,33994,-515.4
209.6496,11,out2,33944,-579.8
209.6543,11,out2,33894,-513.2
209.6589,11,out2,33844,-610.6
209.6632,11,out2,33794,-623.8
209.6671,11,out2,33744,-586.8
209.6717,11,out2,33694,-527.8
209.6759,11,out2,33644,-546.2
209.6803,11,out2,33594,-486.4
209.6854,11,out2,33544,-432
209.6898,11,out2,33494,-439.8
209.6938,11,out2,33444,-316
209.6978,11,out2,33394,-343.2
209.702,11,out2,33344,-295.2
209.7061,11,out2,33294,-237.8
209.7107,11,out2,33244,-188
209.7153,11,out2,33194,-170.4
209.72,11,out2,33144,-152.8
209.725,11,out2,33094,-83.6
209.7301,12,in,33094,-241
209.7345,12,in,33098,-93.4
209.74,12,in,33102,-55.8
209.7458,12,in,33106,-130.2
209.7507,12,in,33110,-96
209.7549,12,in,33114,-94
209.7592,12,in,33118,-83
209.7637,12,in,33122,-87.2
209.7677,12,in,33126,-101
209.7721,12,in,33130,-87.6
209.7761,12,in,33134,-142.4
209.7808,12,in,33138,-60.6
209.7847,12,in,33142,-103.2
209.7888,12,in,33146,-104
209.7931,12,in,33150,-46.8
209.7973,12,in,33154,-99.8
209.8024,12,in,33158,-93.6
209.8069,12,in,33162,-86
209.8112,12,in,33166,-35.2
209.8151,12,in,33170,-75.6
209.8192,12,in,33174,-69.8
209.8237,12,in,33178,-39.4
209.8282,12,in,33182,-95.8
209.8327,12,in,33186,-21.4
209.8373,12,in,33190,-86
209.8416,12,in,33194,-117.4
209.8463,12,in,33198,-100.8
209.8511,12,in,33202,-119.8
209.8561,12,in,33206,-78.8
209.861,12,in,33210,-87
209.8657,12,in,33214,-101
209.8711,12,in,33218,-119
209.8757,12,in,33222,-115.6
209.8803,12,in,33226,-79.2
209.8847,12,in,33230,-82.4
209.8897,12,in,33234,-76.8
209.8948,12,in,33238,-91.6
209.8998,12,in,33242,-75.8
209.9044,12,in,33246,-116.4
209.9093,12,in,33250,-91.6
209.9143,12,in,33254,-120.2
209.9189,12,in,33258,-79
209.924,12,in,33262,-101.8
209.929,12,in,33266,-99.4
209.9333,12,in,33270,-19
209.9382,12,in,33274,-87.6
209.9429,12,in,33278,-103.6
209.9478,12,in,33282,-80.6
209.9523,12,in,33286,-115.8
209.9567,12,in,33290,-105
209.9617,12,in,33294,-80
209.9662,12,in,33298,-33.6
209.971,12,in,33302,-87.6
209.9758,12,in,33306,-105.6
209.9801,12,in,33310,-92.2
209.9843,12,in,33314,-115.8
209.9887,12,in,33318,-83.8
209.9931,12,in,33322,-125.6
209.9982,12,in,33326,-116.2
210.0027,12,in,33330,-73.6
210.0077,12,in,33334,-81.8
210.0129,12,in,33338,-79.2
210.0177,12,in,33342,-92.4
210.0227,12,in,33346,-77.2
210.0276,12,in,33350,-58.8
210.0329,12,in,33354,-115.2
210.0378,12,in,33358,-92.4
210.0423,12,in,33362,-136.2
210.0468,12,in,33366,-91
210.0524,12,in,33370,-137.4
210.0575,12,in,33374,-76.4
210.0627,12,in,33378,-116.6
210.0672,12,in,33382,-130.8
210.0723,12,in,33386,-88.2
210.0774,12,in,33390,-102.6
210.0819,12,in,33394,-92.2
210.0873,12,in,33398,-106
210.0923,12,in,33402,-53.6
210.0968,12,in,33406,-59.2
210.1017,12,in,33410,-102.2
210.1071,12,in,33414,-108.2
210.1117,12,in,33418,-117
210.1164,12,in,33422,-96.6
210.1208,12,in,33426,-74.6
210.1257,12,in,33430,-93
210.1305,12,in,33434,-115
210.1358,12,in,33438,-130.8
210.1403,12,in,33442,-157.8
210.145,12,in,33446,-129.8
210.1494,12,in,33450,-121
210.1542,12,in,33454,-111.8
210.1591,12,in,33458,-99
210.164,12,in,33462,-105.8
210.1693,12,in,33466,-91.4
210.1742,12,in,33470,-104.8
210.1792,12,in,33474,-139.4
210.1842,12,in,33478,-146.6
210.1892,12,in,33482,-109.4
210.1944,12,in,33486,-127.6
210.1988,12,in,33490,-135.8
210.2039,12,in,33494,-106.8
210.2089,12,in,33498,-134.4
210.2139,12,in,33502,-90.8
210.2186,12,in,33506,-126.6
210.2229,12,in,33510,-73.8
210.2277,12,in,33514,-44.6
210.2329,12,in,33518,-131
210.2372,12,in,33522,-125.6
210.2412,12,in,33526,-140.4
210.2455,12,in,33530,-73.4
210.2503,12,in,33534,-136.6
210.2547,12,in,33538,-127.6
210.2593,12,in,33542,-62.4
210.264,12,in,33546,-108.6
210.2689,12,in,33550,-164.6
210.2731,12,in,33554,-147.6
210.2777,12,in,33558,-106
210.2822,12,in,33562,-156.4
210.2868,12,in,33566,-179.2
210.2912,12,in,33570,-179.4
210.2955,12,in,33574,-147.2
210.2999,12,in,33578,-173.8
210.304,12,in,33582,-122.8
210.3083,12,in,33586,-185.8
210.3123,12,in,33590,-142.2
210.3163,12,in,33594,-113.8
210.3211,12,in,33598,-123.4
210.3251,12,in,33602,-101.8
210.3293,12,in,33606,-157.4
210.3334,12,in,33610,-174
210.3389,12,in,33614,-133.2
210.3431,12,in,33618,-128.6
210.3478,12,in,33622,-136.6
210.3518,12,in,33626,-136.2
210.3567,12,in,33630,-115
210.3613,12,in,33634,-120.8
210.3654,12,in,33638,-195
210.3699,12,in,33642,-184.6
210.3746,12,in,33646,-157.2
210.3791,12,in,33650,-148
210.3833,12,in,33654,-159.2
210.3877,12,in,33658,-175.8
210.3924,12,in,33662,-141.4
210.3968,12,in,33666,-174.4
210.4014,12,in,33670,-165.6
210.4058,12,in,33674,-104.6
210.4107,12,in,33678,-89.8
210.4153,12,in,33682,-191
210.4194,12,in,33686,-123.6
210.4234,12,in,33690,-134.6
210.4277,12,in,33694,-129
210.4318,12,in,33698,-141
210.4364,12,in,33702,-113
210.4404,12,in,33706,-91.6
210.4456,12,in,33710,-83.2
210.4498,12,in,33714,-90.2
210.4544,12,in,33718,-69.8
210.4586,12,in,33722,-133.8
210.4637,12,in,33726,-53.6
210.4679,12,in,33730,-131.8
210.4721,12,in,33734,-88.8
210.4766,12,in,33738,-131.8
210.4811,12,in,33742,-126.4
210.486,12,in,33746,-142.4
210.4901,12,in,33750,-105
210.4942,12,in,33754,-90.2
210.4999,12,in,33758,-99.2
210.5042,12,in,33762,-113.4
210.5092,12,in,33766,-113
210.5137,12,in,33770,-90.4
210.5182,12,in,33774,-93.6
210.5229,12,in,33778,-100.4
210.5282,12,in,33782,-79.4
210.5328,12,in,33786,-86.2
210.5376,12,in,33790,-76.2
210.5424,12,in,33794,-72.2
210.547,12,in,33798,-92.4
210.5515,12,in,33802,-90.8
210.5561,12,in,33806,-53.4
210.5607,12,in,33810,-78.2
210.5654,12,in,33814,-136.8
210.5696,12,in,33818,-146.8
210.5742,12,in,33822,-44
210.5784,12,in,33826,-66.4
210.5827,12,in,33830,-105.2
210.5878,12,in,33834,-116.4
210.5921,12,in,33838,-90.2
210.5964,12,in,33842,-128.4
210.6009,12,in,33846,-92.4
210.6057,12,in,33850,-99.6
210.6106,12,in,33854,-117.6
210.6146,12,in,33858,-147.6
210.6188,12,in,33862,-60.8
210.6236,12,in,33866,-90
210.6282,12,in,33870,-58.8
210.6322,12,in,33874,-75.6
210.6363,12,in,33878,-65.8
210.6409,12,in,33882,-132.4
210.6448,12,in,33886,-105.6
210.6493,12,in,33890,-164
210.6533,12,in,33894,-176.4
210.6576,12,in,33898,-70.4
210.6619,12,in,33902,-69.8
210.666,12,in,33906,-81.2
210.6706,12,in,33910,-126.8
210.675,12,in,33914,-68
210.679,12,in,33918,-88.2
210.6832,12,in,33922,-58.8
210.6882,12,in,33926,-99.2
210.6932,12,in,33930,-44.8
210.6976,12,in,33934,-117.4
210.7017,12,in,33938,-159
210.7059,12,in,33942,-66
210.7104,12,in,33946,-87
210.7148,12,in,33950,-80
210.7187,12,in,33954,-114.6
210.7229,12,in,33958,-111.2
210.7278,12,in,33962,-65.6
210.7322,12,in,33966,-72.6
210.7368,12,in,33970,-61.4
210.7414,12,in,33974,-92
210.7457,12,in,33978,-108.4
210.7499,12,in,33982,-50.6
210.7542,12,in,33986,-67.8
210.7588,12,in,33990,-120
210.763,12,in,33994,-77.2
210.7681,12,in,33998,-96
210.7731,12,in,34002,-105.6
210.7777,12,in,34006,-70.4
210.7823,12,in,34010,-78
210.787,12,in,34014,-105.6
210.7921,12,in,34018,-110
210.7975,12,in,34022,-84.6
210.8017,12,in,34026,-98.8
210.8058,12,in,34030,-27.8
210.8097,12,in,34034,-51.6
210.8136,12,in,34038,-81
210.8174,12,in,34042,-99.6
210.8214,12,in,34046,-54.4
210.8251,12,in,34050,-64.8
210.8291,12,in,34054,-99.8
210.8329,12,in,34058,-123
210.8378,12,in,34062,-112.2
210.8424,12,in,34066,-78.2
210.8475,12,in,34070,-77
210.8513,12,in,34074,-122.2
210.8558,12,in,34078,-60.6
210.8599,12,in,34082,-98.2
210.8642,12,in,34086,-116.8
210.8682,12,in,34090,-164.8
210.8729,12,in,34094,-92.4
210.8778,12,in,34098,-48.4
210.8824,12,in,34102,-70.4
210.8866,12,in,34106,-107.8
210.8915,12,in,34110,-124.6
210.896,12,in,34114,-82.8
210.9002,12,in,34118,-107.2
210.9045,12,in,34122,-79
210.9099,12,in,34126,-86.6
210.9147,12,in,34130,-76.2
210.9197,12,in,34134,-115
210.9244,12,in,34138,-75
210.9296,12,in,34142,-130.4
210.9342,12,in,34146,-109.4
210.9396,12,in,34150,-84.8
210.9445,12,in,34154,-64.8
210.9492,12,in,34158,-57.2
210.9537,12,in,34162,-136.4
210.959,12,in,34166,-127
210.9641,12,in,34170,-55.2
210.9692,12,in,34174,-100.4
210.9738,12,in,34178,-83.8
210.9793,12,in,34182,-82
210.9838,12,in,34186,-113
210.9886,12,in,34190,-82.6
210.9937,12,in,34194,-61.8
210.9994,12,in,34198,-59.4
211.0039,12,in,34202,-74.2
211.0089,12,in,34206,-90.6
211.0132,12,in,34210,-105.8
211.0178,12,in,34214,-91.2
211.0224,12,in,34218,-98.6
211.0278,12,in,34222,-75.2
211.0331,12,in,34226,-68.6
211.0382,12,in,34230,-74.4
211.0437,12,in,34234,-74.6
211.0484,12,in,34238,-71.4
211.0538,12,in,34242,-114.4
211.0595,12,in,34246,-87.2
211.0644,12,in,34250,-69.8
211.0697,12,in,34254,-99
211.0749,12,in,34258,-60.8
211.0799,12,in,34262,-82.8
211.0849,12,in,34266,-106
211.09,12,in,34270,-59
211.0946,12,in,34274,-99.4
211.099,12,in,34278,-88.6
211.104,12,in,34282,-126.6
211.1089,12,in,34286,-100
211.1137,12,in,34290,-83.8
211.1184,12,in,34294,-155
211.1222,12,in,34298,-57.2
211.1261,12,in,34302,-104.4
211.13,12,in,34306,-84
211.1347,12,in,34310,-137.4
211.1387,12,in,34314,-111.4
211.1432,12,in,34318,-97.2
211.1471,12,in,34322,-89.2
211.1512,12,in,34326,-76.2
211.1553,12,in,34330,-87.8
211.1599,12,in,34334,-76.6
211.1645,12,in,34338,-98.6
211.169,12,in,34342,-120.8
211.1735,12,in,34346,-97.8
211.1782,12,in,34350,-91.6
211.1821,12,in,34354,-97
211.1871,12,in,34358,-78
211.1915,12,in,34362,-58.8
211.196,12,in,34366,-41.6
211.2008,12,in,34370,-124.6
211.2059,12,in,34374,-81.2
211.2104,12,in,34378,-27
211.2154,12,in,34382,-90.2
211.2195,12,in,34386,-140.6
211.2241,12,in,34390,-57.8
211.2285,12,in,34394,-130.8
211.2325,12,in,34398,-107.6
211.2365,12,in,34402,-78.6
211.2408,12,in,34406,-59
211.245,12,in,34410,-70
211.2503,12,in,34414,-87.2
211.2542,12,in,34418,-153.6
211.2583,12,in,34422,-128.4
211.2625,12,in,34426,-82.2
211.2669,12,in,34430,-97.2
211.2714,12,in,34434,-131.8
211.2763,12,in,34438,-118.2
211.2809,12,in,34442,-85.4
211.2858,12,in,34446,-123.8
211.2905,12,in,34450,-100
211.2946,12,in,34454,-148.2
211.2992,12,in,34458,-121.2
211.3042,12,in,34462,-98.4
211.309,12,in,34466,-82.8
211.3136,12,in,34470,-72.4
211.3185,12,in,34474,-131.8
211.3232,12,in,34478,-115.2
211.3283,12,in,34482,-80.6
211.3331,12,in,34486,-96.8
211.3376,12,in,34490,-97.8
211.3425,12,in,34494,-95.8
211.3467,12,in,34498,-160
211.3511,12,in,34502,-138.4
211.3568,12,in,34506,-118.8
211.3616,12,in,34510,-104.2
211.3662,12,in,34514,-111.6
211.3706,12,in,34518,-131.6
211.3753,12,in,34522,-130
211.3794,12,in,34526,-108.4
211.3833,12,in,34530,-167.2
211.388,12,in,34534,-147.6
211.3926,12,in,34538,-103.2
211.3972,12,in,34542,-101.2
211.4014,12,in,34546,-166.4
211.4059,12,in,34550,-106
211.4114,12,in,34554,-101.6
211.4156,12,in,34558,-106.8
211.4201,12,in,34562,-139.4
211.4239,12,in,34566,-113
211.4286,12,in,34570,-94
211.4334,12,in,34574,-87.4
211.4379,12,in,34578,-139
211.4419,12,in,34582,-158.6
211.4474,12,in,34586,-140.8
211.4516,12,in,34590,-106.4
211.456,12,in,34594,-133.4
211.4604,12,in,34598,-129
211.4665,12,in,34602,-121.4
211.4714,12,in,34606,-68.8
211.4765,12,in,34610,-86.6
211.4812,12,in,34614,-102.8
211.4855,12,in,34618,-85.2
211.4906,12,in,34622,-86.8
211.4955,12,in,34626,-86.6
211.5002,12,in,34630,-89.6
211.5052,12,in,34634,-112.6
211.5103,12,in,34638,-112.8
211.5159,12,in,34642,-87.4
211.5206,12,in,34646,-120.2
211.5254,12,in,34650,-120.2
211.5298,12,in,34654,-152.8
211.5351,12,in,34658,-140
211.5401,12,in,34662,-131
211.5453,12,in,34666,-129.8
211.5496,12,in,34670,-103.6
211.5543,12,in,34674,-97.8
211.5593,12,in,34678,-107.2
211.5642,12,in,34682,-101.6
211.5692,12,in,34686,-122
211.5739,12,in,34690,-121.4
211.5788,12,in,34694,-61.2
211.5836,12,in,34698,-78.4
211.5885,12,in,34702,-73
211.5932,12,in,34706,-63.6
211.5974,12,in,34710,-45.8
211.6023,12,in,34714,-106.4
211.6077,12,in,34718,-79.8
211.612,12,in,34722,-114
211.6167,12,in,34726,-139.8
211.6218,12,in,34730,-110.2
211.626,12,in,34734,-121.4
211.6303,12,in,34738,-168.8
211.6347,12,in,34742,-149.4
211.6393,12,in,34746,-123
211.6439,12,in,34750,-119.4
211.648,12,in,34754,-137.4
211.652,12,in,34758,-190.8
211.6561,12,in,34762,-110.4
211.6603,12,in,34766,-124.6
211.6647,12,in,34770,-117
211.6694,12,in,34774,-146.6
211.6733,12,in,34778,-110
211.6781,12,in,34782,-166.4
211.6826,12,in,34786,-120.2
211.6863,12,in,34790,-180
211.6903,12,in,34794,-142.4
211.6944,12,in,34798,-131.6
211.6992,12,in,34802,-110.6
211.703,12,in,34806,-172.4
211.707,12,in,34810,-130.8
211.7111,12,in,34814,-177.2
211.7164,12,in,34818,-173.4
211.7209,12,in,34822,-204
211.7252,12,in,34826,-211.4
211.7295,12,in,34830,-189.6
211.7342,12,in,34834,-175.4
211.7386,12,in,34838,-197.6
211.7429,12,in,34842,-201.4
211.7472,12,in,34846,-187.4
211.7514,12,in,34850,-205.8
211.7554,12,in,34854,-202.4
211.7594,12,in,34858,-150.4
211.7634,12,in,34862,-180.2
211.7678,12,in,34866,-168
211.7726,12,in,34870,-137.2
211.7778,12,in,34874,-150
211.7828,12,in,34878,-180.6
211.7871,12,in,34882,-134
211.7916,12,in,34886,-142.8
211.7965,12,in,34890,-153
211.801,12,in,34894,-150.2
211.8055,12,in,34898,-147.4
211.8097,12,in,34902,-154
211.8148,12,in,34906,-147.4
211.8197,12,in,34910,-132.2
211.824,12,in,34914,-185
211.8291,12,in,34918,-140.2
211.8336,12,in,34922,-174.2
211.8389,12,in,34926,-183.8
211.8437,12,in,34930,-163.6
211.8489,12,in,34934,-142
211.8542,12,in,34938,-151.6
211.8586,12,in,34942,-158.4
211.8622,12,in,34946,-186.8
211.8661,12,in,34950,-203.2
211.8706,12,in,34954,-129
211.8752,12,in,34958,-145
211.8793,12,in,34962,-159.8
211.8834,12,in,34966,-185.6
211.8877,12,in,34970,-135.6
211.8932,12,in,34974,-166.4
211.8979,12,in,34978,-202.8
211.9023,12,in,34982,-182.8
211.9066,12,in,34986,-122.4
211.9123,12,in,34990,-133.6
211.9164,12,in,34994,-112.8
211.9204,12,in,34998,-178.2
211.9247,12,in,35002,-185.8
211.9297,12,in,35006,-162.4
211.9342,12,in,35010,-179
211.9385,12,in,35014,-137
211.9425,12,in,35018,-209.2
211.9476,12,in,35022,-130.2
211.9519,12,in,35026,-202.6
211.9559,12,in,35030,-204.2
211.96,12,in,35034,-174.4
211.9652,12,in,35038,-172.6
211.9701,12,in,35042,-147.6
211.9751,12,in,35046,-172.8
211.9803,12,in,35050,-165.8
211.985,12,in,35054,-182.6
211.9897,12,in,35058,-112.6
211.9949,12,in,35062,-176.8
212.0,12,in,35066,-137.6
212.005,12,in,35070,-145.2
212.0103,12,in,35074,-110.8
212.015,12,in,35078,-149.6
212.0207,12,in,35082,-156.6
212.0256,12,in,35086,-126
212.0305,12,in,35090,-158.8
212.036,12,in,35094,-156.2
212.0406,12,in,35098,-129.8
212.0455,12,in,35102,-167.8
212.0503,12,in,35106,-151.6
212.0563,12,in,35110,-164
212.0614,12,in,35114,-168.4
212.0663,12,in,35118,-180.2
212.0718,12,in,35122,-155.2
212.0764,12,in,35126,-83.6
212.0811,12,in,35130,-159
212.0863,12,in,35134,-167
212.0911,12,in,35138,-175.6
212.0961,12,in,35142,-149.2
212.1012,12,in,35146,-223.4
212.106,12,in,35150,-187
212.111,12,in,35154,-163
212.1162,12,in,35158,-123.8
212.1212,12,in,35162,-140.8
212.1264,12,in,35166,-122.8
212.1309,12,in,35170,-166
212.1362,12,in,35174,-138.8
212.1407,12,in,35178,-199.8
212.1453,12,in,35182,-247.8
212.1501,12,in,35186,-225.6
212.1544,12,in,35190,-230.4
212.159,12,in,35194,-188.4
212.1639,12,in,35198,-218.4
212.1689,12,in,35202,-183.4
212.1737,12,in,35206,-179.8
212.1795,12,in,35210,-205.2
212.1838,12,in,35214,-209.8
212.1885,12,in,35218,-221
212.1935,12,in,35222,-226.6
212.1996,12,in,35226,-202.6
212.204,12,in,35230,-235.4
212.2085,12,in,35234,-211.8
212.2132,12,in,35238,-246.6
212.2182,12,in,35242,-283.8
212.2229,12,in,35246,-289
212.2273,12,in,35250,-244.8
212.2311,12,in,35254,-177.8
212.235,12,in,35258,-203.2
212.2389,12,in,35262,-195.4
212.2428,12,in,35266,-188.2
212.2467,12,in,35270,-193.8
212.2525,12,in,35274,-225.4
212.257,12,in,35278,-166.6
212.2613,12,in,35282,-205.4
212.2653,12,in,35286,-197.6
212.2706,12,in,35290,-170.4
212.2747,12,in,35294,-240.8
212.2785,12,in,35298,-179.2
212.2827,12,in,35302,-250.8
212.2873,12,in,35306,-252.4
212.2925,12,in,35310,-225
212.2969,12,in,35314,-203.4
212.3009,12,in,35318,-240.2
212.3055,12,in,35322,-229.6
212.3098,12,in,35326,-233
212.3138,12,in,35330,-253.8
212.3178,12,in,35334,-306.2
212.3224,12,in,35338,-255.2
212.327,12,in,35342,-236.2
212.3311,12,in,35346,-263
212.335,12,in,35350,-273
212.3405,12,in,35354,-275.8
212.3453,12,in,35358,-243.4
212.3493,12,in,35362,-266
212.3535,12,in,35366,-217.6
212.3577,12,in,35370,-175.6
212.3622,12,in,35374,-215
212.3668,12,in,35378,-183
212.3719,12,in,35382,-265.2
212.3759,12,in,35386,-168.4
212.3798,12,in,35390,-212.8
212.3849,12,in,35394,-220.4
212.3888,12,in,35398,-166.2
212.3927,12,in,35402,-184.4
212.3974,12,in,35406,-190
212.4018,12,in,35410,-210
212.406,12,in,35414,-203.2
212.4104,12,in,35418,-154
212.4147,12,in,35422,-178.4
212.4191,12,in,35426,-212.6
212.4233,12,in,35430,-202.8
212.4273,12,in,35434,-222
212.4321,12,in,35438,-261.6
212.4362,12,in,35442,-264.4
212.4406,12,in,35446,-245.6
212.4446,12,in,35450,-277.2
212.45,12,in,35454,-287
212.4539,12,in,35458,-308.8
212.4581,12,in,35462,-244.8
212.4622,12,in,35466,-242.2
212.4671,12,in,35470,-282.8
212.4715,12,in,35474,-200.2
212.476,12,in,35478,-244.8
212.4809,12,in,35482,-262.4
212.486,12,in,35486,-238.8
212.4901,12,in,35490,-232.6
212.4946,12,in,35494,-213.2
212.4988,12,in,35498,-249.2
212.5036,12,in,35502,-218.2
212.5078,12,in,35506,-215.8
212.5129,12,in,35510,-201
212.5174,12,in,35514,-217.6
212.5221,12,in,35518,-236.8
212.5263,12,in,35522,-250.2
212.5304,12,in,35526,-248.6
212.5347,12,in,35530,-218.2
212.5393,12,in,35534,-260
212.5432,12,in,35538,-194.6
212.5475,12,in,35542,-273.6
212.5515,12,in,35546,-257.6
212.5565,12,in,35550,-219.4
212.5606,12,in,35554,-271.8
212.5647,12,in,35558,-307.8
212.5691,12,in,35562,-362
212.5746,12,in,35566,-365.8
212.5785,12,in,35570,-346.8
212.5827,12,in,35574,-366.8
212.5868,12,in,35578,-346.6
212.5922,12,in,35582,-361.6
212.5963,12,in,35586,-338.4
212.6006,12,in,35590,-298
212.6048,12,in,35594,-322.6
212.6091,12,in,35598,-379.8
212.6141,12,in,35602,-330.2
212.6181,12,in,35606,-309.6
212.6228,12,in,35610,-333.2
212.6277,12,in,35614,-360.6
212.6323,12,in,35618,-315.2
212.6365,12,in,35622,-371.4
212.6406,12,in,35626,-364.4
212.6446,12,in,35630,-325.4
212.649,12,in,35634,-312.4
212.6531,12,in,35638,-291.2
212.657,12,in,35642,-212
212.6611,12,in,35646,-222.8
212.6657,12,in,35650,-266.2
212.6697,12,in,35654,-310.2
212.6737,12,in,35658,-235.6
212.6777,12,in,35662,-214.6
212.6826,12,in,35666,-271.8
212.6871,12,in,35670,-271
212.6912,12,in,35674,-286.4
212.6954,12,in,35678,-305.6
212.6999,12,in,35682,-287.6
212.7039,12,in,35686,-332.6
212.7081,12,in,35690,-365.2
212.7125,12,in,35694,-350.2
212.717,12,in,35698,-365.6
212.721,12,in,35702,-337.8
212.7248,12,in,35706,-267.4
212.7288,12,in,35710,-327.2
212.7332,12,in,35714,-417
212.7374,12,in,35718,-418.6
212.7417,12,in,35722,-364.6
212.7465,12,in,35726,-404.6
212.7512,12,in,35730,-441.2
212.7557,12,in,35734,-463
212.7603,12,in,35738,-476.6
212.7646,12,in,35742,-427
212.7684,12,in,35746,-463.8
212.7724,12,in,35750,-449.2
212.7765,12,in,35754,-460.4
212.7802,12,in,35758,-433.4
212.784,12,in,35762,-439.4
212.7886,12,in,35766,-467.2
212.7931,12,in,35770,-452.6
212.7969,12,in,35774,-443.6
212.8009,12,in,35778,-422.4
212.8052,12,in,35782,-461.4
212.8095,12,in,35786,-456
212.8132,12,in,35790,-427.2
212.8172,12,in,35794,-501.8
212.821,12,in,35798,-430.6
212.825,12,in,35802,-401.6
212.8288,12,in,35806,-436.2
212.8325,12,in,35810,-410
212.8364,12,in,35814,-398.4
212.8414,12,in,35818,-400.8
212.8454,12,in,35822,-452.8
212.8494,12,in,35826,-579.6
212.8541,12,in,35830,-581.8
212.8595,12,in,35834,-536.6
212.8635,12,in,35838,-529.6
212.8677,12,in,35842,-562.4
212.8718,12,in,35846,-494.4
212.8771,12,in,35850,-515.8
212.8811,12,in,35854,-559
212.8856,12,in,35858,-555.4
212.8898,12,in,35862,-348
212.8952,12,in,35866,-370
212.8995,12,in,35870,-358.4
212.9035,12,in,35874,-340.2
212.9075,12,in,35878,-320.4
212.9122,12,in,35882,-316
212.9178,12,in,35886,-381.8
212.9224,12,in,35890,-451.2
212.9266,12,in,35894,-360.4
212.9328,12,in,35898,-436.6
212.9368,12,in,35902,-437.2
212.9408,12,in,35906,-407.8
212.9449,12,in,35910,-433.2
212.9499,12,in,35914,-439.8
212.9539,12,in,35918,-455.4
212.9583,12,in,35922,-446.2
212.9625,12,in,35926,-336.2
212.9675,12,in,35930,-383.4
212.972,12,in,35934,-342.2
212.976,12,in,35938,-321.6
212.9805,12,in,35942,-480.8
212.9859,12,in,35946,-454.8
212.9908,12,in,35950,-460.4
212.9963,12,in,35954,-432.2
213.0007,12,in,35958,-429.4
213.005,12,in,35962,-532.6
213.0097,12,in,35966,-533.2
213.0139,12,in,35970,-545
213.0183,12,in,35974,-556
213.023,12,in,35978,-576.8
213.0285,12,in,35982,-561.8
213.0324,12,in,35986,-565.6
213.0373,12,in,35990,-544
213.0423,12,in,35994,-572.6
213.0464,12,in,35998,-561.6
213.0505,12,in,36002,-539.4
213.0553,12,in,36006,-584
213.0598,12,in,36010,-560
213.0641,12,in,36014,-563.4
213.0683,12,in,36018,-546
213.0737,12,in,36022,-454.8
213.0781,12,in,36026,-439.2
213.0826,12,in,36030,-478.4
213.0869,12,in,36034,-442.8
213.0922,12,in,36038,-500.8
213.0961,12,in,36042,-469.2
213.1002,12,in,36046,-504.2
213.1045,12,in,36050,-510.2
213.109,12,in,36054,-452.8
213.1134,12,in,36058,-483.2
213.1178,12,in,36062,-482.8
213.1227,12,in,36066,-487
213.1278,12,in,36070,-392
213.1317,12,in,36074,-428.2
213.1365,12,in,36078,-432.4
213.1408,12,in,36082,-505.6
213.1452,12,in,36086,-483
213.149,12,in,36090,-589.8
213.1529,12,in,36094,-513.2
213.1569,12,in,36098,-515
213.161,12,in,36102,-529.8
213.1654,12,in,36106,-508.4
213.1696,12,in,36110,-566.6
213.1738,12,in,36114,-491.2
213.1781,12,in,36118,-532.2
213.1828,12,in,36122,-519.2
213.187,12,in,36126,-499.4
213.1912,12,in,36130,-499.8
213.1952,12,in,36134,-519.4
213.1997,12,in,36138,-475.8
213.2037,12,in,36142,-522.6
213.2081,12,in,36146,-475.6
213.2123,12,in,36150,-418.4
213.2174,12,in,36154,-443
213.2221,12,in,36158,-576.4
213.2262,12,in,36162,-546.4
213.231,12,in,36166,-603.2
213.2357,12,in,36170,-554.8
213.2401,12,in,36174,-512.8
213.2441,12,in,36178,-515.8
213.2495,12,in,36182,-442.8
213.2541,12,in,36186,-458.4
213.2583,12,in,36190,-397.6
213.2625,12,in,36194,-518
213.2664,12,in,36198,-548.8
213.2711,12,in,36202,-466.8
213.2754,12,in,36206,-350.8
213.2798,12,in,36210,-434.8
213.2837,12,in,36214,-457.8
213.2877,12,in,36218,-394.8
213.2922,12,in,36222,-398.4
213.2963,12,in,36226,-467.4
213.3004,12,in,36230,-484.8
213.3044,12,in,36234,-429
213.3093,12,in,36238,-450.8
213.3132,12,in,36242,-484.2
213.3178,12,in,36246,-483.6
213.3231,12,in,36250,-504.6
213.3273,12,in,36254,-502.4
213.3313,12,in,36258,-511.6
213.3356,12,in,36262,-517.2
213.3399,12,in,36266,-481.6
213.3452,12,in,36270,-505.4
213.3496,12,in,36274,-551.6
213.3543,12,in,36278,-554.2
213.3582,12,in,36282,-462
213.3633,12,in,36286,-409.2
213.3676,12,in,36290,-394.2
213.3721,12,in,36294,-420.4
213.3758,12,in,36298,-581.6
213.3807,12,in,36302,-559.6
213.3849,12,in,36306,-493
213.3895,12,in,36310,-561.4
213.3935,12,in,36314,-609.4
213.3987,12,in,36318,-694.8
213.403,12,in,36322,-743.8
213.4078,12,in,36326,-461.2
213.412,12,in,36330,-476.8
213.4171,12,in,36334,-469.4
213.4212,12,in,36338,-466.6
213.4255,12,in,36342,-523.4
213.4299,12,in,36346,-600.4
213.435,12,in,36350,-638.8
213.4391,12,in,36354,-633.8
213.4431,12,in,36358,-574.4
213.4477,12,in,36362,-585.6
213.4527,12,in,36366,-560.8
213.4569,12,in,36370,-597.8
213.4615,12,in,36374,-543
213.4657,12,in,36378,-603.4
213.4707,12,in,36382,-566.2
213.4746,12,in,36386,-611.8
213.4789,12,in,36390,-623.8
213.4833,12,in,36394,-616.4
213.4883,12,in,36398,-652.2
213.4925,12,in,36402,-675.8
213.4965,12,in,36406,-672
213.5005,12,in,36410,-689.6
213.5057,12,in,36414,-640.2
213.5101,12,in,36418,-617.4
213.5144,12,in,36422,-578.6
213.5184,12,in,36426,-601.8
213.5238,12,in,36430,-575.6
213.5281,12,in,36434,-599
213.5321,12,in,36438,-551.2
213.5362,12,in,36442,-608.4
213.5419,12,in,36446,-557.8
213.5457,12,in,36450,-537.4
213.5498,12,in,36454,-635.8
213.5539,12,in,36458,-661.8
213.5591,12,in,36462,-649
213.5632,12,in,36466,-637.4
213.5672,12,in,36470,-654.6
213.5712,12,in,36474,-623.4
213.5766,12,in,36478,-584.2
213.5804,12,in,36482,-618.2
213.5843,12,in,36486,-614
213.5886,12,in,36490,-515.6
213.5925,12,in,36494,-597.4
213.5968,12,in,36498,-572.2
213.6008,12,in,36502,-576.8
213.6059,12,in,36506,-538
213.6099,12,in,36510,-543
213.6143,12,in,36514,-542.2
213.6182,12,in,36518,-501.8
213.6223,12,in,36522,-464.8
213.6269,12,in,36526,-530
213.6329,12,in,36530,-526.8
213.6368,12,in,36534,-503.4
213.6408,12,in,36538,-578.8
213.6449,12,in,36542,-553.6
213.6501,12,in,36546,-563.2
213.654,12,in,36550,-563.6
213.658,12,in,36554,-511
213.662,12,in,36558,-519
213.6672,12,in,36562,-501.6
213.6713,12,in,36566,-528
213.6756,12,in,36570,-523.6
213.6796,12,in,36574,-526.4
213.6843,12,in,36578,-516.8
213.6885,12,in,36582,-496.8
213.6926,12,in,36586,-496.6
213.6965,12,in,36590,-485.4
213.7002,12,in,36594,-507.2
213.7039,12,in,36598,-572.2
213.7079,12,in,36602,-573.2
213.7116,12,in,36606,-619
213.716,12,in,36610,-590.2
213.7205,12,in,36614,-503.4
213.7241,12,in,36618,-600.4
213.728,12,in,36622,-513.6
213.7316,12,in,36626,-570
213.7352,12,in,36630,-597.4
213.7392,12,in,36634,-641.8
213.7437,12,in,36638,-547
213.7478,12,in,36642,-594.4
213.7525,12,in,36646,-566
213.7568,12,in,36650,-599.8
213.761,12,in,36654,-652.4
213.7651,12,in,36658,-679.2
213.7689,12,in,36662,-573.4
213.7727,12,in,36666,-525.6
213.7769,12,in,36670,-572.2
213.7806,12,in,36674,-560.8
213.7844,12,in,36678,-527
213.7887,12,in,36682,-582.6
213.7936,12,in,36686,-584.6
213.7984,12,in,36690,-642.4
213.8029,12,in,36694,-670.2
213.8072,12,in,36698,-615.4
213.8111,12,in,36702,-593.4
213.8146,12,in,36706,-633.2
213.8184,12,in,36710,-630.2
213.8229,12,in,36714,-604.6
213.8267,12,in,36718,-583.4
213.8308,12,in,36722,-607
213.835,12,in,36726,-625
213.8388,12,in,36730,-564.4
213.8426,12,in,36734,-581.4
213.8477,12,in,36738,-556.6
213.8521,12,in,36742,-598.2
213.8563,12,in,36746,-593.6
213.8603,12,in,36750,-568.8
213.8655,12,in,36754,-619
213.8694,12,in,36758,-628.6
213.8734,12,in,36762,-587.4
213.8775,12,in,36766,-573.2
213.8824,12,in,36770,-587.4
213.8869,12,in,36774,-652.2
213.8915,12,in,36778,-615
213.896,12,in,36782,-610
213.9016,12,in,36786,-602.4
213.9055,12,in,36790,-620.6
213.9098,12,in,36794,-653.4
213.9138,12,in,36798,-616.6
213.9191,12,in,36802,-616
213.9231,12,in,36806,-569
213.9278,12,in,36810,-640.2
213.9327,12,in,36814,-635.2
213.9377,12,in,36818,-623.8
213.9416,12,in,36822,-592.6
213.9461,12,in,36826,-583.6
213.9503,12,in,36830,-616.6
213.9557,12,in,36834,-625.4
213.9598,12,in,36838,-528.2
213.9644,12,in,36842,-640.8
213.9689,12,in,36846,-653.4
213.9744,12,in,36850,-620.2
213.9784,12,in,36854,-594.2
213.9827,12,in,36858,-595
213.9873,12,in,36862,-659
213.993,12,in,36866,-695.6
213.9975,12,in,36870,-625
214.0018,12,in,36874,-726.8
214.0063,12,in,36878,-663.8
214.0115,12,in,36882,-606.4
214.0159,12,in,36886,-651
214.0201,12,in,36890,-657.2
214.0243,12,in,36894,-662.4
214.0292,12,in,36898,-665.6
214.0336,12,in,36902,-638.6
214.0383,12,in,36906,-681.4
214.0424,12,in,36910,-614.6
214.0474,12,in,36914,-654.4
214.0514,12,in,36918,-652.2
214.0561,12,in,36922,-694.2
214.06,12,in,36926,-633.2
214.0646,12,in,36930,-739.8
214.0686,12,in,36934,-733.6
214.0731,12,in,36938,-697.2
214.0774,12,in,36942,-663
214.0824,12,in,36946,-673.4
214.0866,12,in,36950,-713.4
214.0906,12,in,36954,-687.4
214.0948,12,in,36958,-717.6
214.0996,12,in,36962,-677.8
214.104,12,in,36966,-681.4
214.1086,12,in,36970,-644
214.1127,12,in,36974,-599.4
214.1176,12,in,36978,-720.8
214.1217,12,in,36982,-686.8
214.1256,12,in,36986,-737.4
214.1304,12,in,36990,-689.6
214.1352,12,in,36994,-685.8
214.1396,12,in,36998,-716.4
214.1442,12,in,37002,-602.6
214.1482,12,in,37006,-625.4
214.1523,12,in,37010,-624.2
214.1568,12,in,37014,-575.2
214.1607,12,in,37018,-586.2
214.1648,12,in,37022,-668
214.1701,12,in,37026,-641.2
214.1741,12,in,37030,-673.2
214.1782,12,in,37034,-638.8
214.1827,12,in,37038,-621.4
214.1877,12,in,37042,-567.4
214.1916,12,in,37046,-530.6
214.1984,12,in,37050,-612.4
214.2022,12,in,37054,-675.4
214.2062,12,in,37058,-610
214.2108,12,in,37062,-679
214.2153,12,in,37066,-634.2
214.2203,12,in,37070,-666.4
214.2246,12,in,37074,-617.6
214.2291,12,in,37078,-553.8
214.2335,12,in,37082,-660.8
214.2377,12,in,37086,-651.8
214.2414,12,in,37090,-636
214.2452,12,in,37094,-600.2
214.2491,12,in,37098,-642
214.253,12,in,37102,-623.8
214.2581,12,in,37106,-647.4
214.262,12,in,37110,-627.2
214.2658,12,in,37114,-608.2
214.2701,12,in,37118,-658.2
214.2757,12,in,37122,-664.2
214.2801,12,in,37126,-582
214.284,12,in,37130,-617.6
214.2887,12,in,37134,-549.6
214.293,12,in,37138,-559.6
214.2978,12,in,37142,-703.2
214.3018,12,in,37146,-701.2
214.3065,12,in,37150,-721
214.3112,12,in,37154,-747.4
214.3159,12,in,37158,-639.6
214.3206,12,in,37162,-589
214.3246,12,in,37166,-577
214.3293,12,in,37170,-620.8
214.3335,12,in,37174,-645.4
214.3381,12,in,37178,-652.8
214.3422,12,in,37182,-630.8
214.3463,12,in,37186,-598.8
214.3509,12,in,37190,-562.8
214.3555,12,in,37194,-552.8
214.3598,12,in,37198,-546.2
214.3654,12,in,37202,-616.4
214.37,12,in,37206,-620
214.3744,12,in,37210,-560.8
214.3787,12,in,37214,-565
214.3833,12,in,37218,-649
214.3877,12,in,37222,-649.2
214.3921,12,in,37226,-644.6
214.3965,12,in,37230,-591
214.4021,12,in,37234,-642.8
214.4068,12,in,37238,-705.2
214.4113,12,in,37242,-698
214.4158,12,in,37246,-650
214.4207,12,in,37250,-687.6
214.4248,12,in,37254,-649.4
214.4292,12,in,37258,-647.4
214.4343,12,in,37262,-638.6
214.4394,12,in,37266,-612.8
214.4434,12,in,37270,-604
214.4474,12,in,37274,-676.8
214.4514,12,in,37278,-736.4
214.456,12,in,37282,-675.4
214.4608,12,in,37286,-711.4
214.4649,12,in,37290,-764.2
214.4689,12,in,37294,-772.6
214.4728,12,in,37298,-616.8
214.4773,12,in,37302,-654.2
214.4812,12,in,37306,-634.2
214.4856,12,in,37310,-636
214.4897,12,in,37314,-590.6
214.4948,12,in,37318,-608.4
214.4987,12,in,37322,-694
214.5026,12,in,37326,-659
214.5068,12,in,37330,-622.8
214.5118,12,in,37334,-648.4
214.5158,12,in,37338,-608.6
214.5198,12,in,37342,-669.2
214.5248,12,in,37346,-678
214.5299,12,in,37350,-635.2
214.5337,12,in,37354,-657
214.5386,12,in,37358,-621
214.5426,12,in,37362,-669.4
214.5479,12,in,37366,-680.2
214.552,12,in,37370,-705.8
214.5565,12,in,37374,-636.2
214.5605,12,in,37378,-644.2
214.5659,12,in,37382,-619.2
214.57,12,in,37386,-669.6
214.5741,12,in,37390,-651.2
214.5783,12,in,37394,-634.4
214.5833,12,in,37398,-737.8
214.5878,12,in,37402,-681
214.5918,12,in,37406,-669.8
214.5962,12,in,37410,-753.4
214.6004,12,in,37414,-690.8
214.6046,12,in,37418,-657.2
214.6085,12,in,37422,-691.4
214.613,12,in,37426,-670
214.6171,12,in,37430,-722.4
214.621,12,in,37434,-725.8
214.625,12,in,37438,-633.2
214.629,12,in,37442,-669.6
214.634,12,in,37446,-664.4
214.6392,12,in,37450,-676.4
214.6437,12,in,37454,-696.6
214.6486,12,in,37458,-683
214.653,12,in,37462,-683.4
214.6573,12,in,37466,-635
214.6615,12,in,37470,-624.8
214.6661,12,in,37474,-618.2
214.6711,12,in,37478,-642.2
214.6755,12,in,37482,-680.6
214.6804,12,in,37486,-634.8
214.6851,12,in,37490,-716.2
214.6895,12,in,37494,-718.6
214.6937,12,in,37498,-723.6
214.6977,12,in,37502,-707.6
214.7015,12,in,37506,-739
214.7052,12,in,37510,-727
214.709,12,in,37514,-764.8
214.7127,12,in,37518,-744
214.7164,12,in,37522,-697.2
214.7201,12,in,37526,-748.4
214.7257,12,in,37530,-740
214.7297,12,in,37534,-661.6
214.7333,12,in,37538,-683
214.7369,12,in,37542,-682.6
214.7414,12,in,37546,-734.2
214.7457,12,in,37550,-711
214.7499,12,in,37554,-703.6
214.7541,12,in,37558,-719.4
214.7584,12,in,37562,-735.6
214.7627,12,in,37566,-689.6
214.7664,12,in,37570,-728.4
214.7705,12,in,37574,-708.8
214.7742,12,in,37578,-761.4
214.7788,12,in,37582,-742.8
214.7828,12,in,37586,-746.6
214.7869,12,in,37590,-713.2
214.7908,12,in,37594,-790.6
214.7962,12,in,37598,-737.2
214.8013,12,in,37602,-726.8
214.8052,12,in,37606,-733.4
214.8094,12,in,37610,-803.2
214.8143,12,in,37614,-796.2
214.818,12,in,37618,-825.2
214.8216,12,in,37622,-787
214.8251,12,in,37626,-798.4
214.8293,12,in,37630,-799
214.8331,12,in,37634,-810
214.8369,12,in,37638,-850.6
214.8415,12,in,37642,-789.6
214.8454,12,in,37646,-861.6
214.8498,12,in,37650,-866
214.8541,12,in,37654,-864.2
214.8584,12,in,37658,-807.6
214.8624,12,in,37662,-792.4
214.8676,12,in,37666,-821
214.8716,12,in,37670,-825.8
214.8758,12,in,37674,-791.2
214.8804,12,in,37678,-767.6
214.8852,12,in,37682,-837.2
214.8894,12,in,37686,-807
214.8937,12,in,37690,-732.2
214.8983,12,in,37694,-778
214.9036,12,in,37698,-795.2
214.9076,12,in,37702,-788.4
214.9119,12,in,37706,-740.4
214.9165,12,in,37710,-787
214.9221,12,in,37714,-808.2
214.9262,12,in,37718,-804
214.9308,12,in,37722,-785
214.935,12,in,37726,-855.8
214.9405,12,in,37730,-791.8
214.9453,12,in,37734,-786.8
214.9491,12,in,37738,-876
214.9537,12,in,37742,-897.4
214.9583,12,in,37746,-816.8
214.9631,12,in,37750,-867.2
214.9671,12,in,37754,-935.2
214.9717,12,in,37758,-840.6
214.9777,12,in,37762,-891.6
214.982,12,in,37766,-877.2
214.986,12,in,37770,-939.2
214.9907,12,in,37774,-941.8
214.9951,12,in,37778,-909.2
214.9995,12,in,37782,-984.4
215.0036,12,in,37786,-959.4
215.0084,12,in,37790,-884.6
215.0132,12,in,37794,-851.2
215.0176,12,in,37798,-835.8
215.0216,12,in,37802,-923.4
215.0256,12,in,37806,-917
215.0308,12,in,37810,-956.8
215.0349,12,in,37814,-1003.8
215.0394,12,out,37810,-1003.2
215.0435,12,out,37806,-1042
215.0482,12,out,37802,-995.8
215.0526,12,out,37798,-1037.2
215.0567,12,out,37794,-1024.8
215.0606,12,out,37790,-961
215.0657,12,out,37786,-1024
215.0704,12,out,37782,-1128.2
215.0743,12,out,37778,-1061.8
215.0781,12,out,37774,-1083.4
215.0833,12,out,37770,-1125.4
215.0877,12,out,37766,-1006.4
215.0916,12,out,37762,-1006.8
215.0957,12,out,37758,-1052
215.1001,12,out,37754,-968
215.1043,12,out,37750,-998
215.1085,12,out,37746,-1040.4
215.1136,12,out,37742,-1054.4
215.1181,12,out,37738,-1044.4
215.1224,12,out,37734,-1107.8
215.1265,12,out,37730,-1041.4
215.1304,12,out,37726,-1058.8
215.1345,12,out,37722,-995.2
215.1402,12,out,37718,-1042.2
215.1445,12,out,37714,-1054.2
215.1488,12,out,37710,-1100
215.1528,12,out,37706,-1031
215.1574,12,out,37702,-1080.2
215.1619,12,out,37698,-1022.4
215.1661,12,out,37694,-1113.6
215.1699,12,out,37690,-1127.4
215.1751,12,out,37686,-1056.6
215.1795,12,out,37682,-1061.6
215.1838,12,out,37678,-1116.4
215.188,12,out,37674,-1124.8
215.1932,12,out,37670,-1105.2
215.1972,12,out,37666,-1124.2
215.2012,12,out,37662,-1115.2
215.2058,12,out,37658,-1209.6
215.2117,12,out,37654,-1191.6
215.2162,12,out,37650,-1128.2
215.2203,12,out,37646,-1124.6
215.2245,12,out,37642,-1172.8
215.2299,12,out,37638,-1178.8
215.2341,12,out,37634,-1213
215.2394,12,out,37630,-1192.6
215.2446,12,out,37626,-1179.6
215.2493,12,out,37622,-1176.6
215.2531,12,out,37618,-1210.4
215.2572,12,out,37614,-1230.8
215.2616,12,out,37610,-1136.4
215.2667,12,out,37606,-1172.8
215.2707,12,out,37602,-1214.2
215.275,12,out,37598,-1125.6
215.2793,12,out,37594,-1161.6
215.2838,12,out,37590,-1200.8
215.2882,12,out,37586,-1163.4
215.2928,12,out,37582,-1155.6
215.2973,12,out,37578,-1155.4
215.3022,12,out,37574,-1205.8
215.3063,12,out,37570,-1125.2
215.3102,12,out,37566,-1189.2
215.3148,12,out,37562,-1238.8
215.3193,12,out,37558,-1208.8
215.3233,12,out,37554,-1147
215.3276,12,out,37550,-1182.4
215.3339,12,out,37546,-1188.8
215.3379,12,out,37542,-1234.2
215.3418,12,out,37538,-1186.8
215.3458,12,out,37534,-1097.2
215.3505,12,out,37530,-1126.6
215.3549,12,out,37526,-1171.8
215.3591,12,out,37522,-1165.4
215.3637,12,out,37518,-1181.6
215.369,12,out,37514,-1224.8
215.3742,12,out,37510,-1113.6
215.3789,12,out,37506,-1147
215.3836,12,out,37502,-1188.6
215.3883,12,out,37498,-1100.6
215.3933,12,out,37494,-1134
215.3981,12,out,37490,-1104.8
215.4033,12,out,37486,-1176.6
215.409,12,out,37482,-1157.4
215.4144,12,out,37478,-1177.6
215.4192,12,out,37474,-1190
215.4238,12,out,37470,-1207.8
215.4291,12,out,37466,-1144
215.4337,12,out,37462,-1261
215.4387,12,out,37458,-1179.2
215.4436,12,out,37454,-1161
215.4488,12,out,37450,-1144.2
215.4539,12,out,37446,-1179.4
215.4583,12,out,37442,-1134.6
215.463,12,out,37438,-1100.6
215.4676,12,out,37434,-1171.4
215.4725,12,out,37430,-1144
215.4773,12,out,37426,-1211.8
215.4821,12,out,37422,-1176.6
215.4867,12,out,37418,-1184.4
215.4915,12,out,37414,-1124.2
215.4965,12,out,37410,-1157.8
215.5011,12,out,37406,-1158.2
215.5067,12,out,37402,-1123.8
215.5116,12,out,37398,-1181.4
215.5164,12,out,37394,-1159.4
215.5214,12,out,37390,-1143
215.5263,12,out,37386,-1159.2
215.5307,12,out,37382,-1190.6
215.5357,12,out,37378,-1193.8
215.5405,12,out,37374,-1159.8
215.5447,12,out,37370,-1130.2
215.5494,12,out,37366,-1200.2
215.5542,12,out,37362,-1220.8
215.5589,12,out,37358,-1174.4
215.5632,12,out,37354,-1205.8
215.5672,12,out,37350,-1168.2
215.572,12,out,37346,-1171
215.5772,12,out,37342,-1178.4
215.5818,12,out,37338,-1177.8
215.5868,12,out,37334,-1191.2
215.5917,12,out,37330,-1164
215.5964,12,out,37326,-1184
215.6016,12,out,37322,-1191.4
215.606,12,out,37318,-1154.4
215.6108,12,out,37314,-1137.8
215.6163,12,out,37310,-1237.8
215.6208,12,out,37306,-1178.8
215.6254,12,out,37302,-1184.6
215.6298,12,out,37298,-1157.8
215.6346,12,out,37294,-1161.2
215.6388,12,out,37290,-1205
215.6432,12,out,37286,-1182.2
215.6476,12,out,37282,-1168.2
215.6516,12,out,37278,-1156
215.6557,12,out,37274,-1108
215.6607,12,out,37270,-1108.8
215.6648,12,out,37266,-1172.6
215.6689,12,out,37262,-1097.2
215.673,12,out,37258,-1171
215.678,12,out,37254,-1136.4
215.6819,12,out,37250,-1188.2
215.6863,12,out,37246,-1179.6
215.6908,12,out,37242,-1201.6
215.6962,12,out,37238,-1165.4
215.7,12,out,37234,-1161.2
215.7037,12,out,37230,-1170.2
215.7072,12,out,37226,-1142.8
215.7112,12,out,37222,-1092.6
215.7152,12,out,37218,-1175.8
215.7194,12,out,37214,-1194.4
215.7241,12,out2,37164,-1091
215.729,12,out2,37114,-1109.8
215.7337,12,out2,37064,-1154.4
215.7384,12,out2,37014,-1073.8
215.7432,12,out2,36964,-1098.8
215.7487,12,out2,36914,-1089.8
215.7532,12,out2,36864,-1107.8
215.7569,12,out2,36814,-1074.6
215.7605,12,out2,36764,-1108.4
215.7644,12,out2,36714,-1128.6
215.7684,12,out2,36664,-1105.6
215.7725,12,out2,36614,-1050.6
215.7767,12,out2,36564,-1038.2
215.781,12,out2,36514,-1031.2
215.7852,12,out2,36464,-1025.6
215.7894,12,out2,36414,-1052.2
215.7942,12,out2,36364,-1023.2
215.7991,12,out2,36314,-967.6
215.8033,12,out2,36264,-1018
215.8071,12,out2,36214,-962.6
215.8106,12,out2,36164,-938.4
215.8144,12,out2,36114,-978.4
215.8189,12,out2,36064,-1087.6
215.8228,12,out2,36014,-1061.8
215.8274,12,out2,35964,-961
215.8317,12,out2,35914,-982.8
215.8365,12,out2,35864,-1061.2
215.8414,12,out2,35814,-995.4
215.8463,12,out2,35764,-975.2
215.8513,12,out2,35714,-932
215.8567,12,out2,35664,-981.8
215.8614,12,out2,35614,-838.8
215.8661,12,out2,35564,-889.8
215.8719,12,out2,35514,-845
215.8768,12,out2,35464,-770.4
215.882,12,out2,35414,-764.2
215.8863,12,out2,35364,-735.6
215.8907,12,out2,35314,-723.8
215.8953,12,out2,35264,-707.6
215.9004,12,out2,35214,-774
215.9056,12,out2,35164,-737.8
215.9101,12,out2,35114,-702.2
215.9147,12,out2,35064,-753.4
215.919,12,out2,35014,-727.8
215.9251,12,out2,34964,-674.6
215.9299,12,out2,34914,-683.6
215.9348,12,out2,34864,-646.2
215.94,12,out2,34814,-607
215.9443,12,out2,34764,-605
215.9491,12,out2,34714,-640
215.9538,12,out2,34664,-716.2
215.9583,12,out2,34614,-595.4
215.9634,12,out2,34564,-586.8
215.9684,12,out2,34514,-660.4
215.973,12,out2,34464,-552.2
215.9783,12,out2,34414,-563.6
215.983,12,out2,34364,-580.8
215.9878,12,out2,34314,-613
215.9926,12,out2,34264,-528.6
215.997,12,out2,34214,-516.6
216.0019,12,out2,34164,-524.2
216.0071,12,out2,34114,-501.6
216.0118,12,out2,34064,-542
216.0163,12,out2,34014,-482.6
216.0215,12,out2,33964,-540
216.0259,12,out2,33914,-514
216.032,12,out2,33864,-546
216.0364,12,out2,33814,-456
216.0409,12,out2,33764,-323.4
216.046,12,out2,33714,-342.2
216.0511,12,out2,33664,-343.6
216.0559,12,out2,33614,-319.4
216.0608,12,out2,33564,-308.2
216.065,12,out2,33514,-300.2
216.0702,12,out2,33464,-212
216.0758,12,out2,33414,-150.2
216.0811,12,out2,33364,-160.4
216.0867,12,out2,33314,-129
216.0922,13,in,33314,-59.2
216.0976,13,in,33318,-88.2
216.1029,13,in,33322,-44.2
216.1081,13,in,33326,-99.2
216.113,13,in,33330,-84.4
216.1184,13,in,33334,-71.4
216.1235,13,in,33338,-64.6
216.128,13,in,33342,-77
216.1327,13,in,33346,-75.4
216.1373,13,in,33350,-117
216.1415,13,in,33354,-69
216.1453,13,in,33358,-64.4
216.1499,13,in,33362,-73
216.1549,13,in,33366,-60.8
216.1597,13,in,33370,-80.2
216.1645,13,in,33374,-70.6
216.1696,13,in,33378,-116.6
216.1747,13,in,33382,-99
216.1793,13,in,33386,-99.8
216.184,13,in,33390,-142.6
216.1885,13,in,33394,-144.4
216.1935,13,in,33398,-131.6
216.1987,13,in,33402,-118.2
216.2033,13,in,33406,-151.4
216.2077,13,in,33410,-119.4
216.2124,13,in,33414,-96.2
216.2171,13,in,33418,-106.8
216.2219,13,in,33422,-112.2
216.2266,13,in,33426,-100.6
216.2314,13,in,33430,-115.6
216.2361,13,in,33434,-113.2
216.2404,13,in,33438,-78.6
216.2448,13,in,33442,-111.6
216.2494,13,in,33446,-127.8
216.2542,13,in,33450,-82.8
216.2596,13,in,33454,-79.4
216.2645,13,in,33458,-98
216.2691,13,in,33462,-92.6
216.2742,13,in,33466,-92.8
216.2798,13,in,33470,-67.8
216.2847,13,in,33474,-70.2
216.2894,13,in,33478,-94
216.2938,13,in,33482,-45.2
216.2986,13,in,33486,-56.6
216.3036,13,in,33490,-83.6
216.3084,13,in,33494,-66.4
216.3133,13,in,33498,-77.4
216.3187,13,in,33502,-92
216.3231,13,in,33506,-129.2
216.3276,13,in,33510,-69
216.3326,13,in,33514,-90.6
216.3368,13,in,33518,-117.2
216.3407,13,in,33522,-108
216.3453,13,in,33526,-35.6
216.3495,13,in,33530,-114
216.3549,13,in,33534,-75.6
216.359,13,in,33538,-99.2
216.3632,13,in,33542,-112.6
216.3674,13,in,33546,-115.8
216.373,13,in,33550,-76.6
216.3773,13,in,33554,-95.6
216.3816,13,in,33558,-89.8
216.3857,13,in,33562,-91.8
216.3899,13,in,33566,-73.4
216.3943,13,in,33570,-60
216.3987,13,in,33574,-116.6
216.403,13,in,33578,-106.2
216.4077,13,in,33582,-87.8
216.412,13,in,33586,-126.6
216.4159,13,in,33590,-70.4
216.4203,13,in,33594,-132.8
216.4248,13,in,33598,-89
216.429,13,in,33602,-60.6
216.4336,13,in,33606,-74.4
216.4377,13,in,33610,-100
216.4422,13,in,33614,-75.6
216.4469,13,in,33618,-93
216.4517,13,in,33622,-118.2
216.456,13,in,33626,-92.8
216.4607,13,in,33630,-50.4
216.4655,13,in,33634,-77.8
216.4699,13,in,33638,-98.6
216.474,13,in,33642,-48.2
216.4788,13,in,33646,-83.6
216.4829,13,in,33650,-130.4
216.4871,13,in,33654,-84.8
216.4914,13,in,33658,-46.4
216.4956,13,in,33662,-106.4
216.4998,13,in,33666,-118.8
216.5039,13,in,33670,-86.8
216.5081,13,in,33674,-85.4
216.5124,13,in,33678,-70
216.5165,13,in,33682,-125.4
216.5209,13,in,33686,-118.2
216.5253,13,in,33690,-52.2
216.5293,13,in,33694,-103.4
216.5335,13,in,33698,-182.2
216.5374,13,in,33702,-205.4
216.5414,13,in,33706,-116.4
216.5457,13,in,33710,-149.4
216.55,13,in,33714,-97.4
216.5542,13,in,33718,-144.4
216.5584,13,in,33722,-78
216.5624,13,in,33726,-89.8
216.5667,13,in,33730,-93.2
216.5708,13,in,33734,-158
216.5751,13,in,33738,-46.8
216.5794,13,in,33742,-80.2
216.5838,13,in,33746,-143
216.5879,13,in,33750,-139.8
216.5922,13,in,33754,-65.4
216.5964,13,in,33758,-94.2
216.6009,13,in,33762,-105
216.605,13,in,33766,-138.8
216.6092,13,in,33770,-141
216.6132,13,in,33774,-140
216.6174,13,in,33778,-98.6
216.622,13,in,33782,-161.6
216.6267,13,in,33786,-136.8
216.6312,13,in,33790,-85.6
216.6358,13,in,33794,-141.4
216.6403,13,in,33798,-123.8
216.6448,13,in,33802,-108.8
216.6487,13,in,33806,-112.2
216.653,13,in,33810,-107.2
216.657,13,in,33814,-107.2
216.6611,13,in,33818,-125.6
216.6651,13,in,33822,-126.4
216.6689,13,in,33826,-127
216.673,13,in,33830,-132.6
216.677,13,in,33834,-107.8
216.6807,13,in,33838,-128.2
216.6845,13,in,33842,-99.2
216.6884,13,in,33846,-116.4
216.6928,13,in,33850,-122.6
216.6971,13,in,33854,-108.6
216.7008,13,in,33858,-148.8
216.7045,13,in,33862,-147.4
216.7089,13,in,33866,-129.8
216.7127,13,in,33870,-138.2
216.7163,13,in,33874,-146.8
216.7204,13,in,33878,-160.6
216.724,13,in,33882,-161.4
216.7285,13,in,33886,-104.8
216.7324,13,in,33890,-146.6
216.7361,13,in,33894,-184.2
216.7401,13,in,33898,-140.8
216.7439,13,in,33902,-150.2
216.7484,13,in,33906,-168
216.7525,13,in,33910,-181.2
216.7568,13,in,33914,-153.6
216.7613,13,in,33918,-151
216.7656,13,in,33922,-150.4
216.7703,13,in,33926,-196.8
216.7753,13,in,33930,-179.4
216.7795,13,in,33934,-112.4
216.7838,13,in,33938,-172
216.788,13,in,33942,-168.6
216.7923,13,in,33946,-125.2
216.7971,13,in,33950,-146.4
216.8012,13,in,33954,-171.2
216.8055,13,in,33958,-187.4
216.8096,13,in,33962,-184.6
216.8138,13,in,33966,-129
216.818,13,in,33970,-163
216.8222,13,in,33974,-183.6
216.8264,13,in,33978,-134.4
216.8305,13,in,33982,-194.6
216.8345,13,in,33986,-175
216.8388,13,in,33990,-170
216.8429,13,in,33994,-189.2
216.8471,13,in,33998,-191.2
216.8517,13,in,34002,-174.2
216.856,13,in,34006,-177.8
216.8602,13,in,34010,-243
216.8644,13,in,34014,-163.8
216.8689,13,in,34018,-222
216.8732,13,in,34022,-150.8
216.8775,13,in,34026,-150.6
216.8816,13,in,34030,-179.4
216.886,13,in,34034,-165.8
216.8903,13,in,34038,-164.2
216.8948,13,in,34042,-155
216.8994,13,in,34046,-169.4
216.9041,13,in,34050,-194.6
216.9087,13,in,34054,-162.4
216.9132,13,in,34058,-216.8
216.9177,13,in,34062,-194.8
216.9216,13,in,34066,-202.2
216.9261,13,in,34070,-199
216.9311,13,in,34074,-202.2
216.9361,13,in,34078,-188.8
216.9408,13,in,34082,-163.8
216.9457,13,in,34086,-166.8
216.9507,13,in,34090,-219.2
216.9555,13,in,34094,-182.2
216.96,13,in,34098,-183.2
216.9654,13,in,34102,-166.8
216.9699,13,in,34106,-200.6
216.9751,13,in,34110,-203.2
216.9798,13,in,34114,-187
216.9848,13,in,34118,-192.8
216.99,13,in,34122,-234.6
216.9945,13,in,34126,-207.8
216.9986,13,in,34130,-324.6
217.0033,13,in,34134,-291.8
217.0085,13,in,34138,-265.4
217.0136,13,in,34142,-176.4
217.0183,13,in,34146,-254.4
217.023,13,in,34150,-259.8
217.0277,13,in,34154,-201.6
217.0318,13,in,34158,-270.4
217.0365,13,in,34162,-214.4
217.0416,13,in,34166,-278.6
217.0468,13,in,34170,-250.2
217.0514,13,in,34174,-287.6
217.0565,13,in,34178,-185.4
217.0609,13,in,34182,-226
217.0652,13,in,34186,-233.6
217.0701,13,in,34190,-211.2
217.0744,13,in,34194,-122.4
217.0792,13,in,34198,-173.2
217.0843,13,in,34202,-179.4
217.0892,13,in,34206,-237
217.0944,13,in,34210,-156.4
217.0997,13,in,34214,-203.4
217.1045,13,in,34218,-210.2
217.1092,13,in,34222,-164.8
217.1141,13,in,34226,-258.4
217.119,13,in,34230,-283.6
217.1237,13,in,34234,-290.6
217.1291,13,in,34238,-279.8
217.1345,13,in,34242,-291.8
217.1394,13,in,34246,-305
217.1432,13,in,34250,-287.4
217.1472,13,in,34254,-279.6
217.1522,13,in,34258,-319
217.1568,13,in,34262,-232.6
217.1614,13,in,34266,-276
217.166,13,in,34270,-247
217.1712,13,in,34274,-282.2
217.1764,13,in,34278,-269.8
217.1812,13,in,34282,-278.8
217.1864,13,in,34286,-251.4
217.1911,13,in,34290,-240.8
217.1957,13,in,34294,-207.6
217.2001,13,in,34298,-295.4
217.2051,13,in,34302,-271.8
217.2105,13,in,34306,-209.4
217.2154,13,in,34310,-170.2
217.2205,13,in,34314,-418.6
217.2253,13,in,34318,-343.6
217.2304,13,in,34322,-192.6
217.235,13,in,34326,-303.8
217.2401,13,in,34330,-350.4
217.2449,13,in,34334,-356
217.2505,13,in,34338,-420.2
217.2556,13,in,34342,-363.6
217.2602,13,in,34346,-366.2
217.2653,13,in,34350,-245.2
217.2703,13,in,34354,-253.2
217.2751,13,in,34358,-292.2
217.28,13,in,34362,-300.4
217.2853,13,in,34366,-250
217.2905,13,in,34370,-272.8
217.2958,13,in,34374,-244.6
217.3008,13,in,34378,-239.2
217.3055,13,in,34382,-272.4
217.3106,13,in,34386,-226.2
217.3152,13,in,34390,-231
217.3196,13,in,34394,-249.8
217.3239,13,in,34398,-234.4
217.328,13,in,34402,-222.8
217.3329,13,in,34406,-267.6
217.3368,13,in,34410,-256.2
217.3412,13,in,34414,-228.8
217.3458,13,in,34418,-244.2
217.3504,13,in,34422,-292.2
217.3544,13,in,34426,-286.2
217.359,13,in,34430,-240.4
217.363,13,in,34434,-217.8
217.3679,13,in,34438,-238
217.3722,13,in,34442,-328.2
217.3764,13,in,34446,-230.4
217.3805,13,in,34450,-223
217.3859,13,in,34454,-266.2
217.3906,13,in,34458,-244.8
217.3947,13,in,34462,-219.4
217.399,13,in,34466,-247.4
217.4044,13,in,34470,-273.2
217.4086,13,in,34474,-237.2
217.413,13,in,34478,-259.4
217.4174,13,in,34482,-284
217.4227,13,in,34486,-198.4
217.4267,13,in,34490,-275.4
217.431,13,in,34494,-239.8
217.4357,13,in,34498,-264
217.4404,13,in,34502,-195
217.4448,13,in,34506,-194.8
217.4493,13,in,34510,-185.6
217.4535,13,in,34514,-234.8
217.4583,13,in,34518,-151.6
217.4627,13,in,34522,-224.4
217.4675,13,in,34526,-209.4
217.4715,13,in,34530,-184.2
217.4766,13,in,34534,-150.4
217.4807,13,in,34538,-160.4
217.4855,13,in,34542,-251.8
217.4899,13,in,34546,-167.6
217.4944,13,in,34550,-167.6
217.4993,13,in,34554,-193.8
217.5038,13,in,34558,-182.4
217.5087,13,in,34562,-204.6
217.5134,13,in,34566,-182
217.5182,13,in,34570,-227.2
217.523,13,in,34574,-215.8
217.5286,13,in,34578,-229.8
217.533,13,in,34582,-209.8
217.5375,13,in,34586,-237
217.5416,13,in,34590,-195.2
217.5465,13,in,34594,-167
217.5511,13,in,34598,-246.8
217.5558,13,in,34602,-193.4
217.5605,13,in,34606,-134
217.5654,13,in,34610,-130.4
217.5701,13,in,34614,-156.2
217.5751,13,in,34618,-144.8
217.5797,13,in,34622,-129.6
217.5845,13,in,34626,-111.6
217.5889,13,in,34630,-218.8
217.5935,13,in,34634,-153.2
217.5978,13,in,34638,-214.2
217.6023,13,in,34642,-230.8
217.6064,13,in,34646,-217
217.6107,13,in,34650,-210.8
217.6152,13,in,34654,-190
217.6197,13,in,34658,-199.6
217.6245,13,in,34662,-226.4
217.6296,13,in,34666,-119.8
217.6347,13,in,34670,-258
217.6395,13,in,34674,-217.8
217.6446,13,in,34678,-210.4
217.6494,13,in,34682,-221.2
217.6542,13,in,34686,-227
217.6585,13,in,34690,-167
217.6632,13,in,34694,-202.4
217.6676,13,in,34698,-256.6
217.6717,13,in,34702,-210.8
217.6759,13,in,34706,-134
217.6806,13,in,34710,-134.4
217.685,13,in,34714,-115.4
217.69,13,in,34718,-132.2
217.6939,13,in,34722,-189.2
217.6976,13,in,34726,-146
217.7018,13,in,34730,-166.6
217.7053,13,in,34734,-176
217.7092,13,in,34738,-102.8
217.7135,13,in,34742,-164
217.7178,13,in,34746,-185.6
217.7215,13,in,34750,-145
217.7262,13,in,34754,-129.2
217.7313,13,in,34758,-178.6
217.7357,13,in,34762,-168.6
217.7403,13,in,34766,-174
217.7441,13,in,34770,-136
217.7481,13,in,34774,-170.2
217.7518,13,in,34778,-177.2
217.7555,13,in,34782,-200
217.7594,13,in,34786,-169.4
217.763,13,in,34790,-178.8
217.7666,13,in,34794,-212.2
217.7705,13,in,34798,-192.2
217.7747,13,in,34802,-173.4
217.7786,13,in,34806,-186.6
217.7829,13,in,34810,-151.4
217.7873,13,in,34814,-173.4
217.7913,13,in,34818,-145.8
217.7963,13,in,34822,-121.4
217.8001,13,in,34826,-156.8
217.8038,13,in,34830,-210.6
217.8074,13,in,34834,-189.2
217.8117,13,in,34838,-130.2
217.8159,13,in,34842,-200
217.8206,13,in,34846,-171.8
217.8258,13,in,34850,-158.8
217.8303,13,in,34854,-170
217.8347,13,in,34858,-144.6
217.8396,13,in,34862,-170.8
217.8444,13,in,34866,-156.8
217.8495,13,in,34870,-173.6
217.8539,13,in,34874,-132.8
217.859,13,in,34878,-153.8
217.8639,13,in,34882,-174
217.8683,13,in,34886,-224.4
217.8735,13,in,34890,-177.2
217.8782,13,in,34894,-181.6
217.8832,13,in,34898,-190.4
217.8879,13,in,34902,-251
217.8928,13,in,34906,-229.8
217.8975,13,in,34910,-203
217.9027,13,in,34914,-195.2
217.9074,13,in,34918,-169.4
217.912,13,in,34922,-202.4
217.917,13,in,34926,-239.8
217.9217,13,in,34930,-184.6
217.9264,13,in,34934,-199.6
217.9311,13,in,34938,-185.2
217.9361,13,in,34942,-235
217.9409,13,in,34946,-219.8
217.9458,13,in,34950,-216
217.9507,13,in,34954,-322.4
217.9559,13,in,34958,-245.4
217.9606,13,in,34962,-272.2
217.9656,13,in,34966,-259.4
217.9705,13,in,34970,-265.8
217.9748,13,in,34974,-169.6
217.9798,13,in,34978,-246.8
217.9842,13,in,34982,-253.4
217.9892,13,in,34986,-287.4
217.994,13,in,34990,-241.8
217.9987,13,in,34994,-187.6
218.0033,13,in,34998,-229.6
218.0082,13,in,35002,-196.4
218.0129,13,in,35006,-216.6
218.0174,13,in,35010,-246.6
218.0223,13,in,35014,-224.4
218.0275,13,in,35018,-226.6
218.0316,13,in,35022,-227.8
218.0363,13,in,35026,-212.2
218.0411,13,in,35030,-243.8
218.0464,13,in,35034,-228.2
218.0508,13,in,35038,-253.8
218.0557,13,in,35042,-239
218.0605,13,in,35046,-225.4
218.0655,13,in,35050,-203.2
218.0702,13,in,35054,-234.6
218.0757,13,in,35058,-232
218.0809,13,in,35062,-237.4
218.0851,13,in,35066,-199.2
218.0898,13,in,35070,-237.2
218.0946,13,in,35074,-203.6
218.0993,13,in,35078,-252.2
218.1039,13,in,35082,-212.2
218.109,13,in,35086,-247.6
218.1142,13,in,35090,-228
218.1192,13,in,35094,-224.2
218.1243,13,in,35098,-224.6
218.1291,13,in,35102,-226.8
218.135,13,in,35106,-229.6
218.1398,13,in,35110,-195
218.1437,13,in,35114,-173.8
218.1478,13,in,35118,-193.4
218.1526,13,in,35122,-221.4
218.1573,13,in,35126,-187.6
218.161,13,in,35130,-209
218.1652,13,in,35134,-212.8
218.1697,13,in,35138,-212.2
218.174,13,in,35142,-198
218.1794,13,in,35146,-165.4
218.1845,13,in,35150,-193
218.1889,13,in,35154,-208
218.1932,13,in,35158,-193.2
218.1975,13,in,35162,-193
218.2017,13,in,35166,-224.6
218.2064,13,in,35170,-207
218.2111,13,in,35174,-150
218.2159,13,in,35178,-177.4
218.2212,13,in,35182,-195.4
218.2262,13,in,35186,-153.8
218.2309,13,in,35190,-202.4
218.2364,13,in,35194,-158.2
218.2409,13,in,35198,-173.4
218.2455,13,in,35202,-182.4
218.25,13,in,35206,-207.8
218.2544,13,in,35210,-224.2
218.2586,13,in,35214,-233.2
218.2632,13,in,35218,-192.6
218.2686,13,in,35222,-189.8
218.2737,13,in,35226,-202.4
218.2784,13,in,35230,-188.2
218.2834,13,in,35234,-179.8
218.2883,13,in,35238,-218.2
218.2928,13,in,35242,-184.8
218.2975,13,in,35246,-220.8
218.3022,13,in,35250,-188
218.3072,13,in,35254,-196.4
218.3121,13,in,35258,-190.8
218.3163,13,in,35262,-188.6
218.3198,13,in,35266,-186.6
218.324,13,in,35270,-193.6
218.3294,13,in,35274,-170.8
218.3336,13,in,35278,-208.6
218.3378,13,in,35282,-172.2
218.3427,13,in,35286,-155
218.3477,13,in,35290,-176.8
218.3523,13,in,35294,-188.6
218.3576,13,in,35298,-205
218.3624,13,in,35302,-172.8
218.3672,13,in,35306,-180.8
218.3722,13,in,35310,-199.6
218.3766,13,in,35314,-205.8
218.3812,13,in,35318,-258.6
218.3864,13,in,35322,-254.2
218.3912,13,in,35326,-236.4
218.3959,13,in,35330,-240.8
218.4013,13,in,35334,-243.4
218.4061,13,in,35338,-217.4
218.411,13,in,35342,-265.8
218.4166,13,in,35346,-274.4
218.4215,13,in,35350,-311.2
218.4255,13,in,35354,-327.6
218.4291,13,in,35358,-265.4
218.4334,13,in,35362,-281.8
218.438,13,in,35366,-282
218.4424,13,in,35370,-295.2
218.4473,13,in,35374,-294.8
218.4521,13,in,35378,-326.2
218.4572,13,in,35382,-300.4
218.4621,13,in,35386,-277.4
218.4674,13,in,35390,-286
218.4723,13,in,35394,-314.2
218.4774,13,in,35398,-252
218.4819,13,in,35402,-306.6
218.4867,13,in,35406,-308.4
218.4911,13,in,35410,-298
218.4962,13,in,35414,-281.6
218.501,13,in,35418,-284
218.5061,13,in,35422,-213.2
218.5108,13,in,35426,-180
218.515,13,in,35430,-158.8
218.5196,13,in,35434,-266.4
218.5252,13,in,35438,-186
218.5297,13,in,35442,-198.4
218.5349,13,in,35446,-205.2
218.5402,13,in,35450,-227
218.5448,13,in,35454,-201.2
218.55,13,in,35458,-262.4
218.5548,13,in,35462,-261.8
218.5603,13,in,35466,-273.4
218.5648,13,in,35470,-252.8
218.5696,13,in,35474,-267.4
218.5746,13,in,35478,-277.8
218.58,13,in,35482,-274.6
218.5847,13,in,35486,-238.6
218.5898,13,in,35490,-302.8
218.5949,13,in,35494,-334
218.5995,13,in,35498,-379.8
218.6047,13,in,35502,-426.2
218.6098,13,in,35506,-381.4
218.6144,13,in,35510,-386.6
218.6191,13,in,35514,-420.6
218.6239,13,in,35518,-376
218.6296,13,in,35522,-374.4
218.6345,13,in,35526,-401.6
218.639,13,in,35530,-414
218.6435,13,in,35534,-431.4
218.6481,13,in,35538,-430.8
218.6528,13,in,35542,-250.8
218.6572,13,in,35546,-225.6
218.6619,13,in,35550,-206.2
218.6677,13,in,35554,-242
218.6722,13,in,35558,-257.4
218.6772,13,in,35562,-203.2
218.6816,13,in,35566,-223.6
218.6861,13,in,35570,-217.6
218.69,13,in,35574,-181.2
218.6938,13,in,35578,-179
218.6984,13,in,35582,-152.8
218.7029,13,in,35586,-182
218.707,13,in,35590,-136.2
218.7113,13,in,35594,-219
218.7156,13,in,35598,-190.6
218.7214,13,in,35602,-169.4
218.7254,13,in,35606,-175
218.7294,13,in,35610,-146.4
218.7334,13,in,35614,-186.6
218.7385,13,in,35618,-193
218.7425,13,in,35622,-188.6
218.7465,13,in,35626,-198.8
218.751,13,in,35630,-230.8
218.7553,13,in,35634,-180.2
218.7596,13,in,35638,-208.6
218.7632,13,in,35642,-245.4
218.7669,13,in,35646,-206.4
218.7709,13,in,35650,-228
218.7758,13,in,35654,-214
218.7801,13,in,35658,-241.4
218.7849,13,in,35662,-215.4
218.79,13,in,35666,-268
218.7944,13,in,35670,-237.6
218.799,13,in,35674,-279.2
218.8032,13,in,35678,-346.8
218.8075,13,in,35682,-289
218.8114,13,in,35686,-314.6
218.8156,13,in,35690,-304.8
218.8205,13,in,35694,-315.2
218.8252,13,in,35698,-309.4
218.8298,13,in,35702,-340.2
218.8345,13,in,35706,-359.6
218.8395,13,in,35710,-326.4
218.8443,13,in,35714,-306.6
218.8487,13,in,35718,-401.8
218.8539,13,in,35722,-344.6
218.8586,13,in,35726,-347.8
218.8632,13,in,35730,-354.6
218.868,13,in,35734,-291.6
218.8724,13,in,35738,-249.6
218.8764,13,in,35742,-307.8
218.8806,13,in,35746,-273.4
218.8844,13,in,35750,-253.2
218.8884,13,in,35754,-262.6
218.8929,13,in,35758,-266.2
218.8981,13,in,35762,-289.2
218.9023,13,in,35766,-261.6
218.9066,13,in,35770,-319
218.9108,13,in,35774,-284.2
218.915,13,in,35778,-336
218.9192,13,in,35782,-292
218.9233,13,in,35786,-278.6
218.9277,13,in,35790,-314.2
218.9332,13,in,35794,-299.8
218.9384,13,in,35798,-327
218.9429,13,in,35802,-299.6
218.9483,13,in,35806,-311
218.9527,13,in,35810,-359.4
218.9574,13,in,35814,-278.2
218.9622,13,in,35818,-240.2
218.9675,13,in,35822,-278.4
218.9719,13,in,35826,-318.4
218.9772,13,in,35830,-296.2
218.9816,13,in,35834,-249
218.986,13,in,35838,-230.2
218.9902,13,in,35842,-223.4
218.9951,13,in,35846,-269.2
218.9996,13,in,35850,-271.8
219.005,13,in,35854,-232.4
219.0094,13,in,35858,-215
219.014,13,in,35862,-200.4
219.0187,13,in,35866,-204
219.023,13,in,35870,-168.6
219.0276,13,in,35874,-214.4
219.0323,13,in,35878,-235
219.0374,13,in,35882,-209.6
219.0419,13,in,35886,-215.2
219.0469,13,in,35890,-247.4
219.0515,13,in,35894,-250.4
219.0565,13,in,35898,-233.6
219.0612,13,in,35902,-214.4
219.0654,13,in,35906,-215.8
219.0698,13,in,35910,-241.6
219.0748,13,in,35914,-256
219.0796,13,in,35918,-255.8
219.0846,13,in,35922,-236.4
219.0896,13,in,35926,-264.6
219.0944,13,in,35930,-237.6
219.0988,13,in,35934,-275.2
219.1034,13,in,35938,-325.8
219.1079,13,in,35942,-283.4
219.1124,13,in,35946,-315.2
219.1168,13,in,35950,-308.8
219.1208,13,in,35954,-367
219.1246,13,in,35958,-279.2
219.1291,13,in,35962,-250.2
219.1335,13,in,35966,-237.6
219.1378,13,in,35970,-297.6
219.1419,13,in,35974,-228.8
219.146,13,in,35978,-232.2
219.15,13,in,35982,-278.4
219.1539,13,in,35986,-264.4
219.1578,13,in,35990,-227.6
219.1629,13,in,35994,-251.2
219.1668,13,in,35998,-237.4
219.1708,13,in,36002,-331.4
219.1753,13,in,36006,-266.4
219.1804,13,in,36010,-387
219.1845,13,in,36014,-294.6
219.1888,13,in,36018,-267.2
219.1933,13,in,36022,-293.6
219.199,13,in,36026,-285.2
219.2032,13,in,36030,-332.8
219.2074,13,in,36034,-287
219.2116,13,in,36038,-245.6
219.2165,13,in,36042,-310.2
219.2208,13,in,36046,-317.8
219.2248,13,in,36050,-272.8
219.2288,13,in,36054,-242.6
219.2338,13,in,36058,-265.2
219.238,13,in,36062,-275.2
219.2424,13,in,36066,-314.4
219.2467,13,in,36070,-271.8
219.2518,13,in,36074,-250
219.256,13,in,36078,-290.4
219.26,13,in,36082,-273.6
219.2643,13,in,36086,-354.6
219.2702,13,in,36090,-328
219.2747,13,in,36094,-280.6
219.2787,13,in,36098,-269.6
219.2834,13,in,36102,-271.4
219.2883,13,in,36106,-320.6
219.2925,13,in,36110,-227.4
219.2965,13,in,36114,-246.8
219.3006,13,in,36118,-286.2
219.3049,13,in,36122,-313.2
219.3089,13,in,36126,-310.2
219.3132,13,in,36130,-322.2
219.3175,13,in,36134,-283.4
219.3218,13,in,36138,-286
219.3263,13,in,36142,-344.2
219.3305,13,in,36146,-298.4
219.3351,13,in,36150,-288.4
219.3392,13,in,36154,-304.6
219.3437,13,in,36158,-304.8
219.3481,13,in,36162,-264
219.3524,13,in,36166,-240
219.3568,13,in,36170,-284.4
219.361,13,in,36174,-314.6
219.3653,13,in,36178,-293.6
219.3694,13,in,36182,-283.6
219.3738,13,in,36186,-313.8
219.3786,13,in,36190,-266
219.3829,13,in,36194,-332
219.3868,13,in,36198,-361.2
219.3911,13,in,36202,-263.6
219.3952,13,in,36206,-343.8
219.3995,13,in,36210,-311.2
219.4038,13,in,36214,-306.8
219.4082,13,in,36218,-284.8
219.4127,13,in,36222,-297
219.4166,13,in,36226,-259
219.4211,13,in,36230,-320.6
219.4256,13,in,36234,-297.8
219.4304,13,in,36238,-282.4
219.4347,13,in,36242,-297
219.4389,13,in,36246,-306.6
219.4427,13,in,36250,-346.2
219.4477,13,in,36254,-281.4
219.4518,13,in,36258,-264.6
219.4564,13,in,36262,-297
219.4604,13,in,36266,-264.6
219.4656,13,in,36270,-247.6
219.4695,13,in,36274,-269
219.4742,13,in,36278,-310
219.4784,13,in,36282,-307.8
219.4834,13,in,36286,-386.6
219.488,13,in,36290,-366.2
219.4921,13,in,36294,-328.4
219.4962,13,in,36298,-337.4
219.5015,13,in,36302,-314.2
219.5059,13,in,36306,-295.6
219.5107,13,in,36310,-235.8
219.5154,13,in,36314,-255.8
219.5198,13,in,36318,-321.8
219.524,13,in,36322,-248.2
219.529,13,in,36326,-278.6
219.5337,13,in,36330,-270.8
219.5386,13,in,36334,-313.6
219.5435,13,in,36338,-307.6
219.5485,13,in,36342,-274.2
219.5533,13,in,36346,-322.6
219.5587,13,in,36350,-296.2
219.5634,13,in,36354,-353.6
219.5684,13,in,36358,-328.8
219.5738,13,in,36362,-310.8
219.5787,13,in,36366,-342.4
219.5832,13,in,36370,-342.4
219.588,13,in,36374,-323.6
219.5934,13,in,36378,-401
219.5979,13,in,36382,-455
219.6021,13,in,36386,-397.8
219.6063,13,in,36390,-464
219.6104,13,in,36394,-464.8
219.6147,13,in,36398,-459
219.6191,13,in,36402,-477.8
219.6236,13,in,36406,-468.4
219.628,13,in,36410,-461.6
219.6323,13,in,36414,-439.6
219.6368,13,in,36418,-461.2
219.641,13,in,36422,-466.2
219.6457,13,in,36426,-365
219.6502,13,in,36430,-442.4
219.6546,13,in,36434,-363.6
219.6593,13,in,36438,-333.8
219.664,13,in,36442,-391.4
219.6683,13,in,36446,-365
219.6725,13,in,36450,-376.6
219.6772,13,in,36454,-390.2
219.6816,13,in,36458,-443.6
219.6854,13,in,36462,-450.2
219.6894,13,in,36466,-388
219.6929,13,in,36470,-383.8
219.6968,13,in,36474,-356.8
219.701,13,in,36478,-340.6
219.7051,13,in,36482,-341.2
219.7094,13,in,36486,-376.8
219.7136,13,in,36490,-319
219.718,13,in,36494,-369.2
219.7224,13,in,36498,-417.6
219.7265,13,in,36502,-387.2
219.7307,13,in,36506,-305.8
219.7356,13,in,36510,-419.6
219.7397,13,in,36514,-450.8
219.7442,13,in,36518,-429.4
219.7484,13,in,36522,-362.8
219.7532,13,in,36526,-419
219.757,13,in,36530,-384.6
219.7605,13,in,36534,-394.6
219.7646,13,in,36538,-400.4
219.7685,13,in,36542,-442.6
219.7729,13,in,36546,-431.6
219.777,13,in,36550,-404.6
219.7813,13,in,36554,-346.6
219.7858,13,in,36558,-399
219.7904,13,in,36562,-396
219.7951,13,in,36566,-373.8
219.8003,13,in,36570,-451.4
219.8051,13,in,36574,-338.4
219.8093,13,in,36578,-392
219.8131,13,in,36582,-348.2
219.8179,13,in,36586,-353.6
219.8231,13,in,36590,-341.8
219.8283,13,in,36594,-321.6
219.8336,13,in,36598,-464.6
219.8388,13,in,36602,-480
219.8432,13,in,36606,-422.8
219.8482,13,in,36610,-387.6
219.8537,13,in,36614,-350.8
219.8595,13,in,36618,-351.2
219.8643,13,in,36622,-388.8
219.8691,13,in,36626,-400.6
219.8743,13,in,36630,-403
219.8792,13,in,36634,-396
219.8839,13,in,36638,-393.8
219.8894,13,in,36642,-455.8
219.8941,13,in,36646,-452.6
219.8984,13,in,36650,-509
219.9033,13,in,36654,-466
219.9083,13,in,36658,-471.4
219.9131,13,in,36662,-436
219.9183,13,in,36666,-460.4
219.9233,13,in,36670,-484.6
219.928,13,in,36674,-430.6
219.9332,13,in,36678,-423.4
219.9376,13,in,36682,-452.6
219.9425,13,in,36686,-444
219.947,13,in,36690,-502.2
219.9516,13,in,36694,-517.6
219.9561,13,in,36698,-554.8
219.9601,13,in,36702,-488
219.9641,13,in,36706,-465.8
219.9681,13,in,36710,-459
219.9721,13,in,36714,-492.8
219.9758,13,in,36718,-454.6
219.9796,13,in,36722,-430
219.9835,13,in,36726,-422
219.9877,13,in,36730,-455.2
219.9914,13,in,36734,-405.8
219.9949,13,in,36738,-404
219.9987,13,in,36742,-401.6
220.003,13,in,36746,-447.8
220.0076,13,in,36750,-423.4
220.0119,13,in,36754,-422.2
220.0159,13,in,36758,-427.2
220.0206,13,in,36762,-391.6
220.0248,13,in,36766,-456.6
220.0289,13,in,36770,-498
220.0326,13,in,36774,-480
220.0374,13,in,36778,-521.6
220.042,13,in,36782,-498
220.0464,13,in,36786,-462.4
220.0506,13,in,36790,-439.8
220.0547,13,in,36794,-469
220.0589,13,in,36798,-464.2
220.0634,13,in,36802,-519.2
220.0675,13,in,36806,-478.8
220.0724,13,in,36810,-488.2
220.0766,13,in,36814,-559.4
220.0805,13,in,36818,-544
220.0842,13,in,36822,-518
220.0879,13,in,36826,-511.2
220.0915,13,in,36830,-533.6
220.0956,13,in,36834,-533.2
220.0993,13,in,36838,-538.8
220.1029,13,in,36842,-586.6
220.1069,13,in,36846,-627.8
220.1107,13,in,36850,-612.8
220.1142,13,in,36854,-584.6
220.118,13,in,36858,-582.6
220.1216,13,in,36862,-551.2
220.1252,13,in,36866,-495.4
220.1293,13,in,36870,-509.8
220.1329,13,in,36874,-545.8
220.1365,13,in,36878,-545
220.1401,13,in,36882,-542.4
220.1445,13,in,36886,-468.4
220.1483,13,in,36890,-566.6
220.1523,13,in,36894,-640.2
220.1563,13,in,36898,-588.2
220.1602,13,in,36902,-605.8
220.164,13,in,36906,-569.2
220.1681,13,in,36910,-605.8
220.1723,13,in,36914,-565.4
220.176,13,in,36918,-445
220.18,13,in,36922,-479
220.1842,13,in,36926,-492.6
220.1885,13,in,36930,-567.8
220.1929,13,in,36934,-557.6
220.198,13,in,36938,-524.4
220.2019,13,in,36942,-434.6
220.206,13,in,36946,-512.4
220.2101,13,in,36950,-441.6
220.2144,13,in,36954,-518.6
220.2193,13,in,36958,-523.2
220.2236,13,in,36962,-546.6
220.2279,13,in,36966,-572.2
220.2321,13,in,36970,-567.6
220.2363,13,in,36974,-539.6
220.2404,13,in,36978,-556.6
220.2449,13,in,36982,-516.6
220.2494,13,in,36986,-528.8
220.2543,13,in,36990,-503
220.2586,13,in,36994,-501
220.2628,13,in,36998,-428.6
220.267,13,in,37002,-449.8
220.2711,13,in,37006,-426
220.2754,13,in,37010,-395
220.2797,13,in,37014,-434.8
220.2844,13,in,37018,-392.8
220.2885,13,in,37022,-418
220.2929,13,in,37026,-441.6
220.2972,13,in,37030,-389.6
220.3018,13,in,37034,-443.2
220.3064,13,in,37038,-445.8
220.3107,13,in,37042,-376
220.3155,13,in,37046,-440.8
220.3197,13,in,37050,-477.6
220.3239,13,in,37054,-427.6
220.3282,13,in,37058,-465
220.3324,13,in,37062,-431.8
220.3363,13,in,37066,-435.4
220.3413,13,in,37070,-411.8
220.3455,13,in,37074,-499.8
220.3495,13,in,37078,-428.4
220.3537,13,in,37082,-492
220.3589,13,in,37086,-501.4
220.3631,13,in,37090,-457.6
220.3675,13,in,37094,-569.6
220.3717,13,in,37098,-591.8
220.3775,13,in,37102,-503.2
220.3817,13,in,37106,-477.4
220.386,13,in,37110,-412.4
220.3904,13,in,37114,-431.6
220.3948,13,in,37118,-444.8
220.3988,13,in,37122,-473.8
220.4031,13,in,37126,-423.2
220.4072,13,in,37130,-458
220.4115,13,in,37134,-464.6
220.4153,13,in,37138,-522.4
220.4197,13,in,37142,-475.2
220.4241,13,in,37146,-500.2
220.4296,13,in,37150,-530.8
220.4339,13,in,37154,-533.8
220.4383,13,in,37158,-425.4
220.4421,13,in,37162,-432
220.447,13,in,37166,-468.2
220.4511,13,in,37170,-429.4
220.4554,13,in,37174,-427.4
220.4599,13,in,37178,-511.2
220.4651,13,in,37182,-443.8
220.4691,13,in,37186,-428.6
220.4733,13,in,37190,-656.6
220.4774,13,in,37194,-685.4
220.482,13,in,37198,-671
220.4863,13,in,37202,-566
220.4908,13,in,37206,-587.8
220.4952,13,in,37210,-635
220.5007,13,in,37214,-569.4
220.5047,13,in,37218,-544.6
220.5088,13,in,37222,-435.4
220.5126,13,in,37226,-502.2
220.517,13,in,37230,-587.2
220.5218,13,in,37234,-528.6
220.5261,13,in,37238,-560.6
220.5306,13,in,37242,-562
220.5363,13,in,37246,-535.4
220.541,13,in,37250,-517
220.5451,13,in,37254,-537.8
220.5497,13,in,37258,-514.8
220.5548,13,in,37262,-530.6
220.5588,13,in,37266,-576.8
220.5629,13,in,37270,-615.4
220.5672,13,in,37274,-598.6
220.572,13,in,37278,-575.2
220.5763,13,in,37282,-530
220.5808,13,in,37286,-550.2
220.5853,13,in,37290,-499.2
220.5897,13,in,37294,-459.4
220.5944,13,in,37298,-507.8
220.5988,13,in,37302,-416.2
220.6028,13,in,37306,-556.4
220.6077,13,in,37310,-604
220.6122,13,in,37314,-599.4
220.6167,13,in,37318,-502
220.6209,13,in,37322,-569
220.6257,13,in,37326,-542.2
220.63,13,in,37330,-567
220.6345,13,in,37334,-627.8
220.6395,13,in,37338,-637
220.6446,13,in,37342,-609
220.6486,13,in,37346,-592.6
220.6529,13,in,37350,-626.2
220.6571,13,in,37354,-559.4
220.6615,13,in,37358,-566.2
220.6655,13,in,37362,-581
220.6698,13,in,37366,-613
220.6743,13,in,37370,-588.8
220.6796,13,in,37374,-559.8
220.6834,13,in,37378,-635
220.687,13,in,37382,-625.8
220.6908,13,in,37386,-596
220.6952,13,in,37390,-602.6
220.6996,13,in,37394,-542
220.7043,13,in,37398,-565.8
220.7091,13,in,37402,-621.4
220.7147,13,in,37406,-650.6
220.7193,13,in,37410,-661
220.7239,13,in,37414,-696.6
220.7282,13,in,37418,-692.4
220.7331,13,in,37422,-694
220.7375,13,in,37426,-627.2
220.7421,13,in,37430,-703.8
220.746,13,in,37434,-678.6
220.7509,13,in,37438,-679.2
220.7555,13,in,37442,-682.4
220.7593,13,in,37446,-681.6
220.7629,13,in,37450,-549.6
220.7673,13,in,37454,-533.6
220.7712,13,in,37458,-558.6
220.7755,13,in,37462,-540.6
220.7796,13,in,37466,-586
220.7838,13,in,37470,-622
220.7878,13,in,37474,-609.8
220.7916,13,in,37478,-627.2
220.7955,13,in,37482,-572
220.7995,13,in,37486,-559.2
220.804,13,in,37490,-625.6
220.8078,13,in,37494,-559.8
220.8118,13,in,37498,-599
220.8156,13,in,37502,-598
220.8197,13,in,37506,-568.2
220.8239,13,in,37510,-653.4
220.8281,13,in,37514,-598.2
220.832,13,in,37518,-622.2
220.836,13,in,37522,-585.2
220.8402,13,in,37526,-657.4
220.8442,13,in,37530,-583.8
220.8483,13,in,37534,-585.4
220.8526,13,in,37538,-607.8
220.8583,13,in,37542,-579
220.8624,13,in,37546,-504.6
220.8668,13,in,37550,-595.8
220.8711,13,in,37554,-633.4
220.8756,13,in,37558,-545.8
220.8801,13,in,37562,-585
220.8843,13,in,37566,-590.4
220.8883,13,in,37570,-562.6
220.8928,13,in,37574,-521.2
220.8969,13,in,37578,-525.2
220.901,13,in,37582,-536.8
220.905,13,in,37586,-595.6
220.909,13,in,37590,-553.4
220.9129,13,in,37594,-592
220.9174,13,in,37598,-671.6
220.9219,13,in,37602,-670
220.926,13,in,37606,-628.4
220.9301,13,in,37610,-636
220.9342,13,in,37614,-692.8
220.9384,13,in,37618,-612
220.9428,13,in,37622,-562.6
220.9481,13,in,37626,-577.2
220.9524,13,in,37630,-616.2
220.957,13,in,37634,-618.6
220.9612,13,in,37638,-641.4
220.9663,13,in,37642,-567.4
220.9704,13,in,37646,-589
220.9748,13,in,37650,-581.8
220.9792,13,in,37654,-599.6
220.9846,13,in,37658,-611.8
220.9885,13,in,37662,-595.4
220.9929,13,in,37666,-612.2
220.9973,13,in,37670,-550.8
221.0025,13,in,37674,-601.2
221.0065,13,in,37678,-591.2
221.0111,13,in,37682,-629.8
221.0153,13,in,37686,-596.6
221.0204,13,in,37690,-636
221.0243,13,in,37694,-610.2
221.0289,13,in,37698,-660.4
221.0333,13,in,37702,-627.6
221.0381,13,in,37706,-677
221.0424,13,in,37710,-608.8
221.0476,13,in,37714,-656.4
221.052,13,in,37718,-617.4
221.0573,13,in,37722,-714.4
221.0621,13,in,37726,-689.6
221.0674,13,in,37730,-747.2
221.0714,13,in,37734,-764.8
221.076,13,in,37738,-710.8
221.081,13,in,37742,-699.4
221.0857,13,in,37746,-738.4
221.0907,13,in,37750,-708.2
221.0959,13,in,37754,-716.2
221.101,13,in,37758,-719.6
221.1058,13,in,37762,-708.4
221.1105,13,in,37766,-769.8
221.115,13,in,37770,-739.6
221.1202,13,in,37774,-676
221.1248,13,in,37778,-739.8
221.1297,13,in,37782,-746.6
221.1336,13,in,37786,-787.6
221.1376,13,in,37790,-774.6
221.1415,13,in,37794,-778.2
221.1465,13,in,37798,-791.2
221.1506,13,in,37802,-770.4
221.1549,13,in,37806,-778.6
221.1601,13,in,37810,-756.4
221.1646,13,in,37814,-747.4
221.1689,13,in,37818,-762.8
221.1728,13,in,37822,-748.4
221.1773,13,in,37826,-670
221.1817,13,in,37830,-744.8
221.1858,13,in,37834,-782.2
221.1899,13,in,37838,-763.2
221.1941,13,in,37842,-843.8
221.1997,13,in,37846,-819.6
221.2037,13,in,37850,-816.8
221.2078,13,in,37854,-907.8
221.2124,13,in,37858,-887
221.2173,13,in,37862,-874.4
221.2221,13,in,37866,-848.8
221.2268,13,in,37870,-812
221.2319,13,in,37874,-831.8
221.2368,13,in,37878,-830.6
221.2415,13,in,37882,-820.2
221.2462,13,in,37886,-790
221.2507,13,in,37890,-885.2
221.2558,13,in,37894,-889.8
221.2609,13,in,37898,-845.6
221.2662,13,in,37902,-835.4
221.2714,13,in,37906,-849
221.2759,13,in,37910,-847.2
221.2812,13,in,37914,-858.8
221.2865,13,in,37918,-792.8
221.2909,13,in,37922,-880.8
221.2962,13,in,37926,-848.6
221.301,13,in,37930,-844.6
221.3058,13,in,37934,-888
221.3107,13,in,37938,-861.6
221.3157,13,in,37942,-948
221.3203,13,in,37946,-933.2
221.3248,13,in,37950,-900.2
221.3295,13,in,37954,-839.6
221.3349,13,in,37958,-898.6
221.3397,13,in,37962,-877.6
221.3441,13,in,37966,-865.2
221.3487,13,in,37970,-843
221.3534,13,in,37974,-861.8
221.3581,13,in,37978,-855.6
221.3629,13,in,37982,-789.2
221.3681,13,in,37986,-831.4
221.3726,13,in,37990,-818.2
221.3778,13,in,37994,-903.6
221.3828,13,in,37998,-856.6
221.3869,13,in,38002,-858.6
221.3905,13,in,38006,-866
221.3947,13,in,38010,-883
221.399,13,in,38014,-948.4
221.4029,13,in,38018,-949
221.4073,13,in,38022,-970.8
221.4114,13,in,38026,-993
221.4161,13,in,38030,-986.2
221.4201,13,in,38034,-997
221.4242,13,in,38038,-954.4
221.4283,13,in,38042,-1093.8
221.4327,13,out,38038,-1033.8
221.4368,13,out,38034,-1059.8
221.441,13,out,38030,-1084.6
221.4453,13,out,38026,-1067.8
221.4496,13,out,38022,-1138.2
221.4534,13,out,38018,-1135.4
221.4572,13,out,38014,-1181.8
221.4614,13,out,38010,-1287.6
221.4655,13,out,38006,-1282.2
221.4699,13,out,38002,-1332.4
221.4745,13,out,37998,-1299.4
221.4791,13,out,37994,-1253.6
221.4832,13,out,37990,-1303.2
221.4873,13,out,37986,-1318.6
221.4917,13,out,37982,-1290.6
221.4963,13,out,37978,-1377
221.5009,13,out,37974,-1319.8
221.5052,13,out,37970,-1368.8
221.5097,13,out,37966,-1402.2
221.514,13,out,37962,-1502
221.5181,13,out,37958,-1562.6
221.5222,13,out,37954,-1419.2
221.5268,13,out,37950,-1401.2
221.5311,13,out,37946,-1342.2
221.5357,13,out,37942,-1303.8
221.5402,13,out,37938,-1331.6
221.5442,13,out,37934,-1329.4
221.5485,13,out,37930,-1295.2
221.5532,13,out,37926,-1341.2
221.5582,13,out,37922,-1279.6
221.5623,13,out,37918,-1363.8
221.5666,13,out,37914,-1290.6
221.5705,13,out,37910,-1283.2
221.5745,13,out,37906,-1276
221.5788,13,out,37902,-1299
221.5829,13,out,37898,-1329
221.587,13,out,37894,-1334
221.5918,13,out,37890,-1286
221.5961,13,out,37886,-1295.2
221.6004,13,out,37882,-1397.2
221.6058,13,out,37878,-1323
221.6097,13,out,37874,-1317
221.6142,13,out,37870,-1325.2
221.6181,13,out,37866,-1389
221.6224,13,out,37862,-1369.2
221.6268,13,out,37858,-1347
221.6308,13,out,37854,-1434.4
221.6352,13,out,37850,-1398
221.6397,13,out,37846,-1344
221.6453,13,out,37842,-1434
221.6492,13,out,37838,-1491.8
221.6534,13,out,37834,-1446
221.6579,13,out,37830,-1373.4
221.662,13,out,37826,-1441.8
221.6664,13,out,37822,-1402.4
221.6705,13,out,37818,-1440.6
221.6741,13,out,37814,-1416.8
221.6783,13,out,37810,-1499
221.682,13,out,37806,-1535.2
221.6859,13,out,37802,-1601.8
221.6893,13,out,37798,-1541.2
221.6933,13,out,37794,-1511
221.6973,13,out,37790,-1466.4
221.7014,13,out,37786,-1517
221.7055,13,out,37782,-1510.8
221.7095,13,out,37778,-1471.6
221.7134,13,out,37774,-1474.2
221.7175,13,out,37770,-1419.2
221.7215,13,out,37766,-1439.8
221.7254,13,out,37762,-1420
221.7299,13,out,37758,-1461
221.7338,13,out,37754,-1374
221.7379,13,out,37750,-1369.6
221.742,13,out,37746,-1405.4
221.7464,13,out,37742,-1387.2
221.7508,13,out,37738,-1436.4
221.7548,13,out,37734,-1460.8
221.7594,13,out,37730,-1386.6
221.7633,13,out,37726,-1440.4
221.7678,13,out,37722,-1421.8
221.7717,13,out,37718,-1461.4
221.7754,13,out,37714,-1455.2
221.7799,13,out,37710,-1476.8
221.7843,13,out,37706,-1442.4
221.7882,13,out,37702,-1433.6
221.7924,13,out,37698,-1450.8
221.7965,13,out,37694,-1386
221.8006,13,out,37690,-1424.2
221.8045,13,out,37686,-1422.6
221.8087,13,out,37682,-1416.8
221.8126,13,out,37678,-1469.6
221.8167,13,out,37674,-1462.4
221.8211,13,out,37670,-1454.8
221.8253,13,out,37666,-1432.2
221.8292,13,out,37662,-1444.6
221.8331,13,out,37658,-1404.8
221.838,13,out,37654,-1432.8
221.8421,13,out,37650,-1399.2
221.8461,13,out,37646,-1390.4
221.8503,13,out,37642,-1455.6
221.8549,13,out,37638,-1457.8
221.8593,13,out,37634,-1476
221.8637,13,out,37630,-1425.2
221.8678,13,out,37626,-1482.2
221.8721,13,out,37622,-1421.2
221.8762,13,out,37618,-1486.2
221.8806,13,out,37614,-1508.4
221.8847,13,out,37610,-1469
221.8887,13,out,37606,-1507.6
221.8928,13,out,37602,-1489
221.897,13,out,37598,-1410
221.9016,13,out,37594,-1451.4
221.9055,13,out,37590,-1466.2
221.9103,13,out,37586,-1497.8
221.9143,13,out,37582,-1489.2
221.9183,13,out,37578,-1406.4
221.9223,13,out,37574,-1486.8
221.9274,13,out,37570,-1472.6
221.9315,13,out,37566,-1482.4
221.936,13,out,37562,-1425.2
221.9404,13,out,37558,-1487.2
221.9451,13,out,37554,-1492.4
221.9493,13,out,37550,-1488.8
221.9537,13,out,37546,-1454.6
221.9582,13,out,37542,-1475.6
221.963,13,out,37538,-1446.8
221.9677,13,out,37534,-1501.2
221.9716,13,out,37530,-1426.2
221.9758,13,out,37526,-1413.2
221.9801,13,out,37522,-1451.8
221.9843,13,out,37518,-1524.8
221.9887,13,out,37514,-1528.6
221.9931,13,out,37510,-1465.8
221.9979,13,out,37506,-1453.8
222.0023,13,out,37502,-1446
222.0064,13,out,37498,-1424
222.0112,13,out,37494,-1474
222.0161,13,out,37490,-1484.8
222.0212,13,out,37486,-1442.8
222.0262,13,out,37482,-1447.2
222.0313,13,out,37478,-1465.2
222.0362,13,out,37474,-1443.8
222.0406,13,out,37470,-1401.4
222.0457,13,out,37466,-1421
222.0511,13,out,37462,-1473.4
222.0563,13,out,37458,-1447.4
222.0609,13,out,37454,-1435.2
222.0661,13,out,37450,-1438.2
222.0712,13,out,37446,-1501.2
222.0763,13,out,37442,-1441.4
222.0813,13,out2,37392,-1456
222.0863,13,out2,37342,-1590.6
222.0914,13,out2,37292,-1490.2
222.0959,13,out2,37242,-1373
222.1007,13,out2,37192,-1419.6
222.1052,13,out2,37142,-1474.2
222.1101,13,out2,37092,-1472
222.1155,13,out2,37042,-1417.4
222.1207,13,out2,36992,-1404.2
222.1252,13,out2,36942,-1362.8
222.1301,13,out2,36892,-1372.6
222.135,13,out2,36842,-1473.4
222.1399,13,out2,36792,-1443.4
222.1445,13,out2,36742,-1451.8
222.1492,13,out2,36692,-1523.6
222.1538,13,out2,36642,-1507.4
222.1588,13,out2,36592,-1458.8
222.1637,13,out2,36542,-1486.4
222.1683,13,out2,36492,-1527.8
222.1724,13,out2,36442,-1423.2
222.1764,13,out2,36392,-1384
222.181,13,out2,36342,-1258.4
222.1854,13,out2,36292,-1318.6
222.1899,13,out2,36242,-1352.6
222.1945,13,out2,36192,-1270.8
222.2002,13,out2,36142,-1250.2
222.2049,13,out2,36092,-1228.6
222.2101,13,out2,36042,-1030.2
222.2151,13,out2,35992,-1038.8
222.2197,13,out2,35942,-1076.4
222.2246,13,out2,35892,-1074
222.2298,13,out2,35842,-902.2
222.2342,13,out2,35792,-1004.2
222.2389,13,out2,35742,-976.6
222.2433,13,out2,35692,-1057.2
222.2483,13,out2,35642,-900.6
222.2524,13,out2,35592,-989.8
222.2568,13,out2,35542,-877.8
222.261,13,out2,35492,-876.6
222.2649,13,out2,35442,-737.8
222.2688,13,out2,35392,-757.2
222.2732,13,out2,35342,-694.2
222.2777,13,out2,35292,-565.4
222.2821,13,out2,35242,-529.4
222.2861,13,out2,35192,-615.2
222.2906,13,out2,35142,-558.6
222.2952,13,out2,35092,-620.2
222.3003,13,out2,35042,-563.8
222.3042,13,out2,34992,-535.6
222.3084,13,out2,34942,-579
222.3124,13,out2,34892,-523.8
222.3168,13,out2,34842,-559.8
222.3215,13,out2,34792,-614.8
222.3254,13,out2,34742,-543.2
222.3295,13,out2,34692,-669.8
222.3336,13,out2,34642,-695.2
222.3377,13,out2,34592,-591.2
222.3422,13,out2,34542,-531.2
222.3462,13,out2,34492,-569.8
222.3501,13,out2,34442,-564.4
222.355,13,out2,34392,-410.4
222.3592,13,out2,34342,-403
222.3634,13,out2,34292,-330.8
222.3674,13,out2,34242,-353
222.3727,13,out2,34192,-382.6
222.3767,13,out2,34142,-280
222.3813,13,out2,34092,-369.8
222.386,13,out2,34042,-350.8
222.3904,13,out2,33992,-296.6
222.3947,13,out2,33942,-213
222.3989,13,out2,33892,-170.4
222.4032,13,out2,33842,-158.6
222.4085,13,out2,33792,-105
222.4125,14,in,33792,-45.8
222.4172,14,in,33796,-61.6
222.4212,14,in,33800,-126.4
222.4258,14,in,33804,-170.8
222.4303,14,in,33808,-131.2
222.4344,14,in,33812,-91.2
222.4391,14,in,33816,-85
222.4439,14,in,33820,-101.4
222.4483,14,in,33824,-68.6
222.4522,14,in,33828,-85.2
222.4562,14,in,33832,-120.2
222.4611,14,in,33836,-116.6
222.4651,14,in,33840,-134.6
222.469,14,in,33844,-108.4
222.4732,14,in,33848,-121.4
222.478,14,in,33852,-124
222.4824,14,in,33856,-109.2
222.4865,14,in,33860,-150
222.4911,14,in,33864,-158.4
222.4958,14,in,33868,-135.4
222.5004,14,in,33872,-185
222.5049,14,in,33876,-134.6
222.5096,14,in,33880,-90
222.515,14,in,33884,-136
222.5194,14,in,33888,-124.8
222.5235,14,in,33892,-164
222.5276,14,in,33896,-126.4
222.5327,14,in,33900,-129.4
222.5367,14,in,33904,-87.6
222.5408,14,in,33908,-107.8
222.5449,14,in,33912,-117.8
222.5502,14,in,33916,-159.6
222.5545,14,in,33920,-154
222.559,14,in,33924,-142.4
222.5635,14,in,33928,-67.6
222.5688,14,in,33932,-146.4
222.5726,14,in,33936,-139.2
222.5765,14,in,33940,-106.4
222.5815,14,in,33944,-166
222.5862,14,in,33948,-137.6
222.5905,14,in,33952,-157.4
222.5955,14,in,33956,-135
222.6007,14,in,33960,-122.6
222.6054,14,in,33964,-128
222.6105,14,in,33968,-162.2
222.6151,14,in,33972,-160.4
222.6196,14,in,33976,-141.6
222.6245,14,in,33980,-192.2
222.6291,14,in,33984,-139.4
222.6344,14,in,33988,-131.8
222.6392,14,in,33992,-202.4
222.644,14,in,33996,-210.4
222.6489,14,in,34000,-157.4
222.6539,14,in,34004,-168.2
222.6594,14,in,34008,-184.4
222.664,14,in,34012,-173
222.6689,14,in,34016,-185.2
222.6736,14,in,34020,-196.6
222.6784,14,in,34024,-112.6
222.6826,14,in,34028,-169.2
222.6868,14,in,34032,-155.8
222.6907,14,in,34036,-191.8
222.695,14,in,34040,-160.4
222.6994,14,in,34044,-136.6
222.7038,14,in,34048,-192.8
222.7085,14,in,34052,-169.4
222.7131,14,in,34056,-157
222.7172,14,in,34060,-157.8
222.7209,14,in,34064,-173.8
222.7247,14,in,34068,-170.4
222.7295,14,in,34072,-183
222.7339,14,in,34076,-117.2
222.738,14,in,34080,-194.2
222.7422,14,in,34084,-132.2
222.747,14,in,34088,-151.8
222.7514,14,in,34092,-162.4
222.7558,14,in,34096,-132.6
222.7602,14,in,34100,-148.2
222.7643,14,in,34104,-155.6
222.7686,14,in,34108,-168.4
222.7727,14,in,34112,-140
222.7767,14,in,34116,-100.6
222.7809,14,in,34120,-118.4
222.7847,14,in,34124,-129.2
222.7889,14,in,34128,-150.6
222.793,14,in,34132,-115.2
222.797,14,in,34136,-183.4
222.802,14,in,34140,-219.6
222.8067,14,in,34144,-166.8
222.8113,14,in,34148,-129.8
222.8156,14,in,34152,-143.4
222.8195,14,in,34156,-176.2
222.8229,14,in,34160,-178.8
222.8265,14,in,34164,-138.4
222.8302,14,in,34168,-168.4
222.8342,14,in,34172,-157.8
222.8382,14,in,34176,-173.6
222.8424,14,in,34180,-137.8
222.8464,14,in,34184,-201
222.851,14,in,34188,-163
222.8555,14,in,34192,-203.8
222.8601,14,in,34196,-181.8
222.8645,14,in,34200,-204.4
222.8699,14,in,34204,-216.4
222.8743,14,in,34208,-189.4
222.8785,14,in,34212,-216.8
222.8828,14,in,34216,-230.8
222.8872,14,in,34220,-234
222.8923,14,in,34224,-180.6
222.8964,14,in,34228,-179.4
222.9004,14,in,34232,-162.4
222.9045,14,in,34236,-148.2
222.9094,14,in,34240,-209.4
222.9134,14,in,34244,-186.4
222.9174,14,in,34248,-225.4
222.9225,14,in,34252,-181.6
222.927,14,in,34256,-211.6
222.9318,14,in,34260,-159
222.9362,14,in,34264,-148.8
222.941,14,in,34268,-210
222.9455,14,in,34272,-204.2
222.9495,14,in,34276,-187
222.9535,14,in,34280,-195.4
222.9575,14,in,34284,-151.2
222.9621,14,in,34288,-162.4
222.966,14,in,34292,-197.4
222.97,14,in,34296,-176.2
222.974,14,in,34300,-187.8
222.9785,14,in,34304,-170.8
222.9826,14,in,34308,-243.8
222.9871,14,in,34312,-195.2
222.9923,14,in,34316,-190.4
222.9974,14,in,34320,-238.8
223.0012,14,in,34324,-201.8
223.0055,14,in,34328,-196.6
223.0099,14,in,34332,-196
223.0158,14,in,34336,-186.2
223.0197,14,in,34340,-180.4
223.0245,14,in,34344,-185.2
223.0284,14,in,34348,-207.2
223.0333,14,in,34352,-176.2
223.0374,14,in,34356,-223.2
223.0416,14,in,34360,-200
223.0456,14,in,34364,-196.6
223.0502,14,in,34368,-204.6
223.0549,14,in,34372,-214
223.059,14,in,34376,-117.8
223.0629,14,in,34380,-138
223.0671,14,in,34384,-185
223.0712,14,in,34388,-252.2
223.0752,14,in,34392,-147.6
223.0792,14,in,34396,-138.2
223.0832,14,in,34400,-189.8
223.0885,14,in,34404,-204.4
223.0925,14,in,34408,-178.2
223.0967,14,in,34412,-139
223.1013,14,in,34416,-210.8
223.1068,14,in,34420,-172.4
223.1109,14,in,34424,-154.4
223.1155,14,in,34428,-154.4
223.1195,14,in,34432,-138
223.1246,14,in,34436,-171.8
223.1287,14,in,34440,-171
223.1331,14,in,34444,-189.2
223.1371,14,in,34448,-192.4
223.1424,14,in,34452,-171.8
223.1472,14,in,34456,-134.4
223.1515,14,in,34460,-180.4
223.1559,14,in,34464,-127.2
223.16,14,in,34468,-140.2
223.1639,14,in,34472,-191.4
223.1678,14,in,34476,-174
223.1718,14,in,34480,-225.4
223.1766,14,in,34484,-181.4
223.1811,14,in,34488,-207.4
223.1854,14,in,34492,-212.2
223.1897,14,in,34496,-146.2
223.1943,14,in,34500,-137.6
223.199,14,in,34504,-204.2
223.2032,14,in,34508,-170.6
223.2076,14,in,34512,-181.4
223.2128,14,in,34516,-143.6
223.2172,14,in,34520,-214.8
223.2212,14,in,34524,-214
223.2256,14,in,34528,-192
223.231,14,in,34532,-172
223.2356,14,in,34536,-225
223.2398,14,in,34540,-165.2
223.2438,14,in,34544,-118.6
223.248,14,in,34548,-209.8
223.2527,14,in,34552,-219
223.2571,14,in,34556,-165.4
223.2611,14,in,34560,-193.4
223.2654,14,in,34564,-130.6
223.2697,14,in,34568,-164.2
223.2737,14,in,34572,-210.2
223.2777,14,in,34576,-214.4
223.2821,14,in,34580,-232.2
223.2867,14,in,34584,-175.8
223.2912,14,in,34588,-172
223.2958,14,in,34592,-180.4
223.301,14,in,34596,-206
223.3052,14,in,34600,-150.4
223.3092,14,in,34604,-192.6
223.3133,14,in,34608,-184.2
223.3177,14,in,34612,-213
223.3226,14,in,34616,-196
223.327,14,in,34620,-211.2
223.3316,14,in,34624,-155.2
223.336,14,in,34628,-221
223.3406,14,in,34632,-169.4
223.3445,14,in,34636,-136.6
223.3486,14,in,34640,-208
223.3529,14,in,34644,-161.2
223.358,14,in,34648,-164.6
223.3624,14,in,34652,-134.6
223.367,14,in,34656,-146.4
223.371,14,in,34660,-172.2
223.376,14,in,34664,-142.4
223.38,14,in,34668,-159.8
223.3841,14,in,34672,-202.8
223.3882,14,in,34676,-212
223.3934,14,in,34680,-145.2
223.3974,14,in,34684,-208.4
223.4016,14,in,34688,-185.2
223.4058,14,in,34692,-196.6
223.4115,14,in,34696,-172
223.4162,14,in,34700,-163.4
223.4207,14,in,34704,-242.8
223.4248,14,in,34708,-219.2
223.4297,14,in,34712,-168.4
223.434,14,in,34716,-172
223.4379,14,in,34720,-200
223.4418,14,in,34724,-136.4
223.4469,14,in,34728,-199.6
223.4508,14,in,34732,-170.6
223.4549,14,in,34736,-186.4
223.4597,14,in,34740,-151.6
223.4648,14,in,34744,-162.6
223.4688,14,in,34748,-167.8
223.4728,14,in,34752,-199
223.477,14,in,34756,-201
223.4813,14,in,34760,-190
223.4857,14,in,34764,-175.8
223.49,14,in,34768,-208.6
223.4943,14,in,34772,-217.2
223.4982,14,in,34776,-198.2
223.503,14,in,34780,-180.2
223.5077,14,in,34784,-127.8
223.5119,14,in,34788,-211.8
223.516,14,in,34792,-227.2
223.5203,14,in,34796,-235.4
223.5244,14,in,34800,-186.2
223.5284,14,in,34804,-182.4
223.5326,14,in,34808,-212.8
223.5377,14,in,34812,-177
223.5415,14,in,34816,-218.8
223.5455,14,in,34820,-91.4
223.5497,14,in,34824,-192.8
223.555,14,in,34828,-175.8
223.5589,14,in,34832,-139.2
223.563,14,in,34836,-189
223.5671,14,in,34840,-170.8
223.5718,14,in,34844,-234.2
223.5766,14,in,34848,-170.8
223.5806,14,in,34852,-191.6
223.5853,14,in,34856,-188
223.5902,14,in,34860,-232.2
223.5945,14,in,34864,-143
223.5986,14,in,34868,-135.2
223.6028,14,in,34872,-236.4
223.608,14,in,34876,-199.6
223.6124,14,in,34880,-164.2
223.6166,14,in,34884,-191.8
223.6209,14,in,34888,-184.2
223.6258,14,in,34892,-179.8
223.6302,14,in,34896,-134
223.6339,14,in,34900,-202.8
223.6378,14,in,34904,-151
223.642,14,in,34908,-154.2
223.6467,14,in,34912,-185.6
223.6507,14,in,34916,-244.4
223.6559,14,in,34920,-201.2
223.6605,14,in,34924,-149.2
223.6646,14,in,34928,-178.4
223.6688,14,in,34932,-173.4
223.6729,14,in,34936,-230.4
223.6771,14,in,34940,-211.6
223.682,14,in,34944,-170
223.6867,14,in,34948,-179
223.6911,14,in,34952,-166.2
223.6953,14,in,34956,-164.4
223.6989,14,in,34960,-161.2
223.7024,14,in,34964,-205.8
223.7065,14,in,34968,-155.6
223.7102,14,in,34972,-175.2
223.7147,14,in,34976,-176.4
223.7185,14,in,34980,-158.8
223.7224,14,in,34984,-146.8
223.7262,14,in,34988,-148.4
223.7301,14,in,34992,-200.8
223.7342,14,in,34996,-190.2
223.7387,14,in,35000,-180.6
223.7426,14,in,35004,-171.6
223.7466,14,in,35008,-155.6
223.7521,14,in,35012,-209.6
223.7573,14,in,35016,-154.8
223.7615,14,in,35020,-178.4
223.7655,14,in,35024,-145.8
223.7694,14,in,35028,-178.8
223.7729,14,in,35032,-179.2
223.7767,14,in,35036,-148.2
223.7801,14,in,35040,-154.4
223.7841,14,in,35044,-156.2
223.788,14,in,35048,-188.2
223.7918,14,in,35052,-153
223.7959,14,in,35056,-168.2
223.7998,14,in,35060,-102.4
223.8056,14,in,35064,-131.8
223.8105,14,in,35068,-114.4
223.8148,14,in,35072,-91.8
223.8189,14,in,35076,-202.8
223.8224,14,in,35080,-165.2
223.8259,14,in,35084,-145
223.8295,14,in,35088,-158.8
223.8334,14,in,35092,-149.8
223.8373,14,in,35096,-222.4
223.841,14,in,35100,-155.2
223.8449,14,in,35104,-132.4
223.8489,14,in,35108,-200.6
223.8532,14,in,35112,-178
223.8589,14,in,35116,-160.6
223.8629,14,in,35120,-190
223.8669,14,in,35124,-153
223.871,14,in,35128,-139.2
223.8758,14,in,35132,-129
223.8801,14,in,35136,-149.4
223.8841,14,in,35140,-142.2
223.8882,14,in,35144,-172.6
223.8939,14,in,35148,-143
223.8978,14,in,35152,-114.4
223.9018,14,in,35156,-161.8
223.9061,14,in,35160,-167.2
223.9113,14,in,35164,-187
223.9155,14,in,35168,-159.2
223.9197,14,in,35172,-139.8
223.9241,14,in,35176,-135
223.9294,14,in,35180,-139.2
223.9333,14,in,35184,-196.6
223.9373,14,in,35188,-178.4
223.9414,14,in,35192,-177.8
223.9464,14,in,35196,-140
223.9507,14,in,35200,-133.2
223.9547,14,in,35204,-214.4
223.9594,14,in,35208,-239.2
223.9639,14,in,35212,-264.4
223.9682,14,in,35216,-255
223.9722,14,in,35220,-198
223.9768,14,in,35224,-239.6
223.9822,14,in,35228,-222
223.9861,14,in,35232,-232.4
223.9904,14,in,35236,-197
223.9949,14,in,35240,-176.8
224.0005,14,in,35244,-157.4
224.0045,14,in,35248,-175.6
224.0092,14,in,35252,-194.2
224.0134,14,in,35256,-144.2
224.0183,14,in,35260,-144.6
224.0232,14,in,35264,-144.4
224.0275,14,in,35268,-109.8
224.0317,14,in,35272,-230.2
224.0365,14,in,35276,-147.2
224.0412,14,in,35280,-154.2
224.0452,14,in,35284,-109.4
224.0493,14,in,35288,-147.2
224.0536,14,in,35292,-181.6
224.0584,14,in,35296,-179.8
224.0623,14,in,35300,-138.6
224.0664,14,in,35304,-192.6
224.0707,14,in,35308,-228.2
224.0754,14,in,35312,-181.8
224.0797,14,in,35316,-137.2
224.0837,14,in,35320,-170
224.0884,14,in,35324,-196
224.0927,14,in,35328,-177.6
224.0966,14,in,35332,-98.8
224.1014,14,in,35336,-162.4
224.1058,14,in,35340,-162.4
224.1106,14,in,35344,-157.2
224.1149,14,in,35348,-176.8
224.1196,14,in,35352,-168.8
224.1236,14,in,35356,-154.6
224.1278,14,in,35360,-133.2
224.1317,14,in,35364,-173.4
224.1359,14,in,35368,-192
224.1402,14,in,35372,-138.4
224.1452,14,in,35376,-158.4
224.1499,14,in,35380,-153.2
224.1538,14,in,35384,-182.4
224.1578,14,in,35388,-150.2
224.1625,14,in,35392,-155.2
224.1666,14,in,35396,-172.4
224.1709,14,in,35400,-174
224.1755,14,in,35404,-193.6
224.181,14,in,35408,-150.2
224.185,14,in,35412,-143.6
224.1892,14,in,35416,-182.4
224.1931,14,in,35420,-141
224.1981,14,in,35424,-145
224.2021,14,in,35428,-164.6
224.207,14,in,35432,-178.6
224.2113,14,in,35436,-189.4
224.2159,14,in,35440,-176
224.2203,14,in,35444,-170.4
224.2246,14,in,35448,-157.8
224.2292,14,in,35452,-173.2
224.2351,14,in,35456,-153.6
224.2393,14,in,35460,-229.6
224.2435,14,in,35464,-182.6
224.2479,14,in,35468,-137.4
224.2526,14,in,35472,-174.4
224.257,14,in,35476,-180.8
224.2609,14,in,35480,-154.2
224.2651,14,in,35484,-194.6
224.2701,14,in,35488,-192.8
224.275,14,in,35492,-163.8
224.279,14,in,35496,-174.6
224.2834,14,in,35500,-191.4
224.2884,14,in,35504,-194.4
224.2924,14,in,35508,-161.8
224.2964,14,in,35512,-219
224.3009,14,in,35516,-179
224.3065,14,in,35520,-203.6
224.3105,14,in,35524,-186.8
224.315,14,in,35528,-151.2
224.3189,14,in,35532,-171.4
224.3238,14,in,35536,-218.8
224.3289,14,in,35540,-228.6
224.3328,14,in,35544,-217.6
224.3371,14,in,35548,-221.8
224.3415,14,in,35552,-253
224.3456,14,in,35556,-244.4
224.3496,14,in,35560,-214.6
224.3537,14,in,35564,-233.4
224.358,14,in,35568,-194
224.3625,14,in,35572,-200.2
224.3672,14,in,35576,-236.2
224.3713,14,in,35580,-193
224.3752,14,in,35584,-194.6
224.3796,14,in,35588,-215.6
224.3841,14,in,35592,-211.2
224.3883,14,in,35596,-245.2
224.3922,14,in,35600,-232.6
224.3975,14,in,35604,-197
224.4016,14,in,35608,-227.8
224.4059,14,in,35612,-190.4
224.4098,14,in,35616,-194.2
224.4154,14,in,35620,-193.2
224.4199,14,in,35624,-229.2
224.4241,14,in,35628,-168.6
224.4283,14,in,35632,-184.4
224.4327,14,in,35636,-165.4
224.4366,14,in,35640,-222.8
224.4409,14,in,35644,-210.6
224.4452,14,in,35648,-197.8
224.4504,14,in,35652,-197.4
224.4545,14,in,35656,-197.8
224.4592,14,in,35660,-179.6
224.4636,14,in,35664,-214.8
224.4688,14,in,35668,-164
224.4727,14,in,35672,-177
224.4771,14,in,35676,-164.6
224.4816,14,in,35680,-167.8
224.487,14,in,35684,-188
224.4916,14,in,35688,-207.6
224.4955,14,in,35692,-139.6
224.4995,14,in,35696,-224.2
224.5042,14,in,35700,-212.2
224.5087,14,in,35704,-231.4
224.5123,14,in,35708,-157
224.5165,14,in,35712,-151
224.5214,14,in,35716,-197.6
224.5257,14,in,35720,-182.8
224.5299,14,in,35724,-202.2
224.5344,14,in,35728,-218.4
224.5385,14,in,35732,-219
224.5429,14,in,35736,-131.8
224.547,14,in,35740,-198.4
224.5513,14,in,35744,-232.4
224.556,14,in,35748,-220.2
224.5608,14,in,35752,-202
224.5651,14,in,35756,-162.8
224.5699,14,in,35760,-182.6
224.5737,14,in,35764,-245.8
224.5782,14,in,35768,-188.6
224.5826,14,in,35772,-167.8
224.5869,14,in,35776,-254.6
224.5914,14,in,35780,-216.4
224.5962,14,in,35784,-247.6
224.6003,14,in,35788,-178.4
224.6044,14,in,35792,-276.6
224.6085,14,in,35796,-277
224.6134,14,in,35800,-283
224.6175,14,in,35804,-266.2
224.6216,14,in,35808,-217
224.6264,14,in,35812,-216.6
224.6316,14,in,35816,-278
224.6362,14,in,35820,-312.6
224.6399,14,in,35824,-271.8
224.6442,14,in,35828,-259.4
224.6496,14,in,35832,-239.2
224.6535,14,in,35836,-247.6
224.6582,14,in,35840,-224.8
224.6627,14,in,35844,-260.4
224.6681,14,in,35848,-260.6
224.672,14,in,35852,-217
224.6761,14,in,35856,-228
224.6817,14,in,35860,-261.6
224.6864,14,in,35864,-231.2
224.6909,14,in,35868,-238.8
224.6952,14,in,35872,-275.2
224.6996,14,in,35876,-283.4
224.7034,14,in,35880,-249.4
224.707,14,in,35884,-248.4
224.7107,14,in,35888,-237.8
224.7145,14,in,35892,-244.6
224.7186,14,in,35896,-261.4
224.7229,14,in,35900,-308.2
224.7268,14,in,35904,-243.6
224.7308,14,in,35908,-290.6
224.7348,14,in,35912,-274
224.7404,14,in,35916,-224
224.7447,14,in,35920,-276.2
224.7492,14,in,35924,-286.4
224.7546,14,in,35928,-263.2
224.7589,14,in,35932,-231.4
224.7631,14,in,35936,-249.8
224.7673,14,in,35940,-260
224.7717,14,in,35944,-261.2
224.7756,14,in,35948,-284.2
224.7795,14,in,35952,-275.4
224.7836,14,in,35956,-318.6
224.7873,14,in,35960,-271.6
224.7914,14,in,35964,-276.2
224.7967,14,in,35968,-272.6
224.8014,14,in,35972,-285.2
224.806,14,in,35976,-239.4
224.8105,14,in,35980,-287.6
224.8142,14,in,35984,-245
224.8177,14,in,35988,-271.6
224.8218,14,in,35992,-303.2
224.8256,14,in,35996,-299.6
224.8295,14,in,36000,-294.4
224.8333,14,in,36004,-303.8
224.8375,14,in,36008,-288.6
224.8414,14,in,36012,-306
224.8462,14,in,36016,-261.8
224.8513,14,in,36020,-239.2
224.8556,14,in,36024,-239.4
224.8598,14,in,36028,-320.4
224.8654,14,in,36032,-325
224.8698,14,in,36036,-383.4
224.8745,14,in,36040,-336
224.8788,14,in,36044,-356.4
224.8838,14,in,36048,-339.2
224.8881,14,in,36052,-390.2
224.8921,14,in,36056,-338
224.8961,14,in,36060,-272.2
224.9015,14,in,36064,-345.8
224.9062,14,in,36068,-357.2
224.9108,14,in,36072,-379.4
224.9152,14,in,36076,-402.6
224.9207,14,in,36080,-426.2
224.925,14,in,36084,-396.6
224.9294,14,in,36088,-351.6
224.9336,14,in,36092,-432.6
224.9381,14,in,36096,-349.6
224.9423,14,in,36100,-373.4
224.9464,14,in,36104,-369.4
224.9506,14,in,36108,-305.4
224.956,14,in,36112,-371.2
224.9603,14,in,36116,-394.4
224.9644,14,in,36120,-388
224.9688,14,in,36124,-371
224.9735,14,in,36128,-402
224.9776,14,in,36132,-408.2
224.9822,14,in,36136,-331.4
224.9864,14,in,36140,-380.6
224.9912,14,in,36144,-333
224.9955,14,in,36148,-294
224.9996,14,in,36152,-298.4
225.0041,14,in,36156,-377.4
225.0093,14,in,36160,-352.4
225.0132,14,in,36164,-325.8
225.0177,14,in,36168,-402.2
225.0227,14,in,36172,-381.2
225.028,14,in,36176,-329
225.0319,14,in,36180,-365.2
225.0363,14,in,36184,-382.2
225.0401,14,in,36188,-365.8
225.045,14,in,36192,-393.4
225.0494,14,in,36196,-420
225.0537,14,in,36200,-435.4
225.0579,14,in,36204,-390.2
225.0631,14,in,36208,-443.2
225.067,14,in,36212,-445.6
225.0711,14,in,36216,-464.6
225.0753,14,in,36220,-474.6
225.0811,14,in,36224,-396.2
225.0851,14,in,36228,-379.4
225.0892,14,in,36232,-373.8
225.0934,14,in,36236,-384
225.0993,14,in,36240,-408.4
225.1029,14,in,36244,-392.2
225.1069,14,in,36248,-359.4
225.1111,14,in,36252,-400
225.1161,14,in,36256,-381.8
225.1203,14,in,36260,-351.6
225.1244,14,in,36264,-392.2
225.129,14,in,36268,-357.2
225.1343,14,in,36272,-443.4
225.1386,14,in,36276,-364.8
225.1434,14,in,36280,-423.2
225.1473,14,in,36284,-452.8
225.1517,14,in,36288,-458.6
225.1565,14,in,36292,-443.2
225.1613,14,in,36296,-458
225.1651,14,in,36300,-427.4
225.1703,14,in,36304,-495
225.1755,14,in,36308,-477.4
225.1795,14,in,36312,-457.2
225.1837,14,in,36316,-564.2
225.1894,14,in,36320,-532
225.1934,14,in,36324,-501.8
225.1977,14,in,36328,-545.8
225.2017,14,in,36332,-542.8
225.2066,14,in,36336,-517.6
225.2112,14,in,36340,-473.2
225.2152,14,in,36344,-517.6
225.2195,14,in,36348,-463.4
225.2252,14,in,36352,-451.4
225.2304,14,in,36356,-484
225.2344,14,in,36360,-518.2
225.2392,14,in,36364,-485.2
225.2438,14,in,36368,-513.2
225.2489,14,in,36372,-521.8
225.2538,14,in,36376,-491
225.2584,14,in,36380,-516.2
225.2634,14,in,36384,-538
225.268,14,in,36388,-483.6
225.2727,14,in,36392,-478
225.2772,14,in,36396,-519.8
225.2817,14,in,36400,-557.8
225.2866,14,in,36404,-584.8
225.2914,14,in,36408,-598.8
225.2968,14,in,36412,-583
225.3017,14,in,36416,-631.4
225.3069,14,in,36420,-643
225.3116,14,in,36424,-667.4
225.3159,14,in,36428,-617.8
225.3204,14,in,36432,-624.4
225.3254,14,in,36436,-582.4
225.3301,14,in,36440,-590.6
225.3343,14,in,36444,-595.6
225.3385,14,in,36448,-537.6
225.3432,14,in,36452,-571.4
225.3485,14,in,36456,-589.2
225.353,14,in,36460,-603.2
225.3575,14,in,36464,-575.2
225.3623,14,in,36468,-628.4
225.3684,14,in,36472,-669.6
225.373,14,in,36476,-655.6
225.3781,14,in,36480,-649
225.3826,14,in,36484,-658.6
225.3875,14,in,36488,-651.6
225.3924,14,in,36492,-633.4
225.3971,14,in,36496,-623
225.4022,14,in,36500,-627.4
225.4068,14,in,36504,-585
225.4117,14,in,36508,-655.8
225.416,14,in,36512,-609
225.4208,14,in,36516,-608.8
225.4253,14,in,36520,-608
225.4297,14,in,36524,-600.6
225.4349,14,in,36528,-574.4
225.4404,14,in,36532,-531.2
225.4448,14,in,36536,-568.6
225.45,14,in,36540,-554.2
225.4546,14,in,36544,-564.6
225.4596,14,in,36548,-582.2
225.4646,14,in,36552,-574.2
225.4693,14,in,36556,-629.2
225.4736,14,in,36560,-599.6
225.4778,14,in,36564,-578.8
225.4829,14,in,36568,-547.6
225.4875,14,in,36572,-541.8
225.4921,14,in,36576,-506.2
225.4967,14,in,36580,-532.8
225.5015,14,in,36584,-501.6
225.5063,14,in,36588,-555.2
225.5112,14,in,36592,-486.8
225.5157,14,in,36596,-607.2
225.5202,14,in,36600,-627.6
225.5248,14,in,36604,-573.4
225.53,14,in,36608,-522
225.5353,14,in,36612,-648.2
225.5395,14,in,36616,-594.2
225.5444,14,in,36620,-581.6
225.549,14,in,36624,-618.6
225.5533,14,in,36628,-562
225.5573,14,in,36632,-587.2
225.5615,14,in,36636,-529.8
225.5662,14,in,36640,-585.6
225.5707,14,in,36644,-592.8
225.5747,14,in,36648,-585.6
225.5791,14,in,36652,-593.8
225.584,14,in,36656,-632.4
225.5882,14,in,36660,-631.2
225.5926,14,in,36664,-605.4
225.5965,14,in,36668,-637
225.6009,14,in,36672,-601.4
225.605,14,in,36676,-710.4
225.6089,14,in,36680,-615.4
225.6129,14,in,36684,-681.8
225.6168,14,in,36688,-745
225.6215,14,in,36692,-702.4
225.6258,14,in,36696,-689.4
225.6302,14,in,36700,-681.2
225.6342,14,in,36704,-723.6
225.6387,14,in,36708,-755.6
225.6431,14,in,36712,-715
225.648,14,in,36716,-643.2
225.6525,14,in,36720,-725.2
225.6568,14,in,36724,-671.8
225.6608,14,in,36728,-709.4
225.6648,14,in,36732,-690
225.6688,14,in,36736,-686.2
225.6738,14,in,36740,-646.2
225.6781,14,in,36744,-742.4
225.6822,14,in,36748,-783
225.6867,14,in,36752,-706.8
225.6922,14,in,36756,-718.2
225.696,14,in,36760,-735
225.6996,14,in,36764,-800.2
225.7032,14,in,36768,-771
225.7068,14,in,36772,-761.4
225.7107,14,in,36776,-738
225.7146,14,in,36780,-764.2
225.7183,14,in,36784,-773.8
225.7223,14,in,36788,-845
225.7271,14,in,36792,-823.8
225.7317,14,in,36796,-748.8
225.7364,14,in,36800,-759.2
225.7412,14,in,36804,-763.2
225.746,14,in,36808,-788.4
225.7504,14,in,36812,-737
225.7546,14,in,36816,-736.4
225.7584,14,in,36820,-695.6
225.7623,14,in,36824,-746.4
225.766,14,in,36828,-746
225.7696,14,in,36832,-870.6
225.7734,14,in,36836,-878
225.7781,14,in,36840,-869.6
225.7824,14,in,36844,-848.6
225.7868,14,in,36848,-884.8
225.7907,14,in,36852,-893.8
225.795,14,in,36856,-843.6
225.8,14,in,36860,-907.2
225.8042,14,in,36864,-877.2
225.8088,14,in,36868,-763.6
225.8129,14,in,36872,-728.2
225.8171,14,in,36876,-770.6
225.8217,14,in,36880,-768
225.8263,14,in,36884,-668
225.8313,14,in,36888,-703.8
225.8363,14,in,36892,-726.6
225.8411,14,in,36896,-791.8
225.8463,14,in,36900,-728.6
225.8517,14,in,36904,-753.2
225.856,14,in,36908,-757.4
225.8604,14,in,36912,-713.2
225.8647,14,in,36916,-742.4
225.8701,14,in,36920,-745.4
225.8744,14,in,36924,-767
225.8788,14,in,36928,-696.2
225.8832,14,in,36932,-832.8
225.8879,14,in,36936,-898.8
225.8924,14,in,36940,-868.2
225.8973,14,in,36944,-876.2
225.9019,14,in,36948,-878.4
225.9071,14,in,36952,-891.2
225.9115,14,in,36956,-823.4
225.9162,14,in,36960,-884.4
225.9207,14,in,36964,-953.8
225.9257,14,in,36968,-976
225.9304,14,in,36972,-977.6
225.9347,14,in,36976,-957.4
225.9391,14,in,36980,-1056
225.9444,14,out,36976,-999.8
225.9488,14,out,36972,-932.2
225.9532,14,out,36968,-921
225.9576,14,out,36964,-947.8
225.9633,14,out,36960,-884
225.968,14,out,36956,-908.2
225.973,14,out,36952,-968.6
225.9782,14,out,36948,-983.2
225.9831,14,out,36944,-940.6
225.9881,14,out,36940,-969.6
225.9927,14,out,36936,-888.4
225.9977,14,out,36932,-959.2
226.0025,14,out,36928,-967
226.0076,14,out,36924,-917.8
226.012,14,out,36920,-953.4
226.018,14,out,36916,-937.2
226.0228,14,out,36912,-994.2
226.0273,14,out,36908,-967.8
226.0311,14,out,36904,-955.6
226.0356,14,out,36900,-974.6
226.0396,14,out,36896,-906.8
226.0441,14,out,36892,-914
226.0487,14,out,36888,-961.4
226.0529,14,out,36884,-947
226.057,14,out,36880,-925.8
226.0613,14,out,36876,-879
226.0657,14,out,36872,-877
226.0707,14,out,36868,-851.6
226.0748,14,out,36864,-836.8
226.0786,14,out,36860,-865.6
226.0828,14,out,36856,-915.2
226.0878,14,out,36852,-880.8
226.0922,14,out,36848,-907.4
226.0964,14,out,36844,-955.6
226.1009,14,out,36840,-905.4
226.1057,14,out,36836,-945.8
226.11,14,out,36832,-918.4
226.1142,14,out,36828,-886.6
226.1186,14,out,36824,-938.8
226.1229,14,out,36820,-958.2
226.127,14,out,36816,-908.4
226.131,14,out,36812,-908
226.135,14,out,36808,-876.6
226.1397,14,out,36804,-870.8
226.1444,14,out,36800,-895.2
226.1487,14,out,36796,-900
226.153,14,out,36792,-834.8
226.158,14,out,36788,-871
226.1629,14,out,36784,-888
226.1676,14,out,36780,-876.4
226.1725,14,out,36776,-926
226.1773,14,out,36772,-904.2
226.1828,14,out,36768,-931.4
226.1881,14,out,36764,-962
226.1935,14,out,36760,-901.4
226.1986,14,out,36756,-847.8
226.2038,14,out,36752,-826.8
226.2091,14,out,36748,-933.6
226.2136,14,out,36744,-975.2
226.2188,14,out,36740,-953
226.2235,14,out,36736,-969.8
226.2282,14,out,36732,-897.6
226.2323,14,out,36728,-977.2
226.2369,14,out,36724,-976.8
226.2416,14,out,36720,-979.6
226.2462,14,out,36716,-966.8
226.2512,14,out,36712,-958.2
226.2555,14,out,36708,-959.2
226.2602,14,out,36704,-906
226.2651,14,out,36700,-951.6
226.2703,14,out,36696,-959.6
226.2748,14,out,36692,-956.4
226.2795,14,out,36688,-951.6
226.2844,14,out,36684,-977.2
226.2889,14,out,36680,-953.6
226.2933,14,out,36676,-958.4
226.2976,14,out,36672,-892.2
226.3026,14,out,36668,-971.2
226.3074,14,out,36664,-1015.2
226.3119,14,out,36660,-969
226.3167,14,out,36656,-1010.4
226.321,14,out,36652,-975.8
226.3257,14,out,36648,-1005.8
226.3304,14,out,36644,-954
226.3347,14,out,36640,-931
226.3398,14,out,36636,-995
226.3443,14,out,36632,-985.4
226.3491,14,out,36628,-1003.4
226.3535,14,out,36624,-1047.4
226.3577,14,out,36620,-1051.6
226.3624,14,out,36616,-986.4
226.3672,14,out,36612,-1014
226.3715,14,out,36608,-1040
226.376,14,out,36604,-987.4
226.3809,14,out,36600,-1021
226.3859,14,out,36596,-1073
226.3906,14,out,36592,-999
226.395,14,out,36588,-1020.8
226.3995,14,out,36584,-1074.8
226.404,14,out,36580,-1094.2
226.4086,14,out,36576,-1091.6
226.4131,14,out,36572,-1056.4
226.4177,14,out,36568,-1094
226.4227,14,out,36564,-1078.6
226.4277,14,out,36560,-1055.2
226.4322,14,out,36556,-1042
226.4364,14,out,36552,-1106.8
226.4413,14,out,36548,-1049.2
226.446,14,out,36544,-1107.6
226.451,14,out,36540,-1034.6
226.4556,14,out,36536,-1044.4
226.4608,14,out,36532,-1043
226.4655,14,out,36528,-1092
226.4701,14,out,36524,-1093
226.4744,14,out,36520,-1095.4
226.4789,14,out,36516,-1054.6
226.4835,14,out,36512,-1087
226.4883,14,out,36508,-1120.6
226.493,14,out,36504,-1101.8
226.4973,14,out,36500,-1060.8
226.5019,14,out,36496,-1110
226.5062,14,out,36492,-1074
226.5115,14,out,36488,-1105
226.5159,14,out,36484,-1160.2
226.52,14,out,36480,-1088.6
226.5243,14,out,36476,-1069.4
226.5282,14,out,36472,-1127.2
226.5323,14,out,36468,-1075.4
226.5368,14,out,36464,-1104
226.5408,14,out,36460,-1107.4
226.545,14,out,36456,-1089.8
226.549,14,out,36452,-1026.2
226.554,14,out,36448,-1097.8
226.5581,14,out,36444,-1017.8
226.5621,14,out,36440,-1097.2
226.5665,14,out,36436,-1141.6
226.5714,14,out,36432,-1141.2
226.5757,14,out,36428,-1086.6
226.5803,14,out,36424,-1160
226.5843,14,out,36420,-1082.8
226.5886,14,out,36416,-1085.2
226.593,14,out,36412,-1080.2
226.5969,14,out,36408,-1052.8
226.6008,14,out,36404,-1127
226.6046,14,out,36400,-1151.4
226.6094,14,out,36396,-990.4
226.6136,14,out,36392,-1061.2
226.6177,14,out,36388,-1064.8
226.6219,14,out,36384,-976.6
226.6262,14,out,36380,-993.2
226.6301,14,out2,36330,-974.8
226.6345,14,out2,36280,-955.6
226.6388,14,out2,36230,-956.2
226.644,14,out2,36180,-985.4
226.6486,14,out2,36130,-1032.8
226.653,14,out2,36080,-1023.4
226.6568,14,out2,36030,-986
226.6612,14,out2,35980,-983.2
226.6658,14,out2,35930,-1017.8
226.6701,14,out2,35880,-1033.4
226.6743,14,out2,35830,-962.6
226.6786,14,out2,35780,-960
226.6832,14,out2,35730,-1013.6
226.6878,14,out2,35680,-980
226.6923,14,out2,35630,-1007.2
226.6968,14,out2,35580,-967.4
226.7013,14,out2,35530,-1003
226.706,14,out2,35480,-1010.2
226.7108,14,out2,35430,-952.2
226.7156,14,out2,35380,-885
226.7201,14,out2,35330,-966.2
226.7252,14,out2,35280,-938
226.73,14,out2,35230,-924.2
226.7353,14,out2,35180,-909.6
226.74,14,out2,35130,-880.2
226.7449,14,out2,35080,-811.6
226.7496,14,out2,35030,-928.6
226.7541,14,out2,34980,-986.4
226.7581,14,out2,34930,-930
226.7624,14,out2,34880,-859.8
226.7665,14,out2,34830,-780.2
226.7704,14,out2,34780,-886.8
226.7744,14,out2,34730,-863.6
226.7784,14,out2,34680,-801
226.7822,14,out2,34630,-749.6
226.7866,14,out2,34580,-685.2
226.7909,14,out2,34530,-592.8
226.7949,14,out2,34480,-659.8
226.7996,14,out2,34430,-601
226.8043,14,out2,34380,-591
226.8086,14,out2,34330,-583.2
226.813,14,out2,34280,-585.4
226.8172,14,out2,34230,-562.8
226.8222,14,out2,34180,-608.6
226.8273,14,out2,34130,-438.8
226.832,14,out2,34080,-453.6
226.8368,14,out2,34030,-336.2
226.8416,14,out2,33980,-258.8
226.8459,14,out2,33930,-226
226.8506,14,out2,33880,-226.6
226.8555,14,out2,33830,-317.8
226.8604,14,out2,33780,-316.8
226.8649,14,out2,33730,-410.8
226.87,14,out2,33680,-476.4
226.875,14,out2,33630,-544
226.8796,14,out2,33580,-732
226.8843,14,out2,33530,-676.2
226.8888,14,out2,33480,-754.2
226.8937,14,out2,33430,-760.4
226.8983,14,out2,33380,-801.6
226.903,14,out2,33330,-852.2
226.9084,14,out2,33280,-858
226.9131,14,out2,33230,-895.6
226.9185,14,out2,33180,-903.4
226.9241,14,out2,33130,-910.8
226.9289,14,out2,33080,-878.2
226.934,14,out2,33030,-894.4
226.9392,14,out2,32980,-913
226.9436,14,out2,32930,-912.6
226.9491,14,out2,32880,-889.4
226.9537,14,out2,32830,-884.2
226.9586,14,out2,32780,-866
226.9638,14,out2,32730,-863
226.9685,14,out2,32680,-849.6
226.9729,14,out2,32630,-838.6
226.9775,14,out2,32580,-834.6
226.9833,14,out2,32530,-818.8
226.9884,14,out2,32480,-857.6
226.9932,14,out2,32430,-808
226.9976,14,out2,32380,-862.6
227.0028,14,out2,32330,-876.2
227.0075,14,out2,32280,-841.2
227.0123,14,out2,32230,-816.8
227.0167,14,out2,32180,-918.6
227.0219,14,out2,32130,-884
227.0263,14,out2,32080,-808.6
227.0312,14,out2,32030,-686.6
227.0358,14,out2,31980,-756.2
227.0402,14,out2,31930,-712
227.0451,14,out2,31880,-676.4
227.0501,14,out2,31830,-723.2
227.055,14,out2,31780,-552.6
227.0597,14,out2,31730,-557.2
227.0642,14,out2,31680,-426.4
227.0684,14,out2,31630,-530.8
227.0733,14,out2,31580,-424
227.0777,14,out2,31530,-511
227.0821,14,out2,31480,-353
227.0866,14,out2,31430,-339.6
227.0913,14,out2,31380,-226.8
227.0952,14,out2,31330,-182.8
227.0998,14,out2,31280,-180.2
227.1049,14,out2,31230,-158.8
227.1096,14,out2,31180,-117.4
227.1133,15,in,31180,-85.6
227.1175,15,in,31184,-151
227.1219,15,in,31188,-95.6
227.1264,15,in,31192,-53.8
227.1313,15,in,31196,-74.2
227.1355,15,in,31200,-206
227.1398,15,in,31204,-130.4
227.1446,15,in,31208,-147
227.1498,15,in,31212,-112
227.1551,15,in,31216,-179.6
227.1596,15,in,31220,-172.4
227.1639,15,in,31224,-176.6
227.1684,15,in,31228,-266.4
227.1727,15,in,31232,-120
227.1767,15,in,31236,-37.4
227.1817,15,in,31240,-93
227.1858,15,in,31244,-126.4
227.1902,15,in,31248,-124.8
227.1945,15,in,31252,-86.4
227.2002,15,in,31256,-72.8
227.2041,15,in,31260,-306.4
227.2083,15,in,31264,-429.8
227.2126,15,in,31268,-402.4
227.2177,15,in,31272,-459.2
227.222,15,in,31276,-459
227.2261,15,in,31280,-458.6
227.2306,15,in,31284,-449.8
227.235,15,in,31288,-459.4
227.2392,15,in,31292,-474.8
227.2436,15,in,31296,-427
227.2483,15,in,31300,-428.6
227.2538,15,in,31304,-440.8
227.2579,15,in,31308,-415.6
227.263,15,in,31312,-433.4
227.2672,15,in,31316,-409.8
227.2722,15,in,31320,-449.6
227.2761,15,in,31324,-405.2
227.2801,15,in,31328,-350.2
227.2842,15,in,31332,-398
227.2892,15,in,31336,-449
227.2934,15,in,31340,-462
227.2978,15,in,31344,-411.6
227.302,15,in,31348,-406.8
227.3069,15,in,31352,-464
227.3112,15,in,31356,-463.4
227.3157,15,in,31360,-435.2
227.3201,15,in,31364,-389.4
227.3252,15,in,31368,-442.4
227.3293,15,in,31372,-409.8
227.3336,15,in,31376,-428.8
227.3381,15,in,31380,-483.4
227.3424,15,in,31384,-426.6
227.3464,15,in,31388,-456.8
227.3506,15,in,31392,-463.8
227.3551,15,in,31396,-482.4
227.3602,15,in,31400,-420.2
227.3643,15,in,31404,-417
227.3686,15,in,31408,-461.4
227.3731,15,in,31412,-446.8
227.3782,15,in,31416,-449.8
227.3825,15,in,31420,-450
227.3873,15,in,31424,-432.8
227.3919,15,in,31428,-468
227.3965,15,in,31432,-438.6
227.4009,15,in,31436,-443.8
227.405,15,in,31440,-495.6
227.4092,15,in,31444,-503.4
227.4137,15,in,31448,-477.4
227.4186,15,in,31452,-466.6
227.4228,15,in,31456,-483.6
227.427,15,in,31460,-481.2
227.4321,15,in,31464,-506
227.4367,15,in,31468,-452.2
227.4413,15,in,31472,-490.6
227.4456,15,in,31476,-453.8
227.4507,15,in,31480,-469.4
227.4552,15,in,31484,-510.4
227.4596,15,in,31488,-440.2
227.4641,15,in,31492,-490.2
227.4691,15,in,31496,-545
227.4738,15,in,31500,-509.6
227.4779,15,in,31504,-545.4
227.482,15,in,31508,-532.4
227.4872,15,in,31512,-526
227.4913,15,in,31516,-529.4
227.4956,15,in,31520,-502.6
227.4996,15,in,31524,-522.2
227.5043,15,in,31528,-509.6
227.509,15,in,31532,-518.6
227.5133,15,in,31536,-534.2
227.5174,15,in,31540,-520.4
227.5228,15,in,31544,-550
227.5273,15,in,31548,-534.8
227.5314,15,in,31552,-578.6
227.5358,15,in,31556,-550.4
227.5411,15,in,31560,-552
227.5452,15,in,31564,-573.8
227.5492,15,in,31568,-561.6
227.5539,15,in,31572,-518.8
227.559,15,in,31576,-526.8
227.563,15,in,31580,-477.6
227.5673,15,in,31584,-577.2
227.5715,15,in,31588,-469.2
227.5769,15,in,31592,-163.6
227.5807,15,in,31596,-199.8
227.5848,15,in,31600,-187.4
227.5895,15,in,31604,-221
227.5943,15,in,31608,-198.4
227.5988,15,in,31612,-251.2
227.6033,15,in,31616,-216.6
227.6076,15,in,31620,-236.8
227.6129,15,in,31624,-162.4
227.6175,15,in,31628,-205.8
227.6216,15,in,31632,-478.2
227.6259,15,in,31636,-218.8
227.6306,15,in,31640,-181.2
227.635,15,in,31644,-239.8
227.6389,15,in,31648,-237
227.6431,15,in,31652,-198
227.6476,15,in,31656,-199.6
227.6517,15,in,31660,-195.6
227.6559,15,in,31664,-256
227.6603,15,in,31668,-176.4
227.6647,15,in,31672,-219
227.669,15,in,31676,-189
227.673,15,in,31680,-208
227.6769,15,in,31684,-196
227.6812,15,in,31688,-182.4
227.6851,15,in,31692,-223
227.6889,15,in,31696,-193
227.6926,15,in,31700,-223.2
227.6973,15,in,31704,-207.8
227.7016,15,in,31708,-172.6
227.706,15,in,31712,-204.2
227.711,15,in,31716,-197.6
227.7151,15,in,31720,-198.6
227.7201,15,in,31724,-204.4
227.7241,15,in,31728,-232.4
227.7281,15,in,31732,-181.2
227.7323,15,in,31736,-219.4
227.7368,15,in,31740,-268.6
227.7411,15,in,31744,-270.4
227.7453,15,in,31748,-254
227.75,15,in,31752,-205.4
227.7544,15,in,31756,-231.8
227.759,15,in,31760,-199
227.7633,15,in,31764,-194.8
227.7671,15,in,31768,-244.8
227.7711,15,in,31772,-209.2
227.7754,15,in,31776,-193.2
227.7791,15,in,31780,-228.6
227.7828,15,in,31784,-255.8
227.7871,15,in,31788,-286.6
227.7915,15,in,31792,-270.4
227.7959,15,in,31796,-249.8
227.8002,15,in,31800,-278.6
227.8049,15,in,31804,-259
227.8103,15,in,31808,-214.2
227.815,15,in,31812,-260
227.8196,15,in,31816,-217
227.8241,15,in,31820,-289.2
227.8284,15,in,31824,-160.6
227.8327,15,in,31828,-159.6
227.8373,15,in,31832,-156.2
227.842,15,in,31836,-121
227.8465,15,in,31840,-114.2
227.8511,15,in,31844,-131.8
227.8558,15,in,31848,-129.6
227.8612,15,in,31852,-180
227.8657,15,in,31856,-153.8
227.8709,15,in,31860,-410.8
227.8757,15,in,31864,-272.2
227.8814,15,in,31868,-215
227.8862,15,in,31872,-196.4
227.8917,15,in,31876,-229.8
227.8972,15,in,31880,-249.6
227.9023,15,in,31884,-218.8
227.9076,15,in,31888,-186.6
227.9122,15,in,31892,-235.4
227.9176,15,in,31896,-371.6
227.9223,15,in,31900,-305.2
227.9273,15,in,31904,-271.8
227.9319,15,in,31908,-322.8
227.9364,15,in,31912,-281
227.9411,15,in,31916,-325.2
227.9461,15,in,31920,-247.2
227.9511,15,in,31924,-505.4
227.9559,15,in,31928,-257.8
227.961,15,in,31932,-265
227.966,15,in,31936,-395.4
227.9709,15,in,31940,-380
227.9754,15,in,31944,-322.6
227.98,15,in,31948,-231.6
227.9847,15,in,31952,-376
227.9899,15,in,31956,-359.6
227.9944,15,in,31960,-305
227.9991,15,in,31964,-272.8
228.0041,15,in,31968,-304.4
228.0084,15,in,31972,-272.8
228.0129,15,in,31976,-242.2
228.0169,15,in,31980,-281.8
228.021,15,in,31984,-299.6
228.0254,15,in,31988,-272.4
228.0297,15,in,31992,-237
228.034,15,in,31996,-318.8
228.0381,15,in,32000,-220
228.0424,15,in,32004,-251.8
228.0467,15,in,32008,-277.8
228.0511,15,in,32012,-326.6
228.0554,15,in,32016,-330.4
228.0605,15,in,32020,-282.8
228.0649,15,in,32024,-272
228.07,15,in,32028,-309.4
228.0742,15,in,32032,-352.2
228.079,15,in,32036,-303.8
228.0833,15,in,32040,-357.2
228.0875,15,in,32044,-355.6
228.0916,15,in,32048,-293.8
228.0966,15,in,32052,-329.2
228.1006,15,in,32056,-309.4
228.1049,15,in,32060,-366.4
228.1092,15,in,32064,-349.4
228.1147,15,in,32068,-302
228.1191,15,in,32072,-332.2
228.1238,15,in,32076,-301.6
228.1282,15,in,32080,-284.8
228.1323,15,in,32084,-386.4
228.1364,15,in,32088,-425
228.1406,15,in,32092,-367
228.1448,15,in,32096,-287.8
228.1503,15,in,32100,-313.8
228.1549,15,in,32104,-299.6
228.1591,15,in,32108,-332
228.1638,15,in,32112,-284.8
228.1692,15,in,32116,-379.8
228.1742,15,in,32120,-309.8
228.1796,15,in,32124,-263.4
228.185,15,in,32128,-281.4
228.1897,15,in,32132,-295
228.1942,15,in,32136,-286
228.1991,15,in,32140,-280.8
228.2045,15,in,32144,-431.8
228.2099,15,in,32148,-297.8
228.2145,15,in,32152,-289.2
228.2192,15,in,32156,-285.8
228.2238,15,in,32160,-294
228.2281,15,in,32164,-304.8
228.2326,15,in,32168,-309
228.2373,15,in,32172,-295.8
228.2424,15,in,32176,-299.2
228.2471,15,in,32180,-332.2
228.2513,15,in,32184,-309.8
228.2564,15,in,32188,-311.8
228.2616,15,in,32192,-254
228.2658,15,in,32196,-453.2
228.27,15,in,32200,-437.4
228.274,15,in,32204,-484
228.2781,15,in,32208,-401.2
228.2821,15,in,32212,-440.4
228.2862,15,in,32216,-441.6
228.2903,15,in,32220,-153.8
228.295,15,in,32224,-473
228.2991,15,in,32228,-459.6
228.3036,15,in,32232,-197
228.3076,15,in,32236,-251
228.3123,15,in,32240,-240.4
228.3202,15,in,32244,-273.2
228.3257,15,in,32248,-225.6
228.3309,15,in,32252,-251
228.3356,15,in,32256,-276.8
228.3411,15,in,32260,-148.4
228.3468,15,in,32264,-205.2
228.3521,15,in,32268,-128
228.3574,15,in,32272,-256.8
228.363,15,in,32276,-187.4
228.3674,15,in,32280,-243.4
228.3724,15,in,32284,-240.2
228.3777,15,in,32288,-265.4
228.3825,15,in,32292,-269.8
228.3884,15,in,32296,-221.4
228.3931,15,in,32300,-171.6
228.3989,15,in,32304,-76.2
228.4041,15,in,32308,-75.6
228.4097,15,in,32312,-58.4
228.4157,15,in,32316,-88.2
228.4208,15,in,32320,-86.8
228.4262,15,in,32324,-86.2
228.4317,15,in,32328,-117.8
228.4365,15,in,32332,-78.4
228.4419,15,in,32336,-74
228.4474,15,in,32340,-118.4
228.4535,15,in,32344,-94.4
228.4585,15,in,32348,-81.6
228.4638,15,in,32352,-71.2
228.4685,15,in,32356,-111
228.4735,15,in,32360,-104.2
228.4782,15,in,32364,-84.4
228.4836,15,in,32368,-106.6
228.4881,15,in,32372,-85.6
228.493,15,in,32376,-181.8
228.4981,15,in,32380,-192.6
228.5027,15,in,32384,-210.2
228.508,15,in,32388,-183
228.5126,15,in,32392,-202.4
228.5179,15,in,32396,-194.4
228.5228,15,in,32400,-424.2
228.5276,15,in,32404,-273.2
228.5321,15,in,32408,-438.6
228.5375,15,in,32412,-169.2
228.5425,15,in,32416,-182.4
228.5474,15,in,32420,-417.8
228.5521,15,in,32424,-337.2
228.557,15,in,32428,-401
228.5622,15,in,32432,-422.4
228.5673,15,in,32436,-394.4
228.5723,15,in,32440,-377.6
228.5773,15,in,32444,-352.4
228.5819,15,in,32448,-368.2
228.5866,15,in,32452,-386
228.5913,15,in,32456,-464.6
228.5962,15,in,32460,-462.6
228.6011,15,in,32464,-265.8
228.6057,15,in,32468,-298
228.6104,15,in,32472,-473.4
228.6152,15,in,32476,-456.2
228.62,15,in,32480,-186.4
228.6252,15,in,32484,-408.8
228.63,15,in,32488,-203.8
228.6352,15,in,32492,-233.4
228.6403,15,in,32496,-281.8
228.6455,15,in,32500,-176.6
228.6499,15,in,32504,-484
228.655,15,in,32508,-469.6
228.6595,15,in,32512,-268.6
228.6643,15,in,32516,-214.8
228.6692,15,in,32520,-420.4
228.6741,15,in,32524,-131.2
228.6789,15,in,32528,-398.2
228.6834,15,in,32532,-442.4
228.6875,15,in,32536,-462.8
228.6914,15,in,32540,-364
228.6961,15,in,32544,-282.2
228.7004,15,in,32548,-344.6
228.7049,15,in,32552,-374
228.7097,15,in,32556,-310.4
228.7145,15,in,32560,-371
228.7195,15,in,32564,-391.6
228.7248,15,in,32568,-426.4
228.7297,15,in,32572,-305.4
228.7345,15,in,32576,-383.6
228.7399,15,in,32580,-419.6
228.7444,15,in,32584,-408.6
228.749,15,in,32588,-417.6
228.7535,15,in,32592,-430.8
228.7578,15,in,32596,-395.8
228.7623,15,in,32600,-382
228.7667,15,in,32604,-193.4
228.7709,15,in,32608,-393.4
228.7747,15,in,32612,-307.8
228.7787,15,in,32616,-315.6
228.7823,15,in,32620,-324
228.7862,15,in,32624,-318.2
228.79,15,in,32628,-431.8
228.7938,15,in,32632,-366.8
228.799,15,in,32636,-368
228.804,15,in,32640,-298.2
228.8084,15,in,32644,-304.4
228.8126,15,in,32648,-337.8
228.8165,15,in,32652,-375.6
228.8204,15,in,32656,-364.4
228.8244,15,in,32660,-425.6
228.8296,15,in,32664,-428
228.8347,15,in,32668,-382.8
228.8392,15,in,32672,-313
228.8441,15,in,32676,-279.6
228.8488,15,in,32680,-306.2
228.8538,15,in,32684,-264
228.8584,15,in,32688,-246.8
228.8634,15,in,32692,-197.6
228.8679,15,in,32696,-240.8
228.8726,15,in,32700,-246.6
228.8771,15,in,32704,-245.8
228.8815,15,in,32708,-230.8
228.8862,15,in,32712,-272.6
228.891,15,in,32716,-254.2
228.8958,15,in,32720,-221.6
228.9005,15,in,32724,-234.2
228.9059,15,in,32728,-261.8
228.91,15,in,32732,-194.6
228.9147,15,in,32736,-265
228.9194,15,in,32740,-268.8
228.924,15,in,32744,-269.4
228.9292,15,in,32748,-251.4
228.9339,15,in,32752,-262
228.9389,15,in,32756,-246.6
228.9436,15,in,32760,-257.4
228.9481,15,in,32764,-218.4
228.9532,15,in,32768,-260
228.9581,15,in,32772,-274.6
228.9622,15,in,32776,-273.2
228.9662,15,in,32780,-279.6
228.9709,15,in,32784,-259.2
228.9754,15,in,32788,-226.8
228.9799,15,in,32792,-220
228.984,15,in,32796,-269.8
228.9882,15,in,32800,-286.8
228.9927,15,in,32804,-218.2
228.9971,15,in,32808,-173.2
229.0012,15,in,32812,-259.2
229.0056,15,in,32816,-229.2
229.0098,15,in,32820,-202.8
229.0144,15,in,32824,-142.6
229.0193,15,in,32828,-194.6
229.0234,15,in,32832,-169.4
229.0277,15,in,32836,-250.4
229.0319,15,in,32840,-278.6
229.0361,15,in,32844,-235
229.0401,15,in,32848,-271.2
229.0444,15,in,32852,-189.8
229.0497,15,in,32856,-228.2
229.0538,15,in,32860,-227.8
229.0588,15,in,32864,-290
229.0638,15,in,32868,-406.8
229.0683,15,in,32872,-383.6
229.0731,15,in,32876,-342.2
229.0774,15,in,32880,-285.8
229.0821,15,in,32884,-272.6
229.0865,15,in,32888,-231.6
229.0912,15,in,32892,-204.4
229.0964,15,in,32896,-192.8
229.101,15,in,32900,-184.6
229.1054,15,in,32904,-299.2
229.11,15,in,32908,-253.4
229.1149,15,in,32912,-274
229.1199,15,in,32916,-243.2
229.1244,15,in,32920,-209.6
229.1293,15,in,32924,-162.8
229.1342,15,in,32928,-281.2
229.1389,15,in,32932,-239.6
229.1435,15,in,32936,-225.4
229.1483,15,in,32940,-168.4
229.1529,15,in,32944,-211.4
229.1573,15,in,32948,-217
229.1619,15,in,32952,-211.2
229.1661,15,in,32956,-285.4
229.1705,15,in,32960,-200.4
229.1753,15,in,32964,-223.2
229.1799,15,in,32968,-187
229.1843,15,in,32972,-216.2
229.1889,15,in,32976,-286.2
229.1935,15,in,32980,-282.6
229.1983,15,in,32984,-267.6
229.2029,15,in,32988,-404
229.208,15,in,32992,-347.8
229.2124,15,in,32996,-353.6
229.2174,15,in,33000,-361.8
229.2221,15,in,33004,-328.8
229.228,15,in,33008,-355.8
229.2327,15,in,33012,-307.8
229.2379,15,in,33016,-358.2
229.2424,15,in,33020,-264.6
229.2469,15,in,33024,-259
229.2516,15,in,33028,-242.8
229.2565,15,in,33032,-255.6
229.2609,15,in,33036,-266
229.2657,15,in,33040,-254.8
229.2698,15,in,33044,-284
229.274,15,in,33048,-231.6
229.2789,15,in,33052,-212
229.2836,15,in,33056,-252.2
229.2876,15,in,33060,-257.4
229.2916,15,in,33064,-320
229.2954,15,in,33068,-382.2
229.2996,15,in,33072,-402.4
229.3034,15,in,33076,-371.2
229.3071,15,in,33080,-402.6
229.3112,15,in,33084,-431.4
229.3154,15,in,33088,-353.2
229.3197,15,in,33092,-382.6
229.3241,15,in,33096,-382.8
229.3282,15,in,33100,-371
229.3327,15,in,33104,-423
229.3364,15,in,33108,-520.2
229.3408,15,in,33112,-466.6
229.3453,15,in,33116,-550
229.3495,15,in,33120,-305.6
229.3546,15,in,33124,-462.2
229.3586,15,in,33128,-281
229.3627,15,in,33132,-247.8
229.3667,15,in,33136,-270.2
229.3712,15,in,33140,-336.8
229.3759,15,in,33144,-301
229.3804,15,in,33148,-350.2
229.3846,15,in,33152,-371
229.3898,15,in,33156,-350.4
229.3942,15,in,33160,-357.4
229.3986,15,in,33164,-323
229.4026,15,in,33168,-383.2
229.4071,15,in,33172,-434.4
229.4112,15,in,33176,-425.6
229.4154,15,in,33180,-446.8
229.4196,15,in,33184,-567.8
229.4248,15,in,33188,-599.4
229.429,15,in,33192,-609.2
229.4333,15,in,33196,-580
229.4376,15,in,33200,-505.8
229.4416,15,in,33204,-481
229.4455,15,in,33208,-451.2
229.4499,15,in,33212,-535.8
229.454,15,in,33216,-424.4
229.4583,15,in,33220,-471
229.4624,15,in,33224,-410.6
229.4663,15,in,33228,-426.4
229.4708,15,in,33232,-447.2
229.4752,15,in,33236,-402.4
229.4804,15,in,33240,-386.2
229.4845,15,in,33244,-462.8
229.4887,15,in,33248,-513.6
229.4932,15,in,33252,-498.8
229.4985,15,in,33256,-518
229.5025,15,in,33260,-496.2
229.5067,15,in,33264,-564.8
229.5111,15,in,33268,-466.6
229.5161,15,in,33272,-518.8
229.5202,15,in,33276,-546.8
229.5244,15,in,33280,-614.4
229.5284,15,in,33284,-565.2
229.5335,15,in,33288,-514.6
229.5378,15,in,33292,-529.2
229.5419,15,in,33296,-500.6
229.5462,15,in,33300,-437.4
229.5512,15,in,33304,-525.2
229.5557,15,in,33308,-513
229.5602,15,in,33312,-463
229.565,15,in,33316,-484
229.5695,15,in,33320,-472.2
229.5736,15,in,33324,-455.8
229.5782,15,in,33328,-478.2
229.5828,15,in,33332,-445
229.5876,15,in,33336,-457.8
229.5919,15,in,33340,-488.4
229.5964,15,in,33344,-562.2
229.6007,15,in,33348,-575
229.6056,15,in,33352,-467
229.6104,15,in,33356,-451.8
229.6146,15,in,33360,-457.2
229.6187,15,in,33364,-527.4
229.6237,15,in,33368,-480
229.6285,15,in,33372,-507.6
229.6326,15,in,33376,-544.4
229.637,15,in,33380,-567.2
229.6414,15,in,33384,-594.6
229.6454,15,in,33388,-615.8
229.6501,15,in,33392,-585.6
229.6546,15,in,33396,-707.8
229.66,15,in,33400,-515.8
229.6647,15,in,33404,-554
229.6693,15,in,33408,-544
229.6734,15,in,33412,-481.6
229.6785,15,in,33416,-499.4
229.6829,15,in,33420,-551.6
229.6877,15,in,33424,-590.4
229.6926,15,in,33428,-539.8
229.6969,15,in,33432,-550.6
229.7014,15,in,33436,-534
229.7059,15,in,33440,-528.6
229.7105,15,in,33444,-513.2
229.7146,15,in,33448,-582.8
229.7193,15,in,33452,-530.6
229.7242,15,in,33456,-529.6
229.7293,15,in,33460,-545.2
229.734,15,in,33464,-600.4
229.7383,15,in,33468,-639.4
229.743,15,in,33472,-589.6
229.7478,15,in,33476,-610
229.7525,15,in,33480,-605.8
229.7568,15,in,33484,-579.8
229.7609,15,in,33488,-439.2
229.7653,15,in,33492,-437.8
229.769,15,in,33496,-480.6
229.773,15,in,33500,-512
229.7766,15,in,33504,-509.4
229.7808,15,in,33508,-515
229.7857,15,in,33512,-485.4
229.7903,15,in,33516,-474.8
229.7943,15,in,33520,-547.6
229.7993,15,in,33524,-522.2
229.8038,15,in,33528,-535.2
229.8081,15,in,33532,-643
229.8125,15,in,33536,-642.8
229.8164,15,in,33540,-659
229.8212,15,in,33544,-696.2
229.826,15,in,33548,-595.8
229.8308,15,in,33552,-687.2
229.8352,15,in,33556,-629.6
229.8404,15,in,33560,-574.2
229.8449,15,in,33564,-521
229.8494,15,in,33568,-632.4
229.8547,15,in,33572,-633.2
229.8593,15,in,33576,-613.4
229.8643,15,in,33580,-647.6
229.8688,15,in,33584,-681.4
229.8743,15,in,33588,-680.4
229.8787,15,in,33592,-641.8
229.8836,15,in,33596,-622.2
229.8887,15,in,33600,-571.2
229.8936,15,in,33604,-585.2
229.8983,15,in,33608,-673
229.9028,15,in,33612,-640
229.907,15,in,33616,-667.4
229.9115,15,in,33620,-694.2
229.9156,15,in,33624,-691
229.9197,15,in,33628,-691.2
229.9242,15,in,33632,-658.6
229.9294,15,in,33636,-644.4
229.934,15,in,33640,-594.6
229.9384,15,in,33644,-726.2
229.9434,15,in,33648,-687.2
229.9482,15,in,33652,-612.2
229.9528,15,in,33656,-679.2
229.9574,15,in,33660,-666.8
229.9622,15,in,33664,-664
229.9666,15,in,33668,-710.2
229.9707,15,in,33672,-761
229.9748,15,in,33676,-716.4
229.9791,15,in,33680,-697.2
229.9842,15,in,33684,-704.2
229.9885,15,in,33688,-708.8
229.9928,15,in,33692,-601.8
229.9967,15,in,33696,-661.4
230.0013,15,in,33700,-636.8
230.0054,15,in,33704,-689.8
230.0095,15,in,33708,-722
230.014,15,in,33712,-647
230.0188,15,in,33716,-734.6
230.0232,15,in,33720,-694.2
230.0274,15,in,33724,-661
230.0317,15,in,33728,-632.8
230.0362,15,in,33732,-647.6
230.0402,15,in,33736,-728.4
230.0443,15,in,33740,-693
230.0489,15,in,33744,-634
230.0542,15,in,33748,-691.8
230.0581,15,in,33752,-630.6
230.0627,15,in,33756,-620
230.0667,15,in,33760,-617.4
230.0714,15,in,33764,-692.8
230.0755,15,in,33768,-649
230.0798,15,in,33772,-654.4
230.0842,15,in,33776,-639
230.0898,15,in,33780,-660.8
230.0939,15,in,33784,-771.8
230.0985,15,in,33788,-713
230.1029,15,in,33792,-739.6
230.1076,15,in,33796,-773.8
230.1118,15,in,33800,-855.8
230.116,15,in,33804,-750.8
230.1205,15,in,33808,-826.2
230.1251,15,in,33812,-843.6
230.1294,15,in,33816,-847
230.1336,15,in,33820,-856.2
230.138,15,in,33824,-794.4
230.1426,15,in,33828,-834.2
230.147,15,in,33832,-802.2
230.1526,15,in,33836,-830
230.1575,15,in,33840,-840.8
230.1617,15,in,33844,-822.6
230.1663,15,in,33848,-843
230.1711,15,in,33852,-804.4
230.1753,15,in,33856,-807.8
230.1796,15,in,33860,-809.4
230.1837,15,in,33864,-857.6
230.188,15,in,33868,-841.8
230.1926,15,in,33872,-776.6
230.1967,15,in,33876,-874.8
230.2011,15,in,33880,-862.2
230.2056,15,in,33884,-856
230.2102,15,in,33888,-845.6
230.2144,15,in,33892,-791.8
230.2191,15,in,33896,-800.6
230.2231,15,in,33900,-796.8
230.227,15,in,33904,-836
230.2311,15,in,33908,-842.6
230.2355,15,in,33912,-867.6
230.2395,15,in,33916,-848.6
230.2436,15,in,33920,-854.4
230.2487,15,in,33924,-885.4
230.2526,15,in,33928,-811
230.2565,15,in,33932,-798.8
230.261,15,in,33936,-842
230.2661,15,in,33940,-779.4
230.2707,15,in,33944,-856.4
230.2752,15,in,33948,-753.6
230.2798,15,in,33952,-793.2
230.2845,15,in,33956,-738.2
230.2887,15,in,33960,-778.2
230.2929,15,in,33964,-769.2
230.297,15,in,33968,-835
230.3012,15,in,33972,-811.4
230.3057,15,in,33976,-798
230.3101,15,in,33980,-802
230.3142,15,in,33984,-766.8
230.3184,15,in,33988,-872.8
230.3226,15,in,33992,-790.4
230.327,15,in,33996,-832.2
230.3314,15,in,34000,-783.2
230.3356,15,in,34004,-858
230.3405,15,in,34008,-853
230.345,15,in,34012,-837.8
230.349,15,in,34016,-862.2
230.3531,15,in,34020,-822.8
230.3574,15,in,34024,-895
230.3615,15,in,34028,-898.8
230.3658,15,in,34032,-895.6
230.3698,15,in,34036,-863.8
230.3758,15,in,34040,-839.8
230.3799,15,in,34044,-813.4
230.3842,15,in,34048,-881
230.3888,15,in,34052,-827.4
230.3932,15,in,34056,-823.2
230.3975,15,in,34060,-864.4
230.4018,15,in,34064,-822.2
230.4065,15,in,34068,-801
230.411,15,in,34072,-808.4
230.4148,15,in,34076,-809.8
230.4192,15,in,34080,-789.4
230.4234,15,in,34084,-884.4
230.4276,15,in,34088,-914
230.4317,15,in,34092,-807.8
230.436,15,in,34096,-912.2
230.4406,15,in,34100,-873
230.4455,15,in,34104,-828
230.45,15,in,34108,-880.2
230.4549,15,in,34112,-810.2
230.4588,15,in,34116,-809
230.4634,15,in,34120,-831.6
230.4679,15,in,34124,-911.8
230.4721,15,in,34128,-933.2
230.4763,15,in,34132,-907.2
230.481,15,in,34136,-837.2
230.4852,15,in,34140,-789.8
230.4892,15,in,34144,-869.6
230.4938,15,in,34148,-830.4
230.4979,15,in,34152,-842.4
230.5021,15,in,34156,-867.4
230.5061,15,in,34160,-801.2
230.5104,15,in,34164,-833.2
230.5144,15,in,34168,-833.2
230.5197,15,in,34172,-897.6
230.524,15,in,34176,-888.2
230.5283,15,in,34180,-860.2
230.5324,15,in,34184,-869.6
230.5368,15,in,34188,-903.4
230.5406,15,in,34192,-888.4
230.5451,15,in,34196,-887.2
230.5494,15,in,34200,-859.4
230.5548,15,in,34204,-885.2
230.5589,15,in,34208,-864.2
230.5632,15,in,34212,-892.4
230.5673,15,in,34216,-865
230.5717,15,in,34220,-854.8
230.5757,15,in,34224,-835.2
230.5802,15,in,34228,-822.4
230.5845,15,in,34232,-860.8
230.5891,15,in,34236,-916.2
230.5932,15,in,34240,-838.4
230.5976,15,in,34244,-897
230.602,15,in,34248,-862.6
230.6069,15,in,34252,-809.8
230.6113,15,in,34256,-865
230.6152,15,in,34260,-816.8
230.6192,15,in,34264,-811.2
230.6235,15,in,34268,-862.4
230.6281,15,in,34272,-893.8
230.6322,15,in,34276,-836
230.6366,15,in,34280,-852.4
230.6411,15,in,34284,-898.2
230.645,15,in,34288,-882.4
230.6493,15,in,34292,-817.2
230.6535,15,in,34296,-820
230.6581,15,in,34300,-864.2
230.6624,15,in,34304,-816.2
230.6663,15,in,34308,-855.4
230.6703,15,in,34312,-850.4
230.6747,15,in,34316,-875.8
230.6804,15,in,34320,-883
230.6839,15,in,34324,-873.6
230.6878,15,in,34328,-892.4
230.6917,15,in,34332,-862.4
230.6958,15,in,34336,-877.2
230.7004,15,in,34340,-853.4
230.7053,15,in,34344,-929.4
230.7103,15,in,34348,-886
230.7151,15,in,34352,-858.8
230.7198,15,in,34356,-888.4
230.7244,15,in,34360,-883.2
230.7288,15,in,34364,-904.6
230.7334,15,in,34368,-890.6
230.7384,15,in,34372,-880.4
230.7431,15,in,34376,-930
230.7479,15,in,34380,-879.8
230.7522,15,in,34384,-873.2
230.7561,15,in,34388,-911.8
230.7596,15,in,34392,-872.8
230.763,15,in,34396,-890.2
230.767,15,in,34400,-909
230.7707,15,in,34404,-867
230.7745,15,in,34408,-880.8
230.7783,15,in,34412,-857.2
230.7824,15,in,34416,-854.4
230.7866,15,in,34420,-934.8
230.7907,15,in,34424,-877.4
230.7949,15,in,34428,-880.2
230.799,15,in,34432,-877.2
230.8036,15,in,34436,-872.6
230.8073,15,in,34440,-882.2
230.8108,15,in,34444,-876
230.8148,15,in,34448,-892.2
230.8191,15,in,34452,-923.4
230.8232,15,in,34456,-947.6
230.8277,15,in,34460,-905
230.832,15,in,34464,-905.2
230.837,15,in,34468,-862.8
230.8417,15,in,34472,-842.4
230.8457,15,in,34476,-870.8
230.8496,15,in,34480,-821.4
230.8547,15,in,34484,-878.8
230.8586,15,in,34488,-861.8
230.8634,15,in,34492,-851.4
230.8679,15,in,34496,-896.6
230.8725,15,in,34500,-917.2
230.8772,15,in,34504,-926.8
230.8816,15,in,34508,-916.4
230.8861,15,in,34512,-960.8
230.8911,15,in,34516,-904.2
230.8953,15,in,34520,-880.8
230.8994,15,in,34524,-918.4
230.9038,15,in,34528,-930.8
230.9095,15,in,34532,-881.2
230.9137,15,in,34536,-912.4
230.9179,15,in,34540,-885.8
230.9223,15,in,34544,-910.4
230.9286,15,in,34548,-880
230.9332,15,in,34552,-909.6
230.9378,15,in,34556,-903
230.9429,15,in,34560,-920.4
230.9473,15,in,34564,-887.6
230.9521,15,in,34568,-844.4
230.9569,15,in,34572,-953.6
230.9614,15,in,34576,-879.2
230.966,15,in,34580,-902
230.9712,15,in,34584,-878.2
230.9763,15,in,34588,-919.2
230.9808,15,in,34592,-895.6
230.985,15,in,34596,-856
230.9894,15,in,34600,-901.6
230.9934,15,in,34604,-858.4
230.9979,15,in,34608,-903.8
231.0024,15,in,34612,-897
231.0065,15,in,34616,-878.2
231.0106,15,in,34620,-843.6
231.0145,15,in,34624,-931
231.0191,15,in,34628,-851.6
231.0233,15,in,34632,-921.6
231.0274,15,in,34636,-857.4
231.0317,15,in,34640,-877.6
231.0364,15,in,34644,-896.2
231.0408,15,in,34648,-908.8
231.0447,15,in,34652,-935.6
231.0491,15,in,34656,-911.4
231.0547,15,in,34660,-886.6
231.0585,15,in,34664,-879
231.0628,15,in,34668,-869
231.0674,15,in,34672,-909.2
231.0724,15,in,34676,-917.4
231.0767,15,in,34680,-900.4
231.081,15,in,34684,-892.4
231.0852,15,in,34688,-892
231.0902,15,in,34692,-912
231.0946,15,in,34696,-902
231.0991,15,in,34700,-927
231.1032,15,in,34704,-952
231.1081,15,in,34708,-904.6
231.1122,15,in,34712,-879.6
231.1162,15,in,34716,-883.6
231.1205,15,in,34720,-966.2
231.1257,15,in,34724,-895.6
231.1301,15,in,34728,-885.6
231.1345,15,in,34732,-895.6
231.1397,15,in,34736,-934
231.1448,15,in,34740,-887.2
231.1495,15,in,34744,-920.2
231.1544,15,in,34748,-885.6
231.1588,15,in,34752,-922.6
231.1633,15,in,34756,-903.4
231.1677,15,in,34760,-907.6
231.1726,15,in,34764,-910.4
231.1775,15,in,34768,-875.2
231.1828,15,in,34772,-893.8
231.1877,15,in,34776,-904.6
231.1931,15,in,34780,-878
231.1976,15,in,34784,-901
231.2017,15,in,34788,-920.4
231.2063,15,in,34792,-935.8
231.2104,15,in,34796,-920
231.2145,15,in,34800,-865
231.2186,15,in,34804,-907
231.2231,15,in,34808,-900.2
231.2276,15,in,34812,-953.2
231.2328,15,in,34816,-882.2
231.2368,15,in,34820,-933.6
231.2411,15,in,34824,-936.2
231.2457,15,in,34828,-928.4
231.2508,15,in,34832,-915.2
231.2555,15,in,34836,-870.8
231.2598,15,in,34840,-896
231.264,15,in,34844,-843.2
231.269,15,in,34848,-912
231.2731,15,in,34852,-918.8
231.2776,15,in,34856,-907
231.2818,15,in,34860,-865.8
231.2868,15,in,34864,-920.4
231.2912,15,in,34868,-955
231.2957,15,in,34872,-921
231.2999,15,in,34876,-872
231.3046,15,in,34880,-900.8
231.3088,15,in,34884,-933.2
231.3133,15,in,34888,-876.2
231.318,15,in,34892,-908.8
231.3227,15,in,34896,-920.2
231.3266,15,in,34900,-875.2
231.3308,15,in,34904,-873.6
231.3349,15,in,34908,-877.8
231.3398,15,in,34912,-901.4
231.3449,15,in,34916,-886.2
231.3501,15,in,34920,-874.4
231.3553,15,in,34924,-908.4
231.36,15,in,34928,-926.6
231.3651,15,in,34932,-888.4
231.37,15,in,34936,-890.8
231.375,15,in,34940,-935.8
231.3796,15,in,34944,-889.4
231.3844,15,in,34948,-938
231.3895,15,in,34952,-926.6
231.3942,15,in,34956,-888.4
231.3985,15,in,34960,-949.2
231.4028,15,in,34964,-901.6
231.4081,15,in,34968,-913.8
231.4128,15,in,34972,-891.4
231.4181,15,in,34976,-893.8
231.4231,15,in,34980,-914.6
231.4292,15,in,34984,-893.4
231.434,15,in,34988,-876.6
231.4386,15,in,34992,-940.8
231.443,15,in,34996,-923.6
231.4466,15,in,35000,-915.6
231.4504,15,in,35004,-961.2
231.4542,15,in,35008,-978.4
231.4583,15,in,35012,-895.8
231.463,15,in,35016,-919.2
231.4676,15,in,35020,-882.2
231.4722,15,in,35024,-943.8
231.4763,15,in,35028,-912.2
231.4816,15,in,35032,-888.8
231.4862,15,in,35036,-955
231.4903,15,in,35040,-898.8
231.4946,15,in,35044,-898
231.4994,15,in,35048,-879
231.5038,15,in,35052,-842.4
231.5081,15,in,35056,-969.6
231.5121,15,in,35060,-904
231.5166,15,in,35064,-886.2
231.521,15,in,35068,-920.4
231.5253,15,in,35072,-974.4
231.5295,15,in,35076,-913.2
231.5341,15,in,35080,-877.8
231.5383,15,in,35084,-973
231.5423,15,in,35088,-908
231.5466,15,in,35092,-936.6
231.5513,15,in,35096,-936.6
231.5558,15,in,35100,-908.2
231.5601,15,in,35104,-934.4
231.5642,15,in,35108,-918.8
231.5685,15,in,35112,-949.8
231.5728,15,in,35116,-977.4
231.5772,15,in,35120,-919.6
231.5815,15,in,35124,-944
231.5859,15,in,35128,-963.2
231.5905,15,in,35132,-882
231.5948,15,in,35136,-889
231.5991,15,in,35140,-886.6
231.6032,15,in,35144,-946.8
231.6079,15,in,35148,-952
231.6118,15,in,35152,-908
231.6156,15,in,35156,-959.2
231.6205,15,in,35160,-974.6
231.6257,15,in,35164,-905.8
231.6298,15,in,35168,-901.6
231.6338,15,in,35172,-940
231.6379,15,in,35176,-984.4
231.6428,15,in,35180,-954
231.647,15,in,35184,-895
231.6512,15,in,35188,-892.4
231.6557,15,in,35192,-902.4
231.6605,15,in,35196,-902
231.6647,15,in,35200,-939.8
231.6688,15,in,35204,-963.4
231.6729,15,in,35208,-953.4
231.6782,15,in,35212,-906.6
231.6825,15,in,35216,-916
231.6864,15,in,35220,-927.2
231.69,15,in,35224,-921.8
231.6941,15,in,35228,-908.4
231.6982,15,in,35232,-883.6
231.7027,15,in,35236,-922.6
231.707,15,in,35240,-914.2
231.7117,15,in,35244,-868.6
231.7162,15,in,35248,-914.4
231.7207,15,in,35252,-936.6
231.7247,15,in,35256,-950.2
231.7288,15,in,35260,-928.4
231.7332,15,in,35264,-960
231.737,15,in,35268,-897.2
231.7415,15,in,35272,-901.4
231.7461,15,in,35276,-920.8
231.7507,15,in,35280,-966.6
231.7555,15,in,35284,-902.8
231.7593,15,in,35288,-899.2
231.7628,15,in,35292,-915.6
231.7672,15,in,35296,-915.4
231.7716,15,in,35300,-933.8
231.776,15,in,35304,-930.8
231.7803,15,in,35308,-895.8
231.7852,15,in,35312,-886
231.7897,15,in,35316,-938.8
231.7949,15,in,35320,-927.8
231.7996,15,in,35324,-903.6
231.8034,15,in,35328,-891.8
231.8071,15,in,35332,-932.2
231.8116,15,in,35336,-928.2
231.8158,15,in,35340,-923
231.8212,15,in,35344,-959.4
231.826,15,in,35348,-940
231.831,15,in,35352,-933
231.8353,15,in,35356,-938.4
231.8401,15,in,35360,-904.2
231.8443,15,in,35364,-922.2
231.8487,15,in,35368,-981.2
231.8524,15,in,35372,-911
231.8578,15,in,35376,-875.8
231.8623,15,in,35380,-828
231.8663,15,in,35384,-899.6
231.8706,15,in,35388,-939.6
231.8759,15,in,35392,-885.2
231.8802,15,in,35396,-885.6
231.8844,15,in,35400,-913
231.8885,15,in,35404,-976.2
231.8942,15,in,35408,-931.8
231.8993,15,in,35412,-927
231.9043,15,in,35416,-925.4
231.9093,15,in,35420,-956.6
231.9139,15,in,35424,-939.4
231.9187,15,in,35428,-874.4
231.9232,15,in,35432,-976
231.928,15,in,35436,-920.2
231.9327,15,in,35440,-892
231.9369,15,in,35444,-909.6
231.9414,15,in,35448,-950.2
231.9463,15,in,35452,-932.8
231.9505,15,in,35456,-954.4
231.9548,15,in,35460,-919.4
231.9586,15,in,35464,-943.2
231.9635,15,in,35468,-863
231.9676,15,in,35472,-956.4
231.9723,15,in,35476,-931
231.9764,15,in,35480,-869.8
231.9809,15,in,35484,-867.4
231.9852,15,in,35488,-849.4
231.9892,15,in,35492,-895.6
231.9932,15,in,35496,-903.4
231.9977,15,in,35500,-929.8
232.0022,15,in,35504,-929
232.0062,15,in,35508,-912.4
232.0106,15,in,35512,-865.8
232.0148,15,in,35516,-947.6
232.0191,15,in,35520,-935
232.0234,15,in,35524,-912.8
232.0273,15,in,35528,-907.8
232.0316,15,in,35532,-945.2
232.0363,15,in,35536,-918.8
232.0409,15,in,35540,-879.2
232.0455,15,in,35544,-886.8
232.0501,15,in,35548,-908.4
232.0548,15,in,35552,-941
232.0591,15,in,35556,-917.2
232.0633,15,in,35560,-889.2
232.0679,15,in,35564,-918.6
232.0734,15,in,35568,-912.6
232.0775,15,in,35572,-925
232.0821,15,in,35576,-900.6
232.0864,15,in,35580,-988.8
232.0909,15,in,35584,-929.2
232.0951,15,in,35588,-959
232.0999,15,in,35592,-924.4
232.1039,15,in,35596,-913.2
232.1088,15,in,35600,-920.8
232.1133,15,in,35604,-883.8
232.1176,15,in,35608,-914.6
232.1221,15,in,35612,-961.4
232.1275,15,in,35616,-904.2
232.1313,15,in,35620,-919
232.135,15,in,35624,-941.6
232.139,15,in,35628,-951
232.1427,15,in,35632,-913
232.1468,15,in,35636,-936.6
232.1507,15,in,35640,-931
232.1549,15,in,35644,-883.8
232.1592,15,in,35648,-868.8
232.1643,15,in,35652,-965
232.1689,15,in,35656,-949.6
232.1734,15,in,35660,-942.8
232.1781,15,in,35664,-923
232.183,15,in,35668,-935.4
232.1873,15,in,35672,-965.6
232.1916,15,in,35676,-921.4
232.1953,15,in,35680,-899.6
232.1991,15,in,35684,-908.8
232.203,15,in,35688,-934.6
232.2067,15,in,35692,-913.2
232.2103,15,in,35696,-905
232.2144,15,in,35700,-896.2
232.218,15,in,35704,-928.8
232.2215,15,in,35708,-965.2
232.2252,15,in,35712,-925.6
232.2295,15,in,35716,-938.8
232.234,15,in,35720,-927.4
232.2377,15,in,35724,-943.6
232.2414,15,in,35728,-922.8
232.245,15,in,35732,-905.8
232.2482,15,in,35736,-908
232.2524,15,in,35740,-950.2
232.2561,15,in,35744,-951
232.2602,15,in,35748,-934.4
232.2641,15,in,35752,-898.4
232.2675,15,in,35756,-937
232.271,15,in,35760,-923.2
232.2746,15,in,35764,-919.2
232.2781,15,in,35768,-895
232.2821,15,in,35772,-934.4
232.2862,15,in,35776,-908
232.29,15,in,35780,-920.4
232.2939,15,in,35784,-881.8
232.2975,15,in,35788,-939
232.3012,15,in,35792,-903.8
232.3051,15,in,35796,-917.4
232.3087,15,in,35800,-896.6
232.3122,15,in,35804,-899.6
232.3162,15,in,35808,-934.6
232.3199,15,in,35812,-940.8
232.3244,15,in,35816,-935.4
232.329,15,in,35820,-890.4
232.3332,15,in,35824,-918.4
232.3371,15,in,35828,-956.4
232.3412,15,in,35832,-947
232.3448,15,in,35836,-913
232.3485,15,in,35840,-946.4
232.3523,15,in,35844,-932.8
232.3558,15,in,35848,-933.2
232.3595,15,in,35852,-894.6
232.3636,15,in,35856,-930.6
232.3678,15,in,35860,-930.2
232.3713,15,in,35864,-947.8
232.375,15,in,35868,-915.6
232.3787,15,in,35872,-923.4
232.3827,15,in,35876,-898.6
232.3866,15,in,35880,-932
232.3904,15,in,35884,-924.8
232.3941,15,in,35888,-908.2
232.3983,15,in,35892,-937.4
232.4023,15,in,35896,-947.2
232.406,15,in,35900,-915.6
232.4099,15,in,35904,-890.6
232.4138,15,in,35908,-897.2
232.4178,15,in,35912,-937.6
232.4216,15,in,35916,-911.6
232.4252,15,in,35920,-902
232.4292,15,in,35924,-951
232.4334,15,in,35928,-958.8
232.4372,15,in,35932,-927.4
232.4411,15,in,35936,-909.8
232.4448,15,in,35940,-910.8
232.4489,15,in,35944,-902
232.4531,15,in,35948,-967
232.4574,15,in,35952,-966.2
232.4617,15,in,35956,-896.2
232.4653,15,in,35960,-929.6
232.469,15,in,35964,-943.8
232.473,15,in,35968,-937
232.4772,15,in,35972,-927.8
232.4812,15,in,35976,-915.2
232.4848,15,in,35980,-953.4
232.4887,15,in,35984,-955.8
232.4927,15,in,35988,-927.8
232.4969,15,in,35992,-928
232.501,15,in,35996,-947.4
232.5051,15,in,36000,-924.6
232.5088,15,in,36004,-929.6
232.513,15,in,36008,-915
232.5169,15,in,36012,-948.4
232.5209,15,in,36016,-933.6
232.5249,15,in,36020,-904.4
232.5291,15,in,36024,-971
232.5329,15,in,36028,-969.4
232.537,15,in,36032,-956.4
232.5412,15,in,36036,-879.2
232.5453,15,in,36040,-904
232.5496,15,in,36044,-942.4
232.5536,15,in,36048,-982.8
232.5579,15,in,36052,-969.4
232.562,15,in,36056,-910
232.5662,15,in,36060,-917
232.5706,15,in,36064,-908.8
232.575,15,in,36068,-927.6
232.5789,15,in,36072,-921.6
232.5828,15,in,36076,-955.2
232.5873,15,in,36080,-903.4
232.5912,15,in,36084,-961.2
232.5957,15,in,36088,-877.6
232.5999,15,in,36092,-906.4
232.6041,15,in,36096,-929.6
232.6084,15,in,36100,-945
232.6122,15,in,36104,-892.2
232.6166,15,in,36108,-911.8
232.6208,15,in,36112,-895.4
232.6254,15,in,36116,-926
232.6299,15,in,36120,-951.2
232.6341,15,in,36124,-909.6
232.6383,15,in,36128,-922.8
232.6432,15,in,36132,-893.8
232.6477,15,in,36136,-889.6
232.6519,15,in,36140,-974.8
232.6562,15,in,36144,-954.2
232.6612,15,in,36148,-958.4
232.6656,15,in,36152,-955.2
232.6697,15,in,36156,-917.8
232.6741,15,in,36160,-883.4
232.6789,15,in,36164,-940.6
232.6829,15,in,36168,-954.4
232.6867,15,in,36172,-918.8
232.6906,15,in,36176,-960.4
232.6949,15,in,36180,-882.4
232.6987,15,in,36184,-952.6
232.7028,15,in,36188,-953.6
232.7068,15,in,36192,-927.8
232.7108,15,in,36196,-945.6
232.7147,15,in,36200,-937.8
232.7189,15,in,36204,-937.2
232.7228,15,in,36208,-940.6
232.7267,15,in,36212,-911.2
232.7308,15,in,36216,-884.8
232.7347,15,in,36220,-941.6
232.7385,15,in,36224,-931.4
232.7421,15,in,36228,-934.6
232.7458,15,in,36232,-903.6
232.7503,15,in,36236,-923.4
232.754,15,in,36240,-932.4
232.7576,15,in,36244,-893.4
232.7613,15,in,36248,-898.6
232.7649,15,in,36252,-945.4
232.7682,15,in,36256,-942.6
232.7721,15,in,36260,-945.2
232.7761,15,in,36264,-974.8
232.7796,15,in,36268,-934
232.7833,15,in,36272,-955.8
232.7872,15,in,36276,-938.2
232.7914,15,in,36280,-903.2
232.7953,15,in,36284,-970.2
232.7994,15,in,36288,-931.4
232.8039,15,in,36292,-942.2
232.8078,15,in,36296,-960
232.812,15,in,36300,-933
232.8167,15,in,36304,-982.6
232.8213,15,in,36308,-992.8
232.8253,15,in,36312,-947.4
232.8292,15,in,36316,-929.2
232.8331,15,in,36320,-979.8
232.8374,15,in,36324,-992.4
232.8411,15,in,36328,-955.4
232.8452,15,in,36332,-912
232.8491,15,in,36336,-969.2
232.8529,15,in,36340,-929.4
232.8574,15,in,36344,-1002.2
232.8614,15,out,36340,-933.6
232.8654,15,out,36336,-922.6
232.8696,15,out,36332,-960.2
232.8736,15,out,36328,-948.4
232.878,15,out,36324,-922.4
232.8826,15,out,36320,-925.8
232.8869,15,out,36316,-947.4
232.8907,15,out,36312,-923.8
232.8951,15,out,36308,-943
232.8991,15,out,36304,-892.2
232.9029,15,out,36300,-928.8
232.9072,15,out,36296,-979
232.9109,15,out,36292,-920.4
232.9153,15,out,36288,-911.6
232.9195,15,out,36284,-879
232.9237,15,out,36280,-934
232.9277,15,out,36276,-887.6
232.9318,15,out,36272,-900.8
232.9356,15,out,36268,-958.2
232.9395,15,out,36264,-930.6
232.9431,15,out,36260,-928.4
232.9467,15,out,36256,-932.8
232.9503,15,out,36252,-964.2
232.9543,15,out,36248,-933.8
232.9579,15,out,36244,-917.4
232.9623,15,out,36240,-903.4
232.9662,15,out,36236,-950.6
232.9701,15,out,36232,-901
232.974,15,out,36228,-868.8
232.9779,15,out,36224,-928
232.9812,15,out,36220,-911.4
232.9852,15,out,36216,-933.2
232.9889,15,out,36212,-955
232.9927,15,out,36208,-901.8
232.9971,15,out,36204,-928.2
233.0007,15,out,36200,-939.6
233.004,15,out,36196,-959.2
233.008,15,out,36192,-901.8
233.0116,15,out,36188,-939.4
233.0151,15,out,36184,-956.8
233.019,15,out,36180,-902.2
233.0222,15,out,36176,-904.8
233.0257,15,out,36172,-912.4
233.0296,15,out,36168,-885.8
233.033,15,out,36164,-871.8
233.0371,15,out,36160,-910.6
233.0407,15,out,36156,-856.8
233.0445,15,out,36152,-887.8
233.0492,15,out,36148,-883.4
233.0533,15,out,36144,-911.8
233.0569,15,out,36140,-920.2
233.0605,15,out,36136,-916.8
233.0642,15,out,36132,-941.4
233.0674,15,out,36128,-945.6
233.0714,15,out,36124,-972.6
233.0751,15,out,36120,-906.4
233.0787,15,out,36116,-939.4
233.0823,15,out,36112,-909.4
233.0863,15,out,36108,-984.2
233.09,15,out,36104,-922.4
233.0936,15,out,36100,-945.8
233.0975,15,out,36096,-889
233.1006,15,out,36092,-928
233.1044,15,out,36088,-926.4
233.1081,15,out,36084,-943.4
233.1117,15,out,36080,-907.8
233.1156,15,out,36076,-968.2
233.1194,15,out,36072,-933.8
233.1236,15,out,36068,-930.8
233.1272,15,out,36064,-933.2
233.131,15,out,36060,-959
233.1349,15,out,36056,-923.6
233.1395,15,out,36052,-943.8
233.1429,15,out,36048,-907.2
233.1465,15,out,36044,-899.8
233.1499,15,out,36040,-945.6
233.1538,15,out,36036,-939.2
233.1574,15,out,36032,-970.2
233.1612,15,out,36028,-912
233.1645,15,out,36024,-943.4
233.1686,15,out,36020,-924.8
233.172,15,out,36016,-942.6
233.176,15,out,36012,-934.2
233.1795,15,out,36008,-902.4
233.1832,15,out,36004,-940.2
233.1868,15,out,36000,-934
233.1905,15,out,35996,-967.2
233.1938,15,out,35992,-926.4
233.1977,15,out,35988,-957.8
233.2012,15,out,35984,-950.6
233.2047,15,out,35980,-951.4
233.2092,15,out,35976,-927
233.213,15,out,35972,-971.2
233.2166,15,out,35968,-962.2
233.2204,15,out,35964,-935.6
233.2239,15,out,35960,-949
233.228,15,out,35956,-933.4
233.2315,15,out,35952,-935
233.2357,15,out,35948,-982.4
233.2396,15,out,35944,-943.6
233.243,15,out,35940,-947.8
233.247,15,out,35936,-898.6
233.2508,15,out,35932,-904
233.2543,15,out,35928,-941.8
233.2579,15,out,35924,-928
233.2618,15,out,35920,-929.4
233.2662,15,out,35916,-941.6
233.2705,15,out,35912,-908.4
233.2746,15,out,35908,-957.2
233.2788,15,out,35904,-893.8
233.2833,15,out,35900,-966.2
233.2875,15,out,35896,-962.6
233.2912,15,out,35892,-914.8
233.2946,15,out,35888,-906
233.299,15,out,35884,-992.2
233.3029,15,out,35880,-936.6
233.307,15,out,35876,-927.4
233.3115,15,out,35872,-978.4
233.316,15,out,35868,-944.2
233.3201,15,out,35864,-908.8
233.3243,15,out,35860,-980
233.3285,15,out,35856,-938.2
233.3327,15,out,35852,-958.8
233.337,15,out,35848,-957.8
233.3411,15,out,35844,-982.8
233.3455,15,out,35840,-948
233.3498,15,out,35836,-924.4
233.3538,15,out,35832,-1021.6
233.358,15,out,35828,-941.2
233.3622,15,out,35824,-925.6
233.3664,15,out,35820,-955.2
233.3708,15,out,35816,-986
233.3746,15,out,35812,-952.2
233.3782,15,out,35808,-967.6
233.3819,15,out,35804,-957.8
233.3855,15,out,35800,-983.2
233.3895,15,out,35796,-953.4
233.3931,15,out,35792,-928
233.3968,15,out,35788,-914.2
233.4004,15,out,35784,-956
233.4043,15,out,35780,-987.4
233.4085,15,out,35776,-938
233.4121,15,out,35772,-927.8
233.4155,15,out,35768,-942
233.4192,15,out,35764,-956.6
233.4232,15,out,35760,-941.8
233.4267,15,out,35756,-922.4
233.4303,15,out,35752,-931.8
233.434,15,out,35748,-978.8
233.4377,15,out,35744,-970.6
233.4415,15,out2,35694,-962.4
233.4455,15,out2,35644,-951.8
233.4491,15,out2,35594,-943.4
233.4527,15,out2,35544,-974.2
233.4563,15,out2,35494,-951.8
233.4603,15,out2,35444,-934.8
233.4639,15,out2,35394,-964.8
233.4674,15,out2,35344,-972.4
233.471,15,out2,35294,-973.2
233.4753,15,out2,35244,-938.8
233.4793,15,out2,35194,-926.2
233.4829,15,out2,35144,-956.8
233.4864,15,out2,35094,-962.8
233.4903,15,out2,35044,-934
233.4935,15,out2,34994,-932.4
233.4974,15,out2,34944,-949.8
233.5011,15,out2,34894,-930.8
233.505,15,out2,34844,-956.4
233.5086,15,out2,34794,-955.2
233.5124,15,out2,34744,-945.4
233.5161,15,out2,34694,-964.6
233.5197,15,out2,34644,-943.2
233.5233,15,out2,34594,-962.6
233.5271,15,out2,34544,-927.2
233.5311,15,out2,34494,-926.8
233.5348,15,out2,34444,-950.6
233.5385,15,out2,34394,-944
233.5427,15,out2,34344,-940.6
233.5471,15,out2,34294,-947
233.5514,15,out2,34244,-1015.2
233.5558,15,out2,34194,-943.8
233.5599,15,out2,34144,-961.2
233.5645,15,out2,34094,-973
233.5683,15,out2,34044,-922
233.5726,15,out2,33994,-964.6
233.5768,15,out2,33944,-989.6
233.5809,15,out2,33894,-946.4
233.5849,15,out2,33844,-991.4
233.5888,15,out2,33794,-927.8
233.5921,15,out2,33744,-950.8
233.5957,15,out2,33694,-946.6
233.6,15,out2,33644,-991.6
233.6044,15,out2,33594,-959
233.6083,15,out2,33544,-951.2
233.612,15,out2,33494,-943.8
233.6162,15,out2,33444,-917.8
233.6211,15,out2,33394,-948.8
233.6256,15,out2,33344,-943.6
233.6302,15,out2,33294,-940
233.6358,15,out2,33244,-940.4
233.6406,15,out2,33194,-954
233.6449,15,out2,33144,-951.4
233.6491,15,out2,33094,-947
233.6539,15,out2,33044,-932.2
233.6585,15,out2,32994,-944.8
233.6629,15,out2,32944,-907.4
233.6671,15,out2,32894,-929.4
233.6713,15,out2,32844,-927.8
233.6761,15,out2,32794,-902.2
233.6803,15,out2,32744,-840.6
233.6843,15,out2,32694,-921
233.689,15,out2,32644,-912.8
233.6935,15,out2,32594,-860.6
233.6977,15,out2,32544,-875.4
233.7019,15,out2,32494,-870.4
233.706,15,out2,32444,-873.2
233.7099,15,out2,32394,-870.6
233.7144,15,out2,32344,-756.6
233.7187,15,out2,32294,-795.4
233.723,15,out2,32244,-649.2
233.7274,15,out2,32194,-682.8
233.7314,15,out2,32144,-781.6
233.7358,15,out2,32094,-626.2
233.7401,15,out2,32044,-708
233.7446,15,out2,31994,-642
233.749,15,out2,31944,-651
233.7536,15,out2,31894,-620.8
233.7584,15,out2,31844,-663
233.7629,15,out2,31794,-486.8
233.7674,15,out2,31744,-743
233.7721,15,out2,31694,-676.6
233.777,15,out2,31644,-502.4
233.7822,15,out2,31594,-508.2
233.7877,15,out2,31544,-377
233.7926,15,out2,31494,-379.6
233.797,15,out2,31444,-545.4
233.8012,15,out2,31394,-363.4
233.8056,15,out2,31344,-193.4
233.8106,15,out2,31294,-169.6
233.8157,15,out2,31244,-155
233.8209,15,out2,31194,-68.8
233.8268,16,in,31194,-111.2
233.832,16,in,31198,-55.4
233.8369,16,in,31202,-92
233.8415,16,in,31206,-35.6
233.8471,16,in,31210,-30.4
233.8529,16,in,31214,-52.2
233.8578,16,in,31218,-4.2
233.8627,16,in,31222,-71
233.8675,16,in,31226,-77.4
233.8716,16,in,31230,-88.2
233.876,16,in,31234,-86
233.8811,16,in,31238,-89.8
233.8861,16,in,31242,-58.2
233.8905,16,in,31246,-44
233.8956,16,in,31250,-88.8
233.9008,16,in,31254,-96.4
233.9053,16,in,31258,-41.2
233.9098,16,in,31262,-29.2
233.9138,16,in,31266,5.4
233.9181,16,in,31270,-55.2
233.9225,16,in,31274,-62.8
233.9277,16,in,31278,-77.6
233.9324,16,in,31282,-50.6
233.9371,16,in,31286,-73.8
233.9417,16,in,31290,-48.4
233.9464,16,in,31294,-69.6
233.9513,16,in,31298,-28.4
233.9554,16,in,31302,-72.4
233.9601,16,in,31306,-61.8
233.9652,16,in,31310,-51.6
233.9697,16,in,31314,-30.8
233.9741,16,in,31318,-49.8
233.9782,16,in,31322,-81.4
233.9829,16,in,31326,-37.8
233.9882,16,in,31330,-64.2
233.9927,16,in,31334,-77
233.9969,16,in,31338,-12.8
234.0013,16,in,31342,-50.4
234.0058,16,in,31346,-86.8
234.0105,16,in,31350,-50
234.0159,16,in,31354,-74.4
234.0204,16,in,31358,-37.8
234.0259,16,in,31362,-52.2
234.0306,16,in,31366,-46.6
234.0351,16,in,31370,-26.6
234.0396,16,in,31374,-43.8
234.0447,16,in,31378,-15.8
234.049,16,in,31382,-28.2
234.0534,16,in,31386,-50.8
234.0577,16,in,31390,-21.2
234.0625,16,in,31394,-24.2
234.0676,16,in,31398,-19.8
234.0724,16,in,31402,-36
234.0771,16,in,31406,-53
234.0818,16,in,31410,-34.4
234.0869,16,in,31414,-41.6
234.0919,16,in,31418,-47.4
234.0965,16,in,31422,-35.8
234.1012,16,in,31426,-20.4
234.1062,16,in,31430,-83.4
234.1115,16,in,31434,-53
234.1166,16,in,31438,-29.2
234.1212,16,in,31442,-41.8
234.1261,16,in,31446,-45.2
234.1308,16,in,31450,8.4
234.1358,16,in,31454,-89.6
234.1403,16,in,31458,-61.8
234.1447,16,in,31462,-78
234.1493,16,in,31466,-45
234.1542,16,in,31470,-81.2
234.1585,16,in,31474,-13.6
234.1629,16,in,31478,-59.2
234.1676,16,in,31482,-76.8
234.1721,16,in,31486,-96
234.1766,16,in,31490,-75.6
234.1808,16,in,31494,-87.8
234.1851,16,in,31498,-52.2
234.1893,16,in,31502,-94
234.1935,16,in,31506,-44.6
234.198,16,in,31510,-25.8
234.2023,16,in,31514,1.4
234.2066,16,in,31518,-53.4
234.2109,16,in,31522,-49.2
234.215,16,in,31526,-91.4
234.2191,16,in,31530,-69.6
234.2234,16,in,31534,-75.8
234.2276,16,in,31538,-66.4
234.2325,16,in,31542,-60.4
234.2365,16,in,31546,-35.4
234.241,16,in,31550,-16.2
234.2452,16,in,31554,-88.4
234.2495,16,in,31558,-32.4
234.2546,16,in,31562,-77.8
234.2598,16,in,31566,-42.4
234.2637,16,in,31570,-15.4
234.268,16,in,31574,-53.8
234.273,16,in,31578,-56.2
234.2774,16,in,31582,-6.6
234.2814,16,in,31586,-9
234.286,16,in,31590,-42.6
234.2904,16,in,31594,1.4
234.2951,16,in,31598,-79.6
234.2992,16,in,31602,-33.4
234.3046,16,in,31606,-66.8
234.3089,16,in,31610,-57
234.3132,16,in,31614,1.2
234.3173,16,in,31618,-20.2
234.3213,16,in,31622,-23.4
234.3253,16,in,31626,-49
234.3298,16,in,31630,-30
234.3345,16,in,31634,-79.8
234.3387,16,in,31638,-61.6
234.3429,16,in,31642,-68.8
234.3476,16,in,31646,-29.6
234.352,16,in,31650,-59.2
234.3566,16,in,31654,-44
234.3618,16,in,31658,-60
234.3666,16,in,31662,-38.4
234.371,16,in,31666,-59.2
234.3748,16,in,31670,-30.8
234.3792,16,in,31674,-50.4
234.384,16,in,31678,-79.8
234.388,16,in,31682,-39.6
234.3921,16,in,31686,-40.8
234.3987,16,in,31690,-63
234.4033,16,in,31694,-90.2
234.4088,16,in,31698,-71.4
234.4133,16,in,31702,-62
234.4183,16,in,31706,-65
234.4223,16,in,31710,-117.4
234.4263,16,in,31714,-1
234.4302,16,in,31718,-49.6
234.4345,16,in,31722,-109.4
234.4388,16,in,31726,-31.2
234.4431,16,in,31730,-54
234.4471,16,in,31734,-42.4
234.4516,16,in,31738,-37.4
234.456,16,in,31742,-78
234.4609,16,in,31746,-23.2
234.4652,16,in,31750,-28.2
234.4706,16,in,31754,-42.6
234.4748,16,in,31758,-12.8
234.4788,16,in,31762,-100.4
234.4829,16,in,31766,-44.8
234.4873,16,in,31770,-81.4
234.4922,16,in,31774,-41.6
234.496,16,in,31778,-25.4
234.4999,16,in,31782,-21
234.5049,16,in,31786,-70.6
234.5092,16,in,31790,-40
234.513,16,in,31794,-21
234.5171,16,in,31798,-73.6
234.5216,16,in,31802,-44
234.5261,16,in,31806,-45
234.5302,16,in,31810,-118.4
234.5342,16,in,31814,-112.8
234.5385,16,in,31818,-97.2
234.5435,16,in,31822,-81
234.5476,16,in,31826,-71.2
234.5519,16,in,31830,-106.4
234.5568,16,in,31834,-21.8
234.5615,16,in,31838,-78
234.5661,16,in,31842,-61
234.5706,16,in,31846,-131.2
234.5752,16,in,31850,-45.6
234.5801,16,in,31854,2
234.5845,16,in,31858,-64.2
234.5895,16,in,31862,-97.2
234.5937,16,in,31866,-72.4
234.5978,16,in,31870,-60
234.6018,16,in,31874,-107.6
234.6061,16,in,31878,-95.8
234.6104,16,in,31882,-28.2
234.6143,16,in,31886,-58.2
234.6184,16,in,31890,-66.6
234.622,16,in,31894,-63
234.6256,16,in,31898,-69.6
234.6296,16,in,31902,-64.6
234.6338,16,in,31906,-87.4
234.6378,16,in,31910,-32.2
234.6422,16,in,31914,-46.2
234.6466,16,in,31918,-40.2
234.6511,16,in,31922,-53.8
234.6549,16,in,31926,-54.6
234.6589,16,in,31930,-84.8
234.6633,16,in,31934,-86
234.6687,16,in,31938,-19.4
234.6725,16,in,31942,-108
234.6768,16,in,31946,-28.6
234.6807,16,in,31950,-79
234.6855,16,in,31954,-83.4
234.6905,16,in,31958,-65
234.6947,16,in,31962,-118.8
234.6988,16,in,31966,-107.8
234.703,16,in,31970,-109.2
234.7077,16,in,31974,-45.2
234.7119,16,in,31978,-56
234.7166,16,in,31982,-33.8
234.7212,16,in,31986,-68.8
234.7258,16,in,31990,-73.2
234.7302,16,in,31994,-43.2
234.7349,16,in,31998,-88.4
234.7403,16,in,32002,-74.2
234.7447,16,in,32006,-65.2
234.7492,16,in,32010,-44.8
234.7539,16,in,32014,-69.4
234.7605,16,in,32018,-50.8
234.7653,16,in,32022,-40.2
234.7699,16,in,32026,-85.6
234.7743,16,in,32030,-16.6
234.7785,16,in,32034,-48.4
234.7827,16,in,32038,-64.6
234.7871,16,in,32042,-102.4
234.7908,16,in,32046,-53.2
234.7955,16,in,32050,-78.6
234.7999,16,in,32054,-43.4
234.8043,16,in,32058,-21.4
234.8085,16,in,32062,-41.4
234.8123,16,in,32066,-38.2
234.8166,16,in,32070,-73.4
234.8204,16,in,32074,-56
234.8241,16,in,32078,-74.8
234.8281,16,in,32082,-45.2
234.8324,16,in,32086,-70.8
234.8372,16,in,32090,-38.2
234.8412,16,in,32094,-66
234.8454,16,in,32098,-32
234.8502,16,in,32102,-71.6
234.8543,16,in,32106,-58.2
234.8585,16,in,32110,-80
234.8636,16,in,32114,-26.8
234.8683,16,in,32118,-49.4
234.8728,16,in,32122,-40.8
234.8769,16,in,32126,-32.8
234.8813,16,in,32130,-44.6
234.8856,16,in,32134,-65.2
234.8898,16,in,32138,-88.8
234.8939,16,in,32142,-102
234.8982,16,in,32146,-35.6
234.9036,16,in,32150,-88
234.9086,16,in,32154,-80.2
234.9125,16,in,32158,-82.4
234.9168,16,in,32162,-52.2
234.9218,16,in,32166,-69.4
234.9259,16,in,32170,-75.6
234.9304,16,in,32174,-41.8
234.9346,16,in,32178,-51.8
234.9406,16,in,32182,-41.8
234.9454,16,in,32186,-74.2
234.9497,16,in,32190,-7.8
234.9541,16,in,32194,-38.6
234.9584,16,in,32198,-43.4
234.9623,16,in,32202,-52
234.9668,16,in,32206,-126.8
234.9722,16,in,32210,-46.6
234.9766,16,in,32214,-81.2
234.9805,16,in,32218,-79.8
234.9846,16,in,32222,-60.2
234.9899,16,in,32226,-56.6
234.9943,16,in,32230,-23.4
234.9982,16,in,32234,-43.2
235.0022,16,in,32238,-27.2
235.0064,16,in,32242,-43.2
235.0111,16,in,32246,-112.8
235.0154,16,in,32250,-62.4
235.0196,16,in,32254,-111.2
235.0236,16,in,32258,-110
235.029,16,in,32262,-50.2
235.0331,16,in,32266,-25
235.0373,16,in,32270,-15
235.0418,16,in,32274,-55.6
235.0474,16,in,32278,-60.2
235.0517,16,in,32282,-35
235.0555,16,in,32286,-62.8
235.0595,16,in,32290,-104.6
235.065,16,in,32294,-59.2
235.0696,16,in,32298,-133.8
235.074,16,in,32302,-138
235.0785,16,in,32306,-109.2
235.0828,16,in,32310,-80.6
235.0866,16,in,32314,-91.4
235.0907,16,in,32318,-81.4
235.0947,16,in,32322,-87.6
235.099,16,in,32326,-51.2
235.1033,16,in,32330,-62.6
235.108,16,in,32334,-76.6
235.1123,16,in,32338,-75.2
235.1168,16,in,32342,-105.2
235.1215,16,in,32346,-150
235.126,16,in,32350,-119.4
235.1304,16,in,32354,-77.4
235.1345,16,in,32358,-106.2
235.1386,16,in,32362,-103.2
235.1433,16,in,32366,-84.6
235.1476,16,in,32370,-128.4
235.152,16,in,32374,-116.2
235.1566,16,in,32378,-97.2
235.1612,16,in,32382,-64.2
235.1657,16,in,32386,-68.2
235.1698,16,in,32390,-101.2
235.1744,16,in,32394,-65
235.1783,16,in,32398,-112.4
235.1823,16,in,32402,-42.6
235.1862,16,in,32406,-41.8
235.1902,16,in,32410,-143
235.1954,16,in,32414,-105
235.1996,16,in,32418,-66.8
235.2038,16,in,32422,-97.2
235.2087,16,in,32426,-69
235.2132,16,in,32430,-62
235.217,16,in,32434,-55
235.2211,16,in,32438,-124.8
235.2251,16,in,32442,-118.4
235.2296,16,in,32446,0
235.2335,16,in,32450,-83
235.2375,16,in,32454,-109.8
235.2413,16,in,32458,-73.8
235.2456,16,in,32462,-105.6
235.2497,16,in,32466,-106.2
235.2539,16,in,32470,-78.4
235.2585,16,in,32474,-97.8
235.2636,16,in,32478,-84.8
235.2686,16,in,32482,-78.4
235.2735,16,in,32486,-104.4
235.2778,16,in,32490,-48.8
235.2822,16,in,32494,-31
235.2857,16,in,32498,-55.6
235.2907,16,in,32502,-69.2
235.2946,16,in,32506,-65.8
235.2983,16,in,32510,-89
235.3014,16,in,32514,-137
235.3051,16,in,32518,-110.8
235.3088,16,in,32522,-42.6
235.3124,16,in,32526,-86
235.3161,16,in,32530,-96.6
235.3195,16,in,32534,-108
235.3235,16,in,32538,-114.6
235.327,16,in,32542,-151.4
235.3308,16,in,32546,-129.4
235.3343,16,in,32550,-131
235.3388,16,in,32554,-119.4
235.343,16,in,32558,-153.6
235.3474,16,in,32562,-79.2
235.3511,16,in,32566,-141.2
235.3556,16,in,32570,-194.6
235.3597,16,in,32574,-182.4
235.365,16,in,32578,-150
235.3695,16,in,32582,-194.2
235.3739,16,in,32586,-152.4
235.3787,16,in,32590,-114.2
235.3841,16,in,32594,-131
235.3885,16,in,32598,-107.4
235.393,16,in,32602,-84.6
235.398,16,in,32606,-140.2
235.4028,16,in,32610,-138
235.4078,16,in,32614,-196
235.4125,16,in,32618,-184
235.4186,16,in,32622,-130.2
235.4231,16,in,32626,-159.6
235.4277,16,in,32630,-184.4
235.4327,16,in,32634,-126.6
235.4377,16,in,32638,-199
235.4424,16,in,32642,-149.6
235.447,16,in,32646,-191.4
235.4512,16,in,32650,-127.4
235.456,16,in,32654,-171
235.4604,16,in,32658,-154
235.4656,16,in,32662,-178.4
235.4708,16,in,32666,-131
235.4748,16,in,32670,-89
235.4786,16,in,32674,-134
235.4823,16,in,32678,-152.8
235.4861,16,in,32682,-137.2
235.4908,16,in,32686,-99.4
235.4952,16,in,32690,-100.2
235.4994,16,in,32694,-27.6
235.5034,16,in,32698,-112.6
235.5082,16,in,32702,-37.8
235.5129,16,in,32706,-93.2
235.5166,16,in,32710,-71
235.5207,16,in,32714,-55.6
235.5261,16,in,32718,-106.4
235.53,16,in,32722,-44.6
235.534,16,in,32726,-125.8
235.5382,16,in,32730,-123.8
235.5426,16,in,32734,-88.4
235.5472,16,in,32738,-77.8
235.5512,16,in,32742,-111.8
235.5561,16,in,32746,-87
235.5604,16,in,32750,-245.2
235.5645,16,in,32754,-243.2
235.5685,16,in,32758,-226.4
235.5736,16,in,32762,-240.4
235.5782,16,in,32766,-215
235.5826,16,in,32770,-162.6
235.5874,16,in,32774,-169.2
235.5923,16,in,32778,-205.2
235.5984,16,in,32782,-242.2
235.6034,16,in,32786,-260.4
235.6084,16,in,32790,-175.4
235.6139,16,in,32794,-126.8
235.6192,16,in,32798,-91.2
235.6236,16,in,32802,-112.2
235.6283,16,in,32806,-134.8
235.6344,16,in,32810,-125
235.6394,16,in,32814,-172.6
235.6443,16,in,32818,-233.6
235.6492,16,in,32822,-202.8
235.6541,16,in,32826,-188.2
235.6594,16,in,32830,-354.8
235.6642,16,in,32834,-229.4
235.6689,16,in,32838,-251.2
235.6737,16,in,32842,-265.2
235.6789,16,in,32846,-176.4
235.6838,16,in,32850,-227
235.6886,16,in,32854,-186.2
235.6937,16,in,32858,-188.8
235.6982,16,in,32862,-214.8
235.7031,16,in,32866,-169.2
235.7076,16,in,32870,-233.6
235.7117,16,in,32874,-299.4
235.7158,16,in,32878,-287.8
235.72,16,in,32882,-215
235.7239,16,in,32886,-254
235.7278,16,in,32890,-303.8
235.7315,16,in,32894,-253.2
235.7351,16,in,32898,-284.6
235.7398,16,in,32902,-327.8
235.7448,16,in,32906,-383
235.7495,16,in,32910,-582
235.7542,16,in,32914,-313.8
235.7586,16,in,32918,-290.4
235.7627,16,in,32922,-564.6
235.7667,16,in,32926,-635.2
235.7708,16,in,32930,-574.4
235.7752,16,in,32934,-593.8
235.78,16,in,32938,-339.4
235.7846,16,in,32942,-330
235.7887,16,in,32946,-420.8
235.7928,16,in,32950,-421.6
235.7966,16,in,32954,-367
235.8004,16,in,32958,-340.2
235.8049,16,in,32962,-292.4
235.81,16,in,32966,-230.4
235.8145,16,in,32970,-197.6
235.8189,16,in,32974,-219.6
235.823,16,in,32978,-271
235.8268,16,in,32982,-266.2
235.8305,16,in,32986,-281.8
235.8341,16,in,32990,-304.4
235.8377,16,in,32994,-328
235.8413,16,in,32998,-320.2
235.845,16,in,33002,-314.4
235.8487,16,in,33006,-433.8
235.8528,16,in,33010,-408.6
235.8572,16,in,33014,-354.6
235.8614,16,in,33018,-374.8
235.8651,16,in,33022,-365.6
235.869,16,in,33026,-283.4
235.873,16,in,33030,-252.6
235.8779,16,in,33034,-302.8
235.8822,16,in,33038,-277.4
235.8861,16,in,33042,-229.6
235.8902,16,in,33046,-288.4
235.8942,16,in,33050,-365.8
235.899,16,in,33054,-321.6
235.9032,16,in,33058,-309
235.9074,16,in,33062,-275.8
235.9126,16,in,33066,-292.6
235.917,16,in,33070,-310
235.9209,16,in,33074,-383.6
235.9253,16,in,33078,-461
235.9301,16,in,33082,-373
235.9345,16,in,33086,-264.4
235.9386,16,in,33090,-434.4
235.9427,16,in,33094,-362.6
235.9471,16,in,33098,-385
235.9516,16,in,33102,-438.4
235.9558,16,in,33106,-375
235.9606,16,in,33110,-413
235.9648,16,in,33114,-399.6
235.9696,16,in,33118,-421.8
235.9738,16,in,33122,-476.6
235.9788,16,in,33126,-471
235.9827,16,in,33130,-440.8
235.9877,16,in,33134,-384
235.9919,16,in,33138,-408.2
235.9959,16,in,33142,-396.6
236.0005,16,in,33146,-389.2
236.0053,16,in,33150,-370.6
236.0093,16,in,33154,-349.4
236.0134,16,in,33158,-368.6
236.0177,16,in,33162,-334.6
236.0226,16,in,33166,-297.4
236.0267,16,in,33170,-307
236.0313,16,in,33174,-304.4
236.0357,16,in,33178,-301.2
236.0411,16,in,33182,-464.6
236.0449,16,in,33186,-382
236.049,16,in,33190,-406.4
236.0531,16,in,33194,-408.2
236.0581,16,in,33198,-406.2
236.0621,16,in,33202,-437.8
236.0662,16,in,33206,-401.6
236.0706,16,in,33210,-394
236.076,16,in,33214,-338.8
236.0806,16,in,33218,-295
236.0847,16,in,33222,-445.4
236.0891,16,in,33226,-523.6
236.0948,16,in,33230,-448.4
236.0993,16,in,33234,-444.6
236.1039,16,in,33238,-478
236.1083,16,in,33242,-594.8
236.1138,16,in,33246,-585.2
236.1186,16,in,33250,-520.6
236.1227,16,in,33254,-476.8
236.1268,16,in,33258,-449.2
236.1314,16,in,33262,-441
236.1361,16,in,33266,-393.2
236.1404,16,in,33270,-422.6
236.1448,16,in,33274,-406.6
236.1499,16,in,33278,-445.4
236.1537,16,in,33282,-464.6
236.158,16,in,33286,-422.6
236.1629,16,in,33290,-482
236.1672,16,in,33294,-527.2
236.1717,16,in,33298,-462.4
236.1758,16,in,33302,-441
236.1805,16,in,33306,-436.2
236.1859,16,in,33310,-507.2
236.1898,16,in,33314,-500.6
236.1942,16,in,33318,-468.4
236.1987,16,in,33322,-484.4
236.2044,16,in,33326,-481.2
236.2084,16,in,33330,-401.6
236.2133,16,in,33334,-372.2
236.2173,16,in,33338,-413
236.2224,16,in,33342,-458
236.2264,16,in,33346,-403.8
236.2304,16,in,33350,-551.4
236.2346,16,in,33354,-456.2
236.239,16,in,33358,-536.6
236.2437,16,in,33362,-494.8
236.2477,16,in,33366,-465.2
236.2518,16,in,33370,-535.4
236.2565,16,in,33374,-522.6
236.2613,16,in,33378,-633.2
236.2659,16,in,33382,-683
236.2699,16,in,33386,-719.2
236.2752,16,in,33390,-666.6
236.2795,16,in,33394,-702.2
236.284,16,in,33398,-710.6
236.2882,16,in,33402,-704.6
236.2929,16,in,33406,-695.2
236.2976,16,in,33410,-609.8
236.3015,16,in,33414,-646
236.3063,16,in,33418,-650.6
236.3105,16,in,33422,-546.6
236.3148,16,in,33426,-609.2
236.3188,16,in,33430,-632.4
236.3239,16,in,33434,-680
236.3291,16,in,33438,-582.4
236.3336,16,in,33442,-485.2
236.3374,16,in,33446,-463.6
236.3412,16,in,33450,-616
236.3453,16,in,33454,-638.8
236.3503,16,in,33458,-625.4
236.3542,16,in,33462,-674.2
236.3586,16,in,33466,-657.8
236.3633,16,in,33470,-636.2
236.3687,16,in,33474,-595
236.3727,16,in,33478,-556.2
236.3772,16,in,33482,-610.8
236.3818,16,in,33486,-488.4
236.3872,16,in,33490,-546
236.3912,16,in,33494,-589
236.3956,16,in,33498,-540
236.3999,16,in,33502,-708.4
236.4052,16,in,33506,-731
236.4091,16,in,33510,-662
236.4131,16,in,33514,-684.4
236.4171,16,in,33518,-701.8
236.4221,16,in,33522,-663.8
236.4266,16,in,33526,-632.8
236.4305,16,in,33530,-686.8
236.4346,16,in,33534,-649.4
236.4387,16,in,33538,-683.4
236.4431,16,in,33542,-657.6
236.447,16,in,33546,-620.8
236.451,16,in,33550,-640.6
236.4552,16,in,33554,-678.8
236.4599,16,in,33558,-699.6
236.4642,16,in,33562,-725.6
236.4682,16,in,33566,-757.4
236.4727,16,in,33570,-737.8
236.4778,16,in,33574,-682.2
236.482,16,in,33578,-677.2
236.4862,16,in,33582,-684.2
236.4908,16,in,33586,-650.6
236.4961,16,in,33590,-687.6
236.5001,16,in,33594,-677
236.5047,16,in,33598,-733
236.5093,16,in,33602,-650.6
236.5143,16,in,33606,-707.2
236.5181,16,in,33610,-683.2
236.5222,16,in,33614,-716
236.5263,16,in,33618,-680.2
236.5312,16,in,33622,-722.6
236.5357,16,in,33626,-803
236.5404,16,in,33630,-722
236.5444,16,in,33634,-693.6
236.5495,16,in,33638,-733.6
236.5546,16,in,33642,-745.6
236.5587,16,in,33646,-717.4
236.563,16,in,33650,-711.2
236.5683,16,in,33654,-665.4
236.5724,16,in,33658,-610.6
236.5764,16,in,33662,-659
236.5806,16,in,33666,-687.6
236.5856,16,in,33670,-692
236.5895,16,in,33674,-671
236.5936,16,in,33678,-684.8
236.5981,16,in,33682,-568.8
236.6037,16,in,33686,-607.8
236.6076,16,in,33690,-535.6
236.6117,16,in,33694,-555
236.6163,16,in,33698,-647.8
236.6218,16,in,33702,-665.2
236.626,16,in,33706,-652
236.6301,16,in,33710,-609.6
236.6343,16,in,33714,-679
236.6387,16,in,33718,-692.8
236.6431,16,in,33722,-752
236.6477,16,in,33726,-745.2
236.652,16,in,33730,-760.2
236.6567,16,in,33734,-822.2
236.6614,16,in,33738,-757.4
236.6658,16,in,33742,-735
236.6702,16,in,33746,-709.8
236.6754,16,in,33750,-770.2
236.68,16,in,33754,-729.6
236.6846,16,in,33758,-761.8
236.6889,16,in,33762,-729.6
236.6933,16,in,33766,-722.8
236.6969,16,in,33770,-649.8
236.7003,16,in,33774,-679.2
236.7041,16,in,33778,-704.2
236.7079,16,in,33782,-632.8
236.7122,16,in,33786,-677.2
236.7163,16,in,33790,-683
236.7204,16,in,33794,-673.4
236.7243,16,in,33798,-631.8
236.7293,16,in,33802,-646.8
236.7331,16,in,33806,-721.6
236.7374,16,in,33810,-693.4
236.7413,16,in,33814,-782.4
236.7459,16,in,33818,-774.6
236.7508,16,in,33822,-711.8
236.7551,16,in,33826,-775.6
236.7591,16,in,33830,-797.8
236.7633,16,in,33834,-781.2
236.7674,16,in,33838,-779.8
236.7711,16,in,33842,-813.2
236.775,16,in,33846,-769.6
236.7789,16,in,33850,-812.4
236.7829,16,in,33854,-799.4
236.7872,16,in,33858,-800.8
236.7911,16,in,33862,-773.6
236.7949,16,in,33866,-805.4
236.7997,16,in,33870,-832.2
236.8052,16,in,33874,-768.8
236.8105,16,in,33878,-819.2
236.8152,16,in,33882,-810.6
236.8202,16,in,33886,-853
236.8242,16,in,33890,-842.8
236.8277,16,in,33894,-748.8
236.8317,16,in,33898,-722.6
236.8362,16,in,33902,-772.2
236.8412,16,in,33906,-761.6
236.8465,16,in,33910,-783.8
236.8509,16,in,33914,-726.8
236.8557,16,in,33918,-711.6
236.8602,16,in,33922,-689.2
236.8651,16,in,33926,-713.2
236.8699,16,in,33930,-759.6
236.8747,16,in,33934,-706.6
236.8794,16,in,33938,-743.6
236.8838,16,in,33942,-810.2
236.8889,16,in,33946,-742.8
236.8934,16,in,33950,-692.6
236.898,16,in,33954,-752.2
236.9028,16,in,33958,-753.4
236.9082,16,in,33962,-796.8
236.9129,16,in,33966,-752.4
236.9181,16,in,33970,-721.8
236.9231,16,in,33974,-688.2
236.9281,16,in,33978,-728.4
236.9331,16,in,33982,-776.8
236.9381,16,in,33986,-833
236.9438,16,in,33990,-792.8
236.9489,16,in,33994,-802.2
236.954,16,in,33998,-824.6
236.9599,16,in,34002,-801.8
236.9646,16,in,34006,-795
236.9692,16,in,34010,-758.8
236.9737,16,in,34014,-717.6
236.9787,16,in,34018,-713.6
236.9837,16,in,34022,-760
236.9885,16,in,34026,-782.2
236.9934,16,in,34030,-813.4
236.9978,16,in,34034,-715.8
237.0026,16,in,34038,-727
237.0072,16,in,34042,-731.2
237.0118,16,in,34046,-763.8
237.0163,16,in,34050,-768.4
237.0207,16,in,34054,-779.2
237.0246,16,in,34058,-755.4
237.0292,16,in,34062,-794.6
237.0338,16,in,34066,-837
237.0378,16,in,34070,-819.6
237.0421,16,in,34074,-812.8
237.0462,16,in,34078,-746.6
237.0511,16,in,34082,-754
237.0559,16,in,34086,-755.4
237.0606,16,in,34090,-747
237.0652,16,in,34094,-749
237.0704,16,in,34098,-732.8
237.0749,16,in,34102,-775
237.0802,16,in,34106,-776.4
237.0849,16,in,34110,-803.2
237.0896,16,in,34114,-765.4
237.0944,16,in,34118,-774.2
237.0992,16,in,34122,-777.2
237.104,16,in,34126,-827.2
237.1091,16,in,34130,-824.6
237.1139,16,in,34134,-888.8
237.119,16,in,34138,-855.2
237.1238,16,in,34142,-868
237.1288,16,in,34146,-852
237.1339,16,in,34150,-840.2
237.1391,16,in,34154,-839.4
237.144,16,in,34158,-811.4
237.1487,16,in,34162,-853.6
237.1538,16,in,34166,-904.6
237.1593,16,in,34170,-908
237.1634,16,in,34174,-849
237.1678,16,in,34178,-850.8
237.1725,16,in,34182,-883.6
237.1775,16,in,34186,-893.4
237.1816,16,in,34190,-898.8
237.1862,16,in,34194,-903.2
237.1914,16,in,34198,-926
237.1962,16,in,34202,-884.8
237.2009,16,in,34206,-877.2
237.2057,16,in,34210,-885.6
237.21,16,in,34214,-948.2
237.2141,16,in,34218,-925
237.2182,16,in,34222,-868
237.2223,16,in,34226,-902
237.2263,16,in,34230,-884.6
237.2309,16,in,34234,-849.6
237.2353,16,in,34238,-847.2
237.2401,16,in,34242,-888
237.244,16,in,34246,-879.4
237.248,16,in,34250,-854.4
237.2519,16,in,34254,-890.2
237.2558,16,in,34258,-858.2
237.2597,16,in,34262,-831.8
237.2637,16,in,34266,-874
237.2681,16,in,34270,-900.6
237.2716,16,in,34274,-915.2
237.2758,16,in,34278,-870.2
237.2794,16,in,34282,-881.4
237.2836,16,in,34286,-942.8
237.2879,16,in,34290,-938
237.292,16,in,34294,-923.6
237.2957,16,in,34298,-913.8
237.2994,16,in,34302,-937.4
237.3031,16,in,34306,-918.8
237.3066,16,in,34310,-912.6
237.3102,16,in,34314,-865.4
237.3141,16,in,34318,-882
237.3186,16,in,34322,-909.2
237.3221,16,in,34326,-897.6
237.3255,16,in,34330,-887.6
237.3291,16,in,34334,-861.2
237.3327,16,in,34338,-890.6
237.3364,16,in,34342,-925.4
237.3397,16,in,34346,-907.4
237.3428,16,in,34350,-912.2
237.346,16,in,34354,-885.8
237.3501,16,in,34358,-884.4
237.3539,16,in,34362,-928
237.3575,16,in,34366,-885.4
237.3609,16,in,34370,-897.4
237.3651,16,in,34374,-938
237.3688,16,in,34378,-908.8
237.3728,16,in,34382,-898.6
237.3767,16,in,34386,-909.6
237.3808,16,in,34390,-915.2
237.3845,16,in,34394,-902.4
237.388,16,in,34398,-951.6
237.3915,16,in,34402,-906.4
237.3955,16,in,34406,-883
237.3995,16,in,34410,-944.2
237.4032,16,in,34414,-884.6
237.4072,16,in,34418,-870.4
237.411,16,in,34422,-902.2
237.4144,16,in,34426,-917.6
237.4183,16,in,34430,-918
237.4219,16,in,34434,-907.4
237.426,16,in,34438,-890.2
237.4294,16,in,34442,-906.2
237.433,16,in,34446,-911.6
237.4363,16,in,34450,-921.8
237.4396,16,in,34454,-875.8
237.4429,16,in,34458,-872.6
237.4461,16,in,34462,-887
237.4492,16,in,34466,-903.8
237.4524,16,in,34470,-881.4
237.4556,16,in,34474,-946.2
237.459,16,in,34478,-943
237.4624,16,in,34482,-921.4
237.4657,16,in,34486,-915.4
237.469,16,in,34490,-906.6
237.472,16,in,34494,-919.4
237.4752,16,in,34498,-897.2
237.4784,16,in,34502,-890.6
237.4815,16,in,34506,-865
237.4851,16,in,34510,-926.8
237.4885,16,in,34514,-898.4
237.4922,16,in,34518,-887
237.496,16,in,34522,-915
237.4992,16,in,34526,-890.8
237.5025,16,in,34530,-931.8
237.506,16,in,34534,-939.6
237.5093,16,in,34538,-892.4
237.5128,16,in,34542,-924.4
237.516,16,in,34546,-910
237.5196,16,in,34550,-942
237.5231,16,in,34554,-951
237.5261,16,in,34558,-920.4
237.5294,16,in,34562,-848.2
237.5327,16,in,34566,-920.4
237.5359,16,in,34570,-921
237.5392,16,in,34574,-901
237.5427,16,in,34578,-931.6
237.546,16,in,34582,-915
237.5503,16,in,34586,-930.8
237.5535,16,in,34590,-962.4
237.5566,16,in,34594,-952.8
237.5598,16,in,34598,-905.4
237.563,16,in,34602,-916.2
237.5667,16,in,34606,-933.6
237.57,16,in,34610,-966.6
237.5737,16,in,34614,-923.2
237.5772,16,in,34618,-932.6
237.581,16,in,34622,-931.2
237.5848,16,in,34626,-918.6
237.5883,16,in,34630,-920.6
237.5918,16,in,34634,-900.8
237.5956,16,in,34638,-890
237.5995,16,in,34642,-939
237.6037,16,in,34646,-998
237.6074,16,in,34650,-953.4
237.6113,16,in,34654,-934.6
237.6155,16,in,34658,-936.2
237.6208,16,in,34662,-1005
237.625,16,out,34658,-968.6
237.6293,16,out,34654,-933.4
237.6336,16,out,34650,-931.6
237.6393,16,out,34646,-959
237.6432,16,out,34642,-884.4
237.6477,16,out,34638,-958.2
237.6521,16,out,34634,-907
237.6576,16,out,34630,-975.8
237.6619,16,out,34626,-910.2
237.6658,16,out,34622,-990.4
237.6701,16,out,34618,-946.6
237.675,16,out,34614,-911.2
237.6794,16,out,34610,-966.4
237.6835,16,out,34606,-973
237.6879,16,out,34602,-988.2
237.6931,16,out,34598,-969.4
237.6981,16,out,34594,-923.8
237.7025,16,out,34590,-953.6
237.7068,16,out,34586,-962.6
237.711,16,out,34582,-885.4
237.7153,16,out,34578,-957.4
237.7201,16,out,34574,-928.8
237.7247,16,out,34570,-869.8
237.7296,16,out,34566,-915.4
237.7345,16,out,34562,-972.8
237.74,16,out,34558,-987.4
237.7449,16,out,34554,-946
237.7497,16,out,34550,-952.2
237.754,16,out,34546,-947.4
237.7582,16,out,34542,-957.8
237.7623,16,out,34538,-882.6
237.7661,16,out,34534,-950
237.7696,16,out,34530,-959.4
237.7734,16,out,34526,-921.8
237.777,16,out,34522,-873.8
237.7809,16,out,34518,-855.6
237.7847,16,out,34514,-942.4
237.7885,16,out,34510,-914
237.7923,16,out,34506,-863.4
237.7968,16,out,34502,-801.6
237.8019,16,out,34498,-869.4
237.8061,16,out,34494,-871.8
237.8101,16,out,34490,-876.2
237.8143,16,out,34486,-904
237.8186,16,out,34482,-879.2
237.8228,16,out,34478,-937.4
237.8273,16,out,34474,-841.4
237.8315,16,out,34470,-834.6
237.8358,16,out,34466,-850.4
237.8394,16,out,34462,-887.6
237.8436,16,out,34458,-867.8
237.8474,16,out,34454,-884
237.8527,16,out,34450,-866.8
237.8572,16,out,34446,-875.4
237.8626,16,out,34442,-863.6
237.8673,16,out,34438,-835.6
237.873,16,out,34434,-855.4
237.8776,16,out,34430,-862
237.8821,16,out,34426,-856.6
237.8865,16,out,34422,-854.2
237.8913,16,out,34418,-918.6
237.8966,16,out,34414,-885.8
237.9014,16,out,34410,-896.8
237.9063,16,out,34406,-948
237.9117,16,out,34402,-878.8
237.9169,16,out,34398,-887.2
237.9217,16,out,34394,-936
237.9271,16,out,34390,-893.8
237.9317,16,out,34386,-871.6
237.9367,16,out,34382,-850.2
237.9421,16,out,34378,-873.2
237.9474,16,out,34374,-837.2
237.9517,16,out,34370,-847.4
237.9558,16,out,34366,-895.8
237.9597,16,out,34362,-838.4
237.9635,16,out,34358,-926.8
237.9674,16,out,34354,-899.4
237.971,16,out,34350,-926.6
237.9746,16,out,34346,-920.8
237.979,16,out,34342,-869.8
237.9829,16,out,34338,-925.2
237.9866,16,out,34334,-887.6
237.991,16,out,34330,-856.6
237.9949,16,out,34326,-864.4
238.0001,16,out,34322,-922.8
238.0039,16,out,34318,-990.2
238.0079,16,out,34314,-907.6
238.0124,16,out,34310,-825
238.0174,16,out,34306,-962.8
238.0215,16,out,34302,-886.2
238.0256,16,out,34298,-855.4
238.0298,16,out,34294,-849.2
238.0343,16,out,34290,-935.4
238.0389,16,out,34286,-870.6
238.043,16,out,34282,-871.2
238.0473,16,out,34278,-939
238.0531,16,out,34274,-893.2
238.0574,16,out,34270,-900.2
238.0614,16,out,34266,-989.4
238.0657,16,out,34262,-875.8
238.071,16,out,34258,-882.2
238.0748,16,out,34254,-964.8
238.0787,16,out,34250,-884.6
238.0829,16,out,34246,-851
238.0888,16,out,34242,-911.8
238.0927,16,out,34238,-832
238.0968,16,out,34234,-914.4
238.1021,16,out,34230,-919.4
238.1075,16,out,34226,-921.6
238.1119,16,out,34222,-911.8
238.1165,16,out,34218,-881.4
238.1215,16,out,34214,-868.6
238.1262,16,out,34210,-857.6
238.1303,16,out,34206,-859
238.1343,16,out,34202,-923.4
238.1384,16,out,34198,-931.4
238.1433,16,out,34194,-874.2
238.1474,16,out,34190,-920
238.1516,16,out,34186,-973.8
238.1556,16,out,34182,-980.8
238.162,16,out,34178,-928
238.1666,16,out,34174,-940.8
238.1711,16,out,34170,-970.2
238.1755,16,out,34166,-960.6
238.1806,16,out,34162,-932
238.1847,16,out,34158,-944.2
238.1895,16,out,34154,-927.2
238.1941,16,out,34150,-993.8
238.1986,16,out,34146,-964.2
238.2029,16,out,34142,-934
238.2074,16,out,34138,-897.2
238.2117,16,out,34134,-867.4
238.2158,16,out,34130,-908.2
238.2197,16,out,34126,-868.2
238.2238,16,out,34122,-907.2
238.2283,16,out,34118,-911.6
238.2327,16,out,34114,-911
238.2367,16,out,34110,-917
238.2406,16,out,34106,-954.6
238.2448,16,out,34102,-894.2
238.2506,16,out,34098,-953.8
238.2546,16,out,34094,-943.2
238.2592,16,out,34090,-848.6
238.2633,16,out,34086,-924.4
238.2683,16,out,34082,-865
238.2723,16,out,34078,-903.8
238.2768,16,out,34074,-914.8
238.2808,16,out,34070,-920.4
238.2861,16,out,34066,-917.8
238.2905,16,out,34062,-893.4
238.2948,16,out2,34012,-896.6
238.2989,16,out2,33962,-877
238.3044,16,out2,33912,-955.8
238.3087,16,out2,33862,-849.6
238.3127,16,out2,33812,-906.6
238.3168,16,out2,33762,-922.4
238.322,16,out2,33712,-902.4
238.3265,16,out2,33662,-871.6
238.3306,16,out2,33612,-871
238.3346,16,out2,33562,-881
238.34,16,out2,33512,-820.4
238.3441,16,out2,33462,-832.6
238.348,16,out2,33412,-864.4
238.3526,16,out2,33362,-805.8
238.3573,16,out2,33312,-858.2
238.3617,16,out2,33262,-798.6
238.3658,16,out2,33212,-867.6
238.3701,16,out2,33162,-817.8
238.3752,16,out2,33112,-902.6
238.379,16,out2,33062,-858.2
238.3841,16,out2,33012,-885.2
238.388,16,out2,32962,-925.8
238.3925,16,out2,32912,-839
238.3963,16,out2,32862,-861.6
238.4008,16,out2,32812,-858
238.4049,16,out2,32762,-863.4
238.4098,16,out2,32712,-878.6
238.4142,16,out2,32662,-847
238.4193,16,out2,32612,-874
238.4238,16,out2,32562,-819.8
238.4278,16,out2,32512,-812
238.4314,16,out2,32462,-827.4
238.435,16,out2,32412,-731.2
238.4387,16,out2,32362,-731.4
238.4433,16,out2,32312,-695.2
238.4478,16,out2,32262,-714
238.4522,16,out2,32212,-684.8
238.4566,16,out2,32162,-795
238.4625,16,out2,32112,-741.8
238.4664,16,out2,32062,-576
238.4706,16,out2,32012,-467.2
238.4745,16,out2,31962,-510.8
238.479,16,out2,31912,-380.4
238.4837,16,out2,31862,-419.8
238.4883,16,out2,31812,-537.4
238.4935,16,out2,31762,-458.8
238.4985,16,out2,31712,-425.8
238.5033,16,out2,31662,-480.2
238.5078,16,out2,31612,-495
238.5118,16,out2,31562,-368
238.517,16,out2,31512,-205.2
238.5211,16,out2,31462,-236
238.5256,16,out2,31412,-88.2
238.5301,17,in,31412,-124
238.5349,17,in,31416,-114.2
238.5393,17,in,31420,-110.6
238.5434,17,in,31424,-142.2
238.5474,17,in,31428,-77.6
238.5524,17,in,31432,-96.4
238.5564,17,in,31436,-75.6
238.5604,17,in,31440,-141.6
238.5645,17,in,31444,-137
238.5696,17,in,31448,-118.2
238.5741,17,in,31452,-115.8
238.5782,17,in,31456,-143.6
238.5823,17,in,31460,-124.4
238.5885,17,in,31464,-112.8
238.5928,17,in,31468,-85.2
238.5967,17,in,31472,-41.8
238.601,17,in,31476,-123.8
238.6056,17,in,31480,-116.6
238.6109,17,in,31484,-148.2
238.6156,17,in,31488,-89.8
238.6196,17,in,31492,-125.8
238.625,17,in,31496,-110.8
238.6293,17,in,31500,-113.2
238.6332,17,in,31504,-112.2
238.6372,17,in,31508,-133.4
238.6422,17,in,31512,-85.6
238.6462,17,in,31516,-81.6
238.651,17,in,31520,-148.4
238.6552,17,in,31524,-106.8
238.661,17,in,31528,-85
238.6649,17,in,31532,-94.8
238.6691,17,in,31536,-154
238.6733,17,in,31540,-116
238.6789,17,in,31544,-40.4
238.6828,17,in,31548,-60.4
238.6867,17,in,31552,-175
238.6912,17,in,31556,-114.8
238.697,17,in,31560,-84
238.7018,17,in,31564,-58.4
238.7063,17,in,31568,-152.6
238.7106,17,in,31572,-134
238.7148,17,in,31576,-81.8
238.7185,17,in,31580,-76.2
238.7227,17,in,31584,-73.2
238.7274,17,in,31588,-82.8
238.7315,17,in,31592,-98.8
238.7355,17,in,31596,-74.2
238.7394,17,in,31600,-103.6
238.7434,17,in,31604,-92.6
238.7476,17,in,31608,-81.2
238.7523,17,in,31612,-111.8
238.7565,17,in,31616,-102.8
238.7605,17,in,31620,-58.8
238.7647,17,in,31624,-96.6
238.769,17,in,31628,-159.4
238.7729,17,in,31632,-81
238.7769,17,in,31636,-108.6
238.7809,17,in,31640,-108
238.7853,17,in,31644,-86.4
238.7894,17,in,31648,-137.4
238.7931,17,in,31652,-91.6
238.7979,17,in,31656,-113.8
238.8025,17,in,31660,-143.2
238.8072,17,in,31664,-98.4
238.8117,17,in,31668,-67
238.8158,17,in,31672,-97.4
238.8211,17,in,31676,-120.2
238.8257,17,in,31680,-67.2
238.8301,17,in,31684,-99.8
238.8347,17,in,31688,-69
238.8392,17,in,31692,-88.2
238.8435,17,in,31696,-116.8
238.8474,17,in,31700,-125.2
238.8523,17,in,31704,-121.6
238.8571,17,in,31708,-142
238.8612,17,in,31712,-129.6
238.8656,17,in,31716,-127.8
238.871,17,in,31720,-136.4
238.8757,17,in,31724,-79.2
238.8799,17,in,31728,-115.6
238.885,17,in,31732,-102
238.8893,17,in,31736,-61.4
238.8937,17,in,31740,-83
238.8979,17,in,31744,-94.4
238.9023,17,in,31748,-80
238.9061,17,in,31752,-87.2
238.9111,17,in,31756,-91.6
238.9153,17,in,31760,-100.4
238.9198,17,in,31764,-116.6
238.9249,17,in,31768,-90.4
238.9298,17,in,31772,-120.4
238.9338,17,in,31776,-160
238.9379,17,in,31780,-145.4
238.9423,17,in,31784,-59.8
238.9471,17,in,31788,-77.6
238.9512,17,in,31792,-127.8
238.9552,17,in,31796,-91.6
238.9593,17,in,31800,-22.2
238.9646,17,in,31804,-44
238.9689,17,in,31808,-55.6
238.9733,17,in,31812,-110.6
238.9776,17,in,31816,-92.8
238.983,17,in,31820,-105.8
238.9868,17,in,31824,-102.8
238.9908,17,in,31828,-58.4
238.9953,17,in,31832,-91
239.0008,17,in,31836,-102.2
239.0056,17,in,31840,-108.6
239.0099,17,in,31844,-128
239.0145,17,in,31848,-93.4
239.0192,17,in,31852,-126.4
239.023,17,in,31856,-139.6
239.0271,17,in,31860,-139.2
239.0313,17,in,31864,-130.2
239.0365,17,in,31868,-122.4
239.0409,17,in,31872,-123
239.0448,17,in,31876,-140.6
239.0489,17,in,31880,-69.6
239.0544,17,in,31884,-106.6
239.0593,17,in,31888,-63.6
239.0636,17,in,31892,-96.4
239.0676,17,in,31896,-68
239.0725,17,in,31900,-89
239.0767,17,in,31904,-69.2
239.081,17,in,31908,-99.2
239.0854,17,in,31912,-93
239.0903,17,in,31916,-82.6
239.0944,17,in,31920,-61.4
239.0986,17,in,31924,-123.4
239.1034,17,in,31928,-116.2
239.1085,17,in,31932,-124.2
239.1126,17,in,31936,-108.4
239.1175,17,in,31940,-136.4
239.1216,17,in,31944,-166.6
239.1269,17,in,31948,-68.6
239.131,17,in,31952,-78.2
239.1355,17,in,31956,-95.6
239.1398,17,in,31960,-101
239.1452,17,in,31964,-66.4
239.1494,17,in,31968,-93.2
239.154,17,in,31972,-140.6
239.1581,17,in,31976,-157.8
239.1629,17,in,31980,-106.8
239.167,17,in,31984,-111
239.1707,17,in,31988,-114.8
239.1748,17,in,31992,-83.8
239.1799,17,in,31996,-109.4
239.1851,17,in,32000,-117.8
239.1893,17,in,32004,-101
239.1938,17,in,32008,-107.8
239.1995,17,in,32012,-110.6
239.2042,17,in,32016,-138.4
239.2096,17,in,32020,-148.8
239.2144,17,in,32024,-147.4
239.2192,17,in,32028,-137
239.2236,17,in,32032,-111
239.2281,17,in,32036,-130.8
239.2326,17,in,32040,-123.4
239.2379,17,in,32044,-149.6
239.2425,17,in,32048,-85.2
239.2472,17,in,32052,-146.4
239.2522,17,in,32056,-132.8
239.2565,17,in,32060,-140
239.2611,17,in,32064,-77.6
239.2656,17,in,32068,-115.6
239.2703,17,in,32072,-144.4
239.2747,17,in,32076,-74.8
239.2792,17,in,32080,-93.8
239.2838,17,in,32084,-114.8
239.2897,17,in,32088,-113.6
239.2944,17,in,32092,-85.6
239.2993,17,in,32096,-169.4
239.3041,17,in,32100,-124.4
239.3085,17,in,32104,-102.6
239.313,17,in,32108,-90.4
239.3176,17,in,32112,-106.4
239.3222,17,in,32116,-168.4
239.3271,17,in,32120,-105.4
239.3317,17,in,32124,-132.6
239.3362,17,in,32128,-99.8
239.3404,17,in,32132,-98.4
239.345,17,in,32136,-107.6
239.349,17,in,32140,-149.8
239.3534,17,in,32144,-94.6
239.3574,17,in,32148,-90.6
239.3617,17,in,32152,-72.6
239.3656,17,in,32156,-127.8
239.37,17,in,32160,-85.6
239.3746,17,in,32164,-54
239.3796,17,in,32168,-101
239.3841,17,in,32172,-125.8
239.3881,17,in,32176,-134.4
239.3923,17,in,32180,-102.4
239.3977,17,in,32184,-108.2
239.4022,17,in,32188,-63.8
239.4069,17,in,32192,-76.4
239.4115,17,in,32196,-132
239.4157,17,in,32200,-113.6
239.4204,17,in,32204,-155.6
239.4247,17,in,32208,-86.4
239.4289,17,in,32212,-67
239.4327,17,in,32216,-118.6
239.4369,17,in,32220,-122.2
239.4413,17,in,32224,-88.6
239.4458,17,in,32228,-104.6
239.4512,17,in,32232,-96.6
239.4551,17,in,32236,-101.6
239.4593,17,in,32240,-121
239.4639,17,in,32244,-109.6
239.4688,17,in,32248,-115.2
239.4729,17,in,32252,-77.2
239.4771,17,in,32256,-61.2
239.4811,17,in,32260,-88.4
239.486,17,in,32264,-121
239.4901,17,in,32268,-126.6
239.4944,17,in,32272,-102
239.4984,17,in,32276,-72.4
239.5034,17,in,32280,-117
239.5083,17,in,32284,-102.4
239.5125,17,in,32288,-74.4
239.5165,17,in,32292,-110.8
239.5213,17,in,32296,-146.8
239.5257,17,in,32300,-110
239.5298,17,in,32304,-145.2
239.5342,17,in,32308,-161.6
239.5394,17,in,32312,-162.6
239.5442,17,in,32316,-97.6
239.549,17,in,32320,-94.8
239.554,17,in,32324,-131
239.5586,17,in,32328,-70
239.5633,17,in,32332,-99.2
239.5683,17,in,32336,-85.4
239.5726,17,in,32340,-149.6
239.5774,17,in,32344,-157
239.5819,17,in,32348,-166.4
239.587,17,in,32352,-155.2
239.5917,17,in,32356,-147.2
239.5962,17,in,32360,-93.8
239.6003,17,in,32364,-189
239.6042,17,in,32368,-163.6
239.6084,17,in,32372,-154
239.6132,17,in,32376,-102.2
239.6174,17,in,32380,-121.8
239.6216,17,in,32384,-159.6
239.6262,17,in,32388,-117.4
239.6318,17,in,32392,-124.4
239.636,17,in,32396,-180
239.6401,17,in,32400,-159.4
239.6441,17,in,32404,-118.4
239.6487,17,in,32408,-117.8
239.6529,17,in,32412,-164.2
239.6571,17,in,32416,-170
239.6612,17,in,32420,-155.4
239.6657,17,in,32424,-134.8
239.6705,17,in,32428,-193.2
239.675,17,in,32432,-111.2
239.679,17,in,32436,-174.2
239.6834,17,in,32440,-183.8
239.6874,17,in,32444,-147.4
239.691,17,in,32448,-148
239.6946,17,in,32452,-191.4
239.6985,17,in,32456,-164.2
239.7029,17,in,32460,-158.4
239.7076,17,in,32464,-197.6
239.7123,17,in,32468,-156.8
239.7169,17,in,32472,-156.2
239.7214,17,in,32476,-169.4
239.7257,17,in,32480,-143.6
239.7302,17,in,32484,-120.8
239.7349,17,in,32488,-152.8
239.7395,17,in,32492,-141.6
239.744,17,in,32496,-149.8
239.7485,17,in,32500,-101.4
239.7524,17,in,32504,-137.2
239.7566,17,in,32508,-127.8
239.7607,17,in,32512,-120.4
239.7654,17,in,32516,-165.6
239.7703,17,in,32520,-200.2
239.7751,17,in,32524,-136
239.7804,17,in,32528,-133.8
239.7854,17,in,32532,-177.2
239.7905,17,in,32536,-156.6
239.7951,17,in,32540,-153.4
239.8004,17,in,32544,-203.6
239.805,17,in,32548,-159.6
239.8092,17,in,32552,-158
239.8129,17,in,32556,-138.2
239.8168,17,in,32560,-189.2
239.8206,17,in,32564,-166.6
239.8249,17,in,32568,-210
239.8292,17,in,32572,-147
239.8334,17,in,32576,-169.6
239.8375,17,in,32580,-170.6
239.8415,17,in,32584,-111
239.846,17,in,32588,-94.2
239.8508,17,in,32592,-113.6
239.8549,17,in,32596,-120.6
239.8593,17,in,32600,-173.8
239.8634,17,in,32604,-150
239.8675,17,in,32608,-154.8
239.8716,17,in,32612,-203.2
239.8757,17,in,32616,-154.2
239.8807,17,in,32620,-137.2
239.8847,17,in,32624,-122.2
239.8895,17,in,32628,-160
239.8935,17,in,32632,-187.2
239.8988,17,in,32636,-143.4
239.903,17,in,32640,-134.6
239.9073,17,in,32644,-140.8
239.9126,17,in,32648,-234.4
239.9174,17,in,32652,-275.8
239.9222,17,in,32656,-250.8
239.9263,17,in,32660,-210.8
239.9305,17,in,32664,-150
239.9347,17,in,32668,-271.2
239.9389,17,in,32672,-166
239.9431,17,in,32676,-186
239.9472,17,in,32680,-174
239.9521,17,in,32684,-226.6
239.9564,17,in,32688,-246
239.9611,17,in,32692,-229.2
239.9654,17,in,32696,-220
239.9699,17,in,32700,-202.4
239.9744,17,in,32704,-162.2
239.9786,17,in,32708,-215.6
239.9825,17,in,32712,-191.2
239.9873,17,in,32716,-180.4
239.992,17,in,32720,-190.2
239.9962,17,in,32724,-184.4
240.0007,17,in,32728,-226.2
240.0062,17,in,32732,-203.4
240.0104,17,in,32736,-220.6
240.0146,17,in,32740,-213
240.0188,17,in,32744,-193.6
240.0235,17,in,32748,-189
240.0275,17,in,32752,-206.6
240.0319,17,in,32756,-101.8
240.0361,17,in,32760,-169
240.0413,17,in,32764,-137
240.0454,17,in,32768,-139.8
240.0496,17,in,32772,-120.8
240.0541,17,in,32776,-142.4
240.0593,17,in,32780,-91.6
240.064,17,in,32784,-139.4
240.0694,17,in,32788,-133.2
240.0743,17,in,32792,-158.8
240.079,17,in,32796,-149.6
240.0843,17,in,32800,-179.4
240.0889,17,in,32804,-193
240.0947,17,in,32808,-116.2
240.0998,17,in,32812,-127.8
240.1043,17,in,32816,-187.6
240.1098,17,in,32820,-130.6
240.1147,17,in,32824,-117.6
240.1197,17,in,32828,-127.8
240.1238,17,in,32832,-142.8
240.1282,17,in,32836,-136.2
240.1326,17,in,32840,-184.8
240.1366,17,in,32844,-172.4
240.141,17,in,32848,-106.2
240.145,17,in,32852,-123.8
240.1495,17,in,32856,-150.4
240.1538,17,in,32860,-125.4
240.1579,17,in,32864,-119
240.1624,17,in,32868,-95.6
240.1672,17,in,32872,-143.4
240.1719,17,in,32876,-143.2
240.1766,17,in,32880,-149.4
240.1812,17,in,32884,-180.4
240.1865,17,in,32888,-131
240.1908,17,in,32892,-148.2
240.195,17,in,32896,-139.8
240.1996,17,in,32900,-120.6
240.2044,17,in,32904,-153
240.2092,17,in,32908,-130
240.2144,17,in,32912,-170.4
240.2194,17,in,32916,-150.4
240.2241,17,in,32920,-174.8
240.229,17,in,32924,-185.8
240.2341,17,in,32928,-210.6
240.2386,17,in,32932,-197.6
240.2431,17,in,32936,-186.8
240.2477,17,in,32940,-207.6
240.2525,17,in,32944,-181.8
240.2568,17,in,32948,-159.4
240.2616,17,in,32952,-171
240.2666,17,in,32956,-153.6
240.2711,17,in,32960,-148
240.2755,17,in,32964,-174.8
240.2802,17,in,32968,-217.2
240.2852,17,in,32972,-210.4
240.2912,17,in,32976,-163.2
240.296,17,in,32980,-172.2
240.3012,17,in,32984,-206
240.3056,17,in,32988,-157
240.31,17,in,32992,-168
240.3148,17,in,32996,-176.8
240.3201,17,in,33000,-140.8
240.3247,17,in,33004,-159.2
240.3302,17,in,33008,-129.2
240.3349,17,in,33012,-165.4
240.3393,17,in,33016,-201
240.3437,17,in,33020,-196.2
240.3481,17,in,33024,-207
240.3528,17,in,33028,-174.2
240.3576,17,in,33032,-244.8
240.3632,17,in,33036,-177.6
240.3684,17,in,33040,-228.4
240.374,17,in,33044,-200.6
240.3787,17,in,33048,-175.4
240.3837,17,in,33052,-210.4
240.3884,17,in,33056,-204.6
240.3929,17,in,33060,-228.4
240.3977,17,in,33064,-212.2
240.4023,17,in,33068,-202.2
240.4066,17,in,33072,-236.4
240.4115,17,in,33076,-207.4
240.4166,17,in,33080,-221.6
240.4214,17,in,33084,-184.2
240.426,17,in,33088,-212.6
240.4303,17,in,33092,-191.4
240.4348,17,in,33096,-213.8
240.44,17,in,33100,-254
240.4446,17,in,33104,-199.2
240.4493,17,in,33108,-297.6
240.4539,17,in,33112,-216.2
240.4583,17,in,33116,-180.8
240.4627,17,in,33120,-196
240.4671,17,in,33124,-193
240.4722,17,in,33128,-267.6
240.4773,17,in,33132,-276.8
240.4818,17,in,33136,-253
240.4864,17,in,33140,-260
240.4906,17,in,33144,-246.6
240.4945,17,in,33148,-496.8
240.4986,17,in,33152,-506.2
240.5026,17,in,33156,-377
240.5065,17,in,33160,-231
240.5103,17,in,33164,-259.8
240.5146,17,in,33168,-228
240.5188,17,in,33172,-212.2
240.5232,17,in,33176,-398.6
240.5271,17,in,33180,-402.2
240.531,17,in,33184,-282.2
240.5354,17,in,33188,-383.8
240.5409,17,in,33192,-404.2
240.5452,17,in,33196,-376.2
240.5496,17,in,33200,-460.4
240.5542,17,in,33204,-442.2
240.5594,17,in,33208,-431
240.5637,17,in,33212,-616
240.5681,17,in,33216,-499.8
240.5727,17,in,33220,-632.8
240.5778,17,in,33224,-562.2
240.5819,17,in,33228,-597.6
240.5862,17,in,33232,-580
240.5907,17,in,33236,-580.8
240.5959,17,in,33240,-573.8
240.6003,17,in,33244,-606.8
240.605,17,in,33248,-644.8
240.6094,17,in,33252,-555.4
240.6138,17,in,33256,-607.4
240.6179,17,in,33260,-586.8
240.6224,17,in,33264,-614.6
240.6266,17,in,33268,-659
240.6309,17,in,33272,-585.2
240.6353,17,in,33276,-559
240.6395,17,in,33280,-613
240.6445,17,in,33284,-626
240.6501,17,in,33288,-614.6
240.6553,17,in,33292,-604.2
240.6601,17,in,33296,-671.8
240.665,17,in,33300,-716
240.6693,17,in,33304,-637.4
240.6737,17,in,33308,-609.6
240.678,17,in,33312,-606.4
240.6824,17,in,33316,-629.8
240.6865,17,in,33320,-717.2
240.6908,17,in,33324,-669.8
240.6945,17,in,33328,-595
240.699,17,in,33332,-597.4
240.7038,17,in,33336,-539.8
240.7086,17,in,33340,-589.8
240.7133,17,in,33344,-545.4
240.7182,17,in,33348,-605.2
240.7231,17,in,33352,-601.2
240.7278,17,in,33356,-595.6
240.7321,17,in,33360,-508.2
240.7369,17,in,33364,-521
240.7416,17,in,33368,-590
240.7467,17,in,33372,-566.6
240.7513,17,in,33376,-506
240.756,17,in,33380,-491.8
240.7606,17,in,33384,-427.8
240.7649,17,in,33388,-452.4
240.7705,17,in,33392,-488.8
240.7763,17,in,33396,-523.4
240.7814,17,in,33400,-511.2
240.7872,17,in,33404,-503
240.7925,17,in,33408,-511
240.7982,17,in,33412,-496.6
240.8037,17,in,33416,-477.8
240.8079,17,in,33420,-361
240.8121,17,in,33424,-343.2
240.8164,17,in,33428,-456.4
240.8205,17,in,33432,-428.6
240.8247,17,in,33436,-412.4
240.8295,17,in,33440,-423.8
240.8341,17,in,33444,-433.4
240.839,17,in,33448,-451.4
240.8435,17,in,33452,-436.2
240.848,17,in,33456,-410.8
240.8521,17,in,33460,-497.8
240.856,17,in,33464,-430.4
240.8601,17,in,33468,-397.4
240.8645,17,in,33472,-397.4
240.8683,17,in,33476,-416.6
240.8725,17,in,33480,-435.8
240.8765,17,in,33484,-396.6
240.8807,17,in,33488,-465.6
240.8848,17,in,33492,-427
240.8891,17,in,33496,-483.8
240.8933,17,in,33500,-511.2
240.8974,17,in,33504,-498.2
240.9021,17,in,33508,-516
240.9065,17,in,33512,-440.8
240.9107,17,in,33516,-415.8
240.9148,17,in,33520,-473
240.919,17,in,33524,-459
240.9234,17,in,33528,-463.8
240.9274,17,in,33532,-415.2
240.9315,17,in,33536,-442.8
240.9359,17,in,33540,-449.4
240.9401,17,in,33544,-502.6
240.9442,17,in,33548,-412.2
240.9486,17,in,33552,-497
240.9529,17,in,33556,-454.4
240.9568,17,in,33560,-496.8
240.961,17,in,33564,-472.8
240.9654,17,in,33568,-444.8
240.9699,17,in,33572,-666
240.9759,17,in,33576,-577.6
240.98,17,in,33580,-609.4
240.9842,17,in,33584,-578.8
240.9892,17,in,33588,-553
240.9934,17,in,33592,-561.2
240.9978,17,in,33596,-492.2
241.0023,17,in,33600,-529.6
241.0075,17,in,33604,-511
241.0126,17,in,33608,-471.4
241.0175,17,in,33612,-561.2
241.0225,17,in,33616,-609.2
241.0269,17,in,33620,-612.4
241.0318,17,in,33624,-577.8
241.0365,17,in,33628,-580.4
241.041,17,in,33632,-557.6
241.0459,17,in,33636,-643.4
241.0514,17,in,33640,-672.8
241.0566,17,in,33644,-638.8
241.0614,17,in,33648,-659
241.066,17,in,33652,-675.8
241.0709,17,in,33656,-643.2
241.0754,17,in,33660,-655.6
241.0801,17,in,33664,-561.6
241.0845,17,in,33668,-579.2
241.0892,17,in,33672,-589
241.0945,17,in,33676,-629.8
241.0995,17,in,33680,-586.8
241.1042,17,in,33684,-641
241.1087,17,in,33688,-672
241.1139,17,in,33692,-726.8
241.1183,17,in,33696,-743.8
241.1225,17,in,33700,-734.4
241.1266,17,in,33704,-676.6
241.1317,17,in,33708,-770
241.1356,17,in,33712,-719.6
241.1398,17,in,33716,-698.8
241.1439,17,in,33720,-707.4
241.1488,17,in,33724,-789.8
241.1529,17,in,33728,-738
241.157,17,in,33732,-710
241.1615,17,in,33736,-728.2
241.166,17,in,33740,-728.4
241.1699,17,in,33744,-705.8
241.1741,17,in,33748,-709.4
241.179,17,in,33752,-789.4
241.1835,17,in,33756,-687.6
241.1888,17,in,33760,-695.4
241.1936,17,in,33764,-674.4
241.1985,17,in,33768,-731.6
241.2032,17,in,33772,-814.8
241.2081,17,in,33776,-760.6
241.213,17,in,33780,-729.4
241.218,17,in,33784,-741.2
241.2232,17,in,33788,-717.8
241.2279,17,in,33792,-726.2
241.2327,17,in,33796,-722.4
241.2375,17,in,33800,-786.6
241.2418,17,in,33804,-806
241.2469,17,in,33808,-836
241.2516,17,in,33812,-801
241.2561,17,in,33816,-776.8
241.2607,17,in,33820,-721.2
241.2653,17,in,33824,-728.6
241.27,17,in,33828,-770.6
241.2748,17,in,33832,-651.8
241.2794,17,in,33836,-643.8
241.2843,17,in,33840,-675.4
241.2899,17,in,33844,-711.4
241.2946,17,in,33848,-708.8
241.2993,17,in,33852,-775.6
241.3046,17,in,33856,-747.4
241.309,17,in,33860,-701.4
241.3139,17,in,33864,-751
241.3187,17,in,33868,-723
241.323,17,in,33872,-793
241.3276,17,in,33876,-695.2
241.3322,17,in,33880,-605.4
241.337,17,in,33884,-612.2
241.3419,17,in,33888,-637.4
241.3469,17,in,33892,-621.8
241.352,17,in,33896,-684.8
241.357,17,in,33900,-620.2
241.3625,17,in,33904,-619.6
241.3675,17,in,33908,-620
241.3718,17,in,33912,-601.6
241.3768,17,in,33916,-621.2
241.3817,17,in,33920,-633.6
241.3857,17,in,33924,-682.2
241.3906,17,in,33928,-596.8
241.3963,17,in,33932,-638.2
241.401,17,in,33936,-598
241.4058,17,in,33940,-629
241.4104,17,in,33944,-676
241.415,17,in,33948,-675.2
241.4195,17,in,33952,-683.4
241.4243,17,in,33956,-626.6
241.4294,17,in,33960,-605.4
241.4342,17,in,33964,-659
241.4391,17,in,33968,-631.6
241.4443,17,in,33972,-548.4
241.4492,17,in,33976,-565.2
241.4538,17,in,33980,-543.8
241.4581,17,in,33984,-536
241.463,17,in,33988,-500.2
241.4681,17,in,33992,-594
241.472,17,in,33996,-529.4
241.4764,17,in,34000,-496.6
241.4805,17,in,34004,-657.8
241.4858,17,in,34008,-577.8
241.4901,17,in,34012,-669
241.4945,17,in,34016,-569.6
241.4985,17,in,34020,-568.2
241.5043,17,in,34024,-620.4
241.5091,17,in,34028,-581.8
241.5132,17,in,34032,-602.4
241.5172,17,in,34036,-564.4
241.5224,17,in,34040,-600.8
241.5265,17,in,34044,-578.8
241.5306,17,in,34048,-599.6
241.535,17,in,34052,-540
241.54,17,in,34056,-639.6
241.5446,17,in,34060,-652.8
241.549,17,in,34064,-615.4
241.5536,17,in,34068,-686.4
241.558,17,in,34072,-547.2
241.5621,17,in,34076,-601
241.5664,17,in,34080,-560.2
241.5708,17,in,34084,-559.4
241.5754,17,in,34088,-572
241.5794,17,in,34092,-654.8
241.5838,17,in,34096,-703.2
241.5879,17,in,34100,-681.4
241.5925,17,in,34104,-624.6
241.5972,17,in,34108,-623.6
241.6019,17,in,34112,-670.6
241.6062,17,in,34116,-632.2
241.6118,17,in,34120,-684.6
241.6161,17,in,34124,-704
241.6201,17,in,34128,-660.2
241.6243,17,in,34132,-660.4
241.6294,17,in,34136,-611.6
241.6337,17,in,34140,-586.2
241.638,17,in,34144,-586
241.6423,17,in,34148,-561
241.648,17,in,34152,-550.8
241.652,17,in,34156,-595
241.6561,17,in,34160,-610.4
241.6601,17,in,34164,-610.8
241.6648,17,in,34168,-638
241.6695,17,in,34172,-643.6
241.6739,17,in,34176,-695
241.678,17,in,34180,-667.2
241.6831,17,in,34184,-654.8
241.687,17,in,34188,-642.6
241.6907,17,in,34192,-658.2
241.695,17,in,34196,-691.6
241.6992,17,in,34200,-686.4
241.7034,17,in,34204,-710.2
241.7073,17,in,34208,-706.6
241.7112,17,in,34212,-687
241.7152,17,in,34216,-729
241.7196,17,in,34220,-695
241.7235,17,in,34224,-670.4
241.7283,17,in,34228,-649.4
241.7324,17,in,34232,-669.8
241.7371,17,in,34236,-650.2
241.7411,17,in,34240,-659.4
241.745,17,in,34244,-670.8
241.749,17,in,34248,-685
241.7546,17,in,34252,-741.8
241.7589,17,in,34256,-666.8
241.7629,17,in,34260,-672.8
241.7666,17,in,34264,-682.2
241.771,17,in,34268,-664.6
241.7754,17,in,34272,-689
241.7794,17,in,34276,-654.4
241.7831,17,in,34280,-711.6
241.7869,17,in,34284,-658.4
241.7908,17,in,34288,-675.8
241.7946,17,in,34292,-695.4
241.7985,17,in,34296,-721.6
241.8025,17,in,34300,-695
241.8075,17,in,34304,-694.2
241.8112,17,in,34308,-707
241.8152,17,in,34312,-730.4
241.8191,17,in,34316,-685.8
241.8242,17,in,34320,-713.2
241.8285,17,in,34324,-681.4
241.8326,17,in,34328,-733.8
241.8366,17,in,34332,-744.4
241.8419,17,in,34336,-723.4
241.8464,17,in,34340,-701.6
241.8511,17,in,34344,-707.2
241.8557,17,in,34348,-746.2
241.8604,17,in,34352,-701.2
241.8648,17,in,34356,-710.2
241.8699,17,in,34360,-678.4
241.8738,17,in,34364,-665.8
241.8792,17,in,34368,-623.8
241.8832,17,in,34372,-650.4
241.8873,17,in,34376,-683.6
241.8913,17,in,34380,-709.8
241.8963,17,in,34384,-627.8
241.9009,17,in,34388,-690.4
241.9054,17,in,34392,-760.6
241.9095,17,in,34396,-680.2
241.9146,17,in,34400,-741.6
241.9188,17,in,34404,-666.2
241.923,17,in,34408,-676.8
241.9269,17,in,34412,-657.2
241.9315,17,in,34416,-664.8
241.9355,17,in,34420,-722.6
241.9401,17,in,34424,-726.4
241.9438,17,in,34428,-708.4
241.9477,17,in,34432,-737.6
241.9519,17,in,34436,-727.2
241.9559,17,in,34440,-688.2
241.9608,17,in,34444,-724.4
241.9652,17,in,34448,-695.2
241.97,17,in,34452,-736.2
241.9743,17,in,34456,-700.6
241.9784,17,in,34460,-697.2
241.9826,17,in,34464,-776.8
241.9868,17,in,34468,-751.6
241.9908,17,in,34472,-775.4
241.9948,17,in,34476,-727
241.999,17,in,34480,-724.4
242.0044,17,in,34484,-756.4
242.0084,17,in,34488,-712
242.0124,17,in,34492,-737.6
242.0165,17,in,34496,-737
242.0211,17,in,34500,-765.4
242.0256,17,in,34504,-685.8
242.0298,17,in,34508,-706.8
242.0339,17,in,34512,-754
242.0384,17,in,34516,-696.6
242.043,17,in,34520,-709.2
242.0468,17,in,34524,-682.4
242.0509,17,in,34528,-749.2
242.0555,17,in,34532,-710.2
242.0608,17,in,34536,-730
242.0652,17,in,34540,-778.6
242.0693,17,in,34544,-748.6
242.0743,17,in,34548,-741.6
242.0788,17,in,34552,-744.8
242.0839,17,in,34556,-782.6
242.0884,17,in,34560,-759.2
242.0935,17,in,34564,-748.2
242.0983,17,in,34568,-724.2
242.1033,17,in,34572,-736.2
242.1082,17,in,34576,-747
242.1148,17,in,34580,-781.6
242.1196,17,in,34584,-714.6
242.1244,17,in,34588,-722.8
242.1298,17,in,34592,-743.8
242.1349,17,in,34596,-803.8
242.1396,17,in,34600,-763
242.1449,17,in,34604,-757
242.1499,17,in,34608,-849.6
242.1545,17,in,34612,-781.8
242.1593,17,in,34616,-778.4
242.164,17,in,34620,-755.8
242.169,17,in,34624,-772.6
242.1735,17,in,34628,-788.2
242.1781,17,in,34632,-757.2
242.1827,17,in,34636,-756.6
242.1869,17,in,34640,-778
242.1906,17,in,34644,-753.4
242.1945,17,in,34648,-724
242.1983,17,in,34652,-740.8
242.2036,17,in,34656,-793.4
242.2079,17,in,34660,-764.8
242.212,17,in,34664,-775
242.2161,17,in,34668,-790.4
242.2214,17,in,34672,-787.2
242.2257,17,in,34676,-787
242.2297,17,in,34680,-760.2
242.2338,17,in,34684,-815.2
242.2386,17,in,34688,-804
242.2431,17,in,34692,-777.6
242.2467,17,in,34696,-751.4
242.2503,17,in,34700,-788.8
242.2542,17,in,34704,-765.4
242.2578,17,in,34708,-729.8
242.2614,17,in,34712,-745.8
242.2653,17,in,34716,-741.2
242.2696,17,in,34720,-814
242.2738,17,in,34724,-773
242.2783,17,in,34728,-784.4
242.2828,17,in,34732,-808
242.2876,17,in,34736,-782.8
242.2925,17,in,34740,-777
242.2971,17,in,34744,-783.2
242.3011,17,in,34748,-825.4
242.3057,17,in,34752,-841
242.3106,17,in,34756,-807.8
242.3152,17,in,34760,-801.6
242.3196,17,in,34764,-760.2
242.3238,17,in,34768,-824.4
242.3286,17,in,34772,-814.2
242.3332,17,in,34776,-850.2
242.3379,17,in,34780,-809
242.3421,17,in,34784,-813
242.3471,17,in,34788,-777.2
242.3513,17,in,34792,-760
242.3551,17,in,34796,-822.6
242.3592,17,in,34800,-784.6
242.363,17,in,34804,-781
242.3675,17,in,34808,-832.4
242.372,17,in,34812,-776.2
242.3771,17,in,34816,-804
242.3814,17,in,34820,-837
242.3859,17,in,34824,-841.8
242.3897,17,in,34828,-806.6
242.3933,17,in,34832,-785.4
242.3971,17,in,34836,-794.6
242.4022,17,in,34840,-760
242.4061,17,in,34844,-763.6
242.4104,17,in,34848,-764.4
242.4148,17,in,34852,-805.2
242.4195,17,in,34856,-812.6
242.4238,17,in,34860,-805
242.4288,17,in,34864,-799
242.4328,17,in,34868,-817
242.4383,17,in,34872,-796.8
242.4424,17,in,34876,-808.6
242.4468,17,in,34880,-811.2
242.4513,17,in,34884,-831.6
242.4562,17,in,34888,-824
242.4605,17,in,34892,-790
242.4644,17,in,34896,-818
242.4685,17,in,34900,-821.8
242.4732,17,in,34904,-816.4
242.4777,17,in,34908,-815.4
242.4826,17,in,34912,-811.2
242.487,17,in,34916,-805.8
242.4915,17,in,34920,-783.4
242.4957,17,in,34924,-779.4
242.4997,17,in,34928,-813.8
242.5038,17,in,34932,-850
242.5086,17,in,34936,-806.6
242.5128,17,in,34940,-843.2
242.5169,17,in,34944,-869.4
242.521,17,in,34948,-902
242.5267,17,in,34952,-780.6
242.5305,17,in,34956,-813.2
242.5345,17,in,34960,-808.8
242.5391,17,in,34964,-791.4
242.544,17,in,34968,-795.6
242.548,17,in,34972,-850.6
242.5521,17,in,34976,-868.6
242.5566,17,in,34980,-792
242.5623,17,in,34984,-794.2
242.5667,17,in,34988,-849.6
242.5712,17,in,34992,-859.6
242.5752,17,in,34996,-827.4
242.5805,17,in,35000,-840.4
242.5849,17,in,35004,-799
242.5889,17,in,35008,-796.2
242.5935,17,in,35012,-806.6
242.5985,17,in,35016,-867.2
242.6023,17,in,35020,-802.8
242.6064,17,in,35024,-800
242.6105,17,in,35028,-778.8
242.6156,17,in,35032,-804.8
242.6194,17,in,35036,-834.6
242.6237,17,in,35040,-799.4
242.6278,17,in,35044,-766.8
242.6327,17,in,35048,-830.2
242.6367,17,in,35052,-782.4
242.641,17,in,35056,-857.2
242.6456,17,in,35060,-805.4
242.6512,17,in,35064,-817.2
242.6552,17,in,35068,-808.8
242.6597,17,in,35072,-844.2
242.6642,17,in,35076,-801.4
242.6696,17,in,35080,-848.6
242.6735,17,in,35084,-819.2
242.6779,17,in,35088,-797.6
242.683,17,in,35092,-821.6
242.6876,17,in,35096,-802
242.692,17,in,35100,-825.2
242.6963,17,in,35104,-800.8
242.7002,17,in,35108,-836.2
242.7043,17,in,35112,-831.6
242.708,17,in,35116,-801.6
242.7119,17,in,35120,-758.8
242.7159,17,in,35124,-842.8
242.7212,17,in,35128,-800.2
242.7256,17,in,35132,-836.2
242.7296,17,in,35136,-835.2
242.7335,17,in,35140,-777.4
242.7381,17,in,35144,-914.4
242.743,17,in,35148,-968.8
242.7471,17,in,35152,-958.8
242.7517,17,in,35156,-987
242.7563,17,in,35160,-976.8
242.7611,17,in,35164,-983.8
242.7659,17,in,35168,-990.4
242.7701,17,in,35172,-995.6
242.7738,17,in,35176,-957
242.7775,17,in,35180,-966
242.781,17,in,35184,-993.4
242.7851,17,in,35188,-965
242.789,17,in,35192,-1010.6
242.7937,17,out,35188,-940.6
242.7982,17,out,35184,-985.8
242.8029,17,out,35180,-989.6
242.8072,17,out,35176,-982.6
242.8115,17,out,35172,-943.8
242.8149,17,out,35168,-1004.6
242.8187,17,out,35164,-970.2
242.8223,17,out,35160,-988.2
242.8261,17,out,35156,-991.4
242.8303,17,out,35152,-927.8
242.834,17,out,35148,-993.4
242.8378,17,out,35144,-997.4
242.8416,17,out,35140,-960.6
242.8463,17,out,35136,-976.8
242.8508,17,out,35132,-986.4
242.8555,17,out,35128,-978.4
242.8596,17,out,35124,-981
242.864,17,out,35120,-1002.4
242.8683,17,out,35116,-976.8
242.8724,17,out,35112,-969.4
242.8766,17,out,35108,-985
242.8808,17,out,35104,-961.8
242.8852,17,out,35100,-881
242.8893,17,out,35096,-925
242.8934,17,out,35092,-890.6
242.8976,17,out,35088,-896.8
242.9024,17,out,35084,-930.2
242.9069,17,out,35080,-910.6
242.9109,17,out,35076,-926.4
242.9158,17,out,35072,-932.8
242.9202,17,out,35068,-933.2
242.9241,17,out,35064,-942.4
242.9284,17,out,35060,-893.6
242.9326,17,out,35056,-948.6
242.9373,17,out,35052,-926
242.9414,17,out,35048,-947.4
242.9458,17,out,35044,-955.2
242.9496,17,out,35040,-942
242.9553,17,out,35036,-949
242.9593,17,out,35032,-955
242.9632,17,out,35028,-951
242.9669,17,out,35024,-964.2
242.9713,17,out,35020,-926.8
242.9758,17,out,35016,-956
242.9799,17,out,35012,-940.8
242.9844,17,out,35008,-926.8
242.9898,17,out,35004,-935.6
242.994,17,out,35000,-926.2
242.9984,17,out,34996,-923.4
243.0025,17,out,34992,-923
243.0068,17,out,34988,-925.4
243.0115,17,out,34984,-962.4
243.016,17,out,34980,-1021
243.0206,17,out,34976,-935.4
243.0259,17,out,34972,-920.6
243.0303,17,out,34968,-971.4
243.0347,17,out,34964,-1008
243.0391,17,out,34960,-942.6
243.0432,17,out,34956,-931
243.0474,17,out,34952,-964.8
243.0519,17,out,34948,-964.8
243.056,17,out,34944,-976.4
243.06,17,out,34940,-957
243.0644,17,out,34936,-925.8
243.0696,17,out,34932,-977.4
243.0736,17,out,34928,-892.8
243.078,17,out,34924,-813.8
243.0827,17,out,34920,-872.2
243.0866,17,out,34916,-834
243.0913,17,out,34912,-815
243.0958,17,out,34908,-797.2
243.1002,17,out,34904,-845.6
243.1043,17,out,34900,-868.4
243.1086,17,out,34896,-866.2
243.1126,17,out,34892,-810.6
243.1173,17,out,34888,-807.2
243.1217,17,out,34884,-870.4
243.1263,17,out,34880,-792.4
243.1305,17,out,34876,-850.2
243.1351,17,out,34872,-824.2
243.1393,17,out,34868,-815.6
243.1433,17,out,34864,-772
243.1479,17,out,34860,-835.2
243.1527,17,out,34856,-826
243.1568,17,out,34852,-824.8
243.1607,17,out,34848,-790
243.1653,17,out,34844,-802.2
243.1701,17,out,34840,-815.4
243.1743,17,out,34836,-802.6
243.178,17,out,34832,-815.4
243.1828,17,out,34828,-863
243.1879,17,out,34824,-840.6
243.1923,17,out,34820,-839.8
243.1969,17,out,34816,-813.6
243.2008,17,out,34812,-842.2
243.2058,17,out,34808,-833.6
243.21,17,out,34804,-821.2
243.2143,17,out,34800,-798
243.2181,17,out,34796,-859
243.2233,17,out,34792,-806.8
243.2272,17,out,34788,-840.2
243.2314,17,out,34784,-795
243.236,17,out,34780,-820
243.2417,17,out,34776,-821
243.2457,17,out,34772,-790.4
243.2496,17,out,34768,-781.6
243.2537,17,out,34764,-795.6
243.2594,17,out,34760,-831
243.2635,17,out,34756,-858.6
243.2677,17,out,34752,-844.8
243.2722,17,out,34748,-853.6
243.2775,17,out,34744,-807.4
243.282,17,out,34740,-791.2
243.2861,17,out,34736,-839.4
243.2902,17,out,34732,-812.2
243.2953,17,out,34728,-815
243.2992,17,out,34724,-813.6
243.3033,17,out,34720,-793.8
243.3074,17,out,34716,-771.8
243.3121,17,out,34712,-758.2
243.3162,17,out,34708,-824.2
243.3209,17,out,34704,-841.2
243.326,17,out,34700,-825
243.3303,17,out,34696,-770.8
243.3348,17,out,34692,-864.4
243.3385,17,out,34688,-836.2
243.3426,17,out,34684,-833
243.3475,17,out,34680,-803
243.3517,17,out,34676,-840
243.3556,17,out,34672,-832.2
243.3597,17,out,34668,-795
243.3636,17,out,34664,-836.2
243.3682,17,out,34660,-827
243.3722,17,out,34656,-810.4
243.3761,17,out,34652,-757.8
243.3802,17,out,34648,-763.6
243.3848,17,out,34644,-817.2
243.3895,17,out,34640,-796.6
243.3946,17,out,34636,-787.2
243.3989,17,out,34632,-887.8
243.4035,17,out,34628,-806.6
243.4077,17,out,34624,-842.8
243.4116,17,out,34620,-800.8
243.4154,17,out,34616,-811.4
243.4189,17,out,34612,-807.6
243.423,17,out,34608,-796.8
243.4273,17,out,34604,-821.2
243.4312,17,out,34600,-812.2
243.4353,17,out,34596,-811.8
243.4398,17,out,34592,-809.6
243.4441,17,out2,34542,-849.6
243.4481,17,out2,34492,-773.8
243.4527,17,out2,34442,-819.2
243.4581,17,out2,34392,-778.8
243.4624,17,out2,34342,-750.8
243.4665,17,out2,34292,-791.6
243.471,17,out2,34242,-839.4
243.4767,17,out2,34192,-774.8
243.4806,17,out2,34142,-790
243.4846,17,out2,34092,-761.4
243.4888,17,out2,34042,-802.6
243.4942,17,out2,33992,-774
243.4986,17,out2,33942,-775.8
243.5025,17,out2,33892,-821.4
243.507,17,out2,33842,-769.4
243.5118,17,out2,33792,-768.8
243.5164,17,out2,33742,-837.6
243.5212,17,out2,33692,-790.8
243.5255,17,out2,33642,-771.2
243.5308,17,out2,33592,-740
243.5349,17,out2,33542,-738.4
243.5392,17,out2,33492,-784.8
243.5434,17,out2,33442,-771
243.5486,17,out2,33392,-704.6
243.5529,17,out2,33342,-761.4
243.5571,17,out2,33292,-787
243.5614,17,out2,33242,-698
243.5659,17,out2,33192,-734.6
243.5703,17,out2,33142,-795
243.5743,17,out2,33092,-730
243.5785,17,out2,33042,-749.8
243.5829,17,out2,32992,-780.2
243.5873,17,out2,32942,-741.8
243.5912,17,out2,32892,-785
243.5959,17,out2,32842,-726.8
243.6004,17,out2,32792,-734.4
243.6043,17,out2,32742,-673.6
243.6082,17,out2,32692,-717
243.6122,17,out2,32642,-680.8
243.6164,17,out2,32592,-641.4
243.6222,17,out2,32542,-671.2
243.6263,17,out2,32492,-742
243.6301,17,out2,32442,-673.4
243.6345,17,out2,32392,-728.8
243.6392,17,out2,32342,-485.8
243.6433,17,out2,32292,-469.2
243.6478,17,out2,32242,-560.4
243.6515,17,out2,32192,-554.2
243.6562,17,out2,32142,-577.2
243.6606,17,out2,32092,-485.6
243.6652,17,out2,32042,-461
243.6697,17,out2,31992,-413
243.6744,17,out2,31942,-459.2
243.6793,17,out2,31892,-371.4
243.6836,17,out2,31842,-266.4
243.6882,17,out2,31792,-268.4
243.6931,17,out2,31742,-227.8
243.6979,17,out2,31692,-277.6
243.7021,17,out2,31642,-286.6
243.7065,17,out2,31592,-222.2
243.7112,17,out2,31542,-241
243.715,17,out2,31492,-202
243.7187,17,out2,31442,-204.8
243.7223,17,out2,31392,-182.6
243.7265,17,out2,31342,-205.8
243.7306,17,out2,31292,-171.2
243.7347,17,out2,31242,-162
243.7388,17,out2,31192,-141.2
243.7436,18,in,31192,-86
243.7476,18,in,31196,-57
243.7518,18,in,31200,-86.4
243.7565,18,in,31204,-59.6
243.7611,18,in,31208,-94.2
243.7658,18,in,31212,-69.6
243.7701,18,in,31216,-52.2
243.7741,18,in,31220,-80.4
243.7778,18,in,31224,-87.4
243.7818,18,in,31228,-39.6
243.7853,18,in,31232,-68.6
243.7891,18,in,31236,-88.2
243.7927,18,in,31240,-63
243.7964,18,in,31244,-54.6
243.8011,18,in,31248,-37.6
243.8059,18,in,31252,-76.6
243.8102,18,in,31256,-49.6
243.8146,18,in,31260,-90.2
243.8181,18,in,31264,-64.2
243.8217,18,in,31268,-66
243.8255,18,in,31272,-11.2
243.8292,18,in,31276,-34.6
243.8331,18,in,31280,-33
243.837,18,in,31284,-82.6
243.8408,18,in,31288,-87.6
243.8445,18,in,31292,-79.8
243.8483,18,in,31296,-67.4
243.8541,18,in,31300,-89.4
243.8581,18,in,31304,-60.2
243.8622,18,in,31308,-92.4
243.867,18,in,31312,-84
243.8716,18,in,31316,-40.6
243.8754,18,in,31320,-39.2
243.8797,18,in,31324,-77.6
243.8845,18,in,31328,-35
243.8897,18,in,31332,-54.6
243.8937,18,in,31336,-90.8
243.8982,18,in,31340,-79.8
243.9036,18,in,31344,-96.6
243.9083,18,in,31348,-79.2
243.9125,18,in,31352,-17.8
243.917,18,in,31356,-63.8
243.9215,18,in,31360,-75.6
243.9266,18,in,31364,-38.4
243.9307,18,in,31368,-97.2
243.9347,18,in,31372,-56.6
243.9387,18,in,31376,-78.6
243.944,18,in,31380,-66.6
243.948,18,in,31384,-129.8
243.9525,18,in,31388,-120.2
243.957,18,in,31392,-119.4
243.9625,18,in,31396,-62.8
243.9665,18,in,31400,-108
243.9704,18,in,31404,-148.4
243.9744,18,in,31408,-32.2
243.9792,18,in,31412,-67.2
243.984,18,in,31416,-178.4
243.9884,18,in,31420,-89.2
243.9935,18,in,31424,-60
243.9986,18,in,31428,-101.6
244.0027,18,in,31432,-71
244.0083,18,in,31436,-54.4
244.0125,18,in,31440,-114.8
244.017,18,in,31444,-55.4
244.0211,18,in,31448,-63.4
244.0255,18,in,31452,-51
244.0299,18,in,31456,-80.8
244.0354,18,in,31460,-112.6
244.0396,18,in,31464,-83.6
244.0436,18,in,31468,-92.4
244.0475,18,in,31472,-76.2
244.0524,18,in,31476,-129.8
244.0565,18,in,31480,-52
244.0607,18,in,31484,-57
244.0647,18,in,31488,-111.6
244.0702,18,in,31492,-72.6
244.074,18,in,31496,-57.6
244.0784,18,in,31500,-119.2
244.0829,18,in,31504,-123.2
244.089,18,in,31508,-87.8
244.0929,18,in,31512,-101
244.0971,18,in,31516,-103
244.1015,18,in,31520,-140.6
244.1066,18,in,31524,-93.6
244.1107,18,in,31528,-125.8
244.1149,18,in,31532,-93.6
244.1192,18,in,31536,-157.4
244.125,18,in,31540,-84.2
244.1298,18,in,31544,-111.2
244.134,18,in,31548,-76.2
244.1382,18,in,31552,-142.6
244.1429,18,in,31556,-115.2
244.1474,18,in,31560,-92
244.1523,18,in,31564,-102
244.1563,18,in,31568,-83.6
244.1612,18,in,31572,-128.8
244.1652,18,in,31576,-114
244.1693,18,in,31580,-147.4
244.1735,18,in,31584,-128.8
244.1787,18,in,31588,-99.4
244.1826,18,in,31592,-88.8
244.1866,18,in,31596,-118.8
244.1908,18,in,31600,-83.6
244.1958,18,in,31604,-160.2
244.2,18,in,31608,-96.4
244.2042,18,in,31612,-130.8
244.2091,18,in,31616,-56
244.2136,18,in,31620,-94.6
244.2185,18,in,31624,-98.6
244.2222,18,in,31628,-87.4
244.2263,18,in,31632,-106.6
244.231,18,in,31636,-147.2
244.2355,18,in,31640,-90.8
244.2397,18,in,31644,-89.2
244.244,18,in,31648,-117.8
244.2493,18,in,31652,-133.8
244.2536,18,in,31656,-132
244.2581,18,in,31660,-78.8
244.2623,18,in,31664,-91.6
244.2679,18,in,31668,-108.8
244.2723,18,in,31672,-100.2
244.2764,18,in,31676,-70.8
244.2804,18,in,31680,-54.6
244.2852,18,in,31684,-84.2
244.2901,18,in,31688,-80.8
244.2943,18,in,31692,-45.6
244.2986,18,in,31696,-56.6
244.3035,18,in,31700,-110.8
244.3081,18,in,31704,-38.8
244.3121,18,in,31708,-91.6
244.3164,18,in,31712,-42
244.3219,18,in,31716,-102.4
244.3261,18,in,31720,-90
244.3301,18,in,31724,-45.4
244.3343,18,in,31728,-100
244.3397,18,in,31732,-101.6
244.3437,18,in,31736,-41.4
244.3477,18,in,31740,-118.2
244.3523,18,in,31744,-100
244.3566,18,in,31748,-61.4
244.3609,18,in,31752,-50.2
244.3649,18,in,31756,-120
244.3692,18,in,31760,-71.4
244.3737,18,in,31764,-107.2
244.3781,18,in,31768,-42.4
244.3821,18,in,31772,-91.6
244.3862,18,in,31776,-114.4
244.3903,18,in,31780,-123
244.3952,18,in,31784,-95.2
244.3997,18,in,31788,-81.8
244.4038,18,in,31792,-76.4
244.4079,18,in,31796,-32.2
244.4124,18,in,31800,-138.8
244.4168,18,in,31804,-132.6
244.4213,18,in,31808,-121.8
244.4262,18,in,31812,-81
244.4312,18,in,31816,-83.4
244.4351,18,in,31820,-50.4
244.4391,18,in,31824,-103.4
244.4431,18,in,31828,-82
244.4479,18,in,31832,-59.2
244.4518,18,in,31836,-75.2
244.4559,18,in,31840,-113.8
244.4599,18,in,31844,-142
244.4649,18,in,31848,-70.2
244.4702,18,in,31852,-104.6
244.4745,18,in,31856,-117.2
244.4791,18,in,31860,-52
244.4846,18,in,31864,-63.4
244.4884,18,in,31868,-112.4
244.4933,18,in,31872,-113.2
244.4975,18,in,31876,-56.4
244.503,18,in,31880,-131.2
244.507,18,in,31884,-107.8
244.5114,18,in,31888,-124
244.5158,18,in,31892,-109.4
244.5207,18,in,31896,-101.8
244.5249,18,in,31900,-69.8
244.5295,18,in,31904,-114.2
244.5336,18,in,31908,-102.2
244.5386,18,in,31912,-88.8
244.5425,18,in,31916,-87.4
244.5465,18,in,31920,-30.8
244.5509,18,in,31924,-73
244.5563,18,in,31928,-72.4
244.5603,18,in,31932,-134
244.5644,18,in,31936,-75.2
244.5687,18,in,31940,-67.2
244.5738,18,in,31944,-87.8
244.5781,18,in,31948,-62.6
244.582,18,in,31952,-104.4
244.5867,18,in,31956,-97.4
244.5918,18,in,31960,-83.6
244.5963,18,in,31964,-184.6
244.6005,18,in,31968,-135.2
244.6045,18,in,31972,-151.2
244.6092,18,in,31976,-159.8
244.6138,18,in,31980,-141.6
244.6183,18,in,31984,-94.8
244.6225,18,in,31988,-120
244.6278,18,in,31992,-73
244.6317,18,in,31996,-78.4
244.6357,18,in,32000,-146.2
244.64,18,in,32004,-138.4
244.6441,18,in,32008,-45.6
244.6486,18,in,32012,-143.6
244.6525,18,in,32016,-169.8
244.6566,18,in,32020,-118.8
244.6612,18,in,32024,-177.4
244.6659,18,in,32028,-128.4
244.6702,18,in,32032,-127.4
244.6748,18,in,32036,-173.2
244.679,18,in,32040,-68
244.6839,18,in,32044,-128.6
244.6883,18,in,32048,-98.8
244.6924,18,in,32052,-82.8
244.6965,18,in,32056,-49.4
244.7005,18,in,32060,-161
244.7042,18,in,32064,-87.2
244.708,18,in,32068,-48.8
244.7121,18,in,32072,-105.4
244.7165,18,in,32076,-166.2
244.7206,18,in,32080,-101.8
244.7245,18,in,32084,-119
244.7287,18,in,32088,-156.8
244.7332,18,in,32092,-113.4
244.7378,18,in,32096,-165
244.7424,18,in,32100,-137.8
244.7468,18,in,32104,-133.8
244.7519,18,in,32108,-120.4
244.7565,18,in,32112,-136.8
244.7609,18,in,32116,-141.8
244.7649,18,in,32120,-115.8
244.7694,18,in,32124,-144.4
244.773,18,in,32128,-127
244.7767,18,in,32132,-139
244.7806,18,in,32136,-138.2
244.7842,18,in,32140,-146.2
244.7894,18,in,32144,-95.8
244.7933,18,in,32148,-153.8
244.7975,18,in,32152,-204.6
244.8013,18,in,32156,-135
244.8062,18,in,32160,-135.6
244.8113,18,in,32164,-117.8
244.8155,18,in,32168,-149.8
244.8196,18,in,32172,-172.2
244.8237,18,in,32176,-100.8
244.8275,18,in,32180,-102.8
244.831,18,in,32184,-143.4
244.8348,18,in,32188,-145.4
244.8385,18,in,32192,-151.8
244.8428,18,in,32196,-110.8
244.8469,18,in,32200,-156.8
244.8514,18,in,32204,-170.6
244.8552,18,in,32208,-115.4
244.8599,18,in,32212,-119.4
244.8643,18,in,32216,-115.8
244.8688,18,in,32220,-97.8
244.8731,18,in,32224,-162.4
244.8789,18,in,32228,-127.4
244.8833,18,in,32232,-123.6
244.8878,18,in,32236,-93.6
244.8926,18,in,32240,-85.2
244.8979,18,in,32244,-126.4
244.9019,18,in,32248,-168.4
244.9062,18,in,32252,-117.4
244.9108,18,in,32256,-138
244.9163,18,in,32260,-119.4
244.9206,18,in,32264,-132.4
244.9247,18,in,32268,-85
244.9287,18,in,32272,-79.4
244.9344,18,in,32276,-164.6
244.9387,18,in,32280,-155.4
244.9432,18,in,32284,-175.8
244.948,18,in,32288,-88.8
244.9532,18,in,32292,-132.8
244.9575,18,in,32296,-87.2
244.9615,18,in,32300,-149.8
244.9656,18,in,32304,-155.4
244.9707,18,in,32308,-170.4
244.975,18,in,32312,-108.6
244.9794,18,in,32316,-184.8
244.9842,18,in,32320,-167
244.989,18,in,32324,-124.8
244.9933,18,in,32328,-172
244.9978,18,in,32332,-135.4
245.0026,18,in,32336,-138
245.0072,18,in,32340,-123
245.0114,18,in,32344,-96.8
245.0155,18,in,32348,-137
245.0197,18,in,32352,-96.4
245.025,18,in,32356,-161.4
245.0296,18,in,32360,-187.4
245.034,18,in,32364,-178.4
245.0381,18,in,32368,-203.6
245.0436,18,in,32372,-120
245.048,18,in,32376,-111.2
245.0521,18,in,32380,-191
245.0564,18,in,32384,-164
245.0619,18,in,32388,-124.6
245.0659,18,in,32392,-192.2
245.0701,18,in,32396,-172.8
245.0745,18,in,32400,-159.8
245.0804,18,in,32404,-186.8
245.0848,18,in,32408,-135.4
245.0893,18,in,32412,-153
245.0933,18,in,32416,-129.2
245.0985,18,in,32420,-147.8
245.1027,18,in,32424,-180.4
245.1068,18,in,32428,-197.8
245.1111,18,in,32432,-187.8
245.1161,18,in,32436,-171.4
245.1209,18,in,32440,-159.4
245.1249,18,in,32444,-142.2
245.1293,18,in,32448,-191.8
245.1342,18,in,32452,-182.4
245.1383,18,in,32456,-168.2
245.1423,18,in,32460,-129.2
245.1468,18,in,32464,-176.2
245.1523,18,in,32468,-163.2
245.1569,18,in,32472,-219.4
245.1608,18,in,32476,-157.2
245.1653,18,in,32480,-117.6
245.1706,18,in,32484,-132.6
245.1749,18,in,32488,-152.2
245.1793,18,in,32492,-208.4
245.1839,18,in,32496,-193.2
245.1884,18,in,32500,-181
245.1926,18,in,32504,-149.6
245.1965,18,in,32508,-155
245.2011,18,in,32512,-213.6
245.2061,18,in,32516,-172
245.2105,18,in,32520,-131.2
245.2154,18,in,32524,-144.8
245.2199,18,in,32528,-196
245.2239,18,in,32532,-181.4
245.2278,18,in,32536,-269.8
245.2321,18,in,32540,-164.6
245.2362,18,in,32544,-213.6
245.2406,18,in,32548,-165.4
245.2451,18,in,32552,-193.6
245.2495,18,in,32556,-267.2
245.2543,18,in,32560,-256.2
245.2591,18,in,32564,-199.6
245.2632,18,in,32568,-209
245.2677,18,in,32572,-140.8
245.2724,18,in,32576,-196.6
245.2775,18,in,32580,-328
245.2815,18,in,32584,-239
245.2852,18,in,32588,-239
245.2892,18,in,32592,-198.4
245.2942,18,in,32596,-238.6
245.2988,18,in,32600,-265.2
245.3028,18,in,32604,-223.6
245.307,18,in,32608,-143
245.3117,18,in,32612,-208.2
245.3157,18,in,32616,-247.6
245.32,18,in,32620,-260.4
245.3242,18,in,32624,-250.8
245.3293,18,in,32628,-282.4
245.3333,18,in,32632,-302.2
245.3375,18,in,32636,-238
245.3418,18,in,32640,-238.6
245.3467,18,in,32644,-218.2
245.3511,18,in,32648,-178.6
245.3565,18,in,32652,-251.6
245.3613,18,in,32656,-167.2
245.3659,18,in,32660,-221
245.3711,18,in,32664,-388.2
245.3754,18,in,32668,-248.4
245.3801,18,in,32672,-267
245.3848,18,in,32676,-235.8
245.3893,18,in,32680,-344.8
245.3944,18,in,32684,-233.4
245.3989,18,in,32688,-240.6
245.4032,18,in,32692,-257.2
245.4074,18,in,32696,-232
245.4117,18,in,32700,-255.4
245.416,18,in,32704,-333.4
245.4203,18,in,32708,-444.6
245.4246,18,in,32712,-356
245.4285,18,in,32716,-359.6
245.4324,18,in,32720,-324.4
245.4366,18,in,32724,-435.6
245.4402,18,in,32728,-374.8
245.4437,18,in,32732,-459
245.4477,18,in,32736,-364.6
245.4521,18,in,32740,-362.6
245.4563,18,in,32744,-356
245.4602,18,in,32748,-492.4
245.4646,18,in,32752,-388.8
245.4683,18,in,32756,-416.4
245.4727,18,in,32760,-420.4
245.4769,18,in,32764,-410.6
245.4817,18,in,32768,-363.6
245.4858,18,in,32772,-388.2
245.4898,18,in,32776,-334.2
245.4938,18,in,32780,-417.8
245.4979,18,in,32784,-327.2
245.5019,18,in,32788,-283
245.5066,18,in,32792,-234
245.5105,18,in,32796,-285.2
245.5147,18,in,32800,-250.2
245.5191,18,in,32804,-295.8
245.524,18,in,32808,-271.2
245.5283,18,in,32812,-234.8
245.5327,18,in,32816,-212
245.537,18,in,32820,-250.4
245.5422,18,in,32824,-229.8
245.5461,18,in,32828,-322.4
245.5499,18,in,32832,-384.8
245.5539,18,in,32836,-376.6
245.5589,18,in,32840,-413.6
245.5636,18,in,32844,-472.6
245.5678,18,in,32848,-443.4
245.5722,18,in,32852,-356.2
245.5778,18,in,32856,-269.6
245.582,18,in,32860,-402
245.5863,18,in,32864,-378.6
245.5907,18,in,32868,-395.2
245.5956,18,in,32872,-364.8
245.5999,18,in,32876,-366.6
245.604,18,in,32880,-422.4
245.6084,18,in,32884,-323.6
245.6136,18,in,32888,-424
245.6178,18,in,32892,-424.4
245.6222,18,in,32896,-424.4
245.6263,18,in,32900,-428
245.6315,18,in,32904,-365.4
245.6361,18,in,32908,-371
245.6413,18,in,32912,-370.6
245.6464,18,in,32916,-332.4
245.6509,18,in,32920,-341
245.656,18,in,32924,-334
245.6612,18,in,32928,-325.8
245.6672,18,in,32932,-229.8
245.672,18,in,32936,-314.2
245.6766,18,in,32940,-319.2
245.681,18,in,32944,-296.6
245.6847,18,in,32948,-297.8
245.6883,18,in,32952,-300
245.6918,18,in,32956,-253.2
245.6958,18,in,32960,-302.2
245.7002,18,in,32964,-263.4
245.7048,18,in,32968,-311.2
245.7097,18,in,32972,-358.6
245.7141,18,in,32976,-326.2
245.7197,18,in,32980,-336.6
245.724,18,in,32984,-375.2
245.7289,18,in,32988,-367.2
245.7333,18,in,32992,-345.6
245.7388,18,in,32996,-350.2
245.7435,18,in,33000,-194.4
245.7479,18,in,33004,-285.8
245.7519,18,in,33008,-271.4
245.7563,18,in,33012,-269.6
245.7609,18,in,33016,-318.8
245.765,18,in,33020,-263.8
245.7696,18,in,33024,-331.6
245.7743,18,in,33028,-266.4
245.7794,18,in,33032,-280
245.784,18,in,33036,-192
245.7883,18,in,33040,-237.8
245.7925,18,in,33044,-189.2
245.7966,18,in,33048,-193
245.8005,18,in,33052,-212.2
245.8044,18,in,33056,-259.4
245.8084,18,in,33060,-218.6
245.8126,18,in,33064,-244.2
245.8167,18,in,33068,-281
245.8209,18,in,33072,-290.2
245.8254,18,in,33076,-274.4
245.8302,18,in,33080,-286.6
245.8343,18,in,33084,-275.2
245.8392,18,in,33088,-230.6
245.8433,18,in,33092,-269.6
245.8475,18,in,33096,-232
245.8518,18,in,33100,-263.6
245.8563,18,in,33104,-223.4
245.8605,18,in,33108,-287.2
245.8653,18,in,33112,-259.8
245.8697,18,in,33116,-252
245.8737,18,in,33120,-268.2
245.8778,18,in,33124,-207.6
245.8829,18,in,33128,-188
245.8871,18,in,33132,-261.2
245.8911,18,in,33136,-202.8
245.8951,18,in,33140,-199.2
245.9002,18,in,33144,-240.6
245.9044,18,in,33148,-216.6
245.9086,18,in,33152,-193
245.9127,18,in,33156,-185.2
245.9175,18,in,33160,-230.8
245.9217,18,in,33164,-236.6
245.9258,18,in,33168,-149.4
245.9301,18,in,33172,-162.8
245.9345,18,in,33176,-265.2
245.9385,18,in,33180,-201.8
245.9428,18,in,33184,-173.6
245.9474,18,in,33188,-216.6
245.9519,18,in,33192,-259.8
245.9561,18,in,33196,-219.2
245.9603,18,in,33200,-275.4
245.9648,18,in,33204,-180.8
245.9697,18,in,33208,-188
245.974,18,in,33212,-199.4
245.9781,18,in,33216,-161.2
245.9822,18,in,33220,-189.4
245.9862,18,in,33224,-233.2
245.9903,18,in,33228,-205.6
245.9947,18,in,33232,-308.8
245.9994,18,in,33236,-264.8
246.0032,18,in,33240,-288.4
246.0079,18,in,33244,-197.6
246.013,18,in,33248,-297.6
246.0176,18,in,33252,-260
246.0229,18,in,33256,-236.2
246.0276,18,in,33260,-215.6
246.0326,18,in,33264,-254.6
246.0371,18,in,33268,-292
246.043,18,in,33272,-283
246.0477,18,in,33276,-229.6
246.0525,18,in,33280,-208.6
246.0572,18,in,33284,-232.4
246.0621,18,in,33288,-192
246.0675,18,in,33292,-187.4
246.0727,18,in,33296,-221.4
246.0775,18,in,33300,-196.4
246.0825,18,in,33304,-230.2
246.0874,18,in,33308,-263.4
246.0924,18,in,33312,-250.6
246.0973,18,in,33316,-247.6
246.1015,18,in,33320,-264
246.106,18,in,33324,-236.2
246.1105,18,in,33328,-192.4
246.1154,18,in,33332,-182.8
246.1193,18,in,33336,-305.4
246.1236,18,in,33340,-249.8
246.1274,18,in,33344,-263.8
246.1323,18,in,33348,-240.4
246.1368,18,in,33352,-226.6
246.1412,18,in,33356,-250.2
246.1457,18,in,33360,-223.8
246.1504,18,in,33364,-177.8
246.1549,18,in,33368,-254.6
246.1595,18,in,33372,-233.8
246.1639,18,in,33376,-384
246.1683,18,in,33380,-335
246.1727,18,in,33384,-330
246.1768,18,in,33388,-290
246.1812,18,in,33392,-287.4
246.1856,18,in,33396,-223.2
246.1896,18,in,33400,-240.8
246.1937,18,in,33404,-253
246.198,18,in,33408,-311.8
246.2022,18,in,33412,-349.6
246.2065,18,in,33416,-329
246.2107,18,in,33420,-285.2
246.215,18,in,33424,-291.2
246.2201,18,in,33428,-355.4
246.2243,18,in,33432,-281.8
246.2285,18,in,33436,-310.8
246.2333,18,in,33440,-345
246.2373,18,in,33444,-360
246.2412,18,in,33448,-326.2
246.2452,18,in,33452,-347.6
246.2494,18,in,33456,-344
246.2536,18,in,33460,-378.2
246.2581,18,in,33464,-338.4
246.2627,18,in,33468,-447.6
246.2672,18,in,33472,-352
246.2715,18,in,33476,-368.2
246.2762,18,in,33480,-373.2
246.2801,18,in,33484,-385.8
246.2845,18,in,33488,-303.8
246.2886,18,in,33492,-323
246.2938,18,in,33496,-393.2
246.298,18,in,33500,-329.8
246.3019,18,in,33504,-330.8
246.306,18,in,33508,-344.8
246.311,18,in,33512,-417.4
246.315,18,in,33516,-335.8
246.3194,18,in,33520,-315
246.3238,18,in,33524,-364.6
246.329,18,in,33528,-291.2
246.3331,18,in,33532,-301.4
246.3374,18,in,33536,-366.6
246.3424,18,in,33540,-423.6
246.3468,18,in,33544,-394.6
246.3516,18,in,33548,-387.8
246.3563,18,in,33552,-374.2
246.3609,18,in,33556,-374.8
246.3655,18,in,33560,-336.4
246.37,18,in,33564,-322
246.3746,18,in,33568,-420.8
246.38,18,in,33572,-423.4
246.385,18,in,33576,-447
246.3899,18,in,33580,-478.8
246.3949,18,in,33584,-458.6
246.4002,18,in,33588,-455.2
246.4052,18,in,33592,-482
246.4099,18,in,33596,-493.2
246.4151,18,in,33600,-475.2
246.4201,18,in,33604,-493
246.4253,18,in,33608,-453.4
246.4299,18,in,33612,-504
246.4346,18,in,33616,-488
246.4396,18,in,33620,-548.2
246.4442,18,in,33624,-334.8
246.4493,18,in,33628,-386
246.4539,18,in,33632,-415.6
246.4585,18,in,33636,-383.8
246.4637,18,in,33640,-402.2
246.4688,18,in,33644,-458
246.4737,18,in,33648,-400.6
246.4786,18,in,33652,-423.4
246.4834,18,in,33656,-421
246.4884,18,in,33660,-441.6
246.4925,18,in,33664,-456.4
246.497,18,in,33668,-546.8
246.5013,18,in,33672,-400.6
246.5059,18,in,33676,-404.8
246.5103,18,in,33680,-409.4
246.5144,18,in,33684,-489.2
246.5184,18,in,33688,-496.6
246.5226,18,in,33692,-464.4
246.5268,18,in,33696,-434
246.5314,18,in,33700,-436.6
246.5357,18,in,33704,-442.2
246.5397,18,in,33708,-470.4
246.5442,18,in,33712,-440.4
246.5485,18,in,33716,-429.6
246.5531,18,in,33720,-371.4
246.5584,18,in,33724,-347.6
246.5626,18,in,33728,-362.2
246.5669,18,in,33732,-431.8
246.5711,18,in,33736,-331.2
246.5762,18,in,33740,-412.8
246.5808,18,in,33744,-471
246.585,18,in,33748,-434.4
246.5895,18,in,33752,-404
246.5938,18,in,33756,-433.8
246.5978,18,in,33760,-409.8
246.6021,18,in,33764,-385.2
246.6069,18,in,33768,-464.8
246.6115,18,in,33772,-548.2
246.6162,18,in,33776,-468
246.6207,18,in,33780,-352
246.625,18,in,33784,-324.6
246.6295,18,in,33788,-324.4
246.6338,18,in,33792,-409.4
246.638,18,in,33796,-416.6
246.6422,18,in,33800,-409.6
246.6464,18,in,33804,-431.6
246.6511,18,in,33808,-490.2
246.655,18,in,33812,-482.4
246.659,18,in,33816,-429.6
246.663,18,in,33820,-436
246.6681,18,in,33824,-402.2
246.6722,18,in,33828,-425
246.6764,18,in,33832,-427.8
246.6809,18,in,33836,-382.2
246.6854,18,in,33840,-439.4
246.6892,18,in,33844,-364
246.6933,18,in,33848,-359.2
246.6976,18,in,33852,-556.8
246.7025,18,in,33856,-442.2
246.708,18,in,33860,-458.6
246.7128,18,in,33864,-386.6
246.7177,18,in,33868,-445.8
246.7228,18,in,33872,-451.2
246.7276,18,in,33876,-367.8
246.7322,18,in,33880,-431
246.737,18,in,33884,-448
246.7417,18,in,33888,-370.8
246.7463,18,in,33892,-392.2
246.7506,18,in,33896,-437.8
246.7551,18,in,33900,-410
246.7594,18,in,33904,-440.2
246.7639,18,in,33908,-473.8
246.7686,18,in,33912,-401.4
246.7741,18,in,33916,-418
246.7793,18,in,33920,-438.4
246.7845,18,in,33924,-436.2
246.7901,18,in,33928,-402.6
246.7954,18,in,33932,-443.2
246.7997,18,in,33936,-479
246.8033,18,in,33940,-473.2
246.807,18,in,33944,-445.6
246.8109,18,in,33948,-413.4
246.8151,18,in,33952,-416.4
246.8198,18,in,33956,-481.2
246.8244,18,in,33960,-493.2
246.8297,18,in,33964,-525.8
246.8342,18,in,33968,-560
246.8388,18,in,33972,-558.2
246.8431,18,in,33976,-566.8
246.8475,18,in,33980,-601.4
246.8514,18,in,33984,-604.6
246.8557,18,in,33988,-586.2
246.8604,18,in,33992,-585
246.8657,18,in,33996,-604.2
246.87,18,in,34000,-548.2
246.8745,18,in,34004,-483.4
246.879,18,in,34008,-605.6
246.8838,18,in,34012,-540.6
246.8878,18,in,34016,-587.6
246.8923,18,in,34020,-630.8
246.8968,18,in,34024,-571.4
246.902,18,in,34028,-671.4
246.9062,18,in,34032,-634.2
246.9103,18,in,34036,-556.2
246.9145,18,in,34040,-646.6
246.9191,18,in,34044,-592.8
246.9231,18,in,34048,-639.4
246.9272,18,in,34052,-582.8
246.9321,18,in,34056,-543
246.9368,18,in,34060,-676
246.9413,18,in,34064,-615.6
246.9456,18,in,34068,-618
246.9502,18,in,34072,-622.8
246.9554,18,in,34076,-645.2
246.9594,18,in,34080,-584.4
246.9641,18,in,34084,-574.8
246.9686,18,in,34088,-680.2
246.9736,18,in,34092,-500.6
246.9787,18,in,34096,-497
246.9837,18,in,34100,-620
246.9881,18,in,34104,-578.8
246.9924,18,in,34108,-596
246.9967,18,in,34112,-492.4
247.0008,18,in,34116,-576.6
247.0051,18,in,34120,-633
247.0099,18,in,34124,-597.2
247.0143,18,in,34128,-690.4
247.0183,18,in,34132,-680.4
247.0224,18,in,34136,-650.8
247.0269,18,in,34140,-523.6
247.0311,18,in,34144,-541.2
247.0354,18,in,34148,-446
247.0399,18,in,34152,-559.8
247.0448,18,in,34156,-544.8
247.0487,18,in,34160,-614.6
247.053,18,in,34164,-707
247.0579,18,in,34168,-654.4
247.0636,18,in,34172,-640.6
247.0678,18,in,34176,-588
247.0722,18,in,34180,-612.8
247.0768,18,in,34184,-571
247.0817,18,in,34188,-624
247.0858,18,in,34192,-641.8
247.0901,18,in,34196,-679.6
247.0945,18,in,34200,-782.4
247.0994,18,in,34204,-708.6
247.1038,18,in,34208,-771.2
247.1082,18,in,34212,-711.8
247.1123,18,in,34216,-591.4
247.1175,18,in,34220,-703.4
247.1217,18,in,34224,-624.8
247.1264,18,in,34228,-665.8
247.1306,18,in,34232,-687
247.135,18,in,34236,-581.4
247.1394,18,in,34240,-559.2
247.1437,18,in,34244,-597.8
247.1482,18,in,34248,-621.8
247.1527,18,in,34252,-691.6
247.157,18,in,34256,-687.8
247.1614,18,in,34260,-719.8
247.1655,18,in,34264,-785.4
247.1704,18,in,34268,-762.6
247.1745,18,in,34272,-737.6
247.1786,18,in,34276,-754.4
247.1828,18,in,34280,-751.8
247.1873,18,in,34284,-785.6
247.1918,18,in,34288,-834.2
247.1956,18,in,34292,-748.4
247.1993,18,in,34296,-681.6
247.2035,18,in,34300,-664.2
247.2083,18,in,34304,-699.8
247.2133,18,in,34308,-578.8
247.2176,18,in,34312,-653.8
247.223,18,in,34316,-748.4
247.2273,18,in,34320,-670.8
247.2317,18,in,34324,-648
247.236,18,in,34328,-754.2
247.2399,18,in,34332,-692.8
247.2437,18,in,34336,-656.2
247.2481,18,in,34340,-738.4
247.2521,18,in,34344,-751.2
247.2565,18,in,34348,-767.8
247.2613,18,in,34352,-750.2
247.2656,18,in,34356,-769.8
247.2699,18,in,34360,-803.4
247.2739,18,in,34364,-670.4
247.2789,18,in,34368,-746.6
247.2833,18,in,34372,-732.4
247.2875,18,in,34376,-815.6
247.2919,18,in,34380,-685.4
247.2961,18,in,34384,-743
247.3004,18,in,34388,-734.4
247.3046,18,in,34392,-734.4
247.3089,18,in,34396,-716
247.3138,18,in,34400,-721.2
247.3178,18,in,34404,-731.4
247.3221,18,in,34408,-667.6
247.3262,18,in,34412,-706.6
247.3314,18,in,34416,-674
247.3353,18,in,34420,-741.2
247.3404,18,in,34424,-774
247.3448,18,in,34428,-699.6
247.35,18,in,34432,-717.8
247.3542,18,in,34436,-737.6
247.3584,18,in,34440,-715
247.3625,18,in,34444,-710.6
247.368,18,in,34448,-725.4
247.3722,18,in,34452,-666.2
247.3762,18,in,34456,-722
247.3805,18,in,34460,-680.8
247.3856,18,in,34464,-767
247.3901,18,in,34468,-739.6
247.394,18,in,34472,-673.8
247.3982,18,in,34476,-670.2
247.4026,18,in,34480,-729
247.4067,18,in,34484,-700.6
247.4108,18,in,34488,-737
247.4148,18,in,34492,-721.8
247.4193,18,in,34496,-728.8
247.4239,18,in,34500,-754.2
247.4282,18,in,34504,-731.8
247.4324,18,in,34508,-780.8
247.4366,18,in,34512,-702.8
247.4406,18,in,34516,-655.8
247.4447,18,in,34520,-690.2
247.4488,18,in,34524,-692.8
247.4532,18,in,34528,-615.6
247.4586,18,in,34532,-627.2
247.4626,18,in,34536,-615.8
247.467,18,in,34540,-704.2
247.4713,18,in,34544,-830.2
247.4762,18,in,34548,-809.6
247.4806,18,in,34552,-819.2
247.4852,18,in,34556,-739.4
247.4899,18,in,34560,-573.8
247.4948,18,in,34564,-582.4
247.4992,18,in,34568,-614.8
247.5038,18,in,34572,-719.8
247.5082,18,in,34576,-701.6
247.5134,18,in,34580,-733.2
247.5177,18,in,34584,-680
247.5217,18,in,34588,-724.4
247.5258,18,in,34592,-717
247.5305,18,in,34596,-720.8
247.5347,18,in,34600,-719
247.539,18,in,34604,-776
247.543,18,in,34608,-772.8
247.5472,18,in,34612,-704.6
247.5514,18,in,34616,-713.2
247.5557,18,in,34620,-706.2
247.5602,18,in,34624,-678.8
247.5646,18,in,34628,-726.2
247.5689,18,in,34632,-661.4
247.573,18,in,34636,-640.2
247.5775,18,in,34640,-787.2
247.582,18,in,34644,-764.2
247.5862,18,in,34648,-821.4
247.591,18,in,34652,-698.6
247.5949,18,in,34656,-721.4
247.5992,18,in,34660,-721.4
247.6034,18,in,34664,-819.8
247.6073,18,in,34668,-770.6
247.6114,18,in,34672,-753
247.6157,18,in,34676,-800.8
247.6205,18,in,34680,-743
247.6245,18,in,34684,-738
247.629,18,in,34688,-701.2
247.6335,18,in,34692,-704
247.639,18,in,34696,-742.4
247.643,18,in,34700,-739.8
247.6471,18,in,34704,-640.4
247.6511,18,in,34708,-579.6
247.6557,18,in,34712,-608.2
247.6603,18,in,34716,-670
247.6646,18,in,34720,-668.4
247.6688,18,in,34724,-648
247.6737,18,in,34728,-593
247.6783,18,in,34732,-677.4
247.6824,18,in,34736,-667
247.6868,18,in,34740,-629.4
247.6905,18,in,34744,-628.8
247.6942,18,in,34748,-611
247.6982,18,in,34752,-619.4
247.7021,18,in,34756,-669.2
247.7063,18,in,34760,-652
247.711,18,in,34764,-679.6
247.7154,18,in,34768,-683.8
247.7199,18,in,34772,-662.2
247.724,18,in,34776,-656.2
247.7287,18,in,34780,-644.4
247.733,18,in,34784,-682.8
247.7373,18,in,34788,-703.8
247.7415,18,in,34792,-699
247.7468,18,in,34796,-636.2
247.7507,18,in,34800,-671.6
247.7542,18,in,34804,-641.2
247.758,18,in,34808,-652.8
247.7627,18,in,34812,-667.6
247.7668,18,in,34816,-715.4
247.7713,18,in,34820,-666.2
247.776,18,in,34824,-686.8
247.781,18,in,34828,-676.8
247.7856,18,in,34832,-674.4
247.7904,18,in,34836,-697.2
247.7948,18,in,34840,-651.8
247.7994,18,in,34844,-668
247.8034,18,in,34848,-736
247.8076,18,in,34852,-712.2
247.8126,18,in,34856,-759.2
247.8173,18,in,34860,-694.2
247.8224,18,in,34864,-715
247.8271,18,in,34868,-694.4
247.8322,18,in,34872,-737
247.837,18,in,34876,-704
247.8423,18,in,34880,-771.8
247.8472,18,in,34884,-786.2
247.8519,18,in,34888,-811
247.8566,18,in,34892,-832.4
247.861,18,in,34896,-835
247.8661,18,in,34900,-834
247.8717,18,in,34904,-844.2
247.8765,18,in,34908,-801.6
247.8818,18,in,34912,-866.2
247.8864,18,in,34916,-860.2
247.8912,18,in,34920,-845.2
247.8967,18,in,34924,-847.6
247.9019,18,in,34928,-855
247.9072,18,in,34932,-823.6
247.9124,18,in,34936,-816
247.9178,18,in,34940,-822.8
247.9222,18,in,34944,-849.8
247.9269,18,in,34948,-872
247.9323,18,in,34952,-889.6
247.9375,18,in,34956,-891.8
247.9422,18,in,34960,-889.2
247.9467,18,in,34964,-889.8
247.9519,18,in,34968,-858.4
247.9565,18,in,34972,-832.6
247.9615,18,in,34976,-852.6
247.966,18,in,34980,-883.8
247.9705,18,in,34984,-894.8
247.9745,18,in,34988,-877.4
247.979,18,in,34992,-882
247.9831,18,in,34996,-876.8
247.9874,18,in,35000,-928.2
247.992,18,in,35004,-888.8
247.9976,18,in,35008,-892.4
248.0018,18,in,35012,-863
248.0062,18,in,35016,-813.4
248.0105,18,in,35020,-797.6
248.015,18,in,35024,-870.2
248.0193,18,in,35028,-839.2
248.0237,18,in,35032,-838.6
248.0278,18,in,35036,-807.8
248.0322,18,in,35040,-858.8
248.0363,18,in,35044,-910.2
248.0402,18,in,35048,-797.4
248.0443,18,in,35052,-812.8
248.0491,18,in,35056,-788
248.0535,18,in,35060,-856.6
248.0592,18,in,35064,-844.6
248.0635,18,in,35068,-860.8
248.0679,18,in,35072,-828.8
248.0721,18,in,35076,-795.4
248.0763,18,in,35080,-877.6
248.0806,18,in,35084,-834.2
248.0851,18,in,35088,-853.8
248.0894,18,in,35092,-852.6
248.0935,18,in,35096,-838.6
248.0975,18,in,35100,-844
248.1026,18,in,35104,-866.6
248.1066,18,in,35108,-861.4
248.1106,18,in,35112,-825.2
248.1152,18,in,35116,-827.2
248.1207,18,in,35120,-817.2
248.1255,18,in,35124,-841.4
248.1302,18,in,35128,-810.4
248.1354,18,in,35132,-845.4
248.1409,18,in,35136,-870
248.1456,18,in,35140,-782.2
248.1502,18,in,35144,-869.6
248.1552,18,in,35148,-872
248.16,18,in,35152,-832
248.1647,18,in,35156,-877.2
248.1692,18,in,35160,-871
248.1739,18,in,35164,-818
248.1783,18,in,35168,-855.4
248.1831,18,in,35172,-851.4
248.1878,18,in,35176,-868.4
248.1924,18,in,35180,-842.4
248.1977,18,in,35184,-855.6
248.2022,18,in,35188,-832.2
248.2066,18,in,35192,-832.8
248.2114,18,in,35196,-829
248.2168,18,in,35200,-837.4
248.2215,18,in,35204,-827.2
248.2264,18,in,35208,-877.4
248.2311,18,in,35212,-850.6
248.2358,18,in,35216,-815
248.2409,18,in,35220,-799.6
248.2461,18,in,35224,-865
248.2508,18,in,35228,-814
248.2553,18,in,35232,-835
248.2602,18,in,35236,-885.6
248.265,18,in,35240,-874
248.2696,18,in,35244,-926
248.2745,18,in,35248,-868.6
248.2794,18,in,35252,-924.4
248.2842,18,in,35256,-880
248.289,18,in,35260,-882.2
248.2935,18,in,35264,-889.6
248.298,18,in,35268,-887
248.3025,18,in,35272,-924.2
248.3069,18,in,35276,-891.4
248.3113,18,in,35280,-935.4
248.3161,18,in,35284,-897.2
248.3201,18,in,35288,-840.6
248.3244,18,in,35292,-889.8
248.3286,18,in,35296,-875.6
248.3332,18,in,35300,-869.6
248.3378,18,in,35304,-920.4
248.3422,18,in,35308,-850.6
248.3462,18,in,35312,-904.6
248.3521,18,in,35316,-840.6
248.3565,18,in,35320,-891
248.361,18,in,35324,-866.6
248.3651,18,in,35328,-902.6
248.3695,18,in,35332,-944.8
248.3734,18,in,35336,-887.8
248.3777,18,in,35340,-858.6
248.3822,18,in,35344,-946.4
248.387,18,in,35348,-946
248.3915,18,in,35352,-894.2
248.3958,18,in,35356,-919.2
248.4002,18,in,35360,-919.2
248.4046,18,in,35364,-922.4
248.409,18,in,35368,-858
248.4131,18,in,35372,-937.6
248.4172,18,in,35376,-907.6
248.4218,18,in,35380,-939.4
248.4263,18,in,35384,-951.4
248.4311,18,in,35388,-936.6
248.4353,18,in,35392,-941.2
248.4398,18,in,35396,-887.4
248.4441,18,in,35400,-881.8
248.4482,18,in,35404,-914.8
248.4524,18,in,35408,-925.8
248.4567,18,in,35412,-845.8
248.4612,18,in,35416,-894.2
248.4652,18,in,35420,-916.6
248.4696,18,in,35424,-901.4
248.4735,18,in,35428,-886.8
248.4786,18,in,35432,-858.2
248.4829,18,in,35436,-884.6
248.4869,18,in,35440,-875
248.4916,18,in,35444,-895.2
248.4965,18,in,35448,-943
248.5006,18,in,35452,-858.4
248.5048,18,in,35456,-851.2
248.509,18,in,35460,-837.6
248.5133,18,in,35464,-883.2
248.5174,18,in,35468,-906.2
248.5217,18,in,35472,-869.2
248.526,18,in,35476,-892.6
248.5301,18,in,35480,-869.4
248.5343,18,in,35484,-953
248.5387,18,in,35488,-884.2
248.543,18,in,35492,-842.8
248.5469,18,in,35496,-872.4
248.5518,18,in,35500,-901.4
248.5558,18,in,35504,-900
248.5601,18,in,35508,-891
248.5642,18,in,35512,-903.2
248.5684,18,in,35516,-938.2
248.5721,18,in,35520,-965.8
248.5759,18,in,35524,-936.2
248.5797,18,in,35528,-937.4
248.584,18,in,35532,-906.6
248.5882,18,in,35536,-923.8
248.5924,18,in,35540,-939.2
248.5969,18,in,35544,-887.2
248.6021,18,in,35548,-913.8
248.6065,18,in,35552,-908.2
248.6111,18,in,35556,-960.8
248.6151,18,in,35560,-978.2
248.62,18,in,35564,-937
248.6246,18,in,35568,-939.6
248.6285,18,in,35572,-911.4
248.6334,18,in,35576,-916.6
248.6381,18,in,35580,-987.2
248.6422,18,in,35584,-949.8
248.6466,18,in,35588,-987.6
248.6509,18,in,35592,-967.8
248.655,18,in,35596,-1003.4
248.6593,18,out,35592,-955.8
248.6639,18,out,35588,-979.8
248.6684,18,out,35584,-968.2
248.6729,18,out,35580,-917
248.6772,18,out,35576,-941.4
248.6815,18,out,35572,-941.6
248.6851,18,out,35568,-957
248.6892,18,out,35564,-958
248.6934,18,out,35560,-934.6
248.6982,18,out,35556,-925.8
248.7025,18,out,35552,-990.2
248.7066,18,out,35548,-1016
248.7119,18,out,35544,-962.2
248.7163,18,out,35540,-946
248.7209,18,out,35536,-929.6
248.7254,18,out,35532,-915.8
248.7296,18,out,35528,-951
248.7337,18,out,35524,-965.8
248.7379,18,out,35520,-933
248.7423,18,out,35516,-944
248.7469,18,out,35512,-955.8
248.7509,18,out,35508,-986.6
248.7544,18,out,35504,-959.2
248.758,18,out,35500,-921
248.7615,18,out,35496,-934
248.7656,18,out,35492,-924.4
248.7693,18,out,35488,-884.2
248.7733,18,out,35484,-878.2
248.7781,18,out,35480,-882
248.7831,18,out,35476,-866.8
248.7872,18,out,35472,-873.2
248.7911,18,out,35468,-949.8
248.7957,18,out,35464,-881.8
248.8003,18,out,35460,-893
248.8041,18,out,35456,-890.6
248.8078,18,out,35452,-870.6
248.8115,18,out,35448,-893.8
248.8159,18,out,35444,-930.8
248.8203,18,out,35440,-958.2
248.8244,18,out,35436,-865.6
248.8282,18,out,35432,-861.2
248.8319,18,out,35428,-913.8
248.8368,18,out,35424,-976.2
248.8407,18,out,35420,-901
248.8449,18,out,35416,-855.2
248.8494,18,out,35412,-978.2
248.8541,18,out,35408,-926.4
248.8583,18,out,35404,-886.6
248.8623,18,out,35400,-902.8
248.8667,18,out,35396,-870
248.8722,18,out,35392,-931.8
248.8764,18,out,35388,-890.6
248.8807,18,out,35384,-890.8
248.8849,18,out,35380,-944
248.8894,18,out,35376,-927
248.8939,18,out,35372,-895.6
248.8985,18,out,35368,-930
248.903,18,out,35364,-884.6
248.9083,18,out,35360,-908.2
248.9122,18,out,35356,-891.6
248.9165,18,out,35352,-942
248.9204,18,out,35348,-895
248.9253,18,out,35344,-916.2
248.9299,18,out,35340,-878.6
248.9342,18,out,35336,-855.6
248.9384,18,out,35332,-864
248.9436,18,out,35328,-878.2
248.9476,18,out,35324,-931.4
248.9519,18,out,35320,-915.6
248.956,18,out,35316,-918.6
248.9603,18,out,35312,-902.8
248.9645,18,out,35308,-931
248.9689,18,out,35304,-884.2
248.9731,18,out,35300,-936
248.978,18,out,35296,-896.2
248.982,18,out,35292,-930
248.9861,18,out,35288,-929.8
248.9901,18,out,35284,-901.4
248.9943,18,out,35280,-903
248.9993,18,out,35276,-937.4
249.0039,18,out,35272,-910
249.0092,18,out,35268,-899.2
249.0131,18,out,35264,-886.8
249.0182,18,out,35260,-925.4
249.022,18,out,35256,-911
249.0261,18,out,35252,-935
249.0303,18,out,35248,-899
249.0348,18,out,35244,-939.4
249.0392,18,out,35240,-920.2
249.043,18,out,35236,-911
249.0474,18,out,35232,-862.4
249.0528,18,out,35228,-962.4
249.057,18,out,35224,-918.8
249.0612,18,out,35220,-863.2
249.0654,18,out,35216,-890.6
249.0704,18,out,35212,-923.8
249.0745,18,out,35208,-920.8
249.0787,18,out,35204,-944
249.0829,18,out,35200,-866.6
249.0876,18,out,35196,-959.4
249.0914,18,out,35192,-914.6
249.0957,18,out,35188,-880.6
249.1003,18,out,35184,-958.6
249.1055,18,out,35180,-892
249.11,18,out,35176,-910
249.1143,18,out,35172,-898.2
249.1188,18,out,35168,-880.8
249.1244,18,out,35164,-917.4
249.129,18,out,35160,-894.4
249.1339,18,out,35156,-908.6
249.1388,18,out,35152,-908.8
249.1437,18,out,35148,-910.8
249.1483,18,out,35144,-913.8
249.153,18,out,35140,-907
249.1586,18,out,35136,-871.2
249.1635,18,out,35132,-900.6
249.1683,18,out,35128,-882.4
249.1729,18,out,35124,-917.6
249.1771,18,out,35120,-880.8
249.1811,18,out,35116,-915.8
249.186,18,out,35112,-900.8
249.1907,18,out,35108,-871.4
249.196,18,out,35104,-898.4
249.2006,18,out,35100,-903.2
249.2052,18,out,35096,-907.6
249.2101,18,out,35092,-890
249.2147,18,out,35088,-901.8
249.2192,18,out,35084,-940.2
249.2237,18,out,35080,-881
249.2282,18,out,35076,-904
249.2326,18,out,35072,-942.4
249.2371,18,out,35068,-916
249.2419,18,out,35064,-886.4
249.2463,18,out,35060,-888.4
249.2502,18,out,35056,-902.8
249.2546,18,out,35052,-868.4
249.259,18,out,35048,-907.4
249.2634,18,out,35044,-942.4
249.268,18,out,35040,-901.6
249.2718,18,out,35036,-891.4
249.2762,18,out,35032,-884
249.2808,18,out,35028,-856.4
249.2853,18,out,35024,-896
249.2898,18,out,35020,-867.8
249.2936,18,out,35016,-913.8
249.2979,18,out,35012,-922.2
249.3028,18,out,35008,-932.4
249.3072,18,out,35004,-904.8
249.3116,18,out,35000,-919.6
249.3161,18,out,34996,-875.6
249.3203,18,out2,34946,-944.4
249.3241,18,out2,34896,-907.4
249.3281,18,out2,34846,-909.4
249.3325,18,out2,34796,-914.8
249.3371,18,out2,34746,-913.4
249.3416,18,out2,34696,-952.6
249.3455,18,out2,34646,-891.2
249.3509,18,out2,34596,-912.2
249.3552,18,out2,34546,-929.4
249.3596,18,out2,34496,-852.6
249.3642,18,out2,34446,-964
249.3686,18,out2,34396,-933
249.3743,18,out2,34346,-953.6
249.3788,18,out2,34296,-905.8
249.3829,18,out2,34246,-985.6
249.387,18,out2,34196,-957
249.3917,18,out2,34146,-907
249.3963,18,out2,34096,-928.2
249.4006,18,out2,34046,-916.6
249.4051,18,out2,33996,-897
249.4104,18,out2,33946,-876
249.4148,18,out2,33896,-848.6
249.419,18,out2,33846,-844.2
249.4229,18,out2,33796,-793
249.428,18,out2,33746,-888.4
249.4325,18,out2,33696,-863
249.4371,18,out2,33646,-870.2
249.4419,18,out2,33596,-860.8
249.4467,18,out2,33546,-797.8
249.4516,18,out2,33496,-872.4
249.4564,18,out2,33446,-736.6
249.461,18,out2,33396,-792
249.4662,18,out2,33346,-777.2
249.4712,18,out2,33296,-861.2
249.4763,18,out2,33246,-757.8
249.4819,18,out2,33196,-775.8
249.4868,18,out2,33146,-776.2
249.4917,18,out2,33096,-759
249.4967,18,out2,33046,-820.4
249.5015,18,out2,32996,-788
249.5067,18,out2,32946,-633.8
249.5118,18,out2,32896,-599.8
249.5165,18,out2,32846,-673
249.5209,18,out2,32796,-591.2
249.5259,18,out2,32746,-588.2
249.5314,18,out2,32696,-589.8
249.5371,18,out2,32646,-644.2
249.5421,18,out2,32596,-642.4
249.5473,18,out2,32546,-519.2
249.5523,18,out2,32496,-574.4
249.5569,18,out2,32446,-601.6
249.5619,18,out2,32396,-695
249.5667,18,out2,32346,-617.4
249.5714,18,out2,32296,-649.4
249.5762,18,out2,32246,-658.2
249.581,18,out2,32196,-781.4
249.5861,18,out2,32146,-805.2
249.5913,18,out2,32096,-473.4
249.5958,18,out2,32046,-590
249.6004,18,out2,31996,-608.8
249.6048,18,out2,31946,-647.2
249.6094,18,out2,31896,-321.8
249.6148,18,out2,31846,-418.8
249.6193,18,out2,31796,-349.6
249.6246,18,out2,31746,-291.4
249.6294,18,out2,31696,-163.8
249.6341,18,out2,31646,-157.6
249.6388,18,out2,31596,-147.8
249.6441,19,in,31596,-80.6
249.6488,19,in,31600,-221.4
249.6529,19,in,31604,-183.6
249.658,19,in,31608,-107.4
249.6627,19,in,31612,-110.6
249.6674,19,in,31616,-120.6
249.6723,19,in,31620,-116.6
249.677,19,in,31624,-110.6
249.6815,19,in,31628,-168.2
249.6853,19,in,31632,-154
249.6888,19,in,31636,-130
249.6926,19,in,31640,-107.4
249.6968,19,in,31644,-148.4
249.7011,19,in,31648,-121.6
249.7056,19,in,31652,-131.8
249.7099,19,in,31656,-126
249.715,19,in,31660,-124.6
249.7194,19,in,31664,-185.4
249.7238,19,in,31668,-176.6
249.7285,19,in,31672,-201.8
249.734,19,in,31676,-169
249.7384,19,in,31680,-176
249.7433,19,in,31684,-185.4
249.7483,19,in,31688,-170.8
249.753,19,in,31692,-151.2
249.7571,19,in,31696,-162.4
249.7607,19,in,31700,-182
249.7643,19,in,31704,-167.8
249.7685,19,in,31708,-155.8
249.7725,19,in,31712,-163
249.7766,19,in,31716,-197
249.781,19,in,31720,-172.2
249.7856,19,in,31724,-292.6
249.7898,19,in,31728,-238
249.7942,19,in,31732,-211.2
249.7983,19,in,31736,-253.2
249.8025,19,in,31740,-242.4
249.8062,19,in,31744,-266.2
249.81,19,in,31748,-237.8
249.814,19,in,31752,-267.4
249.8188,19,in,31756,-316.4
249.8236,19,in,31760,-219
249.8281,19,in,31764,-260.8
249.8328,19,in,31768,-264.6
249.8373,19,in,31772,-262.8
249.8419,19,in,31776,-225.2
249.8465,19,in,31780,-145.8
249.8513,19,in,31784,-184.8
249.8573,19,in,31788,-212.6
249.8618,19,in,31792,-218.6
249.8665,19,in,31796,-232.6
249.8716,19,in,31800,-254.8
249.8762,19,in,31804,-251.4
249.8809,19,in,31808,-265.6
249.8852,19,in,31812,-250.4
249.8902,19,in,31816,-247.4
249.8951,19,in,31820,-198.8
249.8997,19,in,31824,-234.4
249.9041,19,in,31828,-220.8
249.9089,19,in,31832,-192
249.9138,19,in,31836,-218.6
249.9189,19,in,31840,-256.2
249.9235,19,in,31844,-208.2
249.9285,19,in,31848,-252.2
249.9329,19,in,31852,-262.2
249.9379,19,in,31856,-238.4
249.943,19,in,31860,-248.6
249.9482,19,in,31864,-184.4
249.9529,19,in,31868,-245.4
249.9575,19,in,31872,-225
249.9621,19,in,31876,-206.2
249.967,19,in,31880,-226
249.9717,19,in,31884,-224
249.9763,19,in,31888,-244
249.9813,19,in,31892,-228.2
249.986,19,in,31896,-213.2
249.9906,19,in,31900,-225.2
249.9952,19,in,31904,-249.6
250.0005,19,in,31908,-227
250.0052,19,in,31912,-224.8
250.0101,19,in,31916,-209.2
250.0147,19,in,31920,-216.2
250.0194,19,in,31924,-238.8
250.0243,19,in,31928,-204.6
250.0291,19,in,31932,-208.8
250.0341,19,in,31936,-243.6
250.0387,19,in,31940,-163
250.0432,19,in,31944,-172.4
250.0484,19,in,31948,-263.2
250.0531,19,in,31952,-218.8
250.0577,19,in,31956,-226.6
250.0624,19,in,31960,-217.2
250.0665,19,in,31964,-202.8
250.0721,19,in,31968,-196.4
250.0767,19,in,31972,-219.6
250.0822,19,in,31976,-239.4
250.0874,19,in,31980,-262.6
250.0918,19,in,31984,-233
250.0959,19,in,31988,-184.6
250.1004,19,in,31992,-195.8
250.1054,19,in,31996,-211
250.1095,19,in,32000,-233
250.1137,19,in,32004,-213.8
250.1181,19,in,32008,-179.2
250.1221,19,in,32012,-223.6
250.1273,19,in,32016,-164.4
250.1321,19,in,32020,-209.8
250.1365,19,in,32024,-224
250.1405,19,in,32028,-205
250.1453,19,in,32032,-187
250.1495,19,in,32036,-208.6
250.1539,19,in,32040,-284.2
250.1586,19,in,32044,-172.4
250.1629,19,in,32048,-239.6
250.1672,19,in,32052,-245.4
250.1718,19,in,32056,-187.4
250.1759,19,in,32060,-216.2
250.1799,19,in,32064,-117.2
250.1844,19,in,32068,-149.4
250.1892,19,in,32072,-214.8
250.1946,19,in,32076,-136.2
250.1994,19,in,32080,-179.6
250.2047,19,in,32084,-172.2
250.2099,19,in,32088,-150.2
250.2155,19,in,32092,-229.4
250.2205,19,in,32096,-191.4
250.2256,19,in,32100,-192.4
250.2313,19,in,32104,-201.4
250.2364,19,in,32108,-239.2
250.2412,19,in,32112,-251.2
250.2459,19,in,32116,-189.6
250.2509,19,in,32120,-155.2
250.2559,19,in,32124,-134.2
250.2602,19,in,32128,-180.2
250.2653,19,in,32132,-138.2
250.27,19,in,32136,-180.4
250.2752,19,in,32140,-136
250.2807,19,in,32144,-160.2
250.2855,19,in,32148,-132.2
250.2909,19,in,32152,-158.2
250.2957,19,in,32156,-202.4
250.3003,19,in,32160,-236
250.3052,19,in,32164,-215
250.3102,19,in,32168,-201.2
250.3148,19,in,32172,-174
250.3192,19,in,32176,-148.6
250.3239,19,in,32180,-162.6
250.3285,19,in,32184,-147.8
250.3333,19,in,32188,-194.8
250.3382,19,in,32192,-192
250.3428,19,in,32196,-160.4
250.3477,19,in,32200,-160.2
250.353,19,in,32204,-170.6
250.3582,19,in,32208,-166.8
250.3634,19,in,32212,-177.2
250.3683,19,in,32216,-172
250.3733,19,in,32220,-149.8
250.3781,19,in,32224,-163.6
250.3828,19,in,32228,-133.8
250.3871,19,in,32232,-115.2
250.3924,19,in,32236,-159
250.3969,19,in,32240,-99.8
250.4014,19,in,32244,-197.8
250.4056,19,in,32248,-95.4
250.4104,19,in,32252,-159.4
250.4148,19,in,32256,-124.6
250.4188,19,in,32260,-191.8
250.4235,19,in,32264,-165.4
250.4286,19,in,32268,-197.4
250.4334,19,in,32272,-164.6
250.4376,19,in,32276,-176
250.4423,19,in,32280,-159
250.4473,19,in,32284,-150.6
250.452,19,in,32288,-145
250.4565,19,in,32292,-144.4
250.4604,19,in,32296,-110.2
250.4651,19,in,32300,-174
250.4694,19,in,32304,-194.4
250.4736,19,in,32308,-175.8
250.4781,19,in,32312,-183.4
250.4825,19,in,32316,-151.4
250.4867,19,in,32320,-180.6
250.4907,19,in,32324,-113
250.4948,19,in,32328,-137.4
250.4992,19,in,32332,-176.8
250.5034,19,in,32336,-155.6
250.5077,19,in,32340,-198.8
250.5119,19,in,32344,-117.6
250.5166,19,in,32348,-165.6
250.5215,19,in,32352,-173.2
250.5264,19,in,32356,-216
250.5304,19,in,32360,-217.6
250.5353,19,in,32364,-249.8
250.5396,19,in,32368,-235.2
250.5436,19,in,32372,-235.8
250.5479,19,in,32376,-174.2
250.5528,19,in,32380,-247
250.5573,19,in,32384,-188
250.5618,19,in,32388,-358
250.5663,19,in,32392,-198.2
250.5713,19,in,32396,-162.2
250.5753,19,in,32400,-99.4
250.5797,19,in,32404,-123.4
250.5839,19,in,32408,-144.8
250.5884,19,in,32412,-202.8
250.5929,19,in,32416,-122
250.5968,19,in,32420,-178.8
250.6009,19,in,32424,-204.4
250.6058,19,in,32428,-188.2
250.6099,19,in,32432,-154.8
250.614,19,in,32436,-174
250.6181,19,in,32440,-227.4
250.6221,19,in,32444,-155
250.6267,19,in,32448,-177.4
250.6308,19,in,32452,-169.4
250.6348,19,in,32456,-160.6
250.6386,19,in,32460,-144
250.6439,19,in,32464,-110.2
250.648,19,in,32468,-129.6
250.652,19,in,32472,-184
250.6564,19,in,32476,-186.8
250.6621,19,in,32480,-116.6
250.6669,19,in,32484,-189.8
250.6717,19,in,32488,-165.6
250.6771,19,in,32492,-144.2
250.6819,19,in,32496,-110
250.6861,19,in,32500,-194.2
250.6904,19,in,32504,-116
250.6946,19,in,32508,-176.2
250.6987,19,in,32512,-176.8
250.703,19,in,32516,-183.8
250.7074,19,in,32520,-221.4
250.7113,19,in,32524,-155.8
250.7158,19,in,32528,-246.4
250.7199,19,in,32532,-196.4
250.7239,19,in,32536,-198.8
250.7283,19,in,32540,-179.8
250.7329,19,in,32544,-238.6
250.7369,19,in,32548,-249.8
250.7413,19,in,32552,-213.8
250.7458,19,in,32556,-221.2
250.7506,19,in,32560,-160.2
250.7549,19,in,32564,-208.8
250.7586,19,in,32568,-243
250.7627,19,in,32572,-229.2
250.7669,19,in,32576,-234.8
250.7711,19,in,32580,-174
250.7751,19,in,32584,-230.2
250.7792,19,in,32588,-203.8
250.7835,19,in,32592,-259
250.7881,19,in,32596,-188.2
250.7926,19,in,32600,-246.6
250.7969,19,in,32604,-204.4
250.8015,19,in,32608,-156.6
250.8064,19,in,32612,-192.2
250.8106,19,in,32616,-208.2
250.8148,19,in,32620,-285.4
250.8195,19,in,32624,-264.8
250.8237,19,in,32628,-195.6
250.8279,19,in,32632,-212.6
250.8325,19,in,32636,-289.6
250.8369,19,in,32640,-244.8
250.841,19,in,32644,-254.6
250.8448,19,in,32648,-243.6
250.8488,19,in,32652,-328.2
250.8527,19,in,32656,-260.4
250.8576,19,in,32660,-317.4
250.8627,19,in,32664,-321.6
250.8671,19,in,32668,-238.6
250.8715,19,in,32672,-263.8
250.8765,19,in,32676,-224.2
250.8806,19,in,32680,-316
250.8845,19,in,32684,-229.2
250.8888,19,in,32688,-277.2
250.8933,19,in,32692,-310.6
250.8979,19,in,32696,-260.4
250.9021,19,in,32700,-202.4
250.9071,19,in,32704,-247.4
250.9118,19,in,32708,-234.8
250.9164,19,in,32712,-206.4
250.921,19,in,32716,-238
250.9259,19,in,32720,-215.6
250.931,19,in,32724,-199.8
250.9353,19,in,32728,-194.6
250.9394,19,in,32732,-214.6
250.9435,19,in,32736,-219.4
250.9483,19,in,32740,-234.4
250.9525,19,in,32744,-215.2
250.9569,19,in,32748,-183.8
250.9611,19,in,32752,-239.8
250.9657,19,in,32756,-210
250.9699,19,in,32760,-183.2
250.9738,19,in,32764,-212.6
250.9778,19,in,32768,-212.6
250.9817,19,in,32772,-190.2
250.986,19,in,32776,-148.4
250.99,19,in,32780,-179.8
250.994,19,in,32784,-198.2
250.9981,19,in,32788,-319.4
251.0038,19,in,32792,-405
251.0082,19,in,32796,-503.2
251.0123,19,in,32800,-432.6
251.0164,19,in,32804,-416.6
251.0211,19,in,32808,-432
251.0251,19,in,32812,-250.2
251.0295,19,in,32816,-315.2
251.0342,19,in,32820,-267.4
251.0386,19,in,32824,-432
251.0428,19,in,32828,-281.8
251.0469,19,in,32832,-300.6
251.0513,19,in,32836,-247
251.0562,19,in,32840,-181.8
251.0605,19,in,32844,-368.4
251.0648,19,in,32848,-384.6
251.0689,19,in,32852,-383.4
251.0743,19,in,32856,-415.8
251.0794,19,in,32860,-178
251.0839,19,in,32864,-479.2
251.0883,19,in,32868,-338.2
251.093,19,in,32872,-432.8
251.0973,19,in,32876,-418.2
251.1015,19,in,32880,-344.8
251.1059,19,in,32884,-274
251.1109,19,in,32888,-130.8
251.1149,19,in,32892,-340.2
251.1192,19,in,32896,-362.8
251.1235,19,in,32900,-368
251.1279,19,in,32904,-344.6
251.1319,19,in,32908,-348.6
251.1363,19,in,32912,-328.8
251.1406,19,in,32916,-315.4
251.1453,19,in,32920,-328
251.1498,19,in,32924,-359
251.1539,19,in,32928,-360.6
251.1581,19,in,32932,-281.8
251.1628,19,in,32936,-340.6
251.167,19,in,32940,-261.2
251.1715,19,in,32944,-208.8
251.1757,19,in,32948,-297.4
251.1806,19,in,32952,-406.2
251.1854,19,in,32956,-179
251.1904,19,in,32960,-173.2
251.1955,19,in,32964,-141
251.2002,19,in,32968,-212.2
251.2057,19,in,32972,-166.4
251.2111,19,in,32976,-153
251.2158,19,in,32980,-171
251.2208,19,in,32984,-184.4
251.2252,19,in,32988,-174.4
251.2303,19,in,32992,-203.2
251.2349,19,in,32996,-191.8
251.2392,19,in,33000,-218.2
251.2434,19,in,33004,-174.8
251.2481,19,in,33008,-186.4
251.2528,19,in,33012,-205.2
251.2569,19,in,33016,-181.4
251.2605,19,in,33020,-193
251.2644,19,in,33024,-255.4
251.2697,19,in,33028,-234.2
251.274,19,in,33032,-182.6
251.2786,19,in,33036,-227.4
251.2825,19,in,33040,-252
251.2872,19,in,33044,-186.2
251.2913,19,in,33048,-240.4
251.2956,19,in,33052,-260.8
251.2998,19,in,33056,-256.2
251.3038,19,in,33060,-263.6
251.308,19,in,33064,-255.6
251.3128,19,in,33068,-297.4
251.317,19,in,33072,-245
251.3211,19,in,33076,-254.4
251.3251,19,in,33080,-228.2
251.3294,19,in,33084,-219.2
251.3336,19,in,33088,-229.6
251.3377,19,in,33092,-224.8
251.342,19,in,33096,-219.4
251.3463,19,in,33100,-199.6
251.3502,19,in,33104,-203
251.3545,19,in,33108,-218.8
251.3596,19,in,33112,-180.8
251.3643,19,in,33116,-244.8
251.3687,19,in,33120,-253.6
251.3732,19,in,33124,-211.6
251.3791,19,in,33128,-201.4
251.3831,19,in,33132,-171
251.3875,19,in,33136,-197.8
251.3917,19,in,33140,-249.4
251.3965,19,in,33144,-306.4
251.4006,19,in,33148,-425.4
251.4047,19,in,33152,-415.2
251.4094,19,in,33156,-441.4
251.4148,19,in,33160,-469.2
251.4189,19,in,33164,-457.8
251.4232,19,in,33168,-384.4
251.4279,19,in,33172,-282
251.4333,19,in,33176,-256.2
251.4378,19,in,33180,-250.4
251.4423,19,in,33184,-187.6
251.4463,19,in,33188,-294.6
251.4511,19,in,33192,-282
251.4552,19,in,33196,-355.2
251.4594,19,in,33200,-329.2
251.4635,19,in,33204,-321.8
251.4678,19,in,33208,-302.4
251.4721,19,in,33212,-299
251.4761,19,in,33216,-237.4
251.4801,19,in,33220,-182.4
251.4839,19,in,33224,-184
251.4888,19,in,33228,-330
251.4929,19,in,33232,-312.4
251.4973,19,in,33236,-360.4
251.5012,19,in,33240,-335
251.5059,19,in,33244,-263.4
251.5102,19,in,33248,-221.2
251.5154,19,in,33252,-259.8
251.5199,19,in,33256,-353.8
251.5244,19,in,33260,-336.4
251.5286,19,in,33264,-302.6
251.5327,19,in,33268,-333.2
251.5369,19,in,33272,-382
251.5418,19,in,33276,-395.6
251.5458,19,in,33280,-275.4
251.5502,19,in,33284,-316.6
251.5542,19,in,33288,-358
251.5588,19,in,33292,-362.4
251.5628,19,in,33296,-366.6
251.567,19,in,33300,-381.8
251.5716,19,in,33304,-314.6
251.5761,19,in,33308,-352.8
251.5808,19,in,33312,-326.6
251.5851,19,in,33316,-370
251.5888,19,in,33320,-284.6
251.5929,19,in,33324,-214.6
251.5972,19,in,33328,-217.8
251.6016,19,in,33332,-211.8
251.6056,19,in,33336,-215.4
251.6099,19,in,33340,-202.6
251.6146,19,in,33344,-237.8
251.6194,19,in,33348,-284.4
251.6234,19,in,33352,-259.4
251.6274,19,in,33356,-285.8
251.6313,19,in,33360,-315
251.6355,19,in,33364,-343
251.6398,19,in,33368,-401.4
251.6442,19,in,33372,-302.8
251.6487,19,in,33376,-280.6
251.6524,19,in,33380,-285.6
251.6562,19,in,33384,-305.8
251.6604,19,in,33388,-257.2
251.6648,19,in,33392,-274.6
251.6689,19,in,33396,-277.4
251.6729,19,in,33400,-308.4
251.6771,19,in,33404,-395.6
251.6811,19,in,33408,-464.2
251.6861,19,in,33412,-388.4
251.6905,19,in,33416,-379.2
251.6946,19,in,33420,-391.8
251.6995,19,in,33424,-351.4
251.7041,19,in,33428,-336.4
251.7091,19,in,33432,-322.2
251.7138,19,in,33436,-326.4
251.7183,19,in,33440,-306.8
251.723,19,in,33444,-334.8
251.7274,19,in,33448,-315.8
251.7321,19,in,33452,-322.2
251.7374,19,in,33456,-356.6
251.7422,19,in,33460,-506.4
251.7473,19,in,33464,-469.4
251.7522,19,in,33468,-471.6
251.757,19,in,33472,-453.2
251.7614,19,in,33476,-495
251.7658,19,in,33480,-563.2
251.7697,19,in,33484,-511.6
251.7739,19,in,33488,-517.4
251.7777,19,in,33492,-485.2
251.7813,19,in,33496,-477.6
251.7853,19,in,33500,-481.8
251.7898,19,in,33504,-409.8
251.7939,19,in,33508,-397
251.7977,19,in,33512,-453.6
251.8018,19,in,33516,-431.2
251.8059,19,in,33520,-345.4
251.8106,19,in,33524,-265
251.8153,19,in,33528,-235.4
251.8196,19,in,33532,-333
251.8242,19,in,33536,-271.8
251.8288,19,in,33540,-357.2
251.8337,19,in,33544,-354
251.8386,19,in,33548,-330.4
251.8444,19,in,33552,-323.2
251.8489,19,in,33556,-421.4
251.8538,19,in,33560,-429.2
251.8588,19,in,33564,-513.8
251.8636,19,in,33568,-530
251.8687,19,in,33572,-363
251.8729,19,in,33576,-288.2
251.8783,19,in,33580,-330.4
251.8829,19,in,33584,-350.8
251.8874,19,in,33588,-395.8
251.8921,19,in,33592,-444.2
251.8975,19,in,33596,-401.6
251.9028,19,in,33600,-412.6
251.9076,19,in,33604,-355.4
251.9132,19,in,33608,-343.8
251.9182,19,in,33612,-315.6
251.9228,19,in,33616,-364.2
251.9274,19,in,33620,-491.4
251.9329,19,in,33624,-562.4
251.9379,19,in,33628,-540.6
251.9423,19,in,33632,-542.4
251.9462,19,in,33636,-506.6
251.9513,19,in,33640,-537.2
251.9554,19,in,33644,-521.4
251.9596,19,in,33648,-488.4
251.9641,19,in,33652,-500.8
251.9693,19,in,33656,-380.4
251.9733,19,in,33660,-376.4
251.9775,19,in,33664,-519.2
251.9818,19,in,33668,-483
251.9866,19,in,33672,-483.8
251.9911,19,in,33676,-462.4
251.9957,19,in,33680,-453.4
252.0001,19,in,33684,-458.8
252.0051,19,in,33688,-532.2
252.0095,19,in,33692,-432.8
252.0137,19,in,33696,-458.6
252.018,19,in,33700,-563.8
252.0229,19,in,33704,-494.2
252.027,19,in,33708,-577.2
252.0313,19,in,33712,-556.4
252.0354,19,in,33716,-588.2
252.04,19,in,33720,-604.8
252.0443,19,in,33724,-556.4
252.0491,19,in,33728,-544.8
252.0532,19,in,33732,-492
252.0578,19,in,33736,-526.8
252.0622,19,in,33740,-476
252.0664,19,in,33744,-572.4
252.0706,19,in,33748,-458.4
252.0761,19,in,33752,-386.2
252.0809,19,in,33756,-524.6
252.0858,19,in,33760,-549.4
252.0905,19,in,33764,-519.8
252.0951,19,in,33768,-512.6
252.0998,19,in,33772,-502
252.1053,19,in,33776,-526.6
252.1105,19,in,33780,-555.2
252.115,19,in,33784,-488.8
252.1201,19,in,33788,-597.6
252.1252,19,in,33792,-491.6
252.1303,19,in,33796,-306.2
252.135,19,in,33800,-349.4
252.1403,19,in,33804,-382.2
252.145,19,in,33808,-354.2
252.1496,19,in,33812,-361.4
252.1543,19,in,33816,-430.2
252.1586,19,in,33820,-440.2
252.1633,19,in,33824,-443.4
252.1673,19,in,33828,-460.8
252.1723,19,in,33832,-411.4
252.1768,19,in,33836,-431.4
252.1812,19,in,33840,-435.8
252.1858,19,in,33844,-466.6
252.1907,19,in,33848,-438.8
252.1955,19,in,33852,-446.4
252.2009,19,in,33856,-496.4
252.2054,19,in,33860,-521.8
252.2112,19,in,33864,-349.2
252.2158,19,in,33868,-423
252.2206,19,in,33872,-419
252.2263,19,in,33876,-399
252.231,19,in,33880,-364.2
252.2367,19,in,33884,-457.4
252.2409,19,in,33888,-332.6
252.2456,19,in,33892,-359.4
252.2506,19,in,33896,-341.6
252.2548,19,in,33900,-328.2
252.2596,19,in,33904,-412.8
252.2642,19,in,33908,-457.8
252.2693,19,in,33912,-410.4
252.274,19,in,33916,-501.6
252.2787,19,in,33920,-376.4
252.2832,19,in,33924,-432
252.2887,19,in,33928,-424
252.2928,19,in,33932,-366
252.2967,19,in,33936,-494.4
252.3011,19,in,33940,-463.6
252.3061,19,in,33944,-462
252.31,19,in,33948,-410.6
252.3145,19,in,33952,-447.4
252.3186,19,in,33956,-400.4
252.3232,19,in,33960,-313.6
252.3275,19,in,33964,-398.8
252.3323,19,in,33968,-330.2
252.3369,19,in,33972,-361.8
252.3411,19,in,33976,-361.6
252.3458,19,in,33980,-405.6
252.3508,19,in,33984,-380.2
252.3556,19,in,33988,-446.6
252.3606,19,in,33992,-407
252.3652,19,in,33996,-376.4
252.3701,19,in,34000,-395.2
252.3753,19,in,34004,-385
252.3805,19,in,34008,-337.6
252.3848,19,in,34012,-412.8
252.39,19,in,34016,-391.4
252.3949,19,in,34020,-379.8
252.4001,19,in,34024,-422.8
252.405,19,in,34028,-347.8
252.4104,19,in,34032,-350
252.4147,19,in,34036,-371.4
252.4192,19,in,34040,-358.4
252.4239,19,in,34044,-376.8
252.4282,19,in,34048,-434
252.433,19,in,34052,-392
252.4381,19,in,34056,-378.6
252.4426,19,in,34060,-359.4
252.4476,19,in,34064,-388.6
252.4529,19,in,34068,-377
252.4585,19,in,34072,-402
252.464,19,in,34076,-442.4
252.4689,19,in,34080,-503.2
252.4738,19,in,34084,-466.2
252.4798,19,in,34088,-459.2
252.4851,19,in,34092,-491.4
252.4903,19,in,34096,-461.4
252.4955,19,in,34100,-456.6
252.5005,19,in,34104,-509.2
252.5049,19,in,34108,-546
252.5096,19,in,34112,-455.2
252.5141,19,in,34116,-422.8
252.5187,19,in,34120,-467.2
252.5235,19,in,34124,-505
252.5283,19,in,34128,-476
252.5323,19,in,34132,-492.8
252.5364,19,in,34136,-440.8
252.5406,19,in,34140,-438
252.5445,19,in,34144,-433.4
252.549,19,in,34148,-492.8
252.5534,19,in,34152,-428.6
252.5579,19,in,34156,-406.2
252.562,19,in,34160,-478.6
252.5661,19,in,34164,-489.4
252.5702,19,in,34168,-446.4
252.5758,19,in,34172,-421.4
252.5798,19,in,34176,-486.6
252.5837,19,in,34180,-511
252.5875,19,in,34184,-466.2
252.5917,19,in,34188,-528.8
252.5964,19,in,34192,-559.2
252.6004,19,in,34196,-515.4
252.6044,19,in,34200,-500.8
252.6095,19,in,34204,-432
252.6136,19,in,34208,-471
252.6182,19,in,34212,-414
252.6222,19,in,34216,-357.8
252.6267,19,in,34220,-496
252.6309,19,in,34224,-445.8
252.6351,19,in,34228,-587.8
252.639,19,in,34232,-640.4
252.6436,19,in,34236,-608
252.6481,19,in,34240,-597.4
252.6522,19,in,34244,-612.2
252.6564,19,in,34248,-563.8
252.6608,19,in,34252,-511
252.6652,19,in,34256,-636.6
252.6693,19,in,34260,-529.6
252.6735,19,in,34264,-590.2
252.6778,19,in,34268,-517.6
252.6819,19,in,34272,-459.8
252.686,19,in,34276,-491.6
252.6902,19,in,34280,-524.2
252.6944,19,in,34284,-510.6
252.6988,19,in,34288,-453.2
252.7035,19,in,34292,-482.2
252.7084,19,in,34296,-458.4
252.7132,19,in,34300,-479.6
252.7183,19,in,34304,-485.8
252.7228,19,in,34308,-487.8
252.7277,19,in,34312,-488
252.7321,19,in,34316,-546.2
252.7368,19,in,34320,-549.6
252.7412,19,in,34324,-480.2
252.7462,19,in,34328,-499.2
252.751,19,in,34332,-570.4
252.7555,19,in,34336,-542.2
252.7591,19,in,34340,-505.4
252.7628,19,in,34344,-559.8
252.7663,19,in,34348,-515.6
252.7704,19,in,34352,-502.2
252.7744,19,in,34356,-769.4
252.7783,19,in,34360,-743.4
252.7825,19,in,34364,-570.8
252.787,19,in,34368,-531.2
252.7911,19,in,34372,-709.6
252.7955,19,in,34376,-727.8
252.7998,19,in,34380,-756.8
252.8043,19,in,34384,-703
252.8084,19,in,34388,-567
252.8121,19,in,34392,-613.2
252.8161,19,in,34396,-632.2
252.8203,19,in,34400,-601.4
252.8252,19,in,34404,-694.2
252.83,19,in,34408,-617.2
252.8344,19,in,34412,-742.4
252.839,19,in,34416,-712.6
252.8441,19,in,34420,-699.4
252.8485,19,in,34424,-735.8
252.8533,19,in,34428,-598.2
252.8582,19,in,34432,-583.6
252.863,19,in,34436,-567
252.868,19,in,34440,-552.4
252.8728,19,in,34444,-514.2
252.8782,19,in,34448,-588.6
252.8826,19,in,34452,-580.2
252.8872,19,in,34456,-583.6
252.8923,19,in,34460,-617.4
252.8969,19,in,34464,-616.2
252.9018,19,in,34468,-626.6
252.9068,19,in,34472,-558
252.9114,19,in,34476,-587.2
252.9163,19,in,34480,-637.4
252.9203,19,in,34484,-567.4
252.9246,19,in,34488,-571.8
252.9286,19,in,34492,-540.8
252.9335,19,in,34496,-525
252.9374,19,in,34500,-551.4
252.9414,19,in,34504,-552.2
252.9456,19,in,34508,-594.4
252.9506,19,in,34512,-585.6
252.9551,19,in,34516,-553.4
252.9596,19,in,34520,-643.6
252.9638,19,in,34524,-630
252.9684,19,in,34528,-649.6
252.9725,19,in,34532,-577
252.9769,19,in,34536,-582.6
252.9814,19,in,34540,-573.2
252.9871,19,in,34544,-565
252.9915,19,in,34548,-533.2
252.9961,19,in,34552,-615
253.0001,19,in,34556,-620.2
253.0052,19,in,34560,-571
253.0094,19,in,34564,-607.2
253.0134,19,in,34568,-549
253.0178,19,in,34572,-703.2
253.0225,19,in,34576,-713.2
253.0268,19,in,34580,-604
253.0313,19,in,34584,-672.2
253.0358,19,in,34588,-645.8
253.0404,19,in,34592,-648.8
253.0447,19,in,34596,-685.8
253.0497,19,in,34600,-626
253.0538,19,in,34604,-687.6
253.0583,19,in,34608,-632.6
253.0628,19,in,34612,-664.8
253.0668,19,in,34616,-589.8
253.0709,19,in,34620,-631.6
253.0761,19,in,34624,-600.6
253.0804,19,in,34628,-607.8
253.0845,19,in,34632,-604.8
253.0886,19,in,34636,-579.2
253.0936,19,in,34640,-552.8
253.0978,19,in,34644,-675.6
253.102,19,in,34648,-676.8
253.1063,19,in,34652,-722.6
253.1119,19,in,34656,-622.8
253.1161,19,in,34660,-629
253.1202,19,in,34664,-613.2
253.1244,19,in,34668,-593.2
253.1288,19,in,34672,-699
253.1329,19,in,34676,-639.4
253.1373,19,in,34680,-686.8
253.1418,19,in,34684,-556
253.1467,19,in,34688,-599
253.151,19,in,34692,-657.2
253.1552,19,in,34696,-565
253.1602,19,in,34700,-594
253.1648,19,in,34704,-600.8
253.1691,19,in,34708,-683.6
253.1737,19,in,34712,-629.8
253.1783,19,in,34716,-624
253.1826,19,in,34720,-637.2
253.1872,19,in,34724,-632.6
253.1917,19,in,34728,-649.4
253.1963,19,in,34732,-566.6
253.2022,19,in,34736,-553.6
253.2069,19,in,34740,-587.2
253.2119,19,in,34744,-657.4
253.2167,19,in,34748,-664
253.2213,19,in,34752,-630.6
253.2252,19,in,34756,-663.6
253.2294,19,in,34760,-719.6
253.2338,19,in,34764,-738.4
253.2379,19,in,34768,-689.2
253.2418,19,in,34772,-688.2
253.246,19,in,34776,-676.2
253.25,19,in,34780,-681.6
253.255,19,in,34784,-678.6
253.2595,19,in,34788,-559.4
253.2641,19,in,34792,-559.8
253.2686,19,in,34796,-603
253.2736,19,in,34800,-578.8
253.2784,19,in,34804,-668
253.2832,19,in,34808,-590
253.2883,19,in,34812,-630.2
253.293,19,in,34816,-671.8
253.2983,19,in,34820,-735.6
253.3027,19,in,34824,-701.8
253.307,19,in,34828,-675.8
253.3116,19,in,34832,-713.8
253.3169,19,in,34836,-686.8
253.3207,19,in,34840,-630
253.3254,19,in,34844,-688.8
253.3299,19,in,34848,-633.2
253.3341,19,in,34852,-698
253.3385,19,in,34856,-743.6
253.3435,19,in,34860,-658.2
253.348,19,in,34864,-711.8
253.3523,19,in,34868,-717.4
253.3564,19,in,34872,-663.6
253.3613,19,in,34876,-634.8
253.3659,19,in,34880,-643.2
253.37,19,in,34884,-585.2
253.3742,19,in,34888,-642.8
253.3795,19,in,34892,-656.2
253.384,19,in,34896,-700.8
253.3882,19,in,34900,-629.2
253.3928,19,in,34904,-593.2
253.3974,19,in,34908,-614
253.4015,19,in,34912,-662.4
253.4058,19,in,34916,-586.4
253.41,19,in,34920,-614.4
253.4152,19,in,34924,-615.4
253.4193,19,in,34928,-651.8
253.4237,19,in,34932,-615
253.4283,19,in,34936,-628
253.4338,19,in,34940,-643
253.438,19,in,34944,-691
253.4425,19,in,34948,-706.2
253.4466,19,in,34952,-637.8
253.4516,19,in,34956,-643.2
253.4561,19,in,34960,-623.2
253.4603,19,in,34964,-717.6
253.4644,19,in,34968,-717.2
253.4695,19,in,34972,-704.2
253.4741,19,in,34976,-713.6
253.4782,19,in,34980,-712.2
253.4823,19,in,34984,-659.4
253.4873,19,in,34988,-737
253.4914,19,in,34992,-844
253.4955,19,in,34996,-817
253.4996,19,in,35000,-725.8
253.5038,19,in,35004,-698.4
253.508,19,in,35008,-715.6
253.5124,19,in,35012,-708.2
253.5168,19,in,35016,-706.6
253.5211,19,in,35020,-673.6
253.5252,19,in,35024,-653
253.5293,19,in,35028,-719.4
253.534,19,in,35032,-731
253.5387,19,in,35036,-728.6
253.5431,19,in,35040,-735.6
253.5474,19,in,35044,-803.2
253.5519,19,in,35048,-800.6
253.5559,19,in,35052,-749.4
253.56,19,in,35056,-751.8
253.5649,19,in,35060,-774
253.5692,19,in,35064,-738.8
253.5729,19,in,35068,-688.8
253.5766,19,in,35072,-689.6
253.5805,19,in,35076,-847.6
253.5846,19,in,35080,-856.8
253.5887,19,in,35084,-822.4
253.5941,19,in,35088,-822.8
253.5979,19,in,35092,-774.2
253.6019,19,in,35096,-823.4
253.6064,19,in,35100,-836
253.6114,19,in,35104,-828.6
253.616,19,in,35108,-805
253.6202,19,in,35112,-823.4
253.6245,19,in,35116,-810.8
253.6298,19,in,35120,-801.4
253.6341,19,in,35124,-836.2
253.6386,19,in,35128,-813
253.6427,19,in,35132,-809.4
253.6472,19,in,35136,-797.8
253.6513,19,in,35140,-718.6
253.6556,19,in,35144,-784
253.6596,19,in,35148,-772
253.664,19,in,35152,-798.6
253.6683,19,in,35156,-856.8
253.6726,19,in,35160,-780.6
253.6766,19,in,35164,-839.4
253.6806,19,in,35168,-765.4
253.6847,19,in,35172,-768
253.6884,19,in,35176,-787.6
253.6925,19,in,35180,-767.6
253.697,19,in,35184,-769.2
253.7021,19,in,35188,-822
253.707,19,in,35192,-842.8
253.7127,19,in,35196,-830
253.7182,19,in,35200,-881.4
253.723,19,in,35204,-927.6
253.7285,19,in,35208,-865.2
253.7345,19,in,35212,-860.8
253.7392,19,in,35216,-825.8
253.7434,19,in,35220,-824.6
253.748,19,in,35224,-792.4
253.7524,19,in,35228,-789.2
253.7565,19,in,35232,-888
253.7605,19,in,35236,-864.2
253.7644,19,in,35240,-855.6
253.7687,19,in,35244,-835.4
253.7738,19,in,35248,-826.2
253.779,19,in,35252,-828.8
253.7841,19,in,35256,-900
253.7883,19,in,35260,-854.4
253.7928,19,in,35264,-864.8
253.7974,19,in,35268,-872
253.8018,19,in,35272,-918.6
253.8059,19,in,35276,-868.6
253.8101,19,in,35280,-855.2
253.8144,19,in,35284,-808
253.8186,19,in,35288,-802
253.8234,19,in,35292,-823.2
253.828,19,in,35296,-845.4
253.8334,19,in,35300,-819.2
253.8386,19,in,35304,-771
253.8435,19,in,35308,-766.6
253.8486,19,in,35312,-745.4
253.8536,19,in,35316,-838
253.8583,19,in,35320,-816.2
253.8628,19,in,35324,-869.2
253.8679,19,in,35328,-814.2
253.8728,19,in,35332,-806.4
253.8774,19,in,35336,-946.6
253.8823,19,in,35340,-869.8
253.8867,19,in,35344,-872.8
253.8914,19,in,35348,-915.8
253.8963,19,in,35352,-880.8
253.901,19,in,35356,-897.2
253.9055,19,in,35360,-914.2
253.9104,19,in,35364,-877.4
253.9157,19,in,35368,-880.2
253.9203,19,in,35372,-909.2
253.9249,19,in,35376,-845
253.9293,19,in,35380,-842.2
253.9342,19,in,35384,-885
253.9384,19,in,35388,-911.6
253.9431,19,in,35392,-868.4
253.9479,19,in,35396,-853.2
253.9523,19,in,35400,-872
253.9567,19,in,35404,-859.4
253.9612,19,in,35408,-832.2
253.9662,19,in,35412,-812.4
253.971,19,in,35416,-803.4
253.9755,19,in,35420,-803.2
253.9809,19,in,35424,-800.6
253.9862,19,in,35428,-832.2
253.9911,19,in,35432,-854.4
253.9958,19,in,35436,-828.4
254.0004,19,in,35440,-794.6
254.0052,19,in,35444,-783.4
254.0104,19,in,35448,-840.4
254.0152,19,in,35452,-853.4
254.0206,19,in,35456,-903.2
254.0249,19,in,35460,-867
254.0299,19,in,35464,-838
254.0345,19,in,35468,-885
254.0391,19,in,35472,-843.8
254.0442,19,in,35476,-897.6
254.0494,19,in,35480,-882.2
254.0539,19,in,35484,-870
254.0593,19,in,35488,-833.2
254.0639,19,in,35492,-839.4
254.0687,19,in,35496,-918.4
254.0739,19,in,35500,-907.4
254.0784,19,in,35504,-924.4
254.0829,19,in,35508,-922.2
254.0874,19,in,35512,-911.4
254.0919,19,in,35516,-930.2
254.0965,19,in,35520,-871.8
254.1008,19,in,35524,-876.6
254.105,19,in,35528,-830.2
254.1093,19,in,35532,-909.2
254.1139,19,in,35536,-885.4
254.1178,19,in,35540,-858
254.1218,19,in,35544,-847
254.1258,19,in,35548,-859.8
254.1309,19,in,35552,-972.2
254.1348,19,in,35556,-962.6
254.139,19,in,35560,-921.6
254.1434,19,in,35564,-848.2
254.1478,19,in,35568,-917.6
254.1518,19,in,35572,-899.4
254.1559,19,in,35576,-871.6
254.1601,19,in,35580,-831.6
254.165,19,in,35584,-849.6
254.1692,19,in,35588,-924.6
254.174,19,in,35592,-830.2
254.1783,19,in,35596,-882
254.1825,19,in,35600,-899
254.1866,19,in,35604,-913.2
254.191,19,in,35608,-896.6
254.1955,19,in,35612,-924.6
254.2002,19,in,35616,-860.8
254.2041,19,in,35620,-908
254.2092,19,in,35624,-899
254.2135,19,in,35628,-911.4
254.2183,19,in,35632,-996
254.2231,19,in,35636,-901.2
254.2276,19,in,35640,-932.4
254.2321,19,in,35644,-937.6
254.2373,19,in,35648,-947.2
254.2414,19,in,35652,-935.4
254.2456,19,in,35656,-970.6
254.2496,19,in,35660,-921.4
254.2548,19,in,35664,-971.6
254.2591,19,in,35668,-961
254.2635,19,in,35672,-973.4
254.2676,19,in,35676,-993
254.272,19,in,35680,-983
254.2759,19,in,35684,-998
254.2802,19,in,35688,-961.8
254.2843,19,in,35692,-991.8
254.2889,19,in,35696,-977.2
254.2931,19,in,35700,-980.2
254.2973,19,in,35704,-974
254.3019,19,in,35708,-1014.6
254.307,19,out,35704,-952.6
254.3114,19,out,35700,-887.4
254.3155,19,out,35696,-929
254.3198,19,out,35692,-848.6
254.3245,19,out,35688,-899
254.3293,19,out,35684,-960.4
254.3342,19,out,35680,-925
254.3381,19,out,35676,-929.6
254.3428,19,out,35672,-951.4
254.3473,19,out,35668,-916.2
254.3516,19,out,35664,-936.4
254.3557,19,out,35660,-847.2
254.3599,19,out,35656,-776.2
254.3644,19,out,35652,-742.6
254.3685,19,out,35648,-771.6
254.3728,19,out,35644,-801.4
254.3768,19,out,35640,-808.2
254.3817,19,out,35636,-789.4
254.3859,19,out,35632,-802.6
254.3903,19,out,35628,-765.8
254.3951,19,out,35624,-795.2
254.4002,19,out,35620,-809.8
254.4044,19,out,35616,-772
254.409,19,out,35612,-779
254.4134,19,out,35608,-834.6
254.4182,19,out,35604,-800
254.4221,19,out,35600,-803
254.4268,19,out,35596,-815.6
254.4312,19,out,35592,-860.8
254.4355,19,out,35588,-828.8
254.4396,19,out,35584,-835.8
254.444,19,out,35580,-779.4
254.4484,19,out,35576,-826.8
254.4534,19,out,35572,-803.4
254.4578,19,out,35568,-782.2
254.4619,19,out,35564,-807.2
254.4654,19,out,35560,-773.8
254.4697,19,out,35556,-795
254.4742,19,out,35552,-813.6
254.4786,19,out,35548,-762.2
254.4834,19,out,35544,-828.2
254.4881,19,out,35540,-802
254.4925,19,out,35536,-833.4
254.4971,19,out,35532,-801.4
254.5009,19,out,35528,-849.2
254.5051,19,out,35524,-788
254.51,19,out,35520,-840.4
254.5146,19,out,35516,-785.6
254.5194,19,out,35512,-811.2
254.5244,19,out,35508,-841.4
254.5288,19,out,35504,-782.8
254.5334,19,out,35500,-830.2
254.5383,19,out,35496,-971
254.5429,19,out,35492,-939.8
254.5477,19,out,35488,-947.6
254.5522,19,out,35484,-993.2
254.5568,19,out,35480,-928
254.5614,19,out,35476,-965.6
254.5659,19,out,35472,-976.2
254.5712,19,out,35468,-949.6
254.5765,19,out,35464,-940.2
254.5813,19,out,35460,-1015.4
254.5864,19,out,35456,-981.4
254.5911,19,out,35452,-998.2
254.5954,19,out,35448,-976.6
254.6,19,out,35444,-969.8
254.6046,19,out,35440,-995.4
254.6092,19,out,35436,-935.4
254.6137,19,out,35432,-967.2
254.6182,19,out,35428,-992.8
254.6225,19,out,35424,-990.8
254.6277,19,out,35420,-951.4
254.6322,19,out,35416,-921.4
254.6366,19,out,35412,-931.2
254.6415,19,out,35408,-967
254.6465,19,out,35404,-984.2
254.6513,19,out,35400,-982.8
254.6564,19,out,35396,-983.6
254.6608,19,out,35392,-950.2
254.6651,19,out,35388,-974
254.6698,19,out,35384,-989.8
254.6742,19,out,35380,-1022.8
254.6792,19,out,35376,-967.6
254.6837,19,out,35372,-984.6
254.6873,19,out,35368,-945
254.691,19,out,35364,-928
254.6951,19,out,35360,-968.6
254.699,19,out,35356,-963.4
254.7031,19,out,35352,-985.6
254.7068,19,out,35348,-977
254.7104,19,out,35344,-956.4
254.7141,19,out,35340,-998
254.719,19,out,35336,-1004.2
254.7234,19,out,35332,-934.4
254.728,19,out,35328,-954.2
254.7326,19,out,35324,-955.4
254.7376,19,out,35320,-942.2
254.7419,19,out,35316,-927.8
254.7466,19,out,35312,-920.2
254.7511,19,out,35308,-993.2
254.7552,19,out,35304,-951.2
254.7588,19,out,35300,-967.8
254.7625,19,out,35296,-975.4
254.7667,19,out,35292,-1015.2
254.7712,19,out,35288,-945.2
254.775,19,out,35284,-962.4
254.7789,19,out,35280,-990
254.7826,19,out,35276,-983.8
254.7868,19,out,35272,-926
254.7919,19,out,35268,-932.8
254.7959,19,out,35264,-994.4
254.8001,19,out,35260,-997
254.8043,19,out,35256,-1003.6
254.8082,19,out,35252,-986
254.8123,19,out,35248,-982.6
254.8161,19,out,35244,-957.2
254.8197,19,out,35240,-1003.2
254.8236,19,out,35236,-990.4
254.8278,19,out,35232,-962
254.8322,19,out,35228,-1004.2
254.8368,19,out,35224,-1037
254.8409,19,out,35220,-1013
254.8454,19,out,35216,-788.6
254.85,19,out,35212,-847.8
254.8541,19,out,35208,-849.4
254.8584,19,out,35204,-835.8
254.8634,19,out,35200,-831
254.8677,19,out,35196,-869.4
254.8722,19,out,35192,-799
254.8763,19,out,35188,-743.8
254.8814,19,out,35184,-806.6
254.8859,19,out,35180,-847.4
254.8899,19,out,35176,-820.6
254.8941,19,out,35172,-828
254.8987,19,out,35168,-797
254.9029,19,out,35164,-855.2
254.9072,19,out,35160,-769.6
254.912,19,out,35156,-799.2
254.9168,19,out,35152,-841
254.921,19,out,35148,-773.4
254.9252,19,out,35144,-821
254.9295,19,out,35140,-849.4
254.9338,19,out,35136,-800.4
254.9382,19,out,35132,-796.2
254.9424,19,out,35128,-841.4
254.9464,19,out,35124,-822.4
254.9506,19,out,35120,-850
254.955,19,out,35116,-838.8
254.9595,19,out,35112,-822.8
254.9634,19,out,35108,-1000
254.9673,19,out2,35058,-1003.8
254.9716,19,out2,35008,-971.4
254.9757,19,out2,34958,-876.6
254.9796,19,out2,34908,-947.8
254.9838,19,out2,34858,-890
254.9885,19,out2,34808,-890.2
254.9928,19,out2,34758,-945.6
254.997,19,out2,34708,-993.2
255.0015,19,out2,34658,-946.6
255.0065,19,out2,34608,-904.6
255.011,19,out2,34558,-930.8
255.0154,19,out2,34508,-940.6
255.0196,19,out2,34458,-1029.6
255.0236,19,out2,34408,-946.4
255.0278,19,out2,34358,-918.4
255.0323,19,out2,34308,-968.6
255.0365,19,out2,34258,-910.6
255.0412,19,out2,34208,-955
255.0458,19,out2,34158,-967
255.05,19,out2,34108,-992.4
255.0545,19,out2,34058,-901.6
255.0584,19,out2,34008,-906.6
255.0623,19,out2,33958,-919.4
255.0659,19,out2,33908,-904.4
255.0696,19,out2,33858,-915.4
255.0738,19,out2,33808,-874.8
255.0784,19,out2,33758,-879
255.0832,19,out2,33708,-971.4
255.0878,19,out2,33658,-964.4
255.0921,19,out2,33608,-941.6
255.0975,19,out2,33558,-868
255.1023,19,out2,33508,-832.6
255.1061,19,out2,33458,-911.4
255.1105,19,out2,33408,-854.4
255.1155,19,out2,33358,-855.2
255.1198,19,out2,33308,-847.8
255.124,19,out2,33258,-803.8
255.1285,19,out2,33208,-672.4
255.1339,19,out2,33158,-717.2
255.1383,19,out2,33108,-716.2
255.1426,19,out2,33058,-685.4
255.1474,19,out2,33008,-831.2
255.1524,19,out2,32958,-689.4
255.1565,19,out2,32908,-824.2
255.1605,19,out2,32858,-775
255.1648,19,out2,32808,-712
255.1702,19,out2,32758,-953.8
255.1745,19,out2,32708,-870.2
255.1792,19,out2,32658,-781
255.1829,19,out2,32608,-720.2
255.1868,19,out2,32558,-878
255.191,19,out2,32508,-722
255.1951,19,out2,32458,-794.8
255.1994,19,out2,32408,-394.4
255.2037,19,out2,32358,-433
255.2089,19,out2,32308,-460.4
255.213,19,out2,32258,-408.4
255.2174,19,out2,32208,-374.8
255.2215,19,out2,32158,-327.4
255.2261,19,out2,32108,-332
255.2306,19,out2,32058,-272.2
255.235,19,out2,32008,-308
255.2392,19,out2,31958,-362.6
255.2442,19,out2,31908,-319.2
255.2487,19,out2,31858,-206
255.2535,19,out2,31808,-185
255.2582,19,out2,31758,-208
255.2633,19,out2,31708,-106.6
255.268,20,in,31708,-121.6
255.2729,20,in,31712,-133.2
255.2785,20,in,31716,-70.8
255.2831,20,in,31720,-46.8
255.2882,20,in,31724,-110.8
255.2924,20,in,31728,-40.6
255.2968,20,in,31732,-62.2
255.3012,20,in,31736,-97.2
255.306,20,in,31740,-87
255.3106,20,in,31744,-105.6
255.3155,20,in,31748,-99
255.3203,20,in,31752,-56.2
255.3254,20,in,31756,-70.8
255.3312,20,in,31760,-35.2
255.3356,20,in,31764,-62.4
255.34,20,in,31768,-69
255.3445,20,in,31772,-126
255.3504,20,in,31776,-92.4
255.3553,20,in,31780,-39.4
255.3604,20,in,31784,-61.8
255.3654,20,in,31788,-111
255.3707,20,in,31792,-68.2
255.3761,20,in,31796,-113.4
255.3806,20,in,31800,-88.2
255.3853,20,in,31804,-96.6
255.3898,20,in,31808,-105.2
255.3942,20,in,31812,-51.2
255.3989,20,in,31816,-134.8
255.4037,20,in,31820,-64
255.4088,20,in,31824,-62.4
255.4135,20,in,31828,-99.6
255.4176,20,in,31832,-54.4
255.4229,20,in,31836,-42.6
255.4273,20,in,31840,-35.4
255.4316,20,in,31844,-91
255.4359,20,in,31848,-77.8
255.4406,20,in,31852,-69
255.4448,20,in,31856,-18
255.4491,20,in,31860,-68.4
255.4533,20,in,31864,-79.6
255.4587,20,in,31868,-67.8
255.4628,20,in,31872,-125
255.4672,20,in,31876,-101
255.472,20,in,31880,-112.2
255.4763,20,in,31884,-23.6
255.4803,20,in,31888,-51.4
255.4846,20,in,31892,-59.4
255.489,20,in,31896,-60.8
255.494,20,in,31900,-58.4
255.4981,20,in,31904,-41.4
255.5023,20,in,31908,-83
255.5062,20,in,31912,-51.6
255.5112,20,in,31916,-54.2
255.5156,20,in,31920,-69
255.52,20,in,31924,-94.8
255.5246,20,in,31928,-75
255.5288,20,in,31932,-36
255.533,20,in,31936,-128.8
255.5375,20,in,31940,-101.4
255.5418,20,in,31944,-85
255.5457,20,in,31948,-55.2
255.5501,20,in,31952,-105
255.5542,20,in,31956,-103.8
255.5588,20,in,31960,-60.4
255.5632,20,in,31964,-102
255.5675,20,in,31968,-77.8
255.5713,20,in,31972,-78
255.5757,20,in,31976,-89.4
255.5803,20,in,31980,-39
255.5844,20,in,31984,-120.4
255.5885,20,in,31988,-83.8
255.5926,20,in,31992,-80.8
255.5969,20,in,31996,-117
255.6015,20,in,32000,-49.2
255.6058,20,in,32004,-34.2
255.6103,20,in,32008,-39.4
255.6147,20,in,32012,-118.8
255.619,20,in,32016,-60.6
255.6232,20,in,32020,-73.8
255.6278,20,in,32024,-41.2
255.6319,20,in,32028,-99.4
255.6374,20,in,32032,-48.8
255.6413,20,in,32036,-42.2
255.6457,20,in,32040,-104.6
255.6502,20,in,32044,-91.2
255.655,20,in,32048,-92.6
255.6605,20,in,32052,-70.6
255.6653,20,in,32056,-110.6
255.6705,20,in,32060,-96.8
255.6756,20,in,32064,-126
255.6809,20,in,32068,-97.8
255.6857,20,in,32072,-73.6
255.69,20,in,32076,-76.8
255.694,20,in,32080,-105
255.6983,20,in,32084,-127
255.7035,20,in,32088,-77.8
255.7086,20,in,32092,-90
255.7131,20,in,32096,-75.8
255.7179,20,in,32100,-123
255.7234,20,in,32104,-69
255.728,20,in,32108,-93.8
255.7326,20,in,32112,-68.2
255.7376,20,in,32116,-104.2
255.7423,20,in,32120,-83.8
255.7473,20,in,32124,-160
255.7519,20,in,32128,-158.4
255.756,20,in,32132,-120.2
255.7603,20,in,32136,-55.2
255.7648,20,in,32140,-151.6
255.769,20,in,32144,-106.4
255.7735,20,in,32148,-84.2
255.7785,20,in,32152,-67.2
255.7837,20,in,32156,-123
255.7888,20,in,32160,-91.2
255.7937,20,in,32164,-73.2
255.7983,20,in,32168,-95.6
255.8029,20,in,32172,-114
255.8072,20,in,32176,-68
255.8113,20,in,32180,-113.6
255.8161,20,in,32184,-100.6
255.8204,20,in,32188,-119
255.825,20,in,32192,-107.4
255.8303,20,in,32196,-76.6
255.8352,20,in,32200,-98.2
255.8401,20,in,32204,-78.2
255.8448,20,in,32208,-80.4
255.8495,20,in,32212,-72.6
255.8539,20,in,32216,-126.4
255.8586,20,in,32220,-132.4
255.8632,20,in,32224,-102.6
255.8682,20,in,32228,-88.6
255.8729,20,in,32232,-92
255.8773,20,in,32236,-59.6
255.8818,20,in,32240,-61
255.8866,20,in,32244,-78
255.8918,20,in,32248,-112.2
255.8968,20,in,32252,-110.2
255.9017,20,in,32256,-83.2
255.9064,20,in,32260,-94.8
255.9111,20,in,32264,-67.6
255.9157,20,in,32268,-113.6
255.9205,20,in,32272,-130.6
255.9252,20,in,32276,-94.8
255.93,20,in,32280,-103.6
255.9349,20,in,32284,-136.4
255.9394,20,in,32288,-88.2
255.9443,20,in,32292,-76.6
255.9498,20,in,32296,-99.4
255.9544,20,in,32300,-97.6
255.9597,20,in,32304,-80.4
255.9642,20,in,32308,-106
255.9685,20,in,32312,-100.2
255.9737,20,in,32316,-115.4
255.9787,20,in,32320,-129.2
255.9831,20,in,32324,-97.4
255.9879,20,in,32328,-93.6
255.9927,20,in,32332,-94.2
255.9972,20,in,32336,-92.8
256.0023,20,in,32340,-140.6
256.0069,20,in,32344,-109.8
256.012,20,in,32348,-119.8
256.0169,20,in,32352,-90
256.0216,20,in,32356,-112.8
256.0267,20,in,32360,-124.4
256.0317,20,in,32364,-102.4
256.0363,20,in,32368,-129.4
256.0414,20,in,32372,-105.8
256.0461,20,in,32376,-96.2
256.0507,20,in,32380,-103.4
256.055,20,in,32384,-88.6
256.0595,20,in,32388,-109.6
256.0645,20,in,32392,-150.8
256.0691,20,in,32396,-98.2
256.0735,20,in,32400,-90.2
256.0778,20,in,32404,-71
256.0823,20,in,32408,-95
256.0866,20,in,32412,-125.6
256.0909,20,in,32416,-88.6
256.0953,20,in,32420,-142.4
256.0998,20,in,32424,-183
256.1039,20,in,32428,-64.2
256.1081,20,in,32432,-73.4
256.1124,20,in,32436,-93.4
256.1172,20,in,32440,-77.8
256.1221,20,in,32444,-102.8
256.1269,20,in,32448,-95.6
256.132,20,in,32452,-115.2
256.1367,20,in,32456,-114
256.1411,20,in,32460,-75
256.146,20,in,32464,-107.8
256.1516,20,in,32468,-128
256.1567,20,in,32472,-116.4
256.161,20,in,32476,-52.6
256.1663,20,in,32480,-83
256.1709,20,in,32484,-116.6
256.1759,20,in,32488,-83.8
256.1806,20,in,32492,-143.4
256.185,20,in,32496,-167.8
256.1899,20,in,32500,-109.2
256.1943,20,in,32504,-86.4
256.1992,20,in,32508,-118
256.2038,20,in,32512,-119.8
256.2091,20,in,32516,-93.6
256.2135,20,in,32520,-127.8
256.2189,20,in,32524,-83
256.2237,20,in,32528,-98.6
256.2286,20,in,32532,-107.2
256.2336,20,in,32536,-150.8
256.2385,20,in,32540,-154
256.2433,20,in,32544,-157.2
256.2478,20,in,32548,-123.6
256.2523,20,in,32552,-146.4
256.257,20,in,32556,-109.4
256.2624,20,in,32560,-135.2
256.2667,20,in,32564,-111.6
256.271,20,in,32568,-121.6
256.2756,20,in,32572,-127.6
256.2814,20,in,32576,-107.8
256.286,20,in,32580,-120.4
256.2904,20,in,32584,-53
256.2951,20,in,32588,-91
256.3,20,in,32592,-117
256.3048,20,in,32596,-92.2
256.3091,20,in,32600,-104.8
256.3135,20,in,32604,-115.8
256.3184,20,in,32608,-75.2
256.3226,20,in,32612,-70.6
256.3276,20,in,32616,-109.8
256.3322,20,in,32620,-108.6
256.3364,20,in,32624,-91
256.3412,20,in,32628,-109.2
256.3465,20,in,32632,-99
256.3517,20,in,32636,-77.4
256.3564,20,in,32640,-73.8
256.3612,20,in,32644,-113
256.366,20,in,32648,-102.4
256.3709,20,in,32652,-165.4
256.3752,20,in,32656,-179.8
256.3797,20,in,32660,-97
256.3842,20,in,32664,-82
256.3892,20,in,32668,-126.6
256.3945,20,in,32672,-112.6
256.3996,20,in,32676,-125.6
256.4047,20,in,32680,-108.6
256.4095,20,in,32684,-133
256.4142,20,in,32688,-87.8
256.4199,20,in,32692,-98.6
256.4251,20,in,32696,-81.2
256.4297,20,in,32700,-91.8
256.4342,20,in,32704,-162
256.4396,20,in,32708,-102.8
256.444,20,in,32712,-122.4
256.4486,20,in,32716,-100.8
256.4531,20,in,32720,-79.6
256.4593,20,in,32724,-76.2
256.4648,20,in,32728,-120.2
256.4696,20,in,32732,-111.2
256.4745,20,in,32736,-75.2
256.4789,20,in,32740,-114.8
256.4836,20,in,32744,-108.6
256.4885,20,in,32748,-88.2
256.4937,20,in,32752,-74.8
256.4986,20,in,32756,-95.8
256.5031,20,in,32760,-68
256.5078,20,in,32764,-94.2
256.5128,20,in,32768,-93.2
256.5172,20,in,32772,-135.8
256.5217,20,in,32776,-76
256.5269,20,in,32780,-71
256.5315,20,in,32784,-134.6
256.5363,20,in,32788,-76.8
256.5408,20,in,32792,-181
256.5453,20,in,32796,-131.8
256.5502,20,in,32800,-190.8
256.5543,20,in,32804,-132
256.5594,20,in,32808,-131
256.5647,20,in,32812,-149
256.5697,20,in,32816,-117.8
256.5741,20,in,32820,-45
256.5796,20,in,32824,-134.6
256.5843,20,in,32828,-103.4
256.5898,20,in,32832,-97.6
256.5943,20,in,32836,-110.4
256.5995,20,in,32840,-91.8
256.6044,20,in,32844,-117
256.6094,20,in,32848,-152.6
256.6138,20,in,32852,-99.2
256.6186,20,in,32856,-177.2
256.6231,20,in,32860,-176
256.6281,20,in,32864,-171.2
256.6329,20,in,32868,-192.4
256.6385,20,in,32872,-178.4
256.6433,20,in,32876,-128.6
256.648,20,in,32880,-151
256.6521,20,in,32884,-185.4
256.6566,20,in,32888,-163
256.6612,20,in,32892,-157.6
256.6655,20,in,32896,-132.4
256.6703,20,in,32900,-131.2
256.6751,20,in,32904,-127.2
256.6796,20,in,32908,-191.2
256.6839,20,in,32912,-125.4
256.6884,20,in,32916,-135.8
256.6931,20,in,32920,-165.4
256.6973,20,in,32924,-127.4
256.7012,20,in,32928,-169
256.7055,20,in,32932,-108.8
256.7095,20,in,32936,-131.2
256.7137,20,in,32940,-151
256.7179,20,in,32944,-183.8
256.7223,20,in,32948,-123
256.7272,20,in,32952,-101.8
256.7318,20,in,32956,-135.6
256.7364,20,in,32960,-112.6
256.7414,20,in,32964,-149.4
256.7458,20,in,32968,-147.2
256.7502,20,in,32972,-119.2
256.7546,20,in,32976,-133.4
256.7589,20,in,32980,-104.4
256.7642,20,in,32984,-122
256.7694,20,in,32988,-142.2
256.7739,20,in,32992,-104.4
256.7789,20,in,32996,-122.8
256.7834,20,in,33000,-143.6
256.7882,20,in,33004,-104.8
256.7926,20,in,33008,-146
256.798,20,in,33012,-135.8
256.8027,20,in,33016,-108.8
256.8072,20,in,33020,-168.8
256.8112,20,in,33024,-151.4
256.8158,20,in,33028,-128.8
256.8201,20,in,33032,-97.6
256.8246,20,in,33036,-99.6
256.8295,20,in,33040,-96
256.8345,20,in,33044,-120.2
256.839,20,in,33048,-66.4
256.8435,20,in,33052,-90
256.8488,20,in,33056,-88.2
256.8538,20,in,33060,-89.6
256.8586,20,in,33064,-129.4
256.8637,20,in,33068,-97.4
256.868,20,in,33072,-71
256.8725,20,in,33076,-68.2
256.8771,20,in,33080,-93.8
256.8818,20,in,33084,-103.2
256.8863,20,in,33088,-99.6
256.8905,20,in,33092,-144.6
256.8952,20,in,33096,-120.8
256.8997,20,in,33100,-128.6
256.9046,20,in,33104,-83.2
256.9091,20,in,33108,-106.4
256.9134,20,in,33112,-117.6
256.9176,20,in,33116,-178.6
256.922,20,in,33120,-93.6
256.9261,20,in,33124,-108.8
256.9303,20,in,33128,-97.4
256.9347,20,in,33132,-107.2
256.9391,20,in,33136,-121.6
256.9445,20,in,33140,-106.2
256.9488,20,in,33144,-121.6
256.9532,20,in,33148,-167.2
256.9578,20,in,33152,-169.4
256.9628,20,in,33156,-189
256.9679,20,in,33160,-141
256.9725,20,in,33164,-163
256.9781,20,in,33168,-113.8
256.9829,20,in,33172,-145.6
256.9875,20,in,33176,-106.8
256.9922,20,in,33180,-144.4
256.9972,20,in,33184,-182.6
257.0021,20,in,33188,-167.2
257.0073,20,in,33192,-122.6
257.0125,20,in,33196,-133.4
257.0172,20,in,33200,-159
257.0227,20,in,33204,-136.6
257.0276,20,in,33208,-145.6
257.0325,20,in,33212,-137.4
257.037,20,in,33216,-110.4
257.0422,20,in,33220,-107.6
257.0467,20,in,33224,-108
257.0514,20,in,33228,-91.2
257.0564,20,in,33232,-98.8
257.0616,20,in,33236,-131.6
257.0665,20,in,33240,-134.2
257.0709,20,in,33244,-139
257.0753,20,in,33248,-169
257.0798,20,in,33252,-135.4
257.0855,20,in,33256,-106.4
257.0901,20,in,33260,-107.2
257.0947,20,in,33264,-117
257.0996,20,in,33268,-110.8
257.1044,20,in,33272,-160.6
257.1088,20,in,33276,-141.6
257.1132,20,in,33280,-169.4
257.1177,20,in,33284,-145.4
257.1231,20,in,33288,-141.8
257.1277,20,in,33292,-183.4
257.1327,20,in,33296,-184.8
257.1378,20,in,33300,-139
257.1426,20,in,33304,-152.2
257.147,20,in,33308,-147.2
257.1513,20,in,33312,-105.6
257.1558,20,in,33316,-115.6
257.1605,20,in,33320,-174
257.1652,20,in,33324,-122.6
257.1703,20,in,33328,-120.8
257.1758,20,in,33332,-119.2
257.1805,20,in,33336,-130.8
257.1853,20,in,33340,-187.6
257.1896,20,in,33344,-110.2
257.1947,20,in,33348,-114.2
257.1991,20,in,33352,-171.2
257.2038,20,in,33356,-153
257.2085,20,in,33360,-151.8
257.213,20,in,33364,-173
257.2177,20,in,33368,-172.2
257.2224,20,in,33372,-163.2
257.2273,20,in,33376,-152
257.2321,20,in,33380,-77.8
257.2368,20,in,33384,-94.6
257.2412,20,in,33388,-116
257.2463,20,in,33392,-157.8
257.2512,20,in,33396,-171.4
257.2563,20,in,33400,-154.2
257.2615,20,in,33404,-135.2
257.2663,20,in,33408,-170
257.2712,20,in,33412,-146.2
257.2763,20,in,33416,-144
257.2817,20,in,33420,-198.6
257.2865,20,in,33424,-190.4
257.2908,20,in,33428,-126.4
257.2958,20,in,33432,-163.2
257.3005,20,in,33436,-176
257.3055,20,in,33440,-177
257.3111,20,in,33444,-179.8
257.3172,20,in,33448,-136.4
257.3227,20,in,33452,-103
257.3286,20,in,33456,-152
257.334,20,in,33460,-184.8
257.3389,20,in,33464,-176.6
257.3435,20,in,33468,-115
257.3489,20,in,33472,-159.8
257.3538,20,in,33476,-196.6
257.3588,20,in,33480,-168.2
257.3634,20,in,33484,-206.4
257.3682,20,in,33488,-202
257.3733,20,in,33492,-179.8
257.378,20,in,33496,-178.2
257.3825,20,in,33500,-181.8
257.3873,20,in,33504,-154.4
257.3921,20,in,33508,-108.6
257.3969,20,in,33512,-171.4
257.4014,20,in,33516,-135.6
257.4062,20,in,33520,-119.4
257.4109,20,in,33524,-164.8
257.4158,20,in,33528,-141
257.4205,20,in,33532,-173.8
257.4253,20,in,33536,-117.6
257.4305,20,in,33540,-154.6
257.4354,20,in,33544,-172.8
257.4401,20,in,33548,-161
257.445,20,in,33552,-120.8
257.4493,20,in,33556,-121.6
257.4543,20,in,33560,-123.4
257.4593,20,in,33564,-95.4
257.4649,20,in,33568,-94.2
257.4693,20,in,33572,-131.4
257.4737,20,in,33576,-109.8
257.4781,20,in,33580,-103.6
257.4829,20,in,33584,-128.4
257.4875,20,in,33588,-126
257.4926,20,in,33592,-150.8
257.4977,20,in,33596,-218.6
257.5024,20,in,33600,-183.2
257.5074,20,in,33604,-192.4
257.5122,20,in,33608,-213.2
257.5168,20,in,33612,-246.6
257.5217,20,in,33616,-139.6
257.5262,20,in,33620,-186.8
257.5313,20,in,33624,-168.8
257.5367,20,in,33628,-213.6
257.5412,20,in,33632,-158.8
257.5456,20,in,33636,-190.2
257.55,20,in,33640,-149
257.5546,20,in,33644,-159.4
257.559,20,in,33648,-121.6
257.5635,20,in,33652,-206.2
257.568,20,in,33656,-274.4
257.5727,20,in,33660,-219
257.5775,20,in,33664,-213.8
257.5821,20,in,33668,-228.4
257.5871,20,in,33672,-269.8
257.5917,20,in,33676,-196
257.5957,20,in,33680,-180.2
257.5997,20,in,33684,-227.2
257.6043,20,in,33688,-329
257.6088,20,in,33692,-183.2
257.6129,20,in,33696,-192.8
257.6182,20,in,33700,-215.2
257.6229,20,in,33704,-184.6
257.6275,20,in,33708,-163.8
257.633,20,in,33712,-181.4
257.6376,20,in,33716,-202.8
257.6424,20,in,33720,-149.6
257.6468,20,in,33724,-166.2
257.6516,20,in,33728,-193.4
257.6563,20,in,33732,-153
257.6608,20,in,33736,-199
257.6656,20,in,33740,-276
257.6699,20,in,33744,-202
257.6749,20,in,33748,-284.6
257.6795,20,in,33752,-233.6
257.6837,20,in,33756,-320.6
257.6878,20,in,33760,-265.4
257.6919,20,in,33764,-189
257.6964,20,in,33768,-221.4
257.7011,20,in,33772,-233.6
257.7057,20,in,33776,-222.6
257.7103,20,in,33780,-273.2
257.7149,20,in,33784,-259.6
257.7193,20,in,33788,-268.4
257.7238,20,in,33792,-212.8
257.7281,20,in,33796,-238.8
257.7332,20,in,33800,-238.8
257.7377,20,in,33804,-259.2
257.7421,20,in,33808,-239.6
257.7472,20,in,33812,-191.2
257.7514,20,in,33816,-305
257.7554,20,in,33820,-233.8
257.7595,20,in,33824,-268.2
257.7633,20,in,33828,-265.2
257.7675,20,in,33832,-300.6
257.7716,20,in,33836,-284.6
257.7759,20,in,33840,-263.8
257.7806,20,in,33844,-245
257.7854,20,in,33848,-249.2
257.7898,20,in,33852,-271.4
257.7944,20,in,33856,-230.2
257.7989,20,in,33860,-268.8
257.8032,20,in,33864,-239.6
257.8069,20,in,33868,-307.4
257.8109,20,in,33872,-205
257.815,20,in,33876,-196.4
257.8194,20,in,33880,-254.2
257.8236,20,in,33884,-241.8
257.8285,20,in,33888,-241.6
257.8329,20,in,33892,-301.6
257.8373,20,in,33896,-242
257.8416,20,in,33900,-282.6
257.8457,20,in,33904,-281.8
257.8498,20,in,33908,-279.4
257.8542,20,in,33912,-240.2
257.8581,20,in,33916,-291
257.8626,20,in,33920,-297.8
257.8677,20,in,33924,-309.2
257.8731,20,in,33928,-291
257.878,20,in,33932,-338.4
257.8825,20,in,33936,-212.8
257.887,20,in,33940,-251.4
257.8917,20,in,33944,-216.8
257.8965,20,in,33948,-310.2
257.901,20,in,33952,-338.8
257.9052,20,in,33956,-334.4
257.9101,20,in,33960,-341.4
257.9144,20,in,33964,-365.4
257.9189,20,in,33968,-259.8
257.9232,20,in,33972,-289.6
257.9286,20,in,33976,-321.6
257.9333,20,in,33980,-312.2
257.9383,20,in,33984,-353.8
257.9431,20,in,33988,-244.2
257.9477,20,in,33992,-282.6
257.9526,20,in,33996,-292.4
257.9571,20,in,34000,-292.4
257.9618,20,in,34004,-279.6
257.9667,20,in,34008,-307.2
257.9717,20,in,34012,-353
257.9766,20,in,34016,-379
257.9817,20,in,34020,-286.6
257.9865,20,in,34024,-337.6
257.9915,20,in,34028,-338.2
257.996,20,in,34032,-381.8
258.0007,20,in,34036,-347
258.0057,20,in,34040,-327.4
258.0109,20,in,34044,-253.4
258.0161,20,in,34048,-305.4
258.0207,20,in,34052,-322.8
258.0256,20,in,34056,-376
258.0301,20,in,34060,-382.2
258.0357,20,in,34064,-333.4
258.0404,20,in,34068,-436.6
258.0453,20,in,34072,-448.2
258.0499,20,in,34076,-358.6
258.0548,20,in,34080,-432.8
258.0594,20,in,34084,-394.4
258.064,20,in,34088,-322.6
258.0688,20,in,34092,-365.2
258.0736,20,in,34096,-330.6
258.0783,20,in,34100,-328
258.0839,20,in,34104,-343.8
258.0893,20,in,34108,-329
258.0945,20,in,34112,-352
258.099,20,in,34116,-381.8
258.1039,20,in,34120,-308.2
258.1084,20,in,34124,-338
258.1131,20,in,34128,-359.6
258.1182,20,in,34132,-293.8
258.123,20,in,34136,-301
258.1275,20,in,34140,-360.2
258.1321,20,in,34144,-375.8
258.1364,20,in,34148,-328.4
258.1403,20,in,34152,-279.4
258.1444,20,in,34156,-292.6
258.149,20,in,34160,-355.6
258.1536,20,in,34164,-389.4
258.1581,20,in,34168,-322.6
258.1628,20,in,34172,-336.4
258.1673,20,in,34176,-410.4
258.172,20,in,34180,-379.2
258.1768,20,in,34184,-356.4
258.1809,20,in,34188,-380
258.185,20,in,34192,-402.8
258.1891,20,in,34196,-372.2
258.1931,20,in,34200,-381.2
258.1975,20,in,34204,-443
258.202,20,in,34208,-366.6
258.2068,20,in,34212,-359.2
258.2117,20,in,34216,-450.2
258.216,20,in,34220,-469.2
258.2205,20,in,34224,-476.4
258.2249,20,in,34228,-469.8
258.2301,20,in,34232,-442.2
258.235,20,in,34236,-535
258.2395,20,in,34240,-414
258.2439,20,in,34244,-446.6
258.2487,20,in,34248,-370.2
258.2535,20,in,34252,-434.4
258.2579,20,in,34256,-386.6
258.2622,20,in,34260,-305.2
258.2665,20,in,34264,-369.2
258.2711,20,in,34268,-366
258.2758,20,in,34272,-344.2
258.2807,20,in,34276,-358.8
258.2854,20,in,34280,-370.4
258.2905,20,in,34284,-435.2
258.2961,20,in,34288,-444.6
258.3009,20,in,34292,-448.6
258.3056,20,in,34296,-475.6
258.3102,20,in,34300,-467.2
258.3152,20,in,34304,-441
258.3205,20,in,34308,-430.6
258.3254,20,in,34312,-417.4
258.33,20,in,34316,-484.6
258.3352,20,in,34320,-486
258.34,20,in,34324,-478.8
258.3443,20,in,34328,-514.8
258.3493,20,in,34332,-575
258.3544,20,in,34336,-519.6
258.3596,20,in,34340,-503
258.3645,20,in,34344,-464.6
258.3692,20,in,34348,-428.4
258.3742,20,in,34352,-447.4
258.3791,20,in,34356,-491.2
258.3841,20,in,34360,-466
258.3885,20,in,34364,-459.8
258.3932,20,in,34368,-498.2
258.3976,20,in,34372,-532.6
258.4022,20,in,34376,-432
258.4069,20,in,34380,-469.8
258.412,20,in,34384,-421
258.4176,20,in,34388,-416.2
258.4225,20,in,34392,-373.4
258.4273,20,in,34396,-477
258.4318,20,in,34400,-384.2
258.437,20,in,34404,-380.2
258.4418,20,in,34408,-376.4
258.4466,20,in,34412,-488.4
258.4511,20,in,34416,-482.6
258.4561,20,in,34420,-433.8
258.4611,20,in,34424,-440.4
258.4668,20,in,34428,-481.6
258.4716,20,in,34432,-495.2
258.4767,20,in,34436,-465.4
258.4817,20,in,34440,-548
258.4861,20,in,34444,-514
258.4906,20,in,34448,-518.2
258.4953,20,in,34452,-510.6
258.5001,20,in,34456,-583.4
258.5046,20,in,34460,-599.4
258.51,20,in,34464,-577.2
258.5145,20,in,34468,-567.4
258.5195,20,in,34472,-559.4
258.5244,20,in,34476,-409.2
258.5293,20,in,34480,-449
258.5335,20,in,34484,-454.6
258.5384,20,in,34488,-464.6
258.5428,20,in,34492,-510.8
258.5473,20,in,34496,-513.2
258.5516,20,in,34500,-484.4
258.5563,20,in,34504,-444.4
258.5607,20,in,34508,-536.2
258.5655,20,in,34512,-500.4
258.5698,20,in,34516,-410.6
258.5745,20,in,34520,-461.4
258.5795,20,in,34524,-514.6
258.5843,20,in,34528,-545
258.589,20,in,34532,-423.8
258.5941,20,in,34536,-426.6
258.5994,20,in,34540,-417.8
258.6039,20,in,34544,-379.6
258.6085,20,in,34548,-341.4
258.6138,20,in,34552,-385.2
258.6184,20,in,34556,-385
258.6233,20,in,34560,-350.4
258.6282,20,in,34564,-342
258.6331,20,in,34568,-326.8
258.6377,20,in,34572,-398.2
258.6421,20,in,34576,-388
258.6468,20,in,34580,-331
258.6515,20,in,34584,-377.6
258.6564,20,in,34588,-340
258.6611,20,in,34592,-319.2
258.666,20,in,34596,-331.6
258.6705,20,in,34600,-363.6
258.6754,20,in,34604,-274.8
258.6807,20,in,34608,-299.8
258.6852,20,in,34612,-224.8
258.6891,20,in,34616,-255.2
258.6933,20,in,34620,-229.2
258.6983,20,in,34624,-226.4
258.7026,20,in,34628,-269.6
258.7076,20,in,34632,-343.2
258.7126,20,in,34636,-358
258.7175,20,in,34640,-355.4
258.7224,20,in,34644,-322
258.7274,20,in,34648,-304.8
258.7321,20,in,34652,-353.4
258.7373,20,in,34656,-335
258.7418,20,in,34660,-300.4
258.7465,20,in,34664,-368.4
258.7508,20,in,34668,-349.8
258.7551,20,in,34672,-300.2
258.7592,20,in,34676,-296.6
258.763,20,in,34680,-356.8
258.7672,20,in,34684,-380.4
258.7715,20,in,34688,-341.8
258.7764,20,in,34692,-312.8
258.7812,20,in,34696,-315.4
258.7859,20,in,34700,-385.4
258.7907,20,in,34704,-382.8
258.795,20,in,34708,-386.4
258.7995,20,in,34712,-405.8
258.8036,20,in,34716,-403.6
258.8077,20,in,34720,-372.6
258.8124,20,in,34724,-363.2
258.8168,20,in,34728,-392.6
258.8213,20,in,34732,-356.4
258.8259,20,in,34736,-351
258.8307,20,in,34740,-358.2
258.8354,20,in,34744,-371.8
258.8398,20,in,34748,-390.2
258.8443,20,in,34752,-409.6
258.8486,20,in,34756,-346.2
258.853,20,in,34760,-342
258.8576,20,in,34764,-398
258.8621,20,in,34768,-386.2
258.8667,20,in,34772,-328.4
258.871,20,in,34776,-446.2
258.8752,20,in,34780,-433.4
258.8816,20,in,34784,-308.4
258.8859,20,in,34788,-271.6
258.8921,20,in,34792,-313.2
258.8969,20,in,34796,-320.8
258.9015,20,in,34800,-332.4
258.9059,20,in,34804,-375.2
258.912,20,in,34808,-388.8
258.9176,20,in,34812,-566.8
258.9234,20,in,34816,-465
258.9289,20,in,34820,-487.6
258.9348,20,in,34824,-536.2
258.9406,20,in,34828,-398
258.9456,20,in,34832,-389.8
258.9507,20,in,34836,-460.2
258.9565,20,in,34840,-490.2
258.9612,20,in,34844,-477.6
258.9661,20,in,34848,-425.6
258.9709,20,in,34852,-423.6
258.9771,20,in,34856,-445.6
258.9822,20,in,34860,-464.4
258.9879,20,in,34864,-467.8
258.9937,20,in,34868,-443.4
258.9991,20,in,34872,-445.6
259.0037,20,in,34876,-538.2
259.0088,20,in,34880,-427.8
259.0145,20,in,34884,-506.2
259.0188,20,in,34888,-422.4
259.0234,20,in,34892,-410.2
259.0281,20,in,34896,-470
259.033,20,in,34900,-461
259.0384,20,in,34904,-417.6
259.0426,20,in,34908,-383.8
259.047,20,in,34912,-458
259.0515,20,in,34916,-469.4
259.0561,20,in,34920,-425
259.061,20,in,34924,-403.4
259.0656,20,in,34928,-427.6
259.0711,20,in,34932,-384.2
259.0763,20,in,34936,-462.4
259.0822,20,in,34940,-407.6
259.0877,20,in,34944,-441
259.0931,20,in,34948,-547.8
259.0986,20,in,34952,-424.8
259.1036,20,in,34956,-397
259.1085,20,in,34960,-485.4
259.1132,20,in,34964,-484.6
259.1179,20,in,34968,-490.6
259.1234,20,in,34972,-455.2
259.1284,20,in,34976,-450.4
259.133,20,in,34980,-457.2
259.1382,20,in,34984,-427.6
259.1433,20,in,34988,-418.2
259.1477,20,in,34992,-501.8
259.1526,20,in,34996,-457.2
259.1572,20,in,35000,-476.4
259.1621,20,in,35004,-515.6
259.1668,20,in,35008,-456.4
259.1713,20,in,35012,-456.4
259.176,20,in,35016,-494
259.1808,20,in,35020,-448.8
259.1852,20,in,35024,-515.4
259.1896,20,in,35028,-505.8
259.1945,20,in,35032,-512.2
259.199,20,in,35036,-535
259.2041,20,in,35040,-501
259.2088,20,in,35044,-498.8
259.2137,20,in,35048,-508.2
259.2186,20,in,35052,-693.2
259.2232,20,in,35056,-638.6
259.2282,20,in,35060,-635.4
259.2333,20,in,35064,-625.8
259.2375,20,in,35068,-545.2
259.2425,20,in,35072,-654.4
259.2476,20,in,35076,-640.8
259.2526,20,in,35080,-501.4
259.2568,20,in,35084,-541.2
259.2614,20,in,35088,-523.4
259.2665,20,in,35092,-560.4
259.2712,20,in,35096,-557.2
259.2758,20,in,35100,-622.8
259.2802,20,in,35104,-551.2
259.285,20,in,35108,-519.4
259.2897,20,in,35112,-533.2
259.2939,20,in,35116,-446
259.2986,20,in,35120,-461.6
259.3037,20,in,35124,-462.2
259.3083,20,in,35128,-477.4
259.3129,20,in,35132,-450
259.3179,20,in,35136,-448
259.3228,20,in,35140,-462.2
259.3274,20,in,35144,-441.8
259.3321,20,in,35148,-473.4
259.337,20,in,35152,-507.6
259.3415,20,in,35156,-532.4
259.3464,20,in,35160,-481.6
259.3511,20,in,35164,-520.2
259.356,20,in,35168,-497
259.3606,20,in,35172,-455.6
259.3653,20,in,35176,-428.2
259.3702,20,in,35180,-530.4
259.3751,20,in,35184,-583.4
259.3805,20,in,35188,-617.8
259.3851,20,in,35192,-510.2
259.3897,20,in,35196,-494.4
259.3943,20,in,35200,-511.6
259.3997,20,in,35204,-521.6
259.4042,20,in,35208,-494.4
259.4093,20,in,35212,-472.4
259.414,20,in,35216,-510.8
259.4186,20,in,35220,-537.2
259.4231,20,in,35224,-503
259.4286,20,in,35228,-524.2
259.4338,20,in,35232,-536.4
259.4394,20,in,35236,-478.6
259.4449,20,in,35240,-525
259.4498,20,in,35244,-469.6
259.4544,20,in,35248,-424.8
259.4595,20,in,35252,-497.4
259.4644,20,in,35256,-492
259.4688,20,in,35260,-478.8
259.4739,20,in,35264,-491
259.4792,20,in,35268,-453.4
259.4844,20,in,35272,-483.6
259.4887,20,in,35276,-450.8
259.4939,20,in,35280,-492
259.4985,20,in,35284,-508
259.5028,20,in,35288,-536.8
259.5075,20,in,35292,-570.6
259.5121,20,in,35296,-522.2
259.5165,20,in,35300,-601.6
259.5215,20,in,35304,-618.8
259.5259,20,in,35308,-589.2
259.5308,20,in,35312,-588.2
259.5352,20,in,35316,-609.6
259.5402,20,in,35320,-591.4
259.5444,20,in,35324,-630.2
259.5489,20,in,35328,-598.6
259.5536,20,in,35332,-576.4
259.5581,20,in,35336,-608.4
259.5626,20,in,35340,-616.4
259.5668,20,in,35344,-622.6
259.5709,20,in,35348,-582.2
259.5753,20,in,35352,-564.8
259.5799,20,in,35356,-587.2
259.5842,20,in,35360,-596.6
259.5883,20,in,35364,-580.8
259.5924,20,in,35368,-618.6
259.5968,20,in,35372,-597.8
259.6014,20,in,35376,-648.4
259.6065,20,in,35380,-652
259.6114,20,in,35384,-585.4
259.6157,20,in,35388,-555.2
259.6204,20,in,35392,-573.4
259.6255,20,in,35396,-601.6
259.6306,20,in,35400,-593.6
259.6353,20,in,35404,-599.8
259.6399,20,in,35408,-537.4
259.6444,20,in,35412,-498.4
259.6492,20,in,35416,-669.8
259.6535,20,in,35420,-637.2
259.6579,20,in,35424,-624.2
259.6628,20,in,35428,-593
259.6674,20,in,35432,-666
259.6724,20,in,35436,-605.2
259.677,20,in,35440,-637
259.6815,20,in,35444,-678.6
259.6858,20,in,35448,-613.4
259.69,20,in,35452,-556.6
259.694,20,in,35456,-602.4
259.6982,20,in,35460,-658.6
259.7021,20,in,35464,-664.4
259.7061,20,in,35468,-569.2
259.7102,20,in,35472,-647.8
259.7143,20,in,35476,-582.6
259.7185,20,in,35480,-671.4
259.7228,20,in,35484,-621.2
259.7272,20,in,35488,-619.6
259.7334,20,in,35492,-622.4
259.7378,20,in,35496,-689
259.7432,20,in,35500,-696.2
259.7475,20,in,35504,-687.2
259.7522,20,in,35508,-619.8
259.7564,20,in,35512,-611.8
259.7609,20,in,35516,-691.4
259.7653,20,in,35520,-748.2
259.7695,20,in,35524,-791.4
259.7742,20,in,35528,-756.2
259.7785,20,in,35532,-760
259.7833,20,in,35536,-764.8
259.7881,20,in,35540,-701.6
259.7929,20,in,35544,-715.4
259.7976,20,in,35548,-861.6
259.8019,20,in,35552,-731
259.806,20,in,35556,-869.8
259.81,20,in,35560,-889
259.8139,20,in,35564,-873
259.8183,20,in,35568,-815.4
259.8228,20,in,35572,-733.8
259.8273,20,in,35576,-741.2
259.832,20,in,35580,-689.4
259.8365,20,in,35584,-669
259.8411,20,in,35588,-589.4
259.8459,20,in,35592,-638.8
259.8504,20,in,35596,-646.8
259.8554,20,in,35600,-664.2
259.8605,20,in,35604,-665.6
259.865,20,in,35608,-720.4
259.8697,20,in,35612,-719.6
259.8749,20,in,35616,-689
259.8796,20,in,35620,-741.2
259.8841,20,in,35624,-695.2
259.8894,20,in,35628,-667
259.8946,20,in,35632,-655.4
259.8991,20,in,35636,-704.4
259.9042,20,in,35640,-752.6
259.9091,20,in,35644,-690.2
259.9141,20,in,35648,-726
259.9191,20,in,35652,-727.6
259.9236,20,in,35656,-672.8
259.9288,20,in,35660,-733
259.934,20,in,35664,-674.6
259.9386,20,in,35668,-643
259.9435,20,in,35672,-677
259.9484,20,in,35676,-745.4
259.9537,20,in,35680,-717.8
259.9582,20,in,35684,-713.8
259.9626,20,in,35688,-732.4
259.9673,20,in,35692,-713.4
259.9722,20,in,35696,-712.2
259.9773,20,in,35700,-695
259.9823,20,in,35704,-719
259.9873,20,in,35708,-694.8
259.9919,20,in,35712,-671.8
259.9966,20,in,35716,-727.8
260.0016,20,in,35720,-683
260.0064,20,in,35724,-662.8
260.011,20,in,35728,-702.8
260.0161,20,in,35732,-709.6
260.021,20,in,35736,-716.4
260.0255,20,in,35740,-729.4
260.03,20,in,35744,-722.6
260.0351,20,in,35748,-721.4
260.0397,20,in,35752,-763.6
260.0445,20,in,35756,-703.4
260.0494,20,in,35760,-711.6
260.0548,20,in,35764,-766
260.0601,20,in,35768,-715.4
260.0651,20,in,35772,-730.8
260.0698,20,in,35776,-749.6
260.0743,20,in,35780,-638.2
260.079,20,in,35784,-708.4
260.0834,20,in,35788,-752.4
260.0876,20,in,35792,-644
260.0925,20,in,35796,-714.4
260.0979,20,in,35800,-701.8
260.1024,20,in,35804,-727.8
260.1078,20,in,35808,-709.6
260.1128,20,in,35812,-739
260.1178,20,in,35816,-717.8
260.1221,20,in,35820,-698.8
260.1273,20,in,35824,-735
260.1319,20,in,35828,-718
260.1368,20,in,35832,-730.4
260.1418,20,in,35836,-690.4
260.1472,20,in,35840,-758.8
260.1516,20,in,35844,-731.4
260.1563,20,in,35848,-720.6
260.1613,20,in,35852,-701.2
260.166,20,in,35856,-738
260.1706,20,in,35860,-708.6
260.1756,20,in,35864,-732
260.1813,20,in,35868,-784.8
260.1856,20,in,35872,-771.4
260.1903,20,in,35876,-803.2
260.1956,20,in,35880,-753
260.2003,20,in,35884,-759.6
260.2047,20,in,35888,-712.8
260.2102,20,in,35892,-685
260.2153,20,in,35896,-718.2
260.2204,20,in,35900,-730.6
260.2255,20,in,35904,-717
260.2308,20,in,35908,-721.6
260.2357,20,in,35912,-726.2
260.2403,20,in,35916,-747.2
260.245,20,in,35920,-698.4
260.2498,20,in,35924,-690.6
260.254,20,in,35928,-747
260.2588,20,in,35932,-758.8
260.2633,20,in,35936,-731.4
260.2688,20,in,35940,-792
260.2735,20,in,35944,-719
260.2787,20,in,35948,-785.8
260.2834,20,in,35952,-739
260.2881,20,in,35956,-751
260.2933,20,in,35960,-747.4
260.2987,20,in,35964,-773.2
260.3039,20,in,35968,-817.2
260.309,20,in,35972,-764.2
260.3135,20,in,35976,-745.4
260.3181,20,in,35980,-731.4
260.323,20,in,35984,-730.6
260.328,20,in,35988,-731
260.3324,20,in,35992,-776
260.3374,20,in,35996,-794.2
260.342,20,in,36000,-771.2
260.3465,20,in,36004,-794.6
260.3519,20,in,36008,-823.8
260.3567,20,in,36012,-794.6
260.3621,20,in,36016,-756.2
260.3673,20,in,36020,-768.8
260.372,20,in,36024,-712.2
260.3764,20,in,36028,-713
260.3812,20,in,36032,-762.6
260.386,20,in,36036,-753.4
260.3905,20,in,36040,-779
260.3953,20,in,36044,-735.8
260.3998,20,in,36048,-795.4
260.4042,20,in,36052,-758.4
260.4086,20,in,36056,-764.6
260.4135,20,in,36060,-748
260.4189,20,in,36064,-730.4
260.4235,20,in,36068,-726.6
260.4279,20,in,36072,-716.4
260.4327,20,in,36076,-713.2
260.4373,20,in,36080,-765.4
260.4418,20,in,36084,-757.2
260.4466,20,in,36088,-751.8
260.4515,20,in,36092,-761.8
260.457,20,in,36096,-757.2
260.462,20,in,36100,-789.8
260.4667,20,in,36104,-780.6
260.471,20,in,36108,-823
260.4754,20,in,36112,-779
260.48,20,in,36116,-772.8
260.4846,20,in,36120,-770.2
260.489,20,in,36124,-753.2
260.4935,20,in,36128,-773.8
260.4982,20,in,36132,-752.8
260.5025,20,in,36136,-779.4
260.5068,20,in,36140,-781.8
260.5109,20,in,36144,-784
260.5157,20,in,36148,-767
260.5205,20,in,36152,-706.2
260.5251,20,in,36156,-710
260.53,20,in,36160,-745.8
260.5352,20,in,36164,-717.6
260.5403,20,in,36168,-714.4
260.545,20,in,36172,-762.4
260.5504,20,in,36176,-767.8
260.5549,20,in,36180,-764.6
260.5595,20,in,36184,-733
260.5644,20,in,36188,-760.8
260.57,20,in,36192,-718.2
260.575,20,in,36196,-732
260.5793,20,in,36200,-755.8
260.5848,20,in,36204,-768.6
260.5893,20,in,36208,-794.2
260.5943,20,in,36212,-765.4
260.5986,20,in,36216,-783.4
260.6034,20,in,36220,-827.6
260.6084,20,in,36224,-745.4
260.6133,20,in,36228,-793
260.6179,20,in,36232,-784.4
260.6224,20,in,36236,-766.2
260.6274,20,in,36240,-719
260.6321,20,in,36244,-734.2
260.6369,20,in,36248,-757.6
260.6419,20,in,36252,-756.8
260.6467,20,in,36256,-746.6
260.6515,20,in,36260,-789
260.656,20,in,36264,-750.2
260.6606,20,in,36268,-776.4
260.6655,20,in,36272,-803.8
260.6702,20,in,36276,-750.6
260.6749,20,in,36280,-765.4
260.6794,20,in,36284,-791.4
260.6841,20,in,36288,-932
260.6886,20,in,36292,-879.2
260.6932,20,in,36296,-873
260.6976,20,in,36300,-857.2
260.7021,20,in,36304,-902.2
260.7068,20,in,36308,-762
260.7114,20,in,36312,-777.6
260.7162,20,in,36316,-764
260.7211,20,in,36320,-766.8
260.7262,20,in,36324,-772
260.731,20,in,36328,-764
260.7359,20,in,36332,-753.8
260.741,20,in,36336,-751.2
260.7454,20,in,36340,-765.2
260.7504,20,in,36344,-788.8
260.7545,20,in,36348,-720.6
260.7589,20,in,36352,-693
260.7629,20,in,36356,-745.4
260.7677,20,in,36360,-762.4
260.7725,20,in,36364,-741.6
260.7778,20,in,36368,-777.6
260.7824,20,in,36372,-791.2
260.7868,20,in,36376,-760.6
260.7911,20,in,36380,-772.2
260.796,20,in,36384,-747.6
260.8012,20,in,36388,-787.8
260.8057,20,in,36392,-733
260.8104,20,in,36396,-748.4
260.8148,20,in,36400,-763
260.8185,20,in,36404,-788.2
260.8229,20,in,36408,-775
260.8272,20,in,36412,-759
260.8314,20,in,36416,-793.4
260.836,20,in,36420,-764.6
260.8411,20,in,36424,-786.8
260.8458,20,in,36428,-792.4
260.85,20,in,36432,-772.8
260.8547,20,in,36436,-755.6
260.859,20,in,36440,-800.2
260.8634,20,in,36444,-770.6
260.8682,20,in,36448,-782.8
260.8728,20,in,36452,-799
260.8774,20,in,36456,-807.2
260.8819,20,in,36460,-799.4
260.8865,20,in,36464,-787.6
260.891,20,in,36468,-802.4
260.8956,20,in,36472,-764.4
260.9001,20,in,36476,-780.6
260.9045,20,in,36480,-749.4
260.9088,20,in,36484,-772.2
260.9129,20,in,36488,-786.4
260.9175,20,in,36492,-818
260.9229,20,in,36496,-784.4
260.9278,20,in,36500,-839
260.9323,20,in,36504,-832.4
260.9367,20,in,36508,-779.2
260.941,20,in,36512,-763.6
260.9453,20,in,36516,-839.2
260.9498,20,in,36520,-793.8
260.9541,20,in,36524,-809
260.9589,20,in,36528,-834
260.9633,20,in,36532,-847.2
260.9676,20,in,36536,-860.6
260.9722,20,in,36540,-780
260.9768,20,in,36544,-801.4
260.9812,20,in,36548,-829.2
260.986,20,in,36552,-738.4
260.9911,20,in,36556,-757.8
260.9955,20,in,36560,-775.2
261.0009,20,in,36564,-758.4
261.0054,20,in,36568,-779
261.0099,20,in,36572,-772.2
261.0143,20,in,36576,-789.8
261.0199,20,in,36580,-791.4
261.0246,20,in,36584,-764.6
261.029,20,in,36588,-806.2
261.0339,20,in,36592,-775.4
261.0385,20,in,36596,-755.2
261.0431,20,in,36600,-818.4
261.0481,20,in,36604,-781
261.0529,20,in,36608,-772.6
261.0575,20,in,36612,-797.2
261.063,20,in,36616,-799.4
261.0676,20,in,36620,-772.8
261.0726,20,in,36624,-796
261.0774,20,in,36628,-780.8
261.0822,20,in,36632,-827
261.0869,20,in,36636,-788.2
261.0917,20,in,36640,-788.6
261.0961,20,in,36644,-806.2
261.1008,20,in,36648,-823.2
261.1058,20,in,36652,-770
261.1108,20,in,36656,-798.2
261.1157,20,in,36660,-758.8
261.1204,20,in,36664,-776.6
261.1251,20,in,36668,-772
261.1295,20,in,36672,-801.4
261.1346,20,in,36676,-779.8
261.1395,20,in,36680,-767.6
261.1445,20,in,36684,-798
261.1495,20,in,36688,-825.2
261.1538,20,in,36692,-734.2
261.1582,20,in,36696,-758.2
261.1629,20,in,36700,-791.2
261.1672,20,in,36704,-781.6
261.1717,20,in,36708,-789
261.1764,20,in,36712,-776.2
261.1814,20,in,36716,-819.8
261.1861,20,in,36720,-788
261.1905,20,in,36724,-817
261.1947,20,in,36728,-759.8
261.1989,20,in,36732,-802.4
261.2031,20,in,36736,-792.4
261.2075,20,in,36740,-754
261.2121,20,in,36744,-805.2
261.2167,20,in,36748,-812.6
261.2213,20,in,36752,-772
261.2258,20,in,36756,-804.8
261.2301,20,in,36760,-768.8
261.2349,20,in,36764,-836.2
261.2395,20,in,36768,-777
261.2441,20,in,36772,-772.4
261.2488,20,in,36776,-821.4
261.2532,20,in,36780,-822.8
261.2576,20,in,36784,-798.4
261.2625,20,in,36788,-754.4
261.2673,20,in,36792,-787.2
261.272,20,in,36796,-784
261.2769,20,in,36800,-800
261.2812,20,in,36804,-790.2
261.2862,20,in,36808,-749.6
261.2906,20,in,36812,-767.4
261.2956,20,in,36816,-761.2
261.3,20,in,36820,-816.6
261.3045,20,in,36824,-806
261.3091,20,in,36828,-750
261.3137,20,in,36832,-798
261.3184,20,in,36836,-815.6
261.3232,20,in,36840,-782
261.3278,20,in,36844,-750.6
261.3324,20,in,36848,-802.4
261.337,20,in,36852,-789.6
261.3418,20,in,36856,-785.8
261.3463,20,in,36860,-783.4
261.3514,20,in,36864,-796.4
261.3563,20,in,36868,-805.4
261.3615,20,in,36872,-797.4
261.3666,20,in,36876,-817.2
261.3714,20,in,36880,-784.6
261.3765,20,in,36884,-746.6
261.381,20,in,36888,-781
261.3852,20,in,36892,-843.4
261.3901,20,in,36896,-778.2
261.3951,20,in,36900,-756.4
261.4001,20,in,36904,-823.4
261.4047,20,in,36908,-780.6
261.4095,20,in,36912,-809.6
261.4146,20,in,36916,-800.6
261.4191,20,in,36920,-804.4
261.4235,20,in,36924,-781.8
261.4279,20,in,36928,-791
261.4323,20,in,36932,-812.8
261.4371,20,in,36936,-792
261.4425,20,in,36940,-759.6
261.447,20,in,36944,-806.8
261.4516,20,in,36948,-815
261.4563,20,in,36952,-796.8
261.4612,20,in,36956,-802.4
261.4667,20,in,36960,-938.8
261.4716,20,in,36964,-892.6
261.4763,20,in,36968,-907.2
261.4809,20,in,36972,-921.2
261.4856,20,in,36976,-976.2
261.4904,20,in,36980,-962
261.495,20,in,36984,-973.2
261.4993,20,in,36988,-896.2
261.5035,20,in,36992,-980
261.508,20,in,36996,-898.2
261.5133,20,in,37000,-964.4
261.5179,20,in,37004,-946
261.5221,20,in,37008,-956
261.5269,20,in,37012,-972
261.5319,20,in,37016,-984.2
261.5368,20,in,37020,-987
261.5427,20,in,37024,-1007.4
261.5474,20,out,37020,-967.4
261.552,20,out,37016,-1082
261.5574,20,out,37012,-925.6
261.5631,20,out,37008,-962.6
261.5677,20,out,37004,-957.4
261.5727,20,out,37000,-958
261.5781,20,out,36996,-937.4
261.5834,20,out,36992,-971.6
261.5884,20,out,36988,-950.8
261.593,20,out,36984,-899.8
261.5978,20,out,36980,-885.2
261.6027,20,out,36976,-912.8
261.6072,20,out,36972,-914.6
261.6118,20,out,36968,-856
261.6164,20,out,36964,-964.2
261.6217,20,out,36960,-896
261.6271,20,out,36956,-915.2
261.6318,20,out,36952,-931
261.6363,20,out,36948,-935.8
261.6407,20,out,36944,-918
261.6454,20,out,36940,-897.6
261.6496,20,out,36936,-966
261.6538,20,out,36932,-990.6
261.6584,20,out,36928,-952.6
261.6635,20,out,36924,-952.8
261.6681,20,out,36920,-1017.8
261.6729,20,out,36916,-903.8
261.6783,20,out,36912,-948.2
261.6831,20,out,36908,-1019.6
261.6871,20,out,36904,-963.6
261.6918,20,out,36900,-964.2
261.6967,20,out,36896,-934.2
261.7016,20,out,36892,-925.6
261.7071,20,out,36888,-907.2
261.7125,20,out,36884,-931.6
261.7174,20,out,36880,-952.6
261.7224,20,out,36876,-900.6
261.7276,20,out,36872,-916.8
261.7324,20,out,36868,-913.4
261.7373,20,out,36864,-920.6
261.7421,20,out,36860,-881.2
261.7468,20,out,36856,-902.2
261.7516,20,out,36852,-921.2
261.7561,20,out,36848,-879
261.7599,20,out,36844,-955.6
261.7638,20,out,36840,-870.8
261.7679,20,out,36836,-933
261.7724,20,out,36832,-901.8
261.7767,20,out,36828,-931.8
261.7811,20,out,36824,-937.6
261.7863,20,out,36820,-917.6
261.7907,20,out,36816,-941.6
261.7954,20,out,36812,-936.2
261.8003,20,out,36808,-918.2
261.8052,20,out,36804,-907
261.8098,20,out,36800,-919.8
261.814,20,out,36796,-901.8
261.8184,20,out,36792,-903.8
261.8227,20,out,36788,-926.6
261.827,20,out,36784,-897.2
261.8313,20,out,36780,-930.8
261.8356,20,out,36776,-952.4
261.8401,20,out,36772,-926.4
261.8446,20,out,36768,-944.6
261.8494,20,out,36764,-960
261.8543,20,out,36760,-894
261.8595,20,out,36756,-891
261.8638,20,out,36752,-929.6
261.8688,20,out,36748,-959
261.8737,20,out,36744,-931.6
261.8787,20,out,36740,-935.8
261.8831,20,out,36736,-1003.2
261.8881,20,out,36732,-972.4
261.893,20,out,36728,-965.6
261.8981,20,out,36724,-1005.4
261.9028,20,out,36720,-1006.2
261.9072,20,out,36716,-1034.6
261.9125,20,out,36712,-1012.4
261.9173,20,out,36708,-972
261.9217,20,out,36704,-958.8
261.9263,20,out,36700,-954.8
261.9314,20,out,36696,-996.4
261.9365,20,out,36692,-929.4
261.9409,20,out,36688,-987.6
261.945,20,out,36684,-1015.6
261.9492,20,out,36680,-1001.6
261.9537,20,out,36676,-960.6
261.9585,20,out,36672,-888.6
261.963,20,out,36668,-874.8
261.9677,20,out,36664,-917.8
261.9724,20,out,36660,-893.4
261.9771,20,out,36656,-889.6
261.9815,20,out,36652,-937.2
261.9859,20,out,36648,-952.6
261.9905,20,out,36644,-919.2
261.9949,20,out,36640,-934
261.9994,20,out,36636,-941.8
262.0042,20,out,36632,-932
262.0092,20,out,36628,-907.2
262.0138,20,out,36624,-909
262.0189,20,out,36620,-919
262.0239,20,out,36616,-900
262.0284,20,out,36612,-919.2
262.0334,20,out,36608,-922.2
262.0384,20,out,36604,-887.4
262.0431,20,out,36600,-911
262.0481,20,out,36596,-934.4
262.0532,20,out,36592,-910
262.0582,20,out,36588,-916.2
262.0626,20,out,36584,-942.4
262.0677,20,out,36580,-937.6
262.0734,20,out,36576,-953.2
262.078,20,out,36572,-944.8
262.0835,20,out,36568,-905
262.088,20,out,36564,-873.6
262.0929,20,out,36560,-920.8
262.0976,20,out,36556,-935
262.1025,20,out,36552,-922.2
262.1071,20,out,36548,-882.2
262.1116,20,out,36544,-942
262.1169,20,out,36540,-936.8
262.1218,20,out,36536,-939.2
262.1268,20,out,36532,-917
262.1318,20,out,36528,-918.6
262.1361,20,out,36524,-945.4
262.1411,20,out,36520,-924.6
262.1459,20,out,36516,-934.8
262.1507,20,out,36512,-1011.8
262.1556,20,out,36508,-920
262.1603,20,out,36504,-888.4
262.1649,20,out,36500,-942
262.1698,20,out,36496,-890.8
262.1745,20,out,36492,-918.4
262.1793,20,out,36488,-901.4
262.1832,20,out,36484,-957.4
262.1876,20,out,36480,-910
262.1919,20,out,36476,-934.8
262.1965,20,out,36472,-952.4
262.2013,20,out,36468,-942.6
262.2064,20,out,36464,-911.4
262.211,20,out,36460,-899.4
262.2166,20,out,36456,-943.2
262.2214,20,out,36452,-926.6
262.2261,20,out,36448,-921.2
262.2308,20,out,36444,-925.6
262.2356,20,out,36440,-922.2
262.2399,20,out,36436,-878
262.2444,20,out,36432,-916
262.2504,20,out,36428,-911.4
262.2549,20,out,36424,-896.4
262.2588,20,out2,36374,-852.2
262.2629,20,out2,36324,-912.4
262.2684,20,out2,36274,-950.6
262.2733,20,out2,36224,-950.8
262.2784,20,out2,36174,-916.8
262.2833,20,out2,36124,-929
262.2879,20,out2,36074,-890.8
262.2927,20,out2,36024,-909.4
262.2975,20,out2,35974,-911.2
262.3021,20,out2,35924,-944
262.3066,20,out2,35874,-965.2
262.3117,20,out2,35824,-934.2
262.3166,20,out2,35774,-936.4
262.3215,20,out2,35724,-920.8
262.326,20,out2,35674,-939.4
262.3309,20,out2,35624,-941
262.3354,20,out2,35574,-958.4
262.3405,20,out2,35524,-925.6
262.3451,20,out2,35474,-946.8
262.3494,20,out2,35424,-912.2
262.3542,20,out2,35374,-909.4
262.3598,20,out2,35324,-901.4
262.3647,20,out2,35274,-898.6
262.3692,20,out2,35224,-918.2
262.3742,20,out2,35174,-898
262.3795,20,out2,35124,-946.6
262.3842,20,out2,35074,-932.8
262.3887,20,out2,35024,-925
262.3932,20,out2,34974,-915.4
262.3979,20,out2,34924,-931
262.4022,20,out2,34874,-872.4
262.4066,20,out2,34824,-897
262.4115,20,out2,34774,-871.8
262.4162,20,out2,34724,-861.8
262.4211,20,out2,34674,-884
262.4258,20,out2,34624,-870.6
262.4305,20,out2,34574,-887.8
262.4349,20,out2,34524,-845.8
262.4392,20,out2,34474,-895.6
262.444,20,out2,34424,-856.2
262.4492,20,out2,34374,-884
262.4536,20,out2,34324,-944.2
262.458,20,out2,34274,-915
262.4623,20,out2,34224,-906.6
262.4674,20,out2,34174,-887.6
262.4721,20,out2,34124,-854.6
262.4767,20,out2,34074,-855.6
262.4815,20,out2,34024,-765.8
262.4865,20,out2,33974,-816.6
262.4909,20,out2,33924,-840.8
262.4958,20,out2,33874,-695.4
262.5001,20,out2,33824,-680.4
262.5045,20,out2,33774,-530
262.5093,20,out2,33724,-617.4
262.514,20,out2,33674,-506.2
262.5187,20,out2,33624,-513.2
262.5231,20,out2,33574,-499.6
262.528,20,out2,33524,-481.6
262.533,20,out2,33474,-526.4
262.5375,20,out2,33424,-437
262.5431,20,out2,33374,-379.6
262.5486,20,out2,33324,-389.2
262.5529,20,out2,33274,-282.4
262.5575,20,out2,33224,-158.2
262.5619,20,out2,33174,-253
262.566,20,out2,33124,-267.2
262.5712,20,out2,33074,-276
262.5766,20,out2,33024,-242.4
262.5809,20,out2,32974,-193.8
262.5856,20,out2,32924,-229
262.59,20,out2,32874,-257.6
262.5944,20,out2,32824,-185.8
262.5988,20,out2,32774,-260.6
262.6036,20,out2,32724,-146.6
