01:12:30    0.1s       -1 counts   -0.00 nA
01:12:30    0.1s       -1 counts   -0.00 nA
01:12:30    0.2s       -8 counts   -0.03 nA
01:12:30    0.3s       -6 counts   -0.02 nA
01:12:30    0.3s        1 counts    0.00 nA
01:12:30    0.4s       -0 counts   -0.00 nA
01:12:30    0.4s       -7 counts   -0.02 nA
01:12:30    0.5s        1 counts    0.00 nA
01:12:30    0.5s       -1 counts   -0.00 nA
01:12:30    0.6s       -1 counts   -0.00 nA
01:12:30    0.6s       -0 counts   -0.00 nA
01:12:30    0.7s       -5 counts   -0.02 nA
01:12:30    0.8s       -6 counts   -0.02 nA
01:12:30    0.8s       -3 counts   -0.01 nA
01:12:30    0.9s       -2 counts   -0.01 nA
01:12:31    0.9s       -6 counts   -0.02 nA
01:12:31    1.0s       -1 counts   -0.00 nA
01:12:31    1.0s       -3 counts   -0.01 nA
01:12:31    1.1s       -3 counts   -0.01 nA
01:12:31    1.2s       -5 counts   -0.02 nA
01:12:31    1.2s       -5 counts   -0.02 nA
01:12:31    1.3s        3 counts    0.01 nA
01:12:31    1.3s       -1 counts   -0.00 nA
01:12:31    1.4s        1 counts    0.00 nA
01:12:31    1.4s       -2 counts   -0.01 nA
01:12:31    1.5s       -5 counts   -0.02 nA
01:12:31    1.5s       -4 counts   -0.01 nA
01:12:31    1.6s        5 counts    0.02 nA
01:12:31    1.7s       -4 counts   -0.01 nA
01:12:31    1.7s       -8 counts   -0.02 nA
01:12:31    1.8s      -10 counts   -0.03 nA
01:12:31    1.8s       -7 counts   -0.02 nA
01:12:31    1.9s        2 counts    0.01 nA
01:12:32    1.9s       -1 counts   -0.00 nA
01:12:32    2.0s       -7 counts   -0.02 nA
01:12:32    2.0s       -6 counts   -0.02 nA
01:12:32    2.1s       -9 counts   -0.03 nA
01:12:32    2.2s        0 counts    0.00 nA
01:12:32    2.2s        1 counts    0.00 nA
01:12:32    2.3s      -12 counts   -0.04 nA
01:12:32    2.3s       -9 counts   -0.03 nA
01:12:32    2.4s       -0 counts   -0.00 nA
01:12:32    2.5s       -1 counts   -0.00 nA
01:12:32    2.5s       -8 counts   -0.03 nA
01:12:32    2.6s       -5 counts   -0.02 nA
01:12:32    2.6s       -5 counts   -0.02 nA
01:12:32    2.7s       -4 counts   -0.01 nA
01:12:32    2.7s       -5 counts   -0.02 nA
01:12:32    2.8s       -2 counts   -0.01 nA
01:12:32    2.9s      -16 counts   -0.05 nA
01:12:33    2.9s       -5 counts   -0.02 nA
01:12:33    3.0s        2 counts    0.01 nA
01:12:33    3.0s       -3 counts   -0.01 nA
01:12:33    3.1s       -5 counts   -0.02 nA
01:12:33    3.1s      -11 counts   -0.03 nA
01:12:33    3.2s       -5 counts   -0.02 nA
01:12:33    3.3s       -3 counts   -0.01 nA
01:12:33    3.3s       -6 counts   -0.02 nA
01:12:33    3.4s       -8 counts   -0.02 nA
01:12:33    3.4s       -1 counts   -0.00 nA
01:12:33    3.5s       -6 counts   -0.02 nA
01:12:33    3.5s       -1 counts   -0.00 nA
01:12:33    3.6s       -6 counts   -0.02 nA
01:12:33    3.7s       -4 counts   -0.01 nA
01:12:33    3.7s       -6 counts   -0.02 nA
01:12:33    3.8s        6 counts    0.02 nA
01:12:33    3.8s       -1 counts   -0.00 nA
01:12:33    3.9s        0 counts    0.00 nA
01:12:34    3.9s       -3 counts   -0.01 nA
01:12:34    4.0s       -1 counts   -0.00 nA
01:12:34    4.0s       -1 counts   -0.00 nA
01:12:34    4.1s      -13 counts   -0.04 nA
01:12:34    4.2s       -2 counts   -0.01 nA
01:12:34    4.2s       -6 counts   -0.02 nA
01:12:34    4.3s       -4 counts   -0.01 nA
01:12:34    4.3s      -10 counts   -0.03 nA
01:12:34    4.4s        1 counts    0.00 nA
01:12:34    4.5s        4 counts    0.01 nA
01:12:34    4.5s       -7 counts   -0.02 nA
01:12:34    4.6s        0 counts    0.00 nA
01:12:34    4.6s       -7 counts   -0.02 nA
01:12:34    4.7s       -4 counts   -0.01 nA
01:12:34    4.8s        1 counts    0.00 nA
01:12:34    4.9s       -2 counts   -0.01 nA
01:12:35    4.9s       -5 counts   -0.02 nA
01:12:35    5.0s        1 counts    0.00 nA
01:12:35    5.0s        2 counts    0.00 nA
01:12:35    5.1s       -6 counts   -0.02 nA
01:12:35    5.1s        0 counts    0.00 nA
01:12:35    5.2s       -7 counts   -0.02 nA
01:12:35    5.2s       -7 counts   -0.02 nA
01:12:35    5.3s       -2 counts   -0.01 nA
01:12:35    5.3s       -5 counts   -0.01 nA
01:12:35    5.4s       -3 counts   -0.01 nA
01:12:35    5.5s       -3 counts   -0.01 nA
01:12:35    5.5s      -14 counts   -0.04 nA
01:12:35    5.6s       -3 counts   -0.01 nA
01:12:35    5.6s       -0 counts   -0.00 nA
01:12:35    5.7s      -12 counts   -0.04 nA
01:12:35    5.7s        4 counts    0.01 nA
01:12:35    5.8s       -6 counts   -0.02 nA
01:12:35    5.9s       -5 counts   -0.02 nA
01:12:36    5.9s       -3 counts   -0.01 nA
01:12:36    6.0s       -3 counts   -0.01 nA
01:12:36    6.0s       -5 counts   -0.02 nA
01:12:36    6.1s        9 counts    0.03 nA
01:12:36    6.1s      -10 counts   -0.03 nA
01:12:36    6.2s       -2 counts   -0.00 nA
01:12:36    6.3s       -3 counts   -0.01 nA
01:12:36    6.3s       -7 counts   -0.02 nA
01:12:36    6.4s       -4 counts   -0.01 nA
01:12:36    6.4s      -18 counts   -0.05 nA
01:12:36    6.5s       -7 counts   -0.02 nA
01:12:36    6.6s       -1 counts   -0.00 nA
01:12:36    6.6s       -4 counts   -0.01 nA
01:12:36    6.7s        3 counts    0.01 nA
01:12:36    6.7s        4 counts    0.01 nA
01:12:36    6.8s        2 counts    0.01 nA
01:12:36    6.8s      -10 counts   -0.03 nA
01:12:36    6.9s      -11 counts   -0.03 nA
01:12:37    7.0s       -0 counts   -0.00 nA
01:12:37    7.0s        5 counts    0.01 nA
01:12:37    7.1s       -7 counts   -0.02 nA
01:12:37    7.1s       -3 counts   -0.01 nA
01:12:37    7.2s        2 counts    0.01 nA
01:12:37    7.2s      -11 counts   -0.03 nA
01:12:37    7.3s       -3 counts   -0.01 nA
01:12:37    7.4s       -9 counts   -0.03 nA
01:12:37    7.4s        5 counts    0.02 nA
01:12:37    7.5s       -3 counts   -0.01 nA
01:12:37    7.5s       -5 counts   -0.02 nA
01:12:37    7.6s       -6 counts   -0.02 nA
01:12:37    7.6s      -14 counts   -0.04 nA
01:12:37    7.7s       -7 counts   -0.02 nA
01:12:37    7.8s       -0 counts   -0.00 nA
01:12:37    7.8s       -0 counts   -0.00 nA
01:12:37    7.9s       -1 counts   -0.00 nA
01:12:38    7.9s       -3 counts   -0.01 nA
01:12:38    8.0s       -4 counts   -0.01 nA
01:12:38    8.1s       -7 counts   -0.02 nA
01:12:38    8.1s       -7 counts   -0.02 nA
01:12:38    8.2s       -0 counts   -0.00 nA
01:12:38    8.2s       -3 counts   -0.01 nA
01:12:38    8.3s        0 counts    0.00 nA
01:12:38    8.4s        3 counts    0.01 nA
01:12:38    8.4s       -3 counts   -0.01 nA
01:12:38    8.5s        1 counts    0.00 nA
01:12:38    8.5s        1 counts    0.00 nA
01:12:38    8.6s       -5 counts   -0.02 nA
01:12:38    8.7s      -13 counts   -0.04 nA
01:12:38    8.7s        0 counts    0.00 nA
01:12:38    8.8s       -7 counts   -0.02 nA
01:12:38    8.8s       -6 counts   -0.02 nA
01:12:38    8.9s       -3 counts   -0.01 nA
01:12:39    9.0s       -1 counts   -0.00 nA
01:12:39    9.0s      -13 counts   -0.04 nA
01:12:39    9.1s       -2 counts   -0.01 nA
01:12:39    9.1s       -6 counts   -0.02 nA
01:12:39    9.2s       -6 counts   -0.02 nA
01:12:39    9.2s       -1 counts   -0.00 nA
01:12:39    9.3s       -2 counts   -0.01 nA
01:12:39    9.3s        3 counts    0.01 nA
01:12:39    9.4s        3 counts    0.01 nA
01:12:39    9.5s      -18 counts   -0.05 nA
01:12:39    9.5s       -4 counts   -0.01 nA
01:12:39    9.6s       -0 counts   -0.00 nA
01:12:39    9.6s       -2 counts   -0.01 nA
01:12:39    9.7s        2 counts    0.01 nA
01:12:39    9.7s       -9 counts   -0.03 nA
01:12:39    9.8s        3 counts    0.01 nA
01:12:39    9.9s       -5 counts   -0.02 nA
01:12:40    9.9s       -1 counts   -0.00 nA
01:12:40   10.0s       -7 counts   -0.02 nA
01:12:40   10.0s       -1 counts   -0.00 nA
01:12:40   10.1s      -12 counts   -0.04 nA
01:12:40   10.1s        0 counts    0.00 nA
01:12:40   10.2s       -6 counts   -0.02 nA
01:12:40   10.3s        6 counts    0.02 nA
01:12:40   10.3s        3 counts    0.01 nA
01:12:40   10.4s       -4 counts   -0.01 nA
01:12:40   10.4s        1 counts    0.00 nA
01:12:40   10.5s       -5 counts   -0.02 nA
01:12:40   10.5s       -2 counts   -0.01 nA
01:12:40   10.6s        0 counts    0.00 nA
01:12:40   10.7s        2 counts    0.01 nA
01:12:40   10.7s       -0 counts   -0.00 nA
01:12:40   10.8s      -17 counts   -0.05 nA
01:12:40   10.8s        0 counts    0.00 nA
01:12:40   10.9s       -5 counts   -0.01 nA
01:12:41   10.9s      -11 counts   -0.03 nA
01:12:41   11.0s        1 counts    0.00 nA
01:12:41   11.1s      -11 counts   -0.04 nA
01:12:41   11.1s       -7 counts   -0.02 nA
01:12:41   11.2s       -2 counts   -0.01 nA
01:12:41   11.2s       -6 counts   -0.02 nA
01:12:41   11.3s       -2 counts   -0.01 nA
01:12:41   11.3s       -1 counts   -0.00 nA
01:12:41   11.4s       -2 counts   -0.01 nA
01:12:41   11.5s      -13 counts   -0.04 nA
01:12:41   11.5s       -3 counts   -0.01 nA
01:12:41   11.6s       -0 counts   -0.00 nA
01:12:41   11.6s       -4 counts   -0.01 nA
01:12:41   11.7s       -4 counts   -0.01 nA
01:12:41   11.7s      -16 counts   -0.05 nA
01:12:41   11.8s       -9 counts   -0.03 nA
01:12:41   11.9s       -2 counts   -0.01 nA
01:12:42   11.9s       -5 counts   -0.02 nA
01:12:42   12.0s       -3 counts   -0.01 nA
01:12:42   12.0s       -1 counts   -0.00 nA
01:12:42   12.1s       -2 counts   -0.01 nA
01:12:42   12.1s       -6 counts   -0.02 nA
01:12:42   12.2s       -1 counts   -0.00 nA
01:12:42   12.3s        1 counts    0.00 nA
01:12:42   12.3s       -5 counts   -0.01 nA
01:12:42   12.4s       -0 counts   -0.00 nA
01:12:42   12.4s      -12 counts   -0.04 nA
01:12:42   12.5s       -5 counts   -0.02 nA
01:12:42   12.6s       -6 counts   -0.02 nA
01:12:42   12.6s       -7 counts   -0.02 nA
01:12:42   12.7s       -1 counts   -0.00 nA
01:12:42   12.7s       -3 counts   -0.01 nA
01:12:42   12.8s        0 counts    0.00 nA
01:12:42   12.8s       -3 counts   -0.01 nA
01:12:42   12.9s       -3 counts   -0.01 nA
01:12:43   12.9s       -4 counts   -0.01 nA
01:12:43   13.0s       -3 counts   -0.01 nA
01:12:43   13.1s       -7 counts   -0.02 nA
01:12:43   13.1s       -2 counts   -0.01 nA
01:12:43   13.2s       -3 counts   -0.01 nA
01:12:43   13.2s       -3 counts   -0.01 nA
01:12:43   13.3s       -7 counts   -0.02 nA
01:12:43   13.3s       -6 counts   -0.02 nA
01:12:43   13.4s       -3 counts   -0.01 nA
01:12:43   13.4s       -1 counts   -0.00 nA
01:12:43   13.5s       -5 counts   -0.01 nA
01:12:43   13.6s       -1 counts   -0.00 nA
01:12:43   13.6s       -6 counts   -0.02 nA
01:12:43   13.7s       -7 counts   -0.02 nA
01:12:43   13.7s       -1 counts   -0.00 nA
01:12:43   13.8s       -1 counts   -0.00 nA
01:12:43   13.8s       -3 counts   -0.01 nA
01:12:43   13.9s       -9 counts   -0.03 nA
01:12:44   13.9s       -4 counts   -0.01 nA
01:12:44   14.0s       -1 counts   -0.00 nA
01:12:44   14.0s       -3 counts   -0.01 nA
01:12:44   14.1s      -10 counts   -0.03 nA
01:12:44   14.2s       -5 counts   -0.02 nA
01:12:44   14.2s      -11 counts   -0.03 nA
01:12:44   14.3s       -2 counts   -0.01 nA
01:12:44   14.3s       -6 counts   -0.02 nA
01:12:44   14.4s       -8 counts   -0.02 nA
01:12:44   14.4s       -6 counts   -0.02 nA
01:12:44   14.5s       -3 counts   -0.01 nA
01:12:44   14.5s       -6 counts   -0.02 nA
01:12:44   14.6s       -6 counts   -0.02 nA
01:12:44   14.6s       -5 counts   -0.02 nA
01:12:44   14.7s       -5 counts   -0.01 nA
01:12:44   14.8s       -2 counts   -0.01 nA
01:12:44   14.8s       -5 counts   -0.02 nA
01:12:44   14.9s        3 counts    0.01 nA
01:12:45   14.9s       -3 counts   -0.01 nA
01:12:45   15.0s       -5 counts   -0.01 nA
01:12:45   15.0s       -1 counts   -0.00 nA
01:12:45   15.1s       11 counts    0.04 nA
01:12:45   15.2s      -14 counts   -0.04 nA
01:12:45   15.2s       -4 counts   -0.01 nA
01:12:45   15.3s       -5 counts   -0.01 nA
01:12:45   15.3s       -4 counts   -0.01 nA
01:12:45   15.4s        3 counts    0.01 nA
01:12:45   15.5s       -3 counts   -0.01 nA
01:12:45   15.5s       -7 counts   -0.02 nA
01:12:45   15.6s       -9 counts   -0.03 nA
01:12:45   15.6s        1 counts    0.00 nA
01:12:45   15.7s        1 counts    0.00 nA
01:12:45   15.8s       -2 counts   -0.01 nA
01:12:45   15.8s       -7 counts   -0.02 nA
01:12:45   15.9s       -3 counts   -0.01 nA
01:12:46   15.9s       -9 counts   -0.03 nA
01:12:46   16.0s       -5 counts   -0.02 nA
01:12:46   16.0s       -7 counts   -0.02 nA
01:12:46   16.1s      -15 counts   -0.05 nA
01:12:46   16.2s       -2 counts   -0.00 nA
01:12:46   16.2s       -2 counts   -0.01 nA
01:12:46   16.3s      -10 counts   -0.03 nA
01:12:46   16.3s        1 counts    0.00 nA
01:12:46   16.4s       -2 counts   -0.01 nA
01:12:46   16.5s       -9 counts   -0.03 nA
01:12:46   16.5s        7 counts    0.02 nA
01:12:46   16.6s       -9 counts   -0.03 nA
01:12:46   16.6s        0 counts    0.00 nA
01:12:46   16.7s       -5 counts   -0.02 nA
01:12:46   16.7s      -10 counts   -0.03 nA
01:12:46   16.8s       -4 counts   -0.01 nA
01:12:46   16.9s      -16 counts   -0.05 nA
01:12:47   16.9s        3 counts    0.01 nA
01:12:47   17.0s       -7 counts   -0.02 nA
01:12:47   17.0s       -9 counts   -0.03 nA
01:12:47   17.1s       -7 counts   -0.02 nA
01:12:47   17.1s      -11 counts   -0.03 nA
01:12:47   17.2s       -1 counts   -0.00 nA
01:12:47   17.3s        6 counts    0.02 nA
01:12:47   17.3s       -3 counts   -0.01 nA
01:12:47   17.4s      -14 counts   -0.05 nA
01:12:47   17.4s       -7 counts   -0.02 nA
01:12:47   17.5s       -5 counts   -0.02 nA
01:12:47   17.6s       -1 counts   -0.00 nA
01:12:47   17.6s      -11 counts   -0.03 nA
01:12:47   17.7s       -0 counts   -0.00 nA
01:12:47   17.7s      -16 counts   -0.05 nA
01:12:47   17.8s       -8 counts   -0.02 nA
01:12:47   17.8s       -1 counts   -0.00 nA
01:12:48   17.9s        7 counts    0.02 nA
01:12:48   18.0s        6 counts    0.02 nA
01:12:48   18.0s       -8 counts   -0.02 nA
01:12:48   18.1s       -6 counts   -0.02 nA
01:12:48   18.1s       -6 counts   -0.02 nA
01:12:48   18.2s      -10 counts   -0.03 nA
01:12:48   18.3s       -8 counts   -0.03 nA
01:12:48   18.3s       -0 counts   -0.00 nA
01:12:48   18.4s        2 counts    0.01 nA
01:12:48   18.4s       -2 counts   -0.01 nA
01:12:48   18.5s       -7 counts   -0.02 nA
01:12:48   18.6s       -0 counts   -0.00 nA
01:12:48   18.6s       -1 counts   -0.00 nA
01:12:48   18.7s        1 counts    0.00 nA
01:12:48   18.7s        4 counts    0.01 nA
01:12:48   18.8s      -19 counts   -0.06 nA
01:12:48   18.9s        1 counts    0.00 nA
01:12:49   18.9s        7 counts    0.02 nA
01:12:49   19.0s       -4 counts   -0.01 nA
01:12:49   19.0s       -2 counts   -0.01 nA
01:12:49   19.1s       -6 counts   -0.02 nA
01:12:49   19.2s       -3 counts   -0.01 nA
01:12:49   19.2s       -9 counts   -0.03 nA
01:12:49   19.3s      -14 counts   -0.04 nA
01:12:49   19.3s       -7 counts   -0.02 nA
01:12:49   19.4s       -3 counts   -0.01 nA
01:12:49   19.5s        0 counts    0.00 nA
01:12:49   19.5s       -5 counts   -0.01 nA
01:12:49   19.6s        4 counts    0.01 nA
01:12:49   19.6s        4 counts    0.01 nA
01:12:49   19.7s       -6 counts   -0.02 nA
01:12:49   19.8s       -4 counts   -0.01 nA
01:12:49   19.8s       -4 counts   -0.01 nA
01:12:49   19.9s      -16 counts   -0.05 nA
01:12:50   19.9s       -9 counts   -0.03 nA
01:12:50   20.0s       -3 counts   -0.01 nA
01:12:50   20.0s       -2 counts   -0.01 nA
01:12:50   20.1s        0 counts    0.00 nA
01:12:50   20.2s       -4 counts   -0.01 nA
01:12:50   20.2s       -1 counts   -0.00 nA
01:12:50   20.3s       -8 counts   -0.02 nA
01:12:50   20.3s       -7 counts   -0.02 nA
01:12:50   20.4s        1 counts    0.00 nA
01:12:50   20.4s       -3 counts   -0.01 nA
01:12:50   20.5s       -5 counts   -0.01 nA
01:12:50   20.5s        4 counts    0.01 nA
01:12:50   20.6s       -5 counts   -0.02 nA
01:12:50   20.7s       -3 counts   -0.01 nA
01:12:50   20.7s        3 counts    0.01 nA
01:12:50   20.8s       -4 counts   -0.01 nA
01:12:50   20.8s       -9 counts   -0.03 nA
01:12:50   20.9s       -6 counts   -0.02 nA
01:12:51   21.0s       -8 counts   -0.03 nA
01:12:51   21.0s      -15 counts   -0.05 nA
01:12:51   21.1s       -1 counts   -0.00 nA
01:12:51   21.1s       -2 counts   -0.01 nA
01:12:51   21.2s        2 counts    0.01 nA
01:12:51   21.3s       -7 counts   -0.02 nA
01:12:51   21.3s       -6 counts   -0.02 nA
01:12:51   21.4s       -1 counts   -0.00 nA
01:12:51   21.4s       -8 counts   -0.02 nA
01:12:51   21.5s       -7 counts   -0.02 nA
01:12:51   21.6s       -7 counts   -0.02 nA
01:12:51   21.6s        0 counts    0.00 nA
01:12:51   21.7s       -3 counts   -0.01 nA
01:12:51   21.7s       -3 counts   -0.01 nA
01:12:51   21.8s        0 counts    0.00 nA
01:12:51   21.9s       -2 counts   -0.00 nA
01:12:52   21.9s       -7 counts   -0.02 nA
01:12:52   22.0s      -16 counts   -0.05 nA
01:12:52   22.0s        3 counts    0.01 nA
01:12:52   22.1s       -7 counts   -0.02 nA
01:12:52   22.2s        1 counts    0.00 nA
01:12:52   22.2s       -4 counts   -0.01 nA
01:12:52   22.3s       -7 counts   -0.02 nA
01:12:52   22.3s       -3 counts   -0.01 nA
01:12:52   22.4s       -1 counts   -0.00 nA
01:12:52   22.4s       -7 counts   -0.02 nA
01:12:52   22.5s       -4 counts   -0.01 nA
01:12:52   22.6s       -8 counts   -0.02 nA
01:12:52   22.6s        2 counts    0.00 nA
01:12:52   22.7s       -4 counts   -0.01 nA
01:12:52   22.7s      -14 counts   -0.04 nA
01:12:52   22.8s       -0 counts   -0.00 nA
01:12:52   22.9s      -13 counts   -0.04 nA
01:12:53   22.9s       -8 counts   -0.03 nA
01:12:53   23.0s       -3 counts   -0.01 nA
01:12:53   23.0s       -6 counts   -0.02 nA
01:12:53   23.1s       -4 counts   -0.01 nA
01:12:53   23.1s       -3 counts   -0.01 nA
01:12:53   23.2s       -5 counts   -0.02 nA
01:12:53   23.2s        1 counts    0.00 nA
01:12:53   23.3s       -4 counts   -0.01 nA
01:12:53   23.4s       -5 counts   -0.02 nA
01:12:53   23.4s       -9 counts   -0.03 nA
01:12:53   23.5s       -1 counts   -0.00 nA
01:12:53   23.5s       -1 counts   -0.00 nA
01:12:53   23.6s       -7 counts   -0.02 nA
01:12:53   23.6s       -6 counts   -0.02 nA
01:12:53   23.7s        8 counts    0.03 nA
01:12:53   23.8s      -11 counts   -0.03 nA
01:12:53   23.8s        1 counts    0.00 nA
01:12:53   23.9s       -4 counts   -0.01 nA
01:12:54   23.9s       -6 counts   -0.02 nA
01:12:54   24.0s      -13 counts   -0.04 nA
01:12:54   24.1s       -9 counts   -0.03 nA
01:12:54   24.1s       -8 counts   -0.02 nA
01:12:54   24.2s       -2 counts   -0.01 nA
01:12:54   24.2s       -3 counts   -0.01 nA
01:12:54   24.3s       -4 counts   -0.01 nA
01:12:54   24.4s       -6 counts   -0.02 nA
01:12:54   24.4s       -0 counts   -0.00 nA
01:12:54   24.5s        2 counts    0.01 nA
01:12:54   24.5s      -10 counts   -0.03 nA
01:12:54   24.6s       -6 counts   -0.02 nA
01:12:54   24.7s       -1 counts   -0.00 nA
01:12:54   24.7s        1 counts    0.00 nA
01:12:54   24.8s      -11 counts   -0.04 nA
01:12:54   24.8s      -10 counts   -0.03 nA
01:12:54   24.9s       -0 counts   -0.00 nA
01:12:55   25.0s       -5 counts   -0.02 nA
01:12:55   25.0s       -8 counts   -0.03 nA
01:12:55   25.1s       -6 counts   -0.02 nA
01:12:55   25.1s      -10 counts   -0.03 nA
01:12:55   25.2s      -13 counts   -0.04 nA
01:12:55   25.3s        1 counts    0.00 nA
01:12:55   25.3s      -14 counts   -0.04 nA
01:12:55   25.4s       -7 counts   -0.02 nA
01:12:55   25.4s      -13 counts   -0.04 nA
01:12:55   25.5s       -4 counts   -0.01 nA
01:12:55   25.6s       -9 counts   -0.03 nA
01:12:55   25.6s       -9 counts   -0.03 nA
01:12:55   25.7s       -6 counts   -0.02 nA
01:12:55   25.7s       -1 counts   -0.00 nA
01:12:55   25.8s       -8 counts   -0.03 nA
01:12:55   25.9s       -6 counts   -0.02 nA
01:12:56   25.9s        0 counts    0.00 nA
01:12:56   26.0s       -8 counts   -0.03 nA
01:12:56   26.0s       -1 counts   -0.00 nA
01:12:56   26.1s       -2 counts   -0.01 nA
01:12:56   26.1s        1 counts    0.00 nA
01:12:56   26.2s        3 counts    0.01 nA
01:12:56   26.3s        2 counts    0.01 nA
01:12:56   26.3s       -8 counts   -0.03 nA
01:12:56   26.4s       -4 counts   -0.01 nA
01:12:56   26.4s       -5 counts   -0.02 nA
01:12:56   26.5s       -9 counts   -0.03 nA
01:12:56   26.5s        1 counts    0.00 nA
01:12:56   26.6s       -2 counts   -0.01 nA
01:12:56   26.7s       -8 counts   -0.02 nA
01:12:56   26.7s       -3 counts   -0.01 nA
01:12:56   26.8s       -5 counts   -0.02 nA
01:12:56   26.8s       -9 counts   -0.03 nA
01:12:57   26.9s       -2 counts   -0.01 nA
01:12:57   27.0s       -2 counts   -0.01 nA
01:12:57   27.1s       -6 counts   -0.02 nA
01:12:57   27.1s       -4 counts   -0.01 nA
01:12:57   27.2s       -6 counts   -0.02 nA
01:12:57   27.2s      -13 counts   -0.04 nA
01:12:57   27.3s       -0 counts   -0.00 nA
01:12:57   27.4s       -8 counts   -0.03 nA
01:12:57   27.4s       -1 counts   -0.00 nA
01:12:57   27.5s      -10 counts   -0.03 nA
01:12:57   27.5s       -2 counts   -0.01 nA
01:12:57   27.6s      -11 counts   -0.03 nA
01:12:57   27.7s       -3 counts   -0.01 nA
01:12:57   27.7s      -11 counts   -0.03 nA
01:12:57   27.8s       -3 counts   -0.01 nA
01:12:57   27.8s       -2 counts   -0.01 nA
01:12:57   27.9s      -10 counts   -0.03 nA
01:12:58   28.0s      -11 counts   -0.03 nA
01:12:58   28.0s      -10 counts   -0.03 nA
01:12:58   28.1s       -7 counts   -0.02 nA
01:12:58   28.1s      -11 counts   -0.03 nA
01:12:58   28.2s       -9 counts   -0.03 nA
01:12:58   28.2s        7 counts    0.02 nA
01:12:58   28.3s       -9 counts   -0.03 nA
01:12:58   28.4s       -7 counts   -0.02 nA
01:12:58   28.4s        6 counts    0.02 nA
01:12:58   28.5s        5 counts    0.02 nA
01:12:58   28.5s      -14 counts   -0.05 nA
01:12:58   28.6s       -9 counts   -0.03 nA
01:12:58   28.7s      -12 counts   -0.04 nA
01:12:58   28.7s       -5 counts   -0.01 nA
01:12:58   28.8s       -6 counts   -0.02 nA
01:12:58   28.8s       -2 counts   -0.01 nA
01:12:58   28.9s       -4 counts   -0.01 nA
01:12:59   28.9s       -1 counts   -0.00 nA
01:12:59   29.0s       -2 counts   -0.01 nA
01:12:59   29.0s       -1 counts   -0.00 nA
01:12:59   29.1s       -5 counts   -0.02 nA
01:12:59   29.2s        1 counts    0.00 nA
01:12:59   29.2s      -16 counts   -0.05 nA
01:12:59   29.3s       -8 counts   -0.02 nA
01:12:59   29.3s       -8 counts   -0.03 nA
01:12:59   29.4s        5 counts    0.02 nA
01:12:59   29.5s      -13 counts   -0.04 nA
01:12:59   29.5s       -4 counts   -0.01 nA
01:12:59   29.6s       -2 counts   -0.01 nA
01:12:59   29.6s       -9 counts   -0.03 nA
01:12:59   29.7s      -11 counts   -0.04 nA
01:12:59   29.7s       -7 counts   -0.02 nA
01:12:59   29.8s        2 counts    0.01 nA
01:12:59   29.9s       -9 counts   -0.03 nA
01:13:00   29.9s       -8 counts   -0.02 nA
01:13:00   30.0s       -8 counts   -0.02 nA
01:13:00   30.0s       -5 counts   -0.02 nA
01:13:00   30.1s       -3 counts   -0.01 nA
01:13:00   30.2s        4 counts    0.01 nA
01:13:00   30.2s        3 counts    0.01 nA
01:13:00   30.3s       -5 counts   -0.02 nA
01:13:00   30.3s      -12 counts   -0.04 nA
01:13:00   30.4s       -3 counts   -0.01 nA
01:13:00   30.4s       -0 counts   -0.00 nA
01:13:00   30.5s       -1 counts   -0.00 nA
01:13:00   30.5s      -10 counts   -0.03 nA
01:13:00   30.6s      -10 counts   -0.03 nA
01:13:00   30.7s      -10 counts   -0.03 nA
01:13:00   30.8s       -5 counts   -0.02 nA
01:13:00   30.8s       -4 counts   -0.01 nA
01:13:00   30.9s       -3 counts   -0.01 nA
01:13:01   30.9s       -7 counts   -0.02 nA
01:13:01   31.0s       -3 counts   -0.01 nA
01:13:01   31.0s       -0 counts   -0.00 nA
01:13:01   31.1s       -3 counts   -0.01 nA
01:13:01   31.1s       -2 counts   -0.01 nA
01:13:01   31.2s       -6 counts   -0.02 nA
01:13:01   31.3s       -6 counts   -0.02 nA
01:13:01   31.3s       -3 counts   -0.01 nA
01:13:01   31.4s      -13 counts   -0.04 nA
01:13:01   31.4s       -1 counts   -0.00 nA
01:13:01   31.5s       -1 counts   -0.00 nA
01:13:01   31.5s       -3 counts   -0.01 nA
01:13:01   31.6s       -1 counts   -0.00 nA
01:13:01   31.7s       -1 counts   -0.00 nA
01:13:01   31.7s       -1 counts   -0.00 nA
01:13:01   31.8s       -2 counts   -0.01 nA
01:13:01   31.8s       -4 counts   -0.01 nA
01:13:01   31.9s       -2 counts   -0.01 nA
01:13:02   31.9s       -4 counts   -0.01 nA
01:13:02   32.0s       -7 counts   -0.02 nA
01:13:02   32.1s      -10 counts   -0.03 nA
01:13:02   32.1s       -4 counts   -0.01 nA
01:13:02   32.2s       -2 counts   -0.01 nA
01:13:02   32.2s       -4 counts   -0.01 nA
01:13:02   32.3s       -5 counts   -0.02 nA
01:13:02   32.3s       -9 counts   -0.03 nA
01:13:02   32.4s       -6 counts   -0.02 nA
01:13:02   32.5s       -1 counts   -0.00 nA
01:13:02   32.5s      -10 counts   -0.03 nA
01:13:02   32.6s       -3 counts   -0.01 nA
01:13:02   32.6s       -2 counts   -0.01 nA
01:13:02   32.7s       -4 counts   -0.01 nA
01:13:02   32.7s       -5 counts   -0.02 nA
01:13:02   32.8s        2 counts    0.01 nA
01:13:02   32.9s       -3 counts   -0.01 nA
01:13:03   32.9s        6 counts    0.02 nA
01:13:03   33.0s       -5 counts   -0.02 nA
01:13:03   33.0s        4 counts    0.01 nA
01:13:03   33.1s       -7 counts   -0.02 nA
01:13:03   33.1s       -6 counts   -0.02 nA
01:13:03   33.2s        0 counts    0.00 nA
01:13:03   33.3s       -5 counts   -0.02 nA
01:13:03   33.3s       -6 counts   -0.02 nA
01:13:03   33.4s       -5 counts   -0.01 nA
01:13:03   33.4s       -3 counts   -0.01 nA
01:13:03   33.5s       -3 counts   -0.01 nA
01:13:03   33.5s       -9 counts   -0.03 nA
01:13:03   33.6s       -8 counts   -0.03 nA
01:13:03   33.7s       -7 counts   -0.02 nA
01:13:03   33.7s       -6 counts   -0.02 nA
01:13:03   33.8s        6 counts    0.02 nA
01:13:03   33.8s       -1 counts   -0.00 nA
01:13:04   33.9s       -3 counts   -0.01 nA
01:13:04   34.0s       -2 counts   -0.01 nA
01:13:04   34.0s       -7 counts   -0.02 nA
01:13:04   34.1s       -5 counts   -0.02 nA
01:13:04   34.1s        8 counts    0.02 nA
01:13:04   34.2s       -4 counts   -0.01 nA
01:13:04   34.3s       -6 counts   -0.02 nA
01:13:04   34.3s       -2 counts   -0.01 nA
01:13:04   34.4s       -7 counts   -0.02 nA
01:13:04   34.4s       -2 counts   -0.01 nA
01:13:04   34.5s      -10 counts   -0.03 nA
01:13:04   34.5s       -6 counts   -0.02 nA
01:13:04   34.6s      -10 counts   -0.03 nA
01:13:04   34.7s       -1 counts   -0.00 nA
01:13:04   34.7s       -9 counts   -0.03 nA
01:13:04   34.8s        2 counts    0.01 nA
01:13:04   34.8s       -4 counts   -0.01 nA
01:13:04   34.9s        2 counts    0.01 nA
01:13:05   34.9s       -3 counts   -0.01 nA
01:13:05   35.0s       -8 counts   -0.02 nA
01:13:05   35.1s       -5 counts   -0.01 nA
01:13:05   35.1s       -1 counts   -0.00 nA
01:13:05   35.2s       -3 counts   -0.01 nA
01:13:05   35.2s      -13 counts   -0.04 nA
01:13:05   35.3s       -7 counts   -0.02 nA
01:13:05   35.3s       -6 counts   -0.02 nA
01:13:05   35.4s       -6 counts   -0.02 nA
01:13:05   35.5s       -4 counts   -0.01 nA
01:13:05   35.5s        1 counts    0.00 nA
01:13:05   35.6s       -9 counts   -0.03 nA
01:13:05   35.6s       -8 counts   -0.03 nA
01:13:05   35.7s       -0 counts   -0.00 nA
01:13:05   35.7s       -1 counts   -0.00 nA
01:13:05   35.8s        1 counts    0.00 nA
01:13:05   35.9s       -2 counts   -0.00 nA
01:13:06   35.9s       -4 counts   -0.01 nA
01:13:06   36.0s       -3 counts   -0.01 nA
01:13:06   36.0s      -12 counts   -0.04 nA
01:13:06   36.1s       -3 counts   -0.01 nA
01:13:06   36.1s        0 counts    0.00 nA
01:13:06   36.2s       -5 counts   -0.02 nA
01:13:06   36.2s        2 counts    0.00 nA
01:13:06   36.3s       -5 counts   -0.02 nA
01:13:06   36.4s       -1 counts   -0.00 nA
01:13:06   36.4s       -3 counts   -0.01 nA
01:13:06   36.5s       -8 counts   -0.03 nA
01:13:06   36.5s       -6 counts   -0.02 nA
01:13:06   36.6s       -2 counts   -0.01 nA
01:13:06   36.6s       -2 counts   -0.01 nA
01:13:06   36.7s       -3 counts   -0.01 nA
01:13:06   36.8s        7 counts    0.02 nA
01:13:06   36.8s       -6 counts   -0.02 nA
01:13:06   36.9s       -3 counts   -0.01 nA
01:13:07   36.9s      -10 counts   -0.03 nA
01:13:07   37.0s       -0 counts   -0.00 nA
01:13:07   37.0s       -8 counts   -0.02 nA
01:13:07   37.1s       -0 counts   -0.00 nA
01:13:07   37.2s       -6 counts   -0.02 nA
01:13:07   37.2s      -12 counts   -0.04 nA
01:13:07   37.3s        6 counts    0.02 nA
01:13:07   37.3s       -4 counts   -0.01 nA
01:13:07   37.4s       -7 counts   -0.02 nA
01:13:07   37.5s       -5 counts   -0.02 nA
01:13:07   37.5s       -4 counts   -0.01 nA
01:13:07   37.6s       -7 counts   -0.02 nA
01:13:07   37.6s       -6 counts   -0.02 nA
01:13:07   37.7s       -6 counts   -0.02 nA
01:13:07   37.7s       -2 counts   -0.01 nA
01:13:07   37.8s       -0 counts   -0.00 nA
01:13:07   37.9s       -2 counts   -0.00 nA
01:13:08   37.9s      -10 counts   -0.03 nA
01:13:08   38.0s       -5 counts   -0.01 nA
01:13:08   38.0s       -2 counts   -0.01 nA
01:13:08   38.1s       -1 counts   -0.00 nA
01:13:08   38.2s       -7 counts   -0.02 nA
01:13:08   38.2s       -5 counts   -0.02 nA
01:13:08   38.3s      -10 counts   -0.03 nA
01:13:08   38.3s       -2 counts   -0.01 nA
01:13:08   38.4s       -5 counts   -0.02 nA
01:13:08   38.5s       -3 counts   -0.01 nA
01:13:08   38.5s       -6 counts   -0.02 nA
01:13:08   38.6s       -5 counts   -0.02 nA
01:13:08   38.6s       -4 counts   -0.01 nA
01:13:08   38.7s       -5 counts   -0.02 nA
01:13:08   38.8s       -4 counts   -0.01 nA
01:13:08   38.8s        5 counts    0.01 nA
01:13:08   38.9s       -4 counts   -0.01 nA
01:13:09   38.9s       -1 counts   -0.00 nA
01:13:09   39.0s       -3 counts   -0.01 nA
01:13:09   39.0s       -8 counts   -0.02 nA
01:13:09   39.1s       -6 counts   -0.02 nA
01:13:09   39.1s       -4 counts   -0.01 nA
01:13:09   39.2s       -8 counts   -0.02 nA
01:13:09   39.3s       -7 counts   -0.02 nA
01:13:09   39.3s       -4 counts   -0.01 nA
01:13:09   39.4s       -3 counts   -0.01 nA
01:13:09   39.4s       -2 counts   -0.01 nA
01:13:09   39.5s       -3 counts   -0.01 nA
01:13:09   39.5s       -8 counts   -0.03 nA
01:13:09   39.6s       -3 counts   -0.01 nA
01:13:09   39.7s       -7 counts   -0.02 nA
01:13:09   39.7s       -4 counts   -0.01 nA
01:13:09   39.8s       -3 counts   -0.01 nA
01:13:09   39.8s       -6 counts   -0.02 nA
01:13:09   39.9s       -3 counts   -0.01 nA
01:13:10   39.9s       -6 counts   -0.02 nA
01:13:10   40.0s       -3 counts   -0.01 nA
01:13:10   40.0s       -5 counts   -0.02 nA
01:13:10   40.1s       -3 counts   -0.01 nA
01:13:10   40.2s      -12 counts   -0.04 nA
01:13:10   40.2s       -2 counts   -0.01 nA
01:13:10   40.3s       -3 counts   -0.01 nA
01:13:10   40.3s      -11 counts   -0.03 nA
01:13:10   40.4s       -5 counts   -0.01 nA
01:13:10   40.4s       -6 counts   -0.02 nA
01:13:10   40.5s       -4 counts   -0.01 nA
01:13:10   40.6s       -1 counts   -0.00 nA
01:13:10   40.6s       -0 counts   -0.00 nA
01:13:10   40.7s       -9 counts   -0.03 nA
01:13:10   40.7s        2 counts    0.01 nA
01:13:10   40.8s        9 counts    0.03 nA
01:13:10   40.8s       -7 counts   -0.02 nA
01:13:10   40.9s       -7 counts   -0.02 nA
01:13:11   41.0s       -4 counts   -0.01 nA
01:13:11   41.0s        1 counts    0.00 nA
01:13:11   41.1s       -4 counts   -0.01 nA
01:13:11   41.1s       -4 counts   -0.01 nA
01:13:11   41.2s       -2 counts   -0.01 nA
01:13:11   41.2s       -1 counts   -0.00 nA
01:13:11   41.3s       -1 counts   -0.00 nA
01:13:11   41.3s       -4 counts   -0.01 nA
01:13:11   41.4s       -7 counts   -0.02 nA
01:13:11   41.5s       -2 counts   -0.01 nA
01:13:11   41.5s       -2 counts   -0.01 nA
01:13:11   41.6s       -7 counts   -0.02 nA
01:13:11   41.7s       -3 counts   -0.01 nA
01:13:11   41.7s       -7 counts   -0.02 nA
01:13:11   41.8s       -7 counts   -0.02 nA
01:13:11   41.8s       -4 counts   -0.01 nA
01:13:11   41.9s       -4 counts   -0.01 nA
01:13:12   41.9s       -6 counts   -0.02 nA
01:13:12   42.0s       -3 counts   -0.01 nA
01:13:12   42.0s       -1 counts   -0.00 nA
01:13:12   42.1s       -5 counts   -0.02 nA
01:13:12   42.2s       -4 counts   -0.01 nA
01:13:12   42.2s       -6 counts   -0.02 nA
01:13:12   42.3s       -8 counts   -0.03 nA
01:13:12   42.3s       -2 counts   -0.01 nA
01:13:12   42.4s       -6 counts   -0.02 nA
01:13:12   42.4s       -5 counts   -0.01 nA
01:13:12   42.5s       -3 counts   -0.01 nA
01:13:12   42.6s       -3 counts   -0.01 nA
01:13:12   42.6s       -7 counts   -0.02 nA
01:13:12   42.7s       -5 counts   -0.01 nA
01:13:12   42.7s       -7 counts   -0.02 nA
01:13:12   42.8s       -5 counts   -0.01 nA
01:13:12   42.8s       -2 counts   -0.01 nA
01:13:12   42.9s        2 counts    0.01 nA
01:13:13   42.9s       -7 counts   -0.02 nA
01:13:13   43.0s       -2 counts   -0.01 nA
01:13:13   43.0s       -4 counts   -0.01 nA
01:13:13   43.1s       -7 counts   -0.02 nA
01:13:13   43.2s       -4 counts   -0.01 nA
01:13:13   43.2s       -7 counts   -0.02 nA
01:13:13   43.3s       -4 counts   -0.01 nA
01:13:13   43.3s       -6 counts   -0.02 nA
01:13:13   43.4s        0 counts    0.00 nA
01:13:13   43.4s        2 counts    0.01 nA
01:13:13   43.5s       -5 counts   -0.02 nA
01:13:13   43.6s       -4 counts   -0.01 nA
01:13:13   43.6s       -3 counts   -0.01 nA
01:13:13   43.7s       -8 counts   -0.02 nA
01:13:13   43.7s       -3 counts   -0.01 nA
01:13:13   43.8s        2 counts    0.01 nA
01:13:13   43.9s       -3 counts   -0.01 nA
01:13:14   43.9s      -11 counts   -0.03 nA
01:13:14   44.0s       -5 counts   -0.01 nA
01:13:14   44.0s        3 counts    0.01 nA
01:13:14   44.1s       -4 counts   -0.01 nA
01:13:14   44.1s       -4 counts   -0.01 nA
01:13:14   44.2s       -8 counts   -0.02 nA
01:13:14   44.3s       -7 counts   -0.02 nA
01:13:14   44.3s       -0 counts   -0.00 nA
01:13:14   44.4s       -3 counts   -0.01 nA
01:13:14   44.4s      -12 counts   -0.04 nA
01:13:14   44.5s        1 counts    0.00 nA
01:13:14   44.6s       -3 counts   -0.01 nA
01:13:14   44.6s       -8 counts   -0.02 nA
01:13:14   44.7s       -4 counts   -0.01 nA
01:13:14   44.8s       -4 counts   -0.01 nA
01:13:14   44.8s       -1 counts   -0.00 nA
01:13:14   44.9s       -2 counts   -0.01 nA
01:13:15   44.9s       -3 counts   -0.01 nA
01:13:15   45.0s       -5 counts   -0.01 nA
01:13:15   45.0s       -2 counts   -0.01 nA
01:13:15   45.1s       -1 counts   -0.00 nA
01:13:15   45.1s      -11 counts   -0.04 nA
01:13:15   45.2s        3 counts    0.01 nA
01:13:15   45.2s       -9 counts   -0.03 nA
01:13:15   45.3s        3 counts    0.01 nA
01:13:15   45.4s      -10 counts   -0.03 nA
01:13:15   45.4s        0 counts    0.00 nA
01:13:15   45.5s       -2 counts   -0.01 nA
01:13:15   45.5s       -2 counts   -0.01 nA
01:13:15   45.6s      -12 counts   -0.04 nA
01:13:15   45.6s        1 counts    0.00 nA
01:13:15   45.7s       -9 counts   -0.03 nA
01:13:15   45.7s        7 counts    0.02 nA
01:13:15   45.8s      -10 counts   -0.03 nA
01:13:15   45.9s       -7 counts   -0.02 nA
01:13:16   45.9s       -6 counts   -0.02 nA
01:13:16   46.0s       -8 counts   -0.03 nA
01:13:16   46.0s       -0 counts   -0.00 nA
01:13:16   46.1s       -3 counts   -0.01 nA
01:13:16   46.2s       -9 counts   -0.03 nA
01:13:16   46.2s       -6 counts   -0.02 nA
01:13:16   46.3s       -8 counts   -0.03 nA
01:13:16   46.3s        5 counts    0.02 nA
01:13:16   46.4s       -4 counts   -0.01 nA
01:13:16   46.4s       -3 counts   -0.01 nA
01:13:16   46.5s       -3 counts   -0.01 nA
01:13:16   46.5s      -13 counts   -0.04 nA
01:13:16   46.6s       -6 counts   -0.02 nA
01:13:16   46.7s       -3 counts   -0.01 nA
01:13:16   46.7s      -12 counts   -0.04 nA
01:13:16   46.8s       -5 counts   -0.02 nA
01:13:16   46.8s      -11 counts   -0.03 nA
01:13:16   46.9s       -7 counts   -0.02 nA
01:13:17   46.9s       -2 counts   -0.01 nA
01:13:17   47.0s       -7 counts   -0.02 nA
01:13:17   47.1s      -14 counts   -0.04 nA
01:13:17   47.1s       -9 counts   -0.03 nA
01:13:17   47.2s       -5 counts   -0.01 nA
01:13:17   47.2s       -1 counts   -0.00 nA
01:13:17   47.3s        0 counts    0.00 nA
01:13:17   47.3s       -3 counts   -0.01 nA
01:13:17   47.4s       -1 counts   -0.00 nA
01:13:17   47.5s       -3 counts   -0.01 nA
01:13:17   47.5s       -9 counts   -0.03 nA
01:13:17   47.6s       -6 counts   -0.02 nA
01:13:17   47.6s       -9 counts   -0.03 nA
01:13:17   47.7s        2 counts    0.01 nA
01:13:17   47.7s       -3 counts   -0.01 nA
01:13:17   47.8s       -8 counts   -0.03 nA
01:13:17   47.9s       -9 counts   -0.03 nA
01:13:18   47.9s        1 counts    0.00 nA
01:13:18   48.0s      -17 counts   -0.05 nA
01:13:18   48.0s       -8 counts   -0.02 nA
01:13:18   48.1s        5 counts    0.02 nA
01:13:18   48.1s       -3 counts   -0.01 nA
01:13:18   48.2s      -12 counts   -0.04 nA
01:13:18   48.2s       -7 counts   -0.02 nA
01:13:18   48.3s       -4 counts   -0.01 nA
01:13:18   48.4s       -1 counts   -0.00 nA
01:13:18   48.4s       -5 counts   -0.02 nA
01:13:18   48.5s       -4 counts   -0.01 nA
01:13:18   48.5s       -6 counts   -0.02 nA
01:13:18   48.6s       -4 counts   -0.01 nA
01:13:18   48.7s       -4 counts   -0.01 nA
01:13:18   48.7s       -1 counts   -0.00 nA
01:13:18   48.8s       -2 counts   -0.01 nA
01:13:18   48.8s      -11 counts   -0.03 nA
01:13:18   48.9s       -5 counts   -0.02 nA
01:13:19   48.9s       -8 counts   -0.02 nA
01:13:19   49.0s        0 counts    0.00 nA
01:13:19   49.0s       -7 counts   -0.02 nA
01:13:19   49.1s       -0 counts   -0.00 nA
01:13:19   49.2s       -4 counts   -0.01 nA
01:13:19   49.2s       -6 counts   -0.02 nA
01:13:19   49.3s       -1 counts   -0.00 nA
01:13:19   49.3s       -1 counts   -0.00 nA
01:13:19   49.4s       -4 counts   -0.01 nA
01:13:19   49.5s      -12 counts   -0.04 nA
01:13:19   49.5s       -0 counts   -0.00 nA
01:13:19   49.6s       -3 counts   -0.01 nA
01:13:19   49.6s       -1 counts   -0.00 nA
01:13:19   49.7s       -4 counts   -0.01 nA
01:13:19   49.8s       -1 counts   -0.00 nA
01:13:19   49.8s       -7 counts   -0.02 nA
01:13:19   49.9s       -1 counts   -0.00 nA
01:13:20   49.9s       -6 counts   -0.02 nA
01:13:20   50.0s       -6 counts   -0.02 nA
01:13:20   50.1s       -3 counts   -0.01 nA
01:13:20   50.1s       -5 counts   -0.02 nA
01:13:20   50.2s       -5 counts   -0.02 nA
01:13:20   50.2s        1 counts    0.00 nA
01:13:20   50.3s       -5 counts   -0.01 nA
01:13:20   50.3s       -6 counts   -0.02 nA
01:13:20   50.4s       -5 counts   -0.01 nA
01:13:20   50.5s       -1 counts   -0.00 nA
01:13:20   50.5s        1 counts    0.00 nA
01:13:20   50.6s       -0 counts   -0.00 nA
01:13:20   50.6s       -5 counts   -0.02 nA
01:13:20   50.7s       -4 counts   -0.01 nA
01:13:20   50.8s       -6 counts   -0.02 nA
01:13:20   50.8s       -7 counts   -0.02 nA
01:13:21   50.9s       -2 counts   -0.01 nA
01:13:21   51.0s       -2 counts   -0.01 nA
01:13:21   51.0s       -8 counts   -0.03 nA
01:13:21   51.1s       -2 counts   -0.01 nA
01:13:21   51.1s       -2 counts   -0.01 nA
01:13:21   51.2s       -5 counts   -0.01 nA
01:13:21   51.3s       -8 counts   -0.03 nA
01:13:21   51.3s      -10 counts   -0.03 nA
01:13:21   51.4s       -7 counts   -0.02 nA
01:13:21   51.4s       -2 counts   -0.01 nA
01:13:21   51.5s       -1 counts   -0.00 nA
01:13:21   51.6s       -4 counts   -0.01 nA
01:13:21   51.6s       -9 counts   -0.03 nA
01:13:21   51.7s       -5 counts   -0.01 nA
01:13:21   51.7s       -7 counts   -0.02 nA
01:13:21   51.8s        4 counts    0.01 nA
01:13:21   51.9s       -7 counts   -0.02 nA
01:13:22   51.9s       -5 counts   -0.02 nA
01:13:22   52.0s        1 counts    0.00 nA
01:13:22   52.0s       -4 counts   -0.01 nA
01:13:22   52.1s       -4 counts   -0.01 nA
01:13:22   52.1s       -2 counts   -0.01 nA
01:13:22   52.2s        2 counts    0.01 nA
01:13:22   52.3s       -5 counts   -0.01 nA
01:13:22   52.3s        2 counts    0.01 nA
01:13:22   52.4s      -12 counts   -0.04 nA
01:13:22   52.4s       -8 counts   -0.03 nA
01:13:22   52.5s        6 counts    0.02 nA
01:13:22   52.6s       -3 counts   -0.01 nA
01:13:22   52.6s       -1 counts   -0.00 nA
01:13:22   52.7s      -10 counts   -0.03 nA
01:13:22   52.7s      -10 counts   -0.03 nA
01:13:22   52.8s       -2 counts   -0.01 nA
01:13:22   52.9s      -13 counts   -0.04 nA
01:13:23   52.9s       -7 counts   -0.02 nA
01:13:23   53.0s       -4 counts   -0.01 nA
01:13:23   53.0s       -1 counts   -0.00 nA
01:13:23   53.1s       -2 counts   -0.01 nA
01:13:23   53.2s      -12 counts   -0.04 nA
01:13:23   53.2s       -6 counts   -0.02 nA
01:13:23   53.3s       -9 counts   -0.03 nA
01:13:23   53.3s       -2 counts   -0.01 nA
01:13:23   53.4s       -2 counts   -0.01 nA
01:13:23   53.5s       -2 counts   -0.00 nA
01:13:23   53.5s       -4 counts   -0.01 nA
01:13:23   53.6s        3 counts    0.01 nA
01:13:23   53.6s       -4 counts   -0.01 nA
01:13:23   53.7s       -4 counts   -0.01 nA
01:13:23   53.7s       -6 counts   -0.02 nA
01:13:23   53.8s       -3 counts   -0.01 nA
01:13:23   53.9s       -8 counts   -0.02 nA
01:13:24   53.9s       -7 counts   -0.02 nA
01:13:24   54.0s       -1 counts   -0.00 nA
01:13:24   54.0s       -5 counts   -0.01 nA
01:13:24   54.1s       -8 counts   -0.02 nA
01:13:24   54.2s       -5 counts   -0.02 nA
01:13:24   54.2s        5 counts    0.02 nA
01:13:24   54.3s        1 counts    0.00 nA
01:13:24   54.3s        4 counts    0.01 nA
01:13:24   54.4s        1 counts    0.00 nA
01:13:24   54.4s        1 counts    0.00 nA
01:13:24   54.5s       -2 counts   -0.01 nA
01:13:24   54.6s       -2 counts   -0.01 nA
01:13:24   54.6s        4 counts    0.01 nA
01:13:24   54.7s        0 counts    0.00 nA
01:13:24   54.7s       -1 counts   -0.00 nA
01:13:24   54.8s        0 counts    0.00 nA
01:13:24   54.9s       -9 counts   -0.03 nA
01:13:25   54.9s       -3 counts   -0.01 nA
01:13:25   55.0s       -5 counts   -0.02 nA
01:13:25   55.0s       -4 counts   -0.01 nA
01:13:25   55.1s        3 counts    0.01 nA
01:13:25   55.2s        1 counts    0.00 nA
01:13:25   55.2s        6 counts    0.02 nA
01:13:25   55.3s       -9 counts   -0.03 nA
01:13:25   55.3s       -6 counts   -0.02 nA
01:13:25   55.4s       -2 counts   -0.01 nA
01:13:25   55.5s       -4 counts   -0.01 nA
01:13:25   55.5s       -5 counts   -0.02 nA
01:13:25   55.6s       -7 counts   -0.02 nA
01:13:25   55.6s       -3 counts   -0.01 nA
01:13:25   55.7s       -5 counts   -0.02 nA
01:13:25   55.7s       -4 counts   -0.01 nA
01:13:25   55.8s       -2 counts   -0.00 nA
01:13:25   55.8s       -1 counts   -0.00 nA
01:13:26   55.9s        0 counts    0.00 nA
01:13:26   56.0s       -5 counts   -0.02 nA
01:13:26   56.0s        0 counts    0.00 nA
01:13:26   56.1s       -4 counts   -0.01 nA
01:13:26   56.1s       -5 counts   -0.02 nA
01:13:26   56.2s       -4 counts   -0.01 nA
01:13:26   56.2s       -2 counts   -0.01 nA
01:13:26   56.3s       -4 counts   -0.01 nA
01:13:26   56.3s       -5 counts   -0.01 nA
01:13:26   56.4s       -8 counts   -0.02 nA
01:13:26   56.5s        2 counts    0.01 nA
01:13:26   56.5s       -5 counts   -0.01 nA
01:13:26   56.6s       -7 counts   -0.02 nA
01:13:26   56.6s       -6 counts   -0.02 nA
01:13:26   56.7s       -6 counts   -0.02 nA
01:13:26   56.8s       -0 counts   -0.00 nA
01:13:26   56.8s       -4 counts   -0.01 nA
01:13:26   56.9s        3 counts    0.01 nA
01:13:27   56.9s       -5 counts   -0.01 nA
01:13:27   57.0s      -14 counts   -0.04 nA
01:13:27   57.0s       -1 counts   -0.00 nA
01:13:27   57.1s      -10 counts   -0.03 nA
01:13:27   57.2s       -2 counts   -0.00 nA
01:13:27   57.2s       -9 counts   -0.03 nA
01:13:27   57.3s       -2 counts   -0.01 nA
01:13:27   57.3s       -8 counts   -0.02 nA
01:13:27   57.4s       -6 counts   -0.02 nA
01:13:27   57.5s       -3 counts   -0.01 nA
01:13:27   57.5s       -4 counts   -0.01 nA
01:13:27   57.6s       -8 counts   -0.03 nA
01:13:27   57.6s       -3 counts   -0.01 nA
01:13:27   57.7s       -4 counts   -0.01 nA
01:13:27   57.7s        1 counts    0.00 nA
01:13:27   57.8s       -5 counts   -0.01 nA
01:13:27   57.9s       -5 counts   -0.01 nA
01:13:28   57.9s      -10 counts   -0.03 nA
01:13:28   58.0s       -9 counts   -0.03 nA
01:13:28   58.0s       -8 counts   -0.02 nA
01:13:28   58.1s       -2 counts   -0.01 nA
01:13:28   58.1s       -0 counts   -0.00 nA
01:13:28   58.2s        0 counts    0.00 nA
01:13:28   58.3s        3 counts    0.01 nA
01:13:28   58.3s       10 counts    0.03 nA
01:13:28   58.4s       -2 counts   -0.01 nA
01:13:28   58.4s       -0 counts   -0.00 nA
01:13:28   58.5s       -6 counts   -0.02 nA
01:13:28   58.6s       10 counts    0.03 nA
01:13:28   58.6s       -6 counts   -0.02 nA
01:13:28   58.7s       -1 counts   -0.00 nA
01:13:28   58.7s      -11 counts   -0.04 nA
01:13:28   58.8s       -8 counts   -0.02 nA
01:13:28   58.8s       -6 counts   -0.02 nA
01:13:28   58.9s       -2 counts   -0.01 nA
01:13:29   59.0s        3 counts    0.01 nA
01:13:29   59.0s       -7 counts   -0.02 nA
01:13:29   59.1s        1 counts    0.00 nA
01:13:29   59.1s       -9 counts   -0.03 nA
01:13:29   59.2s       -8 counts   -0.02 nA
01:13:29   59.3s      -15 counts   -0.05 nA
01:13:29   59.3s        1 counts    0.00 nA
01:13:29   59.4s        2 counts    0.00 nA
01:13:29   59.4s       -2 counts   -0.01 nA
01:13:29   59.5s       -3 counts   -0.01 nA
01:13:29   59.5s        3 counts    0.01 nA
01:13:29   59.6s       -1 counts   -0.00 nA
01:13:29   59.7s       -7 counts   -0.02 nA
01:13:29   59.7s       -1 counts   -0.00 nA
01:13:29   59.8s       -9 counts   -0.03 nA
01:13:29   59.8s       -4 counts   -0.01 nA
01:13:29   59.9s       -2 counts   -0.01 nA
01:13:30   59.9s       -7 counts   -0.02 nA
01:13:30   60.0s       -5 counts   -0.01 nA
01:13:30   60.1s      -12 counts   -0.04 nA
01:13:30   60.1s        0 counts    0.00 nA
01:13:30   60.2s       -5 counts   -0.01 nA
01:13:30   60.2s       -1 counts   -0.00 nA
01:13:30   60.3s      -11 counts   -0.03 nA
01:13:30   60.4s       -5 counts   -0.01 nA
01:13:30   60.4s      -11 counts   -0.03 nA
01:13:30   60.5s        8 counts    0.03 nA
01:13:30   60.5s       -4 counts   -0.01 nA
01:13:30   60.6s       -9 counts   -0.03 nA
01:13:30   60.6s      -13 counts   -0.04 nA
01:13:30   60.7s        4 counts    0.01 nA
01:13:30   60.8s       -1 counts   -0.00 nA
01:13:30   60.8s      -13 counts   -0.04 nA
01:13:30   60.9s        3 counts    0.01 nA
01:13:31   60.9s       -5 counts   -0.02 nA
01:13:31   61.0s       -6 counts   -0.02 nA
01:13:31   61.1s      -11 counts   -0.03 nA
01:13:31   61.1s       -2 counts   -0.01 nA
01:13:31   61.2s       -8 counts   -0.03 nA
01:13:31   61.2s        1 counts    0.00 nA
01:13:31   61.3s      -11 counts   -0.03 nA
01:13:31   61.4s       -1 counts   -0.00 nA
01:13:31   61.4s       -1 counts   -0.00 nA
01:13:31   61.5s       -2 counts   -0.01 nA
01:13:31   61.5s       -0 counts   -0.00 nA
01:13:31   61.6s       -3 counts   -0.01 nA
01:13:31   61.7s       -3 counts   -0.01 nA
01:13:31   61.7s       -3 counts   -0.01 nA
01:13:31   61.8s       -4 counts   -0.01 nA
01:13:31   61.8s      -11 counts   -0.03 nA
01:13:31   61.9s       -7 counts   -0.02 nA
01:13:32   61.9s       -3 counts   -0.01 nA
01:13:32   62.0s       -4 counts   -0.01 nA
01:13:32   62.1s       -3 counts   -0.01 nA
01:13:32   62.1s       -3 counts   -0.01 nA
01:13:32   62.2s        0 counts    0.00 nA
01:13:32   62.2s      -10 counts   -0.03 nA
01:13:32   62.3s       -5 counts   -0.02 nA
01:13:32   62.3s       -4 counts   -0.01 nA
01:13:32   62.4s        3 counts    0.01 nA
01:13:32   62.5s       -2 counts   -0.01 nA
01:13:32   62.5s      -12 counts   -0.04 nA
01:13:32   62.6s       -4 counts   -0.01 nA
01:13:32   62.6s       -3 counts   -0.01 nA
01:13:32   62.7s      -12 counts   -0.04 nA
01:13:32   62.7s       -5 counts   -0.02 nA
01:13:32   62.8s       -5 counts   -0.01 nA
01:13:32   62.9s       -8 counts   -0.03 nA
01:13:33   62.9s       -2 counts   -0.00 nA
01:13:33   63.0s       -6 counts   -0.02 nA
01:13:33   63.0s       -1 counts   -0.00 nA
01:13:33   63.1s       -7 counts   -0.02 nA
01:13:33   63.2s       -5 counts   -0.01 nA
01:13:33   63.2s       -4 counts   -0.01 nA
01:13:33   63.3s       -7 counts   -0.02 nA
01:13:33   63.3s       -9 counts   -0.03 nA
01:13:33   63.4s      -11 counts   -0.03 nA
01:13:33   63.5s       -5 counts   -0.01 nA
01:13:33   63.5s       -1 counts   -0.00 nA
01:13:33   63.6s        1 counts    0.00 nA
01:13:33   63.6s       -6 counts   -0.02 nA
01:13:33   63.7s       -5 counts   -0.02 nA
01:13:33   63.8s      -10 counts   -0.03 nA
01:13:33   63.8s        9 counts    0.03 nA
01:13:33   63.9s       -3 counts   -0.01 nA
01:13:34   63.9s      -11 counts   -0.03 nA
01:13:34   64.0s        1 counts    0.00 nA
01:13:34   64.0s       -6 counts   -0.02 nA
01:13:34   64.1s       -6 counts   -0.02 nA
01:13:34   64.2s       -9 counts   -0.03 nA
01:13:34   64.2s       -6 counts   -0.02 nA
01:13:34   64.3s        5 counts    0.02 nA
01:13:34   64.3s       -1 counts   -0.00 nA
01:13:34   64.4s        1 counts    0.00 nA
01:13:34   64.5s      -10 counts   -0.03 nA
01:13:34   64.5s       -4 counts   -0.01 nA
01:13:34   64.6s        0 counts    0.00 nA
01:13:34   64.6s        0 counts    0.00 nA
01:13:34   64.7s      -19 counts   -0.06 nA
01:13:34   64.7s      -14 counts   -0.04 nA
01:13:34   64.8s       -3 counts   -0.01 nA
01:13:34   64.9s       -4 counts   -0.01 nA
01:13:35   64.9s       -7 counts   -0.02 nA
01:13:35   65.0s       -2 counts   -0.01 nA
01:13:35   65.0s       -5 counts   -0.01 nA
01:13:35   65.1s       -2 counts   -0.01 nA
01:13:35   65.2s       -1 counts   -0.00 nA
01:13:35   65.2s       -0 counts   -0.00 nA
01:13:35   65.3s        2 counts    0.01 nA
01:13:35   65.3s       -3 counts   -0.01 nA
01:13:35   65.4s       -5 counts   -0.01 nA
01:13:35   65.4s       -3 counts   -0.01 nA
01:13:35   65.5s      -12 counts   -0.04 nA
01:13:35   65.6s       -2 counts   -0.00 nA
01:13:35   65.6s      -10 counts   -0.03 nA
01:13:35   65.7s        3 counts    0.01 nA
01:13:35   65.7s        7 counts    0.02 nA
01:13:35   65.8s        1 counts    0.00 nA
01:13:35   65.9s        1 counts    0.00 nA
01:13:36   65.9s      -10 counts   -0.03 nA
01:13:36   66.0s      -13 counts   -0.04 nA
01:13:36   66.0s       -9 counts   -0.03 nA
01:13:36   66.1s        2 counts    0.01 nA
01:13:36   66.2s       -8 counts   -0.03 nA
01:13:36   66.2s      -11 counts   -0.03 nA
01:13:36   66.3s       -7 counts   -0.02 nA
01:13:36   66.3s        1 counts    0.00 nA
01:13:36   66.4s      -14 counts   -0.04 nA
01:13:36   66.5s        1 counts    0.00 nA
01:13:36   66.5s       -1 counts   -0.00 nA
01:13:36   66.6s       -8 counts   -0.03 nA
01:13:36   66.6s        2 counts    0.01 nA
01:13:36   66.7s        1 counts    0.00 nA
01:13:36   66.7s      -10 counts   -0.03 nA
01:13:36   66.8s       -2 counts   -0.01 nA
01:13:36   66.9s      -11 counts   -0.03 nA
01:13:37   66.9s       -1 counts   -0.00 nA
01:13:37   67.0s       -3 counts   -0.01 nA
01:13:37   67.0s       -7 counts   -0.02 nA
01:13:37   67.1s       -4 counts   -0.01 nA
01:13:37   67.1s       -1 counts   -0.00 nA
01:13:37   67.2s       -2 counts   -0.01 nA
01:13:37   67.3s        6 counts    0.02 nA
01:13:37   67.3s       -9 counts   -0.03 nA
01:13:37   67.4s       -6 counts   -0.02 nA
01:13:37   67.4s       -5 counts   -0.02 nA
01:13:37   67.5s       -0 counts   -0.00 nA
01:13:37   67.5s       -2 counts   -0.01 nA
01:13:37   67.6s       -0 counts   -0.00 nA
01:13:37   67.6s       -2 counts   -0.01 nA
01:13:37   67.7s       -1 counts   -0.00 nA
01:13:37   67.7s       -1 counts   -0.00 nA
01:13:37   67.8s       -8 counts   -0.02 nA
01:13:37   67.9s       -5 counts   -0.01 nA
01:13:38   67.9s       -4 counts   -0.01 nA
01:13:38   68.0s       -9 counts   -0.03 nA
01:13:38   68.0s       -6 counts   -0.02 nA
01:13:38   68.1s      -10 counts   -0.03 nA
01:13:38   68.2s       -1 counts   -0.00 nA
01:13:38   68.2s       -2 counts   -0.01 nA
01:13:38   68.3s       -4 counts   -0.01 nA
01:13:38   68.3s       -4 counts   -0.01 nA
01:13:38   68.4s       -3 counts   -0.01 nA
01:13:38   68.5s       -2 counts   -0.01 nA
01:13:38   68.5s       -8 counts   -0.02 nA
01:13:38   68.6s       -8 counts   -0.03 nA
01:13:38   68.6s      -12 counts   -0.04 nA
01:13:38   68.7s      -11 counts   -0.03 nA
01:13:38   68.7s        2 counts    0.01 nA
01:13:38   68.8s       -9 counts   -0.03 nA
01:13:38   68.9s       -4 counts   -0.01 nA
01:13:39   68.9s       -2 counts   -0.01 nA
01:13:39   69.0s       -5 counts   -0.02 nA
01:13:39   69.0s       -3 counts   -0.01 nA
01:13:39   69.1s      -16 counts   -0.05 nA
01:13:39   69.2s       -9 counts   -0.03 nA
01:13:39   69.2s       -2 counts   -0.01 nA
01:13:39   69.3s       -2 counts   -0.01 nA
01:13:39   69.3s      -11 counts   -0.04 nA
01:13:39   69.4s       -0 counts   -0.00 nA
01:13:39   69.4s      -15 counts   -0.05 nA
01:13:39   69.5s      -11 counts   -0.03 nA
01:13:39   69.6s        1 counts    0.00 nA
01:13:39   69.6s        1 counts    0.00 nA
01:13:39   69.7s       -4 counts   -0.01 nA
01:13:39   69.7s       10 counts    0.03 nA
01:13:39   69.8s       -3 counts   -0.01 nA
01:13:39   69.9s       10 counts    0.03 nA
01:13:40   69.9s       11 counts    0.03 nA
01:13:40   70.0s       -8 counts   -0.02 nA
01:13:40   70.0s       -3 counts   -0.01 nA
01:13:40   70.1s       -5 counts   -0.01 nA
01:13:40   70.2s       -5 counts   -0.02 nA
01:13:40   70.2s        3 counts    0.01 nA
01:13:40   70.3s      -12 counts   -0.04 nA
01:13:40   70.3s       -6 counts   -0.02 nA
01:13:40   70.4s       -3 counts   -0.01 nA
01:13:40   70.4s      -12 counts   -0.04 nA
01:13:40   70.5s       -8 counts   -0.02 nA
01:13:40   70.6s        5 counts    0.01 nA
01:13:40   70.6s        5 counts    0.02 nA
01:13:40   70.7s       -6 counts   -0.02 nA
01:13:40   70.7s        2 counts    0.00 nA
01:13:40   70.8s        5 counts    0.02 nA
01:13:40   70.8s       -0 counts   -0.00 nA
01:13:40   70.9s        0 counts    0.00 nA
01:13:41   71.0s       -0 counts   -0.00 nA
01:13:41   71.0s        2 counts    0.00 nA
01:13:41   71.1s       -7 counts   -0.02 nA
01:13:41   71.1s       -1 counts   -0.00 nA
01:13:41   71.2s        0 counts    0.00 nA
01:13:41   71.2s       -7 counts   -0.02 nA
01:13:41   71.3s      -11 counts   -0.04 nA
01:13:41   71.4s        1 counts    0.00 nA
01:13:41   71.4s       -1 counts   -0.00 nA
01:13:41   71.5s       -5 counts   -0.02 nA
01:13:41   71.5s       -2 counts   -0.01 nA
01:13:41   71.6s      -23 counts   -0.07 nA
01:13:41   71.6s        3 counts    0.01 nA
01:13:41   71.7s       -6 counts   -0.02 nA
01:13:41   71.8s       -1 counts   -0.00 nA
01:13:41   71.8s        2 counts    0.01 nA
01:13:41   71.9s        0 counts    0.00 nA
01:13:42   71.9s      -16 counts   -0.05 nA
01:13:42   72.0s        1 counts    0.00 nA
01:13:42   72.0s       -1 counts   -0.00 nA
01:13:42   72.1s      -12 counts   -0.04 nA
01:13:42   72.2s       -5 counts   -0.01 nA
01:13:42   72.2s      -10 counts   -0.03 nA
01:13:42   72.3s       -6 counts   -0.02 nA
01:13:42   72.3s       -9 counts   -0.03 nA
01:13:42   72.4s        3 counts    0.01 nA
01:13:42   72.5s       -3 counts   -0.01 nA
01:13:42   72.5s       -6 counts   -0.02 nA
01:13:42   72.6s       -6 counts   -0.02 nA
01:13:42   72.6s       -4 counts   -0.01 nA
01:13:42   72.7s       -2 counts   -0.01 nA
01:13:42   72.8s       -7 counts   -0.02 nA
01:13:42   72.8s       -3 counts   -0.01 nA
01:13:42   72.9s        4 counts    0.01 nA
01:13:43   72.9s       -9 counts   -0.03 nA
01:13:43   73.0s       -6 counts   -0.02 nA
01:13:43   73.1s        5 counts    0.01 nA
01:13:43   73.1s       -8 counts   -0.02 nA
01:13:43   73.2s       -2 counts   -0.01 nA
01:13:43   73.2s       -4 counts   -0.01 nA
01:13:43   73.3s       -4 counts   -0.01 nA
01:13:43   73.3s       -1 counts   -0.00 nA
01:13:43   73.4s       -3 counts   -0.01 nA
01:13:43   73.5s       -3 counts   -0.01 nA
01:13:43   73.5s      -11 counts   -0.04 nA
01:13:43   73.6s      -15 counts   -0.05 nA
01:13:43   73.6s       -0 counts   -0.00 nA
01:13:43   73.7s       -3 counts   -0.01 nA
01:13:43   73.7s       -2 counts   -0.01 nA
01:13:43   73.8s       -1 counts   -0.00 nA
01:13:43   73.9s        2 counts    0.00 nA
01:13:44   73.9s       -5 counts   -0.01 nA
01:13:44   74.0s        1 counts    0.00 nA
01:13:44   74.0s       -3 counts   -0.01 nA
01:13:44   74.1s      -11 counts   -0.03 nA
01:13:44   74.1s       -5 counts   -0.02 nA
01:13:44   74.2s       -1 counts   -0.00 nA
01:13:44   74.3s       -7 counts   -0.02 nA
01:13:44   74.3s        1 counts    0.00 nA
01:13:44   74.4s       -8 counts   -0.03 nA
01:13:44   74.4s       -3 counts   -0.01 nA
01:13:44   74.5s        3 counts    0.01 nA
01:13:44   74.6s       -2 counts   -0.01 nA
01:13:44   74.6s       -5 counts   -0.02 nA
01:13:44   74.7s        1 counts    0.00 nA
01:13:44   74.7s       -7 counts   -0.02 nA
01:13:44   74.8s       -1 counts   -0.00 nA
01:13:44   74.8s       -1 counts   -0.00 nA
01:13:44   74.9s       -3 counts   -0.01 nA
01:13:45   75.0s       -0 counts   -0.00 nA
01:13:45   75.0s       -9 counts   -0.03 nA
01:13:45   75.1s        1 counts    0.00 nA
01:13:45   75.1s        2 counts    0.01 nA
01:13:45   75.2s       -6 counts   -0.02 nA
01:13:45   75.3s        6 counts    0.02 nA
01:13:45   75.3s       -0 counts   -0.00 nA
01:13:45   75.4s      -10 counts   -0.03 nA
01:13:45   75.4s        0 counts    0.00 nA
01:13:45   75.5s       -4 counts   -0.01 nA
01:13:45   75.6s      -10 counts   -0.03 nA
01:13:45   75.6s       -7 counts   -0.02 nA
01:13:45   75.7s       -4 counts   -0.01 nA
01:13:45   75.7s       -5 counts   -0.01 nA
01:13:45   75.8s       -2 counts   -0.00 nA
01:13:45   75.9s        2 counts    0.01 nA
01:13:46   75.9s      -13 counts   -0.04 nA
01:13:46   76.0s       -7 counts   -0.02 nA
01:13:46   76.0s       -3 counts   -0.01 nA
01:13:46   76.1s      -12 counts   -0.04 nA
01:13:46   76.1s      -12 counts   -0.04 nA
01:13:46   76.2s      -11 counts   -0.03 nA
01:13:46   76.3s        0 counts    0.00 nA
01:13:46   76.3s       -1 counts   -0.00 nA
01:13:46   76.4s       -4 counts   -0.01 nA
01:13:46   76.4s       -4 counts   -0.01 nA
01:13:46   76.5s       -0 counts   -0.00 nA
01:13:46   76.6s      -10 counts   -0.03 nA
01:13:46   76.6s       -1 counts   -0.00 nA
01:13:46   76.7s        6 counts    0.02 nA
01:13:46   76.7s       -4 counts   -0.01 nA
01:13:46   76.8s       -3 counts   -0.01 nA
01:13:46   76.9s       -9 counts   -0.03 nA
01:13:47   76.9s       -3 counts   -0.01 nA
01:13:47   77.0s       -2 counts   -0.01 nA
01:13:47   77.0s       -6 counts   -0.02 nA
01:13:47   77.1s       -1 counts   -0.00 nA
01:13:47   77.1s       -6 counts   -0.02 nA
01:13:47   77.2s      -16 counts   -0.05 nA
01:13:47   77.3s        4 counts    0.01 nA
01:13:47   77.3s       -2 counts   -0.01 nA
01:13:47   77.4s       -5 counts   -0.01 nA
01:13:47   77.4s      -12 counts   -0.04 nA
01:13:47   77.5s       -5 counts   -0.01 nA
01:13:47   77.5s        4 counts    0.01 nA
01:13:47   77.6s       -6 counts   -0.02 nA
01:13:47   77.7s       -9 counts   -0.03 nA
01:13:47   77.7s      -12 counts   -0.04 nA
01:13:47   77.8s        2 counts    0.01 nA
01:13:47   77.8s       -2 counts   -0.01 nA
01:13:47   77.9s       -7 counts   -0.02 nA
01:13:48   78.0s      -12 counts   -0.04 nA
01:13:48   78.0s       -5 counts   -0.02 nA
01:13:48   78.1s       -2 counts   -0.01 nA
01:13:48   78.1s       -4 counts   -0.01 nA
01:13:48   78.2s       -6 counts   -0.02 nA
01:13:48   78.3s       -3 counts   -0.01 nA
01:13:48   78.3s        1 counts    0.00 nA
01:13:48   78.4s      -12 counts   -0.04 nA
01:13:48   78.4s       -7 counts   -0.02 nA
01:13:48   78.5s        3 counts    0.01 nA
01:13:48   78.6s       -7 counts   -0.02 nA
01:13:48   78.6s       -0 counts   -0.00 nA
01:13:48   78.7s      -13 counts   -0.04 nA
01:13:48   78.7s      -12 counts   -0.04 nA
01:13:48   78.8s      -14 counts   -0.04 nA
01:13:48   78.8s        3 counts    0.01 nA
01:13:48   78.9s        3 counts    0.01 nA
01:13:49   79.0s       -2 counts   -0.01 nA
01:13:49   79.0s       -2 counts   -0.01 nA
01:13:49   79.1s       -5 counts   -0.02 nA
01:13:49   79.1s       -9 counts   -0.03 nA
01:13:49   79.2s      -17 counts   -0.05 nA
01:13:49   79.3s       -0 counts   -0.00 nA
01:13:49   79.3s       -3 counts   -0.01 nA
01:13:49   79.4s        1 counts    0.00 nA
01:13:49   79.4s        3 counts    0.01 nA
01:13:49   79.5s        6 counts    0.02 nA
01:13:49   79.5s       -1 counts   -0.00 nA
01:13:49   79.6s       -7 counts   -0.02 nA
01:13:49   79.7s       -2 counts   -0.01 nA
01:13:49   79.7s      -10 counts   -0.03 nA
01:13:49   79.8s      -13 counts   -0.04 nA
01:13:49   79.8s        2 counts    0.01 nA
01:13:49   79.9s      -10 counts   -0.03 nA
01:13:50   79.9s        1 counts    0.00 nA
01:13:50   80.0s       -3 counts   -0.01 nA
01:13:50   80.1s        2 counts    0.01 nA
01:13:50   80.1s        5 counts    0.02 nA
01:13:50   80.2s        3 counts    0.01 nA
01:13:50   80.2s        2 counts    0.01 nA
01:13:50   80.3s        3 counts    0.01 nA
01:13:50   80.4s        1 counts    0.00 nA
01:13:50   80.4s       -7 counts   -0.02 nA
01:13:50   80.5s        6 counts    0.02 nA
01:13:50   80.5s       -6 counts   -0.02 nA
01:13:50   80.6s       -0 counts   -0.00 nA
01:13:50   80.6s       -3 counts   -0.01 nA
01:13:50   80.7s        0 counts    0.00 nA
01:13:50   80.8s       -8 counts   -0.03 nA
01:13:50   80.8s        3 counts    0.01 nA
01:13:50   80.9s       -1 counts   -0.00 nA
01:13:51   80.9s       -5 counts   -0.02 nA
01:13:51   81.0s       10 counts    0.03 nA
01:13:51   81.1s        7 counts    0.02 nA
01:13:51   81.1s       -0 counts   -0.00 nA
01:13:51   81.2s        2 counts    0.00 nA
01:13:51   81.2s        9 counts    0.03 nA
01:13:51   81.3s       -5 counts   -0.01 nA
01:13:51   81.4s       -7 counts   -0.02 nA
01:13:51   81.4s       -5 counts   -0.02 nA
01:13:51   81.5s       -9 counts   -0.03 nA
01:13:51   81.5s       -5 counts   -0.02 nA
01:13:51   81.6s       -4 counts   -0.01 nA
01:13:51   81.6s       -9 counts   -0.03 nA
01:13:51   81.7s       -8 counts   -0.02 nA
01:13:51   81.8s       -2 counts   -0.01 nA
01:13:51   81.8s        1 counts    0.00 nA
01:13:51   81.9s      -13 counts   -0.04 nA
01:13:52   81.9s       -7 counts   -0.02 nA
01:13:52   82.0s       -5 counts   -0.02 nA
01:13:52   82.1s       -3 counts   -0.01 nA
01:13:52   82.1s      -13 counts   -0.04 nA
01:13:52   82.2s        8 counts    0.02 nA
01:13:52   82.2s       -2 counts   -0.01 nA
01:13:52   82.3s        2 counts    0.01 nA
01:13:52   82.3s       -1 counts   -0.00 nA
01:13:52   82.4s        0 counts    0.00 nA
01:13:52   82.5s        3 counts    0.01 nA
01:13:52   82.5s        0 counts    0.00 nA
01:13:52   82.6s        6 counts    0.02 nA
01:13:52   82.6s       -4 counts   -0.01 nA
01:13:52   82.7s       -8 counts   -0.03 nA
01:13:52   82.8s      -11 counts   -0.04 nA
01:13:52   82.8s       -5 counts   -0.02 nA
01:13:52   82.9s       -4 counts   -0.01 nA
01:13:53   82.9s       -8 counts   -0.03 nA
01:13:53   83.0s       -1 counts   -0.00 nA
01:13:53   83.0s       -1 counts   -0.00 nA
01:13:53   83.1s       -7 counts   -0.02 nA
01:13:53   83.2s       -9 counts   -0.03 nA
01:13:53   83.2s       -5 counts   -0.01 nA
01:13:53   83.3s        4 counts    0.01 nA
01:13:53   83.3s       -5 counts   -0.01 nA
01:13:53   83.4s        2 counts    0.01 nA
01:13:53   83.4s      -10 counts   -0.03 nA
01:13:53   83.5s       -6 counts   -0.02 nA
01:13:53   83.5s       -9 counts   -0.03 nA
01:13:53   83.6s       -6 counts   -0.02 nA
01:13:53   83.7s       -2 counts   -0.01 nA
01:13:53   83.7s        3 counts    0.01 nA
01:13:53   83.8s       -4 counts   -0.01 nA
01:13:53   83.8s       -1 counts   -0.00 nA
01:13:53   83.9s       -7 counts   -0.02 nA
01:13:54   84.0s       -2 counts   -0.01 nA
01:13:54   84.0s       -7 counts   -0.02 nA
01:13:54   84.1s       -6 counts   -0.02 nA
01:13:54   84.1s       -8 counts   -0.02 nA
01:13:54   84.2s       -3 counts   -0.01 nA
01:13:54   84.3s       -4 counts   -0.01 nA
01:13:54   84.3s       -0 counts   -0.00 nA
01:13:54   84.4s        4 counts    0.01 nA
01:13:54   84.4s        5 counts    0.02 nA
01:13:54   84.5s       -9 counts   -0.03 nA
01:13:54   84.5s        5 counts    0.01 nA
01:13:54   84.6s      -12 counts   -0.04 nA
01:13:54   84.7s       -2 counts   -0.01 nA
01:13:54   84.7s       -2 counts   -0.01 nA
01:13:54   84.8s       -1 counts   -0.00 nA
01:13:54   84.8s       -8 counts   -0.02 nA
01:13:54   84.9s       -5 counts   -0.02 nA
01:13:55   85.0s      -11 counts   -0.03 nA
01:13:55   85.0s       -2 counts   -0.01 nA
01:13:55   85.1s       -6 counts   -0.02 nA
01:13:55   85.1s        4 counts    0.01 nA
01:13:55   85.2s       -0 counts   -0.00 nA
01:13:55   85.2s       -6 counts   -0.02 nA
01:13:55   85.3s      -10 counts   -0.03 nA
01:13:55   85.4s       -5 counts   -0.02 nA
01:13:55   85.4s        3 counts    0.01 nA
01:13:55   85.5s       -9 counts   -0.03 nA
01:13:55   85.5s       -2 counts   -0.01 nA
01:13:55   85.6s        4 counts    0.01 nA
01:13:55   85.7s        3 counts    0.01 nA
01:13:55   85.7s       -7 counts   -0.02 nA
01:13:55   85.8s        2 counts    0.01 nA
01:13:55   85.8s      -14 counts   -0.04 nA
01:13:55   85.9s        2 counts    0.01 nA
01:13:56   86.0s      -15 counts   -0.05 nA
01:13:56   86.0s      -13 counts   -0.04 nA
01:13:56   86.1s       -9 counts   -0.03 nA
01:13:56   86.1s       -5 counts   -0.01 nA
01:13:56   86.2s       -4 counts   -0.01 nA
01:13:56   86.2s       10 counts    0.03 nA
01:13:56   86.3s       -6 counts   -0.02 nA
01:13:56   86.4s      -15 counts   -0.05 nA
01:13:56   86.4s       -7 counts   -0.02 nA
01:13:56   86.5s       -0 counts   -0.00 nA
01:13:56   86.5s        3 counts    0.01 nA
01:13:56   86.6s       -9 counts   -0.03 nA
01:13:56   86.7s       -2 counts   -0.01 nA
01:13:56   86.7s       -7 counts   -0.02 nA
01:13:56   86.8s        2 counts    0.01 nA
01:13:56   86.8s       -1 counts   -0.00 nA
01:13:56   86.9s       -7 counts   -0.02 nA
01:13:57   87.0s        3 counts    0.01 nA
01:13:57   87.0s        5 counts    0.02 nA
01:13:57   87.1s        1 counts    0.00 nA
01:13:57   87.1s        0 counts    0.00 nA
01:13:57   87.2s       -2 counts   -0.01 nA
01:13:57   87.3s        9 counts    0.03 nA
01:13:57   87.3s       -1 counts   -0.00 nA
01:13:57   87.4s      -10 counts   -0.03 nA
01:13:57   87.4s       -4 counts   -0.01 nA
01:13:57   87.5s       -5 counts   -0.02 nA
01:13:57   87.6s       -3 counts   -0.01 nA
01:13:57   87.6s       -8 counts   -0.03 nA
01:13:57   87.7s       -5 counts   -0.01 nA
01:13:57   87.7s       -4 counts   -0.01 nA
01:13:57   87.8s       -5 counts   -0.02 nA
01:13:57   87.9s        4 counts    0.01 nA
01:13:58   87.9s       -6 counts   -0.02 nA
01:13:58   88.0s       -3 counts   -0.01 nA
01:13:58   88.0s       -3 counts   -0.01 nA
01:13:58   88.1s        9 counts    0.03 nA
01:13:58   88.2s       -1 counts   -0.00 nA
01:13:58   88.2s        0 counts    0.00 nA
01:13:58   88.3s       -8 counts   -0.02 nA
01:13:58   88.3s      -13 counts   -0.04 nA
01:13:58   88.4s        4 counts    0.01 nA
01:13:58   88.5s       -8 counts   -0.02 nA
01:13:58   88.5s      -11 counts   -0.03 nA
01:13:58   88.6s       -9 counts   -0.03 nA
01:13:58   88.6s      -16 counts   -0.05 nA
01:13:58   88.7s        2 counts    0.01 nA
01:13:58   88.8s       -7 counts   -0.02 nA
01:13:58   88.8s       -2 counts   -0.01 nA
01:13:58   88.9s        0 counts    0.00 nA
01:13:59   88.9s       -7 counts   -0.02 nA
01:13:59   89.0s       -6 counts   -0.02 nA
01:13:59   89.0s       -3 counts   -0.01 nA
01:13:59   89.1s       -2 counts   -0.01 nA
01:13:59   89.2s      -11 counts   -0.03 nA
01:13:59   89.2s       -2 counts   -0.01 nA
01:13:59   89.3s       -1 counts   -0.00 nA
01:13:59   89.3s       -4 counts   -0.01 nA
01:13:59   89.4s        6 counts    0.02 nA
01:13:59   89.5s        1 counts    0.00 nA
01:13:59   89.5s        0 counts    0.00 nA
01:13:59   89.6s       -1 counts   -0.00 nA
01:13:59   89.6s        1 counts    0.00 nA
01:13:59   89.7s       -8 counts   -0.02 nA
01:13:59   89.7s       -4 counts   -0.01 nA
01:13:59   89.8s        3 counts    0.01 nA
01:13:59   89.9s       -9 counts   -0.03 nA
01:14:00   89.9s       -9 counts   -0.03 nA
01:14:00   90.0s        4 counts    0.01 nA
01:14:00   90.0s       -5 counts   -0.02 nA
01:14:00   90.1s       -8 counts   -0.03 nA
01:14:00   90.2s        5 counts    0.02 nA
01:14:00   90.2s      -10 counts   -0.03 nA
01:14:00   90.3s        1 counts    0.00 nA
01:14:00   90.3s       -9 counts   -0.03 nA
01:14:00   90.4s       -7 counts   -0.02 nA
01:14:00   90.5s       -3 counts   -0.01 nA
01:14:00   90.5s        7 counts    0.02 nA
01:14:00   90.6s       -3 counts   -0.01 nA
01:14:00   90.6s       -1 counts   -0.00 nA
01:14:00   90.7s       -4 counts   -0.01 nA
01:14:00   90.8s       -6 counts   -0.02 nA
01:14:00   90.8s       -3 counts   -0.01 nA
01:14:00   90.9s       -6 counts   -0.02 nA
01:14:01   90.9s      -12 counts   -0.04 nA
01:14:01   91.0s       -3 counts   -0.01 nA
01:14:01   91.1s      -10 counts   -0.03 nA
01:14:01   91.1s        1 counts    0.00 nA
01:14:01   91.2s       -6 counts   -0.02 nA
01:14:01   91.2s        0 counts    0.00 nA
01:14:01   91.3s       -8 counts   -0.03 nA
01:14:01   91.4s      -10 counts   -0.03 nA
01:14:01   91.4s        1 counts    0.00 nA
01:14:01   91.5s        1 counts    0.00 nA
01:14:01   91.5s       -5 counts   -0.02 nA
01:14:01   91.6s       -9 counts   -0.03 nA
01:14:01   91.7s      -10 counts   -0.03 nA
01:14:01   91.7s      -10 counts   -0.03 nA
01:14:01   91.8s       -7 counts   -0.02 nA
01:14:01   91.8s       -1 counts   -0.00 nA
01:14:01   91.9s        2 counts    0.01 nA
01:14:02   91.9s       -8 counts   -0.03 nA
01:14:02   92.0s       -5 counts   -0.01 nA
01:14:02   92.1s       -7 counts   -0.02 nA
01:14:02   92.1s       -2 counts   -0.01 nA
01:14:02   92.2s       -7 counts   -0.02 nA
01:14:02   92.2s       -5 counts   -0.01 nA
01:14:02   92.3s        3 counts    0.01 nA
01:14:02   92.3s       -1 counts   -0.00 nA
01:14:02   92.4s       -5 counts   -0.02 nA
01:14:02   92.5s       -8 counts   -0.02 nA
01:14:02   92.5s      -11 counts   -0.03 nA
01:14:02   92.6s       -1 counts   -0.00 nA
01:14:02   92.6s       -4 counts   -0.01 nA
01:14:02   92.7s       -9 counts   -0.03 nA
01:14:02   92.8s      -12 counts   -0.04 nA
01:14:02   92.8s      -12 counts   -0.04 nA
01:14:02   92.9s        3 counts    0.01 nA
01:14:03   92.9s       -4 counts   -0.01 nA
01:14:03   93.0s       -7 counts   -0.02 nA
01:14:03   93.1s      -11 counts   -0.03 nA
01:14:03   93.1s       -5 counts   -0.02 nA
01:14:03   93.2s       -1 counts   -0.00 nA
01:14:03   93.2s        5 counts    0.02 nA
01:14:03   93.3s       -7 counts   -0.02 nA
01:14:03   93.3s       -6 counts   -0.02 nA
01:14:03   93.4s       -5 counts   -0.01 nA
01:14:03   93.5s        0 counts    0.00 nA
01:14:03   93.5s       -7 counts   -0.02 nA
01:14:03   93.6s       -4 counts   -0.01 nA
01:14:03   93.6s       -1 counts   -0.00 nA
01:14:03   93.7s       -9 counts   -0.03 nA
01:14:03   93.8s      -17 counts   -0.05 nA
01:14:03   93.8s       -9 counts   -0.03 nA
01:14:03   93.9s      -12 counts   -0.04 nA
01:14:04   93.9s       -1 counts   -0.00 nA
01:14:04   94.0s       -1 counts   -0.00 nA
01:14:04   94.0s       -8 counts   -0.02 nA
01:14:04   94.1s      -12 counts   -0.04 nA
01:14:04   94.2s       -6 counts   -0.02 nA
01:14:04   94.2s       -3 counts   -0.01 nA
01:14:04   94.3s       -0 counts   -0.00 nA
01:14:04   94.3s        0 counts    0.00 nA
01:14:04   94.4s       -6 counts   -0.02 nA
01:14:04   94.5s        5 counts    0.02 nA
01:14:04   94.5s        5 counts    0.02 nA
01:14:04   94.6s       -1 counts   -0.00 nA
01:14:04   94.6s      -14 counts   -0.04 nA
01:14:04   94.7s       -8 counts   -0.02 nA
01:14:04   94.8s       -1 counts   -0.00 nA
01:14:04   94.8s       -6 counts   -0.02 nA
01:14:04   94.9s        1 counts    0.00 nA
01:14:05   94.9s       -9 counts   -0.03 nA
01:14:05   95.0s      -15 counts   -0.05 nA
01:14:05   95.0s       -6 counts   -0.02 nA
01:14:05   95.1s        2 counts    0.01 nA
01:14:05   95.1s       -6 counts   -0.02 nA
01:14:05   95.2s       -6 counts   -0.02 nA
01:14:05   95.3s        4 counts    0.01 nA
01:14:05   95.3s       -4 counts   -0.01 nA
01:14:05   95.4s       -5 counts   -0.01 nA
01:14:05   95.4s        6 counts    0.02 nA
01:14:05   95.5s      -10 counts   -0.03 nA
01:14:05   95.5s       -2 counts   -0.01 nA
01:14:05   95.6s       -6 counts   -0.02 nA
01:14:05   95.7s       -6 counts   -0.02 nA
01:14:05   95.7s       -2 counts   -0.01 nA
01:14:05   95.8s        3 counts    0.01 nA
01:14:05   95.8s       -8 counts   -0.03 nA
01:14:05   95.9s       -7 counts   -0.02 nA
01:14:06   96.0s       -0 counts   -0.00 nA
01:14:06   96.0s       -1 counts   -0.00 nA
01:14:06   96.1s       -9 counts   -0.03 nA
01:14:06   96.1s       -6 counts   -0.02 nA
01:14:06   96.2s      -13 counts   -0.04 nA
01:14:06   96.2s        0 counts    0.00 nA
01:14:06   96.3s       -0 counts   -0.00 nA
01:14:06   96.4s       -5 counts   -0.02 nA
01:14:06   96.4s        4 counts    0.01 nA
01:14:06   96.5s       -6 counts   -0.02 nA
01:14:06   96.5s       -6 counts   -0.02 nA
01:14:06   96.6s       -1 counts   -0.00 nA
01:14:06   96.7s       -9 counts   -0.03 nA
01:14:06   96.7s       -2 counts   -0.01 nA
01:14:06   96.8s        0 counts    0.00 nA
01:14:06   96.8s       -3 counts   -0.01 nA
01:14:06   96.9s       -3 counts   -0.01 nA
01:14:07   97.0s        4 counts    0.01 nA
01:14:07   97.0s       -9 counts   -0.03 nA
01:14:07   97.1s       -6 counts   -0.02 nA
01:14:07   97.1s       -3 counts   -0.01 nA
01:14:07   97.2s       -3 counts   -0.01 nA
01:14:07   97.2s       -6 counts   -0.02 nA
01:14:07   97.3s       -8 counts   -0.03 nA
01:14:07   97.4s       -3 counts   -0.01 nA
01:14:07   97.4s       -9 counts   -0.03 nA
01:14:07   97.5s       -7 counts   -0.02 nA
01:14:07   97.5s       -5 counts   -0.02 nA
01:14:07   97.6s       -3 counts   -0.01 nA
01:14:07   97.7s       -7 counts   -0.02 nA
01:14:07   97.7s       -8 counts   -0.02 nA
01:14:07   97.8s       -2 counts   -0.00 nA
01:14:07   97.8s       -9 counts   -0.03 nA
01:14:07   97.9s       -5 counts   -0.01 nA
01:14:08   97.9s       -1 counts   -0.00 nA
01:14:08   98.0s       -4 counts   -0.01 nA
01:14:08   98.1s       -2 counts   -0.01 nA
01:14:08   98.1s       -3 counts   -0.01 nA
01:14:08   98.2s       -3 counts   -0.01 nA
01:14:08   98.2s       -0 counts   -0.00 nA
01:14:08   98.3s      -15 counts   -0.05 nA
01:14:08   98.3s       -8 counts   -0.02 nA
01:14:08   98.4s        4 counts    0.01 nA
01:14:08   98.5s       -5 counts   -0.01 nA
01:14:08   98.5s       -6 counts   -0.02 nA
01:14:08   98.6s       -6 counts   -0.02 nA
01:14:08   98.6s       -2 counts   -0.01 nA
01:14:08   98.7s        4 counts    0.01 nA
01:14:08   98.8s        2 counts    0.01 nA
01:14:08   98.8s       -2 counts   -0.01 nA
01:14:08   98.9s       -0 counts   -0.00 nA
01:14:09   98.9s       -9 counts   -0.03 nA
01:14:09   99.0s      -11 counts   -0.04 nA
01:14:09   99.1s        5 counts    0.01 nA
01:14:09   99.1s       -1 counts   -0.00 nA
01:14:09   99.2s        6 counts    0.02 nA
01:14:09   99.2s        2 counts    0.01 nA
01:14:09   99.3s       -7 counts   -0.02 nA
01:14:09   99.4s       -8 counts   -0.03 nA
01:14:09   99.4s       -3 counts   -0.01 nA
01:14:09   99.5s        0 counts    0.00 nA
01:14:09   99.5s       -2 counts   -0.01 nA
01:14:09   99.6s       -1 counts   -0.00 nA
01:14:09   99.6s      -11 counts   -0.04 nA
01:14:09   99.7s        0 counts    0.00 nA
01:14:09   99.8s      -10 counts   -0.03 nA
01:14:09   99.8s       -6 counts   -0.02 nA
01:14:09   99.9s       -4 counts   -0.01 nA
01:14:10   99.9s       -6 counts   -0.02 nA
01:14:10  100.0s       -7 counts   -0.02 nA
01:14:10  100.1s        7 counts    0.02 nA
01:14:10  100.1s       -9 counts   -0.03 nA
01:14:10  100.2s        7 counts    0.02 nA
01:14:10  100.2s       -4 counts   -0.01 nA
01:14:10  100.3s       -2 counts   -0.01 nA
01:14:10  100.3s       -5 counts   -0.02 nA
01:14:10  100.4s       -9 counts   -0.03 nA
01:14:10  100.5s       -2 counts   -0.01 nA
01:14:10  100.5s       -6 counts   -0.02 nA
01:14:10  100.6s       -6 counts   -0.02 nA
01:14:10  100.6s        3 counts    0.01 nA
01:14:10  100.7s       -2 counts   -0.01 nA
01:14:10  100.8s       -2 counts   -0.01 nA
01:14:10  100.8s       -5 counts   -0.01 nA
01:14:10  100.9s       -5 counts   -0.02 nA
01:14:11  100.9s       -4 counts   -0.01 nA
01:14:11  101.0s        1 counts    0.00 nA
01:14:11  101.0s       -8 counts   -0.02 nA
01:14:11  101.1s        7 counts    0.02 nA
01:14:11  101.1s        8 counts    0.03 nA
01:14:11  101.2s       -7 counts   -0.02 nA
01:14:11  101.3s       -6 counts   -0.02 nA
01:14:11  101.3s        1 counts    0.00 nA
01:14:11  101.4s        0 counts    0.00 nA
01:14:11  101.4s        1 counts    0.00 nA
01:14:11  101.5s       -2 counts   -0.01 nA
01:14:11  101.5s       -3 counts   -0.01 nA
01:14:11  101.6s      -14 counts   -0.04 nA
01:14:11  101.7s      -13 counts   -0.04 nA
01:14:11  101.7s       -1 counts   -0.00 nA
01:14:11  101.8s       -8 counts   -0.03 nA
01:14:11  101.8s      -14 counts   -0.04 nA
01:14:11  101.9s      -14 counts   -0.04 nA
01:14:12  101.9s       -0 counts   -0.00 nA
01:14:12  102.0s       -2 counts   -0.00 nA
01:14:12  102.1s       -4 counts   -0.01 nA
01:14:12  102.1s      -10 counts   -0.03 nA
01:14:12  102.2s        5 counts    0.01 nA
01:14:12  102.2s       -3 counts   -0.01 nA
01:14:12  102.3s       -8 counts   -0.03 nA
01:14:12  102.4s      -10 counts   -0.03 nA
01:14:12  102.4s       -3 counts   -0.01 nA
01:14:12  102.5s       -2 counts   -0.01 nA
01:14:12  102.5s        9 counts    0.03 nA
01:14:12  102.6s      -18 counts   -0.06 nA
01:14:12  102.7s       -8 counts   -0.02 nA
01:14:12  102.7s      -13 counts   -0.04 nA
01:14:12  102.8s        6 counts    0.02 nA
01:14:12  102.8s       -6 counts   -0.02 nA
01:14:12  102.9s        6 counts    0.02 nA
01:14:13  103.0s       -2 counts   -0.00 nA
01:14:13  103.0s      -18 counts   -0.06 nA
01:14:13  103.1s       -6 counts   -0.02 nA
01:14:13  103.1s       -4 counts   -0.01 nA
01:14:13  103.2s       -6 counts   -0.02 nA
01:14:13  103.2s       -0 counts   -0.00 nA
01:14:13  103.3s       -4 counts   -0.01 nA
01:14:13  103.4s      -10 counts   -0.03 nA
01:14:13  103.4s      -15 counts   -0.05 nA
01:14:13  103.5s       -5 counts   -0.01 nA
01:14:13  103.5s        8 counts    0.02 nA
01:14:13  103.6s       -6 counts   -0.02 nA
01:14:13  103.7s       -9 counts   -0.03 nA
01:14:13  103.7s      -13 counts   -0.04 nA
01:14:13  103.8s        2 counts    0.01 nA
01:14:13  103.8s       -7 counts   -0.02 nA
01:14:13  103.9s       -8 counts   -0.02 nA
01:14:14  103.9s       -4 counts   -0.01 nA
01:14:14  104.0s      -14 counts   -0.05 nA
01:14:14  104.1s       -6 counts   -0.02 nA
01:14:14  104.1s       -3 counts   -0.01 nA
01:14:14  104.2s       -2 counts   -0.01 nA
01:14:14  104.2s       -6 counts   -0.02 nA
01:14:14  104.3s       -3 counts   -0.01 nA
01:14:14  104.3s       -3 counts   -0.01 nA
01:14:14  104.4s       -7 counts   -0.02 nA
01:14:14  104.5s       -5 counts   -0.02 nA
01:14:14  104.5s       -2 counts   -0.01 nA
01:14:14  104.6s       -3 counts   -0.01 nA
01:14:14  104.6s       -8 counts   -0.02 nA
01:14:14  104.7s      -12 counts   -0.04 nA
01:14:14  104.7s       -7 counts   -0.02 nA
01:14:14  104.8s      -11 counts   -0.03 nA
01:14:14  104.8s        2 counts    0.00 nA
01:14:14  104.9s       -6 counts   -0.02 nA
01:14:15  105.0s       -2 counts   -0.01 nA
01:14:15  105.0s       -6 counts   -0.02 nA
01:14:15  105.1s       -1 counts   -0.00 nA
01:14:15  105.1s       -2 counts   -0.00 nA
01:14:15  105.2s        1 counts    0.00 nA
01:14:15  105.2s        2 counts    0.01 nA
01:14:15  105.3s        6 counts    0.02 nA
01:14:15  105.3s      -12 counts   -0.04 nA
01:14:15  105.4s       -4 counts   -0.01 nA
01:14:15  105.5s       -3 counts   -0.01 nA
01:14:15  105.5s       -6 counts   -0.02 nA
01:14:15  105.6s       -7 counts   -0.02 nA
01:14:15  105.6s       -2 counts   -0.01 nA
01:14:15  105.7s       -5 counts   -0.02 nA
01:14:15  105.7s       -4 counts   -0.01 nA
01:14:15  105.8s       -8 counts   -0.02 nA
01:14:15  105.8s      -18 counts   -0.06 nA
01:14:16  105.9s       -7 counts   -0.02 nA
01:14:16  106.0s       -7 counts   -0.02 nA
01:14:16  106.0s        5 counts    0.01 nA
01:14:16  106.1s       -3 counts   -0.01 nA
01:14:16  106.1s       12 counts    0.04 nA
01:14:16  106.2s       -7 counts   -0.02 nA
01:14:16  106.3s       -4 counts   -0.01 nA
01:14:16  106.3s       -2 counts   -0.01 nA
01:14:16  106.4s       -7 counts   -0.02 nA
01:14:16  106.4s       -3 counts   -0.01 nA
01:14:16  106.5s       -5 counts   -0.02 nA
01:14:16  106.5s       -3 counts   -0.01 nA
01:14:16  106.6s       -1 counts   -0.00 nA
01:14:16  106.6s       -6 counts   -0.02 nA
01:14:16  106.7s       -7 counts   -0.02 nA
01:14:16  106.8s        1 counts    0.00 nA
01:14:16  106.8s        0 counts    0.00 nA
01:14:16  106.9s       -4 counts   -0.01 nA
01:14:17  106.9s       -5 counts   -0.01 nA
01:14:17  107.0s       -6 counts   -0.02 nA
01:14:17  107.0s        3 counts    0.01 nA
01:14:17  107.1s       -8 counts   -0.02 nA
01:14:17  107.2s       -9 counts   -0.03 nA
01:14:17  107.2s      -14 counts   -0.04 nA
01:14:17  107.3s       -2 counts   -0.01 nA
01:14:17  107.3s       -3 counts   -0.01 nA
01:14:17  107.4s       -4 counts   -0.01 nA
01:14:17  107.5s       -2 counts   -0.01 nA
01:14:17  107.5s       -1 counts   -0.00 nA
01:14:17  107.6s       -9 counts   -0.03 nA
01:14:17  107.6s      -12 counts   -0.04 nA
01:14:17  107.7s       -4 counts   -0.01 nA
01:14:17  107.7s       -4 counts   -0.01 nA
01:14:17  107.8s       -0 counts   -0.00 nA
01:14:17  107.8s       -1 counts   -0.00 nA
01:14:17  107.9s       -6 counts   -0.02 nA
01:14:18  108.0s      -11 counts   -0.03 nA
01:14:18  108.0s        1 counts    0.00 nA
01:14:18  108.1s       -0 counts   -0.00 nA
01:14:18  108.1s      -10 counts   -0.03 nA
01:14:18  108.2s      -13 counts   -0.04 nA
01:14:18  108.2s       -5 counts   -0.01 nA
01:14:18  108.3s       -2 counts   -0.01 nA
01:14:18  108.4s      -13 counts   -0.04 nA
01:14:18  108.4s       -4 counts   -0.01 nA
01:14:18  108.5s       -0 counts   -0.00 nA
01:14:18  108.5s      -12 counts   -0.04 nA
01:14:18  108.6s       -1 counts   -0.00 nA
01:14:18  108.7s      -11 counts   -0.03 nA
01:14:18  108.7s       -3 counts   -0.01 nA
01:14:18  108.8s      -11 counts   -0.03 nA
01:14:18  108.8s       -2 counts   -0.01 nA
01:14:18  108.9s       -6 counts   -0.02 nA
01:14:19  108.9s        0 counts    0.00 nA
01:14:19  109.0s       -1 counts   -0.00 nA
01:14:19  109.1s       -7 counts   -0.02 nA
01:14:19  109.1s       -5 counts   -0.02 nA
01:14:19  109.2s        3 counts    0.01 nA
01:14:19  109.2s        9 counts    0.03 nA
01:14:19  109.3s       -2 counts   -0.01 nA
01:14:19  109.4s        6 counts    0.02 nA
01:14:19  109.4s       -5 counts   -0.02 nA
01:14:19  109.5s       -3 counts   -0.01 nA
01:14:19  109.5s      -11 counts   -0.03 nA
01:14:19  109.6s       -2 counts   -0.01 nA
01:14:19  109.6s       -4 counts   -0.01 nA
01:14:19  109.7s       -5 counts   -0.02 nA
01:14:19  109.8s        3 counts    0.01 nA
01:14:19  109.8s       -4 counts   -0.01 nA
01:14:19  109.9s       -8 counts   -0.03 nA
01:14:20  109.9s        4 counts    0.01 nA
01:14:20  110.0s       -3 counts   -0.01 nA
01:14:20  110.1s       -8 counts   -0.03 nA
01:14:20  110.1s       -2 counts   -0.01 nA
01:14:20  110.2s      -10 counts   -0.03 nA
01:14:20  110.2s       -5 counts   -0.02 nA
01:14:20  110.3s        2 counts    0.00 nA
01:14:20  110.3s        1 counts    0.00 nA
01:14:20  110.4s       -0 counts   -0.00 nA
01:14:20  110.5s      -11 counts   -0.03 nA
01:14:20  110.5s       -7 counts   -0.02 nA
01:14:20  110.6s       -4 counts   -0.01 nA
01:14:20  110.7s      -18 counts   -0.06 nA
01:14:20  110.7s       -4 counts   -0.01 nA
01:14:20  110.8s       -2 counts   -0.01 nA
01:14:20  110.8s       -2 counts   -0.01 nA
01:14:20  110.9s       -8 counts   -0.02 nA
01:14:21  110.9s       -5 counts   -0.02 nA
01:14:21  111.0s       -6 counts   -0.02 nA
01:14:21  111.1s       -8 counts   -0.02 nA
01:14:21  111.1s       -5 counts   -0.02 nA
01:14:21  111.2s        3 counts    0.01 nA
01:14:21  111.2s       -6 counts   -0.02 nA
01:14:21  111.3s       -7 counts   -0.02 nA
01:14:21  111.3s      -13 counts   -0.04 nA
01:14:21  111.4s       -2 counts   -0.00 nA
01:14:21  111.5s        1 counts    0.00 nA
01:14:21  111.5s       -7 counts   -0.02 nA
01:14:21  111.6s        0 counts    0.00 nA
01:14:21  111.6s       -3 counts   -0.01 nA
01:14:21  111.7s       -5 counts   -0.02 nA
01:14:21  111.7s        3 counts    0.01 nA
01:14:21  111.8s       -5 counts   -0.02 nA
01:14:21  111.8s       -5 counts   -0.02 nA
01:14:22  111.9s       -7 counts   -0.02 nA
01:14:22  112.0s        0 counts    0.00 nA
01:14:22  112.0s       -1 counts   -0.00 nA
01:14:22  112.1s        2 counts    0.01 nA
01:14:22  112.2s       -4 counts   -0.01 nA
01:14:22  112.2s       10 counts    0.03 nA
01:14:22  112.3s       -8 counts   -0.03 nA
01:14:22  112.3s      -10 counts   -0.03 nA
01:14:22  112.4s       -8 counts   -0.03 nA
01:14:22  112.4s       -9 counts   -0.03 nA
01:14:22  112.5s       -9 counts   -0.03 nA
01:14:22  112.6s        1 counts    0.00 nA
01:14:22  112.6s       -8 counts   -0.02 nA
01:14:22  112.7s       -3 counts   -0.01 nA
01:14:22  112.7s      -13 counts   -0.04 nA
01:14:22  112.8s       -4 counts   -0.01 nA
01:14:22  112.8s        2 counts    0.01 nA
01:14:22  112.9s       -6 counts   -0.02 nA
01:14:23  113.0s       -8 counts   -0.02 nA
01:14:23  113.0s        2 counts    0.01 nA
01:14:23  113.1s        1 counts    0.00 nA
01:14:23  113.1s       -8 counts   -0.02 nA
01:14:23  113.2s        3 counts    0.01 nA
01:14:23  113.3s       -8 counts   -0.03 nA
01:14:23  113.3s       -4 counts   -0.01 nA
01:14:23  113.4s       -8 counts   -0.02 nA
01:14:23  113.4s       -7 counts   -0.02 nA
01:14:23  113.5s       -3 counts   -0.01 nA
01:14:23  113.6s       -2 counts   -0.01 nA
01:14:23  113.6s       -0 counts   -0.00 nA
01:14:23  113.7s       -5 counts   -0.01 nA
01:14:23  113.7s        2 counts    0.01 nA
01:14:23  113.8s       -6 counts   -0.02 nA
01:14:23  113.8s        1 counts    0.00 nA
01:14:23  113.9s       -6 counts   -0.02 nA
01:14:24  114.0s       -5 counts   -0.01 nA
01:14:24  114.0s      -14 counts   -0.04 nA
01:14:24  114.1s       -3 counts   -0.01 nA
01:14:24  114.1s       -8 counts   -0.03 nA
01:14:24  114.2s        4 counts    0.01 nA
01:14:24  114.2s       -0 counts   -0.00 nA
01:14:24  114.3s       -1 counts   -0.00 nA
01:14:24  114.4s       -7 counts   -0.02 nA
01:14:24  114.4s        2 counts    0.01 nA
01:14:24  114.5s        4 counts    0.01 nA
01:14:24  114.5s       -4 counts   -0.01 nA
01:14:24  114.6s       -2 counts   -0.01 nA
01:14:24  114.6s        3 counts    0.01 nA
01:14:24  114.7s       -2 counts   -0.01 nA
01:14:24  114.7s       -4 counts   -0.01 nA
01:14:24  114.8s       -4 counts   -0.01 nA
01:14:24  114.9s       -9 counts   -0.03 nA
01:14:25  114.9s       -6 counts   -0.02 nA
01:14:25  115.0s       -9 counts   -0.03 nA
01:14:25  115.0s       -2 counts   -0.01 nA
01:14:25  115.1s       -1 counts   -0.00 nA
01:14:25  115.2s        0 counts    0.00 nA
01:14:25  115.2s       -9 counts   -0.03 nA
01:14:25  115.3s        2 counts    0.01 nA
01:14:25  115.3s      -10 counts   -0.03 nA
01:14:25  115.4s       -3 counts   -0.01 nA
01:14:25  115.5s       -8 counts   -0.03 nA
01:14:25  115.5s       -2 counts   -0.01 nA
01:14:25  115.6s       -9 counts   -0.03 nA
01:14:25  115.6s       -7 counts   -0.02 nA
01:14:25  115.7s       -5 counts   -0.02 nA
01:14:25  115.7s       -2 counts   -0.01 nA
01:14:25  115.8s       -3 counts   -0.01 nA
01:14:25  115.8s       -7 counts   -0.02 nA
01:14:26  115.9s        7 counts    0.02 nA
01:14:26  116.0s      -11 counts   -0.04 nA
01:14:26  116.0s       -6 counts   -0.02 nA
01:14:26  116.1s      -13 counts   -0.04 nA
01:14:26  116.1s       -1 counts   -0.00 nA
01:14:26  116.2s       -8 counts   -0.03 nA
01:14:26  116.3s       -6 counts   -0.02 nA
01:14:26  116.3s       -6 counts   -0.02 nA
01:14:26  116.4s       -5 counts   -0.01 nA
01:14:26  116.4s      -14 counts   -0.04 nA
01:14:26  116.5s      -14 counts   -0.05 nA
01:14:26  116.5s       -5 counts   -0.02 nA
01:14:26  116.6s       -7 counts   -0.02 nA
01:14:26  116.7s       -8 counts   -0.02 nA
01:14:26  116.7s       -1 counts   -0.00 nA
01:14:26  116.8s        1 counts    0.00 nA
01:14:26  116.8s       -5 counts   -0.02 nA
01:14:27  116.9s       -5 counts   -0.02 nA
01:14:27  117.0s       -3 counts   -0.01 nA
01:14:27  117.0s       -5 counts   -0.01 nA
01:14:27  117.1s      -13 counts   -0.04 nA
01:14:27  117.1s       -3 counts   -0.01 nA
01:14:27  117.2s      -16 counts   -0.05 nA
01:14:27  117.3s      -12 counts   -0.04 nA
01:14:27  117.3s       -1 counts   -0.00 nA
01:14:27  117.4s       -2 counts   -0.01 nA
01:14:27  117.4s       -9 counts   -0.03 nA
01:14:27  117.5s       -4 counts   -0.01 nA
01:14:27  117.6s       -2 counts   -0.01 nA
01:14:27  117.6s       -4 counts   -0.01 nA
01:14:27  117.7s        4 counts    0.01 nA
01:14:27  117.7s      -11 counts   -0.03 nA
01:14:27  117.8s       -7 counts   -0.02 nA
01:14:27  117.8s       -5 counts   -0.02 nA
01:14:27  117.9s       -4 counts   -0.01 nA
01:14:28  117.9s       -8 counts   -0.02 nA
01:14:28  118.0s       -2 counts   -0.01 nA
01:14:28  118.1s       -4 counts   -0.01 nA
01:14:28  118.1s       -4 counts   -0.01 nA
01:14:28  118.2s       -3 counts   -0.01 nA
01:14:28  118.2s        3 counts    0.01 nA
01:14:28  118.3s       -6 counts   -0.02 nA
01:14:28  118.3s       -5 counts   -0.02 nA
01:14:28  118.4s       -3 counts   -0.01 nA
01:14:28  118.5s        1 counts    0.00 nA
01:14:28  118.5s       -4 counts   -0.01 nA
01:14:28  118.6s       -9 counts   -0.03 nA
01:14:28  118.6s       -4 counts   -0.01 nA
01:14:28  118.7s       -7 counts   -0.02 nA
01:14:28  118.7s       -3 counts   -0.01 nA
01:14:28  118.8s      -11 counts   -0.03 nA
01:14:28  118.8s       -7 counts   -0.02 nA
01:14:28  118.9s       -4 counts   -0.01 nA
01:14:29  118.9s        0 counts    0.00 nA
01:14:29  119.0s       -2 counts   -0.01 nA
01:14:29  119.0s        1 counts    0.00 nA
01:14:29  119.1s       -3 counts   -0.01 nA
01:14:29  119.1s       -3 counts   -0.01 nA
01:14:29  119.2s       -4 counts   -0.01 nA
01:14:29  119.3s      -10 counts   -0.03 nA
01:14:29  119.3s       -5 counts   -0.01 nA
01:14:29  119.4s       -1 counts   -0.00 nA
01:14:29  119.4s      -10 counts   -0.03 nA
01:14:29  119.5s        0 counts    0.00 nA
01:14:29  119.6s       -4 counts   -0.01 nA
01:14:29  119.6s       -4 counts   -0.01 nA
01:14:29  119.7s       -6 counts   -0.02 nA
01:14:29  119.7s        3 counts    0.01 nA
01:14:29  119.8s      -21 counts   -0.07 nA
01:14:29  119.8s       -1 counts   -0.00 nA
01:14:29  119.9s       -7 counts   -0.02 nA
01:14:30  119.9s       -5 counts   -0.02 nA
01:14:30  120.0s       -4 counts   -0.01 nA
01:14:30  120.1s        2 counts    0.01 nA
01:14:30  120.1s       -6 counts   -0.02 nA
01:14:30  120.2s       -1 counts   -0.00 nA
01:14:30  120.3s       -4 counts   -0.01 nA
01:14:30  120.3s       -6 counts   -0.02 nA
01:14:30  120.4s       -5 counts   -0.01 nA
01:14:30  120.4s       -8 counts   -0.02 nA
01:14:30  120.5s       -6 counts   -0.02 nA
01:14:30  120.5s       -1 counts   -0.00 nA
01:14:30  120.6s       -4 counts   -0.01 nA
01:14:30  120.7s       -0 counts   -0.00 nA
01:14:30  120.7s        3 counts    0.01 nA
01:14:30  120.8s      -10 counts   -0.03 nA
01:14:30  120.8s       -5 counts   -0.01 nA
01:14:30  120.9s        3 counts    0.01 nA
01:14:31  121.0s       -6 counts   -0.02 nA
01:14:31  121.0s       -5 counts   -0.01 nA
01:14:31  121.1s        1 counts    0.00 nA
01:14:31  121.1s       -3 counts   -0.01 nA
01:14:31  121.2s      -15 counts   -0.05 nA
01:14:31  121.2s       -4 counts   -0.01 nA
01:14:31  121.3s       -5 counts   -0.01 nA
01:14:31  121.4s       -1 counts   -0.00 nA
01:14:31  121.4s       -1 counts   -0.00 nA
01:14:31  121.5s       -7 counts   -0.02 nA
01:14:31  121.5s       -0 counts   -0.00 nA
01:14:31  121.6s       -0 counts   -0.00 nA
01:14:31  121.6s       -5 counts   -0.02 nA
01:14:31  121.7s      -13 counts   -0.04 nA
01:14:31  121.8s       -4 counts   -0.01 nA
01:14:31  121.8s       -6 counts   -0.02 nA
01:14:31  121.9s        1 counts    0.00 nA
01:14:32  121.9s       -4 counts   -0.01 nA
01:14:32  122.0s       -4 counts   -0.01 nA
01:14:32  122.1s      -19 counts   -0.06 nA
01:14:32  122.1s       -4 counts   -0.01 nA
01:14:32  122.2s      -10 counts   -0.03 nA
01:14:32  122.2s       -8 counts   -0.02 nA
01:14:32  122.3s        5 counts    0.02 nA
01:14:32  122.3s       -4 counts   -0.01 nA
01:14:32  122.4s        1 counts    0.00 nA
01:14:32  122.4s       -8 counts   -0.02 nA
01:14:32  122.5s      -10 counts   -0.03 nA
01:14:32  122.5s        1 counts    0.00 nA
01:14:32  122.6s       -3 counts   -0.01 nA
01:14:32  122.7s       -8 counts   -0.02 nA
01:14:32  122.7s       -4 counts   -0.01 nA
01:14:32  122.8s       -5 counts   -0.02 nA
01:14:32  122.8s      -20 counts   -0.06 nA
01:14:32  122.9s       -8 counts   -0.02 nA
01:14:33  123.0s       -9 counts   -0.03 nA
01:14:33  123.0s       -3 counts   -0.01 nA
01:14:33  123.1s       -2 counts   -0.01 nA
01:14:33  123.1s       -8 counts   -0.02 nA
01:14:33  123.2s      -16 counts   -0.05 nA
01:14:33  123.2s       -5 counts   -0.01 nA
01:14:33  123.3s       -6 counts   -0.02 nA
01:14:33  123.3s       -2 counts   -0.01 nA
01:14:33  123.4s       -6 counts   -0.02 nA
01:14:33  123.4s       -4 counts   -0.01 nA
01:14:33  123.5s       -9 counts   -0.03 nA
01:14:33  123.5s        2 counts    0.01 nA
01:14:33  123.6s       -2 counts   -0.00 nA
01:14:33  123.7s       -8 counts   -0.03 nA
01:14:33  123.7s       -7 counts   -0.02 nA
01:14:33  123.8s       -4 counts   -0.01 nA
01:14:33  123.8s      -15 counts   -0.05 nA
01:14:33  123.9s       -0 counts   -0.00 nA
01:14:34  123.9s       -3 counts   -0.01 nA
01:14:34  124.0s        4 counts    0.01 nA
01:14:34  124.1s        4 counts    0.01 nA
01:14:34  124.1s      -15 counts   -0.05 nA
01:14:34  124.2s       -8 counts   -0.03 nA
01:14:34  124.2s       -0 counts   -0.00 nA
01:14:34  124.3s        4 counts    0.01 nA
01:14:34  124.3s       -6 counts   -0.02 nA
01:14:34  124.4s       -6 counts   -0.02 nA
01:14:34  124.5s        3 counts    0.01 nA
01:14:34  124.5s      -11 counts   -0.04 nA
01:14:34  124.6s       -3 counts   -0.01 nA
01:14:34  124.6s       -8 counts   -0.02 nA
01:14:34  124.7s       -4 counts   -0.01 nA
01:14:34  124.7s       -6 counts   -0.02 nA
01:14:34  124.8s       -2 counts   -0.01 nA
01:14:34  124.8s       -6 counts   -0.02 nA
01:14:34  124.9s       -9 counts   -0.03 nA
01:14:35  124.9s       -2 counts   -0.01 nA
01:14:35  125.0s       -4 counts   -0.01 nA
01:14:35  125.0s       -3 counts   -0.01 nA
01:14:35  125.1s       -4 counts   -0.01 nA
01:14:35  125.2s      -15 counts   -0.05 nA
01:14:35  125.2s       -1 counts   -0.00 nA
01:14:35  125.3s       -4 counts   -0.01 nA
01:14:35  125.3s       -7 counts   -0.02 nA
01:14:35  125.4s        1 counts    0.00 nA
01:14:35  125.4s       -1 counts   -0.00 nA
01:14:35  125.5s       -2 counts   -0.01 nA
01:14:35  125.5s       -6 counts   -0.02 nA
01:14:35  125.6s      -14 counts   -0.04 nA
01:14:35  125.6s       -4 counts   -0.01 nA
01:14:35  125.7s       -1 counts   -0.00 nA
01:14:35  125.8s        1 counts    0.00 nA
01:14:35  125.8s       -3 counts   -0.01 nA
01:14:35  125.9s       -0 counts   -0.00 nA
01:14:36  125.9s        4 counts    0.01 nA
01:14:36  126.0s       -6 counts   -0.02 nA
01:14:36  126.1s       -4 counts   -0.01 nA
01:14:36  126.1s       -3 counts   -0.01 nA
01:14:36  126.2s      -14 counts   -0.04 nA
01:14:36  126.2s      -10 counts   -0.03 nA
01:14:36  126.3s        3 counts    0.01 nA
01:14:36  126.3s       -3 counts   -0.01 nA
01:14:36  126.4s       -8 counts   -0.02 nA
01:14:36  126.5s       -7 counts   -0.02 nA
01:14:36  126.5s       -0 counts   -0.00 nA
01:14:36  126.6s        2 counts    0.01 nA
01:14:36  126.6s       -6 counts   -0.02 nA
01:14:36  126.7s       -3 counts   -0.01 nA
01:14:36  126.7s       -7 counts   -0.02 nA
01:14:36  126.8s       -5 counts   -0.02 nA
01:14:36  126.8s        2 counts    0.01 nA
01:14:36  126.9s       -0 counts   -0.00 nA
01:14:37  127.0s        1 counts    0.00 nA
01:14:37  127.0s       -9 counts   -0.03 nA
01:14:37  127.1s        4 counts    0.01 nA
01:14:37  127.1s       -4 counts   -0.01 nA
01:14:37  127.2s        0 counts    0.00 nA
01:14:37  127.2s       -5 counts   -0.02 nA
01:14:37  127.3s       -9 counts   -0.03 nA
01:14:37  127.3s       -0 counts   -0.00 nA
01:14:37  127.4s       -3 counts   -0.01 nA
01:14:37  127.5s       -0 counts   -0.00 nA
01:14:37  127.5s       -4 counts   -0.01 nA
01:14:37  127.6s       -6 counts   -0.02 nA
01:14:37  127.6s       -2 counts   -0.01 nA
01:14:37  127.7s       -1 counts   -0.00 nA
01:14:37  127.7s       -4 counts   -0.01 nA
01:14:37  127.8s       -2 counts   -0.01 nA
01:14:37  127.9s       -5 counts   -0.01 nA
01:14:38  127.9s       -2 counts   -0.01 nA
01:14:38  128.0s       -0 counts   -0.00 nA
01:14:38  128.0s       -2 counts   -0.01 nA
01:14:38  128.1s       -1 counts   -0.00 nA
01:14:38  128.2s       -7 counts   -0.02 nA
01:14:38  128.2s       -4 counts   -0.01 nA
01:14:38  128.3s       -6 counts   -0.02 nA
01:14:38  128.3s       -6 counts   -0.02 nA
01:14:38  128.4s       -7 counts   -0.02 nA
01:14:38  128.4s       -5 counts   -0.02 nA
01:14:38  128.5s        4 counts    0.01 nA
01:14:38  128.5s       -4 counts   -0.01 nA
01:14:38  128.6s       -4 counts   -0.01 nA
01:14:38  128.7s       -0 counts   -0.00 nA
01:14:38  128.7s      -12 counts   -0.04 nA
01:14:38  128.8s       -9 counts   -0.03 nA
01:14:38  128.8s       -5 counts   -0.01 nA
01:14:38  128.9s       -2 counts   -0.01 nA
01:14:39  128.9s       -8 counts   -0.02 nA
01:14:39  129.0s      -15 counts   -0.05 nA
01:14:39  129.1s       -6 counts   -0.02 nA
01:14:39  129.1s      -11 counts   -0.04 nA
01:14:39  129.2s       -0 counts   -0.00 nA
01:14:39  129.2s       -6 counts   -0.02 nA
01:14:39  129.3s       -6 counts   -0.02 nA
01:14:39  129.3s        6 counts    0.02 nA
01:14:39  129.4s        1 counts    0.00 nA
01:14:39  129.5s       -8 counts   -0.02 nA
01:14:39  129.5s       -1 counts   -0.00 nA
01:14:39  129.6s       -1 counts   -0.00 nA
01:14:39  129.6s       -3 counts   -0.01 nA
01:14:39  129.7s       -4 counts   -0.01 nA
01:14:39  129.7s       -9 counts   -0.03 nA
01:14:39  129.8s      -11 counts   -0.03 nA
01:14:39  129.9s      -10 counts   -0.03 nA
01:14:40  129.9s        1 counts    0.00 nA
01:14:40  130.0s        6 counts    0.02 nA
01:14:40  130.0s       -7 counts   -0.02 nA
01:14:40  130.1s        0 counts    0.00 nA
01:14:40  130.1s       -7 counts   -0.02 nA
01:14:40  130.2s       -5 counts   -0.02 nA
01:14:40  130.3s      -14 counts   -0.04 nA
01:14:40  130.3s       -6 counts   -0.02 nA
01:14:40  130.4s       -3 counts   -0.01 nA
01:14:40  130.4s      -10 counts   -0.03 nA
01:14:40  130.5s       -7 counts   -0.02 nA
01:14:40  130.5s       -9 counts   -0.03 nA
01:14:40  130.6s       -3 counts   -0.01 nA
01:14:40  130.7s       -5 counts   -0.02 nA
01:14:40  130.7s      -15 counts   -0.05 nA
01:14:40  130.8s       -3 counts   -0.01 nA
01:14:40  130.8s       -9 counts   -0.03 nA
01:14:40  130.9s      -11 counts   -0.03 nA
01:14:41  130.9s       -6 counts   -0.02 nA
01:14:41  131.0s        2 counts    0.01 nA
01:14:41  131.0s       -4 counts   -0.01 nA
01:14:41  131.1s       -9 counts   -0.03 nA
01:14:41  131.2s       -5 counts   -0.01 nA
01:14:41  131.2s       -7 counts   -0.02 nA
01:14:41  131.3s      -11 counts   -0.03 nA
01:14:41  131.3s       -1 counts   -0.00 nA
01:14:41  131.4s       -7 counts   -0.02 nA
01:14:41  131.4s       -1 counts   -0.00 nA
01:14:41  131.5s        8 counts    0.03 nA
01:14:41  131.6s       -3 counts   -0.01 nA
01:14:41  131.6s       -6 counts   -0.02 nA
01:14:41  131.7s        0 counts    0.00 nA
01:14:41  131.7s       -5 counts   -0.02 nA
01:14:41  131.8s       -5 counts   -0.02 nA
01:14:41  131.8s      -10 counts   -0.03 nA
01:14:41  131.9s       -3 counts   -0.01 nA
01:14:42  131.9s       -3 counts   -0.01 nA
01:14:42  132.0s       -0 counts   -0.00 nA
01:14:42  132.1s       -7 counts   -0.02 nA
01:14:42  132.1s       -5 counts   -0.01 nA
01:14:42  132.2s       -3 counts   -0.01 nA
01:14:42  132.2s       -3 counts   -0.01 nA
01:14:42  132.3s        6 counts    0.02 nA
01:14:42  132.4s        3 counts    0.01 nA
01:14:42  132.4s      -17 counts   -0.05 nA
01:14:42  132.5s       -2 counts   -0.01 nA
01:14:42  132.5s       -9 counts   -0.03 nA
01:14:42  132.6s        6 counts    0.02 nA
01:14:42  132.6s      -11 counts   -0.03 nA
01:14:42  132.7s      -14 counts   -0.05 nA
01:14:42  132.7s       -5 counts   -0.02 nA
01:14:42  132.8s        2 counts    0.01 nA
01:14:42  132.9s       -6 counts   -0.02 nA
01:14:43  132.9s       -4 counts   -0.01 nA
01:14:43  133.0s        2 counts    0.01 nA
01:14:43  133.0s      -11 counts   -0.04 nA
01:14:43  133.1s       -5 counts   -0.01 nA
01:14:43  133.2s       -7 counts   -0.02 nA
01:14:43  133.2s      -12 counts   -0.04 nA
01:14:43  133.3s       -8 counts   -0.03 nA
01:14:43  133.4s       -2 counts   -0.01 nA
01:14:43  133.4s       -4 counts   -0.01 nA
01:14:43  133.5s        4 counts    0.01 nA
01:14:43  133.5s       -8 counts   -0.02 nA
01:14:43  133.6s       -5 counts   -0.02 nA
01:14:43  133.6s        2 counts    0.01 nA
01:14:43  133.7s       -8 counts   -0.02 nA
01:14:43  133.7s       -5 counts   -0.02 nA
01:14:43  133.8s       -6 counts   -0.02 nA
01:14:43  133.8s       -9 counts   -0.03 nA
01:14:43  133.9s       -8 counts   -0.02 nA
01:14:44  133.9s       -6 counts   -0.02 nA
01:14:44  134.0s      -10 counts   -0.03 nA
01:14:44  134.1s       -5 counts   -0.02 nA
01:14:44  134.1s       -0 counts   -0.00 nA
01:14:44  134.2s        6 counts    0.02 nA
01:14:44  134.2s        1 counts    0.00 nA
01:14:44  134.3s       -3 counts   -0.01 nA
01:14:44  134.3s       -3 counts   -0.01 nA
01:14:44  134.4s       -8 counts   -0.03 nA
01:14:44  134.5s      -11 counts   -0.03 nA
01:14:44  134.5s       -4 counts   -0.01 nA
01:14:44  134.6s       -6 counts   -0.02 nA
01:14:44  134.6s       -3 counts   -0.01 nA
01:14:44  134.7s      -13 counts   -0.04 nA
01:14:44  134.7s      -10 counts   -0.03 nA
01:14:44  134.8s        2 counts    0.01 nA
01:14:44  134.8s      -11 counts   -0.03 nA
01:14:44  134.9s       -7 counts   -0.02 nA
01:14:45  134.9s       -2 counts   -0.01 nA
01:14:45  135.0s       -7 counts   -0.02 nA
01:14:45  135.1s       -6 counts   -0.02 nA
01:14:45  135.1s        3 counts    0.01 nA
01:14:45  135.2s       -3 counts   -0.01 nA
01:14:45  135.2s        1 counts    0.00 nA
01:14:45  135.3s       -3 counts   -0.01 nA
01:14:45  135.3s       -7 counts   -0.02 nA
01:14:45  135.4s       -1 counts   -0.00 nA
01:14:45  135.5s       -6 counts   -0.02 nA
01:14:45  135.5s       -4 counts   -0.01 nA
01:14:45  135.6s      -12 counts   -0.04 nA
01:14:45  135.6s       -6 counts   -0.02 nA
01:14:45  135.7s       -2 counts   -0.00 nA
01:14:45  135.8s       -5 counts   -0.02 nA
01:14:45  135.8s       -8 counts   -0.03 nA
01:14:45  135.9s       -4 counts   -0.01 nA
01:14:46  135.9s       -1 counts   -0.00 nA
01:14:46  136.0s        3 counts    0.01 nA
01:14:46  136.0s       -5 counts   -0.01 nA
01:14:46  136.1s       -4 counts   -0.01 nA
01:14:46  136.2s      -11 counts   -0.04 nA
01:14:46  136.2s       -3 counts   -0.01 nA
01:14:46  136.3s        5 counts    0.02 nA
01:14:46  136.3s      -10 counts   -0.03 nA
01:14:46  136.4s       -7 counts   -0.02 nA
01:14:46  136.4s       -1 counts   -0.00 nA
01:14:46  136.5s       -9 counts   -0.03 nA
01:14:46  136.6s       -6 counts   -0.02 nA
01:14:46  136.6s       -8 counts   -0.02 nA
01:14:46  136.7s       -1 counts   -0.00 nA
01:14:46  136.7s      -10 counts   -0.03 nA
01:14:46  136.8s        3 counts    0.01 nA
01:14:46  136.8s       -2 counts   -0.01 nA
01:14:46  136.9s       -4 counts   -0.01 nA
01:14:47  136.9s       -4 counts   -0.01 nA
01:14:47  137.0s       -1 counts   -0.00 nA
01:14:47  137.1s       -7 counts   -0.02 nA
01:14:47  137.1s       -8 counts   -0.03 nA
01:14:47  137.2s       -5 counts   -0.02 nA
01:14:47  137.2s        4 counts    0.01 nA
01:14:47  137.3s       -3 counts   -0.01 nA
01:14:47  137.3s       -2 counts   -0.01 nA
01:14:47  137.4s       -6 counts   -0.02 nA
01:14:47  137.5s       -2 counts   -0.00 nA
01:14:47  137.5s       -1 counts   -0.00 nA
01:14:47  137.6s      -13 counts   -0.04 nA
01:14:47  137.6s        3 counts    0.01 nA
01:14:47  137.7s       -7 counts   -0.02 nA
01:14:47  137.8s       -7 counts   -0.02 nA
01:14:47  137.8s       -1 counts   -0.00 nA
01:14:47  137.9s       -2 counts   -0.01 nA
01:14:48  137.9s       -2 counts   -0.01 nA
01:14:48  138.0s        2 counts    0.01 nA
01:14:48  138.0s       -7 counts   -0.02 nA
01:14:48  138.1s        3 counts    0.01 nA
01:14:48  138.2s       -2 counts   -0.01 nA
01:14:48  138.2s       -5 counts   -0.02 nA
01:14:48  138.3s       -4 counts   -0.01 nA
01:14:48  138.3s      -10 counts   -0.03 nA
01:14:48  138.4s        4 counts    0.01 nA
01:14:48  138.4s      -13 counts   -0.04 nA
01:14:48  138.5s      -14 counts   -0.04 nA
01:14:48  138.6s        1 counts    0.00 nA
01:14:48  138.6s       -2 counts   -0.01 nA
01:14:48  138.7s        1 counts    0.00 nA
01:14:48  138.7s        0 counts    0.00 nA
01:14:48  138.8s       -2 counts   -0.01 nA
01:14:48  138.8s        0 counts    0.00 nA
01:14:48  138.9s       -5 counts   -0.01 nA
01:14:49  139.0s      -12 counts   -0.04 nA
01:14:49  139.0s        5 counts    0.02 nA
01:14:49  139.1s       -2 counts   -0.01 nA
01:14:49  139.1s       -7 counts   -0.02 nA
01:14:49  139.2s       -1 counts   -0.00 nA
01:14:49  139.2s       -5 counts   -0.02 nA
01:14:49  139.3s       -7 counts   -0.02 nA
01:14:49  139.4s      -15 counts   -0.05 nA
01:14:49  139.4s       -0 counts   -0.00 nA
01:14:49  139.5s        4 counts    0.01 nA
01:14:49  139.5s       -2 counts   -0.01 nA
01:14:49  139.6s       -3 counts   -0.01 nA
01:14:49  139.6s       -8 counts   -0.02 nA
01:14:49  139.7s       -0 counts   -0.00 nA
01:14:49  139.7s      -10 counts   -0.03 nA
01:14:49  139.8s       -3 counts   -0.01 nA
01:14:49  139.9s       -1 counts   -0.00 nA
01:14:50  139.9s       -3 counts   -0.01 nA
01:14:50  140.0s       -2 counts   -0.01 nA
01:14:50  140.0s        0 counts    0.00 nA
01:14:50  140.1s       -5 counts   -0.02 nA
01:14:50  140.1s       -9 counts   -0.03 nA
01:14:50  140.2s      -12 counts   -0.04 nA
01:14:50  140.3s       -5 counts   -0.02 nA
01:14:50  140.3s       -4 counts   -0.01 nA
01:14:50  140.4s       -7 counts   -0.02 nA
01:14:50  140.4s        3 counts    0.01 nA
01:14:50  140.5s      -10 counts   -0.03 nA
01:14:50  140.5s       -8 counts   -0.02 nA
01:14:50  140.6s       -7 counts   -0.02 nA
01:14:50  140.6s       -6 counts   -0.02 nA
01:14:50  140.7s       -2 counts   -0.01 nA
01:14:50  140.7s       -5 counts   -0.02 nA
01:14:50  140.8s      -12 counts   -0.04 nA
01:14:50  140.9s       -3 counts   -0.01 nA
01:14:51  140.9s       -2 counts   -0.01 nA
01:14:51  141.0s       -4 counts   -0.01 nA
01:14:51  141.0s        1 counts    0.00 nA
01:14:51  141.1s        3 counts    0.01 nA
01:14:51  141.2s        4 counts    0.01 nA
01:14:51  141.2s      -10 counts   -0.03 nA
01:14:51  141.3s        4 counts    0.01 nA
01:14:51  141.3s       -6 counts   -0.02 nA
01:14:51  141.4s      -10 counts   -0.03 nA
01:14:51  141.4s       -7 counts   -0.02 nA
01:14:51  141.5s       -6 counts   -0.02 nA
01:14:51  141.5s       -8 counts   -0.03 nA
01:14:51  141.6s       -8 counts   -0.02 nA
01:14:51  141.7s       -0 counts   -0.00 nA
01:14:51  141.7s       -2 counts   -0.01 nA
01:14:51  141.8s      -10 counts   -0.03 nA
01:14:51  141.8s       -7 counts   -0.02 nA
01:14:51  141.9s       -3 counts   -0.01 nA
01:14:52  141.9s      -10 counts   -0.03 nA
01:14:52  142.0s       -3 counts   -0.01 nA
01:14:52  142.1s       -2 counts   -0.01 nA
01:14:52  142.1s       -9 counts   -0.03 nA
01:14:52  142.2s        4 counts    0.01 nA
01:14:52  142.2s        3 counts    0.01 nA
01:14:52  142.3s      -11 counts   -0.03 nA
01:14:52  142.3s        2 counts    0.01 nA
01:14:52  142.4s       -7 counts   -0.02 nA
01:14:52  142.5s       -3 counts   -0.01 nA
01:14:52  142.5s       -6 counts   -0.02 nA
01:14:52  142.6s       -1 counts   -0.00 nA
01:14:52  142.6s       -3 counts   -0.01 nA
01:14:52  142.7s       -7 counts   -0.02 nA
01:14:52  142.8s       -2 counts   -0.01 nA
01:14:52  142.8s       -6 counts   -0.02 nA
01:14:52  142.9s      -12 counts   -0.04 nA
01:14:53  142.9s       -4 counts   -0.01 nA
01:14:53  143.0s        3 counts    0.01 nA
01:14:53  143.0s       -8 counts   -0.02 nA
01:14:53  143.1s       -4 counts   -0.01 nA
01:14:53  143.1s        5 counts    0.02 nA
01:14:53  143.2s       -4 counts   -0.01 nA
01:14:53  143.3s       -9 counts   -0.03 nA
01:14:53  143.3s       -9 counts   -0.03 nA
01:14:53  143.4s       -6 counts   -0.02 nA
01:14:53  143.4s       -6 counts   -0.02 nA
01:14:53  143.5s       -0 counts   -0.00 nA
01:14:53  143.5s      -16 counts   -0.05 nA
01:14:53  143.6s       -5 counts   -0.02 nA
01:14:53  143.7s      -10 counts   -0.03 nA
01:14:53  143.7s      -11 counts   -0.03 nA
01:14:53  143.8s      -11 counts   -0.03 nA
01:14:53  143.8s       -9 counts   -0.03 nA
01:14:53  143.9s       -8 counts   -0.02 nA
01:14:54  144.0s       -3 counts   -0.01 nA
01:14:54  144.0s       -5 counts   -0.01 nA
01:14:54  144.1s      -13 counts   -0.04 nA
01:14:54  144.1s       -7 counts   -0.02 nA
01:14:54  144.2s       -4 counts   -0.01 nA
01:14:54  144.2s       -7 counts   -0.02 nA
01:14:54  144.3s       -8 counts   -0.03 nA
01:14:54  144.3s       -1 counts   -0.00 nA
01:14:54  144.4s       -9 counts   -0.03 nA
01:14:54  144.5s       -5 counts   -0.02 nA
01:14:54  144.5s       -8 counts   -0.02 nA
01:14:54  144.6s        1 counts    0.00 nA
01:14:54  144.6s      -11 counts   -0.03 nA
01:14:54  144.7s       -0 counts   -0.00 nA
01:14:54  144.7s       -5 counts   -0.02 nA
01:14:54  144.8s        0 counts    0.00 nA
01:14:54  144.9s       -5 counts   -0.02 nA
01:14:55  144.9s       -6 counts   -0.02 nA
01:14:55  145.0s       -2 counts   -0.01 nA
01:14:55  145.0s        3 counts    0.01 nA
01:14:55  145.1s       -3 counts   -0.01 nA
01:14:55  145.2s      -11 counts   -0.04 nA
01:14:55  145.2s       -6 counts   -0.02 nA
01:14:55  145.3s       -4 counts   -0.01 nA
01:14:55  145.3s       -7 counts   -0.02 nA
01:14:55  145.4s       -9 counts   -0.03 nA
01:14:55  145.4s      -11 counts   -0.03 nA
01:14:55  145.5s       -3 counts   -0.01 nA
01:14:55  145.5s      -14 counts   -0.04 nA
01:14:55  145.6s       -8 counts   -0.03 nA
01:14:55  145.7s      -11 counts   -0.03 nA
01:14:55  145.7s       -2 counts   -0.01 nA
01:14:55  145.8s       -4 counts   -0.01 nA
01:14:55  145.8s       -4 counts   -0.01 nA
01:14:55  145.9s       -9 counts   -0.03 nA
01:14:56  146.0s       -3 counts   -0.01 nA
01:14:56  146.0s       -5 counts   -0.02 nA
01:14:56  146.1s       -3 counts   -0.01 nA
01:14:56  146.1s        2 counts    0.01 nA
01:14:56  146.2s       -0 counts   -0.00 nA
01:14:56  146.2s       -4 counts   -0.01 nA
01:14:56  146.3s      -10 counts   -0.03 nA
01:14:56  146.4s       -9 counts   -0.03 nA
01:14:56  146.4s       -3 counts   -0.01 nA
01:14:56  146.5s       -4 counts   -0.01 nA
01:14:56  146.5s       -4 counts   -0.01 nA
01:14:56  146.6s       -6 counts   -0.02 nA
01:14:56  146.6s       -1 counts   -0.00 nA
01:14:56  146.7s       -7 counts   -0.02 nA
01:14:56  146.7s      -16 counts   -0.05 nA
01:14:56  146.8s       -3 counts   -0.01 nA
01:14:56  146.9s      -10 counts   -0.03 nA
01:14:57  146.9s       -3 counts   -0.01 nA
01:14:57  147.0s       -0 counts   -0.00 nA
01:14:57  147.0s       -7 counts   -0.02 nA
01:14:57  147.1s       -5 counts   -0.02 nA
01:14:57  147.2s      -13 counts   -0.04 nA
01:14:57  147.2s       -2 counts   -0.00 nA
01:14:57  147.3s        9 counts    0.03 nA
01:14:57  147.3s       -6 counts   -0.02 nA
01:14:57  147.4s       -4 counts   -0.01 nA
01:14:57  147.4s       -7 counts   -0.02 nA
01:14:57  147.5s       -1 counts   -0.00 nA
01:14:57  147.6s       -3 counts   -0.01 nA
01:14:57  147.6s       -0 counts   -0.00 nA
01:14:57  147.7s       -4 counts   -0.01 nA
01:14:57  147.7s       -4 counts   -0.01 nA
01:14:57  147.8s      -16 counts   -0.05 nA
01:14:57  147.8s       -1 counts   -0.00 nA
01:14:58  147.9s       -6 counts   -0.02 nA
01:14:58  148.0s       -9 counts   -0.03 nA
01:14:58  148.0s        4 counts    0.01 nA
01:14:58  148.1s       -6 counts   -0.02 nA
01:14:58  148.1s       -8 counts   -0.02 nA
01:14:58  148.2s       -7 counts   -0.02 nA
01:14:58  148.2s       -4 counts   -0.01 nA
01:14:58  148.3s       -0 counts   -0.00 nA
01:14:58  148.4s       -5 counts   -0.02 nA
01:14:58  148.4s        0 counts    0.00 nA
01:14:58  148.5s       -1 counts   -0.00 nA
01:14:58  148.5s      -11 counts   -0.03 nA
01:14:58  148.6s       -9 counts   -0.03 nA
01:14:58  148.7s       -8 counts   -0.02 nA
01:14:58  148.7s        4 counts    0.01 nA
01:14:58  148.8s       -2 counts   -0.01 nA
01:14:58  148.8s       -2 counts   -0.01 nA
01:14:58  148.9s       -5 counts   -0.02 nA
01:14:59  148.9s       -3 counts   -0.01 nA
01:14:59  149.0s      -10 counts   -0.03 nA
01:14:59  149.1s       -2 counts   -0.01 nA
01:14:59  149.1s       -2 counts   -0.01 nA
01:14:59  149.2s       -6 counts   -0.02 nA
01:14:59  149.2s       -2 counts   -0.00 nA
01:14:59  149.3s       -4 counts   -0.01 nA
01:14:59  149.4s      -10 counts   -0.03 nA
01:14:59  149.4s       -2 counts   -0.01 nA
01:14:59  149.5s        8 counts    0.02 nA
01:14:59  149.5s       -7 counts   -0.02 nA
01:14:59  149.6s       -4 counts   -0.01 nA
01:14:59  149.6s       -3 counts   -0.01 nA
01:14:59  149.7s      -10 counts   -0.03 nA
01:14:59  149.8s       -4 counts   -0.01 nA
01:14:59  149.8s       -9 counts   -0.03 nA
01:14:59  149.9s       -8 counts   -0.02 nA
01:15:00  149.9s      -14 counts   -0.04 nA
01:15:00  150.0s       -6 counts   -0.02 nA
01:15:00  150.0s        3 counts    0.01 nA
01:15:00  150.1s        3 counts    0.01 nA
01:15:00  150.2s        4 counts    0.01 nA
01:15:00  150.2s       -9 counts   -0.03 nA
01:15:00  150.3s       -7 counts   -0.02 nA
01:15:00  150.3s       -7 counts   -0.02 nA
01:15:00  150.4s        1 counts    0.00 nA
01:15:00  150.5s       -9 counts   -0.03 nA
01:15:00  150.5s       -9 counts   -0.03 nA
01:15:00  150.6s        1 counts    0.00 nA
01:15:00  150.6s       -2 counts   -0.00 nA
01:15:00  150.7s       -9 counts   -0.03 nA
01:15:00  150.7s        1 counts    0.00 nA
01:15:00  150.8s      -10 counts   -0.03 nA
01:15:00  150.9s        2 counts    0.01 nA
01:15:01  150.9s       -3 counts   -0.01 nA
01:15:01  151.0s       -4 counts   -0.01 nA
01:15:01  151.0s      -11 counts   -0.03 nA
01:15:01  151.1s        6 counts    0.02 nA
01:15:01  151.1s       -2 counts   -0.01 nA
01:15:01  151.2s       -6 counts   -0.02 nA
01:15:01  151.3s        1 counts    0.00 nA
01:15:01  151.3s       -6 counts   -0.02 nA
01:15:01  151.4s       -4 counts   -0.01 nA
01:15:01  151.4s       -7 counts   -0.02 nA
01:15:01  151.5s       -1 counts   -0.00 nA
01:15:01  151.5s       -3 counts   -0.01 nA
01:15:01  151.6s      -11 counts   -0.03 nA
01:15:01  151.7s       -8 counts   -0.03 nA
01:15:01  151.7s       -5 counts   -0.01 nA
01:15:01  151.8s       -3 counts   -0.01 nA
01:15:01  151.9s       -8 counts   -0.02 nA
01:15:02  151.9s       -5 counts   -0.02 nA
01:15:02  152.0s        5 counts    0.02 nA
01:15:02  152.0s       -3 counts   -0.01 nA
01:15:02  152.1s       -1 counts   -0.00 nA
01:15:02  152.1s      -11 counts   -0.03 nA
01:15:02  152.2s        1 counts    0.00 nA
01:15:02  152.3s       -5 counts   -0.01 nA
01:15:02  152.3s       -8 counts   -0.03 nA
01:15:02  152.4s       -7 counts   -0.02 nA
01:15:02  152.4s        4 counts    0.01 nA
01:15:02  152.5s       -7 counts   -0.02 nA
01:15:02  152.6s        2 counts    0.01 nA
01:15:02  152.6s        2 counts    0.01 nA
01:15:02  152.7s       -4 counts   -0.01 nA
01:15:02  152.7s      -12 counts   -0.04 nA
01:15:02  152.8s       -0 counts   -0.00 nA
01:15:02  152.8s       -4 counts   -0.01 nA
01:15:02  152.9s      -11 counts   -0.03 nA
01:15:03  153.0s       -4 counts   -0.01 nA
01:15:03  153.0s       -5 counts   -0.02 nA
01:15:03  153.1s        0 counts    0.00 nA
01:15:03  153.1s       -2 counts   -0.00 nA
01:15:03  153.2s       -6 counts   -0.02 nA
01:15:03  153.3s       -8 counts   -0.03 nA
01:15:03  153.3s        2 counts    0.01 nA
01:15:03  153.4s       -2 counts   -0.00 nA
01:15:03  153.4s       -4 counts   -0.01 nA
01:15:03  153.5s       -6 counts   -0.02 nA
01:15:03  153.6s       -4 counts   -0.01 nA
01:15:03  153.6s       -1 counts   -0.00 nA
01:15:03  153.7s       -6 counts   -0.02 nA
01:15:03  153.7s      -13 counts   -0.04 nA
01:15:03  153.8s       -1 counts   -0.00 nA
01:15:03  153.8s      -14 counts   -0.04 nA
01:15:03  153.9s       -1 counts   -0.00 nA
01:15:04  154.0s       -3 counts   -0.01 nA
01:15:04  154.0s      -11 counts   -0.03 nA
01:15:04  154.1s       -8 counts   -0.02 nA
01:15:04  154.1s       -0 counts   -0.00 nA
01:15:04  154.2s       -3 counts   -0.01 nA
01:15:04  154.3s      -15 counts   -0.05 nA
01:15:04  154.3s      -10 counts   -0.03 nA
01:15:04  154.4s       -6 counts   -0.02 nA
01:15:04  154.4s       -8 counts   -0.02 nA
01:15:04  154.5s       -4 counts   -0.01 nA
01:15:04  154.5s       -1 counts   -0.00 nA
01:15:04  154.6s       -3 counts   -0.01 nA
01:15:04  154.7s       -8 counts   -0.03 nA
01:15:04  154.7s       -1 counts   -0.00 nA
01:15:04  154.8s       -3 counts   -0.01 nA
01:15:04  154.8s        3 counts    0.01 nA
01:15:04  154.9s       -7 counts   -0.02 nA
01:15:05  154.9s       -1 counts   -0.00 nA
01:15:05  155.0s      -10 counts   -0.03 nA
01:15:05  155.1s       -4 counts   -0.01 nA
01:15:05  155.1s       -6 counts   -0.02 nA
01:15:05  155.2s       -4 counts   -0.01 nA
01:15:05  155.2s      -15 counts   -0.05 nA
01:15:05  155.3s       -1 counts   -0.00 nA
01:15:05  155.4s       -7 counts   -0.02 nA
01:15:05  155.4s       -2 counts   -0.01 nA
01:15:05  155.5s       -3 counts   -0.01 nA
01:15:05  155.5s        0 counts    0.00 nA
01:15:05  155.6s        1 counts    0.00 nA
01:15:05  155.7s       -4 counts   -0.01 nA
01:15:05  155.7s        8 counts    0.03 nA
01:15:05  155.8s       -1 counts   -0.00 nA
01:15:05  155.8s       -2 counts   -0.01 nA
01:15:05  155.9s       -9 counts   -0.03 nA
01:15:06  155.9s      -11 counts   -0.04 nA
01:15:06  156.0s      -13 counts   -0.04 nA
01:15:06  156.1s       -4 counts   -0.01 nA
01:15:06  156.1s        5 counts    0.02 nA
01:15:06  156.2s       -2 counts   -0.01 nA
01:15:06  156.2s       -8 counts   -0.03 nA
01:15:06  156.3s       -6 counts   -0.02 nA
01:15:06  156.4s        1 counts    0.00 nA
01:15:06  156.4s       -9 counts   -0.03 nA
01:15:06  156.5s       -7 counts   -0.02 nA
01:15:06  156.5s       -5 counts   -0.01 nA
01:15:06  156.6s       -9 counts   -0.03 nA
01:15:06  156.7s       -3 counts   -0.01 nA
01:15:06  156.7s        3 counts    0.01 nA
01:15:06  156.8s        0 counts    0.00 nA
01:15:06  156.8s        3 counts    0.01 nA
01:15:06  156.9s       -7 counts   -0.02 nA
01:15:07  156.9s      -17 counts   -0.05 nA
01:15:07  157.0s       -1 counts   -0.00 nA
01:15:07  157.1s        0 counts    0.00 nA
01:15:07  157.1s       -8 counts   -0.02 nA
01:15:07  157.2s       -3 counts   -0.01 nA
01:15:07  157.2s       -5 counts   -0.02 nA
01:15:07  157.3s        2 counts    0.01 nA
01:15:07  157.4s        2 counts    0.01 nA
01:15:07  157.4s       -9 counts   -0.03 nA
01:15:07  157.5s        1 counts    0.00 nA
01:15:07  157.5s       -2 counts   -0.01 nA
01:15:07  157.6s       -1 counts   -0.00 nA
01:15:07  157.6s       -9 counts   -0.03 nA
01:15:07  157.7s      -10 counts   -0.03 nA
01:15:07  157.8s       -7 counts   -0.02 nA
01:15:07  157.8s      -11 counts   -0.03 nA
01:15:07  157.9s      -10 counts   -0.03 nA
01:15:08  157.9s       -0 counts   -0.00 nA
01:15:08  158.0s      -10 counts   -0.03 nA
01:15:08  158.0s       -0 counts   -0.00 nA
01:15:08  158.1s       -1 counts   -0.00 nA
01:15:08  158.2s       -7 counts   -0.02 nA
01:15:08  158.2s       -5 counts   -0.02 nA
01:15:08  158.3s       -3 counts   -0.01 nA
01:15:08  158.3s      -10 counts   -0.03 nA
01:15:08  158.4s      -10 counts   -0.03 nA
01:15:08  158.5s       -3 counts   -0.01 nA
01:15:08  158.5s       -4 counts   -0.01 nA
01:15:08  158.6s       -5 counts   -0.01 nA
01:15:08  158.6s        1 counts    0.00 nA
01:15:08  158.7s       -6 counts   -0.02 nA
01:15:08  158.7s       -5 counts   -0.02 nA
01:15:08  158.8s       -7 counts   -0.02 nA
01:15:08  158.8s       -3 counts   -0.01 nA
01:15:08  158.9s       -5 counts   -0.02 nA
01:15:09  159.0s      -11 counts   -0.03 nA
01:15:09  159.0s       -8 counts   -0.02 nA
01:15:09  159.1s       -3 counts   -0.01 nA
01:15:09  159.1s        4 counts    0.01 nA
01:15:09  159.2s       -6 counts   -0.02 nA
01:15:09  159.3s       -8 counts   -0.02 nA
01:15:09  159.3s       -0 counts   -0.00 nA
01:15:09  159.4s       -6 counts   -0.02 nA
01:15:09  159.4s        1 counts    0.00 nA
01:15:09  159.5s       -0 counts   -0.00 nA
01:15:09  159.5s       -2 counts   -0.01 nA
01:15:09  159.6s       -7 counts   -0.02 nA
01:15:09  159.7s       -7 counts   -0.02 nA
01:15:09  159.7s       -1 counts   -0.00 nA
01:15:09  159.8s       -1 counts   -0.00 nA
01:15:09  159.8s       -4 counts   -0.01 nA
01:15:09  159.9s       -7 counts   -0.02 nA
01:15:10  159.9s        4 counts    0.01 nA
01:15:10  160.0s        1 counts    0.00 nA
01:15:10  160.1s        5 counts    0.02 nA
01:15:10  160.1s       -6 counts   -0.02 nA
01:15:10  160.2s       -4 counts   -0.01 nA
01:15:10  160.2s       -7 counts   -0.02 nA
01:15:10  160.3s        4 counts    0.01 nA
01:15:10  160.3s       -2 counts   -0.01 nA
01:15:10  160.4s       -3 counts   -0.01 nA
01:15:10  160.4s       -3 counts   -0.01 nA
01:15:10  160.5s       -1 counts   -0.00 nA
01:15:10  160.6s       -9 counts   -0.03 nA
01:15:10  160.6s       -8 counts   -0.02 nA
01:15:10  160.7s       -0 counts   -0.00 nA
01:15:10  160.7s       -7 counts   -0.02 nA
01:15:10  160.8s       -6 counts   -0.02 nA
01:15:10  160.8s       -2 counts   -0.01 nA
01:15:10  160.9s        5 counts    0.02 nA
01:15:11  161.0s       -3 counts   -0.01 nA
01:15:11  161.0s       -0 counts   -0.00 nA
01:15:11  161.1s        0 counts    0.00 nA
01:15:11  161.1s       -1 counts   -0.00 nA
01:15:11  161.2s       -2 counts   -0.01 nA
01:15:11  161.2s       -6 counts   -0.02 nA
01:15:11  161.3s      -11 counts   -0.03 nA
01:15:11  161.4s       -4 counts   -0.01 nA
01:15:11  161.4s       -9 counts   -0.03 nA
01:15:11  161.5s        1 counts    0.00 nA
01:15:11  161.5s       -7 counts   -0.02 nA
01:15:11  161.6s       -9 counts   -0.03 nA
01:15:11  161.6s       -4 counts   -0.01 nA
01:15:11  161.7s       -4 counts   -0.01 nA
01:15:11  161.8s       -1 counts   -0.00 nA
01:15:11  161.8s       -6 counts   -0.02 nA
01:15:11  161.9s       -3 counts   -0.01 nA
01:15:12  161.9s       -7 counts   -0.02 nA
01:15:12  162.0s       -3 counts   -0.01 nA
01:15:12  162.1s       -2 counts   -0.01 nA
01:15:12  162.1s       -3 counts   -0.01 nA
01:15:12  162.2s       -5 counts   -0.01 nA
01:15:12  162.2s       -3 counts   -0.01 nA
01:15:12  162.3s       -4 counts   -0.01 nA
01:15:12  162.4s        6 counts    0.02 nA
01:15:12  162.4s       -9 counts   -0.03 nA
01:15:12  162.5s        2 counts    0.01 nA
01:15:12  162.5s       -3 counts   -0.01 nA
01:15:12  162.6s       -4 counts   -0.01 nA
01:15:12  162.7s       -7 counts   -0.02 nA
01:15:12  162.7s       -9 counts   -0.03 nA
01:15:12  162.8s      -11 counts   -0.03 nA
01:15:12  162.8s        1 counts    0.00 nA
01:15:12  162.9s       -4 counts   -0.01 nA
01:15:13  162.9s      -13 counts   -0.04 nA
01:15:13  163.0s       -5 counts   -0.02 nA
01:15:13  163.0s       -2 counts   -0.01 nA
01:15:13  163.1s        0 counts    0.00 nA
01:15:13  163.2s        1 counts    0.00 nA
01:15:13  163.2s      -10 counts   -0.03 nA
01:15:13  163.3s        3 counts    0.01 nA
01:15:13  163.3s      -12 counts   -0.04 nA
01:15:13  163.4s      -10 counts   -0.03 nA
01:15:13  163.5s       -6 counts   -0.02 nA
01:15:13  163.5s      -14 counts   -0.05 nA
01:15:13  163.6s       -6 counts   -0.02 nA
01:15:13  163.6s       -1 counts   -0.00 nA
01:15:13  163.7s       -3 counts   -0.01 nA
01:15:13  163.8s       -0 counts   -0.00 nA
01:15:13  163.8s       -3 counts   -0.01 nA
01:15:13  163.9s       -2 counts   -0.01 nA
01:15:14  163.9s       -5 counts   -0.02 nA
01:15:14  164.0s        1 counts    0.00 nA
01:15:14  164.1s       -5 counts   -0.02 nA
01:15:14  164.1s        1 counts    0.00 nA
01:15:14  164.2s        2 counts    0.01 nA
01:15:14  164.2s       -1 counts   -0.00 nA
01:15:14  164.3s      -13 counts   -0.04 nA
01:15:14  164.3s       -2 counts   -0.01 nA
01:15:14  164.4s       -4 counts   -0.01 nA
01:15:14  164.5s       -2 counts   -0.01 nA
01:15:14  164.5s       -2 counts   -0.01 nA
01:15:14  164.6s       -4 counts   -0.01 nA
01:15:14  164.6s       -5 counts   -0.01 nA
01:15:14  164.7s        2 counts    0.01 nA
01:15:14  164.7s       -4 counts   -0.01 nA
01:15:14  164.8s       -7 counts   -0.02 nA
01:15:14  164.9s       -5 counts   -0.02 nA
01:15:15  164.9s       -7 counts   -0.02 nA
01:15:15  165.0s        0 counts    0.00 nA
01:15:15  165.0s       -9 counts   -0.03 nA
01:15:15  165.1s       -7 counts   -0.02 nA
01:15:15  165.1s       -6 counts   -0.02 nA
01:15:15  165.2s        2 counts    0.01 nA
01:15:15  165.3s       -4 counts   -0.01 nA
01:15:15  165.3s       -3 counts   -0.01 nA
01:15:15  165.4s       -7 counts   -0.02 nA
01:15:15  165.5s       -6 counts   -0.02 nA
01:15:15  165.5s       -1 counts   -0.00 nA
01:15:15  165.6s       -7 counts   -0.02 nA
01:15:15  165.6s       -8 counts   -0.03 nA
01:15:15  165.7s       -8 counts   -0.02 nA
01:15:15  165.7s       -3 counts   -0.01 nA
01:15:15  165.8s      -11 counts   -0.03 nA
01:15:15  165.8s        5 counts    0.01 nA
01:15:15  165.9s       -2 counts   -0.01 nA
01:15:16  166.0s      -12 counts   -0.04 nA
01:15:16  166.0s       -8 counts   -0.02 nA
01:15:16  166.1s       -5 counts   -0.01 nA
01:15:16  166.2s        1 counts    0.00 nA
01:15:16  166.2s       -6 counts   -0.02 nA
01:15:16  166.3s       -1 counts   -0.00 nA
01:15:16  166.3s       -5 counts   -0.02 nA
01:15:16  166.4s      -11 counts   -0.03 nA
01:15:16  166.5s       -5 counts   -0.02 nA
01:15:16  166.5s      -12 counts   -0.04 nA
01:15:16  166.6s       -3 counts   -0.01 nA
01:15:16  166.6s      -12 counts   -0.04 nA
01:15:16  166.7s        1 counts    0.00 nA
01:15:16  166.7s        1 counts    0.00 nA
01:15:16  166.8s       -3 counts   -0.01 nA
01:15:16  166.9s      -10 counts   -0.03 nA
01:15:17  166.9s       -0 counts   -0.00 nA
01:15:17  167.0s       -0 counts   -0.00 nA
01:15:17  167.1s       -6 counts   -0.02 nA
01:15:17  167.1s       -2 counts   -0.01 nA
01:15:17  167.2s        1 counts    0.00 nA
01:15:17  167.2s        1 counts    0.00 nA
01:15:17  167.3s        5 counts    0.02 nA
01:15:17  167.3s        1 counts    0.00 nA
01:15:17  167.4s       -1 counts   -0.00 nA
01:15:17  167.5s       -6 counts   -0.02 nA
01:15:17  167.5s       -5 counts   -0.02 nA
01:15:17  167.6s       -6 counts   -0.02 nA
01:15:17  167.6s       -1 counts   -0.00 nA
01:15:17  167.7s       -3 counts   -0.01 nA
01:15:17  167.7s       -8 counts   -0.03 nA
01:15:17  167.8s        2 counts    0.01 nA
01:15:17  167.8s       -8 counts   -0.02 nA
01:15:17  167.9s       -6 counts   -0.02 nA
01:15:18  168.0s       -7 counts   -0.02 nA
01:15:18  168.0s       -1 counts   -0.00 nA
01:15:18  168.1s        0 counts    0.00 nA
01:15:18  168.1s       -3 counts   -0.01 nA
01:15:18  168.2s       -1 counts   -0.00 nA
01:15:18  168.3s       -1 counts   -0.00 nA
01:15:18  168.3s       -7 counts   -0.02 nA
01:15:18  168.4s       -6 counts   -0.02 nA
01:15:18  168.4s        1 counts    0.00 nA
01:15:18  168.5s        5 counts    0.02 nA
01:15:18  168.6s        0 counts    0.00 nA
01:15:18  168.6s       -4 counts   -0.01 nA
01:15:18  168.7s      -11 counts   -0.03 nA
01:15:18  168.7s       -4 counts   -0.01 nA
01:15:18  168.8s       -3 counts   -0.01 nA
01:15:18  168.9s       -3 counts   -0.01 nA
01:15:19  168.9s       -7 counts   -0.02 nA
01:15:19  169.0s       -6 counts   -0.02 nA
01:15:19  169.0s       -6 counts   -0.02 nA
01:15:19  169.1s       -1 counts   -0.00 nA
01:15:19  169.1s       -6 counts   -0.02 nA
01:15:19  169.2s       -1 counts   -0.00 nA
01:15:19  169.3s       -7 counts   -0.02 nA
01:15:19  169.3s       -1 counts   -0.00 nA
01:15:19  169.4s        0 counts    0.00 nA
01:15:19  169.4s       -9 counts   -0.03 nA
01:15:19  169.5s       -5 counts   -0.01 nA
01:15:19  169.6s       -3 counts   -0.01 nA
01:15:19  169.6s       -1 counts   -0.00 nA
01:15:19  169.7s        7 counts    0.02 nA
01:15:19  169.7s      -12 counts   -0.04 nA
01:15:19  169.8s      -13 counts   -0.04 nA
01:15:19  169.8s       -0 counts   -0.00 nA
01:15:19  169.9s        2 counts    0.01 nA
01:15:20  170.0s       -7 counts   -0.02 nA
01:15:20  170.0s       -2 counts   -0.01 nA
01:15:20  170.1s        5 counts    0.01 nA
01:15:20  170.1s       -4 counts   -0.01 nA
01:15:20  170.2s       -3 counts   -0.01 nA
01:15:20  170.3s       -5 counts   -0.02 nA
01:15:20  170.3s       -4 counts   -0.01 nA
01:15:20  170.4s       -9 counts   -0.03 nA
01:15:20  170.4s        2 counts    0.01 nA
01:15:20  170.5s       -5 counts   -0.02 nA
01:15:20  170.6s       -1 counts   -0.00 nA
01:15:20  170.6s       -7 counts   -0.02 nA
01:15:20  170.7s      -14 counts   -0.04 nA
01:15:20  170.7s       -8 counts   -0.03 nA
01:15:20  170.8s      -10 counts   -0.03 nA
01:15:20  170.8s      -13 counts   -0.04 nA
01:15:20  170.9s       -5 counts   -0.02 nA
01:15:21  171.0s       -6 counts   -0.02 nA
01:15:21  171.0s        1 counts    0.00 nA
01:15:21  171.1s        4 counts    0.01 nA
01:15:21  171.1s       -6 counts   -0.02 nA
01:15:21  171.2s       -6 counts   -0.02 nA
01:15:21  171.3s        5 counts    0.02 nA
01:15:21  171.3s       -3 counts   -0.01 nA
01:15:21  171.4s       -8 counts   -0.03 nA
01:15:21  171.4s       -1 counts   -0.00 nA
01:15:21  171.5s      -11 counts   -0.04 nA
01:15:21  171.5s       -3 counts   -0.01 nA
01:15:21  171.6s       -5 counts   -0.02 nA
01:15:21  171.7s       -3 counts   -0.01 nA
01:15:21  171.7s       -5 counts   -0.01 nA
01:15:21  171.8s       -8 counts   -0.03 nA
01:15:21  171.8s       -4 counts   -0.01 nA
01:15:21  171.9s       -2 counts   -0.01 nA
01:15:22  171.9s       -2 counts   -0.01 nA
01:15:22  172.0s       -8 counts   -0.02 nA
01:15:22  172.1s       -3 counts   -0.01 nA
01:15:22  172.1s       -9 counts   -0.03 nA
01:15:22  172.2s       -9 counts   -0.03 nA
01:15:22  172.2s       -8 counts   -0.02 nA
01:15:22  172.3s       -6 counts   -0.02 nA
01:15:22  172.3s       -4 counts   -0.01 nA
01:15:22  172.4s       -0 counts   -0.00 nA
01:15:22  172.5s       -8 counts   -0.02 nA
01:15:22  172.5s       -4 counts   -0.01 nA
01:15:22  172.6s       -0 counts   -0.00 nA
01:15:22  172.6s       -5 counts   -0.01 nA
01:15:22  172.7s       -6 counts   -0.02 nA
01:15:22  172.7s       -7 counts   -0.02 nA
01:15:22  172.8s       -8 counts   -0.02 nA
01:15:22  172.9s       -5 counts   -0.02 nA
01:15:22  172.9s       -3 counts   -0.01 nA
01:15:23  173.0s       -2 counts   -0.01 nA
01:15:23  173.0s       -2 counts   -0.01 nA
01:15:23  173.1s       -1 counts   -0.00 nA
01:15:23  173.1s       -2 counts   -0.01 nA
01:15:23  173.2s       -1 counts   -0.00 nA
01:15:23  173.2s       -1 counts   -0.00 nA
01:15:23  173.3s        4 counts    0.01 nA
01:15:23  173.3s      -12 counts   -0.04 nA
01:15:23  173.4s      -13 counts   -0.04 nA
01:15:23  173.5s       -8 counts   -0.02 nA
01:15:23  173.5s       -7 counts   -0.02 nA
01:15:23  173.6s       -5 counts   -0.02 nA
01:15:23  173.6s       -6 counts   -0.02 nA
01:15:23  173.7s       -8 counts   -0.03 nA
01:15:23  173.8s       -1 counts   -0.00 nA
01:15:23  173.8s        2 counts    0.01 nA
01:15:23  173.9s        1 counts    0.00 nA
01:15:24  173.9s      -13 counts   -0.04 nA
01:15:24  174.0s        5 counts    0.02 nA
01:15:24  174.0s       -6 counts   -0.02 nA
01:15:24  174.1s        1 counts    0.00 nA
01:15:24  174.2s      -13 counts   -0.04 nA
01:15:24  174.2s       -4 counts   -0.01 nA
01:15:24  174.3s       -4 counts   -0.01 nA
01:15:24  174.3s      -10 counts   -0.03 nA
01:15:24  174.4s        0 counts    0.00 nA
01:15:24  174.5s        1 counts    0.00 nA
01:15:24  174.5s       -3 counts   -0.01 nA
01:15:24  174.6s       -4 counts   -0.01 nA
01:15:24  174.6s       -5 counts   -0.02 nA
01:15:24  174.7s       -3 counts   -0.01 nA
01:15:24  174.8s       -5 counts   -0.01 nA
01:15:24  174.8s       -2 counts   -0.01 nA
01:15:24  174.9s       -2 counts   -0.01 nA
01:15:25  174.9s       -4 counts   -0.01 nA
01:15:25  175.0s      -17 counts   -0.05 nA
01:15:25  175.1s       -5 counts   -0.02 nA
01:15:25  175.1s       -4 counts   -0.01 nA
01:15:25  175.2s        1 counts    0.00 nA
01:15:25  175.2s        1 counts    0.00 nA
01:15:25  175.3s      -14 counts   -0.04 nA
01:15:25  175.4s        1 counts    0.00 nA
01:15:25  175.4s       -9 counts   -0.03 nA
01:15:25  175.5s       -4 counts   -0.01 nA
01:15:25  175.5s       -7 counts   -0.02 nA
01:15:25  175.6s      -16 counts   -0.05 nA
01:15:25  175.6s       -4 counts   -0.01 nA
01:15:25  175.7s       -6 counts   -0.02 nA
01:15:25  175.8s       -0 counts   -0.00 nA
01:15:25  175.8s       -0 counts   -0.00 nA
01:15:25  175.9s       -7 counts   -0.02 nA
01:15:26  175.9s       -7 counts   -0.02 nA
01:15:26  176.0s       -5 counts   -0.01 nA
01:15:26  176.0s       -1 counts   -0.00 nA
01:15:26  176.1s       -1 counts   -0.00 nA
01:15:26  176.1s       -7 counts   -0.02 nA
01:15:26  176.2s       -0 counts   -0.00 nA
01:15:26  176.2s        5 counts    0.01 nA
01:15:26  176.3s       -8 counts   -0.02 nA
01:15:26  176.4s       -6 counts   -0.02 nA
01:15:26  176.4s       -8 counts   -0.02 nA
01:15:26  176.5s      -13 counts   -0.04 nA
01:15:26  176.5s        1 counts    0.00 nA
01:15:26  176.6s        1 counts    0.00 nA
01:15:26  176.7s      -12 counts   -0.04 nA
01:15:26  176.7s      -11 counts   -0.03 nA
01:15:26  176.8s       -1 counts   -0.00 nA
01:15:26  176.8s       -3 counts   -0.01 nA
01:15:26  176.9s       -9 counts   -0.03 nA
01:15:27  177.0s       -4 counts   -0.01 nA
01:15:27  177.0s       -1 counts   -0.00 nA
01:15:27  177.1s       -7 counts   -0.02 nA
01:15:27  177.1s       -8 counts   -0.02 nA
01:15:27  177.2s       -6 counts   -0.02 nA
01:15:27  177.3s        5 counts    0.01 nA
01:15:27  177.3s       -2 counts   -0.01 nA
01:15:27  177.4s      -13 counts   -0.04 nA
01:15:27  177.4s        0 counts    0.00 nA
01:15:27  177.5s       -4 counts   -0.01 nA
01:15:27  177.6s       -1 counts   -0.00 nA
01:15:27  177.6s        1 counts    0.00 nA
01:15:27  177.7s       -7 counts   -0.02 nA
01:15:27  177.7s       -8 counts   -0.02 nA
01:15:27  177.8s        3 counts    0.01 nA
01:15:27  177.8s       -2 counts   -0.01 nA
01:15:28  177.9s       -4 counts   -0.01 nA
01:15:28  178.0s       -3 counts   -0.01 nA
01:15:28  178.0s       -1 counts   -0.00 nA
01:15:28  178.1s       -2 counts   -0.00 nA
01:15:28  178.1s       -8 counts   -0.03 nA
01:15:28  178.2s      -14 counts   -0.04 nA
01:15:28  178.2s       -2 counts   -0.01 nA
01:15:28  178.3s       -5 counts   -0.02 nA
01:15:28  178.4s       -5 counts   -0.02 nA
01:15:28  178.4s       -2 counts   -0.01 nA
01:15:28  178.5s       -5 counts   -0.01 nA
01:15:28  178.5s       -2 counts   -0.01 nA
01:15:28  178.6s       -1 counts   -0.00 nA
01:15:28  178.6s       -3 counts   -0.01 nA
01:15:28  178.7s        5 counts    0.02 nA
01:15:28  178.8s        1 counts    0.00 nA
01:15:28  178.8s       16 counts    0.05 nA
01:15:28  178.9s      -12 counts   -0.04 nA
01:15:29  178.9s        7 counts    0.02 nA
01:15:29  179.0s      -11 counts   -0.03 nA
01:15:29  179.1s      -14 counts   -0.04 nA
01:15:29  179.1s       -3 counts   -0.01 nA
01:15:29  179.2s        7 counts    0.02 nA
01:15:29  179.2s      -11 counts   -0.04 nA
01:15:29  179.3s       -0 counts   -0.00 nA
01:15:29  179.4s       -1 counts   -0.00 nA
01:15:29  179.4s       -6 counts   -0.02 nA
01:15:29  179.5s       -2 counts   -0.01 nA
01:15:29  179.5s        2 counts    0.01 nA
01:15:29  179.6s      -10 counts   -0.03 nA
01:15:29  179.6s       -0 counts   -0.00 nA
01:15:29  179.7s       -2 counts   -0.01 nA
01:15:29  179.8s       -7 counts   -0.02 nA
01:15:29  179.8s       -6 counts   -0.02 nA
01:15:29  179.9s       -5 counts   -0.02 nA
01:15:30  179.9s       -2 counts   -0.01 nA
01:15:30  180.0s      -16 counts   -0.05 nA
01:15:30  180.1s       -1 counts   -0.00 nA
01:15:30  180.1s        3 counts    0.01 nA
01:15:30  180.2s        4 counts    0.01 nA
01:15:30  180.3s       -1 counts   -0.00 nA
01:15:30  180.3s       -6 counts   -0.02 nA
01:15:30  180.4s      -12 counts   -0.04 nA
01:15:30  180.4s      -24 counts   -0.08 nA
01:15:30  180.5s       18 counts    0.06 nA
01:15:30  180.6s      -13 counts   -0.04 nA
01:15:30  180.6s      -13 counts   -0.04 nA
01:15:30  180.7s       -4 counts   -0.01 nA
01:15:30  180.7s        0 counts    0.00 nA
01:15:30  180.8s       -5 counts   -0.01 nA
01:15:30  180.9s      -13 counts   -0.04 nA
01:15:31  180.9s       -7 counts   -0.02 nA
01:15:31  181.0s        0 counts    0.00 nA
01:15:31  181.0s       20 counts    0.06 nA
01:15:31  181.1s      -11 counts   -0.03 nA
01:15:31  181.1s        7 counts    0.02 nA
01:15:31  181.2s       -3 counts   -0.01 nA
01:15:31  181.3s      -23 counts   -0.07 nA
01:15:31  181.3s       -9 counts   -0.03 nA
01:15:31  181.4s       -5 counts   -0.01 nA
01:15:31  181.4s        1 counts    0.00 nA
01:15:31  181.5s       -8 counts   -0.03 nA
01:15:31  181.6s      -14 counts   -0.04 nA
01:15:31  181.6s        1 counts    0.00 nA
01:15:31  181.7s       -4 counts   -0.01 nA
01:15:31  181.7s      -14 counts   -0.04 nA
01:15:31  181.8s       -7 counts   -0.02 nA
01:15:31  181.8s       -5 counts   -0.02 nA
01:15:31  181.9s      -16 counts   -0.05 nA
01:15:32  182.0s      -10 counts   -0.03 nA
01:15:32  182.0s       11 counts    0.03 nA
01:15:32  182.1s      -47 counts   -0.15 nA
01:15:32  182.1s       -6 counts   -0.02 nA
01:15:32  182.2s       53 counts    0.16 nA
01:15:32  182.3s      -18 counts   -0.06 nA
01:15:32  182.3s       11 counts    0.03 nA
01:15:32  182.4s       53 counts    0.16 nA
01:15:32  182.4s       -7 counts   -0.02 nA
01:15:32  182.5s       -1 counts   -0.00 nA
01:15:32  182.5s       -7 counts   -0.02 nA
01:15:32  182.6s        9 counts    0.03 nA
01:15:32  182.7s        4 counts    0.01 nA
01:15:32  182.7s        0 counts    0.00 nA
01:15:32  182.8s      -10 counts   -0.03 nA
01:15:32  182.9s       -4 counts   -0.01 nA
01:15:33  182.9s       -5 counts   -0.01 nA
01:15:33  183.0s       -6 counts   -0.02 nA
01:15:33  183.0s       -4 counts   -0.01 nA
01:15:33  183.1s       -3 counts   -0.01 nA
01:15:33  183.1s       -2 counts   -0.01 nA
01:15:33  183.2s        1 counts    0.00 nA
01:15:33  183.2s       -6 counts   -0.02 nA
01:15:33  183.3s      -20 counts   -0.06 nA
01:15:33  183.3s       -2 counts   -0.01 nA
01:15:33  183.4s        1 counts    0.00 nA
01:15:33  183.5s        4 counts    0.01 nA
01:15:33  183.5s       -2 counts   -0.01 nA
01:15:33  183.6s      -13 counts   -0.04 nA
01:15:33  183.6s        4 counts    0.01 nA
01:15:33  183.7s       -3 counts   -0.01 nA
01:15:33  183.8s       -2 counts   -0.01 nA
01:15:33  183.8s       -6 counts   -0.02 nA
01:15:33  183.9s       -4 counts   -0.01 nA
01:15:34  183.9s       -5 counts   -0.01 nA
01:15:34  184.0s      -11 counts   -0.03 nA
01:15:34  184.1s       -9 counts   -0.03 nA
01:15:34  184.1s        3 counts    0.01 nA
01:15:34  184.2s       -9 counts   -0.03 nA
01:15:34  184.2s        1 counts    0.00 nA
01:15:34  184.3s       -2 counts   -0.01 nA
01:15:34  184.4s        5 counts    0.02 nA
01:15:34  184.4s       -4 counts   -0.01 nA
01:15:34  184.5s       -6 counts   -0.02 nA
01:15:34  184.5s       -5 counts   -0.02 nA
01:15:34  184.6s       -0 counts   -0.00 nA
01:15:34  184.6s      -10 counts   -0.03 nA
01:15:34  184.7s        1 counts    0.00 nA
01:15:34  184.7s      -10 counts   -0.03 nA
01:15:34  184.8s      -14 counts   -0.05 nA
01:15:34  184.8s        6 counts    0.02 nA
01:15:34  184.9s       -1 counts   -0.00 nA
01:15:35  185.0s       -8 counts   -0.02 nA
01:15:35  185.0s       -5 counts   -0.01 nA
01:15:35  185.1s       -0 counts   -0.00 nA
01:15:35  185.1s       13 counts    0.04 nA
01:15:35  185.2s        6 counts    0.02 nA
01:15:35  185.3s        9 counts    0.03 nA
01:15:35  185.3s       -1 counts   -0.00 nA
01:15:35  185.4s      -10 counts   -0.03 nA
01:15:35  185.4s       12 counts    0.04 nA
01:15:35  185.5s      -12 counts   -0.04 nA
01:15:35  185.5s       -3 counts   -0.01 nA
01:15:35  185.6s       -4 counts   -0.01 nA
01:15:35  185.7s      -10 counts   -0.03 nA
01:15:35  185.7s       -4 counts   -0.01 nA
01:15:35  185.8s      -10 counts   -0.03 nA
01:15:35  185.8s      -16 counts   -0.05 nA
01:15:35  185.9s       -1 counts   -0.00 nA
01:15:36  186.0s       -5 counts   -0.01 nA
01:15:36  186.0s       -8 counts   -0.02 nA
01:15:36  186.1s        1 counts    0.00 nA
01:15:36  186.1s        1 counts    0.00 nA
01:15:36  186.2s       -8 counts   -0.03 nA
01:15:36  186.3s       -0 counts   -0.00 nA
01:15:36  186.3s        3 counts    0.01 nA
01:15:36  186.4s       -4 counts   -0.01 nA
01:15:36  186.4s        0 counts    0.00 nA
01:15:36  186.5s       -3 counts   -0.01 nA
01:15:36  186.6s       -5 counts   -0.02 nA
01:15:36  186.6s      -10 counts   -0.03 nA
01:15:36  186.7s        7 counts    0.02 nA
01:15:36  186.7s       -2 counts   -0.01 nA
01:15:36  186.8s       -8 counts   -0.02 nA
01:15:36  186.9s        1 counts    0.00 nA
01:15:37  186.9s       -2 counts   -0.01 nA
01:15:37  187.0s        5 counts    0.01 nA
01:15:37  187.0s       -0 counts   -0.00 nA
01:15:37  187.1s       -3 counts   -0.01 nA
01:15:37  187.1s       -5 counts   -0.02 nA
01:15:37  187.2s        0 counts    0.00 nA
01:15:37  187.2s       -4 counts   -0.01 nA
01:15:37  187.3s       -8 counts   -0.02 nA
01:15:37  187.4s        3 counts    0.01 nA
01:15:37  187.4s      -22 counts   -0.07 nA
01:15:37  187.5s      -15 counts   -0.05 nA
01:15:37  187.5s       -2 counts   -0.01 nA
01:15:37  187.6s       -7 counts   -0.02 nA
01:15:37  187.6s        4 counts    0.01 nA
01:15:37  187.7s       -2 counts   -0.01 nA
01:15:37  187.7s       -8 counts   -0.02 nA
01:15:37  187.8s       -1 counts   -0.00 nA
01:15:37  187.9s        5 counts    0.02 nA
01:15:38  187.9s       -9 counts   -0.03 nA
01:15:38  188.0s        4 counts    0.01 nA
01:15:38  188.0s       -3 counts   -0.01 nA
01:15:38  188.1s        4 counts    0.01 nA
01:15:38  188.2s       -6 counts   -0.02 nA
01:15:38  188.2s       -3 counts   -0.01 nA
01:15:38  188.3s        4 counts    0.01 nA
01:15:38  188.3s      -25 counts   -0.08 nA
01:15:38  188.4s        7 counts    0.02 nA
01:15:38  188.4s       -5 counts   -0.02 nA
01:15:38  188.5s       -1 counts   -0.00 nA
01:15:38  188.6s       -5 counts   -0.01 nA
01:15:38  188.6s       -4 counts   -0.01 nA
01:15:38  188.7s      -16 counts   -0.05 nA
01:15:38  188.7s      -12 counts   -0.04 nA
01:15:38  188.8s       -3 counts   -0.01 nA
01:15:38  188.9s       -1 counts   -0.00 nA
01:15:39  188.9s       -7 counts   -0.02 nA
01:15:39  189.0s        5 counts    0.02 nA
01:15:39  189.0s       -4 counts   -0.01 nA
01:15:39  189.1s       -9 counts   -0.03 nA
01:15:39  189.1s      -13 counts   -0.04 nA
01:15:39  189.2s       -1 counts   -0.00 nA
01:15:39  189.3s        5 counts    0.02 nA
01:15:39  189.3s        4 counts    0.01 nA
01:15:39  189.4s      -14 counts   -0.04 nA
01:15:39  189.4s        0 counts    0.00 nA
01:15:39  189.5s       -6 counts   -0.02 nA
01:15:39  189.6s       -9 counts   -0.03 nA
01:15:39  189.6s       -8 counts   -0.03 nA
01:15:39  189.7s        7 counts    0.02 nA
01:15:39  189.7s       -2 counts   -0.00 nA
01:15:39  189.8s       -1 counts   -0.00 nA
01:15:39  189.8s      -12 counts   -0.04 nA
01:15:39  189.9s       -5 counts   -0.02 nA
01:15:40  189.9s      -12 counts   -0.04 nA
01:15:40  190.0s      -12 counts   -0.04 nA
01:15:40  190.1s      -10 counts   -0.03 nA
01:15:40  190.1s      -10 counts   -0.03 nA
01:15:40  190.2s       -8 counts   -0.03 nA
01:15:40  190.2s       -6 counts   -0.02 nA
01:15:40  190.3s       -1 counts   -0.00 nA
01:15:40  190.3s      -13 counts   -0.04 nA
01:15:40  190.4s      -10 counts   -0.03 nA
01:15:40  190.5s      -10 counts   -0.03 nA
01:15:40  190.5s       -9 counts   -0.03 nA
01:15:40  190.6s       -3 counts   -0.01 nA
01:15:40  190.6s       -4 counts   -0.01 nA
01:15:40  190.7s       -8 counts   -0.03 nA
01:15:40  190.8s       -5 counts   -0.02 nA
01:15:40  190.8s       -6 counts   -0.02 nA
01:15:40  190.9s       -5 counts   -0.02 nA
01:15:41  190.9s       -4 counts   -0.01 nA
01:15:41  191.0s        2 counts    0.01 nA
01:15:41  191.0s       -2 counts   -0.01 nA
01:15:41  191.1s       -4 counts   -0.01 nA
01:15:41  191.2s       -5 counts   -0.02 nA
01:15:41  191.2s      -16 counts   -0.05 nA
01:15:41  191.3s       -6 counts   -0.02 nA
01:15:41  191.3s      -10 counts   -0.03 nA
01:15:41  191.4s       -1 counts   -0.00 nA
01:15:41  191.4s       -3 counts   -0.01 nA
01:15:41  191.5s       11 counts    0.03 nA
01:15:41  191.6s      -16 counts   -0.05 nA
01:15:41  191.6s      -10 counts   -0.03 nA
01:15:41  191.7s       -4 counts   -0.01 nA
01:15:41  191.7s        5 counts    0.01 nA
01:15:41  191.8s      -18 counts   -0.06 nA
01:15:41  191.8s       -2 counts   -0.01 nA
01:15:41  191.9s        1 counts    0.00 nA
01:15:42  191.9s      -16 counts   -0.05 nA
01:15:42  192.0s       -4 counts   -0.01 nA
01:15:42  192.1s       -3 counts   -0.01 nA
01:15:42  192.1s      -14 counts   -0.04 nA
01:15:42  192.2s       -7 counts   -0.02 nA
01:15:42  192.2s      -20 counts   -0.06 nA
01:15:42  192.3s       -8 counts   -0.02 nA
01:15:42  192.3s      -12 counts   -0.04 nA
01:15:42  192.4s      -13 counts   -0.04 nA
01:15:42  192.5s        2 counts    0.01 nA
01:15:42  192.5s        3 counts    0.01 nA
01:15:42  192.6s        3 counts    0.01 nA
01:15:42  192.6s       -8 counts   -0.02 nA
01:15:42  192.7s        8 counts    0.02 nA
01:15:42  192.8s       -3 counts   -0.01 nA
01:15:42  192.8s        2 counts    0.01 nA
01:15:42  192.9s        2 counts    0.01 nA
01:15:43  192.9s       -5 counts   -0.01 nA
01:15:43  193.0s      -12 counts   -0.04 nA
01:15:43  193.0s        2 counts    0.01 nA
01:15:43  193.1s        3 counts    0.01 nA
01:15:43  193.2s       -7 counts   -0.02 nA
01:15:43  193.2s      -13 counts   -0.04 nA
01:15:43  193.3s      -11 counts   -0.04 nA
01:15:43  193.3s      -19 counts   -0.06 nA
01:15:43  193.4s        4 counts    0.01 nA
01:15:43  193.4s      -12 counts   -0.04 nA
01:15:43  193.5s      -10 counts   -0.03 nA
01:15:43  193.6s        9 counts    0.03 nA
01:15:43  193.6s       -2 counts   -0.01 nA
01:15:43  193.7s       12 counts    0.04 nA
01:15:43  193.7s       -0 counts   -0.00 nA
01:15:43  193.8s        2 counts    0.01 nA
01:15:43  193.8s        3 counts    0.01 nA
01:15:43  193.9s        5 counts    0.02 nA
01:15:44  194.0s       11 counts    0.04 nA
01:15:44  194.0s        2 counts    0.01 nA
01:15:44  194.1s       -9 counts   -0.03 nA
01:15:44  194.1s       -2 counts   -0.01 nA
01:15:44  194.2s      -12 counts   -0.04 nA
01:15:44  194.2s        4 counts    0.01 nA
01:15:44  194.3s       -4 counts   -0.01 nA
01:15:44  194.3s       -4 counts   -0.01 nA
01:15:44  194.4s       -7 counts   -0.02 nA
01:15:44  194.5s      -12 counts   -0.04 nA
01:15:44  194.5s      -10 counts   -0.03 nA
01:15:44  194.6s      -10 counts   -0.03 nA
01:15:44  194.6s      -18 counts   -0.05 nA
01:15:44  194.7s       -7 counts   -0.02 nA
01:15:44  194.7s       -7 counts   -0.02 nA
01:15:44  194.8s       -1 counts   -0.00 nA
01:15:44  194.8s       -4 counts   -0.01 nA
01:15:44  194.9s       -1 counts   -0.00 nA
01:15:45  195.0s        3 counts    0.01 nA
01:15:45  195.0s       -7 counts   -0.02 nA
01:15:45  195.1s      -11 counts   -0.03 nA
01:15:45  195.1s        7 counts    0.02 nA
01:15:45  195.2s       -7 counts   -0.02 nA
01:15:45  195.3s        5 counts    0.02 nA
01:15:45  195.3s      -10 counts   -0.03 nA
01:15:45  195.4s       -2 counts   -0.01 nA
01:15:45  195.4s      -14 counts   -0.04 nA
01:15:45  195.5s        0 counts    0.00 nA
01:15:45  195.6s        2 counts    0.01 nA
01:15:45  195.6s        5 counts    0.02 nA
01:15:45  195.7s      -27 counts   -0.09 nA
01:15:45  195.7s       -3 counts   -0.01 nA
01:15:45  195.8s      -13 counts   -0.04 nA
01:15:45  195.8s        8 counts    0.03 nA
01:15:46  195.9s       11 counts    0.04 nA
01:15:46  196.0s       -6 counts   -0.02 nA
01:15:46  196.0s        2 counts    0.01 nA
01:15:46  196.1s        6 counts    0.02 nA
01:15:46  196.1s      -10 counts   -0.03 nA
01:15:46  196.2s       -8 counts   -0.02 nA
01:15:46  196.3s        9 counts    0.03 nA
01:15:46  196.3s      -18 counts   -0.05 nA
01:15:46  196.4s      -24 counts   -0.08 nA
01:15:46  196.4s      -11 counts   -0.03 nA
01:15:46  196.5s      -13 counts   -0.04 nA
01:15:46  196.5s        5 counts    0.01 nA
01:15:46  196.6s       -1 counts   -0.00 nA
01:15:46  196.7s      -10 counts   -0.03 nA
01:15:46  196.7s        8 counts    0.02 nA
01:15:46  196.8s      -14 counts   -0.05 nA
01:15:46  196.8s        1 counts    0.00 nA
01:15:46  196.9s        1 counts    0.00 nA
01:15:47  197.0s      -18 counts   -0.06 nA
01:15:47  197.0s       -5 counts   -0.01 nA
01:15:47  197.1s      -15 counts   -0.05 nA
01:15:47  197.1s        1 counts    0.00 nA
01:15:47  197.2s       -0 counts   -0.00 nA
01:15:47  197.3s       -2 counts   -0.01 nA
01:15:47  197.3s       -9 counts   -0.03 nA
01:15:47  197.4s       -5 counts   -0.01 nA
01:15:47  197.4s      -19 counts   -0.06 nA
01:15:47  197.5s       -4 counts   -0.01 nA
01:15:47  197.5s       -7 counts   -0.02 nA
01:15:47  197.6s       -0 counts   -0.00 nA
01:15:47  197.7s       -7 counts   -0.02 nA
01:15:47  197.7s       -1 counts   -0.00 nA
01:15:47  197.8s       -8 counts   -0.03 nA
01:15:47  197.8s       -6 counts   -0.02 nA
01:15:47  197.9s       -7 counts   -0.02 nA
01:15:48  197.9s        7 counts    0.02 nA
01:15:48  198.0s        0 counts    0.00 nA
01:15:48  198.0s       -5 counts   -0.01 nA
01:15:48  198.1s        2 counts    0.01 nA
01:15:48  198.2s        2 counts    0.01 nA
01:15:48  198.2s        7 counts    0.02 nA
01:15:48  198.3s      -14 counts   -0.04 nA
01:15:48  198.3s       -5 counts   -0.02 nA
01:15:48  198.4s        4 counts    0.01 nA
01:15:48  198.4s       -7 counts   -0.02 nA
01:15:48  198.5s       -2 counts   -0.01 nA
01:15:48  198.6s       -2 counts   -0.01 nA
01:15:48  198.6s        2 counts    0.01 nA
01:15:48  198.7s       49 counts    0.15 nA
01:15:48  198.7s      -25 counts   -0.08 nA
01:15:48  198.8s       20 counts    0.06 nA
01:15:48  198.8s       21 counts    0.07 nA
01:15:48  198.9s        3 counts    0.01 nA
01:15:49  199.0s       -4 counts   -0.01 nA
01:15:49  199.0s       -5 counts   -0.02 nA
01:15:49  199.1s       -0 counts   -0.00 nA
01:15:49  199.1s       -8 counts   -0.03 nA
01:15:49  199.2s        3 counts    0.01 nA
01:15:49  199.2s      -21 counts   -0.06 nA
01:15:49  199.3s        3 counts    0.01 nA
01:15:49  199.4s       -6 counts   -0.02 nA
01:15:49  199.4s      -10 counts   -0.03 nA
01:15:49  199.5s       -6 counts   -0.02 nA
01:15:49  199.5s       -5 counts   -0.02 nA
01:15:49  199.6s      -14 counts   -0.04 nA
01:15:49  199.6s        5 counts    0.02 nA
01:15:49  199.7s        0 counts    0.00 nA
01:15:49  199.8s       -1 counts   -0.00 nA
01:15:49  199.8s       -0 counts   -0.00 nA
01:15:49  199.9s        1 counts    0.00 nA
01:15:50  199.9s       -9 counts   -0.03 nA
01:15:50  200.0s       -2 counts   -0.01 nA
01:15:50  200.1s       -5 counts   -0.01 nA
01:15:50  200.1s       -0 counts   -0.00 nA
01:15:50  200.2s       -6 counts   -0.02 nA
01:15:50  200.2s      -10 counts   -0.03 nA
01:15:50  200.3s       -2 counts   -0.01 nA
01:15:50  200.4s       -7 counts   -0.02 nA
01:15:50  200.4s       -1 counts   -0.00 nA
01:15:50  200.5s       -6 counts   -0.02 nA
01:15:50  200.5s       -5 counts   -0.02 nA
01:15:50  200.6s      -13 counts   -0.04 nA
01:15:50  200.6s       -7 counts   -0.02 nA
01:15:50  200.7s       -3 counts   -0.01 nA
01:15:50  200.8s       -8 counts   -0.02 nA
01:15:50  200.8s        1 counts    0.00 nA
01:15:50  200.9s       -7 counts   -0.02 nA
01:15:51  200.9s       -5 counts   -0.01 nA
01:15:51  201.0s       -7 counts   -0.02 nA
01:15:51  201.0s       -2 counts   -0.00 nA
01:15:51  201.1s       -7 counts   -0.02 nA
01:15:51  201.2s       -6 counts   -0.02 nA
01:15:51  201.2s      -13 counts   -0.04 nA
01:15:51  201.3s       -7 counts   -0.02 nA
01:15:51  201.3s       -5 counts   -0.01 nA
01:15:51  201.4s       -4 counts   -0.01 nA
01:15:51  201.5s        3 counts    0.01 nA
01:15:51  201.5s       -4 counts   -0.01 nA
01:15:51  201.6s        4 counts    0.01 nA
01:15:51  201.6s      -13 counts   -0.04 nA
01:15:51  201.7s       -4 counts   -0.01 nA
01:15:51  201.7s       -6 counts   -0.02 nA
01:15:51  201.8s       -7 counts   -0.02 nA
01:15:51  201.9s       -7 counts   -0.02 nA
01:15:52  201.9s      -13 counts   -0.04 nA
01:15:52  202.0s       -7 counts   -0.02 nA
01:15:52  202.1s       -3 counts   -0.01 nA
01:15:52  202.1s       -3 counts   -0.01 nA
01:15:52  202.2s      -20 counts   -0.06 nA
01:15:52  202.2s       -9 counts   -0.03 nA
01:15:52  202.3s       -1 counts   -0.00 nA
01:15:52  202.3s      -10 counts   -0.03 nA
01:15:52  202.4s        1 counts    0.00 nA
01:15:52  202.5s       -5 counts   -0.01 nA
01:15:52  202.5s        0 counts    0.00 nA
01:15:52  202.6s       -8 counts   -0.02 nA
01:15:52  202.6s       -2 counts   -0.01 nA
01:15:52  202.7s       -3 counts   -0.01 nA
01:15:52  202.7s       -2 counts   -0.01 nA
01:15:52  202.8s        2 counts    0.01 nA
01:15:52  202.8s       -9 counts   -0.03 nA
01:15:52  202.9s       -4 counts   -0.01 nA
01:15:53  203.0s       -2 counts   -0.01 nA
01:15:53  203.0s      -13 counts   -0.04 nA
01:15:53  203.1s       -7 counts   -0.02 nA
01:15:53  203.1s       -7 counts   -0.02 nA
01:15:53  203.2s      -10 counts   -0.03 nA
01:15:53  203.2s        4 counts    0.01 nA
01:15:53  203.3s       -6 counts   -0.02 nA
01:15:53  203.4s       -9 counts   -0.03 nA
01:15:53  203.4s       -7 counts   -0.02 nA
01:15:53  203.5s       -9 counts   -0.03 nA
01:15:53  203.5s        4 counts    0.01 nA
01:15:53  203.6s       -1 counts   -0.00 nA
01:15:53  203.7s       -0 counts   -0.00 nA
01:15:53  203.7s       -2 counts   -0.01 nA
01:15:53  203.8s       -4 counts   -0.01 nA
01:15:53  203.8s       -2 counts   -0.01 nA
01:15:53  203.9s      -14 counts   -0.04 nA
01:15:54  203.9s        2 counts    0.00 nA
01:15:54  204.0s        0 counts    0.00 nA
01:15:54  204.1s       -2 counts   -0.01 nA
01:15:54  204.1s       -8 counts   -0.02 nA
01:15:54  204.2s      -11 counts   -0.03 nA
01:15:54  204.2s       -5 counts   -0.02 nA
01:15:54  204.3s        1 counts    0.00 nA
01:15:54  204.3s      -13 counts   -0.04 nA
01:15:54  204.4s       -7 counts   -0.02 nA
01:15:54  204.5s      -11 counts   -0.03 nA
01:15:54  204.5s      -10 counts   -0.03 nA
01:15:54  204.6s       -9 counts   -0.03 nA
01:15:54  204.6s      -16 counts   -0.05 nA
01:15:54  204.7s        3 counts    0.01 nA
01:15:54  204.8s       -6 counts   -0.02 nA
01:15:54  204.8s       -6 counts   -0.02 nA
01:15:54  204.9s       -6 counts   -0.02 nA
01:15:55  204.9s       -5 counts   -0.02 nA
01:15:55  205.0s       -2 counts   -0.01 nA
01:15:55  205.1s       -5 counts   -0.02 nA
01:15:55  205.1s      -12 counts   -0.04 nA
01:15:55  205.2s       -3 counts   -0.01 nA
01:15:55  205.2s      -14 counts   -0.04 nA
01:15:55  205.3s        0 counts    0.00 nA
01:15:55  205.3s      -13 counts   -0.04 nA
01:15:55  205.4s       -8 counts   -0.02 nA
01:15:55  205.5s      -20 counts   -0.06 nA
01:15:55  205.5s       -5 counts   -0.02 nA
01:15:55  205.6s      -14 counts   -0.05 nA
01:15:55  205.6s      -10 counts   -0.03 nA
01:15:55  205.7s       -8 counts   -0.02 nA
01:15:55  205.8s       -0 counts   -0.00 nA
01:15:55  205.8s        4 counts    0.01 nA
01:15:55  205.9s       13 counts    0.04 nA
01:15:56  205.9s      -12 counts   -0.04 nA
01:15:56  206.0s        8 counts    0.02 nA
01:15:56  206.0s      -15 counts   -0.05 nA
01:15:56  206.1s       -4 counts   -0.01 nA
01:15:56  206.2s      -12 counts   -0.04 nA
01:15:56  206.2s        5 counts    0.02 nA
01:15:56  206.3s      -10 counts   -0.03 nA
01:15:56  206.3s       -7 counts   -0.02 nA
01:15:56  206.4s       -0 counts   -0.00 nA
01:15:56  206.4s       10 counts    0.03 nA
01:15:56  206.5s       -5 counts   -0.02 nA
01:15:56  206.6s      -19 counts   -0.06 nA
01:15:56  206.6s       -4 counts   -0.01 nA
01:15:56  206.7s       -8 counts   -0.03 nA
01:15:56  206.7s        5 counts    0.02 nA
01:15:56  206.8s      -14 counts   -0.04 nA
01:15:56  206.9s      -17 counts   -0.05 nA
01:15:57  206.9s       -6 counts   -0.02 nA
01:15:57  207.0s        3 counts    0.01 nA
01:15:57  207.0s       -4 counts   -0.01 nA
01:15:57  207.1s        3 counts    0.01 nA
01:15:57  207.1s      -14 counts   -0.05 nA
01:15:57  207.2s      -10 counts   -0.03 nA
01:15:57  207.3s       -6 counts   -0.02 nA
01:15:57  207.3s       -8 counts   -0.02 nA
01:15:57  207.4s        2 counts    0.01 nA
01:15:57  207.4s      -11 counts   -0.04 nA
01:15:57  207.5s       -4 counts   -0.01 nA
01:15:57  207.6s       -8 counts   -0.03 nA
01:15:57  207.6s       -4 counts   -0.01 nA
01:15:57  207.7s        3 counts    0.01 nA
01:15:57  207.7s       -2 counts   -0.01 nA
01:15:57  207.8s       -2 counts   -0.01 nA
01:15:57  207.8s       -5 counts   -0.01 nA
01:15:57  207.9s      -11 counts   -0.04 nA
01:15:58  208.0s      -10 counts   -0.03 nA
01:15:58  208.0s       -7 counts   -0.02 nA
01:15:58  208.1s       -6 counts   -0.02 nA
01:15:58  208.1s       -9 counts   -0.03 nA
01:15:58  208.2s       -3 counts   -0.01 nA
01:15:58  208.2s       -3 counts   -0.01 nA
01:15:58  208.3s       -7 counts   -0.02 nA
01:15:58  208.3s       -2 counts   -0.01 nA
01:15:58  208.4s        4 counts    0.01 nA
01:15:58  208.4s       -3 counts   -0.01 nA
01:15:58  208.5s       -1 counts   -0.00 nA
01:15:58  208.6s       -9 counts   -0.03 nA
01:15:58  208.6s       -4 counts   -0.01 nA
01:15:58  208.7s      -12 counts   -0.04 nA
01:15:58  208.7s       -3 counts   -0.01 nA
01:15:58  208.8s      -12 counts   -0.04 nA
01:15:58  208.8s       -5 counts   -0.02 nA
01:15:58  208.9s        0 counts    0.00 nA
01:15:59  209.0s      -14 counts   -0.04 nA
01:15:59  209.0s      -10 counts   -0.03 nA
01:15:59  209.1s        2 counts    0.01 nA
01:15:59  209.1s        0 counts    0.00 nA
01:15:59  209.2s      -11 counts   -0.03 nA
01:15:59  209.2s       -9 counts   -0.03 nA
01:15:59  209.3s        0 counts    0.00 nA
01:15:59  209.4s       -3 counts   -0.01 nA
01:15:59  209.4s       -6 counts   -0.02 nA
01:15:59  209.5s       -4 counts   -0.01 nA
01:15:59  209.5s        4 counts    0.01 nA
01:15:59  209.6s       -9 counts   -0.03 nA
01:15:59  209.6s       -9 counts   -0.03 nA
01:15:59  209.7s       -4 counts   -0.01 nA
01:15:59  209.7s       -2 counts   -0.01 nA
01:15:59  209.8s        2 counts    0.01 nA
01:15:59  209.9s       -8 counts   -0.03 nA
01:16:00  209.9s        0 counts    0.00 nA
01:16:00  210.0s       -7 counts   -0.02 nA
01:16:00  210.0s       -6 counts   -0.02 nA
01:16:00  210.1s       -1 counts   -0.00 nA
01:16:00  210.1s       -3 counts   -0.01 nA
01:16:00  210.2s      -11 counts   -0.04 nA
01:16:00  210.2s       -2 counts   -0.01 nA
01:16:00  210.3s       -2 counts   -0.01 nA
01:16:00  210.4s       -2 counts   -0.01 nA
01:16:00  210.4s        3 counts    0.01 nA
01:16:00  210.5s      -15 counts   -0.05 nA
01:16:00  210.5s       -8 counts   -0.03 nA
01:16:00  210.6s        2 counts    0.01 nA
01:16:00  210.6s       -6 counts   -0.02 nA
01:16:00  210.7s       -8 counts   -0.02 nA
01:16:00  210.8s       -4 counts   -0.01 nA
01:16:00  210.8s        4 counts    0.01 nA
01:16:00  210.9s       -3 counts   -0.01 nA
01:16:01  210.9s      -13 counts   -0.04 nA
01:16:01  211.0s       -8 counts   -0.02 nA
01:16:01  211.1s       -8 counts   -0.03 nA
01:16:01  211.1s       -6 counts   -0.02 nA
01:16:01  211.2s        6 counts    0.02 nA
01:16:01  211.2s        1 counts    0.00 nA
01:16:01  211.3s       -4 counts   -0.01 nA
01:16:01  211.3s       -7 counts   -0.02 nA
01:16:01  211.4s       -2 counts   -0.01 nA
01:16:01  211.4s        2 counts    0.01 nA
01:16:01  211.5s       -3 counts   -0.01 nA
01:16:01  211.6s        7 counts    0.02 nA
01:16:01  211.6s       -9 counts   -0.03 nA
01:16:01  211.7s       -0 counts   -0.00 nA
01:16:01  211.7s       -4 counts   -0.01 nA
01:16:01  211.8s      -11 counts   -0.03 nA
01:16:01  211.8s       -4 counts   -0.01 nA
01:16:01  211.9s       -4 counts   -0.01 nA
01:16:02  212.0s       -3 counts   -0.01 nA
01:16:02  212.0s       -4 counts   -0.01 nA
01:16:02  212.1s        1 counts    0.00 nA
01:16:02  212.1s       -3 counts   -0.01 nA
01:16:02  212.2s       -2 counts   -0.01 nA
01:16:02  212.2s       -2 counts   -0.01 nA
01:16:02  212.3s       -8 counts   -0.02 nA
01:16:02  212.4s      -10 counts   -0.03 nA
01:16:02  212.4s        0 counts    0.00 nA
01:16:02  212.5s      -10 counts   -0.03 nA
01:16:02  212.5s      -11 counts   -0.03 nA
01:16:02  212.6s       -7 counts   -0.02 nA
01:16:02  212.7s      -16 counts   -0.05 nA
01:16:02  212.7s       -3 counts   -0.01 nA
01:16:02  212.8s      -12 counts   -0.04 nA
01:16:02  212.8s       -0 counts   -0.00 nA
01:16:02  212.9s       10 counts    0.03 nA
01:16:03  212.9s       -7 counts   -0.02 nA
01:16:03  213.0s       -1 counts   -0.00 nA
01:16:03  213.1s       -5 counts   -0.01 nA
01:16:03  213.1s      -12 counts   -0.04 nA
01:16:03  213.2s       -4 counts   -0.01 nA
01:16:03  213.2s       -1 counts   -0.00 nA
01:16:03  213.3s       -7 counts   -0.02 nA
01:16:03  213.4s       -7 counts   -0.02 nA
01:16:03  213.4s        3 counts    0.01 nA
01:16:03  213.5s       -4 counts   -0.01 nA
01:16:03  213.5s       -2 counts   -0.01 nA
01:16:03  213.6s      -10 counts   -0.03 nA
01:16:03  213.6s       -2 counts   -0.01 nA
01:16:03  213.7s       -1 counts   -0.00 nA
01:16:03  213.8s       -4 counts   -0.01 nA
01:16:03  213.8s        8 counts    0.03 nA
01:16:03  213.9s      -13 counts   -0.04 nA
01:16:04  213.9s       -7 counts   -0.02 nA
01:16:04  214.0s       -8 counts   -0.03 nA
01:16:04  214.0s       -5 counts   -0.01 nA
01:16:04  214.1s       -4 counts   -0.01 nA
01:16:04  214.1s       15 counts    0.05 nA
01:16:04  214.2s        5 counts    0.02 nA
01:16:04  214.3s       -5 counts   -0.01 nA
01:16:04  214.3s      -15 counts   -0.05 nA
01:16:04  214.4s       -5 counts   -0.02 nA
01:16:04  214.4s        8 counts    0.02 nA
01:16:04  214.5s      -11 counts   -0.03 nA
01:16:04  214.5s      -10 counts   -0.03 nA
01:16:04  214.6s       -5 counts   -0.02 nA
01:16:04  214.7s       -8 counts   -0.02 nA
01:16:04  214.7s        4 counts    0.01 nA
01:16:04  214.8s       -8 counts   -0.03 nA
01:16:04  214.8s       -7 counts   -0.02 nA
01:16:04  214.9s      -10 counts   -0.03 nA
01:16:05  215.0s       -4 counts   -0.01 nA
01:16:05  215.0s        0 counts    0.00 nA
01:16:05  215.1s       -3 counts   -0.01 nA
01:16:05  215.1s        1 counts    0.00 nA
01:16:05  215.2s       -4 counts   -0.01 nA
01:16:05  215.2s      -12 counts   -0.04 nA
01:16:05  215.3s       -5 counts   -0.01 nA
01:16:05  215.3s       -7 counts   -0.02 nA
01:16:05  215.4s      -12 counts   -0.04 nA
01:16:05  215.5s       -7 counts   -0.02 nA
01:16:05  215.5s       -5 counts   -0.02 nA
01:16:05  215.6s      -21 counts   -0.06 nA
01:16:05  215.6s       -4 counts   -0.01 nA
01:16:05  215.7s       -4 counts   -0.01 nA
01:16:05  215.7s       18 counts    0.05 nA
01:16:05  215.8s       -6 counts   -0.02 nA
01:16:05  215.9s       -1 counts   -0.00 nA
01:16:06  215.9s       -9 counts   -0.03 nA
01:16:06  216.0s       -7 counts   -0.02 nA
01:16:06  216.1s       -9 counts   -0.03 nA
01:16:06  216.1s       -1 counts   -0.00 nA
01:16:06  216.2s       -4 counts   -0.01 nA
01:16:06  216.2s       -4 counts   -0.01 nA
01:16:06  216.3s       -8 counts   -0.03 nA
01:16:06  216.4s      -14 counts   -0.04 nA
01:16:06  216.4s       -5 counts   -0.02 nA
01:16:06  216.5s       -9 counts   -0.03 nA
01:16:06  216.5s       -8 counts   -0.03 nA
01:16:06  216.6s        4 counts    0.01 nA
01:16:06  216.6s       -3 counts   -0.01 nA
01:16:06  216.7s       -8 counts   -0.02 nA
01:16:06  216.8s      -12 counts   -0.04 nA
01:16:06  216.8s        3 counts    0.01 nA
01:16:06  216.9s       -6 counts   -0.02 nA
01:16:07  216.9s        4 counts    0.01 nA
01:16:07  217.0s       -1 counts   -0.00 nA
01:16:07  217.0s       -5 counts   -0.01 nA
01:16:07  217.1s       -2 counts   -0.01 nA
01:16:07  217.2s       -5 counts   -0.02 nA
01:16:07  217.2s       -7 counts   -0.02 nA
01:16:07  217.3s       -4 counts   -0.01 nA
01:16:07  217.3s       -2 counts   -0.01 nA
01:16:07  217.4s      -16 counts   -0.05 nA
01:16:07  217.5s       -8 counts   -0.03 nA
01:16:07  217.5s       -3 counts   -0.01 nA
01:16:07  217.6s       -9 counts   -0.03 nA
01:16:07  217.6s      -15 counts   -0.05 nA
01:16:07  217.7s       -9 counts   -0.03 nA
01:16:07  217.7s      -21 counts   -0.07 nA
01:16:07  217.8s      -13 counts   -0.04 nA
01:16:07  217.9s      -10 counts   -0.03 nA
01:16:08  217.9s       -6 counts   -0.02 nA
01:16:08  218.0s       -3 counts   -0.01 nA
01:16:08  218.0s      -10 counts   -0.03 nA
01:16:08  218.1s       -6 counts   -0.02 nA
01:16:08  218.2s        1 counts    0.00 nA
01:16:08  218.2s       -5 counts   -0.01 nA
01:16:08  218.3s        7 counts    0.02 nA
01:16:08  218.3s       -4 counts   -0.01 nA
01:16:08  218.4s       -9 counts   -0.03 nA
01:16:08  218.4s      -12 counts   -0.04 nA
01:16:08  218.5s       -8 counts   -0.03 nA
01:16:08  218.6s       -0 counts   -0.00 nA
01:16:08  218.6s       -3 counts   -0.01 nA
01:16:08  218.7s       -5 counts   -0.02 nA
01:16:08  218.7s       -9 counts   -0.03 nA
01:16:08  218.8s       -8 counts   -0.03 nA
01:16:08  218.8s       -5 counts   -0.01 nA
01:16:08  218.9s       -5 counts   -0.02 nA
01:16:09  218.9s       14 counts    0.04 nA
01:16:09  219.0s       -6 counts   -0.02 nA
01:16:09  219.1s      -19 counts   -0.06 nA
01:16:09  219.1s      -21 counts   -0.07 nA
01:16:09  219.2s       -1 counts   -0.00 nA
01:16:09  219.2s       -6 counts   -0.02 nA
01:16:09  219.3s       -5 counts   -0.02 nA
01:16:09  219.3s        8 counts    0.03 nA
01:16:09  219.4s      -16 counts   -0.05 nA
01:16:09  219.5s       -4 counts   -0.01 nA
01:16:09  219.5s      -13 counts   -0.04 nA
01:16:09  219.6s       -8 counts   -0.02 nA
01:16:09  219.6s       -7 counts   -0.02 nA
01:16:09  219.7s       -9 counts   -0.03 nA
01:16:09  219.8s       -6 counts   -0.02 nA
01:16:09  219.8s        4 counts    0.01 nA
01:16:09  219.9s      -14 counts   -0.04 nA
01:16:10  219.9s       -9 counts   -0.03 nA
01:16:10  220.0s      -11 counts   -0.03 nA
01:16:10  220.0s       -5 counts   -0.02 nA
01:16:10  220.1s      -11 counts   -0.04 nA
01:16:10  220.2s      -12 counts   -0.04 nA
01:16:10  220.2s       -7 counts   -0.02 nA
01:16:10  220.3s       -2 counts   -0.01 nA
01:16:10  220.3s        6 counts    0.02 nA
01:16:10  220.4s       -5 counts   -0.01 nA
01:16:10  220.5s       -8 counts   -0.03 nA
01:16:10  220.5s        1 counts    0.00 nA
01:16:10  220.6s       -2 counts   -0.01 nA
01:16:10  220.6s       -7 counts   -0.02 nA
01:16:10  220.7s      -14 counts   -0.04 nA
01:16:10  220.7s       -4 counts   -0.01 nA
01:16:10  220.8s      -19 counts   -0.06 nA
01:16:10  220.8s       -2 counts   -0.01 nA
01:16:11  220.9s      -16 counts   -0.05 nA
01:16:11  221.0s       -7 counts   -0.02 nA
01:16:11  221.0s      -15 counts   -0.05 nA
01:16:11  221.1s      -27 counts   -0.09 nA
01:16:11  221.2s        2 counts    0.01 nA
01:16:11  221.2s       -5 counts   -0.02 nA
01:16:11  221.3s        2 counts    0.00 nA
01:16:11  221.3s       -3 counts   -0.01 nA
01:16:11  221.4s        3 counts    0.01 nA
01:16:11  221.5s       -5 counts   -0.02 nA
01:16:11  221.5s       -5 counts   -0.02 nA
01:16:11  221.6s      -11 counts   -0.03 nA
01:16:11  221.6s        6 counts    0.02 nA
01:16:11  221.7s       -4 counts   -0.01 nA
01:16:11  221.8s       -6 counts   -0.02 nA
01:16:11  221.8s       -3 counts   -0.01 nA
01:16:11  221.9s       -3 counts   -0.01 nA
01:16:12  221.9s       -9 counts   -0.03 nA
01:16:12  222.0s        8 counts    0.03 nA
01:16:12  222.0s       -1 counts   -0.00 nA
01:16:12  222.1s      -25 counts   -0.08 nA
01:16:12  222.2s        4 counts    0.01 nA
01:16:12  222.2s       -3 counts   -0.01 nA
01:16:12  222.3s        3 counts    0.01 nA
01:16:12  222.3s        6 counts    0.02 nA
01:16:12  222.4s       -8 counts   -0.03 nA
01:16:12  222.5s       -4 counts   -0.01 nA
01:16:12  222.5s       -3 counts   -0.01 nA
01:16:12  222.6s       -5 counts   -0.01 nA
01:16:12  222.6s       -5 counts   -0.02 nA
01:16:12  222.7s       -3 counts   -0.01 nA
01:16:12  222.7s      -12 counts   -0.04 nA
01:16:12  222.8s       -5 counts   -0.02 nA
01:16:12  222.9s        5 counts    0.02 nA
01:16:13  222.9s       -2 counts   -0.01 nA
01:16:13  223.0s       -4 counts   -0.01 nA
01:16:13  223.0s       -7 counts   -0.02 nA
01:16:13  223.1s        0 counts    0.00 nA
01:16:13  223.2s        2 counts    0.00 nA
01:16:13  223.2s       -5 counts   -0.02 nA
01:16:13  223.3s       -8 counts   -0.02 nA
01:16:13  223.3s        6 counts    0.02 nA
01:16:13  223.4s      -18 counts   -0.06 nA
01:16:13  223.4s       -1 counts   -0.00 nA
01:16:13  223.5s        6 counts    0.02 nA
01:16:13  223.6s       -8 counts   -0.02 nA
01:16:13  223.6s      -19 counts   -0.06 nA
01:16:13  223.7s       -5 counts   -0.02 nA
01:16:13  223.7s        3 counts    0.01 nA
01:16:13  223.8s        4 counts    0.01 nA
01:16:13  223.8s      -14 counts   -0.04 nA
01:16:13  223.9s       -2 counts   -0.01 nA
01:16:14  224.0s       -7 counts   -0.02 nA
01:16:14  224.0s       -1 counts   -0.00 nA
01:16:14  224.1s      -11 counts   -0.03 nA
01:16:14  224.1s       -4 counts   -0.01 nA
01:16:14  224.2s       -8 counts   -0.02 nA
01:16:14  224.2s       10 counts    0.03 nA
01:16:14  224.3s      -12 counts   -0.04 nA
01:16:14  224.4s      -23 counts   -0.07 nA
01:16:14  224.4s      -28 counts   -0.09 nA
01:16:14  224.5s       -1 counts   -0.00 nA
01:16:14  224.5s        1 counts    0.00 nA
01:16:14  224.6s      -10 counts   -0.03 nA
01:16:14  224.7s      -12 counts   -0.04 nA
01:16:14  224.7s       -2 counts   -0.01 nA
01:16:14  224.8s       -7 counts   -0.02 nA
01:16:14  224.8s        0 counts    0.00 nA
01:16:14  224.9s        1 counts    0.00 nA
01:16:15  224.9s       -8 counts   -0.02 nA
01:16:15  225.0s        3 counts    0.01 nA
01:16:15  225.0s       -2 counts   -0.01 nA
01:16:15  225.1s        5 counts    0.02 nA
01:16:15  225.1s       -0 counts   -0.00 nA
01:16:15  225.2s        1 counts    0.00 nA
01:16:15  225.3s       -6 counts   -0.02 nA
01:16:15  225.3s      -27 counts   -0.08 nA
01:16:15  225.4s        5 counts    0.02 nA
01:16:15  225.4s       -2 counts   -0.01 nA
01:16:15  225.5s      -11 counts   -0.03 nA
01:16:15  225.5s       -8 counts   -0.02 nA
01:16:15  225.6s      -15 counts   -0.05 nA
01:16:15  225.7s       -0 counts   -0.00 nA
01:16:15  225.7s       -2 counts   -0.01 nA
01:16:15  225.8s      -13 counts   -0.04 nA
01:16:15  225.8s       -2 counts   -0.01 nA
01:16:15  225.9s      -14 counts   -0.04 nA
01:16:16  225.9s      -27 counts   -0.08 nA
01:16:16  226.0s      -15 counts   -0.05 nA
01:16:16  226.1s       -6 counts   -0.02 nA
01:16:16  226.1s      -18 counts   -0.05 nA
01:16:16  226.2s        5 counts    0.02 nA
01:16:16  226.2s       12 counts    0.04 nA
01:16:16  226.3s      -12 counts   -0.04 nA
01:16:16  226.4s      -11 counts   -0.04 nA
01:16:16  226.4s       -5 counts   -0.01 nA
01:16:16  226.5s       -8 counts   -0.02 nA
01:16:16  226.5s      -11 counts   -0.03 nA
01:16:16  226.6s       -3 counts   -0.01 nA
01:16:16  226.6s      -12 counts   -0.04 nA
01:16:16  226.7s       -2 counts   -0.01 nA
01:16:16  226.8s       -9 counts   -0.03 nA
01:16:16  226.8s      -26 counts   -0.08 nA
01:16:16  226.9s       -6 counts   -0.02 nA
01:16:17  226.9s      -14 counts   -0.04 nA
01:16:17  227.0s        5 counts    0.02 nA
01:16:17  227.1s       -9 counts   -0.03 nA
01:16:17  227.1s      -19 counts   -0.06 nA
01:16:17  227.2s        6 counts    0.02 nA
01:16:17  227.2s       29 counts    0.09 nA
01:16:17  227.3s      -10 counts   -0.03 nA
01:16:17  227.3s      -36 counts   -0.11 nA
01:16:17  227.4s       -1 counts   -0.00 nA
01:16:17  227.4s      -13 counts   -0.04 nA
01:16:17  227.5s       -1 counts   -0.00 nA
01:16:17  227.6s        7 counts    0.02 nA
01:16:17  227.6s       -1 counts   -0.00 nA
01:16:17  227.7s       -3 counts   -0.01 nA
01:16:17  227.7s       -4 counts   -0.01 nA
01:16:17  227.8s       -6 counts   -0.02 nA
01:16:17  227.8s      -10 counts   -0.03 nA
01:16:17  227.9s        7 counts    0.02 nA
01:16:18  227.9s      -21 counts   -0.06 nA
01:16:18  228.0s        1 counts    0.00 nA
01:16:18  228.1s        2 counts    0.01 nA
01:16:18  228.1s      -16 counts   -0.05 nA
01:16:18  228.2s       -3 counts   -0.01 nA
01:16:18  228.2s       -1 counts   -0.00 nA
01:16:18  228.3s      -16 counts   -0.05 nA
01:16:18  228.4s       -2 counts   -0.01 nA
01:16:18  228.4s      -15 counts   -0.05 nA
01:16:18  228.5s      -14 counts   -0.04 nA
01:16:18  228.5s       -5 counts   -0.02 nA
01:16:18  228.6s      -30 counts   -0.09 nA
01:16:18  228.6s      -15 counts   -0.05 nA
01:16:18  228.7s       -2 counts   -0.01 nA
01:16:18  228.8s       -6 counts   -0.02 nA
01:16:18  228.8s       -9 counts   -0.03 nA
01:16:18  228.9s      -15 counts   -0.05 nA
01:16:19  228.9s        1 counts    0.00 nA
01:16:19  229.0s      -14 counts   -0.04 nA
01:16:19  229.0s       -9 counts   -0.03 nA
01:16:19  229.1s        1 counts    0.00 nA
01:16:19  229.2s      -20 counts   -0.06 nA
01:16:19  229.2s       -2 counts   -0.01 nA
01:16:19  229.3s        4 counts    0.01 nA
01:16:19  229.3s      -15 counts   -0.05 nA
01:16:19  229.4s       -4 counts   -0.01 nA
01:16:19  229.4s      -11 counts   -0.04 nA
01:16:19  229.5s       -7 counts   -0.02 nA
01:16:19  229.6s       24 counts    0.08 nA
01:16:19  229.6s      -28 counts   -0.09 nA
01:16:19  229.7s       17 counts    0.05 nA
01:16:19  229.7s       -9 counts   -0.03 nA
01:16:19  229.8s        3 counts    0.01 nA
01:16:19  229.8s        7 counts    0.02 nA
01:16:19  229.9s      -20 counts   -0.06 nA
01:16:20  230.0s      -14 counts   -0.05 nA
01:16:20  230.0s      -10 counts   -0.03 nA
01:16:20  230.1s      -12 counts   -0.04 nA
01:16:20  230.1s      -25 counts   -0.08 nA
01:16:20  230.2s      -14 counts   -0.04 nA
01:16:20  230.2s      -26 counts   -0.08 nA
01:16:20  230.3s      -16 counts   -0.05 nA
01:16:20  230.4s      -32 counts   -0.10 nA
01:16:20  230.4s       13 counts    0.04 nA
01:16:20  230.5s      -12 counts   -0.04 nA
01:16:20  230.5s      -21 counts   -0.06 nA
01:16:20  230.6s      -12 counts   -0.04 nA
01:16:20  230.6s        4 counts    0.01 nA
01:16:20  230.7s        2 counts    0.01 nA
01:16:20  230.8s        8 counts    0.02 nA
01:16:20  230.8s       -8 counts   -0.02 nA
01:16:20  230.9s       25 counts    0.08 nA
01:16:21  230.9s       -7 counts   -0.02 nA
01:16:21  231.0s        9 counts    0.03 nA
01:16:21  231.1s      -24 counts   -0.07 nA
01:16:21  231.1s       -2 counts   -0.01 nA
01:16:21  231.2s        4 counts    0.01 nA
01:16:21  231.2s      -11 counts   -0.03 nA
01:16:21  231.3s       -9 counts   -0.03 nA
01:16:21  231.4s       -1 counts   -0.00 nA
01:16:21  231.4s      -59 counts   -0.18 nA
01:16:21  231.5s        5 counts    0.02 nA
01:16:21  231.5s      -18 counts   -0.06 nA
01:16:21  231.6s        9 counts    0.03 nA
01:16:21  231.7s      -31 counts   -0.10 nA
01:16:21  231.7s        1 counts    0.00 nA
01:16:21  231.8s      -13 counts   -0.04 nA
01:16:21  231.8s      -26 counts   -0.08 nA
01:16:21  231.9s      -30 counts   -0.09 nA
01:16:22  231.9s       10 counts    0.03 nA
01:16:22  232.0s       -7 counts   -0.02 nA
01:16:22  232.0s      -13 counts   -0.04 nA
01:16:22  232.1s      -13 counts   -0.04 nA
01:16:22  232.2s        3 counts    0.01 nA
01:16:22  232.2s      -14 counts   -0.04 nA
01:16:22  232.3s       11 counts    0.03 nA
01:16:22  232.3s       -3 counts   -0.01 nA
01:16:22  232.4s       -7 counts   -0.02 nA
01:16:22  232.5s      -26 counts   -0.08 nA
01:16:22  232.5s      -21 counts   -0.06 nA
01:16:22  232.6s        3 counts    0.01 nA
01:16:22  232.6s       -1 counts   -0.00 nA
01:16:22  232.7s      -23 counts   -0.07 nA
01:16:22  232.7s      -16 counts   -0.05 nA
01:16:22  232.8s      -25 counts   -0.08 nA
01:16:22  232.9s      -13 counts   -0.04 nA
01:16:23  232.9s       -4 counts   -0.01 nA
01:16:23  233.0s      -41 counts   -0.13 nA
01:16:23  233.0s        5 counts    0.02 nA
01:16:23  233.1s      -17 counts   -0.05 nA
01:16:23  233.2s      -19 counts   -0.06 nA
01:16:23  233.2s      -18 counts   -0.06 nA
01:16:23  233.3s      -10 counts   -0.03 nA
01:16:23  233.3s        5 counts    0.02 nA
01:16:23  233.4s       -0 counts   -0.00 nA
01:16:23  233.5s       18 counts    0.06 nA
01:16:23  233.5s        8 counts    0.03 nA
01:16:23  233.6s       10 counts    0.03 nA
01:16:23  233.6s       -1 counts   -0.00 nA
01:16:23  233.7s       -4 counts   -0.01 nA
01:16:23  233.7s      -24 counts   -0.08 nA
01:16:23  233.8s      -16 counts   -0.05 nA
01:16:23  233.9s       -3 counts   -0.01 nA
01:16:24  233.9s        1 counts    0.00 nA
01:16:24  234.0s       14 counts    0.04 nA
01:16:24  234.0s      -35 counts   -0.11 nA
01:16:24  234.1s      -31 counts   -0.10 nA
01:16:24  234.1s       -1 counts   -0.00 nA
01:16:24  234.2s      -18 counts   -0.06 nA
01:16:24  234.3s      -18 counts   -0.06 nA
01:16:24  234.3s      -11 counts   -0.03 nA
01:16:24  234.4s        6 counts    0.02 nA
01:16:24  234.4s       -6 counts   -0.02 nA
01:16:24  234.5s        0 counts    0.00 nA
01:16:24  234.5s        2 counts    0.01 nA
01:16:24  234.6s        5 counts    0.01 nA
01:16:24  234.7s        2 counts    0.01 nA
01:16:24  234.7s        4 counts    0.01 nA
01:16:24  234.8s       -7 counts   -0.02 nA
01:16:24  234.8s       -0 counts   -0.00 nA
01:16:24  234.9s      -18 counts   -0.06 nA
01:16:25  234.9s      -15 counts   -0.05 nA
01:16:25  235.0s      -12 counts   -0.04 nA
01:16:25  235.1s        3 counts    0.01 nA
01:16:25  235.1s      -10 counts   -0.03 nA
01:16:25  235.2s       -1 counts   -0.00 nA
01:16:25  235.2s        6 counts    0.02 nA
01:16:25  235.3s      -12 counts   -0.04 nA
01:16:25  235.3s      -16 counts   -0.05 nA
01:16:25  235.4s       -3 counts   -0.01 nA
01:16:25  235.4s       -9 counts   -0.03 nA
01:16:25  235.5s        3 counts    0.01 nA
01:16:25  235.6s       -7 counts   -0.02 nA
01:16:25  235.6s       -2 counts   -0.01 nA
01:16:25  235.7s      -15 counts   -0.05 nA
01:16:25  235.7s        0 counts    0.00 nA
01:16:25  235.8s       -2 counts   -0.00 nA
01:16:25  235.9s       -1 counts   -0.00 nA
01:16:26  235.9s       -2 counts   -0.00 nA
01:16:26  236.0s       -5 counts   -0.02 nA
01:16:26  236.0s       -7 counts   -0.02 nA
01:16:26  236.1s       -9 counts   -0.03 nA
01:16:26  236.2s       -9 counts   -0.03 nA
01:16:26  236.2s       -3 counts   -0.01 nA
01:16:26  236.3s       -3 counts   -0.01 nA
01:16:26  236.3s      -26 counts   -0.08 nA
01:16:26  236.4s       -1 counts   -0.00 nA
01:16:26  236.4s      -15 counts   -0.05 nA
01:16:26  236.5s      -24 counts   -0.08 nA
01:16:26  236.6s       14 counts    0.04 nA
01:16:26  236.6s        0 counts    0.00 nA
01:16:26  236.7s       -7 counts   -0.02 nA
01:16:26  236.7s       -4 counts   -0.01 nA
01:16:26  236.8s      -11 counts   -0.03 nA
01:16:26  236.9s        6 counts    0.02 nA
01:16:27  236.9s       -3 counts   -0.01 nA
01:16:27  237.0s      -17 counts   -0.05 nA
01:16:27  237.0s       -2 counts   -0.01 nA
01:16:27  237.1s       -1 counts   -0.00 nA
01:16:27  237.2s        6 counts    0.02 nA
01:16:27  237.2s       -1 counts   -0.00 nA
01:16:27  237.3s       -4 counts   -0.01 nA
01:16:27  237.3s       12 counts    0.04 nA
01:16:27  237.4s       -5 counts   -0.02 nA
01:16:27  237.4s       -6 counts   -0.02 nA
01:16:27  237.5s      -13 counts   -0.04 nA
01:16:27  237.6s        1 counts    0.00 nA
01:16:27  237.6s       -5 counts   -0.02 nA
01:16:27  237.7s       -5 counts   -0.01 nA
01:16:27  237.7s        5 counts    0.02 nA
01:16:27  237.8s       -9 counts   -0.03 nA
01:16:27  237.9s      -16 counts   -0.05 nA
01:16:28  237.9s      -15 counts   -0.05 nA
01:16:28  238.0s       -6 counts   -0.02 nA
01:16:28  238.0s       -1 counts   -0.00 nA
01:16:28  238.1s       -7 counts   -0.02 nA
01:16:28  238.1s       -5 counts   -0.02 nA
01:16:28  238.2s      -12 counts   -0.04 nA
01:16:28  238.2s       -1 counts   -0.00 nA
01:16:28  238.3s       -5 counts   -0.02 nA
01:16:28  238.4s       -4 counts   -0.01 nA
01:16:28  238.4s       -3 counts   -0.01 nA
01:16:28  238.5s       -4 counts   -0.01 nA
01:16:28  238.5s       -9 counts   -0.03 nA
01:16:28  238.6s       -8 counts   -0.02 nA
01:16:28  238.6s        1 counts    0.00 nA
01:16:28  238.7s       -5 counts   -0.01 nA
01:16:28  238.7s       -7 counts   -0.02 nA
01:16:28  238.8s       -8 counts   -0.02 nA
01:16:28  238.8s       -2 counts   -0.01 nA
01:16:28  238.9s      -20 counts   -0.06 nA
01:16:29  238.9s      -10 counts   -0.03 nA
01:16:29  239.0s        1 counts    0.00 nA
01:16:29  239.1s        2 counts    0.01 nA
01:16:29  239.1s        2 counts    0.01 nA
01:16:29  239.2s       -3 counts   -0.01 nA
01:16:29  239.2s       12 counts    0.04 nA
01:16:29  239.3s      -16 counts   -0.05 nA
01:16:29  239.4s      -14 counts   -0.04 nA
01:16:29  239.4s      -19 counts   -0.06 nA
01:16:29  239.5s      -13 counts   -0.04 nA
01:16:29  239.5s       14 counts    0.04 nA
01:16:29  239.6s      -23 counts   -0.07 nA
01:16:29  239.6s       -7 counts   -0.02 nA
01:16:29  239.7s       -3 counts   -0.01 nA
01:16:29  239.8s        1 counts    0.00 nA
01:16:29  239.8s        9 counts    0.03 nA
01:16:29  239.9s        2 counts    0.01 nA
01:16:30  239.9s       -8 counts   -0.02 nA
01:16:30  240.0s      -12 counts   -0.04 nA
01:16:30  240.1s        5 counts    0.01 nA
01:16:30  240.1s       -2 counts   -0.01 nA
01:16:30  240.2s       -5 counts   -0.01 nA
01:16:30  240.2s       -6 counts   -0.02 nA
01:16:30  240.3s       -7 counts   -0.02 nA
01:16:30  240.3s      -19 counts   -0.06 nA
01:16:30  240.4s       -4 counts   -0.01 nA
01:16:30  240.4s      -11 counts   -0.03 nA
01:16:30  240.5s      -16 counts   -0.05 nA
01:16:30  240.6s       -6 counts   -0.02 nA
01:16:30  240.6s      -20 counts   -0.06 nA
01:16:30  240.7s      -11 counts   -0.03 nA
01:16:30  240.7s      -14 counts   -0.04 nA
01:16:30  240.8s       -3 counts   -0.01 nA
01:16:30  240.8s       -3 counts   -0.01 nA
01:16:30  240.9s       -1 counts   -0.00 nA
01:16:31  241.0s        8 counts    0.02 nA
01:16:31  241.0s       -6 counts   -0.02 nA
01:16:31  241.1s        0 counts    0.00 nA
01:16:31  241.1s      -23 counts   -0.07 nA
01:16:31  241.2s      -30 counts   -0.09 nA
01:16:31  241.3s        7 counts    0.02 nA
01:16:31  241.3s       10 counts    0.03 nA
01:16:31  241.4s        1 counts    0.00 nA
01:16:31  241.4s        3 counts    0.01 nA
01:16:31  241.5s      -11 counts   -0.03 nA
01:16:31  241.5s       -5 counts   -0.02 nA
01:16:31  241.6s        2 counts    0.01 nA
01:16:31  241.7s       -5 counts   -0.02 nA
01:16:31  241.7s        5 counts    0.01 nA
01:16:31  241.8s      -15 counts   -0.05 nA
01:16:31  241.8s      -13 counts   -0.04 nA
01:16:31  241.9s      -18 counts   -0.06 nA
01:16:32  242.0s        5 counts    0.02 nA
01:16:32  242.0s      -10 counts   -0.03 nA
01:16:32  242.1s      -15 counts   -0.05 nA
01:16:32  242.1s       -3 counts   -0.01 nA
01:16:32  242.2s       -1 counts   -0.00 nA
01:16:32  242.2s        6 counts    0.02 nA
01:16:32  242.3s       -9 counts   -0.03 nA
01:16:32  242.4s        1 counts    0.00 nA
01:16:32  242.4s       -0 counts   -0.00 nA
01:16:32  242.5s       -1 counts   -0.00 nA
01:16:32  242.5s        3 counts    0.01 nA
01:16:32  242.6s       -1 counts   -0.00 nA
01:16:32  242.6s       13 counts    0.04 nA
01:16:32  242.7s       -9 counts   -0.03 nA
01:16:32  242.8s       -2 counts   -0.00 nA
01:16:32  242.8s       -0 counts   -0.00 nA
01:16:32  242.9s       -4 counts   -0.01 nA
01:16:33  242.9s       -9 counts   -0.03 nA
01:16:33  243.0s      -12 counts   -0.04 nA
01:16:33  243.0s        4 counts    0.01 nA
01:16:33  243.1s       -1 counts   -0.00 nA
01:16:33  243.2s       -1 counts   -0.00 nA
01:16:33  243.2s       -6 counts   -0.02 nA
01:16:33  243.3s      -14 counts   -0.04 nA
01:16:33  243.3s       -7 counts   -0.02 nA
01:16:33  243.4s       -6 counts   -0.02 nA
01:16:33  243.4s       -5 counts   -0.02 nA
01:16:33  243.5s       -3 counts   -0.01 nA
01:16:33  243.5s       -5 counts   -0.01 nA
01:16:33  243.6s       -7 counts   -0.02 nA
01:16:33  243.6s        8 counts    0.02 nA
01:16:33  243.7s       17 counts    0.05 nA
01:16:33  243.8s        1 counts    0.00 nA
01:16:33  243.8s      -14 counts   -0.04 nA
01:16:33  243.9s       -4 counts   -0.01 nA
01:16:34  243.9s      -12 counts   -0.04 nA
01:16:34  244.0s      -12 counts   -0.04 nA
01:16:34  244.0s        4 counts    0.01 nA
01:16:34  244.1s      -25 counts   -0.08 nA
01:16:34  244.2s      -11 counts   -0.03 nA
01:16:34  244.2s      -16 counts   -0.05 nA
01:16:34  244.3s       -2 counts   -0.01 nA
01:16:34  244.3s       -5 counts   -0.02 nA
01:16:34  244.4s      -14 counts   -0.04 nA
01:16:34  244.4s       -4 counts   -0.01 nA
01:16:34  244.5s      -15 counts   -0.05 nA
01:16:34  244.6s       -4 counts   -0.01 nA
01:16:34  244.6s       -6 counts   -0.02 nA
01:16:34  244.7s       -1 counts   -0.00 nA
01:16:34  244.7s      -11 counts   -0.03 nA
01:16:34  244.8s        7 counts    0.02 nA
01:16:34  244.8s       -1 counts   -0.00 nA
01:16:34  244.9s        2 counts    0.01 nA
01:16:35  244.9s       -2 counts   -0.01 nA
01:16:35  245.0s      -12 counts   -0.04 nA
01:16:35  245.1s        1 counts    0.00 nA
01:16:35  245.1s       -4 counts   -0.01 nA
01:16:35  245.2s        2 counts    0.01 nA
01:16:35  245.2s       -8 counts   -0.02 nA
01:16:35  245.3s        4 counts    0.01 nA
01:16:35  245.4s       -7 counts   -0.02 nA
01:16:35  245.4s       -3 counts   -0.01 nA
01:16:35  245.5s      -10 counts   -0.03 nA
01:16:35  245.5s       -4 counts   -0.01 nA
01:16:35  245.6s       -6 counts   -0.02 nA
01:16:35  245.6s       -6 counts   -0.02 nA
01:16:35  245.7s       -6 counts   -0.02 nA
01:16:35  245.7s       -7 counts   -0.02 nA
01:16:35  245.8s       -3 counts   -0.01 nA
01:16:35  245.8s       -3 counts   -0.01 nA
01:16:35  245.9s      -10 counts   -0.03 nA
01:16:36  246.0s        1 counts    0.00 nA
01:16:36  246.0s      -12 counts   -0.04 nA
01:16:36  246.1s       -2 counts   -0.01 nA
01:16:36  246.1s      -10 counts   -0.03 nA
01:16:36  246.2s       -8 counts   -0.02 nA
01:16:36  246.2s      -12 counts   -0.04 nA
01:16:36  246.3s       -7 counts   -0.02 nA
01:16:36  246.4s      -16 counts   -0.05 nA
01:16:36  246.4s        9 counts    0.03 nA
01:16:36  246.5s       -8 counts   -0.03 nA
01:16:36  246.5s       -5 counts   -0.01 nA
01:16:36  246.6s       -1 counts   -0.00 nA
01:16:36  246.6s      -14 counts   -0.04 nA
01:16:36  246.7s       -3 counts   -0.01 nA
01:16:36  246.8s       -9 counts   -0.03 nA
01:16:36  246.8s       -9 counts   -0.03 nA
01:16:36  246.9s       -2 counts   -0.01 nA
01:16:37  247.0s       -7 counts   -0.02 nA
01:16:37  247.0s      -10 counts   -0.03 nA
01:16:37  247.1s       -4 counts   -0.01 nA
01:16:37  247.1s       -6 counts   -0.02 nA
01:16:37  247.2s       -1 counts   -0.00 nA
01:16:37  247.2s      -11 counts   -0.03 nA
01:16:37  247.3s       -9 counts   -0.03 nA
01:16:37  247.4s      -15 counts   -0.05 nA
01:16:37  247.4s       -7 counts   -0.02 nA
01:16:37  247.5s       -5 counts   -0.02 nA
01:16:37  247.5s       -9 counts   -0.03 nA
01:16:37  247.6s       -2 counts   -0.01 nA
01:16:37  247.6s      -11 counts   -0.03 nA
01:16:37  247.7s       -8 counts   -0.03 nA
01:16:37  247.8s      -14 counts   -0.04 nA
01:16:37  247.8s       -5 counts   -0.02 nA
01:16:37  247.9s       -4 counts   -0.01 nA
01:16:38  247.9s      -10 counts   -0.03 nA
01:16:38  248.0s        2 counts    0.01 nA
01:16:38  248.0s      -17 counts   -0.05 nA
01:16:38  248.1s        2 counts    0.01 nA
01:16:38  248.2s       -3 counts   -0.01 nA
01:16:38  248.2s       -4 counts   -0.01 nA
01:16:38  248.3s       -4 counts   -0.01 nA
01:16:38  248.3s      -12 counts   -0.04 nA
01:16:38  248.4s      -11 counts   -0.03 nA
01:16:38  248.4s        4 counts    0.01 nA
01:16:38  248.5s       -8 counts   -0.03 nA
01:16:38  248.6s       -0 counts   -0.00 nA
01:16:38  248.6s       -9 counts   -0.03 nA
01:16:38  248.7s      -13 counts   -0.04 nA
01:16:38  248.7s        3 counts    0.01 nA
01:16:38  248.8s       -7 counts   -0.02 nA
01:16:38  248.8s        2 counts    0.01 nA
01:16:38  248.9s       -2 counts   -0.01 nA
01:16:39  249.0s      -22 counts   -0.07 nA
01:16:39  249.0s       -5 counts   -0.01 nA
01:16:39  249.1s       -6 counts   -0.02 nA
01:16:39  249.1s       -2 counts   -0.01 nA
01:16:39  249.2s       -7 counts   -0.02 nA
01:16:39  249.2s      -13 counts   -0.04 nA
01:16:39  249.3s       -5 counts   -0.02 nA
01:16:39  249.3s       -3 counts   -0.01 nA
01:16:39  249.4s       -6 counts   -0.02 nA
01:16:39  249.5s       -9 counts   -0.03 nA
01:16:39  249.5s       -4 counts   -0.01 nA
01:16:39  249.6s       -9 counts   -0.03 nA
01:16:39  249.6s      -27 counts   -0.08 nA
01:16:39  249.7s      -15 counts   -0.05 nA
01:16:39  249.8s      -10 counts   -0.03 nA
01:16:39  249.8s       -9 counts   -0.03 nA
01:16:39  249.9s        3 counts    0.01 nA
01:16:40  249.9s      -16 counts   -0.05 nA
01:16:40  250.0s      -12 counts   -0.04 nA
01:16:40  250.0s       -6 counts   -0.02 nA
01:16:40  250.1s      -11 counts   -0.03 nA
01:16:40  250.2s      -10 counts   -0.03 nA
01:16:40  250.2s       -9 counts   -0.03 nA
01:16:40  250.3s       -9 counts   -0.03 nA
01:16:40  250.3s       -7 counts   -0.02 nA
01:16:40  250.4s      -10 counts   -0.03 nA
01:16:40  250.5s      -13 counts   -0.04 nA
01:16:40  250.5s       -4 counts   -0.01 nA
01:16:40  250.6s       -0 counts   -0.00 nA
01:16:40  250.6s       -0 counts   -0.00 nA
01:16:40  250.7s       -0 counts   -0.00 nA
01:16:40  250.7s       -6 counts   -0.02 nA
01:16:40  250.8s       -4 counts   -0.01 nA
01:16:40  250.8s       -2 counts   -0.01 nA
01:16:40  250.9s       -3 counts   -0.01 nA
01:16:41  250.9s      -14 counts   -0.04 nA
01:16:41  251.0s       -3 counts   -0.01 nA
01:16:41  251.1s      -10 counts   -0.03 nA
01:16:41  251.1s        4 counts    0.01 nA
01:16:41  251.2s        3 counts    0.01 nA
01:16:41  251.2s       -2 counts   -0.01 nA
01:16:41  251.3s        0 counts    0.00 nA
01:16:41  251.4s       -3 counts   -0.01 nA
01:16:41  251.4s      -20 counts   -0.06 nA
01:16:41  251.5s        5 counts    0.02 nA
01:16:41  251.5s      -14 counts   -0.04 nA
01:16:41  251.6s      -11 counts   -0.03 nA
01:16:41  251.6s       -8 counts   -0.02 nA
01:16:41  251.7s      -11 counts   -0.03 nA
01:16:41  251.8s       -9 counts   -0.03 nA
01:16:41  251.8s      -26 counts   -0.08 nA
01:16:41  251.9s      -10 counts   -0.03 nA
01:16:42  251.9s      -11 counts   -0.04 nA
01:16:42  252.0s      -10 counts   -0.03 nA
01:16:42  252.1s       -8 counts   -0.03 nA
01:16:42  252.1s       -1 counts   -0.00 nA
01:16:42  252.2s       -4 counts   -0.01 nA
01:16:42  252.2s      -13 counts   -0.04 nA
01:16:42  252.3s       -3 counts   -0.01 nA
01:16:42  252.3s       -7 counts   -0.02 nA
01:16:42  252.4s      -10 counts   -0.03 nA
01:16:42  252.5s        2 counts    0.01 nA
01:16:42  252.5s        3 counts    0.01 nA
01:16:42  252.6s      -10 counts   -0.03 nA
01:16:42  252.6s        0 counts    0.00 nA
01:16:42  252.7s      -16 counts   -0.05 nA
01:16:42  252.7s        6 counts    0.02 nA
01:16:42  252.8s       -8 counts   -0.02 nA
01:16:42  252.9s      -13 counts   -0.04 nA
01:16:42  252.9s       -6 counts   -0.02 nA
01:16:43  253.0s       -7 counts   -0.02 nA
01:16:43  253.0s       -9 counts   -0.03 nA
01:16:43  253.1s       -8 counts   -0.02 nA
01:16:43  253.1s       19 counts    0.06 nA
01:16:43  253.2s        8 counts    0.02 nA
01:16:43  253.2s        8 counts    0.03 nA
01:16:43  253.3s        2 counts    0.01 nA
01:16:43  253.3s       -5 counts   -0.02 nA
01:16:43  253.4s        5 counts    0.01 nA
01:16:43  253.5s        3 counts    0.01 nA
01:16:43  253.5s      -13 counts   -0.04 nA
01:16:43  253.6s       10 counts    0.03 nA
01:16:43  253.6s       -8 counts   -0.02 nA
01:16:43  253.7s       -5 counts   -0.01 nA
01:16:43  253.7s       -2 counts   -0.01 nA
01:16:43  253.8s       -8 counts   -0.02 nA
01:16:43  253.8s       -7 counts   -0.02 nA
01:16:43  253.9s       -5 counts   -0.02 nA
01:16:44  253.9s       -9 counts   -0.03 nA
01:16:44  254.0s       -5 counts   -0.01 nA
01:16:44  254.0s       -5 counts   -0.02 nA
01:16:44  254.1s       -4 counts   -0.01 nA
01:16:44  254.1s       -4 counts   -0.01 nA
01:16:44  254.2s       -4 counts   -0.01 nA
01:16:44  254.2s        1 counts    0.00 nA
01:16:44  254.3s       -5 counts   -0.01 nA
01:16:44  254.4s       -3 counts   -0.01 nA
01:16:44  254.4s        1 counts    0.00 nA
01:16:44  254.5s        0 counts    0.00 nA
01:16:44  254.5s       -1 counts   -0.00 nA
01:16:44  254.6s       -4 counts   -0.01 nA
01:16:44  254.6s        4 counts    0.01 nA
01:16:44  254.7s       -3 counts   -0.01 nA
01:16:44  254.7s       -5 counts   -0.02 nA
01:16:44  254.8s       -2 counts   -0.01 nA
01:16:44  254.9s       -0 counts   -0.00 nA
01:16:45  254.9s      -11 counts   -0.04 nA
01:16:45  255.0s       -5 counts   -0.02 nA
01:16:45  255.0s       -3 counts   -0.01 nA
01:16:45  255.1s      -14 counts   -0.04 nA
01:16:45  255.1s       -9 counts   -0.03 nA
01:16:45  255.2s      -12 counts   -0.04 nA
01:16:45  255.3s      -18 counts   -0.06 nA
01:16:45  255.3s       -5 counts   -0.02 nA
01:16:45  255.4s       -8 counts   -0.03 nA
01:16:45  255.4s        4 counts    0.01 nA
01:16:45  255.5s        2 counts    0.01 nA
01:16:45  255.5s       -2 counts   -0.01 nA
01:16:45  255.6s       -6 counts   -0.02 nA
01:16:45  255.6s        0 counts    0.00 nA
01:16:45  255.7s      -11 counts   -0.03 nA
01:16:45  255.8s       -4 counts   -0.01 nA
01:16:45  255.8s      -17 counts   -0.05 nA
01:16:45  255.9s        6 counts    0.02 nA
01:16:46  255.9s       -0 counts   -0.00 nA
01:16:46  256.0s       -2 counts   -0.01 nA
01:16:46  256.0s       -7 counts   -0.02 nA
01:16:46  256.1s       -4 counts   -0.01 nA
01:16:46  256.2s       -8 counts   -0.02 nA
01:16:46  256.2s        7 counts    0.02 nA
01:16:46  256.3s      -15 counts   -0.05 nA
01:16:46  256.3s       -5 counts   -0.01 nA
01:16:46  256.4s       -4 counts   -0.01 nA
01:16:46  256.4s        0 counts    0.00 nA
01:16:46  256.5s       -5 counts   -0.02 nA
01:16:46  256.6s       -6 counts   -0.02 nA
01:16:46  256.6s      -11 counts   -0.03 nA
01:16:46  256.7s       -3 counts   -0.01 nA
01:16:46  256.7s       -4 counts   -0.01 nA
01:16:46  256.8s      -10 counts   -0.03 nA
01:16:46  256.8s       -4 counts   -0.01 nA
01:16:46  256.9s       -4 counts   -0.01 nA
01:16:47  256.9s       -8 counts   -0.03 nA
01:16:47  257.0s       -9 counts   -0.03 nA
01:16:47  257.1s       -5 counts   -0.01 nA
01:16:47  257.1s       -5 counts   -0.01 nA
01:16:47  257.2s      -13 counts   -0.04 nA
01:16:47  257.2s       -4 counts   -0.01 nA
01:16:47  257.3s       -9 counts   -0.03 nA
01:16:47  257.3s        6 counts    0.02 nA
01:16:47  257.4s       -5 counts   -0.01 nA
01:16:47  257.5s       12 counts    0.04 nA
01:16:47  257.5s        5 counts    0.02 nA
01:16:47  257.6s      -14 counts   -0.05 nA
01:16:47  257.6s      -18 counts   -0.06 nA
01:16:47  257.7s       -3 counts   -0.01 nA
01:16:47  257.7s       -4 counts   -0.01 nA
01:16:47  257.8s        4 counts    0.01 nA
01:16:47  257.9s        1 counts    0.00 nA
01:16:48  257.9s       -1 counts   -0.00 nA
01:16:48  258.0s        4 counts    0.01 nA
01:16:48  258.0s       -7 counts   -0.02 nA
01:16:48  258.1s        4 counts    0.01 nA
01:16:48  258.1s       -8 counts   -0.03 nA
01:16:48  258.2s        1 counts    0.00 nA
01:16:48  258.3s       -0 counts   -0.00 nA
01:16:48  258.3s      -10 counts   -0.03 nA
01:16:48  258.4s       -3 counts   -0.01 nA
01:16:48  258.4s       -5 counts   -0.01 nA
01:16:48  258.5s        5 counts    0.02 nA
01:16:48  258.5s        3 counts    0.01 nA
01:16:48  258.6s       -8 counts   -0.03 nA
01:16:48  258.6s       -1 counts   -0.00 nA
01:16:48  258.7s      -22 counts   -0.07 nA
01:16:48  258.8s       18 counts    0.06 nA
01:16:48  258.8s      -14 counts   -0.04 nA
01:16:48  258.9s      -24 counts   -0.07 nA
01:16:49  258.9s      -22 counts   -0.07 nA
01:16:49  259.0s       12 counts    0.04 nA
01:16:49  259.0s      -15 counts   -0.05 nA
01:16:49  259.1s      -18 counts   -0.06 nA
01:16:49  259.1s       13 counts    0.04 nA
01:16:49  259.2s      -14 counts   -0.04 nA
01:16:49  259.3s      -14 counts   -0.04 nA
01:16:49  259.3s      -31 counts   -0.10 nA
01:16:49  259.4s      -12 counts   -0.04 nA
01:16:49  259.4s      -19 counts   -0.06 nA
01:16:49  259.5s        6 counts    0.02 nA
01:16:49  259.5s       -2 counts   -0.01 nA
01:16:49  259.6s       -9 counts   -0.03 nA
01:16:49  259.6s      -25 counts   -0.08 nA
01:16:49  259.7s       -7 counts   -0.02 nA
01:16:49  259.8s        5 counts    0.01 nA
01:16:49  259.8s        7 counts    0.02 nA
01:16:49  259.9s       10 counts    0.03 nA
01:16:50  259.9s      -10 counts   -0.03 nA
01:16:50  260.0s      -10 counts   -0.03 nA
01:16:50  260.0s       -1 counts   -0.00 nA
01:16:50  260.1s        9 counts    0.03 nA
01:16:50  260.2s       -2 counts   -0.01 nA
01:16:50  260.2s        1 counts    0.00 nA
01:16:50  260.3s      -12 counts   -0.04 nA
01:16:50  260.3s       13 counts    0.04 nA
01:16:50  260.4s       -6 counts   -0.02 nA
01:16:50  260.4s       -6 counts   -0.02 nA
01:16:50  260.5s       -1 counts   -0.00 nA
01:16:50  260.5s       -7 counts   -0.02 nA
01:16:50  260.6s       -6 counts   -0.02 nA
01:16:50  260.7s        8 counts    0.02 nA
01:16:50  260.7s       19 counts    0.06 nA
01:16:50  260.8s       -3 counts   -0.01 nA
01:16:50  260.8s        4 counts    0.01 nA
01:16:50  260.9s       -5 counts   -0.02 nA
01:16:51  260.9s       -7 counts   -0.02 nA
01:16:51  261.0s      -16 counts   -0.05 nA
01:16:51  261.1s        9 counts    0.03 nA
01:16:51  261.1s        7 counts    0.02 nA
01:16:51  261.2s      -14 counts   -0.04 nA
01:16:51  261.2s      -28 counts   -0.09 nA
01:16:51  261.3s      -11 counts   -0.03 nA
01:16:51  261.3s       -3 counts   -0.01 nA
01:16:51  261.4s      -18 counts   -0.06 nA
01:16:51  261.5s        3 counts    0.01 nA
01:16:51  261.5s      -15 counts   -0.05 nA
01:16:51  261.6s      -10 counts   -0.03 nA
01:16:51  261.6s       -3 counts   -0.01 nA
01:16:51  261.7s        3 counts    0.01 nA
01:16:51  261.7s       -6 counts   -0.02 nA
01:16:51  261.8s       -3 counts   -0.01 nA
01:16:51  261.8s       -2 counts   -0.01 nA
01:16:51  261.9s      -15 counts   -0.05 nA
01:16:52  262.0s      -12 counts   -0.04 nA
01:16:52  262.0s       -8 counts   -0.02 nA
01:16:52  262.1s       -7 counts   -0.02 nA
01:16:52  262.1s      -19 counts   -0.06 nA
01:16:52  262.2s       -3 counts   -0.01 nA
01:16:52  262.2s        2 counts    0.01 nA
01:16:52  262.3s       -4 counts   -0.01 nA
01:16:52  262.3s        4 counts    0.01 nA
01:16:52  262.4s       -5 counts   -0.02 nA
01:16:52  262.5s      -11 counts   -0.03 nA
01:16:52  262.5s        7 counts    0.02 nA
01:16:52  262.6s      -16 counts   -0.05 nA
01:16:52  262.6s        6 counts    0.02 nA
01:16:52  262.7s      -27 counts   -0.09 nA
01:16:52  262.7s        4 counts    0.01 nA
01:16:52  262.8s       -9 counts   -0.03 nA
01:16:52  262.9s      -17 counts   -0.05 nA
01:16:53  262.9s       -7 counts   -0.02 nA
01:16:53  263.0s      -19 counts   -0.06 nA
01:16:53  263.0s       -7 counts   -0.02 nA
01:16:53  263.1s       26 counts    0.08 nA
01:16:53  263.1s       -1 counts   -0.00 nA
01:16:53  263.2s       -5 counts   -0.01 nA
01:16:53  263.2s       -6 counts   -0.02 nA
01:16:53  263.3s        1 counts    0.00 nA
01:16:53  263.3s       -8 counts   -0.03 nA
01:16:53  263.4s      -10 counts   -0.03 nA
01:16:53  263.4s        6 counts    0.02 nA
01:16:53  263.5s       10 counts    0.03 nA
01:16:53  263.6s       -4 counts   -0.01 nA
01:16:53  263.6s       -6 counts   -0.02 nA
01:16:53  263.7s       -5 counts   -0.02 nA
01:16:53  263.7s      -16 counts   -0.05 nA
01:16:53  263.8s       -6 counts   -0.02 nA
01:16:53  263.8s       -6 counts   -0.02 nA
01:16:53  263.9s        4 counts    0.01 nA
01:16:54  263.9s       -2 counts   -0.00 nA
01:16:54  264.0s       -9 counts   -0.03 nA
01:16:54  264.1s      -16 counts   -0.05 nA
01:16:54  264.1s       -2 counts   -0.01 nA
01:16:54  264.2s      -22 counts   -0.07 nA
01:16:54  264.2s       -2 counts   -0.01 nA
01:16:54  264.3s       12 counts    0.04 nA
01:16:54  264.3s        6 counts    0.02 nA
01:16:54  264.4s       -8 counts   -0.03 nA
01:16:54  264.4s       -9 counts   -0.03 nA
01:16:54  264.5s       -2 counts   -0.00 nA
01:16:54  264.6s      -16 counts   -0.05 nA
01:16:54  264.6s      -11 counts   -0.04 nA
01:16:54  264.7s      -12 counts   -0.04 nA
01:16:54  264.7s      -10 counts   -0.03 nA
01:16:54  264.8s      -31 counts   -0.10 nA
01:16:54  264.8s      -18 counts   -0.06 nA
01:16:54  264.9s      -23 counts   -0.07 nA
01:16:55  265.0s        5 counts    0.02 nA
01:16:55  265.0s       12 counts    0.04 nA
01:16:55  265.1s      -16 counts   -0.05 nA
01:16:55  265.1s      -26 counts   -0.08 nA
01:16:55  265.2s       -7 counts   -0.02 nA
01:16:55  265.2s      -14 counts   -0.04 nA
01:16:55  265.3s       -7 counts   -0.02 nA
01:16:55  265.3s       -9 counts   -0.03 nA
01:16:55  265.4s       -6 counts   -0.02 nA
01:16:55  265.5s        7 counts    0.02 nA
01:16:55  265.5s       -4 counts   -0.01 nA
01:16:55  265.6s      -10 counts   -0.03 nA
01:16:55  265.6s        6 counts    0.02 nA
01:16:55  265.7s       13 counts    0.04 nA
01:16:55  265.7s        3 counts    0.01 nA
01:16:55  265.8s      -23 counts   -0.07 nA
01:16:55  265.8s       -1 counts   -0.00 nA
01:16:55  265.9s      -36 counts   -0.11 nA
01:16:56  266.0s      -27 counts   -0.08 nA
01:16:56  266.0s       39 counts    0.12 nA
01:16:56  266.1s      -18 counts   -0.06 nA
01:16:56  266.1s       33 counts    0.10 nA
01:16:56  266.2s       10 counts    0.03 nA
01:16:56  266.2s        5 counts    0.02 nA
01:16:56  266.3s      -45 counts   -0.14 nA
01:16:56  266.4s        3 counts    0.01 nA
01:16:56  266.4s      -20 counts   -0.06 nA
01:16:56  266.5s      -61 counts   -0.19 nA
01:16:56  266.5s        8 counts    0.03 nA
01:16:56  266.6s      -19 counts   -0.06 nA
01:16:56  266.6s        0 counts    0.00 nA
01:16:56  266.7s        8 counts    0.02 nA
01:16:56  266.7s      -24 counts   -0.07 nA
01:16:56  266.8s       24 counts    0.08 nA
01:16:56  266.9s      -37 counts   -0.11 nA
01:16:57  266.9s       10 counts    0.03 nA
01:16:57  267.0s      -24 counts   -0.07 nA
01:16:57  267.0s       -4 counts   -0.01 nA
01:16:57  267.1s        5 counts    0.02 nA
01:16:57  267.1s      -21 counts   -0.07 nA
01:16:57  267.2s        3 counts    0.01 nA
01:16:57  267.2s       10 counts    0.03 nA
01:16:57  267.3s      -30 counts   -0.09 nA
01:16:57  267.4s       19 counts    0.06 nA
01:16:57  267.4s        2 counts    0.01 nA
01:16:57  267.5s      -21 counts   -0.07 nA
01:16:57  267.5s      -18 counts   -0.06 nA
01:16:57  267.6s      -18 counts   -0.06 nA
01:16:57  267.6s      -20 counts   -0.06 nA
01:16:57  267.7s      -11 counts   -0.03 nA
01:16:57  267.7s       -9 counts   -0.03 nA
01:16:57  267.8s       27 counts    0.08 nA
01:16:57  267.9s       -1 counts   -0.00 nA
01:16:58  267.9s       -0 counts   -0.00 nA
01:16:58  268.0s      -27 counts   -0.08 nA
01:16:58  268.0s       -2 counts   -0.01 nA
01:16:58  268.1s        8 counts    0.03 nA
01:16:58  268.1s        8 counts    0.02 nA
01:16:58  268.2s       19 counts    0.06 nA
01:16:58  268.3s       19 counts    0.06 nA
01:16:58  268.3s       26 counts    0.08 nA
01:16:58  268.4s      -42 counts   -0.13 nA
01:16:58  268.4s       21 counts    0.07 nA
01:16:58  268.5s        0 counts    0.00 nA
01:16:58  268.5s        5 counts    0.02 nA
01:16:58  268.6s       13 counts    0.04 nA
01:16:58  268.6s      -27 counts   -0.08 nA
01:16:58  268.7s       10 counts    0.03 nA
01:16:58  268.8s       -7 counts   -0.02 nA
01:16:58  268.8s       19 counts    0.06 nA
01:16:58  268.9s       16 counts    0.05 nA
01:16:59  268.9s       12 counts    0.04 nA
01:16:59  269.0s      -16 counts   -0.05 nA
01:16:59  269.0s      -17 counts   -0.05 nA
01:16:59  269.1s      -13 counts   -0.04 nA
01:16:59  269.1s      -27 counts   -0.09 nA
01:16:59  269.2s       -6 counts   -0.02 nA
01:16:59  269.3s       19 counts    0.06 nA
01:16:59  269.3s        5 counts    0.01 nA
01:16:59  269.4s        9 counts    0.03 nA
01:16:59  269.4s      -59 counts   -0.19 nA
01:16:59  269.5s      -41 counts   -0.13 nA
01:16:59  269.5s       32 counts    0.10 nA
01:16:59  269.6s      -17 counts   -0.05 nA
01:16:59  269.6s       22 counts    0.07 nA
01:16:59  269.7s      -51 counts   -0.16 nA
01:16:59  269.8s      -14 counts   -0.04 nA
01:16:59  269.8s      -39 counts   -0.12 nA
01:16:59  269.9s       -6 counts   -0.02 nA
01:17:00  269.9s       -9 counts   -0.03 nA
01:17:00  270.0s      -41 counts   -0.13 nA
01:17:00  270.0s       27 counts    0.08 nA
01:17:00  270.1s      -13 counts   -0.04 nA
01:17:00  270.2s       -6 counts   -0.02 nA
01:17:00  270.2s        6 counts    0.02 nA
01:17:00  270.3s      -41 counts   -0.13 nA
01:17:00  270.3s      -35 counts   -0.11 nA
01:17:00  270.4s       -8 counts   -0.03 nA
01:17:00  270.4s       39 counts    0.12 nA
01:17:00  270.5s       27 counts    0.09 nA
01:17:00  270.6s       -2 counts   -0.01 nA
01:17:00  270.6s       30 counts    0.09 nA
01:17:00  270.7s      -13 counts   -0.04 nA
01:17:00  270.7s       29 counts    0.09 nA
01:17:00  270.8s       25 counts    0.08 nA
01:17:00  270.8s      -22 counts   -0.07 nA
01:17:00  270.9s       13 counts    0.04 nA
01:17:01  270.9s       37 counts    0.11 nA
01:17:01  271.0s      -17 counts   -0.05 nA
01:17:01  271.1s      -13 counts   -0.04 nA
01:17:01  271.1s       16 counts    0.05 nA
01:17:01  271.2s        9 counts    0.03 nA
01:17:01  271.2s      -15 counts   -0.05 nA
01:17:01  271.3s        9 counts    0.03 nA
01:17:01  271.3s       36 counts    0.11 nA
01:17:01  271.4s      -17 counts   -0.05 nA
01:17:01  271.4s       18 counts    0.06 nA
01:17:01  271.5s       -7 counts   -0.02 nA
01:17:01  271.5s       -3 counts   -0.01 nA
01:17:01  271.6s       -8 counts   -0.03 nA
01:17:01  271.7s      -45 counts   -0.14 nA
01:17:01  271.7s       -1 counts   -0.00 nA
01:17:01  271.8s        7 counts    0.02 nA
01:17:01  271.8s       -5 counts   -0.02 nA
01:17:01  271.9s       -4 counts   -0.01 nA
01:17:02  271.9s        1 counts    0.00 nA
01:17:02  272.0s      -28 counts   -0.09 nA
01:17:02  272.1s      -11 counts   -0.04 nA
01:17:02  272.1s       -6 counts   -0.02 nA
01:17:02  272.2s       -6 counts   -0.02 nA
01:17:02  272.2s        3 counts    0.01 nA
01:17:02  272.3s      -10 counts   -0.03 nA
01:17:02  272.3s      -44 counts   -0.14 nA
01:17:02  272.4s      -28 counts   -0.09 nA
01:17:02  272.4s      -23 counts   -0.07 nA
01:17:02  272.5s      -39 counts   -0.12 nA
01:17:02  272.6s       15 counts    0.05 nA
01:17:02  272.6s       17 counts    0.05 nA
01:17:02  272.7s      -15 counts   -0.05 nA
01:17:02  272.7s       29 counts    0.09 nA
01:17:02  272.8s       10 counts    0.03 nA
01:17:02  272.8s      -18 counts   -0.06 nA
01:17:02  272.9s      -35 counts   -0.11 nA
01:17:03  273.0s       53 counts    0.17 nA
01:17:03  273.0s      -32 counts   -0.10 nA
01:17:03  273.1s        5 counts    0.02 nA
01:17:03  273.1s      -17 counts   -0.05 nA
01:17:03  273.2s      -11 counts   -0.04 nA
01:17:03  273.2s        7 counts    0.02 nA
01:17:03  273.3s      -21 counts   -0.06 nA
01:17:03  273.3s      -10 counts   -0.03 nA
01:17:03  273.4s       41 counts    0.13 nA
01:17:03  273.5s      -25 counts   -0.08 nA
01:17:03  273.5s        0 counts    0.00 nA
01:17:03  273.6s        7 counts    0.02 nA
01:17:03  273.6s       -5 counts   -0.01 nA
01:17:03  273.7s       -6 counts   -0.02 nA
01:17:03  273.7s      -15 counts   -0.05 nA
01:17:03  273.8s       10 counts    0.03 nA
01:17:03  273.9s       -0 counts   -0.00 nA
01:17:04  273.9s        4 counts    0.01 nA
01:17:04  274.0s       -9 counts   -0.03 nA
01:17:04  274.0s        8 counts    0.03 nA
01:17:04  274.1s      -20 counts   -0.06 nA
01:17:04  274.1s       13 counts    0.04 nA
01:17:04  274.2s       11 counts    0.03 nA
01:17:04  274.3s       49 counts    0.15 nA
01:17:04  274.3s        3 counts    0.01 nA
01:17:04  274.4s      -10 counts   -0.03 nA
01:17:04  274.4s      -34 counts   -0.11 nA
01:17:04  274.5s       38 counts    0.12 nA
01:17:04  274.5s       -7 counts   -0.02 nA
01:17:04  274.6s       -4 counts   -0.01 nA
01:17:04  274.6s       -5 counts   -0.02 nA
01:17:04  274.7s      -18 counts   -0.06 nA
01:17:04  274.8s        9 counts    0.03 nA
01:17:04  274.8s        3 counts    0.01 nA
01:17:04  274.9s      -12 counts   -0.04 nA
01:17:05  274.9s       12 counts    0.04 nA
01:17:05  275.0s       -4 counts   -0.01 nA
01:17:05  275.0s        6 counts    0.02 nA
01:17:05  275.1s       -1 counts   -0.00 nA
01:17:05  275.1s      -10 counts   -0.03 nA
01:17:05  275.2s      -17 counts   -0.05 nA
01:17:05  275.3s      -25 counts   -0.08 nA
01:17:05  275.3s      -38 counts   -0.12 nA
01:17:05  275.4s      -12 counts   -0.04 nA
01:17:05  275.4s      -19 counts   -0.06 nA
01:17:05  275.5s      -55 counts   -0.17 nA
01:17:05  275.5s       -3 counts   -0.01 nA
01:17:05  275.6s       28 counts    0.09 nA
01:17:05  275.7s       -8 counts   -0.03 nA
01:17:05  275.7s      -21 counts   -0.07 nA
01:17:05  275.8s       -6 counts   -0.02 nA
01:17:05  275.8s      -43 counts   -0.13 nA
01:17:05  275.9s      -20 counts   -0.06 nA
01:17:06  275.9s       -0 counts   -0.00 nA
01:17:06  276.0s       -1 counts   -0.00 nA
01:17:06  276.0s        5 counts    0.02 nA
01:17:06  276.1s       -7 counts   -0.02 nA
01:17:06  276.2s      -28 counts   -0.09 nA
01:17:06  276.2s      -37 counts   -0.12 nA
01:17:06  276.3s       -6 counts   -0.02 nA
01:17:06  276.3s        4 counts    0.01 nA
01:17:06  276.4s        4 counts    0.01 nA
01:17:06  276.4s      -36 counts   -0.11 nA
01:17:06  276.5s       26 counts    0.08 nA
01:17:06  276.6s       -9 counts   -0.03 nA
01:17:06  276.6s       -8 counts   -0.02 nA
01:17:06  276.7s       22 counts    0.07 nA
01:17:06  276.7s      -54 counts   -0.17 nA
01:17:06  276.8s        8 counts    0.02 nA
01:17:06  276.8s        1 counts    0.00 nA
01:17:06  276.9s      -17 counts   -0.05 nA
01:17:07  276.9s      -41 counts   -0.13 nA
01:17:07  277.0s       21 counts    0.07 nA
01:17:07  277.0s      -16 counts   -0.05 nA
01:17:07  277.1s      -21 counts   -0.07 nA
01:17:07  277.2s      -29 counts   -0.09 nA
01:17:07  277.2s       10 counts    0.03 nA
01:17:07  277.3s        4 counts    0.01 nA
01:17:07  277.3s      -10 counts   -0.03 nA
01:17:07  277.4s        2 counts    0.01 nA
01:17:07  277.4s      -16 counts   -0.05 nA
01:17:07  277.5s        6 counts    0.02 nA
01:17:07  277.6s       12 counts    0.04 nA
01:17:07  277.6s       -9 counts   -0.03 nA
01:17:07  277.7s      -19 counts   -0.06 nA
01:17:07  277.7s      -14 counts   -0.04 nA
01:17:07  277.8s      -11 counts   -0.03 nA
01:17:07  277.9s       -7 counts   -0.02 nA
01:17:08  277.9s      -23 counts   -0.07 nA
01:17:08  278.0s      -46 counts   -0.14 nA
01:17:08  278.0s      -25 counts   -0.08 nA
01:17:08  278.1s      -24 counts   -0.08 nA
01:17:08  278.2s      -22 counts   -0.07 nA
01:17:08  278.2s      -47 counts   -0.15 nA
01:17:08  278.3s      -30 counts   -0.09 nA
01:17:08  278.3s       -6 counts   -0.02 nA
01:17:08  278.4s      -17 counts   -0.05 nA
01:17:08  278.4s       18 counts    0.06 nA
01:17:08  278.5s       -8 counts   -0.03 nA
01:17:08  278.5s      -18 counts   -0.06 nA
01:17:08  278.6s        8 counts    0.02 nA
01:17:08  278.7s       10 counts    0.03 nA
01:17:08  278.7s      -23 counts   -0.07 nA
01:17:08  278.8s        7 counts    0.02 nA
01:17:08  278.8s       -6 counts   -0.02 nA
01:17:08  278.9s        9 counts    0.03 nA
01:17:09  278.9s       -5 counts   -0.02 nA
01:17:09  279.0s       11 counts    0.03 nA
01:17:09  279.0s      -29 counts   -0.09 nA
01:17:09  279.1s        9 counts    0.03 nA
01:17:09  279.2s        5 counts    0.02 nA
01:17:09  279.2s        2 counts    0.01 nA
01:17:09  279.3s      -11 counts   -0.04 nA
01:17:09  279.4s        8 counts    0.02 nA
01:17:09  279.4s        5 counts    0.02 nA
01:17:09  279.5s        6 counts    0.02 nA
01:17:09  279.5s       -4 counts   -0.01 nA
01:17:09  279.6s      -25 counts   -0.08 nA
01:17:09  279.6s      -30 counts   -0.09 nA
01:17:09  279.7s       -1 counts   -0.00 nA
01:17:09  279.7s       19 counts    0.06 nA
01:17:09  279.8s       -5 counts   -0.01 nA
01:17:09  279.9s      -20 counts   -0.06 nA
01:17:10  279.9s       22 counts    0.07 nA
01:17:10  280.0s        2 counts    0.01 nA
01:17:10  280.0s      -12 counts   -0.04 nA
01:17:10  280.1s      -35 counts   -0.11 nA
01:17:10  280.1s      -43 counts   -0.13 nA
01:17:10  280.2s       -1 counts   -0.00 nA
01:17:10  280.3s       -6 counts   -0.02 nA
01:17:10  280.3s      -13 counts   -0.04 nA
01:17:10  280.4s      -14 counts   -0.04 nA
01:17:10  280.4s       -9 counts   -0.03 nA
01:17:10  280.5s        5 counts    0.01 nA
01:17:10  280.5s       17 counts    0.05 nA
01:17:10  280.6s       13 counts    0.04 nA
01:17:10  280.6s        6 counts    0.02 nA
01:17:10  280.7s       -8 counts   -0.03 nA
01:17:10  280.8s      -39 counts   -0.12 nA
01:17:10  280.8s       -7 counts   -0.02 nA
01:17:10  280.9s      -14 counts   -0.04 nA
01:17:11  280.9s       -1 counts   -0.00 nA
01:17:11  281.0s        4 counts    0.01 nA
01:17:11  281.1s      -23 counts   -0.07 nA
01:17:11  281.1s       11 counts    0.03 nA
01:17:11  281.2s       10 counts    0.03 nA
01:17:11  281.2s       -8 counts   -0.03 nA
01:17:11  281.3s      -20 counts   -0.06 nA
01:17:11  281.4s       32 counts    0.10 nA
01:17:11  281.4s      -19 counts   -0.06 nA
01:17:11  281.5s      -15 counts   -0.05 nA
01:17:11  281.5s       15 counts    0.05 nA
01:17:11  281.6s        6 counts    0.02 nA
01:17:11  281.6s      -27 counts   -0.08 nA
01:17:11  281.7s       20 counts    0.06 nA
01:17:11  281.7s      -24 counts   -0.08 nA
01:17:11  281.8s       -8 counts   -0.02 nA
01:17:11  281.9s      -14 counts   -0.04 nA
01:17:12  281.9s      -20 counts   -0.06 nA
01:17:12  282.0s      -19 counts   -0.06 nA
01:17:12  282.0s       -8 counts   -0.02 nA
01:17:12  282.1s       -7 counts   -0.02 nA
01:17:12  282.2s        6 counts    0.02 nA
01:17:12  282.2s       -6 counts   -0.02 nA
01:17:12  282.3s        8 counts    0.02 nA
01:17:12  282.3s        2 counts    0.01 nA
01:17:12  282.4s      -20 counts   -0.06 nA
01:17:12  282.5s       -7 counts   -0.02 nA
01:17:12  282.5s       -8 counts   -0.02 nA
01:17:12  282.6s       -1 counts   -0.00 nA
01:17:12  282.6s       11 counts    0.03 nA
01:17:12  282.7s        4 counts    0.01 nA
01:17:12  282.7s      -21 counts   -0.06 nA
01:17:12  282.8s        8 counts    0.02 nA
01:17:12  282.8s        4 counts    0.01 nA
01:17:12  282.9s      -10 counts   -0.03 nA
01:17:13  283.0s      -44 counts   -0.14 nA
01:17:13  283.0s      -15 counts   -0.05 nA
01:17:13  283.1s      -20 counts   -0.06 nA
01:17:13  283.1s       15 counts    0.05 nA
01:17:13  283.2s        0 counts    0.00 nA
01:17:13  283.3s        0 counts    0.00 nA
01:17:13  283.3s      -10 counts   -0.03 nA
01:17:13  283.4s       -1 counts   -0.00 nA
01:17:13  283.4s      -16 counts   -0.05 nA
01:17:13  283.5s       23 counts    0.07 nA
01:17:13  283.5s       11 counts    0.03 nA
01:17:13  283.6s       24 counts    0.08 nA
01:17:13  283.7s       -6 counts   -0.02 nA
01:17:13  283.7s        4 counts    0.01 nA
01:17:13  283.8s      -22 counts   -0.07 nA
01:17:13  283.8s        8 counts    0.02 nA
01:17:13  283.9s      -21 counts   -0.06 nA
01:17:14  283.9s        1 counts    0.00 nA
01:17:14  284.0s        2 counts    0.01 nA
01:17:14  284.0s       10 counts    0.03 nA
01:17:14  284.1s       -2 counts   -0.01 nA
01:17:14  284.2s        8 counts    0.03 nA
01:17:14  284.2s      -33 counts   -0.10 nA
01:17:14  284.3s       24 counts    0.08 nA
01:17:14  284.3s        4 counts    0.01 nA
01:17:14  284.4s      -29 counts   -0.09 nA
01:17:14  284.4s        5 counts    0.01 nA
01:17:14  284.5s      -12 counts   -0.04 nA
01:17:14  284.6s      -22 counts   -0.07 nA
01:17:14  284.6s        6 counts    0.02 nA
01:17:14  284.7s       -5 counts   -0.01 nA
01:17:14  284.7s       -1 counts   -0.00 nA
01:17:14  284.8s       -2 counts   -0.00 nA
01:17:14  284.8s       -2 counts   -0.01 nA
01:17:14  284.9s        3 counts    0.01 nA
01:17:15  285.0s       -9 counts   -0.03 nA
01:17:15  285.0s        7 counts    0.02 nA
01:17:15  285.1s        5 counts    0.02 nA
01:17:15  285.1s        0 counts    0.00 nA
01:17:15  285.2s       -2 counts   -0.01 nA
01:17:15  285.3s       -6 counts   -0.02 nA
01:17:15  285.3s       -6 counts   -0.02 nA
01:17:15  285.4s        1 counts    0.00 nA
01:17:15  285.4s       -7 counts   -0.02 nA
01:17:15  285.5s       -4 counts   -0.01 nA
01:17:15  285.5s       -5 counts   -0.02 nA
01:17:15  285.6s       -5 counts   -0.01 nA
01:17:15  285.7s        1 counts    0.00 nA
01:17:15  285.7s       -4 counts   -0.01 nA
01:17:15  285.7s       -0 counts   -0.00 nA
01:17:15  285.8s        2 counts    0.01 nA
01:17:15  285.8s        4 counts    0.01 nA
01:17:16  285.9s       -6 counts   -0.02 nA
01:17:16  286.0s       -3 counts   -0.01 nA
01:17:16  286.0s       -0 counts   -0.00 nA
01:17:16  286.1s        8 counts    0.02 nA
01:17:16  286.1s       -3 counts   -0.01 nA
01:17:16  286.2s        2 counts    0.01 nA
01:17:16  286.3s        6 counts    0.02 nA
01:17:16  286.3s        1 counts    0.00 nA
01:17:16  286.4s       -3 counts   -0.01 nA
01:17:16  286.4s        1 counts    0.00 nA
01:17:16  286.5s        0 counts    0.00 nA
01:17:16  286.5s       -7 counts   -0.02 nA
01:17:16  286.6s        7 counts    0.02 nA
01:17:16  286.7s      -13 counts   -0.04 nA
01:17:16  286.7s       -2 counts   -0.01 nA
01:17:16  286.8s       -3 counts   -0.01 nA
01:17:16  286.8s       -2 counts   -0.01 nA
01:17:16  286.9s        0 counts    0.00 nA
01:17:17  286.9s      -11 counts   -0.04 nA
01:17:17  287.0s        1 counts    0.00 nA
01:17:17  287.0s        3 counts    0.01 nA
01:17:17  287.1s       -2 counts   -0.01 nA
01:17:17  287.2s        3 counts    0.01 nA
01:17:17  287.2s      -10 counts   -0.03 nA
01:17:17  287.3s       -5 counts   -0.01 nA
01:17:17  287.3s        1 counts    0.00 nA
01:17:17  287.4s       -3 counts   -0.01 nA
01:17:17  287.4s       -5 counts   -0.02 nA
01:17:17  287.5s       -2 counts   -0.01 nA
01:17:17  287.6s       -4 counts   -0.01 nA
01:17:17  287.6s        3 counts    0.01 nA
01:17:17  287.7s       -8 counts   -0.03 nA
01:17:17  287.7s       -3 counts   -0.01 nA
01:17:17  287.8s       -2 counts   -0.01 nA
01:17:17  287.9s       -8 counts   -0.03 nA
01:17:17  287.9s      -10 counts   -0.03 nA
01:17:18  288.0s       -5 counts   -0.01 nA
01:17:18  288.0s       -1 counts   -0.00 nA
01:17:18  288.1s       -4 counts   -0.01 nA
01:17:18  288.1s       -7 counts   -0.02 nA
01:17:18  288.2s       -8 counts   -0.03 nA
01:17:18  288.3s       -4 counts   -0.01 nA
01:17:18  288.3s       -9 counts   -0.03 nA
01:17:18  288.4s        1 counts    0.00 nA
01:17:18  288.4s       -1 counts   -0.00 nA
01:17:18  288.5s       -2 counts   -0.01 nA
01:17:18  288.6s       -2 counts   -0.01 nA
01:17:18  288.6s       -8 counts   -0.03 nA
01:17:18  288.7s        1 counts    0.00 nA
01:17:18  288.7s       -4 counts   -0.01 nA
01:17:18  288.8s       -2 counts   -0.01 nA
01:17:18  288.8s        0 counts    0.00 nA
01:17:18  288.9s       -5 counts   -0.01 nA
01:17:19  289.0s        1 counts    0.00 nA
01:17:19  289.0s        1 counts    0.00 nA
01:17:19  289.1s       -4 counts   -0.01 nA
01:17:19  289.1s       -9 counts   -0.03 nA
01:17:19  289.2s        3 counts    0.01 nA
01:17:19  289.3s      -12 counts   -0.04 nA
01:17:19  289.3s        3 counts    0.01 nA
01:17:19  289.4s      -10 counts   -0.03 nA
01:17:19  289.4s       -4 counts   -0.01 nA
01:17:19  289.5s        3 counts    0.01 nA
01:17:19  289.5s       -6 counts   -0.02 nA
01:17:19  289.6s       -4 counts   -0.01 nA
01:17:19  289.7s       -8 counts   -0.02 nA
01:17:19  289.7s       -1 counts   -0.00 nA
01:17:19  289.8s       -4 counts   -0.01 nA
01:17:19  289.9s       -8 counts   -0.03 nA
01:17:20  289.9s       -8 counts   -0.02 nA
01:17:20  290.0s       -2 counts   -0.01 nA
01:17:20  290.0s       -7 counts   -0.02 nA
01:17:20  290.1s        1 counts    0.00 nA
01:17:20  290.1s       -3 counts   -0.01 nA
01:17:20  290.2s        1 counts    0.00 nA
01:17:20  290.2s      -11 counts   -0.03 nA
01:17:20  290.3s      -14 counts   -0.04 nA
01:17:20  290.4s       -5 counts   -0.01 nA
01:17:20  290.4s       11 counts    0.03 nA
01:17:20  290.5s       -8 counts   -0.02 nA
01:17:20  290.5s       -2 counts   -0.01 nA
01:17:20  290.6s       -4 counts   -0.01 nA
01:17:20  290.7s       16 counts    0.05 nA
01:17:20  290.7s        0 counts    0.00 nA
01:17:20  290.8s       -2 counts   -0.00 nA
01:17:20  290.8s       -5 counts   -0.02 nA
01:17:20  290.9s      -12 counts   -0.04 nA
01:17:21  290.9s        8 counts    0.03 nA
01:17:21  291.0s       -7 counts   -0.02 nA
01:17:21  291.0s        8 counts    0.03 nA
01:17:21  291.1s       -5 counts   -0.01 nA
01:17:21  291.1s       -8 counts   -0.02 nA
01:17:21  291.2s       11 counts    0.03 nA
01:17:21  291.3s        4 counts    0.01 nA
01:17:21  291.3s      -13 counts   -0.04 nA
01:17:21  291.4s        5 counts    0.02 nA
01:17:21  291.4s       12 counts    0.04 nA
01:17:21  291.5s        4 counts    0.01 nA
01:17:21  291.6s       10 counts    0.03 nA
01:17:21  291.6s      -21 counts   -0.07 nA
01:17:21  291.7s       -7 counts   -0.02 nA
01:17:21  291.7s      -11 counts   -0.03 nA
01:17:21  291.8s        7 counts    0.02 nA
01:17:21  291.8s        1 counts    0.00 nA
01:17:21  291.9s      -14 counts   -0.04 nA
01:17:22  292.0s       -8 counts   -0.02 nA
01:17:22  292.0s       -5 counts   -0.02 nA
01:17:22  292.1s        4 counts    0.01 nA
01:17:22  292.1s       -2 counts   -0.01 nA
01:17:22  292.2s      -19 counts   -0.06 nA
01:17:22  292.2s      -11 counts   -0.03 nA
01:17:22  292.3s       -8 counts   -0.02 nA
01:17:22  292.4s       32 counts    0.10 nA
01:17:22  292.4s      -13 counts   -0.04 nA
01:17:22  292.5s      -16 counts   -0.05 nA
01:17:22  292.5s       21 counts    0.06 nA
01:17:22  292.6s       -3 counts   -0.01 nA
01:17:22  292.7s        6 counts    0.02 nA
01:17:22  292.7s      -14 counts   -0.04 nA
01:17:22  292.8s        5 counts    0.02 nA
01:17:22  292.8s        1 counts    0.00 nA
01:17:22  292.9s        3 counts    0.01 nA
01:17:23  293.0s      -12 counts   -0.04 nA
01:17:23  293.0s        3 counts    0.01 nA
01:17:23  293.1s        7 counts    0.02 nA
01:17:23  293.1s       -1 counts   -0.00 nA
01:17:23  293.2s        9 counts    0.03 nA
01:17:23  293.2s      -15 counts   -0.05 nA
01:17:23  293.3s        8 counts    0.02 nA
01:17:23  293.4s       20 counts    0.06 nA
01:17:23  293.4s      -40 counts   -0.12 nA
01:17:23  293.5s       10 counts    0.03 nA
01:17:23  293.5s       -1 counts   -0.00 nA
01:17:23  293.6s      -26 counts   -0.08 nA
01:17:23  293.6s       -0 counts   -0.00 nA
01:17:23  293.7s       -5 counts   -0.02 nA
01:17:23  293.8s        5 counts    0.01 nA
01:17:23  293.8s       -6 counts   -0.02 nA
01:17:23  293.9s        3 counts    0.01 nA
01:17:24  293.9s       -9 counts   -0.03 nA
01:17:24  294.0s       -8 counts   -0.03 nA
01:17:24  294.0s        3 counts    0.01 nA
01:17:24  294.1s       -4 counts   -0.01 nA
01:17:24  294.1s       -0 counts   -0.00 nA
01:17:24  294.2s       -4 counts   -0.01 nA
01:17:24  294.3s      -19 counts   -0.06 nA
01:17:24  294.3s        2 counts    0.01 nA
01:17:24  294.4s        3 counts    0.01 nA
01:17:24  294.4s       -2 counts   -0.01 nA
01:17:24  294.5s        7 counts    0.02 nA
01:17:24  294.6s       -6 counts   -0.02 nA
01:17:24  294.6s       -5 counts   -0.02 nA
01:17:24  294.7s        5 counts    0.01 nA
01:17:24  294.7s        2 counts    0.01 nA
01:17:24  294.8s      -23 counts   -0.07 nA
01:17:24  294.8s       -0 counts   -0.00 nA
01:17:24  294.9s      -18 counts   -0.06 nA
01:17:25  294.9s       -0 counts   -0.00 nA
01:17:25  295.0s       -6 counts   -0.02 nA
01:17:25  295.1s        1 counts    0.00 nA
01:17:25  295.1s       23 counts    0.07 nA
01:17:25  295.2s      -14 counts   -0.04 nA
01:17:25  295.2s       -7 counts   -0.02 nA
01:17:25  295.3s      -12 counts   -0.04 nA
01:17:25  295.3s      -15 counts   -0.05 nA
01:17:25  295.4s       22 counts    0.07 nA
01:17:25  295.5s      -21 counts   -0.07 nA
01:17:25  295.5s        8 counts    0.03 nA
01:17:25  295.6s        1 counts    0.00 nA
01:17:25  295.6s        3 counts    0.01 nA
01:17:25  295.7s       -5 counts   -0.02 nA
01:17:25  295.7s      -12 counts   -0.04 nA
01:17:25  295.8s       -2 counts   -0.01 nA
01:17:25  295.9s       -1 counts   -0.00 nA
01:17:26  295.9s       -5 counts   -0.02 nA
01:17:26  296.0s       -6 counts   -0.02 nA
01:17:26  296.0s       -4 counts   -0.01 nA
01:17:26  296.1s       -3 counts   -0.01 nA
01:17:26  296.1s       -2 counts   -0.01 nA
01:17:26  296.2s       -6 counts   -0.02 nA
01:17:26  296.2s        6 counts    0.02 nA
01:17:26  296.3s        7 counts    0.02 nA
01:17:26  296.3s       -7 counts   -0.02 nA
01:17:26  296.4s      -11 counts   -0.03 nA
01:17:26  296.4s        3 counts    0.01 nA
01:17:26  296.5s       -4 counts   -0.01 nA
01:17:26  296.6s       -2 counts   -0.01 nA
01:17:26  296.6s      -17 counts   -0.05 nA
01:17:26  296.7s      -10 counts   -0.03 nA
01:17:26  296.7s      -18 counts   -0.06 nA
01:17:26  296.8s        9 counts    0.03 nA
01:17:26  296.8s       -3 counts   -0.01 nA
01:17:26  296.9s      -10 counts   -0.03 nA
01:17:27  296.9s        9 counts    0.03 nA
01:17:27  297.0s       -4 counts   -0.01 nA
01:17:27  297.1s        8 counts    0.02 nA
01:17:27  297.1s        7 counts    0.02 nA
01:17:27  297.2s       -6 counts   -0.02 nA
01:17:27  297.2s       -6 counts   -0.02 nA
01:17:27  297.3s        2 counts    0.01 nA
01:17:27  297.3s       -1 counts   -0.00 nA
01:17:27  297.4s       -9 counts   -0.03 nA
01:17:27  297.4s       -7 counts   -0.02 nA
01:17:27  297.5s       10 counts    0.03 nA
01:17:27  297.5s      -34 counts   -0.11 nA
01:17:27  297.6s       -2 counts   -0.01 nA
01:17:27  297.7s       -1 counts   -0.00 nA
01:17:27  297.7s       13 counts    0.04 nA
01:17:27  297.8s       -0 counts   -0.00 nA
01:17:27  297.9s        4 counts    0.01 nA
01:17:28  297.9s       -8 counts   -0.02 nA
01:17:28  298.0s       -0 counts   -0.00 nA
01:17:28  298.0s        6 counts    0.02 nA
01:17:28  298.1s      -22 counts   -0.07 nA
01:17:28  298.1s       -4 counts   -0.01 nA
01:17:28  298.2s       -1 counts   -0.00 nA
01:17:28  298.2s       25 counts    0.08 nA
01:17:28  298.3s        1 counts    0.00 nA
01:17:28  298.4s       18 counts    0.05 nA
01:17:28  298.4s        0 counts    0.00 nA
01:17:28  298.5s        5 counts    0.01 nA
01:17:28  298.5s       -1 counts   -0.00 nA
01:17:28  298.6s      -16 counts   -0.05 nA
01:17:28  298.6s       -1 counts   -0.00 nA
01:17:28  298.7s       -9 counts   -0.03 nA
01:17:28  298.7s      -13 counts   -0.04 nA
01:17:28  298.8s        2 counts    0.01 nA
01:17:28  298.9s        0 counts    0.00 nA
01:17:29  298.9s        1 counts    0.00 nA
01:17:29  299.0s      -21 counts   -0.06 nA
01:17:29  299.0s       -5 counts   -0.01 nA
01:17:29  299.1s       -8 counts   -0.02 nA
01:17:29  299.2s        0 counts    0.00 nA
01:17:29  299.2s      -14 counts   -0.04 nA
01:17:29  299.3s       -9 counts   -0.03 nA
01:17:29  299.3s       -3 counts   -0.01 nA
01:17:29  299.4s       -3 counts   -0.01 nA
01:17:29  299.4s       -8 counts   -0.02 nA
01:17:29  299.5s      -15 counts   -0.05 nA
01:17:29  299.6s       -6 counts   -0.02 nA
01:17:29  299.6s       -6 counts   -0.02 nA
01:17:29  299.7s       -2 counts   -0.01 nA
01:17:29  299.7s        3 counts    0.01 nA
01:17:29  299.8s        5 counts    0.01 nA
01:17:29  299.9s      -12 counts   -0.04 nA
01:17:30  299.9s        9 counts    0.03 nA
01:17:30  300.0s       13 counts    0.04 nA
01:17:30  300.0s      -15 counts   -0.05 nA
01:17:30  300.1s      -11 counts   -0.04 nA
01:17:30  300.2s        2 counts    0.01 nA
01:17:30  300.2s        9 counts    0.03 nA
01:17:30  300.3s        3 counts    0.01 nA
01:17:30  300.3s        4 counts    0.01 nA
01:17:30  300.4s      -17 counts   -0.05 nA
01:17:30  300.4s       -8 counts   -0.03 nA
01:17:30  300.5s        5 counts    0.02 nA
01:17:30  300.5s      -16 counts   -0.05 nA
01:17:30  300.6s      -12 counts   -0.04 nA
01:17:30  300.7s      -10 counts   -0.03 nA
01:17:30  300.7s       -0 counts   -0.00 nA
01:17:30  300.8s       -3 counts   -0.01 nA
01:17:30  300.8s       -9 counts   -0.03 nA
01:17:30  300.9s       -2 counts   -0.01 nA
01:17:31  300.9s       11 counts    0.04 nA
01:17:31  301.0s      -13 counts   -0.04 nA
01:17:31  301.1s       25 counts    0.08 nA
01:17:31  301.1s       13 counts    0.04 nA
01:17:31  301.2s       22 counts    0.07 nA
01:17:31  301.2s      -13 counts   -0.04 nA
01:17:31  301.3s       -9 counts   -0.03 nA
01:17:31  301.4s        4 counts    0.01 nA
01:17:31  301.4s       -0 counts   -0.00 nA
01:17:31  301.5s       -3 counts   -0.01 nA
01:17:31  301.5s       -1 counts   -0.00 nA
01:17:31  301.6s       -8 counts   -0.02 nA
01:17:31  301.6s       -3 counts   -0.01 nA
01:17:31  301.7s       -1 counts   -0.00 nA
01:17:31  301.7s      -39 counts   -0.12 nA
01:17:31  301.8s       -9 counts   -0.03 nA
01:17:31  301.9s      -36 counts   -0.11 nA
01:17:32  301.9s        6 counts    0.02 nA
01:17:32  302.0s      -12 counts   -0.04 nA
01:17:32  302.0s        1 counts    0.00 nA
01:17:32  302.1s      -22 counts   -0.07 nA
01:17:32  302.2s       -4 counts   -0.01 nA
01:17:32  302.2s        6 counts    0.02 nA
01:17:32  302.3s      -16 counts   -0.05 nA
01:17:32  302.3s      -14 counts   -0.04 nA
01:17:32  302.4s        4 counts    0.01 nA
01:17:32  302.4s       12 counts    0.04 nA
01:17:32  302.5s        1 counts    0.00 nA
01:17:32  302.6s       -8 counts   -0.02 nA
01:17:32  302.6s        8 counts    0.02 nA
01:17:32  302.7s        3 counts    0.01 nA
01:17:32  302.7s       -6 counts   -0.02 nA
01:17:32  302.8s      -14 counts   -0.04 nA
01:17:32  302.8s      -11 counts   -0.03 nA
01:17:32  302.9s       -4 counts   -0.01 nA
01:17:33  302.9s      -18 counts   -0.06 nA
01:17:33  303.0s       -3 counts   -0.01 nA
01:17:33  303.1s      -12 counts   -0.04 nA
01:17:33  303.1s       -9 counts   -0.03 nA
01:17:33  303.2s        4 counts    0.01 nA
01:17:33  303.2s       -0 counts   -0.00 nA
01:17:33  303.3s        6 counts    0.02 nA
01:17:33  303.4s        7 counts    0.02 nA
01:17:33  303.4s      -15 counts   -0.05 nA
01:17:33  303.5s       -3 counts   -0.01 nA
01:17:33  303.5s       -4 counts   -0.01 nA
01:17:33  303.6s       -5 counts   -0.02 nA
01:17:33  303.6s       -3 counts   -0.01 nA
01:17:33  303.7s        3 counts    0.01 nA
01:17:33  303.7s        1 counts    0.00 nA
01:17:33  303.8s       -8 counts   -0.03 nA
01:17:33  303.9s       -6 counts   -0.02 nA
01:17:34  303.9s       -6 counts   -0.02 nA
01:17:34  304.0s       -1 counts   -0.00 nA
01:17:34  304.0s       -2 counts   -0.00 nA
01:17:34  304.1s       -1 counts   -0.00 nA
01:17:34  304.2s      -15 counts   -0.05 nA
01:17:34  304.2s       -8 counts   -0.02 nA
01:17:34  304.3s      -13 counts   -0.04 nA
01:17:34  304.3s       -1 counts   -0.00 nA
01:17:34  304.4s        4 counts    0.01 nA
01:17:34  304.4s        2 counts    0.01 nA
01:17:34  304.5s       -2 counts   -0.01 nA
01:17:34  304.6s        9 counts    0.03 nA
01:17:34  304.6s       -7 counts   -0.02 nA
01:17:34  304.7s       -3 counts   -0.01 nA
01:17:34  304.7s      -14 counts   -0.04 nA
01:17:34  304.8s       -6 counts   -0.02 nA
01:17:34  304.8s       -5 counts   -0.02 nA
01:17:34  304.9s       -5 counts   -0.02 nA
01:17:35  305.0s       -3 counts   -0.01 nA
01:17:35  305.0s        9 counts    0.03 nA
01:17:35  305.1s      -11 counts   -0.03 nA
01:17:35  305.1s       -6 counts   -0.02 nA
01:17:35  305.2s      -10 counts   -0.03 nA
01:17:35  305.3s      -16 counts   -0.05 nA
01:17:35  305.3s       -5 counts   -0.02 nA
01:17:35  305.4s        7 counts    0.02 nA
01:17:35  305.4s       -2 counts   -0.01 nA
01:17:35  305.5s       -3 counts   -0.01 nA
01:17:35  305.6s        1 counts    0.00 nA
01:17:35  305.6s      -23 counts   -0.07 nA
01:17:35  305.7s      -14 counts   -0.04 nA
01:17:35  305.7s       -9 counts   -0.03 nA
01:17:35  305.8s       -4 counts   -0.01 nA
01:17:35  305.8s       -4 counts   -0.01 nA
01:17:35  305.9s      -11 counts   -0.03 nA
01:17:36  305.9s        1 counts    0.00 nA
01:17:36  306.0s      -10 counts   -0.03 nA
01:17:36  306.1s       -6 counts   -0.02 nA
01:17:36  306.1s       -1 counts   -0.00 nA
01:17:36  306.2s       -8 counts   -0.03 nA
01:17:36  306.2s        2 counts    0.01 nA
01:17:36  306.3s       -5 counts   -0.01 nA
01:17:36  306.4s        8 counts    0.02 nA
01:17:36  306.4s       -5 counts   -0.02 nA
01:17:36  306.5s        3 counts    0.01 nA
01:17:36  306.5s      -41 counts   -0.13 nA
01:17:36  306.6s       11 counts    0.03 nA
01:17:36  306.6s       -7 counts   -0.02 nA
01:17:36  306.7s       -5 counts   -0.02 nA
01:17:36  306.7s        5 counts    0.02 nA
01:17:36  306.8s        0 counts    0.00 nA
01:17:36  306.8s      -18 counts   -0.06 nA
01:17:36  306.9s      -22 counts   -0.07 nA
01:17:37  307.0s      -28 counts   -0.09 nA
01:17:37  307.0s      -15 counts   -0.05 nA
01:17:37  307.1s       -7 counts   -0.02 nA
01:17:37  307.2s        0 counts    0.00 nA
01:17:37  307.2s      -10 counts   -0.03 nA
01:17:37  307.2s        3 counts    0.01 nA
01:17:37  307.3s       12 counts    0.04 nA
01:17:37  307.4s       13 counts    0.04 nA
01:17:37  307.4s      -13 counts   -0.04 nA
01:17:37  307.5s        6 counts    0.02 nA
01:17:37  307.5s        2 counts    0.01 nA
01:17:37  307.6s       15 counts    0.05 nA
01:17:37  307.6s        3 counts    0.01 nA
01:17:37  307.7s        3 counts    0.01 nA
01:17:37  307.8s       10 counts    0.03 nA
01:17:37  307.8s      -12 counts   -0.04 nA
01:17:37  307.9s       24 counts    0.07 nA
01:17:38  307.9s      -12 counts   -0.04 nA
01:17:38  308.0s      -10 counts   -0.03 nA
01:17:38  308.0s        7 counts    0.02 nA
01:17:38  308.1s      -19 counts   -0.06 nA
01:17:38  308.1s       -7 counts   -0.02 nA
01:17:38  308.2s      -11 counts   -0.03 nA
01:17:38  308.3s       -1 counts   -0.00 nA
01:17:38  308.3s       -7 counts   -0.02 nA
01:17:38  308.4s       17 counts    0.05 nA
01:17:38  308.4s        6 counts    0.02 nA
01:17:38  308.5s        4 counts    0.01 nA
01:17:38  308.6s        2 counts    0.01 nA
01:17:38  308.6s        4 counts    0.01 nA
01:17:38  308.7s        8 counts    0.03 nA
01:17:38  308.7s        6 counts    0.02 nA
01:17:38  308.8s        2 counts    0.01 nA
01:17:38  308.8s       -2 counts   -0.01 nA
01:17:38  308.9s        5 counts    0.02 nA
01:17:39  308.9s       -2 counts   -0.01 nA
01:17:39  309.0s       -5 counts   -0.02 nA
01:17:39  309.1s      -23 counts   -0.07 nA
01:17:39  309.1s       21 counts    0.07 nA
01:17:39  309.2s       -2 counts   -0.01 nA
01:17:39  309.2s        8 counts    0.03 nA
01:17:39  309.3s      -15 counts   -0.05 nA
01:17:39  309.3s       -2 counts   -0.01 nA
01:17:39  309.4s       19 counts    0.06 nA
01:17:39  309.5s      -40 counts   -0.13 nA
01:17:39  309.5s       -8 counts   -0.03 nA
01:17:39  309.6s      -11 counts   -0.03 nA
01:17:39  309.6s      -12 counts   -0.04 nA
01:17:39  309.7s      -15 counts   -0.05 nA
01:17:39  309.7s       -1 counts   -0.00 nA
01:17:39  309.8s       -8 counts   -0.03 nA
01:17:39  309.9s       -9 counts   -0.03 nA
01:17:40  309.9s      -13 counts   -0.04 nA
01:17:40  310.0s       -8 counts   -0.02 nA
01:17:40  310.0s      -18 counts   -0.06 nA
01:17:40  310.1s       -1 counts   -0.00 nA
01:17:40  310.1s       -4 counts   -0.01 nA
01:17:40  310.2s       -2 counts   -0.00 nA
01:17:40  310.2s      -27 counts   -0.09 nA
01:17:40  310.3s       -2 counts   -0.01 nA
01:17:40  310.4s        9 counts    0.03 nA
01:17:40  310.4s      -16 counts   -0.05 nA
01:17:40  310.5s      -16 counts   -0.05 nA
01:17:40  310.5s      -17 counts   -0.05 nA
01:17:40  310.6s       -7 counts   -0.02 nA
01:17:40  310.6s        9 counts    0.03 nA
01:17:40  310.7s       -6 counts   -0.02 nA
01:17:40  310.8s        0 counts    0.00 nA
01:17:40  310.8s       -3 counts   -0.01 nA
01:17:40  310.9s       -4 counts   -0.01 nA
01:17:41  310.9s      -12 counts   -0.04 nA
01:17:41  311.0s       13 counts    0.04 nA
01:17:41  311.0s       -0 counts   -0.00 nA
01:17:41  311.1s      -16 counts   -0.05 nA
01:17:41  311.1s        1 counts    0.00 nA
01:17:41  311.2s       -0 counts   -0.00 nA
01:17:41  311.3s       -8 counts   -0.03 nA
01:17:41  311.3s       -9 counts   -0.03 nA
01:17:41  311.4s       -3 counts   -0.01 nA
01:17:41  311.4s       -2 counts   -0.01 nA
01:17:41  311.5s        8 counts    0.02 nA
01:17:41  311.6s       -6 counts   -0.02 nA
01:17:41  311.6s       -4 counts   -0.01 nA
01:17:41  311.7s       -5 counts   -0.02 nA
01:17:41  311.7s      -14 counts   -0.04 nA
01:17:41  311.8s       -0 counts   -0.00 nA
01:17:41  311.9s      -12 counts   -0.04 nA
01:17:42  311.9s       -2 counts   -0.01 nA
01:17:42  312.0s       -1 counts   -0.00 nA
01:17:42  312.0s        4 counts    0.01 nA
01:17:42  312.1s        2 counts    0.01 nA
01:17:42  312.1s        1 counts    0.00 nA
01:17:42  312.2s       -5 counts   -0.02 nA
01:17:42  312.2s       -2 counts   -0.01 nA
01:17:42  312.3s       -7 counts   -0.02 nA
01:17:42  312.4s      -11 counts   -0.03 nA
01:17:42  312.4s        3 counts    0.01 nA
01:17:42  312.5s      -10 counts   -0.03 nA
01:17:42  312.5s      -11 counts   -0.03 nA
01:17:42  312.6s      -22 counts   -0.07 nA
01:17:42  312.6s       -2 counts   -0.01 nA
01:17:42  312.7s       -9 counts   -0.03 nA
01:17:42  312.8s      -17 counts   -0.05 nA
01:17:42  312.8s       -3 counts   -0.01 nA
01:17:42  312.9s      -23 counts   -0.07 nA
01:17:43  312.9s        8 counts    0.03 nA
01:17:43  313.0s       -6 counts   -0.02 nA
01:17:43  313.1s      -15 counts   -0.05 nA
01:17:43  313.1s       -4 counts   -0.01 nA
01:17:43  313.2s       -4 counts   -0.01 nA
01:17:43  313.2s       -9 counts   -0.03 nA
01:17:43  313.3s       -3 counts   -0.01 nA
01:17:43  313.3s       -5 counts   -0.01 nA
01:17:43  313.4s      -10 counts   -0.03 nA
01:17:43  313.4s        5 counts    0.02 nA
01:17:43  313.5s       -9 counts   -0.03 nA
01:17:43  313.5s       -8 counts   -0.03 nA
01:17:43  313.6s        4 counts    0.01 nA
01:17:43  313.7s      -11 counts   -0.03 nA
01:17:43  313.7s        3 counts    0.01 nA
01:17:43  313.8s       -9 counts   -0.03 nA
01:17:43  313.8s      -10 counts   -0.03 nA
01:17:43  313.9s       -5 counts   -0.02 nA
01:17:44  313.9s       -3 counts   -0.01 nA
01:17:44  314.0s       -3 counts   -0.01 nA
01:17:44  314.1s       -7 counts   -0.02 nA
01:17:44  314.1s       -3 counts   -0.01 nA
01:17:44  314.2s       -3 counts   -0.01 nA
01:17:44  314.2s       -7 counts   -0.02 nA
01:17:44  314.3s       -1 counts   -0.00 nA
01:17:44  314.3s       -9 counts   -0.03 nA
01:17:44  314.4s       -6 counts   -0.02 nA
01:17:44  314.4s       -4 counts   -0.01 nA
01:17:44  314.5s        7 counts    0.02 nA
01:17:44  314.6s       -8 counts   -0.02 nA
01:17:44  314.6s       -3 counts   -0.01 nA
01:17:44  314.7s       -1 counts   -0.00 nA
01:17:44  314.7s       -2 counts   -0.01 nA
01:17:44  314.8s       -6 counts   -0.02 nA
01:17:44  314.8s        3 counts    0.01 nA
01:17:44  314.9s       -1 counts   -0.00 nA
01:17:45  314.9s        1 counts    0.00 nA
01:17:45  315.0s       -8 counts   -0.03 nA
01:17:45  315.1s        1 counts    0.00 nA
01:17:45  315.1s        7 counts    0.02 nA
01:17:45  315.2s       -4 counts   -0.01 nA
01:17:45  315.2s       -5 counts   -0.02 nA
01:17:45  315.3s       -4 counts   -0.01 nA
01:17:45  315.3s       -7 counts   -0.02 nA
01:17:45  315.4s       -1 counts   -0.00 nA
01:17:45  315.4s       -7 counts   -0.02 nA
01:17:45  315.5s        7 counts    0.02 nA
01:17:45  315.6s       -5 counts   -0.02 nA
01:17:45  315.6s       -4 counts   -0.01 nA
01:17:45  315.7s       -2 counts   -0.01 nA
01:17:45  315.7s      -12 counts   -0.04 nA
01:17:45  315.8s       -5 counts   -0.01 nA
01:17:45  315.8s      -13 counts   -0.04 nA
01:17:45  315.9s      -15 counts   -0.05 nA
01:17:46  316.0s       -3 counts   -0.01 nA
01:17:46  316.0s       -6 counts   -0.02 nA
01:17:46  316.1s       -7 counts   -0.02 nA
01:17:46  316.1s       -1 counts   -0.00 nA
01:17:46  316.2s      -10 counts   -0.03 nA
01:17:46  316.3s       -1 counts   -0.00 nA
01:17:46  316.3s       -8 counts   -0.03 nA
01:17:46  316.4s       -1 counts   -0.00 nA
01:17:46  316.4s        4 counts    0.01 nA
01:17:46  316.5s       -6 counts   -0.02 nA
01:17:46  316.6s       -6 counts   -0.02 nA
01:17:46  316.6s        1 counts    0.00 nA
01:17:46  316.7s       -4 counts   -0.01 nA
01:17:46  316.7s       -9 counts   -0.03 nA
01:17:46  316.8s       -3 counts   -0.01 nA
01:17:46  316.8s      -11 counts   -0.03 nA
01:17:46  316.9s      -11 counts   -0.03 nA
01:17:47  316.9s       -7 counts   -0.02 nA
01:17:47  317.0s       -0 counts   -0.00 nA
01:17:47  317.1s       -1 counts   -0.00 nA
01:17:47  317.1s      -16 counts   -0.05 nA
01:17:47  317.2s       -3 counts   -0.01 nA
01:17:47  317.2s       -2 counts   -0.01 nA
01:17:47  317.3s       -3 counts   -0.01 nA
01:17:47  317.3s       -4 counts   -0.01 nA
01:17:47  317.4s       -3 counts   -0.01 nA
01:17:47  317.5s       -5 counts   -0.02 nA
01:17:47  317.5s       -8 counts   -0.02 nA
01:17:47  317.6s      -10 counts   -0.03 nA
01:17:47  317.6s       -9 counts   -0.03 nA
01:17:47  317.7s       -7 counts   -0.02 nA
01:17:47  317.7s       -6 counts   -0.02 nA
01:17:47  317.8s       -7 counts   -0.02 nA
01:17:47  317.8s      -14 counts   -0.04 nA
01:17:47  317.9s       -4 counts   -0.01 nA
01:17:48  318.0s       -3 counts   -0.01 nA
01:17:48  318.0s       -6 counts   -0.02 nA
01:17:48  318.1s       -2 counts   -0.01 nA
01:17:48  318.1s       -6 counts   -0.02 nA
01:17:48  318.2s       -1 counts   -0.00 nA
01:17:48  318.3s      -15 counts   -0.05 nA
01:17:48  318.3s       -0 counts   -0.00 nA
01:17:48  318.4s       -0 counts   -0.00 nA
01:17:48  318.4s       -9 counts   -0.03 nA
01:17:48  318.5s       -2 counts   -0.01 nA
01:17:48  318.5s       -3 counts   -0.01 nA
01:17:48  318.6s       -1 counts   -0.00 nA
01:17:48  318.7s       -8 counts   -0.03 nA
01:17:48  318.7s        1 counts    0.00 nA
01:17:48  318.8s      -10 counts   -0.03 nA
01:17:48  318.8s       -8 counts   -0.03 nA
01:17:48  318.9s       -0 counts   -0.00 nA
01:17:49  318.9s        5 counts    0.02 nA
01:17:49  319.0s       -9 counts   -0.03 nA
01:17:49  319.0s        3 counts    0.01 nA
01:17:49  319.1s       -6 counts   -0.02 nA
01:17:49  319.2s       -3 counts   -0.01 nA
01:17:49  319.2s       -8 counts   -0.03 nA
01:17:49  319.3s      -10 counts   -0.03 nA
01:17:49  319.3s       -5 counts   -0.02 nA
01:17:49  319.4s      -11 counts   -0.03 nA
01:17:49  319.4s        0 counts    0.00 nA
01:17:49  319.5s       -9 counts   -0.03 nA
01:17:49  319.6s       -8 counts   -0.02 nA
01:17:49  319.6s        3 counts    0.01 nA
01:17:49  319.7s      -11 counts   -0.03 nA
01:17:49  319.7s      -17 counts   -0.05 nA
01:17:49  319.8s       -3 counts   -0.01 nA
01:17:49  319.8s        4 counts    0.01 nA
01:17:49  319.9s      -12 counts   -0.04 nA
01:17:50  319.9s       -9 counts   -0.03 nA
01:17:50  320.0s       -4 counts   -0.01 nA
01:17:50  320.1s      -10 counts   -0.03 nA
01:17:50  320.1s       -8 counts   -0.02 nA
01:17:50  320.2s       -7 counts   -0.02 nA
01:17:50  320.2s        0 counts    0.00 nA
01:17:50  320.3s       -1 counts   -0.00 nA
01:17:50  320.3s       -2 counts   -0.01 nA
01:17:50  320.4s        3 counts    0.01 nA
01:17:50  320.4s        9 counts    0.03 nA
01:17:50  320.5s      -14 counts   -0.04 nA
01:17:50  320.6s        0 counts    0.00 nA
01:17:50  320.6s       -4 counts   -0.01 nA
01:17:50  320.7s       -1 counts   -0.00 nA
01:17:50  320.7s       -9 counts   -0.03 nA
01:17:50  320.8s       -7 counts   -0.02 nA
01:17:50  320.8s       -6 counts   -0.02 nA
01:17:50  320.9s       -3 counts   -0.01 nA
01:17:51  320.9s       -3 counts   -0.01 nA
01:17:51  321.0s      -11 counts   -0.04 nA
01:17:51  321.1s        3 counts    0.01 nA
01:17:51  321.1s        6 counts    0.02 nA
01:17:51  321.2s       -7 counts   -0.02 nA
01:17:51  321.2s       -6 counts   -0.02 nA
01:17:51  321.3s        0 counts    0.00 nA
01:17:51  321.3s        0 counts    0.00 nA
01:17:51  321.4s       -2 counts   -0.01 nA
01:17:51  321.4s       -4 counts   -0.01 nA
01:17:51  321.5s      -12 counts   -0.04 nA
01:17:51  321.6s       -6 counts   -0.02 nA
01:17:51  321.6s       -2 counts   -0.01 nA
01:17:51  321.7s        2 counts    0.01 nA
01:17:51  321.7s       -3 counts   -0.01 nA
01:17:51  321.8s       -3 counts   -0.01 nA
01:17:51  321.8s      -10 counts   -0.03 nA
01:17:51  321.9s      -14 counts   -0.04 nA
01:17:52  322.0s       -7 counts   -0.02 nA
01:17:52  322.0s      -14 counts   -0.04 nA
01:17:52  322.1s        1 counts    0.00 nA
01:17:52  322.1s       -7 counts   -0.02 nA
01:17:52  322.2s       -8 counts   -0.02 nA
01:17:52  322.2s       -2 counts   -0.01 nA
01:17:52  322.3s       -9 counts   -0.03 nA
01:17:52  322.3s       -2 counts   -0.00 nA
01:17:52  322.4s        9 counts    0.03 nA
01:17:52  322.5s       -5 counts   -0.02 nA
01:17:52  322.5s      -10 counts   -0.03 nA
01:17:52  322.6s       -9 counts   -0.03 nA
01:17:52  322.6s       -9 counts   -0.03 nA
01:17:52  322.7s       -5 counts   -0.02 nA
01:17:52  322.7s       -8 counts   -0.02 nA
01:17:52  322.8s      -10 counts   -0.03 nA
01:17:52  322.8s      -11 counts   -0.03 nA
01:17:52  322.9s       -8 counts   -0.03 nA
01:17:53  323.0s      -11 counts   -0.03 nA
01:17:53  323.0s       -3 counts   -0.01 nA
01:17:53  323.1s       -3 counts   -0.01 nA
01:17:53  323.1s        0 counts    0.00 nA
01:17:53  323.2s      -11 counts   -0.03 nA
01:17:53  323.2s      -11 counts   -0.03 nA
01:17:53  323.3s       -7 counts   -0.02 nA
01:17:53  323.4s        1 counts    0.00 nA
01:17:53  323.4s       -8 counts   -0.03 nA
01:17:53  323.5s       -5 counts   -0.02 nA
01:17:53  323.5s      -11 counts   -0.03 nA
01:17:53  323.6s       -4 counts   -0.01 nA
01:17:53  323.6s       -6 counts   -0.02 nA
01:17:53  323.7s       -8 counts   -0.03 nA
01:17:53  323.8s      -17 counts   -0.05 nA
01:17:53  323.8s       -7 counts   -0.02 nA
01:17:53  323.9s       -2 counts   -0.01 nA
01:17:54  323.9s       -1 counts   -0.00 nA
01:17:54  324.0s       -6 counts   -0.02 nA
01:17:54  324.0s      -13 counts   -0.04 nA
01:17:54  324.1s        2 counts    0.01 nA
01:17:54  324.1s       -0 counts   -0.00 nA
01:17:54  324.2s        1 counts    0.00 nA
01:17:54  324.3s       -2 counts   -0.01 nA
01:17:54  324.3s       -8 counts   -0.02 nA
01:17:54  324.4s        1 counts    0.00 nA
01:17:54  324.4s       -1 counts   -0.00 nA
01:17:54  324.5s        0 counts    0.00 nA
01:17:54  324.5s        4 counts    0.01 nA
01:17:54  324.6s       -1 counts   -0.00 nA
01:17:54  324.7s       -3 counts   -0.01 nA
01:17:54  324.7s       -3 counts   -0.01 nA
01:17:54  324.8s       -4 counts   -0.01 nA
01:17:54  324.9s       -5 counts   -0.02 nA
01:17:55  324.9s       -2 counts   -0.01 nA
01:17:55  325.0s       -3 counts   -0.01 nA
01:17:55  325.0s       -6 counts   -0.02 nA
01:17:55  325.1s       -6 counts   -0.02 nA
01:17:55  325.1s      -17 counts   -0.05 nA
01:17:55  325.2s      -15 counts   -0.05 nA
01:17:55  325.3s        6 counts    0.02 nA
01:17:55  325.3s        3 counts    0.01 nA
01:17:55  325.4s       -9 counts   -0.03 nA
01:17:55  325.4s       -4 counts   -0.01 nA
01:17:55  325.5s       -5 counts   -0.01 nA
01:17:55  325.5s       -9 counts   -0.03 nA
01:17:55  325.6s        1 counts    0.00 nA
01:17:55  325.6s       -8 counts   -0.02 nA
01:17:55  325.7s       -6 counts   -0.02 nA
01:17:55  325.8s       -1 counts   -0.00 nA
01:17:55  325.8s       -4 counts   -0.01 nA
01:17:55  325.9s       -4 counts   -0.01 nA
01:17:56  325.9s       -5 counts   -0.02 nA
01:17:56  326.0s       -3 counts   -0.01 nA
01:17:56  326.0s       -1 counts   -0.00 nA
01:17:56  326.1s       -7 counts   -0.02 nA
01:17:56  326.1s       -5 counts   -0.01 nA
01:17:56  326.2s      -11 counts   -0.03 nA
01:17:56  326.3s       -8 counts   -0.03 nA
01:17:56  326.3s       -1 counts   -0.00 nA
01:17:56  326.4s      -11 counts   -0.04 nA
01:17:56  326.4s       -3 counts   -0.01 nA
01:17:56  326.5s       -4 counts   -0.01 nA
01:17:56  326.5s       -6 counts   -0.02 nA
01:17:56  326.6s       -2 counts   -0.01 nA
01:17:56  326.7s       -2 counts   -0.01 nA
01:17:56  326.7s       -6 counts   -0.02 nA
01:17:56  326.8s       -3 counts   -0.01 nA
01:17:56  326.8s       -2 counts   -0.01 nA
01:17:56  326.9s       -6 counts   -0.02 nA
01:17:57  326.9s       -4 counts   -0.01 nA
01:17:57  327.0s       -4 counts   -0.01 nA
01:17:57  327.0s       -2 counts   -0.01 nA
01:17:57  327.1s       -3 counts   -0.01 nA
01:17:57  327.2s        1 counts    0.00 nA
01:17:57  327.2s       -5 counts   -0.01 nA
01:17:57  327.3s       -2 counts   -0.01 nA
01:17:57  327.3s       -5 counts   -0.02 nA
01:17:57  327.4s       -7 counts   -0.02 nA
01:17:57  327.5s       -5 counts   -0.02 nA
01:17:57  327.6s       -2 counts   -0.01 nA
01:17:57  327.6s       -5 counts   -0.02 nA
01:17:57  327.7s       -5 counts   -0.01 nA
01:17:57  327.7s       -4 counts   -0.01 nA
01:17:57  327.8s        1 counts    0.00 nA
01:17:57  327.8s       -4 counts   -0.01 nA
01:17:57  327.9s       -6 counts   -0.02 nA
01:17:58  328.0s       -7 counts   -0.02 nA
01:17:58  328.0s       -6 counts   -0.02 nA
01:17:58  328.1s      -11 counts   -0.03 nA
01:17:58  328.1s       -8 counts   -0.02 nA
01:17:58  328.2s      -12 counts   -0.04 nA
01:17:58  328.2s       -7 counts   -0.02 nA
01:17:58  328.3s       -4 counts   -0.01 nA
01:17:58  328.3s      -14 counts   -0.04 nA
01:17:58  328.4s       -7 counts   -0.02 nA
01:17:58  328.5s      -10 counts   -0.03 nA
01:17:58  328.5s       -4 counts   -0.01 nA
01:17:58  328.6s       -0 counts   -0.00 nA
01:17:58  328.6s       -0 counts   -0.00 nA
01:17:58  328.7s      -11 counts   -0.03 nA
01:17:58  328.7s      -15 counts   -0.05 nA
01:17:58  328.8s       -2 counts   -0.01 nA
01:17:58  328.8s       -0 counts   -0.00 nA
01:17:58  328.9s        2 counts    0.01 nA
01:17:59  329.0s       -9 counts   -0.03 nA
01:17:59  329.0s        4 counts    0.01 nA
01:17:59  329.1s       -6 counts   -0.02 nA
01:17:59  329.1s        0 counts    0.00 nA
01:17:59  329.2s       -8 counts   -0.02 nA
01:17:59  329.2s        0 counts    0.00 nA
01:17:59  329.3s        0 counts    0.00 nA
01:17:59  329.4s       -6 counts   -0.02 nA
01:17:59  329.4s       -4 counts   -0.01 nA
01:17:59  329.5s       -3 counts   -0.01 nA
01:17:59  329.5s       -8 counts   -0.02 nA
01:17:59  329.6s       -3 counts   -0.01 nA
01:17:59  329.6s       -5 counts   -0.02 nA
01:17:59  329.7s        0 counts    0.00 nA
01:17:59  329.7s       -1 counts   -0.00 nA
01:17:59  329.8s       -3 counts   -0.01 nA
01:17:59  329.8s       -2 counts   -0.01 nA
01:17:59  329.9s       -0 counts   -0.00 nA
01:18:00  330.0s       -1 counts   -0.00 nA
01:18:00  330.0s      -11 counts   -0.04 nA
01:18:00  330.1s       -2 counts   -0.01 nA
01:18:00  330.1s        4 counts    0.01 nA
01:18:00  330.2s       -7 counts   -0.02 nA
01:18:00  330.3s       -5 counts   -0.01 nA
01:18:00  330.3s        1 counts    0.00 nA
01:18:00  330.4s       -5 counts   -0.02 nA
01:18:00  330.4s       -2 counts   -0.01 nA
01:18:00  330.5s      -12 counts   -0.04 nA
01:18:00  330.5s       -6 counts   -0.02 nA
01:18:00  330.6s       -3 counts   -0.01 nA
01:18:00  330.7s       -4 counts   -0.01 nA
01:18:00  330.7s       -3 counts   -0.01 nA
01:18:00  330.8s        1 counts    0.00 nA
01:18:00  330.8s       -1 counts   -0.00 nA
01:18:00  330.9s       -7 counts   -0.02 nA
01:18:01  330.9s        0 counts    0.00 nA
01:18:01  331.0s       -3 counts   -0.01 nA
01:18:01  331.1s       -3 counts   -0.01 nA
01:18:01  331.1s       -4 counts   -0.01 nA
01:18:01  331.2s       -4 counts   -0.01 nA
01:18:01  331.2s       -3 counts   -0.01 nA
01:18:01  331.3s       -9 counts   -0.03 nA
01:18:01  331.3s       -5 counts   -0.01 nA
01:18:01  331.4s       -4 counts   -0.01 nA
01:18:01  331.5s       -3 counts   -0.01 nA
01:18:01  331.5s       -5 counts   -0.02 nA
01:18:01  331.6s      -10 counts   -0.03 nA
01:18:01  331.6s       -1 counts   -0.00 nA
01:18:01  331.7s       -7 counts   -0.02 nA
01:18:01  331.8s        1 counts    0.00 nA
01:18:01  331.8s       -8 counts   -0.03 nA
01:18:01  331.9s       -5 counts   -0.01 nA
01:18:02  331.9s       -5 counts   -0.02 nA
01:18:02  332.0s        1 counts    0.00 nA
01:18:02  332.0s       -0 counts   -0.00 nA
01:18:02  332.1s       -2 counts   -0.01 nA
01:18:02  332.2s        4 counts    0.01 nA
01:18:02  332.2s       -5 counts   -0.01 nA
01:18:02  332.3s       11 counts    0.03 nA
01:18:02  332.3s       -4 counts   -0.01 nA
01:18:02  332.4s       -2 counts   -0.01 nA
01:18:02  332.5s      -18 counts   -0.05 nA
01:18:02  332.5s       -4 counts   -0.01 nA
01:18:02  332.6s       -6 counts   -0.02 nA
01:18:02  332.6s      -10 counts   -0.03 nA
01:18:02  332.7s       -4 counts   -0.01 nA
01:18:02  332.8s       -5 counts   -0.01 nA
01:18:02  332.8s      -10 counts   -0.03 nA
01:18:02  332.9s       -3 counts   -0.01 nA
01:18:03  332.9s       -9 counts   -0.03 nA
01:18:03  333.0s       -7 counts   -0.02 nA
01:18:03  333.0s       -7 counts   -0.02 nA
01:18:03  333.1s       -3 counts   -0.01 nA
01:18:03  333.2s       -4 counts   -0.01 nA
01:18:03  333.2s      -11 counts   -0.03 nA
01:18:03  333.3s        2 counts    0.01 nA
01:18:03  333.3s       -8 counts   -0.02 nA
01:18:03  333.4s       -3 counts   -0.01 nA
01:18:03  333.4s      -12 counts   -0.04 nA
01:18:03  333.5s        9 counts    0.03 nA
01:18:03  333.6s       -7 counts   -0.02 nA
01:18:03  333.6s       -4 counts   -0.01 nA
01:18:03  333.7s        6 counts    0.02 nA
01:18:03  333.7s       -6 counts   -0.02 nA
01:18:03  333.8s       -7 counts   -0.02 nA
01:18:03  333.9s      -10 counts   -0.03 nA
01:18:04  333.9s       -3 counts   -0.01 nA
01:18:04  334.0s       -4 counts   -0.01 nA
01:18:04  334.1s      -10 counts   -0.03 nA
01:18:04  334.1s       -9 counts   -0.03 nA
01:18:04  334.2s      -11 counts   -0.03 nA
01:18:04  334.2s       -1 counts   -0.00 nA
01:18:04  334.3s       -2 counts   -0.01 nA
01:18:04  334.3s       -7 counts   -0.02 nA
01:18:04  334.4s      -10 counts   -0.03 nA
01:18:04  334.5s       -6 counts   -0.02 nA
01:18:04  334.5s       -6 counts   -0.02 nA
01:18:04  334.6s       -2 counts   -0.01 nA
01:18:04  334.6s       -0 counts   -0.00 nA
01:18:04  334.7s      -12 counts   -0.04 nA
01:18:04  334.7s       -7 counts   -0.02 nA
01:18:04  334.8s       -7 counts   -0.02 nA
01:18:04  334.9s       -6 counts   -0.02 nA
01:18:05  334.9s       -7 counts   -0.02 nA
01:18:05  335.0s       -4 counts   -0.01 nA
01:18:05  335.0s        0 counts    0.00 nA
01:18:05  335.1s       -3 counts   -0.01 nA
01:18:05  335.1s       -4 counts   -0.01 nA
01:18:05  335.2s      -12 counts   -0.04 nA
01:18:05  335.3s        8 counts    0.02 nA
01:18:05  335.3s       -2 counts   -0.01 nA
01:18:05  335.4s      -10 counts   -0.03 nA
01:18:05  335.4s       -9 counts   -0.03 nA
01:18:05  335.5s        3 counts    0.01 nA
01:18:05  335.5s       -5 counts   -0.02 nA
01:18:05  335.6s       -0 counts   -0.00 nA
01:18:05  335.7s       -8 counts   -0.02 nA
01:18:05  335.7s       -6 counts   -0.02 nA
01:18:05  335.8s       -5 counts   -0.02 nA
01:18:05  335.8s      -10 counts   -0.03 nA
01:18:05  335.9s       -2 counts   -0.01 nA
01:18:06  335.9s       -6 counts   -0.02 nA
01:18:06  336.0s       -6 counts   -0.02 nA
01:18:06  336.1s       -7 counts   -0.02 nA
01:18:06  336.1s       -0 counts   -0.00 nA
01:18:06  336.2s       -6 counts   -0.02 nA
01:18:06  336.2s       -2 counts   -0.00 nA
01:18:06  336.3s      -12 counts   -0.04 nA
01:18:06  336.3s       -2 counts   -0.01 nA
01:18:06  336.4s       -1 counts   -0.00 nA
01:18:06  336.5s       -9 counts   -0.03 nA
01:18:06  336.5s       -2 counts   -0.01 nA
01:18:06  336.6s       -3 counts   -0.01 nA
01:18:06  336.7s       -6 counts   -0.02 nA
01:18:06  336.7s       -7 counts   -0.02 nA
01:18:06  336.8s       -1 counts   -0.00 nA
01:18:06  336.9s        3 counts    0.01 nA
01:18:06  336.9s       -6 counts   -0.02 nA
01:18:07  337.0s       -5 counts   -0.01 nA
01:18:07  337.0s       -5 counts   -0.02 nA
01:18:07  337.1s       -4 counts   -0.01 nA
01:18:07  337.1s       -1 counts   -0.00 nA
01:18:07  337.2s       -0 counts   -0.00 nA
01:18:07  337.3s       -4 counts   -0.01 nA
01:18:07  337.3s       -5 counts   -0.02 nA
01:18:07  337.4s       -4 counts   -0.01 nA
01:18:07  337.4s       -9 counts   -0.03 nA
01:18:07  337.5s       -2 counts   -0.01 nA
01:18:07  337.5s       -8 counts   -0.02 nA
01:18:07  337.6s        3 counts    0.01 nA
01:18:07  337.6s        1 counts    0.00 nA
01:18:07  337.7s       -5 counts   -0.02 nA
01:18:07  337.7s       -7 counts   -0.02 nA
01:18:07  337.8s       -6 counts   -0.02 nA
01:18:07  337.9s       -3 counts   -0.01 nA
01:18:08  337.9s       -4 counts   -0.01 nA
01:18:08  338.0s       -4 counts   -0.01 nA
01:18:08  338.0s       -4 counts   -0.01 nA
01:18:08  338.1s        2 counts    0.01 nA
01:18:08  338.1s      -13 counts   -0.04 nA
01:18:08  338.2s       -9 counts   -0.03 nA
01:18:08  338.3s       -0 counts   -0.00 nA
01:18:08  338.3s      -11 counts   -0.03 nA
01:18:08  338.4s       -6 counts   -0.02 nA
01:18:08  338.4s       -7 counts   -0.02 nA
01:18:08  338.5s       -8 counts   -0.02 nA
01:18:08  338.6s       -4 counts   -0.01 nA
01:18:08  338.6s       -0 counts   -0.00 nA
01:18:08  338.7s       -9 counts   -0.03 nA
01:18:08  338.7s      -16 counts   -0.05 nA
01:18:08  338.8s      -15 counts   -0.05 nA
01:18:08  338.9s       -7 counts   -0.02 nA
01:18:09  338.9s       -6 counts   -0.02 nA
01:18:09  339.0s        4 counts    0.01 nA
01:18:09  339.0s        2 counts    0.01 nA
01:18:09  339.1s       -4 counts   -0.01 nA
01:18:09  339.1s       -8 counts   -0.02 nA
01:18:09  339.2s       -4 counts   -0.01 nA
01:18:09  339.3s        0 counts    0.00 nA
01:18:09  339.3s       -9 counts   -0.03 nA
01:18:09  339.4s       -7 counts   -0.02 nA
01:18:09  339.5s        4 counts    0.01 nA
01:18:09  339.5s       -4 counts   -0.01 nA
01:18:09  339.6s        3 counts    0.01 nA
01:18:09  339.6s       -7 counts   -0.02 nA
01:18:09  339.7s       -3 counts   -0.01 nA
01:18:09  339.7s        4 counts    0.01 nA
01:18:09  339.8s       -7 counts   -0.02 nA
01:18:09  339.9s       -6 counts   -0.02 nA
01:18:10  339.9s       -3 counts   -0.01 nA
01:18:10  340.0s       -7 counts   -0.02 nA
01:18:10  340.0s       -9 counts   -0.03 nA
01:18:10  340.1s       -6 counts   -0.02 nA
01:18:10  340.1s      -10 counts   -0.03 nA
01:18:10  340.2s       -9 counts   -0.03 nA
01:18:10  340.3s      -15 counts   -0.05 nA
01:18:10  340.3s      -11 counts   -0.03 nA
01:18:10  340.4s       -9 counts   -0.03 nA
01:18:10  340.4s       -6 counts   -0.02 nA
01:18:10  340.5s       -7 counts   -0.02 nA
01:18:10  340.5s        0 counts    0.00 nA
01:18:10  340.6s       -1 counts   -0.00 nA
01:18:10  340.7s       -2 counts   -0.01 nA
01:18:10  340.7s      -10 counts   -0.03 nA
01:18:10  340.8s        1 counts    0.00 nA
01:18:10  340.8s       -6 counts   -0.02 nA
01:18:10  340.9s       -6 counts   -0.02 nA
01:18:11  340.9s       -5 counts   -0.02 nA
01:18:11  341.0s       -9 counts   -0.03 nA
01:18:11  341.1s       -8 counts   -0.03 nA
01:18:11  341.1s       -3 counts   -0.01 nA
01:18:11  341.2s       -1 counts   -0.00 nA
01:18:11  341.2s        8 counts    0.03 nA
01:18:11  341.3s       -4 counts   -0.01 nA
01:18:11  341.3s       -3 counts   -0.01 nA
01:18:11  341.4s       -4 counts   -0.01 nA
01:18:11  341.5s       -7 counts   -0.02 nA
01:18:11  341.5s       -4 counts   -0.01 nA
01:18:11  341.6s       -6 counts   -0.02 nA
01:18:11  341.6s       -6 counts   -0.02 nA
01:18:11  341.7s      -12 counts   -0.04 nA
01:18:11  341.7s       -2 counts   -0.01 nA
01:18:11  341.8s       -6 counts   -0.02 nA
01:18:11  341.9s       -2 counts   -0.01 nA
01:18:12  341.9s      -12 counts   -0.04 nA
01:18:12  342.0s       -5 counts   -0.01 nA
01:18:12  342.0s       -8 counts   -0.02 nA
01:18:12  342.1s       -6 counts   -0.02 nA
01:18:12  342.2s        2 counts    0.01 nA
01:18:12  342.2s       -4 counts   -0.01 nA
01:18:12  342.3s      -10 counts   -0.03 nA
01:18:12  342.3s       -1 counts   -0.00 nA
01:18:12  342.4s      -10 counts   -0.03 nA
01:18:12  342.4s      -12 counts   -0.04 nA
01:18:12  342.5s       -1 counts   -0.00 nA
01:18:12  342.6s       -4 counts   -0.01 nA
01:18:12  342.6s       -8 counts   -0.03 nA
01:18:12  342.7s       -4 counts   -0.01 nA
01:18:12  342.7s       -3 counts   -0.01 nA
01:18:12  342.8s       -3 counts   -0.01 nA
01:18:12  342.9s        2 counts    0.01 nA
01:18:13  342.9s       -5 counts   -0.02 nA
01:18:13  343.0s       -6 counts   -0.02 nA
01:18:13  343.0s       -8 counts   -0.02 nA
01:18:13  343.1s       -5 counts   -0.01 nA
01:18:13  343.1s       -9 counts   -0.03 nA
01:18:13  343.2s        0 counts    0.00 nA
01:18:13  343.3s       -3 counts   -0.01 nA
01:18:13  343.3s        8 counts    0.02 nA
01:18:13  343.4s      -10 counts   -0.03 nA
01:18:13  343.4s        0 counts    0.00 nA
01:18:13  343.5s       -1 counts   -0.00 nA
01:18:13  343.5s       -2 counts   -0.00 nA
01:18:13  343.6s       -1 counts   -0.00 nA
01:18:13  343.7s       -4 counts   -0.01 nA
01:18:13  343.7s       -4 counts   -0.01 nA
01:18:13  343.8s        2 counts    0.01 nA
01:18:13  343.8s       -6 counts   -0.02 nA
01:18:13  343.9s       -2 counts   -0.01 nA
01:18:14  343.9s       -6 counts   -0.02 nA
01:18:14  344.0s       -8 counts   -0.03 nA
01:18:14  344.1s       -8 counts   -0.02 nA
01:18:14  344.1s       -6 counts   -0.02 nA
01:18:14  344.2s       -2 counts   -0.01 nA
01:18:14  344.2s       -4 counts   -0.01 nA
01:18:14  344.3s        0 counts    0.00 nA
01:18:14  344.4s       -7 counts   -0.02 nA
01:18:14  344.4s       -4 counts   -0.01 nA
01:18:14  344.5s        3 counts    0.01 nA
01:18:14  344.5s      -11 counts   -0.04 nA
01:18:14  344.6s        0 counts    0.00 nA
01:18:14  344.6s       -7 counts   -0.02 nA
01:18:14  344.7s       -5 counts   -0.02 nA
01:18:14  344.7s        1 counts    0.00 nA
01:18:14  344.8s      -14 counts   -0.04 nA
01:18:14  344.9s       -5 counts   -0.02 nA
01:18:15  344.9s       -8 counts   -0.03 nA
01:18:15  345.0s       -4 counts   -0.01 nA
01:18:15  345.0s       -1 counts   -0.00 nA
01:18:15  345.1s       -1 counts   -0.00 nA
01:18:15  345.1s       -5 counts   -0.02 nA
01:18:15  345.2s       -6 counts   -0.02 nA
01:18:15  345.2s       -7 counts   -0.02 nA
01:18:15  345.3s       -5 counts   -0.02 nA
01:18:15  345.3s       -6 counts   -0.02 nA
01:18:15  345.4s       -7 counts   -0.02 nA
01:18:15  345.5s       -7 counts   -0.02 nA
01:18:15  345.5s       -1 counts   -0.00 nA
01:18:15  345.6s       -3 counts   -0.01 nA
01:18:15  345.6s       -8 counts   -0.02 nA
01:18:15  345.7s       -4 counts   -0.01 nA
01:18:15  345.7s        0 counts    0.00 nA
01:18:15  345.8s       -5 counts   -0.01 nA
01:18:15  345.8s      -11 counts   -0.03 nA
01:18:15  345.9s       -7 counts   -0.02 nA
01:18:16  345.9s       -6 counts   -0.02 nA
01:18:16  346.0s       -5 counts   -0.02 nA
01:18:16  346.0s       -2 counts   -0.00 nA
01:18:16  346.1s       -4 counts   -0.01 nA
01:18:16  346.1s       -2 counts   -0.01 nA
01:18:16  346.2s       -0 counts   -0.00 nA
01:18:16  346.3s       -5 counts   -0.02 nA
01:18:16  346.3s       -0 counts   -0.00 nA
01:18:16  346.4s       -8 counts   -0.02 nA
01:18:16  346.5s       -3 counts   -0.01 nA
01:18:16  346.5s       -6 counts   -0.02 nA
01:18:16  346.6s       -3 counts   -0.01 nA
01:18:16  346.6s       -6 counts   -0.02 nA
01:18:16  346.7s        1 counts    0.00 nA
01:18:16  346.7s       -7 counts   -0.02 nA
01:18:16  346.8s       -2 counts   -0.01 nA
01:18:16  346.9s       -2 counts   -0.01 nA
01:18:16  346.9s       -5 counts   -0.02 nA
01:18:17  347.0s       -7 counts   -0.02 nA
01:18:17  347.0s       -5 counts   -0.02 nA
01:18:17  347.1s       -5 counts   -0.02 nA
01:18:17  347.1s       -9 counts   -0.03 nA
01:18:17  347.2s       -3 counts   -0.01 nA
01:18:17  347.2s        3 counts    0.01 nA
01:18:17  347.3s       -5 counts   -0.01 nA
01:18:17  347.3s       -7 counts   -0.02 nA
01:18:17  347.4s       -9 counts   -0.03 nA
01:18:17  347.4s       -8 counts   -0.03 nA
01:18:17  347.5s       -6 counts   -0.02 nA
01:18:17  347.6s       -5 counts   -0.02 nA
01:18:17  347.6s      -10 counts   -0.03 nA
01:18:17  347.7s       -6 counts   -0.02 nA
01:18:17  347.7s       -4 counts   -0.01 nA
01:18:17  347.8s       -6 counts   -0.02 nA
01:18:17  347.8s       -3 counts   -0.01 nA
01:18:17  347.9s        0 counts    0.00 nA
01:18:18  347.9s       -4 counts   -0.01 nA
01:18:18  348.0s      -10 counts   -0.03 nA
01:18:18  348.0s       -3 counts   -0.01 nA
01:18:18  348.1s      -12 counts   -0.04 nA
01:18:18  348.1s        3 counts    0.01 nA
01:18:18  348.2s       -7 counts   -0.02 nA
01:18:18  348.3s       -1 counts   -0.00 nA
01:18:18  348.3s       -2 counts   -0.01 nA
01:18:18  348.4s       -3 counts   -0.01 nA
01:18:18  348.4s       -3 counts   -0.01 nA
01:18:18  348.5s       -6 counts   -0.02 nA
01:18:18  348.5s       -6 counts   -0.02 nA
01:18:18  348.6s       -6 counts   -0.02 nA
01:18:18  348.6s       -6 counts   -0.02 nA
01:18:18  348.7s        0 counts    0.00 nA
01:18:18  348.7s       -4 counts   -0.01 nA
01:18:18  348.8s       -8 counts   -0.02 nA
01:18:18  348.9s       -0 counts   -0.00 nA
01:18:19  348.9s        7 counts    0.02 nA
01:18:19  349.0s       -3 counts   -0.01 nA
01:18:19  349.0s       -4 counts   -0.01 nA
01:18:19  349.1s        5 counts    0.02 nA
01:18:19  349.1s       -5 counts   -0.02 nA
01:18:19  349.2s       -8 counts   -0.02 nA
01:18:19  349.2s       -8 counts   -0.03 nA
01:18:19  349.3s       -7 counts   -0.02 nA
01:18:19  349.3s       -8 counts   -0.02 nA
01:18:19  349.4s       -8 counts   -0.03 nA
01:18:19  349.5s       -6 counts   -0.02 nA
01:18:19  349.5s      -12 counts   -0.04 nA
01:18:19  349.6s       -4 counts   -0.01 nA
01:18:19  349.6s       -9 counts   -0.03 nA
01:18:19  349.7s       -3 counts   -0.01 nA
01:18:19  349.7s       -1 counts   -0.00 nA
01:18:19  349.8s       -5 counts   -0.01 nA
01:18:19  349.8s      -14 counts   -0.04 nA
01:18:19  349.9s       -5 counts   -0.01 nA
01:18:20  349.9s       -3 counts   -0.01 nA
01:18:20  350.0s       -6 counts   -0.02 nA
01:18:20  350.1s      -11 counts   -0.04 nA
01:18:20  350.1s       -7 counts   -0.02 nA
01:18:20  350.2s       -1 counts   -0.00 nA
01:18:20  350.2s       -6 counts   -0.02 nA
01:18:20  350.3s       -7 counts   -0.02 nA
01:18:20  350.3s        7 counts    0.02 nA
01:18:20  350.4s      -20 counts   -0.06 nA
01:18:20  350.5s        9 counts    0.03 nA
01:18:20  350.5s       -4 counts   -0.01 nA
01:18:20  350.6s       -7 counts   -0.02 nA
01:18:20  350.6s       -5 counts   -0.02 nA
01:18:20  350.7s        1 counts    0.00 nA
01:18:20  350.7s       -9 counts   -0.03 nA
01:18:20  350.8s      -16 counts   -0.05 nA
01:18:20  350.8s      -13 counts   -0.04 nA
01:18:20  350.9s       -5 counts   -0.02 nA
01:18:21  351.0s       -4 counts   -0.01 nA
01:18:21  351.0s        0 counts    0.00 nA
01:18:21  351.1s       -7 counts   -0.02 nA
01:18:21  351.1s       -4 counts   -0.01 nA
01:18:21  351.2s       -3 counts   -0.01 nA
01:18:21  351.2s        2 counts    0.00 nA
01:18:21  351.3s       -8 counts   -0.03 nA
01:18:21  351.3s       -7 counts   -0.02 nA
01:18:21  351.4s      -11 counts   -0.03 nA
01:18:21  351.4s       -4 counts   -0.01 nA
01:18:21  351.5s      -10 counts   -0.03 nA
01:18:21  351.6s      -14 counts   -0.04 nA
01:18:21  351.6s       -4 counts   -0.01 nA
01:18:21  351.7s       -9 counts   -0.03 nA
01:18:21  351.7s       -2 counts   -0.01 nA
01:18:21  351.8s       -1 counts   -0.00 nA
01:18:21  351.8s       -6 counts   -0.02 nA
01:18:21  351.9s       -9 counts   -0.03 nA
01:18:22  352.0s        3 counts    0.01 nA
01:18:22  352.0s      -10 counts   -0.03 nA
01:18:22  352.1s       -4 counts   -0.01 nA
01:18:22  352.1s       -3 counts   -0.01 nA
01:18:22  352.2s      -10 counts   -0.03 nA
01:18:22  352.2s      -11 counts   -0.04 nA
01:18:22  352.3s        1 counts    0.00 nA
01:18:22  352.3s      -10 counts   -0.03 nA
01:18:22  352.4s       -9 counts   -0.03 nA
01:18:22  352.4s        2 counts    0.01 nA
01:18:22  352.5s       -2 counts   -0.00 nA
01:18:22  352.6s        7 counts    0.02 nA
01:18:22  352.6s       -0 counts   -0.00 nA
01:18:22  352.7s       -4 counts   -0.01 nA
01:18:22  352.7s       -8 counts   -0.03 nA
01:18:22  352.8s        2 counts    0.01 nA
01:18:22  352.8s       -4 counts   -0.01 nA
01:18:22  352.9s        8 counts    0.02 nA
01:18:23  352.9s       -4 counts   -0.01 nA
01:18:23  353.0s       -6 counts   -0.02 nA
01:18:23  353.1s       -2 counts   -0.00 nA
01:18:23  353.1s       -2 counts   -0.01 nA
01:18:23  353.2s       -2 counts   -0.01 nA
01:18:23  353.2s       -6 counts   -0.02 nA
01:18:23  353.3s       -7 counts   -0.02 nA
01:18:23  353.3s       -8 counts   -0.02 nA
01:18:23  353.4s       -6 counts   -0.02 nA
01:18:23  353.4s      -12 counts   -0.04 nA
01:18:23  353.5s        0 counts    0.00 nA
01:18:23  353.6s       -4 counts   -0.01 nA
01:18:23  353.6s       -0 counts   -0.00 nA
01:18:23  353.7s        0 counts    0.00 nA
01:18:23  353.7s      -13 counts   -0.04 nA
01:18:23  353.8s      -10 counts   -0.03 nA
01:18:23  353.8s       -4 counts   -0.01 nA
01:18:23  353.9s      -11 counts   -0.03 nA
01:18:24  353.9s       -3 counts   -0.01 nA
01:18:24  354.0s        0 counts    0.00 nA
01:18:24  354.1s       -8 counts   -0.02 nA
01:18:24  354.1s       -7 counts   -0.02 nA
01:18:24  354.2s       -4 counts   -0.01 nA
01:18:24  354.2s       -7 counts   -0.02 nA
01:18:24  354.3s       -1 counts   -0.00 nA
01:18:24  354.3s       -0 counts   -0.00 nA
01:18:24  354.4s       -1 counts   -0.00 nA
01:18:24  354.4s       -8 counts   -0.03 nA
01:18:24  354.5s       -8 counts   -0.03 nA
01:18:24  354.6s       -0 counts   -0.00 nA
01:18:24  354.6s      -10 counts   -0.03 nA
01:18:24  354.7s       -6 counts   -0.02 nA
01:18:24  354.7s       -5 counts   -0.01 nA
01:18:24  354.8s       -7 counts   -0.02 nA
01:18:24  354.8s       -7 counts   -0.02 nA
01:18:24  354.9s       -8 counts   -0.02 nA
01:18:25  354.9s       -6 counts   -0.02 nA
01:18:25  355.0s       -6 counts   -0.02 nA
01:18:25  355.1s       -8 counts   -0.03 nA
01:18:25  355.1s       -2 counts   -0.00 nA
01:18:25  355.2s       -4 counts   -0.01 nA
01:18:25  355.2s       -8 counts   -0.02 nA
01:18:25  355.3s       -2 counts   -0.00 nA
01:18:25  355.3s       -9 counts   -0.03 nA
01:18:25  355.4s      -10 counts   -0.03 nA
01:18:25  355.5s       -5 counts   -0.01 nA
01:18:25  355.5s       -2 counts   -0.01 nA
01:18:25  355.6s      -13 counts   -0.04 nA
01:18:25  355.6s      -11 counts   -0.03 nA
01:18:25  355.7s        2 counts    0.01 nA
01:18:25  355.7s       -9 counts   -0.03 nA
01:18:25  355.8s      -18 counts   -0.06 nA
01:18:25  355.8s       -0 counts   -0.00 nA
01:18:25  355.9s      -12 counts   -0.04 nA
01:18:26  356.0s       -4 counts   -0.01 nA
01:18:26  356.0s        1 counts    0.00 nA
01:18:26  356.1s        1 counts    0.00 nA
01:18:26  356.1s       -3 counts   -0.01 nA
01:18:26  356.2s        4 counts    0.01 nA
01:18:26  356.2s        2 counts    0.01 nA
01:18:26  356.3s       -5 counts   -0.02 nA
01:18:26  356.3s      -15 counts   -0.05 nA
01:18:26  356.4s       -1 counts   -0.00 nA
01:18:26  356.5s       -9 counts   -0.03 nA
01:18:26  356.5s        1 counts    0.00 nA
01:18:26  356.6s       -2 counts   -0.01 nA
01:18:26  356.6s      -10 counts   -0.03 nA
01:18:26  356.7s        4 counts    0.01 nA
01:18:26  356.7s      -10 counts   -0.03 nA
01:18:26  356.8s       -5 counts   -0.02 nA
01:18:26  356.9s      -10 counts   -0.03 nA
01:18:27  356.9s       -4 counts   -0.01 nA
01:18:27  357.0s       -1 counts   -0.00 nA
01:18:27  357.0s      -10 counts   -0.03 nA
01:18:27  357.1s       -4 counts   -0.01 nA
01:18:27  357.1s      -15 counts   -0.05 nA
01:18:27  357.2s        0 counts    0.00 nA
01:18:27  357.3s       -3 counts   -0.01 nA
01:18:27  357.3s        5 counts    0.02 nA
01:18:27  357.4s      -12 counts   -0.04 nA
01:18:27  357.4s        4 counts    0.01 nA
01:18:27  357.5s      -14 counts   -0.05 nA
01:18:27  357.5s       -7 counts   -0.02 nA
01:18:27  357.6s       -7 counts   -0.02 nA
01:18:27  357.6s        2 counts    0.00 nA
01:18:27  357.7s       -8 counts   -0.03 nA
01:18:27  357.8s      -16 counts   -0.05 nA
01:18:27  357.8s        4 counts    0.01 nA
01:18:27  357.9s       10 counts    0.03 nA
01:18:28  357.9s       -4 counts   -0.01 nA
01:18:28  358.0s       -5 counts   -0.01 nA
01:18:28  358.0s        2 counts    0.01 nA
01:18:28  358.1s       -0 counts   -0.00 nA
01:18:28  358.1s       -4 counts   -0.01 nA
01:18:28  358.2s       -2 counts   -0.01 nA
01:18:28  358.2s       -4 counts   -0.01 nA
01:18:28  358.3s       -2 counts   -0.01 nA
01:18:28  358.3s       -1 counts   -0.00 nA
01:18:28  358.4s       -1 counts   -0.00 nA
01:18:28  358.5s       -7 counts   -0.02 nA
01:18:28  358.5s       -4 counts   -0.01 nA
01:18:28  358.6s       -6 counts   -0.02 nA
01:18:28  358.6s        1 counts    0.00 nA
01:18:28  358.7s       -1 counts   -0.00 nA
01:18:28  358.7s      -16 counts   -0.05 nA
01:18:28  358.8s       -6 counts   -0.02 nA
01:18:28  358.8s       -6 counts   -0.02 nA
01:18:28  358.9s        2 counts    0.01 nA
01:18:29  359.0s        3 counts    0.01 nA
01:18:29  359.0s       -2 counts   -0.01 nA
01:18:29  359.1s      -12 counts   -0.04 nA
01:18:29  359.1s       -3 counts   -0.01 nA
01:18:29  359.2s        7 counts    0.02 nA
01:18:29  359.2s      -11 counts   -0.03 nA
01:18:29  359.3s       -1 counts   -0.00 nA
01:18:29  359.3s      -16 counts   -0.05 nA
01:18:29  359.4s       -7 counts   -0.02 nA
01:18:29  359.5s       -5 counts   -0.02 nA
01:18:29  359.5s        0 counts    0.00 nA
01:18:29  359.6s       -9 counts   -0.03 nA
01:18:29  359.6s       -7 counts   -0.02 nA
01:18:29  359.7s       -7 counts   -0.02 nA
01:18:29  359.7s      -17 counts   -0.05 nA
01:18:29  359.8s       -8 counts   -0.03 nA
01:18:29  359.8s        1 counts    0.00 nA
01:18:29  359.9s       -6 counts   -0.02 nA
01:18:30  360.0s       -8 counts   -0.02 nA
01:18:30  360.0s       -3 counts   -0.01 nA
01:18:30  360.1s       -3 counts   -0.01 nA
01:18:30  360.1s        0 counts    0.00 nA
01:18:30  360.2s       -7 counts   -0.02 nA
01:18:30  360.2s       -5 counts   -0.02 nA
01:18:30  360.3s       -4 counts   -0.01 nA
01:18:30  360.3s      -10 counts   -0.03 nA
01:18:30  360.4s        1 counts    0.00 nA
01:18:30  360.4s       -4 counts   -0.01 nA
01:18:30  360.5s       -1 counts   -0.00 nA
01:18:30  360.6s        5 counts    0.01 nA
01:18:30  360.6s       -7 counts   -0.02 nA
01:18:30  360.7s       -2 counts   -0.01 nA
01:18:30  360.7s       -7 counts   -0.02 nA
01:18:30  360.8s       14 counts    0.04 nA
01:18:30  360.8s       -6 counts   -0.02 nA
01:18:30  360.9s       -0 counts   -0.00 nA
01:18:31  360.9s        2 counts    0.01 nA
01:18:31  361.0s        0 counts    0.00 nA
01:18:31  361.1s       -9 counts   -0.03 nA
01:18:31  361.1s        4 counts    0.01 nA
01:18:31  361.2s        7 counts    0.02 nA
01:18:31  361.2s        4 counts    0.01 nA
01:18:31  361.3s        2 counts    0.01 nA
01:18:31  361.3s       -2 counts   -0.01 nA
01:18:31  361.4s      -16 counts   -0.05 nA
01:18:31  361.5s       -9 counts   -0.03 nA
01:18:31  361.5s        4 counts    0.01 nA
01:18:31  361.6s       -5 counts   -0.02 nA
01:18:31  361.6s        0 counts    0.00 nA
01:18:31  361.7s       -1 counts   -0.00 nA
01:18:31  361.7s        0 counts    0.00 nA
01:18:31  361.8s       -5 counts   -0.01 nA
01:18:31  361.8s       -6 counts   -0.02 nA
01:18:32  361.9s       12 counts    0.04 nA
01:18:32  362.0s      -17 counts   -0.05 nA
01:18:32  362.0s       -4 counts   -0.01 nA
01:18:32  362.1s      -14 counts   -0.04 nA
01:18:32  362.1s       19 counts    0.06 nA
01:18:32  362.2s      -22 counts   -0.07 nA
01:18:32  362.2s       20 counts    0.06 nA
01:18:32  362.3s       -3 counts   -0.01 nA
01:18:32  362.4s      -38 counts   -0.12 nA
01:18:32  362.4s       -4 counts   -0.01 nA
01:18:32  362.5s      -53 counts   -0.16 nA
01:18:32  362.5s      -14 counts   -0.04 nA
01:18:32  362.6s       -9 counts   -0.03 nA
01:18:32  362.6s       -5 counts   -0.02 nA
01:18:32  362.7s        6 counts    0.02 nA
01:18:32  362.7s       -0 counts   -0.00 nA
01:18:32  362.8s       -8 counts   -0.03 nA
01:18:32  362.9s       14 counts    0.04 nA
01:18:33  362.9s        7 counts    0.02 nA
01:18:33  363.0s        7 counts    0.02 nA
01:18:33  363.0s      -56 counts   -0.17 nA
01:18:33  363.1s       -8 counts   -0.03 nA
01:18:33  363.1s      -20 counts   -0.06 nA
01:18:33  363.2s       -4 counts   -0.01 nA
01:18:33  363.3s      -19 counts   -0.06 nA
01:18:33  363.3s       -5 counts   -0.01 nA
01:18:33  363.4s      -18 counts   -0.05 nA
01:18:33  363.4s      -17 counts   -0.05 nA
01:18:33  363.5s       -3 counts   -0.01 nA
01:18:33  363.5s       -8 counts   -0.03 nA
01:18:33  363.6s        7 counts    0.02 nA
01:18:33  363.6s        3 counts    0.01 nA
01:18:33  363.7s       27 counts    0.09 nA
01:18:33  363.7s      -37 counts   -0.12 nA
01:18:33  363.8s      -59 counts   -0.18 nA
01:18:33  363.8s       -7 counts   -0.02 nA
01:18:33  363.9s       22 counts    0.07 nA
01:18:34  364.0s       -8 counts   -0.02 nA
01:18:34  364.0s      -15 counts   -0.05 nA
01:18:34  364.1s       23 counts    0.07 nA
01:18:34  364.1s       17 counts    0.05 nA
01:18:34  364.2s       15 counts    0.05 nA
01:18:34  364.2s      -20 counts   -0.06 nA
01:18:34  364.3s        6 counts    0.02 nA
01:18:34  364.4s      -13 counts   -0.04 nA
01:18:34  364.4s        7 counts    0.02 nA
01:18:34  364.5s      -13 counts   -0.04 nA
01:18:34  364.5s      -35 counts   -0.11 nA
01:18:34  364.6s      -19 counts   -0.06 nA
01:18:34  364.6s       -2 counts   -0.01 nA
01:18:34  364.7s       -8 counts   -0.02 nA
01:18:34  364.7s      -15 counts   -0.05 nA
01:18:34  364.8s       10 counts    0.03 nA
01:18:34  364.9s       12 counts    0.04 nA
01:18:35  364.9s        9 counts    0.03 nA
01:18:35  365.0s       -5 counts   -0.02 nA
01:18:35  365.0s      -17 counts   -0.05 nA
01:18:35  365.1s       -5 counts   -0.02 nA
01:18:35  365.1s       -0 counts   -0.00 nA
01:18:35  365.2s       -5 counts   -0.02 nA
01:18:35  365.2s       -3 counts   -0.01 nA
01:18:35  365.3s       -5 counts   -0.01 nA
01:18:35  365.3s      -15 counts   -0.05 nA
01:18:35  365.4s      -15 counts   -0.05 nA
01:18:35  365.4s      -24 counts   -0.08 nA
01:18:35  365.5s       -4 counts   -0.01 nA
01:18:35  365.6s       -6 counts   -0.02 nA
01:18:35  365.6s       -5 counts   -0.01 nA
01:18:35  365.7s        2 counts    0.01 nA
01:18:35  365.7s        6 counts    0.02 nA
01:18:35  365.8s       -7 counts   -0.02 nA
01:18:35  365.8s      -21 counts   -0.07 nA
01:18:35  365.9s      -26 counts   -0.08 nA
01:18:36  366.0s      -36 counts   -0.11 nA
01:18:36  366.0s      -35 counts   -0.11 nA
01:18:36  366.1s        9 counts    0.03 nA
01:18:36  366.1s        7 counts    0.02 nA
01:18:36  366.2s       -5 counts   -0.01 nA
01:18:36  366.2s       17 counts    0.05 nA
01:18:36  366.3s       12 counts    0.04 nA
01:18:36  366.3s      -11 counts   -0.03 nA
01:18:36  366.4s      -26 counts   -0.08 nA
01:18:36  366.5s       -2 counts   -0.00 nA
01:18:36  366.5s       23 counts    0.07 nA
01:18:36  366.6s        3 counts    0.01 nA
01:18:36  366.6s      -14 counts   -0.05 nA
01:18:36  366.7s       -9 counts   -0.03 nA
01:18:36  366.7s      -19 counts   -0.06 nA
01:18:36  366.8s       -3 counts   -0.01 nA
01:18:36  366.8s        8 counts    0.02 nA
01:18:36  366.9s      -24 counts   -0.08 nA
01:18:37  367.0s        4 counts    0.01 nA
01:18:37  367.0s      -18 counts   -0.06 nA
01:18:37  367.1s       -7 counts   -0.02 nA
01:18:37  367.1s       -5 counts   -0.02 nA
01:18:37  367.2s      -10 counts   -0.03 nA
01:18:37  367.2s      -16 counts   -0.05 nA
01:18:37  367.3s       24 counts    0.08 nA
01:18:37  367.4s       -8 counts   -0.03 nA
01:18:37  367.4s       -2 counts   -0.01 nA
01:18:37  367.5s      -15 counts   -0.05 nA
01:18:37  367.5s      -21 counts   -0.07 nA
01:18:37  367.6s        9 counts    0.03 nA
01:18:37  367.6s       -9 counts   -0.03 nA
01:18:37  367.7s      -14 counts   -0.04 nA
01:18:37  367.7s        5 counts    0.02 nA
01:18:37  367.8s      -23 counts   -0.07 nA
01:18:37  367.9s        3 counts    0.01 nA
01:18:38  367.9s        5 counts    0.02 nA
01:18:38  368.0s        3 counts    0.01 nA
01:18:38  368.0s       -9 counts   -0.03 nA
01:18:38  368.1s      -23 counts   -0.07 nA
01:18:38  368.1s       14 counts    0.04 nA
01:18:38  368.2s       -3 counts   -0.01 nA
01:18:38  368.3s        8 counts    0.03 nA
01:18:38  368.3s      -12 counts   -0.04 nA
01:18:38  368.4s      -11 counts   -0.04 nA
01:18:38  368.4s       -9 counts   -0.03 nA
01:18:38  368.5s      -13 counts   -0.04 nA
01:18:38  368.5s      -13 counts   -0.04 nA
01:18:38  368.6s       -4 counts   -0.01 nA
01:18:38  368.7s       -6 counts   -0.02 nA
01:18:38  368.7s        1 counts    0.00 nA
01:18:38  368.8s      -20 counts   -0.06 nA
01:18:38  368.8s      -51 counts   -0.16 nA
01:18:38  368.9s       50 counts    0.15 nA
01:18:39  368.9s       13 counts    0.04 nA
01:18:39  369.0s        2 counts    0.01 nA
01:18:39  369.0s       22 counts    0.07 nA
01:18:39  369.1s       -4 counts   -0.01 nA
01:18:39  369.2s        1 counts    0.00 nA
01:18:39  369.2s       13 counts    0.04 nA
01:18:39  369.3s      -13 counts   -0.04 nA
01:18:39  369.3s       -9 counts   -0.03 nA
01:18:39  369.4s       10 counts    0.03 nA
01:18:39  369.4s        5 counts    0.01 nA
01:18:39  369.5s        1 counts    0.00 nA
01:18:39  369.5s      -10 counts   -0.03 nA
01:18:39  369.6s       -2 counts   -0.01 nA
01:18:39  369.7s      -13 counts   -0.04 nA
01:18:39  369.7s      -18 counts   -0.06 nA
01:18:39  369.8s      -15 counts   -0.05 nA
01:18:39  369.8s       -8 counts   -0.02 nA
01:18:39  369.9s       -6 counts   -0.02 nA
01:18:40  369.9s       -9 counts   -0.03 nA
01:18:40  370.0s       11 counts    0.04 nA
01:18:40  370.1s       -4 counts   -0.01 nA
01:18:40  370.1s       -6 counts   -0.02 nA
01:18:40  370.2s       -1 counts   -0.00 nA
01:18:40  370.2s      -22 counts   -0.07 nA
01:18:40  370.3s      -13 counts   -0.04 nA
01:18:40  370.3s       15 counts    0.05 nA
01:18:40  370.4s      -15 counts   -0.05 nA
01:18:40  370.4s      -16 counts   -0.05 nA
01:18:40  370.5s        6 counts    0.02 nA
01:18:40  370.5s      -12 counts   -0.04 nA
01:18:40  370.6s      -10 counts   -0.03 nA
01:18:40  370.7s        9 counts    0.03 nA
01:18:40  370.7s       10 counts    0.03 nA
01:18:40  370.8s      -31 counts   -0.10 nA
01:18:40  370.8s      -27 counts   -0.08 nA
01:18:40  370.9s       -4 counts   -0.01 nA
01:18:41  370.9s       -7 counts   -0.02 nA
01:18:41  371.0s        8 counts    0.02 nA
01:18:41  371.1s      -14 counts   -0.04 nA
01:18:41  371.1s        9 counts    0.03 nA
01:18:41  371.2s      -21 counts   -0.06 nA
01:18:41  371.2s       -2 counts   -0.01 nA
01:18:41  371.3s      -17 counts   -0.05 nA
01:18:41  371.3s        4 counts    0.01 nA
01:18:41  371.4s       -9 counts   -0.03 nA
01:18:41  371.4s       -2 counts   -0.01 nA
01:18:41  371.5s       13 counts    0.04 nA
01:18:41  371.6s       12 counts    0.04 nA
01:18:41  371.6s       -4 counts   -0.01 nA
01:18:41  371.7s      -11 counts   -0.03 nA
01:18:41  371.7s      -11 counts   -0.04 nA
01:18:41  371.8s        8 counts    0.03 nA
01:18:41  371.8s       -6 counts   -0.02 nA
01:18:41  371.9s       -4 counts   -0.01 nA
01:18:42  372.0s      -12 counts   -0.04 nA
01:18:42  372.0s      -20 counts   -0.06 nA
01:18:42  372.1s       -5 counts   -0.01 nA
01:18:42  372.1s       13 counts    0.04 nA
01:18:42  372.2s        8 counts    0.03 nA
01:18:42  372.2s      -10 counts   -0.03 nA
01:18:42  372.3s       -5 counts   -0.02 nA
01:18:42  372.3s       -9 counts   -0.03 nA
01:18:42  372.4s       -6 counts   -0.02 nA
01:18:42  372.5s        0 counts    0.00 nA
01:18:42  372.5s        6 counts    0.02 nA
01:18:42  372.6s       12 counts    0.04 nA
01:18:42  372.6s      -12 counts   -0.04 nA
01:18:42  372.7s        2 counts    0.01 nA
01:18:42  372.7s        3 counts    0.01 nA
01:18:42  372.8s      -28 counts   -0.09 nA
01:18:42  372.8s      -11 counts   -0.04 nA
01:18:42  372.9s        1 counts    0.00 nA
01:18:43  373.0s        0 counts    0.00 nA
01:18:43  373.0s       21 counts    0.07 nA
01:18:43  373.1s        3 counts    0.01 nA
01:18:43  373.1s      -11 counts   -0.03 nA
01:18:43  373.2s        1 counts    0.00 nA
01:18:43  373.2s       14 counts    0.05 nA
01:18:43  373.3s       -7 counts   -0.02 nA
01:18:43  373.3s      -22 counts   -0.07 nA
01:18:43  373.4s       -5 counts   -0.02 nA
01:18:43  373.4s       -1 counts   -0.00 nA
01:18:43  373.5s       -0 counts   -0.00 nA
01:18:43  373.6s        7 counts    0.02 nA
01:18:43  373.6s      -19 counts   -0.06 nA
01:18:43  373.7s      -22 counts   -0.07 nA
01:18:43  373.7s       -6 counts   -0.02 nA
01:18:43  373.8s      -11 counts   -0.03 nA
01:18:43  373.8s       -2 counts   -0.01 nA
01:18:43  373.9s      -10 counts   -0.03 nA
01:18:44  373.9s       -5 counts   -0.02 nA
01:18:44  374.0s       -1 counts   -0.00 nA
01:18:44  374.0s       -6 counts   -0.02 nA
01:18:44  374.1s      -12 counts   -0.04 nA
01:18:44  374.2s       -6 counts   -0.02 nA
01:18:44  374.2s      -10 counts   -0.03 nA
01:18:44  374.3s        4 counts    0.01 nA
01:18:44  374.3s      -25 counts   -0.08 nA
01:18:44  374.4s       -7 counts   -0.02 nA
01:18:44  374.4s        7 counts    0.02 nA
01:18:44  374.5s       -6 counts   -0.02 nA
01:18:44  374.6s        7 counts    0.02 nA
01:18:44  374.6s      -13 counts   -0.04 nA
01:18:44  374.7s        3 counts    0.01 nA
01:18:44  374.7s       -2 counts   -0.01 nA
01:18:44  374.8s       -4 counts   -0.01 nA
01:18:44  374.8s       -5 counts   -0.02 nA
01:18:44  374.9s       -8 counts   -0.03 nA
01:18:45  374.9s      -11 counts   -0.03 nA
01:18:45  375.0s       -5 counts   -0.02 nA
01:18:45  375.0s      -24 counts   -0.08 nA
01:18:45  375.1s      -14 counts   -0.04 nA
01:18:45  375.1s      -18 counts   -0.06 nA
01:18:45  375.2s       -7 counts   -0.02 nA
01:18:45  375.3s      -11 counts   -0.03 nA
01:18:45  375.3s      -10 counts   -0.03 nA
01:18:45  375.4s      -21 counts   -0.07 nA
01:18:45  375.4s       13 counts    0.04 nA
01:18:45  375.5s       -6 counts   -0.02 nA
01:18:45  375.5s       -4 counts   -0.01 nA
01:18:45  375.6s       -9 counts   -0.03 nA
01:18:45  375.6s      -17 counts   -0.05 nA
01:18:45  375.7s        2 counts    0.01 nA
01:18:45  375.8s      -17 counts   -0.05 nA
01:18:45  375.8s       -5 counts   -0.02 nA
01:18:45  375.9s      -14 counts   -0.04 nA
01:18:46  375.9s       -6 counts   -0.02 nA
01:18:46  376.0s        2 counts    0.01 nA
01:18:46  376.0s        6 counts    0.02 nA
01:18:46  376.1s       -7 counts   -0.02 nA
01:18:46  376.2s      -18 counts   -0.06 nA
01:18:46  376.2s        6 counts    0.02 nA
01:18:46  376.3s       -9 counts   -0.03 nA
01:18:46  376.3s       -1 counts   -0.00 nA
01:18:46  376.4s        2 counts    0.01 nA
01:18:46  376.4s      -20 counts   -0.06 nA
01:18:46  376.5s       -1 counts   -0.00 nA
01:18:46  376.5s      -12 counts   -0.04 nA
01:18:46  376.6s       -4 counts   -0.01 nA
01:18:46  376.7s      -10 counts   -0.03 nA
01:18:46  376.7s       -0 counts   -0.00 nA
01:18:46  376.8s      -14 counts   -0.04 nA
01:18:46  376.8s      -12 counts   -0.04 nA
01:18:46  376.9s       11 counts    0.04 nA
01:18:47  376.9s      -10 counts   -0.03 nA
01:18:47  377.0s       -2 counts   -0.00 nA
01:18:47  377.0s      -16 counts   -0.05 nA
01:18:47  377.1s       -3 counts   -0.01 nA
01:18:47  377.2s        7 counts    0.02 nA
01:18:47  377.2s        6 counts    0.02 nA
01:18:47  377.3s       -6 counts   -0.02 nA
01:18:47  377.3s      -13 counts   -0.04 nA
01:18:47  377.4s        3 counts    0.01 nA
01:18:47  377.4s       12 counts    0.04 nA
01:18:47  377.5s      -14 counts   -0.04 nA
01:18:47  377.5s        7 counts    0.02 nA
01:18:47  377.6s       10 counts    0.03 nA
01:18:47  377.7s       -4 counts   -0.01 nA
01:18:47  377.7s       -5 counts   -0.02 nA
01:18:47  377.8s      -17 counts   -0.05 nA
01:18:47  377.8s       -8 counts   -0.02 nA
01:18:47  377.9s        5 counts    0.02 nA
01:18:48  377.9s       -3 counts   -0.01 nA
01:18:48  378.0s      -12 counts   -0.04 nA
01:18:48  378.0s       -5 counts   -0.01 nA
01:18:48  378.1s      -20 counts   -0.06 nA
01:18:48  378.2s       -6 counts   -0.02 nA
01:18:48  378.2s       -5 counts   -0.01 nA
01:18:48  378.3s       -8 counts   -0.03 nA
01:18:48  378.3s       -3 counts   -0.01 nA
01:18:48  378.4s      -17 counts   -0.05 nA
01:18:48  378.4s      -13 counts   -0.04 nA
01:18:48  378.5s      -14 counts   -0.04 nA
01:18:48  378.6s        6 counts    0.02 nA
01:18:48  378.6s       -5 counts   -0.01 nA
01:18:48  378.7s       -4 counts   -0.01 nA
01:18:48  378.7s      -25 counts   -0.08 nA
01:18:48  378.8s       -3 counts   -0.01 nA
01:18:48  378.8s      -15 counts   -0.05 nA
01:18:48  378.9s        5 counts    0.02 nA
01:18:49  378.9s       -3 counts   -0.01 nA
01:18:49  379.0s        9 counts    0.03 nA
01:18:49  379.1s      -25 counts   -0.08 nA
01:18:49  379.1s       16 counts    0.05 nA
01:18:49  379.2s       -4 counts   -0.01 nA
01:18:49  379.2s       -6 counts   -0.02 nA
01:18:49  379.3s        2 counts    0.01 nA
01:18:49  379.3s       -4 counts   -0.01 nA
01:18:49  379.4s       19 counts    0.06 nA
01:18:49  379.4s       -4 counts   -0.01 nA
01:18:49  379.5s        3 counts    0.01 nA
01:18:49  379.5s       16 counts    0.05 nA
01:18:49  379.6s       -2 counts   -0.01 nA
01:18:49  379.7s       10 counts    0.03 nA
01:18:49  379.7s       -4 counts   -0.01 nA
01:18:49  379.8s      -19 counts   -0.06 nA
01:18:49  379.8s       -5 counts   -0.02 nA
01:18:49  379.9s      -12 counts   -0.04 nA
01:18:50  379.9s      -20 counts   -0.06 nA
01:18:50  380.0s       -6 counts   -0.02 nA
01:18:50  380.1s       -4 counts   -0.01 nA
01:18:50  380.1s        7 counts    0.02 nA
01:18:50  380.2s       15 counts    0.05 nA
01:18:50  380.2s      -13 counts   -0.04 nA
01:18:50  380.3s        2 counts    0.01 nA
01:18:50  380.3s      -35 counts   -0.11 nA
01:18:50  380.4s      -27 counts   -0.09 nA
01:18:50  380.4s      -29 counts   -0.09 nA
01:18:50  380.5s       -0 counts   -0.00 nA
01:18:50  380.6s       12 counts    0.04 nA
01:18:50  380.6s        1 counts    0.00 nA
01:18:50  380.7s       -9 counts   -0.03 nA
01:18:50  380.7s       16 counts    0.05 nA
01:18:50  380.8s        6 counts    0.02 nA
01:18:50  380.8s       -3 counts   -0.01 nA
01:18:50  380.9s      -21 counts   -0.07 nA
01:18:51  381.0s        6 counts    0.02 nA
01:18:51  381.0s       -1 counts   -0.00 nA
01:18:51  381.1s       11 counts    0.04 nA
01:18:51  381.1s      -23 counts   -0.07 nA
01:18:51  381.2s      -11 counts   -0.03 nA
01:18:51  381.2s        3 counts    0.01 nA
01:18:51  381.3s      -17 counts   -0.05 nA
01:18:51  381.4s      -11 counts   -0.04 nA
01:18:51  381.4s      -11 counts   -0.03 nA
01:18:51  381.5s       -2 counts   -0.01 nA
01:18:51  381.5s      -20 counts   -0.06 nA
01:18:51  381.6s       -4 counts   -0.01 nA
01:18:51  381.6s       -1 counts   -0.00 nA
01:18:51  381.7s      -10 counts   -0.03 nA
01:18:51  381.7s       -8 counts   -0.02 nA
01:18:51  381.8s      -32 counts   -0.10 nA
01:18:51  381.9s       -1 counts   -0.00 nA
01:18:52  381.9s       -3 counts   -0.01 nA
01:18:52  382.0s       15 counts    0.05 nA
01:18:52  382.0s      -25 counts   -0.08 nA
01:18:52  382.1s       -3 counts   -0.01 nA
01:18:52  382.1s       -8 counts   -0.03 nA
01:18:52  382.2s       -7 counts   -0.02 nA
01:18:52  382.3s       -1 counts   -0.00 nA
01:18:52  382.3s       -2 counts   -0.01 nA
01:18:52  382.4s        2 counts    0.00 nA
01:18:52  382.4s      -11 counts   -0.03 nA
01:18:52  382.5s        3 counts    0.01 nA
01:18:52  382.5s       -3 counts   -0.01 nA
01:18:52  382.6s       13 counts    0.04 nA
01:18:52  382.6s      -20 counts   -0.06 nA
01:18:52  382.7s      -10 counts   -0.03 nA
01:18:52  382.8s       -4 counts   -0.01 nA
01:18:52  382.8s       -5 counts   -0.02 nA
01:18:52  382.9s        8 counts    0.03 nA
01:18:53  382.9s        6 counts    0.02 nA
01:18:53  383.0s       11 counts    0.03 nA
01:18:53  383.0s      -11 counts   -0.03 nA
01:18:53  383.1s       -3 counts   -0.01 nA
01:18:53  383.2s       -2 counts   -0.01 nA
01:18:53  383.2s       -3 counts   -0.01 nA
01:18:53  383.3s       -2 counts   -0.01 nA
01:18:53  383.3s      -10 counts   -0.03 nA
01:18:53  383.4s       -9 counts   -0.03 nA
01:18:53  383.4s       -3 counts   -0.01 nA
01:18:53  383.5s        7 counts    0.02 nA
01:18:53  383.6s      -12 counts   -0.04 nA
01:18:53  383.6s      -12 counts   -0.04 nA
01:18:53  383.7s      -14 counts   -0.04 nA
01:18:53  383.7s      -11 counts   -0.03 nA
01:18:53  383.8s      -11 counts   -0.03 nA
01:18:53  383.8s      -33 counts   -0.10 nA
01:18:53  383.9s        8 counts    0.03 nA
01:18:54  384.0s       -2 counts   -0.01 nA
01:18:54  384.0s        2 counts    0.01 nA
01:18:54  384.1s      -10 counts   -0.03 nA
01:18:54  384.1s      -14 counts   -0.04 nA
01:18:54  384.2s       20 counts    0.06 nA
01:18:54  384.2s      -18 counts   -0.06 nA
01:18:54  384.3s        5 counts    0.01 nA
01:18:54  384.3s      -11 counts   -0.03 nA
01:18:54  384.4s       -4 counts   -0.01 nA
01:18:54  384.5s      -18 counts   -0.05 nA
01:18:54  384.5s       -9 counts   -0.03 nA
01:18:54  384.6s      -17 counts   -0.05 nA
01:18:54  384.6s        1 counts    0.00 nA
01:18:54  384.7s      -17 counts   -0.05 nA
01:18:54  384.7s       -1 counts   -0.00 nA
01:18:54  384.8s        8 counts    0.03 nA
01:18:54  384.9s      -24 counts   -0.08 nA
01:18:55  384.9s        3 counts    0.01 nA
01:18:55  385.0s      -17 counts   -0.05 nA
01:18:55  385.0s      -15 counts   -0.05 nA
01:18:55  385.1s        3 counts    0.01 nA
01:18:55  385.1s       -4 counts   -0.01 nA
01:18:55  385.2s      -18 counts   -0.05 nA
01:18:55  385.3s      -28 counts   -0.09 nA
01:18:55  385.3s        0 counts    0.00 nA
01:18:55  385.4s        4 counts    0.01 nA
01:18:55  385.4s       -9 counts   -0.03 nA
01:18:55  385.5s      -19 counts   -0.06 nA
01:18:55  385.5s      -11 counts   -0.03 nA
01:18:55  385.6s       -4 counts   -0.01 nA
01:18:55  385.7s       -2 counts   -0.01 nA
01:18:55  385.7s        6 counts    0.02 nA
01:18:55  385.8s        9 counts    0.03 nA
01:18:55  385.8s       -1 counts   -0.00 nA
01:18:55  385.9s       -1 counts   -0.00 nA
01:18:56  385.9s      -17 counts   -0.05 nA
01:18:56  386.0s       10 counts    0.03 nA
01:18:56  386.0s       -3 counts   -0.01 nA
01:18:56  386.1s       -1 counts   -0.00 nA
01:18:56  386.2s       -1 counts   -0.00 nA
01:18:56  386.2s      -13 counts   -0.04 nA
01:18:56  386.3s      -12 counts   -0.04 nA
01:18:56  386.3s      -23 counts   -0.07 nA
01:18:56  386.4s       -8 counts   -0.03 nA
01:18:56  386.4s       -9 counts   -0.03 nA
01:18:56  386.5s      -10 counts   -0.03 nA
01:18:56  386.5s       -7 counts   -0.02 nA
01:18:56  386.6s      -12 counts   -0.04 nA
01:18:56  386.7s        7 counts    0.02 nA
01:18:56  386.7s       -1 counts   -0.00 nA
01:18:56  386.8s       -8 counts   -0.02 nA
01:18:56  386.8s        6 counts    0.02 nA
01:18:56  386.9s       -4 counts   -0.01 nA
01:18:57  387.0s      -11 counts   -0.03 nA
01:18:57  387.0s        8 counts    0.03 nA
01:18:57  387.1s       -0 counts   -0.00 nA
01:18:57  387.1s      -22 counts   -0.07 nA
01:18:57  387.2s       -5 counts   -0.02 nA
01:18:57  387.3s      -13 counts   -0.04 nA
01:18:57  387.3s       -2 counts   -0.01 nA
01:18:57  387.4s       -4 counts   -0.01 nA
01:18:57  387.4s      -10 counts   -0.03 nA
01:18:57  387.5s        5 counts    0.01 nA
01:18:57  387.5s        2 counts    0.01 nA
01:18:57  387.6s       -8 counts   -0.03 nA
01:18:57  387.6s       -7 counts   -0.02 nA
01:18:57  387.7s       -8 counts   -0.02 nA
01:18:57  387.7s      -10 counts   -0.03 nA
01:18:57  387.8s       -6 counts   -0.02 nA
01:18:57  387.8s       -5 counts   -0.02 nA
01:18:58  387.9s       -6 counts   -0.02 nA
01:18:58  388.0s       -9 counts   -0.03 nA
01:18:58  388.0s      -10 counts   -0.03 nA
01:18:58  388.1s       -3 counts   -0.01 nA
01:18:58  388.2s       -3 counts   -0.01 nA
01:18:58  388.2s       -4 counts   -0.01 nA
01:18:58  388.3s       -1 counts   -0.00 nA
01:18:58  388.3s      -11 counts   -0.03 nA
01:18:58  388.4s        4 counts    0.01 nA
01:18:58  388.4s       -4 counts   -0.01 nA
01:18:58  388.5s       -7 counts   -0.02 nA
01:18:58  388.6s       -5 counts   -0.02 nA
01:18:58  388.6s       -2 counts   -0.01 nA
01:18:58  388.7s       -5 counts   -0.01 nA
01:18:58  388.7s       -1 counts   -0.00 nA
01:18:58  388.8s       -5 counts   -0.01 nA
01:18:58  388.8s       -6 counts   -0.02 nA
01:18:58  388.9s       -5 counts   -0.02 nA
01:18:59  389.0s       -8 counts   -0.03 nA
01:18:59  389.0s       -9 counts   -0.03 nA
01:18:59  389.1s      -10 counts   -0.03 nA
01:18:59  389.1s       -6 counts   -0.02 nA
01:18:59  389.2s        2 counts    0.01 nA
01:18:59  389.2s       -1 counts   -0.00 nA
01:18:59  389.3s       -2 counts   -0.01 nA
01:18:59  389.4s      -10 counts   -0.03 nA
01:18:59  389.4s       -3 counts   -0.01 nA
01:18:59  389.5s       -1 counts   -0.00 nA
01:18:59  389.5s       -5 counts   -0.01 nA
01:18:59  389.6s        1 counts    0.00 nA
01:18:59  389.6s       -7 counts   -0.02 nA
01:18:59  389.7s       -2 counts   -0.01 nA
01:18:59  389.7s       -7 counts   -0.02 nA
01:18:59  389.8s       -8 counts   -0.03 nA
01:18:59  389.9s       -8 counts   -0.03 nA
01:19:00  389.9s        1 counts    0.00 nA
01:19:00  390.0s       -7 counts   -0.02 nA
01:19:00  390.0s       -7 counts   -0.02 nA
01:19:00  390.1s        1 counts    0.00 nA
01:19:00  390.1s      -10 counts   -0.03 nA
01:19:00  390.2s       -3 counts   -0.01 nA
01:19:00  390.3s        4 counts    0.01 nA
01:19:00  390.3s       -4 counts   -0.01 nA
01:19:00  390.4s        0 counts    0.00 nA
01:19:00  390.4s        3 counts    0.01 nA
01:19:00  390.5s       -3 counts   -0.01 nA
01:19:00  390.6s        3 counts    0.01 nA
01:19:00  390.6s        4 counts    0.01 nA
01:19:00  390.6s       -2 counts   -0.01 nA
01:19:00  390.7s      -10 counts   -0.03 nA
01:19:00  390.8s       -2 counts   -0.00 nA
01:19:00  390.8s      -10 counts   -0.03 nA
01:19:00  390.9s       -7 counts   -0.02 nA
01:19:01  390.9s      -15 counts   -0.05 nA
01:19:01  391.0s       -1 counts   -0.00 nA
01:19:01  391.1s       -3 counts   -0.01 nA
01:19:01  391.1s        1 counts    0.00 nA
01:19:01  391.2s       -7 counts   -0.02 nA
01:19:01  391.2s      -12 counts   -0.04 nA
01:19:01  391.3s        2 counts    0.01 nA
01:19:01  391.4s       -2 counts   -0.01 nA
01:19:01  391.4s       -3 counts   -0.01 nA
01:19:01  391.5s       -6 counts   -0.02 nA
01:19:01  391.5s       -0 counts   -0.00 nA
01:19:01  391.6s       -4 counts   -0.01 nA
01:19:01  391.7s       -4 counts   -0.01 nA
01:19:01  391.7s       -1 counts   -0.00 nA
01:19:01  391.7s       -1 counts   -0.00 nA
01:19:01  391.8s      -12 counts   -0.04 nA
01:19:01  391.9s       -1 counts   -0.00 nA
01:19:02  391.9s       -9 counts   -0.03 nA
01:19:02  392.0s       -3 counts   -0.01 nA
01:19:02  392.0s       -3 counts   -0.01 nA
01:19:02  392.1s       -5 counts   -0.02 nA
01:19:02  392.2s       -1 counts   -0.00 nA
01:19:02  392.2s       -7 counts   -0.02 nA
01:19:02  392.3s       -1 counts   -0.00 nA
01:19:02  392.3s       -7 counts   -0.02 nA
01:19:02  392.4s       -1 counts   -0.00 nA
01:19:02  392.5s       -2 counts   -0.01 nA
01:19:02  392.5s       -2 counts   -0.01 nA
01:19:02  392.6s        0 counts    0.00 nA
01:19:02  392.6s       -9 counts   -0.03 nA
01:19:02  392.7s       -8 counts   -0.03 nA
01:19:02  392.7s       -0 counts   -0.00 nA
01:19:02  392.8s       -6 counts   -0.02 nA
01:19:02  392.9s        1 counts    0.00 nA
01:19:03  392.9s       -4 counts   -0.01 nA
01:19:03  393.0s        1 counts    0.00 nA
01:19:03  393.0s       -3 counts   -0.01 nA
01:19:03  393.1s        0 counts    0.00 nA
01:19:03  393.2s      -12 counts   -0.04 nA
01:19:03  393.2s       -0 counts   -0.00 nA
01:19:03  393.3s       -4 counts   -0.01 nA
01:19:03  393.3s       -4 counts   -0.01 nA
01:19:03  393.4s       -2 counts   -0.01 nA
01:19:03  393.5s       -5 counts   -0.02 nA
01:19:03  393.5s       -5 counts   -0.02 nA
01:19:03  393.6s       -3 counts   -0.01 nA
01:19:03  393.6s       -4 counts   -0.01 nA
01:19:03  393.7s       -5 counts   -0.02 nA
01:19:03  393.8s       -6 counts   -0.02 nA
01:19:03  393.8s       -1 counts   -0.00 nA
01:19:03  393.9s      -10 counts   -0.03 nA
01:19:04  393.9s       -9 counts   -0.03 nA
01:19:04  394.0s       -1 counts   -0.00 nA
01:19:04  394.0s       -8 counts   -0.03 nA
01:19:04  394.1s       -8 counts   -0.02 nA
01:19:04  394.2s       -5 counts   -0.02 nA
01:19:04  394.2s       -3 counts   -0.01 nA
01:19:04  394.3s       -4 counts   -0.01 nA
01:19:04  394.3s      -11 counts   -0.03 nA
01:19:04  394.4s       -4 counts   -0.01 nA
01:19:04  394.5s       -3 counts   -0.01 nA
01:19:04  394.5s        5 counts    0.01 nA
01:19:04  394.6s        1 counts    0.00 nA
01:19:04  394.7s       -8 counts   -0.02 nA
01:19:04  394.7s       -3 counts   -0.01 nA
01:19:04  394.8s        4 counts    0.01 nA
01:19:04  394.8s       -9 counts   -0.03 nA
01:19:04  394.9s        5 counts    0.02 nA
01:19:05  394.9s        1 counts    0.00 nA
01:19:05  395.0s      -12 counts   -0.04 nA
01:19:05  395.0s       -8 counts   -0.03 nA
01:19:05  395.1s       -9 counts   -0.03 nA
01:19:05  395.2s       -1 counts   -0.00 nA
01:19:05  395.2s       -2 counts   -0.01 nA
01:19:05  395.3s       -4 counts   -0.01 nA
01:19:05  395.3s      -10 counts   -0.03 nA
01:19:05  395.4s       -3 counts   -0.01 nA
01:19:05  395.4s       -7 counts   -0.02 nA
01:19:05  395.5s       -2 counts   -0.01 nA
01:19:05  395.6s       -9 counts   -0.03 nA
01:19:05  395.6s      -14 counts   -0.04 nA
01:19:05  395.7s       -7 counts   -0.02 nA
01:19:05  395.7s       -2 counts   -0.01 nA
01:19:05  395.8s       -1 counts   -0.00 nA
01:19:05  395.8s       -9 counts   -0.03 nA
01:19:05  395.9s       -3 counts   -0.01 nA
01:19:06  395.9s       -2 counts   -0.01 nA
01:19:06  396.0s       -5 counts   -0.02 nA
01:19:06  396.1s       -4 counts   -0.01 nA
01:19:06  396.1s       -2 counts   -0.01 nA
01:19:06  396.2s        1 counts    0.00 nA
01:19:06  396.2s        9 counts    0.03 nA
01:19:06  396.3s       -3 counts   -0.01 nA
01:19:06  396.4s       -0 counts   -0.00 nA
01:19:06  396.4s       -3 counts   -0.01 nA
01:19:06  396.5s       -4 counts   -0.01 nA
01:19:06  396.5s      -14 counts   -0.04 nA
01:19:06  396.6s      -16 counts   -0.05 nA
01:19:06  396.7s       -3 counts   -0.01 nA
01:19:06  396.7s        4 counts    0.01 nA
01:19:06  396.8s        0 counts    0.00 nA
01:19:06  396.8s       -7 counts   -0.02 nA
01:19:06  396.9s       -8 counts   -0.02 nA
01:19:07  396.9s       -0 counts   -0.00 nA
01:19:07  397.0s        1 counts    0.00 nA
01:19:07  397.0s        0 counts    0.00 nA
01:19:07  397.1s      -12 counts   -0.04 nA
01:19:07  397.2s       -1 counts   -0.00 nA
01:19:07  397.2s       -5 counts   -0.01 nA
01:19:07  397.3s       -4 counts   -0.01 nA
01:19:07  397.3s       -4 counts   -0.01 nA
01:19:07  397.4s       -7 counts   -0.02 nA
01:19:07  397.4s       -3 counts   -0.01 nA
01:19:07  397.5s       -8 counts   -0.02 nA
01:19:07  397.6s       -5 counts   -0.02 nA
01:19:07  397.6s       -4 counts   -0.01 nA
01:19:07  397.7s       -3 counts   -0.01 nA
01:19:07  397.7s       -5 counts   -0.01 nA
01:19:07  397.8s       -3 counts   -0.01 nA
01:19:07  397.9s       -6 counts   -0.02 nA
01:19:08  397.9s       -1 counts   -0.00 nA
01:19:08  398.0s       -6 counts   -0.02 nA
01:19:08  398.0s        2 counts    0.01 nA
01:19:08  398.1s       -7 counts   -0.02 nA
01:19:08  398.1s       -4 counts   -0.01 nA
01:19:08  398.2s      -18 counts   -0.06 nA
01:19:08  398.3s      -15 counts   -0.05 nA
01:19:08  398.3s       -9 counts   -0.03 nA
01:19:08  398.4s        1 counts    0.00 nA
01:19:08  398.4s       -1 counts   -0.00 nA
01:19:08  398.5s      -12 counts   -0.04 nA
01:19:08  398.5s       -9 counts   -0.03 nA
01:19:08  398.6s      -14 counts   -0.04 nA
01:19:08  398.7s      -10 counts   -0.03 nA
01:19:08  398.7s        3 counts    0.01 nA
01:19:08  398.8s       -8 counts   -0.03 nA
01:19:08  398.8s       -2 counts   -0.01 nA
01:19:08  398.9s      -11 counts   -0.03 nA
01:19:09  398.9s      -14 counts   -0.05 nA
01:19:09  399.0s       -4 counts   -0.01 nA
01:19:09  399.0s        8 counts    0.02 nA
01:19:09  399.1s      -17 counts   -0.05 nA
01:19:09  399.2s      -10 counts   -0.03 nA
01:19:09  399.2s        2 counts    0.01 nA
01:19:09  399.3s        3 counts    0.01 nA
01:19:09  399.3s      -11 counts   -0.03 nA
01:19:09  399.4s      -13 counts   -0.04 nA
01:19:09  399.5s       -1 counts   -0.00 nA
01:19:09  399.5s       -7 counts   -0.02 nA
01:19:09  399.6s      -15 counts   -0.05 nA
01:19:09  399.6s       -9 counts   -0.03 nA
01:19:09  399.7s      -12 counts   -0.04 nA
01:19:09  399.7s        3 counts    0.01 nA
01:19:09  399.8s        8 counts    0.02 nA
01:19:09  399.9s        0 counts    0.00 nA
01:19:10  399.9s       -2 counts   -0.01 nA
01:19:10  400.0s      -12 counts   -0.04 nA
01:19:10  400.0s       -5 counts   -0.02 nA
01:19:10  400.1s        4 counts    0.01 nA
01:19:10  400.1s      -18 counts   -0.06 nA
01:19:10  400.2s       -4 counts   -0.01 nA
01:19:10  400.3s       -1 counts   -0.00 nA
01:19:10  400.3s      -16 counts   -0.05 nA
01:19:10  400.4s        8 counts    0.03 nA
01:19:10  400.5s      -11 counts   -0.03 nA
01:19:10  400.5s       -5 counts   -0.02 nA
01:19:10  400.6s      -13 counts   -0.04 nA
01:19:10  400.6s      -11 counts   -0.03 nA
01:19:10  400.7s       -4 counts   -0.01 nA
01:19:10  400.7s      -10 counts   -0.03 nA
01:19:10  400.8s       -7 counts   -0.02 nA
01:19:10  400.9s      -10 counts   -0.03 nA
01:19:11  400.9s      -11 counts   -0.03 nA
01:19:11  401.0s       -6 counts   -0.02 nA
01:19:11  401.0s      -13 counts   -0.04 nA
01:19:11  401.1s       -8 counts   -0.03 nA
01:19:11  401.1s        0 counts    0.00 nA
01:19:11  401.2s      -14 counts   -0.04 nA
01:19:11  401.2s      -18 counts   -0.06 nA
01:19:11  401.3s       -1 counts   -0.00 nA
01:19:11  401.4s      -11 counts   -0.04 nA
01:19:11  401.4s       -5 counts   -0.02 nA
01:19:11  401.5s       -6 counts   -0.02 nA
01:19:11  401.5s       -5 counts   -0.01 nA
01:19:11  401.6s       -9 counts   -0.03 nA
01:19:11  401.7s      -10 counts   -0.03 nA
01:19:11  401.7s       -2 counts   -0.01 nA
01:19:11  401.8s      -11 counts   -0.03 nA
01:19:11  401.8s       -9 counts   -0.03 nA
01:19:11  401.9s      -24 counts   -0.07 nA
01:19:12  402.0s      -13 counts   -0.04 nA
01:19:12  402.0s        3 counts    0.01 nA
01:19:12  402.1s        1 counts    0.00 nA
01:19:12  402.1s      -14 counts   -0.04 nA
01:19:12  402.2s      -15 counts   -0.05 nA
01:19:12  402.2s        3 counts    0.01 nA
01:19:12  402.3s       -5 counts   -0.02 nA
01:19:12  402.3s       -7 counts   -0.02 nA
01:19:12  402.4s        0 counts    0.00 nA
01:19:12  402.5s      -20 counts   -0.06 nA
01:19:12  402.5s        1 counts    0.00 nA
01:19:12  402.6s      -15 counts   -0.05 nA
01:19:12  402.6s        3 counts    0.01 nA
01:19:12  402.7s       -7 counts   -0.02 nA
01:19:12  402.7s       -6 counts   -0.02 nA
01:19:12  402.8s      -22 counts   -0.07 nA
01:19:12  402.8s        2 counts    0.01 nA
01:19:12  402.9s        5 counts    0.01 nA
01:19:13  403.0s        1 counts    0.00 nA
01:19:13  403.0s      -11 counts   -0.03 nA
01:19:13  403.1s       -3 counts   -0.01 nA
01:19:13  403.1s        3 counts    0.01 nA
01:19:13  403.2s      -12 counts   -0.04 nA
01:19:13  403.2s      -12 counts   -0.04 nA
01:19:13  403.3s        3 counts    0.01 nA
01:19:13  403.3s       -7 counts   -0.02 nA
01:19:13  403.4s       -1 counts   -0.00 nA
01:19:13  403.5s      -16 counts   -0.05 nA
01:19:13  403.5s       -7 counts   -0.02 nA
01:19:13  403.6s      -12 counts   -0.04 nA
01:19:13  403.6s      -13 counts   -0.04 nA
01:19:13  403.7s      -16 counts   -0.05 nA
01:19:13  403.7s        4 counts    0.01 nA
01:19:13  403.8s       -6 counts   -0.02 nA
01:19:13  403.8s      -17 counts   -0.05 nA
01:19:13  403.9s        5 counts    0.01 nA
01:19:14  404.0s        0 counts    0.00 nA
01:19:14  404.0s       -8 counts   -0.02 nA
01:19:14  404.1s      -14 counts   -0.04 nA
01:19:14  404.1s       -3 counts   -0.01 nA
01:19:14  404.2s       -5 counts   -0.02 nA
01:19:14  404.2s       -4 counts   -0.01 nA
01:19:14  404.3s      -10 counts   -0.03 nA
01:19:14  404.4s      -13 counts   -0.04 nA
01:19:14  404.4s       -7 counts   -0.02 nA
01:19:14  404.5s        3 counts    0.01 nA
01:19:14  404.5s       -3 counts   -0.01 nA
01:19:14  404.6s       -5 counts   -0.02 nA
01:19:14  404.6s        6 counts    0.02 nA
01:19:14  404.7s      -12 counts   -0.04 nA
01:19:14  404.7s       -6 counts   -0.02 nA
01:19:14  404.8s        0 counts    0.00 nA
01:19:14  404.8s        2 counts    0.01 nA
01:19:15  404.9s      -10 counts   -0.03 nA
01:19:15  405.0s       -2 counts   -0.01 nA
01:19:15  405.0s       25 counts    0.08 nA
01:19:15  405.1s        4 counts    0.01 nA
01:19:15  405.1s      -19 counts   -0.06 nA
01:19:15  405.2s        2 counts    0.01 nA
01:19:15  405.3s      -13 counts   -0.04 nA
01:19:15  405.3s        2 counts    0.01 nA
01:19:15  405.4s      -21 counts   -0.06 nA
01:19:15  405.4s      -11 counts   -0.03 nA
01:19:15  405.5s       14 counts    0.04 nA
01:19:15  405.5s        6 counts    0.02 nA
01:19:15  405.6s      -10 counts   -0.03 nA
01:19:15  405.7s       -5 counts   -0.02 nA
01:19:15  405.7s       -9 counts   -0.03 nA
01:19:15  405.8s      -17 counts   -0.05 nA
01:19:15  405.8s        9 counts    0.03 nA
01:19:15  405.9s       -3 counts   -0.01 nA
01:19:16  405.9s       -9 counts   -0.03 nA
01:19:16  406.0s       -5 counts   -0.02 nA
01:19:16  406.0s       18 counts    0.06 nA
01:19:16  406.1s       17 counts    0.05 nA
01:19:16  406.2s       -6 counts   -0.02 nA
01:19:16  406.2s       -6 counts   -0.02 nA
01:19:16  406.3s        3 counts    0.01 nA
01:19:16  406.3s      -18 counts   -0.06 nA
01:19:16  406.4s      -19 counts   -0.06 nA
01:19:16  406.4s       -6 counts   -0.02 nA
01:19:16  406.5s      -10 counts   -0.03 nA
01:19:16  406.5s      -18 counts   -0.06 nA
01:19:16  406.6s        2 counts    0.01 nA
01:19:16  406.7s        5 counts    0.01 nA
01:19:16  406.7s      -26 counts   -0.08 nA
01:19:16  406.8s       -1 counts   -0.00 nA
01:19:16  406.8s      -10 counts   -0.03 nA
01:19:16  406.9s      -13 counts   -0.04 nA
01:19:17  406.9s       -6 counts   -0.02 nA
01:19:17  407.0s       -8 counts   -0.03 nA
01:19:17  407.0s       -8 counts   -0.02 nA
01:19:17  407.1s        4 counts    0.01 nA
01:19:17  407.1s       -6 counts   -0.02 nA
01:19:17  407.2s       -3 counts   -0.01 nA
01:19:17  407.3s      -18 counts   -0.05 nA
01:19:17  407.3s      -14 counts   -0.04 nA
01:19:17  407.4s        1 counts    0.00 nA
01:19:17  407.4s       12 counts    0.04 nA
01:19:17  407.5s       19 counts    0.06 nA
01:19:17  407.5s      -23 counts   -0.07 nA
01:19:17  407.6s       -1 counts   -0.00 nA
01:19:17  407.7s       -0 counts   -0.00 nA
01:19:17  407.7s       -8 counts   -0.02 nA
01:19:17  407.8s      -14 counts   -0.04 nA
01:19:17  407.8s       -5 counts   -0.01 nA
01:19:17  407.9s       -1 counts   -0.00 nA
01:19:18  407.9s       -3 counts   -0.01 nA
01:19:18  408.0s      -21 counts   -0.07 nA
01:19:18  408.1s      -12 counts   -0.04 nA
01:19:18  408.1s       -1 counts   -0.00 nA
01:19:18  408.2s       14 counts    0.04 nA
01:19:18  408.2s       -4 counts   -0.01 nA
01:19:18  408.3s       -6 counts   -0.02 nA
01:19:18  408.3s       -9 counts   -0.03 nA
01:19:18  408.4s        6 counts    0.02 nA
01:19:18  408.4s      -10 counts   -0.03 nA
01:19:18  408.5s       -7 counts   -0.02 nA
01:19:18  408.6s       23 counts    0.07 nA
01:19:18  408.6s        3 counts    0.01 nA
01:19:18  408.7s      -13 counts   -0.04 nA
01:19:18  408.7s        8 counts    0.02 nA
01:19:18  408.8s       -4 counts   -0.01 nA
01:19:18  408.8s        7 counts    0.02 nA
01:19:18  408.9s      -11 counts   -0.03 nA
01:19:19  409.0s      -25 counts   -0.08 nA
01:19:19  409.0s       13 counts    0.04 nA
01:19:19  409.1s       -9 counts   -0.03 nA
01:19:19  409.1s       -9 counts   -0.03 nA
01:19:19  409.2s       -3 counts   -0.01 nA
01:19:19  409.2s       -7 counts   -0.02 nA
01:19:19  409.3s      -10 counts   -0.03 nA
01:19:19  409.3s        1 counts    0.00 nA
01:19:19  409.4s       10 counts    0.03 nA
01:19:19  409.5s       -1 counts   -0.00 nA
01:19:19  409.5s      -20 counts   -0.06 nA
01:19:19  409.6s       -7 counts   -0.02 nA
01:19:19  409.6s      -19 counts   -0.06 nA
01:19:19  409.7s       -8 counts   -0.02 nA
01:19:19  409.7s       10 counts    0.03 nA
01:19:19  409.8s       -7 counts   -0.02 nA
01:19:19  409.9s        4 counts    0.01 nA
01:19:20  409.9s       -3 counts   -0.01 nA
01:19:20  410.0s        1 counts    0.00 nA
01:19:20  410.0s      -12 counts   -0.04 nA
01:19:20  410.1s       -6 counts   -0.02 nA
01:19:20  410.1s      -12 counts   -0.04 nA
01:19:20  410.2s       -3 counts   -0.01 nA
01:19:20  410.3s      -17 counts   -0.05 nA
01:19:20  410.3s        0 counts    0.00 nA
01:19:20  410.4s       15 counts    0.05 nA
01:19:20  410.4s       -1 counts   -0.00 nA
01:19:20  410.5s       -6 counts   -0.02 nA
01:19:20  410.5s       -2 counts   -0.01 nA
01:19:20  410.6s       -7 counts   -0.02 nA
01:19:20  410.6s        4 counts    0.01 nA
01:19:20  410.7s       -0 counts   -0.00 nA
01:19:20  410.8s       -2 counts   -0.00 nA
01:19:20  410.8s       -8 counts   -0.03 nA
01:19:20  410.9s       -2 counts   -0.01 nA
01:19:21  410.9s       -2 counts   -0.01 nA
01:19:21  411.0s      -13 counts   -0.04 nA
01:19:21  411.0s       -4 counts   -0.01 nA
01:19:21  411.1s      -13 counts   -0.04 nA
01:19:21  411.1s      -10 counts   -0.03 nA
01:19:21  411.2s        7 counts    0.02 nA
01:19:21  411.3s        8 counts    0.02 nA
01:19:21  411.3s      -15 counts   -0.05 nA
01:19:21  411.4s        2 counts    0.01 nA
01:19:21  411.4s        2 counts    0.01 nA
01:19:21  411.5s        7 counts    0.02 nA
01:19:21  411.5s       -4 counts   -0.01 nA
01:19:21  411.6s      -10 counts   -0.03 nA
01:19:21  411.6s      -15 counts   -0.05 nA
01:19:21  411.7s       -6 counts   -0.02 nA
01:19:21  411.8s       -7 counts   -0.02 nA
01:19:21  411.8s       -8 counts   -0.02 nA
01:19:21  411.9s       -5 counts   -0.01 nA
01:19:22  411.9s       -1 counts   -0.00 nA
01:19:22  412.0s       -1 counts   -0.00 nA
01:19:22  412.0s        3 counts    0.01 nA
01:19:22  412.1s      -14 counts   -0.04 nA
01:19:22  412.2s       -5 counts   -0.02 nA
01:19:22  412.2s        2 counts    0.00 nA
01:19:22  412.3s      -14 counts   -0.04 nA
01:19:22  412.3s       -2 counts   -0.01 nA
01:19:22  412.4s       -7 counts   -0.02 nA
01:19:22  412.4s       -4 counts   -0.01 nA
01:19:22  412.5s       -7 counts   -0.02 nA
01:19:22  412.5s       -6 counts   -0.02 nA
01:19:22  412.6s       -3 counts   -0.01 nA
01:19:22  412.7s       -5 counts   -0.02 nA
01:19:22  412.7s      -19 counts   -0.06 nA
01:19:22  412.8s       -0 counts   -0.00 nA
01:19:22  412.8s        3 counts    0.01 nA
01:19:22  412.9s       -3 counts   -0.01 nA
01:19:23  412.9s       -3 counts   -0.01 nA
01:19:23  413.0s       -1 counts   -0.00 nA
01:19:23  413.0s      -10 counts   -0.03 nA
01:19:23  413.1s       -6 counts   -0.02 nA
01:19:23  413.2s       -9 counts   -0.03 nA
01:19:23  413.2s       -1 counts   -0.00 nA
01:19:23  413.3s      -12 counts   -0.04 nA
01:19:23  413.3s        5 counts    0.01 nA
01:19:23  413.4s       -1 counts   -0.00 nA
01:19:23  413.4s      -11 counts   -0.03 nA
01:19:23  413.5s       -2 counts   -0.01 nA
01:19:23  413.6s       10 counts    0.03 nA
01:19:23  413.6s      -11 counts   -0.03 nA
01:19:23  413.7s      -17 counts   -0.05 nA
01:19:23  413.7s       -9 counts   -0.03 nA
01:19:23  413.8s       -6 counts   -0.02 nA
01:19:23  413.8s      -11 counts   -0.03 nA
01:19:23  413.9s       -1 counts   -0.00 nA
01:19:24  413.9s       -3 counts   -0.01 nA
01:19:24  414.0s       -6 counts   -0.02 nA
01:19:24  414.1s      -10 counts   -0.03 nA
01:19:24  414.1s       -5 counts   -0.01 nA
01:19:24  414.2s      -10 counts   -0.03 nA
01:19:24  414.2s      -22 counts   -0.07 nA
01:19:24  414.3s        7 counts    0.02 nA
01:19:24  414.3s       -9 counts   -0.03 nA
01:19:24  414.4s      -12 counts   -0.04 nA
01:19:24  414.4s       -1 counts   -0.00 nA
01:19:24  414.5s      -14 counts   -0.04 nA
01:19:24  414.6s       -4 counts   -0.01 nA
01:19:24  414.6s       -1 counts   -0.00 nA
01:19:24  414.7s      -15 counts   -0.05 nA
01:19:24  414.7s       -6 counts   -0.02 nA
01:19:24  414.8s        1 counts    0.00 nA
01:19:24  414.8s       -3 counts   -0.01 nA
01:19:24  414.9s       -5 counts   -0.02 nA
01:19:25  415.0s       -4 counts   -0.01 nA
01:19:25  415.0s      -11 counts   -0.04 nA
01:19:25  415.1s       -4 counts   -0.01 nA
01:19:25  415.1s        1 counts    0.00 nA
01:19:25  415.2s      -10 counts   -0.03 nA
01:19:25  415.2s       -7 counts   -0.02 nA
01:19:25  415.3s      -15 counts   -0.05 nA
01:19:25  415.4s        0 counts    0.00 nA
01:19:25  415.4s        5 counts    0.01 nA
01:19:25  415.5s       -2 counts   -0.01 nA
01:19:25  415.5s       -0 counts   -0.00 nA
01:19:25  415.6s       -6 counts   -0.02 nA
01:19:25  415.6s       -3 counts   -0.01 nA
01:19:25  415.7s       -1 counts   -0.00 nA
01:19:25  415.7s       -7 counts   -0.02 nA
01:19:25  415.8s        1 counts    0.00 nA
01:19:25  415.8s      -16 counts   -0.05 nA
01:19:25  415.9s      -11 counts   -0.03 nA
01:19:26  416.0s        2 counts    0.00 nA
01:19:26  416.0s       -5 counts   -0.02 nA
01:19:26  416.1s      -10 counts   -0.03 nA
01:19:26  416.1s       -2 counts   -0.00 nA
01:19:26  416.2s       -9 counts   -0.03 nA
01:19:26  416.2s       -6 counts   -0.02 nA
01:19:26  416.3s       -4 counts   -0.01 nA
01:19:26  416.3s       -6 counts   -0.02 nA
01:19:26  416.4s       -6 counts   -0.02 nA
01:19:26  416.4s       -9 counts   -0.03 nA
01:19:26  416.5s       -9 counts   -0.03 nA
01:19:26  416.6s      -15 counts   -0.05 nA
01:19:26  416.6s       -4 counts   -0.01 nA
01:19:26  416.7s       -7 counts   -0.02 nA
01:19:26  416.7s        1 counts    0.00 nA
01:19:26  416.8s       -1 counts   -0.00 nA
01:19:26  416.8s       -8 counts   -0.02 nA
01:19:26  416.9s       -3 counts   -0.01 nA
01:19:27  417.0s       -0 counts   -0.00 nA
01:19:27  417.0s      -11 counts   -0.03 nA
01:19:27  417.1s      -10 counts   -0.03 nA
01:19:27  417.1s       -3 counts   -0.01 nA
01:19:27  417.2s        2 counts    0.01 nA
01:19:27  417.2s       -4 counts   -0.01 nA
01:19:27  417.3s       -7 counts   -0.02 nA
01:19:27  417.3s      -13 counts   -0.04 nA
01:19:27  417.4s       -6 counts   -0.02 nA
01:19:27  417.5s      -14 counts   -0.04 nA
01:19:27  417.5s      -13 counts   -0.04 nA
01:19:27  417.6s       -5 counts   -0.02 nA
01:19:27  417.6s       -6 counts   -0.02 nA
01:19:27  417.7s       -5 counts   -0.02 nA
01:19:27  417.7s       -4 counts   -0.01 nA
01:19:27  417.8s       -2 counts   -0.01 nA
01:19:27  417.8s       -4 counts   -0.01 nA
01:19:27  417.9s       -8 counts   -0.03 nA
01:19:28  417.9s       -6 counts   -0.02 nA
01:19:28  418.0s       -6 counts   -0.02 nA
01:19:28  418.0s        5 counts    0.01 nA
01:19:28  418.1s      -10 counts   -0.03 nA
01:19:28  418.2s        5 counts    0.02 nA
01:19:28  418.2s        0 counts    0.00 nA
01:19:28  418.3s       -8 counts   -0.02 nA
01:19:28  418.3s       -3 counts   -0.01 nA
01:19:28  418.4s       -2 counts   -0.01 nA
01:19:28  418.4s       -3 counts   -0.01 nA
01:19:28  418.5s       -9 counts   -0.03 nA
01:19:28  418.6s       -4 counts   -0.01 nA
01:19:28  418.6s       -4 counts   -0.01 nA
01:19:28  418.7s      -12 counts   -0.04 nA
01:19:28  418.7s       -1 counts   -0.00 nA
01:19:28  418.8s       -7 counts   -0.02 nA
01:19:28  418.8s       -5 counts   -0.02 nA
01:19:28  418.9s        2 counts    0.01 nA
01:19:29  418.9s       -2 counts   -0.01 nA
01:19:29  419.0s       -6 counts   -0.02 nA
01:19:29  419.0s       -4 counts   -0.01 nA
01:19:29  419.1s        1 counts    0.00 nA
01:19:29  419.2s       -6 counts   -0.02 nA
01:19:29  419.2s       -2 counts   -0.00 nA
01:19:29  419.3s        9 counts    0.03 nA
01:19:29  419.3s        3 counts    0.01 nA
01:19:29  419.4s       -6 counts   -0.02 nA
01:19:29  419.4s       -4 counts   -0.01 nA
01:19:29  419.5s        1 counts    0.00 nA
01:19:29  419.6s       -4 counts   -0.01 nA
01:19:29  419.6s       -8 counts   -0.03 nA
01:19:29  419.7s      -10 counts   -0.03 nA
01:19:29  419.7s       -2 counts   -0.01 nA
01:19:29  419.8s       -6 counts   -0.02 nA
01:19:29  419.8s       -5 counts   -0.02 nA
01:19:30  419.9s       -4 counts   -0.01 nA
01:19:30  420.0s       -3 counts   -0.01 nA
01:19:30  420.1s       -0 counts   -0.00 nA
01:19:30  420.1s       -4 counts   -0.01 nA
01:19:30  420.2s       -1 counts   -0.00 nA
01:19:30  420.2s       -9 counts   -0.03 nA
01:19:30  420.3s      -11 counts   -0.04 nA
01:19:30  420.4s       -9 counts   -0.03 nA
01:19:30  420.4s       -8 counts   -0.03 nA
01:19:30  420.5s       -6 counts   -0.02 nA
01:19:30  420.5s       -9 counts   -0.03 nA
01:19:30  420.6s       -4 counts   -0.01 nA
01:19:30  420.6s       -8 counts   -0.03 nA
01:19:30  420.7s       -0 counts   -0.00 nA
01:19:30  420.8s        5 counts    0.01 nA
01:19:30  420.8s       -1 counts   -0.00 nA
01:19:30  420.9s       -6 counts   -0.02 nA
01:19:31  420.9s       -6 counts   -0.02 nA
01:19:31  421.0s       -9 counts   -0.03 nA
01:19:31  421.1s       -5 counts   -0.01 nA
01:19:31  421.1s       -5 counts   -0.01 nA
01:19:31  421.2s      -14 counts   -0.04 nA
01:19:31  421.2s       -8 counts   -0.03 nA
01:19:31  421.3s       -5 counts   -0.01 nA
01:19:31  421.3s       -6 counts   -0.02 nA
01:19:31  421.4s      -11 counts   -0.03 nA
01:19:31  421.5s        4 counts    0.01 nA
01:19:31  421.5s       -7 counts   -0.02 nA
01:19:31  421.6s        1 counts    0.00 nA
01:19:31  421.6s       -1 counts   -0.00 nA
01:19:31  421.7s       -3 counts   -0.01 nA
01:19:31  421.7s        1 counts    0.00 nA
01:19:31  421.8s       -6 counts   -0.02 nA
01:19:31  421.9s       -3 counts   -0.01 nA
01:19:32  421.9s        7 counts    0.02 nA
01:19:32  422.0s        3 counts    0.01 nA
01:19:32  422.0s       -2 counts   -0.01 nA
01:19:32  422.1s       -7 counts   -0.02 nA
01:19:32  422.2s       -5 counts   -0.01 nA
01:19:32  422.2s       -6 counts   -0.02 nA
01:19:32  422.3s       -0 counts   -0.00 nA
01:19:32  422.3s        1 counts    0.00 nA
01:19:32  422.4s       -9 counts   -0.03 nA
01:19:32  422.4s       -5 counts   -0.02 nA
01:19:32  422.5s       -7 counts   -0.02 nA
01:19:32  422.6s       -9 counts   -0.03 nA
01:19:32  422.6s       -4 counts   -0.01 nA
01:19:32  422.7s        4 counts    0.01 nA
01:19:32  422.7s       -2 counts   -0.00 nA
01:19:32  422.8s      -12 counts   -0.04 nA
01:19:32  422.8s       -1 counts   -0.00 nA
01:19:33  422.9s       -1 counts   -0.00 nA
01:19:33  423.0s       -6 counts   -0.02 nA
01:19:33  423.0s        2 counts    0.01 nA
01:19:33  423.1s       -9 counts   -0.03 nA
01:19:33  423.1s       -3 counts   -0.01 nA
01:19:33  423.2s       -1 counts   -0.00 nA
01:19:33  423.2s       -0 counts   -0.00 nA
01:19:33  423.3s       -2 counts   -0.01 nA
01:19:33  423.4s        5 counts    0.01 nA
01:19:33  423.4s       -6 counts   -0.02 nA
01:19:33  423.5s       -9 counts   -0.03 nA
01:19:33  423.5s       -0 counts   -0.00 nA
01:19:33  423.6s       -5 counts   -0.02 nA
01:19:33  423.7s        2 counts    0.01 nA
01:19:33  423.7s       -1 counts   -0.00 nA
01:19:33  423.8s       -1 counts   -0.00 nA
01:19:33  423.8s      -12 counts   -0.04 nA
01:19:33  423.9s        0 counts    0.00 nA
01:19:34  423.9s       -3 counts   -0.01 nA
01:19:34  424.0s       -9 counts   -0.03 nA
01:19:34  424.1s       -6 counts   -0.02 nA
01:19:34  424.1s       -1 counts   -0.00 nA
01:19:34  424.2s       -0 counts   -0.00 nA
01:19:34  424.2s        0 counts    0.00 nA
01:19:34  424.3s      -16 counts   -0.05 nA
01:19:34  424.3s       -3 counts   -0.01 nA
01:19:34  424.4s       -8 counts   -0.02 nA
01:19:34  424.5s        0 counts    0.00 nA
01:19:34  424.5s        1 counts    0.00 nA
01:19:34  424.6s       -8 counts   -0.03 nA
01:19:34  424.6s       -9 counts   -0.03 nA
01:19:34  424.7s       -6 counts   -0.02 nA
01:19:34  424.7s       -3 counts   -0.01 nA
01:19:34  424.8s      -12 counts   -0.04 nA
01:19:34  424.9s      -11 counts   -0.03 nA
01:19:35  424.9s      -10 counts   -0.03 nA
01:19:35  425.0s       -5 counts   -0.02 nA
01:19:35  425.0s       -8 counts   -0.03 nA
01:19:35  425.1s       -7 counts   -0.02 nA
01:19:35  425.1s        3 counts    0.01 nA
01:19:35  425.2s       -4 counts   -0.01 nA
01:19:35  425.2s       -4 counts   -0.01 nA
01:19:35  425.3s        2 counts    0.01 nA
01:19:35  425.3s       -6 counts   -0.02 nA
01:19:35  425.4s        1 counts    0.00 nA
01:19:35  425.5s        3 counts    0.01 nA
01:19:35  425.5s       -2 counts   -0.01 nA
01:19:35  425.6s        5 counts    0.02 nA
01:19:35  425.6s       -1 counts   -0.00 nA
01:19:35  425.7s       -6 counts   -0.02 nA
01:19:35  425.8s        3 counts    0.01 nA
01:19:35  425.8s       -4 counts   -0.01 nA
01:19:35  425.9s       -3 counts   -0.01 nA
01:19:36  425.9s       -4 counts   -0.01 nA
01:19:36  426.0s       -3 counts   -0.01 nA
01:19:36  426.0s       -6 counts   -0.02 nA
01:19:36  426.1s      -10 counts   -0.03 nA
01:19:36  426.2s       -9 counts   -0.03 nA
01:19:36  426.2s        1 counts    0.00 nA
01:19:36  426.3s       -1 counts   -0.00 nA
01:19:36  426.3s       -5 counts   -0.02 nA
01:19:36  426.4s       -1 counts   -0.00 nA
01:19:36  426.5s       -5 counts   -0.02 nA
01:19:36  426.5s       -9 counts   -0.03 nA
01:19:36  426.6s        2 counts    0.00 nA
01:19:36  426.6s       -1 counts   -0.00 nA
01:19:36  426.7s       -2 counts   -0.01 nA
01:19:36  426.7s        3 counts    0.01 nA
01:19:36  426.8s       -3 counts   -0.01 nA
01:19:36  426.8s       -5 counts   -0.02 nA
01:19:36  426.9s       -3 counts   -0.01 nA
01:19:37  427.0s        1 counts    0.00 nA
01:19:37  427.0s        4 counts    0.01 nA
01:19:37  427.1s        4 counts    0.01 nA
01:19:37  427.1s       -9 counts   -0.03 nA
01:19:37  427.2s       -5 counts   -0.02 nA
01:19:37  427.2s      -11 counts   -0.03 nA
01:19:37  427.3s        7 counts    0.02 nA
01:19:37  427.3s      -12 counts   -0.04 nA
01:19:37  427.4s        4 counts    0.01 nA
01:19:37  427.5s        0 counts    0.00 nA
01:19:37  427.5s        2 counts    0.01 nA
01:19:37  427.6s       -1 counts   -0.00 nA
01:19:37  427.6s        3 counts    0.01 nA
01:19:37  427.7s       -6 counts   -0.02 nA
01:19:37  427.7s       -9 counts   -0.03 nA
01:19:37  427.8s        4 counts    0.01 nA
01:19:37  427.9s       -5 counts   -0.02 nA
01:19:38  427.9s      -11 counts   -0.04 nA
01:19:38  428.0s       -2 counts   -0.00 nA
01:19:38  428.0s       -4 counts   -0.01 nA
01:19:38  428.1s        4 counts    0.01 nA
01:19:38  428.1s       -3 counts   -0.01 nA
01:19:38  428.2s       -5 counts   -0.01 nA
01:19:38  428.3s        5 counts    0.02 nA
01:19:38  428.3s       -0 counts   -0.00 nA
01:19:38  428.4s        3 counts    0.01 nA
01:19:38  428.4s      -13 counts   -0.04 nA
01:19:38  428.5s       -3 counts   -0.01 nA
01:19:38  428.5s       -8 counts   -0.02 nA
01:19:38  428.6s       -6 counts   -0.02 nA
01:19:38  428.7s        2 counts    0.01 nA
01:19:38  428.7s       -0 counts   -0.00 nA
01:19:38  428.8s       -0 counts   -0.00 nA
01:19:38  428.9s        5 counts    0.02 nA
01:19:39  428.9s      -11 counts   -0.03 nA
01:19:39  429.0s       -9 counts   -0.03 nA
01:19:39  429.0s        3 counts    0.01 nA
01:19:39  429.1s       -6 counts   -0.02 nA
01:19:39  429.1s       -3 counts   -0.01 nA
01:19:39  429.2s       15 counts    0.05 nA
01:19:39  429.2s        1 counts    0.00 nA
01:19:39  429.3s       -0 counts   -0.00 nA
01:19:39  429.4s       -4 counts   -0.01 nA
01:19:39  429.4s      -14 counts   -0.04 nA
01:19:39  429.5s        9 counts    0.03 nA
01:19:39  429.5s        7 counts    0.02 nA
01:19:39  429.6s      -19 counts   -0.06 nA
01:19:39  429.7s        0 counts    0.00 nA
01:19:39  429.7s        5 counts    0.01 nA
01:19:39  429.8s        9 counts    0.03 nA
01:19:39  429.8s       -5 counts   -0.02 nA
01:19:39  429.9s        6 counts    0.02 nA
01:19:40  430.0s        5 counts    0.02 nA
01:19:40  430.0s       11 counts    0.04 nA
01:19:40  430.1s        5 counts    0.02 nA
01:19:40  430.1s      -31 counts   -0.10 nA
01:19:40  430.2s       -9 counts   -0.03 nA
01:19:40  430.2s      -30 counts   -0.09 nA
01:19:40  430.3s      -19 counts   -0.06 nA
01:19:40  430.3s      -67 counts   -0.21 nA
01:19:40  430.4s        3 counts    0.01 nA
01:19:40  430.5s       11 counts    0.03 nA
01:19:40  430.5s      -11 counts   -0.03 nA
01:19:40  430.6s       -1 counts   -0.00 nA
01:19:40  430.6s       -1 counts   -0.00 nA
01:19:40  430.7s       -3 counts   -0.01 nA
01:19:40  430.7s      -22 counts   -0.07 nA
01:19:40  430.8s       -6 counts   -0.02 nA
01:19:40  430.8s      -23 counts   -0.07 nA
01:19:40  430.9s       22 counts    0.07 nA
01:19:41  431.0s        5 counts    0.02 nA
01:19:41  431.0s      -32 counts   -0.10 nA
01:19:41  431.1s        1 counts    0.00 nA
01:19:41  431.1s        2 counts    0.01 nA
01:19:41  431.2s        5 counts    0.01 nA
01:19:41  431.2s       19 counts    0.06 nA
01:19:41  431.3s        2 counts    0.01 nA
01:19:41  431.3s       -5 counts   -0.01 nA
01:19:41  431.4s      -51 counts   -0.16 nA
01:19:41  431.5s       25 counts    0.08 nA
01:19:41  431.5s      -27 counts   -0.08 nA
01:19:41  431.6s      -41 counts   -0.13 nA
01:19:41  431.6s       24 counts    0.08 nA
01:19:41  431.7s      -25 counts   -0.08 nA
01:19:41  431.7s       -9 counts   -0.03 nA
01:19:41  431.8s       16 counts    0.05 nA
01:19:41  431.8s      -41 counts   -0.13 nA
01:19:41  431.9s       -7 counts   -0.02 nA
01:19:42  432.0s        2 counts    0.01 nA
01:19:42  432.0s      -20 counts   -0.06 nA
01:19:42  432.1s      -12 counts   -0.04 nA
01:19:42  432.1s      -11 counts   -0.03 nA
01:19:42  432.2s      -10 counts   -0.03 nA
01:19:42  432.2s      -36 counts   -0.11 nA
01:19:42  432.3s        7 counts    0.02 nA
01:19:42  432.3s        4 counts    0.01 nA
01:19:42  432.4s       -6 counts   -0.02 nA
01:19:42  432.5s        1 counts    0.00 nA
01:19:42  432.5s        2 counts    0.01 nA
01:19:42  432.6s       15 counts    0.05 nA
01:19:42  432.6s       -6 counts   -0.02 nA
01:19:42  432.7s        4 counts    0.01 nA
01:19:42  432.7s       32 counts    0.10 nA
01:19:42  432.8s       13 counts    0.04 nA
01:19:42  432.9s        9 counts    0.03 nA
01:19:43  432.9s        8 counts    0.02 nA
01:19:43  433.0s       -4 counts   -0.01 nA
01:19:43  433.0s      -12 counts   -0.04 nA
01:19:43  433.1s      -19 counts   -0.06 nA
01:19:43  433.1s        7 counts    0.02 nA
01:19:43  433.2s        5 counts    0.02 nA
01:19:43  433.2s       13 counts    0.04 nA
01:19:43  433.3s      -18 counts   -0.06 nA
01:19:43  433.4s        4 counts    0.01 nA
01:19:43  433.4s       -6 counts   -0.02 nA
01:19:43  433.5s       -2 counts   -0.01 nA
01:19:43  433.5s       -0 counts   -0.00 nA
01:19:43  433.6s       -2 counts   -0.00 nA
01:19:43  433.6s      -14 counts   -0.05 nA
01:19:43  433.7s       -2 counts   -0.01 nA
01:19:43  433.7s       -4 counts   -0.01 nA
01:19:43  433.8s      -11 counts   -0.03 nA
01:19:43  433.9s        3 counts    0.01 nA
01:19:44  433.9s        0 counts    0.00 nA
01:19:44  434.0s       -2 counts   -0.01 nA
01:19:44  434.0s        4 counts    0.01 nA
01:19:44  434.1s       -3 counts   -0.01 nA
01:19:44  434.1s      -14 counts   -0.04 nA
01:19:44  434.2s      -28 counts   -0.09 nA
01:19:44  434.2s       -4 counts   -0.01 nA
01:19:44  434.3s       32 counts    0.10 nA
01:19:44  434.4s       -8 counts   -0.03 nA
01:19:44  434.4s        5 counts    0.02 nA
01:19:44  434.5s        0 counts    0.00 nA
01:19:44  434.5s        1 counts    0.00 nA
01:19:44  434.6s       -5 counts   -0.02 nA
01:19:44  434.6s      -11 counts   -0.03 nA
01:19:44  434.7s       -3 counts   -0.01 nA
01:19:44  434.7s      -18 counts   -0.06 nA
01:19:44  434.8s      -10 counts   -0.03 nA
01:19:44  434.9s      -23 counts   -0.07 nA
01:19:45  434.9s       -5 counts   -0.02 nA
01:19:45  435.0s       17 counts    0.05 nA
01:19:45  435.0s        3 counts    0.01 nA
01:19:45  435.1s      -14 counts   -0.05 nA
01:19:45  435.1s        0 counts    0.00 nA
01:19:45  435.2s      -12 counts   -0.04 nA
01:19:45  435.2s       -3 counts   -0.01 nA
01:19:45  435.3s       -7 counts   -0.02 nA
01:19:45  435.4s       -8 counts   -0.02 nA
01:19:45  435.4s      -18 counts   -0.06 nA
01:19:45  435.5s        5 counts    0.02 nA
01:19:45  435.5s       -8 counts   -0.02 nA
01:19:45  435.6s       -4 counts   -0.01 nA
01:19:45  435.6s       -5 counts   -0.02 nA
01:19:45  435.7s      -12 counts   -0.04 nA
01:19:45  435.8s       10 counts    0.03 nA
01:19:45  435.8s      -12 counts   -0.04 nA
01:19:45  435.9s        0 counts    0.00 nA
01:19:46  435.9s        9 counts    0.03 nA
01:19:46  436.0s      -13 counts   -0.04 nA
01:19:46  436.0s        4 counts    0.01 nA
01:19:46  436.1s       -1 counts   -0.00 nA
01:19:46  436.1s        3 counts    0.01 nA
01:19:46  436.2s       -8 counts   -0.02 nA
01:19:46  436.3s       19 counts    0.06 nA
01:19:46  436.3s        9 counts    0.03 nA
01:19:46  436.4s      -28 counts   -0.09 nA
01:19:46  436.4s       -8 counts   -0.03 nA
01:19:46  436.5s      -21 counts   -0.07 nA
01:19:46  436.5s      -12 counts   -0.04 nA
01:19:46  436.6s       -8 counts   -0.02 nA
01:19:46  436.6s       -8 counts   -0.02 nA
01:19:46  436.7s      -11 counts   -0.03 nA
01:19:46  436.8s       -0 counts   -0.00 nA
01:19:46  436.8s        5 counts    0.02 nA
01:19:46  436.9s      -12 counts   -0.04 nA
01:19:47  436.9s      -18 counts   -0.06 nA
01:19:47  437.0s       -4 counts   -0.01 nA
01:19:47  437.0s      -12 counts   -0.04 nA
01:19:47  437.1s      -12 counts   -0.04 nA
01:19:47  437.1s      -12 counts   -0.04 nA
01:19:47  437.2s        5 counts    0.01 nA
01:19:47  437.3s      -14 counts   -0.05 nA
01:19:47  437.3s        7 counts    0.02 nA
01:19:47  437.4s       -3 counts   -0.01 nA
01:19:47  437.4s      -14 counts   -0.04 nA
01:19:47  437.5s      -12 counts   -0.04 nA
01:19:47  437.5s       -5 counts   -0.02 nA
01:19:47  437.6s      -11 counts   -0.03 nA
01:19:47  437.7s        3 counts    0.01 nA
01:19:47  437.7s       -6 counts   -0.02 nA
01:19:47  437.8s      -27 counts   -0.08 nA
01:19:47  437.8s        8 counts    0.03 nA
01:19:47  437.9s      -19 counts   -0.06 nA
01:19:48  437.9s      -12 counts   -0.04 nA
01:19:48  438.0s        4 counts    0.01 nA
01:19:48  438.0s       -4 counts   -0.01 nA
01:19:48  438.1s      -14 counts   -0.04 nA
01:19:48  438.2s      -34 counts   -0.11 nA
01:19:48  438.2s        7 counts    0.02 nA
01:19:48  438.3s        4 counts    0.01 nA
01:19:48  438.3s        1 counts    0.00 nA
01:19:48  438.4s      -17 counts   -0.05 nA
01:19:48  438.4s       -2 counts   -0.01 nA
01:19:48  438.5s       10 counts    0.03 nA
01:19:48  438.5s       -4 counts   -0.01 nA
01:19:48  438.6s       13 counts    0.04 nA
01:19:48  438.7s      -20 counts   -0.06 nA
01:19:48  438.7s      -24 counts   -0.08 nA
01:19:48  438.8s      -16 counts   -0.05 nA
01:19:48  438.8s        2 counts    0.01 nA
01:19:48  438.9s      -15 counts   -0.05 nA
01:19:49  438.9s        0 counts    0.00 nA
01:19:49  439.0s      -25 counts   -0.08 nA
01:19:49  439.0s      -17 counts   -0.05 nA
01:19:49  439.1s        4 counts    0.01 nA
01:19:49  439.1s       -4 counts   -0.01 nA
01:19:49  439.2s        4 counts    0.01 nA
01:19:49  439.3s       13 counts    0.04 nA
01:19:49  439.3s        2 counts    0.01 nA
01:19:49  439.4s        2 counts    0.01 nA
01:19:49  439.4s        1 counts    0.00 nA
01:19:49  439.5s       -0 counts   -0.00 nA
01:19:49  439.5s       23 counts    0.07 nA
01:19:49  439.6s        6 counts    0.02 nA
01:19:49  439.6s     4082 counts   12.73 nA   <<< CONTACT -- STOP TURNING. Z pulled back to 0. >>>
01:19:50  440.1s        0 counts    0.00 nA   LATCHED at Z 0 -- clear at Z 0 now
01:19:50  440.2s       -5 counts   -0.02 nA   LATCHED at Z 0 -- clear at Z 0 now
01:19:50  440.2s       -3 counts   -0.01 nA   LATCHED at Z 0 -- clear at Z 0 now
01:19:50  440.3s        6 counts    0.02 nA   LATCHED at Z 0 -- clear at Z 0 now
01:19:50  440.3s        3 counts    0.01 nA   LATCHED at Z 0 -- clear at Z 0 now
01:19:50  440.3s        2 counts    0.01 nA   LATCHED at Z 0 -- clear at Z 0 now
01:19:50  440.4s       -0 counts   -0.00 nA   LATCHED at Z 0 -- clear at Z 0 now
01:19:50  440.4s       -3 counts   -0.01 nA   LATCHED at Z 0 -- clear at Z 0 now
01:19:50  440.5s       -7 counts   -0.02 nA   LATCHED at Z 0 -- clear at Z 0 now
01:19:50  440.5s       -1 counts   -0.00 nA   LATCHED at Z 0 -- clear at Z 0 now
01:19:50  440.6s        0 counts    0.00 nA   LATCHED at Z 0 -- clear at Z 0 now
01:19:50  440.6s       -8 counts   -0.03 nA   LATCHED at Z 0 -- clear at Z 0 now
01:19:50  440.7s       -4 counts   -0.01 nA   LATCHED at Z 0 -- clear at Z 0 now
01:19:50  440.7s      -10 counts   -0.03 nA   LATCHED at Z 0 -- clear at Z 0 now
01:19:50  440.8s        5 counts    0.01 nA   LATCHED at Z 0 -- clear at Z 0 now
01:19:50  440.8s        5 counts    0.02 nA   LATCHED at Z 0 -- clear at Z 0 now
01:19:50  440.9s        5 counts    0.02 nA   LATCHED at Z 0 -- clear at Z 0 now
01:19:51  440.9s        1 counts    0.00 nA   LATCHED at Z 0 -- clear at Z 0 now
01:19:51  441.0s       16 counts    0.05 nA   LATCHED at Z 0 -- clear at Z 0 now
01:19:51  441.0s        6 counts    0.02 nA   LATCHED at Z 0 -- clear at Z 0 now
01:19:51  441.1s       -3 counts   -0.01 nA   LATCHED at Z 0 -- clear at Z 0 now
01:19:51  441.1s       -9 counts   -0.03 nA   LATCHED at Z 0 -- clear at Z 0 now
01:19:51  441.2s      -19 counts   -0.06 nA   LATCHED at Z 0 -- clear at Z 0 now
01:19:51  441.2s      -17 counts   -0.05 nA   LATCHED at Z 0 -- clear at Z 0 now
01:19:51  441.3s      -11 counts   -0.03 nA   LATCHED at Z 0 -- clear at Z 0 now
01:19:51  441.3s       -1 counts   -0.00 nA   LATCHED at Z 0 -- clear at Z 0 now
01:19:51  441.4s      -11 counts   -0.03 nA   LATCHED at Z 0 -- clear at Z 0 now
01:19:51  441.5s       42 counts    0.13 nA   LATCHED at Z 0 -- clear at Z 0 now
01:19:51  441.5s       12 counts    0.04 nA   LATCHED at Z 0 -- clear at Z 0 now
01:19:51  441.6s       13 counts    0.04 nA   LATCHED at Z 0 -- clear at Z 0 now
01:19:51  441.6s      -14 counts   -0.04 nA   LATCHED at Z 0 -- clear at Z 0 now
01:19:51  441.7s        5 counts    0.01 nA   LATCHED at Z 0 -- clear at Z 0 now
01:19:51  441.8s      -11 counts   -0.04 nA   LATCHED at Z 0 -- clear at Z 0 now
01:19:51  441.8s        3 counts    0.01 nA   LATCHED at Z 0 -- clear at Z 0 now
01:19:51  441.9s       -7 counts   -0.02 nA   LATCHED at Z 0 -- clear at Z 0 now
01:19:52  441.9s       -1 counts   -0.00 nA   LATCHED at Z 0 -- clear at Z 0 now
01:19:52  442.0s        5 counts    0.01 nA   LATCHED at Z 0 -- clear at Z 0 now
01:19:52  442.0s      -25 counts   -0.08 nA   LATCHED at Z 0 -- clear at Z 0 now
01:19:52  442.1s       -1 counts   -0.00 nA   LATCHED at Z 0 -- clear at Z 0 now
01:19:52  442.2s        1 counts    0.00 nA   LATCHED at Z 0 -- clear at Z 0 now
01:19:52  442.2s       -8 counts   -0.02 nA   LATCHED at Z 0 -- clear at Z 0 now
01:19:52  442.3s      -23 counts   -0.07 nA   LATCHED at Z 0 -- clear at Z 0 now
01:19:52  442.3s      -22 counts   -0.07 nA   LATCHED at Z 0 -- clear at Z 0 now
01:19:52  442.4s      -22 counts   -0.07 nA   LATCHED at Z 0 -- clear at Z 0 now
01:19:52  442.4s       -4 counts   -0.01 nA   LATCHED at Z 0 -- clear at Z 0 now
01:19:52  442.5s      -15 counts   -0.05 nA   LATCHED at Z 0 -- clear at Z 0 now
01:19:52  442.6s       -9 counts   -0.03 nA   LATCHED at Z 0 -- clear at Z 0 now
01:19:52  442.6s      -14 counts   -0.04 nA   LATCHED at Z 0 -- clear at Z 0 now
01:19:52  442.7s      -13 counts   -0.04 nA   LATCHED at Z 0 -- clear at Z 0 now
01:19:52  442.7s       -6 counts   -0.02 nA   LATCHED at Z 0 -- clear at Z 0 now
01:19:52  442.8s       -7 counts   -0.02 nA   LATCHED at Z 0 -- clear at Z 0 now
01:19:52  442.8s       -2 counts   -0.01 nA   LATCHED at Z 0 -- clear at Z 0 now
01:19:53  442.9s       32 counts    0.10 nA   LATCHED at Z 0 -- clear at Z 0 now
01:19:53  443.0s        8 counts    0.02 nA   LATCHED at Z 0 -- clear at Z 0 now
01:19:53  443.0s        7 counts    0.02 nA   LATCHED at Z 0 -- clear at Z 0 now
01:19:53  443.1s      -18 counts   -0.06 nA   LATCHED at Z 0 -- clear at Z 0 now
01:19:53  443.1s      -39 counts   -0.12 nA   LATCHED at Z 0 -- clear at Z 0 now
01:19:53  443.2s      -13 counts   -0.04 nA   LATCHED at Z 0 -- clear at Z 0 now
01:19:53  443.3s      -19 counts   -0.06 nA   LATCHED at Z 0 -- clear at Z 0 now
01:19:53  443.3s       10 counts    0.03 nA   LATCHED at Z 0 -- clear at Z 0 now
01:19:53  443.4s      -13 counts   -0.04 nA   LATCHED at Z 0 -- clear at Z 0 now
01:19:53  443.4s       16 counts    0.05 nA   LATCHED at Z 0 -- clear at Z 0 now
01:19:53  443.5s       -2 counts   -0.01 nA   LATCHED at Z 0 -- clear at Z 0 now
01:19:53  443.5s       28 counts    0.09 nA   LATCHED at Z 0 -- clear at Z 0 now
01:19:53  443.6s      -10 counts   -0.03 nA   LATCHED at Z 0 -- clear at Z 0 now
01:19:53  443.7s       -2 counts   -0.01 nA   LATCHED at Z 0 -- clear at Z 0 now
01:19:53  443.7s        4 counts    0.01 nA   LATCHED at Z 0 -- clear at Z 0 now
01:19:53  443.8s       -9 counts   -0.03 nA   LATCHED at Z 0 -- clear at Z 0 now
01:19:53  443.8s        0 counts    0.00 nA   LATCHED at Z 0 -- clear at Z 0 now
01:19:53  443.9s       10 counts    0.03 nA   LATCHED at Z 0 -- clear at Z 0 now
01:19:54  443.9s      -10 counts   -0.03 nA   LATCHED at Z 0 -- clear at Z 0 now
01:19:54  444.0s      -17 counts   -0.05 nA   LATCHED at Z 0 -- clear at Z 0 now
01:19:54  444.1s        5 counts    0.01 nA   LATCHED at Z 0 -- clear at Z 0 now
01:19:54  444.1s       -8 counts   -0.03 nA   LATCHED at Z 0 -- clear at Z 0 now
01:19:54  444.2s        4 counts    0.01 nA   LATCHED at Z 0 -- clear at Z 0 now
01:19:54  444.2s      -19 counts   -0.06 nA   LATCHED at Z 0 -- clear at Z 0 now
01:19:54  444.3s      -31 counts   -0.10 nA   LATCHED at Z 0 -- clear at Z 0 now
01:19:54  444.4s      -16 counts   -0.05 nA   LATCHED at Z 0 -- clear at Z 0 now
01:19:54  444.4s      -11 counts   -0.03 nA   LATCHED at Z 0 -- clear at Z 0 now
01:19:54  444.5s      -20 counts   -0.06 nA   LATCHED at Z 0 -- clear at Z 0 now
01:19:54  444.5s       -6 counts   -0.02 nA   LATCHED at Z 0 -- clear at Z 0 now
01:19:54  444.6s       -6 counts   -0.02 nA   LATCHED at Z 0 -- clear at Z 0 now
01:19:54  444.7s        5 counts    0.02 nA   LATCHED at Z 0 -- clear at Z 0 now
01:19:54  444.7s       -7 counts   -0.02 nA   LATCHED at Z 0 -- clear at Z 0 now
01:19:54  444.8s        7 counts    0.02 nA   LATCHED at Z 0 -- clear at Z 0 now
01:19:54  444.8s       28 counts    0.09 nA   LATCHED at Z 0 -- clear at Z 0 now
01:19:54  444.9s       21 counts    0.07 nA   LATCHED at Z 0 -- clear at Z 0 now
01:19:55  445.0s        3 counts    0.01 nA   LATCHED at Z 0 -- clear at Z 0 now
01:19:55  445.0s      -44 counts   -0.14 nA   LATCHED at Z 0 -- clear at Z 0 now
01:19:55  445.1s       -5 counts   -0.01 nA   LATCHED at Z 0 -- clear at Z 0 now
01:19:55  445.1s        6 counts    0.02 nA   LATCHED at Z 0 -- clear at Z 0 now
01:19:55  445.2s       13 counts    0.04 nA   LATCHED at Z 0 -- clear at Z 0 now
01:19:55  445.2s       11 counts    0.03 nA   LATCHED at Z 0 -- clear at Z 0 now
01:19:55  445.3s        5 counts    0.02 nA   LATCHED at Z 0 -- clear at Z 0 now
01:19:55  445.4s      -16 counts   -0.05 nA   LATCHED at Z 0 -- clear at Z 0 now
01:19:55  445.4s      -11 counts   -0.04 nA   LATCHED at Z 0 -- clear at Z 0 now
01:19:55  445.5s      -10 counts   -0.03 nA   LATCHED at Z 0 -- clear at Z 0 now
01:19:55  445.5s       -8 counts   -0.02 nA   LATCHED at Z 0 -- clear at Z 0 now
01:19:55  445.6s       -3 counts   -0.01 nA   LATCHED at Z 0 -- clear at Z 0 now
01:19:55  445.6s      -11 counts   -0.03 nA   LATCHED at Z 0 -- clear at Z 0 now
01:19:55  445.7s       -7 counts   -0.02 nA   LATCHED at Z 0 -- clear at Z 0 now
01:19:55  445.8s       -3 counts   -0.01 nA   LATCHED at Z 0 -- clear at Z 0 now
01:19:55  445.8s      -24 counts   -0.08 nA   LATCHED at Z 0 -- clear at Z 0 now
01:19:55  445.9s       -3 counts   -0.01 nA   LATCHED at Z 0 -- clear at Z 0 now
01:19:56  445.9s      -23 counts   -0.07 nA   LATCHED at Z 0 -- clear at Z 0 now
01:19:56  446.0s      -10 counts   -0.03 nA   LATCHED at Z 0 -- clear at Z 0 now
01:19:56  446.1s       -7 counts   -0.02 nA   LATCHED at Z 0 -- clear at Z 0 now
01:19:56  446.1s        8 counts    0.02 nA   LATCHED at Z 0 -- clear at Z 0 now
01:19:56  446.2s        6 counts    0.02 nA   LATCHED at Z 0 -- clear at Z 0 now
01:19:56  446.2s      -19 counts   -0.06 nA   LATCHED at Z 0 -- clear at Z 0 now
01:19:56  446.3s       -1 counts   -0.00 nA   LATCHED at Z 0 -- clear at Z 0 now
01:19:56  446.4s       -0 counts   -0.00 nA   LATCHED at Z 0 -- clear at Z 0 now
01:19:56  446.4s       -2 counts   -0.01 nA   LATCHED at Z 0 -- clear at Z 0 now
01:19:56  446.5s       -9 counts   -0.03 nA   LATCHED at Z 0 -- clear at Z 0 now
01:19:56  446.5s        2 counts    0.00 nA   LATCHED at Z 0 -- clear at Z 0 now
01:19:56  446.6s      -21 counts   -0.07 nA   LATCHED at Z 0 -- clear at Z 0 now
01:19:56  446.6s       -5 counts   -0.01 nA   LATCHED at Z 0 -- clear at Z 0 now
01:19:56  446.7s       -2 counts   -0.01 nA   LATCHED at Z 0 -- clear at Z 0 now
01:19:56  446.8s       -7 counts   -0.02 nA   LATCHED at Z 0 -- clear at Z 0 now
01:19:56  446.8s       -1 counts   -0.00 nA   LATCHED at Z 0 -- clear at Z 0 now
01:19:56  446.9s      -18 counts   -0.05 nA   LATCHED at Z 0 -- clear at Z 0 now
01:19:57  446.9s       -3 counts   -0.01 nA   LATCHED at Z 0 -- clear at Z 0 now
01:19:57  447.0s       -2 counts   -0.01 nA   LATCHED at Z 0 -- clear at Z 0 now
01:19:57  447.0s      -16 counts   -0.05 nA   LATCHED at Z 0 -- clear at Z 0 now
01:19:57  447.1s      -11 counts   -0.03 nA   LATCHED at Z 0 -- clear at Z 0 now
01:19:57  447.2s      -18 counts   -0.06 nA   LATCHED at Z 0 -- clear at Z 0 now
01:19:57  447.2s        8 counts    0.02 nA   LATCHED at Z 0 -- clear at Z 0 now
01:19:57  447.3s      -14 counts   -0.04 nA   LATCHED at Z 0 -- clear at Z 0 now
01:19:57  447.3s        7 counts    0.02 nA   LATCHED at Z 0 -- clear at Z 0 now
01:19:57  447.4s       -6 counts   -0.02 nA   LATCHED at Z 0 -- clear at Z 0 now
01:19:57  447.4s        4 counts    0.01 nA   LATCHED at Z 0 -- clear at Z 0 now
01:19:57  447.5s      -15 counts   -0.05 nA   LATCHED at Z 0 -- clear at Z 0 now
01:19:57  447.6s      -13 counts   -0.04 nA   LATCHED at Z 0 -- clear at Z 0 now
01:19:57  447.6s       -3 counts   -0.01 nA   LATCHED at Z 0 -- clear at Z 0 now
01:19:57  447.7s        3 counts    0.01 nA   LATCHED at Z 0 -- clear at Z 0 now
01:19:57  447.7s      -12 counts   -0.04 nA   LATCHED at Z 0 -- clear at Z 0 now
01:19:57  447.8s      -12 counts   -0.04 nA   LATCHED at Z 0 -- clear at Z 0 now
01:19:57  447.9s      -11 counts   -0.03 nA   LATCHED at Z 0 -- clear at Z 0 now
01:19:58  447.9s       -3 counts   -0.01 nA   LATCHED at Z 0 -- clear at Z 0 now
01:19:58  448.0s      -12 counts   -0.04 nA   LATCHED at Z 0 -- clear at Z 0 now
01:19:58  448.0s       -4 counts   -0.01 nA   LATCHED at Z 0 -- clear at Z 0 now
01:19:58  448.1s        5 counts    0.02 nA   LATCHED at Z 0 -- clear at Z 0 now
01:19:58  448.2s      -10 counts   -0.03 nA   LATCHED at Z 0 -- clear at Z 0 now
01:19:58  448.2s       -6 counts   -0.02 nA   LATCHED at Z 0 -- clear at Z 0 now
01:19:58  448.3s       -1 counts   -0.00 nA   LATCHED at Z 0 -- clear at Z 0 now
01:19:58  448.3s       -9 counts   -0.03 nA   LATCHED at Z 0 -- clear at Z 0 now
01:19:58  448.4s       -0 counts   -0.00 nA   LATCHED at Z 0 -- clear at Z 0 now
01:19:58  448.4s      -10 counts   -0.03 nA   LATCHED at Z 0 -- clear at Z 0 now
01:19:58  448.5s       -2 counts   -0.01 nA   LATCHED at Z 0 -- clear at Z 0 now
01:19:58  448.5s      -20 counts   -0.06 nA   LATCHED at Z 0 -- clear at Z 0 now
01:19:58  448.6s        1 counts    0.00 nA   LATCHED at Z 0 -- clear at Z 0 now
01:19:58  448.6s       -3 counts   -0.01 nA   LATCHED at Z 0 -- clear at Z 0 now
01:19:58  448.7s       -5 counts   -0.01 nA   LATCHED at Z 0 -- clear at Z 0 now
01:19:58  448.7s        1 counts    0.00 nA   LATCHED at Z 0 -- clear at Z 0 now
01:19:58  448.8s       -4 counts   -0.01 nA   LATCHED at Z 0 -- clear at Z 0 now
01:19:58  448.9s       -3 counts   -0.01 nA   LATCHED at Z 0 -- clear at Z 0 now
01:19:59  448.9s       -4 counts   -0.01 nA   LATCHED at Z 0 -- clear at Z 0 now
01:19:59  449.0s        1 counts    0.00 nA   LATCHED at Z 0 -- clear at Z 0 now
01:19:59  449.0s       -7 counts   -0.02 nA   LATCHED at Z 0 -- clear at Z 0 now
01:19:59  449.1s        2 counts    0.01 nA   LATCHED at Z 0 -- clear at Z 0 now
01:19:59  449.1s       -9 counts   -0.03 nA   LATCHED at Z 0 -- clear at Z 0 now
01:19:59  449.2s       -1 counts   -0.00 nA   LATCHED at Z 0 -- clear at Z 0 now
01:19:59  449.3s      -11 counts   -0.03 nA   LATCHED at Z 0 -- clear at Z 0 now
01:19:59  449.3s      -14 counts   -0.05 nA   LATCHED at Z 0 -- clear at Z 0 now
01:19:59  449.4s      -10 counts   -0.03 nA   LATCHED at Z 0 -- clear at Z 0 now
01:19:59  449.4s      -14 counts   -0.05 nA   LATCHED at Z 0 -- clear at Z 0 now
01:19:59  449.5s       -6 counts   -0.02 nA   LATCHED at Z 0 -- clear at Z 0 now
01:19:59  449.5s       -7 counts   -0.02 nA   LATCHED at Z 0 -- clear at Z 0 now
01:19:59  449.6s       -4 counts   -0.01 nA   LATCHED at Z 0 -- clear at Z 0 now
01:19:59  449.7s       -8 counts   -0.02 nA   LATCHED at Z 0 -- clear at Z 0 now
01:19:59  449.7s       -6 counts   -0.02 nA   LATCHED at Z 0 -- clear at Z 0 now
01:19:59  449.8s       -5 counts   -0.02 nA   LATCHED at Z 0 -- clear at Z 0 now
01:19:59  449.8s        2 counts    0.01 nA   LATCHED at Z 0 -- clear at Z 0 now
01:19:59  449.9s      -12 counts   -0.04 nA   LATCHED at Z 0 -- clear at Z 0 now
01:20:00  450.0s       -8 counts   -0.03 nA   LATCHED at Z 0 -- clear at Z 0 now
01:20:00  450.0s       -5 counts   -0.02 nA   LATCHED at Z 0 -- clear at Z 0 now
01:20:00  450.1s      -10 counts   -0.03 nA   LATCHED at Z 0 -- clear at Z 0 now
01:20:00  450.1s       -1 counts   -0.00 nA   LATCHED at Z 0 -- clear at Z 0 now
01:20:00  450.2s      -10 counts   -0.03 nA   LATCHED at Z 0 -- clear at Z 0 now
01:20:00  450.3s       -3 counts   -0.01 nA   LATCHED at Z 0 -- clear at Z 0 now
01:20:00  450.3s        3 counts    0.01 nA   LATCHED at Z 0 -- clear at Z 0 now
01:20:00  450.4s       -9 counts   -0.03 nA   LATCHED at Z 0 -- clear at Z 0 now
01:20:00  450.4s       -4 counts   -0.01 nA   LATCHED at Z 0 -- clear at Z 0 now
01:20:00  450.5s       -9 counts   -0.03 nA   LATCHED at Z 0 -- clear at Z 0 now
01:20:00  450.6s       -2 counts   -0.01 nA   LATCHED at Z 0 -- clear at Z 0 now
01:20:00  450.6s       -2 counts   -0.01 nA   LATCHED at Z 0 -- clear at Z 0 now
01:20:00  450.7s       -5 counts   -0.02 nA   LATCHED at Z 0 -- clear at Z 0 now
01:20:00  450.7s       -0 counts   -0.00 nA   LATCHED at Z 0 -- clear at Z 0 now
01:20:00  450.8s      -18 counts   -0.06 nA   LATCHED at Z 0 -- clear at Z 0 now
01:20:00  450.8s       -4 counts   -0.01 nA   LATCHED at Z 0 -- clear at Z 0 now
01:20:00  450.9s        3 counts    0.01 nA   LATCHED at Z 0 -- clear at Z 0 now
01:20:01  451.0s       -4 counts   -0.01 nA   LATCHED at Z 0 -- clear at Z 0 now
01:20:01  451.0s      -10 counts   -0.03 nA   LATCHED at Z 0 -- clear at Z 0 now
01:20:01  451.1s        4 counts    0.01 nA   LATCHED at Z 0 -- clear at Z 0 now
01:20:01  451.1s      -11 counts   -0.03 nA   LATCHED at Z 0 -- clear at Z 0 now
01:20:01  451.2s       -8 counts   -0.02 nA   LATCHED at Z 0 -- clear at Z 0 now
01:20:01  451.2s       -4 counts   -0.01 nA   LATCHED at Z 0 -- clear at Z 0 now
01:20:01  451.3s       -6 counts   -0.02 nA   LATCHED at Z 0 -- clear at Z 0 now
01:20:01  451.3s       -5 counts   -0.02 nA   LATCHED at Z 0 -- clear at Z 0 now
01:20:01  451.4s       -9 counts   -0.03 nA   LATCHED at Z 0 -- clear at Z 0 now
01:20:01  451.5s       -4 counts   -0.01 nA   LATCHED at Z 0 -- clear at Z 0 now
01:20:01  451.5s       -8 counts   -0.03 nA   LATCHED at Z 0 -- clear at Z 0 now
01:20:01  451.6s       -3 counts   -0.01 nA   LATCHED at Z 0 -- clear at Z 0 now
01:20:01  451.6s       -3 counts   -0.01 nA   LATCHED at Z 0 -- clear at Z 0 now
01:20:01  451.7s       -4 counts   -0.01 nA   LATCHED at Z 0 -- clear at Z 0 now
01:20:01  451.7s       -1 counts   -0.00 nA   LATCHED at Z 0 -- clear at Z 0 now
01:20:01  451.8s       -4 counts   -0.01 nA   LATCHED at Z 0 -- clear at Z 0 now
01:20:01  451.9s        1 counts    0.00 nA   LATCHED at Z 0 -- clear at Z 0 now
01:20:02  451.9s        2 counts    0.01 nA   LATCHED at Z 0 -- clear at Z 0 now
01:20:02  452.0s       -3 counts   -0.01 nA   LATCHED at Z 0 -- clear at Z 0 now
01:20:02  452.0s        1 counts    0.00 nA   LATCHED at Z 0 -- clear at Z 0 now
01:20:02  452.1s       -8 counts   -0.02 nA   LATCHED at Z 0 -- clear at Z 0 now
01:20:02  452.1s       -3 counts   -0.01 nA   LATCHED at Z 0 -- clear at Z 0 now
01:20:02  452.2s       -1 counts   -0.00 nA   LATCHED at Z 0 -- clear at Z 0 now
01:20:02  452.3s      -12 counts   -0.04 nA   LATCHED at Z 0 -- clear at Z 0 now
01:20:02  452.3s       -7 counts   -0.02 nA   LATCHED at Z 0 -- clear at Z 0 now
01:20:02  452.4s      -11 counts   -0.04 nA   LATCHED at Z 0 -- clear at Z 0 now
01:20:02  452.4s      -10 counts   -0.03 nA   LATCHED at Z 0 -- clear at Z 0 now
01:20:02  452.5s       -7 counts   -0.02 nA   LATCHED at Z 0 -- clear at Z 0 now
01:20:02  452.6s       -1 counts   -0.00 nA   LATCHED at Z 0 -- clear at Z 0 now
01:20:02  452.6s       -6 counts   -0.02 nA   LATCHED at Z 0 -- clear at Z 0 now
01:20:02  452.7s        2 counts    0.01 nA   LATCHED at Z 0 -- clear at Z 0 now
01:20:02  452.7s       -4 counts   -0.01 nA   LATCHED at Z 0 -- clear at Z 0 now
01:20:02  452.8s       -8 counts   -0.02 nA   LATCHED at Z 0 -- clear at Z 0 now
01:20:02  452.8s       -5 counts   -0.02 nA   LATCHED at Z 0 -- clear at Z 0 now
01:20:03  452.9s      -10 counts   -0.03 nA   LATCHED at Z 0 -- clear at Z 0 now
01:20:03  453.0s       -7 counts   -0.02 nA   LATCHED at Z 0 -- clear at Z 0 now
01:20:03  453.0s       -5 counts   -0.02 nA   LATCHED at Z 0 -- clear at Z 0 now
01:20:03  453.1s       -4 counts   -0.01 nA   LATCHED at Z 0 -- clear at Z 0 now
01:20:03  453.1s       -0 counts   -0.00 nA   LATCHED at Z 0 -- clear at Z 0 now
01:20:03  453.2s        1 counts    0.00 nA   LATCHED at Z 0 -- clear at Z 0 now
01:20:03  453.3s       -2 counts   -0.01 nA   LATCHED at Z 0 -- clear at Z 0 now
01:20:03  453.3s       -6 counts   -0.02 nA   LATCHED at Z 0 -- clear at Z 0 now
01:20:03  453.4s       -8 counts   -0.03 nA   LATCHED at Z 0 -- clear at Z 0 now
01:20:03  453.4s      -11 counts   -0.04 nA   LATCHED at Z 0 -- clear at Z 0 now
01:20:03  453.5s        4 counts    0.01 nA   LATCHED at Z 0 -- clear at Z 0 now
01:20:03  453.5s        0 counts    0.00 nA   LATCHED at Z 0 -- clear at Z 0 now
01:20:03  453.6s       -4 counts   -0.01 nA   LATCHED at Z 0 -- clear at Z 0 now
01:20:03  453.7s      -10 counts   -0.03 nA   LATCHED at Z 0 -- clear at Z 0 now
01:20:03  453.7s       -3 counts   -0.01 nA   LATCHED at Z 0 -- clear at Z 0 now
01:20:03  453.8s       -0 counts   -0.00 nA   LATCHED at Z 0 -- clear at Z 0 now
01:20:03  453.8s      -13 counts   -0.04 nA   LATCHED at Z 0 -- clear at Z 0 now
01:20:03  453.9s       -4 counts   -0.01 nA   LATCHED at Z 0 -- clear at Z 0 now
01:20:04  453.9s      -11 counts   -0.04 nA   LATCHED at Z 0 -- clear at Z 0 now
01:20:04  454.0s       -8 counts   -0.03 nA   LATCHED at Z 0 -- clear at Z 0 now
01:20:04  454.1s      -11 counts   -0.03 nA   LATCHED at Z 0 -- clear at Z 0 now
01:20:04  454.1s       -2 counts   -0.01 nA   LATCHED at Z 0 -- clear at Z 0 now
01:20:04  454.2s       -7 counts   -0.02 nA   LATCHED at Z 0 -- clear at Z 0 now
01:20:04  454.2s       -6 counts   -0.02 nA   LATCHED at Z 0 -- clear at Z 0 now
01:20:04  454.3s       -6 counts   -0.02 nA   LATCHED at Z 0 -- clear at Z 0 now
01:20:04  454.4s       -8 counts   -0.03 nA   LATCHED at Z 0 -- clear at Z 0 now
01:20:04  454.4s       -0 counts   -0.00 nA   LATCHED at Z 0 -- clear at Z 0 now
01:20:04  454.5s      -13 counts   -0.04 nA   LATCHED at Z 0 -- clear at Z 0 now
01:20:04  454.5s       -8 counts   -0.02 nA   LATCHED at Z 0 -- clear at Z 0 now
01:20:04  454.6s       -6 counts   -0.02 nA   LATCHED at Z 0 -- clear at Z 0 now
01:20:04  454.6s      -15 counts   -0.05 nA   LATCHED at Z 0 -- clear at Z 0 now
01:20:04  454.7s      -10 counts   -0.03 nA   LATCHED at Z 0 -- clear at Z 0 now
01:20:04  454.8s       -3 counts   -0.01 nA   LATCHED at Z 0 -- clear at Z 0 now
01:20:04  454.8s       -7 counts   -0.02 nA   LATCHED at Z 0 -- clear at Z 0 now
01:20:04  454.9s        2 counts    0.01 nA   LATCHED at Z 0 -- clear at Z 0 now
01:20:05  454.9s       -2 counts   -0.01 nA   LATCHED at Z 0 -- clear at Z 0 now
01:20:05  455.0s       -3 counts   -0.01 nA   LATCHED at Z 0 -- clear at Z 0 now
01:20:05  455.0s       -0 counts   -0.00 nA   LATCHED at Z 0 -- clear at Z 0 now
01:20:05  455.1s       -4 counts   -0.01 nA   LATCHED at Z 0 -- clear at Z 0 now
01:20:05  455.2s       -3 counts   -0.01 nA   LATCHED at Z 0 -- clear at Z 0 now
01:20:05  455.2s       -6 counts   -0.02 nA   LATCHED at Z 0 -- clear at Z 0 now
01:20:05  455.3s        0 counts    0.00 nA   LATCHED at Z 0 -- clear at Z 0 now
01:20:05  455.3s       -7 counts   -0.02 nA   LATCHED at Z 0 -- clear at Z 0 now
01:20:05  455.4s        1 counts    0.00 nA   LATCHED at Z 0 -- clear at Z 0 now
01:20:05  455.5s      -11 counts   -0.03 nA   LATCHED at Z 0 -- clear at Z 0 now
01:20:05  455.5s       -9 counts   -0.03 nA   LATCHED at Z 0 -- clear at Z 0 now
01:20:05  455.6s       -2 counts   -0.01 nA   LATCHED at Z 0 -- clear at Z 0 now
01:20:05  455.6s       -6 counts   -0.02 nA   LATCHED at Z 0 -- clear at Z 0 now
01:20:05  455.7s      -10 counts   -0.03 nA   LATCHED at Z 0 -- clear at Z 0 now
01:20:05  455.7s       -4 counts   -0.01 nA   LATCHED at Z 0 -- clear at Z 0 now
01:20:05  455.8s       -9 counts   -0.03 nA   LATCHED at Z 0 -- clear at Z 0 now
01:20:05  455.9s       -7 counts   -0.02 nA   LATCHED at Z 0 -- clear at Z 0 now
01:20:06  455.9s       -4 counts   -0.01 nA   LATCHED at Z 0 -- clear at Z 0 now
01:20:06  456.0s       -5 counts   -0.02 nA   LATCHED at Z 0 -- clear at Z 0 now
01:20:06  456.0s       -8 counts   -0.03 nA   LATCHED at Z 0 -- clear at Z 0 now
01:20:06  456.1s       -2 counts   -0.01 nA   LATCHED at Z 0 -- clear at Z 0 now
01:20:06  456.2s       -7 counts   -0.02 nA   LATCHED at Z 0 -- clear at Z 0 now
01:20:06  456.2s       -9 counts   -0.03 nA   LATCHED at Z 0 -- clear at Z 0 now
01:20:06  456.3s       -8 counts   -0.02 nA   LATCHED at Z 0 -- clear at Z 0 now
01:20:06  456.3s       -7 counts   -0.02 nA   LATCHED at Z 0 -- clear at Z 0 now
01:20:06  456.4s       -9 counts   -0.03 nA   LATCHED at Z 0 -- clear at Z 0 now
01:20:06  456.4s       -9 counts   -0.03 nA   LATCHED at Z 0 -- clear at Z 0 now
01:20:06  456.5s       -5 counts   -0.02 nA   LATCHED at Z 0 -- clear at Z 0 now
01:20:06  456.6s       -1 counts   -0.00 nA   LATCHED at Z 0 -- clear at Z 0 now
01:20:06  456.6s       -7 counts   -0.02 nA   LATCHED at Z 0 -- clear at Z 0 now
01:20:06  456.7s      -11 counts   -0.03 nA   LATCHED at Z 0 -- clear at Z 0 now
01:20:06  456.7s       -7 counts   -0.02 nA   LATCHED at Z 0 -- clear at Z 0 now
01:20:06  456.8s       -1 counts   -0.00 nA   LATCHED at Z 0 -- clear at Z 0 now
01:20:06  456.9s      -13 counts   -0.04 nA   LATCHED at Z 0 -- clear at Z 0 now
01:20:07  456.9s       -1 counts   -0.00 nA   LATCHED at Z 0 -- clear at Z 0 now
01:20:07  457.0s       -2 counts   -0.01 nA   LATCHED at Z 0 -- clear at Z 0 now
01:20:07  457.0s       -9 counts   -0.03 nA   LATCHED at Z 0 -- clear at Z 0 now
01:20:07  457.1s       -5 counts   -0.01 nA   LATCHED at Z 0 -- clear at Z 0 now
01:20:07  457.1s        0 counts    0.00 nA   LATCHED at Z 0 -- clear at Z 0 now
01:20:07  457.2s       -1 counts   -0.00 nA   LATCHED at Z 0 -- clear at Z 0 now
01:20:07  457.3s       -5 counts   -0.02 nA   LATCHED at Z 0 -- clear at Z 0 now
01:20:07  457.3s       -4 counts   -0.01 nA   LATCHED at Z 0 -- clear at Z 0 now
01:20:07  457.4s       -7 counts   -0.02 nA   LATCHED at Z 0 -- clear at Z 0 now
01:20:07  457.4s       -4 counts   -0.01 nA   LATCHED at Z 0 -- clear at Z 0 now
01:20:07  457.5s       -7 counts   -0.02 nA   LATCHED at Z 0 -- clear at Z 0 now
01:20:07  457.5s      -10 counts   -0.03 nA   LATCHED at Z 0 -- clear at Z 0 now
01:20:07  457.6s        3 counts    0.01 nA   LATCHED at Z 0 -- clear at Z 0 now
01:20:07  457.7s       -7 counts   -0.02 nA   LATCHED at Z 0 -- clear at Z 0 now
01:20:07  457.7s       -5 counts   -0.01 nA   LATCHED at Z 0 -- clear at Z 0 now
01:20:07  457.8s       -3 counts   -0.01 nA   LATCHED at Z 0 -- clear at Z 0 now
01:20:07  457.8s       -8 counts   -0.02 nA   LATCHED at Z 0 -- clear at Z 0 now
01:20:07  457.9s       -9 counts   -0.03 nA   LATCHED at Z 0 -- clear at Z 0 now
01:20:08  457.9s       -2 counts   -0.01 nA   LATCHED at Z 0 -- clear at Z 0 now
01:20:08  458.0s        0 counts    0.00 nA   LATCHED at Z 0 -- clear at Z 0 now
01:20:08  458.1s       -1 counts   -0.00 nA   LATCHED at Z 0 -- clear at Z 0 now
01:20:08  458.1s       -9 counts   -0.03 nA   LATCHED at Z 0 -- clear at Z 0 now
01:20:08  458.2s        2 counts    0.01 nA   LATCHED at Z 0 -- clear at Z 0 now
01:20:08  458.2s        2 counts    0.00 nA   LATCHED at Z 0 -- clear at Z 0 now
01:20:08  458.3s       -3 counts   -0.01 nA   LATCHED at Z 0 -- clear at Z 0 now
01:20:08  458.4s      -14 counts   -0.04 nA   LATCHED at Z 0 -- clear at Z 0 now
01:20:08  458.4s       -4 counts   -0.01 nA   LATCHED at Z 0 -- clear at Z 0 now
01:20:08  458.5s       -6 counts   -0.02 nA   LATCHED at Z 0 -- clear at Z 0 now
01:20:08  458.5s       -9 counts   -0.03 nA   LATCHED at Z 0 -- clear at Z 0 now
01:20:08  458.6s       -6 counts   -0.02 nA   LATCHED at Z 0 -- clear at Z 0 now
01:20:08  458.6s        3 counts    0.01 nA   LATCHED at Z 0 -- clear at Z 0 now
01:20:08  458.7s       -5 counts   -0.02 nA   LATCHED at Z 0 -- clear at Z 0 now
01:20:08  458.8s       -5 counts   -0.02 nA   LATCHED at Z 0 -- clear at Z 0 now
01:20:08  458.8s       -0 counts   -0.00 nA   LATCHED at Z 0 -- clear at Z 0 now
01:20:08  458.9s        1 counts    0.00 nA   LATCHED at Z 0 -- clear at Z 0 now
01:20:09  458.9s       -2 counts   -0.01 nA   LATCHED at Z 0 -- clear at Z 0 now
01:20:09  459.0s       -7 counts   -0.02 nA   LATCHED at Z 0 -- clear at Z 0 now
01:20:09  459.1s       -7 counts   -0.02 nA   LATCHED at Z 0 -- clear at Z 0 now
01:20:09  459.1s       -3 counts   -0.01 nA   LATCHED at Z 0 -- clear at Z 0 now
01:20:09  459.2s       -4 counts   -0.01 nA   LATCHED at Z 0 -- clear at Z 0 now
01:20:09  459.2s        2 counts    0.00 nA   LATCHED at Z 0 -- clear at Z 0 now
01:20:09  459.3s       -5 counts   -0.02 nA   LATCHED at Z 0 -- clear at Z 0 now
01:20:09  459.3s      -15 counts   -0.05 nA   LATCHED at Z 0 -- clear at Z 0 now
01:20:09  459.4s       -1 counts   -0.00 nA   LATCHED at Z 0 -- clear at Z 0 now
01:20:09  459.5s       -0 counts   -0.00 nA   LATCHED at Z 0 -- clear at Z 0 now
01:20:09  459.5s       -2 counts   -0.01 nA   LATCHED at Z 0 -- clear at Z 0 now
01:20:09  459.6s        6 counts    0.02 nA   LATCHED at Z 0 -- clear at Z 0 now
01:20:09  459.6s       -6 counts   -0.02 nA   LATCHED at Z 0 -- clear at Z 0 now
01:20:09  459.7s        2 counts    0.01 nA   LATCHED at Z 0 -- clear at Z 0 now
01:20:09  459.8s       -7 counts   -0.02 nA   LATCHED at Z 0 -- clear at Z 0 now
01:20:09  459.8s       -7 counts   -0.02 nA   LATCHED at Z 0 -- clear at Z 0 now
01:20:09  459.9s       -2 counts   -0.01 nA   LATCHED at Z 0 -- clear at Z 0 now
01:20:10  459.9s       -9 counts   -0.03 nA   LATCHED at Z 0 -- clear at Z 0 now
01:20:10  460.0s      -13 counts   -0.04 nA   LATCHED at Z 0 -- clear at Z 0 now
01:20:10  460.1s       -2 counts   -0.01 nA   LATCHED at Z 0 -- clear at Z 0 now
01:20:10  460.1s       -5 counts   -0.01 nA   LATCHED at Z 0 -- clear at Z 0 now
01:20:10  460.2s        3 counts    0.01 nA   LATCHED at Z 0 -- clear at Z 0 now
01:20:10  460.2s      -12 counts   -0.04 nA   LATCHED at Z 0 -- clear at Z 0 now
01:20:10  460.3s      -12 counts   -0.04 nA   LATCHED at Z 0 -- clear at Z 0 now
01:20:10  460.3s      -11 counts   -0.03 nA   LATCHED at Z 0 -- clear at Z 0 now
01:20:10  460.4s       -9 counts   -0.03 nA   LATCHED at Z 0 -- clear at Z 0 now
01:20:10  460.5s       -6 counts   -0.02 nA   LATCHED at Z 0 -- clear at Z 0 now
01:20:10  460.5s       -2 counts   -0.01 nA   LATCHED at Z 0 -- clear at Z 0 now
01:20:10  460.6s       -9 counts   -0.03 nA   LATCHED at Z 0 -- clear at Z 0 now
01:20:10  460.6s      -10 counts   -0.03 nA   LATCHED at Z 0 -- clear at Z 0 now
01:20:10  460.7s       -6 counts   -0.02 nA   LATCHED at Z 0 -- clear at Z 0 now
01:20:10  460.8s       -6 counts   -0.02 nA   LATCHED at Z 0 -- clear at Z 0 now
01:20:10  460.8s       -4 counts   -0.01 nA   LATCHED at Z 0 -- clear at Z 0 now
01:20:10  460.9s       -1 counts   -0.00 nA   LATCHED at Z 0 -- clear at Z 0 now
01:20:11  460.9s       -7 counts   -0.02 nA   LATCHED at Z 0 -- clear at Z 0 now
01:20:11  461.0s       -8 counts   -0.02 nA   LATCHED at Z 0 -- clear at Z 0 now
01:20:11  461.0s       -4 counts   -0.01 nA   LATCHED at Z 0 -- clear at Z 0 now
01:20:11  461.1s      -14 counts   -0.04 nA   LATCHED at Z 0 -- clear at Z 0 now
01:20:11  461.2s      -10 counts   -0.03 nA   LATCHED at Z 0 -- clear at Z 0 now
01:20:11  461.2s       -4 counts   -0.01 nA   LATCHED at Z 0 -- clear at Z 0 now
01:20:11  461.3s      -13 counts   -0.04 nA   LATCHED at Z 0 -- clear at Z 0 now
01:20:11  461.4s       -3 counts   -0.01 nA   LATCHED at Z 0 -- clear at Z 0 now
01:20:11  461.4s      -10 counts   -0.03 nA   LATCHED at Z 0 -- clear at Z 0 now
01:20:11  461.5s        1 counts    0.00 nA   LATCHED at Z 0 -- clear at Z 0 now
01:20:11  461.5s       -7 counts   -0.02 nA   LATCHED at Z 0 -- clear at Z 0 now
01:20:11  461.6s       -7 counts   -0.02 nA   LATCHED at Z 0 -- clear at Z 0 now
01:20:11  461.7s       -4 counts   -0.01 nA   LATCHED at Z 0 -- clear at Z 0 now
01:20:11  461.7s       -7 counts   -0.02 nA   LATCHED at Z 0 -- clear at Z 0 now
01:20:11  461.8s       -4 counts   -0.01 nA   LATCHED at Z 0 -- clear at Z 0 now
01:20:11  461.8s       -1 counts   -0.00 nA   LATCHED at Z 0 -- clear at Z 0 now
01:20:11  461.9s       -5 counts   -0.02 nA   LATCHED at Z 0 -- clear at Z 0 now
01:20:12  461.9s       -6 counts   -0.02 nA   LATCHED at Z 0 -- clear at Z 0 now
01:20:12  462.0s       -5 counts   -0.02 nA   LATCHED at Z 0 -- clear at Z 0 now
01:20:12  462.1s       -1 counts   -0.00 nA   LATCHED at Z 0 -- clear at Z 0 now
01:20:12  462.1s       -5 counts   -0.02 nA   LATCHED at Z 0 -- clear at Z 0 now
01:20:12  462.2s       -6 counts   -0.02 nA   LATCHED at Z 0 -- clear at Z 0 now
01:20:12  462.2s       -1 counts   -0.00 nA   LATCHED at Z 0 -- clear at Z 0 now
01:20:12  462.3s       -4 counts   -0.01 nA   LATCHED at Z 0 -- clear at Z 0 now
01:20:12  462.4s       -4 counts   -0.01 nA   LATCHED at Z 0 -- clear at Z 0 now
01:20:12  462.4s       -7 counts   -0.02 nA   LATCHED at Z 0 -- clear at Z 0 now
01:20:12  462.5s        4 counts    0.01 nA   LATCHED at Z 0 -- clear at Z 0 now
01:20:12  462.5s        1 counts    0.00 nA   LATCHED at Z 0 -- clear at Z 0 now
01:20:12  462.6s       -4 counts   -0.01 nA   LATCHED at Z 0 -- clear at Z 0 now
01:20:12  462.7s       -2 counts   -0.01 nA   LATCHED at Z 0 -- clear at Z 0 now
01:20:12  462.7s        1 counts    0.00 nA   LATCHED at Z 0 -- clear at Z 0 now
01:20:12  462.8s       -7 counts   -0.02 nA   LATCHED at Z 0 -- clear at Z 0 now
01:20:12  462.9s       -6 counts   -0.02 nA   LATCHED at Z 0 -- clear at Z 0 now
