t,tag,z,bias,value
0.3551,base,0,38229,-71
0.356,base,0,38229,-5
0.3565,base,0,38229,-55
0.357,base,0,38229,-33
0.3577,base,0,38229,-37
0.3583,base,0,38229,-28
0.3587,base,0,38229,66
0.3601,base,0,38229,9
0.3606,base,0,38229,57
0.361,base,0,38229,-31
0.3615,base,0,38229,70
0.3619,base,0,38229,-26
0.3624,base,0,38229,-11
0.3629,base,0,38229,70
0.3633,base,0,38229,-1
0.3637,base,0,38229,25
0.3642,base,0,38229,-47
0.3646,base,0,38229,-26
0.365,base,0,38229,0
0.3655,base,0,38229,-58
0.3658,base,0,38229,-13
0.3663,base,0,38229,-40
0.3668,base,0,38229,-26
0.3671,base,0,38229,-19
0.3675,base,0,38229,-25
0.3679,base,0,38229,17
0.3683,base,0,38229,-24
0.3687,base,0,38229,52
0.369,base,0,38229,-39
0.3695,base,0,38229,-105
0.3699,base,0,38229,1
0.3703,base,0,38229,-65
0.3709,base,0,38229,46
0.3712,base,0,38229,-16
0.3716,base,0,38229,0
0.3721,base,0,38229,-35
0.3725,base,0,38229,-24
0.3728,base,0,38229,-26
0.3731,base,0,38229,10
0.3736,base,0,38229,64
0.374,base,0,38229,-47
0.3745,base,0,38229,40
0.3751,base,0,38229,18
0.3756,base,0,38229,-85
0.3761,base,0,38229,59
0.3764,base,0,38229,-47
0.3767,base,0,38229,-37
0.377,base,0,38229,11
0.3773,base,0,38229,2
0.3777,base,0,38229,18
0.378,base,0,38229,57
0.3784,base,0,38229,-15
0.3788,base,0,38229,36
0.3791,base,0,38229,12
0.3797,base,0,38229,-64
0.3801,base,0,38229,-19
0.3805,base,0,38229,-28
0.3809,base,0,38229,10
0.3812,base,0,38229,-93
0.3816,base,0,38229,0
0.3819,base,0,38229,28
0.3824,base,0,38229,25
0.3827,base,0,38229,9
0.3831,base,0,38229,-7
0.3834,base,0,38229,6
0.3837,base,0,38229,-12
0.384,base,0,38229,12
0.3843,base,0,38229,39
0.3846,base,0,38229,-12
0.3849,base,0,38229,11
0.3851,base,0,38229,62
0.3854,base,0,38229,-34
0.3857,base,0,38229,23
0.386,base,0,38229,54
0.3863,base,0,38229,-21
0.3866,base,0,38229,17
0.3869,base,0,38229,24
0.3872,base,0,38229,-49
0.3875,base,0,38229,-8
0.3878,base,0,38229,43
0.3881,base,0,38229,-13
0.3884,base,0,38229,-6
0.3887,base,0,38229,-36
0.389,base,0,38229,-101
0.3893,base,0,38229,-44
0.3896,base,0,38229,-11
0.3899,base,0,38229,-93
0.3902,base,0,38229,-95
0.3905,base,0,38229,-52
0.3909,base,0,38229,35
0.3914,base,0,38229,-45
0.392,base,0,38229,-1
0.3927,base,0,38229,-63
0.3932,base,0,38229,78
0.3936,base,0,38229,-25
0.394,base,0,38229,20
0.3942,base,0,38229,8
0.3945,base,0,38229,64
0.3948,base,0,38229,-6
0.3951,base,0,38229,30
0.3955,base,0,38229,45
0.3957,base,0,38229,56
0.3961,base,0,38229,22
0.3964,base,0,38229,-43
0.3967,base,0,38229,-65
0.397,base,0,38229,-34
0.3973,base,0,38229,-13
0.3976,base,0,38229,-24
0.3979,base,0,38229,-81
0.3982,base,0,38229,-10
0.3985,base,0,38229,-6
0.3988,base,0,38229,-31
0.3991,base,0,38229,-9
0.3994,base,0,38229,30
0.3997,base,0,38229,-1
0.4,base,0,38229,55
0.4003,base,0,38229,0
0.4006,base,0,38229,-5
0.4009,base,0,38229,-6
0.4012,base,0,38229,13
0.4014,base,0,38229,-18
0.4017,base,0,38229,-39
0.402,base,0,38229,-8
0.4023,base,0,38229,5
0.4026,base,0,38229,-18
0.4029,base,0,38229,-35
0.4032,base,0,38229,-69
0.4034,base,0,38229,-78
0.4037,base,0,38229,-62
0.404,base,0,38229,-21
0.4043,base,0,38229,-93
0.4046,base,0,38229,-54
0.405,base,0,38229,-14
0.4052,base,0,38229,-30
0.4055,base,0,38229,13
0.4058,base,0,38229,16
0.4061,base,0,38229,-15
0.4064,base,0,38229,-16
0.4067,base,0,38229,-3
0.407,base,0,38229,-11
0.4073,base,0,38229,27
0.4077,base,0,38229,38
0.4082,base,0,38229,-37
0.4086,base,0,38229,48
0.409,base,0,38229,-51
0.4094,base,0,38229,28
0.4098,base,0,38229,46
0.4101,base,0,38229,-79
0.4104,base,0,38229,-43
0.4107,base,0,38229,14
0.411,base,0,38229,-22
0.4113,base,0,38229,-25
0.4116,base,0,38229,2
0.4119,base,0,38229,-11
0.4122,base,0,38229,-16
0.4124,base,0,38229,-42
0.4129,base,0,38229,0
0.4133,base,0,38229,-75
0.4138,base,0,38229,8
0.4141,base,0,38229,5
0.4144,base,0,38229,-9
0.4147,base,0,38229,-18
0.415,base,0,38229,-44
0.4153,base,0,38229,-16
0.4156,base,0,38229,11
0.4159,base,0,38229,-40
0.4162,base,0,38229,31
0.4165,base,0,38229,-11
0.4168,base,0,38229,15
0.4171,base,0,38229,4
0.4174,base,0,38229,1
0.4177,base,0,38229,13
0.418,base,0,38229,51
0.4183,base,0,38229,34
0.4186,base,0,38229,9
0.4189,base,0,38229,21
0.4192,base,0,38229,44
0.4195,base,0,38229,13
0.4197,base,0,38229,-5
0.42,base,0,38229,-21
0.4203,base,0,38229,-34
0.4206,base,0,38229,-62
0.4208,base,0,38229,-23
0.4211,base,0,38229,-17
0.4214,base,0,38229,13
0.4217,base,0,38229,-47
0.4219,base,0,38229,-32
0.4222,base,0,38229,73
0.4225,base,0,38229,-14
0.4228,base,0,38229,34
0.4231,base,0,38229,30
0.4233,base,0,38229,-27
0.4236,base,0,38229,-12
0.4241,base,0,38229,-16
0.4246,base,0,38229,-20
0.4252,base,0,38229,-7
0.4256,base,0,38229,14
0.426,base,0,38229,48
0.4264,base,0,38229,-1
0.4267,base,0,38229,-11
0.4271,base,0,38229,15
0.4274,base,0,38229,27
0.4276,base,0,38229,21
0.4279,base,0,38229,59
0.4282,base,0,38229,21
0.4285,base,0,38229,48
0.4288,base,0,38229,16
0.4291,base,0,38229,59
0.4293,base,0,38229,7
0.4296,base,0,38229,0
0.4299,base,0,38229,-42
0.4302,base,0,38229,-22
0.4305,base,0,38229,23
0.4308,base,0,38229,21
0.4311,base,0,38229,-47
0.4313,base,0,38229,-22
0.4316,base,0,38229,-55
0.4318,base,0,38229,78
0.4321,base,0,38229,0
0.4324,base,0,38229,47
0.4327,base,0,38229,-19
0.433,base,0,38229,40
0.4333,base,0,38229,6
0.4336,base,0,38229,9
0.4338,base,0,38229,-12
0.4341,base,0,38229,-15
0.4344,base,0,38229,-20
0.4347,base,0,38229,-61
0.4349,base,0,38229,-15
0.4352,base,0,38229,-19
0.4356,base,0,38229,-24
0.4359,base,0,38229,-9
0.4361,base,0,38229,-23
0.4364,base,0,38229,-12
0.4367,base,0,38229,-28
0.437,base,0,38229,-20
0.4372,base,0,38229,-95
0.4375,base,0,38229,-76
0.4378,base,0,38229,-20
0.4381,base,0,38229,-13
0.4383,base,0,38229,-6
0.4386,base,0,38229,-1
0.4389,base,0,38229,66
0.4392,base,0,38229,1
0.4395,base,0,38229,21
0.4398,base,0,38229,74
0.44,base,0,38229,59
0.4405,base,0,38229,37
0.4409,base,0,38229,-66
0.4414,base,0,38229,-7
0.4419,base,0,38229,49
0.4423,base,0,38229,10
0.4428,base,0,38229,-1
0.4432,base,0,38229,56
0.4435,base,0,38229,0
0.4438,base,0,38229,-64
0.4441,base,0,38229,-34
0.4444,base,0,38229,-29
0.4447,base,0,38229,-25
0.445,base,0,38229,17
0.4452,base,0,38229,30
0.4456,base,0,38229,-30
0.4458,base,0,38229,-24
0.4461,base,0,38229,99
0.4463,base,0,38229,63
0.4466,base,0,38229,2
0.4468,base,0,38229,16
0.4471,base,0,38229,-19
0.4474,base,0,38229,-34
0.4477,base,0,38229,-12
0.448,base,0,38229,-78
0.4482,base,0,38229,-82
0.4485,base,0,38229,46
0.4487,base,0,38229,26
0.449,base,0,38229,49
0.4493,base,0,38229,20
0.4496,base,0,38229,21
0.4498,base,0,38229,17
0.4501,base,0,38229,25
0.4504,base,0,38229,-66
0.4507,base,0,38229,-30
0.4509,base,0,38229,-23
0.4512,base,0,38229,-117
0.4515,base,0,38229,-59
0.4517,base,0,38229,-63
0.452,base,0,38229,-6
0.4523,base,0,38229,-66
0.4527,base,0,38229,-33
0.453,base,0,38229,-30
0.4533,base,0,38229,-88
0.4536,base,0,38229,-9
0.4539,base,0,38229,-80
0.4542,base,0,38229,-40
0.4545,base,0,38229,38
0.4548,base,0,38229,-39
0.4551,base,0,38229,-73
0.4553,base,0,38229,-55
0.4556,base,0,38229,-51
0.4558,base,0,38229,-72
0.4561,base,0,38229,21
0.4563,base,0,38229,49
0.4566,base,0,38229,-3
0.4569,base,0,38229,-5
0.4571,base,0,38229,-72
0.4575,base,0,38229,-24
0.4579,base,0,38229,57
0.4583,base,0,38229,-14
0.4586,base,0,38229,-47
0.4589,base,0,38229,37
0.4593,base,0,38229,12
0.4597,base,0,38229,15
0.46,base,0,38229,-50
0.4603,base,0,38229,4
0.4606,base,0,38229,39
0.4609,base,0,38229,-20
0.4612,base,0,38229,10
0.4615,base,0,38229,44
0.4618,base,0,38229,81
0.4621,base,0,38229,19
0.4625,base,0,38229,12
0.4627,base,0,38229,50
0.4631,base,0,38229,38
0.4634,base,0,38229,64
0.4637,base,0,38229,28
0.464,base,0,38229,5
0.4643,base,0,38229,74
0.4646,base,0,38229,10
0.4649,base,0,38229,29
0.4652,base,0,38229,-46
0.4654,base,0,38229,-11
0.4657,base,0,38229,-1
0.466,base,0,38229,36
0.4663,base,0,38229,-22
0.4666,base,0,38229,31
0.4668,base,0,38229,8
0.4671,base,0,38229,25
0.4673,base,0,38229,-26
0.4676,base,0,38229,-30
0.4678,base,0,38229,-85
0.4681,base,0,38229,40
0.4683,base,0,38229,49
0.4686,base,0,38229,19
0.4688,base,0,38229,-74
0.4691,base,0,38229,11
0.4693,base,0,38229,21
0.4696,base,0,38229,4
0.4698,base,0,38229,55
0.4701,base,0,38229,-22
0.4703,base,0,38229,-11
0.4706,base,0,38229,-32
0.471,base,0,38229,-13
0.4712,base,0,38229,-40
0.4716,base,0,38229,7
0.4718,base,0,38229,-39
0.4721,base,0,38229,-52
0.4723,base,0,38229,-98
0.4726,base,0,38229,-35
0.4729,base,0,38229,-15
0.4732,base,0,38229,-19
0.4734,base,0,38229,-28
0.4737,base,0,38229,17
0.4741,base,0,38229,25
0.4744,base,0,38229,-3
0.4748,base,0,38229,-18
0.4752,base,0,38229,24
0.4756,base,0,38229,-18
0.476,base,0,38229,29
0.4763,base,0,38229,60
0.4766,base,0,38229,92
0.4769,base,0,38229,-2
0.4771,base,0,38229,81
0.4775,base,0,38229,52
0.4777,base,0,38229,-3
0.4781,base,0,38229,-62
0.4784,base,0,38229,-4
0.4787,base,0,38229,-89
0.479,base,0,38229,-20
0.4792,base,0,38229,-15
0.4796,base,0,38229,-24
0.4799,base,0,38229,-8
0.4802,base,0,38229,-20
0.4805,base,0,38229,-7
0.4808,base,0,38229,-82
0.4811,base,0,38229,-26
0.4814,base,0,38229,-28
0.4817,base,0,38229,-102
0.4819,base,0,38229,-97
0.4822,base,0,38229,-27
0.4825,base,0,38229,-39
0.4828,base,0,38229,-23
0.4831,base,0,38229,-9
0.4834,base,0,38229,-79
0.4837,base,0,38229,-30
0.484,base,0,38229,-48
0.4843,base,0,38229,-74
0.4846,base,0,38229,-32
0.4849,base,0,38229,-55
0.4851,base,0,38229,-80
0.4854,base,0,38229,-23
0.4857,base,0,38229,-21
0.4892,onset,0,38229,-47
0.4895,onset,0,38229,-19
0.4898,onset,0,38229,-19
0.4901,onset,0,38229,17
0.4904,onset,0,38229,1
0.4907,onset,0,38229,-17
0.4911,onset,0,38229,-29
0.4915,onset,0,38229,-70
0.492,onset,0,38229,23
0.4926,onset,0,38229,-22
0.4931,onset,0,38229,72
0.4935,onset,0,38229,-40
0.4938,onset,0,38229,42
0.4942,onset,0,38229,48
0.4944,onset,0,38229,23
0.4947,onset,0,38229,36
0.4976,onset,50,38229,55
0.4979,onset,50,38229,4
0.4981,onset,50,38229,3
0.4985,onset,50,38229,33
0.4988,onset,50,38229,38
0.4991,onset,50,38229,-7
0.4994,onset,50,38229,19
0.4997,onset,50,38229,59
0.5,onset,50,38229,26
0.5003,onset,50,38229,1
0.5006,onset,50,38229,51
0.5009,onset,50,38229,-1
0.5012,onset,50,38229,-70
0.5016,onset,50,38229,-58
0.5018,onset,50,38229,2
0.5021,onset,50,38229,40
0.5046,onset,100,38229,-2
0.5049,onset,100,38229,-62
0.5052,onset,100,38229,-17
0.5056,onset,100,38229,8
0.5059,onset,100,38229,24
0.5062,onset,100,38229,42
0.5064,onset,100,38229,3
0.5067,onset,100,38229,16
0.507,onset,100,38229,35
0.5074,onset,100,38229,-3
0.5079,onset,100,38229,43
0.5084,onset,100,38229,-62
0.5088,onset,100,38229,65
0.5092,onset,100,38229,-40
0.5096,onset,100,38229,64
0.5099,onset,100,38229,38
0.5125,onset,150,38229,48
0.5128,onset,150,38229,26
0.5131,onset,150,38229,82
0.5134,onset,150,38229,47
0.5137,onset,150,38229,44
0.514,onset,150,38229,50
0.5143,onset,150,38229,83
0.5146,onset,150,38229,-27
0.5149,onset,150,38229,-19
0.5153,onset,150,38229,-79
0.5156,onset,150,38229,-4
0.5159,onset,150,38229,-30
0.5162,onset,150,38229,-51
0.5165,onset,150,38229,-56
0.5168,onset,150,38229,31
0.5171,onset,150,38229,-8
0.52,onset,200,38229,-51
0.5204,onset,200,38229,17
0.5207,onset,200,38229,69
0.5211,onset,200,38229,-70
0.5214,onset,200,38229,-40
0.5217,onset,200,38229,-68
0.5221,onset,200,38229,14
0.5224,onset,200,38229,9
0.5227,onset,200,38229,13
0.5231,onset,200,38229,0
0.5234,onset,200,38229,-64
0.5237,onset,200,38229,-16
0.5243,onset,200,38229,11
0.5249,onset,200,38229,-13
0.5258,onset,200,38229,-11
0.5264,onset,200,38229,-49
0.5294,onset,250,38229,-38
0.5298,onset,250,38229,59
0.5301,onset,250,38229,20
0.5304,onset,250,38229,-43
0.5307,onset,250,38229,-15
0.531,onset,250,38229,-47
0.5313,onset,250,38229,10
0.5317,onset,250,38229,-31
0.532,onset,250,38229,-35
0.5323,onset,250,38229,-7
0.5327,onset,250,38229,4
0.533,onset,250,38229,36
0.5333,onset,250,38229,54
0.5336,onset,250,38229,-32
0.5339,onset,250,38229,-59
0.5342,onset,250,38229,-9
0.537,onset,300,38229,-18
0.5373,onset,300,38229,23
0.5376,onset,300,38229,-5
0.5379,onset,300,38229,14
0.5383,onset,300,38229,-8
0.5386,onset,300,38229,-4
0.539,onset,300,38229,-22
0.5393,onset,300,38229,-19
0.5396,onset,300,38229,31
0.5399,onset,300,38229,51
0.5402,onset,300,38229,17
0.5405,onset,300,38229,57
0.541,onset,300,38229,68
0.5416,onset,300,38229,54
0.5421,onset,300,38229,23
0.5426,onset,300,38229,38
0.5454,onset,350,38229,67
0.5458,onset,350,38229,3
0.5461,onset,350,38229,-72
0.5464,onset,350,38229,-14
0.5467,onset,350,38229,-17
0.5471,onset,350,38229,77
0.5474,onset,350,38229,37
0.5477,onset,350,38229,55
0.5481,onset,350,38229,11
0.5484,onset,350,38229,-69
0.5487,onset,350,38229,-7
0.5491,onset,350,38229,-2
0.5494,onset,350,38229,-19
0.5497,onset,350,38229,14
0.55,onset,350,38229,0
0.5503,onset,350,38229,-15
0.5532,onset,400,38229,50
0.5536,onset,400,38229,48
0.5539,onset,400,38229,-60
0.5542,onset,400,38229,-60
0.5546,onset,400,38229,-58
0.5549,onset,400,38229,-9
0.5553,onset,400,38229,20
0.5556,onset,400,38229,-38
0.5559,onset,400,38229,-82
0.5563,onset,400,38229,2
0.5566,onset,400,38229,-9
0.557,onset,400,38229,-34
0.5573,onset,400,38229,-27
0.5577,onset,400,38229,-2
0.5583,onset,400,38229,9
0.5587,onset,400,38229,37
0.5619,onset,450,38229,8
0.5622,onset,450,38229,-5
0.5626,onset,450,38229,-27
0.5629,onset,450,38229,54
0.5632,onset,450,38229,73
0.5635,onset,450,38229,83
0.5638,onset,450,38229,6
0.5641,onset,450,38229,50
0.5644,onset,450,38229,-4
0.5647,onset,450,38229,54
0.565,onset,450,38229,90
0.5653,onset,450,38229,1
0.5656,onset,450,38229,49
0.5659,onset,450,38229,12
0.5662,onset,450,38229,-64
0.5665,onset,450,38229,-35
0.569,onset,500,38229,-22
0.5693,onset,500,38229,-36
0.5696,onset,500,38229,-32
0.5699,onset,500,38229,-38
0.5701,onset,500,38229,-47
0.5705,onset,500,38229,-104
0.5708,onset,500,38229,-40
0.5711,onset,500,38229,-49
0.5714,onset,500,38229,-31
0.5717,onset,500,38229,-91
0.572,onset,500,38229,-37
0.5723,onset,500,38229,-50
0.5726,onset,500,38229,-24
0.5729,onset,500,38229,35
0.5732,onset,500,38229,7
0.5735,onset,500,38229,19
0.5768,onset,550,38229,84
0.5772,onset,550,38229,-30
0.5775,onset,550,38229,62
0.5779,onset,550,38229,72
0.5782,onset,550,38229,28
0.5784,onset,550,38229,12
0.5787,onset,550,38229,60
0.579,onset,550,38229,20
0.5792,onset,550,38229,-53
0.5794,onset,550,38229,1
0.5798,onset,550,38229,1
0.5801,onset,550,38229,-3
0.5803,onset,550,38229,-18
0.5806,onset,550,38229,-19
0.5808,onset,550,38229,74
0.5811,onset,550,38229,43
0.5837,onset,600,38229,-80
0.5839,onset,600,38229,-26
0.5842,onset,600,38229,-20
0.5846,onset,600,38229,-39
0.5848,onset,600,38229,-49
0.5851,onset,600,38229,-30
0.5854,onset,600,38229,-27
0.5856,onset,600,38229,-26
0.5859,onset,600,38229,85
0.5862,onset,600,38229,38
0.5865,onset,600,38229,44
0.5868,onset,600,38229,48
0.587,onset,600,38229,-34
0.5873,onset,600,38229,0
0.5876,onset,600,38229,-15
0.5879,onset,600,38229,-18
0.5908,onset,650,38229,-18
0.5912,onset,650,38229,4
0.5918,onset,650,38229,-101
0.5923,onset,650,38229,-2
0.5928,onset,650,38229,8
0.5932,onset,650,38229,-91
0.5936,onset,650,38229,-2
0.594,onset,650,38229,-3
0.5943,onset,650,38229,-72
0.5946,onset,650,38229,-24
0.5949,onset,650,38229,-43
0.5952,onset,650,38229,-83
0.5955,onset,650,38229,-88
0.5957,onset,650,38229,22
0.596,onset,650,38229,69
0.5963,onset,650,38229,103
0.5991,onset,700,38229,-28
0.5994,onset,700,38229,8
0.5997,onset,700,38229,-2
0.6,onset,700,38229,0
0.6003,onset,700,38229,0
0.6006,onset,700,38229,46
0.6009,onset,700,38229,15
0.6012,onset,700,38229,27
0.6015,onset,700,38229,27
0.6018,onset,700,38229,19
0.6021,onset,700,38229,62
0.6024,onset,700,38229,2
0.6027,onset,700,38229,55
0.603,onset,700,38229,75
0.6033,onset,700,38229,-11
0.6036,onset,700,38229,37
0.6065,onset,750,38229,25
0.6068,onset,750,38229,32
0.6071,onset,750,38229,43
0.6075,onset,750,38229,43
0.608,onset,750,38229,-66
0.6086,onset,750,38229,21
0.609,onset,750,38229,-16
0.6094,onset,750,38229,53
0.6098,onset,750,38229,83
0.6101,onset,750,38229,-10
0.6104,onset,750,38229,-36
0.6109,onset,750,38229,-25
0.6112,onset,750,38229,-13
0.6115,onset,750,38229,18
0.6118,onset,750,38229,-39
0.6121,onset,750,38229,-3
0.6151,onset,800,38229,16
0.6153,onset,800,38229,-7
0.6156,onset,800,38229,-18
0.6159,onset,800,38229,-3
0.6162,onset,800,38229,-9
0.6165,onset,800,38229,-37
0.6168,onset,800,38229,15
0.6171,onset,800,38229,-27
0.6174,onset,800,38229,-6
0.6177,onset,800,38229,4
0.618,onset,800,38229,-38
0.6183,onset,800,38229,-37
0.6186,onset,800,38229,37
0.6188,onset,800,38229,-6
0.6191,onset,800,38229,-31
0.6194,onset,800,38229,-34
0.6221,onset,850,38229,9
0.6224,onset,850,38229,-47
0.6226,onset,850,38229,-45
0.623,onset,850,38229,-43
0.6232,onset,850,38229,-28
0.6235,onset,850,38229,-15
0.6239,onset,850,38229,-49
0.6242,onset,850,38229,58
0.6247,onset,850,38229,-92
0.6251,onset,850,38229,27
0.6259,onset,850,38229,-91
0.6264,onset,850,38229,-4
0.6267,onset,850,38229,21
0.6271,onset,850,38229,1
0.6274,onset,850,38229,26
0.6277,onset,850,38229,-90
0.6305,onset,900,38229,48
0.6308,onset,900,38229,57
0.6311,onset,900,38229,17
0.6315,onset,900,38229,-48
0.6318,onset,900,38229,-99
0.6321,onset,900,38229,-104
0.6324,onset,900,38229,-1
0.6327,onset,900,38229,-21
0.6331,onset,900,38229,35
0.6334,onset,900,38229,22
0.6337,onset,900,38229,15
0.634,onset,900,38229,24
0.6343,onset,900,38229,48
0.6346,onset,900,38229,39
0.6349,onset,900,38229,38
0.6352,onset,900,38229,26
0.6378,onset,950,38229,-33
0.6381,onset,950,38229,-12
0.6384,onset,950,38229,-10
0.6387,onset,950,38229,15
0.639,onset,950,38229,16
0.6394,onset,950,38229,-26
0.6397,onset,950,38229,-53
0.64,onset,950,38229,-91
0.6403,onset,950,38229,-11
0.6406,onset,950,38229,-53
0.6411,onset,950,38229,-83
0.6418,onset,950,38229,-17
0.6424,onset,950,38229,-20
0.6429,onset,950,38229,-76
0.6433,onset,950,38229,49
0.6435,onset,950,38229,-2
0.6462,onset,1000,38229,-6
0.6465,onset,1000,38229,33
0.6468,onset,1000,38229,11
0.6471,onset,1000,38229,47
0.6473,onset,1000,38229,76
0.6476,onset,1000,38229,67
0.6478,onset,1000,38229,-4
0.6481,onset,1000,38229,-13
0.6484,onset,1000,38229,-11
0.6487,onset,1000,38229,22
0.649,onset,1000,38229,-14
0.6492,onset,1000,38229,-37
0.6495,onset,1000,38229,-84
0.6498,onset,1000,38229,27
0.6501,onset,1000,38229,-37
0.6503,onset,1000,38229,-12
0.6529,onset,1050,38229,-6
0.6532,onset,1050,38229,13
0.6535,onset,1050,38229,-8
0.6538,onset,1050,38229,-13
0.6541,onset,1050,38229,-12
0.6544,onset,1050,38229,-1
0.6546,onset,1050,38229,-5
0.655,onset,1050,38229,24
0.6552,onset,1050,38229,4
0.6555,onset,1050,38229,15
0.6558,onset,1050,38229,-30
0.6561,onset,1050,38229,-67
0.6563,onset,1050,38229,-24
0.6566,onset,1050,38229,-33
0.6569,onset,1050,38229,-16
0.6573,onset,1050,38229,-25
0.6606,onset,1100,38229,-16
0.661,onset,1100,38229,-27
0.6612,onset,1100,38229,-61
0.6615,onset,1100,38229,-4
0.6618,onset,1100,38229,-4
0.6621,onset,1100,38229,-31
0.6624,onset,1100,38229,-10
0.6626,onset,1100,38229,6
0.6629,onset,1100,38229,21
0.6632,onset,1100,38229,41
0.6634,onset,1100,38229,80
0.6637,onset,1100,38229,78
0.664,onset,1100,38229,69
0.6643,onset,1100,38229,22
0.6646,onset,1100,38229,51
0.6648,onset,1100,38229,34
0.6675,onset,1150,38229,12
0.6678,onset,1150,38229,59
0.6681,onset,1150,38229,32
0.6684,onset,1150,38229,36
0.6687,onset,1150,38229,77
0.669,onset,1150,38229,44
0.6693,onset,1150,38229,11
0.6696,onset,1150,38229,67
0.6698,onset,1150,38229,4
0.6701,onset,1150,38229,-27
0.6703,onset,1150,38229,-48
0.6706,onset,1150,38229,-72
0.6709,onset,1150,38229,46
0.6711,onset,1150,38229,51
0.6714,onset,1150,38229,51
0.6717,onset,1150,38229,24
0.6749,onset,1200,38229,-10
0.6755,onset,1200,38229,25
0.6759,onset,1200,38229,-67
0.6761,onset,1200,38229,7
0.6765,onset,1200,38229,-21
0.6768,onset,1200,38229,1
0.6771,onset,1200,38229,12
0.6773,onset,1200,38229,-44
0.6776,onset,1200,38229,-83
0.6779,onset,1200,38229,-52
0.6782,onset,1200,38229,-50
0.6785,onset,1200,38229,-82
0.6788,onset,1200,38229,-62
0.679,onset,1200,38229,35
0.6794,onset,1200,38229,-12
0.6796,onset,1200,38229,-39
0.6822,onset,1250,38229,64
0.6825,onset,1250,38229,60
0.6827,onset,1250,38229,-9
0.683,onset,1250,38229,-38
0.6832,onset,1250,38229,-34
0.6835,onset,1250,38229,-89
0.6837,onset,1250,38229,51
0.684,onset,1250,38229,38
0.6842,onset,1250,38229,2
0.6845,onset,1250,38229,-27
0.6847,onset,1250,38229,-105
0.685,onset,1250,38229,-30
0.6853,onset,1250,38229,16
0.6856,onset,1250,38229,-33
0.6858,onset,1250,38229,-57
0.6861,onset,1250,38229,77
0.6887,onset,1300,38229,-5
0.689,onset,1300,38229,52
0.6892,onset,1300,38229,-14
0.6895,onset,1300,38229,-6
0.6898,onset,1300,38229,-41
0.6901,onset,1300,38229,-27
0.6903,onset,1300,38229,-66
0.6906,onset,1300,38229,13
0.6911,onset,1300,38229,20
0.6916,onset,1300,38229,62
0.692,onset,1300,38229,8
0.6925,onset,1300,38229,13
0.693,onset,1300,38229,-47
0.6933,onset,1300,38229,92
0.6936,onset,1300,38229,-68
0.6939,onset,1300,38229,-27
0.6968,onset,1350,38229,12
0.6971,onset,1350,38229,110
0.6974,onset,1350,38229,52
0.6977,onset,1350,38229,73
0.698,onset,1350,38229,56
0.6982,onset,1350,38229,18
0.6985,onset,1350,38229,41
0.6988,onset,1350,38229,74
0.6991,onset,1350,38229,39
0.6994,onset,1350,38229,20
0.6997,onset,1350,38229,39
0.7,onset,1350,38229,28
0.7003,onset,1350,38229,54
0.7006,onset,1350,38229,1
0.7009,onset,1350,38229,51
0.7012,onset,1350,38229,-21
0.704,onset,1400,38229,-96
0.7043,onset,1400,38229,-32
0.7045,onset,1400,38229,-115
0.7048,onset,1400,38229,-120
0.7051,onset,1400,38229,-71
0.7054,onset,1400,38229,-43
0.7057,onset,1400,38229,-73
0.706,onset,1400,38229,-65
0.7063,onset,1400,38229,-31
0.7066,onset,1400,38229,-50
0.7069,onset,1400,38229,-29
0.7073,onset,1400,38229,-80
0.7076,onset,1400,38229,57
0.708,onset,1400,38229,-22
0.7085,onset,1400,38229,4
0.7089,onset,1400,38229,-54
0.7117,onset,1450,38229,62
0.712,onset,1450,38229,-7
0.7123,onset,1450,38229,43
0.7126,onset,1450,38229,66
0.7129,onset,1450,38229,13
0.7132,onset,1450,38229,37
0.7134,onset,1450,38229,78
0.7137,onset,1450,38229,83
0.714,onset,1450,38229,-8
0.7143,onset,1450,38229,47
0.7146,onset,1450,38229,61
0.7149,onset,1450,38229,12
0.7152,onset,1450,38229,65
0.7155,onset,1450,38229,79
0.7158,onset,1450,38229,-17
0.7161,onset,1450,38229,33
0.7187,onset,1500,38229,38
0.7189,onset,1500,38229,-11
0.7192,onset,1500,38229,-15
0.7195,onset,1500,38229,-30
0.7197,onset,1500,38229,-40
0.7201,onset,1500,38229,-50
0.7203,onset,1500,38229,-7
0.7206,onset,1500,38229,4
0.7208,onset,1500,38229,-1
0.7211,onset,1500,38229,27
0.7213,onset,1500,38229,-60
0.7217,onset,1500,38229,-50
0.7221,onset,1500,38229,69
0.7224,onset,1500,38229,-50
0.7227,onset,1500,38229,-7
0.723,onset,1500,38229,-68
0.7262,onset,1550,38229,-42
0.7265,onset,1550,38229,-8
0.7268,onset,1550,38229,20
0.7271,onset,1550,38229,-29
0.7274,onset,1550,38229,-17
0.7277,onset,1550,38229,-9
0.728,onset,1550,38229,-9
0.7283,onset,1550,38229,45
0.7286,onset,1550,38229,58
0.7289,onset,1550,38229,-17
0.7292,onset,1550,38229,44
0.7295,onset,1550,38229,7
0.7297,onset,1550,38229,9
0.73,onset,1550,38229,25
0.7303,onset,1550,38229,-25
0.7306,onset,1550,38229,-27
0.7335,onset,1600,38229,-28
0.7338,onset,1600,38229,-70
0.734,onset,1600,38229,-18
0.7343,onset,1600,38229,-55
0.7345,onset,1600,38229,83
0.7348,onset,1600,38229,-27
0.7351,onset,1600,38229,68
0.7353,onset,1600,38229,2
0.7356,onset,1600,38229,-30
0.7359,onset,1600,38229,-33
0.7361,onset,1600,38229,-19
0.7364,onset,1600,38229,-31
0.7367,onset,1600,38229,10
0.7369,onset,1600,38229,-11
0.7372,onset,1600,38229,74
0.7374,onset,1600,38229,44
0.7404,onset,1650,38229,5
0.7409,onset,1650,38229,-8
0.7417,onset,1650,38229,29
0.7422,onset,1650,38229,46
0.7427,onset,1650,38229,-34
0.7431,onset,1650,38229,57
0.7434,onset,1650,38229,7
0.7438,onset,1650,38229,69
0.7441,onset,1650,38229,54
0.7444,onset,1650,38229,-24
0.7447,onset,1650,38229,43
0.745,onset,1650,38229,-43
0.7453,onset,1650,38229,-68
0.7456,onset,1650,38229,-16
0.7459,onset,1650,38229,0
0.7462,onset,1650,38229,-10
0.7492,onset,1700,38229,-21
0.7496,onset,1700,38229,24
0.7499,onset,1700,38229,37
0.7503,onset,1700,38229,-64
0.7506,onset,1700,38229,-31
0.751,onset,1700,38229,8
0.7513,onset,1700,38229,24
0.7516,onset,1700,38229,22
0.752,onset,1700,38229,-49
0.7523,onset,1700,38229,-18
0.7526,onset,1700,38229,0
0.7529,onset,1700,38229,36
0.7533,onset,1700,38229,49
0.7536,onset,1700,38229,53
0.754,onset,1700,38229,21
0.7543,onset,1700,38229,-33
0.7576,onset,1750,38229,-44
0.7582,onset,1750,38229,-28
0.7587,onset,1750,38229,-40
0.7595,onset,1750,38229,10
0.7601,onset,1750,38229,38
0.7606,onset,1750,38229,9
0.7609,onset,1750,38229,85
0.7613,onset,1750,38229,-68
0.7616,onset,1750,38229,-100
0.7619,onset,1750,38229,-77
0.7622,onset,1750,38229,-21
0.7626,onset,1750,38229,-4
0.7629,onset,1750,38229,52
0.7632,onset,1750,38229,84
0.7636,onset,1750,38229,38
0.7639,onset,1750,38229,-29
0.7668,onset,1800,38229,-16
0.7672,onset,1800,38229,-34
0.7675,onset,1800,38229,-46
0.7678,onset,1800,38229,22
0.7682,onset,1800,38229,-24
0.7685,onset,1800,38229,-16
0.7689,onset,1800,38229,-26
0.7692,onset,1800,38229,-25
0.7695,onset,1800,38229,23
0.7699,onset,1800,38229,37
0.7702,onset,1800,38229,47
0.7705,onset,1800,38229,-3
0.7708,onset,1800,38229,6
0.7712,onset,1800,38229,-37
0.7715,onset,1800,38229,-85
0.7718,onset,1800,38229,-42
0.7752,onset,1850,38229,14
0.7756,onset,1850,38229,7
0.776,onset,1850,38229,78
0.7764,onset,1850,38229,-9
0.7767,onset,1850,38229,-16
0.7769,onset,1850,38229,-14
0.7772,onset,1850,38229,-43
0.7775,onset,1850,38229,-15
0.7778,onset,1850,38229,-36
0.7781,onset,1850,38229,-41
0.7783,onset,1850,38229,-25
0.7787,onset,1850,38229,-84
0.779,onset,1850,38229,-52
0.7793,onset,1850,38229,-20
0.7796,onset,1850,38229,34
0.7799,onset,1850,38229,21
0.783,onset,1900,38229,-24
0.7833,onset,1900,38229,-28
0.7837,onset,1900,38229,2
0.7841,onset,1900,38229,72
0.7845,onset,1900,38229,-23
0.7848,onset,1900,38229,-39
0.7852,onset,1900,38229,49
0.7856,onset,1900,38229,30
0.7859,onset,1900,38229,-89
0.7863,onset,1900,38229,-46
0.7866,onset,1900,38229,50
0.787,onset,1900,38229,4
0.7873,onset,1900,38229,-26
0.7876,onset,1900,38229,-91
0.7879,onset,1900,38229,-49
0.7882,onset,1900,38229,-25
0.791,onset,1950,38229,9
0.7916,onset,1950,38229,-54
0.7922,onset,1950,38229,-10
0.7926,onset,1950,38229,-10
0.793,onset,1950,38229,61
0.7933,onset,1950,38229,-15
0.7936,onset,1950,38229,19
0.7938,onset,1950,38229,28
0.7941,onset,1950,38229,-18
0.7944,onset,1950,38229,34
0.7947,onset,1950,38229,59
0.795,onset,1950,38229,68
0.7952,onset,1950,38229,41
0.7956,onset,1950,38229,20
0.796,onset,1950,38229,81
0.7963,onset,1950,38229,-74
0.7993,onset,2000,38229,6
0.7997,onset,2000,38229,19
0.8001,onset,2000,38229,-38
0.8004,onset,2000,38229,-6
0.8007,onset,2000,38229,-6
0.8011,onset,2000,38229,18
0.8014,onset,2000,38229,3
0.8017,onset,2000,38229,-4
0.802,onset,2000,38229,-79
0.8023,onset,2000,38229,4
0.8027,onset,2000,38229,-104
0.803,onset,2000,38229,-32
0.8033,onset,2000,38229,44
0.8036,onset,2000,38229,33
0.804,onset,2000,38229,74
0.8043,onset,2000,38229,-4
0.8069,onset,2050,38229,42
0.8077,onset,2050,38229,-19
0.8082,onset,2050,38229,-32
0.809,onset,2050,38229,41
0.8094,onset,2050,38229,32
0.8099,onset,2050,38229,-30
0.8102,onset,2050,38229,38
0.8105,onset,2050,38229,69
0.8108,onset,2050,38229,-13
0.8112,onset,2050,38229,17
0.8115,onset,2050,38229,-42
0.8118,onset,2050,38229,-3
0.8121,onset,2050,38229,36
0.8123,onset,2050,38229,50
0.8126,onset,2050,38229,77
0.8129,onset,2050,38229,92
0.8157,onset,2100,38229,-36
0.816,onset,2100,38229,-12
0.8163,onset,2100,38229,1
0.8166,onset,2100,38229,12
0.8169,onset,2100,38229,43
0.8172,onset,2100,38229,10
0.8176,onset,2100,38229,-12
0.8179,onset,2100,38229,-8
0.8182,onset,2100,38229,18
0.8186,onset,2100,38229,-36
0.8189,onset,2100,38229,-26
0.8192,onset,2100,38229,-18
0.8195,onset,2100,38229,6
0.8198,onset,2100,38229,-7
0.8202,onset,2100,38229,0
0.8205,onset,2100,38229,29
0.8233,onset,2150,38229,43
0.8237,onset,2150,38229,17
0.824,onset,2150,38229,50
0.8246,onset,2150,38229,-23
0.8251,onset,2150,38229,-30
0.8262,onset,2150,38229,-14
0.8265,onset,2150,38229,-19
0.8269,onset,2150,38229,-112
0.8272,onset,2150,38229,-19
0.8274,onset,2150,38229,-33
0.8277,onset,2150,38229,-29
0.828,onset,2150,38229,22
0.8283,onset,2150,38229,6
0.8286,onset,2150,38229,-9
0.8289,onset,2150,38229,-88
0.8292,onset,2150,38229,-17
0.8319,onset,2200,38229,-42
0.8322,onset,2200,38229,-14
0.8326,onset,2200,38229,55
0.833,onset,2200,38229,19
0.8333,onset,2200,38229,-47
0.8337,onset,2200,38229,-40
0.834,onset,2200,38229,30
0.8343,onset,2200,38229,43
0.8347,onset,2200,38229,-62
0.835,onset,2200,38229,-3
0.8354,onset,2200,38229,-48
0.8357,onset,2200,38229,-31
0.8359,onset,2200,38229,-24
0.8363,onset,2200,38229,-5
0.8366,onset,2200,38229,-4
0.837,onset,2200,38229,6
0.84,onset,2250,38229,-83
0.8403,onset,2250,38229,-23
0.841,onset,2250,38229,34
0.8415,onset,2250,38229,-4
0.8419,onset,2250,38229,39
0.8427,onset,2250,38229,-7
0.8431,onset,2250,38229,-29
0.8436,onset,2250,38229,82
0.8439,onset,2250,38229,-12
0.8442,onset,2250,38229,-15
0.8445,onset,2250,38229,-30
0.8448,onset,2250,38229,5
0.8451,onset,2250,38229,-5
0.8454,onset,2250,38229,20
0.8457,onset,2250,38229,25
0.846,onset,2250,38229,-14
0.849,onset,2300,38229,41
0.8494,onset,2300,38229,58
0.8497,onset,2300,38229,-75
0.8501,onset,2300,38229,-39
0.8503,onset,2300,38229,-19
0.8507,onset,2300,38229,2
0.8511,onset,2300,38229,45
0.8514,onset,2300,38229,32
0.8517,onset,2300,38229,-24
0.852,onset,2300,38229,25
0.8523,onset,2300,38229,-4
0.8526,onset,2300,38229,-56
0.8529,onset,2300,38229,-22
0.8532,onset,2300,38229,-60
0.8535,onset,2300,38229,-81
0.8538,onset,2300,38229,-33
0.8568,onset,2350,38229,-1
0.8572,onset,2350,38229,57
0.8578,onset,2350,38229,-24
0.8583,onset,2350,38229,14
0.8588,onset,2350,38229,-18
0.8593,onset,2350,38229,-57
0.8599,onset,2350,38229,112
0.8604,onset,2350,38229,-15
0.8607,onset,2350,38229,109
0.8611,onset,2350,38229,54
0.8614,onset,2350,38229,15
0.8617,onset,2350,38229,41
0.862,onset,2350,38229,28
0.8623,onset,2350,38229,-44
0.8626,onset,2350,38229,-69
0.863,onset,2350,38229,-12
0.8656,onset,2400,38229,33
0.8659,onset,2400,38229,-20
0.8662,onset,2400,38229,-38
0.8666,onset,2400,38229,0
0.8669,onset,2400,38229,61
0.8672,onset,2400,38229,43
0.8676,onset,2400,38229,-78
0.868,onset,2400,38229,-43
0.8683,onset,2400,38229,31
0.8687,onset,2400,38229,91
0.869,onset,2400,38229,-60
0.8694,onset,2400,38229,-22
0.8698,onset,2400,38229,-1
0.8701,onset,2400,38229,-8
0.8705,onset,2400,38229,-31
0.8708,onset,2400,38229,-42
0.8738,onset,2450,38229,27
0.8741,onset,2450,38229,74
0.8746,onset,2450,38229,-9
0.875,onset,2450,38229,57
0.8754,onset,2450,38229,-35
0.8758,onset,2450,38229,-12
0.8763,onset,2450,38229,9
0.8767,onset,2450,38229,80
0.877,onset,2450,38229,8
0.8773,onset,2450,38229,-20
0.8776,onset,2450,38229,-103
0.8779,onset,2450,38229,-29
0.8783,onset,2450,38229,-13
0.8786,onset,2450,38229,-7
0.8789,onset,2450,38229,31
0.8792,onset,2450,38229,13
0.8819,onset,2500,38229,22
0.8823,onset,2500,38229,1
0.8826,onset,2500,38229,-31
0.8832,onset,2500,38229,20
0.8835,onset,2500,38229,-24
0.8839,onset,2500,38229,43
0.8842,onset,2500,38229,-8
0.8845,onset,2500,38229,-51
0.8848,onset,2500,38229,1
0.8852,onset,2500,38229,-15
0.8855,onset,2500,38229,-97
0.8858,onset,2500,38229,-21
0.8862,onset,2500,38229,-21
0.8866,onset,2500,38229,-68
0.8869,onset,2500,38229,-94
0.8871,onset,2500,38229,-98
0.8898,onset,2550,38229,-74
0.89,onset,2550,38229,6
0.8904,onset,2550,38229,-15
0.8911,onset,2550,38229,-9
0.8917,onset,2550,38229,-92
0.8921,onset,2550,38229,-35
0.8925,onset,2550,38229,-35
0.8929,onset,2550,38229,-1
0.8933,onset,2550,38229,-70
0.8937,onset,2550,38229,6
0.8942,onset,2550,38229,-35
0.8946,onset,2550,38229,-65
0.895,onset,2550,38229,39
0.8954,onset,2550,38229,23
0.8958,onset,2550,38229,-19
0.8962,onset,2550,38229,75
0.8989,onset,2600,38229,24
0.8993,onset,2600,38229,8
0.8998,onset,2600,38229,-57
0.9002,onset,2600,38229,-3
0.9005,onset,2600,38229,3
0.9009,onset,2600,38229,24
0.9011,onset,2600,38229,43
0.9014,onset,2600,38229,63
0.9017,onset,2600,38229,1
0.9019,onset,2600,38229,-23
0.9022,onset,2600,38229,-17
0.9025,onset,2600,38229,-13
0.9028,onset,2600,38229,0
0.9031,onset,2600,38229,-21
0.9033,onset,2600,38229,-30
0.9036,onset,2600,38229,-105
0.9066,onset,2650,38229,10
0.9069,onset,2650,38229,-50
0.9072,onset,2650,38229,-35
0.9078,onset,2650,38229,-79
0.9083,onset,2650,38229,18
0.9088,onset,2650,38229,-3
0.9093,onset,2650,38229,-62
0.9097,onset,2650,38229,-45
0.9102,onset,2650,38229,35
0.9108,onset,2650,38229,-20
0.9111,onset,2650,38229,-22
0.9115,onset,2650,38229,20
0.9118,onset,2650,38229,5
0.9122,onset,2650,38229,62
0.9126,onset,2650,38229,68
0.9129,onset,2650,38229,88
0.9158,onset,2700,38229,7
0.9161,onset,2700,38229,27
0.9164,onset,2700,38229,35
0.9167,onset,2700,38229,21
0.917,onset,2700,38229,19
0.9173,onset,2700,38229,35
0.9176,onset,2700,38229,28
0.9179,onset,2700,38229,-62
0.9182,onset,2700,38229,43
0.9186,onset,2700,38229,5
0.9188,onset,2700,38229,15
0.9191,onset,2700,38229,10
0.9194,onset,2700,38229,36
0.9196,onset,2700,38229,61
0.9199,onset,2700,38229,4
0.9202,onset,2700,38229,18
0.923,onset,2750,38229,39
0.9233,onset,2750,38229,-97
0.9237,onset,2750,38229,-46
0.9239,onset,2750,38229,-24
0.9245,onset,2750,38229,-5
0.925,onset,2750,38229,1
0.9255,onset,2750,38229,32
0.926,onset,2750,38229,12
0.9265,onset,2750,38229,-8
0.927,onset,2750,38229,68
0.9273,onset,2750,38229,7
0.9277,onset,2750,38229,27
0.928,onset,2750,38229,-6
0.9283,onset,2750,38229,23
0.9286,onset,2750,38229,4
0.9289,onset,2750,38229,-54
0.9318,onset,2800,38229,31
0.9321,onset,2800,38229,78
0.9324,onset,2800,38229,1
0.9327,onset,2800,38229,2
0.9331,onset,2800,38229,-33
0.9334,onset,2800,38229,-30
0.9337,onset,2800,38229,-22
0.934,onset,2800,38229,-36
0.9343,onset,2800,38229,-21
0.9346,onset,2800,38229,-42
0.9348,onset,2800,38229,-44
0.9351,onset,2800,38229,-62
0.9354,onset,2800,38229,-78
0.9357,onset,2800,38229,-27
0.9359,onset,2800,38229,-26
0.9362,onset,2800,38229,73
0.9387,onset,2850,38229,-14
0.9391,onset,2850,38229,36
0.9393,onset,2850,38229,-10
0.9396,onset,2850,38229,-21
0.9398,onset,2850,38229,-16
0.9401,onset,2850,38229,-26
0.9403,onset,2850,38229,46
0.9407,onset,2850,38229,54
0.9411,onset,2850,38229,-37
0.9414,onset,2850,38229,3
0.9418,onset,2850,38229,4
0.9422,onset,2850,38229,-16
0.9425,onset,2850,38229,-33
0.9428,onset,2850,38229,24
0.9431,onset,2850,38229,7
0.9434,onset,2850,38229,23
0.946,onset,2900,38229,-67
0.9462,onset,2900,38229,4
0.9466,onset,2900,38229,-18
0.9469,onset,2900,38229,-25
0.9472,onset,2900,38229,-103
0.9475,onset,2900,38229,-20
0.9477,onset,2900,38229,-89
0.948,onset,2900,38229,-65
0.9483,onset,2900,38229,-29
0.9485,onset,2900,38229,37
0.9488,onset,2900,38229,25
0.9491,onset,2900,38229,20
0.9494,onset,2900,38229,68
0.9497,onset,2900,38229,-30
0.95,onset,2900,38229,65
0.9503,onset,2900,38229,-1
0.9532,onset,2950,38229,95
0.9535,onset,2950,38229,46
0.9538,onset,2950,38229,36
0.9542,onset,2950,38229,-3
0.9545,onset,2950,38229,-88
0.9547,onset,2950,38229,-56
0.955,onset,2950,38229,-67
0.9561,onset,2950,38229,-36
0.9566,onset,2950,38229,-33
0.9569,onset,2950,38229,-16
0.9598,onset,2950,38229,-23
0.9603,onset,2950,38229,40
0.9607,onset,2950,38229,-36
0.9611,onset,2950,38229,-44
0.9614,onset,2950,38229,30
0.9617,onset,2950,38229,13
0.9646,onset,3000,38229,-26
0.9649,onset,3000,38229,-59
0.9653,onset,3000,38229,38
0.9658,onset,3000,38229,-58
0.9663,onset,3000,38229,-25
0.9666,onset,3000,38229,34
0.967,onset,3000,38229,46
0.9673,onset,3000,38229,-4
0.9677,onset,3000,38229,-39
0.9681,onset,3000,38229,-42
0.9685,onset,3000,38229,-74
0.9689,onset,3000,38229,-12
0.9694,onset,3000,38229,-22
0.9698,onset,3000,38229,50
0.9702,onset,3000,38229,4
0.9706,onset,3000,38229,66
0.9736,onset,3050,38229,53
0.974,onset,3050,38229,26
0.9749,onset,3050,38229,12
0.9762,onset,3050,38229,54
0.9773,onset,3050,38229,6
0.9778,onset,3050,38229,-16
0.9782,onset,3050,38229,46
0.9786,onset,3050,38229,21
0.9792,onset,3050,38229,35
0.9798,onset,3050,38229,63
0.9804,onset,3050,38229,76
0.9811,onset,3050,38229,-18
0.9817,onset,3050,38229,22
0.9824,onset,3050,38229,-83
0.9831,onset,3050,38229,-22
0.9837,onset,3050,38229,7
0.9873,onset,3100,38229,-44
0.9878,onset,3100,38229,54
0.9882,onset,3100,38229,7
0.9887,onset,3100,38229,-33
0.9891,onset,3100,38229,-3
0.9896,onset,3100,38229,-93
0.99,onset,3100,38229,48
0.9905,onset,3100,38229,-61
0.991,onset,3100,38229,49
0.9915,onset,3100,38229,-88
0.9919,onset,3100,38229,-2
0.9924,onset,3100,38229,0
0.9929,onset,3100,38229,-25
0.9934,onset,3100,38229,31
0.994,onset,3100,38229,3
0.9945,onset,3100,38229,32
0.9982,onset,3150,38229,-27
0.9988,onset,3150,38229,-27
0.9994,onset,3150,38229,31
0.9999,onset,3150,38229,-12
1.0005,onset,3150,38229,36
1.0011,onset,3150,38229,-10
1.0017,onset,3150,38229,8
1.0023,onset,3150,38229,43
1.0029,onset,3150,38229,11
1.0034,onset,3150,38229,-49
1.0039,onset,3150,38229,11
1.0045,onset,3150,38229,-70
1.0051,onset,3150,38229,-60
1.0057,onset,3150,38229,-40
1.0063,onset,3150,38229,13
1.0069,onset,3150,38229,56
1.01,onset,3200,38229,11
1.0106,onset,3200,38229,68
1.0111,onset,3200,38229,29
1.0115,onset,3200,38229,-21
1.0119,onset,3200,38229,34
1.0124,onset,3200,38229,13
1.0128,onset,3200,38229,-76
1.0132,onset,3200,38229,80
1.0136,onset,3200,38229,-16
1.014,onset,3200,38229,5
1.0143,onset,3200,38229,26
1.0147,onset,3200,38229,8
1.0149,onset,3200,38229,62
1.0153,onset,3200,38229,-34
1.0156,onset,3200,38229,-70
1.0161,onset,3200,38229,-4
1.0194,onset,3250,38229,-83
1.0198,onset,3250,38229,-11
1.0201,onset,3250,38229,47
1.0204,onset,3250,38229,-7
1.0209,onset,3250,38229,0
1.0213,onset,3250,38229,4
1.0216,onset,3250,38229,-68
1.0221,onset,3250,38229,-111
1.0225,onset,3250,38229,-13
1.0228,onset,3250,38229,-4
1.0233,onset,3250,38229,42
1.0237,onset,3250,38229,-83
1.0241,onset,3250,38229,12
1.0245,onset,3250,38229,22
1.0249,onset,3250,38229,-40
1.0253,onset,3250,38229,-13
1.0282,onset,3300,38229,86
1.0285,onset,3300,38229,-48
1.0289,onset,3300,38229,-36
1.0292,onset,3300,38229,17
1.0298,onset,3300,38229,89
1.0302,onset,3300,38229,45
1.0305,onset,3300,38229,-35
1.0308,onset,3300,38229,-78
1.031,onset,3300,38229,-5
1.0313,onset,3300,38229,-12
1.0316,onset,3300,38229,-90
1.0319,onset,3300,38229,-79
1.0322,onset,3300,38229,-60
1.0324,onset,3300,38229,-18
1.0326,onset,3300,38229,0
1.0329,onset,3300,38229,2
1.0356,onset,3350,38229,-33
1.0358,onset,3350,38229,-35
1.0361,onset,3350,38229,-91
1.0364,onset,3350,38229,-16
1.0367,onset,3350,38229,-48
1.037,onset,3350,38229,-11
1.0374,onset,3350,38229,18
1.0376,onset,3350,38229,0
1.0379,onset,3350,38229,-31
1.0382,onset,3350,38229,4
1.0385,onset,3350,38229,-17
1.0389,onset,3350,38229,-3
1.0393,onset,3350,38229,-38
1.0395,onset,3350,38229,-11
1.0398,onset,3350,38229,0
1.0401,onset,3350,38229,-113
1.0432,onset,3400,38229,73
1.0436,onset,3400,38229,64
1.0439,onset,3400,38229,29
1.0442,onset,3400,38229,-13
1.0446,onset,3400,38229,-73
1.0449,onset,3400,38229,-9
1.0452,onset,3400,38229,71
1.0455,onset,3400,38229,58
1.0458,onset,3400,38229,70
1.0461,onset,3400,38229,30
1.0464,onset,3400,38229,20
1.0466,onset,3400,38229,2
1.0469,onset,3400,38229,22
1.0472,onset,3400,38229,-7
1.0475,onset,3400,38229,34
1.0478,onset,3400,38229,41
1.0503,onset,3450,38229,-22
1.0506,onset,3450,38229,-10
1.0509,onset,3450,38229,-80
1.0512,onset,3450,38229,-41
1.0515,onset,3450,38229,-30
1.0518,onset,3450,38229,59
1.0521,onset,3450,38229,-33
1.0524,onset,3450,38229,31
1.0527,onset,3450,38229,-29
1.053,onset,3450,38229,-27
1.0532,onset,3450,38229,-16
1.0535,onset,3450,38229,11
1.0538,onset,3450,38229,20
1.0541,onset,3450,38229,-9
1.0544,onset,3450,38229,-2
1.0546,onset,3450,38229,14
1.0575,onset,3500,38229,-4
1.058,onset,3500,38229,27
1.0585,onset,3500,38229,-3
1.0591,onset,3500,38229,-23
1.0595,onset,3500,38229,15
1.0599,onset,3500,38229,58
1.0602,onset,3500,38229,-6
1.0606,onset,3500,38229,-69
1.0609,onset,3500,38229,-12
1.0612,onset,3500,38229,13
1.0615,onset,3500,38229,32
1.0618,onset,3500,38229,30
1.0621,onset,3500,38229,43
1.0624,onset,3500,38229,14
1.0627,onset,3500,38229,72
1.063,onset,3500,38229,22
1.0658,onset,3550,38229,21
1.0662,onset,3550,38229,-23
1.0664,onset,3550,38229,12
1.0667,onset,3550,38229,-32
1.0671,onset,3550,38229,15
1.0674,onset,3550,38229,29
1.0677,onset,3550,38229,24
1.068,onset,3550,38229,31
1.0683,onset,3550,38229,46
1.0686,onset,3550,38229,29
1.0689,onset,3550,38229,-80
1.0693,onset,3550,38229,13
1.0696,onset,3550,38229,-89
1.0699,onset,3550,38229,-10
1.0702,onset,3550,38229,-34
1.0705,onset,3550,38229,-39
1.0731,onset,3600,38229,-73
1.0734,onset,3600,38229,-42
1.0737,onset,3600,38229,-9
1.0742,onset,3600,38229,8
1.0749,onset,3600,38229,65
1.0754,onset,3600,38229,57
1.0762,onset,3600,38229,-24
1.0766,onset,3600,38229,0
1.077,onset,3600,38229,-39
1.0773,onset,3600,38229,-4
1.0777,onset,3600,38229,-34
1.0779,onset,3600,38229,-14
1.0783,onset,3600,38229,-12
1.0786,onset,3600,38229,10
1.0789,onset,3600,38229,24
1.0792,onset,3600,38229,37
1.082,onset,3650,38229,-11
1.0823,onset,3650,38229,-46
1.0827,onset,3650,38229,-14
1.083,onset,3650,38229,-2
1.0833,onset,3650,38229,9
1.0836,onset,3650,38229,39
1.0839,onset,3650,38229,19
1.0842,onset,3650,38229,17
1.0844,onset,3650,38229,15
1.0847,onset,3650,38229,-18
1.085,onset,3650,38229,-10
1.0853,onset,3650,38229,14
1.0856,onset,3650,38229,29
1.0859,onset,3650,38229,24
1.0862,onset,3650,38229,8
1.0865,onset,3650,38229,45
1.0895,onset,3700,38229,38
1.0899,onset,3700,38229,-36
1.0903,onset,3700,38229,40
1.0909,onset,3700,38229,-16
1.0912,onset,3700,38229,25
1.0917,onset,3700,38229,-31
1.0921,onset,3700,38229,-39
1.0925,onset,3700,38229,-1
1.0929,onset,3700,38229,75
1.0932,onset,3700,38229,-99
1.0936,onset,3700,38229,-61
1.0939,onset,3700,38229,-4
1.0942,onset,3700,38229,23
1.0945,onset,3700,38229,12
1.0948,onset,3700,38229,20
1.0952,onset,3700,38229,59
1.098,onset,3750,38229,-14
1.0983,onset,3750,38229,0
1.0986,onset,3750,38229,0
1.0989,onset,3750,38229,14
1.0992,onset,3750,38229,78
1.0996,onset,3750,38229,60
1.0999,onset,3750,38229,2
1.1002,onset,3750,38229,-60
1.1005,onset,3750,38229,-76
1.1008,onset,3750,38229,-1
1.1011,onset,3750,38229,-61
1.1014,onset,3750,38229,-33
1.1017,onset,3750,38229,-55
1.102,onset,3750,38229,-56
1.1023,onset,3750,38229,-40
1.1026,onset,3750,38229,15
1.1055,onset,3800,38229,-53
1.1058,onset,3800,38229,-21
1.1062,onset,3800,38229,-6
1.1065,onset,3800,38229,52
1.1068,onset,3800,38229,-9
1.1072,onset,3800,38229,-30
1.1076,onset,3800,38229,-31
1.1082,onset,3800,38229,-26
1.1089,onset,3800,38229,3
1.1094,onset,3800,38229,59
1.1097,onset,3800,38229,21
1.11,onset,3800,38229,-67
1.1103,onset,3800,38229,-13
1.1107,onset,3800,38229,36
1.111,onset,3800,38229,43
1.1113,onset,3800,38229,90
1.114,onset,3850,38229,29
1.1143,onset,3850,38229,57
1.1146,onset,3850,38229,46
1.115,onset,3850,38229,20
1.1153,onset,3850,38229,-3
1.1156,onset,3850,38229,-26
1.116,onset,3850,38229,13
1.1163,onset,3850,38229,19
1.1166,onset,3850,38229,18
1.117,onset,3850,38229,-23
1.1173,onset,3850,38229,-46
1.1176,onset,3850,38229,-61
1.1179,onset,3850,38229,-64
1.1183,onset,3850,38229,49
1.1186,onset,3850,38229,33
1.1189,onset,3850,38229,18
1.1215,onset,3900,38229,-70
1.1218,onset,3900,38229,-5
1.1221,onset,3900,38229,-9
1.1225,onset,3900,38229,14
1.1228,onset,3900,38229,13
1.1232,onset,3900,38229,-10
1.1235,onset,3900,38229,-84
1.1238,onset,3900,38229,-14
1.1244,onset,3900,38229,23
1.125,onset,3900,38229,0
1.1256,onset,3900,38229,-83
1.1261,onset,3900,38229,-6
1.1265,onset,3900,38229,24
1.1269,onset,3900,38229,-37
1.1272,onset,3900,38229,20
1.1275,onset,3900,38229,79
1.1304,onset,3950,38229,-7
1.1308,onset,3950,38229,56
1.1311,onset,3950,38229,56
1.1315,onset,3950,38229,-89
1.1318,onset,3950,38229,-19
1.1322,onset,3950,38229,40
1.1325,onset,3950,38229,27
1.1328,onset,3950,38229,55
1.1331,onset,3950,38229,47
1.1334,onset,3950,38229,-25
1.1337,onset,3950,38229,32
1.1341,onset,3950,38229,-31
1.1344,onset,3950,38229,-99
1.1347,onset,3950,38229,-121
1.135,onset,3950,38229,-18
1.1354,onset,3950,38229,-42
1.138,onset,4000,38229,18
1.1383,onset,4000,38229,-18
1.1386,onset,4000,38229,41
1.139,onset,4000,38229,35
1.1393,onset,4000,38229,-33
1.1396,onset,4000,38229,-93
1.1399,onset,4000,38229,-84
1.1403,onset,4000,38229,-27
1.1414,onset,4000,38229,4
1.1424,onset,4000,38229,13
1.143,onset,4000,38229,-47
1.1435,onset,4000,38229,-88
1.1438,onset,4000,38229,28
1.1442,onset,4000,38229,71
1.1445,onset,4000,38229,23
1.1449,onset,4000,38229,12
1.1477,onset,4050,38229,33
1.148,onset,4050,38229,53
1.1484,onset,4050,38229,41
1.1487,onset,4050,38229,-32
1.1489,onset,4050,38229,-17
1.1492,onset,4050,38229,-62
1.1496,onset,4050,38229,-6
1.1499,onset,4050,38229,-92
1.1502,onset,4050,38229,-78
1.1505,onset,4050,38229,-13
1.1509,onset,4050,38229,33
1.1512,onset,4050,38229,38
1.1515,onset,4050,38229,13
1.1518,onset,4050,38229,-51
1.1522,onset,4050,38229,34
1.1525,onset,4050,38229,-46
1.1554,onset,4100,38229,-11
1.1557,onset,4100,38229,-100
1.1561,onset,4100,38229,6
1.1565,onset,4100,38229,4
1.1568,onset,4100,38229,-3
1.1572,onset,4100,38229,-5
1.1578,onset,4100,38229,54
1.1583,onset,4100,38229,-15
1.1587,onset,4100,38229,45
1.1592,onset,4100,38229,-39
1.1596,onset,4100,38229,-41
1.16,onset,4100,38229,7
1.1605,onset,4100,38229,-47
1.1608,onset,4100,38229,-30
1.1611,onset,4100,38229,-10
1.1614,onset,4100,38229,-72
1.1641,onset,4150,38229,3
1.1644,onset,4150,38229,1
1.1647,onset,4150,38229,64
1.165,onset,4150,38229,53
1.1653,onset,4150,38229,63
1.1656,onset,4150,38229,16
1.1659,onset,4150,38229,58
1.1662,onset,4150,38229,39
1.1665,onset,4150,38229,25
1.1668,onset,4150,38229,-28
1.1671,onset,4150,38229,21
1.1674,onset,4150,38229,12
1.1677,onset,4150,38229,-4
1.168,onset,4150,38229,3
1.1683,onset,4150,38229,49
1.1686,onset,4150,38229,-21
1.1711,onset,4200,38229,-89
1.1715,onset,4200,38229,9
1.1718,onset,4200,38229,62
1.1722,onset,4200,38229,-20
1.1725,onset,4200,38229,-37
1.1729,onset,4200,38229,-15
1.1732,onset,4200,38229,4
1.1736,onset,4200,38229,60
1.1741,onset,4200,38229,17
1.1746,onset,4200,38229,-77
1.1751,onset,4200,38229,-14
1.1757,onset,4200,38229,73
1.1762,onset,4200,38229,43
1.1766,onset,4200,38229,5
1.177,onset,4200,38229,19
1.1773,onset,4200,38229,-21
1.1803,onset,4250,38229,-16
1.1806,onset,4250,38229,37
1.181,onset,4250,38229,64
1.1813,onset,4250,38229,44
1.1817,onset,4250,38229,-39
1.182,onset,4250,38229,16
1.1824,onset,4250,38229,-4
1.1827,onset,4250,38229,34
1.1831,onset,4250,38229,22
1.1834,onset,4250,38229,-39
1.1838,onset,4250,38229,8
1.1841,onset,4250,38229,36
1.1845,onset,4250,38229,-18
1.1848,onset,4250,38229,-36
1.1852,onset,4250,38229,0
1.1855,onset,4250,38229,42
1.1882,onset,4300,38229,-20
1.1885,onset,4300,38229,44
1.1889,onset,4300,38229,23
1.1892,onset,4300,38229,-21
1.1896,onset,4300,38229,-79
1.1899,onset,4300,38229,21
1.1903,onset,4300,38229,44
1.1906,onset,4300,38229,20
1.1913,onset,4300,38229,-14
1.1919,onset,4300,38229,-62
1.1924,onset,4300,38229,-35
1.1928,onset,4300,38229,50
1.1933,onset,4300,38229,-29
1.1937,onset,4300,38229,-49
1.1941,onset,4300,38229,-19
1.1944,onset,4300,38229,8
1.1972,onset,4350,38229,-14
1.1976,onset,4350,38229,6
1.1979,onset,4350,38229,-9
1.1982,onset,4350,38229,5
1.1986,onset,4350,38229,37
1.1989,onset,4350,38229,23
1.1993,onset,4350,38229,-34
1.1996,onset,4350,38229,-12
1.1999,onset,4350,38229,-1
1.2002,onset,4350,38229,3
1.2006,onset,4350,38229,4
1.2009,onset,4350,38229,-30
1.2012,onset,4350,38229,-143
1.2015,onset,4350,38229,-19
1.2018,onset,4350,38229,-13
1.2021,onset,4350,38229,-23
1.2048,onset,4400,38229,-89
1.2051,onset,4400,38229,-54
1.2055,onset,4400,38229,-23
1.2058,onset,4400,38229,27
1.2061,onset,4400,38229,38
1.2065,onset,4400,38229,29
1.2068,onset,4400,38229,-60
1.2072,onset,4400,38229,26
1.2076,onset,4400,38229,-40
1.2081,onset,4400,38229,7
1.2088,onset,4400,38229,-18
1.2092,onset,4400,38229,41
1.2096,onset,4400,38229,31
1.21,onset,4400,38229,34
1.2103,onset,4400,38229,64
1.2106,onset,4400,38229,39
1.2135,onset,4450,38229,-2
1.2138,onset,4450,38229,22
1.2141,onset,4450,38229,42
1.2144,onset,4450,38229,53
1.2147,onset,4450,38229,72
1.215,onset,4450,38229,15
1.2153,onset,4450,38229,74
1.2158,onset,4450,38229,-3
1.2162,onset,4450,38229,25
1.2165,onset,4450,38229,60
1.2169,onset,4450,38229,-48
1.2172,onset,4450,38229,9
1.2175,onset,4450,38229,6
1.2179,onset,4450,38229,-22
1.2182,onset,4450,38229,-5
1.2185,onset,4450,38229,-68
1.2215,onset,4500,38229,-56
1.2219,onset,4500,38229,-48
1.2222,onset,4500,38229,18
1.2226,onset,4500,38229,46
1.2229,onset,4500,38229,-23
1.2233,onset,4500,38229,-33
1.2237,onset,4500,38229,22
1.2243,onset,4500,38229,-49
1.2248,onset,4500,38229,-58
1.2253,onset,4500,38229,-27
1.2258,onset,4500,38229,-55
1.2262,onset,4500,38229,86
1.2266,onset,4500,38229,-8
1.2269,onset,4500,38229,-93
1.2271,onset,4500,38229,-95
1.2275,onset,4500,38229,-23
1.2302,onset,4550,38229,-12
1.2305,onset,4550,38229,42
1.2309,onset,4550,38229,88
1.2312,onset,4550,38229,-70
1.2316,onset,4550,38229,-39
1.2319,onset,4550,38229,-33
1.2322,onset,4550,38229,-5
1.2326,onset,4550,38229,42
1.2329,onset,4550,38229,-7
1.2332,onset,4550,38229,-49
1.2336,onset,4550,38229,-86
1.2339,onset,4550,38229,5
1.2342,onset,4550,38229,-46
1.2345,onset,4550,38229,-101
1.2348,onset,4550,38229,-5
1.2351,onset,4550,38229,-30
1.2378,onset,4600,38229,-74
1.2381,onset,4600,38229,-21
1.2385,onset,4600,38229,-8
1.2389,onset,4600,38229,-96
1.2392,onset,4600,38229,-56
1.2396,onset,4600,38229,33
1.24,onset,4600,38229,20
1.2403,onset,4600,38229,-16
1.241,onset,4600,38229,-3
1.2417,onset,4600,38229,-46
1.2423,onset,4600,38229,70
1.2428,onset,4600,38229,12
1.2432,onset,4600,38229,76
1.2436,onset,4600,38229,44
1.244,onset,4600,38229,-3
1.2444,onset,4600,38229,95
1.2471,onset,4650,38229,-18
1.2475,onset,4650,38229,-7
1.2478,onset,4650,38229,-29
1.2482,onset,4650,38229,87
1.2485,onset,4650,38229,45
1.2489,onset,4650,38229,58
1.2492,onset,4650,38229,-10
1.2496,onset,4650,38229,4
1.2499,onset,4650,38229,14
1.2502,onset,4650,38229,28
1.2505,onset,4650,38229,2
1.2508,onset,4650,38229,79
1.2511,onset,4650,38229,54
1.2514,onset,4650,38229,-10
1.2517,onset,4650,38229,14
1.252,onset,4650,38229,-15
1.2548,onset,4700,38229,-98
1.2552,onset,4700,38229,34
1.2559,onset,4700,38229,55
1.2563,onset,4700,38229,5
1.2567,onset,4700,38229,-66
1.257,onset,4700,38229,5
1.2574,onset,4700,38229,34
1.258,onset,4700,38229,54
1.2589,onset,4700,38229,-13
1.2593,onset,4700,38229,-39
1.2598,onset,4700,38229,-8
1.2602,onset,4700,38229,74
1.2605,onset,4700,38229,-1
1.2608,onset,4700,38229,65
1.2611,onset,4700,38229,3
1.2614,onset,4700,38229,-33
1.2642,onset,4750,38229,3
1.2644,onset,4750,38229,0
1.2648,onset,4750,38229,10
1.2653,onset,4750,38229,49
1.2657,onset,4750,38229,5
1.266,onset,4750,38229,39
1.2663,onset,4750,38229,43
1.2666,onset,4750,38229,46
1.2669,onset,4750,38229,17
1.2672,onset,4750,38229,-40
1.2675,onset,4750,38229,-89
1.2678,onset,4750,38229,-42
1.2682,onset,4750,38229,-48
1.2685,onset,4750,38229,-41
1.2688,onset,4750,38229,-14
1.2691,onset,4750,38229,16
1.2717,onset,4800,38229,-125
1.272,onset,4800,38229,-49
1.2724,onset,4800,38229,26
1.2727,onset,4800,38229,106
1.273,onset,4800,38229,20
1.2733,onset,4800,38229,-45
1.2737,onset,4800,38229,-12
1.2741,onset,4800,38229,-24
1.2744,onset,4800,38229,42
1.275,onset,4800,38229,-2
1.2754,onset,4800,38229,-30
1.2759,onset,4800,38229,62
1.2763,onset,4800,38229,-4
1.2767,onset,4800,38229,-45
1.277,onset,4800,38229,-12
1.2773,onset,4800,38229,24
1.2804,onset,4850,38229,13
1.2807,onset,4850,38229,63
1.281,onset,4850,38229,70
1.2813,onset,4850,38229,71
1.2816,onset,4850,38229,65
1.2818,onset,4850,38229,10
1.2821,onset,4850,38229,36
1.2824,onset,4850,38229,10
1.2827,onset,4850,38229,23
1.283,onset,4850,38229,54
1.2833,onset,4850,38229,17
1.2836,onset,4850,38229,36
1.2839,onset,4850,38229,64
1.2842,onset,4850,38229,5
1.2845,onset,4850,38229,3
1.2848,onset,4850,38229,42
1.2876,onset,4900,38229,-90
1.2879,onset,4900,38229,-59
1.2882,onset,4900,38229,-59
1.2885,onset,4900,38229,-85
1.2888,onset,4900,38229,-22
1.2891,onset,4900,38229,-35
1.2894,onset,4900,38229,-13
1.2897,onset,4900,38229,-7
1.29,onset,4900,38229,49
1.2903,onset,4900,38229,36
1.2906,onset,4900,38229,44
1.2911,onset,4900,38229,9
1.2915,onset,4900,38229,-40
1.292,onset,4900,38229,-36
1.2924,onset,4900,38229,20
1.293,onset,4900,38229,42
1.2963,onset,4950,38229,37
1.2966,onset,4950,38229,21
1.297,onset,4950,38229,18
1.2973,onset,4950,38229,54
1.2976,onset,4950,38229,10
1.2979,onset,4950,38229,65
1.2981,onset,4950,38229,56
1.2984,onset,4950,38229,46
1.2987,onset,4950,38229,44
1.299,onset,4950,38229,67
1.2994,onset,4950,38229,55
1.2997,onset,4950,38229,2
1.2999,onset,4950,38229,29
1.3003,onset,4950,38229,-67
1.3006,onset,4950,38229,14
1.3009,onset,4950,38229,-27
1.3036,onset,5000,38229,-64
1.3039,onset,5000,38229,-14
1.3042,onset,5000,38229,-34
1.3045,onset,5000,38229,-13
1.3048,onset,5000,38229,50
1.3051,onset,5000,38229,30
1.3054,onset,5000,38229,-11
1.3057,onset,5000,38229,0
1.306,onset,5000,38229,79
1.3064,onset,5000,38229,-47
1.3067,onset,5000,38229,20
1.307,onset,5000,38229,-65
1.3076,onset,5000,38229,-31
1.3082,onset,5000,38229,6
1.3089,onset,5000,38229,45
1.3095,onset,5000,38229,25
1.3122,onset,5050,38229,-2
1.3126,onset,5050,38229,45
1.3129,onset,5050,38229,63
1.3132,onset,5050,38229,1
1.3135,onset,5050,38229,69
1.3138,onset,5050,38229,-1
1.3141,onset,5050,38229,50
1.3144,onset,5050,38229,12
1.3148,onset,5050,38229,-44
1.3151,onset,5050,38229,-33
1.3154,onset,5050,38229,-10
1.3158,onset,5050,38229,-18
1.3161,onset,5050,38229,3
1.3164,onset,5050,38229,59
1.3167,onset,5050,38229,23
1.317,onset,5050,38229,9
1.32,onset,5100,38229,-50
1.3203,onset,5100,38229,-2
1.3206,onset,5100,38229,-18
1.321,onset,5100,38229,-42
1.3213,onset,5100,38229,-32
1.3216,onset,5100,38229,58
1.322,onset,5100,38229,-53
1.3223,onset,5100,38229,-106
1.3227,onset,5100,38229,-98
1.323,onset,5100,38229,-48
1.3233,onset,5100,38229,-23
1.3236,onset,5100,38229,-15
1.3241,onset,5100,38229,24
1.3246,onset,5100,38229,19
1.3252,onset,5100,38229,-76
1.3256,onset,5100,38229,-11
1.3291,onset,5150,38229,57
1.3294,onset,5150,38229,-59
1.3297,onset,5150,38229,2
1.3301,onset,5150,38229,-44
1.3303,onset,5150,38229,-22
1.3307,onset,5150,38229,-20
1.331,onset,5150,38229,-71
1.3313,onset,5150,38229,4
1.3316,onset,5150,38229,40
1.332,onset,5150,38229,50
1.3323,onset,5150,38229,-2
1.3326,onset,5150,38229,5
1.3329,onset,5150,38229,-62
1.3333,onset,5150,38229,-86
1.3336,onset,5150,38229,-37
1.3339,onset,5150,38229,-6
1.3367,onset,5200,38229,-77
1.337,onset,5200,38229,-49
1.3374,onset,5200,38229,-35
1.3377,onset,5200,38229,-43
1.338,onset,5200,38229,-28
1.3383,onset,5200,38229,-56
1.3386,onset,5200,38229,-4
1.3389,onset,5200,38229,-14
1.3392,onset,5200,38229,50
1.3396,onset,5200,38229,36
1.3399,onset,5200,38229,1
1.3402,onset,5200,38229,14
1.3407,onset,5200,38229,-72
1.3412,onset,5200,38229,6
1.3416,onset,5200,38229,-76
1.3421,onset,5200,38229,57
1.3449,onset,5250,38229,-3
1.3452,onset,5250,38229,-24
1.3455,onset,5250,38229,-5
1.3458,onset,5250,38229,-44
1.3461,onset,5250,38229,24
1.3463,onset,5250,38229,-6
1.3466,onset,5250,38229,-4
1.3469,onset,5250,38229,-49
1.3472,onset,5250,38229,-14
1.3475,onset,5250,38229,-11
1.3478,onset,5250,38229,-8
1.3481,onset,5250,38229,-14
1.3485,onset,5250,38229,30
1.3487,onset,5250,38229,7
1.349,onset,5250,38229,-17
1.3493,onset,5250,38229,-6
1.3517,onset,5300,38229,39
1.3522,onset,5300,38229,25
1.3526,onset,5300,38229,7
1.353,onset,5300,38229,30
1.3532,onset,5300,38229,30
1.3535,onset,5300,38229,-73
1.3538,onset,5300,38229,-10
1.3541,onset,5300,38229,101
1.3543,onset,5300,38229,2
1.3546,onset,5300,38229,-27
1.3548,onset,5300,38229,-56
1.3551,onset,5300,38229,-98
1.3553,onset,5300,38229,27
1.3556,onset,5300,38229,50
1.3559,onset,5300,38229,71
1.3561,onset,5300,38229,54
1.3593,onset,5350,38229,77
1.3597,onset,5350,38229,-17
1.36,onset,5350,38229,1
1.3604,onset,5350,38229,-69
1.3606,onset,5350,38229,-27
1.3611,onset,5350,38229,0
1.3614,onset,5350,38229,0
1.3617,onset,5350,38229,52
1.3619,onset,5350,38229,86
1.3622,onset,5350,38229,65
1.3625,onset,5350,38229,57
1.3628,onset,5350,38229,47
1.3631,onset,5350,38229,59
1.3633,onset,5350,38229,47
1.3636,onset,5350,38229,19
1.364,onset,5350,38229,52
1.3668,onset,5400,38229,-33
1.3671,onset,5400,38229,9
1.3674,onset,5400,38229,18
1.3677,onset,5400,38229,5
1.368,onset,5400,38229,-7
1.3683,onset,5400,38229,-2
1.3686,onset,5400,38229,64
1.3689,onset,5400,38229,10
1.3692,onset,5400,38229,33
1.3695,onset,5400,38229,59
1.3698,onset,5400,38229,1
1.3701,onset,5400,38229,27
1.3704,onset,5400,38229,12
1.3707,onset,5400,38229,19
1.371,onset,5400,38229,20
1.3712,onset,5400,38229,-28
1.3743,onset,5450,38229,32
1.3747,onset,5450,38229,-17
1.3752,onset,5450,38229,61
1.3757,onset,5450,38229,-18
1.3762,onset,5450,38229,-2
1.3766,onset,5450,38229,-12
1.3769,onset,5450,38229,-4
1.3772,onset,5450,38229,-86
1.3774,onset,5450,38229,-17
1.3777,onset,5450,38229,20
1.378,onset,5450,38229,17
1.3783,onset,5450,38229,45
1.3786,onset,5450,38229,24
1.3788,onset,5450,38229,12
1.3791,onset,5450,38229,43
1.3794,onset,5450,38229,63
1.382,onset,5500,38229,-26
1.3823,onset,5500,38229,-52
1.3826,onset,5500,38229,5
1.3829,onset,5500,38229,40
1.3832,onset,5500,38229,30
1.3835,onset,5500,38229,25
1.3838,onset,5500,38229,75
1.3841,onset,5500,38229,-1
1.3844,onset,5500,38229,46
1.3847,onset,5500,38229,63
1.385,onset,5500,38229,-14
1.3853,onset,5500,38229,61
1.3856,onset,5500,38229,-27
1.3858,onset,5500,38229,-1
1.3861,onset,5500,38229,11
1.3864,onset,5500,38229,5
1.3889,onset,5550,38229,-75
1.3892,onset,5550,38229,-88
1.3895,onset,5550,38229,-33
1.3898,onset,5550,38229,-90
1.3901,onset,5550,38229,-33
1.3904,onset,5550,38229,-9
1.3908,onset,5550,38229,-70
1.3912,onset,5550,38229,-9
1.3916,onset,5550,38229,-85
1.392,onset,5550,38229,55
1.3924,onset,5550,38229,6
1.3928,onset,5550,38229,-23
1.3931,onset,5550,38229,74
1.3934,onset,5550,38229,36
1.3937,onset,5550,38229,-24
1.394,onset,5550,38229,16
1.3968,onset,5600,38229,-22
1.3971,onset,5600,38229,-84
1.3974,onset,5600,38229,-29
1.3977,onset,5600,38229,-39
1.398,onset,5600,38229,-67
1.3982,onset,5600,38229,-39
1.3985,onset,5600,38229,-52
1.3988,onset,5600,38229,-81
1.3991,onset,5600,38229,11
1.3994,onset,5600,38229,54
1.3996,onset,5600,38229,77
1.3999,onset,5600,38229,-26
1.4002,onset,5600,38229,35
1.4005,onset,5600,38229,43
1.4008,onset,5600,38229,2
1.4011,onset,5600,38229,60
1.4038,onset,5650,38229,-103
1.4041,onset,5650,38229,-48
1.4045,onset,5650,38229,-50
1.4048,onset,5650,38229,-26
1.4051,onset,5650,38229,-63
1.4054,onset,5650,38229,-6
1.4057,onset,5650,38229,-63
1.406,onset,5650,38229,-1
1.4063,onset,5650,38229,-37
1.4066,onset,5650,38229,-5
1.4069,onset,5650,38229,53
1.4074,onset,5650,38229,38
1.4079,onset,5650,38229,44
1.4083,onset,5650,38229,-83
1.4089,onset,5650,38229,19
1.4093,onset,5650,38229,41
1.412,onset,5700,38229,-100
1.4123,onset,5700,38229,-28
1.4126,onset,5700,38229,11
1.4129,onset,5700,38229,-20
1.4132,onset,5700,38229,-53
1.4135,onset,5700,38229,-7
1.4137,onset,5700,38229,-38
1.414,onset,5700,38229,-96
1.4142,onset,5700,38229,24
1.4145,onset,5700,38229,56
1.4148,onset,5700,38229,-13
1.4151,onset,5700,38229,60
1.4153,onset,5700,38229,49
1.4156,onset,5700,38229,32
1.4159,onset,5700,38229,46
1.4162,onset,5700,38229,11
1.4192,onset,5750,38229,16
1.4195,onset,5750,38229,79
1.4198,onset,5750,38229,5
1.4201,onset,5750,38229,-18
1.4204,onset,5750,38229,45
1.4207,onset,5750,38229,-39
1.421,onset,5750,38229,9
1.4213,onset,5750,38229,-103
1.4216,onset,5750,38229,5
1.4219,onset,5750,38229,-95
1.4222,onset,5750,38229,4
1.4225,onset,5750,38229,-95
1.4228,onset,5750,38229,-26
1.4231,onset,5750,38229,15
1.4234,onset,5750,38229,42
1.4236,onset,5750,38229,67
1.4267,onset,5800,38229,0
1.427,onset,5800,38229,36
1.4273,onset,5800,38229,34
1.4276,onset,5800,38229,-1
1.4279,onset,5800,38229,-5
1.4281,onset,5800,38229,-33
1.4285,onset,5800,38229,-3
1.4287,onset,5800,38229,-32
1.429,onset,5800,38229,-28
1.4293,onset,5800,38229,-43
1.4296,onset,5800,38229,4
1.4299,onset,5800,38229,-1
1.4302,onset,5800,38229,-27
1.4305,onset,5800,38229,-7
1.4307,onset,5800,38229,-32
1.431,onset,5800,38229,-44
1.4337,onset,5850,38229,-11
1.434,onset,5850,38229,-51
1.4343,onset,5850,38229,-1
1.4346,onset,5850,38229,-19
1.4349,onset,5850,38229,-43
1.4353,onset,5850,38229,35
1.4356,onset,5850,38229,51
1.4359,onset,5850,38229,12
1.4362,onset,5850,38229,58
1.4365,onset,5850,38229,15
1.4368,onset,5850,38229,34
1.4371,onset,5850,38229,0
1.4374,onset,5850,38229,7
1.4377,onset,5850,38229,-81
1.438,onset,5850,38229,-21
1.4383,onset,5850,38229,-93
1.4417,onset,5900,38229,17
1.4422,onset,5900,38229,-9
1.4426,onset,5900,38229,-21
1.4431,onset,5900,38229,19
1.4436,onset,5900,38229,50
1.4439,onset,5900,38229,30
1.4442,onset,5900,38229,74
1.4445,onset,5900,38229,33
1.4448,onset,5900,38229,82
1.4451,onset,5900,38229,-13
1.4453,onset,5900,38229,65
1.4456,onset,5900,38229,74
1.4459,onset,5900,38229,81
1.4462,onset,5900,38229,55
1.4465,onset,5900,38229,80
1.4468,onset,5900,38229,6
1.4497,onset,5950,38229,-16
1.4501,onset,5950,38229,19
1.4504,onset,5950,38229,3
1.4507,onset,5950,38229,-48
1.451,onset,5950,38229,-35
1.4512,onset,5950,38229,-45
1.4515,onset,5950,38229,6
1.4519,onset,5950,38229,-36
1.4522,onset,5950,38229,0
1.4525,onset,5950,38229,-10
1.4528,onset,5950,38229,-25
1.4531,onset,5950,38229,-43
1.4534,onset,5950,38229,-54
1.4536,onset,5950,38229,-22
1.4539,onset,5950,38229,-10
1.4541,onset,5950,38229,7
1.4571,onset,6000,38229,73
1.4575,onset,6000,38229,-3
1.4577,onset,6000,38229,8
1.4581,onset,6000,38229,-28
1.4589,onset,6000,38229,0
1.4593,onset,6000,38229,89
1.4597,onset,6000,38229,81
1.46,onset,6000,38229,-22
1.4602,onset,6000,38229,15
1.4605,onset,6000,38229,-12
1.4607,onset,6000,38229,79
1.461,onset,6000,38229,20
1.4612,onset,6000,38229,-9
1.4615,onset,6000,38229,-30
1.4617,onset,6000,38229,-84
1.462,onset,6000,38229,-85
1.4647,onset,6050,38229,-2
1.4651,onset,6050,38229,-43
1.4653,onset,6050,38229,-20
1.4656,onset,6050,38229,-42
1.4659,onset,6050,38229,29
1.4662,onset,6050,38229,-57
1.4665,onset,6050,38229,-21
1.4667,onset,6050,38229,-27
1.467,onset,6050,38229,-87
1.4672,onset,6050,38229,42
1.4675,onset,6050,38229,19
1.4677,onset,6050,38229,14
1.468,onset,6050,38229,-72
1.4682,onset,6050,38229,-55
1.4685,onset,6050,38229,-7
1.4688,onset,6050,38229,-66
1.4713,onset,6100,38229,-3
1.4716,onset,6100,38229,-9
1.4718,onset,6100,38229,-26
1.4721,onset,6100,38229,-5
1.4723,onset,6100,38229,-31
1.4726,onset,6100,38229,59
1.4728,onset,6100,38229,5
1.4731,onset,6100,38229,-27
1.4733,onset,6100,38229,-32
1.4736,onset,6100,38229,-55
1.474,onset,6100,38229,-73
1.4746,onset,6100,38229,-19
1.4753,onset,6100,38229,32
1.4759,onset,6100,38229,-5
1.4764,onset,6100,38229,43
1.4769,onset,6100,38229,12
1.48,onset,6150,38229,40
1.4802,onset,6150,38229,26
1.4805,onset,6150,38229,16
1.4808,onset,6150,38229,51
1.4811,onset,6150,38229,37
1.4814,onset,6150,38229,6
1.4816,onset,6150,38229,-30
1.4819,onset,6150,38229,-19
1.4822,onset,6150,38229,-66
1.4825,onset,6150,38229,-5
1.4828,onset,6150,38229,-85
1.4831,onset,6150,38229,-12
1.4834,onset,6150,38229,-87
1.4836,onset,6150,38229,-5
1.4839,onset,6150,38229,27
1.4842,onset,6150,38229,-39
1.487,onset,6200,38229,-84
1.4872,onset,6200,38229,-84
1.4875,onset,6200,38229,-100
1.4878,onset,6200,38229,-46
1.4881,onset,6200,38229,-118
1.4884,onset,6200,38229,-36
1.4887,onset,6200,38229,-93
1.489,onset,6200,38229,-35
1.4893,onset,6200,38229,-69
1.4896,onset,6200,38229,-95
1.4898,onset,6200,38229,-86
1.4901,onset,6200,38229,11
1.4904,onset,6200,38229,38
1.4907,onset,6200,38229,66
1.491,onset,6200,38229,-53
1.4914,onset,6200,38229,-16
1.4946,onset,6250,38229,-30
1.4948,onset,6250,38229,5
1.4951,onset,6250,38229,-6
1.4954,onset,6250,38229,-30
1.4957,onset,6250,38229,-63
1.496,onset,6250,38229,8
1.4962,onset,6250,38229,36
1.4965,onset,6250,38229,60
1.4968,onset,6250,38229,60
1.4971,onset,6250,38229,-29
1.4973,onset,6250,38229,14
1.4976,onset,6250,38229,-3
1.4979,onset,6250,38229,23
1.4982,onset,6250,38229,100
1.4986,onset,6250,38229,58
1.4994,onset,6250,38229,-66
1.5021,onset,6300,38229,-35
1.5024,onset,6300,38229,-90
1.5027,onset,6300,38229,-24
1.503,onset,6300,38229,-87
1.5033,onset,6300,38229,-42
1.5036,onset,6300,38229,-78
1.5039,onset,6300,38229,-44
1.5042,onset,6300,38229,-50
1.5045,onset,6300,38229,-28
1.5048,onset,6300,38229,-26
1.5051,onset,6300,38229,-62
1.5053,onset,6300,38229,-74
1.5057,onset,6300,38229,-43
1.506,onset,6300,38229,22
1.5063,onset,6300,38229,-8
1.5066,onset,6300,38229,-29
1.5095,onset,6350,38229,69
1.5098,onset,6350,38229,41
1.5102,onset,6350,38229,81
1.5105,onset,6350,38229,33
1.5108,onset,6350,38229,46
1.5111,onset,6350,38229,-9
1.5114,onset,6350,38229,-76
1.5117,onset,6350,38229,-54
1.512,onset,6350,38229,-35
1.5123,onset,6350,38229,29
1.5126,onset,6350,38229,-62
1.5128,onset,6350,38229,-22
1.5131,onset,6350,38229,89
1.5133,onset,6350,38229,46
1.5136,onset,6350,38229,13
1.5139,onset,6350,38229,39
1.5164,onset,6400,38229,0
1.5167,onset,6400,38229,5
1.517,onset,6400,38229,44
1.5173,onset,6400,38229,43
1.5176,onset,6400,38229,0
1.5178,onset,6400,38229,0
1.5181,onset,6400,38229,29
1.5184,onset,6400,38229,5
1.5187,onset,6400,38229,33
1.519,onset,6400,38229,-1
1.5192,onset,6400,38229,-18
1.5195,onset,6400,38229,-50
1.5198,onset,6400,38229,-88
1.5201,onset,6400,38229,-35
1.5203,onset,6400,38229,-42
1.5206,onset,6400,38229,-22
1.5231,onset,6450,38229,29
1.5234,onset,6450,38229,-8
1.5237,onset,6450,38229,30
1.5242,onset,6450,38229,49
1.5248,onset,6450,38229,-98
1.5255,onset,6450,38229,30
1.526,onset,6450,38229,-29
1.5265,onset,6450,38229,-19
1.5269,onset,6450,38229,18
1.5272,onset,6450,38229,-18
1.5275,onset,6450,38229,3
1.5278,onset,6450,38229,-97
1.5281,onset,6450,38229,-73
1.5284,onset,6450,38229,-37
1.5286,onset,6450,38229,9
1.5289,onset,6450,38229,-67
1.5319,onset,6500,38229,-11
1.5322,onset,6500,38229,-6
1.5325,onset,6500,38229,-46
1.5328,onset,6500,38229,-9
1.5332,onset,6500,38229,23
1.5335,onset,6500,38229,30
1.5338,onset,6500,38229,28
1.5341,onset,6500,38229,5
1.5344,onset,6500,38229,-44
1.5347,onset,6500,38229,24
1.5351,onset,6500,38229,-26
1.5354,onset,6500,38229,-83
1.5357,onset,6500,38229,-53
1.536,onset,6500,38229,-20
1.5363,onset,6500,38229,-9
1.5366,onset,6500,38229,-31
1.5392,onset,6550,38229,-60
1.5395,onset,6550,38229,-44
1.5399,onset,6550,38229,-44
1.5405,onset,6550,38229,53
1.541,onset,6550,38229,-26
1.5413,onset,6550,38229,19
1.5419,onset,6550,38229,85
1.5425,onset,6550,38229,32
1.5429,onset,6550,38229,-19
1.5434,onset,6550,38229,58
1.5437,onset,6550,38229,-13
1.5441,onset,6550,38229,30
1.5444,onset,6550,38229,14
1.5446,onset,6550,38229,-16
1.545,onset,6550,38229,70
1.5452,onset,6550,38229,54
1.5479,onset,6600,38229,2
1.5482,onset,6600,38229,-9
1.5485,onset,6600,38229,2
1.5488,onset,6600,38229,32
1.5491,onset,6600,38229,51
1.5494,onset,6600,38229,63
1.5497,onset,6600,38229,37
1.55,onset,6600,38229,-10
1.5503,onset,6600,38229,30
1.5506,onset,6600,38229,-26
1.5509,onset,6600,38229,0
1.5512,onset,6600,38229,-87
1.5515,onset,6600,38229,-19
1.5518,onset,6600,38229,-60
1.5521,onset,6600,38229,-60
1.5524,onset,6600,38229,-84
1.5551,onset,6650,38229,35
1.5554,onset,6650,38229,12
1.5557,onset,6650,38229,-106
1.5561,onset,6650,38229,-95
1.5564,onset,6650,38229,9
1.5567,onset,6650,38229,-1
1.557,onset,6650,38229,67
1.5574,onset,6650,38229,43
1.5579,onset,6650,38229,-2
1.5583,onset,6650,38229,-23
1.5586,onset,6650,38229,2
1.5591,onset,6650,38229,-30
1.5595,onset,6650,38229,1
1.5599,onset,6650,38229,67
1.5602,onset,6650,38229,27
1.5605,onset,6650,38229,-40
1.563,onset,6700,38229,3
1.5633,onset,6700,38229,37
1.5636,onset,6700,38229,24
1.5639,onset,6700,38229,28
1.5642,onset,6700,38229,85
1.5645,onset,6700,38229,-2
1.5648,onset,6700,38229,80
1.5651,onset,6700,38229,1
1.5654,onset,6700,38229,29
1.5657,onset,6700,38229,37
1.566,onset,6700,38229,10
1.5664,onset,6700,38229,32
1.5667,onset,6700,38229,-110
1.567,onset,6700,38229,-22
1.5673,onset,6700,38229,-54
1.5679,onset,6700,38229,24
1.5706,onset,6750,38229,46
1.5709,onset,6750,38229,12
1.5712,onset,6750,38229,31
1.5716,onset,6750,38229,14
1.5718,onset,6750,38229,37
1.5721,onset,6750,38229,57
1.5724,onset,6750,38229,41
1.5727,onset,6750,38229,58
1.573,onset,6750,38229,59
1.5733,onset,6750,38229,28
1.5736,onset,6750,38229,56
1.5741,onset,6750,38229,71
1.5746,onset,6750,38229,-5
1.5754,onset,6750,38229,70
1.5763,onset,6750,38229,-6
1.5768,onset,6750,38229,35
1.5797,onset,6800,38229,-7
1.58,onset,6800,38229,8
1.5803,onset,6800,38229,-6
1.5806,onset,6800,38229,32
1.5809,onset,6800,38229,-6
1.5812,onset,6800,38229,-15
1.5815,onset,6800,38229,-3
1.5818,onset,6800,38229,22
1.5821,onset,6800,38229,13
1.5824,onset,6800,38229,25
1.5827,onset,6800,38229,39
1.583,onset,6800,38229,21
1.5833,onset,6800,38229,13
1.5836,onset,6800,38229,12
1.5839,onset,6800,38229,29
1.5842,onset,6800,38229,38
1.5868,onset,6850,38229,-23
1.5871,onset,6850,38229,-17
1.5874,onset,6850,38229,-36
1.5876,onset,6850,38229,-50
1.588,onset,6850,38229,-49
1.5883,onset,6850,38229,-51
1.5886,onset,6850,38229,-21
1.5889,onset,6850,38229,-20
1.5891,onset,6850,38229,-59
1.5894,onset,6850,38229,-17
1.5897,onset,6850,38229,-5
1.59,onset,6850,38229,-7
1.5903,onset,6850,38229,-10
1.5906,onset,6850,38229,-18
1.5909,onset,6850,38229,-41
1.5912,onset,6850,38229,9
1.5944,onset,6900,38229,45
1.5947,onset,6900,38229,55
1.595,onset,6900,38229,63
1.5953,onset,6900,38229,46
1.5956,onset,6900,38229,36
1.5959,onset,6900,38229,41
1.5961,onset,6900,38229,62
1.5965,onset,6900,38229,61
1.5967,onset,6900,38229,55
1.597,onset,6900,38229,-8
1.5973,onset,6900,38229,-16
1.5976,onset,6900,38229,5
1.5978,onset,6900,38229,-13
1.5981,onset,6900,38229,-22
1.5985,onset,6900,38229,20
1.5987,onset,6900,38229,-6
1.6015,onset,6950,38229,31
1.6018,onset,6950,38229,16
1.6021,onset,6950,38229,48
1.6024,onset,6950,38229,-9
1.6027,onset,6950,38229,18
1.603,onset,6950,38229,-66
1.6033,onset,6950,38229,-21
1.6036,onset,6950,38229,-108
1.6039,onset,6950,38229,-19
1.6042,onset,6950,38229,-112
1.6045,onset,6950,38229,-62
1.6048,onset,6950,38229,-99
1.6051,onset,6950,38229,-102
1.6054,onset,6950,38229,-85
1.6057,onset,6950,38229,-93
1.606,onset,6950,38229,-90
1.6089,onset,7000,38229,45
1.6094,onset,7000,38229,-20
1.6098,onset,7000,38229,-22
1.6103,onset,7000,38229,21
1.6107,onset,7000,38229,-30
1.611,onset,7000,38229,15
1.6113,onset,7000,38229,14
1.6116,onset,7000,38229,63
1.6118,onset,7000,38229,67
1.6121,onset,7000,38229,-20
1.6124,onset,7000,38229,-30
1.6126,onset,7000,38229,-17
1.6129,onset,7000,38229,-38
1.6131,onset,7000,38229,78
1.6134,onset,7000,38229,74
1.6137,onset,7000,38229,33
1.6165,onset,7050,38229,-64
1.6168,onset,7050,38229,-34
1.6171,onset,7050,38229,-44
1.6174,onset,7050,38229,-60
1.6176,onset,7050,38229,-95
1.618,onset,7050,38229,-43
1.6182,onset,7050,38229,-48
1.6185,onset,7050,38229,-3
1.6188,onset,7050,38229,3
1.6191,onset,7050,38229,-66
1.6193,onset,7050,38229,-40
1.6196,onset,7050,38229,-22
1.6199,onset,7050,38229,9
1.6202,onset,7050,38229,-69
1.6205,onset,7050,38229,-12
1.6208,onset,7050,38229,3
1.6237,onset,7100,38229,12
1.6241,onset,7100,38229,69
1.6247,onset,7100,38229,-25
1.6251,onset,7100,38229,58
1.6256,onset,7100,38229,-87
1.6261,onset,7100,38229,-102
1.6265,onset,7100,38229,0
1.627,onset,7100,38229,-29
1.6274,onset,7100,38229,34
1.6277,onset,7100,38229,4
1.628,onset,7100,38229,-5
1.6283,onset,7100,38229,-33
1.6286,onset,7100,38229,-23
1.6289,onset,7100,38229,-17
1.6292,onset,7100,38229,-37
1.6295,onset,7100,38229,-29
1.632,onset,7150,38229,40
1.6324,onset,7150,38229,74
1.6327,onset,7150,38229,-13
1.633,onset,7150,38229,-53
1.6333,onset,7150,38229,13
1.6336,onset,7150,38229,-35
1.6339,onset,7150,38229,-28
1.6342,onset,7150,38229,-109
1.6345,onset,7150,38229,-64
1.6348,onset,7150,38229,-85
1.6351,onset,7150,38229,-22
1.6354,onset,7150,38229,-76
1.6357,onset,7150,38229,-98
1.636,onset,7150,38229,-32
1.6363,onset,7150,38229,-33
1.6366,onset,7150,38229,-44
1.6395,onset,7200,38229,-24
1.6398,onset,7200,38229,-19
1.6401,onset,7200,38229,-5
1.6405,onset,7200,38229,2
1.6411,onset,7200,38229,11
1.6415,onset,7200,38229,-31
1.6421,onset,7200,38229,7
1.6426,onset,7200,38229,61
1.643,onset,7200,38229,42
1.6433,onset,7200,38229,46
1.6437,onset,7200,38229,23
1.6441,onset,7200,38229,-11
1.6444,onset,7200,38229,7
1.6447,onset,7200,38229,-24
1.645,onset,7200,38229,35
1.6453,onset,7200,38229,3
1.648,onset,7250,38229,26
1.6483,onset,7250,38229,37
1.6486,onset,7250,38229,5
1.6489,onset,7250,38229,-16
1.6492,onset,7250,38229,40
1.6495,onset,7250,38229,3
1.6499,onset,7250,38229,-26
1.6502,onset,7250,38229,-33
1.6504,onset,7250,38229,-8
1.6508,onset,7250,38229,-28
1.6512,onset,7250,38229,4
1.6515,onset,7250,38229,12
1.6519,onset,7250,38229,20
1.6522,onset,7250,38229,-23
1.6526,onset,7250,38229,32
1.6528,onset,7250,38229,44
1.6559,onset,7300,38229,77
1.6563,onset,7300,38229,-60
1.6566,onset,7300,38229,-3
1.6569,onset,7300,38229,-5
1.6572,onset,7300,38229,-44
1.6576,onset,7300,38229,-38
1.658,onset,7300,38229,33
1.6583,onset,7300,38229,-10
1.6588,onset,7300,38229,-15
1.6593,onset,7300,38229,41
1.6596,onset,7300,38229,34
1.6599,onset,7300,38229,-43
1.6601,onset,7300,38229,64
1.6605,onset,7300,38229,7
1.6608,onset,7300,38229,8
1.6611,onset,7300,38229,-33
1.6638,onset,7350,38229,-64
1.6641,onset,7350,38229,24
1.6644,onset,7350,38229,-46
1.6647,onset,7350,38229,-6
1.665,onset,7350,38229,-15
1.6652,onset,7350,38229,-19
1.6655,onset,7350,38229,-80
1.6657,onset,7350,38229,16
1.666,onset,7350,38229,41
1.6662,onset,7350,38229,69
1.6666,onset,7350,38229,29
1.6668,onset,7350,38229,16
1.6671,onset,7350,38229,30
1.6673,onset,7350,38229,-23
1.6676,onset,7350,38229,-34
1.6678,onset,7350,38229,-60
1.6708,onset,7400,38229,-4
1.6711,onset,7400,38229,-125
1.6714,onset,7400,38229,-56
1.6717,onset,7400,38229,-91
1.6719,onset,7400,38229,-25
1.6722,onset,7400,38229,-24
1.6725,onset,7400,38229,0
1.6728,onset,7400,38229,-89
1.6731,onset,7400,38229,-59
1.6734,onset,7400,38229,8
1.6739,onset,7400,38229,-87
1.6744,onset,7400,38229,26
1.6749,onset,7400,38229,37
1.6761,onset,7400,38229,4
1.6766,onset,7400,38229,5
1.6771,onset,7400,38229,-30
1.6803,onset,7450,38229,86
1.6807,onset,7450,38229,57
1.6809,onset,7450,38229,54
1.6813,onset,7450,38229,8
1.6816,onset,7450,38229,-86
1.6819,onset,7450,38229,-1
1.6822,onset,7450,38229,-42
1.6825,onset,7450,38229,-78
1.6828,onset,7450,38229,-29
1.6831,onset,7450,38229,-13
1.6834,onset,7450,38229,34
1.6837,onset,7450,38229,21
1.684,onset,7450,38229,9
1.6843,onset,7450,38229,-17
1.6846,onset,7450,38229,-16
1.6849,onset,7450,38229,-3
1.6875,onset,7500,38229,-25
1.6878,onset,7500,38229,-46
1.6881,onset,7500,38229,-56
1.6884,onset,7500,38229,-106
1.6887,onset,7500,38229,-40
1.689,onset,7500,38229,-26
1.6893,onset,7500,38229,8
1.6896,onset,7500,38229,-5
1.6899,onset,7500,38229,-16
1.6902,onset,7500,38229,30
1.6905,onset,7500,38229,6
1.6909,onset,7500,38229,54
1.6913,onset,7500,38229,-60
1.6917,onset,7500,38229,31
1.6921,onset,7500,38229,-74
1.6925,onset,7500,38229,91
1.6955,onset,7550,38229,-46
1.6958,onset,7550,38229,-8
1.6961,onset,7550,38229,-62
1.6964,onset,7550,38229,-29
1.6967,onset,7550,38229,3
1.6971,onset,7550,38229,-50
1.6974,onset,7550,38229,-9
1.6977,onset,7550,38229,-32
1.6979,onset,7550,38229,-54
1.6982,onset,7550,38229,-12
1.6986,onset,7550,38229,29
1.6989,onset,7550,38229,20
1.6992,onset,7550,38229,4
1.6995,onset,7550,38229,79
1.6998,onset,7550,38229,48
1.7001,onset,7550,38229,-39
1.7029,onset,7600,38229,2
1.7031,onset,7600,38229,-94
1.7034,onset,7600,38229,38
1.7037,onset,7600,38229,-32
1.7048,onset,7600,38229,24
1.7051,onset,7600,38229,-54
1.7054,onset,7600,38229,-64
1.7058,onset,7600,38229,-85
1.7063,onset,7600,38229,-14
1.7066,onset,7600,38229,-27
1.707,onset,7600,38229,14
1.7075,onset,7600,38229,9
1.7079,onset,7600,38229,74
1.7086,onset,7600,38229,-49
1.709,onset,7600,38229,-1
1.7094,onset,7600,38229,31
1.7121,onset,7650,38229,-23
1.7124,onset,7650,38229,18
1.7127,onset,7650,38229,-8
1.713,onset,7650,38229,38
1.7133,onset,7650,38229,53
1.7137,onset,7650,38229,56
1.7139,onset,7650,38229,99
1.7142,onset,7650,38229,-6
1.7145,onset,7650,38229,43
1.7148,onset,7650,38229,62
1.7151,onset,7650,38229,60
1.7154,onset,7650,38229,-39
1.7158,onset,7650,38229,29
1.7161,onset,7650,38229,-30
1.7164,onset,7650,38229,-23
1.7167,onset,7650,38229,-73
1.7197,onset,7700,38229,-8
1.72,onset,7700,38229,60
1.7204,onset,7700,38229,73
1.7208,onset,7700,38229,0
1.7212,onset,7700,38229,-5
1.7215,onset,7700,38229,24
1.7218,onset,7700,38229,-25
1.7221,onset,7700,38229,44
1.7224,onset,7700,38229,-31
1.7227,onset,7700,38229,-87
1.723,onset,7700,38229,3
1.7233,onset,7700,38229,-79
1.7236,onset,7700,38229,-29
1.7239,onset,7700,38229,17
1.7243,onset,7700,38229,-47
1.7248,onset,7700,38229,13
1.728,onset,7750,38229,-23
1.7283,onset,7750,38229,-6
1.7286,onset,7750,38229,15
1.7289,onset,7750,38229,-31
1.7292,onset,7750,38229,-21
1.7295,onset,7750,38229,-61
1.7298,onset,7750,38229,-6
1.7301,onset,7750,38229,35
1.7304,onset,7750,38229,9
1.7307,onset,7750,38229,32
1.731,onset,7750,38229,-10
1.7313,onset,7750,38229,45
1.7316,onset,7750,38229,32
1.7319,onset,7750,38229,30
1.7322,onset,7750,38229,4
1.7325,onset,7750,38229,66
1.7351,onset,7800,38229,-45
1.7354,onset,7800,38229,10
1.7357,onset,7800,38229,33
1.7361,onset,7800,38229,66
1.7364,onset,7800,38229,70
1.7368,onset,7800,38229,-59
1.7371,onset,7800,38229,-22
1.7375,onset,7800,38229,-25
1.7378,onset,7800,38229,-19
1.7381,onset,7800,38229,-18
1.7384,onset,7800,38229,-47
1.7387,onset,7800,38229,3
1.739,onset,7800,38229,-81
1.7393,onset,7800,38229,30
1.7396,onset,7800,38229,-73
1.74,onset,7800,38229,-28
1.7428,onset,7850,38229,85
1.7433,onset,7850,38229,-11
1.7437,onset,7850,38229,33
1.7439,onset,7850,38229,78
1.7443,onset,7850,38229,21
1.7446,onset,7850,38229,-83
1.7449,onset,7850,38229,16
1.7452,onset,7850,38229,-23
1.7455,onset,7850,38229,-85
1.7458,onset,7850,38229,0
1.7461,onset,7850,38229,-7
1.7465,onset,7850,38229,-5
1.7468,onset,7850,38229,46
1.7471,onset,7850,38229,0
1.7474,onset,7850,38229,79
1.7477,onset,7850,38229,35
1.7505,onset,7900,38229,-34
1.7508,onset,7900,38229,-49
1.7511,onset,7900,38229,-60
1.7514,onset,7900,38229,-15
1.7518,onset,7900,38229,22
1.7521,onset,7900,38229,-6
1.7524,onset,7900,38229,71
1.7527,onset,7900,38229,0
1.753,onset,7900,38229,-40
1.7533,onset,7900,38229,-6
1.7536,onset,7900,38229,-10
1.7539,onset,7900,38229,-71
1.7541,onset,7900,38229,-47
1.7545,onset,7900,38229,-114
1.7547,onset,7900,38229,-80
1.7551,onset,7900,38229,-15
1.7594,onset,7950,38229,-49
1.7598,onset,7950,38229,60
1.7601,onset,7950,38229,-3
1.7604,onset,7950,38229,5
1.7607,onset,7950,38229,-81
1.761,onset,7950,38229,-2
1.7613,onset,7950,38229,-58
1.7616,onset,7950,38229,-99
1.7619,onset,7950,38229,-79
1.7622,onset,7950,38229,-14
1.7625,onset,7950,38229,-24
1.7628,onset,7950,38229,-7
1.7631,onset,7950,38229,-10
1.7634,onset,7950,38229,-63
1.7637,onset,7950,38229,-87
1.7639,onset,7950,38229,-68
1.7666,onset,8000,38229,-119
1.7669,onset,8000,38229,-24
1.7673,onset,8000,38229,-12
1.7676,onset,8000,38229,-1
1.7679,onset,8000,38229,-16
1.7682,onset,8000,38229,-1
1.7685,onset,8000,38229,20
1.7688,onset,8000,38229,2
1.7691,onset,8000,38229,4
1.7694,onset,8000,38229,52
1.7697,onset,8000,38229,47
1.77,onset,8000,38229,0
1.7703,onset,8000,38229,69
1.7706,onset,8000,38229,18
1.771,onset,8000,38229,-36
1.7713,onset,8000,38229,-102
1.7756,onset,8050,38229,52
1.776,onset,8050,38229,20
1.7765,onset,8050,38229,2
1.7769,onset,8050,38229,53
1.7772,onset,8050,38229,-44
1.7776,onset,8050,38229,8
1.7779,onset,8050,38229,2
1.7782,onset,8050,38229,37
1.7786,onset,8050,38229,29
1.7789,onset,8050,38229,-45
1.7792,onset,8050,38229,-65
1.7795,onset,8050,38229,-18
1.7798,onset,8050,38229,22
1.7801,onset,8050,38229,0
1.7804,onset,8050,38229,2
1.7807,onset,8050,38229,62
1.7838,onset,8100,38229,-91
1.7841,onset,8100,38229,-12
1.7844,onset,8100,38229,-124
1.7847,onset,8100,38229,-77
1.785,onset,8100,38229,-16
1.7853,onset,8100,38229,-39
1.7858,onset,8100,38229,-13
1.7861,onset,8100,38229,-28
1.7865,onset,8100,38229,-27
1.7868,onset,8100,38229,-39
1.7871,onset,8100,38229,-5
1.7874,onset,8100,38229,5
1.7877,onset,8100,38229,23
1.788,onset,8100,38229,27
1.7883,onset,8100,38229,-16
1.7887,onset,8100,38229,-36
1.7921,onset,8150,38229,31
1.7927,onset,8150,38229,19
1.7934,onset,8150,38229,71
1.7937,onset,8150,38229,83
1.7941,onset,8150,38229,-26
1.7944,onset,8150,38229,6
1.7947,onset,8150,38229,-32
1.795,onset,8150,38229,-49
1.7953,onset,8150,38229,-68
1.7957,onset,8150,38229,-31
1.7962,onset,8150,38229,-57
1.7966,onset,8150,38229,87
1.797,onset,8150,38229,-15
1.7973,onset,8150,38229,-3
1.7976,onset,8150,38229,-14
1.798,onset,8150,38229,17
1.8008,onset,8200,38229,-31
1.8011,onset,8200,38229,-36
1.8014,onset,8200,38229,-22
1.8017,onset,8200,38229,3
1.802,onset,8200,38229,-44
1.8022,onset,8200,38229,-66
1.8026,onset,8200,38229,-16
1.8029,onset,8200,38229,11
1.8032,onset,8200,38229,-38
1.8035,onset,8200,38229,-22
1.8037,onset,8200,38229,5
1.8041,onset,8200,38229,31
1.8044,onset,8200,38229,-35
1.8046,onset,8200,38229,-71
1.8049,onset,8200,38229,-87
1.8052,onset,8200,38229,-109
1.8085,onset,8250,38229,27
1.8091,onset,8250,38229,26
1.8095,onset,8250,38229,-25
1.8101,onset,8250,38229,15
1.8106,onset,8250,38229,10
1.811,onset,8250,38229,5
1.8113,onset,8250,38229,23
1.8116,onset,8250,38229,54
1.8119,onset,8250,38229,34
1.8122,onset,8250,38229,19
1.8125,onset,8250,38229,66
1.813,onset,8250,38229,-38
1.8135,onset,8250,38229,84
1.8139,onset,8250,38229,9
1.8142,onset,8250,38229,-13
1.8144,onset,8250,38229,31
1.8173,onset,8300,38229,23
1.8176,onset,8300,38229,-4
1.8179,onset,8300,38229,-7
1.8182,onset,8300,38229,11
1.8185,onset,8300,38229,4
1.8188,onset,8300,38229,-10
1.8191,onset,8300,38229,-36
1.8194,onset,8300,38229,-24
1.8196,onset,8300,38229,-3
1.8199,onset,8300,38229,-37
1.8202,onset,8300,38229,-90
1.8205,onset,8300,38229,-77
1.8208,onset,8300,38229,-93
1.8211,onset,8300,38229,-113
1.8214,onset,8300,38229,-49
1.8217,onset,8300,38229,-27
1.8244,onset,8350,38229,-30
1.8249,onset,8350,38229,40
1.8253,onset,8350,38229,-5
1.8259,onset,8350,38229,-9
1.8265,onset,8350,38229,-39
1.827,onset,8350,38229,-22
1.8275,onset,8350,38229,-8
1.8282,onset,8350,38229,60
1.8285,onset,8350,38229,-56
1.8288,onset,8350,38229,-13
1.8291,onset,8350,38229,9
1.8294,onset,8350,38229,-10
1.8297,onset,8350,38229,-14
1.8301,onset,8350,38229,0
1.8303,onset,8350,38229,-18
1.8306,onset,8350,38229,-51
1.8337,onset,8400,38229,-8
1.834,onset,8400,38229,-28
1.8343,onset,8400,38229,-43
1.8346,onset,8400,38229,-82
1.8349,onset,8400,38229,-31
1.8352,onset,8400,38229,-14
1.8356,onset,8400,38229,-56
1.8359,onset,8400,38229,-35
1.8362,onset,8400,38229,26
1.8365,onset,8400,38229,0
1.8368,onset,8400,38229,17
1.8371,onset,8400,38229,11
1.8374,onset,8400,38229,36
1.8378,onset,8400,38229,25
1.8381,onset,8400,38229,-44
1.8384,onset,8400,38229,-114
1.8415,onset,8450,38229,-31
1.842,onset,8450,38229,-79
1.8425,onset,8450,38229,10
1.8432,onset,8450,38229,-24
1.8436,onset,8450,38229,-18
1.8441,onset,8450,38229,39
1.8445,onset,8450,38229,-23
1.8448,onset,8450,38229,-9
1.8452,onset,8450,38229,0
1.8456,onset,8450,38229,-76
1.8459,onset,8450,38229,30
1.8462,onset,8450,38229,12
1.8465,onset,8450,38229,19
1.8468,onset,8450,38229,9
1.8471,onset,8450,38229,-7
1.8474,onset,8450,38229,67
1.8504,onset,8500,38229,44
1.8508,onset,8500,38229,-75
1.8511,onset,8500,38229,-78
1.8515,onset,8500,38229,2
1.8518,onset,8500,38229,12
1.8521,onset,8500,38229,32
1.8524,onset,8500,38229,56
1.8527,onset,8500,38229,30
1.853,onset,8500,38229,37
1.8533,onset,8500,38229,-14
1.8537,onset,8500,38229,-79
1.8539,onset,8500,38229,17
1.8543,onset,8500,38229,-97
1.8546,onset,8500,38229,11
1.8549,onset,8500,38229,-59
1.8552,onset,8500,38229,-85
1.8582,onset,8550,38229,-75
1.8586,onset,8550,38229,-7
1.8593,onset,8550,38229,-14
1.8598,onset,8550,38229,34
1.8604,onset,8550,38229,67
1.8607,onset,8550,38229,54
1.8614,onset,8550,38229,85
1.8617,onset,8550,38229,-12
1.8621,onset,8550,38229,-24
1.8624,onset,8550,38229,58
1.8627,onset,8550,38229,-11
1.863,onset,8550,38229,40
1.8632,onset,8550,38229,33
1.8635,onset,8550,38229,-1
1.8638,onset,8550,38229,42
1.8641,onset,8550,38229,-16
1.8666,onset,8600,38229,-26
1.8669,onset,8600,38229,26
1.8672,onset,8600,38229,-3
1.8675,onset,8600,38229,-5
1.8678,onset,8600,38229,-44
1.8681,onset,8600,38229,35
1.8684,onset,8600,38229,-78
1.8687,onset,8600,38229,1
1.869,onset,8600,38229,-114
1.8693,onset,8600,38229,-10
1.8696,onset,8600,38229,-82
1.8699,onset,8600,38229,-33
1.8702,onset,8600,38229,3
1.8705,onset,8600,38229,-10
1.8707,onset,8600,38229,5
1.871,onset,8600,38229,63
1.8737,onset,8650,38229,33
1.874,onset,8650,38229,52
1.8745,onset,8650,38229,19
1.875,onset,8650,38229,-33
1.8754,onset,8650,38229,41
1.8759,onset,8650,38229,14
1.8764,onset,8650,38229,-78
1.8767,onset,8650,38229,36
1.877,onset,8650,38229,18
1.8773,onset,8650,38229,-9
1.8776,onset,8650,38229,31
1.8779,onset,8650,38229,-8
1.8781,onset,8650,38229,-12
1.8784,onset,8650,38229,0
1.8787,onset,8650,38229,-17
1.879,onset,8650,38229,-78
1.882,onset,8700,38229,1
1.8823,onset,8700,38229,17
1.8826,onset,8700,38229,9
1.8829,onset,8700,38229,14
1.8832,onset,8700,38229,44
1.8835,onset,8700,38229,45
1.8838,onset,8700,38229,56
1.8842,onset,8700,38229,4
1.8845,onset,8700,38229,-45
1.8848,onset,8700,38229,47
1.8851,onset,8700,38229,11
1.8854,onset,8700,38229,-64
1.8857,onset,8700,38229,9
1.886,onset,8700,38229,-94
1.8863,onset,8700,38229,-20
1.8866,onset,8700,38229,-19
1.8891,onset,8750,38229,-7
1.8894,onset,8750,38229,51
1.8897,onset,8750,38229,5
1.89,onset,8750,38229,29
1.8903,onset,8750,38229,56
1.8906,onset,8750,38229,-6
1.8909,onset,8750,38229,18
1.8913,onset,8750,38229,-12
1.8919,onset,8750,38229,1
1.8923,onset,8750,38229,51
1.8927,onset,8750,38229,-19
1.8933,onset,8750,38229,-30
1.8937,onset,8750,38229,-19
1.8941,onset,8750,38229,22
1.8944,onset,8750,38229,-101
1.8947,onset,8750,38229,-4
1.8973,onset,8800,38229,-6
1.8976,onset,8800,38229,60
1.8979,onset,8800,38229,-8
1.8982,onset,8800,38229,-97
1.8985,onset,8800,38229,-22
1.8988,onset,8800,38229,-77
1.8991,onset,8800,38229,-35
1.8994,onset,8800,38229,-12
1.8997,onset,8800,38229,-16
1.9,onset,8800,38229,-40
1.9003,onset,8800,38229,-86
1.9006,onset,8800,38229,-35
1.9009,onset,8800,38229,-8
1.9011,onset,8800,38229,-58
1.9014,onset,8800,38229,-22
1.9017,onset,8800,38229,-15
1.9046,onset,8850,38229,-38
1.9049,onset,8850,38229,38
1.9052,onset,8850,38229,0
1.9055,onset,8850,38229,-95
1.9058,onset,8850,38229,8
1.9061,onset,8850,38229,-34
1.9065,onset,8850,38229,-29
1.9068,onset,8850,38229,19
1.9071,onset,8850,38229,3
1.9074,onset,8850,38229,-3
1.9078,onset,8850,38229,11
1.9081,onset,8850,38229,-11
1.9091,onset,8850,38229,0
1.9095,onset,8850,38229,-46
1.9099,onset,8850,38229,20
1.9103,onset,8850,38229,-1
1.913,onset,8900,38229,-66
1.9133,onset,8900,38229,-7
1.9136,onset,8900,38229,-26
1.9139,onset,8900,38229,6
1.9142,onset,8900,38229,-28
1.9145,onset,8900,38229,-31
1.9147,onset,8900,38229,-32
1.915,onset,8900,38229,-28
1.9153,onset,8900,38229,-77
1.9156,onset,8900,38229,24
1.9159,onset,8900,38229,-11
1.9161,onset,8900,38229,14
1.9164,onset,8900,38229,-5
1.9166,onset,8900,38229,30
1.9169,onset,8900,38229,-30
1.9171,onset,8900,38229,-37
1.9202,onset,8950,38229,-4
1.9205,onset,8950,38229,72
1.9208,onset,8950,38229,7
1.9211,onset,8950,38229,45
1.9214,onset,8950,38229,-5
1.9217,onset,8950,38229,-69
1.922,onset,8950,38229,-5
1.9223,onset,8950,38229,39
1.9226,onset,8950,38229,-58
1.9229,onset,8950,38229,10
1.9232,onset,8950,38229,-98
1.9235,onset,8950,38229,-13
1.9238,onset,8950,38229,-89
1.9244,onset,8950,38229,5
1.9249,onset,8950,38229,-5
1.9254,onset,8950,38229,18
1.9285,onset,9000,38229,8
1.9289,onset,9000,38229,12
1.9294,onset,9000,38229,17
1.9298,onset,9000,38229,-63
1.9302,onset,9000,38229,14
1.9306,onset,9000,38229,47
1.9309,onset,9000,38229,-19
1.9312,onset,9000,38229,14
1.9314,onset,9000,38229,84
1.9317,onset,9000,38229,86
1.932,onset,9000,38229,-15
1.9323,onset,9000,38229,21
1.9326,onset,9000,38229,46
1.9329,onset,9000,38229,-25
1.9332,onset,9000,38229,-3
1.9335,onset,9000,38229,25
1.9363,onset,9050,38229,-17
1.9366,onset,9050,38229,-12
1.9369,onset,9050,38229,-22
1.9372,onset,9050,38229,-7
1.9375,onset,9050,38229,-15
1.9377,onset,9050,38229,-2
1.938,onset,9050,38229,-60
1.9383,onset,9050,38229,-75
1.9386,onset,9050,38229,-93
1.9389,onset,9050,38229,-46
1.9392,onset,9050,38229,-14
1.9395,onset,9050,38229,-44
1.9398,onset,9050,38229,-22
1.94,onset,9050,38229,38
1.9403,onset,9050,38229,-35
1.9408,onset,9050,38229,-24
1.9435,onset,9100,38229,-46
1.9438,onset,9100,38229,-42
1.9441,onset,9100,38229,-12
1.9444,onset,9100,38229,3
1.9446,onset,9100,38229,9
1.9449,onset,9100,38229,-57
1.9452,onset,9100,38229,-20
1.9455,onset,9100,38229,-3
1.9458,onset,9100,38229,30
1.9461,onset,9100,38229,83
1.9463,onset,9100,38229,35
1.9466,onset,9100,38229,35
1.947,onset,9100,38229,53
1.9472,onset,9100,38229,38
1.9477,onset,9100,38229,23
1.9481,onset,9100,38229,2
1.9507,onset,9150,38229,-42
1.9509,onset,9150,38229,-81
1.9512,onset,9150,38229,-83
1.9515,onset,9150,38229,-100
1.9518,onset,9150,38229,-65
1.9521,onset,9150,38229,-29
1.9524,onset,9150,38229,-79
1.9526,onset,9150,38229,-29
1.9529,onset,9150,38229,-13
1.9532,onset,9150,38229,-102
1.9535,onset,9150,38229,-116
1.9538,onset,9150,38229,-85
1.9541,onset,9150,38229,-91
1.9544,onset,9150,38229,-48
1.9547,onset,9150,38229,-123
1.955,onset,9150,38229,-39
1.9577,onset,9200,38229,43
1.9582,onset,9200,38229,49
1.9589,onset,9200,38229,25
1.9595,onset,9200,38229,19
1.96,onset,9200,38229,-30
1.9605,onset,9200,38229,31
1.9609,onset,9200,38229,55
1.9613,onset,9200,38229,-29
1.9616,onset,9200,38229,-40
1.9618,onset,9200,38229,-18
1.9621,onset,9200,38229,37
1.9624,onset,9200,38229,-48
1.9627,onset,9200,38229,16
1.963,onset,9200,38229,36
1.9633,onset,9200,38229,39
1.9636,onset,9200,38229,0
1.9669,onset,9250,38229,-1
1.9673,onset,9250,38229,62
1.9676,onset,9250,38229,34
1.968,onset,9250,38229,0
1.9684,onset,9250,38229,-50
1.9687,onset,9250,38229,2
1.969,onset,9250,38229,88
1.9694,onset,9250,38229,11
1.9697,onset,9250,38229,-48
1.97,onset,9250,38229,-39
1.9703,onset,9250,38229,-83
1.9706,onset,9250,38229,18
1.9709,onset,9250,38229,-31
1.9714,onset,9250,38229,-99
1.9718,onset,9250,38229,34
1.9722,onset,9250,38229,37
1.9754,onset,9300,38229,19
1.9758,onset,9300,38229,-42
1.9761,onset,9300,38229,1
1.9765,onset,9300,38229,25
1.9768,onset,9300,38229,-4
1.9771,onset,9300,38229,-37
1.9774,onset,9300,38229,19
1.9777,onset,9300,38229,-46
1.978,onset,9300,38229,9
1.9783,onset,9300,38229,-62
1.9786,onset,9300,38229,53
1.9789,onset,9300,38229,67
1.9792,onset,9300,38229,25
1.9794,onset,9300,38229,35
1.9799,onset,9300,38229,51
1.9803,onset,9300,38229,18
1.9832,onset,9350,38229,-27
1.9836,onset,9350,38229,14
1.9839,onset,9350,38229,-42
1.9841,onset,9350,38229,-78
1.9845,onset,9350,38229,-64
1.9847,onset,9350,38229,-78
1.985,onset,9350,38229,-87
1.9853,onset,9350,38229,-8
1.9856,onset,9350,38229,3
1.9858,onset,9350,38229,-5
1.9861,onset,9350,38229,44
1.9863,onset,9350,38229,-8
1.9866,onset,9350,38229,18
1.987,onset,9350,38229,65
1.9873,onset,9350,38229,-11
1.9875,onset,9350,38229,17
1.9904,onset,9400,38229,-35
1.9907,onset,9400,38229,-10
1.9912,onset,9400,38229,-3
1.9916,onset,9400,38229,25
1.9921,onset,9400,38229,-74
1.9929,onset,9400,38229,60
1.9934,onset,9400,38229,-60
1.9939,onset,9400,38229,-1
1.9944,onset,9400,38229,-12
1.9948,onset,9400,38229,-96
1.9954,onset,9400,38229,-29
1.9957,onset,9400,38229,-11
1.9962,onset,9400,38229,48
1.9965,onset,9400,38229,-10
1.9968,onset,9400,38229,31
1.9971,onset,9400,38229,-4
2.0,onset,9450,38229,-77
2.0003,onset,9450,38229,-42
2.0006,onset,9450,38229,-2
2.0009,onset,9450,38229,-51
2.0012,onset,9450,38229,-73
2.0015,onset,9450,38229,-99
2.0018,onset,9450,38229,-45
2.0021,onset,9450,38229,-38
2.0024,onset,9450,38229,-85
2.0027,onset,9450,38229,-14
2.003,onset,9450,38229,-84
2.0033,onset,9450,38229,-29
2.0036,onset,9450,38229,18
2.0039,onset,9450,38229,-13
2.0042,onset,9450,38229,-27
2.0045,onset,9450,38229,4
2.0078,onset,9500,38229,41
2.0082,onset,9500,38229,-28
2.0086,onset,9500,38229,48
2.009,onset,9500,38229,-59
2.0094,onset,9500,38229,22
2.0098,onset,9500,38229,71
2.0101,onset,9500,38229,-19
2.0104,onset,9500,38229,-53
2.0107,onset,9500,38229,-82
2.011,onset,9500,38229,-33
2.0114,onset,9500,38229,-11
2.0117,onset,9500,38229,34
2.0121,onset,9500,38229,-6
2.0125,onset,9500,38229,-46
2.0128,onset,9500,38229,28
2.0131,onset,9500,38229,17
2.0161,onset,9550,38229,-25
2.0164,onset,9550,38229,31
2.0167,onset,9550,38229,-48
2.017,onset,9550,38229,9
2.0173,onset,9550,38229,44
2.0176,onset,9550,38229,-62
2.0179,onset,9550,38229,-21
2.0182,onset,9550,38229,-62
2.0185,onset,9550,38229,0
2.0187,onset,9550,38229,38
2.0191,onset,9550,38229,-28
2.0194,onset,9550,38229,-80
2.0197,onset,9550,38229,-58
2.02,onset,9550,38229,-92
2.0202,onset,9550,38229,-91
2.0205,onset,9550,38229,-79
2.0236,onset,9600,38229,-5
2.024,onset,9600,38229,35
2.0244,onset,9600,38229,-5
2.0252,onset,9600,38229,-27
2.0258,onset,9600,38229,27
2.0263,onset,9600,38229,-58
2.0268,onset,9600,38229,89
2.0272,onset,9600,38229,-6
2.0277,onset,9600,38229,-87
2.028,onset,9600,38229,-54
2.0283,onset,9600,38229,0
2.0286,onset,9600,38229,-2
2.029,onset,9600,38229,51
2.0293,onset,9600,38229,13
2.0296,onset,9600,38229,-66
2.03,onset,9600,38229,-16
2.033,onset,9650,38229,-39
2.0333,onset,9650,38229,5
2.0336,onset,9650,38229,31
2.0339,onset,9650,38229,50
2.0342,onset,9650,38229,-4
2.0345,onset,9650,38229,36
2.0348,onset,9650,38229,65
2.0351,onset,9650,38229,-8
2.0354,onset,9650,38229,56
2.0356,onset,9650,38229,76
2.036,onset,9650,38229,-3
2.0362,onset,9650,38229,26
2.0366,onset,9650,38229,75
2.0368,onset,9650,38229,-4
2.0371,onset,9650,38229,42
2.0374,onset,9650,38229,-21
2.0401,onset,9700,38229,77
2.0405,onset,9700,38229,-28
2.041,onset,9700,38229,-5
2.0415,onset,9700,38229,-2
2.0422,onset,9700,38229,-38
2.0426,onset,9700,38229,30
2.043,onset,9700,38229,21
2.0434,onset,9700,38229,1
2.0437,onset,9700,38229,78
2.044,onset,9700,38229,-8
2.0443,onset,9700,38229,4
2.0446,onset,9700,38229,0
2.0449,onset,9700,38229,40
2.0454,onset,9700,38229,-14
2.0461,onset,9700,38229,55
2.0463,onset,9700,38229,17
2.0497,onset,9750,38229,-66
2.05,onset,9750,38229,12
2.0504,onset,9750,38229,40
2.0507,onset,9750,38229,-8
2.051,onset,9750,38229,-121
2.0513,onset,9750,38229,-19
2.0517,onset,9750,38229,10
2.052,onset,9750,38229,-19
2.0523,onset,9750,38229,21
2.0526,onset,9750,38229,26
2.0531,onset,9750,38229,-10
2.0535,onset,9750,38229,-17
2.0539,onset,9750,38229,52
2.0543,onset,9750,38229,-72
2.0546,onset,9750,38229,-1
2.0549,onset,9750,38229,53
2.0581,onset,9800,38229,-68
2.0586,onset,9800,38229,-48
2.0593,onset,9800,38229,-13
2.0598,onset,9800,38229,-19
2.0603,onset,9800,38229,22
2.0606,onset,9800,38229,-8
2.0609,onset,9800,38229,-44
2.0612,onset,9800,38229,19
2.0616,onset,9800,38229,-23
2.0619,onset,9800,38229,-108
2.0623,onset,9800,38229,-28
2.0627,onset,9800,38229,119
2.0631,onset,9800,38229,3
2.0634,onset,9800,38229,38
2.0638,onset,9800,38229,67
2.0641,onset,9800,38229,22
2.0669,onset,9850,38229,-53
2.0672,onset,9850,38229,27
2.0676,onset,9850,38229,-5
2.0679,onset,9850,38229,-33
2.0683,onset,9850,38229,-71
2.0686,onset,9850,38229,-32
2.069,onset,9850,38229,1
2.0693,onset,9850,38229,79
2.0697,onset,9850,38229,-67
2.07,onset,9850,38229,-94
2.0703,onset,9850,38229,-79
2.0707,onset,9850,38229,10
2.0711,onset,9850,38229,19
2.0714,onset,9850,38229,-68
2.0719,onset,9850,38229,-27
2.0722,onset,9850,38229,27
2.0754,onset,9900,38229,-73
2.0761,onset,9900,38229,71
2.0767,onset,9900,38229,-33
2.0772,onset,9900,38229,-19
2.0775,onset,9900,38229,84
2.0778,onset,9900,38229,-3
2.0782,onset,9900,38229,-47
2.0784,onset,9900,38229,-21
2.0787,onset,9900,38229,50
2.0793,onset,9900,38229,4
2.0797,onset,9900,38229,-7
2.0801,onset,9900,38229,58
2.0804,onset,9900,38229,2
2.0807,onset,9900,38229,-5
2.081,onset,9900,38229,8
2.0813,onset,9900,38229,-29
2.0844,onset,9950,38229,-51
2.0847,onset,9950,38229,14
2.085,onset,9950,38229,10
2.0854,onset,9950,38229,32
2.0858,onset,9950,38229,20
2.0861,onset,9950,38229,-3
2.0865,onset,9950,38229,-3
2.0868,onset,9950,38229,27
2.0871,onset,9950,38229,-8
2.0874,onset,9950,38229,27
2.0878,onset,9950,38229,1
2.0882,onset,9950,38229,35
2.0885,onset,9950,38229,9
2.0888,onset,9950,38229,33
2.0891,onset,9950,38229,43
2.0894,onset,9950,38229,10
2.0926,onset,10000,38229,44
2.093,onset,10000,38229,-64
2.0933,onset,10000,38229,26
2.0937,onset,10000,38229,43
2.0939,onset,10000,38229,51
2.0943,onset,10000,38229,53
2.0946,onset,10000,38229,13
2.0949,onset,10000,38229,48
2.0952,onset,10000,38229,66
2.0954,onset,10000,38229,69
2.0958,onset,10000,38229,-16
2.0961,onset,10000,38229,59
2.0965,onset,10000,38229,71
2.0969,onset,10000,38229,43
2.0972,onset,10000,38229,97
2.0975,onset,10000,38229,43
2.1002,onset,10050,38229,61
2.1007,onset,10050,38229,-24
2.1011,onset,10050,38229,-66
2.1014,onset,10050,38229,0
2.1019,onset,10050,38229,-2
2.1023,onset,10050,38229,-29
2.1026,onset,10050,38229,-8
2.1029,onset,10050,38229,-30
2.1032,onset,10050,38229,35
2.1036,onset,10050,38229,13
2.104,onset,10050,38229,-31
2.1044,onset,10050,38229,64
2.1047,onset,10050,38229,9
2.1051,onset,10050,38229,80
2.1054,onset,10050,38229,-30
2.1057,onset,10050,38229,-68
2.1089,onset,10100,38229,34
2.1093,onset,10100,38229,9
2.1098,onset,10100,38229,16
2.1101,onset,10100,38229,28
2.1104,onset,10100,38229,-3
2.1107,onset,10100,38229,68
2.111,onset,10100,38229,81
2.1113,onset,10100,38229,69
2.1116,onset,10100,38229,24
2.112,onset,10100,38229,-66
2.1124,onset,10100,38229,-91
2.1128,onset,10100,38229,42
2.1132,onset,10100,38229,71
2.1136,onset,10100,38229,33
2.1138,onset,10100,38229,-8
2.1141,onset,10100,38229,-45
2.117,onset,10150,38229,-46
2.1172,onset,10150,38229,-14
2.1176,onset,10150,38229,-61
2.1179,onset,10150,38229,-95
2.1182,onset,10150,38229,-9
2.1185,onset,10150,38229,-50
2.1188,onset,10150,38229,-29
2.1191,onset,10150,38229,-3
2.1194,onset,10150,38229,-15
2.1197,onset,10150,38229,-14
2.12,onset,10150,38229,-4
2.1203,onset,10150,38229,-40
2.1205,onset,10150,38229,-43
2.1208,onset,10150,38229,-53
2.1211,onset,10150,38229,-103
2.1214,onset,10150,38229,-32
2.124,onset,10200,38229,26
2.1245,onset,10200,38229,-4
2.125,onset,10200,38229,-21
2.1256,onset,10200,38229,-60
2.1261,onset,10200,38229,-30
2.1267,onset,10200,38229,7
2.1272,onset,10200,38229,19
2.1276,onset,10200,38229,-20
2.1279,onset,10200,38229,71
2.1282,onset,10200,38229,76
2.1285,onset,10200,38229,13
2.1288,onset,10200,38229,-41
2.1291,onset,10200,38229,13
2.1295,onset,10200,38229,-21
2.1298,onset,10200,38229,-48
2.1301,onset,10200,38229,-22
2.1327,onset,10250,38229,10
2.133,onset,10250,38229,-3
2.1333,onset,10250,38229,-63
2.1337,onset,10250,38229,-75
2.134,onset,10250,38229,15
2.1343,onset,10250,38229,26
2.1346,onset,10250,38229,0
2.1349,onset,10250,38229,78
2.1352,onset,10250,38229,-14
2.1355,onset,10250,38229,48
2.1357,onset,10250,38229,23
2.136,onset,10250,38229,11
2.1363,onset,10250,38229,46
2.1366,onset,10250,38229,3
2.1368,onset,10250,38229,-5
2.1371,onset,10250,38229,-78
2.1403,onset,10300,38229,-2
2.1407,onset,10300,38229,-71
2.1411,onset,10300,38229,62
2.1416,onset,10300,38229,0
2.1421,onset,10300,38229,-12
2.1427,onset,10300,38229,10
2.1433,onset,10300,38229,85
2.1438,onset,10300,38229,-77
2.1442,onset,10300,38229,46
2.1445,onset,10300,38229,20
2.145,onset,10300,38229,-34
2.1456,onset,10300,38229,-10
2.146,onset,10300,38229,-14
2.1464,onset,10300,38229,57
2.1467,onset,10300,38229,29
2.1471,onset,10300,38229,4
2.15,onset,10350,38229,-83
2.1503,onset,10350,38229,-61
2.1506,onset,10350,38229,-13
2.1508,onset,10350,38229,-54
2.1511,onset,10350,38229,-28
2.1515,onset,10350,38229,-25
2.1517,onset,10350,38229,-8
2.1521,onset,10350,38229,0
2.1525,onset,10350,38229,20
2.1528,onset,10350,38229,24
2.1532,onset,10350,38229,-9
2.1535,onset,10350,38229,-67
2.1538,onset,10350,38229,-26
2.1542,onset,10350,38229,66
2.1544,onset,10350,38229,8
2.1547,onset,10350,38229,61
2.158,onset,10400,38229,-3
2.1585,onset,10400,38229,-32
2.159,onset,10400,38229,12
2.1594,onset,10400,38229,105
2.1598,onset,10400,38229,-63
2.1602,onset,10400,38229,3
2.1605,onset,10400,38229,54
2.1609,onset,10400,38229,-34
2.1612,onset,10400,38229,-18
2.1615,onset,10400,38229,-16
2.1619,onset,10400,38229,-11
2.1622,onset,10400,38229,31
2.1626,onset,10400,38229,-15
2.1629,onset,10400,38229,-5
2.1633,onset,10400,38229,-78
2.1636,onset,10400,38229,77
2.1664,onset,10450,38229,14
2.1667,onset,10450,38229,-30
2.167,onset,10450,38229,-75
2.1673,onset,10450,38229,-28
2.1676,onset,10450,38229,-91
2.1679,onset,10450,38229,-45
2.1682,onset,10450,38229,-19
2.1684,onset,10450,38229,1
2.1688,onset,10450,38229,-33
2.1691,onset,10450,38229,-79
2.1694,onset,10450,38229,-18
2.1697,onset,10450,38229,-7
2.17,onset,10450,38229,-25
2.1703,onset,10450,38229,-3
2.1707,onset,10450,38229,49
2.1709,onset,10450,38229,46
2.1739,onset,10500,38229,55
2.1743,onset,10500,38229,0
2.1748,onset,10500,38229,68
2.1755,onset,10500,38229,2
2.1764,onset,10500,38229,18
2.1771,onset,10500,38229,-28
2.1775,onset,10500,38229,100
2.178,onset,10500,38229,0
2.1783,onset,10500,38229,70
2.1787,onset,10500,38229,45
2.179,onset,10500,38229,-32
2.1793,onset,10500,38229,-33
2.1796,onset,10500,38229,-6
2.1799,onset,10500,38229,-2
2.1803,onset,10500,38229,3
2.1806,onset,10500,38229,30
2.1835,onset,10550,38229,51
2.1839,onset,10550,38229,-37
2.1842,onset,10550,38229,-1
2.1845,onset,10550,38229,24
2.1848,onset,10550,38229,-1
2.1851,onset,10550,38229,-27
2.1855,onset,10550,38229,-29
2.1858,onset,10550,38229,-21
2.1861,onset,10550,38229,11
2.1865,onset,10550,38229,-26
2.1868,onset,10550,38229,56
2.1871,onset,10550,38229,-100
2.1874,onset,10550,38229,-51
2.1877,onset,10550,38229,-81
2.188,onset,10550,38229,-38
2.1883,onset,10550,38229,-32
2.1915,onset,10600,38229,13
2.1919,onset,10600,38229,44
2.1923,onset,10600,38229,8
2.1928,onset,10600,38229,12
2.1934,onset,10600,38229,-27
2.1939,onset,10600,38229,34
2.1942,onset,10600,38229,-19
2.1946,onset,10600,38229,-20
2.1949,onset,10600,38229,-36
2.1952,onset,10600,38229,0
2.1955,onset,10600,38229,-3
2.1959,onset,10600,38229,19
2.1962,onset,10600,38229,32
2.1964,onset,10600,38229,38
2.1967,onset,10600,38229,41
2.197,onset,10600,38229,89
2.2,onset,10650,38229,16
2.2004,onset,10650,38229,-7
2.2007,onset,10650,38229,-60
2.2011,onset,10650,38229,-42
2.2014,onset,10650,38229,29
2.2017,onset,10650,38229,42
2.2021,onset,10650,38229,28
2.2024,onset,10650,38229,-24
2.2027,onset,10650,38229,-23
2.2031,onset,10650,38229,-26
2.2034,onset,10650,38229,-40
2.2037,onset,10650,38229,36
2.204,onset,10650,38229,30
2.2043,onset,10650,38229,-18
2.2047,onset,10650,38229,-69
2.205,onset,10650,38229,-5
2.2085,onset,10700,38229,19
2.209,onset,10700,38229,54
2.2095,onset,10700,38229,35
2.2101,onset,10700,38229,-108
2.2106,onset,10700,38229,7
2.2111,onset,10700,38229,-24
2.2115,onset,10700,38229,20
2.2119,onset,10700,38229,-53
2.2123,onset,10700,38229,72
2.2128,onset,10700,38229,18
2.2132,onset,10700,38229,33
2.2135,onset,10700,38229,-31
2.2138,onset,10700,38229,-29
2.2141,onset,10700,38229,-102
2.2146,onset,10700,38229,-13
2.215,onset,10700,38229,23
2.218,onset,10750,38229,70
2.2184,onset,10750,38229,36
2.2187,onset,10750,38229,22
2.219,onset,10750,38229,-16
2.2193,onset,10750,38229,-37
2.2196,onset,10750,38229,-28
2.2199,onset,10750,38229,-25
2.2202,onset,10750,38229,-15
2.2205,onset,10750,38229,-8
2.221,onset,10750,38229,-24
2.2213,onset,10750,38229,-52
2.2216,onset,10750,38229,-48
2.2219,onset,10750,38229,-65
2.2222,onset,10750,38229,-51
2.2225,onset,10750,38229,-25
2.2228,onset,10750,38229,-30
2.2259,onset,10800,38229,-11
2.2263,onset,10800,38229,-16
2.2267,onset,10800,38229,0
2.227,onset,10800,38229,64
2.2273,onset,10800,38229,14
2.2277,onset,10800,38229,-2
2.2281,onset,10800,38229,3
2.2284,onset,10800,38229,42
2.2287,onset,10800,38229,25
2.2291,onset,10800,38229,84
2.2296,onset,10800,38229,-9
2.23,onset,10800,38229,-24
2.2305,onset,10800,38229,89
2.2308,onset,10800,38229,9
2.2311,onset,10800,38229,-18
2.2314,onset,10800,38229,-108
2.234,onset,10850,38229,-5
2.2343,onset,10850,38229,-43
2.2346,onset,10850,38229,-10
2.2348,onset,10850,38229,34
2.2351,onset,10850,38229,42
2.2354,onset,10850,38229,74
2.2357,onset,10850,38229,24
2.236,onset,10850,38229,51
2.2363,onset,10850,38229,10
2.2366,onset,10850,38229,0
2.2369,onset,10850,38229,36
2.2372,onset,10850,38229,56
2.2375,onset,10850,38229,-39
2.2378,onset,10850,38229,23
2.238,onset,10850,38229,53
2.2383,onset,10850,38229,-11
2.2415,onset,10900,38229,39
2.242,onset,10900,38229,14
2.2426,onset,10900,38229,79
2.2432,onset,10900,38229,20
2.2437,onset,10900,38229,46
2.244,onset,10900,38229,-28
2.2445,onset,10900,38229,21
2.2449,onset,10900,38229,9
2.2452,onset,10900,38229,19
2.2455,onset,10900,38229,12
2.2458,onset,10900,38229,96
2.2461,onset,10900,38229,23
2.2464,onset,10900,38229,24
2.2466,onset,10900,38229,37
2.247,onset,10900,38229,30
2.2474,onset,10900,38229,-53
2.25,onset,10950,38229,-67
2.2503,onset,10950,38229,-22
2.2506,onset,10950,38229,-81
2.2509,onset,10950,38229,-110
2.2512,onset,10950,38229,-34
2.2516,onset,10950,38229,0
2.2519,onset,10950,38229,-12
2.2522,onset,10950,38229,13
2.2525,onset,10950,38229,54
2.2528,onset,10950,38229,39
2.2531,onset,10950,38229,9
2.2535,onset,10950,38229,-50
2.2538,onset,10950,38229,20
2.2541,onset,10950,38229,-45
2.2544,onset,10950,38229,-75
2.2547,onset,10950,38229,-76
2.2578,onset,11000,38229,-16
2.2584,onset,11000,38229,22
2.2589,onset,11000,38229,62
2.2594,onset,11000,38229,27
2.26,onset,11000,38229,-17
2.2604,onset,11000,38229,-31
2.2608,onset,11000,38229,18
2.2611,onset,11000,38229,2
2.2615,onset,11000,38229,29
2.2618,onset,11000,38229,-5
2.2621,onset,11000,38229,-17
2.2624,onset,11000,38229,-8
2.2627,onset,11000,38229,-8
2.263,onset,11000,38229,-57
2.2633,onset,11000,38229,-6
2.2636,onset,11000,38229,-20
2.2663,onset,11050,38229,28
2.2667,onset,11050,38229,81
2.267,onset,11050,38229,-19
2.2673,onset,11050,38229,11
2.2677,onset,11050,38229,-57
2.268,onset,11050,38229,-4
2.2683,onset,11050,38229,-21
2.2687,onset,11050,38229,10
2.269,onset,11050,38229,24
2.2693,onset,11050,38229,11
2.2696,onset,11050,38229,4
2.2699,onset,11050,38229,31
2.2702,onset,11050,38229,4
2.2705,onset,11050,38229,43
2.2708,onset,11050,38229,-19
2.2711,onset,11050,38229,-76
2.2743,onset,11100,38229,-25
2.2751,onset,11100,38229,23
2.2758,onset,11100,38229,-93
2.2763,onset,11100,38229,-68
2.2767,onset,11100,38229,7
2.2771,onset,11100,38229,29
2.2774,onset,11100,38229,-89
2.2777,onset,11100,38229,-26
2.278,onset,11100,38229,-90
2.2784,onset,11100,38229,-1
2.2787,onset,11100,38229,-13
2.279,onset,11100,38229,-16
2.2793,onset,11100,38229,-6
2.2796,onset,11100,38229,49
2.2799,onset,11100,38229,36
2.2802,onset,11100,38229,55
2.2828,onset,11150,38229,-1
2.2831,onset,11150,38229,-1
2.2834,onset,11150,38229,43
2.2837,onset,11150,38229,22
2.2841,onset,11150,38229,37
2.2844,onset,11150,38229,6
2.2847,onset,11150,38229,-52
2.285,onset,11150,38229,-84
2.2853,onset,11150,38229,-27
2.2856,onset,11150,38229,-5
2.2859,onset,11150,38229,-84
2.2862,onset,11150,38229,-28
2.2865,onset,11150,38229,-19
2.2868,onset,11150,38229,-59
2.2872,onset,11150,38229,18
2.2876,onset,11150,38229,20
2.2903,onset,11200,38229,-72
2.2906,onset,11200,38229,-9
2.291,onset,11200,38229,-49
2.2914,onset,11200,38229,77
2.2918,onset,11200,38229,-69
2.2922,onset,11200,38229,20
2.2927,onset,11200,38229,-44
2.293,onset,11200,38229,65
2.2933,onset,11200,38229,16
2.2936,onset,11200,38229,7
2.2939,onset,11200,38229,26
2.2942,onset,11200,38229,63
2.2945,onset,11200,38229,-5
2.2948,onset,11200,38229,62
2.2951,onset,11200,38229,25
2.2954,onset,11200,38229,48
2.298,onset,11250,38229,49
2.2983,onset,11250,38229,38
2.2987,onset,11250,38229,60
2.299,onset,11250,38229,-20
2.2993,onset,11250,38229,-3
2.2996,onset,11250,38229,-9
2.2999,onset,11250,38229,-27
2.3002,onset,11250,38229,-36
2.3005,onset,11250,38229,-37
2.3008,onset,11250,38229,-42
2.3012,onset,11250,38229,20
2.3014,onset,11250,38229,-20
2.3017,onset,11250,38229,-26
2.3021,onset,11250,38229,62
2.3024,onset,11250,38229,56
2.3027,onset,11250,38229,82
2.3056,onset,11300,38229,67
2.3059,onset,11300,38229,38
2.3062,onset,11300,38229,98
2.3065,onset,11300,38229,53
2.3068,onset,11300,38229,-45
2.3072,onset,11300,38229,-66
2.3078,onset,11300,38229,13
2.3083,onset,11300,38229,55
2.309,onset,11300,38229,-13
2.3096,onset,11300,38229,-10
2.31,onset,11300,38229,-22
2.3104,onset,11300,38229,10
2.3107,onset,11300,38229,0
2.311,onset,11300,38229,67
2.3114,onset,11300,38229,-27
2.3117,onset,11300,38229,62
2.3142,onset,11350,38229,-15
2.3146,onset,11350,38229,73
2.3149,onset,11350,38229,43
2.3153,onset,11350,38229,54
2.3156,onset,11350,38229,-79
2.316,onset,11350,38229,36
2.3163,onset,11350,38229,64
2.3166,onset,11350,38229,15
2.317,onset,11350,38229,-14
2.3173,onset,11350,38229,-66
2.3176,onset,11350,38229,-91
2.3179,onset,11350,38229,-36
2.3183,onset,11350,38229,13
2.3185,onset,11350,38229,-22
2.3188,onset,11350,38229,-42
2.3191,onset,11350,38229,9
2.3221,onset,11400,38229,23
2.3224,onset,11400,38229,70
2.3227,onset,11400,38229,16
2.3231,onset,11400,38229,11
2.3235,onset,11400,38229,-10
2.3239,onset,11400,38229,34
2.3244,onset,11400,38229,-23
2.3249,onset,11400,38229,-21
2.3256,onset,11400,38229,-20
2.326,onset,11400,38229,37
2.3264,onset,11400,38229,63
2.3268,onset,11400,38229,34
2.3272,onset,11400,38229,46
2.3275,onset,11400,38229,37
2.3278,onset,11400,38229,-26
2.3281,onset,11400,38229,20
2.331,onset,11450,38229,-48
2.3314,onset,11450,38229,30
2.3317,onset,11450,38229,-20
2.332,onset,11450,38229,-41
2.3324,onset,11450,38229,-17
2.3327,onset,11450,38229,20
2.3331,onset,11450,38229,56
2.3334,onset,11450,38229,-84
2.3338,onset,11450,38229,-35
2.3341,onset,11450,38229,5
2.3345,onset,11450,38229,-2
2.3348,onset,11450,38229,23
2.3352,onset,11450,38229,-6
2.3355,onset,11450,38229,-44
2.3358,onset,11450,38229,-43
2.3361,onset,11450,38229,-34
2.3389,onset,11500,38229,5
2.3392,onset,11500,38229,-27
2.3396,onset,11500,38229,-14
2.3399,onset,11500,38229,-8
2.3403,onset,11500,38229,29
2.3408,onset,11500,38229,21
2.3413,onset,11500,38229,77
2.3418,onset,11500,38229,25
2.3425,onset,11500,38229,22
2.3429,onset,11500,38229,-54
2.3433,onset,11500,38229,-19
2.3436,onset,11500,38229,54
2.3439,onset,11500,38229,27
2.3442,onset,11500,38229,37
2.3446,onset,11500,38229,-24
2.3449,onset,11500,38229,-15
2.3476,onset,11550,38229,-41
2.348,onset,11550,38229,24
2.3483,onset,11550,38229,21
2.3486,onset,11550,38229,49
2.349,onset,11550,38229,33
2.3493,onset,11550,38229,-8
2.3496,onset,11550,38229,10
2.35,onset,11550,38229,-103
2.3503,onset,11550,38229,21
2.3506,onset,11550,38229,9
2.3509,onset,11550,38229,-40
2.3513,onset,11550,38229,43
2.3516,onset,11550,38229,-2
2.3519,onset,11550,38229,33
2.3522,onset,11550,38229,-10
2.3525,onset,11550,38229,22
2.3556,onset,11600,38229,45
2.356,onset,11600,38229,-41
2.3565,onset,11600,38229,-26
2.3569,onset,11600,38229,41
2.3573,onset,11600,38229,-66
2.358,onset,11600,38229,28
2.3587,onset,11600,38229,2
2.3594,onset,11600,38229,26
2.3598,onset,11600,38229,42
2.3603,onset,11600,38229,-89
2.3607,onset,11600,38229,6
2.3611,onset,11600,38229,-28
2.3614,onset,11600,38229,-7
2.3618,onset,11600,38229,5
2.3621,onset,11600,38229,-23
2.3624,onset,11600,38229,10
2.3651,onset,11650,38229,-13
2.3656,onset,11650,38229,-35
2.366,onset,11650,38229,-48
2.3663,onset,11650,38229,-55
2.3666,onset,11650,38229,-75
2.367,onset,11650,38229,35
2.3674,onset,11650,38229,-6
2.3678,onset,11650,38229,-28
2.3682,onset,11650,38229,26
2.3686,onset,11650,38229,24
2.3689,onset,11650,38229,-14
2.3692,onset,11650,38229,-12
2.3695,onset,11650,38229,6
2.3698,onset,11650,38229,16
2.3701,onset,11650,38229,-1
2.3704,onset,11650,38229,62
2.3734,onset,11700,38229,-93
2.3738,onset,11700,38229,0
2.3742,onset,11700,38229,-57
2.3746,onset,11700,38229,-37
2.3752,onset,11700,38229,-37
2.3755,onset,11700,38229,-46
2.376,onset,11700,38229,-53
2.3764,onset,11700,38229,-37
2.3769,onset,11700,38229,87
2.3773,onset,11700,38229,-2
2.3776,onset,11700,38229,28
2.3779,onset,11700,38229,74
2.3782,onset,11700,38229,26
2.3786,onset,11700,38229,-32
2.379,onset,11700,38229,48
2.3795,onset,11700,38229,-70
2.3823,onset,11750,38229,29
2.3826,onset,11750,38229,-40
2.3829,onset,11750,38229,3
2.3832,onset,11750,38229,-71
2.3835,onset,11750,38229,-89
2.3838,onset,11750,38229,-29
2.3841,onset,11750,38229,-57
2.3844,onset,11750,38229,-58
2.3847,onset,11750,38229,-10
2.3851,onset,11750,38229,30
2.3854,onset,11750,38229,13
2.3857,onset,11750,38229,10
2.386,onset,11750,38229,53
2.3863,onset,11750,38229,37
2.3866,onset,11750,38229,-1
2.387,onset,11750,38229,-70
2.3898,onset,11800,38229,17
2.3901,onset,11800,38229,0
2.3904,onset,11800,38229,63
2.391,onset,11800,38229,27
2.3915,onset,11800,38229,-26
2.3921,onset,11800,38229,-40
2.3926,onset,11800,38229,-45
2.3932,onset,11800,38229,-36
2.3937,onset,11800,38229,28
2.3942,onset,11800,38229,-8
2.3946,onset,11800,38229,42
2.3949,onset,11800,38229,-29
2.3953,onset,11800,38229,-75
2.3956,onset,11800,38229,-9
2.3959,onset,11800,38229,0
2.3962,onset,11800,38229,-60
2.3988,onset,11850,38229,55
2.3991,onset,11850,38229,26
2.3994,onset,11850,38229,-27
2.3997,onset,11850,38229,-40
2.4001,onset,11850,38229,-73
2.4004,onset,11850,38229,-12
2.4007,onset,11850,38229,1
2.401,onset,11850,38229,-28
2.4014,onset,11850,38229,-7
2.4017,onset,11850,38229,-37
2.402,onset,11850,38229,-91
2.4023,onset,11850,38229,-31
2.4026,onset,11850,38229,-31
2.4029,onset,11850,38229,-58
2.4033,onset,11850,38229,-51
2.4036,onset,11850,38229,-2
2.4066,onset,11900,38229,59
2.4069,onset,11900,38229,20
2.4077,onset,11900,38229,-29
2.4083,onset,11900,38229,-11
2.4088,onset,11900,38229,-23
2.4093,onset,11900,38229,21
2.4098,onset,11900,38229,-16
2.4102,onset,11900,38229,61
2.4106,onset,11900,38229,-81
2.4109,onset,11900,38229,-59
2.4112,onset,11900,38229,-21
2.4116,onset,11900,38229,13
2.4119,onset,11900,38229,75
2.4122,onset,11900,38229,44
2.4125,onset,11900,38229,29
2.4128,onset,11900,38229,108
2.4161,onset,11950,38229,-8
2.4164,onset,11950,38229,-75
2.4167,onset,11950,38229,-37
2.4171,onset,11950,38229,34
2.4174,onset,11950,38229,-5
2.4177,onset,11950,38229,19
2.418,onset,11950,38229,-30
2.4184,onset,11950,38229,31
2.4187,onset,11950,38229,0
2.419,onset,11950,38229,-60
2.4193,onset,11950,38229,-90
2.4196,onset,11950,38229,-14
2.42,onset,11950,38229,-79
2.4203,onset,11950,38229,8
2.4206,onset,11950,38229,28
2.4209,onset,11950,38229,-66
2.4239,onset,12000,38229,54
2.4242,onset,12000,38229,-81
2.4249,onset,12000,38229,-65
2.4253,onset,12000,38229,8
2.4259,onset,12000,38229,43
2.4263,onset,12000,38229,-29
2.4267,onset,12000,38229,-5
2.427,onset,12000,38229,-34
2.4274,onset,12000,38229,-16
2.4277,onset,12000,38229,14
2.428,onset,12000,38229,-3
2.4283,onset,12000,38229,80
2.4287,onset,12000,38229,32
2.429,onset,12000,38229,-5
2.4293,onset,12000,38229,3
2.4297,onset,12000,38229,-13
2.4324,onset,12050,38229,-34
2.4327,onset,12050,38229,14
2.433,onset,12050,38229,48
2.4333,onset,12050,38229,54
2.4337,onset,12050,38229,-72
2.434,onset,12050,38229,-27
2.4344,onset,12050,38229,-28
2.4347,onset,12050,38229,-9
2.435,onset,12050,38229,23
2.4353,onset,12050,38229,50
2.4357,onset,12050,38229,2
2.4359,onset,12050,38229,19
2.4363,onset,12050,38229,-59
2.4366,onset,12050,38229,-58
2.437,onset,12050,38229,-35
2.4373,onset,12050,38229,9
2.4401,onset,12100,38229,-99
2.4404,onset,12100,38229,-73
2.4412,onset,12100,38229,15
2.4418,onset,12100,38229,60
2.4424,onset,12100,38229,67
2.443,onset,12100,38229,-14
2.4434,onset,12100,38229,18
2.4437,onset,12100,38229,2
2.4443,onset,12100,38229,-30
2.4446,onset,12100,38229,-9
2.4449,onset,12100,38229,-19
2.4453,onset,12100,38229,7
2.4457,onset,12100,38229,15
2.446,onset,12100,38229,-5
2.4463,onset,12100,38229,0
2.4466,onset,12100,38229,-29
2.4496,onset,12150,38229,-4
2.4499,onset,12150,38229,-14
2.4502,onset,12150,38229,-2
2.4505,onset,12150,38229,63
2.4508,onset,12150,38229,52
2.4511,onset,12150,38229,50
2.4515,onset,12150,38229,5
2.4518,onset,12150,38229,1
2.4522,onset,12150,38229,-25
2.4525,onset,12150,38229,-23
2.4528,onset,12150,38229,-12
2.4532,onset,12150,38229,76
2.4536,onset,12150,38229,-12
2.4539,onset,12150,38229,-28
2.4542,onset,12150,38229,-51
2.4546,onset,12150,38229,-43
2.4577,onset,12200,38229,26
2.4585,onset,12200,38229,49
2.4592,onset,12200,38229,-38
2.4597,onset,12200,38229,-19
2.4603,onset,12200,38229,-46
2.4608,onset,12200,38229,-17
2.4611,onset,12200,38229,32
2.4616,onset,12200,38229,4
2.462,onset,12200,38229,64
2.4623,onset,12200,38229,-34
2.4627,onset,12200,38229,-14
2.463,onset,12200,38229,-47
2.4633,onset,12200,38229,-32
2.4637,onset,12200,38229,36
2.4639,onset,12200,38229,53
2.4643,onset,12200,38229,60
2.4672,onset,12250,38229,49
2.4676,onset,12250,38229,17
2.4679,onset,12250,38229,-23
2.4683,onset,12250,38229,-12
2.4686,onset,12250,38229,70
2.469,onset,12250,38229,-2
2.4693,onset,12250,38229,-79
2.4696,onset,12250,38229,27
2.4699,onset,12250,38229,-34
2.4702,onset,12250,38229,-94
2.4705,onset,12250,38229,-17
2.4708,onset,12250,38229,-24
2.4711,onset,12250,38229,-46
2.4714,onset,12250,38229,-47
2.4717,onset,12250,38229,-38
2.472,onset,12250,38229,-3
2.4751,onset,12300,38229,-85
2.4755,onset,12300,38229,-18
2.476,onset,12300,38229,83
2.4766,onset,12300,38229,-22
2.4771,onset,12300,38229,4
2.4774,onset,12300,38229,-6
2.4778,onset,12300,38229,16
2.4781,onset,12300,38229,-24
2.4784,onset,12300,38229,3
2.4787,onset,12300,38229,3
2.479,onset,12300,38229,65
2.4793,onset,12300,38229,87
2.4796,onset,12300,38229,54
2.4799,onset,12300,38229,2
2.4803,onset,12300,38229,49
2.4806,onset,12300,38229,-75
2.4832,onset,12350,38229,-65
2.4836,onset,12350,38229,-90
2.4839,onset,12350,38229,-15
2.4843,onset,12350,38229,-14
2.4846,onset,12350,38229,18
2.485,onset,12350,38229,-1
2.4853,onset,12350,38229,-18
2.4856,onset,12350,38229,-72
2.4859,onset,12350,38229,-54
2.4862,onset,12350,38229,-7
2.4865,onset,12350,38229,9
2.4868,onset,12350,38229,3
2.4872,onset,12350,38229,41
2.4875,onset,12350,38229,11
2.4877,onset,12350,38229,-4
2.4881,onset,12350,38229,54
2.4916,onset,12400,38229,-21
2.4922,onset,12400,38229,55
2.4927,onset,12400,38229,53
2.4931,onset,12400,38229,-81
2.4936,onset,12400,38229,33
2.494,onset,12400,38229,3
2.4943,onset,12400,38229,6
2.4946,onset,12400,38229,75
2.4949,onset,12400,38229,51
2.4953,onset,12400,38229,-8
2.4957,onset,12400,38229,16
2.496,onset,12400,38229,-15
2.4963,onset,12400,38229,50
2.4966,onset,12400,38229,42
2.4969,onset,12400,38229,-16
2.4972,onset,12400,38229,78
2.4999,onset,12450,38229,-44
2.5003,onset,12450,38229,-32
2.5006,onset,12450,38229,-18
2.5009,onset,12450,38229,-151
2.5012,onset,12450,38229,-72
2.5016,onset,12450,38229,-27
2.5019,onset,12450,38229,26
2.5022,onset,12450,38229,50
2.5025,onset,12450,38229,43
2.5028,onset,12450,38229,4
2.5032,onset,12450,38229,-18
2.5035,onset,12450,38229,-79
2.5038,onset,12450,38229,-25
2.5041,onset,12450,38229,-55
2.5044,onset,12450,38229,-55
2.5046,onset,12450,38229,-3
2.5077,onset,12500,38229,-10
2.5081,onset,12500,38229,37
2.5086,onset,12500,38229,-16
2.5091,onset,12500,38229,-4
2.5095,onset,12500,38229,10
2.5099,onset,12500,38229,-71
2.5103,onset,12500,38229,56
2.5107,onset,12500,38229,-3
2.511,onset,12500,38229,-80
2.5113,onset,12500,38229,-88
2.5116,onset,12500,38229,-51
2.5119,onset,12500,38229,-54
2.5124,onset,12500,38229,25
2.5128,onset,12500,38229,-58
2.5131,onset,12500,38229,16
2.5135,onset,12500,38229,21
2.5165,onset,12550,38229,-33
2.5168,onset,12550,38229,-50
2.5172,onset,12550,38229,-17
2.5175,onset,12550,38229,-21
2.5178,onset,12550,38229,29
2.5181,onset,12550,38229,16
2.5184,onset,12550,38229,37
2.5187,onset,12550,38229,45
2.5189,onset,12550,38229,6
2.5192,onset,12550,38229,40
2.5196,onset,12550,38229,10
2.5199,onset,12550,38229,-3
2.5202,onset,12550,38229,-62
2.5205,onset,12550,38229,-11
2.5208,onset,12550,38229,-84
2.5211,onset,12550,38229,-21
2.524,onset,12600,38229,-10
2.5245,onset,12600,38229,-69
2.525,onset,12600,38229,-43
2.5256,onset,12600,38229,6
2.5262,onset,12600,38229,-24
2.5267,onset,12600,38229,-30
2.5273,onset,12600,38229,23
2.5277,onset,12600,38229,60
2.528,onset,12600,38229,-76
2.5283,onset,12600,38229,-54
2.5286,onset,12600,38229,-12
2.5289,onset,12600,38229,-1
2.5292,onset,12600,38229,29
2.5295,onset,12600,38229,45
2.5298,onset,12600,38229,12
2.5301,onset,12600,38229,22
2.5329,onset,12650,38229,34
2.5332,onset,12650,38229,59
2.5335,onset,12650,38229,-4
2.5338,onset,12650,38229,88
2.5341,onset,12650,38229,23
2.5344,onset,12650,38229,-41
2.5347,onset,12650,38229,12
2.535,onset,12650,38229,-51
2.5353,onset,12650,38229,-62
2.5356,onset,12650,38229,-40
2.5359,onset,12650,38229,-18
2.5362,onset,12650,38229,-31
2.5366,onset,12650,38229,-43
2.5369,onset,12650,38229,25
2.5372,onset,12650,38229,6
2.5375,onset,12650,38229,-2
2.541,onset,12700,38229,-9
2.542,onset,12700,38229,-37
2.5426,onset,12700,38229,16
2.5432,onset,12700,38229,-63
2.5436,onset,12700,38229,-90
2.544,onset,12700,38229,21
2.5444,onset,12700,38229,59
2.5447,onset,12700,38229,-29
2.545,onset,12700,38229,-5
2.5453,onset,12700,38229,-34
2.5456,onset,12700,38229,-6
2.5459,onset,12700,38229,-69
2.5462,onset,12700,38229,-22
2.5465,onset,12700,38229,-10
2.5468,onset,12700,38229,14
2.5471,onset,12700,38229,30
2.5498,onset,12750,38229,-24
2.5501,onset,12750,38229,-13
2.5504,onset,12750,38229,52
2.5507,onset,12750,38229,52
2.5511,onset,12750,38229,-15
2.5514,onset,12750,38229,-71
2.5517,onset,12750,38229,-29
2.552,onset,12750,38229,-35
2.5523,onset,12750,38229,-16
2.5527,onset,12750,38229,-34
2.553,onset,12750,38229,-18
2.5533,onset,12750,38229,10
2.5537,onset,12750,38229,11
2.5539,onset,12750,38229,42
2.5543,onset,12750,38229,32
2.5546,onset,12750,38229,24
2.5578,onset,12800,38229,2
2.5583,onset,12800,38229,-8
2.5591,onset,12800,38229,22
2.5597,onset,12800,38229,-80
2.5601,onset,12800,38229,-26
2.5605,onset,12800,38229,92
2.5609,onset,12800,38229,-17
2.5613,onset,12800,38229,-9
2.5616,onset,12800,38229,11
2.562,onset,12800,38229,75
2.5623,onset,12800,38229,53
2.5626,onset,12800,38229,-81
2.563,onset,12800,38229,-60
2.5634,onset,12800,38229,-72
2.5638,onset,12800,38229,-75
2.5642,onset,12800,38229,-18
2.5669,onset,12850,38229,51
2.5672,onset,12850,38229,-11
2.5675,onset,12850,38229,-95
2.5678,onset,12850,38229,-20
2.5681,onset,12850,38229,-98
2.5684,onset,12850,38229,-17
2.5687,onset,12850,38229,-86
2.569,onset,12850,38229,-71
2.5693,onset,12850,38229,2
2.5696,onset,12850,38229,-19
2.57,onset,12850,38229,-41
2.5703,onset,12850,38229,-56
2.5706,onset,12850,38229,-33
2.5709,onset,12850,38229,-35
2.5712,onset,12850,38229,-4
2.5715,onset,12850,38229,3
2.5744,onset,12900,38229,-31
2.5749,onset,12900,38229,26
2.5755,onset,12900,38229,14
2.576,onset,12900,38229,3
2.5764,onset,12900,38229,2
2.5768,onset,12900,38229,17
2.5772,onset,12900,38229,-72
2.5775,onset,12900,38229,41
2.5779,onset,12900,38229,72
2.5782,onset,12900,38229,-44
2.5785,onset,12900,38229,-3
2.5788,onset,12900,38229,-78
2.5791,onset,12900,38229,-14
2.5794,onset,12900,38229,-57
2.5797,onset,12900,38229,-28
2.58,onset,12900,38229,-18
2.5828,onset,12950,38229,62
2.5831,onset,12950,38229,45
2.5835,onset,12950,38229,10
2.5838,onset,12950,38229,8
2.5841,onset,12950,38229,-87
2.5844,onset,12950,38229,-100
2.5847,onset,12950,38229,-50
2.585,onset,12950,38229,-15
2.5854,onset,12950,38229,49
2.5857,onset,12950,38229,24
2.586,onset,12950,38229,34
2.5863,onset,12950,38229,28
2.5866,onset,12950,38229,-18
2.5869,onset,12950,38229,15
2.5871,onset,12950,38229,67
2.5875,onset,12950,38229,-26
2.5904,onset,13000,38229,65
2.591,onset,13000,38229,65
2.5915,onset,13000,38229,-79
2.5921,onset,13000,38229,-36
2.5926,onset,13000,38229,-24
2.5932,onset,13000,38229,-18
2.5936,onset,13000,38229,-57
2.594,onset,13000,38229,19
2.5943,onset,13000,38229,2
2.5947,onset,13000,38229,7
2.595,onset,13000,38229,-47
2.5953,onset,13000,38229,-28
2.5956,onset,13000,38229,-37
2.5959,onset,13000,38229,-14
2.5963,onset,13000,38229,40
2.5966,onset,13000,38229,72
2.5995,onset,13050,38229,25
2.5999,onset,13050,38229,54
2.6002,onset,13050,38229,34
2.6005,onset,13050,38229,-5
2.6009,onset,13050,38229,-95
2.6012,onset,13050,38229,50
2.6015,onset,13050,38229,71
2.6018,onset,13050,38229,17
2.6022,onset,13050,38229,-33
2.6025,onset,13050,38229,40
2.6028,onset,13050,38229,-7
2.6031,onset,13050,38229,25
2.6034,onset,13050,38229,-25
2.6037,onset,13050,38229,-3
2.604,onset,13050,38229,-52
2.6043,onset,13050,38229,-110
2.6074,onset,13100,38229,2
2.6079,onset,13100,38229,-8
2.6083,onset,13100,38229,7
2.6088,onset,13100,38229,-7
2.6093,onset,13100,38229,15
2.6098,onset,13100,38229,-77
2.6102,onset,13100,38229,20
2.6107,onset,13100,38229,-31
2.6111,onset,13100,38229,-31
2.6115,onset,13100,38229,-35
2.6118,onset,13100,38229,-18
2.6121,onset,13100,38229,32
2.6124,onset,13100,38229,20
2.6127,onset,13100,38229,95
2.613,onset,13100,38229,26
2.6133,onset,13100,38229,29
2.6164,onset,13150,38229,-55
2.6168,onset,13150,38229,-33
2.6171,onset,13150,38229,58
2.6175,onset,13150,38229,-12
2.6178,onset,13150,38229,-31
2.6182,onset,13150,38229,8
2.6185,onset,13150,38229,13
2.6189,onset,13150,38229,-18
2.6192,onset,13150,38229,50
2.6195,onset,13150,38229,-7
2.6198,onset,13150,38229,50
2.6201,onset,13150,38229,-89
2.6204,onset,13150,38229,-69
2.6208,onset,13150,38229,-53
2.6211,onset,13150,38229,-32
2.6214,onset,13150,38229,10
2.6243,onset,13200,38229,21
2.6248,onset,13200,38229,21
2.6258,onset,13200,38229,41
2.6264,onset,13200,38229,52
2.6268,onset,13200,38229,-51
2.6273,onset,13200,38229,14
2.6277,onset,13200,38229,42
2.628,onset,13200,38229,20
2.6283,onset,13200,38229,13
2.6286,onset,13200,38229,24
2.6289,onset,13200,38229,38
2.6292,onset,13200,38229,-53
2.6294,onset,13200,38229,17
2.6297,onset,13200,38229,32
2.63,onset,13200,38229,33
2.6303,onset,13200,38229,66
2.6333,onset,13250,38229,-31
2.6337,onset,13250,38229,-20
2.634,onset,13250,38229,-21
2.6343,onset,13250,38229,-22
2.6346,onset,13250,38229,23
2.635,onset,13250,38229,8
2.6353,onset,13250,38229,-32
2.6357,onset,13250,38229,-4
2.636,onset,13250,38229,-2
2.6363,onset,13250,38229,-19
2.6366,onset,13250,38229,10
2.6369,onset,13250,38229,10
2.6372,onset,13250,38229,27
2.6375,onset,13250,38229,-12
2.6377,onset,13250,38229,-34
2.638,onset,13250,38229,-26
2.6423,onset,13300,38229,14
2.6427,onset,13300,38229,51
2.6431,onset,13300,38229,-46
2.6435,onset,13300,38229,78
2.6439,onset,13300,38229,-35
2.6442,onset,13300,38229,-77
2.6444,onset,13300,38229,-72
2.6448,onset,13300,38229,-3
2.6451,onset,13300,38229,-18
2.6454,onset,13300,38229,-102
2.6457,onset,13300,38229,-24
2.646,onset,13300,38229,2
2.6463,onset,13300,38229,3
2.6466,onset,13300,38229,18
2.6469,onset,13300,38229,48
2.6472,onset,13300,38229,60
2.6502,onset,13350,38229,-15
2.6506,onset,13350,38229,-27
2.6509,onset,13350,38229,-80
2.6512,onset,13350,38229,-29
2.6516,onset,13350,38229,2
2.6519,onset,13350,38229,63
2.6523,onset,13350,38229,-48
2.6527,onset,13350,38229,-29
2.653,onset,13350,38229,-16
2.6533,onset,13350,38229,18
2.6537,onset,13350,38229,33
2.654,onset,13350,38229,61
2.6543,onset,13350,38229,27
2.6546,onset,13350,38229,-49
2.655,onset,13350,38229,-46
2.6553,onset,13350,38229,-25
2.6589,onset,13400,38229,-32
2.6596,onset,13400,38229,62
2.6601,onset,13400,38229,25
2.6605,onset,13400,38229,13
2.6609,onset,13400,38229,23
2.6612,onset,13400,38229,-34
2.6614,onset,13400,38229,-82
2.6618,onset,13400,38229,-21
2.6621,onset,13400,38229,-5
2.6624,onset,13400,38229,39
2.6627,onset,13400,38229,-4
2.663,onset,13400,38229,45
2.6633,onset,13400,38229,65
2.6636,onset,13400,38229,-4
2.6639,onset,13400,38229,83
2.6642,onset,13400,38229,18
2.6672,onset,13450,38229,39
2.6675,onset,13450,38229,69
2.6678,onset,13450,38229,12
2.6682,onset,13450,38229,-86
2.6685,onset,13450,38229,-12
2.6688,onset,13450,38229,17
2.6692,onset,13450,38229,50
2.6695,onset,13450,38229,70
2.6698,onset,13450,38229,33
2.6701,onset,13450,38229,37
2.6704,onset,13450,38229,0
2.6707,onset,13450,38229,-49
2.6711,onset,13450,38229,-46
2.6714,onset,13450,38229,-39
2.6717,onset,13450,38229,-12
2.672,onset,13450,38229,30
2.676,onset,13500,38229,-47
2.6765,onset,13500,38229,-74
2.677,onset,13500,38229,-14
2.6773,onset,13500,38229,-8
2.6777,onset,13500,38229,0
2.678,onset,13500,38229,-11
2.6783,onset,13500,38229,29
2.6786,onset,13500,38229,41
2.6789,onset,13500,38229,73
2.6792,onset,13500,38229,20
2.6795,onset,13500,38229,52
2.6798,onset,13500,38229,19
2.6801,onset,13500,38229,50
2.6804,onset,13500,38229,12
2.6807,onset,13500,38229,-80
2.681,onset,13500,38229,-32
2.6839,onset,13550,38229,-25
2.6842,onset,13550,38229,-122
2.6845,onset,13550,38229,-83
2.6848,onset,13550,38229,-23
2.6852,onset,13550,38229,-2
2.6855,onset,13550,38229,17
2.6858,onset,13550,38229,49
2.6862,onset,13550,38229,-30
2.6865,onset,13550,38229,-56
2.6868,onset,13550,38229,-29
2.6871,onset,13550,38229,-41
2.6874,onset,13550,38229,-88
2.6878,onset,13550,38229,-45
2.6881,onset,13550,38229,-43
2.6884,onset,13550,38229,12
2.6887,onset,13550,38229,-25
2.6916,onset,13600,38229,8
2.6921,onset,13600,38229,31
2.6926,onset,13600,38229,47
2.6931,onset,13600,38229,-9
2.6936,onset,13600,38229,-47
2.694,onset,13600,38229,8
2.6943,onset,13600,38229,60
2.6946,onset,13600,38229,-28
2.6949,onset,13600,38229,-81
2.6952,onset,13600,38229,-35
2.6955,onset,13600,38229,-77
2.6958,onset,13600,38229,-27
2.6961,onset,13600,38229,-63
2.6964,onset,13600,38229,4
2.6967,onset,13600,38229,-55
2.697,onset,13600,38229,-12
2.6996,onset,13650,38229,-2
2.6999,onset,13650,38229,24
2.7002,onset,13650,38229,-26
2.7005,onset,13650,38229,-94
2.7008,onset,13650,38229,-52
2.7011,onset,13650,38229,-40
2.7015,onset,13650,38229,-18
2.7018,onset,13650,38229,-33
2.7021,onset,13650,38229,-25
2.7024,onset,13650,38229,12
2.7027,onset,13650,38229,47
2.703,onset,13650,38229,16
2.7033,onset,13650,38229,21
2.7036,onset,13650,38229,-29
2.7039,onset,13650,38229,31
2.7042,onset,13650,38229,-34
2.7072,onset,13700,38229,-11
2.7077,onset,13700,38229,-73
2.709,onset,13700,38229,-60
2.7096,onset,13700,38229,-5
2.7102,onset,13700,38229,-11
2.7106,onset,13700,38229,-13
2.711,onset,13700,38229,31
2.7113,onset,13700,38229,0
2.7117,onset,13700,38229,-53
2.712,onset,13700,38229,18
2.7123,onset,13700,38229,48
2.7127,onset,13700,38229,75
2.713,onset,13700,38229,88
2.7133,onset,13700,38229,54
2.7136,onset,13700,38229,-6
2.7139,onset,13700,38229,-56
2.7168,onset,13750,38229,24
2.7172,onset,13750,38229,41
2.7175,onset,13750,38229,-44
2.7179,onset,13750,38229,-2
2.7182,onset,13750,38229,51
2.7186,onset,13750,38229,47
2.7189,onset,13750,38229,-69
2.7192,onset,13750,38229,-60
2.7196,onset,13750,38229,-16
2.7199,onset,13750,38229,19
2.7202,onset,13750,38229,7
2.7205,onset,13750,38229,48
2.7208,onset,13750,38229,6
2.7211,onset,13750,38229,-72
2.7214,onset,13750,38229,3
2.7217,onset,13750,38229,-19
2.7248,onset,13800,38229,6
2.7254,onset,13800,38229,-100
2.7263,onset,13800,38229,14
2.7267,onset,13800,38229,-99
2.7273,onset,13800,38229,17
2.7277,onset,13800,38229,19
2.728,onset,13800,38229,-9
2.7283,onset,13800,38229,-26
2.7286,onset,13800,38229,-4
2.7289,onset,13800,38229,-16
2.7292,onset,13800,38229,-50
2.7295,onset,13800,38229,-4
2.7298,onset,13800,38229,-22
2.7301,onset,13800,38229,-22
2.7304,onset,13800,38229,0
2.7308,onset,13800,38229,-17
2.7335,onset,13850,38229,88
2.7338,onset,13850,38229,40
2.7342,onset,13850,38229,-105
2.7345,onset,13850,38229,-24
2.7349,onset,13850,38229,-30
2.7352,onset,13850,38229,9
2.7355,onset,13850,38229,-5
2.7359,onset,13850,38229,-70
2.7362,onset,13850,38229,-98
2.7365,onset,13850,38229,-38
2.7368,onset,13850,38229,-13
2.7372,onset,13850,38229,-30
2.7375,onset,13850,38229,-39
2.7378,onset,13850,38229,0
2.7381,onset,13850,38229,-2
2.7384,onset,13850,38229,-13
2.7419,onset,13900,38229,23
2.7427,onset,13900,38229,42
2.7433,onset,13900,38229,0
2.7438,onset,13900,38229,-5
2.7442,onset,13900,38229,-99
2.7446,onset,13900,38229,31
2.7449,onset,13900,38229,34
2.7453,onset,13900,38229,-7
2.7455,onset,13900,38229,36
2.7458,onset,13900,38229,-65
2.7461,onset,13900,38229,-27
2.7464,onset,13900,38229,-24
2.7467,onset,13900,38229,11
2.747,onset,13900,38229,9
2.7474,onset,13900,38229,10
2.7478,onset,13900,38229,62
2.7504,onset,13950,38229,24
2.7507,onset,13950,38229,4
2.7509,onset,13950,38229,21
2.7512,onset,13950,38229,18
2.7515,onset,13950,38229,-4
2.7518,onset,13950,38229,-29
2.7521,onset,13950,38229,-18
2.7524,onset,13950,38229,-4
2.7526,onset,13950,38229,-31
2.7529,onset,13950,38229,-28
2.7532,onset,13950,38229,-93
2.7535,onset,13950,38229,-82
2.7538,onset,13950,38229,-25
2.7541,onset,13950,38229,-99
2.7544,onset,13950,38229,-119
2.7546,onset,13950,38229,15
2.7577,onset,14000,38229,-60
2.7581,onset,14000,38229,14
2.7584,onset,14000,38229,36
2.7589,onset,14000,38229,-87
2.7593,onset,14000,38229,-24
2.7596,onset,14000,38229,-28
2.76,onset,14000,38229,-1
2.7603,onset,14000,38229,44
2.7606,onset,14000,38229,3
2.7609,onset,14000,38229,56
2.7612,onset,14000,38229,-1
2.7615,onset,14000,38229,33
2.7617,onset,14000,38229,17
2.762,onset,14000,38229,48
2.7623,onset,14000,38229,62
2.7626,onset,14000,38229,15
2.7654,onset,14050,38229,24
2.7657,onset,14050,38229,19
2.766,onset,14050,38229,60
2.7662,onset,14050,38229,54
2.7665,onset,14050,38229,74
2.7669,onset,14050,38229,3
2.7672,onset,14050,38229,-48
2.7676,onset,14050,38229,-40
2.768,onset,14050,38229,-33
2.7683,onset,14050,38229,-3
2.7687,onset,14050,38229,-33
2.7691,onset,14050,38229,-45
2.7694,onset,14050,38229,21
2.7698,onset,14050,38229,59
2.7701,onset,14050,38229,-45
2.7706,onset,14050,38229,-45
2.7739,onset,14100,38229,45
2.7742,onset,14100,38229,-7
2.7754,onset,14100,38229,-9
2.776,onset,14100,38229,-8
2.7764,onset,14100,38229,-43
2.7768,onset,14100,38229,-78
2.7772,onset,14100,38229,-86
2.7775,onset,14100,38229,-4
2.7779,onset,14100,38229,-51
2.7782,onset,14100,38229,9
2.7786,onset,14100,38229,43
2.7791,onset,14100,38229,21
2.7795,onset,14100,38229,33
2.7798,onset,14100,38229,8
2.7802,onset,14100,38229,-6
2.7805,onset,14100,38229,71
2.7833,onset,14150,38229,-9
2.7836,onset,14150,38229,-32
2.7839,onset,14150,38229,-40
2.7841,onset,14150,38229,-52
2.7844,onset,14150,38229,-94
2.7847,onset,14150,38229,-6
2.785,onset,14150,38229,-30
2.7853,onset,14150,38229,-83
2.7856,onset,14150,38229,-34
2.7859,onset,14150,38229,-15
2.7862,onset,14150,38229,-48
2.7865,onset,14150,38229,-41
2.7868,onset,14150,38229,-75
2.7871,onset,14150,38229,-16
2.7874,onset,14150,38229,-52
2.7876,onset,14150,38229,-80
2.7903,onset,14200,38229,18
2.7907,onset,14200,38229,-77
2.791,onset,14200,38229,-6
2.7914,onset,14200,38229,39
2.7917,onset,14200,38229,30
2.7922,onset,14200,38229,3
2.7926,onset,14200,38229,84
2.793,onset,14200,38229,0
2.7933,onset,14200,38229,19
2.7937,onset,14200,38229,60
2.794,onset,14200,38229,20
2.7943,onset,14200,38229,-25
2.7947,onset,14200,38229,1
2.7951,onset,14200,38229,16
2.7955,onset,14200,38229,-64
2.7959,onset,14200,38229,13
2.7988,onset,14250,38229,39
2.7992,onset,14250,38229,25
2.7996,onset,14250,38229,-93
2.7999,onset,14250,38229,47
2.8003,onset,14250,38229,30
2.8006,onset,14250,38229,-69
2.801,onset,14250,38229,-4
2.8013,onset,14250,38229,-57
2.8016,onset,14250,38229,-7
2.8019,onset,14250,38229,11
2.8022,onset,14250,38229,23
2.8026,onset,14250,38229,23
2.8029,onset,14250,38229,15
2.8032,onset,14250,38229,-33
2.8036,onset,14250,38229,-24
2.8039,onset,14250,38229,-18
2.8071,onset,14300,38229,-22
2.8075,onset,14300,38229,4
2.8078,onset,14300,38229,-14
2.8081,onset,14300,38229,-5
2.8084,onset,14300,38229,-45
2.8087,onset,14300,38229,-13
2.8089,onset,14300,38229,15
2.8093,onset,14300,38229,46
2.8097,onset,14300,38229,-69
2.8101,onset,14300,38229,-12
2.8104,onset,14300,38229,-13
2.8108,onset,14300,38229,-31
2.8112,onset,14300,38229,-18
2.8114,onset,14300,38229,56
2.8117,onset,14300,38229,54
2.812,onset,14300,38229,98
2.8148,onset,14350,38229,8
2.815,onset,14350,38229,-60
2.8155,onset,14350,38229,-34
2.8157,onset,14350,38229,-6
2.816,onset,14350,38229,-26
2.8163,onset,14350,38229,41
2.8166,onset,14350,38229,-4
2.817,onset,14350,38229,5
2.8173,onset,14350,38229,41
2.8176,onset,14350,38229,13
2.818,onset,14350,38229,-40
2.8183,onset,14350,38229,-38
2.8186,onset,14350,38229,-18
2.8189,onset,14350,38229,-25
2.8191,onset,14350,38229,22
2.8194,onset,14350,38229,34
2.8227,onset,14400,38229,10
2.8232,onset,14400,38229,68
2.8236,onset,14400,38229,-5
2.8241,onset,14400,38229,79
2.8247,onset,14400,38229,-25
2.825,onset,14400,38229,5
2.8254,onset,14400,38229,43
2.8258,onset,14400,38229,-50
2.8262,onset,14400,38229,-11
2.8266,onset,14400,38229,-12
2.8271,onset,14400,38229,-115
2.8276,onset,14400,38229,-35
2.8281,onset,14400,38229,-16
2.8286,onset,14400,38229,18
2.8291,onset,14400,38229,18
2.8295,onset,14400,38229,-6
2.8331,onset,14450,38229,2
2.8336,onset,14450,38229,35
2.8341,onset,14450,38229,-79
2.8345,onset,14450,38229,10
2.8349,onset,14450,38229,-5
2.8354,onset,14450,38229,64
2.8358,onset,14450,38229,30
2.8362,onset,14450,38229,-70
2.8367,onset,14450,38229,-79
2.8371,onset,14450,38229,-72
2.8376,onset,14450,38229,39
2.8381,onset,14450,38229,-33
2.8385,onset,14450,38229,-55
2.839,onset,14450,38229,36
2.8395,onset,14450,38229,-38
2.8399,onset,14450,38229,-21
2.8433,onset,14500,38229,77
2.8437,onset,14500,38229,-25
2.8442,onset,14500,38229,-28
2.8446,onset,14500,38229,-22
2.845,onset,14500,38229,35
2.8454,onset,14500,38229,10
2.8458,onset,14500,38229,99
2.8462,onset,14500,38229,0
2.8466,onset,14500,38229,55
2.847,onset,14500,38229,-68
2.8475,onset,14500,38229,2
2.8479,onset,14500,38229,-26
2.8483,onset,14500,38229,52
2.8489,onset,14500,38229,-80
2.8492,onset,14500,38229,-78
2.8498,onset,14500,38229,4
2.8528,onset,14550,38229,3
2.8532,onset,14550,38229,-5
2.8537,onset,14550,38229,-34
2.8541,onset,14550,38229,22
2.8545,onset,14550,38229,-64
2.8549,onset,14550,38229,60
2.8554,onset,14550,38229,-89
2.8558,onset,14550,38229,20
2.8562,onset,14550,38229,-34
2.8566,onset,14550,38229,46
2.8571,onset,14550,38229,-36
2.8575,onset,14550,38229,-13
2.858,onset,14550,38229,15
2.8584,onset,14550,38229,21
2.8588,onset,14550,38229,-55
2.8593,onset,14550,38229,72
2.8623,onset,14600,38229,-17
2.8628,onset,14600,38229,0
2.8632,onset,14600,38229,56
2.8636,onset,14600,38229,-70
2.8641,onset,14600,38229,17
2.8644,onset,14600,38229,-17
2.8649,onset,14600,38229,23
2.8653,onset,14600,38229,44
2.8657,onset,14600,38229,42
2.8661,onset,14600,38229,-92
2.8666,onset,14600,38229,52
2.867,onset,14600,38229,22
2.8674,onset,14600,38229,-44
2.8679,onset,14600,38229,-87
2.8683,onset,14600,38229,37
2.8688,onset,14600,38229,-56
2.8717,onset,14650,38229,-8
2.8721,onset,14650,38229,0
2.8725,onset,14650,38229,41
2.873,onset,14650,38229,21
2.8734,onset,14650,38229,12
2.8738,onset,14650,38229,36
2.8743,onset,14650,38229,-32
2.8747,onset,14650,38229,-62
2.8752,onset,14650,38229,42
2.8757,onset,14650,38229,58
2.8761,onset,14650,38229,1
2.8765,onset,14650,38229,59
2.877,onset,14650,38229,-56
2.8774,onset,14650,38229,60
2.8778,onset,14650,38229,-95
2.8782,onset,14650,38229,67
2.8816,onset,14700,38229,-49
2.882,onset,14700,38229,-88
2.8825,onset,14700,38229,23
2.8829,onset,14700,38229,-82
2.8834,onset,14700,38229,-15
2.8838,onset,14700,38229,14
2.8841,onset,14700,38229,-7
2.8845,onset,14700,38229,32
2.885,onset,14700,38229,-63
2.8854,onset,14700,38229,83
2.8857,onset,14700,38229,-92
2.8861,onset,14700,38229,16
2.8865,onset,14700,38229,-13
2.8869,onset,14700,38229,-2
2.8873,onset,14700,38229,32
2.8876,onset,14700,38229,-50
2.8903,onset,14750,38229,22
2.8906,onset,14750,38229,-62
2.891,onset,14750,38229,-47
2.8913,onset,14750,38229,-2
2.8916,onset,14750,38229,85
2.892,onset,14750,38229,40
2.8922,onset,14750,38229,-4
2.8925,onset,14750,38229,45
2.8928,onset,14750,38229,33
2.8931,onset,14750,38229,54
2.8933,onset,14750,38229,67
2.8935,onset,14750,38229,-25
2.8937,onset,14750,38229,3
2.8939,onset,14750,38229,70
2.8941,onset,14750,38229,-42
2.8944,onset,14750,38229,-82
2.8972,onset,14800,38229,-6
2.8975,onset,14800,38229,-89
2.8978,onset,14800,38229,71
2.8982,onset,14800,38229,51
2.8985,onset,14800,38229,-10
2.8988,onset,14800,38229,40
2.8992,onset,14800,38229,14
2.8998,onset,14800,38229,38
2.9003,onset,14800,38229,17
2.9007,onset,14800,38229,-25
2.9011,onset,14800,38229,-22
2.9016,onset,14800,38229,58
2.9021,onset,14800,38229,-18
2.9026,onset,14800,38229,-19
2.903,onset,14800,38229,4
2.9035,onset,14800,38229,-37
2.9073,onset,14850,38229,-13
2.908,onset,14850,38229,24
2.9086,onset,14850,38229,11
2.909,onset,14850,38229,3
2.9096,onset,14850,38229,20
2.9101,onset,14850,38229,-8
2.9105,onset,14850,38229,19
2.9109,onset,14850,38229,0
2.9114,onset,14850,38229,-11
2.9118,onset,14850,38229,31
2.9123,onset,14850,38229,72
2.9127,onset,14850,38229,40
2.9133,onset,14850,38229,34
2.9137,onset,14850,38229,10
2.9143,onset,14850,38229,-33
2.9148,onset,14850,38229,20
2.918,onset,14900,38229,-55
2.9185,onset,14900,38229,-21
2.919,onset,14900,38229,-30
2.9194,onset,14900,38229,-86
2.92,onset,14900,38229,-12
2.9204,onset,14900,38229,26
2.9209,onset,14900,38229,-10
2.9213,onset,14900,38229,25
2.9218,onset,14900,38229,-36
2.9223,onset,14900,38229,-28
2.9227,onset,14900,38229,17
2.9229,onset,14900,38229,44
2.9232,onset,14900,38229,-6
2.9235,onset,14900,38229,45
2.9238,onset,14900,38229,-4
2.9241,onset,14900,38229,34
2.9267,onset,14950,38229,27
2.9269,onset,14950,38229,-18
2.9272,onset,14950,38229,-38
2.9274,onset,14950,38229,-64
2.9277,onset,14950,38229,49
2.9279,onset,14950,38229,56
2.9282,onset,14950,38229,16
2.9284,onset,14950,38229,-16
2.9287,onset,14950,38229,-53
2.9289,onset,14950,38229,6
2.9291,onset,14950,38229,89
2.9293,onset,14950,38229,-7
2.9296,onset,14950,38229,-58
2.9299,onset,14950,38229,-31
2.9301,onset,14950,38229,-21
2.9304,onset,14950,38229,-9
2.9329,onset,15000,38229,-24
2.9332,onset,15000,38229,-8
2.9335,onset,15000,38229,-26
2.9337,onset,15000,38229,-52
2.934,onset,15000,38229,31
2.9342,onset,15000,38229,5
2.9345,onset,15000,38229,-34
2.9348,onset,15000,38229,38
2.935,onset,15000,38229,-21
2.9353,onset,15000,38229,-21
2.9355,onset,15000,38229,-81
2.9358,onset,15000,38229,35
2.936,onset,15000,38229,27
2.9363,onset,15000,38229,-7
2.9365,onset,15000,38229,-7
2.9368,onset,15000,38229,-97
2.9394,onset,15050,38229,-45
2.9397,onset,15050,38229,-80
2.9399,onset,15050,38229,-19
2.9401,onset,15050,38229,68
2.9404,onset,15050,38229,-18
2.9407,onset,15050,38229,6
2.9412,onset,15050,38229,8
2.9416,onset,15050,38229,6
2.9419,onset,15050,38229,59
2.9422,onset,15050,38229,26
2.9426,onset,15050,38229,13
2.943,onset,15050,38229,13
2.9433,onset,15050,38229,-15
2.9435,onset,15050,38229,-75
2.9438,onset,15050,38229,-2
2.944,onset,15050,38229,-32
2.9467,onset,15100,38229,-27
2.947,onset,15100,38229,-75
2.9472,onset,15100,38229,-22
2.9476,onset,15100,38229,-58
2.9478,onset,15100,38229,43
2.948,onset,15100,38229,-17
2.9483,onset,15100,38229,16
2.9486,onset,15100,38229,-29
2.9488,onset,15100,38229,-47
2.9491,onset,15100,38229,-11
2.9493,onset,15100,38229,45
2.9496,onset,15100,38229,30
2.9498,onset,15100,38229,0
2.9501,onset,15100,38229,1
2.9503,onset,15100,38229,-2
2.9506,onset,15100,38229,9
2.9532,onset,15150,38229,-40
2.9536,onset,15150,38229,-24
2.9538,onset,15150,38229,-97
2.9541,onset,15150,38229,3
2.9543,onset,15150,38229,-1
2.9546,onset,15150,38229,5
2.9549,onset,15150,38229,-11
2.9552,onset,15150,38229,-24
2.9554,onset,15150,38229,-54
2.9557,onset,15150,38229,-22
2.9559,onset,15150,38229,-37
2.9562,onset,15150,38229,-54
2.9565,onset,15150,38229,67
2.9567,onset,15150,38229,18
2.957,onset,15150,38229,38
2.9577,onset,15150,38229,42
2.9605,onset,15200,38229,27
2.9609,onset,15200,38229,53
2.9612,onset,15200,38229,-48
2.9615,onset,15200,38229,-36
2.9618,onset,15200,38229,-67
2.9622,onset,15200,38229,38
2.9624,onset,15200,38229,-18
2.9627,onset,15200,38229,16
2.9629,onset,15200,38229,-34
2.9632,onset,15200,38229,-36
2.9635,onset,15200,38229,-25
2.9638,onset,15200,38229,-28
2.9641,onset,15200,38229,-47
2.9644,onset,15200,38229,-48
2.9647,onset,15200,38229,-41
2.965,onset,15200,38229,-54
2.9676,onset,15250,38229,43
2.9678,onset,15250,38229,57
2.9681,onset,15250,38229,12
2.9683,onset,15250,38229,-15
2.9686,onset,15250,38229,-11
2.969,onset,15250,38229,-4
2.9693,onset,15250,38229,18
2.9696,onset,15250,38229,-2
2.9699,onset,15250,38229,-14
2.9701,onset,15250,38229,-25
2.9704,onset,15250,38229,-64
2.9707,onset,15250,38229,-87
2.971,onset,15250,38229,-39
2.9712,onset,15250,38229,-96
2.9715,onset,15250,38229,-1
2.9717,onset,15250,38229,26
2.9755,onset,15300,38229,-30
2.976,onset,15300,38229,28
2.9765,onset,15300,38229,-30
2.977,onset,15300,38229,-42
2.9773,onset,15300,38229,5
2.9777,onset,15300,38229,18
2.978,onset,15300,38229,-28
2.9783,onset,15300,38229,22
2.9785,onset,15300,38229,47
2.9788,onset,15300,38229,57
2.9791,onset,15300,38229,90
2.9794,onset,15300,38229,87
2.9797,onset,15300,38229,89
2.9801,onset,15300,38229,62
2.9804,onset,15300,38229,4
2.9809,onset,15300,38229,0
2.9836,onset,15350,38229,-75
2.9839,onset,15350,38229,-32
2.9842,onset,15350,38229,-71
2.9845,onset,15350,38229,-8
2.9848,onset,15350,38229,5
2.9851,onset,15350,38229,-64
2.9854,onset,15350,38229,-20
2.9857,onset,15350,38229,-92
2.986,onset,15350,38229,-37
2.9862,onset,15350,38229,-7
2.9865,onset,15350,38229,-21
2.9868,onset,15350,38229,-100
2.9871,onset,15350,38229,-33
2.9874,onset,15350,38229,-33
2.9877,onset,15350,38229,-98
2.988,onset,15350,38229,-33
2.9908,onset,15400,38229,-70
2.9912,onset,15400,38229,-96
2.9919,onset,15400,38229,35
2.9924,onset,15400,38229,20
2.9929,onset,15400,38229,96
2.9935,onset,15400,38229,17
2.9939,onset,15400,38229,16
2.9943,onset,15400,38229,30
2.9946,onset,15400,38229,-2
2.9949,onset,15400,38229,10
2.9952,onset,15400,38229,-9
2.9955,onset,15400,38229,-28
2.9958,onset,15400,38229,-38
2.9961,onset,15400,38229,4
2.9964,onset,15400,38229,-34
2.9967,onset,15400,38229,0
2.9996,onset,15450,38229,52
2.9999,onset,15450,38229,2
3.0002,onset,15450,38229,-14
3.0005,onset,15450,38229,-48
3.0008,onset,15450,38229,2
3.0011,onset,15450,38229,-23
3.0014,onset,15450,38229,-24
3.0017,onset,15450,38229,35
3.002,onset,15450,38229,22
3.0022,onset,15450,38229,-14
3.0026,onset,15450,38229,27
3.0028,onset,15450,38229,-29
3.0031,onset,15450,38229,-62
3.0035,onset,15450,38229,45
3.0037,onset,15450,38229,-13
3.004,onset,15450,38229,-54
3.0068,onset,15500,38229,-56
3.0078,onset,15500,38229,-89
3.0082,onset,15500,38229,-36
3.0086,onset,15500,38229,-31
3.0089,onset,15500,38229,2
3.0092,onset,15500,38229,102
3.0096,onset,15500,38229,-6
3.0099,onset,15500,38229,-70
3.0102,onset,15500,38229,-83
3.0105,onset,15500,38229,-94
3.0108,onset,15500,38229,-71
3.0111,onset,15500,38229,-23
3.0115,onset,15500,38229,34
3.0117,onset,15500,38229,-11
3.012,onset,15500,38229,-16
3.0123,onset,15500,38229,22
3.015,onset,15550,38229,-35
3.0152,onset,15550,38229,-20
3.0156,onset,15550,38229,-9
3.0159,onset,15550,38229,-9
3.0162,onset,15550,38229,27
3.0165,onset,15550,38229,12
3.0167,onset,15550,38229,6
3.017,onset,15550,38229,-15
3.0173,onset,15550,38229,-30
3.0176,onset,15550,38229,-22
3.0178,onset,15550,38229,-109
3.0181,onset,15550,38229,4
3.0184,onset,15550,38229,17
3.0186,onset,15550,38229,-2
3.0189,onset,15550,38229,35
3.0192,onset,15550,38229,39
3.0222,onset,15600,38229,-49
3.0225,onset,15600,38229,-101
3.0228,onset,15600,38229,-15
3.0231,onset,15600,38229,-44
3.0234,onset,15600,38229,-28
3.0237,onset,15600,38229,-27
3.024,onset,15600,38229,-73
3.0245,onset,15600,38229,43
3.0249,onset,15600,38229,-76
3.0253,onset,15600,38229,34
3.0256,onset,15600,38229,19
3.026,onset,15600,38229,-73
3.0263,onset,15600,38229,-26
3.0266,onset,15600,38229,-47
3.027,onset,15600,38229,46
3.0273,onset,15600,38229,-1
3.0302,onset,15650,38229,36
3.0305,onset,15650,38229,55
3.0308,onset,15650,38229,69
3.0312,onset,15650,38229,46
3.0315,onset,15650,38229,6
3.0318,onset,15650,38229,-54
3.0322,onset,15650,38229,19
3.0326,onset,15650,38229,3
3.0329,onset,15650,38229,74
3.0333,onset,15650,38229,-58
3.0336,onset,15650,38229,-23
3.0339,onset,15650,38229,5
3.0342,onset,15650,38229,-22
3.0345,onset,15650,38229,-19
3.0348,onset,15650,38229,19
3.0352,onset,15650,38229,18
3.0379,onset,15700,38229,-14
3.0382,onset,15700,38229,-22
3.0384,onset,15700,38229,0
3.0387,onset,15700,38229,-15
3.039,onset,15700,38229,-85
3.0393,onset,15700,38229,-26
3.0396,onset,15700,38229,-10
3.04,onset,15700,38229,-67
3.0403,onset,15700,38229,-88
3.0407,onset,15700,38229,-17
3.0412,onset,15700,38229,17
3.0419,onset,15700,38229,67
3.0424,onset,15700,38229,39
3.0428,onset,15700,38229,-39
3.0432,onset,15700,38229,13
3.0435,onset,15700,38229,8
3.0464,onset,15750,38229,2
3.047,onset,15750,38229,-85
3.0473,onset,15750,38229,29
3.0477,onset,15750,38229,-17
3.048,onset,15750,38229,-102
3.0485,onset,15750,38229,-23
3.0488,onset,15750,38229,40
3.0491,onset,15750,38229,-29
3.0494,onset,15750,38229,-76
3.0497,onset,15750,38229,-95
3.0501,onset,15750,38229,-14
3.0504,onset,15750,38229,24
3.0507,onset,15750,38229,73
3.0511,onset,15750,38229,42
3.0514,onset,15750,38229,-88
3.0517,onset,15750,38229,-25
3.0544,onset,15800,38229,-48
3.0547,onset,15800,38229,-30
3.0551,onset,15800,38229,-1
3.0554,onset,15800,38229,37
3.0557,onset,15800,38229,39
3.056,onset,15800,38229,55
3.0563,onset,15800,38229,10
3.0566,onset,15800,38229,23
3.0569,onset,15800,38229,52
3.0574,onset,15800,38229,21
3.0579,onset,15800,38229,0
3.0584,onset,15800,38229,37
3.0589,onset,15800,38229,22
3.0594,onset,15800,38229,-57
3.0598,onset,15800,38229,-65
3.0602,onset,15800,38229,-51
3.063,onset,15850,38229,22
3.0634,onset,15850,38229,-30
3.0638,onset,15850,38229,52
3.0641,onset,15850,38229,-15
3.0644,onset,15850,38229,-79
3.0647,onset,15850,38229,-15
3.065,onset,15850,38229,15
3.0653,onset,15850,38229,46
3.0656,onset,15850,38229,3
3.0659,onset,15850,38229,-3
3.0662,onset,15850,38229,-52
3.0664,onset,15850,38229,-36
3.0667,onset,15850,38229,-12
3.0671,onset,15850,38229,-75
3.0673,onset,15850,38229,-20
3.0676,onset,15850,38229,-98
3.0706,onset,15900,38229,-26
3.0709,onset,15900,38229,-32
3.0712,onset,15900,38229,-108
3.0715,onset,15900,38229,-49
3.0719,onset,15900,38229,-29
3.0722,onset,15900,38229,29
3.0725,onset,15900,38229,29
3.0728,onset,15900,38229,78
3.0732,onset,15900,38229,16
3.0734,onset,15900,38229,81
3.0737,onset,15900,38229,-25
3.0741,onset,15900,38229,-40
3.0746,onset,15900,38229,-29
3.0752,onset,15900,38229,-44
3.0756,onset,15900,38229,10
3.0761,onset,15900,38229,49
3.079,onset,15950,38229,-8
3.0793,onset,15950,38229,9
3.0796,onset,15950,38229,21
3.08,onset,15950,38229,26
3.0803,onset,15950,38229,8
3.0806,onset,15950,38229,-23
3.0809,onset,15950,38229,53
3.0812,onset,15950,38229,-31
3.0816,onset,15950,38229,-93
3.0819,onset,15950,38229,-22
3.0822,onset,15950,38229,-13
3.0825,onset,15950,38229,-51
3.0828,onset,15950,38229,1
3.0831,onset,15950,38229,21
3.0834,onset,15950,38229,36
3.0837,onset,15950,38229,8
3.0867,onset,16000,38229,17
3.087,onset,16000,38229,-52
3.0873,onset,16000,38229,-22
3.0877,onset,16000,38229,-98
3.088,onset,16000,38229,-106
3.0883,onset,16000,38229,-40
3.0886,onset,16000,38229,-84
3.0889,onset,16000,38229,-23
3.0892,onset,16000,38229,-14
3.0895,onset,16000,38229,-7
3.0898,onset,16000,38229,3
3.0901,onset,16000,38229,34
3.0904,onset,16000,38229,55
3.0909,onset,16000,38229,-5
3.092,onset,16000,38229,-17
3.0925,onset,16000,38229,60
3.0955,onset,16050,38229,22
3.0959,onset,16050,38229,76
3.0962,onset,16050,38229,-67
3.0965,onset,16050,38229,-3
3.0968,onset,16050,38229,-60
3.0971,onset,16050,38229,-1
3.0974,onset,16050,38229,-105
3.0977,onset,16050,38229,-5
3.098,onset,16050,38229,-75
3.0983,onset,16050,38229,-64
3.0986,onset,16050,38229,-77
3.0989,onset,16050,38229,-25
3.0992,onset,16050,38229,-79
3.0995,onset,16050,38229,-18
3.0998,onset,16050,38229,-33
3.1001,onset,16050,38229,-65
3.1027,onset,16100,38229,-23
3.103,onset,16100,38229,32
3.1033,onset,16100,38229,-25
3.1037,onset,16100,38229,-22
3.104,onset,16100,38229,-38
3.1044,onset,16100,38229,18
3.1047,onset,16100,38229,66
3.105,onset,16100,38229,-77
3.1054,onset,16100,38229,-33
3.1058,onset,16100,38229,-5
3.1061,onset,16100,38229,13
3.1064,onset,16100,38229,32
3.1069,onset,16100,38229,37
3.1073,onset,16100,38229,33
3.1086,onset,16100,38229,-37
3.1092,onset,16100,38229,5
3.1127,onset,16150,38229,-17
3.113,onset,16150,38229,-19
3.1133,onset,16150,38229,16
3.1136,onset,16150,38229,-6
3.114,onset,16150,38229,57
3.1143,onset,16150,38229,-39
3.1146,onset,16150,38229,33
3.1149,onset,16150,38229,-40
3.1152,onset,16150,38229,-7
3.1156,onset,16150,38229,-18
3.1159,onset,16150,38229,-75
3.1162,onset,16150,38229,-37
3.1165,onset,16150,38229,-9
3.1168,onset,16150,38229,33
3.1171,onset,16150,38229,-7
3.1174,onset,16150,38229,-20
3.1201,onset,16200,38229,-13
3.1205,onset,16200,38229,-19
3.1208,onset,16200,38229,-56
3.1212,onset,16200,38229,-37
3.1215,onset,16200,38229,4
3.1218,onset,16200,38229,7
3.1222,onset,16200,38229,4
3.1225,onset,16200,38229,32
3.1228,onset,16200,38229,9
3.1231,onset,16200,38229,-87
3.1234,onset,16200,38229,-77
3.1237,onset,16200,38229,-21
3.1241,onset,16200,38229,-57
3.1247,onset,16200,38229,20
3.1253,onset,16200,38229,-15
3.1259,onset,16200,38229,42
3.1288,onset,16250,38229,79
3.1291,onset,16250,38229,-1
3.1295,onset,16250,38229,14
3.1298,onset,16250,38229,-59
3.1301,onset,16250,38229,27
3.1304,onset,16250,38229,26
3.1307,onset,16250,38229,-4
3.131,onset,16250,38229,-2
3.1313,onset,16250,38229,90
3.1316,onset,16250,38229,38
3.1319,onset,16250,38229,-29
3.1323,onset,16250,38229,24
3.1326,onset,16250,38229,4
3.1329,onset,16250,38229,-73
3.1332,onset,16250,38229,-85
3.1335,onset,16250,38229,-60
3.1366,onset,16300,38229,58
3.1369,onset,16300,38229,2
3.1372,onset,16300,38229,-29
3.1375,onset,16300,38229,-79
3.1378,onset,16300,38229,-22
3.1381,onset,16300,38229,-37
3.1385,onset,16300,38229,-13
3.1388,onset,16300,38229,-12
3.1391,onset,16300,38229,46
3.1395,onset,16300,38229,70
3.1398,onset,16300,38229,31
3.1402,onset,16300,38229,-75
3.1405,onset,16300,38229,-32
3.141,onset,16300,38229,33
3.1416,onset,16300,38229,55
3.1421,onset,16300,38229,69
3.1453,onset,16350,38229,-18
3.1456,onset,16350,38229,-37
3.1459,onset,16350,38229,-11
3.1462,onset,16350,38229,-11
3.1465,onset,16350,38229,-70
3.1468,onset,16350,38229,-33
3.1471,onset,16350,38229,-25
3.1474,onset,16350,38229,-74
3.1476,onset,16350,38229,-72
3.148,onset,16350,38229,-35
3.1483,onset,16350,38229,-26
3.1486,onset,16350,38229,24
3.1489,onset,16350,38229,-6
3.1492,onset,16350,38229,-9
3.1495,onset,16350,38229,29
3.1498,onset,16350,38229,41
3.1524,onset,16400,38229,-28
3.1527,onset,16400,38229,-29
3.1529,onset,16400,38229,-44
3.1532,onset,16400,38229,-38
3.1535,onset,16400,38229,-42
3.1538,onset,16400,38229,-66
3.1541,onset,16400,38229,-58
3.1544,onset,16400,38229,-40
3.1547,onset,16400,38229,-67
3.155,onset,16400,38229,-29
3.1553,onset,16400,38229,-47
3.1556,onset,16400,38229,-12
3.1558,onset,16400,38229,2
3.1563,onset,16400,38229,-68
3.1566,onset,16400,38229,35
3.157,onset,16400,38229,10
3.1603,onset,16450,38229,32
3.1607,onset,16450,38229,30
3.1611,onset,16450,38229,-13
3.1614,onset,16450,38229,-23
3.1617,onset,16450,38229,-10
3.162,onset,16450,38229,-36
3.1622,onset,16450,38229,-12
3.1625,onset,16450,38229,0
3.1628,onset,16450,38229,-7
3.1631,onset,16450,38229,-23
3.1634,onset,16450,38229,-7
3.1637,onset,16450,38229,-3
3.164,onset,16450,38229,-42
3.1643,onset,16450,38229,-11
3.1646,onset,16450,38229,-4
3.165,onset,16450,38229,-8
3.1677,onset,16500,38229,14
3.168,onset,16500,38229,-70
3.1683,onset,16500,38229,1
3.1687,onset,16500,38229,-70
3.1689,onset,16500,38229,-71
3.1692,onset,16500,38229,-40
3.1695,onset,16500,38229,-21
3.1698,onset,16500,38229,-86
3.1701,onset,16500,38229,-61
3.1704,onset,16500,38229,-52
3.1707,onset,16500,38229,-93
3.171,onset,16500,38229,-58
3.1713,onset,16500,38229,-5
3.1716,onset,16500,38229,-32
3.1719,onset,16500,38229,-39
3.1722,onset,16500,38229,-7
3.1753,onset,16550,38229,-22
3.1762,onset,16550,38229,48
3.1765,onset,16550,38229,19
3.1769,onset,16550,38229,40
3.1772,onset,16550,38229,-10
3.1775,onset,16550,38229,-87
3.1778,onset,16550,38229,-22
3.1781,onset,16550,38229,24
3.1784,onset,16550,38229,-76
3.1787,onset,16550,38229,3
3.179,onset,16550,38229,30
3.1793,onset,16550,38229,50
3.1796,onset,16550,38229,-8
3.1799,onset,16550,38229,14
3.1801,onset,16550,38229,50
3.1805,onset,16550,38229,9
3.1833,onset,16600,38229,19
3.1836,onset,16600,38229,10
3.1839,onset,16600,38229,29
3.1841,onset,16600,38229,-15
3.1844,onset,16600,38229,25
3.1848,onset,16600,38229,15
3.1851,onset,16600,38229,74
3.1854,onset,16600,38229,-23
3.1857,onset,16600,38229,-18
3.186,onset,16600,38229,46
3.1863,onset,16600,38229,-16
3.1866,onset,16600,38229,-82
3.1869,onset,16600,38229,-27
3.1872,onset,16600,38229,-44
3.1876,onset,16600,38229,-98
3.1879,onset,16600,38229,-26
3.1915,onset,16650,38229,30
3.1921,onset,16650,38229,46
3.1928,onset,16650,38229,-15
3.1933,onset,16650,38229,5
3.1937,onset,16650,38229,-5
3.1941,onset,16650,38229,-46
3.1945,onset,16650,38229,16
3.1948,onset,16650,38229,58
3.1952,onset,16650,38229,96
3.1955,onset,16650,38229,-3
3.1958,onset,16650,38229,16
3.1961,onset,16650,38229,-13
3.1964,onset,16650,38229,39
3.1968,onset,16650,38229,31
3.1971,onset,16650,38229,37
3.1974,onset,16650,38229,56
3.2003,onset,16700,38229,55
3.2007,onset,16700,38229,-1
3.201,onset,16700,38229,-75
3.2013,onset,16700,38229,3
3.2016,onset,16700,38229,-23
3.202,onset,16700,38229,-28
3.2023,onset,16700,38229,39
3.2027,onset,16700,38229,-53
3.203,onset,16700,38229,11
3.2033,onset,16700,38229,-34
3.2036,onset,16700,38229,-89
3.2039,onset,16700,38229,-90
3.2042,onset,16700,38229,-58
3.2046,onset,16700,38229,-17
3.2049,onset,16700,38229,10
3.2052,onset,16700,38229,26
3.2089,onset,16750,38229,3
3.2095,onset,16750,38229,-104
3.2102,onset,16750,38229,-55
3.2105,onset,16750,38229,-45
3.2108,onset,16750,38229,48
3.2112,onset,16750,38229,12
3.2115,onset,16750,38229,49
3.2118,onset,16750,38229,67
3.2121,onset,16750,38229,49
3.2124,onset,16750,38229,9
3.2127,onset,16750,38229,45
3.213,onset,16750,38229,-5
3.2133,onset,16750,38229,-76
3.2136,onset,16750,38229,-18
3.2139,onset,16750,38229,-37
3.2143,onset,16750,38229,-69
3.2171,onset,16800,38229,4
3.2175,onset,16800,38229,-121
3.2178,onset,16800,38229,-20
3.2182,onset,16800,38229,39
3.2185,onset,16800,38229,39
3.2189,onset,16800,38229,-76
3.2192,onset,16800,38229,-10
3.2195,onset,16800,38229,-24
3.2199,onset,16800,38229,35
3.2203,onset,16800,38229,-2
3.2207,onset,16800,38229,-1
3.2213,onset,16800,38229,-93
3.2217,onset,16800,38229,-42
3.2221,onset,16800,38229,17
3.2224,onset,16800,38229,-41
3.2227,onset,16800,38229,24
3.226,onset,16850,38229,22
3.2264,onset,16850,38229,-31
3.2267,onset,16850,38229,68
3.2271,onset,16850,38229,27
3.2274,onset,16850,38229,-51
3.2279,onset,16850,38229,-32
3.2283,onset,16850,38229,-26
3.2286,onset,16850,38229,-58
3.2289,onset,16850,38229,-17
3.2291,onset,16850,38229,-6
3.2296,onset,16850,38229,8
3.2301,onset,16850,38229,-62
3.2305,onset,16850,38229,17
3.2309,onset,16850,38229,-18
3.2312,onset,16850,38229,0
3.2318,onset,16850,38229,41
3.2346,onset,16900,38229,3
3.2349,onset,16900,38229,-37
3.2351,onset,16900,38229,-5
3.2354,onset,16900,38229,-62
3.2357,onset,16900,38229,-36
3.236,onset,16900,38229,-28
3.2363,onset,16900,38229,-53
3.2366,onset,16900,38229,-26
3.237,onset,16900,38229,-35
3.2373,onset,16900,38229,-24
3.2376,onset,16900,38229,20
3.2379,onset,16900,38229,57
3.2382,onset,16900,38229,17
3.2385,onset,16900,38229,28
3.2388,onset,16900,38229,72
3.2391,onset,16900,38229,16
3.2425,onset,16950,38229,59
3.2432,onset,16950,38229,-64
3.2438,onset,16950,38229,52
3.2442,onset,16950,38229,-14
3.2445,onset,16950,38229,60
3.2447,onset,16950,38229,39
3.245,onset,16950,38229,39
3.2453,onset,16950,38229,12
3.2456,onset,16950,38229,-3
3.2459,onset,16950,38229,22
3.2462,onset,16950,38229,46
3.2465,onset,16950,38229,-1
3.2468,onset,16950,38229,-6
3.2471,onset,16950,38229,47
3.2474,onset,16950,38229,7
3.2477,onset,16950,38229,41
3.2506,onset,17000,38229,16
3.2508,onset,17000,38229,-11
3.2511,onset,17000,38229,-45
3.2514,onset,17000,38229,-41
3.2517,onset,17000,38229,-38
3.2521,onset,17000,38229,34
3.2524,onset,17000,38229,32
3.2527,onset,17000,38229,-7
3.253,onset,17000,38229,72
3.2533,onset,17000,38229,18
3.2536,onset,17000,38229,-3
3.254,onset,17000,38229,-58
3.2543,onset,17000,38229,-59
3.2546,onset,17000,38229,-31
3.2548,onset,17000,38229,-37
3.2551,onset,17000,38229,-15
3.2584,onset,17050,38229,-104
3.259,onset,17050,38229,-89
3.2595,onset,17050,38229,45
3.2602,onset,17050,38229,50
3.2606,onset,17050,38229,-12
3.261,onset,17050,38229,36
3.2613,onset,17050,38229,-7
3.2617,onset,17050,38229,16
3.2619,onset,17050,38229,-22
3.2623,onset,17050,38229,-76
3.2626,onset,17050,38229,-4
3.2629,onset,17050,38229,-79
3.2632,onset,17050,38229,-24
3.2634,onset,17050,38229,-23
3.2637,onset,17050,38229,-70
3.264,onset,17050,38229,-47
3.2667,onset,17100,38229,-23
3.2669,onset,17100,38229,-4
3.2672,onset,17100,38229,1
3.2676,onset,17100,38229,-17
3.2679,onset,17100,38229,-15
3.2682,onset,17100,38229,-65
3.2685,onset,17100,38229,-41
3.2689,onset,17100,38229,27
3.2692,onset,17100,38229,76
3.2695,onset,17100,38229,19
3.2698,onset,17100,38229,-23
3.2701,onset,17100,38229,9
3.2705,onset,17100,38229,-30
3.2708,onset,17100,38229,-63
3.2711,onset,17100,38229,-111
3.2714,onset,17100,38229,-24
3.2744,onset,17150,38229,-11
3.2749,onset,17150,38229,1
3.2754,onset,17150,38229,1
3.2761,onset,17150,38229,1
3.2765,onset,17150,38229,3
3.2769,onset,17150,38229,-27
3.2772,onset,17150,38229,67
3.2777,onset,17150,38229,-23
3.278,onset,17150,38229,14
3.2783,onset,17150,38229,10
3.2786,onset,17150,38229,26
3.279,onset,17150,38229,55
3.2793,onset,17150,38229,80
3.2796,onset,17150,38229,46
3.2799,onset,17150,38229,86
3.2802,onset,17150,38229,46
3.2829,onset,17200,38229,-33
3.2832,onset,17200,38229,17
3.2836,onset,17200,38229,-9
3.2839,onset,17200,38229,-94
3.2843,onset,17200,38229,15
3.2846,onset,17200,38229,56
3.2849,onset,17200,38229,71
3.2852,onset,17200,38229,3
3.2855,onset,17200,38229,-81
3.2858,onset,17200,38229,-7
3.2861,onset,17200,38229,-82
3.2865,onset,17200,38229,-32
3.2868,onset,17200,38229,-16
3.2871,onset,17200,38229,-61
3.2874,onset,17200,38229,-67
3.2877,onset,17200,38229,-2
3.2907,onset,17250,38229,-36
3.2914,onset,17250,38229,-34
3.2923,onset,17250,38229,17
3.2938,onset,17250,38229,-8
3.2944,onset,17250,38229,49
3.295,onset,17250,38229,18
3.2953,onset,17250,38229,76
3.2956,onset,17250,38229,7
3.296,onset,17250,38229,-12
3.2963,onset,17250,38229,-39
3.2966,onset,17250,38229,-43
3.2969,onset,17250,38229,-18
3.2972,onset,17250,38229,-50
3.2975,onset,17250,38229,-16
3.2978,onset,17250,38229,-16
3.2981,onset,17250,38229,-16
3.3011,onset,17300,38229,-6
3.3014,onset,17300,38229,73
3.3018,onset,17300,38229,-18
3.3021,onset,17300,38229,-89
3.3025,onset,17300,38229,-12
3.3028,onset,17300,38229,-6
3.3031,onset,17300,38229,-29
3.3035,onset,17300,38229,66
3.3038,onset,17300,38229,42
3.3041,onset,17300,38229,-29
3.3044,onset,17300,38229,-36
3.3047,onset,17300,38229,-40
3.305,onset,17300,38229,-74
3.3053,onset,17300,38229,-45
3.3056,onset,17300,38229,-3
3.3059,onset,17300,38229,-68
3.3094,onset,17350,38229,90
3.3098,onset,17350,38229,59
3.3102,onset,17350,38229,-29
3.3106,onset,17350,38229,-6
3.3109,onset,17350,38229,49
3.3112,onset,17350,38229,35
3.3115,onset,17350,38229,30
3.3118,onset,17350,38229,89
3.3121,onset,17350,38229,76
3.3124,onset,17350,38229,14
3.3128,onset,17350,38229,-73
3.3131,onset,17350,38229,12
3.3134,onset,17350,38229,-63
3.3137,onset,17350,38229,-58
3.314,onset,17350,38229,-27
3.3143,onset,17350,38229,17
3.3171,onset,17400,38229,-81
3.3175,onset,17400,38229,-39
3.3178,onset,17400,38229,-30
3.3182,onset,17400,38229,29
3.3185,onset,17400,38229,27
3.3189,onset,17400,38229,20
3.3192,onset,17400,38229,-46
3.3195,onset,17400,38229,-39
3.3199,onset,17400,38229,-25
3.3202,onset,17400,38229,51
3.3205,onset,17400,38229,-28
3.3208,onset,17400,38229,5
3.3212,onset,17400,38229,1
3.3215,onset,17400,38229,-26
3.3218,onset,17400,38229,-5
3.3221,onset,17400,38229,-90
3.3252,onset,17450,38229,-91
3.3258,onset,17450,38229,-6
3.3262,onset,17450,38229,25
3.3267,onset,17450,38229,89
3.3272,onset,17450,38229,23
3.3275,onset,17450,38229,-5
3.3278,onset,17450,38229,-82
3.3283,onset,17450,38229,11
3.3286,onset,17450,38229,3
3.3289,onset,17450,38229,49
3.3292,onset,17450,38229,13
3.3295,onset,17450,38229,-82
3.3298,onset,17450,38229,-5
3.3301,onset,17450,38229,-8
3.3303,onset,17450,38229,10
3.3307,onset,17450,38229,-41
3.3334,onset,17500,38229,-38
3.3337,onset,17500,38229,-29
3.334,onset,17500,38229,-24
3.3343,onset,17500,38229,52
3.3347,onset,17500,38229,52
3.335,onset,17500,38229,57
3.3353,onset,17500,38229,33
3.3356,onset,17500,38229,11
3.3359,onset,17500,38229,-24
3.3362,onset,17500,38229,-2
3.3365,onset,17500,38229,-35
3.3369,onset,17500,38229,-35
3.3372,onset,17500,38229,-44
3.3375,onset,17500,38229,-31
3.3378,onset,17500,38229,-17
3.3381,onset,17500,38229,15
3.3414,onset,17550,38229,-27
3.3423,onset,17550,38229,0
3.3429,onset,17550,38229,-6
3.3433,onset,17550,38229,58
3.3438,onset,17550,38229,-22
3.3441,onset,17550,38229,43
3.3444,onset,17550,38229,25
3.3447,onset,17550,38229,11
3.3451,onset,17550,38229,-40
3.3454,onset,17550,38229,14
3.3457,onset,17550,38229,-2
3.346,onset,17550,38229,-55
3.3463,onset,17550,38229,-19
3.3467,onset,17550,38229,-33
3.347,onset,17550,38229,62
3.3473,onset,17550,38229,69
3.3501,onset,17600,38229,38
3.3504,onset,17600,38229,-98
3.3507,onset,17600,38229,-83
3.3511,onset,17600,38229,8
3.3514,onset,17600,38229,56
3.3518,onset,17600,38229,-31
3.3521,onset,17600,38229,-43
3.3525,onset,17600,38229,-12
3.3528,onset,17600,38229,4
3.3532,onset,17600,38229,47
3.3535,onset,17600,38229,38
3.3538,onset,17600,38229,-45
3.3541,onset,17600,38229,5
3.3544,onset,17600,38229,-34
3.3547,onset,17600,38229,20
3.355,onset,17600,38229,-26
3.3582,onset,17650,38229,-15
3.3588,onset,17650,38229,-7
3.3594,onset,17650,38229,-35
3.3598,onset,17650,38229,37
3.3603,onset,17650,38229,-35
3.3607,onset,17650,38229,0
3.361,onset,17650,38229,10
3.3613,onset,17650,38229,-25
3.3616,onset,17650,38229,-38
3.3619,onset,17650,38229,-14
3.3623,onset,17650,38229,-4
3.3626,onset,17650,38229,25
3.3629,onset,17650,38229,14
3.3632,onset,17650,38229,21
3.3635,onset,17650,38229,79
3.3638,onset,17650,38229,36
3.3668,onset,17700,38229,22
3.3672,onset,17700,38229,-103
3.3675,onset,17700,38229,-55
3.3678,onset,17700,38229,-60
3.3681,onset,17700,38229,30
3.3685,onset,17700,38229,41
3.3688,onset,17700,38229,1
3.3691,onset,17700,38229,17
3.3694,onset,17700,38229,-36
3.3698,onset,17700,38229,-32
3.3701,onset,17700,38229,-34
3.3704,onset,17700,38229,-8
3.3707,onset,17700,38229,-48
3.371,onset,17700,38229,-13
3.3713,onset,17700,38229,-27
3.3716,onset,17700,38229,1
3.375,onset,17750,38229,26
3.3755,onset,17750,38229,52
3.3761,onset,17750,38229,-48
3.3765,onset,17750,38229,-9
3.377,onset,17750,38229,-32
3.3774,onset,17750,38229,12
3.3778,onset,17750,38229,-26
3.3781,onset,17750,38229,-6
3.3784,onset,17750,38229,-47
3.3787,onset,17750,38229,-30
3.379,onset,17750,38229,-13
3.3792,onset,17750,38229,-17
3.3796,onset,17750,38229,-47
3.3799,onset,17750,38229,-18
3.3802,onset,17750,38229,31
3.3805,onset,17750,38229,-27
3.3832,onset,17800,38229,12
3.3836,onset,17800,38229,4
3.3839,onset,17800,38229,-57
3.3842,onset,17800,38229,21
3.3845,onset,17800,38229,-30
3.3849,onset,17800,38229,-36
3.3852,onset,17800,38229,4
3.3855,onset,17800,38229,20
3.3859,onset,17800,38229,66
3.3862,onset,17800,38229,38
3.3865,onset,17800,38229,57
3.3868,onset,17800,38229,38
3.3871,onset,17800,38229,-18
3.3874,onset,17800,38229,-112
3.3877,onset,17800,38229,-90
3.388,onset,17800,38229,-33
3.3906,onset,17850,38229,56
3.391,onset,17850,38229,0
3.3914,onset,17850,38229,-13
3.3919,onset,17850,38229,-48
3.3925,onset,17850,38229,67
3.393,onset,17850,38229,43
3.3935,onset,17850,38229,75
3.3939,onset,17850,38229,58
3.3942,onset,17850,38229,59
3.3945,onset,17850,38229,31
3.3948,onset,17850,38229,2
3.3951,onset,17850,38229,62
3.3955,onset,17850,38229,-1
3.3958,onset,17850,38229,-65
3.396,onset,17850,38229,-57
3.3963,onset,17850,38229,12
3.3993,onset,17900,38229,-49
3.3997,onset,17900,38229,-24
3.4,onset,17900,38229,8
3.4003,onset,17900,38229,17
3.4007,onset,17900,38229,-36
3.401,onset,17900,38229,-33
3.4013,onset,17900,38229,-33
3.4017,onset,17900,38229,-10
3.402,onset,17900,38229,-5
3.4023,onset,17900,38229,18
3.4026,onset,17900,38229,54
3.4029,onset,17900,38229,48
3.4032,onset,17900,38229,-10
3.4035,onset,17900,38229,59
3.4039,onset,17900,38229,19
3.4042,onset,17900,38229,-27
3.4071,onset,17950,38229,13
3.4083,onset,17950,38229,6
3.4092,onset,17950,38229,29
3.4096,onset,17950,38229,-61
3.41,onset,17950,38229,12
3.4103,onset,17950,38229,64
3.4106,onset,17950,38229,-4
3.4109,onset,17950,38229,29
3.4112,onset,17950,38229,-67
3.4115,onset,17950,38229,-19
3.4118,onset,17950,38229,-64
3.4122,onset,17950,38229,-6
3.4124,onset,17950,38229,-50
3.4128,onset,17950,38229,-16
3.4131,onset,17950,38229,-15
3.4134,onset,17950,38229,13
3.4162,onset,18000,38229,-72
3.4166,onset,18000,38229,-36
3.417,onset,18000,38229,0
3.4173,onset,18000,38229,47
3.4177,onset,18000,38229,55
3.418,onset,18000,38229,3
3.4183,onset,18000,38229,-36
3.4186,onset,18000,38229,-21
3.419,onset,18000,38229,-6
3.4193,onset,18000,38229,40
3.4196,onset,18000,38229,40
3.4199,onset,18000,38229,-10
3.4202,onset,18000,38229,-41
3.4205,onset,18000,38229,2
3.4208,onset,18000,38229,-29
3.4212,onset,18000,38229,-32
3.4241,onset,18050,38229,-7
3.4254,onset,18050,38229,-4
3.4258,onset,18050,38229,7
3.4261,onset,18050,38229,-31
3.4263,onset,18050,38229,-23
3.4266,onset,18050,38229,-40
3.4269,onset,18050,38229,-44
3.4272,onset,18050,38229,-26
3.4274,onset,18050,38229,9
3.4277,onset,18050,38229,33
3.428,onset,18050,38229,60
3.4283,onset,18050,38229,74
3.4286,onset,18050,38229,3
3.4289,onset,18050,38229,47
3.4291,onset,18050,38229,73
3.4294,onset,18050,38229,70
3.4324,onset,18100,38229,33
3.4327,onset,18100,38229,12
3.433,onset,18100,38229,-71
3.4334,onset,18100,38229,-62
3.4337,onset,18100,38229,-73
3.434,onset,18100,38229,-52
3.4343,onset,18100,38229,57
3.4347,onset,18100,38229,-9
3.435,onset,18100,38229,74
3.4353,onset,18100,38229,19
3.4356,onset,18100,38229,-34
3.4359,onset,18100,38229,9
3.4362,onset,18100,38229,-78
3.4365,onset,18100,38229,-55
3.4367,onset,18100,38229,-9
3.437,onset,18100,38229,11
3.4401,onset,18150,38229,-22
3.4403,onset,18150,38229,-52
3.4407,onset,18150,38229,-77
3.4413,onset,18150,38229,-1
3.4419,onset,18150,38229,34
3.4423,onset,18150,38229,12
3.4426,onset,18150,38229,5
3.4431,onset,18150,38229,-55
3.4434,onset,18150,38229,6
3.4437,onset,18150,38229,-26
3.444,onset,18150,38229,-97
3.4443,onset,18150,38229,-74
3.4446,onset,18150,38229,-35
3.4448,onset,18150,38229,-11
3.4451,onset,18150,38229,72
3.4453,onset,18150,38229,86
3.448,onset,18200,38229,-36
3.4482,onset,18200,38229,-50
3.4485,onset,18200,38229,-80
3.4488,onset,18200,38229,-13
3.4491,onset,18200,38229,-45
3.4494,onset,18200,38229,-26
3.4497,onset,18200,38229,-24
3.45,onset,18200,38229,-23
3.4503,onset,18200,38229,-66
3.4506,onset,18200,38229,-52
3.4509,onset,18200,38229,-49
3.4512,onset,18200,38229,3
3.4515,onset,18200,38229,26
3.4518,onset,18200,38229,64
3.4521,onset,18200,38229,4
3.4524,onset,18200,38229,69
3.4551,onset,18250,38229,51
3.4555,onset,18250,38229,0
3.4559,onset,18250,38229,26
3.4562,onset,18250,38229,27
3.4565,onset,18250,38229,-10
3.4567,onset,18250,38229,30
3.457,onset,18250,38229,-8
3.4574,onset,18250,38229,2
3.458,onset,18250,38229,-8
3.4586,onset,18250,38229,-49
3.4589,onset,18250,38229,-29
3.4592,onset,18250,38229,-78
3.4595,onset,18250,38229,-103
3.4598,onset,18250,38229,-33
3.4601,onset,18250,38229,-29
3.4603,onset,18250,38229,-63
3.4628,onset,18300,38229,32
3.4631,onset,18300,38229,-3
3.4634,onset,18300,38229,-12
3.4637,onset,18300,38229,-44
3.4639,onset,18300,38229,-94
3.4642,onset,18300,38229,-90
3.4645,onset,18300,38229,-94
3.4648,onset,18300,38229,-13
3.4651,onset,18300,38229,-5
3.4654,onset,18300,38229,-16
3.4657,onset,18300,38229,-85
3.4661,onset,18300,38229,-47
3.4664,onset,18300,38229,39
3.4667,onset,18300,38229,6
3.467,onset,18300,38229,50
3.4673,onset,18300,38229,19
3.4703,onset,18350,38229,-111
3.4707,onset,18350,38229,-64
3.471,onset,18350,38229,-41
3.4713,onset,18350,38229,-6
3.4716,onset,18350,38229,-18
3.4719,onset,18350,38229,28
3.4722,onset,18350,38229,44
3.4726,onset,18350,38229,8
3.4729,onset,18350,38229,-36
3.4732,onset,18350,38229,-46
3.4736,onset,18350,38229,-40
3.4741,onset,18350,38229,-39
3.4745,onset,18350,38229,-1
3.4749,onset,18350,38229,45
3.4754,onset,18350,38229,27
3.4759,onset,18350,38229,-14
3.4786,onset,18400,38229,107
3.4789,onset,18400,38229,78
3.4792,onset,18400,38229,0
3.4795,onset,18400,38229,31
3.4799,onset,18400,38229,-28
3.4802,onset,18400,38229,-43
3.4805,onset,18400,38229,-68
3.4808,onset,18400,38229,-29
3.4811,onset,18400,38229,-33
3.4814,onset,18400,38229,-63
3.4817,onset,18400,38229,-6
3.482,onset,18400,38229,34
3.4823,onset,18400,38229,44
3.4827,onset,18400,38229,82
3.483,onset,18400,38229,19
3.4833,onset,18400,38229,64
3.4859,onset,18450,38229,44
3.4862,onset,18450,38229,79
3.4866,onset,18450,38229,-55
3.4869,onset,18450,38229,-42
3.4873,onset,18450,38229,-89
3.4876,onset,18450,38229,0
3.488,onset,18450,38229,11
3.4883,onset,18450,38229,-10
3.4886,onset,18450,38229,6
3.4889,onset,18450,38229,-11
3.4892,onset,18450,38229,-23
3.4896,onset,18450,38229,-11
3.4899,onset,18450,38229,8
3.4902,onset,18450,38229,49
3.4907,onset,18450,38229,1
3.4911,onset,18450,38229,55
3.494,onset,18500,38229,0
3.4944,onset,18500,38229,7
3.4946,onset,18500,38229,-47
3.4949,onset,18500,38229,-1
3.4952,onset,18500,38229,3
3.4955,onset,18500,38229,-38
3.4958,onset,18500,38229,-11
3.4961,onset,18500,38229,-5
3.4964,onset,18500,38229,-65
3.4967,onset,18500,38229,-39
3.497,onset,18500,38229,17
3.4972,onset,18500,38229,3
3.4976,onset,18500,38229,-54
3.4979,onset,18500,38229,27
3.4982,onset,18500,38229,-31
3.4985,onset,18500,38229,-87
3.5013,onset,18550,38229,-10
3.5016,onset,18550,38229,0
3.5019,onset,18550,38229,64
3.5022,onset,18550,38229,-10
3.5026,onset,18550,38229,-63
3.5029,onset,18550,38229,-29
3.5032,onset,18550,38229,-54
3.5035,onset,18550,38229,-19
3.5038,onset,18550,38229,-54
3.5041,onset,18550,38229,-40
3.5044,onset,18550,38229,-8
3.5048,onset,18550,38229,28
3.5051,onset,18550,38229,-16
3.5054,onset,18550,38229,76
3.5057,onset,18550,38229,22
3.506,onset,18550,38229,59
3.5091,onset,18600,38229,0
3.5097,onset,18600,38229,3
3.51,onset,18600,38229,24
3.5104,onset,18600,38229,16
3.5107,onset,18600,38229,-26
3.511,onset,18600,38229,-91
3.5113,onset,18600,38229,-19
3.5116,onset,18600,38229,-3
3.5119,onset,18600,38229,9
3.5122,onset,18600,38229,-44
3.5125,onset,18600,38229,9
3.5128,onset,18600,38229,21
3.5131,onset,18600,38229,52
3.5134,onset,18600,38229,23
3.5137,onset,18600,38229,88
3.5141,onset,18600,38229,47
3.5167,onset,18650,38229,23
3.5169,onset,18650,38229,29
3.5173,onset,18650,38229,24
3.5176,onset,18650,38229,49
3.5179,onset,18650,38229,37
3.5182,onset,18650,38229,16
3.5186,onset,18650,38229,-23
3.5189,onset,18650,38229,-40
3.5192,onset,18650,38229,-64
3.5195,onset,18650,38229,-25
3.5198,onset,18650,38229,25
3.5201,onset,18650,38229,-17
3.5204,onset,18650,38229,-15
3.5208,onset,18650,38229,56
3.5211,onset,18650,38229,12
3.5214,onset,18650,38229,-53
3.525,onset,18700,38229,-85
3.5255,onset,18700,38229,29
3.5259,onset,18700,38229,27
3.5264,onset,18700,38229,-79
3.527,onset,18700,38229,23
3.5273,onset,18700,38229,43
3.5276,onset,18700,38229,-8
3.5279,onset,18700,38229,57
3.5282,onset,18700,38229,71
3.5285,onset,18700,38229,0
3.5288,onset,18700,38229,40
3.5292,onset,18700,38229,-21
3.5295,onset,18700,38229,-3
3.5298,onset,18700,38229,19
3.5302,onset,18700,38229,19
3.5306,onset,18700,38229,-44
3.5337,onset,18750,38229,39
3.5339,onset,18750,38229,-18
3.5342,onset,18750,38229,25
3.5345,onset,18750,38229,3
3.5348,onset,18750,38229,28
3.5351,onset,18750,38229,37
3.5354,onset,18750,38229,56
3.5357,onset,18750,38229,26
3.536,onset,18750,38229,45
3.5363,onset,18750,38229,62
3.5366,onset,18750,38229,-9
3.5369,onset,18750,38229,15
3.5371,onset,18750,38229,56
3.5374,onset,18750,38229,-36
3.5377,onset,18750,38229,37
3.538,onset,18750,38229,65
3.5412,onset,18800,38229,20
3.5416,onset,18800,38229,42
3.5421,onset,18800,38229,22
3.5428,onset,18800,38229,20
3.5433,onset,18800,38229,32
3.5436,onset,18800,38229,-29
3.5439,onset,18800,38229,35
3.5442,onset,18800,38229,8
3.5445,onset,18800,38229,15
3.5448,onset,18800,38229,29
3.5451,onset,18800,38229,15
3.5454,onset,18800,38229,80
3.5458,onset,18800,38229,29
3.5461,onset,18800,38229,-16
3.5464,onset,18800,38229,-43
3.5468,onset,18800,38229,-15
3.5496,onset,18850,38229,-34
3.5499,onset,18850,38229,-58
3.5502,onset,18850,38229,-43
3.5505,onset,18850,38229,-108
3.5508,onset,18850,38229,-49
3.5511,onset,18850,38229,-58
3.5514,onset,18850,38229,-74
3.5517,onset,18850,38229,-76
3.5519,onset,18850,38229,-80
3.5522,onset,18850,38229,-58
3.5525,onset,18850,38229,8
3.5528,onset,18850,38229,33
3.5531,onset,18850,38229,44
3.5533,onset,18850,38229,46
3.5536,onset,18850,38229,85
3.5539,onset,18850,38229,25
3.5568,onset,18900,38229,29
3.5572,onset,18900,38229,67
3.5578,onset,18900,38229,-51
3.5589,onset,18900,38229,74
3.5594,onset,18900,38229,59
3.5599,onset,18900,38229,-38
3.5603,onset,18900,38229,-13
3.5608,onset,18900,38229,-17
3.5612,onset,18900,38229,-22
3.5615,onset,18900,38229,-2
3.5618,onset,18900,38229,-22
3.5621,onset,18900,38229,34
3.5624,onset,18900,38229,8
3.5627,onset,18900,38229,-34
3.563,onset,18900,38229,-10
3.5633,onset,18900,38229,-4
3.5663,onset,18950,38229,15
3.5666,onset,18950,38229,18
3.5669,onset,18950,38229,80
3.5672,onset,18950,38229,41
3.5675,onset,18950,38229,2
3.5678,onset,18950,38229,-26
3.5681,onset,18950,38229,-3
3.5684,onset,18950,38229,-25
3.5688,onset,18950,38229,-93
3.5691,onset,18950,38229,18
3.5694,onset,18950,38229,44
3.5698,onset,18950,38229,20
3.5701,onset,18950,38229,21
3.5704,onset,18950,38229,41
3.5707,onset,18950,38229,18
3.571,onset,18950,38229,-36
3.5741,onset,19000,38229,-1
3.5747,onset,19000,38229,23
3.5753,onset,19000,38229,-86
3.5761,onset,19000,38229,0
3.5767,onset,19000,38229,-18
3.577,onset,19000,38229,-93
3.5774,onset,19000,38229,-14
3.5777,onset,19000,38229,49
3.5781,onset,19000,38229,39
3.5784,onset,19000,38229,26
3.5787,onset,19000,38229,-15
3.579,onset,19000,38229,-87
3.5793,onset,19000,38229,-19
3.5796,onset,19000,38229,-60
3.5799,onset,19000,38229,-24
3.5803,onset,19000,38229,-11
3.583,onset,19050,38229,-81
3.5833,onset,19050,38229,27
3.5836,onset,19050,38229,1
3.584,onset,19050,38229,14
3.5843,onset,19050,38229,-66
3.5846,onset,19050,38229,-14
3.5849,onset,19050,38229,-93
3.5852,onset,19050,38229,-78
3.5857,onset,19050,38229,-41
3.586,onset,19050,38229,-28
3.5863,onset,19050,38229,-57
3.5867,onset,19050,38229,-51
3.587,onset,19050,38229,-39
3.5873,onset,19050,38229,-28
3.5876,onset,19050,38229,-20
3.5879,onset,19050,38229,12
3.5915,onset,19100,38229,-13
3.5921,onset,19100,38229,17
3.5927,onset,19100,38229,68
3.5931,onset,19100,38229,22
3.5935,onset,19100,38229,-4
3.5939,onset,19100,38229,1
3.5943,onset,19100,38229,-13
3.5946,onset,19100,38229,-16
3.5949,onset,19100,38229,-70
3.5952,onset,19100,38229,-8
3.5955,onset,19100,38229,-51
3.5958,onset,19100,38229,1
3.5961,onset,19100,38229,11
3.5964,onset,19100,38229,35
3.5968,onset,19100,38229,64
3.5971,onset,19100,38229,74
3.5998,onset,19150,38229,-33
3.6001,onset,19150,38229,-31
3.6005,onset,19150,38229,-27
3.6008,onset,19150,38229,-1
3.6012,onset,19150,38229,61
3.6015,onset,19150,38229,37
3.6019,onset,19150,38229,-5
3.6022,onset,19150,38229,-21
3.6025,onset,19150,38229,-5
3.6029,onset,19150,38229,64
3.6032,onset,19150,38229,-32
3.6035,onset,19150,38229,-104
3.6038,onset,19150,38229,-22
3.6042,onset,19150,38229,-55
3.6045,onset,19150,38229,-60
3.6048,onset,19150,38229,-10
3.6077,onset,19200,38229,-76
3.6081,onset,19200,38229,34
3.6086,onset,19200,38229,-7
3.6091,onset,19200,38229,-71
3.6095,onset,19200,38229,22
3.6099,onset,19200,38229,0
3.6102,onset,19200,38229,-25
3.6104,onset,19200,38229,-9
3.6108,onset,19200,38229,-100
3.6111,onset,19200,38229,-11
3.6114,onset,19200,38229,-40
3.6117,onset,19200,38229,-43
3.612,onset,19200,38229,-1
3.6123,onset,19200,38229,-8
3.6126,onset,19200,38229,-66
3.6129,onset,19200,38229,-33
3.6159,onset,19250,38229,25
3.6162,onset,19250,38229,-26
3.6165,onset,19250,38229,-4
3.6169,onset,19250,38229,11
3.6172,onset,19250,38229,-66
3.6176,onset,19250,38229,-51
3.6179,onset,19250,38229,-3
3.6182,onset,19250,38229,0
3.6186,onset,19250,38229,47
3.6189,onset,19250,38229,-111
3.6193,onset,19250,38229,-13
3.6196,onset,19250,38229,-16
3.62,onset,19250,38229,23
3.6203,onset,19250,38229,-44
3.6206,onset,19250,38229,10
3.6209,onset,19250,38229,-55
3.6247,onset,19300,38229,66
3.6254,onset,19300,38229,-11
3.626,onset,19300,38229,-16
3.6264,onset,19300,38229,9
3.6269,onset,19300,38229,55
3.6274,onset,19300,38229,-11
3.6278,onset,19300,38229,-11
3.6282,onset,19300,38229,80
3.6286,onset,19300,38229,-23
3.6289,onset,19300,38229,-8
3.6292,onset,19300,38229,46
3.6295,onset,19300,38229,14
3.6298,onset,19300,38229,55
3.6301,onset,19300,38229,9
3.6305,onset,19300,38229,-5
3.6308,onset,19300,38229,-14
3.6335,onset,19350,38229,23
3.6339,onset,19350,38229,-51
3.6343,onset,19350,38229,34
3.6346,onset,19350,38229,-87
3.6351,onset,19350,38229,21
3.6354,onset,19350,38229,44
3.6357,onset,19350,38229,-50
3.636,onset,19350,38229,-87
3.6363,onset,19350,38229,-33
3.6366,onset,19350,38229,-98
3.6369,onset,19350,38229,-37
3.6372,onset,19350,38229,-41
3.6375,onset,19350,38229,-107
3.638,onset,19350,38229,-43
3.6382,onset,19350,38229,-6
3.6386,onset,19350,38229,-53
3.6412,onset,19400,38229,-3
3.6418,onset,19400,38229,-18
3.6422,onset,19400,38229,-67
3.6426,onset,19400,38229,84
3.6429,onset,19400,38229,-28
3.6432,onset,19400,38229,29
3.6435,onset,19400,38229,57
3.6438,onset,19400,38229,-9
3.644,onset,19400,38229,6
3.6445,onset,19400,38229,52
3.6448,onset,19400,38229,-12
3.6452,onset,19400,38229,57
3.6456,onset,19400,38229,-19
3.646,onset,19400,38229,17
3.6463,onset,19400,38229,46
3.6465,onset,19400,38229,20
3.6493,onset,19450,38229,-12
3.6496,onset,19450,38229,31
3.6499,onset,19450,38229,-16
3.6502,onset,19450,38229,5
3.6505,onset,19450,38229,-17
3.6509,onset,19450,38229,-81
3.6513,onset,19450,38229,3
3.6516,onset,19450,38229,60
3.652,onset,19450,38229,21
3.6525,onset,19450,38229,-25
3.653,onset,19450,38229,-51
3.6534,onset,19450,38229,-18
3.6538,onset,19450,38229,-16
3.6542,onset,19450,38229,1
3.6546,onset,19450,38229,5
3.6549,onset,19450,38229,-27
3.6585,onset,19500,38229,50
3.6589,onset,19500,38229,4
3.6594,onset,19500,38229,45
3.6598,onset,19500,38229,-37
3.6602,onset,19500,38229,53
3.6605,onset,19500,38229,20
3.661,onset,19500,38229,-14
3.6613,onset,19500,38229,29
3.6617,onset,19500,38229,-6
3.662,onset,19500,38229,-6
3.6623,onset,19500,38229,19
3.6627,onset,19500,38229,24
3.6629,onset,19500,38229,73
3.6633,onset,19500,38229,-9
3.6636,onset,19500,38229,80
3.664,onset,19500,38229,-11
3.6669,onset,19550,38229,-23
3.6673,onset,19550,38229,-30
3.6677,onset,19550,38229,-83
3.6681,onset,19550,38229,-12
3.6684,onset,19550,38229,51
3.6687,onset,19550,38229,30
3.669,onset,19550,38229,16
3.6693,onset,19550,38229,-11
3.6696,onset,19550,38229,22
3.6701,onset,19550,38229,36
3.6704,onset,19550,38229,-54
3.6708,onset,19550,38229,23
3.6712,onset,19550,38229,-58
3.6716,onset,19550,38229,-55
3.672,onset,19550,38229,7
3.6724,onset,19550,38229,-43
3.6758,onset,19600,38229,62
3.6763,onset,19600,38229,20
3.6767,onset,19600,38229,-46
3.677,onset,19600,38229,-13
3.6775,onset,19600,38229,-7
3.678,onset,19600,38229,-11
3.6787,onset,19600,38229,5
3.6792,onset,19600,38229,12
3.6798,onset,19600,38229,59
3.6804,onset,19600,38229,28
3.6809,onset,19600,38229,2
3.6814,onset,19600,38229,-21
3.6818,onset,19600,38229,51
3.6822,onset,19600,38229,8
3.6826,onset,19600,38229,23
3.683,onset,19600,38229,14
3.686,onset,19650,38229,-117
3.6864,onset,19650,38229,25
3.6868,onset,19650,38229,-34
3.6872,onset,19650,38229,-53
3.6876,onset,19650,38229,24
3.6879,onset,19650,38229,1
3.6883,onset,19650,38229,-38
3.6888,onset,19650,38229,-29
3.6892,onset,19650,38229,-5
3.6895,onset,19650,38229,79
3.6899,onset,19650,38229,23
3.6902,onset,19650,38229,-57
3.6905,onset,19650,38229,-30
3.6909,onset,19650,38229,-8
3.6912,onset,19650,38229,15
3.6916,onset,19650,38229,41
3.6947,onset,19700,38229,11
3.6949,onset,19700,38229,63
3.6952,onset,19700,38229,37
3.6955,onset,19700,38229,24
3.6959,onset,19700,38229,100
3.6962,onset,19700,38229,10
3.6965,onset,19700,38229,86
3.6969,onset,19700,38229,43
3.6972,onset,19700,38229,-62
3.6976,onset,19700,38229,-17
3.698,onset,19700,38229,85
3.6982,onset,19700,38229,-35
3.6986,onset,19700,38229,-26
3.6989,onset,19700,38229,7
3.6992,onset,19700,38229,-7
3.6994,onset,19700,38229,-54
3.7021,onset,19750,38229,-65
3.7024,onset,19750,38229,-77
3.7027,onset,19750,38229,-50
3.703,onset,19750,38229,-35
3.7032,onset,19750,38229,-42
3.7034,onset,19750,38229,47
3.7036,onset,19750,38229,-39
3.7038,onset,19750,38229,-10
3.704,onset,19750,38229,-31
3.7042,onset,19750,38229,-69
3.7044,onset,19750,38229,-17
3.7046,onset,19750,38229,-57
3.7048,onset,19750,38229,-51
3.705,onset,19750,38229,16
3.7052,onset,19750,38229,-17
3.7054,onset,19750,38229,56
3.7079,onset,19800,38229,-18
3.7084,onset,19800,38229,-84
3.7088,onset,19800,38229,29
3.7093,onset,19800,38229,-15
3.7097,onset,19800,38229,-4
3.71,onset,19800,38229,-5
3.7104,onset,19800,38229,-7
3.7108,onset,19800,38229,56
3.7111,onset,19800,38229,18
3.7113,onset,19800,38229,31
3.7116,onset,19800,38229,-13
3.712,onset,19800,38229,-1
3.7122,onset,19800,38229,21
3.7125,onset,19800,38229,-33
3.7127,onset,19800,38229,-107
3.713,onset,19800,38229,-51
3.7159,onset,19850,38229,8
3.7163,onset,19850,38229,24
3.7166,onset,19850,38229,10
3.717,onset,19850,38229,5
3.7173,onset,19850,38229,24
3.7176,onset,19850,38229,-34
3.718,onset,19850,38229,-36
3.7183,onset,19850,38229,10
3.7186,onset,19850,38229,-38
3.7189,onset,19850,38229,-83
3.7192,onset,19850,38229,-15
3.7195,onset,19850,38229,-15
3.7198,onset,19850,38229,-5
3.7201,onset,19850,38229,-39
3.7203,onset,19850,38229,-43
3.7207,onset,19850,38229,-138
3.7238,onset,19900,38229,33
3.7241,onset,19900,38229,7
3.7252,onset,19900,38229,-50
3.7256,onset,19900,38229,-6
3.7262,onset,19900,38229,49
3.7266,onset,19900,38229,-22
3.7271,onset,19900,38229,4
3.7276,onset,19900,38229,39
3.7279,onset,19900,38229,16
3.7282,onset,19900,38229,42
3.7285,onset,19900,38229,88
3.7288,onset,19900,38229,9
3.7291,onset,19900,38229,-37
3.7293,onset,19900,38229,-17
3.7296,onset,19900,38229,36
3.7298,onset,19900,38229,-71
3.7322,onset,19950,38229,-24
3.7324,onset,19950,38229,-63
3.7327,onset,19950,38229,33
3.7329,onset,19950,38229,47
3.7331,onset,19950,38229,9
3.7334,onset,19950,38229,-16
3.7336,onset,19950,38229,-103
3.7339,onset,19950,38229,13
3.7341,onset,19950,38229,-12
3.7344,onset,19950,38229,52
3.7347,onset,19950,38229,12
3.7349,onset,19950,38229,-53
3.7351,onset,19950,38229,-38
3.7354,onset,19950,38229,-46
3.7356,onset,19950,38229,37
3.7359,onset,19950,38229,5
3.7384,onset,20000,38229,1
3.7387,onset,20000,38229,59
3.739,onset,20000,38229,28
3.7392,onset,20000,38229,62
3.7395,onset,20000,38229,-14
3.7397,onset,20000,38229,-14
3.74,onset,20000,38229,4
3.7402,onset,20000,38229,44
3.7404,onset,20000,38229,52
3.7407,onset,20000,38229,30
3.7409,onset,20000,38229,-18
3.7412,onset,20000,38229,-74
3.7415,onset,20000,38229,-57
3.7418,onset,20000,38229,-9
3.7421,onset,20000,38229,-31
3.7424,onset,20000,38229,-24
3.7451,onset,20050,38229,-60
3.7454,onset,20050,38229,-63
3.7457,onset,20050,38229,-20
3.7459,onset,20050,38229,-23
3.7461,onset,20050,38229,44
3.7464,onset,20050,38229,8
3.7466,onset,20050,38229,-6
3.7469,onset,20050,38229,-16
3.7472,onset,20050,38229,-74
3.7474,onset,20050,38229,-7
3.7476,onset,20050,38229,-9
3.7478,onset,20050,38229,-1
3.748,onset,20050,38229,-32
3.7483,onset,20050,38229,-46
3.7486,onset,20050,38229,-73
3.7488,onset,20050,38229,41
3.7517,onset,20100,38229,29
3.7519,onset,20100,38229,-26
3.7522,onset,20100,38229,-98
3.7525,onset,20100,38229,-18
3.7527,onset,20100,38229,-73
3.753,onset,20100,38229,22
3.7534,onset,20100,38229,20
3.7537,onset,20100,38229,-33
3.7539,onset,20100,38229,-44
3.7543,onset,20100,38229,-86
3.7546,onset,20100,38229,2
3.755,onset,20100,38229,66
3.7553,onset,20100,38229,32
3.7555,onset,20100,38229,-11
3.7558,onset,20100,38229,37
3.7561,onset,20100,38229,44
3.7587,onset,20150,38229,-6
3.759,onset,20150,38229,-20
3.7593,onset,20150,38229,-51
3.7596,onset,20150,38229,-27
3.7598,onset,20150,38229,-48
3.76,onset,20150,38229,-13
3.7603,onset,20150,38229,46
3.7606,onset,20150,38229,-36
3.7609,onset,20150,38229,-31
3.7611,onset,20150,38229,45
3.7614,onset,20150,38229,64
3.7616,onset,20150,38229,-36
3.7618,onset,20150,38229,-30
3.7621,onset,20150,38229,29
3.7624,onset,20150,38229,107
3.7627,onset,20150,38229,20
3.7655,onset,20200,38229,-25
3.7658,onset,20200,38229,-39
3.7661,onset,20200,38229,-29
3.7665,onset,20200,38229,-32
3.7668,onset,20200,38229,35
3.7671,onset,20200,38229,73
3.7674,onset,20200,38229,12
3.7677,onset,20200,38229,30
3.768,onset,20200,38229,10
3.7684,onset,20200,38229,-60
3.7687,onset,20200,38229,-17
3.7691,onset,20200,38229,-30
3.7695,onset,20200,38229,-45
3.7699,onset,20200,38229,-7
3.7702,onset,20200,38229,-18
3.7705,onset,20200,38229,26
3.7737,onset,20250,38229,13
3.7741,onset,20250,38229,36
3.7743,onset,20250,38229,-49
3.7747,onset,20250,38229,18
3.775,onset,20250,38229,-32
3.7753,onset,20250,38229,7
3.7756,onset,20250,38229,-41
3.7759,onset,20250,38229,-39
3.7761,onset,20250,38229,-32
3.7763,onset,20250,38229,52
3.7765,onset,20250,38229,22
3.7767,onset,20250,38229,-19
3.777,onset,20250,38229,93
3.7774,onset,20250,38229,52
3.7776,onset,20250,38229,6
3.7778,onset,20250,38229,-5
3.7809,onset,20300,38229,9
3.7813,onset,20300,38229,-16
3.7816,onset,20300,38229,2
3.7819,onset,20300,38229,20
3.7821,onset,20300,38229,-63
3.7824,onset,20300,38229,-44
3.7826,onset,20300,38229,-5
3.7828,onset,20300,38229,-5
3.783,onset,20300,38229,-25
3.7832,onset,20300,38229,44
3.7835,onset,20300,38229,-10
3.7838,onset,20300,38229,-72
3.784,onset,20300,38229,23
3.7842,onset,20300,38229,45
3.7845,onset,20300,38229,-22
3.7848,onset,20300,38229,-66
3.7873,onset,20350,38229,-70
3.7877,onset,20350,38229,24
3.7881,onset,20350,38229,4
3.7884,onset,20350,38229,-82
3.7887,onset,20350,38229,-57
3.789,onset,20350,38229,-76
3.7893,onset,20350,38229,-10
3.7896,onset,20350,38229,-85
3.7899,onset,20350,38229,-6
3.7902,onset,20350,38229,-13
3.7906,onset,20350,38229,-2
3.7908,onset,20350,38229,0
3.7911,onset,20350,38229,-2
3.7915,onset,20350,38229,-18
3.7917,onset,20350,38229,21
3.7921,onset,20350,38229,56
3.7947,onset,20400,38229,-7
3.7951,onset,20400,38229,54
3.7954,onset,20400,38229,7
3.7957,onset,20400,38229,-52
3.7961,onset,20400,38229,-23
3.7964,onset,20400,38229,8
3.7967,onset,20400,38229,-13
3.797,onset,20400,38229,-26
3.7972,onset,20400,38229,13
3.7976,onset,20400,38229,-9
3.798,onset,20400,38229,65
3.7982,onset,20400,38229,-47
3.7986,onset,20400,38229,-48
3.7989,onset,20400,38229,-26
3.7992,onset,20400,38229,-11
3.7995,onset,20400,38229,-9
3.802,onset,20450,38229,31
3.8022,onset,20450,38229,-8
3.8024,onset,20450,38229,-95
3.8026,onset,20450,38229,55
3.8028,onset,20450,38229,-15
3.8029,onset,20450,38229,31
3.8031,onset,20450,38229,-34
3.8033,onset,20450,38229,-56
3.8035,onset,20450,38229,6
3.8036,onset,20450,38229,-88
3.8038,onset,20450,38229,64
3.804,onset,20450,38229,-54
3.8042,onset,20450,38229,33
3.8044,onset,20450,38229,-1
3.8046,onset,20450,38229,-61
3.8047,onset,20450,38229,-21
3.8073,onset,20500,38229,15
3.8076,onset,20500,38229,-1
3.808,onset,20500,38229,-28
3.8083,onset,20500,38229,39
3.8085,onset,20500,38229,-53
3.8088,onset,20500,38229,-25
3.809,onset,20500,38229,-16
3.8093,onset,20500,38229,71
3.8095,onset,20500,38229,-15
3.8098,onset,20500,38229,-95
3.81,onset,20500,38229,6
3.8103,onset,20500,38229,-3
3.8106,onset,20500,38229,-26
3.8109,onset,20500,38229,-34
3.8111,onset,20500,38229,44
3.8113,onset,20500,38229,48
3.8141,onset,20550,38229,-25
3.8143,onset,20550,38229,117
3.8145,onset,20550,38229,-22
3.8147,onset,20550,38229,39
3.8149,onset,20550,38229,60
3.8151,onset,20550,38229,0
3.8153,onset,20550,38229,-63
3.8157,onset,20550,38229,-41
3.8159,onset,20550,38229,36
3.8162,onset,20550,38229,-16
3.8166,onset,20550,38229,70
3.8168,onset,20550,38229,28
3.8171,onset,20550,38229,67
3.8174,onset,20550,38229,43
3.8177,onset,20550,38229,60
3.818,onset,20550,38229,6
3.8207,onset,20600,38229,-8
3.8209,onset,20600,38229,-12
3.8212,onset,20600,38229,11
3.8214,onset,20600,38229,13
3.8217,onset,20600,38229,-51
3.8219,onset,20600,38229,-44
3.8221,onset,20600,38229,-70
3.8224,onset,20600,38229,11
3.8226,onset,20600,38229,20
3.8228,onset,20600,38229,10
3.823,onset,20600,38229,19
3.8232,onset,20600,38229,-8
3.8234,onset,20600,38229,20
3.8236,onset,20600,38229,-22
3.8239,onset,20600,38229,-22
3.8241,onset,20600,38229,-4
3.8272,onset,20650,38229,7
3.8275,onset,20650,38229,14
3.8278,onset,20650,38229,-55
3.828,onset,20650,38229,3
3.8283,onset,20650,38229,80
3.8285,onset,20650,38229,-26
3.8287,onset,20650,38229,-47
3.829,onset,20650,38229,-44
3.8292,onset,20650,38229,-16
3.8295,onset,20650,38229,82
3.8298,onset,20650,38229,45
3.83,onset,20650,38229,40
3.8302,onset,20650,38229,52
3.8304,onset,20650,38229,-23
3.8307,onset,20650,38229,52
3.831,onset,20650,38229,4
3.8337,onset,20700,38229,-27
3.8341,onset,20700,38229,-37
3.8345,onset,20700,38229,-2
3.835,onset,20700,38229,53
3.8355,onset,20700,38229,49
3.8358,onset,20700,38229,-45
3.8362,onset,20700,38229,26
3.8366,onset,20700,38229,8
3.837,onset,20700,38229,-27
3.8373,onset,20700,38229,-42
3.8377,onset,20700,38229,32
3.838,onset,20700,38229,-79
3.8384,onset,20700,38229,-28
3.8387,onset,20700,38229,-44
3.839,onset,20700,38229,-25
3.8393,onset,20700,38229,18
3.8424,onset,20750,38229,8
3.8428,onset,20750,38229,-51
3.8432,onset,20750,38229,84
3.8435,onset,20750,38229,-21
3.844,onset,20750,38229,-44
3.8444,onset,20750,38229,48
3.8448,onset,20750,38229,-20
3.8453,onset,20750,38229,-29
3.8456,onset,20750,38229,-7
3.846,onset,20750,38229,-13
3.8464,onset,20750,38229,-5
3.8467,onset,20750,38229,22
3.8471,onset,20750,38229,36
3.8474,onset,20750,38229,73
3.8477,onset,20750,38229,93
3.848,onset,20750,38229,65
3.8511,onset,20800,38229,-6
3.8515,onset,20800,38229,82
3.8518,onset,20800,38229,-21
3.8522,onset,20800,38229,-77
3.8527,onset,20800,38229,44
3.8529,onset,20800,38229,47
3.8534,onset,20800,38229,-46
3.8537,onset,20800,38229,-36
3.854,onset,20800,38229,31
3.8544,onset,20800,38229,-69
3.8547,onset,20800,38229,-52
3.8551,onset,20800,38229,0
3.8555,onset,20800,38229,73
3.856,onset,20800,38229,-28
3.8563,onset,20800,38229,15
3.8566,onset,20800,38229,-27
3.8599,onset,20850,38229,33
3.8603,onset,20850,38229,-50
3.8605,onset,20850,38229,0
3.8608,onset,20850,38229,6
3.8611,onset,20850,38229,-6
3.8614,onset,20850,38229,19
3.8618,onset,20850,38229,60
3.8621,onset,20850,38229,-4
3.8624,onset,20850,38229,-30
3.8627,onset,20850,38229,-12
3.863,onset,20850,38229,-27
3.8634,onset,20850,38229,34
3.8637,onset,20850,38229,-36
3.864,onset,20850,38229,16
3.8643,onset,20850,38229,-28
3.8647,onset,20850,38229,-63
3.8674,onset,20900,38229,-29
3.8678,onset,20900,38229,-47
3.8681,onset,20900,38229,-15
3.8684,onset,20900,38229,11
3.8687,onset,20900,38229,-2
3.8691,onset,20900,38229,19
3.8693,onset,20900,38229,7
3.8697,onset,20900,38229,5
3.87,onset,20900,38229,-60
3.8703,onset,20900,38229,-112
3.8707,onset,20900,38229,-43
3.871,onset,20900,38229,-88
3.8713,onset,20900,38229,-13
3.8716,onset,20900,38229,27
3.8719,onset,20900,38229,24
3.8722,onset,20900,38229,-24
3.8751,onset,20950,38229,-52
3.8755,onset,20950,38229,-6
3.8759,onset,20950,38229,28
3.8762,onset,20950,38229,-98
3.8765,onset,20950,38229,-16
3.8768,onset,20950,38229,-32
3.8771,onset,20950,38229,7
3.8774,onset,20950,38229,-63
3.8776,onset,20950,38229,7
3.8778,onset,20950,38229,99
3.8783,onset,20950,38229,17
3.8785,onset,20950,38229,-67
3.8787,onset,20950,38229,3
3.8789,onset,20950,38229,15
3.8791,onset,20950,38229,55
3.8792,onset,20950,38229,42
3.8818,onset,21000,38229,46
3.8821,onset,21000,38229,35
3.8825,onset,21000,38229,-37
3.8828,onset,21000,38229,-40
3.8831,onset,21000,38229,-21
3.8835,onset,21000,38229,15
3.8838,onset,21000,38229,41
3.8841,onset,21000,38229,65
3.8844,onset,21000,38229,94
3.8848,onset,21000,38229,42
3.8851,onset,21000,38229,13
3.8854,onset,21000,38229,-11
3.8858,onset,21000,38229,-33
3.8861,onset,21000,38229,-32
3.8864,onset,21000,38229,-21
3.8867,onset,21000,38229,9
3.8893,onset,21050,38229,-94
3.8896,onset,21050,38229,24
3.89,onset,21050,38229,14
3.8903,onset,21050,38229,-36
3.8906,onset,21050,38229,17
3.8909,onset,21050,38229,-55
3.8913,onset,21050,38229,-30
3.8917,onset,21050,38229,17
3.8921,onset,21050,38229,21
3.8924,onset,21050,38229,-60
3.8928,onset,21050,38229,-71
3.8931,onset,21050,38229,34
3.8935,onset,21050,38229,82
3.8938,onset,21050,38229,33
3.894,onset,21050,38229,66
3.8944,onset,21050,38229,-4
3.8969,onset,21100,38229,-46
3.8973,onset,21100,38229,65
3.8976,onset,21100,38229,41
3.898,onset,21100,38229,-28
3.8983,onset,21100,38229,-66
3.8986,onset,21100,38229,34
3.8989,onset,21100,38229,49
3.8993,onset,21100,38229,80
3.8996,onset,21100,38229,44
3.9,onset,21100,38229,-26
3.9002,onset,21100,38229,-47
3.9006,onset,21100,38229,-59
3.9009,onset,21100,38229,-19
3.9012,onset,21100,38229,-47
3.9015,onset,21100,38229,-4
3.9018,onset,21100,38229,0
3.9044,onset,21150,38229,0
3.9046,onset,21150,38229,-26
3.905,onset,21150,38229,13
3.9053,onset,21150,38229,-67
3.9057,onset,21150,38229,-100
3.906,onset,21150,38229,8
3.9063,onset,21150,38229,55
3.9066,onset,21150,38229,64
3.9069,onset,21150,38229,59
3.9073,onset,21150,38229,31
3.9076,onset,21150,38229,-18
3.9079,onset,21150,38229,-14
3.9082,onset,21150,38229,-84
3.9086,onset,21150,38229,53
3.9089,onset,21150,38229,60
3.9093,onset,21150,38229,41
3.9124,onset,21200,38229,94
3.9127,onset,21200,38229,68
3.9131,onset,21200,38229,97
3.9134,onset,21200,38229,-8
3.9137,onset,21200,38229,32
3.914,onset,21200,38229,-4
3.9143,onset,21200,38229,-77
3.9145,onset,21200,38229,-37
3.9149,onset,21200,38229,-57
3.9152,onset,21200,38229,-24
3.9155,onset,21200,38229,-83
3.9157,onset,21200,38229,-30
3.916,onset,21200,38229,-87
3.9163,onset,21200,38229,-84
3.9166,onset,21200,38229,-37
3.9168,onset,21200,38229,-20
3.9194,onset,21250,38229,-58
3.9197,onset,21250,38229,-28
3.9199,onset,21250,38229,-71
3.9202,onset,21250,38229,-10
3.9205,onset,21250,38229,-25
3.9208,onset,21250,38229,-95
3.9211,onset,21250,38229,-96
3.9214,onset,21250,38229,-57
3.9217,onset,21250,38229,-32
3.922,onset,21250,38229,-28
3.9224,onset,21250,38229,4
3.9227,onset,21250,38229,48
3.923,onset,21250,38229,7
3.9233,onset,21250,38229,39
3.9236,onset,21250,38229,34
3.9238,onset,21250,38229,48
3.9266,onset,21300,38229,-41
3.9268,onset,21300,38229,15
3.927,onset,21300,38229,68
3.9272,onset,21300,38229,-76
3.9274,onset,21300,38229,54
3.9276,onset,21300,38229,-9
3.9278,onset,21300,38229,23
3.928,onset,21300,38229,31
3.9281,onset,21300,38229,44
3.9284,onset,21300,38229,62
3.9286,onset,21300,38229,76
3.9287,onset,21300,38229,40
3.9289,onset,21300,38229,53
3.9291,onset,21300,38229,-46
3.9294,onset,21300,38229,-61
3.9295,onset,21300,38229,78
3.9321,onset,21350,38229,-9
3.9324,onset,21350,38229,-97
3.9326,onset,21350,38229,73
3.9327,onset,21350,38229,-112
3.9329,onset,21350,38229,56
3.9331,onset,21350,38229,-35
3.9334,onset,21350,38229,-21
3.9335,onset,21350,38229,-20
3.9337,onset,21350,38229,-36
3.9339,onset,21350,38229,-24
3.9341,onset,21350,38229,17
3.9343,onset,21350,38229,-87
3.9345,onset,21350,38229,-30
3.9346,onset,21350,38229,7
3.9349,onset,21350,38229,-66
3.935,onset,21350,38229,66
3.9377,onset,21400,38229,68
3.9379,onset,21400,38229,-15
3.9381,onset,21400,38229,38
3.9382,onset,21400,38229,-18
3.9385,onset,21400,38229,-7
3.9388,onset,21400,38229,-53
3.939,onset,21400,38229,33
3.9392,onset,21400,38229,52
3.9395,onset,21400,38229,-8
3.9397,onset,21400,38229,-79
3.94,onset,21400,38229,-65
3.9402,onset,21400,38229,-79
3.9407,onset,21400,38229,38
3.941,onset,21400,38229,-9
3.9413,onset,21400,38229,-15
3.9416,onset,21400,38229,-11
3.944,onset,21450,38229,-28
3.9442,onset,21450,38229,-2
3.9444,onset,21450,38229,44
3.9446,onset,21450,38229,0
3.9449,onset,21450,38229,10
3.9451,onset,21450,38229,-8
3.9454,onset,21450,38229,-11
3.9456,onset,21450,38229,-68
3.9459,onset,21450,38229,14
3.9461,onset,21450,38229,27
3.9463,onset,21450,38229,-17
3.9466,onset,21450,38229,-63
3.9468,onset,21450,38229,4
3.947,onset,21450,38229,4
3.9473,onset,21450,38229,-38
3.9475,onset,21450,38229,-86
3.95,onset,21500,38229,67
3.9503,onset,21500,38229,-18
3.9506,onset,21500,38229,-49
3.9508,onset,21500,38229,-76
3.9511,onset,21500,38229,15
3.9513,onset,21500,38229,13
3.9516,onset,21500,38229,68
3.9518,onset,21500,38229,-22
3.9521,onset,21500,38229,-24
3.9523,onset,21500,38229,-45
3.9526,onset,21500,38229,-101
3.9528,onset,21500,38229,17
3.953,onset,21500,38229,-18
3.9533,onset,21500,38229,-39
3.9535,onset,21500,38229,-104
3.9537,onset,21500,38229,-52
3.9565,onset,21550,38229,4
3.9568,onset,21550,38229,1
3.957,onset,21550,38229,23
3.9573,onset,21550,38229,-28
3.9576,onset,21550,38229,57
3.958,onset,21550,38229,6
3.9584,onset,21550,38229,-57
3.9588,onset,21550,38229,13
3.959,onset,21550,38229,50
3.9593,onset,21550,38229,51
3.9596,onset,21550,38229,3
3.96,onset,21550,38229,26
3.9602,onset,21550,38229,-94
3.9609,onset,21550,38229,83
3.9657,onset,21550,38229,37
3.9659,onset,21550,38229,14
3.9689,onset,21600,38229,49
3.9691,onset,21600,38229,48
3.9694,onset,21600,38229,26
3.9697,onset,21600,38229,-33
3.97,onset,21600,38229,-17
3.9702,onset,21600,38229,-31
3.9706,onset,21600,38229,-10
3.9708,onset,21600,38229,-44
3.9711,onset,21600,38229,-45
3.9714,onset,21600,38229,8
3.9717,onset,21600,38229,-35
3.972,onset,21600,38229,-66
3.9722,onset,21600,38229,-3
3.9725,onset,21600,38229,12
3.9729,onset,21600,38229,-10
3.9731,onset,21600,38229,19
3.976,onset,21650,38229,6
3.9764,onset,21650,38229,16
3.9767,onset,21650,38229,-22
3.977,onset,21650,38229,-75
3.9773,onset,21650,38229,-27
3.9776,onset,21650,38229,-86
3.9778,onset,21650,38229,12
3.9781,onset,21650,38229,13
3.9783,onset,21650,38229,5
3.9786,onset,21650,38229,31
3.9789,onset,21650,38229,27
3.9792,onset,21650,38229,36
3.9794,onset,21650,38229,0
3.9797,onset,21650,38229,-10
3.98,onset,21650,38229,-42
3.9803,onset,21650,38229,-15
3.983,onset,21700,38229,30
3.9833,onset,21700,38229,-4
3.9836,onset,21700,38229,9
3.9839,onset,21700,38229,-43
3.9842,onset,21700,38229,-30
3.9845,onset,21700,38229,-24
3.9848,onset,21700,38229,-9
3.9851,onset,21700,38229,-24
3.9853,onset,21700,38229,-51
3.9856,onset,21700,38229,-49
3.9859,onset,21700,38229,-95
3.9861,onset,21700,38229,-101
3.9865,onset,21700,38229,-87
3.9867,onset,21700,38229,-94
3.987,onset,21700,38229,-95
3.9873,onset,21700,38229,-121
3.9901,onset,21750,38229,30
3.9904,onset,21750,38229,17
3.991,onset,21750,38229,8
3.9915,onset,21750,38229,-37
3.9921,onset,21750,38229,-39
3.9926,onset,21750,38229,-52
3.993,onset,21750,38229,35
3.9934,onset,21750,38229,-25
3.9937,onset,21750,38229,-76
3.9939,onset,21750,38229,-16
3.9942,onset,21750,38229,-62
3.9946,onset,21750,38229,15
3.9949,onset,21750,38229,18
3.9952,onset,21750,38229,12
3.9955,onset,21750,38229,46
3.9958,onset,21750,38229,48
3.9986,onset,21800,38229,-27
3.9989,onset,21800,38229,-15
3.9992,onset,21800,38229,-24
3.9995,onset,21800,38229,-23
3.9997,onset,21800,38229,-10
4.0,onset,21800,38229,-77
4.0003,onset,21800,38229,-34
4.0006,onset,21800,38229,-37
4.0009,onset,21800,38229,22
4.0011,onset,21800,38229,1
4.0014,onset,21800,38229,-53
4.0017,onset,21800,38229,85
4.002,onset,21800,38229,63
4.0022,onset,21800,38229,78
4.0026,onset,21800,38229,69
4.0028,onset,21800,38229,52
4.0058,onset,21850,38229,50
4.0061,onset,21850,38229,42
4.0064,onset,21850,38229,57
4.0066,onset,21850,38229,15
4.007,onset,21850,38229,86
4.0074,onset,21850,38229,45
4.0078,onset,21850,38229,2
4.0081,onset,21850,38229,59
4.0084,onset,21850,38229,32
4.0087,onset,21850,38229,44
4.0091,onset,21850,38229,-49
4.0093,onset,21850,38229,39
4.0096,onset,21850,38229,-12
4.0098,onset,21850,38229,43
4.0101,onset,21850,38229,-33
4.0103,onset,21850,38229,-80
4.013,onset,21900,38229,-34
4.0133,onset,21900,38229,-7
4.0136,onset,21900,38229,-29
4.0138,onset,21900,38229,-88
4.0141,onset,21900,38229,11
4.0143,onset,21900,38229,24
4.0146,onset,21900,38229,16
4.0149,onset,21900,38229,-5
4.0152,onset,21900,38229,-2
4.0155,onset,21900,38229,38
4.0157,onset,21900,38229,61
4.016,onset,21900,38229,-66
4.0162,onset,21900,38229,-28
4.0165,onset,21900,38229,-21
4.0167,onset,21900,38229,-25
4.0171,onset,21900,38229,-99
4.0199,onset,21950,38229,32
4.0202,onset,21950,38229,63
4.0205,onset,21950,38229,8
4.0208,onset,21950,38229,31
4.0211,onset,21950,38229,-27
4.0214,onset,21950,38229,1
4.0217,onset,21950,38229,25
4.022,onset,21950,38229,32
4.0222,onset,21950,38229,18
4.0226,onset,21950,38229,2
4.0229,onset,21950,38229,60
4.0232,onset,21950,38229,-6
4.0235,onset,21950,38229,-49
4.0238,onset,21950,38229,1
4.0242,onset,21950,38229,7
4.0247,onset,21950,38229,50
4.0278,onset,22000,38229,65
4.0281,onset,22000,38229,16
4.0284,onset,22000,38229,48
4.0287,onset,22000,38229,7
4.029,onset,22000,38229,32
4.0292,onset,22000,38229,33
4.0295,onset,22000,38229,46
4.0298,onset,22000,38229,-32
4.0301,onset,22000,38229,-6
4.0304,onset,22000,38229,-19
4.0307,onset,22000,38229,-22
4.031,onset,22000,38229,49
4.0313,onset,22000,38229,-67
4.0316,onset,22000,38229,19
4.0319,onset,22000,38229,40
4.0322,onset,22000,38229,-49
4.0348,onset,22050,38229,10
4.0351,onset,22050,38229,-15
4.0354,onset,22050,38229,22
4.0357,onset,22050,38229,-10
4.036,onset,22050,38229,30
4.0364,onset,22050,38229,-21
4.0367,onset,22050,38229,-79
4.037,onset,22050,38229,-46
4.0373,onset,22050,38229,-36
4.0376,onset,22050,38229,-61
4.0379,onset,22050,38229,-32
4.0381,onset,22050,38229,-11
4.0384,onset,22050,38229,-68
4.0387,onset,22050,38229,-11
4.039,onset,22050,38229,4
4.0393,onset,22050,38229,-54
4.0423,onset,22100,38229,24
4.0429,onset,22100,38229,1
4.0433,onset,22100,38229,20
4.0437,onset,22100,38229,-101
4.0441,onset,22100,38229,-4
4.0445,onset,22100,38229,-81
4.0449,onset,22100,38229,59
4.0452,onset,22100,38229,-17
4.0455,onset,22100,38229,50
4.0458,onset,22100,38229,-39
4.0461,onset,22100,38229,33
4.0465,onset,22100,38229,-44
4.0468,onset,22100,38229,-65
4.0471,onset,22100,38229,-51
4.0474,onset,22100,38229,-76
4.0476,onset,22100,38229,-29
4.0504,onset,22150,38229,-28
4.0507,onset,22150,38229,11
4.051,onset,22150,38229,-20
4.0513,onset,22150,38229,55
4.0516,onset,22150,38229,46
4.0519,onset,22150,38229,-7
4.0522,onset,22150,38229,69
4.0525,onset,22150,38229,22
4.0528,onset,22150,38229,-4
4.0531,onset,22150,38229,79
4.0534,onset,22150,38229,-12
4.0537,onset,22150,38229,33
4.054,onset,22150,38229,48
4.0542,onset,22150,38229,-8
4.0545,onset,22150,38229,-21
4.0548,onset,22150,38229,82
4.0576,onset,22200,38229,30
4.0579,onset,22200,38229,-60
4.0587,onset,22200,38229,19
4.0593,onset,22200,38229,-13
4.0599,onset,22200,38229,54
4.0603,onset,22200,38229,39
4.0606,onset,22200,38229,58
4.0609,onset,22200,38229,5
4.0612,onset,22200,38229,-39
4.0615,onset,22200,38229,20
4.0618,onset,22200,38229,-18
4.0621,onset,22200,38229,-24
4.0624,onset,22200,38229,-21
4.0627,onset,22200,38229,-25
4.063,onset,22200,38229,-1
4.0633,onset,22200,38229,1
4.0662,onset,22250,38229,27
4.0665,onset,22250,38229,-53
4.0668,onset,22250,38229,-63
4.0671,onset,22250,38229,-60
4.0674,onset,22250,38229,-33
4.0677,onset,22250,38229,-40
4.068,onset,22250,38229,-6
4.0683,onset,22250,38229,-31
4.0686,onset,22250,38229,13
4.0689,onset,22250,38229,-18
4.0692,onset,22250,38229,-55
4.0695,onset,22250,38229,-61
4.0697,onset,22250,38229,-79
4.0701,onset,22250,38229,-47
4.0703,onset,22250,38229,-44
4.0706,onset,22250,38229,-91
4.0734,onset,22300,38229,-21
4.0737,onset,22300,38229,77
4.0741,onset,22300,38229,26
4.0745,onset,22300,38229,16
4.0751,onset,22300,38229,24
4.0757,onset,22300,38229,12
4.0761,onset,22300,38229,10
4.0764,onset,22300,38229,-23
4.0767,onset,22300,38229,-27
4.0769,onset,22300,38229,-5
4.0772,onset,22300,38229,-9
4.0775,onset,22300,38229,2
4.0778,onset,22300,38229,41
4.0781,onset,22300,38229,-15
4.0783,onset,22300,38229,-11
4.0786,onset,22300,38229,33
4.0815,onset,22350,38229,17
4.0818,onset,22350,38229,-9
4.0821,onset,22350,38229,-3
4.0824,onset,22350,38229,42
4.0827,onset,22350,38229,33
4.083,onset,22350,38229,-19
4.0834,onset,22350,38229,3
4.0836,onset,22350,38229,-5
4.084,onset,22350,38229,-37
4.0843,onset,22350,38229,-101
4.0846,onset,22350,38229,-30
4.0849,onset,22350,38229,-75
4.0851,onset,22350,38229,-81
4.0854,onset,22350,38229,-14
4.0857,onset,22350,38229,3
4.086,onset,22350,38229,3
4.0886,onset,22400,38229,8
4.0889,onset,22400,38229,21
4.0892,onset,22400,38229,22
4.0895,onset,22400,38229,-21
4.0898,onset,22400,38229,84
4.0901,onset,22400,38229,9
4.0904,onset,22400,38229,-59
4.0912,onset,22400,38229,11
4.0916,onset,22400,38229,-38
4.092,onset,22400,38229,7
4.0924,onset,22400,38229,-48
4.0928,onset,22400,38229,-47
4.0931,onset,22400,38229,51
4.0934,onset,22400,38229,30
4.0937,onset,22400,38229,-3
4.0939,onset,22400,38229,-55
4.0967,onset,22450,38229,21
4.097,onset,22450,38229,21
4.0973,onset,22450,38229,48
4.0976,onset,22450,38229,42
4.0979,onset,22450,38229,75
4.0982,onset,22450,38229,33
4.0985,onset,22450,38229,74
4.0988,onset,22450,38229,17
4.0991,onset,22450,38229,69
4.0994,onset,22450,38229,5
4.0996,onset,22450,38229,1
4.0999,onset,22450,38229,82
4.1002,onset,22450,38229,50
4.1005,onset,22450,38229,39
4.1008,onset,22450,38229,15
4.1011,onset,22450,38229,37
4.1036,onset,22500,38229,-93
4.1039,onset,22500,38229,-37
4.1042,onset,22500,38229,-108
4.1045,onset,22500,38229,-26
4.1048,onset,22500,38229,-74
4.1052,onset,22500,38229,-21
4.1054,onset,22500,38229,-10
4.1057,onset,22500,38229,-15
4.106,onset,22500,38229,-45
4.1063,onset,22500,38229,-13
4.1066,onset,22500,38229,-15
4.1069,onset,22500,38229,-58
4.1072,onset,22500,38229,-27
4.1076,onset,22500,38229,-17
4.108,onset,22500,38229,66
4.1084,onset,22500,38229,-18
4.1113,onset,22550,38229,8
4.1116,onset,22550,38229,43
4.1119,onset,22550,38229,42
4.1121,onset,22550,38229,-5
4.1124,onset,22550,38229,49
4.1127,onset,22550,38229,-16
4.113,onset,22550,38229,-4
4.1133,onset,22550,38229,-23
4.1136,onset,22550,38229,14
4.1138,onset,22550,38229,-27
4.1141,onset,22550,38229,-28
4.1144,onset,22550,38229,-95
4.1147,onset,22550,38229,-21
4.115,onset,22550,38229,-18
4.1153,onset,22550,38229,27
4.1156,onset,22550,38229,-58
4.1185,onset,22600,38229,60
4.1188,onset,22600,38229,-104
4.1191,onset,22600,38229,-32
4.1194,onset,22600,38229,-33
4.1198,onset,22600,38229,-4
4.1201,onset,22600,38229,24
4.1204,onset,22600,38229,50
4.1207,onset,22600,38229,-16
4.121,onset,22600,38229,-35
4.1213,onset,22600,38229,-72
4.1216,onset,22600,38229,-18
4.1219,onset,22600,38229,38
4.1222,onset,22600,38229,-54
4.1225,onset,22600,38229,59
4.1228,onset,22600,38229,-23
4.1231,onset,22600,38229,-19
4.1259,onset,22650,38229,-27
4.1262,onset,22650,38229,-7
4.1265,onset,22650,38229,3
4.1267,onset,22650,38229,-22
4.127,onset,22650,38229,41
4.1272,onset,22650,38229,21
4.1275,onset,22650,38229,0
4.1277,onset,22650,38229,36
4.128,onset,22650,38229,31
4.1283,onset,22650,38229,16
4.1286,onset,22650,38229,3
4.1288,onset,22650,38229,-14
4.1291,onset,22650,38229,-51
4.1294,onset,22650,38229,-73
4.1297,onset,22650,38229,-18
4.13,onset,22650,38229,-13
4.133,onset,22700,38229,32
4.1333,onset,22700,38229,2
4.1336,onset,22700,38229,12
4.1339,onset,22700,38229,31
4.1342,onset,22700,38229,-6
4.1345,onset,22700,38229,29
4.1348,onset,22700,38229,69
4.1351,onset,22700,38229,37
4.1354,onset,22700,38229,71
4.1357,onset,22700,38229,54
4.136,onset,22700,38229,65
4.1363,onset,22700,38229,3
4.1366,onset,22700,38229,40
4.1369,onset,22700,38229,55
4.1372,onset,22700,38229,-42
4.1375,onset,22700,38229,14
4.14,onset,22750,38229,-67
4.1402,onset,22750,38229,-92
4.1406,onset,22750,38229,-74
4.1414,onset,22750,38229,-55
4.1419,onset,22750,38229,60
4.1429,onset,22750,38229,1
4.1435,onset,22750,38229,-6
4.144,onset,22750,38229,-6
4.1446,onset,22750,38229,-7
4.145,onset,22750,38229,-75
4.1453,onset,22750,38229,16
4.1457,onset,22750,38229,3
4.146,onset,22750,38229,13
4.1463,onset,22750,38229,-74
4.1466,onset,22750,38229,9
4.1468,onset,22750,38229,82
4.1495,onset,22800,38229,53
4.1499,onset,22800,38229,18
4.1503,onset,22800,38229,-51
4.1506,onset,22800,38229,-21
4.1509,onset,22800,38229,67
4.1512,onset,22800,38229,1
4.1515,onset,22800,38229,38
4.1519,onset,22800,38229,1
4.1522,onset,22800,38229,-33
4.1526,onset,22800,38229,-22
4.1529,onset,22800,38229,49
4.1532,onset,22800,38229,13
4.1535,onset,22800,38229,-23
4.1538,onset,22800,38229,36
4.1541,onset,22800,38229,-17
4.1545,onset,22800,38229,-27
4.1577,onset,22850,38229,-55
4.158,onset,22850,38229,-10
4.1584,onset,22850,38229,41
4.1589,onset,22850,38229,-42
4.1593,onset,22850,38229,74
4.1597,onset,22850,38229,47
4.1601,onset,22850,38229,43
4.1604,onset,22850,38229,59
4.1608,onset,22850,38229,51
4.1611,onset,22850,38229,-13
4.1617,onset,22850,38229,-12
4.1621,onset,22850,38229,63
4.1627,onset,22850,38229,-40
4.1631,onset,22850,38229,-19
4.1634,onset,22850,38229,-4
4.1637,onset,22850,38229,21
4.1667,onset,22900,38229,18
4.167,onset,22900,38229,-34
4.1673,onset,22900,38229,-18
4.1676,onset,22900,38229,-47
4.168,onset,22900,38229,0
4.1683,onset,22900,38229,-48
4.1686,onset,22900,38229,-69
4.1688,onset,22900,38229,-30
4.1692,onset,22900,38229,-25
4.1695,onset,22900,38229,-118
4.1698,onset,22900,38229,-31
4.1701,onset,22900,38229,-67
4.1703,onset,22900,38229,-55
4.1706,onset,22900,38229,-45
4.1709,onset,22900,38229,-35
4.1712,onset,22900,38229,-32
4.1749,onset,22950,38229,50
4.1754,onset,22950,38229,39
4.176,onset,22950,38229,15
4.1765,onset,22950,38229,-41
4.1773,onset,22950,38229,50
4.1778,onset,22950,38229,0
4.1782,onset,22950,38229,-9
4.1785,onset,22950,38229,-48
4.1788,onset,22950,38229,-69
4.1791,onset,22950,38229,-79
4.1794,onset,22950,38229,-64
4.1797,onset,22950,38229,-30
4.18,onset,22950,38229,10
4.1803,onset,22950,38229,-24
4.1806,onset,22950,38229,6
4.1809,onset,22950,38229,56
4.1836,onset,23000,38229,-5
4.1839,onset,23000,38229,-32
4.1842,onset,23000,38229,62
4.1845,onset,23000,38229,-13
4.1848,onset,23000,38229,51
4.1852,onset,23000,38229,36
4.1855,onset,23000,38229,67
4.1892,onset,23000,38229,11
4.1895,onset,23000,38229,-76
4.1898,onset,23000,38229,-25
4.1901,onset,23000,38229,-42
4.1905,onset,23000,38229,0
4.1909,onset,23000,38229,46
4.1913,onset,23000,38229,-92
4.1917,onset,23000,38229,35
4.1925,onset,23000,38229,-43
4.1952,onset,23050,38229,75
4.1954,onset,23050,38229,50
4.1957,onset,23050,38229,73
4.196,onset,23050,38229,60
4.1964,onset,23050,38229,43
4.1967,onset,23050,38229,21
4.1969,onset,23050,38229,17
4.1973,onset,23050,38229,-45
4.1976,onset,23050,38229,18
4.1979,onset,23050,38229,-34
4.1982,onset,23050,38229,-71
4.1985,onset,23050,38229,-24
4.1988,onset,23050,38229,-11
4.1991,onset,23050,38229,-20
4.1993,onset,23050,38229,-52
4.1996,onset,23050,38229,-12
4.2025,onset,23100,38229,47
4.2028,onset,23100,38229,41
4.2031,onset,23100,38229,6
4.2034,onset,23100,38229,-15
4.2037,onset,23100,38229,-12
4.204,onset,23100,38229,-9
4.2043,onset,23100,38229,-118
4.2046,onset,23100,38229,-25
4.2049,onset,23100,38229,-32
4.2052,onset,23100,38229,-30
4.2056,onset,23100,38229,-41
4.2059,onset,23100,38229,7
4.2062,onset,23100,38229,-3
4.2067,onset,23100,38229,-17
4.2075,onset,23100,38229,-21
4.2082,onset,23100,38229,58
4.2113,onset,23150,38229,-5
4.2116,onset,23150,38229,36
4.2119,onset,23150,38229,54
4.2123,onset,23150,38229,26
4.2126,onset,23150,38229,-10
4.2129,onset,23150,38229,43
4.2132,onset,23150,38229,-55
4.2135,onset,23150,38229,-71
4.2138,onset,23150,38229,-15
4.2141,onset,23150,38229,-37
4.2144,onset,23150,38229,-28
4.2147,onset,23150,38229,-91
4.215,onset,23150,38229,-98
4.2152,onset,23150,38229,-61
4.2156,onset,23150,38229,-38
4.2158,onset,23150,38229,-20
4.2186,onset,23200,38229,-13
4.2189,onset,23200,38229,46
4.2193,onset,23200,38229,3
4.2196,onset,23200,38229,67
4.2198,onset,23200,38229,51
4.2201,onset,23200,38229,38
4.2204,onset,23200,38229,-3
4.2206,onset,23200,38229,-9
4.2209,onset,23200,38229,0
4.2213,onset,23200,38229,42
4.2216,onset,23200,38229,61
4.2218,onset,23200,38229,38
4.2221,onset,23200,38229,41
4.2224,onset,23200,38229,14
4.2227,onset,23200,38229,1
4.223,onset,23200,38229,-13
4.226,onset,23250,38229,33
4.2267,onset,23250,38229,-10
4.227,onset,23250,38229,-47
4.2274,onset,23250,38229,55
4.2277,onset,23250,38229,60
4.2281,onset,23250,38229,-32
4.2284,onset,23250,38229,18
4.2287,onset,23250,38229,-6
4.229,onset,23250,38229,3
4.2292,onset,23250,38229,10
4.2295,onset,23250,38229,14
4.2298,onset,23250,38229,-72
4.2301,onset,23250,38229,-33
4.2304,onset,23250,38229,9
4.2307,onset,23250,38229,-62
4.231,onset,23250,38229,-24
4.234,onset,23300,38229,-6
4.2343,onset,23300,38229,3
4.2346,onset,23300,38229,55
4.2349,onset,23300,38229,-12
4.2352,onset,23300,38229,38
4.2355,onset,23300,38229,36
4.2358,onset,23300,38229,66
4.2361,onset,23300,38229,-11
4.2364,onset,23300,38229,55
4.2367,onset,23300,38229,-11
4.237,onset,23300,38229,44
4.2373,onset,23300,38229,-16
4.2376,onset,23300,38229,18
4.2379,onset,23300,38229,53
4.2382,onset,23300,38229,23
4.2385,onset,23300,38229,26
4.2417,onset,23350,38229,-70
4.2423,onset,23350,38229,-53
4.2428,onset,23350,38229,-69
4.2435,onset,23350,38229,14
4.244,onset,23350,38229,-23
4.2443,onset,23350,38229,-36
4.2447,onset,23350,38229,-42
4.2449,onset,23350,38229,7
4.2453,onset,23350,38229,-6
4.2456,onset,23350,38229,87
4.2459,onset,23350,38229,50
4.2463,onset,23350,38229,26
4.2466,onset,23350,38229,-58
4.2468,onset,23350,38229,-41
4.2471,onset,23350,38229,-14
4.2474,onset,23350,38229,-9
4.2501,onset,23400,38229,-8
4.2504,onset,23400,38229,49
4.2507,onset,23400,38229,-106
4.251,onset,23400,38229,-78
4.2513,onset,23400,38229,-49
4.2516,onset,23400,38229,-43
4.2519,onset,23400,38229,-69
4.2522,onset,23400,38229,-84
4.2525,onset,23400,38229,-20
4.2528,onset,23400,38229,-74
4.2531,onset,23400,38229,-21
4.2534,onset,23400,38229,9
4.2538,onset,23400,38229,-15
4.2541,onset,23400,38229,-17
4.2544,onset,23400,38229,42
4.2547,onset,23400,38229,54
4.2576,onset,23450,38229,23
4.2581,onset,23450,38229,-66
4.2586,onset,23450,38229,9
4.2592,onset,23450,38229,-57
4.2597,onset,23450,38229,19
4.2602,onset,23450,38229,41
4.2607,onset,23450,38229,-60
4.2611,onset,23450,38229,-30
4.2614,onset,23450,38229,-76
4.2618,onset,23450,38229,11
4.2621,onset,23450,38229,6
4.2625,onset,23450,38229,53
4.2628,onset,23450,38229,25
4.2631,onset,23450,38229,50
4.2634,onset,23450,38229,-17
4.2638,onset,23450,38229,-16
4.2665,onset,23500,38229,18
4.2669,onset,23500,38229,56
4.2672,onset,23500,38229,10
4.2676,onset,23500,38229,-56
4.2679,onset,23500,38229,5
4.2682,onset,23500,38229,47
4.2686,onset,23500,38229,35
4.2688,onset,23500,38229,20
4.2691,onset,23500,38229,54
4.2694,onset,23500,38229,65
4.2697,onset,23500,38229,17
4.27,onset,23500,38229,47
4.2703,onset,23500,38229,29
4.2706,onset,23500,38229,2
4.2709,onset,23500,38229,15
4.2712,onset,23500,38229,62
4.2742,onset,23550,38229,88
4.2746,onset,23550,38229,-3
4.2751,onset,23550,38229,-14
4.2756,onset,23550,38229,14
4.2761,onset,23550,38229,-4
4.2765,onset,23550,38229,41
4.2768,onset,23550,38229,-84
4.2771,onset,23550,38229,-75
4.2774,onset,23550,38229,15
4.2777,onset,23550,38229,-10
4.278,onset,23550,38229,-82
4.2783,onset,23550,38229,-40
4.2786,onset,23550,38229,-12
4.2789,onset,23550,38229,-55
4.2792,onset,23550,38229,-10
4.2795,onset,23550,38229,-71
4.2824,onset,23600,38229,14
4.2827,onset,23600,38229,-46
4.2831,onset,23600,38229,-61
4.2834,onset,23600,38229,4
4.2837,onset,23600,38229,28
4.2841,onset,23600,38229,29
4.2843,onset,23600,38229,78
4.2847,onset,23600,38229,50
4.285,onset,23600,38229,-22
4.2853,onset,23600,38229,-89
4.2856,onset,23600,38229,0
4.2859,onset,23600,38229,-37
4.2862,onset,23600,38229,-33
4.2865,onset,23600,38229,-28
4.2868,onset,23600,38229,-54
4.2871,onset,23600,38229,-39
4.2901,onset,23650,38229,-15
4.2905,onset,23650,38229,31
4.2913,onset,23650,38229,-61
4.2925,onset,23650,38229,15
4.2931,onset,23650,38229,-71
4.2936,onset,23650,38229,-40
4.294,onset,23650,38229,-27
4.2945,onset,23650,38229,-11
4.2948,onset,23650,38229,46
4.2951,onset,23650,38229,91
4.2954,onset,23650,38229,86
4.2957,onset,23650,38229,88
4.296,onset,23650,38229,36
4.2963,onset,23650,38229,-46
4.2966,onset,23650,38229,23
4.2969,onset,23650,38229,60
4.2998,onset,23700,38229,49
4.3002,onset,23700,38229,-97
4.3005,onset,23700,38229,-62
4.3008,onset,23700,38229,-13
4.3012,onset,23700,38229,32
4.3014,onset,23700,38229,18
4.3018,onset,23700,38229,34
4.3021,onset,23700,38229,-41
4.3024,onset,23700,38229,-96
4.3028,onset,23700,38229,-105
4.303,onset,23700,38229,-28
4.3033,onset,23700,38229,-41
4.3036,onset,23700,38229,-40
4.3039,onset,23700,38229,-107
4.3042,onset,23700,38229,-65
4.3045,onset,23700,38229,-15
4.3076,onset,23750,38229,33
4.308,onset,23750,38229,56
4.3084,onset,23750,38229,9
4.3089,onset,23750,38229,74
4.3093,onset,23750,38229,-1
4.3097,onset,23750,38229,39
4.3101,onset,23750,38229,-47
4.3105,onset,23750,38229,58
4.3108,onset,23750,38229,-43
4.3112,onset,23750,38229,-4
4.3115,onset,23750,38229,-7
4.312,onset,23750,38229,22
4.3124,onset,23750,38229,55
4.3127,onset,23750,38229,19
4.3132,onset,23750,38229,50
4.3136,onset,23750,38229,35
4.3164,onset,23800,38229,17
4.3167,onset,23800,38229,44
4.3171,onset,23800,38229,2
4.3174,onset,23800,38229,-28
4.3177,onset,23800,38229,-47
4.318,onset,23800,38229,27
4.3183,onset,23800,38229,-41
4.3186,onset,23800,38229,2
4.3189,onset,23800,38229,-76
4.3192,onset,23800,38229,-12
4.3195,onset,23800,38229,-50
4.3198,onset,23800,38229,-32
4.3201,onset,23800,38229,-82
4.3204,onset,23800,38229,-62
4.3207,onset,23800,38229,-52
4.321,onset,23800,38229,-44
4.3237,onset,23850,38229,-51
4.324,onset,23850,38229,-74
4.3246,onset,23850,38229,28
4.3251,onset,23850,38229,-40
4.3257,onset,23850,38229,4
4.3263,onset,23850,38229,2
4.3267,onset,23850,38229,11
4.3272,onset,23850,38229,13
4.3276,onset,23850,38229,-38
4.328,onset,23850,38229,88
4.3283,onset,23850,38229,-2
4.3286,onset,23850,38229,-71
4.3289,onset,23850,38229,23
4.3292,onset,23850,38229,-74
4.3295,onset,23850,38229,-38
4.3298,onset,23850,38229,-5
4.3325,onset,23900,38229,-29
4.3328,onset,23900,38229,-98
4.3331,onset,23900,38229,-25
4.3335,onset,23900,38229,-53
4.3338,onset,23900,38229,-4
4.3341,onset,23900,38229,38
4.3345,onset,23900,38229,1
4.3348,onset,23900,38229,-41
4.3351,onset,23900,38229,11
4.3355,onset,23900,38229,-47
4.3358,onset,23900,38229,69
4.3361,onset,23900,38229,24
4.3364,onset,23900,38229,76
4.3368,onset,23900,38229,25
4.3371,onset,23900,38229,-68
4.3374,onset,23900,38229,-14
4.3402,onset,23950,38229,-18
4.3405,onset,23950,38229,4
4.3409,onset,23950,38229,83
4.3413,onset,23950,38229,76
4.3418,onset,23950,38229,24
4.3422,onset,23950,38229,59
4.3427,onset,23950,38229,-99
4.3432,onset,23950,38229,37
4.3438,onset,23950,38229,-50
4.3442,onset,23950,38229,64
4.3445,onset,23950,38229,3
4.3448,onset,23950,38229,44
4.3451,onset,23950,38229,30
4.3455,onset,23950,38229,-4
4.3458,onset,23950,38229,-78
4.3461,onset,23950,38229,-34
4.3487,onset,24000,38229,-78
4.3491,onset,24000,38229,-43
4.3494,onset,24000,38229,11
4.3497,onset,24000,38229,38
4.3501,onset,24000,38229,18
4.3504,onset,24000,38229,-10
4.3507,onset,24000,38229,-52
4.3511,onset,24000,38229,-25
4.3514,onset,24000,38229,4
4.3518,onset,24000,38229,31
4.3521,onset,24000,38229,1
4.3524,onset,24000,38229,-13
4.3527,onset,24000,38229,29
4.353,onset,24000,38229,34
4.3534,onset,24000,38229,-92
4.3537,onset,24000,38229,-117
4.3563,onset,24050,38229,-20
4.3566,onset,24050,38229,-21
4.3569,onset,24050,38229,-53
4.3576,onset,24050,38229,-12
4.3582,onset,24050,38229,-34
4.3589,onset,24050,38229,-1
4.3594,onset,24050,38229,23
4.3599,onset,24050,38229,37
4.3603,onset,24050,38229,0
4.3607,onset,24050,38229,39
4.3609,onset,24050,38229,98
4.3613,onset,24050,38229,28
4.3616,onset,24050,38229,-66
4.3619,onset,24050,38229,-77
4.3622,onset,24050,38229,4
4.3625,onset,24050,38229,7
4.3655,onset,24100,38229,50
4.3659,onset,24100,38229,40
4.3663,onset,24100,38229,-39
4.3666,onset,24100,38229,-19
4.367,onset,24100,38229,-36
4.3673,onset,24100,38229,18
4.3676,onset,24100,38229,12
4.3679,onset,24100,38229,80
4.3682,onset,24100,38229,27
4.3685,onset,24100,38229,76
4.3689,onset,24100,38229,-58
4.3692,onset,24100,38229,-95
4.3695,onset,24100,38229,-64
4.3698,onset,24100,38229,-24
4.3701,onset,24100,38229,-4
4.3705,onset,24100,38229,2
4.3735,onset,24150,38229,-81
4.3739,onset,24150,38229,-52
4.3744,onset,24150,38229,21
4.3749,onset,24150,38229,17
4.3753,onset,24150,38229,-13
4.3762,onset,24150,38229,-45
4.3767,onset,24150,38229,-56
4.3771,onset,24150,38229,85
4.3776,onset,24150,38229,10
4.378,onset,24150,38229,3
4.3784,onset,24150,38229,-26
4.3787,onset,24150,38229,111
4.379,onset,24150,38229,20
4.3794,onset,24150,38229,12
4.3798,onset,24150,38229,-44
4.3801,onset,24150,38229,41
4.3827,onset,24200,38229,-66
4.383,onset,24200,38229,-6
4.3833,onset,24200,38229,11
4.3836,onset,24200,38229,-16
4.3839,onset,24200,38229,39
4.3843,onset,24200,38229,61
4.3846,onset,24200,38229,50
4.3849,onset,24200,38229,12
4.3852,onset,24200,38229,-32
4.3856,onset,24200,38229,-63
4.3859,onset,24200,38229,-26
4.3862,onset,24200,38229,-49
4.3865,onset,24200,38229,6
4.3868,onset,24200,38229,25
4.3872,onset,24200,38229,40
4.3875,onset,24200,38229,20
4.3904,onset,24250,38229,-15
4.391,onset,24250,38229,53
4.3917,onset,24250,38229,-18
4.3923,onset,24250,38229,-7
4.3928,onset,24250,38229,-59
4.3933,onset,24250,38229,46
4.3938,onset,24250,38229,1
4.3941,onset,24250,38229,-24
4.3945,onset,24250,38229,-7
4.3948,onset,24250,38229,-35
4.3951,onset,24250,38229,-8
4.3953,onset,24250,38229,-11
4.3956,onset,24250,38229,-7
4.3959,onset,24250,38229,-56
4.3962,onset,24250,38229,-14
4.3966,onset,24250,38229,-45
4.3996,onset,24300,38229,38
4.3999,onset,24300,38229,45
4.4003,onset,24300,38229,-46
4.4007,onset,24300,38229,44
4.4011,onset,24300,38229,-69
4.4015,onset,24300,38229,8
4.4018,onset,24300,38229,-22
4.4021,onset,24300,38229,-14
4.4024,onset,24300,38229,36
4.4027,onset,24300,38229,11
4.4031,onset,24300,38229,7
4.4034,onset,24300,38229,-54
4.4037,onset,24300,38229,-98
4.4041,onset,24300,38229,-12
4.4044,onset,24300,38229,15
4.4047,onset,24300,38229,66
4.4077,onset,24350,38229,-16
4.4082,onset,24350,38229,-22
4.4089,onset,24350,38229,-71
4.4094,onset,24350,38229,11
4.4099,onset,24350,38229,40
4.4103,onset,24350,38229,-29
4.4107,onset,24350,38229,52
4.411,onset,24350,38229,-6
4.4113,onset,24350,38229,-17
4.4116,onset,24350,38229,29
4.4119,onset,24350,38229,48
4.4122,onset,24350,38229,23
4.4125,onset,24350,38229,37
4.4128,onset,24350,38229,-67
4.4132,onset,24350,38229,-96
4.4134,onset,24350,38229,12
4.4161,onset,24400,38229,-1
4.4165,onset,24400,38229,-17
4.4168,onset,24400,38229,3
4.4172,onset,24400,38229,52
4.4175,onset,24400,38229,-13
4.4179,onset,24400,38229,-20
4.4182,onset,24400,38229,-62
4.4186,onset,24400,38229,-16
4.4188,onset,24400,38229,27
4.4192,onset,24400,38229,-18
4.4196,onset,24400,38229,22
4.4199,onset,24400,38229,-35
4.4203,onset,24400,38229,-43
4.4206,onset,24400,38229,-1
4.421,onset,24400,38229,21
4.4213,onset,24400,38229,-50
4.4242,onset,24450,38229,-3
4.4247,onset,24450,38229,-21
4.4253,onset,24450,38229,5
4.4258,onset,24450,38229,-12
4.4264,onset,24450,38229,-52
4.4269,onset,24450,38229,-85
4.4274,onset,24450,38229,-33
4.4278,onset,24450,38229,84
4.4281,onset,24450,38229,-25
4.4285,onset,24450,38229,-47
4.4288,onset,24450,38229,5
4.4292,onset,24450,38229,61
4.4295,onset,24450,38229,45
4.4298,onset,24450,38229,6
4.4302,onset,24450,38229,-74
4.4305,onset,24450,38229,-46
4.4335,onset,24500,38229,-23
4.4339,onset,24500,38229,0
4.4342,onset,24500,38229,-9
4.4346,onset,24500,38229,-23
4.4349,onset,24500,38229,35
4.4353,onset,24500,38229,31
4.4356,onset,24500,38229,-15
4.436,onset,24500,38229,1
4.4363,onset,24500,38229,-68
4.4366,onset,24500,38229,-3
4.4369,onset,24500,38229,-66
4.4372,onset,24500,38229,4
4.4376,onset,24500,38229,48
4.4379,onset,24500,38229,7
4.4382,onset,24500,38229,62
4.4385,onset,24500,38229,0
4.4418,onset,24550,38229,47
4.4423,onset,24550,38229,109
4.4431,onset,24550,38229,78
4.4436,onset,24550,38229,-40
4.444,onset,24550,38229,-27
4.4443,onset,24550,38229,-7
4.4446,onset,24550,38229,31
4.445,onset,24550,38229,49
4.4453,onset,24550,38229,63
4.4456,onset,24550,38229,-10
4.4459,onset,24550,38229,48
4.4462,onset,24550,38229,-45
4.4465,onset,24550,38229,39
4.4469,onset,24550,38229,-80
4.4472,onset,24550,38229,-69
4.4475,onset,24550,38229,2
4.4505,onset,24600,38229,-11
4.4508,onset,24600,38229,10
4.4512,onset,24600,38229,6
4.4515,onset,24600,38229,4
4.4518,onset,24600,38229,-3
4.4522,onset,24600,38229,6
4.4526,onset,24600,38229,70
4.4529,onset,24600,38229,-69
4.4532,onset,24600,38229,-78
4.4536,onset,24600,38229,-33
4.4539,onset,24600,38229,-14
4.4543,onset,24600,38229,-16
4.4546,onset,24600,38229,-21
4.4549,onset,24600,38229,-43
4.4552,onset,24600,38229,-4
4.4557,onset,24600,38229,44
4.4594,onset,24650,38229,34
4.46,onset,24650,38229,-40
4.4605,onset,24650,38229,4
4.4609,onset,24650,38229,-26
4.4612,onset,24650,38229,-1
4.4616,onset,24650,38229,106
4.4619,onset,24650,38229,73
4.4622,onset,24650,38229,103
4.4625,onset,24650,38229,36
4.4628,onset,24650,38229,76
4.4631,onset,24650,38229,19
4.4634,onset,24650,38229,81
4.4637,onset,24650,38229,0
4.464,onset,24650,38229,43
4.4643,onset,24650,38229,0
4.4646,onset,24650,38229,-39
4.4674,onset,24700,38229,-53
4.4677,onset,24700,38229,47
4.468,onset,24700,38229,12
4.4684,onset,24700,38229,33
4.4687,onset,24700,38229,1
4.4691,onset,24700,38229,-90
4.4694,onset,24700,38229,-2
4.4697,onset,24700,38229,-35
4.47,onset,24700,38229,-25
4.4703,onset,24700,38229,-12
4.4707,onset,24700,38229,27
4.471,onset,24700,38229,72
4.4713,onset,24700,38229,57
4.4716,onset,24700,38229,-41
4.4719,onset,24700,38229,50
4.4722,onset,24700,38229,-15
4.4757,onset,24750,38229,-38
4.4762,onset,24750,38229,-16
4.4767,onset,24750,38229,-30
4.4771,onset,24750,38229,-13
4.4774,onset,24750,38229,-20
4.4777,onset,24750,38229,-15
4.478,onset,24750,38229,-57
4.4783,onset,24750,38229,-6
4.4786,onset,24750,38229,0
4.4789,onset,24750,38229,-10
4.4792,onset,24750,38229,-36
4.4795,onset,24750,38229,41
4.4798,onset,24750,38229,3
4.4801,onset,24750,38229,56
4.4804,onset,24750,38229,64
4.4807,onset,24750,38229,-10
4.4833,onset,24800,38229,-1
4.4837,onset,24800,38229,43
4.484,onset,24800,38229,16
4.4844,onset,24800,38229,-1
4.4847,onset,24800,38229,-40
4.485,onset,24800,38229,-28
4.4853,onset,24800,38229,-41
4.4858,onset,24800,38229,15
4.4861,onset,24800,38229,-44
4.4864,onset,24800,38229,-82
4.4867,onset,24800,38229,-52
4.487,onset,24800,38229,-41
4.4874,onset,24800,38229,3
4.4877,onset,24800,38229,-4
4.4879,onset,24800,38229,-5
4.4883,onset,24800,38229,-7
4.4913,onset,24850,38229,73
4.4917,onset,24850,38229,-82
4.4923,onset,24850,38229,80
4.4928,onset,24850,38229,-35
4.4933,onset,24850,38229,30
4.4938,onset,24850,38229,-22
4.4943,onset,24850,38229,-35
4.4949,onset,24850,38229,-34
4.4952,onset,24850,38229,-31
4.4956,onset,24850,38229,-13
4.4959,onset,24850,38229,-73
4.4962,onset,24850,38229,10
4.4966,onset,24850,38229,12
4.497,onset,24850,38229,-41
4.4973,onset,24850,38229,-29
4.4977,onset,24850,38229,39
4.5005,onset,24900,38229,-4
4.5008,onset,24900,38229,-90
4.5012,onset,24900,38229,-5
4.5016,onset,24900,38229,21
4.5019,onset,24900,38229,-29
4.5022,onset,24900,38229,-81
4.5025,onset,24900,38229,-11
4.5028,onset,24900,38229,-108
4.5032,onset,24900,38229,-61
4.5036,onset,24900,38229,13
4.5039,onset,24900,38229,-42
4.5042,onset,24900,38229,-33
4.5046,onset,24900,38229,-67
4.5049,onset,24900,38229,-46
4.5052,onset,24900,38229,35
4.5055,onset,24900,38229,2
4.5084,onset,24950,38229,-33
4.509,onset,24950,38229,39
4.5094,onset,24950,38229,52
4.5098,onset,24950,38229,-26
4.5102,onset,24950,38229,86
4.5107,onset,24950,38229,-34
4.5111,onset,24950,38229,55
4.5115,onset,24950,38229,-18
4.512,onset,24950,38229,11
4.5124,onset,24950,38229,-1
4.5127,onset,24950,38229,30
4.5131,onset,24950,38229,-63
4.5134,onset,24950,38229,-12
4.5138,onset,24950,38229,44
4.5141,onset,24950,38229,37
4.5143,onset,24950,38229,22
4.5171,onset,25000,38229,20
4.5174,onset,25000,38229,33
4.5176,onset,25000,38229,35
4.518,onset,25000,38229,34
4.5183,onset,25000,38229,-18
4.5186,onset,25000,38229,6
4.5189,onset,25000,38229,44
4.5192,onset,25000,38229,21
4.5195,onset,25000,38229,-46
4.5198,onset,25000,38229,-86
4.5201,onset,25000,38229,-44
4.5204,onset,25000,38229,-51
4.5207,onset,25000,38229,-104
4.521,onset,25000,38229,-54
4.5213,onset,25000,38229,-18
4.5216,onset,25000,38229,-74
4.5244,onset,25050,38229,-6
4.5249,onset,25050,38229,-4
4.5257,onset,25050,38229,43
4.5264,onset,25050,38229,79
4.527,onset,25050,38229,-37
4.5274,onset,25050,38229,52
4.5279,onset,25050,38229,27
4.5283,onset,25050,38229,73
4.5286,onset,25050,38229,55
4.529,onset,25050,38229,44
4.5293,onset,25050,38229,-15
4.5296,onset,25050,38229,16
4.5299,onset,25050,38229,31
4.5302,onset,25050,38229,7
4.5306,onset,25050,38229,62
4.5309,onset,25050,38229,68
4.5338,onset,25100,38229,-24
4.5341,onset,25100,38229,33
4.5345,onset,25100,38229,8
4.5348,onset,25100,38229,-38
4.5351,onset,25100,38229,0
4.5354,onset,25100,38229,-42
4.5357,onset,25100,38229,-35
4.5361,onset,25100,38229,-9
4.5364,onset,25100,38229,-8
4.5367,onset,25100,38229,-24
4.5371,onset,25100,38229,-81
4.5374,onset,25100,38229,-55
4.5377,onset,25100,38229,-54
4.538,onset,25100,38229,-33
4.5383,onset,25100,38229,-39
4.5386,onset,25100,38229,11
4.542,onset,25150,38229,25
4.5424,onset,25150,38229,9
4.543,onset,25150,38229,-13
4.5435,onset,25150,38229,-18
4.5441,onset,25150,38229,-13
4.5445,onset,25150,38229,25
4.5448,onset,25150,38229,-9
4.5451,onset,25150,38229,-69
4.5454,onset,25150,38229,-23
4.5457,onset,25150,38229,-71
4.5461,onset,25150,38229,-10
4.5464,onset,25150,38229,-7
4.5467,onset,25150,38229,89
4.547,onset,25150,38229,19
4.5473,onset,25150,38229,-2
4.5476,onset,25150,38229,19
4.5503,onset,25200,38229,84
4.5506,onset,25200,38229,-20
4.5509,onset,25200,38229,-26
4.5512,onset,25200,38229,-67
4.5516,onset,25200,38229,-8
4.5518,onset,25200,38229,-90
4.5521,onset,25200,38229,-28
4.5525,onset,25200,38229,-40
4.5528,onset,25200,38229,-78
4.5531,onset,25200,38229,-20
4.5534,onset,25200,38229,19
4.5537,onset,25200,38229,-11
4.554,onset,25200,38229,14
4.5543,onset,25200,38229,60
4.5546,onset,25200,38229,0
4.5549,onset,25200,38229,-34
4.5581,onset,25250,38229,-42
4.5589,onset,25250,38229,10
4.5595,onset,25250,38229,-119
4.5599,onset,25250,38229,-5
4.5603,onset,25250,38229,-45
4.5607,onset,25250,38229,84
4.5611,onset,25250,38229,6
4.5614,onset,25250,38229,68
4.5617,onset,25250,38229,63
4.562,onset,25250,38229,37
4.5623,onset,25250,38229,39
4.5626,onset,25250,38229,29
4.5628,onset,25250,38229,10
4.5631,onset,25250,38229,2
4.5634,onset,25250,38229,26
4.5637,onset,25250,38229,16
4.5663,onset,25300,38229,-58
4.5666,onset,25300,38229,-22
4.5669,onset,25300,38229,-61
4.5672,onset,25300,38229,-17
4.5676,onset,25300,38229,6
4.5679,onset,25300,38229,-4
4.5682,onset,25300,38229,8
4.5685,onset,25300,38229,20
4.5688,onset,25300,38229,70
4.5691,onset,25300,38229,1
4.5694,onset,25300,38229,-65
4.5698,onset,25300,38229,17
4.5702,onset,25300,38229,-63
4.5707,onset,25300,38229,2
4.5711,onset,25300,38229,-11
4.5714,onset,25300,38229,-25
4.5741,onset,25350,38229,52
4.5746,onset,25350,38229,18
4.575,onset,25350,38229,-78
4.5755,onset,25350,38229,54
4.576,onset,25350,38229,-27
4.5765,onset,25350,38229,-71
4.577,onset,25350,38229,24
4.5774,onset,25350,38229,-20
4.5777,onset,25350,38229,44
4.578,onset,25350,38229,-17
4.5783,onset,25350,38229,54
4.5787,onset,25350,38229,0
4.5789,onset,25350,38229,23
4.5792,onset,25350,38229,-63
4.5796,onset,25350,38229,-61
4.5799,onset,25350,38229,1
4.5825,onset,25400,38229,-78
4.5828,onset,25400,38229,-18
4.5832,onset,25400,38229,-22
4.5835,onset,25400,38229,-71
4.5838,onset,25400,38229,-9
4.5841,onset,25400,38229,12
4.5844,onset,25400,38229,51
4.5848,onset,25400,38229,33
4.5851,onset,25400,38229,-103
4.5855,onset,25400,38229,-92
4.5858,onset,25400,38229,31
4.5861,onset,25400,38229,-56
4.5864,onset,25400,38229,4
4.5867,onset,25400,38229,10
4.587,onset,25400,38229,-36
4.5873,onset,25400,38229,54
4.5901,onset,25450,38229,-7
4.5904,onset,25450,38229,-49
4.5908,onset,25450,38229,-12
4.5913,onset,25450,38229,-10
4.5921,onset,25450,38229,-2
4.5925,onset,25450,38229,37
4.5929,onset,25450,38229,-97
4.5934,onset,25450,38229,-17
4.5938,onset,25450,38229,-23
4.5941,onset,25450,38229,24
4.5945,onset,25450,38229,95
4.5948,onset,25450,38229,47
4.5951,onset,25450,38229,-28
4.5954,onset,25450,38229,-66
4.5958,onset,25450,38229,-67
4.5961,onset,25450,38229,-20
4.5987,onset,25500,38229,-79
4.599,onset,25500,38229,-27
4.5993,onset,25500,38229,-76
4.5996,onset,25500,38229,-42
4.6,onset,25500,38229,-21
4.6003,onset,25500,38229,-16
4.6007,onset,25500,38229,-17
4.601,onset,25500,38229,-43
4.6013,onset,25500,38229,-31
4.6017,onset,25500,38229,10
4.602,onset,25500,38229,26
4.6023,onset,25500,38229,30
4.6026,onset,25500,38229,67
4.6029,onset,25500,38229,35
4.6032,onset,25500,38229,17
4.6035,onset,25500,38229,-58
4.6065,onset,25550,38229,16
4.6068,onset,25550,38229,-14
4.6076,onset,25550,38229,-78
4.6081,onset,25550,38229,-1
4.6089,onset,25550,38229,-1
4.6094,onset,25550,38229,-55
4.6098,onset,25550,38229,8
4.6102,onset,25550,38229,-24
4.6106,onset,25550,38229,0
4.6109,onset,25550,38229,83
4.6112,onset,25550,38229,-71
4.6116,onset,25550,38229,-99
4.6119,onset,25550,38229,-5
4.6122,onset,25550,38229,23
4.6125,onset,25550,38229,16
4.6128,onset,25550,38229,-24
4.6159,onset,25600,38229,30
4.6163,onset,25600,38229,-10
4.6167,onset,25600,38229,49
4.6171,onset,25600,38229,-89
4.6174,onset,25600,38229,-23
4.6181,onset,25600,38229,10
4.6185,onset,25600,38229,-26
4.619,onset,25600,38229,-43
4.6194,onset,25600,38229,-43
4.6197,onset,25600,38229,-7
4.62,onset,25600,38229,16
4.6203,onset,25600,38229,5
4.6207,onset,25600,38229,26
4.6209,onset,25600,38229,31
4.6213,onset,25600,38229,16
4.6216,onset,25600,38229,-32
4.6249,onset,25650,38229,-20
4.6254,onset,25650,38229,38
4.6259,onset,25650,38229,12
4.6263,onset,25650,38229,-16
4.6267,onset,25650,38229,77
4.6271,onset,25650,38229,-9
4.6275,onset,25650,38229,-18
4.6278,onset,25650,38229,68
4.6281,onset,25650,38229,77
4.6284,onset,25650,38229,20
4.6287,onset,25650,38229,11
4.629,onset,25650,38229,67
4.6293,onset,25650,38229,3
4.6296,onset,25650,38229,-57
4.6299,onset,25650,38229,7
4.6302,onset,25650,38229,11
4.633,onset,25700,38229,25
4.6334,onset,25700,38229,19
4.6337,onset,25700,38229,12
4.6341,onset,25700,38229,-68
4.6344,onset,25700,38229,-11
4.6347,onset,25700,38229,6
4.635,onset,25700,38229,43
4.6353,onset,25700,38229,64
4.6357,onset,25700,38229,37
4.6361,onset,25700,38229,4
4.6364,onset,25700,38229,-26
4.6367,onset,25700,38229,11
4.6371,onset,25700,38229,1
4.6374,onset,25700,38229,-23
4.6377,onset,25700,38229,-39
4.6381,onset,25700,38229,-26
4.641,onset,25750,38229,4
4.6418,onset,25750,38229,20
4.6425,onset,25750,38229,14
4.643,onset,25750,38229,2
4.6435,onset,25750,38229,17
4.6438,onset,25750,38229,-31
4.6442,onset,25750,38229,53
4.6445,onset,25750,38229,45
4.6449,onset,25750,38229,54
4.6452,onset,25750,38229,-27
4.6455,onset,25750,38229,12
4.6458,onset,25750,38229,-53
4.6461,onset,25750,38229,20
4.6465,onset,25750,38229,26
4.6468,onset,25750,38229,55
4.6471,onset,25750,38229,30
4.6502,onset,25800,38229,-24
4.6505,onset,25800,38229,-9
4.6508,onset,25800,38229,-5
4.6512,onset,25800,38229,11
4.6515,onset,25800,38229,44
4.6519,onset,25800,38229,-31
4.6522,onset,25800,38229,-27
4.6525,onset,25800,38229,1
4.653,onset,25800,38229,12
4.6534,onset,25800,38229,1
4.6537,onset,25800,38229,-5
4.6541,onset,25800,38229,-40
4.6545,onset,25800,38229,-84
4.6549,onset,25800,38229,47
4.6553,onset,25800,38229,-29
4.6556,onset,25800,38229,7
4.6589,onset,25850,38229,35
4.6593,onset,25850,38229,15
4.6597,onset,25850,38229,42
4.6601,onset,25850,38229,-16
4.6604,onset,25850,38229,-21
4.6609,onset,25850,38229,-75
4.6613,onset,25850,38229,-19
4.6616,onset,25850,38229,-47
4.662,onset,25850,38229,63
4.6623,onset,25850,38229,-4
4.6626,onset,25850,38229,50
4.6629,onset,25850,38229,0
4.6633,onset,25850,38229,-39
4.6637,onset,25850,38229,27
4.6641,onset,25850,38229,13
4.6645,onset,25850,38229,-52
4.6671,onset,25900,38229,-116
4.6674,onset,25900,38229,-31
4.6676,onset,25900,38229,-3
4.6679,onset,25900,38229,-83
4.6682,onset,25900,38229,-31
4.6685,onset,25900,38229,-20
4.6688,onset,25900,38229,-19
4.6691,onset,25900,38229,-60
4.6694,onset,25900,38229,-34
4.6697,onset,25900,38229,-76
4.67,onset,25900,38229,-43
4.6703,onset,25900,38229,-30
4.6706,onset,25900,38229,-105
4.6709,onset,25900,38229,-49
4.6712,onset,25900,38229,-79
4.6715,onset,25900,38229,-29
4.6745,onset,25950,38229,-60
4.6751,onset,25950,38229,-20
4.6755,onset,25950,38229,41
4.6762,onset,25950,38229,-85
4.6766,onset,25950,38229,19
4.6772,onset,25950,38229,-46
4.6777,onset,25950,38229,82
4.6781,onset,25950,38229,-11
4.6785,onset,25950,38229,32
4.6788,onset,25950,38229,-2
4.6791,onset,25950,38229,-13
4.6794,onset,25950,38229,-77
4.6797,onset,25950,38229,-33
4.68,onset,25950,38229,-74
4.6803,onset,25950,38229,-97
4.6806,onset,25950,38229,-37
4.6837,onset,26000,38229,55
4.6839,onset,26000,38229,38
4.6843,onset,26000,38229,55
4.6846,onset,26000,38229,3
4.6849,onset,26000,38229,40
4.6852,onset,26000,38229,2
4.6855,onset,26000,38229,-71
4.6858,onset,26000,38229,-27
4.6861,onset,26000,38229,-86
4.6864,onset,26000,38229,-65
4.6867,onset,26000,38229,-8
4.687,onset,26000,38229,-107
4.6873,onset,26000,38229,-36
4.6876,onset,26000,38229,-44
4.6879,onset,26000,38229,-42
4.6882,onset,26000,38229,-28
4.6923,onset,26050,38229,-59
4.6927,onset,26050,38229,-38
4.6933,onset,26050,38229,14
4.6937,onset,26050,38229,-1
4.6942,onset,26050,38229,-4
4.6945,onset,26050,38229,61
4.6948,onset,26050,38229,61
4.6951,onset,26050,38229,90
4.6954,onset,26050,38229,64
4.6958,onset,26050,38229,-37
4.6961,onset,26050,38229,-74
4.6964,onset,26050,38229,-57
4.6967,onset,26050,38229,-61
4.697,onset,26050,38229,-36
4.6973,onset,26050,38229,-11
4.6976,onset,26050,38229,-74
4.7003,onset,26100,38229,8
4.7007,onset,26100,38229,12
4.701,onset,26100,38229,35
4.7013,onset,26100,38229,21
4.7016,onset,26100,38229,-11
4.7019,onset,26100,38229,-15
4.7023,onset,26100,38229,-46
4.7026,onset,26100,38229,-13
4.7029,onset,26100,38229,-5
4.7032,onset,26100,38229,-5
4.7035,onset,26100,38229,9
4.7038,onset,26100,38229,-12
4.7042,onset,26100,38229,-32
4.7044,onset,26100,38229,30
4.7048,onset,26100,38229,-19
4.7051,onset,26100,38229,40
4.7081,onset,26150,38229,-16
4.7087,onset,26150,38229,17
4.7092,onset,26150,38229,14
4.7098,onset,26150,38229,43
4.7102,onset,26150,38229,43
4.7105,onset,26150,38229,-15
4.7109,onset,26150,38229,21
4.7113,onset,26150,38229,50
4.7117,onset,26150,38229,-63
4.712,onset,26150,38229,-77
4.7123,onset,26150,38229,-48
4.7126,onset,26150,38229,-34
4.713,onset,26150,38229,16
4.7133,onset,26150,38229,37
4.7136,onset,26150,38229,-6
4.714,onset,26150,38229,-64
4.7168,onset,26200,38229,-46
4.7171,onset,26200,38229,18
4.7175,onset,26200,38229,59
4.7178,onset,26200,38229,-98
4.7182,onset,26200,38229,-46
4.7185,onset,26200,38229,14
4.7188,onset,26200,38229,5
4.7192,onset,26200,38229,21
4.7195,onset,26200,38229,44
4.7198,onset,26200,38229,-11
4.7201,onset,26200,38229,-37
4.7204,onset,26200,38229,-89
4.7207,onset,26200,38229,-66
4.721,onset,26200,38229,-105
4.7213,onset,26200,38229,-36
4.7216,onset,26200,38229,-75
4.7252,onset,26250,38229,11
4.7258,onset,26250,38229,6
4.7263,onset,26250,38229,-6
4.7267,onset,26250,38229,-32
4.7271,onset,26250,38229,33
4.7275,onset,26250,38229,41
4.7278,onset,26250,38229,-60
4.7281,onset,26250,38229,-8
4.7284,onset,26250,38229,-29
4.7287,onset,26250,38229,-9
4.729,onset,26250,38229,-3
4.7293,onset,26250,38229,-33
4.7296,onset,26250,38229,-52
4.7299,onset,26250,38229,-96
4.7302,onset,26250,38229,-57
4.7306,onset,26250,38229,-4
4.7333,onset,26300,38229,46
4.7336,onset,26300,38229,43
4.734,onset,26300,38229,-105
4.7344,onset,26300,38229,43
4.7348,onset,26300,38229,66
4.7352,onset,26300,38229,-27
4.7357,onset,26300,38229,33
4.7362,onset,26300,38229,31
4.7365,onset,26300,38229,-31
4.7369,onset,26300,38229,-50
4.7373,onset,26300,38229,-14
4.7376,onset,26300,38229,41
4.7379,onset,26300,38229,59
4.7382,onset,26300,38229,-4
4.7385,onset,26300,38229,-75
4.7388,onset,26300,38229,6
4.7422,onset,26350,38229,26
4.7435,onset,26350,38229,-6
4.7441,onset,26350,38229,-61
4.7445,onset,26350,38229,-22
4.7449,onset,26350,38229,40
4.7452,onset,26350,38229,20
4.7456,onset,26350,38229,24
4.7459,onset,26350,38229,39
4.7463,onset,26350,38229,-8
4.7466,onset,26350,38229,3
4.7469,onset,26350,38229,26
4.7473,onset,26350,38229,27
4.7476,onset,26350,38229,-39
4.7479,onset,26350,38229,0
4.7484,onset,26350,38229,-27
4.7488,onset,26350,38229,-5
4.7519,onset,26400,38229,69
4.7522,onset,26400,38229,3
4.7525,onset,26400,38229,-74
4.7528,onset,26400,38229,-22
4.7531,onset,26400,38229,-52
4.7534,onset,26400,38229,-105
4.7538,onset,26400,38229,-48
4.7541,onset,26400,38229,-22
4.7544,onset,26400,38229,18
4.7547,onset,26400,38229,-1
4.755,onset,26400,38229,30
4.7555,onset,26400,38229,78
4.7558,onset,26400,38229,-34
4.7561,onset,26400,38229,5
4.7564,onset,26400,38229,35
4.7567,onset,26400,38229,-22
4.7597,onset,26450,38229,27
4.7601,onset,26450,38229,-20
4.7605,onset,26450,38229,-41
4.7608,onset,26450,38229,26
4.7611,onset,26450,38229,9
4.7614,onset,26450,38229,4
4.7616,onset,26450,38229,1
4.7619,onset,26450,38229,-21
4.7622,onset,26450,38229,10
4.7625,onset,26450,38229,-22
4.7628,onset,26450,38229,-31
4.7631,onset,26450,38229,-22
4.7634,onset,26450,38229,-29
4.7636,onset,26450,38229,-69
4.7639,onset,26450,38229,1
4.7642,onset,26450,38229,-89
4.7669,onset,26500,38229,-61
4.7673,onset,26500,38229,-110
4.7676,onset,26500,38229,-21
4.7679,onset,26500,38229,7
4.7682,onset,26500,38229,42
4.7685,onset,26500,38229,24
4.769,onset,26500,38229,4
4.7694,onset,26500,38229,17
4.7699,onset,26500,38229,-6
4.7703,onset,26500,38229,-24
4.7707,onset,26500,38229,-78
4.771,onset,26500,38229,11
4.7713,onset,26500,38229,8
4.7717,onset,26500,38229,26
4.772,onset,26500,38229,-7
4.7723,onset,26500,38229,-54
4.7756,onset,26550,38229,46
4.7761,onset,26550,38229,-8
4.7765,onset,26550,38229,-5
4.7768,onset,26550,38229,30
4.7771,onset,26550,38229,26
4.7775,onset,26550,38229,58
4.7779,onset,26550,38229,-29
4.7783,onset,26550,38229,79
4.7786,onset,26550,38229,81
4.7789,onset,26550,38229,53
4.7793,onset,26550,38229,61
4.7797,onset,26550,38229,1
4.7801,onset,26550,38229,-65
4.7804,onset,26550,38229,-67
4.7808,onset,26550,38229,4
4.7811,onset,26550,38229,31
4.7837,onset,26600,38229,-85
4.784,onset,26600,38229,-62
4.7843,onset,26600,38229,-12
4.7846,onset,26600,38229,11
4.7849,onset,26600,38229,-27
4.7852,onset,26600,38229,27
4.7855,onset,26600,38229,13
4.7858,onset,26600,38229,11
4.7861,onset,26600,38229,41
4.7864,onset,26600,38229,1
4.7867,onset,26600,38229,25
4.787,onset,26600,38229,14
4.7873,onset,26600,38229,32
4.7877,onset,26600,38229,63
4.788,onset,26600,38229,-43
4.7883,onset,26600,38229,0
4.7916,onset,26650,38229,12
4.7933,onset,26650,38229,44
4.7937,onset,26650,38229,-19
4.7942,onset,26650,38229,-7
4.7947,onset,26650,38229,41
4.7951,onset,26650,38229,-9
4.7953,onset,26650,38229,-6
4.7956,onset,26650,38229,4
4.7959,onset,26650,38229,-81
4.7962,onset,26650,38229,-21
4.7965,onset,26650,38229,-12
4.7968,onset,26650,38229,-59
4.7971,onset,26650,38229,-47
4.7974,onset,26650,38229,-26
4.7977,onset,26650,38229,-75
4.798,onset,26650,38229,-69
4.8005,onset,26700,38229,-2
4.8008,onset,26700,38229,60
4.8011,onset,26700,38229,62
4.8014,onset,26700,38229,3
4.8018,onset,26700,38229,-20
4.8021,onset,26700,38229,-4
4.8024,onset,26700,38229,-55
4.8027,onset,26700,38229,-87
4.803,onset,26700,38229,-31
4.8033,onset,26700,38229,-12
4.8036,onset,26700,38229,-39
4.8039,onset,26700,38229,-16
4.8042,onset,26700,38229,20
4.8046,onset,26700,38229,9
4.8049,onset,26700,38229,-5
4.8052,onset,26700,38229,81
4.8084,onset,26750,38229,-42
4.8089,onset,26750,38229,32
4.8095,onset,26750,38229,-66
4.81,onset,26750,38229,-76
4.8105,onset,26750,38229,-23
4.8109,onset,26750,38229,62
4.8112,onset,26750,38229,-90
4.8116,onset,26750,38229,-24
4.8119,onset,26750,38229,-13
4.8122,onset,26750,38229,59
4.8126,onset,26750,38229,80
4.8129,onset,26750,38229,74
4.8132,onset,26750,38229,2
4.8135,onset,26750,38229,-72
4.8138,onset,26750,38229,-17
4.8141,onset,26750,38229,-48
4.8172,onset,26800,38229,44
4.8175,onset,26800,38229,50
4.8178,onset,26800,38229,50
4.8181,onset,26800,38229,28
4.8185,onset,26800,38229,-71
4.8188,onset,26800,38229,-87
4.8191,onset,26800,38229,-71
4.8195,onset,26800,38229,-42
4.8198,onset,26800,38229,60
4.8201,onset,26800,38229,-13
4.8204,onset,26800,38229,54
4.8207,onset,26800,38229,0
4.821,onset,26800,38229,47
4.8213,onset,26800,38229,23
4.8216,onset,26800,38229,-26
4.8219,onset,26800,38229,-100
4.8249,onset,26850,38229,-25
4.8253,onset,26850,38229,43
4.8258,onset,26850,38229,0
4.8262,onset,26850,38229,46
4.8267,onset,26850,38229,-21
4.8271,onset,26850,38229,-65
4.8275,onset,26850,38229,-44
4.8278,onset,26850,38229,-6
4.8281,onset,26850,38229,13
4.8285,onset,26850,38229,-13
4.8288,onset,26850,38229,44
4.8291,onset,26850,38229,44
4.8294,onset,26850,38229,2
4.8297,onset,26850,38229,22
4.83,onset,26850,38229,-16
4.8303,onset,26850,38229,-101
4.8331,onset,26900,38229,-31
4.8334,onset,26900,38229,37
4.8337,onset,26900,38229,-7
4.834,onset,26900,38229,-3
4.8343,onset,26900,38229,59
4.8347,onset,26900,38229,13
4.835,onset,26900,38229,60
4.8353,onset,26900,38229,-6
4.8356,onset,26900,38229,-88
4.8359,onset,26900,38229,-72
4.8362,onset,26900,38229,-35
4.8366,onset,26900,38229,0
4.8369,onset,26900,38229,-6
4.8372,onset,26900,38229,40
4.8375,onset,26900,38229,46
4.8378,onset,26900,38229,20
4.8405,onset,26950,38229,29
4.841,onset,26950,38229,-28
4.8415,onset,26950,38229,-11
4.842,onset,26950,38229,47
4.8427,onset,26950,38229,-48
4.8433,onset,26950,38229,11
4.8437,onset,26950,38229,-60
4.8441,onset,26950,38229,36
4.8446,onset,26950,38229,-40
4.8449,onset,26950,38229,7
4.8453,onset,26950,38229,16
4.8456,onset,26950,38229,-61
4.8459,onset,26950,38229,24
4.8462,onset,26950,38229,-38
4.8465,onset,26950,38229,2
4.8468,onset,26950,38229,-19
4.8495,onset,27000,38229,-13
4.8499,onset,27000,38229,37
4.8502,onset,27000,38229,36
4.8506,onset,27000,38229,4
4.8509,onset,27000,38229,-24
4.8512,onset,27000,38229,-15
4.8516,onset,27000,38229,53
4.852,onset,27000,38229,-33
4.8523,onset,27000,38229,-20
4.8526,onset,27000,38229,-99
4.8529,onset,27000,38229,-72
4.8532,onset,27000,38229,-35
4.8536,onset,27000,38229,7
4.8539,onset,27000,38229,-37
4.8542,onset,27000,38229,5
4.8546,onset,27000,38229,-17
4.8577,onset,27050,38229,-2
4.8586,onset,27050,38229,-13
4.8592,onset,27050,38229,-32
4.8597,onset,27050,38229,72
4.8602,onset,27050,38229,81
4.8606,onset,27050,38229,-62
4.8609,onset,27050,38229,-17
4.8612,onset,27050,38229,-82
4.8615,onset,27050,38229,-7
4.8618,onset,27050,38229,11
4.8621,onset,27050,38229,-16
4.8624,onset,27050,38229,-11
4.8627,onset,27050,38229,56
4.8631,onset,27050,38229,-1
4.8634,onset,27050,38229,4
4.8638,onset,27050,38229,-29
4.8668,onset,27100,38229,-74
4.8671,onset,27100,38229,2
4.8675,onset,27100,38229,47
4.8678,onset,27100,38229,-47
4.8682,onset,27100,38229,-25
4.8686,onset,27100,38229,8
4.8689,onset,27100,38229,-46
4.8692,onset,27100,38229,19
4.8695,onset,27100,38229,-5
4.8698,onset,27100,38229,-17
4.8701,onset,27100,38229,51
4.8704,onset,27100,38229,54
4.8707,onset,27100,38229,-13
4.871,onset,27100,38229,-17
4.8713,onset,27100,38229,-46
4.8717,onset,27100,38229,-27
4.8745,onset,27150,38229,-4
4.8751,onset,27150,38229,19
4.8758,onset,27150,38229,-8
4.8763,onset,27150,38229,30
4.8767,onset,27150,38229,-17
4.8771,onset,27150,38229,-2
4.8776,onset,27150,38229,45
4.878,onset,27150,38229,-70
4.8784,onset,27150,38229,95
4.8787,onset,27150,38229,84
4.879,onset,27150,38229,60
4.8793,onset,27150,38229,-3
4.8796,onset,27150,38229,-101
4.8799,onset,27150,38229,-19
4.8802,onset,27150,38229,-17
4.8806,onset,27150,38229,-42
4.8834,onset,27200,38229,22
4.8838,onset,27200,38229,-72
4.8841,onset,27200,38229,-56
4.8844,onset,27200,38229,8
4.8848,onset,27200,38229,30
4.8852,onset,27200,38229,-48
4.8855,onset,27200,38229,-25
4.8858,onset,27200,38229,-25
4.8862,onset,27200,38229,-5
4.8865,onset,27200,38229,22
4.8869,onset,27200,38229,10
4.8872,onset,27200,38229,-102
4.8876,onset,27200,38229,12
4.8879,onset,27200,38229,-1
4.8883,onset,27200,38229,-35
4.8886,onset,27200,38229,-15
4.8917,onset,27250,38229,41
4.8922,onset,27250,38229,27
4.8927,onset,27250,38229,-72
4.8931,onset,27250,38229,46
4.8935,onset,27250,38229,-82
4.8938,onset,27250,38229,-10
4.8942,onset,27250,38229,-18
4.8945,onset,27250,38229,16
4.8949,onset,27250,38229,61
4.8952,onset,27250,38229,-53
4.8955,onset,27250,38229,-86
4.8958,onset,27250,38229,-12
4.8961,onset,27250,38229,-2
4.8965,onset,27250,38229,26
4.8968,onset,27250,38229,45
4.8971,onset,27250,38229,93
4.9,onset,27300,38229,-14
4.9003,onset,27300,38229,-42
4.9006,onset,27300,38229,29
4.901,onset,27300,38229,61
4.9014,onset,27300,38229,-89
4.9017,onset,27300,38229,-65
4.902,onset,27300,38229,-37
4.9023,onset,27300,38229,11
4.9027,onset,27300,38229,23
4.903,onset,27300,38229,0
4.9033,onset,27300,38229,-22
4.9036,onset,27300,38229,-25
4.904,onset,27300,38229,-49
4.9043,onset,27300,38229,-16
4.9046,onset,27300,38229,20
4.9049,onset,27300,38229,-25
4.908,onset,27350,38229,-4
4.9087,onset,27350,38229,44
4.9092,onset,27350,38229,7
4.9096,onset,27350,38229,-67
4.9103,onset,27350,38229,2
4.9108,onset,27350,38229,-71
4.9111,onset,27350,38229,-15
4.9115,onset,27350,38229,34
4.9119,onset,27350,38229,-76
4.9122,onset,27350,38229,-48
4.9125,onset,27350,38229,-15
4.9128,onset,27350,38229,-90
4.9131,onset,27350,38229,-15
4.9134,onset,27350,38229,9
4.9137,onset,27350,38229,28
4.914,onset,27350,38229,39
4.9168,onset,27400,38229,-4
4.9171,onset,27400,38229,15
4.9174,onset,27400,38229,-66
4.9177,onset,27400,38229,-3
4.918,onset,27400,38229,-36
4.9184,onset,27400,38229,-1
4.9187,onset,27400,38229,-4
4.919,onset,27400,38229,2
4.9193,onset,27400,38229,16
4.9196,onset,27400,38229,7
4.9199,onset,27400,38229,39
4.9202,onset,27400,38229,-28
4.9206,onset,27400,38229,41
4.9209,onset,27400,38229,-90
4.9212,onset,27400,38229,-30
4.9216,onset,27400,38229,-33
4.9246,onset,27450,38229,16
4.9251,onset,27450,38229,20
4.9255,onset,27450,38229,6
4.9259,onset,27450,38229,-100
4.9263,onset,27450,38229,47
4.9267,onset,27450,38229,-42
4.9271,onset,27450,38229,-26
4.9274,onset,27450,38229,25
4.9277,onset,27450,38229,58
4.928,onset,27450,38229,13
4.9284,onset,27450,38229,48
4.9288,onset,27450,38229,-21
4.9291,onset,27450,38229,26
4.9295,onset,27450,38229,-18
4.9299,onset,27450,38229,-17
4.9302,onset,27450,38229,-24
4.9328,onset,27500,38229,-16
4.9331,onset,27500,38229,-65
4.9334,onset,27500,38229,-34
4.9337,onset,27500,38229,-12
4.9341,onset,27500,38229,-18
4.9343,onset,27500,38229,5
4.9347,onset,27500,38229,24
4.935,onset,27500,38229,47
4.9354,onset,27500,38229,31
4.9357,onset,27500,38229,-88
4.9361,onset,27500,38229,-64
4.9364,onset,27500,38229,0
4.9367,onset,27500,38229,26
4.937,onset,27500,38229,-55
4.9373,onset,27500,38229,-12
4.9376,onset,27500,38229,50
4.9408,onset,27550,38229,-21
4.9413,onset,27550,38229,-10
4.942,onset,27550,38229,-19
4.9425,onset,27550,38229,50
4.9431,onset,27550,38229,34
4.9436,onset,27550,38229,50
4.9439,onset,27550,38229,-22
4.9442,onset,27550,38229,-79
4.9445,onset,27550,38229,-27
4.945,onset,27550,38229,-14
4.9453,onset,27550,38229,19
4.9457,onset,27550,38229,-14
4.9461,onset,27550,38229,-8
4.9465,onset,27550,38229,34
4.9469,onset,27550,38229,-50
4.9473,onset,27550,38229,-5
4.95,onset,27600,38229,-30
4.9503,onset,27600,38229,-88
4.9506,onset,27600,38229,-15
4.951,onset,27600,38229,21
4.9512,onset,27600,38229,18
4.9515,onset,27600,38229,-6
4.9518,onset,27600,38229,25
4.9521,onset,27600,38229,-25
4.9524,onset,27600,38229,-9
4.9527,onset,27600,38229,-30
4.953,onset,27600,38229,1
4.9532,onset,27600,38229,-29
4.9536,onset,27600,38229,-8
4.9539,onset,27600,38229,-5
4.9542,onset,27600,38229,54
4.9545,onset,27600,38229,67
4.957,onset,27650,38229,-38
4.9573,onset,27650,38229,-106
4.9577,onset,27650,38229,-28
4.9582,onset,27650,38229,14
4.9586,onset,27650,38229,28
4.9591,onset,27650,38229,-20
4.9594,onset,27650,38229,14
4.9597,onset,27650,38229,-39
4.96,onset,27650,38229,31
4.9603,onset,27650,38229,55
4.9606,onset,27650,38229,12
4.9609,onset,27650,38229,16
4.9612,onset,27650,38229,34
4.9615,onset,27650,38229,76
4.9618,onset,27650,38229,3
4.9621,onset,27650,38229,28
4.9648,onset,27700,38229,-35
4.9651,onset,27700,38229,-12
4.9654,onset,27700,38229,-2
4.9657,onset,27700,38229,-5
4.966,onset,27700,38229,-2
4.9662,onset,27700,38229,20
4.9665,onset,27700,38229,31
4.9668,onset,27700,38229,20
4.9671,onset,27700,38229,-4
4.9674,onset,27700,38229,16
4.9676,onset,27700,38229,-10
4.9679,onset,27700,38229,9
4.9682,onset,27700,38229,-8
4.9684,onset,27700,38229,-60
4.9687,onset,27700,38229,7
4.9689,onset,27700,38229,-1
4.9715,onset,27750,38229,-7
4.9718,onset,27750,38229,-18
4.9721,onset,27750,38229,-14
4.9724,onset,27750,38229,-29
4.9727,onset,27750,38229,1
4.9729,onset,27750,38229,-30
4.9734,onset,27750,38229,27
4.9737,onset,27750,38229,-1
4.9743,onset,27750,38229,-25
4.9747,onset,27750,38229,-32
4.9751,onset,27750,38229,-54
4.9756,onset,27750,38229,5
4.9761,onset,27750,38229,-99
4.9765,onset,27750,38229,60
4.9768,onset,27750,38229,-58
4.9772,onset,27750,38229,-18
4.9801,onset,27800,38229,-58
4.9804,onset,27800,38229,51
4.9808,onset,27800,38229,22
4.9811,onset,27800,38229,-20
4.9815,onset,27800,38229,-43
4.9818,onset,27800,38229,-27
4.9822,onset,27800,38229,54
4.9825,onset,27800,38229,-34
4.9829,onset,27800,38229,-80
4.9832,onset,27800,38229,-77
4.9835,onset,27800,38229,-91
4.9838,onset,27800,38229,-14
4.9842,onset,27800,38229,2
4.9845,onset,27800,38229,27
4.9848,onset,27800,38229,16
4.9852,onset,27800,38229,-37
4.9882,onset,27850,38229,-57
4.9885,onset,27850,38229,-26
4.9888,onset,27850,38229,0
4.9892,onset,27850,38229,-7
4.9895,onset,27850,38229,-14
4.9898,onset,27850,38229,-25
4.9902,onset,27850,38229,-29
4.9911,onset,27850,38229,27
4.9921,onset,27850,38229,60
4.9925,onset,27850,38229,1
4.993,onset,27850,38229,16
4.9936,onset,27850,38229,-20
4.994,onset,27850,38229,-15
4.9943,onset,27850,38229,-1
4.9946,onset,27850,38229,-31
4.995,onset,27850,38229,-9
4.9978,onset,27900,38229,-45
4.9981,onset,27900,38229,-15
4.9984,onset,27900,38229,19
4.9988,onset,27900,38229,8
4.9991,onset,27900,38229,44
4.9993,onset,27900,38229,43
4.9996,onset,27900,38229,6
4.9999,onset,27900,38229,-2
5.0002,onset,27900,38229,5
5.0005,onset,27900,38229,-17
5.0008,onset,27900,38229,1
5.0011,onset,27900,38229,24
5.0014,onset,27900,38229,-5
5.0016,onset,27900,38229,-30
5.0019,onset,27900,38229,-37
5.0022,onset,27900,38229,-18
5.0048,onset,27950,38229,-85
5.0051,onset,27950,38229,32
5.0053,onset,27950,38229,3
5.0056,onset,27950,38229,36
5.0058,onset,27950,38229,1
5.0061,onset,27950,38229,-2
5.0065,onset,27950,38229,3
5.0067,onset,27950,38229,-26
5.007,onset,27950,38229,-68
5.0074,onset,27950,38229,12
5.0078,onset,27950,38229,-22
5.0082,onset,27950,38229,-37
5.0086,onset,27950,38229,13
5.009,onset,27950,38229,21
5.0093,onset,27950,38229,-29
5.0096,onset,27950,38229,-27
5.0121,onset,28000,38229,16
5.0124,onset,28000,38229,-82
5.0127,onset,28000,38229,-20
5.013,onset,28000,38229,-18
5.0132,onset,28000,38229,89
5.0135,onset,28000,38229,-15
5.0138,onset,28000,38229,46
5.014,onset,28000,38229,-14
5.0143,onset,28000,38229,36
5.0146,onset,28000,38229,-31
5.0149,onset,28000,38229,-49
5.0151,onset,28000,38229,-57
5.0155,onset,28000,38229,-61
5.0157,onset,28000,38229,-21
5.016,onset,28000,38229,9
5.0162,onset,28000,38229,1
5.0189,onset,28050,38229,42
5.0192,onset,28050,38229,-7
5.0195,onset,28050,38229,17
5.0198,onset,28050,38229,36
5.0201,onset,28050,38229,-37
5.0203,onset,28050,38229,-42
5.0206,onset,28050,38229,30
5.021,onset,28050,38229,-13
5.0213,onset,28050,38229,31
5.0216,onset,28050,38229,-17
5.0219,onset,28050,38229,-69
5.0222,onset,28050,38229,7
5.0225,onset,28050,38229,-47
5.0228,onset,28050,38229,-53
5.0231,onset,28050,38229,-17
5.0234,onset,28050,38229,-42
5.0264,onset,28100,38229,-19
5.0269,onset,28100,38229,-67
5.0272,onset,28100,38229,-33
5.0275,onset,28100,38229,28
5.0279,onset,28100,38229,82
5.0282,onset,28100,38229,4
5.0285,onset,28100,38229,2
5.0288,onset,28100,38229,22
5.0292,onset,28100,38229,-21
5.0295,onset,28100,38229,-46
5.0298,onset,28100,38229,-16
5.0302,onset,28100,38229,-31
5.0305,onset,28100,38229,12
5.0308,onset,28100,38229,6
5.0311,onset,28100,38229,14
5.0314,onset,28100,38229,31
5.0344,onset,28150,38229,-56
5.0347,onset,28150,38229,-13
5.0351,onset,28150,38229,17
5.0354,onset,28150,38229,-26
5.0357,onset,28150,38229,61
5.036,onset,28150,38229,44
5.0363,onset,28150,38229,32
5.0367,onset,28150,38229,7
5.037,onset,28150,38229,-58
5.0373,onset,28150,38229,-102
5.0376,onset,28150,38229,-62
5.0379,onset,28150,38229,-74
5.0381,onset,28150,38229,-85
5.0384,onset,28150,38229,-10
5.0387,onset,28150,38229,-85
5.039,onset,28150,38229,-42
5.0421,onset,28200,38229,47
5.0425,onset,28200,38229,75
5.0429,onset,28200,38229,-101
5.0432,onset,28200,38229,-34
5.0435,onset,28200,38229,-56
5.0438,onset,28200,38229,58
5.0441,onset,28200,38229,10
5.0445,onset,28200,38229,32
5.0448,onset,28200,38229,0
5.0451,onset,28200,38229,64
5.0454,onset,28200,38229,0
5.0457,onset,28200,38229,-63
5.046,onset,28200,38229,-10
5.0463,onset,28200,38229,-29
5.0466,onset,28200,38229,-34
5.047,onset,28200,38229,-18
5.0498,onset,28250,38229,-1
5.0501,onset,28250,38229,-95
5.0504,onset,28250,38229,-80
5.0508,onset,28250,38229,-34
5.0511,onset,28250,38229,52
5.0515,onset,28250,38229,-6
5.0518,onset,28250,38229,-9
5.0522,onset,28250,38229,-39
5.0525,onset,28250,38229,8
5.0528,onset,28250,38229,57
5.0532,onset,28250,38229,37
5.0535,onset,28250,38229,-17
5.0539,onset,28250,38229,-92
5.0542,onset,28250,38229,-16
5.0546,onset,28250,38229,38
5.0548,onset,28250,38229,16
5.0578,onset,28300,38229,35
5.0589,onset,28300,38229,-21
5.0595,onset,28300,38229,-22
5.0599,onset,28300,38229,34
5.0603,onset,28300,38229,46
5.0606,onset,28300,38229,-8
5.0609,onset,28300,38229,2
5.0613,onset,28300,38229,-29
5.0616,onset,28300,38229,-67
5.0619,onset,28300,38229,-34
5.0622,onset,28300,38229,-7
5.0624,onset,28300,38229,-39
5.0628,onset,28300,38229,-20
5.0631,onset,28300,38229,13
5.0634,onset,28300,38229,-15
5.0636,onset,28300,38229,-8
5.0663,onset,28350,38229,-56
5.0666,onset,28350,38229,-30
5.0669,onset,28350,38229,-18
5.0672,onset,28350,38229,39
5.0676,onset,28350,38229,52
5.0679,onset,28350,38229,42
5.0682,onset,28350,38229,7
5.0686,onset,28350,38229,-52
5.0689,onset,28350,38229,-24
5.0692,onset,28350,38229,23
5.0695,onset,28350,38229,-17
5.0699,onset,28350,38229,-18
5.0702,onset,28350,38229,54
5.0705,onset,28350,38229,23
5.0709,onset,28350,38229,-15
5.0712,onset,28350,38229,-39
5.074,onset,28400,38229,2
5.0762,onset,28400,38229,-89
5.077,onset,28400,38229,-25
5.0773,onset,28400,38229,46
5.0776,onset,28400,38229,-28
5.0779,onset,28400,38229,15
5.0782,onset,28400,38229,-21
5.0785,onset,28400,38229,-51
5.0788,onset,28400,38229,-51
5.0791,onset,28400,38229,1
5.0794,onset,28400,38229,-7
5.0797,onset,28400,38229,-77
5.08,onset,28400,38229,-65
5.0803,onset,28400,38229,-3
5.0806,onset,28400,38229,-24
5.0809,onset,28400,38229,19
5.0837,onset,28450,38229,5
5.084,onset,28450,38229,19
5.0843,onset,28450,38229,58
5.0847,onset,28450,38229,-101
5.085,onset,28450,38229,6
5.0853,onset,28450,38229,-51
5.0856,onset,28450,38229,-30
5.086,onset,28450,38229,-4
5.0863,onset,28450,38229,26
5.0866,onset,28450,38229,3
5.0869,onset,28450,38229,24
5.0872,onset,28450,38229,-50
5.0876,onset,28450,38229,-89
5.0879,onset,28450,38229,-103
5.0882,onset,28450,38229,-44
5.0885,onset,28450,38229,-29
5.0916,onset,28500,38229,-84
5.0922,onset,28500,38229,-28
5.0926,onset,28500,38229,19
5.0933,onset,28500,38229,13
5.0938,onset,28500,38229,66
5.0942,onset,28500,38229,-7
5.0945,onset,28500,38229,24
5.0949,onset,28500,38229,44
5.0952,onset,28500,38229,95
5.0955,onset,28500,38229,49
5.0958,onset,28500,38229,-15
5.0962,onset,28500,38229,-16
5.0964,onset,28500,38229,-2
5.0968,onset,28500,38229,-44
5.0971,onset,28500,38229,-79
5.0974,onset,28500,38229,-8
5.1003,onset,28550,38229,-57
5.1006,onset,28550,38229,-8
5.101,onset,28550,38229,61
5.1013,onset,28550,38229,81
5.1017,onset,28550,38229,-66
5.102,onset,28550,38229,-65
5.1024,onset,28550,38229,-17
5.1027,onset,28550,38229,5
5.103,onset,28550,38229,-19
5.1033,onset,28550,38229,41
5.1037,onset,28550,38229,5
5.104,onset,28550,38229,-108
5.1044,onset,28550,38229,-68
5.1047,onset,28550,38229,-22
5.105,onset,28550,38229,46
5.1053,onset,28550,38229,-1
5.1091,onset,28600,38229,-14
5.1097,onset,28600,38229,-42
5.1102,onset,28600,38229,10
5.1107,onset,28600,38229,-2
5.111,onset,28600,38229,70
5.1113,onset,28600,38229,83
5.1117,onset,28600,38229,55
5.1119,onset,28600,38229,-3
5.1123,onset,28600,38229,54
5.1126,onset,28600,38229,7
5.1129,onset,28600,38229,-52
5.1132,onset,28600,38229,-65
5.1135,onset,28600,38229,-48
5.1138,onset,28600,38229,-68
5.1141,onset,28600,38229,-47
5.1145,onset,28600,38229,-13
5.1172,onset,28650,38229,5
5.1176,onset,28650,38229,-12
5.1179,onset,28650,38229,-50
5.1183,onset,28650,38229,62
5.1186,onset,28650,38229,76
5.119,onset,28650,38229,-57
5.1193,onset,28650,38229,-95
5.1196,onset,28650,38229,-43
5.1199,onset,28650,38229,-113
5.1202,onset,28650,38229,-21
5.1206,onset,28650,38229,9
5.1209,onset,28650,38229,38
5.1212,onset,28650,38229,7
5.1215,onset,28650,38229,-39
5.1219,onset,28650,38229,29
5.1222,onset,28650,38229,-11
5.1257,onset,28700,38229,42
5.1262,onset,28700,38229,65
5.1267,onset,28700,38229,61
5.1272,onset,28700,38229,-26
5.1276,onset,28700,38229,47
5.1279,onset,28700,38229,33
5.1283,onset,28700,38229,33
5.1286,onset,28700,38229,76
5.1289,onset,28700,38229,46
5.1293,onset,28700,38229,-22
5.1296,onset,28700,38229,-35
5.1299,onset,28700,38229,-13
5.1302,onset,28700,38229,-21
5.1305,onset,28700,38229,-80
5.1308,onset,28700,38229,-39
5.1311,onset,28700,38229,13
5.134,onset,28750,38229,-38
5.1343,onset,28750,38229,-12
5.1347,onset,28750,38229,27
5.135,onset,28750,38229,51
5.1354,onset,28750,38229,17
5.1357,onset,28750,38229,17
5.136,onset,28750,38229,-107
5.1363,onset,28750,38229,-54
5.1367,onset,28750,38229,-21
5.137,onset,28750,38229,-44
5.1373,onset,28750,38229,-6
5.1376,onset,28750,38229,-22
5.1379,onset,28750,38229,63
5.1382,onset,28750,38229,-34
5.1385,onset,28750,38229,-52
5.1388,onset,28750,38229,-8
5.1421,onset,28800,38229,40
5.1426,onset,28800,38229,1
5.1431,onset,28800,38229,-49
5.1435,onset,28800,38229,-20
5.1439,onset,28800,38229,6
5.1442,onset,28800,38229,84
5.1446,onset,28800,38229,42
5.1449,onset,28800,38229,-42
5.1453,onset,28800,38229,41
5.1456,onset,28800,38229,-4
5.1459,onset,28800,38229,48
5.1462,onset,28800,38229,33
5.1466,onset,28800,38229,77
5.147,onset,28800,38229,-90
5.1473,onset,28800,38229,-26
5.1476,onset,28800,38229,18
5.1501,onset,28850,38229,56
5.1504,onset,28850,38229,82
5.1508,onset,28850,38229,40
5.151,onset,28850,38229,-46
5.1513,onset,28850,38229,-42
5.1516,onset,28850,38229,-4
5.1519,onset,28850,38229,-17
5.1521,onset,28850,38229,-2
5.1524,onset,28850,38229,55
5.1527,onset,28850,38229,57
5.153,onset,28850,38229,1
5.1533,onset,28850,38229,22
5.1536,onset,28850,38229,39
5.1539,onset,28850,38229,-5
5.1542,onset,28850,38229,6
5.1545,onset,28850,38229,71
5.1574,onset,28900,38229,15
5.1578,onset,28900,38229,12
5.1585,onset,28900,38229,54
5.159,onset,28900,38229,-57
5.1595,onset,28900,38229,35
5.16,onset,28900,38229,-60
5.1605,onset,28900,38229,-48
5.161,onset,28900,38229,46
5.1614,onset,28900,38229,-70
5.1619,onset,28900,38229,-18
5.1622,onset,28900,38229,46
5.1625,onset,28900,38229,52
5.1628,onset,28900,38229,-35
5.1631,onset,28900,38229,19
5.1634,onset,28900,38229,-21
5.1637,onset,28900,38229,-22
5.1665,onset,28950,38229,-37
5.1668,onset,28950,38229,-27
5.1671,onset,28950,38229,53
5.1674,onset,28950,38229,27
5.1677,onset,28950,38229,49
5.1681,onset,28950,38229,67
5.1684,onset,28950,38229,51
5.1687,onset,28950,38229,-4
5.169,onset,28950,38229,27
5.1693,onset,28950,38229,-5
5.1696,onset,28950,38229,-102
5.1699,onset,28950,38229,-42
5.1702,onset,28950,38229,-58
5.1706,onset,28950,38229,-84
5.1709,onset,28950,38229,-50
5.1712,onset,28950,38229,-6
5.1744,onset,29000,38229,-61
5.1754,onset,29000,38229,-86
5.1761,onset,29000,38229,12
5.1767,onset,29000,38229,-48
5.1772,onset,29000,38229,65
5.1775,onset,29000,38229,27
5.1779,onset,29000,38229,-26
5.1782,onset,29000,38229,-10
5.1785,onset,29000,38229,-6
5.1788,onset,29000,38229,4
5.1791,onset,29000,38229,35
5.1794,onset,29000,38229,38
5.1797,onset,29000,38229,67
5.18,onset,29000,38229,66
5.1803,onset,29000,38229,23
5.1806,onset,29000,38229,93
5.1836,onset,29050,38229,7
5.1839,onset,29050,38229,12
5.1842,onset,29050,38229,59
5.1845,onset,29050,38229,-16
5.1849,onset,29050,38229,-39
5.1852,onset,29050,38229,-37
5.1855,onset,29050,38229,17
5.1858,onset,29050,38229,-5
5.1862,onset,29050,38229,14
5.1864,onset,29050,38229,43
5.1868,onset,29050,38229,17
5.1871,onset,29050,38229,-35
5.1874,onset,29050,38229,-46
5.1877,onset,29050,38229,0
5.188,onset,29050,38229,-13
5.1883,onset,29050,38229,-92
5.1917,onset,29100,38229,-60
5.1923,onset,29100,38229,-86
5.1928,onset,29100,38229,-14
5.1932,onset,29100,38229,-28
5.1936,onset,29100,38229,52
5.194,onset,29100,38229,-14
5.1943,onset,29100,38229,0
5.1946,onset,29100,38229,-8
5.195,onset,29100,38229,-8
5.1953,onset,29100,38229,43
5.1957,onset,29100,38229,-5
5.196,onset,29100,38229,25
5.1964,onset,29100,38229,-16
5.1967,onset,29100,38229,-55
5.197,onset,29100,38229,-8
5.1973,onset,29100,38229,-62
5.2002,onset,29150,38229,9
5.2005,onset,29150,38229,-39
5.2009,onset,29150,38229,-12
5.2012,onset,29150,38229,53
5.2016,onset,29150,38229,18
5.2019,onset,29150,38229,-31
5.2023,onset,29150,38229,-104
5.2026,onset,29150,38229,-15
5.2029,onset,29150,38229,65
5.2033,onset,29150,38229,-16
5.2036,onset,29150,38229,-27
5.2039,onset,29150,38229,-43
5.2043,onset,29150,38229,-13
5.2046,onset,29150,38229,-17
5.2049,onset,29150,38229,-10
5.2053,onset,29150,38229,5
5.2083,onset,29200,38229,36
5.2094,onset,29200,38229,46
5.2098,onset,29200,38229,55
5.2102,onset,29200,38229,4
5.2105,onset,29200,38229,-25
5.2108,onset,29200,38229,-83
5.2111,onset,29200,38229,-31
5.2115,onset,29200,38229,46
5.2118,onset,29200,38229,66
5.2121,onset,29200,38229,89
5.2124,onset,29200,38229,-30
5.2127,onset,29200,38229,9
5.2131,onset,29200,38229,-18
5.2134,onset,29200,38229,-76
5.2137,onset,29200,38229,-62
5.214,onset,29200,38229,-22
5.2168,onset,29250,38229,58
5.2172,onset,29250,38229,11
5.2175,onset,29250,38229,-97
5.2179,onset,29250,38229,-17
5.2182,onset,29250,38229,29
5.2186,onset,29250,38229,18
5.2189,onset,29250,38229,13
5.2192,onset,29250,38229,-51
5.2195,onset,29250,38229,-45
5.2198,onset,29250,38229,-36
5.2201,onset,29250,38229,-57
5.2205,onset,29250,38229,-34
5.2208,onset,29250,38229,-23
5.2211,onset,29250,38229,44
5.2215,onset,29250,38229,-6
5.2218,onset,29250,38229,-5
5.2251,onset,29300,38229,17
5.2257,onset,29300,38229,-36
5.2261,onset,29300,38229,34
5.2266,onset,29300,38229,38
5.227,onset,29300,38229,-12
5.2274,onset,29300,38229,-15
5.2278,onset,29300,38229,37
5.2281,onset,29300,38229,-85
5.2286,onset,29300,38229,70
5.2289,onset,29300,38229,30
5.2292,onset,29300,38229,-17
5.2295,onset,29300,38229,-17
5.2298,onset,29300,38229,-23
5.2301,onset,29300,38229,-49
5.2304,onset,29300,38229,-43
5.2307,onset,29300,38229,-79
5.2336,onset,29350,38229,-84
5.2339,onset,29350,38229,-78
5.2342,onset,29350,38229,-26
5.2345,onset,29350,38229,-14
5.2349,onset,29350,38229,-87
5.2352,onset,29350,38229,27
5.2356,onset,29350,38229,-14
5.2359,onset,29350,38229,-52
5.2362,onset,29350,38229,-67
5.2365,onset,29350,38229,-93
5.2368,onset,29350,38229,-61
5.2372,onset,29350,38229,-61
5.2375,onset,29350,38229,30
5.2379,onset,29350,38229,74
5.2382,onset,29350,38229,14
5.2385,onset,29350,38229,-9
5.2424,onset,29400,38229,92
5.2428,onset,29400,38229,-8
5.2433,onset,29400,38229,8
5.2438,onset,29400,38229,2
5.2442,onset,29400,38229,24
5.2445,onset,29400,38229,-13
5.2448,onset,29400,38229,-5
5.2451,onset,29400,38229,5
5.2454,onset,29400,38229,23
5.2457,onset,29400,38229,18
5.2461,onset,29400,38229,40
5.2464,onset,29400,38229,67
5.2467,onset,29400,38229,18
5.247,onset,29400,38229,-35
5.2473,onset,29400,38229,14
5.2476,onset,29400,38229,-63
5.2508,onset,29450,38229,32
5.2511,onset,29450,38229,8
5.2515,onset,29450,38229,7
5.2518,onset,29450,38229,-8
5.2522,onset,29450,38229,30
5.2525,onset,29450,38229,26
5.2528,onset,29450,38229,0
5.2532,onset,29450,38229,-30
5.2535,onset,29450,38229,-17
5.2538,onset,29450,38229,-50
5.2541,onset,29450,38229,-23
5.2544,onset,29450,38229,-60
5.2547,onset,29450,38229,-50
5.255,onset,29450,38229,-39
5.2553,onset,29450,38229,-56
5.2556,onset,29450,38229,-85
5.2583,onset,29500,38229,27
5.2588,onset,29500,38229,22
5.2593,onset,29500,38229,40
5.2597,onset,29500,38229,4
5.2603,onset,29500,38229,-94
5.2606,onset,29500,38229,-12
5.261,onset,29500,38229,-56
5.2613,onset,29500,38229,-2
5.2616,onset,29500,38229,-27
5.2619,onset,29500,38229,-15
5.2622,onset,29500,38229,-14
5.2625,onset,29500,38229,-9
5.2628,onset,29500,38229,-19
5.2631,onset,29500,38229,32
5.2634,onset,29500,38229,40
5.2638,onset,29500,38229,-14
5.2665,onset,29550,38229,-17
5.2669,onset,29550,38229,-116
5.2671,onset,29550,38229,-99
5.2675,onset,29550,38229,-27
5.2678,onset,29550,38229,2
5.2681,onset,29550,38229,-37
5.2684,onset,29550,38229,12
5.2687,onset,29550,38229,17
5.269,onset,29550,38229,0
5.2693,onset,29550,38229,23
5.2696,onset,29550,38229,34
5.2702,onset,29550,38229,-8
5.2705,onset,29550,38229,-41
5.2708,onset,29550,38229,3
5.2711,onset,29550,38229,59
5.2714,onset,29550,38229,35
5.2748,onset,29600,38229,32
5.2753,onset,29600,38229,-16
5.2757,onset,29600,38229,50
5.2761,onset,29600,38229,-67
5.2765,onset,29600,38229,39
5.2769,onset,29600,38229,-78
5.2773,onset,29600,38229,-7
5.2777,onset,29600,38229,34
5.278,onset,29600,38229,37
5.2783,onset,29600,38229,-53
5.2786,onset,29600,38229,38
5.2789,onset,29600,38229,-23
5.2792,onset,29600,38229,16
5.2796,onset,29600,38229,-30
5.2799,onset,29600,38229,-21
5.2802,onset,29600,38229,23
5.283,onset,29650,38229,-8
5.2833,onset,29650,38229,-80
5.2837,onset,29650,38229,-26
5.2841,onset,29650,38229,64
5.2844,onset,29650,38229,83
5.2848,onset,29650,38229,-67
5.2851,onset,29650,38229,-40
5.2854,onset,29650,38229,-5
5.2858,onset,29650,38229,28
5.2861,onset,29650,38229,-10
5.2865,onset,29650,38229,-20
5.2868,onset,29650,38229,-22
5.2871,onset,29650,38229,9
5.2874,onset,29650,38229,-25
5.2877,onset,29650,38229,-31
5.2881,onset,29650,38229,-26
5.2917,onset,29700,38229,3
5.2922,onset,29700,38229,-15
5.2928,onset,29700,38229,-21
5.2935,onset,29700,38229,16
5.2939,onset,29700,38229,48
5.2942,onset,29700,38229,-50
5.2945,onset,29700,38229,-30
5.2948,onset,29700,38229,-1
5.2951,onset,29700,38229,-52
5.2954,onset,29700,38229,10
5.2957,onset,29700,38229,-54
5.2961,onset,29700,38229,83
5.2964,onset,29700,38229,38
5.2968,onset,29700,38229,-64
5.2971,onset,29700,38229,-91
5.2974,onset,29700,38229,-34
5.3002,onset,29750,38229,13
5.3006,onset,29750,38229,22
5.3009,onset,29750,38229,-89
5.3013,onset,29750,38229,-30
5.3016,onset,29750,38229,60
5.302,onset,29750,38229,-11
5.3023,onset,29750,38229,-86
5.3026,onset,29750,38229,-14
5.3029,onset,29750,38229,-122
5.3032,onset,29750,38229,-63
5.3036,onset,29750,38229,-23
5.3039,onset,29750,38229,-6
5.3042,onset,29750,38229,0
5.3045,onset,29750,38229,1
5.3048,onset,29750,38229,17
5.3052,onset,29750,38229,35
5.3084,onset,29800,38229,43
5.309,onset,29800,38229,-16
5.3095,onset,29800,38229,0
5.31,onset,29800,38229,17
5.3103,onset,29800,38229,50
5.3107,onset,29800,38229,-115
5.3109,onset,29800,38229,-5
5.3113,onset,29800,38229,-76
5.3116,onset,29800,38229,-21
5.3118,onset,29800,38229,-18
5.3121,onset,29800,38229,25
5.3124,onset,29800,38229,28
5.3127,onset,29800,38229,-39
5.313,onset,29800,38229,-96
5.3133,onset,29800,38229,-26
5.3136,onset,29800,38229,-8
5.3166,onset,29850,38229,-38
5.3169,onset,29850,38229,12
5.3173,onset,29850,38229,57
5.3176,onset,29850,38229,42
5.318,onset,29850,38229,-71
5.3183,onset,29850,38229,-80
5.3186,onset,29850,38229,-15
5.319,onset,29850,38229,32
5.3193,onset,29850,38229,3
5.3196,onset,29850,38229,-103
5.3199,onset,29850,38229,-20
5.3203,onset,29850,38229,-49
5.3206,onset,29850,38229,-89
5.3209,onset,29850,38229,-59
5.3212,onset,29850,38229,1
5.3215,onset,29850,38229,-3
5.3249,onset,29900,38229,25
5.3257,onset,29900,38229,39
5.3262,onset,29900,38229,20
5.3267,onset,29900,38229,8
5.3273,onset,29900,38229,-6
5.3276,onset,29900,38229,-21
5.328,onset,29900,38229,-72
5.3285,onset,29900,38229,35
5.3288,onset,29900,38229,-1
5.3292,onset,29900,38229,41
5.3294,onset,29900,38229,13
5.3297,onset,29900,38229,32
5.33,onset,29900,38229,-34
5.3303,onset,29900,38229,14
5.3307,onset,29900,38229,29
5.3311,onset,29900,38229,-43
5.3341,onset,29950,38229,55
5.3345,onset,29950,38229,10
5.3349,onset,29950,38229,-130
5.3352,onset,29950,38229,-37
5.3355,onset,29950,38229,-24
5.3359,onset,29950,38229,-14
5.3362,onset,29950,38229,77
5.3365,onset,29950,38229,-26
5.3368,onset,29950,38229,-10
5.3372,onset,29950,38229,-24
5.3376,onset,29950,38229,21
5.3379,onset,29950,38229,21
5.3382,onset,29950,38229,-5
5.3385,onset,29950,38229,-100
5.3388,onset,29950,38229,-26
5.3391,onset,29950,38229,-3
5.3424,onset,30000,38229,56
5.3429,onset,30000,38229,27
5.3433,onset,30000,38229,-57
5.3436,onset,30000,38229,-3
5.3439,onset,30000,38229,84
5.3442,onset,30000,38229,56
5.3446,onset,30000,38229,-2
5.3449,onset,30000,38229,69
5.3453,onset,30000,38229,5
5.3456,onset,30000,38229,22
5.346,onset,30000,38229,98
5.3464,onset,30000,38229,7
5.3467,onset,30000,38229,-46
5.3471,onset,30000,38229,50
5.3475,onset,30000,38229,-69
5.3479,onset,30000,38229,2
5.3505,onset,30050,38229,-17
5.3508,onset,30050,38229,18
5.3511,onset,30050,38229,-12
5.3514,onset,30050,38229,-14
5.3517,onset,30050,38229,-19
5.352,onset,30050,38229,-22
5.3523,onset,30050,38229,15
5.3526,onset,30050,38229,57
5.3529,onset,30050,38229,14
5.3532,onset,30050,38229,44
5.3535,onset,30050,38229,12
5.3538,onset,30050,38229,21
5.3541,onset,30050,38229,21
5.3544,onset,30050,38229,-10
5.3547,onset,30050,38229,1
5.355,onset,30050,38229,-4
5.3581,onset,30100,38229,-19
5.3586,onset,30100,38229,33
5.3591,onset,30100,38229,-78
5.3597,onset,30100,38229,-11
5.3602,onset,30100,38229,25
5.3607,onset,30100,38229,-33
5.3611,onset,30100,38229,16
5.3614,onset,30100,38229,-63
5.3617,onset,30100,38229,0
5.3621,onset,30100,38229,5
5.3624,onset,30100,38229,69
5.3627,onset,30100,38229,48
5.363,onset,30100,38229,-6
5.3634,onset,30100,38229,19
5.3637,onset,30100,38229,6
5.364,onset,30100,38229,-47
5.367,onset,30150,38229,-18
5.3673,onset,30150,38229,25
5.3676,onset,30150,38229,2
5.3679,onset,30150,38229,-18
5.3682,onset,30150,38229,23
5.3685,onset,30150,38229,46
5.3688,onset,30150,38229,33
5.3691,onset,30150,38229,3
5.3694,onset,30150,38229,-17
5.3698,onset,30150,38229,16
5.3701,onset,30150,38229,-6
5.3704,onset,30150,38229,-28
5.3707,onset,30150,38229,-27
5.371,onset,30150,38229,-13
5.3713,onset,30150,38229,-12
5.3716,onset,30150,38229,-19
5.375,onset,30200,38229,48
5.3757,onset,30200,38229,-20
5.3765,onset,30200,38229,-35
5.3768,onset,30200,38229,61
5.3772,onset,30200,38229,-16
5.3776,onset,30200,38229,-2
5.3778,onset,30200,38229,-75
5.3781,onset,30200,38229,-30
5.3785,onset,30200,38229,-2
5.3788,onset,30200,38229,32
5.3791,onset,30200,38229,2
5.3794,onset,30200,38229,39
5.3797,onset,30200,38229,59
5.38,onset,30200,38229,30
5.3803,onset,30200,38229,98
5.3806,onset,30200,38229,57
5.3833,onset,30250,38229,3
5.3836,onset,30250,38229,-101
5.384,onset,30250,38229,-48
5.3843,onset,30250,38229,-25
5.3846,onset,30250,38229,45
5.385,onset,30250,38229,83
5.3854,onset,30250,38229,25
5.3857,onset,30250,38229,-92
5.386,onset,30250,38229,-23
5.3863,onset,30250,38229,-6
5.3866,onset,30250,38229,-10
5.3869,onset,30250,38229,-50
5.3872,onset,30250,38229,-32
5.3875,onset,30250,38229,6
5.3878,onset,30250,38229,8
5.3882,onset,30250,38229,23
5.3914,onset,30300,38229,-37
5.3921,onset,30300,38229,96
5.3928,onset,30300,38229,28
5.3933,onset,30300,38229,-77
5.3939,onset,30300,38229,-31
5.3943,onset,30300,38229,0
5.3946,onset,30300,38229,12
5.3949,onset,30300,38229,5
5.3952,onset,30300,38229,74
5.3955,onset,30300,38229,15
5.3958,onset,30300,38229,21
5.3961,onset,30300,38229,61
5.3964,onset,30300,38229,36
5.3967,onset,30300,38229,-35
5.397,onset,30300,38229,5
5.3973,onset,30300,38229,49
5.4002,onset,30350,38229,30
5.4006,onset,30350,38229,43
5.4009,onset,30350,38229,-62
5.4013,onset,30350,38229,-41
5.4016,onset,30350,38229,37
5.402,onset,30350,38229,-14
5.4023,onset,30350,38229,-32
5.4026,onset,30350,38229,-36
5.403,onset,30350,38229,-32
5.4033,onset,30350,38229,3
5.4037,onset,30350,38229,0
5.404,onset,30350,38229,-37
5.4043,onset,30350,38229,-88
5.4046,onset,30350,38229,-38
5.4049,onset,30350,38229,19
5.4052,onset,30350,38229,-21
5.4082,onset,30400,38229,-55
5.4087,onset,30400,38229,56
5.4093,onset,30400,38229,14
5.41,onset,30400,38229,61
5.4105,onset,30400,38229,-22
5.4108,onset,30400,38229,44
5.4112,onset,30400,38229,-11
5.4115,onset,30400,38229,-72
5.4117,onset,30400,38229,-1
5.4121,onset,30400,38229,-69
5.4124,onset,30400,38229,-26
5.4127,onset,30400,38229,-20
5.413,onset,30400,38229,-17
5.4133,onset,30400,38229,-29
5.4136,onset,30400,38229,-27
5.4139,onset,30400,38229,-24
5.4167,onset,30450,38229,23
5.417,onset,30450,38229,-34
5.4174,onset,30450,38229,-30
5.4177,onset,30450,38229,26
5.4181,onset,30450,38229,51
5.4184,onset,30450,38229,-58
5.4187,onset,30450,38229,1
5.419,onset,30450,38229,-42
5.4193,onset,30450,38229,-45
5.4197,onset,30450,38229,-34
5.4199,onset,30450,38229,-74
5.4203,onset,30450,38229,-67
5.4206,onset,30450,38229,-5
5.4209,onset,30450,38229,-25
5.4212,onset,30450,38229,35
5.4215,onset,30450,38229,28
5.4245,onset,30500,38229,46
5.425,onset,30500,38229,2
5.4255,onset,30500,38229,112
5.4261,onset,30500,38229,-6
5.4266,onset,30500,38229,-69
5.4272,onset,30500,38229,46
5.4276,onset,30500,38229,32
5.428,onset,30500,38229,-18
5.4284,onset,30500,38229,36
5.4287,onset,30500,38229,41
5.4292,onset,30500,38229,-27
5.4296,onset,30500,38229,-9
5.43,onset,30500,38229,-34
5.4303,onset,30500,38229,13
5.4306,onset,30500,38229,-5
5.4309,onset,30500,38229,-25
5.4337,onset,30550,38229,-125
5.434,onset,30550,38229,-10
5.4343,onset,30550,38229,-1
5.4347,onset,30550,38229,-25
5.435,onset,30550,38229,31
5.4354,onset,30550,38229,62
5.4357,onset,30550,38229,-37
5.4361,onset,30550,38229,-43
5.4364,onset,30550,38229,-25
5.4368,onset,30550,38229,58
5.4371,onset,30550,38229,-46
5.4375,onset,30550,38229,-84
5.4378,onset,30550,38229,4
5.4381,onset,30550,38229,-69
5.4385,onset,30550,38229,-17
5.4388,onset,30550,38229,34
5.4419,onset,30600,38229,5
5.4424,onset,30600,38229,65
5.4428,onset,30600,38229,-76
5.4434,onset,30600,38229,-67
5.4437,onset,30600,38229,-30
5.4441,onset,30600,38229,0
5.4444,onset,30600,38229,-33
5.4447,onset,30600,38229,-45
5.445,onset,30600,38229,-12
5.4453,onset,30600,38229,7
5.4457,onset,30600,38229,69
5.446,onset,30600,38229,-10
5.4464,onset,30600,38229,-50
5.4467,onset,30600,38229,-67
5.447,onset,30600,38229,-63
5.4473,onset,30600,38229,-11
5.4501,onset,30650,38229,46
5.4505,onset,30650,38229,2
5.4509,onset,30650,38229,-15
5.4513,onset,30650,38229,80
5.4516,onset,30650,38229,-22
5.452,onset,30650,38229,-28
5.4523,onset,30650,38229,-37
5.4526,onset,30650,38229,-1
5.4529,onset,30650,38229,42
5.4533,onset,30650,38229,-11
5.4536,onset,30650,38229,-33
5.4539,onset,30650,38229,-54
5.4542,onset,30650,38229,-84
5.4546,onset,30650,38229,-12
5.4549,onset,30650,38229,-10
5.4552,onset,30650,38229,-19
5.4589,onset,30700,38229,2
5.4593,onset,30700,38229,58
5.4596,onset,30700,38229,14
5.4599,onset,30700,38229,-35
5.4604,onset,30700,38229,-34
5.4607,onset,30700,38229,-29
5.461,onset,30700,38229,68
5.4612,onset,30700,38229,104
5.4615,onset,30700,38229,32
5.4617,onset,30700,38229,4
5.4619,onset,30700,38229,-15
5.4622,onset,30700,38229,91
5.4624,onset,30700,38229,58
5.4627,onset,30700,38229,11
5.4629,onset,30700,38229,4
5.4632,onset,30700,38229,-73
5.4658,onset,30750,38229,-1
5.4661,onset,30750,38229,0
5.4663,onset,30750,38229,23
5.4666,onset,30750,38229,-21
5.4668,onset,30750,38229,-9
5.4671,onset,30750,38229,4
5.4674,onset,30750,38229,-24
5.4677,onset,30750,38229,-12
5.468,onset,30750,38229,-38
5.4682,onset,30750,38229,-65
5.4685,onset,30750,38229,-83
5.4688,onset,30750,38229,-30
5.4691,onset,30750,38229,-88
5.4693,onset,30750,38229,35
5.4696,onset,30750,38229,34
5.4698,onset,30750,38229,-3
5.4724,onset,30800,38229,-52
5.4727,onset,30800,38229,-35
5.473,onset,30800,38229,-16
5.4733,onset,30800,38229,-24
5.4735,onset,30800,38229,-62
5.4739,onset,30800,38229,-5
5.4743,onset,30800,38229,-10
5.4748,onset,30800,38229,-38
5.4755,onset,30800,38229,141
5.476,onset,30800,38229,12
5.4766,onset,30800,38229,-25
5.477,onset,30800,38229,-31
5.4772,onset,30800,38229,8
5.4776,onset,30800,38229,16
5.478,onset,30800,38229,69
5.4783,onset,30800,38229,33
5.4812,onset,30850,38229,78
5.4814,onset,30850,38229,8
5.4818,onset,30850,38229,58
5.4821,onset,30850,38229,30
5.4824,onset,30850,38229,-28
5.4827,onset,30850,38229,12
5.483,onset,30850,38229,-7
5.4833,onset,30850,38229,-71
5.4836,onset,30850,38229,-32
5.4839,onset,30850,38229,-38
5.4843,onset,30850,38229,-50
5.4846,onset,30850,38229,-2
5.4849,onset,30850,38229,41
5.4852,onset,30850,38229,-9
5.4855,onset,30850,38229,71
5.4858,onset,30850,38229,-26
5.4889,onset,30900,38229,-23
5.4893,onset,30900,38229,-7
5.4896,onset,30900,38229,73
5.4899,onset,30900,38229,11
5.4901,onset,30900,38229,21
5.4905,onset,30900,38229,-2
5.491,onset,30900,38229,-73
5.4914,onset,30900,38229,-65
5.492,onset,30900,38229,43
5.4927,onset,30900,38229,-92
5.4931,onset,30900,38229,-24
5.4935,onset,30900,38229,52
5.4938,onset,30900,38229,10
5.4941,onset,30900,38229,-3
5.4944,onset,30900,38229,30
5.4947,onset,30900,38229,86
5.4973,onset,30950,38229,-36
5.4976,onset,30950,38229,54
5.498,onset,30950,38229,38
5.4983,onset,30950,38229,-73
5.4987,onset,30950,38229,-8
5.499,onset,30950,38229,-46
5.4993,onset,30950,38229,-28
5.4996,onset,30950,38229,8
5.4999,onset,30950,38229,-21
5.5003,onset,30950,38229,9
5.5007,onset,30950,38229,-27
5.501,onset,30950,38229,-30
5.5013,onset,30950,38229,-65
5.5016,onset,30950,38229,-30
5.502,onset,30950,38229,48
5.5023,onset,30950,38229,51
5.5055,onset,31000,38229,7
5.506,onset,31000,38229,-28
5.5064,onset,31000,38229,-2
5.507,onset,31000,38229,-5
5.5085,onset,31000,38229,18
5.5098,onset,31000,38229,-4
5.5102,onset,31000,38229,-69
5.5106,onset,31000,38229,35
5.511,onset,31000,38229,53
5.5113,onset,31000,38229,-72
5.5116,onset,31000,38229,-58
5.512,onset,31000,38229,-2
5.5123,onset,31000,38229,10
5.5126,onset,31000,38229,7
5.5129,onset,31000,38229,49
5.5132,onset,31000,38229,65
5.5158,onset,31050,38229,-19
5.5162,onset,31050,38229,62
5.5165,onset,31050,38229,77
5.5168,onset,31050,38229,-16
5.5171,onset,31050,38229,13
5.5174,onset,31050,38229,-89
5.5177,onset,31050,38229,-54
5.518,onset,31050,38229,-8
5.5183,onset,31050,38229,-47
5.5187,onset,31050,38229,-19
5.519,onset,31050,38229,42
5.5193,onset,31050,38229,29
5.5196,onset,31050,38229,17
5.5198,onset,31050,38229,4
5.5201,onset,31050,38229,-19
5.5205,onset,31050,38229,-13
5.5231,onset,31100,38229,18
5.5234,onset,31100,38229,16
5.5238,onset,31100,38229,65
5.5245,onset,31100,38229,34
5.5249,onset,31100,38229,88
5.5259,onset,31100,38229,-86
5.5263,onset,31100,38229,42
5.5267,onset,31100,38229,33
5.5272,onset,31100,38229,16
5.5275,onset,31100,38229,-10
5.5278,onset,31100,38229,-86
5.5281,onset,31100,38229,-36
5.5284,onset,31100,38229,15
5.5288,onset,31100,38229,-11
5.5292,onset,31100,38229,-38
5.5297,onset,31100,38229,73
5.5328,onset,31150,38229,-10
5.5331,onset,31150,38229,-1
5.5334,onset,31150,38229,31
5.5337,onset,31150,38229,12
5.5341,onset,31150,38229,-23
5.5344,onset,31150,38229,-85
5.5347,onset,31150,38229,-30
5.535,onset,31150,38229,-18
5.5353,onset,31150,38229,-86
5.5356,onset,31150,38229,-25
5.5359,onset,31150,38229,2
5.5363,onset,31150,38229,-1
5.5366,onset,31150,38229,-13
5.5369,onset,31150,38229,35
5.5372,onset,31150,38229,17
5.5375,onset,31150,38229,-24
5.5401,onset,31200,38229,36
5.5404,onset,31200,38229,33
5.5408,onset,31200,38229,29
5.5413,onset,31200,38229,-82
5.5417,onset,31200,38229,-1
5.5424,onset,31200,38229,90
5.5429,onset,31200,38229,-10
5.5436,onset,31200,38229,-22
5.5441,onset,31200,38229,-14
5.5445,onset,31200,38229,-37
5.5449,onset,31200,38229,48
5.5452,onset,31200,38229,15
5.5455,onset,31200,38229,-20
5.5458,onset,31200,38229,5
5.5461,onset,31200,38229,-75
5.5464,onset,31200,38229,27
5.5491,onset,31250,38229,44
5.5494,onset,31250,38229,5
5.5497,onset,31250,38229,-64
5.55,onset,31250,38229,-27
5.5503,onset,31250,38229,-22
5.5507,onset,31250,38229,-5
5.551,onset,31250,38229,25
5.5513,onset,31250,38229,50
5.5516,onset,31250,38229,87
5.552,onset,31250,38229,16
5.5523,onset,31250,38229,7
5.5526,onset,31250,38229,9
5.5529,onset,31250,38229,-41
5.5532,onset,31250,38229,-101
5.5535,onset,31250,38229,-113
5.5538,onset,31250,38229,-87
5.5563,onset,31300,38229,34
5.5567,onset,31300,38229,-3
5.5569,onset,31300,38229,21
5.5576,onset,31300,38229,64
5.5582,onset,31300,38229,11
5.5589,onset,31300,38229,94
5.5594,onset,31300,38229,-21
5.5599,onset,31300,38229,-29
5.5602,onset,31300,38229,3
5.5605,onset,31300,38229,51
5.5608,onset,31300,38229,59
5.5612,onset,31300,38229,40
5.5614,onset,31300,38229,67
5.5618,onset,31300,38229,35
5.5621,onset,31300,38229,-59
5.5624,onset,31300,38229,46
5.5652,onset,31350,38229,25
5.5655,onset,31350,38229,-12
5.5658,onset,31350,38229,32
5.5661,onset,31350,38229,70
5.5664,onset,31350,38229,5
5.5667,onset,31350,38229,44
5.567,onset,31350,38229,8
5.5674,onset,31350,38229,-41
5.5678,onset,31350,38229,46
5.5681,onset,31350,38229,5
5.5684,onset,31350,38229,3
5.5688,onset,31350,38229,-26
5.5691,onset,31350,38229,-71
5.5694,onset,31350,38229,-23
5.5698,onset,31350,38229,-17
5.5701,onset,31350,38229,-13
5.5728,onset,31400,38229,70
5.5731,onset,31400,38229,53
5.5735,onset,31400,38229,25
5.5739,onset,31400,38229,-69
5.5745,onset,31400,38229,29
5.575,onset,31400,38229,-51
5.5756,onset,31400,38229,25
5.5761,onset,31400,38229,-13
5.5765,onset,31400,38229,8
5.577,onset,31400,38229,-26
5.5774,onset,31400,38229,77
5.5778,onset,31400,38229,-32
5.5782,onset,31400,38229,45
5.5785,onset,31400,38229,84
5.5788,onset,31400,38229,49
5.5791,onset,31400,38229,-24
5.5819,onset,31450,38229,-9
5.5823,onset,31450,38229,-8
5.5826,onset,31450,38229,-16
5.583,onset,31450,38229,-39
5.5833,onset,31450,38229,-27
5.5836,onset,31450,38229,12
5.584,onset,31450,38229,57
5.5843,onset,31450,38229,39
5.5847,onset,31450,38229,-12
5.585,onset,31450,38229,-76
5.5853,onset,31450,38229,-53
5.5856,onset,31450,38229,-31
5.586,onset,31450,38229,25
5.5863,onset,31450,38229,54
5.5866,onset,31450,38229,16
5.587,onset,31450,38229,-42
5.5898,onset,31500,38229,-13
5.5902,onset,31500,38229,-39
5.5906,onset,31500,38229,-49
5.5913,onset,31500,38229,28
5.592,onset,31500,38229,55
5.5926,onset,31500,38229,33
5.5935,onset,31500,38229,26
5.5939,onset,31500,38229,55
5.5945,onset,31500,38229,3
5.5949,onset,31500,38229,-24
5.5953,onset,31500,38229,40
5.5959,onset,31500,38229,65
5.5963,onset,31500,38229,-26
5.5968,onset,31500,38229,-81
5.5972,onset,31500,38229,7
5.5976,onset,31500,38229,18
5.6004,onset,31550,38229,1
5.6008,onset,31550,38229,70
5.6011,onset,31550,38229,37
5.6014,onset,31550,38229,68
5.6016,onset,31550,38229,-1
5.6019,onset,31550,38229,21
5.6022,onset,31550,38229,55
5.6025,onset,31550,38229,33
5.6028,onset,31550,38229,44
5.6031,onset,31550,38229,72
5.6034,onset,31550,38229,5
5.6037,onset,31550,38229,47
5.604,onset,31550,38229,-27
5.6043,onset,31550,38229,20
5.6046,onset,31550,38229,61
5.6048,onset,31550,38229,47
5.6082,onset,31600,38229,43
5.6087,onset,31600,38229,35
5.6092,onset,31600,38229,-70
5.6096,onset,31600,38229,29
5.6101,onset,31600,38229,-12
5.6105,onset,31600,38229,-20
5.6111,onset,31600,38229,-11
5.6116,onset,31600,38229,-3
5.612,onset,31600,38229,-4
5.6123,onset,31600,38229,-39
5.6127,onset,31600,38229,-8
5.6132,onset,31600,38229,19
5.6136,onset,31600,38229,-7
5.6139,onset,31600,38229,9
5.6142,onset,31600,38229,35
5.6145,onset,31600,38229,56
5.6173,onset,31650,38229,-74
5.6177,onset,31650,38229,-57
5.6182,onset,31650,38229,-34
5.6185,onset,31650,38229,49
5.6188,onset,31650,38229,44
5.6193,onset,31650,38229,-31
5.6196,onset,31650,38229,-13
5.62,onset,31650,38229,-8
5.6203,onset,31650,38229,10
5.6206,onset,31650,38229,63
5.6209,onset,31650,38229,1
5.6213,onset,31650,38229,-6
5.6216,onset,31650,38229,-37
5.6219,onset,31650,38229,-31
5.6222,onset,31650,38229,-8
5.6225,onset,31650,38229,30
5.6255,onset,31700,38229,-29
5.6259,onset,31700,38229,55
5.6264,onset,31700,38229,-67
5.6267,onset,31700,38229,-1
5.627,onset,31700,38229,-58
5.6273,onset,31700,38229,-31
5.6277,onset,31700,38229,-41
5.628,onset,31700,38229,-11
5.6284,onset,31700,38229,54
5.6288,onset,31700,38229,18
5.6292,onset,31700,38229,-5
5.6295,onset,31700,38229,83
5.63,onset,31700,38229,-25
5.6303,onset,31700,38229,-31
5.6306,onset,31700,38229,-26
5.6309,onset,31700,38229,29
5.6338,onset,31750,38229,-12
5.6341,onset,31750,38229,21
5.6344,onset,31750,38229,55
5.6347,onset,31750,38229,-1
5.635,onset,31750,38229,42
5.6353,onset,31750,38229,40
5.6356,onset,31750,38229,33
5.6359,onset,31750,38229,7
5.6362,onset,31750,38229,29
5.6365,onset,31750,38229,41
5.6368,onset,31750,38229,22
5.6371,onset,31750,38229,23
5.6374,onset,31750,38229,22
5.6377,onset,31750,38229,81
5.6381,onset,31750,38229,15
5.6384,onset,31750,38229,-9
5.6413,onset,31800,38229,-17
5.6418,onset,31800,38229,16
5.6423,onset,31800,38229,-80
5.6428,onset,31800,38229,40
5.6433,onset,31800,38229,10
5.6437,onset,31800,38229,3
5.6443,onset,31800,38229,19
5.6447,onset,31800,38229,-21
5.645,onset,31800,38229,-18
5.6454,onset,31800,38229,82
5.6457,onset,31800,38229,85
5.6461,onset,31800,38229,66
5.6464,onset,31800,38229,-61
5.6467,onset,31800,38229,-27
5.647,onset,31800,38229,-30
5.6473,onset,31800,38229,-73
5.6502,onset,31850,38229,-24
5.6506,onset,31850,38229,-35
5.6508,onset,31850,38229,-11
5.6512,onset,31850,38229,-17
5.6515,onset,31850,38229,-65
5.6518,onset,31850,38229,-15
5.6521,onset,31850,38229,-1
5.6524,onset,31850,38229,44
5.6527,onset,31850,38229,73
5.6531,onset,31850,38229,-1
5.6534,onset,31850,38229,-30
5.6537,onset,31850,38229,-41
5.6541,onset,31850,38229,-16
5.6544,onset,31850,38229,25
5.6547,onset,31850,38229,44
5.6551,onset,31850,38229,62
5.6584,onset,31900,38229,-12
5.6589,onset,31900,38229,44
5.6595,onset,31900,38229,-37
5.66,onset,31900,38229,0
5.6604,onset,31900,38229,37
5.6607,onset,31900,38229,60
5.661,onset,31900,38229,40
5.6613,onset,31900,38229,18
5.6617,onset,31900,38229,-33
5.662,onset,31900,38229,35
5.6623,onset,31900,38229,-21
5.6626,onset,31900,38229,1
5.6629,onset,31900,38229,-42
5.6632,onset,31900,38229,-84
5.6635,onset,31900,38229,-42
5.6638,onset,31900,38229,-32
5.6665,onset,31950,38229,-9
5.6669,onset,31950,38229,-6
5.6672,onset,31950,38229,8
5.6675,onset,31950,38229,-74
5.6678,onset,31950,38229,20
5.6682,onset,31950,38229,-58
5.6685,onset,31950,38229,-31
5.6688,onset,31950,38229,1
5.6692,onset,31950,38229,-25
5.6695,onset,31950,38229,31
5.6698,onset,31950,38229,8
5.6701,onset,31950,38229,55
5.6704,onset,31950,38229,-9
5.6707,onset,31950,38229,-61
5.671,onset,31950,38229,17
5.6713,onset,31950,38229,-33
5.6744,onset,32000,38229,61
5.6749,onset,32000,38229,10
5.6755,onset,32000,38229,86
5.6763,onset,32000,38229,-25
5.6769,onset,32000,38229,46
5.6772,onset,32000,38229,12
5.6776,onset,32000,38229,26
5.678,onset,32000,38229,-11
5.6783,onset,32000,38229,23
5.6786,onset,32000,38229,36
5.6789,onset,32000,38229,13
5.6792,onset,32000,38229,92
5.6795,onset,32000,38229,13
5.6798,onset,32000,38229,70
5.6802,onset,32000,38229,60
5.6805,onset,32000,38229,-100
5.6835,onset,32050,38229,-55
5.6839,onset,32050,38229,58
5.6842,onset,32050,38229,61
5.6846,onset,32050,38229,-80
5.6849,onset,32050,38229,-81
5.6852,onset,32050,38229,15
5.6855,onset,32050,38229,-16
5.6859,onset,32050,38229,29
5.6862,onset,32050,38229,52
5.6866,onset,32050,38229,-120
5.6869,onset,32050,38229,-91
5.6872,onset,32050,38229,-73
5.6875,onset,32050,38229,-10
5.6878,onset,32050,38229,-21
5.6882,onset,32050,38229,24
5.6884,onset,32050,38229,64
5.6914,onset,32100,38229,69
5.692,onset,32100,38229,-84
5.6926,onset,32100,38229,-102
5.693,onset,32100,38229,-26
5.6933,onset,32100,38229,12
5.6937,onset,32100,38229,-84
5.694,onset,32100,38229,-23
5.6943,onset,32100,38229,-24
5.6946,onset,32100,38229,-27
5.6949,onset,32100,38229,-3
5.6952,onset,32100,38229,-12
5.6956,onset,32100,38229,0
5.6959,onset,32100,38229,39
5.6962,onset,32100,38229,10
5.6966,onset,32100,38229,61
5.6969,onset,32100,38229,52
5.6996,onset,32150,38229,23
5.6999,onset,32150,38229,-71
5.7003,onset,32150,38229,-5
5.7006,onset,32150,38229,33
5.701,onset,32150,38229,7
5.7013,onset,32150,38229,-31
5.7016,onset,32150,38229,-38
5.702,onset,32150,38229,-28
5.7023,onset,32150,38229,60
5.7027,onset,32150,38229,6
5.703,onset,32150,38229,52
5.7033,onset,32150,38229,-5
5.7036,onset,32150,38229,-46
5.7039,onset,32150,38229,10
5.7042,onset,32150,38229,-39
5.7045,onset,32150,38229,-102
5.7074,onset,32200,38229,-36
5.7079,onset,32200,38229,-65
5.7086,onset,32200,38229,-27
5.7091,onset,32200,38229,85
5.7096,onset,32200,38229,13
5.71,onset,32200,38229,5
5.7104,onset,32200,38229,46
5.7108,onset,32200,38229,26
5.7111,onset,32200,38229,-66
5.7115,onset,32200,38229,36
5.7118,onset,32200,38229,52
5.7121,onset,32200,38229,31
5.7126,onset,32200,38229,10
5.7129,onset,32200,38229,12
5.7134,onset,32200,38229,0
5.7137,onset,32200,38229,-40
5.7167,onset,32250,38229,-76
5.717,onset,32250,38229,-45
5.7173,onset,32250,38229,-30
5.7176,onset,32250,38229,-10
5.7179,onset,32250,38229,24
5.7182,onset,32250,38229,40
5.7185,onset,32250,38229,-16
5.7189,onset,32250,38229,0
5.7192,onset,32250,38229,-38
5.7195,onset,32250,38229,-58
5.7198,onset,32250,38229,-25
5.7202,onset,32250,38229,-45
5.7205,onset,32250,38229,-10
5.7208,onset,32250,38229,-35
5.7211,onset,32250,38229,43
5.7214,onset,32250,38229,-6
5.7246,onset,32300,38229,-7
5.7251,onset,32300,38229,7
5.7256,onset,32300,38229,34
5.7262,onset,32300,38229,85
5.7266,onset,32300,38229,83
5.7271,onset,32300,38229,-101
5.7275,onset,32300,38229,25
5.7278,onset,32300,38229,-54
5.7282,onset,32300,38229,9
5.7285,onset,32300,38229,13
5.7289,onset,32300,38229,27
5.7292,onset,32300,38229,-16
5.7295,onset,32300,38229,-35
5.7298,onset,32300,38229,-55
5.7301,onset,32300,38229,-26
5.7304,onset,32300,38229,9
5.7332,onset,32350,38229,33
5.7335,onset,32350,38229,17
5.7339,onset,32350,38229,-5
5.7343,onset,32350,38229,-6
5.7346,onset,32350,38229,34
5.735,onset,32350,38229,55
5.7353,onset,32350,38229,7
5.7356,onset,32350,38229,-80
5.7359,onset,32350,38229,-9
5.7362,onset,32350,38229,-71
5.7366,onset,32350,38229,-33
5.7369,onset,32350,38229,-6
5.7372,onset,32350,38229,23
5.7375,onset,32350,38229,69
5.7378,onset,32350,38229,36
5.7382,onset,32350,38229,-5
5.7417,onset,32400,38229,64
5.7421,onset,32400,38229,79
5.7426,onset,32400,38229,-25
5.7431,onset,32400,38229,15
5.7435,onset,32400,38229,26
5.7439,onset,32400,38229,10
5.7444,onset,32400,38229,-7
5.7447,onset,32400,38229,37
5.745,onset,32400,38229,8
5.7454,onset,32400,38229,-39
5.7458,onset,32400,38229,6
5.7461,onset,32400,38229,-31
5.7464,onset,32400,38229,-25
5.7469,onset,32400,38229,-35
5.7474,onset,32400,38229,60
5.7479,onset,32400,38229,53
5.7512,onset,32450,38229,7
5.7516,onset,32450,38229,2
5.7519,onset,32450,38229,-52
5.7522,onset,32450,38229,-69
5.7525,onset,32450,38229,-39
5.7528,onset,32450,38229,-106
5.7531,onset,32450,38229,-48
5.7533,onset,32450,38229,-74
5.7536,onset,32450,38229,-106
5.7538,onset,32450,38229,22
5.7541,onset,32450,38229,35
5.7543,onset,32450,38229,3
5.7546,onset,32450,38229,-9
5.7548,onset,32450,38229,-81
5.7551,onset,32450,38229,-100
5.7554,onset,32450,38229,-12
5.7584,onset,32500,38229,33
5.7587,onset,32500,38229,-3
5.7592,onset,32500,38229,54
5.7597,onset,32500,38229,28
5.7599,onset,32500,38229,21
5.7603,onset,32500,38229,50
5.7607,onset,32500,38229,-72
5.761,onset,32500,38229,-13
5.7613,onset,32500,38229,19
5.7616,onset,32500,38229,1
5.7618,onset,32500,38229,2
5.7621,onset,32500,38229,-68
5.7623,onset,32500,38229,38
5.7626,onset,32500,38229,24
5.7628,onset,32500,38229,47
5.7631,onset,32500,38229,29
5.766,onset,32550,38229,16
5.7663,onset,32550,38229,43
5.7666,onset,32550,38229,-6
5.7669,onset,32550,38229,0
5.7672,onset,32550,38229,7
5.7675,onset,32550,38229,43
5.7678,onset,32550,38229,42
5.7681,onset,32550,38229,-9
5.7684,onset,32550,38229,28
5.7687,onset,32550,38229,-17
5.7689,onset,32550,38229,-23
5.7692,onset,32550,38229,-4
5.7695,onset,32550,38229,-32
5.7698,onset,32550,38229,-21
5.7701,onset,32550,38229,6
5.7704,onset,32550,38229,-11
5.7731,onset,32600,38229,19
5.7735,onset,32600,38229,11
5.7739,onset,32600,38229,22
5.7742,onset,32600,38229,-36
5.7748,onset,32600,38229,7
5.7754,onset,32600,38229,-30
5.7763,onset,32600,38229,-29
5.7768,onset,32600,38229,0
5.7772,onset,32600,38229,-21
5.7776,onset,32600,38229,78
5.7779,onset,32600,38229,71
5.7783,onset,32600,38229,61
5.7786,onset,32600,38229,-30
5.7789,onset,32600,38229,-31
5.7792,onset,32600,38229,-20
5.7796,onset,32600,38229,7
5.7825,onset,32650,38229,26
5.7828,onset,32650,38229,41
5.7831,onset,32650,38229,6
5.7834,onset,32650,38229,47
5.7838,onset,32650,38229,54
5.7841,onset,32650,38229,14
5.7844,onset,32650,38229,-40
5.7847,onset,32650,38229,9
5.785,onset,32650,38229,-55
5.7853,onset,32650,38229,-57
5.7856,onset,32650,38229,-29
5.7859,onset,32650,38229,-43
5.7863,onset,32650,38229,-25
5.7866,onset,32650,38229,-11
5.7869,onset,32650,38229,-24
5.7872,onset,32650,38229,41
5.7903,onset,32700,38229,1
5.7906,onset,32700,38229,6
5.7914,onset,32700,38229,-19
5.792,onset,32700,38229,71
5.7926,onset,32700,38229,-24
5.7931,onset,32700,38229,-24
5.7935,onset,32700,38229,66
5.7942,onset,32700,38229,-39
5.7946,onset,32700,38229,11
5.7948,onset,32700,38229,20
5.7951,onset,32700,38229,-1
5.7954,onset,32700,38229,31
5.7957,onset,32700,38229,83
5.796,onset,32700,38229,44
5.7963,onset,32700,38229,38
5.7966,onset,32700,38229,77
5.7995,onset,32750,38229,5
5.7998,onset,32750,38229,35
5.8001,onset,32750,38229,-37
5.8004,onset,32750,38229,-9
5.8007,onset,32750,38229,3
5.801,onset,32750,38229,71
5.8012,onset,32750,38229,49
5.8015,onset,32750,38229,51
5.8018,onset,32750,38229,16
5.8021,onset,32750,38229,2
5.8024,onset,32750,38229,-8
5.8027,onset,32750,38229,20
5.803,onset,32750,38229,13
5.8033,onset,32750,38229,-11
5.8036,onset,32750,38229,-12
5.8039,onset,32750,38229,17
5.8068,onset,32800,38229,57
5.8072,onset,32800,38229,13
5.808,onset,32800,38229,-60
5.809,onset,32800,38229,27
5.8098,onset,32800,38229,-11
5.8104,onset,32800,38229,-25
5.8108,onset,32800,38229,3
5.8111,onset,32800,38229,58
5.8117,onset,32800,38229,63
5.8122,onset,32800,38229,80
5.8125,onset,32800,38229,-33
5.8128,onset,32800,38229,-24
5.8132,onset,32800,38229,19
5.8136,onset,32800,38229,-77
5.814,onset,32800,38229,8
5.8143,onset,32800,38229,21
5.817,onset,32850,38229,7
5.8173,onset,32850,38229,38
5.8177,onset,32850,38229,21
5.818,onset,32850,38229,-5
5.8183,onset,32850,38229,-30
5.8187,onset,32850,38229,-15
5.8193,onset,32850,38229,20
5.8197,onset,32850,38229,-93
5.82,onset,32850,38229,-34
5.8204,onset,32850,38229,-1
5.8207,onset,32850,38229,26
5.821,onset,32850,38229,41
5.8213,onset,32850,38229,28
5.8217,onset,32850,38229,-72
5.8219,onset,32850,38229,-78
5.8223,onset,32850,38229,10
5.8255,onset,32900,38229,48
5.8261,onset,32900,38229,19
5.8266,onset,32900,38229,66
5.8271,onset,32900,38229,38
5.8275,onset,32900,38229,-4
5.8278,onset,32900,38229,41
5.8282,onset,32900,38229,26
5.8284,onset,32900,38229,33
5.8287,onset,32900,38229,62
5.8291,onset,32900,38229,59
5.8294,onset,32900,38229,-21
5.8297,onset,32900,38229,47
5.83,onset,32900,38229,-11
5.8303,onset,32900,38229,-30
5.8306,onset,32900,38229,-27
5.8309,onset,32900,38229,-85
5.8337,onset,32950,38229,30
5.834,onset,32950,38229,1
5.8344,onset,32950,38229,-77
5.8347,onset,32950,38229,-92
5.8351,onset,32950,38229,-9
5.8355,onset,32950,38229,36
5.8359,onset,32950,38229,-44
5.8362,onset,32950,38229,0
5.8365,onset,32950,38229,22
5.8368,onset,32950,38229,36
5.8372,onset,32950,38229,9
5.8375,onset,32950,38229,55
5.8378,onset,32950,38229,36
5.8381,onset,32950,38229,-37
5.8384,onset,32950,38229,-103
5.8387,onset,32950,38229,5
5.8424,onset,33000,38229,48
5.8428,onset,33000,38229,-48
5.8433,onset,33000,38229,66
5.8437,onset,33000,38229,-31
5.844,onset,33000,38229,-1
5.8443,onset,33000,38229,31
5.8446,onset,33000,38229,-3
5.8449,onset,33000,38229,39
5.8453,onset,33000,38229,1
5.8456,onset,33000,38229,-10
5.8459,onset,33000,38229,-1
5.8463,onset,33000,38229,46
5.8466,onset,33000,38229,55
5.8469,onset,33000,38229,-9
5.8472,onset,33000,38229,-3
5.8475,onset,33000,38229,75
5.8504,onset,33050,38229,-32
5.8507,onset,33050,38229,28
5.851,onset,33050,38229,42
5.8513,onset,33050,38229,-11
5.8517,onset,33050,38229,-16
5.852,onset,33050,38229,-10
5.8523,onset,33050,38229,-49
5.8527,onset,33050,38229,-16
5.853,onset,33050,38229,42
5.8533,onset,33050,38229,64
5.8537,onset,33050,38229,9
5.854,onset,33050,38229,-26
5.8543,onset,33050,38229,-20
5.8546,onset,33050,38229,-19
5.855,onset,33050,38229,46
5.8553,onset,33050,38229,40
5.859,onset,33100,38229,-15
5.8595,onset,33100,38229,38
5.86,onset,33100,38229,6
5.8605,onset,33100,38229,47
5.861,onset,33100,38229,-30
5.8614,onset,33100,38229,-51
5.8617,onset,33100,38229,-65
5.8621,onset,33100,38229,33
5.8624,onset,33100,38229,11
5.8628,onset,33100,38229,36
5.8632,onset,33100,38229,19
5.8636,onset,33100,38229,24
5.864,onset,33100,38229,-62
5.8643,onset,33100,38229,-11
5.8646,onset,33100,38229,-22
5.8649,onset,33100,38229,10
5.8675,onset,33150,38229,-33
5.8678,onset,33150,38229,-22
5.8682,onset,33150,38229,-22
5.8685,onset,33150,38229,22
5.8688,onset,33150,38229,25
5.8692,onset,33150,38229,-15
5.8694,onset,33150,38229,47
5.8698,onset,33150,38229,47
5.8701,onset,33150,38229,-46
5.8704,onset,33150,38229,-54
5.8707,onset,33150,38229,-49
5.871,onset,33150,38229,-17
5.8713,onset,33150,38229,-40
5.8716,onset,33150,38229,11
5.8719,onset,33150,38229,-80
5.8722,onset,33150,38229,-20
5.8753,onset,33200,38229,-23
5.8757,onset,33200,38229,26
5.8762,onset,33200,38229,40
5.8766,onset,33200,38229,-33
5.8769,onset,33200,38229,93
5.8772,onset,33200,38229,-20
5.8777,onset,33200,38229,-51
5.8781,onset,33200,38229,51
5.8785,onset,33200,38229,14
5.8789,onset,33200,38229,12
5.8793,onset,33200,38229,-48
5.8796,onset,33200,38229,-19
5.8799,onset,33200,38229,-55
5.8802,onset,33200,38229,-14
5.8805,onset,33200,38229,-41
5.8808,onset,33200,38229,-44
5.8836,onset,33250,38229,-80
5.8839,onset,33250,38229,-49
5.8842,onset,33250,38229,-65
5.8845,onset,33250,38229,-56
5.8848,onset,33250,38229,-8
5.8851,onset,33250,38229,-40
5.8854,onset,33250,38229,-65
5.8857,onset,33250,38229,-53
5.886,onset,33250,38229,0
5.8863,onset,33250,38229,-98
5.8866,onset,33250,38229,-38
5.8869,onset,33250,38229,-56
5.8872,onset,33250,38229,-43
5.8875,onset,33250,38229,-114
5.8877,onset,33250,38229,-80
5.888,onset,33250,38229,-46
5.8909,onset,33300,38229,-13
5.8915,onset,33300,38229,-21
5.892,onset,33300,38229,23
5.8926,onset,33300,38229,61
5.8931,onset,33300,38229,-49
5.8936,onset,33300,38229,-14
5.8941,onset,33300,38229,-69
5.8945,onset,33300,38229,36
5.8949,onset,33300,38229,-91
5.8952,onset,33300,38229,-7
5.8954,onset,33300,38229,25
5.8959,onset,33300,38229,55
5.8962,onset,33300,38229,55
5.8964,onset,33300,38229,52
5.8968,onset,33300,38229,46
5.8971,onset,33300,38229,78
5.9,onset,33350,38229,-4
5.9003,onset,33350,38229,-33
5.9006,onset,33350,38229,35
5.901,onset,33350,38229,-88
5.9013,onset,33350,38229,-14
5.9016,onset,33350,38229,-16
5.902,onset,33350,38229,38
5.9023,onset,33350,38229,32
5.9026,onset,33350,38229,-30
5.9029,onset,33350,38229,-76
5.9032,onset,33350,38229,-57
5.9035,onset,33350,38229,-40
5.9038,onset,33350,38229,-110
5.9041,onset,33350,38229,-34
5.9044,onset,33350,38229,-46
5.9049,onset,33350,38229,-39
5.9079,onset,33400,38229,-17
5.9084,onset,33400,38229,29
5.9089,onset,33400,38229,-8
5.9093,onset,33400,38229,-78
5.91,onset,33400,38229,61
5.9104,onset,33400,38229,27
5.9108,onset,33400,38229,-26
5.9112,onset,33400,38229,-1
5.9115,onset,33400,38229,27
5.9118,onset,33400,38229,39
5.9122,onset,33400,38229,-13
5.9126,onset,33400,38229,14
5.9129,onset,33400,38229,85
5.9131,onset,33400,38229,18
5.9134,onset,33400,38229,30
5.9137,onset,33400,38229,85
5.9164,onset,33450,38229,-65
5.9167,onset,33450,38229,-25
5.917,onset,33450,38229,6
5.9174,onset,33450,38229,-26
5.9177,onset,33450,38229,-80
5.9179,onset,33450,38229,-73
5.9182,onset,33450,38229,-10
5.9186,onset,33450,38229,-44
5.9189,onset,33450,38229,-96
5.9192,onset,33450,38229,-31
5.9195,onset,33450,38229,-27
5.9198,onset,33450,38229,-51
5.9201,onset,33450,38229,-54
5.9203,onset,33450,38229,-52
5.9206,onset,33450,38229,-73
5.9209,onset,33450,38229,-113
5.9236,onset,33500,38229,-24
5.9239,onset,33500,38229,4
5.9243,onset,33500,38229,2
5.9248,onset,33500,38229,46
5.9257,onset,33500,38229,46
5.9266,onset,33500,38229,-17
5.9272,onset,33500,38229,29
5.9276,onset,33500,38229,-26
5.9279,onset,33500,38229,-46
5.9283,onset,33500,38229,-92
5.9286,onset,33500,38229,-37
5.9289,onset,33500,38229,-28
5.9292,onset,33500,38229,13
5.9295,onset,33500,38229,8
5.9298,onset,33500,38229,-70
5.9301,onset,33500,38229,-18
5.9328,onset,33550,38229,-38
5.9331,onset,33550,38229,-33
5.9334,onset,33550,38229,-33
5.9336,onset,33550,38229,-5
5.9339,onset,33550,38229,-4
5.9342,onset,33550,38229,-11
5.9346,onset,33550,38229,29
5.9349,onset,33550,38229,44
5.9351,onset,33550,38229,-11
5.9354,onset,33550,38229,24
5.9357,onset,33550,38229,-37
5.936,onset,33550,38229,-30
5.9363,onset,33550,38229,2
5.9366,onset,33550,38229,-23
5.9368,onset,33550,38229,-31
5.9371,onset,33550,38229,-36
5.9399,onset,33600,38229,4
5.9402,onset,33600,38229,30
5.9406,onset,33600,38229,55
5.941,onset,33600,38229,-82
5.9413,onset,33600,38229,20
5.9417,onset,33600,38229,130
5.9421,onset,33600,38229,-73
5.9424,onset,33600,38229,20
5.9427,onset,33600,38229,-8
5.943,onset,33600,38229,27
5.9433,onset,33600,38229,-13
5.9436,onset,33600,38229,-9
5.9439,onset,33600,38229,-30
5.9442,onset,33600,38229,4
5.9445,onset,33600,38229,-2
5.9448,onset,33600,38229,18
5.9476,onset,33650,38229,-21
5.9479,onset,33650,38229,-57
5.9482,onset,33650,38229,-42
5.9485,onset,33650,38229,-19
5.9488,onset,33650,38229,-17
5.9491,onset,33650,38229,-36
5.9495,onset,33650,38229,16
5.9497,onset,33650,38229,-31
5.9499,onset,33650,38229,-45
5.9502,onset,33650,38229,-94
5.9505,onset,33650,38229,-1
5.9507,onset,33650,38229,30
5.951,onset,33650,38229,15
5.9513,onset,33650,38229,8
5.9516,onset,33650,38229,62
5.9519,onset,33650,38229,16
5.9546,onset,33700,38229,-3
5.9549,onset,33700,38229,-17
5.9553,onset,33700,38229,-78
5.9556,onset,33700,38229,-9
5.956,onset,33700,38229,-46
5.9565,onset,33700,38229,26
5.9569,onset,33700,38229,-9
5.9574,onset,33700,38229,-54
5.9577,onset,33700,38229,54
5.9581,onset,33700,38229,-60
5.9586,onset,33700,38229,11
5.9589,onset,33700,38229,-71
5.9594,onset,33700,38229,-6
5.9598,onset,33700,38229,8
5.9602,onset,33700,38229,-70
5.9605,onset,33700,38229,24
5.9633,onset,33750,38229,75
5.9636,onset,33750,38229,-34
5.9638,onset,33750,38229,-113
5.9641,onset,33750,38229,-51
5.9644,onset,33750,38229,9
5.9647,onset,33750,38229,2
5.965,onset,33750,38229,-46
5.9653,onset,33750,38229,21
5.9656,onset,33750,38229,-30
5.9659,onset,33750,38229,-88
5.9662,onset,33750,38229,-36
5.9666,onset,33750,38229,-65
5.9669,onset,33750,38229,-32
5.9672,onset,33750,38229,-11
5.9675,onset,33750,38229,8
5.9678,onset,33750,38229,29
5.9709,onset,33800,38229,-93
5.9712,onset,33800,38229,-68
5.9716,onset,33800,38229,74
5.972,onset,33800,38229,-13
5.9724,onset,33800,38229,-11
5.9727,onset,33800,38229,21
5.9731,onset,33800,38229,4
5.9734,onset,33800,38229,-16
5.9739,onset,33800,38229,-22
5.9745,onset,33800,38229,73
5.9752,onset,33800,38229,42
5.9757,onset,33800,38229,-45
5.9761,onset,33800,38229,98
5.9766,onset,33800,38229,-118
5.9769,onset,33800,38229,50
5.9772,onset,33800,38229,74
5.9798,onset,33850,38229,0
5.9801,onset,33850,38229,-13
5.9805,onset,33850,38229,35
5.9808,onset,33850,38229,7
5.9811,onset,33850,38229,-5
5.9814,onset,33850,38229,41
5.9818,onset,33850,38229,-59
5.9821,onset,33850,38229,-17
5.9825,onset,33850,38229,-3
5.9828,onset,33850,38229,40
5.9832,onset,33850,38229,25
5.9835,onset,33850,38229,0
5.9839,onset,33850,38229,-62
5.9842,onset,33850,38229,38
5.9845,onset,33850,38229,8
5.9848,onset,33850,38229,36
5.9876,onset,33900,38229,-33
5.9879,onset,33900,38229,-47
5.9883,onset,33900,38229,-15
5.9886,onset,33900,38229,-4
5.989,onset,33900,38229,7
5.9893,onset,33900,38229,-19
5.9896,onset,33900,38229,-84
5.9899,onset,33900,38229,-93
5.9902,onset,33900,38229,-37
5.9907,onset,33900,38229,-6
5.991,onset,33900,38229,-53
5.9915,onset,33900,38229,-65
5.9919,onset,33900,38229,13
5.9923,onset,33900,38229,8
5.9927,onset,33900,38229,-108
5.9931,onset,33900,38229,-86
5.9956,onset,33950,38229,30
5.9959,onset,33950,38229,-23
5.9962,onset,33950,38229,-24
5.9965,onset,33950,38229,-18
5.9968,onset,33950,38229,3
5.9971,onset,33950,38229,0
5.9974,onset,33950,38229,6
5.9976,onset,33950,38229,37
5.9979,onset,33950,38229,-52
5.9982,onset,33950,38229,-18
5.9985,onset,33950,38229,24
5.9988,onset,33950,38229,-13
5.9991,onset,33950,38229,5
5.9993,onset,33950,38229,3
5.9996,onset,33950,38229,12
5.9999,onset,33950,38229,-31
6.0026,onset,34000,38229,26
6.0028,onset,34000,38229,19
6.0031,onset,34000,38229,-23
6.0034,onset,34000,38229,-33
6.0038,onset,34000,38229,-7
6.0041,onset,34000,38229,-24
6.0044,onset,34000,38229,6
6.0047,onset,34000,38229,42
6.0049,onset,34000,38229,8
6.0052,onset,34000,38229,0
6.0054,onset,34000,38229,9
6.0057,onset,34000,38229,-13
6.0059,onset,34000,38229,-22
6.0062,onset,34000,38229,-42
6.0065,onset,34000,38229,-19
6.0068,onset,34000,38229,-74
6.0097,onset,34050,38229,-41
6.01,onset,34050,38229,-78
6.0103,onset,34050,38229,-43
6.0106,onset,34050,38229,-1
6.011,onset,34050,38229,-2
6.0112,onset,34050,38229,-81
6.0116,onset,34050,38229,4
6.0118,onset,34050,38229,3
6.0121,onset,34050,38229,-16
6.0123,onset,34050,38229,-53
6.0126,onset,34050,38229,48
6.0129,onset,34050,38229,86
6.0131,onset,34050,38229,52
6.0135,onset,34050,38229,68
6.0137,onset,34050,38229,10
6.014,onset,34050,38229,28
6.017,onset,34100,38229,70
6.0175,onset,34100,38229,51
6.0179,onset,34100,38229,49
6.0181,onset,34100,38229,-8
6.0184,onset,34100,38229,-14
6.0187,onset,34100,38229,38
6.019,onset,34100,38229,4
6.0193,onset,34100,38229,39
6.0196,onset,34100,38229,67
6.0199,onset,34100,38229,30
6.0204,onset,34100,38229,-97
6.0208,onset,34100,38229,-6
6.0211,onset,34100,38229,-132
6.0214,onset,34100,38229,-27
6.0217,onset,34100,38229,-53
6.022,onset,34100,38229,-44
6.0257,onset,34150,38229,24
6.0261,onset,34150,38229,-20
6.0265,onset,34150,38229,99
6.0268,onset,34150,38229,-63
6.0272,onset,34150,38229,-17
6.0275,onset,34150,38229,4
6.0278,onset,34150,38229,35
6.0282,onset,34150,38229,54
6.0286,onset,34150,38229,22
6.0289,onset,34150,38229,13
6.0292,onset,34150,38229,45
6.0295,onset,34150,38229,15
6.0298,onset,34150,38229,40
6.0301,onset,34150,38229,36
6.0304,onset,34150,38229,-5
6.0307,onset,34150,38229,4
6.0334,onset,34200,38229,8
6.0337,onset,34200,38229,20
6.034,onset,34200,38229,47
6.0343,onset,34200,38229,37
6.0346,onset,34200,38229,22
6.0349,onset,34200,38229,71
6.0352,onset,34200,38229,-1
6.0355,onset,34200,38229,49
6.0358,onset,34200,38229,-6
6.0361,onset,34200,38229,-55
6.0364,onset,34200,38229,-61
6.0367,onset,34200,38229,-17
6.0369,onset,34200,38229,24
6.0372,onset,34200,38229,41
6.0375,onset,34200,38229,-4
6.0378,onset,34200,38229,14
6.0408,onset,34250,38229,28
6.0416,onset,34250,38229,27
6.0421,onset,34250,38229,14
6.0427,onset,34250,38229,-36
6.0431,onset,34250,38229,-44
6.0436,onset,34250,38229,-2
6.0439,onset,34250,38229,-23
6.0442,onset,34250,38229,-49
6.0445,onset,34250,38229,-64
6.0448,onset,34250,38229,4
6.0451,onset,34250,38229,28
6.0454,onset,34250,38229,48
6.0457,onset,34250,38229,28
6.0461,onset,34250,38229,19
6.0464,onset,34250,38229,79
6.0466,onset,34250,38229,74
6.0493,onset,34300,38229,-11
6.0496,onset,34300,38229,15
6.0499,onset,34300,38229,33
6.0502,onset,34300,38229,19
6.0505,onset,34300,38229,81
6.0508,onset,34300,38229,35
6.0511,onset,34300,38229,3
6.0514,onset,34300,38229,-60
6.0517,onset,34300,38229,-4
6.0521,onset,34300,38229,-53
6.0524,onset,34300,38229,-84
6.0527,onset,34300,38229,-44
6.053,onset,34300,38229,-14
6.0533,onset,34300,38229,-14
6.0536,onset,34300,38229,10
6.0539,onset,34300,38229,35
6.0567,onset,34350,38229,-36
6.0571,onset,34350,38229,-29
6.0577,onset,34350,38229,-12
6.058,onset,34350,38229,0
6.0585,onset,34350,38229,75
6.0592,onset,34350,38229,24
6.0599,onset,34350,38229,-58
6.0603,onset,34350,38229,19
6.0606,onset,34350,38229,26
6.0609,onset,34350,38229,-20
6.0612,onset,34350,38229,-63
6.0615,onset,34350,38229,-2
6.0618,onset,34350,38229,-82
6.0621,onset,34350,38229,-36
6.0624,onset,34350,38229,-74
6.0627,onset,34350,38229,-17
6.0657,onset,34400,38229,-14
6.0661,onset,34400,38229,38
6.0664,onset,34400,38229,14
6.0667,onset,34400,38229,-44
6.067,onset,34400,38229,-56
6.0674,onset,34400,38229,2
6.0677,onset,34400,38229,-47
6.068,onset,34400,38229,-29
6.0683,onset,34400,38229,14
6.0687,onset,34400,38229,1
6.069,onset,34400,38229,48
6.0693,onset,34400,38229,11
6.0696,onset,34400,38229,50
6.0699,onset,34400,38229,-6
6.0702,onset,34400,38229,-74
6.0705,onset,34400,38229,-41
6.0733,onset,34450,38229,-2
6.0736,onset,34450,38229,-26
6.0745,onset,34450,38229,29
6.076,onset,34450,38229,59
6.0765,onset,34450,38229,33
6.077,onset,34450,38229,32
6.0775,onset,34450,38229,95
6.0778,onset,34450,38229,72
6.0781,onset,34450,38229,-21
6.0784,onset,34450,38229,58
6.0787,onset,34450,38229,28
6.079,onset,34450,38229,-68
6.0793,onset,34450,38229,-1
6.0796,onset,34450,38229,35
6.0798,onset,34450,38229,32
6.0801,onset,34450,38229,83
6.0829,onset,34500,38229,-23
6.0832,onset,34500,38229,-13
6.0836,onset,34500,38229,11
6.0839,onset,34500,38229,35
6.0843,onset,34500,38229,48
6.0846,onset,34500,38229,11
6.0849,onset,34500,38229,-74
6.0852,onset,34500,38229,-31
6.0855,onset,34500,38229,-19
6.0858,onset,34500,38229,-39
6.0862,onset,34500,38229,-10
6.0865,onset,34500,38229,-34
6.0868,onset,34500,38229,3
6.0871,onset,34500,38229,36
6.0874,onset,34500,38229,18
6.0877,onset,34500,38229,14
6.0904,onset,34550,38229,85
6.0908,onset,34550,38229,-88
6.0913,onset,34550,38229,6
6.0919,onset,34550,38229,56
6.0925,onset,34550,38229,0
6.0929,onset,34550,38229,33
6.0933,onset,34550,38229,-95
6.0937,onset,34550,38229,17
6.0941,onset,34550,38229,-65
6.0946,onset,34550,38229,-53
6.095,onset,34550,38229,-44
6.0953,onset,34550,38229,-81
6.0956,onset,34550,38229,3
6.0959,onset,34550,38229,39
6.0963,onset,34550,38229,74
6.0966,onset,34550,38229,49
6.0995,onset,34600,38229,39
6.0998,onset,34600,38229,-17
6.1001,onset,34600,38229,-54
6.1005,onset,34600,38229,-81
6.1008,onset,34600,38229,-76
6.1011,onset,34600,38229,-16
6.1015,onset,34600,38229,47
6.1018,onset,34600,38229,73
6.1022,onset,34600,38229,37
6.1025,onset,34600,38229,-94
6.1028,onset,34600,38229,-91
6.1031,onset,34600,38229,-38
6.1035,onset,34600,38229,-18
6.1041,onset,34600,38229,-46
6.1047,onset,34600,38229,1
6.1053,onset,34600,38229,-45
6.108,onset,34650,38229,-23
6.1086,onset,34650,38229,-22
6.109,onset,34650,38229,-45
6.1094,onset,34650,38229,-19
6.1098,onset,34650,38229,47
6.1101,onset,34650,38229,31
6.1104,onset,34650,38229,84
6.1107,onset,34650,38229,43
6.111,onset,34650,38229,-21
6.1113,onset,34650,38229,25
6.1116,onset,34650,38229,-10
6.1119,onset,34650,38229,-61
6.1123,onset,34650,38229,-79
6.1126,onset,34650,38229,-55
6.1129,onset,34650,38229,-11
6.1132,onset,34650,38229,-8
6.1158,onset,34700,38229,22
6.1161,onset,34700,38229,-64
6.1164,onset,34700,38229,-64
6.1168,onset,34700,38229,19
6.1171,onset,34700,38229,17
6.1174,onset,34700,38229,74
6.1177,onset,34700,38229,-17
6.118,onset,34700,38229,36
6.1183,onset,34700,38229,58
6.1187,onset,34700,38229,9
6.1189,onset,34700,38229,-69
6.1193,onset,34700,38229,-85
6.1196,onset,34700,38229,-31
6.1199,onset,34700,38229,-104
6.1202,onset,34700,38229,-5
6.1205,onset,34700,38229,-21
6.1234,onset,34750,38229,-2
6.1237,onset,34750,38229,-10
6.1243,onset,34750,38229,-28
6.1249,onset,34750,38229,40
6.1254,onset,34750,38229,-42
6.1259,onset,34750,38229,73
6.1263,onset,34750,38229,8
6.1268,onset,34750,38229,-16
6.1271,onset,34750,38229,46
6.1276,onset,34750,38229,45
6.1279,onset,34750,38229,-14
6.1282,onset,34750,38229,27
6.1285,onset,34750,38229,7
6.1288,onset,34750,38229,-16
6.1291,onset,34750,38229,28
6.1293,onset,34750,38229,-1
6.1322,onset,34800,38229,53
6.1325,onset,34800,38229,-24
6.1328,onset,34800,38229,-30
6.1332,onset,34800,38229,-30
6.1336,onset,34800,38229,8
6.1339,onset,34800,38229,87
6.1342,onset,34800,38229,-64
6.1346,onset,34800,38229,-40
6.1349,onset,34800,38229,-17
6.1352,onset,34800,38229,15
6.1356,onset,34800,38229,0
6.1359,onset,34800,38229,79
6.1362,onset,34800,38229,7
6.1365,onset,34800,38229,-81
6.1368,onset,34800,38229,-12
6.1371,onset,34800,38229,-83
6.1401,onset,34850,38229,-29
6.1404,onset,34850,38229,27
6.1412,onset,34850,38229,40
6.1417,onset,34850,38229,16
6.1427,onset,34850,38229,7
6.1431,onset,34850,38229,-14
6.1436,onset,34850,38229,5
6.1441,onset,34850,38229,-22
6.1444,onset,34850,38229,11
6.1447,onset,34850,38229,24
6.1451,onset,34850,38229,-19
6.1454,onset,34850,38229,-9
6.1458,onset,34850,38229,-63
6.1463,onset,34850,38229,-12
6.1467,onset,34850,38229,-18
6.1469,onset,34850,38229,48
6.15,onset,34900,38229,-76
6.1503,onset,34900,38229,-94
6.1506,onset,34900,38229,-30
6.151,onset,34900,38229,16
6.1513,onset,34900,38229,81
6.1516,onset,34900,38229,-14
6.1519,onset,34900,38229,-4
6.1522,onset,34900,38229,28
6.1525,onset,34900,38229,-41
6.1528,onset,34900,38229,-5
6.1531,onset,34900,38229,-82
6.1534,onset,34900,38229,-21
6.1537,onset,34900,38229,-3
6.154,onset,34900,38229,-29
6.1543,onset,34900,38229,-96
6.1546,onset,34900,38229,-40
6.159,onset,34950,38229,30
6.16,onset,34950,38229,-10
6.1609,onset,34950,38229,16
6.1614,onset,34950,38229,39
6.1618,onset,34950,38229,57
6.1621,onset,34950,38229,-33
6.1624,onset,34950,38229,-42
6.1628,onset,34950,38229,-8
6.1631,onset,34950,38229,-61
6.1634,onset,34950,38229,-22
6.1637,onset,34950,38229,-34
6.1639,onset,34950,38229,-26
6.1642,onset,34950,38229,-29
6.1645,onset,34950,38229,-36
6.1648,onset,34950,38229,18
6.1651,onset,34950,38229,8
6.1677,onset,35000,38229,-95
6.168,onset,35000,38229,-10
6.1683,onset,35000,38229,-40
6.1686,onset,35000,38229,-29
6.1689,onset,35000,38229,-64
6.1692,onset,35000,38229,-26
6.1695,onset,35000,38229,-18
6.1698,onset,35000,38229,-57
6.1701,onset,35000,38229,-94
6.1704,onset,35000,38229,-36
6.1707,onset,35000,38229,-18
6.171,onset,35000,38229,-16
6.1713,onset,35000,38229,2
6.1716,onset,35000,38229,-19
6.1718,onset,35000,38229,-20
6.1721,onset,35000,38229,-16
6.1753,onset,35050,38229,13
6.1758,onset,35050,38229,17
6.1763,onset,35050,38229,-95
6.1767,onset,35050,38229,-63
6.177,onset,35050,38229,-31
6.1773,onset,35050,38229,-1
6.1777,onset,35050,38229,13
6.1779,onset,35050,38229,6
6.1782,onset,35050,38229,44
6.1786,onset,35050,38229,22
6.1789,onset,35050,38229,72
6.1792,onset,35050,38229,21
6.1795,onset,35050,38229,63
6.1798,onset,35050,38229,56
6.1801,onset,35050,38229,55
6.1804,onset,35050,38229,67
6.1833,onset,35100,38229,-33
6.1836,onset,35100,38229,45
6.184,onset,35100,38229,14
6.1843,onset,35100,38229,-46
6.1846,onset,35100,38229,-76
6.1849,onset,35100,38229,-22
6.1852,onset,35100,38229,-2
6.1855,onset,35100,38229,-35
6.1858,onset,35100,38229,-72
6.1861,onset,35100,38229,-42
6.1864,onset,35100,38229,-19
6.1867,onset,35100,38229,-33
6.187,onset,35100,38229,6
6.1873,onset,35100,38229,-22
6.1876,onset,35100,38229,-27
6.1879,onset,35100,38229,54
6.1912,onset,35150,38229,-68
6.1917,onset,35150,38229,27
6.1922,onset,35150,38229,-55
6.1927,onset,35150,38229,26
6.1933,onset,35150,38229,96
6.1936,onset,35150,38229,64
6.194,onset,35150,38229,-6
6.1944,onset,35150,38229,5
6.1947,onset,35150,38229,-16
6.1951,onset,35150,38229,-37
6.1954,onset,35150,38229,24
6.1958,onset,35150,38229,83
6.1961,onset,35150,38229,-24
6.1964,onset,35150,38229,9
6.1967,onset,35150,38229,-31
6.197,onset,35150,38229,-12
6.1998,onset,35200,38229,4
6.2002,onset,35200,38229,6
6.2005,onset,35200,38229,-10
6.2009,onset,35200,38229,-16
6.2012,onset,35200,38229,59
6.2016,onset,35200,38229,-39
6.2018,onset,35200,38229,8
6.2022,onset,35200,38229,-24
6.2025,onset,35200,38229,-36
6.2028,onset,35200,38229,-29
6.2032,onset,35200,38229,0
6.2035,onset,35200,38229,-27
6.2038,onset,35200,38229,-10
6.2043,onset,35200,38229,-20
6.2047,onset,35200,38229,5
6.2051,onset,35200,38229,-28
6.2086,onset,35250,38229,3
6.2093,onset,35250,38229,10
6.2099,onset,35250,38229,-11
6.2102,onset,35250,38229,-7
6.2108,onset,35250,38229,41
6.2111,onset,35250,38229,-5
6.2114,onset,35250,38229,-8
6.2117,onset,35250,38229,16
6.212,onset,35250,38229,72
6.2123,onset,35250,38229,40
6.2125,onset,35250,38229,16
6.2129,onset,35250,38229,10
6.2132,onset,35250,38229,73
6.2136,onset,35250,38229,-17
6.214,onset,35250,38229,-85
6.2143,onset,35250,38229,20
6.217,onset,35300,38229,17
6.2173,onset,35300,38229,-37
6.2176,onset,35300,38229,9
6.2179,onset,35300,38229,-77
6.2182,onset,35300,38229,-21
6.2185,onset,35300,38229,-65
6.2188,onset,35300,38229,-28
6.2191,onset,35300,38229,-33
6.2194,onset,35300,38229,-72
6.2197,onset,35300,38229,-58
6.22,onset,35300,38229,0
6.2203,onset,35300,38229,-96
6.2206,onset,35300,38229,-39
6.2209,onset,35300,38229,-29
6.2212,onset,35300,38229,-102
6.2214,onset,35300,38229,-50
6.2242,onset,35350,38229,-43
6.2247,onset,35350,38229,-16
6.2253,onset,35350,38229,13
6.2262,onset,35350,38229,65
6.2267,onset,35350,38229,-47
6.2272,onset,35350,38229,12
6.2278,onset,35350,38229,14
6.2282,onset,35350,38229,64
6.2286,onset,35350,38229,0
6.2291,onset,35350,38229,19
6.2296,onset,35350,38229,14
6.23,onset,35350,38229,-14
6.2305,onset,35350,38229,82
6.231,onset,35350,38229,11
6.2314,onset,35350,38229,-67
6.2317,onset,35350,38229,-26
6.2347,onset,35400,38229,36
6.235,onset,35400,38229,65
6.2353,onset,35400,38229,-23
6.2356,onset,35400,38229,49
6.2359,onset,35400,38229,-14
6.2363,onset,35400,38229,-45
6.2366,onset,35400,38229,-82
6.2369,onset,35400,38229,-64
6.2372,onset,35400,38229,-35
6.2375,onset,35400,38229,-43
6.2378,onset,35400,38229,-33
6.2381,onset,35400,38229,29
6.2384,onset,35400,38229,24
6.2387,onset,35400,38229,42
6.239,onset,35400,38229,8
6.2393,onset,35400,38229,45
6.2429,onset,35450,38229,73
6.2434,onset,35450,38229,16
6.2438,onset,35450,38229,-24
6.2443,onset,35450,38229,-13
6.2446,onset,35450,38229,-85
6.2449,onset,35450,38229,-21
6.2452,onset,35450,38229,-63
6.2455,onset,35450,38229,-37
6.2458,onset,35450,38229,-38
6.2461,onset,35450,38229,-11
6.2464,onset,35450,38229,-29
6.2467,onset,35450,38229,-46
6.2469,onset,35450,38229,-37
6.2472,onset,35450,38229,-34
6.2475,onset,35450,38229,14
6.2478,onset,35450,38229,27
6.2503,onset,35500,38229,-5
6.2507,onset,35500,38229,63
6.2509,onset,35500,38229,64
6.2512,onset,35500,38229,15
6.2516,onset,35500,38229,80
6.2519,onset,35500,38229,33
6.2522,onset,35500,38229,18
6.2525,onset,35500,38229,18
6.2528,onset,35500,38229,-30
6.2531,onset,35500,38229,-1
6.2534,onset,35500,38229,-108
6.2537,onset,35500,38229,-20
6.254,onset,35500,38229,-64
6.2543,onset,35500,38229,-98
6.2546,onset,35500,38229,-47
6.2549,onset,35500,38229,-93
6.2583,onset,35550,38229,18
6.259,onset,35550,38229,-2
6.2595,onset,35550,38229,35
6.2601,onset,35550,38229,-9
6.2606,onset,35550,38229,65
6.2609,onset,35550,38229,-60
6.2612,onset,35550,38229,35
6.2615,onset,35550,38229,19
6.2619,onset,35550,38229,58
6.2622,onset,35550,38229,66
6.2624,onset,35550,38229,28
6.2627,onset,35550,38229,56
6.2631,onset,35550,38229,14
6.2634,onset,35550,38229,84
6.2637,onset,35550,38229,23
6.264,onset,35550,38229,11
6.2668,onset,35600,38229,49
6.2671,onset,35600,38229,59
6.2675,onset,35600,38229,33
6.2678,onset,35600,38229,24
6.2681,onset,35600,38229,-20
6.2685,onset,35600,38229,-26
6.2688,onset,35600,38229,-25
6.2692,onset,35600,38229,25
6.2695,onset,35600,38229,57
6.2698,onset,35600,38229,-34
6.2701,onset,35600,38229,19
6.2705,onset,35600,38229,-15
6.2708,onset,35600,38229,-37
6.2711,onset,35600,38229,-11
6.2714,onset,35600,38229,45
6.2717,onset,35600,38229,10
6.2757,onset,35650,38229,-30
6.2762,onset,35650,38229,-80
6.2767,onset,35650,38229,68
6.2772,onset,35650,38229,-25
6.2775,onset,35650,38229,-104
6.2779,onset,35650,38229,-21
6.2783,onset,35650,38229,37
6.2786,onset,35650,38229,37
6.279,onset,35650,38229,-13
6.2794,onset,35650,38229,-47
6.2797,onset,35650,38229,65
6.28,onset,35650,38229,21
6.2803,onset,35650,38229,-63
6.2806,onset,35650,38229,17
6.2809,onset,35650,38229,-78
6.2812,onset,35650,38229,-82
6.2839,onset,35700,38229,40
6.2842,onset,35700,38229,-43
6.2845,onset,35700,38229,-23
6.2848,onset,35700,38229,-25
6.2851,onset,35700,38229,-18
6.2855,onset,35700,38229,0
6.2859,onset,35700,38229,-9
6.2862,onset,35700,38229,16
6.2865,onset,35700,38229,-40
6.2869,onset,35700,38229,-41
6.2872,onset,35700,38229,-6
6.2875,onset,35700,38229,17
6.2878,onset,35700,38229,61
6.2881,onset,35700,38229,46
6.2885,onset,35700,38229,-10
6.2888,onset,35700,38229,36
6.2919,onset,35750,38229,43
6.2925,onset,35750,38229,-56
6.293,onset,35750,38229,20
6.2936,onset,35750,38229,1
6.2939,onset,35750,38229,-8
6.2943,onset,35750,38229,-36
6.2946,onset,35750,38229,19
6.2949,onset,35750,38229,61
6.2953,onset,35750,38229,97
6.2956,onset,35750,38229,55
6.2959,onset,35750,38229,-21
6.2962,onset,35750,38229,-74
6.2965,onset,35750,38229,-15
6.2968,onset,35750,38229,-74
6.2971,onset,35750,38229,-19
6.2974,onset,35750,38229,-69
6.3004,onset,35800,38229,-45
6.3007,onset,35800,38229,71
6.3011,onset,35800,38229,76
6.3014,onset,35800,38229,-26
6.3017,onset,35800,38229,-10
6.302,onset,35800,38229,14
6.3023,onset,35800,38229,-11
6.3026,onset,35800,38229,-15
6.303,onset,35800,38229,-90
6.3033,onset,35800,38229,-108
6.3036,onset,35800,38229,-44
6.3039,onset,35800,38229,-3
6.3042,onset,35800,38229,-20
6.3046,onset,35800,38229,32
6.3049,onset,35800,38229,9
6.3052,onset,35800,38229,65
6.3082,onset,35850,38229,0
6.3091,onset,35850,38229,43
6.3096,onset,35850,38229,8
6.3101,onset,35850,38229,73
6.3105,onset,35850,38229,-32
6.3108,onset,35850,38229,-22
6.3111,onset,35850,38229,17
6.3114,onset,35850,38229,65
6.3117,onset,35850,38229,92
6.3121,onset,35850,38229,0
6.3124,onset,35850,38229,34
6.3127,onset,35850,38229,6
6.313,onset,35850,38229,-63
6.3133,onset,35850,38229,-33
6.3136,onset,35850,38229,-21
6.3139,onset,35850,38229,-80
6.3168,onset,35900,38229,-50
6.3172,onset,35900,38229,-13
6.3174,onset,35900,38229,-79
6.3177,onset,35900,38229,-38
6.3181,onset,35900,38229,29
6.3185,onset,35900,38229,-20
6.3188,onset,35900,38229,49
6.3191,onset,35900,38229,-41
6.3194,onset,35900,38229,3
6.3197,onset,35900,38229,33
6.3199,onset,35900,38229,47
6.3202,onset,35900,38229,-18
6.3205,onset,35900,38229,12
6.321,onset,35900,38229,48
6.3213,onset,35900,38229,16
6.3216,onset,35900,38229,18
6.3253,onset,35950,38229,-37
6.3256,onset,35950,38229,21
6.326,onset,35950,38229,-27
6.3264,onset,35950,38229,-76
6.3267,onset,35950,38229,-11
6.327,onset,35950,38229,13
6.3273,onset,35950,38229,49
6.3277,onset,35950,38229,11
6.3281,onset,35950,38229,-53
6.3285,onset,35950,38229,78
6.3289,onset,35950,38229,-79
6.3293,onset,35950,38229,-37
6.3297,onset,35950,38229,7
6.33,onset,35950,38229,-17
6.3303,onset,35950,38229,-34
6.3307,onset,35950,38229,-14
6.3334,onset,36000,38229,29
6.3337,onset,36000,38229,37
6.334,onset,36000,38229,70
6.3342,onset,36000,38229,27
6.3345,onset,36000,38229,9
6.3348,onset,36000,38229,29
6.3351,onset,36000,38229,-4
6.3354,onset,36000,38229,-16
6.3357,onset,36000,38229,-7
6.336,onset,36000,38229,-3
6.3363,onset,36000,38229,-33
6.3366,onset,36000,38229,24
6.3369,onset,36000,38229,-18
6.3371,onset,36000,38229,11
6.3374,onset,36000,38229,-17
6.3377,onset,36000,38229,-9
6.3405,onset,36050,38229,23
6.3409,onset,36050,38229,-10
6.3415,onset,36050,38229,1
6.3423,onset,36050,38229,83
6.3428,onset,36050,38229,60
6.3435,onset,36050,38229,1
6.3441,onset,36050,38229,-7
6.3447,onset,36050,38229,-73
6.345,onset,36050,38229,-1
6.3454,onset,36050,38229,29
6.3457,onset,36050,38229,55
6.346,onset,36050,38229,90
6.3463,onset,36050,38229,28
6.3466,onset,36050,38229,8
6.3468,onset,36050,38229,24
6.3471,onset,36050,38229,23
6.3502,onset,36100,38229,-30
6.3504,onset,36100,38229,29
6.3508,onset,36100,38229,-6
6.3511,onset,36100,38229,-43
6.3514,onset,36100,38229,-16
6.3517,onset,36100,38229,-54
6.352,onset,36100,38229,-45
6.3523,onset,36100,38229,-100
6.3526,onset,36100,38229,-40
6.3529,onset,36100,38229,-79
6.3532,onset,36100,38229,-38
6.3535,onset,36100,38229,2
6.3538,onset,36100,38229,-37
6.3541,onset,36100,38229,2
6.3544,onset,36100,38229,26
6.3547,onset,36100,38229,62
6.3577,onset,36150,38229,-9
6.3586,onset,36150,38229,-5
6.3593,onset,36150,38229,-26
6.3598,onset,36150,38229,32
6.3603,onset,36150,38229,25
6.3608,onset,36150,38229,48
6.3611,onset,36150,38229,-5
6.3615,onset,36150,38229,21
6.3618,onset,36150,38229,14
6.3623,onset,36150,38229,36
6.3626,onset,36150,38229,26
6.3629,onset,36150,38229,43
6.3633,onset,36150,38229,-9
6.3636,onset,36150,38229,55
6.3639,onset,36150,38229,-7
6.3641,onset,36150,38229,32
6.3672,onset,36200,38229,15
6.3675,onset,36200,38229,-66
6.3678,onset,36200,38229,-18
6.3682,onset,36200,38229,42
6.3686,onset,36200,38229,76
6.3689,onset,36200,38229,-108
6.3693,onset,36200,38229,27
6.3696,onset,36200,38229,31
6.3699,onset,36200,38229,40
6.3702,onset,36200,38229,-26
6.3705,onset,36200,38229,-25
6.3708,onset,36200,38229,20
6.3712,onset,36200,38229,-6
6.3715,onset,36200,38229,18
6.3718,onset,36200,38229,-12
6.3721,onset,36200,38229,-69
6.3751,onset,36250,38229,-21
6.3756,onset,36250,38229,59
6.3761,onset,36250,38229,72
6.3766,onset,36250,38229,-94
6.3772,onset,36250,38229,-44
6.3775,onset,36250,38229,-12
6.3778,onset,36250,38229,-74
6.3782,onset,36250,38229,-4
6.3784,onset,36250,38229,-13
6.3787,onset,36250,38229,5
6.3791,onset,36250,38229,-13
6.3794,onset,36250,38229,64
6.3797,onset,36250,38229,36
6.38,onset,36250,38229,-3
6.3803,onset,36250,38229,91
6.3806,onset,36250,38229,27
6.3837,onset,36300,38229,-13
6.384,onset,36300,38229,-92
6.3843,onset,36300,38229,-20
6.3846,onset,36300,38229,3
6.3849,onset,36300,38229,-23
6.3852,onset,36300,38229,61
6.3857,onset,36300,38229,39
6.3861,onset,36300,38229,-25
6.3865,onset,36300,38229,-91
6.3869,onset,36300,38229,-11
6.3872,onset,36300,38229,4
6.3876,onset,36300,38229,50
6.3879,onset,36300,38229,36
6.3883,onset,36300,38229,-87
6.3886,onset,36300,38229,-22
6.3889,onset,36300,38229,-34
6.3917,onset,36350,38229,66
6.3921,onset,36350,38229,-40
6.3926,onset,36350,38229,25
6.3929,onset,36350,38229,-36
6.3932,onset,36350,38229,-19
6.3935,onset,36350,38229,-71
6.3938,onset,36350,38229,-22
6.3941,onset,36350,38229,-27
6.3944,onset,36350,38229,-12
6.3947,onset,36350,38229,-17
6.395,onset,36350,38229,9
6.3953,onset,36350,38229,12
6.3956,onset,36350,38229,68
6.3959,onset,36350,38229,36
6.3963,onset,36350,38229,6
6.3966,onset,36350,38229,59
6.3993,onset,36400,38229,-4
6.3997,onset,36400,38229,-42
6.4,onset,36400,38229,-42
6.4003,onset,36400,38229,10
6.4007,onset,36400,38229,0
6.401,onset,36400,38229,-16
6.4013,onset,36400,38229,-92
6.4017,onset,36400,38229,-44
6.402,onset,36400,38229,-9
6.4023,onset,36400,38229,-51
6.4026,onset,36400,38229,-23
6.4029,onset,36400,38229,0
6.4032,onset,36400,38229,12
6.4035,onset,36400,38229,48
6.4038,onset,36400,38229,-1
6.4041,onset,36400,38229,47
6.4075,onset,36450,38229,19
6.408,onset,36450,38229,-18
6.4086,onset,36450,38229,49
6.4093,onset,36450,38229,26
6.4099,onset,36450,38229,-19
6.4104,onset,36450,38229,-66
6.4107,onset,36450,38229,-25
6.4111,onset,36450,38229,-14
6.4114,onset,36450,38229,-16
6.4117,onset,36450,38229,46
6.412,onset,36450,38229,20
6.4123,onset,36450,38229,104
6.4126,onset,36450,38229,46
6.4129,onset,36450,38229,-16
6.4134,onset,36450,38229,-62
6.4137,onset,36450,38229,-57
6.4166,onset,36500,38229,-54
6.417,onset,36500,38229,2
6.4173,onset,36500,38229,98
6.4177,onset,36500,38229,-3
6.418,onset,36500,38229,30
6.4183,onset,36500,38229,-88
6.4187,onset,36500,38229,27
6.419,onset,36500,38229,-30
6.4193,onset,36500,38229,27
6.4196,onset,36500,38229,-17
6.42,onset,36500,38229,-35
6.4203,onset,36500,38229,-67
6.4206,onset,36500,38229,-43
6.4209,onset,36500,38229,-81
6.4212,onset,36500,38229,-15
6.4215,onset,36500,38229,-32
6.4249,onset,36550,38229,48
6.4254,onset,36550,38229,30
6.426,onset,36550,38229,-67
6.4266,onset,36550,38229,52
6.427,onset,36550,38229,-10
6.4273,onset,36550,38229,72
6.4276,onset,36550,38229,43
6.4279,onset,36550,38229,56
6.4282,onset,36550,38229,7
6.4285,onset,36550,38229,68
6.4288,onset,36550,38229,4
6.4291,onset,36550,38229,-44
6.4295,onset,36550,38229,-84
6.4298,onset,36550,38229,-64
6.4301,onset,36550,38229,-60
6.4304,onset,36550,38229,-15
6.4332,onset,36600,38229,61
6.4335,onset,36600,38229,-63
6.4339,onset,36600,38229,-70
6.4342,onset,36600,38229,-9
6.4346,onset,36600,38229,-2
6.4349,onset,36600,38229,56
6.4352,onset,36600,38229,13
6.4356,onset,36600,38229,-50
6.4359,onset,36600,38229,-19
6.4363,onset,36600,38229,56
6.4366,onset,36600,38229,-32
6.4369,onset,36600,38229,53
6.4372,onset,36600,38229,19
6.4375,onset,36600,38229,-16
6.4378,onset,36600,38229,41
6.4382,onset,36600,38229,7
6.4413,onset,36650,38229,-88
6.4419,onset,36650,38229,25
6.4424,onset,36650,38229,10
6.4429,onset,36650,38229,42
6.4435,onset,36650,38229,-23
6.4438,onset,36650,38229,31
6.4442,onset,36650,38229,-15
6.4444,onset,36650,38229,-45
6.4447,onset,36650,38229,-28
6.445,onset,36650,38229,-2
6.4453,onset,36650,38229,-78
6.4456,onset,36650,38229,-69
6.4459,onset,36650,38229,-34
6.4462,onset,36650,38229,-66
6.4465,onset,36650,38229,-24
6.4468,onset,36650,38229,-42
6.4499,onset,36700,38229,38
6.4505,onset,36700,38229,-10
6.451,onset,36700,38229,-59
6.4513,onset,36700,38229,-21
6.4519,onset,36700,38229,-26
6.4524,onset,36700,38229,-42
6.4527,onset,36700,38229,-8
6.453,onset,36700,38229,-38
6.4534,onset,36700,38229,-26
6.4539,onset,36700,38229,-64
6.4543,onset,36700,38229,0
6.4545,onset,36700,38229,11
6.4548,onset,36700,38229,-21
6.455,onset,36700,38229,-16
6.4553,onset,36700,38229,51
6.4556,onset,36700,38229,29
6.459,onset,36750,38229,0
6.4595,onset,36750,38229,-89
6.4599,onset,36750,38229,-19
6.4602,onset,36750,38229,-60
6.4605,onset,36750,38229,-23
6.4608,onset,36750,38229,-33
6.4611,onset,36750,38229,-28
6.4614,onset,36750,38229,31
6.4617,onset,36750,38229,-30
6.462,onset,36750,38229,-72
6.4623,onset,36750,38229,-23
6.4626,onset,36750,38229,-7
6.4629,onset,36750,38229,-20
6.4632,onset,36750,38229,-52
6.4635,onset,36750,38229,-86
6.4638,onset,36750,38229,-20
6.4669,onset,36800,38229,18
6.4672,onset,36800,38229,27
6.4675,onset,36800,38229,8
6.4678,onset,36800,38229,-25
6.4682,onset,36800,38229,-15
6.4685,onset,36800,38229,-15
6.4688,onset,36800,38229,-3
6.4691,onset,36800,38229,4
6.4695,onset,36800,38229,-20
6.4698,onset,36800,38229,-75
6.4701,onset,36800,38229,-92
6.4705,onset,36800,38229,-124
6.4708,onset,36800,38229,-43
6.4711,onset,36800,38229,-14
6.4714,onset,36800,38229,-11
6.4717,onset,36800,38229,25
6.4753,onset,36850,38229,-44
6.4759,onset,36850,38229,-55
6.4765,onset,36850,38229,34
6.477,onset,36850,38229,6
6.4773,onset,36850,38229,15
6.4777,onset,36850,38229,32
6.478,onset,36850,38229,21
6.4783,onset,36850,38229,24
6.4786,onset,36850,38229,-17
6.4789,onset,36850,38229,13
6.4792,onset,36850,38229,-108
6.4795,onset,36850,38229,-13
6.4798,onset,36850,38229,-9
6.4801,onset,36850,38229,-48
6.4804,onset,36850,38229,-89
6.4808,onset,36850,38229,-27
6.4834,onset,36900,38229,-97
6.4837,onset,36900,38229,-45
6.484,onset,36900,38229,11
6.4843,onset,36900,38229,-2
6.4847,onset,36900,38229,7
6.485,onset,36900,38229,14
6.4853,onset,36900,38229,44
6.4856,onset,36900,38229,15
6.486,onset,36900,38229,-37
6.4862,onset,36900,38229,-94
6.4866,onset,36900,38229,-42
6.4869,onset,36900,38229,-71
6.4872,onset,36900,38229,-45
6.4876,onset,36900,38229,23
6.4879,onset,36900,38229,12
6.4882,onset,36900,38229,45
6.4913,onset,36950,38229,39
6.492,onset,36950,38229,35
6.4925,onset,36950,38229,-29
6.4932,onset,36950,38229,17
6.4938,onset,36950,38229,28
6.4943,onset,36950,38229,-69
6.4946,onset,36950,38229,66
6.495,onset,36950,38229,35
6.4953,onset,36950,38229,15
6.4956,onset,36950,38229,-81
6.496,onset,36950,38229,-12
6.4964,onset,36950,38229,15
6.4967,onset,36950,38229,19
6.4969,onset,36950,38229,26
6.4973,onset,36950,38229,75
6.4976,onset,36950,38229,17
6.5003,onset,37000,38229,-39
6.5007,onset,37000,38229,-18
6.501,onset,37000,38229,-75
6.5013,onset,37000,38229,30
6.5016,onset,37000,38229,-2
6.502,onset,37000,38229,59
6.5023,onset,37000,38229,27
6.5027,onset,37000,38229,-94
6.503,onset,37000,38229,-37
6.5033,onset,37000,38229,-62
6.5036,onset,37000,38229,-66
6.5039,onset,37000,38229,-7
6.5042,onset,37000,38229,23
6.5045,onset,37000,38229,25
6.5048,onset,37000,38229,14
6.5051,onset,37000,38229,49
6.5082,onset,37050,38229,36
6.5091,onset,37050,38229,8
6.5097,onset,37050,38229,-26
6.51,onset,37050,38229,-5
6.5104,onset,37050,38229,-38
6.5107,onset,37050,38229,-69
6.511,onset,37050,38229,-75
6.5113,onset,37050,38229,5
6.5116,onset,37050,38229,27
6.512,onset,37050,38229,27
6.5123,onset,37050,38229,32
6.5126,onset,37050,38229,49
6.5129,onset,37050,38229,69
6.5132,onset,37050,38229,-13
6.5135,onset,37050,38229,63
6.5138,onset,37050,38229,-17
6.5169,onset,37100,38229,-29
6.5173,onset,37100,38229,69
6.5176,onset,37100,38229,-33
6.518,onset,37100,38229,-28
6.5183,onset,37100,38229,-11
6.5187,onset,37100,38229,-22
6.519,onset,37100,38229,-70
6.5194,onset,37100,38229,-56
6.5197,onset,37100,38229,-38
6.52,onset,37100,38229,-4
6.5204,onset,37100,38229,-3
6.5208,onset,37100,38229,-86
6.5211,onset,37100,38229,-23
6.5215,onset,37100,38229,-12
6.5218,onset,37100,38229,34
6.5221,onset,37100,38229,58
6.5255,onset,37150,38229,-27
6.5261,onset,37150,38229,29
6.5265,onset,37150,38229,100
6.5269,onset,37150,38229,-12
6.5272,onset,37150,38229,76
6.5276,onset,37150,38229,64
6.5279,onset,37150,38229,35
6.5282,onset,37150,38229,-13
6.5285,onset,37150,38229,-59
6.5288,onset,37150,38229,-38
6.5292,onset,37150,38229,-14
6.5294,onset,37150,38229,-57
6.5298,onset,37150,38229,-28
6.5301,onset,37150,38229,19
6.5304,onset,37150,38229,5
6.5306,onset,37150,38229,3
6.5333,onset,37200,38229,-94
6.5336,onset,37200,38229,-13
6.5339,onset,37200,38229,18
6.5342,onset,37200,38229,-26
6.5345,onset,37200,38229,52
6.5348,onset,37200,38229,13
6.5351,onset,37200,38229,-18
6.5355,onset,37200,38229,-15
6.5358,onset,37200,38229,-66
6.5362,onset,37200,38229,-27
6.5364,onset,37200,38229,-62
6.5368,onset,37200,38229,-45
6.5371,onset,37200,38229,-56
6.5374,onset,37200,38229,-32
6.5377,onset,37200,38229,20
6.538,onset,37200,38229,48
6.5412,onset,37250,38229,-56
6.5418,onset,37250,38229,-10
6.5424,onset,37250,38229,-49
6.5428,onset,37250,38229,-9
6.5433,onset,37250,38229,52
6.5438,onset,37250,38229,-10
6.5442,onset,37250,38229,-13
6.5446,onset,37250,38229,13
6.5449,onset,37250,38229,69
6.5452,onset,37250,38229,33
6.5455,onset,37250,38229,84
6.5458,onset,37250,38229,21
6.5461,onset,37250,38229,-61
6.5464,onset,37250,38229,-22
6.5467,onset,37250,38229,45
6.547,onset,37250,38229,43
6.5499,onset,37300,38229,33
6.5502,onset,37300,38229,44
6.5505,onset,37300,38229,69
6.5508,onset,37300,38229,24
6.5511,onset,37300,38229,43
6.5514,onset,37300,38229,-30
6.5518,onset,37300,38229,-30
6.5522,onset,37300,38229,55
6.5526,onset,37300,38229,-53
6.5529,onset,37300,38229,-96
6.5532,onset,37300,38229,-54
6.5536,onset,37300,38229,-63
6.554,onset,37300,38229,43
6.5543,onset,37300,38229,37
6.5546,onset,37300,38229,-100
6.5549,onset,37300,38229,-77
6.5579,onset,37350,38229,2
6.5586,onset,37350,38229,41
6.5589,onset,37350,38229,13
6.5593,onset,37350,38229,4
6.5596,onset,37350,38229,23
6.5599,onset,37350,38229,95
6.5602,onset,37350,38229,19
6.5605,onset,37350,38229,58
6.5609,onset,37350,38229,39
6.5613,onset,37350,38229,20
6.5617,onset,37350,38229,-45
6.5621,onset,37350,38229,15
6.5625,onset,37350,38229,-30
6.5629,onset,37350,38229,61
6.5632,onset,37350,38229,-39
6.5636,onset,37350,38229,-21
6.5665,onset,37400,38229,-42
6.5668,onset,37400,38229,-56
6.5671,onset,37400,38229,8
6.5674,onset,37400,38229,0
6.5677,onset,37400,38229,-47
6.568,onset,37400,38229,0
6.5683,onset,37400,38229,-29
6.5686,onset,37400,38229,-22
6.5689,onset,37400,38229,-29
6.5691,onset,37400,38229,-11
6.5694,onset,37400,38229,-46
6.5697,onset,37400,38229,-8
6.57,onset,37400,38229,-31
6.5703,onset,37400,38229,-42
6.5706,onset,37400,38229,-4
6.5709,onset,37400,38229,-30
6.5736,onset,37450,38229,-7
6.574,onset,37450,38229,-24
6.5744,onset,37450,38229,-22
6.5748,onset,37450,38229,-66
6.5754,onset,37450,38229,-69
6.5762,onset,37450,38229,4
6.5765,onset,37450,38229,-36
6.577,onset,37450,38229,-24
6.5775,onset,37450,38229,-33
6.5778,onset,37450,38229,44
6.5781,onset,37450,38229,69
6.5784,onset,37450,38229,22
6.5788,onset,37450,38229,64
6.5792,onset,37450,38229,-35
6.5794,onset,37450,38229,-21
6.5797,onset,37450,38229,-37
6.5824,onset,37500,38229,-90
6.5827,onset,37500,38229,-52
6.583,onset,37500,38229,-17
6.5833,onset,37500,38229,-21
6.5836,onset,37500,38229,-21
6.5839,onset,37500,38229,4
6.5842,onset,37500,38229,71
6.5846,onset,37500,38229,52
6.5849,onset,37500,38229,-30
6.5852,onset,37500,38229,54
6.5855,onset,37500,38229,-7
6.5858,onset,37500,38229,-86
6.5861,onset,37500,38229,-22
6.5864,onset,37500,38229,-69
6.5867,onset,37500,38229,-90
6.587,onset,37500,38229,-85
6.5899,onset,37550,38229,-25
6.5902,onset,37550,38229,-41
6.5905,onset,37550,38229,-109
6.5909,onset,37550,38229,-7
6.5913,onset,37550,38229,44
6.5919,onset,37550,38229,26
6.5923,onset,37550,38229,6
6.5929,onset,37550,38229,77
6.5935,onset,37550,38229,32
6.5939,onset,37550,38229,-50
6.5942,onset,37550,38229,-40
6.5946,onset,37550,38229,34
6.5949,onset,37550,38229,81
6.5952,onset,37550,38229,47
6.5955,onset,37550,38229,-25
6.5958,onset,37550,38229,-18
6.5985,onset,37600,38229,61
6.5988,onset,37600,38229,-7
6.5991,onset,37600,38229,-12
6.5994,onset,37600,38229,-82
6.5998,onset,37600,38229,-66
6.6001,onset,37600,38229,-35
6.6004,onset,37600,38229,-3
6.6007,onset,37600,38229,27
6.601,onset,37600,38229,19
6.6013,onset,37600,38229,53
6.6016,onset,37600,38229,35
6.6019,onset,37600,38229,76
6.6023,onset,37600,38229,41
6.6026,onset,37600,38229,-8
6.6029,onset,37600,38229,-87
6.6032,onset,37600,38229,-25
6.6058,onset,37650,38229,34
6.6061,onset,37650,38229,-26
6.6065,onset,37650,38229,0
6.6068,onset,37650,38229,-69
6.6071,onset,37650,38229,-7
6.6075,onset,37650,38229,17
6.6091,onset,37650,38229,-7
6.6096,onset,37650,38229,-24
6.61,onset,37650,38229,-25
6.6103,onset,37650,38229,-91
6.6106,onset,37650,38229,16
6.611,onset,37650,38229,-27
6.6112,onset,37650,38229,-13
6.6115,onset,37650,38229,11
6.6118,onset,37650,38229,0
6.6121,onset,37650,38229,-29
6.615,onset,37700,38229,-81
6.6153,onset,37700,38229,-64
6.6157,onset,37700,38229,-22
6.616,onset,37700,38229,1
6.6163,onset,37700,38229,27
6.6167,onset,37700,38229,31
6.617,onset,37700,38229,-4
6.6173,onset,37700,38229,16
6.6176,onset,37700,38229,-35
6.618,onset,37700,38229,-15
6.6182,onset,37700,38229,-46
6.6186,onset,37700,38229,-13
6.6189,onset,37700,38229,-33
6.6191,onset,37700,38229,-23
6.6194,onset,37700,38229,-34
6.6197,onset,37700,38229,-38
6.6223,onset,37750,38229,-60
6.6226,onset,37750,38229,-12
6.6229,onset,37750,38229,-40
6.6233,onset,37750,38229,-77
6.6237,onset,37750,38229,26
6.624,onset,37750,38229,48
6.6245,onset,37750,38229,0
6.6249,onset,37750,38229,90
6.6253,onset,37750,38229,20
6.6257,onset,37750,38229,60
6.6262,onset,37750,38229,32
6.6265,onset,37750,38229,73
6.6268,onset,37750,38229,64
6.6271,onset,37750,38229,65
6.6274,onset,37750,38229,-10
6.6277,onset,37750,38229,-21
6.6303,onset,37800,38229,35
6.6306,onset,37800,38229,1
6.631,onset,37800,38229,-3
6.6313,onset,37800,38229,57
6.6316,onset,37800,38229,8
6.6319,onset,37800,38229,55
6.6322,onset,37800,38229,20
6.6325,onset,37800,38229,44
6.6328,onset,37800,38229,-31
6.6331,onset,37800,38229,3
6.6334,onset,37800,38229,-60
6.6337,onset,37800,38229,33
6.634,onset,37800,38229,37
6.6342,onset,37800,38229,59
6.6345,onset,37800,38229,-33
6.6348,onset,37800,38229,54
6.6375,onset,37850,38229,-11
6.6377,onset,37850,38229,-25
6.638,onset,37850,38229,1
6.6383,onset,37850,38229,54
6.6386,onset,37850,38229,72
6.6389,onset,37850,38229,17
6.6392,onset,37850,38229,-16
6.6395,onset,37850,38229,81
6.6398,onset,37850,38229,29
6.6401,onset,37850,38229,81
6.6404,onset,37850,38229,-22
6.6408,onset,37850,38229,26
6.6412,onset,37850,38229,-83
6.6417,onset,37850,38229,-25
6.6421,onset,37850,38229,-11
6.6426,onset,37850,38229,-27
6.6456,onset,37900,38229,17
6.6459,onset,37900,38229,-24
6.6462,onset,37900,38229,-95
6.6465,onset,37900,38229,-27
6.6468,onset,37900,38229,-30
6.6471,onset,37900,38229,-43
6.6475,onset,37900,38229,-83
6.6478,onset,37900,38229,15
6.6482,onset,37900,38229,53
6.6486,onset,37900,38229,-2
6.6489,onset,37900,38229,-4
6.6492,onset,37900,38229,35
6.6495,onset,37900,38229,62
6.6498,onset,37900,38229,-35
6.6501,onset,37900,38229,44
6.6504,onset,37900,38229,39
6.653,onset,37950,38229,-44
6.6533,onset,37950,38229,-70
6.6536,onset,37950,38229,-35
6.6539,onset,37950,38229,12
6.6543,onset,37950,38229,8
6.6546,onset,37950,38229,1
6.6549,onset,37950,38229,-16
6.6552,onset,37950,38229,-81
6.6556,onset,37950,38229,-13
6.656,onset,37950,38229,-72
6.6564,onset,37950,38229,65
6.6568,onset,37950,38229,-34
6.6572,onset,37950,38229,-8
6.6579,onset,37950,38229,69
6.6584,onset,37950,38229,59
6.6589,onset,37950,38229,41
6.6618,onset,38000,38229,0
6.6621,onset,38000,38229,-31
6.6625,onset,38000,38229,-88
6.663,onset,38000,38229,80
6.6634,onset,38000,38229,-27
6.6637,onset,38000,38229,101
6.664,onset,38000,38229,3
6.6644,onset,38000,38229,-66
6.6648,onset,38000,38229,-39
6.6651,onset,38000,38229,19
6.6654,onset,38000,38229,45
6.6658,onset,38000,38229,63
6.6661,onset,38000,38229,26
6.6664,onset,38000,38229,-59
6.6667,onset,38000,38229,-90
6.667,onset,38000,38229,-36
6.6698,onset,38050,38229,-3
6.6701,onset,38050,38229,40
6.6704,onset,38050,38229,4
6.6707,onset,38050,38229,23
6.671,onset,38050,38229,-56
6.6713,onset,38050,38229,24
6.6716,onset,38050,38229,32
6.6718,onset,38050,38229,15
6.6721,onset,38050,38229,29
6.6724,onset,38050,38229,43
6.6727,onset,38050,38229,1
6.673,onset,38050,38229,-13
6.6733,onset,38050,38229,43
6.6736,onset,38050,38229,53
6.6739,onset,38050,38229,57
6.6742,onset,38050,38229,-13
6.6774,onset,38100,38229,14
6.6777,onset,38100,38229,-39
6.6781,onset,38100,38229,-61
6.6785,onset,38100,38229,-27
6.6789,onset,38100,38229,-17
6.6793,onset,38100,38229,34
6.6798,onset,38100,38229,20
6.68,onset,38100,38229,-40
6.6803,onset,38100,38229,-19
6.6806,onset,38100,38229,-39
6.6809,onset,38100,38229,-19
6.6812,onset,38100,38229,-67
6.6815,onset,38100,38229,-40
6.6818,onset,38100,38229,-44
6.6821,onset,38100,38229,-84
6.6823,onset,38100,38229,-17
6.6849,onset,38150,38229,43
6.6851,onset,38150,38229,22
6.6854,onset,38150,38229,26
6.6857,onset,38150,38229,-3
6.686,onset,38150,38229,25
6.6863,onset,38150,38229,-12
6.6866,onset,38150,38229,4
6.6869,onset,38150,38229,-10
6.6872,onset,38150,38229,-21
6.6875,onset,38150,38229,13
6.6877,onset,38150,38229,-15
6.688,onset,38150,38229,-11
6.6883,onset,38150,38229,17
6.6886,onset,38150,38229,-5
6.689,onset,38150,38229,16
6.6893,onset,38150,38229,54
6.6925,onset,38200,38229,-31
6.693,onset,38200,38229,-86
6.6934,onset,38200,38229,54
6.6938,onset,38200,38229,-63
6.6941,onset,38200,38229,-19
6.6944,onset,38200,38229,45
6.6947,onset,38200,38229,55
6.6949,onset,38200,38229,36
6.6952,onset,38200,38229,33
6.6955,onset,38200,38229,-11
6.6958,onset,38200,38229,-20
6.6961,onset,38200,38229,20
6.6964,onset,38200,38229,-23
6.6967,onset,38200,38229,-25
6.697,onset,38200,38229,5
6.6973,onset,38200,38229,-2
6.6999,onset,38250,38229,-66
6.7002,onset,38250,38229,-30
6.7005,onset,38250,38229,-9
6.7008,onset,38250,38229,-34
6.7011,onset,38250,38229,-27
6.7014,onset,38250,38229,-24
6.7017,onset,38250,38229,-11
6.702,onset,38250,38229,8
6.7023,onset,38250,38229,26
6.7026,onset,38250,38229,36
6.7029,onset,38250,38229,-31
6.7032,onset,38250,38229,46
6.7036,onset,38250,38229,-22
6.7039,onset,38250,38229,-58
6.7041,onset,38250,38229,-24
6.7045,onset,38250,38229,-86
6.7072,onset,38300,38229,-23
6.7079,onset,38300,38229,22
6.7084,onset,38300,38229,28
6.7097,onset,38300,38229,-8
6.7103,onset,38300,38229,-59
6.7107,onset,38300,38229,6
6.7111,onset,38300,38229,-51
6.7114,onset,38300,38229,29
6.7118,onset,38300,38229,74
6.7122,onset,38300,38229,-17
6.7124,onset,38300,38229,-74
6.7127,onset,38300,38229,0
6.713,onset,38300,38229,-13
6.7133,onset,38300,38229,-88
6.7136,onset,38300,38229,-55
6.7139,onset,38300,38229,-18
6.7167,onset,38350,38229,26
6.717,onset,38350,38229,48
6.7173,onset,38350,38229,10
6.7176,onset,38350,38229,90
6.718,onset,38350,38229,-67
6.7183,onset,38350,38229,-95
6.7186,onset,38350,38229,-21
6.7189,onset,38350,38229,-25
6.7192,onset,38350,38229,-36
6.7195,onset,38350,38229,-60
6.7198,onset,38350,38229,-12
6.7201,onset,38350,38229,-34
6.7204,onset,38350,38229,-1
6.7209,onset,38350,38229,-19
6.7213,onset,38350,38229,2
6.7216,onset,38350,38229,-21
6.7245,onset,38400,38229,54
6.7251,onset,38400,38229,49
6.7256,onset,38400,38229,10
6.7261,onset,38400,38229,4
6.7266,onset,38400,38229,64
6.727,onset,38400,38229,41
6.7274,onset,38400,38229,-16
6.7277,onset,38400,38229,-30
6.7282,onset,38400,38229,-13
6.7286,onset,38400,38229,6
6.7289,onset,38400,38229,-17
6.7293,onset,38400,38229,-7
6.7296,onset,38400,38229,79
6.73,onset,38400,38229,-12
6.7302,onset,38400,38229,38
6.7305,onset,38400,38229,64
6.7335,onset,38450,38229,-3
6.7338,onset,38450,38229,31
6.7341,onset,38450,38229,-66
6.7344,onset,38450,38229,-98
6.7347,onset,38450,38229,-34
6.735,onset,38450,38229,-40
6.7354,onset,38450,38229,1
6.7357,onset,38450,38229,-2
6.736,onset,38450,38229,-1
6.7364,onset,38450,38229,-49
6.7367,onset,38450,38229,-92
6.737,onset,38450,38229,-38
6.7373,onset,38450,38229,-45
6.7376,onset,38450,38229,-20
6.7379,onset,38450,38229,-47
6.7382,onset,38450,38229,-42
6.7415,onset,38500,38229,-82
6.7419,onset,38500,38229,-80
6.7424,onset,38500,38229,40
6.743,onset,38500,38229,-108
6.7436,onset,38500,38229,49
6.744,onset,38500,38229,91
6.7444,onset,38500,38229,1
6.7447,onset,38500,38229,-15
6.745,onset,38500,38229,-52
6.7453,onset,38500,38229,-15
6.7456,onset,38500,38229,31
6.7459,onset,38500,38229,0
6.7462,onset,38500,38229,5
6.7465,onset,38500,38229,4
6.7468,onset,38500,38229,59
6.7471,onset,38500,38229,52
6.7498,onset,38550,38229,-14
6.7502,onset,38550,38229,-24
6.7505,onset,38550,38229,-17
6.7508,onset,38550,38229,-36
6.7512,onset,38550,38229,-10
6.7516,onset,38550,38229,-51
6.7521,onset,38550,38229,-5
6.7524,onset,38550,38229,24
6.7531,onset,38550,38229,-36
6.7534,onset,38550,38229,-45
6.7537,onset,38550,38229,-84
6.754,onset,38550,38229,-46
6.7543,onset,38550,38229,-13
6.7546,onset,38550,38229,-2
6.755,onset,38550,38229,54
6.7554,onset,38550,38229,-28
6.7589,onset,38600,38229,-17
6.7595,onset,38600,38229,4
6.7599,onset,38600,38229,-39
6.7605,onset,38600,38229,-26
6.7609,onset,38600,38229,-9
6.7612,onset,38600,38229,54
6.7615,onset,38600,38229,103
6.7618,onset,38600,38229,91
6.7621,onset,38600,38229,50
6.7624,onset,38600,38229,-11
6.7628,onset,38600,38229,25
6.7631,onset,38600,38229,-12
6.7634,onset,38600,38229,-61
6.7637,onset,38600,38229,-82
6.764,onset,38600,38229,-42
6.7643,onset,38600,38229,19
6.7671,onset,38650,38229,35
6.7674,onset,38650,38229,50
6.7677,onset,38650,38229,22
6.7681,onset,38650,38229,-32
6.7684,onset,38650,38229,-33
6.7687,onset,38650,38229,-24
6.7691,onset,38650,38229,-13
6.7694,onset,38650,38229,4
6.7697,onset,38650,38229,-22
6.7701,onset,38650,38229,-54
6.7704,onset,38650,38229,-20
6.7707,onset,38650,38229,-78
6.771,onset,38650,38229,-37
6.7714,onset,38650,38229,-4
6.7717,onset,38650,38229,31
6.772,onset,38650,38229,2
6.7751,onset,38700,38229,-36
6.7755,onset,38700,38229,58
6.776,onset,38700,38229,-64
6.7766,onset,38700,38229,16
6.7771,onset,38700,38229,-69
6.7774,onset,38700,38229,11
6.7777,onset,38700,38229,116
6.7781,onset,38700,38229,45
6.7784,onset,38700,38229,31
6.7787,onset,38700,38229,-64
6.779,onset,38700,38229,-11
6.7793,onset,38700,38229,-25
6.7796,onset,38700,38229,-68
6.78,onset,38700,38229,-7
6.7803,onset,38700,38229,49
6.7806,onset,38700,38229,42
6.7833,onset,38750,38229,22
6.7836,onset,38750,38229,31
6.7839,onset,38750,38229,9
6.7842,onset,38750,38229,47
6.7845,onset,38750,38229,-4
6.7848,onset,38750,38229,-102
6.7852,onset,38750,38229,-69
6.7855,onset,38750,38229,-46
6.7858,onset,38750,38229,-41
6.7861,onset,38750,38229,-28
6.7864,onset,38750,38229,-37
6.7867,onset,38750,38229,12
6.787,onset,38750,38229,2
6.7873,onset,38750,38229,55
6.7876,onset,38750,38229,28
6.7879,onset,38750,38229,-18
6.7909,onset,38800,38229,58
6.7914,onset,38800,38229,-47
6.792,onset,38800,38229,-41
6.7926,onset,38800,38229,48
6.7932,onset,38800,38229,43
6.7936,onset,38800,38229,-10
6.7942,onset,38800,38229,15
6.7946,onset,38800,38229,-110
6.7949,onset,38800,38229,-42
6.7952,onset,38800,38229,-60
6.7955,onset,38800,38229,-1
6.7957,onset,38800,38229,-35
6.796,onset,38800,38229,-4
6.7963,onset,38800,38229,3
6.7966,onset,38800,38229,-46
6.7969,onset,38800,38229,-19
6.7998,onset,38850,38229,3
6.8001,onset,38850,38229,-80
6.8004,onset,38850,38229,-70
6.8008,onset,38850,38229,-46
6.8011,onset,38850,38229,-32
6.8014,onset,38850,38229,43
6.8018,onset,38850,38229,27
6.8021,onset,38850,38229,-124
6.8025,onset,38850,38229,-32
6.8028,onset,38850,38229,19
6.8031,onset,38850,38229,-12
6.8034,onset,38850,38229,16
6.8037,onset,38850,38229,15
6.804,onset,38850,38229,0
6.8043,onset,38850,38229,-41
6.8047,onset,38850,38229,34
6.8081,onset,38900,38229,-46
6.8087,onset,38900,38229,79
6.8093,onset,38900,38229,15
6.8098,onset,38900,38229,2
6.8102,onset,38900,38229,-11
6.8106,onset,38900,38229,26
6.811,onset,38900,38229,-11
6.8113,onset,38900,38229,28
6.8117,onset,38900,38229,40
6.812,onset,38900,38229,-19
6.8123,onset,38900,38229,-24
6.8126,onset,38900,38229,30
6.813,onset,38900,38229,-18
6.8133,onset,38900,38229,-36
6.8136,onset,38900,38229,-45
6.8139,onset,38900,38229,-30
6.8166,onset,38950,38229,-14
6.817,onset,38950,38229,19
6.8173,onset,38950,38229,-11
6.8176,onset,38950,38229,23
6.818,onset,38950,38229,-3
6.8183,onset,38950,38229,-28
6.8186,onset,38950,38229,-51
6.8189,onset,38950,38229,-29
6.8192,onset,38950,38229,6
6.8195,onset,38950,38229,-24
6.8198,onset,38950,38229,-16
6.8201,onset,38950,38229,58
6.8204,onset,38950,38229,32
6.8207,onset,38950,38229,-18
6.8211,onset,38950,38229,26
6.8214,onset,38950,38229,12
6.8246,onset,39000,38229,-82
6.8252,onset,39000,38229,14
6.8261,onset,39000,38229,71
6.8267,onset,39000,38229,-30
6.8272,onset,39000,38229,-82
6.8276,onset,39000,38229,-52
6.828,onset,39000,38229,11
6.8283,onset,39000,38229,10
6.8286,onset,39000,38229,-3
6.8289,onset,39000,38229,7
6.8293,onset,39000,38229,72
6.8296,onset,39000,38229,22
6.8299,onset,39000,38229,-63
6.8302,onset,39000,38229,10
6.8305,onset,39000,38229,-59
6.8308,onset,39000,38229,-65
6.8336,onset,39050,38229,-25
6.8339,onset,39050,38229,39
6.8342,onset,39050,38229,45
6.8346,onset,39050,38229,6
6.8349,onset,39050,38229,-62
6.8353,onset,39050,38229,17
6.8356,onset,39050,38229,-26
6.8359,onset,39050,38229,16
6.8362,onset,39050,38229,22
6.8365,onset,39050,38229,51
6.8368,onset,39050,38229,-27
6.8372,onset,39050,38229,-72
6.8375,onset,39050,38229,8
6.8378,onset,39050,38229,-105
6.8381,onset,39050,38229,9
6.8384,onset,39050,38229,-18
6.8417,onset,39100,38229,-37
6.8426,onset,39100,38229,-1
6.8432,onset,39100,38229,6
6.8437,onset,39100,38229,-76
6.8441,onset,39100,38229,0
6.8445,onset,39100,38229,33
6.8449,onset,39100,38229,73
6.8452,onset,39100,38229,-44
6.8455,onset,39100,38229,20
6.8459,onset,39100,38229,-4
6.8462,onset,39100,38229,-24
6.8465,onset,39100,38229,-10
6.8468,onset,39100,38229,-30
6.8471,onset,39100,38229,-60
6.8474,onset,39100,38229,-26
6.8477,onset,39100,38229,30
6.8505,onset,39150,38229,-10
6.8508,onset,39150,38229,50
6.8511,onset,39150,38229,-3
6.8515,onset,39150,38229,-32
6.8518,onset,39150,38229,-40
6.8521,onset,39150,38229,4
6.8525,onset,39150,38229,83
6.8528,onset,39150,38229,-78
6.8532,onset,39150,38229,-23
6.8535,onset,39150,38229,-96
6.8538,onset,39150,38229,-30
6.8541,onset,39150,38229,12
6.8545,onset,39150,38229,34
6.8548,onset,39150,38229,-1
6.8553,onset,39150,38229,-7
6.8556,onset,39150,38229,37
6.8596,onset,39200,38229,-72
6.8601,onset,39200,38229,-68
6.8605,onset,39200,38229,-19
6.8609,onset,39200,38229,-69
6.8612,onset,39200,38229,94
6.8616,onset,39200,38229,26
6.8619,onset,39200,38229,-3
6.8622,onset,39200,38229,29
6.8625,onset,39200,38229,-20
6.8628,onset,39200,38229,-108
6.8631,onset,39200,38229,-72
6.8635,onset,39200,38229,-2
6.8638,onset,39200,38229,0
6.8641,onset,39200,38229,8
6.8644,onset,39200,38229,46
6.8647,onset,39200,38229,36
6.8677,onset,39250,38229,-10
6.868,onset,39250,38229,24
6.8683,onset,39250,38229,8
6.8687,onset,39250,38229,-39
6.869,onset,39250,38229,-36
6.8694,onset,39250,38229,-2
6.8697,onset,39250,38229,53
6.8701,onset,39250,38229,-100
6.8704,onset,39250,38229,-90
6.8707,onset,39250,38229,4
6.8711,onset,39250,38229,9
6.8714,onset,39250,38229,11
6.8717,onset,39250,38229,52
6.872,onset,39250,38229,-4
6.8724,onset,39250,38229,-2
6.8727,onset,39250,38229,-36
6.8764,onset,39300,38229,-34
6.8771,onset,39300,38229,21
6.8774,onset,39300,38229,55
6.8777,onset,39300,38229,73
6.878,onset,39300,38229,13
6.8783,onset,39300,38229,-31
6.8786,onset,39300,38229,-22
6.8789,onset,39300,38229,85
6.8791,onset,39300,38229,59
6.8794,onset,39300,38229,33
6.8797,onset,39300,38229,-5
6.88,onset,39300,38229,-12
6.8802,onset,39300,38229,-20
6.8806,onset,39300,38229,13
6.8808,onset,39300,38229,14
6.8811,onset,39300,38229,-9
6.8839,onset,39350,38229,-5
6.8842,onset,39350,38229,56
6.8845,onset,39350,38229,19
6.8849,onset,39350,38229,-48
6.8852,onset,39350,38229,-30
6.8855,onset,39350,38229,-20
6.886,onset,39350,38229,-67
6.8863,onset,39350,38229,-119
6.8866,onset,39350,38229,-27
6.887,onset,39350,38229,28
6.8873,onset,39350,38229,-25
6.8876,onset,39350,38229,26
6.8879,onset,39350,38229,3
6.8882,onset,39350,38229,30
6.8886,onset,39350,38229,-59
6.8888,onset,39350,38229,-11
6.8923,onset,39400,38229,3
6.8929,onset,39400,38229,57
6.8934,onset,39400,38229,39
6.8938,onset,39400,38229,-85
6.8941,onset,39400,38229,11
6.8944,onset,39400,38229,41
6.8947,onset,39400,38229,-1
6.895,onset,39400,38229,58
6.8953,onset,39400,38229,55
6.8956,onset,39400,38229,64
6.8959,onset,39400,38229,6
6.8962,onset,39400,38229,57
6.8965,onset,39400,38229,3
6.8968,onset,39400,38229,89
6.8971,onset,39400,38229,16
6.8974,onset,39400,38229,-71
6.9005,onset,39450,38229,-9
6.9008,onset,39450,38229,-18
6.9011,onset,39450,38229,-9
6.9014,onset,39450,38229,-8
6.9018,onset,39450,38229,2
6.9021,onset,39450,38229,-64
6.9024,onset,39450,38229,-40
6.9028,onset,39450,38229,-104
6.9031,onset,39450,38229,-4
6.9034,onset,39450,38229,18
6.9038,onset,39450,38229,64
6.9041,onset,39450,38229,20
6.9044,onset,39450,38229,-36
6.9047,onset,39450,38229,-68
6.9051,onset,39450,38229,-72
6.9054,onset,39450,38229,0
6.9082,onset,39500,38229,37
6.9087,onset,39500,38229,-91
6.9092,onset,39500,38229,-13
6.9096,onset,39500,38229,55
6.91,onset,39500,38229,4
6.9104,onset,39500,38229,-22
6.9108,onset,39500,38229,-19
6.9111,onset,39500,38229,-75
6.9114,onset,39500,38229,-14
6.9117,onset,39500,38229,-44
6.912,onset,39500,38229,-68
6.9123,onset,39500,38229,-9
6.9126,onset,39500,38229,-44
6.9129,onset,39500,38229,-37
6.9132,onset,39500,38229,-29
6.9135,onset,39500,38229,-35
6.9163,onset,39550,38229,28
6.9166,onset,39550,38229,67
6.9169,onset,39550,38229,28
6.9173,onset,39550,38229,-6
6.9176,onset,39550,38229,-48
6.9179,onset,39550,38229,-7
6.9182,onset,39550,38229,-15
6.9185,onset,39550,38229,-21
6.9188,onset,39550,38229,20
6.9191,onset,39550,38229,31
6.9194,onset,39550,38229,13
6.9198,onset,39550,38229,-19
6.9201,onset,39550,38229,3
6.9204,onset,39550,38229,-14
6.9207,onset,39550,38229,16
6.921,onset,39550,38229,-16
6.9237,onset,39600,38229,-22
6.9243,onset,39600,38229,-25
6.9248,onset,39600,38229,27
6.9257,onset,39600,38229,33
6.9262,onset,39600,38229,1
6.9266,onset,39600,38229,7
6.927,onset,39600,38229,-79
6.9275,onset,39600,38229,52
6.928,onset,39600,38229,0
6.9283,onset,39600,38229,54
6.9287,onset,39600,38229,56
6.929,onset,39600,38229,-49
6.9293,onset,39600,38229,-11
6.9296,onset,39600,38229,16
6.9299,onset,39600,38229,-28
6.9302,onset,39600,38229,-41
6.933,onset,39650,38229,-27
6.9333,onset,39650,38229,9
6.9336,onset,39650,38229,48
6.9339,onset,39650,38229,48
6.9341,onset,39650,38229,-16
6.9344,onset,39650,38229,3
6.9347,onset,39650,38229,51
6.935,onset,39650,38229,58
6.9352,onset,39650,38229,-6
6.9355,onset,39650,38229,10
6.9358,onset,39650,38229,26
6.9361,onset,39650,38229,-18
6.9364,onset,39650,38229,-19
6.9366,onset,39650,38229,-102
6.9368,onset,39650,38229,-30
6.9371,onset,39650,38229,2
6.9397,onset,39700,38229,51
6.94,onset,39700,38229,25
6.9402,onset,39700,38229,-24
6.9405,onset,39700,38229,-50
6.9408,onset,39700,38229,6
6.9412,onset,39700,38229,28
6.9416,onset,39700,38229,58
6.9419,onset,39700,38229,-24
6.9423,onset,39700,38229,0
6.9427,onset,39700,38229,39
6.9431,onset,39700,38229,-108
6.9434,onset,39700,38229,16
6.9437,onset,39700,38229,-12
6.944,onset,39700,38229,-16
6.9442,onset,39700,38229,21
6.9446,onset,39700,38229,53
6.9473,onset,39750,38229,-9
6.9476,onset,39750,38229,38
6.9478,onset,39750,38229,27
6.9481,onset,39750,38229,18
6.9485,onset,39750,38229,44
6.9487,onset,39750,38229,25
6.949,onset,39750,38229,6
6.9492,onset,39750,38229,-40
6.9495,onset,39750,38229,-16
6.9497,onset,39750,38229,-37
6.9501,onset,39750,38229,-45
6.9503,onset,39750,38229,-5
6.9506,onset,39750,38229,82
6.9509,onset,39750,38229,5
6.9511,onset,39750,38229,40
6.9514,onset,39750,38229,61
6.9542,onset,39800,38229,-35
6.9546,onset,39800,38229,0
6.9549,onset,39800,38229,-24
6.9552,onset,39800,38229,0
6.9555,onset,39800,38229,51
6.9558,onset,39800,38229,39
6.9561,onset,39800,38229,29
6.9565,onset,39800,38229,51
6.9568,onset,39800,38229,41
6.9571,onset,39800,38229,-5
6.9575,onset,39800,38229,-28
6.958,onset,39800,38229,44
6.9585,onset,39800,38229,4
6.959,onset,39800,38229,-4
6.9594,onset,39800,38229,19
6.9598,onset,39800,38229,-11
6.9627,onset,39850,38229,31
6.963,onset,39850,38229,25
6.9634,onset,39850,38229,31
6.9637,onset,39850,38229,-60
6.964,onset,39850,38229,-88
6.9643,onset,39850,38229,-13
6.9646,onset,39850,38229,-101
6.9649,onset,39850,38229,-21
6.9652,onset,39850,38229,-72
6.9656,onset,39850,38229,8
6.9658,onset,39850,38229,-75
6.9662,onset,39850,38229,-64
6.9665,onset,39850,38229,-33
6.9668,onset,39850,38229,55
6.9671,onset,39850,38229,7
6.9675,onset,39850,38229,53
6.9705,onset,39900,38229,6
6.9709,onset,39900,38229,35
6.9712,onset,39900,38229,-5
6.9716,onset,39900,38229,0
6.972,onset,39900,38229,35
6.9723,onset,39900,38229,-22
6.9727,onset,39900,38229,-42
6.973,onset,39900,38229,19
6.9733,onset,39900,38229,-20
6.9736,onset,39900,38229,-16
6.9741,onset,39900,38229,-57
6.9746,onset,39900,38229,1
6.9751,onset,39900,38229,4
6.9756,onset,39900,38229,-56
6.9763,onset,39900,38229,15
6.9771,onset,39900,38229,-46
6.9807,onset,39950,38229,0
6.9809,onset,39950,38229,-38
6.9812,onset,39950,38229,-4
6.9815,onset,39950,38229,-25
6.9818,onset,39950,38229,-40
6.9821,onset,39950,38229,-16
6.9824,onset,39950,38229,-9
6.9827,onset,39950,38229,-28
6.9829,onset,39950,38229,-47
6.9832,onset,39950,38229,0
6.9835,onset,39950,38229,30
6.9838,onset,39950,38229,-47
6.9841,onset,39950,38229,-21
6.9844,onset,39950,38229,-25
6.9847,onset,39950,38229,-77
6.985,onset,39950,38229,-48
6.988,onset,40000,38229,-2
6.9884,onset,40000,38229,10
6.9887,onset,40000,38229,6
6.9891,onset,40000,38229,42
6.9894,onset,40000,38229,-34
6.9898,onset,40000,38229,2
6.9901,onset,40000,38229,26
6.9905,onset,40000,38229,11
6.9911,onset,40000,38229,-21
6.9916,onset,40000,38229,51
6.9921,onset,40000,38229,-34
6.9927,onset,40000,38229,-28
6.9932,onset,40000,38229,43
6.9936,onset,40000,38229,50
6.994,onset,40000,38229,-5
6.9943,onset,40000,38229,7
6.997,onset,40050,38229,-82
6.9973,onset,40050,38229,10
6.9977,onset,40050,38229,-15
6.998,onset,40050,38229,-71
6.9983,onset,40050,38229,-47
6.9986,onset,40050,38229,-12
6.999,onset,40050,38229,45
6.9993,onset,40050,38229,-1
6.9997,onset,40050,38229,-13
7.0,onset,40050,38229,-38
7.0003,onset,40050,38229,-75
7.0006,onset,40050,38229,-33
7.001,onset,40050,38229,15
7.0013,onset,40050,38229,46
7.0016,onset,40050,38229,15
7.0019,onset,40050,38229,67
7.0045,onset,40100,38229,66
7.0049,onset,40100,38229,23
7.0052,onset,40100,38229,35
7.0055,onset,40100,38229,-3
7.0059,onset,40100,38229,-46
7.0062,onset,40100,38229,27
7.0066,onset,40100,38229,51
7.0069,onset,40100,38229,50
7.0074,onset,40100,38229,-77
7.008,onset,40100,38229,-8
7.0084,onset,40100,38229,-58
7.0087,onset,40100,38229,25
7.0091,onset,40100,38229,23
7.0097,onset,40100,38229,77
7.01,onset,40100,38229,-24
7.0103,onset,40100,38229,35
7.0132,onset,40150,38229,3
7.0134,onset,40150,38229,32
7.0137,onset,40150,38229,54
7.014,onset,40150,38229,50
7.0143,onset,40150,38229,-2
7.0146,onset,40150,38229,46
7.0151,onset,40150,38229,10
7.0155,onset,40150,38229,33
7.0158,onset,40150,38229,-22
7.0161,onset,40150,38229,-78
7.0165,onset,40150,38229,-91
7.0168,onset,40150,38229,-10
7.0171,onset,40150,38229,46
7.0175,onset,40150,38229,63
7.0177,onset,40150,38229,29
7.018,onset,40150,38229,-22
7.0207,onset,40200,38229,-2
7.0211,onset,40200,38229,-36
7.0214,onset,40200,38229,-20
7.0217,onset,40200,38229,-16
7.022,onset,40200,38229,-63
7.0224,onset,40200,38229,-25
7.0228,onset,40200,38229,10
7.023,onset,40200,38229,62
7.0233,onset,40200,38229,61
7.0236,onset,40200,38229,36
7.024,onset,40200,38229,-13
7.0243,onset,40200,38229,31
7.0248,onset,40200,38229,25
7.0251,onset,40200,38229,13
7.0255,onset,40200,38229,27
7.0259,onset,40200,38229,43
7.0288,onset,40250,38229,-18
7.0291,onset,40250,38229,37
7.0294,onset,40250,38229,13
7.0297,onset,40250,38229,-52
7.0301,onset,40250,38229,-91
7.0304,onset,40250,38229,-10
7.0307,onset,40250,38229,-2
7.031,onset,40250,38229,-10
7.0313,onset,40250,38229,-25
7.0316,onset,40250,38229,-85
7.0319,onset,40250,38229,-27
7.0321,onset,40250,38229,-31
7.0324,onset,40250,38229,-87
7.0328,onset,40250,38229,-81
7.0331,onset,40250,38229,20
7.0334,onset,40250,38229,22
7.036,onset,40300,38229,-54
7.0363,onset,40300,38229,-46
7.0366,onset,40300,38229,-61
7.0369,onset,40300,38229,-48
7.0371,onset,40300,38229,-80
7.0374,onset,40300,38229,-48
7.0377,onset,40300,38229,-35
7.038,onset,40300,38229,-98
7.0383,onset,40300,38229,-1
7.0386,onset,40300,38229,-72
7.0389,onset,40300,38229,-42
7.0392,onset,40300,38229,-13
7.0395,onset,40300,38229,-71
7.0398,onset,40300,38229,-21
7.0401,onset,40300,38229,-28
7.0403,onset,40300,38229,-32
7.043,onset,40350,38229,-17
7.0434,onset,40350,38229,2
7.0437,onset,40350,38229,7
7.044,onset,40350,38229,-16
7.0443,onset,40350,38229,-6
7.0446,onset,40350,38229,3
7.0449,onset,40350,38229,57
7.0452,onset,40350,38229,7
7.0455,onset,40350,38229,1
7.0457,onset,40350,38229,-22
7.046,onset,40350,38229,-21
7.0463,onset,40350,38229,-82
7.0466,onset,40350,38229,-92
7.0469,onset,40350,38229,-38
7.0472,onset,40350,38229,-35
7.0475,onset,40350,38229,-78
7.0505,onset,40400,38229,1
7.0507,onset,40400,38229,-14
7.051,onset,40400,38229,25
7.0513,onset,40400,38229,-18
7.0516,onset,40400,38229,-30
7.0519,onset,40400,38229,25
7.0522,onset,40400,38229,-14
7.0525,onset,40400,38229,-8
7.0527,onset,40400,38229,-54
7.0531,onset,40400,38229,-14
7.0534,onset,40400,38229,-53
7.0537,onset,40400,38229,24
7.054,onset,40400,38229,-11
7.0542,onset,40400,38229,-24
7.0546,onset,40400,38229,20
7.0548,onset,40400,38229,-13
7.0577,onset,40450,38229,-32
7.0582,onset,40450,38229,-62
7.0586,onset,40450,38229,-2
7.059,onset,40450,38229,27
7.0593,onset,40450,38229,26
7.0596,onset,40450,38229,-50
7.06,onset,40450,38229,-20
7.0603,onset,40450,38229,-33
7.0606,onset,40450,38229,-19
7.0609,onset,40450,38229,-54
7.0612,onset,40450,38229,14
7.0615,onset,40450,38229,44
7.0618,onset,40450,38229,40
7.0621,onset,40450,38229,39
7.0624,onset,40450,38229,12
7.0627,onset,40450,38229,-11
7.0655,onset,40500,38229,-55
7.0658,onset,40500,38229,-95
7.0662,onset,40500,38229,-52
7.0665,onset,40500,38229,-51
7.0668,onset,40500,38229,-6
7.0671,onset,40500,38229,8
7.0674,onset,40500,38229,81
7.0678,onset,40500,38229,43
7.0681,onset,40500,38229,-16
7.0684,onset,40500,38229,-66
7.0687,onset,40500,38229,-35
7.069,onset,40500,38229,-26
7.0694,onset,40500,38229,-40
7.0697,onset,40500,38229,-18
7.0701,onset,40500,38229,6
7.0703,onset,40500,38229,47
7.073,onset,40550,38229,10
7.0733,onset,40550,38229,36
7.0736,onset,40550,38229,-7
7.0745,onset,40550,38229,-29
7.0751,onset,40550,38229,75
7.0757,onset,40550,38229,-44
7.0762,onset,40550,38229,25
7.0768,onset,40550,38229,-23
7.0772,onset,40550,38229,30
7.0776,onset,40550,38229,-1
7.0779,onset,40550,38229,-71
7.0782,onset,40550,38229,-21
7.0785,onset,40550,38229,31
7.0788,onset,40550,38229,-8
7.0792,onset,40550,38229,35
7.0794,onset,40550,38229,39
7.0823,onset,40600,38229,-10
7.0826,onset,40600,38229,-34
7.0829,onset,40600,38229,-5
7.0832,onset,40600,38229,26
7.0836,onset,40600,38229,93
7.084,onset,40600,38229,-28
7.0843,onset,40600,38229,-23
7.0847,onset,40600,38229,-45
7.085,onset,40600,38229,19
7.0853,onset,40600,38229,38
7.0857,onset,40600,38229,-55
7.0861,onset,40600,38229,-41
7.0864,onset,40600,38229,-1
7.0867,onset,40600,38229,-17
7.087,onset,40600,38229,63
7.0873,onset,40600,38229,56
7.091,onset,40650,38229,40
7.0915,onset,40650,38229,57
7.0921,onset,40650,38229,10
7.0926,onset,40650,38229,6
7.0931,onset,40650,38229,32
7.0935,onset,40650,38229,-73
7.0938,onset,40650,38229,88
7.0942,onset,40650,38229,46
7.0944,onset,40650,38229,85
7.0947,onset,40650,38229,26
7.0952,onset,40650,38229,-29
7.0955,onset,40650,38229,-27
7.0958,onset,40650,38229,20
7.0961,onset,40650,38229,35
7.0964,onset,40650,38229,7
7.0968,onset,40650,38229,79
7.0996,onset,40700,38229,-56
7.0999,onset,40700,38229,-43
7.1003,onset,40700,38229,6
7.1008,onset,40700,38229,5
7.1013,onset,40700,38229,26
7.1016,onset,40700,38229,50
7.1021,onset,40700,38229,-30
7.1025,onset,40700,38229,17
7.1028,onset,40700,38229,50
7.1031,onset,40700,38229,62
7.1035,onset,40700,38229,-66
7.1038,onset,40700,38229,-39
7.1041,onset,40700,38229,-11
7.1044,onset,40700,38229,-107
7.1047,onset,40700,38229,-40
7.105,onset,40700,38229,5
7.1078,onset,40750,38229,73
7.1083,onset,40750,38229,-4
7.1087,onset,40750,38229,46
7.1091,onset,40750,38229,-70
7.1093,onset,40750,38229,-63
7.1096,onset,40750,38229,-76
7.1099,onset,40750,38229,-45
7.1102,onset,40750,38229,-27
7.1104,onset,40750,38229,-49
7.1107,onset,40750,38229,-12
7.111,onset,40750,38229,2
7.1113,onset,40750,38229,-32
7.1116,onset,40750,38229,-10
7.1119,onset,40750,38229,17
7.1122,onset,40750,38229,-69
7.1125,onset,40750,38229,-12
7.1153,onset,40800,38229,6
7.1157,onset,40800,38229,-14
7.116,onset,40800,38229,30
7.1163,onset,40800,38229,-14
7.1166,onset,40800,38229,-38
7.117,onset,40800,38229,-24
7.1173,onset,40800,38229,11
7.1176,onset,40800,38229,2
7.118,onset,40800,38229,22
7.1184,onset,40800,38229,-35
7.1187,onset,40800,38229,-29
7.119,onset,40800,38229,27
7.1194,onset,40800,38229,57
7.1197,onset,40800,38229,29
7.12,onset,40800,38229,38
7.1203,onset,40800,38229,28
7.1234,onset,40850,38229,24
7.1237,onset,40850,38229,36
7.1241,onset,40850,38229,-8
7.1247,onset,40850,38229,-2
7.1259,onset,40850,38229,15
7.1264,onset,40850,38229,-53
7.1269,onset,40850,38229,-29
7.1273,onset,40850,38229,9
7.1277,onset,40850,38229,41
7.1281,onset,40850,38229,-15
7.1284,onset,40850,38229,42
7.1287,onset,40850,38229,1
7.129,onset,40850,38229,72
7.1293,onset,40850,38229,32
7.1296,onset,40850,38229,-38
7.1299,onset,40850,38229,20
7.1328,onset,40900,38229,-14
7.1331,onset,40900,38229,19
7.1335,onset,40900,38229,12
7.1339,onset,40900,38229,-23
7.1342,onset,40900,38229,39
7.1346,onset,40900,38229,61
7.1349,onset,40900,38229,-8
7.1353,onset,40900,38229,-39
7.1356,onset,40900,38229,-6
7.136,onset,40900,38229,21
7.1363,onset,40900,38229,37
7.1367,onset,40900,38229,-62
7.137,onset,40900,38229,-32
7.1374,onset,40900,38229,-1
7.1377,onset,40900,38229,31
7.1381,onset,40900,38229,44
7.1408,onset,40950,38229,-45
7.1417,onset,40950,38229,7
7.1429,onset,40950,38229,-7
7.1435,onset,40950,38229,-3
7.1439,onset,40950,38229,33
7.1442,onset,40950,38229,53
7.1445,onset,40950,38229,43
7.1449,onset,40950,38229,13
7.1452,onset,40950,38229,-12
7.1455,onset,40950,38229,-79
7.1459,onset,40950,38229,35
7.1463,onset,40950,38229,62
7.1467,onset,40950,38229,-4
7.1471,onset,40950,38229,41
7.1476,onset,40950,38229,-18
7.148,onset,40950,38229,23
7.1507,onset,41000,38229,-59
7.151,onset,41000,38229,-27
7.1514,onset,41000,38229,5
7.1517,onset,41000,38229,50
7.1521,onset,41000,38229,-89
7.1524,onset,41000,38229,-35
7.1528,onset,41000,38229,-14
7.1531,onset,41000,38229,-14
7.1534,onset,41000,38229,34
7.1537,onset,41000,38229,20
7.154,onset,41000,38229,-8
7.1544,onset,41000,38229,22
7.1547,onset,41000,38229,23
7.155,onset,41000,38229,-68
7.1553,onset,41000,38229,-83
7.1556,onset,41000,38229,-40
7.1588,onset,41050,38229,38
7.1593,onset,41050,38229,25
7.1598,onset,41050,38229,-14
7.1602,onset,41050,38229,-68
7.1605,onset,41050,38229,3
7.1609,onset,41050,38229,9
7.1612,onset,41050,38229,46
7.1614,onset,41050,38229,64
7.1617,onset,41050,38229,27
7.1621,onset,41050,38229,19
7.1624,onset,41050,38229,71
7.1628,onset,41050,38229,-62
7.1632,onset,41050,38229,18
7.1635,onset,41050,38229,10
7.164,onset,41050,38229,29
7.1644,onset,41050,38229,-89
7.1669,onset,41100,38229,-18
7.1672,onset,41100,38229,-35
7.1675,onset,41100,38229,-37
7.1678,onset,41100,38229,-29
7.1681,onset,41100,38229,-44
7.1684,onset,41100,38229,-41
7.1686,onset,41100,38229,-17
7.169,onset,41100,38229,-29
7.1692,onset,41100,38229,-68
7.1695,onset,41100,38229,-43
7.1698,onset,41100,38229,-63
7.1701,onset,41100,38229,-70
7.1704,onset,41100,38229,-22
7.1707,onset,41100,38229,-10
7.171,onset,41100,38229,-61
7.1713,onset,41100,38229,-71
7.1752,onset,41150,38229,-24
7.1756,onset,41150,38229,-22
7.176,onset,41150,38229,36
7.1765,onset,41150,38229,0
7.1769,onset,41150,38229,43
7.1773,onset,41150,38229,-22
7.1776,onset,41150,38229,59
7.1779,onset,41150,38229,26
7.1783,onset,41150,38229,-15
7.1786,onset,41150,38229,24
7.1788,onset,41150,38229,-27
7.1792,onset,41150,38229,8
7.1795,onset,41150,38229,-43
7.1798,onset,41150,38229,-28
7.1801,onset,41150,38229,-56
7.1804,onset,41150,38229,0
7.1831,onset,41200,38229,-81
7.1835,onset,41200,38229,48
7.1838,onset,41200,38229,0
7.1842,onset,41200,38229,-5
7.1845,onset,41200,38229,-59
7.1848,onset,41200,38229,-24
7.1851,onset,41200,38229,22
7.1855,onset,41200,38229,16
7.1858,onset,41200,38229,22
7.1861,onset,41200,38229,13
7.1865,onset,41200,38229,-39
7.1868,onset,41200,38229,-77
7.1872,onset,41200,38229,9
7.1875,onset,41200,38229,33
7.1878,onset,41200,38229,1
7.1881,onset,41200,38229,35
7.1914,onset,41250,38229,26
7.1926,onset,41250,38229,70
7.1933,onset,41250,38229,-83
7.1937,onset,41250,38229,44
7.1941,onset,41250,38229,-19
7.1944,onset,41250,38229,-94
7.1947,onset,41250,38229,-60
7.1951,onset,41250,38229,16
7.1954,onset,41250,38229,89
7.1957,onset,41250,38229,36
7.196,onset,41250,38229,15
7.1963,onset,41250,38229,19
7.1967,onset,41250,38229,-14
7.197,onset,41250,38229,46
7.1973,onset,41250,38229,-43
7.1976,onset,41250,38229,-4
7.2006,onset,41300,38229,37
7.201,onset,41300,38229,76
7.2013,onset,41300,38229,-72
7.2016,onset,41300,38229,8
7.202,onset,41300,38229,-31
7.2023,onset,41300,38229,32
7.2027,onset,41300,38229,-14
7.203,onset,41300,38229,40
7.2033,onset,41300,38229,-10
7.2036,onset,41300,38229,67
7.2039,onset,41300,38229,3
7.2042,onset,41300,38229,-87
7.2045,onset,41300,38229,-87
7.2048,onset,41300,38229,-49
7.2051,onset,41300,38229,-79
7.2054,onset,41300,38229,-5
7.2084,onset,41350,38229,-61
7.2089,onset,41350,38229,-32
7.2096,onset,41350,38229,36
7.21,onset,41350,38229,-78
7.2103,onset,41350,38229,-17
7.2106,onset,41350,38229,-30
7.2109,onset,41350,38229,-18
7.2112,onset,41350,38229,8
7.2116,onset,41350,38229,4
7.2119,onset,41350,38229,91
7.2122,onset,41350,38229,-47
7.2125,onset,41350,38229,17
7.2128,onset,41350,38229,46
7.2131,onset,41350,38229,-3
7.2135,onset,41350,38229,-55
7.2138,onset,41350,38229,-8
7.2166,onset,41400,38229,-22
7.217,onset,41400,38229,-39
7.2173,onset,41400,38229,-4
7.2177,onset,41400,38229,46
7.218,onset,41400,38229,57
7.2184,onset,41400,38229,-68
7.2187,onset,41400,38229,-119
7.219,onset,41400,38229,-71
7.2193,onset,41400,38229,-41
7.2196,onset,41400,38229,-95
7.22,onset,41400,38229,6
7.2203,onset,41400,38229,6
7.2206,onset,41400,38229,48
7.2209,onset,41400,38229,10
7.2213,onset,41400,38229,-56
7.2216,onset,41400,38229,21
7.2264,onset,41450,38229,55
7.2269,onset,41450,38229,-21
7.2275,onset,41450,38229,4
7.2279,onset,41450,38229,82
7.2283,onset,41450,38229,9
7.2287,onset,41450,38229,49
7.229,onset,41450,38229,60
7.2293,onset,41450,38229,76
7.2296,onset,41450,38229,18
7.2299,onset,41450,38229,-21
7.2302,onset,41450,38229,34
7.2306,onset,41450,38229,-22
7.2308,onset,41450,38229,-12
7.2311,onset,41450,38229,-86
7.2315,onset,41450,38229,-84
7.2318,onset,41450,38229,-35
7.2345,onset,41500,38229,-112
7.2348,onset,41500,38229,-72
7.2351,onset,41500,38229,-17
7.2355,onset,41500,38229,17
7.2358,onset,41500,38229,3
7.2362,onset,41500,38229,-47
7.2365,onset,41500,38229,-49
7.2369,onset,41500,38229,-3
7.2372,onset,41500,38229,45
7.2375,onset,41500,38229,20
7.2378,onset,41500,38229,-52
7.2382,onset,41500,38229,-108
7.2384,onset,41500,38229,-22
7.2388,onset,41500,38229,-65
7.2391,onset,41500,38229,-16
7.2394,onset,41500,38229,-37
7.2431,onset,41550,38229,91
7.2435,onset,41550,38229,56
7.244,onset,41550,38229,-39
7.2443,onset,41550,38229,19
7.2447,onset,41550,38229,48
7.2451,onset,41550,38229,18
7.2455,onset,41550,38229,19
7.2458,onset,41550,38229,67
7.2461,onset,41550,38229,5
7.2464,onset,41550,38229,59
7.2467,onset,41550,38229,30
7.247,onset,41550,38229,-29
7.2473,onset,41550,38229,27
7.2476,onset,41550,38229,-21
7.2479,onset,41550,38229,-86
7.2482,onset,41550,38229,-39
7.2509,onset,41600,38229,-25
7.2512,onset,41600,38229,-16
7.2515,onset,41600,38229,-106
7.2519,onset,41600,38229,35
7.2522,onset,41600,38229,34
7.2525,onset,41600,38229,64
7.2529,onset,41600,38229,-12
7.2532,onset,41600,38229,-44
7.2535,onset,41600,38229,-30
7.2538,onset,41600,38229,-18
7.2542,onset,41600,38229,-5
7.2544,onset,41600,38229,-12
7.2548,onset,41600,38229,20
7.2551,onset,41600,38229,36
7.2554,onset,41600,38229,-12
7.2557,onset,41600,38229,47
7.2592,onset,41650,38229,-46
7.2597,onset,41650,38229,23
7.2602,onset,41650,38229,-22
7.2605,onset,41650,38229,-1
7.2609,onset,41650,38229,42
7.2611,onset,41650,38229,51
7.2614,onset,41650,38229,90
7.2617,onset,41650,38229,44
7.2621,onset,41650,38229,-9
7.2624,onset,41650,38229,34
7.2627,onset,41650,38229,4
7.263,onset,41650,38229,-94
7.2633,onset,41650,38229,-47
7.2636,onset,41650,38229,19
7.2639,onset,41650,38229,-40
7.2642,onset,41650,38229,-22
7.2672,onset,41700,38229,-74
7.2675,onset,41700,38229,-24
7.2678,onset,41700,38229,-22
7.2681,onset,41700,38229,24
7.2684,onset,41700,38229,33
7.2688,onset,41700,38229,13
7.2691,onset,41700,38229,-38
7.2694,onset,41700,38229,-89
7.2697,onset,41700,38229,-98
7.2701,onset,41700,38229,-74
7.2704,onset,41700,38229,9
7.2707,onset,41700,38229,30
7.271,onset,41700,38229,-17
7.2713,onset,41700,38229,38
7.2716,onset,41700,38229,56
7.2719,onset,41700,38229,18
7.2745,onset,41750,38229,0
7.275,onset,41750,38229,38
7.2754,onset,41750,38229,6
7.2759,onset,41750,38229,-63
7.2764,onset,41750,38229,85
7.2768,onset,41750,38229,22
7.2771,onset,41750,38229,-25
7.2774,onset,41750,38229,61
7.2777,onset,41750,38229,3
7.278,onset,41750,38229,13
7.2783,onset,41750,38229,53
7.2786,onset,41750,38229,86
7.2789,onset,41750,38229,50
7.2792,onset,41750,38229,-20
7.2796,onset,41750,38229,37
7.2799,onset,41750,38229,37
7.2824,onset,41800,38229,19
7.2827,onset,41800,38229,27
7.2831,onset,41800,38229,46
7.2834,onset,41800,38229,69
7.2837,onset,41800,38229,-3
7.284,onset,41800,38229,-75
7.2843,onset,41800,38229,-34
7.2846,onset,41800,38229,-26
7.285,onset,41800,38229,-45
7.2853,onset,41800,38229,-40
7.2856,onset,41800,38229,-47
7.2859,onset,41800,38229,-32
7.2862,onset,41800,38229,-20
7.2865,onset,41800,38229,16
7.2868,onset,41800,38229,-3
7.2871,onset,41800,38229,47
7.2902,onset,41850,38229,-32
7.2907,onset,41850,38229,22
7.291,onset,41850,38229,-48
7.2916,onset,41850,38229,35
7.2922,onset,41850,38229,46
7.293,onset,41850,38229,-14
7.2934,onset,41850,38229,61
7.2938,onset,41850,38229,38
7.2942,onset,41850,38229,33
7.2947,onset,41850,38229,-8
7.2952,onset,41850,38229,47
7.2955,onset,41850,38229,-63
7.2959,onset,41850,38229,9
7.2962,onset,41850,38229,7
7.2965,onset,41850,38229,83
7.2968,onset,41850,38229,81
7.2997,onset,41900,38229,-16
7.3001,onset,41900,38229,37
7.3004,onset,41900,38229,22
7.3007,onset,41900,38229,7
7.3011,onset,41900,38229,-80
7.3014,onset,41900,38229,-31
7.3017,onset,41900,38229,29
7.302,onset,41900,38229,33
7.3023,onset,41900,38229,71
7.3026,onset,41900,38229,64
7.303,onset,41900,38229,27
7.3033,onset,41900,38229,-10
7.3036,onset,41900,38229,-64
7.304,onset,41900,38229,-34
7.3043,onset,41900,38229,25
7.3046,onset,41900,38229,-12
7.3076,onset,41950,38229,0
7.3089,onset,41950,38229,28
7.3094,onset,41950,38229,-36
7.31,onset,41950,38229,45
7.3103,onset,41950,38229,46
7.3107,onset,41950,38229,2
7.311,onset,41950,38229,-12
7.3113,onset,41950,38229,2
7.3116,onset,41950,38229,-1
7.3119,onset,41950,38229,-62
7.3122,onset,41950,38229,-15
7.3125,onset,41950,38229,13
7.3128,onset,41950,38229,30
7.3132,onset,41950,38229,23
7.3135,onset,41950,38229,95
7.3138,onset,41950,38229,47
7.3166,onset,42000,38229,-97
7.3169,onset,42000,38229,-7
7.3173,onset,42000,38229,-37
7.3176,onset,42000,38229,87
7.318,onset,42000,38229,-30
7.3183,onset,42000,38229,-16
7.3187,onset,42000,38229,16
7.319,onset,42000,38229,15
7.3194,onset,42000,38229,22
7.3197,onset,42000,38229,-10
7.32,onset,42000,38229,-89
7.3204,onset,42000,38229,-22
7.3207,onset,42000,38229,16
7.321,onset,42000,38229,55
7.3214,onset,42000,38229,76
7.3217,onset,42000,38229,24
7.325,onset,42050,38229,56
7.3254,onset,42050,38229,-3
7.3259,onset,42050,38229,-21
7.3265,onset,42050,38229,52
7.3269,onset,42050,38229,-27
7.3273,onset,42050,38229,-53
7.3277,onset,42050,38229,26
7.328,onset,42050,38229,-4
7.3283,onset,42050,38229,-74
7.3286,onset,42050,38229,-13
7.3289,onset,42050,38229,-34
7.3292,onset,42050,38229,6
7.3295,onset,42050,38229,-65
7.3298,onset,42050,38229,-6
7.3301,onset,42050,38229,-10
7.3304,onset,42050,38229,6
7.3332,onset,42100,38229,12
7.3336,onset,42100,38229,21
7.3339,onset,42100,38229,-20
7.3342,onset,42100,38229,-30
7.3346,onset,42100,38229,14
7.3349,onset,42100,38229,78
7.3354,onset,42100,38229,-5
7.3357,onset,42100,38229,-2
7.3361,onset,42100,38229,28
7.3364,onset,42100,38229,4
7.3367,onset,42100,38229,-87
7.337,onset,42100,38229,20
7.3373,onset,42100,38229,-23
7.3376,onset,42100,38229,-101
7.3379,onset,42100,38229,-45
7.3383,onset,42100,38229,-18
7.3414,onset,42150,38229,31
7.3422,onset,42150,38229,-31
7.3428,onset,42150,38229,23
7.3433,onset,42150,38229,-65
7.3437,onset,42150,38229,-47
7.344,onset,42150,38229,41
7.3444,onset,42150,38229,31
7.3447,onset,42150,38229,-7
7.3451,onset,42150,38229,-24
7.3454,onset,42150,38229,39
7.3457,onset,42150,38229,2
7.346,onset,42150,38229,56
7.3463,onset,42150,38229,62
7.3467,onset,42150,38229,25
7.347,onset,42150,38229,54
7.3473,onset,42150,38229,-11
7.3502,onset,42200,38229,14
7.3505,onset,42200,38229,-13
7.3508,onset,42200,38229,-32
7.3512,onset,42200,38229,-18
7.3516,onset,42200,38229,53
7.3519,onset,42200,38229,-7
7.3523,onset,42200,38229,-64
7.3526,onset,42200,38229,-39
7.3529,onset,42200,38229,-25
7.3533,onset,42200,38229,9
7.3537,onset,42200,38229,-107
7.3541,onset,42200,38229,-38
7.3544,onset,42200,38229,9
7.3547,onset,42200,38229,8
7.355,onset,42200,38229,37
7.3553,onset,42200,38229,66
7.3588,onset,42250,38229,-77
7.3595,onset,42250,38229,6
7.3601,onset,42250,38229,-55
7.3607,onset,42250,38229,6
7.361,onset,42250,38229,86
7.3614,onset,42250,38229,-57
7.3618,onset,42250,38229,12
7.3621,onset,42250,38229,12
7.3624,onset,42250,38229,49
7.3627,onset,42250,38229,72
7.363,onset,42250,38229,-46
7.3634,onset,42250,38229,9
7.3637,onset,42250,38229,-63
7.3639,onset,42250,38229,-1
7.3643,onset,42250,38229,-29
7.3646,onset,42250,38229,-91
7.3672,onset,42300,38229,21
7.3675,onset,42300,38229,-39
7.3678,onset,42300,38229,-92
7.3682,onset,42300,38229,-67
7.3685,onset,42300,38229,-18
7.3688,onset,42300,38229,5
7.3691,onset,42300,38229,-7
7.3695,onset,42300,38229,-27
7.3698,onset,42300,38229,-102
7.3701,onset,42300,38229,-40
7.3704,onset,42300,38229,-119
7.3707,onset,42300,38229,-77
7.371,onset,42300,38229,-61
7.3713,onset,42300,38229,-61
7.3717,onset,42300,38229,-31
7.372,onset,42300,38229,41
7.375,onset,42350,38229,-19
7.3757,onset,42350,38229,20
7.3763,onset,42350,38229,-18
7.3768,onset,42350,38229,26
7.3772,onset,42350,38229,104
7.3775,onset,42350,38229,51
7.3778,onset,42350,38229,-10
7.3781,onset,42350,38229,43
7.3785,onset,42350,38229,-63
7.3788,onset,42350,38229,-2
7.3791,onset,42350,38229,10
7.3794,onset,42350,38229,34
7.3798,onset,42350,38229,36
7.3801,onset,42350,38229,63
7.3804,onset,42350,38229,-20
7.3807,onset,42350,38229,48
7.3837,onset,42400,38229,-29
7.384,onset,42400,38229,-78
7.3844,onset,42400,38229,47
7.3847,onset,42400,38229,-6
7.3851,onset,42400,38229,10
7.3854,onset,42400,38229,-29
7.3858,onset,42400,38229,-66
7.3861,onset,42400,38229,19
7.3864,onset,42400,38229,63
7.3868,onset,42400,38229,56
7.3871,onset,42400,38229,-27
7.3874,onset,42400,38229,-85
7.3877,onset,42400,38229,-7
7.388,onset,42400,38229,-62
7.3884,onset,42400,38229,-1
7.3887,onset,42400,38229,32
7.3918,onset,42450,38229,35
7.3924,onset,42450,38229,-16
7.3929,onset,42450,38229,58
7.3934,onset,42450,38229,13
7.3938,onset,42450,38229,-71
7.3941,onset,42450,38229,6
7.3945,onset,42450,38229,35
7.3948,onset,42450,38229,37
7.3951,onset,42450,38229,68
7.3955,onset,42450,38229,38
7.3958,onset,42450,38229,-21
7.3962,onset,42450,38229,-6
7.3965,onset,42450,38229,49
7.3968,onset,42450,38229,40
7.3971,onset,42450,38229,-13
7.3975,onset,42450,38229,-82
7.4002,onset,42500,38229,-60
7.4005,onset,42500,38229,-11
7.4008,onset,42500,38229,-34
7.4012,onset,42500,38229,37
7.4015,onset,42500,38229,13
7.4018,onset,42500,38229,-6
7.4021,onset,42500,38229,23
7.4024,onset,42500,38229,6
7.4027,onset,42500,38229,32
7.403,onset,42500,38229,-23
7.4034,onset,42500,38229,-51
7.4037,onset,42500,38229,-19
7.404,onset,42500,38229,10
7.4044,onset,42500,38229,7
7.4047,onset,42500,38229,74
7.4049,onset,42500,38229,55
7.4081,onset,42550,38229,-45
7.4086,onset,42550,38229,64
7.4091,onset,42550,38229,39
7.4095,onset,42550,38229,16
7.4101,onset,42550,38229,-27
7.4105,onset,42550,38229,16
7.4108,onset,42550,38229,-28
7.4111,onset,42550,38229,18
7.4114,onset,42550,38229,24
7.4118,onset,42550,38229,32
7.4121,onset,42550,38229,-6
7.4124,onset,42550,38229,63
7.4127,onset,42550,38229,-24
7.413,onset,42550,38229,35
7.4133,onset,42550,38229,-92
7.4136,onset,42550,38229,-1
7.4163,onset,42600,38229,31
7.4166,onset,42600,38229,-57
7.4169,onset,42600,38229,-45
7.4172,onset,42600,38229,-70
7.4176,onset,42600,38229,-36
7.4179,onset,42600,38229,-17
7.4183,onset,42600,38229,71
7.4186,onset,42600,38229,-65
7.4189,onset,42600,38229,-93
7.4192,onset,42600,38229,-34
7.4195,onset,42600,38229,-55
7.4198,onset,42600,38229,-74
7.4202,onset,42600,38229,-26
7.4205,onset,42600,38229,-33
7.4208,onset,42600,38229,9
7.4211,onset,42600,38229,38
7.424,onset,42650,38229,-56
7.4243,onset,42650,38229,-14
7.4247,onset,42650,38229,33
7.4252,onset,42650,38229,-12
7.4255,onset,42650,38229,-14
7.4261,onset,42650,38229,27
7.4265,onset,42650,38229,-39
7.4269,onset,42650,38229,42
7.4274,onset,42650,38229,-3
7.4277,onset,42650,38229,44
7.428,onset,42650,38229,116
7.4283,onset,42650,38229,31
7.4286,onset,42650,38229,53
7.4289,onset,42650,38229,-17
7.4292,onset,42650,38229,49
7.4295,onset,42650,38229,0
7.4323,onset,42700,38229,-24
7.4327,onset,42700,38229,-5
7.433,onset,42700,38229,-3
7.4333,onset,42700,38229,63
7.4336,onset,42700,38229,1
7.434,onset,42700,38229,27
7.4343,onset,42700,38229,-83
7.4346,onset,42700,38229,23
7.4349,onset,42700,38229,-48
7.4353,onset,42700,38229,-18
7.4356,onset,42700,38229,15
7.4359,onset,42700,38229,58
7.4362,onset,42700,38229,-28
7.4365,onset,42700,38229,14
7.4368,onset,42700,38229,-10
7.4372,onset,42700,38229,-28
7.44,onset,42750,38229,24
7.4404,onset,42750,38229,10
7.4411,onset,42750,38229,-74
7.4417,onset,42750,38229,-30
7.4423,onset,42750,38229,9
7.4428,onset,42750,38229,31
7.4433,onset,42750,38229,-40
7.4437,onset,42750,38229,12
7.4441,onset,42750,38229,50
7.4444,onset,42750,38229,82
7.4447,onset,42750,38229,80
7.445,onset,42750,38229,84
7.4453,onset,42750,38229,6
7.4456,onset,42750,38229,60
7.4459,onset,42750,38229,18
7.4462,onset,42750,38229,27
7.4493,onset,42800,38229,-12
7.4497,onset,42800,38229,21
7.4501,onset,42800,38229,-75
7.4504,onset,42800,38229,-72
7.4507,onset,42800,38229,-53
7.4511,onset,42800,38229,-26
7.4514,onset,42800,38229,-4
7.4517,onset,42800,38229,63
7.4521,onset,42800,38229,-67
7.4524,onset,42800,38229,-5
7.4528,onset,42800,38229,-90
7.4531,onset,42800,38229,-18
7.4534,onset,42800,38229,-9
7.4537,onset,42800,38229,44
7.454,onset,42800,38229,-7
7.4543,onset,42800,38229,22
7.4575,onset,42850,38229,-79
7.4582,onset,42850,38229,-35
7.4588,onset,42850,38229,53
7.4593,onset,42850,38229,30
7.4599,onset,42850,38229,35
7.4604,onset,42850,38229,-29
7.4609,onset,42850,38229,15
7.4615,onset,42850,38229,-12
7.4619,onset,42850,38229,10
7.4623,onset,42850,38229,-21
7.4627,onset,42850,38229,-39
7.4631,onset,42850,38229,77
7.4634,onset,42850,38229,27
7.4638,onset,42850,38229,-38
7.4641,onset,42850,38229,-13
7.4644,onset,42850,38229,-6
7.4674,onset,42900,38229,-3
7.4678,onset,42900,38229,24
7.4681,onset,42900,38229,-9
7.4685,onset,42900,38229,-7
7.4688,onset,42900,38229,14
7.4692,onset,42900,38229,-76
7.4694,onset,42900,38229,1
7.4697,onset,42900,38229,-85
7.4701,onset,42900,38229,-59
7.4704,onset,42900,38229,-86
7.4706,onset,42900,38229,-50
7.471,onset,42900,38229,-101
7.4713,onset,42900,38229,-52
7.4716,onset,42900,38229,-21
7.4719,onset,42900,38229,18
7.4722,onset,42900,38229,32
7.4758,onset,42950,38229,-22
7.4763,onset,42950,38229,-2
7.4767,onset,42950,38229,-26
7.477,onset,42950,38229,-22
7.4773,onset,42950,38229,3
7.4776,onset,42950,38229,2
7.4779,onset,42950,38229,15
7.4783,onset,42950,38229,44
7.4788,onset,42950,38229,27
7.4792,onset,42950,38229,93
7.4797,onset,42950,38229,-54
7.4801,onset,42950,38229,63
7.4805,onset,42950,38229,-26
7.4808,onset,42950,38229,25
7.4811,onset,42950,38229,25
7.4814,onset,42950,38229,-6
7.484,onset,43000,38229,-78
7.4843,onset,43000,38229,-11
7.4845,onset,43000,38229,-43
7.4848,onset,43000,38229,-27
7.4851,onset,43000,38229,10
7.4853,onset,43000,38229,-15
7.4856,onset,43000,38229,39
7.4859,onset,43000,38229,9
7.4861,onset,43000,38229,-6
7.4864,onset,43000,38229,-51
7.4867,onset,43000,38229,-21
7.487,onset,43000,38229,-51
7.4872,onset,43000,38229,-34
7.4876,onset,43000,38229,-37
7.4878,onset,43000,38229,-37
7.4881,onset,43000,38229,-80
7.4909,onset,43050,38229,-78
7.4913,onset,43050,38229,-27
7.4916,onset,43050,38229,6
7.4919,onset,43050,38229,-36
7.4923,onset,43050,38229,-25
7.4926,onset,43050,38229,63
7.493,onset,43050,38229,38
7.4933,onset,43050,38229,-59
7.4936,onset,43050,38229,-6
7.4939,onset,43050,38229,-81
7.4941,onset,43050,38229,25
7.4944,onset,43050,38229,-65
7.4946,onset,43050,38229,64
7.4949,onset,43050,38229,58
7.4951,onset,43050,38229,-5
7.4953,onset,43050,38229,-68
7.4978,onset,43100,38229,-12
7.4981,onset,43100,38229,-26
7.4983,onset,43100,38229,53
7.4985,onset,43100,38229,33
7.4988,onset,43100,38229,-28
7.499,onset,43100,38229,-14
7.4993,onset,43100,38229,-62
7.4996,onset,43100,38229,-86
7.4998,onset,43100,38229,-50
7.5,onset,43100,38229,77
7.5002,onset,43100,38229,23
7.5005,onset,43100,38229,-24
7.5008,onset,43100,38229,-9
7.5011,onset,43100,38229,-61
7.5013,onset,43100,38229,-5
7.5015,onset,43100,38229,-16
7.504,onset,43150,38229,-3
7.5043,onset,43150,38229,-8
7.5045,onset,43150,38229,62
7.5048,onset,43150,38229,29
7.5051,onset,43150,38229,-9
7.5053,onset,43150,38229,29
7.5056,onset,43150,38229,-75
7.5058,onset,43150,38229,-26
7.506,onset,43150,38229,-26
7.5063,onset,43150,38229,93
7.5065,onset,43150,38229,38
7.5067,onset,43150,38229,-24
7.507,onset,43150,38229,-78
7.5073,onset,43150,38229,-27
7.5075,onset,43150,38229,-27
7.5079,onset,43150,38229,74
7.5107,onset,43200,38229,93
7.511,onset,43200,38229,23
7.5113,onset,43200,38229,87
7.5115,onset,43200,38229,0
7.5118,onset,43200,38229,10
7.512,onset,43200,38229,-13
7.5123,onset,43200,38229,-27
7.5125,onset,43200,38229,-6
7.5127,onset,43200,38229,32
7.513,onset,43200,38229,-64
7.5132,onset,43200,38229,-28
7.5134,onset,43200,38229,65
7.5137,onset,43200,38229,55
7.514,onset,43200,38229,36
7.5142,onset,43200,38229,0
7.5144,onset,43200,38229,-35
7.5169,onset,43250,38229,-18
7.5172,onset,43250,38229,-30
7.5174,onset,43250,38229,28
7.5177,onset,43250,38229,29
7.5179,onset,43250,38229,72
7.5182,onset,43250,38229,67
7.5185,onset,43250,38229,14
7.5187,onset,43250,38229,-31
7.519,onset,43250,38229,-31
7.5192,onset,43250,38229,-108
7.5195,onset,43250,38229,-23
7.5197,onset,43250,38229,-25
7.5201,onset,43250,38229,-63
7.5203,onset,43250,38229,-26
7.5206,onset,43250,38229,69
7.5208,onset,43250,38229,-16
7.5237,onset,43300,38229,-59
7.5241,onset,43300,38229,-49
7.5246,onset,43300,38229,23
7.525,onset,43300,38229,-15
7.5255,onset,43300,38229,-48
7.5261,onset,43300,38229,-54
7.5266,onset,43300,38229,-23
7.5269,onset,43300,38229,20
7.5276,onset,43300,38229,-24
7.528,onset,43300,38229,-9
7.5283,onset,43300,38229,44
7.5287,onset,43300,38229,18
7.5291,onset,43300,38229,-74
7.5294,onset,43300,38229,16
7.5298,onset,43300,38229,46
7.5302,onset,43300,38229,-44
7.5328,onset,43350,38229,-85
7.5331,onset,43350,38229,-17
7.5335,onset,43350,38229,-6
7.5337,onset,43350,38229,-17
7.5341,onset,43350,38229,-26
7.5344,onset,43350,38229,-4
7.5347,onset,43350,38229,-1
7.535,onset,43350,38229,48
7.5353,onset,43350,38229,7
7.5356,onset,43350,38229,15
7.5359,onset,43350,38229,23
7.5362,onset,43350,38229,41
7.5365,onset,43350,38229,-4
7.5368,onset,43350,38229,-16
7.5371,onset,43350,38229,8
7.5374,onset,43350,38229,36
7.54,onset,43400,38229,31
7.5403,onset,43400,38229,15
7.5409,onset,43400,38229,72
7.5413,onset,43400,38229,15
7.5418,onset,43400,38229,-18
7.5423,onset,43400,38229,-33
7.5428,onset,43400,38229,7
7.5431,onset,43400,38229,50
7.5434,onset,43400,38229,-25
7.5437,onset,43400,38229,2
7.5439,onset,43400,38229,1
7.5442,onset,43400,38229,47
7.5445,onset,43400,38229,18
7.545,onset,43400,38229,90
7.5453,onset,43400,38229,-21
7.5456,onset,43400,38229,-93
7.5482,onset,43450,38229,46
7.5485,onset,43450,38229,-11
7.5488,onset,43450,38229,16
7.5491,onset,43450,38229,9
7.5494,onset,43450,38229,-21
7.5498,onset,43450,38229,-96
7.5501,onset,43450,38229,-34
7.5504,onset,43450,38229,-12
7.5507,onset,43450,38229,-39
7.551,onset,43450,38229,8
7.5514,onset,43450,38229,24
7.5517,onset,43450,38229,20
7.552,onset,43450,38229,-63
7.5523,onset,43450,38229,-22
7.5526,onset,43450,38229,-87
7.5529,onset,43450,38229,-51
7.5559,onset,43500,38229,5
7.5562,onset,43500,38229,25
7.5565,onset,43500,38229,11
7.5568,onset,43500,38229,14
7.5572,onset,43500,38229,19
7.5579,onset,43500,38229,1
7.5584,onset,43500,38229,2
7.5588,onset,43500,38229,23
7.5593,onset,43500,38229,7
7.5598,onset,43500,38229,41
7.5604,onset,43500,38229,-32
7.5609,onset,43500,38229,15
7.5613,onset,43500,38229,0
7.5618,onset,43500,38229,8
7.5621,onset,43500,38229,-38
7.5624,onset,43500,38229,-35
7.5651,onset,43550,38229,-29
7.5654,onset,43550,38229,12
7.5657,onset,43550,38229,-7
7.566,onset,43550,38229,51
7.5663,onset,43550,38229,-9
7.5667,onset,43550,38229,10
7.567,onset,43550,38229,52
7.5673,onset,43550,38229,13
7.5676,onset,43550,38229,-10
7.5679,onset,43550,38229,-70
7.5682,onset,43550,38229,-37
7.5685,onset,43550,38229,-37
7.5688,onset,43550,38229,-28
7.5692,onset,43550,38229,-15
7.5695,onset,43550,38229,-28
7.5698,onset,43550,38229,-21
7.5725,onset,43600,38229,76
7.5728,onset,43600,38229,28
7.5732,onset,43600,38229,-12
7.5735,onset,43600,38229,-66
7.5739,onset,43600,38229,-17
7.5744,onset,43600,38229,29
7.5756,onset,43600,38229,49
7.5763,onset,43600,38229,-4
7.5767,onset,43600,38229,-57
7.5773,onset,43600,38229,-14
7.5776,onset,43600,38229,-3
7.578,onset,43600,38229,18
7.5783,onset,43600,38229,17
7.5786,onset,43600,38229,35
7.5789,onset,43600,38229,40
7.5792,onset,43600,38229,91
7.5823,onset,43650,38229,57
7.5826,onset,43650,38229,-11
7.583,onset,43650,38229,15
7.5834,onset,43650,38229,57
7.5837,onset,43650,38229,20
7.584,onset,43650,38229,-37
7.5843,onset,43650,38229,-25
7.5847,onset,43650,38229,64
7.5851,onset,43650,38229,-37
7.5854,onset,43650,38229,-45
7.5858,onset,43650,38229,-38
7.5861,onset,43650,38229,-14
7.5864,onset,43650,38229,-35
7.5867,onset,43650,38229,10
7.587,onset,43650,38229,35
7.5874,onset,43650,38229,45
7.5903,onset,43700,38229,5
7.5906,onset,43700,38229,-112
7.5911,onset,43700,38229,-5
7.5917,onset,43700,38229,-3
7.5922,onset,43700,38229,-38
7.5927,onset,43700,38229,-25
7.5932,onset,43700,38229,0
7.5935,onset,43700,38229,-56
7.5939,onset,43700,38229,7
7.5943,onset,43700,38229,-14
7.5946,onset,43700,38229,0
7.5949,onset,43700,38229,-14
7.5952,onset,43700,38229,11
7.5955,onset,43700,38229,-96
7.5958,onset,43700,38229,-27
7.5961,onset,43700,38229,-31
7.5991,onset,43750,38229,6
7.5994,onset,43750,38229,30
7.5997,onset,43750,38229,46
7.6001,onset,43750,38229,11
7.6004,onset,43750,38229,16
7.6008,onset,43750,38229,-68
7.6011,onset,43750,38229,22
7.6014,onset,43750,38229,-16
7.6017,onset,43750,38229,24
7.602,onset,43750,38229,35
7.6023,onset,43750,38229,11
7.6026,onset,43750,38229,75
7.6029,onset,43750,38229,46
7.6033,onset,43750,38229,-9
7.6036,onset,43750,38229,-64
7.6039,onset,43750,38229,0
7.6067,onset,43800,38229,60
7.6071,onset,43800,38229,49
7.6075,onset,43800,38229,9
7.6078,onset,43800,38229,59
7.6083,onset,43800,38229,4
7.6092,onset,43800,38229,46
7.6097,onset,43800,38229,9
7.6101,onset,43800,38229,32
7.6106,onset,43800,38229,14
7.611,onset,43800,38229,15
7.6113,onset,43800,38229,-63
7.6116,onset,43800,38229,-9
7.6119,onset,43800,38229,-17
7.6122,onset,43800,38229,-15
7.6125,onset,43800,38229,-16
7.6128,onset,43800,38229,-41
7.6154,onset,43850,38229,-76
7.6157,onset,43850,38229,-3
7.616,onset,43850,38229,-50
7.6164,onset,43850,38229,-35
7.6167,onset,43850,38229,-14
7.6171,onset,43850,38229,35
7.6174,onset,43850,38229,-41
7.6177,onset,43850,38229,0
7.6181,onset,43850,38229,-40
7.6184,onset,43850,38229,-61
7.6188,onset,43850,38229,-20
7.6191,onset,43850,38229,61
7.6195,onset,43850,38229,-51
7.6198,onset,43850,38229,-108
7.6201,onset,43850,38229,-90
7.6205,onset,43850,38229,-46
7.6233,onset,43900,38229,-19
7.6237,onset,43900,38229,0
7.6241,onset,43900,38229,-19
7.6252,onset,43900,38229,75
7.6258,onset,43900,38229,-71
7.6266,onset,43900,38229,31
7.627,onset,43900,38229,5
7.6273,onset,43900,38229,69
7.6277,onset,43900,38229,54
7.628,onset,43900,38229,-5
7.6283,onset,43900,38229,-25
7.6286,onset,43900,38229,-71
7.6289,onset,43900,38229,-19
7.6292,onset,43900,38229,-11
7.6296,onset,43900,38229,-18
7.6299,onset,43900,38229,-2
7.6328,onset,43950,38229,33
7.6332,onset,43950,38229,-22
7.6335,onset,43950,38229,-21
7.6339,onset,43950,38229,-47
7.6343,onset,43950,38229,-6
7.6346,onset,43950,38229,-14
7.635,onset,43950,38229,-40
7.6353,onset,43950,38229,-67
7.6358,onset,43950,38229,-16
7.6361,onset,43950,38229,-105
7.6364,onset,43950,38229,-43
7.6367,onset,43950,38229,-23
7.637,onset,43950,38229,-7
7.6373,onset,43950,38229,-56
7.6376,onset,43950,38229,-15
7.6379,onset,43950,38229,8
7.6408,onset,44000,38229,-52
7.6413,onset,44000,38229,68
7.6418,onset,44000,38229,4
7.6425,onset,44000,38229,-83
7.6429,onset,44000,38229,3
7.6432,onset,44000,38229,-42
7.6436,onset,44000,38229,37
7.6439,onset,44000,38229,-20
7.6442,onset,44000,38229,-24
7.6445,onset,44000,38229,-56
7.6447,onset,44000,38229,-41
7.645,onset,44000,38229,-78
7.6453,onset,44000,38229,-33
7.6456,onset,44000,38229,0
7.6459,onset,44000,38229,4
7.6462,onset,44000,38229,-101
7.6489,onset,44050,38229,-2
7.6492,onset,44050,38229,-21
7.6495,onset,44050,38229,-49
7.6498,onset,44050,38229,29
7.6502,onset,44050,38229,19
7.6505,onset,44050,38229,39
7.6508,onset,44050,38229,70
7.6511,onset,44050,38229,10
7.6514,onset,44050,38229,59
7.6517,onset,44050,38229,3
7.652,onset,44050,38229,59
7.6522,onset,44050,38229,70
7.6525,onset,44050,38229,0
7.6528,onset,44050,38229,4
7.6531,onset,44050,38229,-13
7.6534,onset,44050,38229,64
7.6561,onset,44100,38229,30
7.6564,onset,44100,38229,-14
7.6568,onset,44100,38229,-88
7.6571,onset,44100,38229,-31
7.6576,onset,44100,38229,-14
7.6584,onset,44100,38229,22
7.6589,onset,44100,38229,57
7.6593,onset,44100,38229,4
7.6598,onset,44100,38229,78
7.6602,onset,44100,38229,-28
7.6605,onset,44100,38229,48
7.6608,onset,44100,38229,-5
7.6611,onset,44100,38229,-6
7.6614,onset,44100,38229,41
7.6616,onset,44100,38229,-15
7.6619,onset,44100,38229,-24
7.6645,onset,44150,38229,1
7.6648,onset,44150,38229,4
7.6651,onset,44150,38229,-87
7.6655,onset,44150,38229,-72
7.6658,onset,44150,38229,-14
7.6661,onset,44150,38229,-29
7.6664,onset,44150,38229,-6
7.6667,onset,44150,38229,-33
7.6671,onset,44150,38229,49
7.6674,onset,44150,38229,-5
7.6677,onset,44150,38229,-86
7.668,onset,44150,38229,-12
7.6683,onset,44150,38229,-36
7.6687,onset,44150,38229,-4
7.669,onset,44150,38229,-1
7.6693,onset,44150,38229,23
7.672,onset,44200,38229,10
7.6723,onset,44200,38229,57
7.6726,onset,44200,38229,70
7.673,onset,44200,38229,24
7.6733,onset,44200,38229,-97
7.6736,onset,44200,38229,-36
7.674,onset,44200,38229,-3
7.6746,onset,44200,38229,-53
7.6751,onset,44200,38229,24
7.6765,onset,44200,38229,2
7.6769,onset,44200,38229,-9
7.6773,onset,44200,38229,37
7.6776,onset,44200,38229,48
7.6779,onset,44200,38229,9
7.6783,onset,44200,38229,-29
7.6786,onset,44200,38229,-27
7.6815,onset,44250,38229,-52
7.6818,onset,44250,38229,-48
7.6821,onset,44250,38229,-41
7.6825,onset,44250,38229,-8
7.6828,onset,44250,38229,-30
7.6831,onset,44250,38229,40
7.6833,onset,44250,38229,30
7.6837,onset,44250,38229,-2
7.684,onset,44250,38229,50
7.6844,onset,44250,38229,-88
7.6847,onset,44250,38229,-24
7.6851,onset,44250,38229,-16
7.6854,onset,44250,38229,11
7.6857,onset,44250,38229,24
7.686,onset,44250,38229,14
7.6863,onset,44250,38229,-24
7.6891,onset,44300,38229,-77
7.6894,onset,44300,38229,-36
7.6897,onset,44300,38229,-37
7.6901,onset,44300,38229,11
7.6904,onset,44300,38229,50
7.6914,onset,44300,38229,5
7.6922,onset,44300,38229,-29
7.6926,onset,44300,38229,5
7.6931,onset,44300,38229,-50
7.6934,onset,44300,38229,-8
7.6937,onset,44300,38229,37
7.6941,onset,44300,38229,-19
7.6944,onset,44300,38229,-18
7.6947,onset,44300,38229,-47
7.695,onset,44300,38229,-56
7.6953,onset,44300,38229,-22
7.6983,onset,44350,38229,9
7.6987,onset,44350,38229,39
7.6989,onset,44350,38229,51
7.6993,onset,44350,38229,-16
7.6996,onset,44350,38229,-18
7.7,onset,44350,38229,0
7.7003,onset,44350,38229,-26
7.7006,onset,44350,38229,-18
7.7009,onset,44350,38229,-2
7.7013,onset,44350,38229,60
7.7016,onset,44350,38229,-25
7.702,onset,44350,38229,-49
7.7023,onset,44350,38229,-50
7.7027,onset,44350,38229,-22
7.703,onset,44350,38229,6
7.7033,onset,44350,38229,25
7.7059,onset,44400,38229,28
7.7062,onset,44400,38229,0
7.7066,onset,44400,38229,3
7.7068,onset,44400,38229,15
7.7072,onset,44400,38229,46
7.7079,onset,44400,38229,-58
7.7084,onset,44400,38229,-20
7.7089,onset,44400,38229,5
7.7093,onset,44400,38229,-2
7.7096,onset,44400,38229,24
7.71,onset,44400,38229,48
7.7105,onset,44400,38229,-2
7.7107,onset,44400,38229,41
7.7111,onset,44400,38229,29
7.7114,onset,44400,38229,83
7.7117,onset,44400,38229,-73
7.7147,onset,44450,38229,-20
7.715,onset,44450,38229,9
7.7154,onset,44450,38229,-29
7.7157,onset,44450,38229,22
7.7161,onset,44450,38229,-54
7.7164,onset,44450,38229,-36
7.7168,onset,44450,38229,-22
7.7171,onset,44450,38229,15
7.7174,onset,44450,38229,53
7.7178,onset,44450,38229,40
7.7181,onset,44450,38229,-57
7.7184,onset,44450,38229,-10
7.7187,onset,44450,38229,-49
7.719,onset,44450,38229,-24
7.7193,onset,44450,38229,-30
7.7197,onset,44450,38229,0
7.7226,onset,44500,38229,27
7.723,onset,44500,38229,22
7.7233,onset,44500,38229,19
7.7237,onset,44500,38229,-34
7.724,onset,44500,38229,-6
7.7244,onset,44500,38229,12
7.7247,onset,44500,38229,-28
7.7252,onset,44500,38229,38
7.7258,onset,44500,38229,-23
7.7264,onset,44500,38229,-32
7.7268,onset,44500,38229,-9
7.7272,onset,44500,38229,45
7.7276,onset,44500,38229,-12
7.7279,onset,44500,38229,-19
7.7282,onset,44500,38229,-15
7.7285,onset,44500,38229,9
7.7311,onset,44550,38229,-76
7.7315,onset,44550,38229,-9
7.7318,onset,44550,38229,-7
7.7322,onset,44550,38229,30
7.7325,onset,44550,38229,-49
7.7328,onset,44550,38229,-72
7.7332,onset,44550,38229,-19
7.7335,onset,44550,38229,-13
7.7338,onset,44550,38229,-11
7.7341,onset,44550,38229,0
7.7344,onset,44550,38229,51
7.7347,onset,44550,38229,13
7.735,onset,44550,38229,55
7.7353,onset,44550,38229,11
7.7357,onset,44550,38229,-38
7.736,onset,44550,38229,-104
7.7387,onset,44600,38229,6
7.7391,onset,44600,38229,22
7.7394,onset,44600,38229,61
7.7397,onset,44600,38229,-15
7.7401,onset,44600,38229,-14
7.7404,onset,44600,38229,38
7.7412,onset,44600,38229,-31
7.7416,onset,44600,38229,0
7.7421,onset,44600,38229,-26
7.7428,onset,44600,38229,58
7.7433,onset,44600,38229,-85
7.7437,onset,44600,38229,-81
7.7441,onset,44600,38229,80
7.7446,onset,44600,38229,51
7.7449,onset,44600,38229,1
7.7452,onset,44600,38229,5
7.7483,onset,44650,38229,-18
7.7487,onset,44650,38229,32
7.749,onset,44650,38229,22
7.7494,onset,44650,38229,53
7.7497,onset,44650,38229,-37
7.7501,onset,44650,38229,-5
7.7504,onset,44650,38229,-48
7.7507,onset,44650,38229,8
7.751,onset,44650,38229,35
7.7513,onset,44650,38229,-1
7.7516,onset,44650,38229,-3
7.7519,onset,44650,38229,19
7.7523,onset,44650,38229,-7
7.7527,onset,44650,38229,2
7.753,onset,44650,38229,-56
7.7533,onset,44650,38229,18
7.7561,onset,44700,38229,18
7.7564,onset,44700,38229,-47
7.7567,onset,44700,38229,-3
7.757,onset,44700,38229,15
7.7575,onset,44700,38229,-67
7.758,onset,44700,38229,-16
7.7587,onset,44700,38229,2
7.759,onset,44700,38229,-2
7.7595,onset,44700,38229,99
7.7599,onset,44700,38229,10
7.7603,onset,44700,38229,24
7.7606,onset,44700,38229,61
7.761,onset,44700,38229,-23
7.7614,onset,44700,38229,56
7.7617,onset,44700,38229,22
7.7619,onset,44700,38229,8
7.7648,onset,44750,38229,-1
7.7651,onset,44750,38229,-17
7.7655,onset,44750,38229,-10
7.7658,onset,44750,38229,25
7.7661,onset,44750,38229,3
7.7664,onset,44750,38229,69
7.7667,onset,44750,38229,24
7.767,onset,44750,38229,-26
7.7673,onset,44750,38229,17
7.7676,onset,44750,38229,-68
7.7679,onset,44750,38229,9
7.7683,onset,44750,38229,-49
7.7686,onset,44750,38229,-113
7.7689,onset,44750,38229,-32
7.7692,onset,44750,38229,-16
7.7695,onset,44750,38229,-29
7.7722,onset,44800,38229,-7
7.7726,onset,44800,38229,-15
7.7729,onset,44800,38229,-23
7.7735,onset,44800,38229,-60
7.7739,onset,44800,38229,3
7.7744,onset,44800,38229,10
7.7749,onset,44800,38229,14
7.7756,onset,44800,38229,-2
7.7761,onset,44800,38229,-55
7.7765,onset,44800,38229,34
7.7769,onset,44800,38229,-39
7.7773,onset,44800,38229,109
7.7777,onset,44800,38229,-24
7.778,onset,44800,38229,42
7.7783,onset,44800,38229,14
7.7786,onset,44800,38229,-25
7.7812,onset,44850,38229,-28
7.7816,onset,44850,38229,-36
7.7819,onset,44850,38229,8
7.7823,onset,44850,38229,58
7.7826,onset,44850,38229,20
7.783,onset,44850,38229,-114
7.7833,onset,44850,38229,-27
7.7837,onset,44850,38229,12
7.7841,onset,44850,38229,5
7.7843,onset,44850,38229,18
7.7847,onset,44850,38229,-8
7.785,onset,44850,38229,-49
7.7853,onset,44850,38229,-102
7.7856,onset,44850,38229,-32
7.7861,onset,44850,38229,-74
7.7864,onset,44850,38229,2
7.789,onset,44900,38229,0
7.7893,onset,44900,38229,79
7.7896,onset,44900,38229,53
7.79,onset,44900,38229,-92
7.7903,onset,44900,38229,14
7.7906,onset,44900,38229,63
7.7909,onset,44900,38229,53
7.7912,onset,44900,38229,17
7.7916,onset,44900,38229,52
7.7921,onset,44900,38229,15
7.7925,onset,44900,38229,-64
7.793,onset,44900,38229,-4
7.7935,onset,44900,38229,-87
7.7939,onset,44900,38229,-37
7.7943,onset,44900,38229,70
7.7946,onset,44900,38229,79
7.7975,onset,44950,38229,-15
7.7978,onset,44950,38229,-44
7.7981,onset,44950,38229,6
7.7984,onset,44950,38229,17
7.7988,onset,44950,38229,17
7.7991,onset,44950,38229,-47
7.7995,onset,44950,38229,-58
7.7998,onset,44950,38229,-25
7.8001,onset,44950,38229,-5
7.8005,onset,44950,38229,8
7.8008,onset,44950,38229,84
7.8011,onset,44950,38229,37
7.8014,onset,44950,38229,-29
7.8018,onset,44950,38229,-30
7.8021,onset,44950,38229,-17
7.8024,onset,44950,38229,-11
7.8051,onset,45000,38229,-11
7.8055,onset,45000,38229,26
7.8058,onset,45000,38229,38
7.8062,onset,45000,38229,-78
7.8065,onset,45000,38229,-53
7.8069,onset,45000,38229,49
7.8072,onset,45000,38229,8
7.8077,onset,45000,38229,-18
7.8088,onset,45000,38229,-13
7.8096,onset,45000,38229,-100
7.8101,onset,45000,38229,-23
7.8105,onset,45000,38229,56
7.8108,onset,45000,38229,0
7.8111,onset,45000,38229,72
7.8114,onset,45000,38229,0
7.8117,onset,45000,38229,51
7.8147,onset,45050,38229,-17
7.8151,onset,45050,38229,-70
7.8154,onset,45050,38229,4
7.8159,onset,45050,38229,14
7.8163,onset,45050,38229,-18
7.8166,onset,45050,38229,-14
7.817,onset,45050,38229,-33
7.8173,onset,45050,38229,-30
7.8176,onset,45050,38229,-39
7.8179,onset,45050,38229,-21
7.8182,onset,45050,38229,25
7.8185,onset,45050,38229,18
7.8189,onset,45050,38229,66
7.8192,onset,45050,38229,20
7.8195,onset,45050,38229,-43
7.8199,onset,45050,38229,-43
7.8226,onset,45100,38229,8
7.823,onset,45100,38229,14
7.8235,onset,45100,38229,26
7.824,onset,45100,38229,53
7.8246,onset,45100,38229,-18
7.825,onset,45100,38229,-3
7.8254,onset,45100,38229,4
7.8259,onset,45100,38229,52
7.8263,onset,45100,38229,64
7.8267,onset,45100,38229,-43
7.827,onset,45100,38229,-23
7.8273,onset,45100,38229,-26
7.8277,onset,45100,38229,21
7.828,onset,45100,38229,23
7.8283,onset,45100,38229,14
7.8286,onset,45100,38229,26
7.8315,onset,45150,38229,-19
7.8318,onset,45150,38229,50
7.8321,onset,45150,38229,36
7.8325,onset,45150,38229,10
7.8328,onset,45150,38229,-50
7.8332,onset,45150,38229,-47
7.8335,onset,45150,38229,33
7.8339,onset,45150,38229,64
7.8342,onset,45150,38229,-23
7.8345,onset,45150,38229,-29
7.8349,onset,45150,38229,-32
7.8353,onset,45150,38229,-22
7.8356,onset,45150,38229,31
7.836,onset,45150,38229,10
7.8363,onset,45150,38229,-97
7.8366,onset,45150,38229,-47
7.8396,onset,45200,38229,64
7.84,onset,45200,38229,77
7.8403,onset,45200,38229,-65
7.8406,onset,45200,38229,-98
7.841,onset,45200,38229,-12
7.8416,onset,45200,38229,-30
7.8421,onset,45200,38229,92
7.8426,onset,45200,38229,-27
7.8432,onset,45200,38229,-24
7.8438,onset,45200,38229,19
7.8441,onset,45200,38229,53
7.8445,onset,45200,38229,49
7.8448,onset,45200,38229,-15
7.8452,onset,45200,38229,-47
7.8455,onset,45200,38229,27
7.8458,onset,45200,38229,59
7.8489,onset,45250,38229,-40
7.8493,onset,45250,38229,-49
7.8496,onset,45250,38229,18
7.85,onset,45250,38229,-24
7.8503,onset,45250,38229,-19
7.8507,onset,45250,38229,-8
7.851,onset,45250,38229,-8
7.8514,onset,45250,38229,2
7.8517,onset,45250,38229,-26
7.8521,onset,45250,38229,-51
7.8524,onset,45250,38229,-5
7.8527,onset,45250,38229,19
7.8531,onset,45250,38229,33
7.8533,onset,45250,38229,3
7.8537,onset,45250,38229,15
7.854,onset,45250,38229,28
7.8568,onset,45300,38229,-2
7.8572,onset,45300,38229,6
7.8577,onset,45300,38229,-13
7.8581,onset,45300,38229,68
7.8585,onset,45300,38229,-46
7.8594,onset,45300,38229,-31
7.8599,onset,45300,38229,-82
7.8604,onset,45300,38229,-33
7.8608,onset,45300,38229,34
7.8611,onset,45300,38229,60
7.8615,onset,45300,38229,-51
7.8618,onset,45300,38229,-5
7.8621,onset,45300,38229,-31
7.8623,onset,45300,38229,-26
7.8626,onset,45300,38229,-9
7.863,onset,45300,38229,-20
7.8656,onset,45350,38229,-78
7.866,onset,45350,38229,10
7.8664,onset,45350,38229,15
7.8667,onset,45350,38229,14
7.867,onset,45350,38229,-55
7.8673,onset,45350,38229,-21
7.8676,onset,45350,38229,-12
7.868,onset,45350,38229,4
7.8683,onset,45350,38229,55
7.8686,onset,45350,38229,57
7.8689,onset,45350,38229,8
7.8693,onset,45350,38229,-56
7.8696,onset,45350,38229,10
7.8699,onset,45350,38229,-28
7.8702,onset,45350,38229,-28
7.8706,onset,45350,38229,-18
7.8734,onset,45400,38229,-18
7.8738,onset,45400,38229,-17
7.8743,onset,45400,38229,-4
7.875,onset,45400,38229,-10
7.8755,onset,45400,38229,46
7.8761,onset,45400,38229,3
7.8766,onset,45400,38229,6
7.877,onset,45400,38229,74
7.8774,onset,45400,38229,-12
7.8777,onset,45400,38229,15
7.878,onset,45400,38229,57
7.8783,onset,45400,38229,18
7.8786,onset,45400,38229,51
7.8789,onset,45400,38229,47
7.8792,onset,45400,38229,9
7.8796,onset,45400,38229,83
7.8827,onset,45450,38229,-19
7.883,onset,45450,38229,17
7.8834,onset,45450,38229,26
7.8837,onset,45450,38229,29
7.884,onset,45450,38229,66
7.8843,onset,45450,38229,13
7.8846,onset,45450,38229,-73
7.8849,onset,45450,38229,-82
7.8852,onset,45450,38229,-116
7.8855,onset,45450,38229,-34
7.8858,onset,45450,38229,-42
7.8861,onset,45450,38229,-40
7.8864,onset,45450,38229,-21
7.8867,onset,45450,38229,-16
7.8871,onset,45450,38229,54
7.8874,onset,45450,38229,24
7.8906,onset,45500,38229,-34
7.8909,onset,45500,38229,78
7.8915,onset,45500,38229,-26
7.892,onset,45500,38229,-9
7.8926,onset,45500,38229,-68
7.8931,onset,45500,38229,-55
7.8936,onset,45500,38229,-16
7.894,onset,45500,38229,86
7.8943,onset,45500,38229,50
7.8946,onset,45500,38229,-53
7.8949,onset,45500,38229,-32
7.8952,onset,45500,38229,6
7.8956,onset,45500,38229,5
7.8959,onset,45500,38229,30
7.8962,onset,45500,38229,77
7.8965,onset,45500,38229,88
7.8996,onset,45550,38229,-39
7.9,onset,45550,38229,17
7.9003,onset,45550,38229,-52
7.9007,onset,45550,38229,-45
7.901,onset,45550,38229,-10
7.9014,onset,45550,38229,2
7.9017,onset,45550,38229,63
7.9021,onset,45550,38229,-16
7.9024,onset,45550,38229,-49
7.9027,onset,45550,38229,-65
7.9031,onset,45550,38229,-36
7.9034,onset,45550,38229,21
7.9037,onset,45550,38229,52
7.904,onset,45550,38229,39
7.9043,onset,45550,38229,39
7.9046,onset,45550,38229,5
7.9073,onset,45600,38229,4
7.9077,onset,45600,38229,-85
7.9081,onset,45600,38229,-81
7.9086,onset,45600,38229,-72
7.909,onset,45600,38229,64
7.9096,onset,45600,38229,-10
7.91,onset,45600,38229,-25
7.9106,onset,45600,38229,0
7.9109,onset,45600,38229,34
7.9113,onset,45600,38229,-26
7.9116,onset,45600,38229,-65
7.9119,onset,45600,38229,12
7.9122,onset,45600,38229,-27
7.9127,onset,45600,38229,-62
7.9131,onset,45600,38229,-40
7.9135,onset,45600,38229,20
7.9164,onset,45650,38229,26
7.9168,onset,45650,38229,-72
7.9171,onset,45650,38229,-10
7.9174,onset,45650,38229,-36
7.9178,onset,45650,38229,4
7.9181,onset,45650,38229,81
7.9185,onset,45650,38229,39
7.9188,onset,45650,38229,-2
7.9191,onset,45650,38229,-74
7.9194,onset,45650,38229,-25
7.9197,onset,45650,38229,-61
7.92,onset,45650,38229,-15
7.9204,onset,45650,38229,-36
7.9207,onset,45650,38229,35
7.9211,onset,45650,38229,4
7.9214,onset,45650,38229,-77
7.9241,onset,45700,38229,43
7.9245,onset,45700,38229,20
7.9248,onset,45700,38229,97
7.9254,onset,45700,38229,-17
7.9259,onset,45700,38229,34
7.9263,onset,45700,38229,57
7.9268,onset,45700,38229,23
7.9272,onset,45700,38229,-47
7.9276,onset,45700,38229,52
7.9279,onset,45700,38229,57
7.9283,onset,45700,38229,-30
7.9287,onset,45700,38229,-47
7.9291,onset,45700,38229,-25
7.9295,onset,45700,38229,-55
7.93,onset,45700,38229,5
7.9303,onset,45700,38229,-39
7.9329,onset,45750,38229,-106
7.9332,onset,45750,38229,-60
7.9335,onset,45750,38229,-23
7.9338,onset,45750,38229,10
7.9341,onset,45750,38229,-52
7.9343,onset,45750,38229,-27
7.9347,onset,45750,38229,-40
7.935,onset,45750,38229,-21
7.9352,onset,45750,38229,-40
7.9355,onset,45750,38229,11
7.9358,onset,45750,38229,-29
7.9361,onset,45750,38229,-79
7.9364,onset,45750,38229,-66
7.9367,onset,45750,38229,-90
7.937,onset,45750,38229,-39
7.9373,onset,45750,38229,-55
7.9401,onset,45800,38229,68
7.9404,onset,45800,38229,-3
7.9407,onset,45800,38229,55
7.9411,onset,45800,38229,-15
7.9414,onset,45800,38229,-39
7.9417,onset,45800,38229,-23
7.9421,onset,45800,38229,-24
7.9425,onset,45800,38229,4
7.9429,onset,45800,38229,14
7.9432,onset,45800,38229,-72
7.9434,onset,45800,38229,-18
7.9437,onset,45800,38229,-28
7.9441,onset,45800,38229,-53
7.9445,onset,45800,38229,18
7.9448,onset,45800,38229,-19
7.9451,onset,45800,38229,25
7.948,onset,45850,38229,49
7.9482,onset,45850,38229,31
7.9486,onset,45850,38229,52
7.9488,onset,45850,38229,21
7.9491,onset,45850,38229,-1
7.9494,onset,45850,38229,-19
7.9497,onset,45850,38229,22
7.95,onset,45850,38229,24
7.9503,onset,45850,38229,20
7.9506,onset,45850,38229,47
7.9508,onset,45850,38229,-8
7.9511,onset,45850,38229,-24
7.9513,onset,45850,38229,-23
7.9516,onset,45850,38229,-73
7.9518,onset,45850,38229,-89
7.9521,onset,45850,38229,73
7.955,onset,45900,38229,-16
7.9553,onset,45900,38229,40
7.9556,onset,45900,38229,28
7.9559,onset,45900,38229,26
7.9561,onset,45900,38229,28
7.9564,onset,45900,38229,22
7.9567,onset,45900,38229,-20
7.9571,onset,45900,38229,26
7.9575,onset,45900,38229,-3
7.9579,onset,45900,38229,-62
7.9584,onset,45900,38229,5
7.9589,onset,45900,38229,50
7.9593,onset,45900,38229,1
7.9598,onset,45900,38229,-49
7.9602,onset,45900,38229,31
7.9605,onset,45900,38229,77
7.9636,onset,45950,38229,-25
7.9639,onset,45950,38229,5
7.9643,onset,45950,38229,11
7.9646,onset,45950,38229,14
7.965,onset,45950,38229,-13
7.9653,onset,45950,38229,-34
7.9656,onset,45950,38229,-13
7.9659,onset,45950,38229,47
7.9663,onset,45950,38229,-20
7.9666,onset,45950,38229,5
7.9669,onset,45950,38229,-28
7.9673,onset,45950,38229,-28
7.9676,onset,45950,38229,-6
7.9679,onset,45950,38229,40
7.9683,onset,45950,38229,64
7.9686,onset,45950,38229,30
7.9712,onset,46000,38229,29
7.9715,onset,46000,38229,-8
7.9718,onset,46000,38229,-11
7.9721,onset,46000,38229,31
7.9724,onset,46000,38229,-2
7.9727,onset,46000,38229,-32
7.9731,onset,46000,38229,-16
7.9735,onset,46000,38229,-14
7.9738,onset,46000,38229,25
7.9743,onset,46000,38229,63
7.9748,onset,46000,38229,-9
7.9755,onset,46000,38229,18
7.9761,onset,46000,38229,11
7.9765,onset,46000,38229,53
7.9769,onset,46000,38229,14
7.9773,onset,46000,38229,-6
7.9802,onset,46050,38229,30
7.9805,onset,46050,38229,-48
7.9808,onset,46050,38229,-100
7.9811,onset,46050,38229,-9
7.9815,onset,46050,38229,-28
7.9818,onset,46050,38229,1
7.9821,onset,46050,38229,7
7.9824,onset,46050,38229,59
7.9827,onset,46050,38229,-18
7.9831,onset,46050,38229,-47
7.9834,onset,46050,38229,-64
7.9837,onset,46050,38229,-7
7.9841,onset,46050,38229,36
7.9844,onset,46050,38229,45
7.9847,onset,46050,38229,81
7.9851,onset,46050,38229,11
7.9878,onset,46100,38229,-45
7.9882,onset,46100,38229,-24
7.9885,onset,46100,38229,14
7.9889,onset,46100,38229,39
7.9892,onset,46100,38229,16
7.9895,onset,46100,38229,-54
7.9898,onset,46100,38229,-14
7.9902,onset,46100,38229,-4
7.9923,onset,46100,38229,5
7.9929,onset,46100,38229,-43
7.9935,onset,46100,38229,11
7.994,onset,46100,38229,23
7.9943,onset,46100,38229,72
7.9946,onset,46100,38229,45
7.995,onset,46100,38229,-77
7.9953,onset,46100,38229,-25
7.9981,onset,46150,38229,-44
7.9984,onset,46150,38229,-24
7.9987,onset,46150,38229,37
7.999,onset,46150,38229,-11
7.9993,onset,46150,38229,-2
7.9995,onset,46150,38229,-5
7.9998,onset,46150,38229,59
8.0001,onset,46150,38229,51
8.0004,onset,46150,38229,63
8.0007,onset,46150,38229,16
8.001,onset,46150,38229,46
8.0013,onset,46150,38229,43
8.0016,onset,46150,38229,9
8.0018,onset,46150,38229,38
8.0021,onset,46150,38229,-22
8.0024,onset,46150,38229,-6
8.0051,onset,46200,38229,14
8.0054,onset,46200,38229,55
8.0057,onset,46200,38229,45
8.0059,onset,46200,38229,13
8.0062,onset,46200,38229,13
8.0064,onset,46200,38229,-85
8.0067,onset,46200,38229,5
8.007,onset,46200,38229,29
8.0074,onset,46200,38229,52
8.0078,onset,46200,38229,82
8.0081,onset,46200,38229,11
8.0085,onset,46200,38229,-17
8.0089,onset,46200,38229,-3
8.0092,onset,46200,38229,-5
8.0096,onset,46200,38229,25
8.0099,onset,46200,38229,-28
8.0127,onset,46250,38229,-27
8.013,onset,46250,38229,15
8.0132,onset,46250,38229,-24
8.0136,onset,46250,38229,55
8.0139,onset,46250,38229,8
8.0141,onset,46250,38229,-36
8.0144,onset,46250,38229,-33
8.0147,onset,46250,38229,-28
8.015,onset,46250,38229,-22
8.0152,onset,46250,38229,-105
8.0155,onset,46250,38229,-36
8.0158,onset,46250,38229,-85
8.0161,onset,46250,38229,-57
8.0164,onset,46250,38229,-46
8.0167,onset,46250,38229,-64
8.017,onset,46250,38229,-29
8.0195,onset,46300,38229,10
8.0198,onset,46300,38229,28
8.0201,onset,46300,38229,45
8.0204,onset,46300,38229,24
8.0207,onset,46300,38229,36
8.021,onset,46300,38229,-18
8.0213,onset,46300,38229,-2
8.0216,onset,46300,38229,49
8.0219,onset,46300,38229,-23
8.0222,onset,46300,38229,8
8.0225,onset,46300,38229,60
8.0228,onset,46300,38229,-32
8.0231,onset,46300,38229,28
8.0234,onset,46300,38229,-70
8.0237,onset,46300,38229,18
8.0241,onset,46300,38229,1
8.0275,onset,46350,38229,-17
8.0278,onset,46350,38229,-57
8.0281,onset,46350,38229,-12
8.0284,onset,46350,38229,5
8.0287,onset,46350,38229,-30
8.029,onset,46350,38229,68
8.0294,onset,46350,38229,-10
8.0297,onset,46350,38229,36
8.03,onset,46350,38229,-59
8.0303,onset,46350,38229,-23
8.0307,onset,46350,38229,-60
8.0311,onset,46350,38229,4
8.0314,onset,46350,38229,5
8.0317,onset,46350,38229,-23
8.032,onset,46350,38229,-61
8.0324,onset,46350,38229,-7
8.035,onset,46400,38229,14
8.0353,onset,46400,38229,-10
8.0356,onset,46400,38229,-55
8.036,onset,46400,38229,-92
8.0362,onset,46400,38229,-57
8.0365,onset,46400,38229,-68
8.0368,onset,46400,38229,-10
8.0371,onset,46400,38229,-1
8.0374,onset,46400,38229,-65
8.0377,onset,46400,38229,-16
8.038,onset,46400,38229,-48
8.0383,onset,46400,38229,13
8.0386,onset,46400,38229,-12
8.0389,onset,46400,38229,34
8.0392,onset,46400,38229,13
8.0395,onset,46400,38229,-1
8.0425,onset,46450,38229,64
8.043,onset,46450,38229,-79
8.0433,onset,46450,38229,13
8.0436,onset,46450,38229,57
8.0439,onset,46450,38229,22
8.0442,onset,46450,38229,40
8.0445,onset,46450,38229,83
8.0448,onset,46450,38229,39
8.0451,onset,46450,38229,3
8.0454,onset,46450,38229,44
8.0458,onset,46450,38229,5
8.0461,onset,46450,38229,-27
8.0464,onset,46450,38229,-13
8.0468,onset,46450,38229,57
8.0471,onset,46450,38229,63
8.0474,onset,46450,38229,40
8.0501,onset,46500,38229,19
8.0504,onset,46500,38229,36
8.0507,onset,46500,38229,-53
8.0511,onset,46500,38229,-61
8.0515,onset,46500,38229,47
8.0519,onset,46500,38229,43
8.0522,onset,46500,38229,-89
8.0535,onset,46500,38229,-33
8.054,onset,46500,38229,-19
8.0544,onset,46500,38229,-102
8.0551,onset,46500,38229,-5
8.0555,onset,46500,38229,-113
8.056,onset,46500,38229,71
8.0565,onset,46500,38229,-17
8.0568,onset,46500,38229,-42
8.0573,onset,46500,38229,-88
8.0604,onset,46550,38229,82
8.0608,onset,46550,38229,-1
8.0612,onset,46550,38229,66
8.0615,onset,46550,38229,13
8.062,onset,46550,38229,66
8.0623,onset,46550,38229,-18
8.0627,onset,46550,38229,-14
8.0631,onset,46550,38229,85
8.0635,onset,46550,38229,-99
8.064,onset,46550,38229,34
8.0644,onset,46550,38229,-71
8.065,onset,46550,38229,56
8.0654,onset,46550,38229,16
8.0657,onset,46550,38229,-73
8.0661,onset,46550,38229,-75
8.0665,onset,46550,38229,57
8.069,onset,46600,38229,8
8.0693,onset,46600,38229,-49
8.0696,onset,46600,38229,-40
8.0699,onset,46600,38229,-5
8.0702,onset,46600,38229,40
8.0706,onset,46600,38229,51
8.0709,onset,46600,38229,-6
8.0712,onset,46600,38229,69
8.0715,onset,46600,38229,1
8.0718,onset,46600,38229,33
8.0721,onset,46600,38229,-24
8.0724,onset,46600,38229,50
8.0727,onset,46600,38229,13
8.0729,onset,46600,38229,8
8.0733,onset,46600,38229,49
8.0736,onset,46600,38229,30
8.0769,onset,46650,38229,-4
8.0774,onset,46650,38229,-42
8.0777,onset,46650,38229,-21
8.0781,onset,46650,38229,38
8.0784,onset,46650,38229,76
8.0786,onset,46650,38229,11
8.0789,onset,46650,38229,13
8.0792,onset,46650,38229,16
8.0795,onset,46650,38229,-8
8.0798,onset,46650,38229,31
8.0801,onset,46650,38229,2
8.0804,onset,46650,38229,-41
8.0807,onset,46650,38229,-14
8.081,onset,46650,38229,-25
8.0812,onset,46650,38229,-19
8.0816,onset,46650,38229,0
8.0842,onset,46700,38229,4
8.0845,onset,46700,38229,7
8.0849,onset,46700,38229,4
8.0851,onset,46700,38229,-14
8.0855,onset,46700,38229,47
8.0858,onset,46700,38229,0
8.0861,onset,46700,38229,41
8.0864,onset,46700,38229,44
8.0867,onset,46700,38229,-27
8.087,onset,46700,38229,9
8.0873,onset,46700,38229,-95
8.0876,onset,46700,38229,16
8.0879,onset,46700,38229,-93
8.0882,onset,46700,38229,-7
8.0885,onset,46700,38229,-77
8.0888,onset,46700,38229,5
8.0926,onset,46750,38229,-53
8.0932,onset,46750,38229,18
8.0936,onset,46750,38229,-23
8.094,onset,46750,38229,-41
8.0943,onset,46750,38229,52
8.0947,onset,46750,38229,79
8.0949,onset,46750,38229,51
8.0953,onset,46750,38229,88
8.0956,onset,46750,38229,31
8.0958,onset,46750,38229,52
8.0962,onset,46750,38229,11
8.0964,onset,46750,38229,31
8.0967,onset,46750,38229,48
8.097,onset,46750,38229,-2
8.0973,onset,46750,38229,15
8.0976,onset,46750,38229,46
8.1005,onset,46800,38229,46
8.1008,onset,46800,38229,73
8.1011,onset,46800,38229,80
8.1015,onset,46800,38229,1
8.1018,onset,46800,38229,-64
8.1021,onset,46800,38229,13
8.1024,onset,46800,38229,-68
8.1027,onset,46800,38229,-51
8.103,onset,46800,38229,-31
8.1033,onset,46800,38229,-7
8.1036,onset,46800,38229,-46
8.1039,onset,46800,38229,-3
8.1042,onset,46800,38229,-38
8.1046,onset,46800,38229,9
8.1049,onset,46800,38229,-12
8.1051,onset,46800,38229,29
8.1087,onset,46850,38229,-90
8.1093,onset,46850,38229,-35
8.1098,onset,46850,38229,8
8.1104,onset,46850,38229,-6
8.1108,onset,46850,38229,-44
8.1111,onset,46850,38229,46
8.1115,onset,46850,38229,77
8.1118,onset,46850,38229,30
8.1121,onset,46850,38229,38
8.1124,onset,46850,38229,-41
8.1127,onset,46850,38229,31
8.1129,onset,46850,38229,53
8.1133,onset,46850,38229,22
8.1136,onset,46850,38229,-96
8.1138,onset,46850,38229,-63
8.1141,onset,46850,38229,-37
8.1171,onset,46900,38229,-51
8.1175,onset,46900,38229,14
8.1178,onset,46900,38229,69
8.1182,onset,46900,38229,-43
8.1185,onset,46900,38229,-44
8.1189,onset,46900,38229,-24
8.1192,onset,46900,38229,-54
8.1195,onset,46900,38229,-6
8.1199,onset,46900,38229,23
8.1202,onset,46900,38229,66
8.1205,onset,46900,38229,2
8.1208,onset,46900,38229,13
8.1211,onset,46900,38229,-29
8.1214,onset,46900,38229,47
8.1217,onset,46900,38229,-8
8.122,onset,46900,38229,-62
8.1255,onset,46950,38229,6
8.126,onset,46950,38229,-10
8.1266,onset,46950,38229,18
8.127,onset,46950,38229,21
8.1274,onset,46950,38229,8
8.1277,onset,46950,38229,-64
8.1281,onset,46950,38229,-18
8.1284,onset,46950,38229,7
8.1287,onset,46950,38229,3
8.1289,onset,46950,38229,-14
8.1292,onset,46950,38229,-8
8.1296,onset,46950,38229,40
8.1299,onset,46950,38229,63
8.1302,onset,46950,38229,2
8.1305,onset,46950,38229,86
8.1308,onset,46950,38229,13
8.1335,onset,47000,38229,-30
8.134,onset,47000,38229,-86
8.1344,onset,47000,38229,58
8.1346,onset,47000,38229,-29
8.135,onset,47000,38229,-90
8.1353,onset,47000,38229,-85
8.1356,onset,47000,38229,-93
8.1359,onset,47000,38229,-35
8.1362,onset,47000,38229,-62
8.1365,onset,47000,38229,-44
8.1368,onset,47000,38229,-30
8.1371,onset,47000,38229,-25
8.1374,onset,47000,38229,-8
8.1377,onset,47000,38229,-11
8.138,onset,47000,38229,10
8.1383,onset,47000,38229,52
8.1412,onset,47050,38229,48
8.1417,onset,47050,38229,20
8.1421,onset,47050,38229,-22
8.1426,onset,47050,38229,-96
8.1429,onset,47050,38229,-14
8.1434,onset,47050,38229,29
8.1438,onset,47050,38229,4
8.1443,onset,47050,38229,25
8.1447,onset,47050,38229,76
8.145,onset,47050,38229,62
8.1454,onset,47050,38229,0
8.1457,onset,47050,38229,-60
8.146,onset,47050,38229,-16
8.1463,onset,47050,38229,20
8.1467,onset,47050,38229,-11
8.1469,onset,47050,38229,55
8.1499,onset,47100,38229,13
8.1503,onset,47100,38229,-32
8.1507,onset,47100,38229,5
8.151,onset,47100,38229,50
8.1513,onset,47100,38229,38
8.1516,onset,47100,38229,46
8.1519,onset,47100,38229,60
8.1522,onset,47100,38229,22
8.1526,onset,47100,38229,-50
8.1529,onset,47100,38229,-105
8.1532,onset,47100,38229,-54
8.1535,onset,47100,38229,-35
8.1538,onset,47100,38229,-14
8.1541,onset,47100,38229,-6
8.1544,onset,47100,38229,-53
8.1548,onset,47100,38229,23
8.1578,onset,47150,38229,63
8.1581,onset,47150,38229,4
8.1586,onset,47150,38229,30
8.159,onset,47150,38229,-37
8.1594,onset,47150,38229,42
8.1599,onset,47150,38229,10
8.1603,onset,47150,38229,89
8.1606,onset,47150,38229,23
8.161,onset,47150,38229,61
8.1614,onset,47150,38229,26
8.1617,onset,47150,38229,62
8.162,onset,47150,38229,28
8.1623,onset,47150,38229,79
8.1626,onset,47150,38229,72
8.1628,onset,47150,38229,80
8.1631,onset,47150,38229,70
8.1659,onset,47200,38229,6
8.1662,onset,47200,38229,-17
8.1665,onset,47200,38229,-41
8.1668,onset,47200,38229,-19
8.1671,onset,47200,38229,-36
8.1674,onset,47200,38229,-1
8.1677,onset,47200,38229,-17
8.168,onset,47200,38229,20
8.1683,onset,47200,38229,5
8.1686,onset,47200,38229,8
8.1689,onset,47200,38229,-17
8.1692,onset,47200,38229,33
8.1695,onset,47200,38229,-11
8.1698,onset,47200,38229,42
8.1702,onset,47200,38229,28
8.1706,onset,47200,38229,50
8.1735,onset,47250,38229,-13
8.174,onset,47250,38229,12
8.1748,onset,47250,38229,38
8.1752,onset,47250,38229,-41
8.1758,onset,47250,38229,88
8.1763,onset,47250,38229,-48
8.1767,onset,47250,38229,17
8.1772,onset,47250,38229,-103
8.1775,onset,47250,38229,32
8.1778,onset,47250,38229,40
8.178,onset,47250,38229,-2
8.1784,onset,47250,38229,14
8.1788,onset,47250,38229,63
8.1792,onset,47250,38229,12
8.1795,onset,47250,38229,-19
8.1799,onset,47250,38229,50
8.1827,onset,47300,38229,-40
8.1829,onset,47300,38229,-20
8.1832,onset,47300,38229,-100
8.1834,onset,47300,38229,23
8.1837,onset,47300,38229,23
8.1839,onset,47300,38229,20
8.1842,onset,47300,38229,4
8.1845,onset,47300,38229,2
8.1848,onset,47300,38229,4
8.1851,onset,47300,38229,3
8.1853,onset,47300,38229,16
8.1856,onset,47300,38229,-9
8.186,onset,47300,38229,19
8.1862,onset,47300,38229,-61
8.1865,onset,47300,38229,-27
8.1867,onset,47300,38229,-35
8.1894,onset,47350,38229,-72
8.1897,onset,47350,38229,-28
8.19,onset,47350,38229,17
8.1902,onset,47350,38229,24
8.1908,onset,47350,38229,-17
8.1912,onset,47350,38229,-8
8.1916,onset,47350,38229,-4
8.1925,onset,47350,38229,48
8.1928,onset,47350,38229,-6
8.1933,onset,47350,38229,-63
8.1938,onset,47350,38229,-60
8.1941,onset,47350,38229,45
8.1946,onset,47350,38229,-6
8.1949,onset,47350,38229,-34
8.1952,onset,47350,38229,10
8.1955,onset,47350,38229,70
8.1984,onset,47400,38229,-21
8.1987,onset,47400,38229,10
8.199,onset,47400,38229,45
8.1994,onset,47400,38229,33
8.1997,onset,47400,38229,-82
8.2001,onset,47400,38229,-32
8.2003,onset,47400,38229,-32
8.2006,onset,47400,38229,-50
8.2009,onset,47400,38229,-14
8.2012,onset,47400,38229,-73
8.2014,onset,47400,38229,-26
8.2017,onset,47400,38229,1
8.2019,onset,47400,38229,92
8.2022,onset,47400,38229,41
8.2024,onset,47400,38229,-22
8.2027,onset,47400,38229,-61
8.2051,onset,47450,38229,23
8.2054,onset,47450,38229,-1
8.2057,onset,47450,38229,-54
8.2059,onset,47450,38229,-20
8.2062,onset,47450,38229,-30
8.2064,onset,47450,38229,55
8.2066,onset,47450,38229,48
8.2068,onset,47450,38229,-9
8.2071,onset,47450,38229,19
8.2075,onset,47450,38229,-6
8.2078,onset,47450,38229,-28
8.2084,onset,47450,38229,89
8.2088,onset,47450,38229,-6
8.2091,onset,47450,38229,-45
8.2094,onset,47450,38229,-75
8.2097,onset,47450,38229,-75
8.2123,onset,47500,38229,6
8.2125,onset,47500,38229,36
8.2128,onset,47500,38229,17
8.213,onset,47500,38229,-73
8.2132,onset,47500,38229,-26
8.2135,onset,47500,38229,56
8.2139,onset,47500,38229,-46
8.2141,onset,47500,38229,-94
8.2144,onset,47500,38229,-4
8.2147,onset,47500,38229,-21
8.2149,onset,47500,38229,44
8.2151,onset,47500,38229,-42
8.2154,onset,47500,38229,-43
8.2156,onset,47500,38229,-9
8.2158,onset,47500,38229,76
8.216,onset,47500,38229,-61
8.2185,onset,47550,38229,-6
8.2187,onset,47550,38229,-17
8.2191,onset,47550,38229,-23
8.2193,onset,47550,38229,-46
8.2195,onset,47550,38229,-43
8.2197,onset,47550,38229,40
8.2201,onset,47550,38229,19
8.2203,onset,47550,38229,-7
8.2205,onset,47550,38229,-52
8.2208,onset,47550,38229,-15
8.221,onset,47550,38229,40
8.2212,onset,47550,38229,-6
8.2215,onset,47550,38229,34
8.2217,onset,47550,38229,-15
8.222,onset,47550,38229,-14
8.2223,onset,47550,38229,-2
8.2255,onset,47600,38229,-34
8.2259,onset,47600,38229,6
8.2265,onset,47600,38229,47
8.2269,onset,47600,38229,-55
8.2272,onset,47600,38229,-24
8.2275,onset,47600,38229,-21
8.2279,onset,47600,38229,19
8.2282,onset,47600,38229,41
8.2285,onset,47600,38229,37
8.2288,onset,47600,38229,70
8.2291,onset,47600,38229,69
8.2293,onset,47600,38229,28
8.2296,onset,47600,38229,25
8.2299,onset,47600,38229,54
8.2302,onset,47600,38229,14
8.2305,onset,47600,38229,18
8.233,onset,47650,38229,0
8.2333,onset,47650,38229,25
8.2336,onset,47650,38229,39
8.2339,onset,47650,38229,66
8.2342,onset,47650,38229,-7
8.2344,onset,47650,38229,30
8.2347,onset,47650,38229,42
8.2351,onset,47650,38229,-7
8.2354,onset,47650,38229,-32
8.2357,onset,47650,38229,-44
8.236,onset,47650,38229,-66
8.2363,onset,47650,38229,-103
8.2366,onset,47650,38229,-52
8.2369,onset,47650,38229,-36
8.2372,onset,47650,38229,-98
8.2374,onset,47650,38229,-89
8.2403,onset,47700,38229,34
8.2413,onset,47700,38229,-11
8.2418,onset,47700,38229,-42
8.2424,onset,47700,38229,27
8.2432,onset,47700,38229,84
8.2436,onset,47700,38229,19
8.2439,onset,47700,38229,-26
8.2442,onset,47700,38229,30
8.2445,onset,47700,38229,78
8.2448,onset,47700,38229,0
8.2451,onset,47700,38229,33
8.2454,onset,47700,38229,-11
8.2457,onset,47700,38229,13
8.246,onset,47700,38229,-22
8.2463,onset,47700,38229,-93
8.2466,onset,47700,38229,-9
8.2495,onset,47750,38229,-43
8.2499,onset,47750,38229,-32
8.2502,onset,47750,38229,10
8.2505,onset,47750,38229,4
8.2508,onset,47750,38229,9
8.2511,onset,47750,38229,34
8.2514,onset,47750,38229,25
8.2517,onset,47750,38229,59
8.252,onset,47750,38229,51
8.2523,onset,47750,38229,-11
8.2527,onset,47750,38229,-46
8.253,onset,47750,38229,-31
8.2533,onset,47750,38229,-76
8.2536,onset,47750,38229,-20
8.2539,onset,47750,38229,10
8.2542,onset,47750,38229,-1
8.2573,onset,47800,38229,21
8.2581,onset,47800,38229,-52
8.259,onset,47800,38229,21
8.2596,onset,47800,38229,-4
8.2602,onset,47800,38229,63
8.2607,onset,47800,38229,87
8.2611,onset,47800,38229,39
8.2614,onset,47800,38229,-10
8.2617,onset,47800,38229,-43
8.2621,onset,47800,38229,-56
8.2624,onset,47800,38229,-8
8.2627,onset,47800,38229,-23
8.263,onset,47800,38229,-6
8.2634,onset,47800,38229,-3
8.2637,onset,47800,38229,-32
8.264,onset,47800,38229,65
8.267,onset,47850,38229,-81
8.2673,onset,47850,38229,-38
8.2677,onset,47850,38229,16
8.268,onset,47850,38229,4
8.2684,onset,47850,38229,-8
8.2687,onset,47850,38229,-30
8.2691,onset,47850,38229,-42
8.2694,onset,47850,38229,0
8.2697,onset,47850,38229,-11
8.27,onset,47850,38229,-10
8.2703,onset,47850,38229,40
8.2707,onset,47850,38229,12
8.271,onset,47850,38229,63
8.2713,onset,47850,38229,29
8.2716,onset,47850,38229,-72
8.2719,onset,47850,38229,-3
8.2747,onset,47900,38229,-65
8.2752,onset,47900,38229,10
8.2757,onset,47900,38229,48
8.2762,onset,47900,38229,87
8.2765,onset,47900,38229,2
8.2769,onset,47900,38229,-40
8.2772,onset,47900,38229,-23
8.2775,onset,47900,38229,-9
8.2778,onset,47900,38229,29
8.2781,onset,47900,38229,51
8.2785,onset,47900,38229,90
8.2788,onset,47900,38229,57
8.2792,onset,47900,38229,-10
8.2796,onset,47900,38229,-26
8.2799,onset,47900,38229,47
8.2803,onset,47900,38229,-63
8.2833,onset,47950,38229,-5
8.2836,onset,47950,38229,7
8.284,onset,47950,38229,59
8.2843,onset,47950,38229,21
8.2846,onset,47950,38229,46
8.2849,onset,47950,38229,9
8.2852,onset,47950,38229,-22
8.2856,onset,47950,38229,-35
8.2859,onset,47950,38229,-35
8.2862,onset,47950,38229,-27
8.2865,onset,47950,38229,-3
8.2868,onset,47950,38229,50
8.2871,onset,47950,38229,55
8.2874,onset,47950,38229,-7
8.2878,onset,47950,38229,48
8.2881,onset,47950,38229,-113
8.2916,onset,48000,38229,7
8.2922,onset,48000,38229,19
8.2927,onset,48000,38229,60
8.2932,onset,48000,38229,83
8.2938,onset,48000,38229,34
8.2942,onset,48000,38229,30
8.2946,onset,48000,38229,84
8.2951,onset,48000,38229,19
8.2954,onset,48000,38229,-70
8.2957,onset,48000,38229,34
8.2961,onset,48000,38229,-68
8.2964,onset,48000,38229,-8
8.2968,onset,48000,38229,45
8.2971,onset,48000,38229,-20
8.2975,onset,48000,38229,4
8.2978,onset,48000,38229,-26
8.3008,onset,48050,38229,18
8.3011,onset,48050,38229,65
8.3015,onset,48050,38229,38
8.3018,onset,48050,38229,-29
8.3021,onset,48050,38229,-58
8.3025,onset,48050,38229,-66
8.3028,onset,48050,38229,-107
8.3031,onset,48050,38229,-1
8.3035,onset,48050,38229,-2
8.3038,onset,48050,38229,2
8.3042,onset,48050,38229,-31
8.3045,onset,48050,38229,-96
8.3048,onset,48050,38229,-68
8.3051,onset,48050,38229,-48
8.3054,onset,48050,38229,-29
8.3057,onset,48050,38229,-19
8.3087,onset,48100,38229,-8
8.3091,onset,48100,38229,-18
8.3095,onset,48100,38229,-6
8.3099,onset,48100,38229,16
8.3103,onset,48100,38229,-3
8.3106,onset,48100,38229,4
8.3109,onset,48100,38229,-3
8.3112,onset,48100,38229,46
8.3115,onset,48100,38229,51
8.3118,onset,48100,38229,67
8.3121,onset,48100,38229,63
8.3125,onset,48100,38229,17
8.3128,onset,48100,38229,-12
8.3131,onset,48100,38229,22
8.3134,onset,48100,38229,-76
8.3138,onset,48100,38229,-34
8.3165,onset,48150,38229,51
8.3169,onset,48150,38229,38
8.3172,onset,48150,38229,6
8.3175,onset,48150,38229,-17
8.3178,onset,48150,38229,-49
8.3181,onset,48150,38229,-53
8.3185,onset,48150,38229,-14
8.3188,onset,48150,38229,-13
8.3191,onset,48150,38229,21
8.3194,onset,48150,38229,17
8.3197,onset,48150,38229,30
8.32,onset,48150,38229,66
8.3203,onset,48150,38229,-17
8.3206,onset,48150,38229,-88
8.3209,onset,48150,38229,13
8.3213,onset,48150,38229,-82
8.3247,onset,48200,38229,-9
8.3253,onset,48200,38229,1
8.326,onset,48200,38229,36
8.3265,onset,48200,38229,72
8.3271,onset,48200,38229,-36
8.3276,onset,48200,38229,-19
8.3279,onset,48200,38229,65
8.3283,onset,48200,38229,20
8.3286,onset,48200,38229,-88
8.3289,onset,48200,38229,-81
8.3292,onset,48200,38229,-66
8.3296,onset,48200,38229,-10
8.3299,onset,48200,38229,61
8.3302,onset,48200,38229,10
8.3305,onset,48200,38229,-21
8.3308,onset,48200,38229,11
8.3335,onset,48250,38229,8
8.3338,onset,48250,38229,-67
8.3342,onset,48250,38229,-89
8.3345,onset,48250,38229,-25
8.3348,onset,48250,38229,-22
8.3352,onset,48250,38229,18
8.3355,onset,48250,38229,-13
8.3358,onset,48250,38229,8
8.3362,onset,48250,38229,-17
8.3365,onset,48250,38229,-75
8.3368,onset,48250,38229,-88
8.3371,onset,48250,38229,-19
8.3374,onset,48250,38229,-32
8.3377,onset,48250,38229,-37
8.3381,onset,48250,38229,46
8.3384,onset,48250,38229,48
8.3414,onset,48300,38229,53
8.342,onset,48300,38229,27
8.3426,onset,48300,38229,17
8.343,onset,48300,38229,13
8.3436,onset,48300,38229,-52
8.3441,onset,48300,38229,-74
8.3445,onset,48300,38229,-12
8.345,onset,48300,38229,20
8.3453,onset,48300,38229,11
8.3456,onset,48300,38229,-90
8.3459,onset,48300,38229,-22
8.3462,onset,48300,38229,-42
8.3465,onset,48300,38229,-22
8.3468,onset,48300,38229,-31
8.3471,onset,48300,38229,-35
8.3474,onset,48300,38229,-11
8.3503,onset,48350,38229,-2
8.3507,onset,48350,38229,-3
8.351,onset,48350,38229,-47
8.3513,onset,48350,38229,-3
8.3516,onset,48350,38229,27
8.352,onset,48350,38229,25
8.3523,onset,48350,38229,-44
8.3526,onset,48350,38229,-60
8.353,onset,48350,38229,-27
8.3533,onset,48350,38229,22
8.3536,onset,48350,38229,14
8.354,onset,48350,38229,50
8.3543,onset,48350,38229,14
8.3546,onset,48350,38229,-45
8.3549,onset,48350,38229,-100
8.3553,onset,48350,38229,48
8.3593,onset,48400,38229,-37
8.3599,onset,48400,38229,-17
8.3604,onset,48400,38229,-64
8.3607,onset,48400,38229,64
8.3611,onset,48400,38229,24
8.3614,onset,48400,38229,-1
8.3618,onset,48400,38229,-11
8.3621,onset,48400,38229,-2
8.3624,onset,48400,38229,0
8.3627,onset,48400,38229,14
8.363,onset,48400,38229,53
8.3633,onset,48400,38229,66
8.3637,onset,48400,38229,58
8.364,onset,48400,38229,6
8.3643,onset,48400,38229,-32
8.3646,onset,48400,38229,-12
8.3673,onset,48450,38229,-1
8.3677,onset,48450,38229,42
8.368,onset,48450,38229,0
8.3683,onset,48450,38229,75
8.3687,onset,48450,38229,47
8.369,onset,48450,38229,-36
8.3693,onset,48450,38229,-53
8.3696,onset,48450,38229,-17
8.37,onset,48450,38229,-38
8.3703,onset,48450,38229,-8
8.3706,onset,48450,38229,62
8.371,onset,48450,38229,35
8.3713,onset,48450,38229,-31
8.3716,onset,48450,38229,-104
8.3719,onset,48450,38229,-51
8.3722,onset,48450,38229,-51
8.3751,onset,48500,38229,-2
8.3756,onset,48500,38229,42
8.3761,onset,48500,38229,-8
8.3765,onset,48500,38229,-67
8.3769,onset,48500,38229,-30
8.3775,onset,48500,38229,71
8.3779,onset,48500,38229,6
8.3782,onset,48500,38229,-20
8.3785,onset,48500,38229,0
8.3788,onset,48500,38229,-4
8.3791,onset,48500,38229,-43
8.3794,onset,48500,38229,7
8.3797,onset,48500,38229,48
8.38,onset,48500,38229,-14
8.3803,onset,48500,38229,17
8.3806,onset,48500,38229,34
8.3833,onset,48550,38229,47
8.3837,onset,48550,38229,57
8.384,onset,48550,38229,-65
8.3843,onset,48550,38229,-90
8.3846,onset,48550,38229,-55
8.385,onset,48550,38229,-58
8.3855,onset,48550,38229,-30
8.3858,onset,48550,38229,-53
8.3861,onset,48550,38229,-54
8.3865,onset,48550,38229,-7
8.3868,onset,48550,38229,34
8.3871,onset,48550,38229,38
8.3874,onset,48550,38229,-20
8.3877,onset,48550,38229,70
8.388,onset,48550,38229,41
8.3883,onset,48550,38229,-38
8.3912,onset,48600,38229,12
8.3917,onset,48600,38229,-7
8.3922,onset,48600,38229,69
8.3927,onset,48600,38229,9
8.3935,onset,48600,38229,0
8.394,onset,48600,38229,-6
8.3944,onset,48600,38229,-19
8.3948,onset,48600,38229,20
8.3951,onset,48600,38229,40
8.3954,onset,48600,38229,29
8.3957,onset,48600,38229,-25
8.3961,onset,48600,38229,43
8.3964,onset,48600,38229,-21
8.3967,onset,48600,38229,-76
8.3969,onset,48600,38229,-48
8.3972,onset,48600,38229,-7
8.4001,onset,48650,38229,68
8.4005,onset,48650,38229,23
8.4009,onset,48650,38229,-52
8.4012,onset,48650,38229,51
8.4016,onset,48650,38229,30
8.4019,onset,48650,38229,-9
8.4022,onset,48650,38229,-93
8.4026,onset,48650,38229,-94
8.4029,onset,48650,38229,-58
8.4032,onset,48650,38229,-24
8.4035,onset,48650,38229,-1
8.4038,onset,48650,38229,34
8.4041,onset,48650,38229,7
8.4044,onset,48650,38229,-18
8.4048,onset,48650,38229,-21
8.4051,onset,48650,38229,22
8.4084,onset,48700,38229,-14
8.4093,onset,48700,38229,36
8.4096,onset,48700,38229,33
8.41,onset,48700,38229,-19
8.4104,onset,48700,38229,-90
8.4108,onset,48700,38229,38
8.4111,onset,48700,38229,0
8.4115,onset,48700,38229,-7
8.4118,onset,48700,38229,39
8.4121,onset,48700,38229,-15
8.4124,onset,48700,38229,24
8.4127,onset,48700,38229,8
8.413,onset,48700,38229,-28
8.4132,onset,48700,38229,-27
8.4135,onset,48700,38229,-53
8.4138,onset,48700,38229,-37
8.4166,onset,48750,38229,50
8.4169,onset,48750,38229,58
8.4172,onset,48750,38229,51
8.4176,onset,48750,38229,-5
8.4179,onset,48750,38229,-90
8.4182,onset,48750,38229,-8
8.4186,onset,48750,38229,-4
8.4189,onset,48750,38229,31
8.4192,onset,48750,38229,-5
8.4196,onset,48750,38229,-88
8.4199,onset,48750,38229,-96
8.4202,onset,48750,38229,-40
8.4205,onset,48750,38229,-103
8.4208,onset,48750,38229,-4
8.4211,onset,48750,38229,-18
8.4214,onset,48750,38229,-19
8.4245,onset,48800,38229,50
8.425,onset,48800,38229,-32
8.4256,onset,48800,38229,27
8.426,onset,48800,38229,13
8.4266,onset,48800,38229,34
8.4269,onset,48800,38229,-7
8.4273,onset,48800,38229,93
8.4277,onset,48800,38229,86
8.428,onset,48800,38229,17
8.4283,onset,48800,38229,2
8.4286,onset,48800,38229,-2
8.429,onset,48800,38229,39
8.4294,onset,48800,38229,-17
8.4298,onset,48800,38229,-25
8.4302,onset,48800,38229,-13
8.4305,onset,48800,38229,-91
8.4336,onset,48850,38229,-6
8.4339,onset,48850,38229,-50
8.4343,onset,48850,38229,-25
8.4346,onset,48850,38229,-50
8.4349,onset,48850,38229,-32
8.4352,onset,48850,38229,-14
8.4355,onset,48850,38229,-3
8.4359,onset,48850,38229,58
8.4362,onset,48850,38229,54
8.4365,onset,48850,38229,65
8.4368,onset,48850,38229,13
8.4371,onset,48850,38229,-5
8.4375,onset,48850,38229,-41
8.4378,onset,48850,38229,-83
8.4381,onset,48850,38229,-22
8.4384,onset,48850,38229,39
8.4414,onset,48900,38229,19
8.442,onset,48900,38229,-24
8.4426,onset,48900,38229,66
8.443,onset,48900,38229,16
8.4434,onset,48900,38229,72
8.4438,onset,48900,38229,-69
8.4441,onset,48900,38229,-19
8.4444,onset,48900,38229,-16
8.4449,onset,48900,38229,-2
8.4455,onset,48900,38229,-9
8.4458,onset,48900,38229,28
8.4462,onset,48900,38229,62
8.4466,onset,48900,38229,-113
8.4469,onset,48900,38229,-21
8.4472,onset,48900,38229,-46
8.4474,onset,48900,38229,-37
8.4501,onset,48950,38229,-83
8.4504,onset,48950,38229,24
8.4507,onset,48950,38229,-23
8.451,onset,48950,38229,-88
8.4513,onset,48950,38229,-10
8.4516,onset,48950,38229,-52
8.4519,onset,48950,38229,-35
8.4523,onset,48950,38229,-11
8.4526,onset,48950,38229,0
8.4529,onset,48950,38229,15
8.4532,onset,48950,38229,-1
8.4535,onset,48950,38229,75
8.4538,onset,48950,38229,9
8.4541,onset,48950,38229,-32
8.4544,onset,48950,38229,20
8.4548,onset,48950,38229,-37
8.4584,onset,49000,38229,-1
8.459,onset,49000,38229,-8
8.4595,onset,49000,38229,-31
8.46,onset,49000,38229,9
8.4605,onset,49000,38229,-16
8.461,onset,49000,38229,73
8.4616,onset,49000,38229,20
8.4622,onset,49000,38229,-32
8.4627,onset,49000,38229,-23
8.4632,onset,49000,38229,52
8.4637,onset,49000,38229,-100
8.464,onset,49000,38229,-14
8.4643,onset,49000,38229,-15
8.4646,onset,49000,38229,-38
8.4651,onset,49000,38229,-55
8.4655,onset,49000,38229,21
8.4682,onset,49050,38229,-91
8.4685,onset,49050,38229,-30
8.469,onset,49050,38229,42
8.4695,onset,49050,38229,-72
8.4698,onset,49050,38229,-19
8.4701,onset,49050,38229,-91
8.4703,onset,49050,38229,-24
8.4706,onset,49050,38229,-8
8.471,onset,49050,38229,-40
8.4712,onset,49050,38229,-30
8.4715,onset,49050,38229,-34
8.4717,onset,49050,38229,-19
8.4721,onset,49050,38229,-82
8.4724,onset,49050,38229,-2
8.4727,onset,49050,38229,-26
8.473,onset,49050,38229,-10
8.4763,onset,49100,38229,-35
8.4767,onset,49100,38229,68
8.4769,onset,49100,38229,81
8.4772,onset,49100,38229,70
8.4774,onset,49100,38229,43
8.4777,onset,49100,38229,25
8.478,onset,49100,38229,-24
8.4783,onset,49100,38229,23
8.4785,onset,49100,38229,-4
8.4788,onset,49100,38229,1
8.479,onset,49100,38229,11
8.4793,onset,49100,38229,-5
8.4795,onset,49100,38229,4
8.4798,onset,49100,38229,51
8.4801,onset,49100,38229,-26
8.4804,onset,49100,38229,18
8.4831,onset,49150,38229,0
8.4834,onset,49150,38229,-13
8.4837,onset,49150,38229,25
8.4839,onset,49150,38229,-30
8.4842,onset,49150,38229,-13
8.4844,onset,49150,38229,-18
8.4847,onset,49150,38229,-5
8.4849,onset,49150,38229,-12
8.4852,onset,49150,38229,51
8.4855,onset,49150,38229,-29
8.4858,onset,49150,38229,50
8.4861,onset,49150,38229,-30
8.4864,onset,49150,38229,-23
8.4867,onset,49150,38229,-17
8.487,onset,49150,38229,17
8.4872,onset,49150,38229,-14
8.4898,onset,49200,38229,-36
8.4901,onset,49200,38229,-7
8.4905,onset,49200,38229,-17
8.491,onset,49200,38229,-63
8.4913,onset,49200,38229,-22
8.4916,onset,49200,38229,14
8.492,onset,49200,38229,88
8.4923,onset,49200,38229,-58
8.4928,onset,49200,38229,0
8.4931,onset,49200,38229,-24
8.4935,onset,49200,38229,63
8.4937,onset,49200,38229,0
8.4941,onset,49200,38229,-74
8.4944,onset,49200,38229,-59
8.4947,onset,49200,38229,-28
8.495,onset,49200,38229,-54
8.4978,onset,49250,38229,2
8.4983,onset,49250,38229,58
8.4986,onset,49250,38229,21
8.4989,onset,49250,38229,48
8.4991,onset,49250,38229,-3
8.4995,onset,49250,38229,-12
8.4997,onset,49250,38229,27
8.4999,onset,49250,38229,-34
8.5002,onset,49250,38229,-19
8.5004,onset,49250,38229,33
8.5007,onset,49250,38229,51
8.5009,onset,49250,38229,14
8.5012,onset,49250,38229,10
8.5014,onset,49250,38229,-55
8.5017,onset,49250,38229,-49
8.502,onset,49250,38229,-4
8.5048,onset,49300,38229,-62
8.5051,onset,49300,38229,62
8.5055,onset,49300,38229,29
8.5057,onset,49300,38229,20
8.506,onset,49300,38229,20
8.5062,onset,49300,38229,77
8.5065,onset,49300,38229,-16
8.5068,onset,49300,38229,-10
8.5072,onset,49300,38229,62
8.5075,onset,49300,38229,87
8.5079,onset,49300,38229,-23
8.5085,onset,49300,38229,-31
8.5088,onset,49300,38229,9
8.5092,onset,49300,38229,31
8.5095,onset,49300,38229,-22
8.5098,onset,49300,38229,-22
8.5126,onset,49350,38229,-16
8.513,onset,49350,38229,-50
8.5134,onset,49350,38229,-31
8.5137,onset,49350,38229,62
8.514,onset,49350,38229,41
8.5143,onset,49350,38229,73
8.5145,onset,49350,38229,-23
8.5147,onset,49350,38229,-21
8.515,onset,49350,38229,47
8.5153,onset,49350,38229,-9
8.5156,onset,49350,38229,-19
8.5158,onset,49350,38229,-45
8.5161,onset,49350,38229,51
8.5163,onset,49350,38229,-12
8.5165,onset,49350,38229,-3
8.5167,onset,49350,38229,-18
8.5195,onset,49400,38229,-49
8.5198,onset,49400,38229,-42
8.5201,onset,49400,38229,-45
8.5203,onset,49400,38229,-32
8.5206,onset,49400,38229,2
8.5209,onset,49400,38229,51
8.5212,onset,49400,38229,19
8.5214,onset,49400,38229,65
8.5217,onset,49400,38229,-36
8.522,onset,49400,38229,49
8.5223,onset,49400,38229,48
8.5226,onset,49400,38229,22
8.5228,onset,49400,38229,14
8.5231,onset,49400,38229,-15
8.5236,onset,49400,38229,26
8.5239,onset,49400,38229,0
8.5271,onset,49450,38229,19
8.5273,onset,49450,38229,40
8.5276,onset,49450,38229,56
8.5278,onset,49450,38229,17
8.5281,onset,49450,38229,50
8.5283,onset,49450,38229,-18
8.5286,onset,49450,38229,-62
8.5288,onset,49450,38229,-26
8.5291,onset,49450,38229,-40
8.5293,onset,49450,38229,46
8.5295,onset,49450,38229,68
8.5298,onset,49450,38229,-38
8.53,onset,49450,38229,-80
8.5302,onset,49450,38229,18
8.5304,onset,49450,38229,12
8.5307,onset,49450,38229,-71
8.5334,onset,49500,38229,-19
8.5337,onset,49500,38229,-11
8.534,onset,49500,38229,6
8.5343,onset,49500,38229,-4
8.5346,onset,49500,38229,12
8.5349,onset,49500,38229,54
8.5352,onset,49500,38229,-11
8.5355,onset,49500,38229,-16
8.5358,onset,49500,38229,-18
8.5361,onset,49500,38229,5
8.5363,onset,49500,38229,2
8.5365,onset,49500,38229,-15
8.5368,onset,49500,38229,-80
8.537,onset,49500,38229,24
8.5373,onset,49500,38229,7
8.5375,onset,49500,38229,8
8.54,onset,49550,38229,6
8.5403,onset,49550,38229,65
8.5406,onset,49550,38229,24
8.5409,onset,49550,38229,56
8.5411,onset,49550,38229,49
8.5414,onset,49550,38229,10
8.5418,onset,49550,38229,22
8.542,onset,49550,38229,58
8.5423,onset,49550,38229,21
8.5425,onset,49550,38229,-24
8.5428,onset,49550,38229,-7
8.5431,onset,49550,38229,-14
8.5433,onset,49550,38229,-52
8.5435,onset,49550,38229,15
8.5437,onset,49550,38229,-47
8.5438,onset,49550,38229,69
8.5463,onset,49600,38229,-87
8.5466,onset,49600,38229,-28
8.5469,onset,49600,38229,-21
8.5471,onset,49600,38229,-6
8.5473,onset,49600,38229,-34
8.5477,onset,49600,38229,-30
8.5479,onset,49600,38229,-33
8.5482,onset,49600,38229,-81
8.5484,onset,49600,38229,11
8.5486,onset,49600,38229,63
8.5489,onset,49600,38229,12
8.5491,onset,49600,38229,-62
8.5494,onset,49600,38229,-107
8.5496,onset,49600,38229,-82
8.5499,onset,49600,38229,34
8.5501,onset,49600,38229,36
8.553,onset,49650,38229,-41
8.5533,onset,49650,38229,-1
8.5535,onset,49650,38229,-48
8.5538,onset,49650,38229,-109
8.554,onset,49650,38229,51
8.5543,onset,49650,38229,11
8.5546,onset,49650,38229,0
8.5549,onset,49650,38229,38
8.5553,onset,49650,38229,-23
8.5555,onset,49650,38229,-69
8.5559,onset,49650,38229,-81
8.5561,onset,49650,38229,14
8.5564,onset,49650,38229,-66
8.5566,onset,49650,38229,6
8.5569,onset,49650,38229,23
8.5573,onset,49650,38229,20
8.5604,onset,49700,38229,-20
8.5607,onset,49700,38229,58
8.5609,onset,49700,38229,66
8.5613,onset,49700,38229,29
8.5615,onset,49700,38229,22
8.5618,onset,49700,38229,14
8.562,onset,49700,38229,80
8.5623,onset,49700,38229,0
8.5625,onset,49700,38229,-74
8.5628,onset,49700,38229,28
8.563,onset,49700,38229,11
8.5632,onset,49700,38229,47
8.5635,onset,49700,38229,-26
8.5637,onset,49700,38229,16
8.5639,onset,49700,38229,11
8.5641,onset,49700,38229,-53
8.5667,onset,49750,38229,-84
8.5669,onset,49750,38229,56
8.5672,onset,49750,38229,23
8.5674,onset,49750,38229,-20
8.5676,onset,49750,38229,-43
8.5679,onset,49750,38229,85
8.5681,onset,49750,38229,46
8.5684,onset,49750,38229,-15
8.5686,onset,49750,38229,-17
8.5688,onset,49750,38229,43
8.5691,onset,49750,38229,58
8.5693,onset,49750,38229,5
8.5696,onset,49750,38229,-56
8.5698,onset,49750,38229,-55
8.5701,onset,49750,38229,-61
8.5703,onset,49750,38229,67
8.573,onset,49800,38229,10
8.5733,onset,49800,38229,0
8.5735,onset,49800,38229,67
8.5738,onset,49800,38229,42
8.5742,onset,49800,38229,-52
8.5746,onset,49800,38229,-21
8.5749,onset,49800,38229,-56
8.5754,onset,49800,38229,63
8.5761,onset,49800,38229,56
8.5765,onset,49800,38229,6
8.5768,onset,49800,38229,-16
8.5771,onset,49800,38229,-17
8.5774,onset,49800,38229,22
8.5777,onset,49800,38229,6
8.578,onset,49800,38229,-10
8.5783,onset,49800,38229,19
8.5809,onset,49850,38229,-84
8.5811,onset,49850,38229,-50
8.5814,onset,49850,38229,-3
8.5817,onset,49850,38229,5
8.582,onset,49850,38229,21
8.5822,onset,49850,38229,40
8.5825,onset,49850,38229,37
8.5828,onset,49850,38229,57
8.5831,onset,49850,38229,18
8.5834,onset,49850,38229,33
8.5836,onset,49850,38229,28
8.5839,onset,49850,38229,18
8.5842,onset,49850,38229,-25
8.5844,onset,49850,38229,-37
8.5847,onset,49850,38229,-43
8.585,onset,49850,38229,23
8.5878,onset,49900,38229,6
8.5884,onset,49900,38229,44
8.5888,onset,49900,38229,17
8.5891,onset,49900,38229,-82
8.5894,onset,49900,38229,-41
8.5897,onset,49900,38229,-53
8.5902,onset,49900,38229,-21
8.5905,onset,49900,38229,-83
8.5909,onset,49900,38229,-27
8.5912,onset,49900,38229,-56
8.5917,onset,49900,38229,59
8.5921,onset,49900,38229,-10
8.5925,onset,49900,38229,-81
8.5929,onset,49900,38229,-28
8.5933,onset,49900,38229,20
8.5937,onset,49900,38229,14
8.5964,onset,49950,38229,-82
8.5968,onset,49950,38229,-41
8.5971,onset,49950,38229,-40
8.5976,onset,49950,38229,-24
8.598,onset,49950,38229,-25
8.5985,onset,49950,38229,-21
8.599,onset,49950,38229,-10
8.5994,onset,49950,38229,-100
8.5997,onset,49950,38229,27
8.5999,onset,49950,38229,32
8.6002,onset,49950,38229,-74
8.6005,onset,49950,38229,51
8.6007,onset,49950,38229,68
8.601,onset,49950,38229,-5
8.6012,onset,49950,38229,3
8.6016,onset,49950,38229,36
8.6042,onset,50000,38229,4
8.6045,onset,50000,38229,15
8.6048,onset,50000,38229,17
8.6051,onset,50000,38229,0
8.6054,onset,50000,38229,18
8.6057,onset,50000,38229,-22
8.606,onset,50000,38229,-7
8.6063,onset,50000,38229,10
8.6066,onset,50000,38229,19
8.6069,onset,50000,38229,-3
8.6072,onset,50000,38229,-4
8.6077,onset,50000,38229,50
8.6081,onset,50000,38229,38
8.6085,onset,50000,38229,-6
8.6089,onset,50000,38229,-3
8.6093,onset,50000,38229,-79
