t_s,adcr
0.0003353999927639961,-46
0.0006225999968592077,47
0.0009065999765880406,1
0.0011748999822884798,57
0.0014430999872274697,89
0.001715999998850748,78
0.0019683999998960644,16
0.0022149999858811498,-13
0.0024648999969940633,33
0.0027237999893259257,-24
0.0029861999792046845,-19
0.0032609999761916697,-14
0.0035425999958533794,7
0.0038001999782864004,-30
0.004137399984756485,32
0.0044058999919798225,-15
0.004633799981093034,13
0.0048630999808665365,-38
0.005118299974128604,-83
0.005389899975853041,-30
0.005666199984261766,-15
0.005925799981923774,-19
0.006266099982894957,15
0.006544499978190288,-10
0.006802899995818734,23
0.007140000001527369,-13
0.0074102999933529645,-33
0.007684299984248355,-66
0.00799469999037683,-7
0.008263299998361617,2
0.008546400000341237,10
0.008796399983111769,13
0.009049299987964332,-49
0.009324399987235665,-50
0.00961269999970682,-70
0.00994589997571893,-55
0.010314299986930564,-27
0.010846999997738749,18
0.011221099994145334,-19
0.012037299980875105,28
0.012383599998429418,-27
0.012705100001767278,-72
0.012995799974305555,-29
0.013270099996589124,-36
0.013549600000260398,-6
0.013791599980322644,-21
0.014063799986615777,-63
0.014368099975399673,-39
0.014621299982536584,-29
0.014888999983668327,-24
0.01516129999072291,-15
0.01543689999380149,-24
0.015742499992484227,-7
0.01601769999251701,-14
0.01628419998451136,2
0.016540199983865023,-21
0.01680449998821132,-28
0.017132299981312826,20
0.017366799991577864,-7
0.017648399982135743,-15
0.01791090000187978,11
0.01818669997737743,-9
0.018495199998142198,32
0.018764799984637648,30
0.01904279997688718,44
0.019306099973618984,47
0.019642300001578405,53
0.01991269999416545,38
0.02019559999462217,44
0.02051599998958409,5
0.020765900000697002,-18
0.021023199980845675,-79
0.021287199982907623,31
0.021560900000622496,14
0.021891799988225102,-24
0.022146199975395575,-24
0.02247569998144172,-105
0.022749700001440942,6
0.023020900000119582,30
0.02329959999769926,28
0.023589099990203977,0
0.023852999991504475,8
0.02410249999957159,36
0.024352499982342124,-30
0.02460639999480918,-13
0.02487329998984933,-5
0.02514439998776652,13
0.02541529998416081,8
0.02572659999714233,27
0.02602269998169504,87
0.026574299990897998,3
0.027666999987559393,-26
0.02799469997989945,-25
0.028376599977491423,43
0.02869879998615943,-21
0.0289846999803558,-28
0.02927359999739565,18
0.02951919997576624,-27
0.029786999977659434,-28
0.03006469999672845,1
0.030401800002437085,61
0.03068559998064302,54
0.031018199981190264,-6
0.03127639999729581,-8
0.03151479997904971,-55
0.03179789998102933,-53
0.032047999993665144,19
0.03230449999682605,15
0.03262349998112768,-31
0.03289049997692928,-65
0.03314449999015778,-50
0.03341879998333752,-8
0.03368159997626208,10
0.034015499986708164,-23
0.034289599978365004,-9
0.03455529999337159,-10
0.03489929999341257,19
0.035142999986419454,53
0.03542059997562319,63
0.03567819998716004,58
0.03592399999615736,9
0.03618269998696633,33
0.036499899986665696,88
0.03676749998703599,14
0.0370239999901969,20
0.03727539998362772,47
0.037517799995839596,2
0.037803899991558865,1
0.038083999999798834,54
0.03835029999027029,22
0.03861189997405745,10
0.038881099986610934,-11
0.03914569999324158,10
0.039415799983544275,-8
0.03969340000185184,-5
0.03999889999977313,49
0.04026839998550713,48
0.04060329997446388,29
0.04093959997408092,-63
0.041264799976488575,-63
0.04172329997527413,16
0.04206139998859726,1
0.04232979999505915,-32
0.04278319998411462,36
0.04315139999380335,37
0.0434522999858018,-14
0.04372970000258647,-21
0.04415659999358468,-14
0.044725999992806464,52
0.045089099992765114,-63
0.04538470000261441,-62
0.04567039999528788,-32
0.04590639998787083,-23
0.04620099999010563,-25
0.04652389997499995,25
0.04676349999499507,23
0.047034399991389364,34
0.047351099987281486,31
0.0476405999797862,36
0.04791779999504797,4
0.04815479999524541,-20
0.04840729999705218,42
0.048677199985831976,46
0.049010799993993714,5
0.04929439999978058,20
0.04955329999211244,20
0.049887599976500496,-27
0.050155999982962385,-19
0.050430099974619225,-13
0.05076169999665581,39
0.05103269999381155,14
0.051302799984114245,45
0.05163390000234358,57
0.051913199975388125,45
0.052182999992510304,43
0.052525099978083745,-19
0.052761899976758286,-11
0.05303419998381287,-23
0.0533065999916289,-29
0.05363879998913035,-10
0.05391229997621849,18
0.05416049997438677,-48
0.05440929997712374,-53
0.05468119998113252,-47
0.0549944999802392,6
0.055246899981284514,-33
0.055529799981741235,-9
0.055809999990742654,-14
0.05614059997606091,52
0.0564120999770239,53
0.05668469998636283,11
0.05716639998718165,-25
0.05742949998239055,-4
0.057701999990968034,-23
0.057937199977459386,24
0.058245399995939806,9
0.0585193999868352,27
0.058781799976713955,-4
0.059054499986814335,8
0.05939280000166036,-70
0.059703599981730804,-94
0.05999699997482821,-28
0.06036639999365434,-40
0.06070149998413399,38
0.061145199986640364,-83
0.06144629998016171,22
0.06178119999822229,-86
0.06206989998463541,-66
0.062392799998633564,-7
0.06266450000111945,34
0.06293439998989925,39
0.0632653999782633,14
0.06353289997787215,27
0.06380319999880157,40
0.064150599995628,-17
0.06439069999032654,-57
0.06466889998409897,-85
0.06492879998404533,-89
0.06526319999829866,-15
0.0655401999829337,0
0.06580269997357391,-2
0.06613819999620318,63
0.06641069997567683,25
0.066661099990597,13
0.06691309998859651,38
0.06717919997754507,18
0.06745229999069124,26
0.06773159999283962,48
0.0680160999763757,37
0.06828929999028333,81
0.06855539997923188,80
0.06889070000033826,34
0.06917449997854419,49
0.06942990000243299,21
0.06976559999748133,-7
0.07004089999827556,-32
0.07028339998214506,-31
0.07053820000146516,-60
0.07079709999379702,-3
0.07102730000042357,-87
0.07130909999250434,52
0.0716023999848403,-102
0.07185079998453148,-116
0.07210079999640584,-6
0.07235179998679087,0
0.0726241999946069,33
0.07292019997839816,1
0.0731882999825757,-38
0.07343349998700432,-57
0.07377969997469336,-63
0.07404519998817705,7
0.07427959999768063,-35
0.07456139998976141,-45
0.07489479999640025,36
0.07516629999736324,11
0.07541609997861087,47
0.07566360000055283,-31
0.07593289998476394,-37
0.07625630000256933,26
0.07659929999499582,50
0.07697139997617342,11
0.0779628999880515,0
0.07829039997886866,-23
0.07861999998567626,-32
0.07890469999983907,7
0.07917769998311996,39
0.07947489997604862,-61
0.0797481999907177,-81
0.07999849997577257,20
0.08024709997698665,-3
0.08051569998497143,11
0.08079209999414161,-13
0.08104930000263266,-33
0.08132839997415431,-46
0.08159950000117533,2
0.08184800000162795,-45
0.08209819998592138,33
0.08234860000084154,7
0.08259939998970367,76
0.08284659998025745,26
0.08309859997825697,-4
0.0833691000007093,1
0.08362119999947026,14
0.08390319999307394,-26
0.08418589999200776,27
0.08451699998113327,78
0.08479110000189394,54
0.0850549999740906,80
0.08539939997717738,9
0.085679199983133,-21
0.08595659999991767,-47
0.08622450000257231,-37
0.08649960000184365,-33
0.0867679999792017,-83
0.08705380000174046,-47
0.0873518000007607,19
0.08760079997591674,8
0.08785089998855256,0
0.08808570000110194,-13
0.08835069998167455,-84
0.08860160000040196,-11
0.08885000000009313,-21
0.08910109999123961,-52
0.08935070000006817,-14
0.08960039998055436,-21
0.08986029998050071,60
0.09014580000075512,-11
0.0903929999913089,62
0.09066789998905733,44
0.09093499998562038,85
0.09127299999818206,12
0.0915120999852661,-5
0.0917431999987457,65
0.09199879999505356,6
0.09227110000210814,-6
0.09252349997404963,57
0.09282409999286756,-17
0.09320149998529814,-47
0.09364219999406487,-68
0.09407479999936186,-75
0.09458659999654628,-8
0.09496489999582991,4
0.09553319998667575,-56
0.0958595999982208,-17
0.09616459999233484,31
0.09644389999448322,64
0.09675050000078045,-14
0.09700829998473637,-30
0.09729419997893274,28
0.09753369999816641,-23
0.09780699998373166,-32
0.09815259999595582,-71
0.09843349998118356,-14
0.09874639997724444,-14
0.099020699999528,-3
0.09926769998855889,23
0.0995206999941729,-29
0.09977119998075068,-41
0.10004419999313541,-33
0.10030589997768402,-18
0.1006436999887228,34
0.10091690000263043,9
0.10119059999124147,-6
0.10147639998467639,60
0.1017318999802228,17
0.10201929998584092,51
0.10226839999086224,19
0.10251729999436066,74
0.10278879999532364,24
0.10306729999138042,28
0.103374199999962,27
0.1036430999811273,7
0.10389399999985471,67
0.10415349999675527,52
0.10443659999873489,58
0.1047705999808386,14
0.10501879997900687,3
0.10527079997700639,-17
0.10551749999285676,66
0.10577609998290427,56
0.1060507999791298,-5
0.10633489998872392,32
0.10660119997919537,1
0.10685149999335408,-7
0.1071104999864474,76
0.10739599997759797,-25
0.10764269999344833,70
0.107899999973597,33
0.10813609999604523,7
0.10841659997822717,38
0.10868969999137335,25
0.10902869998244569,32
0.1093121999874711,-59
0.1097058999876026,-95
0.11010569997597486,28
0.11053559998981655,-12
0.11098659998970106,-15
0.11142069997731596,-4
0.11187059999792837,-30
0.11228999999002554,-27
0.11264659999869764,66
0.1129371999995783,26
0.11324969999259338,-35
0.11352509999414906,-43
0.11376639999798499,-76
0.11404769998625852,-70
0.11430560000007972,-61
0.11464289997820742,-2
0.11491769997519441,-21
0.1151831999886781,0
0.11545069998828694,-16
0.11572599998908117,21
0.11597590000019409,-8
0.11622559998068027,-61
0.11648519997834228,-2
0.11676999999326654,-55
0.11704009998356923,-39
0.11730789998546243,-31
0.11764389998279512,43
0.11791339999763295,59
0.11815599998226389,6
0.11842569999862462,60
0.11868809998850338,32
0.11899519999860786,60
0.11924869997892529,13
0.11952759997802787,32
0.11979169998085126,22
0.12005849997512996,29
0.12039409999852069,58
0.12065050000092015,44
0.12091479997616261,21
0.1211823999765329,14
0.12144119999720715,30
0.12177040000096895,-74
0.12201699998695403,10
0.1222940000006929,44
0.12261369999032468,-34
0.12287639998248778,-26
0.12314209999749437,-82
0.12341669999295846,-82
0.12368900000001304,-83
0.12400409998372197,-21
0.1242496999911964,-31
0.12453339999774471,-51
0.1248170999751892,-8
0.12515009997878224,3
0.1253965999931097,67
0.12565839997841977,33
0.1258975999953691,-11
0.12614699997357093,-7
0.1265514999977313,-35
0.12700709997443482,4
0.1275426999782212,-47
0.12814799998886883,-99
0.12847089997376315,10
0.12906069998280145,50
0.1293891999812331,-7
0.12966989999404177,3
0.12994659997639246,-25
0.13022399999317713,-47
0.1304775000025984,-77
0.13074459999916144,-80
0.13101779998396523,-64
0.13129179997486062,-58
0.13153929999680258,-26
0.13180599999031983,-36
0.1321307999896817,19
0.13236909999977797,-18
0.1326217000023462,-15
0.1328905999835115,-18
0.13317259997711517,-15
0.13340169997536577,-70
0.1336396999831777,13
0.13389219998498447,-21
0.13414539999212138,50
0.1344115999818314,28
0.13467699999455363,25
0.13494079999509268,-11
0.13526599999750033,-86
0.13554170000134036,-70
0.13580449999426492,-83
0.1361534999741707,2
0.13643699997919612,34
0.1367700999835506,66
0.13704479997977614,61
0.13731150000239722,85
0.13765199997578748,-2
0.13793749999604188,-79
0.1382807999907527,-4
0.13856169997598045,6
0.13889329999801703,67
0.1391652000020258,47
0.139440899976762,31
0.13977039998280816,20
0.14004189998377115,-20
0.1402972999785561,-14
0.1406033999810461,-72
0.1408969999756664,-27
0.14114669998525642,-41
0.14140709998901002,-21
0.14168689999496564,-43
0.14199979999102652,2
0.1422498999745585,-8
0.14253089998965152,-48
0.14280760000110604,22
0.1432407999818679,63
0.14357759998529218,-59
0.1440386999747716,-1
0.14451589999953285,-48
0.14483929998823442,-48
0.14531159997568466,69
0.1456432999984827,-49
0.1459026999946218,30
0.14619119997951202,19
0.146499299997231,48
0.14675429998897016,39
0.14699609999661334,-3
0.14724639998166822,39
0.14749959998880513,2
0.14776599998003803,-6
0.14804099997854792,2
0.1483062999905087,16
0.14865459999418817,-19
0.14892939999117516,6
0.1492703999974765,-7
0.14953709999099374,-20
0.14981599999009632,-31
0.15014499999233522,20
0.15041439997730777,17
0.1506832999875769,11
0.1510202999925241,67
0.15126889999373816,43
0.15151840000180528,3
0.15178539999760687,46
0.15204429998993874,30
0.15228479998768307,1
0.15256399998907,-1
0.15290439999080263,38
0.15318879997357726,49
0.15345819998765364,64
0.1537462999986019,53
0.15399639998213388,38
0.15426849998766556,18
0.15454560000216588,56
0.15480249997926876,-1
0.15506389999063686,-10
0.15535609997459687,11
0.15562079998198897,-28
0.15590259997406974,-47
0.15619259999948554,-22
0.15649989998200908,-65
0.15677069997764193,-87
0.1570425999816507,-76
0.15728619997389615,-23
0.1575682999973651,-25
0.15788649997557513,-16
0.15816979997907765,30
0.1584212000016123,12
0.15868189997854643,-64
0.1589300999767147,-46
0.1592116999963764,-30
0.15950369997881353,11
0.15981339997961186,30
0.16047549998620525,-8
0.16109089998644777,28
0.1613671999948565,23
0.161698299983982,52
0.16202469999552704,-99
0.16231169999809936,-4
0.1626461999840103,33
0.16289279999909922,1
0.16317179999896325,5
0.16342699999222532,48
0.1636811999778729,20
0.16400949997478165,33
0.16427049998310395,0
0.16453599999658763,-17
0.16480689999298193,-20
0.16515759998583235,-90
0.16541759998654015,-15
0.16567489999579266,-67
0.16593039999133907,30
0.16626989998621866,13
0.1665441999793984,-37
0.16680039998027496,-38
0.16704770000069402,-71
0.16731219997745939,-73
0.16766559999086894,-24
0.16791239997837692,38
0.16819739999482408,-3
0.16849899999215268,13
0.1687677000008989,85
0.16903869999805465,93
0.1693457999790553,102
0.16962489997968078,36
0.16989329998614267,15
0.17017399999895133,20
0.1704565999971237,14
0.17072470000130124,4
0.17097529998864047,-36
0.17123529998934828,-101
0.17149789998074993,-92
0.17174619997967966,34
0.17200019999290816,22
0.172267699992517,1
0.1725422999879811,-34
0.17280899998149835,-41
0.17315369998686947,-75
0.17343809999874793,-32
0.17374820000259206,-7
0.17401749998680316,-4
0.17430459999013692,-2
0.17468659998849034,20
0.17499239998869598,-20
0.1752769000013359,-88
0.1756396999990102,-17
0.17594059999100864,47
0.17637559998547658,-23
0.17778009999892674,-16
0.17820509997545741,55
0.17856549998396076,-12
0.17891369998687878,-79
0.1793007999949623,3
0.17964069999288768,-23
0.1799215999781154,-12
0.1801557999860961,0
0.18043229999602772,11
0.18076569997356273,77
0.18103709997376427,56
0.1813098999846261,79
0.18164719999185763,0
0.18189389997860417,9
0.1821738999860827,-5
0.18244579999009147,15
0.18274859999655746,-61
0.18299649999244139,-29
0.1832501000026241,-40
0.1835146999801509,-82
0.18378789999405853,-40
0.18406229998799972,-84
0.18439179999404587,-48
0.1846722999762278,-38
0.18492179998429492,-42
0.18518699999549426,-7
0.18544169998494908,-20
0.1857519999903161,9
0.1860179999785032,-3
0.18627330000163056,9
0.18653789997915737,-21
0.18681610000203364,-44
0.18712439999217167,0
0.187392899999395,26
0.1876678999979049,3
0.18791359997703694,8
0.18818719999399036,-4
0.18854360000113957,-1
0.18879939999897033,-7
0.18905879999510944,-11
0.18939239997416735,-40
0.18966929998714477,-47
0.18992949998937547,35
0.19019619998289272,7
0.19048609997844324,-4
0.19077159999869764,-97
0.1910204000014346,-11
0.19129289998090826,-25
0.191531299991766,-3
0.19181359998765402,-20
0.1921524999779649,-24
0.19243859997368418,-12
0.1927795999799855,8
0.19306019999203272,36
0.19359129999065772,-13
0.1942276999761816,22
0.19460709998384118,54
0.19497909999336116,-18
0.19531859998824075,-49
0.19563599998946302,-20
0.19592729999567382,94
0.19621169997844845,-26
0.1964793999795802,-3
0.19675149998511188,3
0.1969946000026539,85
0.1972665999783203,62
0.19754090000060387,66
0.197804899973562,52
0.19815109999035485,-12
0.1984228999936022,-90
0.19869019999168813,-7
0.19901039998512715,-28
0.19929639998008497,-9
0.1995333999802824,-13
0.19979919999605045,-67
0.2001021999749355,-12
0.20035279999137856,-56
0.20060250000096858,-42
0.20085119997384027,-20
0.20114589997683652,-14
0.2014136999787297,-34
0.201684599975124,-13
0.2020312999957241,35
0.20231239998247474,41
0.20264799997676164,20
0.20289259997662157,-8
0.20317029999569058,-59
0.20342299999902025,49
0.20367930000065826,23
0.20391459998791106,21
0.20420709997415543,-17
0.20447519997833297,-19
0.20472639999934472,98
0.20498670000233687,48
0.20527119998587295,70
0.2055182999756653,23
0.20575949997873977,5
0.20604469999670982,39
0.20631300000241026,7
0.20662739998078905,20
0.20687649998581037,-8
0.20716649998212233,17
0.2074365000007674,-32
0.20776959997601807,-55
0.208048799977405,-35
0.20835139998234808,-28
0.2086020999995526,-18
0.20885049999924377,-32
0.20910119998734444,-116
0.2093514000007417,-33
0.2096822999883443,-72
0.21011309997993521,-36
0.21053729997947812,-26
0.2112280000001192,-2
0.21162649997859262,14
0.2120021999871824,-5
0.212323199986713,-13
0.21264269997482188,-23
0.21292849999736063,9
0.21326859999680892,-38
0.21352719998685643,-39
0.21378900000127032,-15
0.21405729997786693,-83
0.214371799986111,-15
0.21462389998487197,-13
0.2148960999911651,-7
0.2151634999900125,-12
0.2154286000004504,-32
0.21576599997933954,57
0.21604059997480363,101
0.21630619998904876,91
0.2166508999944199,5
0.21689139999216422,7
0.2171717000019271,-3
0.2174304999934975,4
0.21766419999767095,101
0.21793409998645075,51
0.21824950000154786,-17
0.21851959999185055,-7
0.21881169997504912,-13
0.21912379999412224,-16
0.21939220000058413,-64
0.21966139998403378,-34
0.21993149997433648,-29
0.2202709999983199,13
0.22053829999640584,25
0.22081629998865537,1
0.2211234999995213,41
0.22139469999819994,50
0.22164529998553917,49
0.22191860000020824,91
0.22218299997621216,47
0.22243879997404292,8
0.2227662999939639,-16
0.22302779997698963,-9
0.22329339999123476,-1
0.22355929997866042,66
0.22389599998132326,-8
0.2241677999845706,3
0.22443699999712408,-53
0.22477400000207126,-33
0.22506519997841679,-8
0.22539549999055453,41
0.22569120000116527,60
0.2260140999860596,-18
0.22635459998855367,-26
0.22682289997464977,2
0.22730449997470714,-33
0.22777440000209026,-5
0.22814439999638125,-56
0.22853669998585247,50
0.2288043999869842,-23
0.2291162999754306,-24
0.2294218000024557,-27
0.22970969998277724,-2
0.22997570000006817,-22
0.23021829998469912,-98
0.23047779998159967,-88
0.23072289998526685,15
0.23097539998707362,-32
0.23122829999192618,41
0.23147810000227764,13
0.23172359997988679,-2
0.23199529998237267,56
0.23228859997470863,-6
0.23253929999191314,-4
0.23280609998619184,107
0.23315059999004006,16
0.23338910000165924,-23
0.23366539998096414,-22
0.23393289998057298,-22
0.2342717999999877,-24
0.2345187999890186,-58
0.23479489999590442,-47
0.23505249997833744,-7
0.23535199998877943,-19
0.23560089999227785,-15
0.23585509997792542,-12
0.23613330000080168,-14
0.23641569999745116,-13
0.23670769997988828,-5
0.23702410000259988,16
0.23726879997411743,45
0.23751769997761585,-10
0.23779529999592341,-20
0.238052799977595,-17
0.23835149998194538,5
0.2386007999884896,0
0.23889369997777976,0
0.23917429998982698,20
0.23943989997496828,44
0.23975009997957386,32
0.24001849998603575,8
0.24027519999071956,-8
0.24054069997509941,84
0.24081249997834675,28
0.2411452999804169,29
0.24141359998611733,51
0.24168249999638647,34
0.24202159998822026,-39
0.24227560000144877,-57
0.24251889999140985,-76
0.24277929999516346,16
0.24309340000036173,38
0.2436316999956034,-69
0.24421359997359104,-11
0.24473690000013448,-48
0.24514829998952337,31
0.24554319999879226,39
0.24586879997514188,-13
0.24616989999776706,-84
0.24642789998324588,2
0.24668059998657554,9
0.2469961000024341,-14
0.24724679999053478,-84
0.24750299999141134,-27
0.24779149997630157,7
0.24804199999198318,-13
0.24830579999252222,-24
0.24865549997775815,9
0.24893499998142943,-6
0.2492696999979671,9
0.24953659999300726,9
0.24981219999608584,15
0.25014599997666664,-83
0.2504221999843139,-78
0.25065449997782707,19
0.2509332999761682,1
0.2512690000003204,-11
0.2515480000001844,-20
0.25181229997542687,-39
0.2521186999802012,-17
0.25237299999571405,8
0.2526493999757804,4
0.2529158999968786,23
0.2531843999749981,8
0.2534997999900952,87
0.2537671999889426,52
0.2540632000018377,5
0.2543769999756478,-65
0.25462329998845235,2
0.2549391999782529,26
0.25522629998158664,-50
0.2555211999861058,-59
0.2558003999874927,-17
0.25604229999589734,-23
0.2562921999779064,-79
0.25655409999308176,-18
0.2568134999892209,-2
0.25712499997462146,-6
0.25737879998632707,-17
0.25762530000065453,-66
0.2578854999737814,-96
0.2582551999948919,4
0.25854479998815805,30
0.25883019997854717,29
0.2591241999762133,-7
0.25939609998022206,-8
0.2596886999963317,63
0.2612725999788381,-10
0.2616795999929309,-48
0.26199929998256266,-6
0.26226009998936206,-46
0.2625576999853365,-81
0.26285139998071827,-14
0.26310099998954684,-23
0.26334829998086207,-31
0.26359999997657724,-29
0.2638713999767788,-34
0.264143399981549,-13
0.264411599986488,-45
0.26467249999404885,-68
0.26490699997521006,27
0.2651649999897927,1
0.2654405999928713,-24
0.265746199991554,-41
0.26601510000182316,0
0.2662691999867093,-28
0.26654129999224097,-60
0.2668120999878738,-28
0.26714650000212714,-12
0.26748299997416325,-29
0.2678005999769084,70
0.2680668999964837,60
0.2684002000023611,1
0.268654699990293,-62
0.2689382999960799,-1
0.2692715000011958,0
0.2695168999780435,-40
0.269792699982645,-63
0.27003779998631217,-69
0.270313899993198,-26
0.27064409997547045,10
0.2709362999885343,34
0.27126849998603575,74
0.27154369998606853,30
0.2718004999915138,5
0.2720674999873154,-10
0.2723754999751691,5
0.2726461999991443,3
0.27291659999173135,6
0.2731879999919329,5
0.2734372999984771,-32
0.27377469997736625,-74
0.2740639999974519,-35
0.2743783999758307,-6
0.2746259999985341,-28
0.27489169998443685,-25
0.2751756999932695,-6
0.27543680000235327,-32
0.2757702999806497,6
0.276020499994047,66
0.2765013999887742,44
0.2779568999831099,14
0.27858179999748245,-71
0.2790217000001576,47
0.2792687999899499,53
0.2795218999963254,5
0.27977729999111034,0
0.28001859999494627,-78
0.28027219997602515,-44
0.2805418999923859,9
0.2808035999769345,-31
0.28105649998178706,-22
0.28139599997666664,56
0.28170110000064597,50
0.28197309997631237,26
0.2822239999950398,5
0.2824597999860998,38
0.28273320000153035,-7
0.28301109999301843,-13
0.2832905999966897,-6
0.28356219999841414,18
0.28387329998076893,49
0.28414179998799227,11
0.28441759999259375,-8
0.2846813999931328,-7
0.28502059998572804,-55
0.28528839998762123,-75
0.2855621999769937,-62
0.28588289997424,-16
0.28616279998095706,-10
0.286440700001549,10
0.286748999991687,-34
0.28699629998300225,44
0.2872684999892954,40
0.2875245999894105,-6
0.2877882999891881,-12
0.2880257999931928,-42
0.2882683999778237,-15
0.28851809998741373,-31
0.28880779998144135,-21
0.2891010000021197,-31
0.289350499981083,-34
0.2896247999742627,-11
0.28987579999375157,-82
0.2901232999865897,1
0.29037209998932667,26
0.29064279998419806,9
0.2909172999789007,-17
0.2911856999853626,-5
0.2914339999842923,60
0.2917578999768011,15
0.29202249998343177,0
0.29226799999014474,-12
0.292544199997792,-11
0.29305499998736195,-63
0.29417670000111684,-97
0.29464789998019114,-34
0.29500329997972585,-37
0.2953276999760419,78
0.2956110999803059,0
0.2958797999890521,2
0.29611929997918196,-23
0.2964516999782063,56
0.29673399997409433,-101
0.29702050000196323,-1
0.29733579998719506,-19
0.29760089999763295,-7
0.2978479999874253,-29
0.2980993999808561,-2
0.29834709997521713,-17
0.29859900000155903,-8
0.29884839997976087,-15
0.29914979997556657,-40
0.2994305999891367,-11
0.29974509999738075,-6
0.2999969999946188,40
0.30027419998077676,2
0.300514899980044,-23
0.30079069998464547,1
0.30103370000142604,-19
0.30139409998082556,12
0.3016394999867771,73
0.3018947999808006,45
0.3021732999768574,27
0.3024373999796808,47
0.302750599978026,11
0.30303929999354295,11
0.3033193000010215,0
0.30362359998980537,-101
0.30389309997553937,16
0.30416479997802526,-32
0.30443649998051114,-12
0.304770799994003,-24
0.30504009997821413,-28
0.30531719999271445,-15
0.30564599999343045,0
0.30591749999439344,18
0.306161799991969,57
0.306455999991158,55
0.3067276999936439,24
0.30697679999866523,47
0.30723049998050556,0
0.30749619999551214,7
0.3077685000025667,-18
0.30802669998956844,24
0.308279599994421,-22
0.308562999998685,35
0.30889399998704903,68
0.30914189998293296,41
0.309425099985674,38
0.30978589999722317,40
0.31051519999164157,-35
0.31123500000103377,-61
0.3116751999768894,-45
0.312089199986076,-8
0.3123843999928795,-43
0.31267559999832883,7
0.31298899999819696,65
0.3132470999844372,14
0.31351619999622926,9
0.31376979997730814,38
0.31404789999942295,6
0.31427740000071935,5
0.3145164999878034,-74
0.3147889999963809,-52
0.31505529998685233,-72
0.31535279998206533,7
0.3156223999976646,-20
0.31590389998746105,-38
0.31616369998664595,6
0.31642879999708384,-23
0.3167695000011008,48
0.31704939997871406,32
0.31733279998297803,63
0.31760270000086166,74
0.31785130000207573,54
0.31810399997630157,-1
0.3183337999798823,51
0.31860069997492246,16
0.3188601000001654,-10
0.31914659999893047,22
0.3194145000015851,15
0.3196822999743745,27
0.32003039997653104,8
0.3203058999788482,24
0.32064679998438805,-3
0.32091499998932704,-59
0.32118379999883473,11
0.3214330999762751,-112
0.3217712999903597,-20
0.32203179999487475,-30
0.3223110999970231,-22
0.3226464999897871,27
0.32289640000090003,8
0.32315069998730905,47
0.32339289999799803,-6
0.32364859999506734,-22
0.32391619999543764,1
0.32418939998024143,-20
0.3245215999777429,50
0.3247708999842871,10
0.32503569999244064,-11
0.3253184999921359,48
0.3256262999784667,0
0.3258874999883119,103
0.326176199974725,75
0.32662759997765534,0
0.32707059997483157,3
0.32773019999149255,42
0.328311199991731,-18
0.3286286999937147,-28
0.3290067999914754,5
0.3293559000012465,-12
0.3297000000020489,12
0.32999820000259206,68
0.33024539999314584,48
0.33050969999749213,-6
0.33076769998297095,12
0.3310363999917172,48
0.3313093999749981,53
0.3316822999913711,20
0.3319768999936059,-58
0.3322483999945689,-15
0.33251449998351745,-39
0.3327881000004709,-29
0.3330550999962725,-14
0.3333924999751616,16
0.33367429999634624,11
0.33396009998978116,51
0.33422459999565035,33
0.33447489998070523,12
0.334735999989789,72
0.3349963999935426,60
0.3352685999998357,42
0.3355380999855697,36
0.3358062999905087,69
0.33612490000086837,20
0.3363932999782264,4
0.3366762999794446,-6
0.3369583999738097,-41
0.3372244999918621,16
0.33750480000162497,-33
0.3378052999905776,-8
0.3380868999811355,-66
0.338350799982436,-28
0.338600499992026,-48
0.3388517999846954,-67
0.3391006999881938,41
0.339356599986786,20
0.3396552999911364,5
0.33993819999159314,-80
0.34027089999290183,-36
0.3405383999925107,-41
0.340826699975878,-48
0.34112859997549094,-16
0.3413744999852497,13
0.3416527999797836,-30
0.34194539999589324,49
0.34226439998019487,63
0.3425449999922421,-21
0.342817999975523,63
0.343187599995872,85
0.343605000001844,-52
0.34408329997677356,-46
0.34457629997632466,-53
0.3449949999921955,48
0.3454741999739781,8
0.3457758000004105,-68
0.3460567999863997,-7
0.34635089998482727,1
0.34659889998147264,-3
0.3468719999946188,38
0.34715079999295995,36
0.3473912999907043,11
0.34766919998219237,-14
0.34792649999144487,-18
0.3481751999934204,-36
0.34844399997382425,9
0.34875029997783713,15
0.3490305999876,10
0.34929169999668375,68
0.34955889999400824,35
0.34989449998829514,6
0.35015659997588955,0
0.3504397999786306,-11
0.35074860000167973,-43
0.3510222999902908,24
0.35128039997653104,-21
0.3515620999969542,-10
0.35193369997432455,-17
0.35219139998662286,42
0.3524975999898743,38
0.35276879998855293,43
0.3530451999977231,22
0.35332119997474365,0
0.35364699998172,-83
0.3538914999808185,19
0.3541634999855887,11
0.3544477999967057,28
0.35475379999843426,-36
0.3549998999806121,-88
0.35527209998690523,24
0.35552159999497235,-9
0.35577029999694787,-22
0.35602039998047985,60
0.3562874999770429,48
0.3565945999871474,47
0.3568797999760136,-6
0.3571516999800224,-12
0.357434799982002,-3
0.3576945999811869,-31
0.3580008999851998,-17
0.35826059998362325,-22
0.35855619999347255,-2
0.35883739998098463,-82
0.3591283999849111,36
0.35939119997783564,-48
0.3598059999931138,11
0.36129789997357875,-84
0.36188559999573044,86
0.3622352999809664,17
0.3624941000016406,66
0.36276349998661317,52
0.36304259998723865,-34
0.3633155999996234,52
0.3635993999778293,-34
0.3638708999787923,-35
0.3641407999966759,-59
0.3644143999845255,-45
0.3646807999757584,-58
0.3650177999807056,-54
0.3653022999933455,-43
0.3655858999991324,26
0.36586979997809976,13
0.3661411999783013,20
0.3664336999936495,28
0.36672539997380227,53
0.3669769999978598,41
0.36722779998672195,37
0.3674758999841288,-19
0.36774839999270625,9
0.36801769997691736,8
0.36831779999192804,61
0.36862519997521304,53
0.36887199999182485,8
0.36914249998517334,19
0.36942909998469986,18
0.3697095999959856,2
0.3699752999818884,14
0.37022529999376275,-19
0.3704747000010684,45
0.37074699997901917,41
0.37101849997998215,5
0.3712869999872055,39
0.3715605999750551,35
0.371893799980171,-1
0.37216439997428097,-17
0.3724416999903042,-21
0.37277449999237433,-38
0.37301749998005107,-58
0.37329839999438263,-80
0.3735580999928061,-23
0.37391159997787327,2
0.3742435999738518,-7
0.3745590999897104,-23
0.3748376999865286,-6
0.3751289999927394,12
0.37537259998498484,28
0.37563239998416975,-49
0.37589509997633286,-76
0.3761647999926936,35
0.376773800002411,33
0.3776171999925282,14
0.37806849999469705,-38
0.3785234999959357,62
0.37882949999766424,-3
0.37910389999160543,18
0.3793516999867279,5
0.37960019998718053,-40
0.37986079999245703,-39
0.38014369999291375,-10
0.38041649997467175,-23
0.3806616999791004,-18
0.38094139998429455,-20
0.3812457000021823,54
0.38150379998842254,-1
0.3818031999981031,-2
0.3820638999750372,77
0.38237009997828864,7
0.38264329999219626,15
0.38290799999958836,0
0.3831865999964066,-50
0.38343029998941347,66
0.383767599996645,24
0.3840501999948174,37
0.384348499996122,-19
0.3845984999788925,-92
0.38485239999135956,-10
0.3851004999887664,-34
0.3853713999851607,-51
0.3856425999838393,-54
0.3859101999842096,-61
0.38619059999473393,-56
0.38650029999553226,-22
0.3867677999951411,-62
0.3870549999992363,-39
0.38733549998141825,5
0.3876014999987092,-22
0.3878510999784339,-39
0.38809979998040944,-90
0.3883746999781579,-102
0.3886439999914728,-56
0.3889280000003055,-72
0.38925899998866953,-35
0.38955179997719824,45
0.38981749999220483,0
0.39013499999418855,29
0.390417399990838,55
0.39068429998587817,32
0.391020999988541,-59
0.3912910999788437,-50
0.39155729999765754,-38
0.39189929998246953,0
0.3921554999833461,7
0.39244099997449666,11
0.39277539998875,10
0.3931035999848973,64
0.39367099999799393,-63
0.39409749998594634,-11
0.3944218999822624,-89
0.39474519999930635,-35
0.39506079998682253,-33
0.3954125999880489,44
0.39586839999537915,-107
0.3962370999797713,0
0.3967122999893036,-16
0.3970132999820635,-17
0.397291299974313,-24
0.39755119997425936,-59
0.3978220999997575,-16
0.39814689999911934,-14
0.3984137999941595,-8
0.3987042999942787,9
0.3989790999912657,20
0.39926889998605475,98
0.39954949999810196,88
0.3997953999787569,51
0.40006059998995624,13
0.4003484999993816,56
0.4005979999783449,30
0.4008690999762621,-17
0.40114380000159144,33
0.40139809998800047,3
0.4016602999763563,93
0.4019358999794349,73
0.40226769997389056,32
0.4025456999952439,41
0.40281899998080917,25
0.4031457999954,-33
0.403414000000339,-18
0.4036820999754127,-7
0.404018899978837,57
0.40426869998918846,53
0.4045186000003014,-5
0.4047912999812979,-1
0.4051078999764286,-25
0.4053291000018362,-10
0.4056154999998398,17
0.4058669999940321,7
0.40612469997722656,-18
0.4063690999755636,-55
0.40661720000207424,-28
0.4068673999863677,-45
0.40711809997446835,-99
0.40736859999014996,-25
0.4076286999916192,-36
0.40786779997870326,49
0.40811829999438487,17
0.40836669999407604,37
0.4086562999873422,69
0.4088855999871157,47
0.40911359997699037,3
0.40936749998945743,-30
0.40983869999763556,-37
0.4112336999969557,-45
0.4116661000007298,-7
0.41201749999891035,26
0.4122905999829527,24
0.4125339000020176,47
0.4127567999821622,1
0.41298559997812845,8
0.41323299999930896,36
0.41346419998444617,-12
0.4137213999929372,-46
0.41399259999161586,-57
0.4142652000009548,-60
0.41454219998558983,-82
0.41480759999831207,-45
0.4151551999966614,19
0.4154310000012629,54
0.41576449997955933,33
0.4160340999951586,63
0.4163070999784395,21
0.4166168999799993,-28
0.4168875999748707,-21
0.4171634999802336,-32
0.4174353999842424,-36
0.41776650000247173,53
0.4180379999743309,49
0.41832159998011775,38
0.4186436999880243,52
0.4189151999889873,46
0.4191805000009481,72
0.4194730999879539,-58
0.419722599996021,42
0.4199930999893695,33
0.4203172999841627,14
0.4206050999928266,-4
0.4208725999924354,-2
0.42114829999627545,-38
0.42140229998040013,-74
0.4216885999776423,-65
0.42201909999130294,-25
0.4222879000008106,-13
0.42257129997597076,1
0.42287489998852834,36
0.4231470999948215,47
0.4233927000022959,14
0.4236435999919195,20
0.4239391000010073,16
0.42420389998005703,30
0.4244503999943845,-2
0.4247566999983974,51
0.4250173999753315,55
0.4252908999915235,62
0.4255572999827564,42
0.42589469999074936,33
0.4261627999949269,27
0.4279223999765236,8
0.4282447999867145,-39
0.4285348999837879,-13
0.4288356999750249,63
0.4291361999930814,47
0.4294132999784779,11
0.4296815999841783,33
0.42999869998311624,-24
0.4302665999857709,-42
0.43054099997971207,-21
0.4308071999985259,-30
0.43114639999112114,-2
0.43141920000198297,35
0.43166269999346696,-14
0.43193709998740815,-7
0.43228649999946356,49
0.432524799980456,66
0.4327657999820076,44
0.4330189999891445,-2
0.43327419998240657,-14
0.43353949999436736,-14
0.43378379999194294,-76
0.43408269999781623,-36
0.4343460999953095,-87
0.4345974999887403,-54
0.4348489999829326,-7
0.4351343000016641,-28
0.43541799997910857,-23
0.43570299999555573,-10
0.43605949997436255,48
0.43635759997414425,1
0.4366357999970205,-10
0.43691789999138564,-2
0.4371556999976747,-30
0.437437399988994,-62
0.43777389999013394,-59
0.4380278999742586,2
0.4383246999932453,-73
0.4386460999958217,-2
0.43889319998561405,-6
0.43917009999859147,13
0.43941500000073574,7
0.4396679999772459,-31
0.43994529999326915,-3
0.44025059998966753,39
0.4405180999892764,41
0.440788399981102,14
0.44105819999822415,-5
0.44140679997508414,44
0.4416880999924615,-26
0.44200359997921623,-76
0.4422692999942228,-8
0.442538399976911,3
0.44281489998684265,-31
0.44456229999195784,-25
0.4448528999928385,39
0.4451532999810297,-38
0.44545889997971244,31
0.4457539999857545,-7
0.44605099997716025,-28
0.4463345999829471,8
0.4465840999910142,-23
0.44685029998072423,-37
0.4470965999935288,-51
0.4473500999738462,49
0.4476204999955371,21
0.4478950999910012,16
0.44816899998113513,9
0.4484024999837857,11
0.44868359999964014,0
0.449027800001204,-52
0.4493099999963306,-19
0.44964320000144653,6
0.4499158999824431,26
0.450179899984505,25
0.4505164999864064,82
0.450790099974256,54
0.45106209997902624,76
0.4514027999830432,-3
0.4516914999985602,-40
0.45199869998032227,-3
0.45225699999718927,-15
0.45254349999595433,1
0.45279959999606945,-4
0.4530574999807868,-37
0.45337559998733923,-40
0.4536221000016667,-23
0.453892999998061,20
0.45415679999860004,-10
0.4544370999792591,14
0.4547694999782834,64
0.45503839998855256,65
0.4553196999768261,73
0.45566059998236597,19
0.4559407999913674,-94
0.4562504999921657,-16
0.45651779999025166,0
0.4568000999861397,-20
0.4570365999825299,-32
0.45731589998467825,-45
0.457614899991313,-26
0.457920999993803,-20
0.45823039999231696,51
0.4585625999898184,65
0.45886309997877106,-39
0.45914739998988807,-72
0.45940609998069704,-32
0.4596958999754861,-35
0.45998009998584166,-85
0.4604105999751482,-10
0.46068649998051114,-66
0.46110429998952895,-56
0.46164069999940693,-53
0.4619640999881085,6
0.46226499998010695,-75
0.46252479997929186,-35
0.4627677999960724,14
0.4630409999808762,-1
0.4633033999998588,6
0.46364039997570217,-11
0.46390959998825565,-24
0.4641828000021633,-35
0.46451920000254177,27
0.46479299999191426,13
0.46505449997493997,25
0.4654073999845423,-64
0.46568669998669066,4
0.46601859998190776,23
0.4662936999811791,14
0.46653819998027757,-44
0.466806499985978,-78
0.46713989999261685,10
0.4674605999898631,0
0.4677019999944605,63
0.46797649998916313,34
0.46824619997642003,27
0.46852909997687675,15
0.46881299998494796,73
0.46912399999564514,73
0.46939179999753833,37
0.4696680999768432,37
0.469936699984828,21
0.4702716999745462,-54
0.4705183999903966,-72
0.47076840000227094,32
0.4710186999873258,-3
0.471276999975089,-34
0.4715528999804519,-25
0.4718150999979116,-55
0.47214549998170696,-13
0.4724153999995906,-9
0.4726834999746643,-4
0.4730200999765657,3
0.4732986000017263,4
0.4735309999960009,-9
0.4738113999774214,-15
0.47412709999480285,26
0.47438400000100955,-25
0.47468579999986105,43
0.4749819999851752,-1
0.4752759999828413,33
0.475525399990147,-5
0.47577150000142865,63
0.47602639999240637,19
0.4765328999783378,28
0.47798189998138696,-5
0.47839219999150373,-10
0.4786837999999989,-91
0.4789980999776162,-28
0.47927399998297915,9
0.4795410999795422,-30
0.4798108999966644,5
0.48012649998418055,16
0.4803813999751583,58
0.48066809997544624,56
0.4809024999849498,58
0.48113949998514727,39
0.48139429997536354,-8
0.4816648999985773,-14
0.4819476999982726,-16
0.4822490999940783,5
0.4825162999914028,54
0.4827748999814503,75
0.48304279998410493,4
0.48331559999496676,4
0.4836026999983005,73
0.4838515000010375,44
0.4841020999883767,17
0.4843518999987282,7
0.4846034999936819,-13
0.4848524999979418,-27
0.48510150000220165,-54
0.4853523999918252,-25
0.48560109999380074,-14
0.4858521999849472,40
0.48611119997804053,5
0.48639589999220334,14
0.4866643999994267,-14
0.4869369999796618,8
0.4872705999878235,-20
0.48753909999504685,-46
0.48780859998078085,41
0.48814579998725094,-4
0.48839179999777116,16
0.48866949998773634,47
0.4889200999750756,-26
0.48918699999921955,-12
0.48947669999324717,-8
0.48972569999750704,-13
0.489975799981039,26
0.49022529998910613,-45
0.4904763999802526,-9
0.4907260999898426,-49
0.4909969999862369,-112
0.49126879998948425,-65
0.49153949998435564,-75
0.49180809999234043,-80
0.4921518999908585,-17
0.4924418999871705,34
0.4927525999955833,64
0.4931961999973282,-5
0.49446759998681955,-19
0.4948586999962572,36
0.4952352999825962,-51
0.4957309999736026,-97
0.4960422999865841,83
0.4963302999967709,8
0.49662039999384433,27
0.49687159998575225,38
0.4971437999920454,20
0.4974156999960542,-8
0.49767559999600053,-24
0.4979087999963667,27
0.49818860000232235,35
0.498584299988579,-12
0.4988586999825202,-15
0.4991831999795977,31
0.4994427999772597,46
0.49969089997466654,39
0.49985880000167526,-29
0.5000438999850303,6
0.5002118999836966,60
0.5004324999754317,-47
0.5007509999850299,-35
0.5010372999822721,-26
0.5012833999935538,-54
0.5015409999759868,-59
0.5017934999777935,-19
0.5021034999808762,-31
0.5023737000010442,23
0.5026257999998052,-63
0.5028951999847777,3
0.5031654999766033,-28
0.5034370999783278,5
0.5037720999971498,10
0.5040419999859296,10
0.5043127999815624,-5
0.5046498999872711,1
0.5048943999863695,57
0.505189599993173,86
0.5054808999993838,-4
0.5057743999932427,7
0.5060226999921724,-9
0.5062717999971937,-36
0.5065295999811497,34
0.5068197999789845,37
0.5071060999762267,-24
0.5073554999835324,10
0.5076663999934681,-118
0.5079597999865655,-81
0.5082428999885451,-30
0.5085239999752957,-30
0.5087673999951221,-19
0.509046599996509,-27
0.5093113999755587,-44
0.5098345000005793,-2
0.51127479999559,13
0.5116479999851435,11
0.5119665999955032,37
0.512312299979385,-86
0.5126607999845874,2
0.5129682999977376,-4
0.5132481999753509,-14
0.5135386999754701,39
0.5138311999908183,24
0.514136799989501,-55
0.5144163999939337,-28
0.5146576999977697,-34
0.5149401999951806,-27
0.515272399992682,-25
0.5155205999908503,-37
0.51577329999418,-8
0.5160650999750942,-9
0.5163983999809716,63
0.5166451999975834,11
0.5168971999955829,35
0.5171772999747191,-11
0.5174539999861736,31
0.5177309999999125,6
0.5179788999957964,38
0.5182279000000563,-20
0.5184800999995787,32
0.5187559999758378,34
0.5190038000000641,-32
0.5192780999932438,-31
0.5195540999993682,-29
0.5198608999780845,30
0.5201620000007097,41
0.520437099999981,55
0.5207719999889378,-5
0.5210221000015736,-19
0.5212708999752067,26
0.5215262999990955,10
0.5218098999757785,55
0.5221501999767497,-1
0.5223971999948844,-11
0.5226492999936454,-32
0.5228967999864835,32
0.5231544999987818,4
0.5234375,3
0.5237574999919161,-13
0.5240439999906812,-44
0.5242988999816589,-108
0.5245510999811813,11
0.5247991999785881,14
0.5250590999785345,-8
0.5254023000015877,-17
0.5256465999991633,-84
0.5258960999781266,-46
0.5261744000017643,-29
0.5265583999862429,-28
0.5268966000003275,-8
0.5272425999864936,10
0.5275500999996439,-57
0.5279824999743141,-93
0.5282963999779895,-77
0.5286138999799732,-30
0.5288792999926955,-20
0.5291155999875627,-84
0.5293647999933455,-32
0.5296143000014126,-48
0.5298870999831706,-126
0.530102499993518,19
0.5303495999833103,95
0.5305764999939129,-5
0.5308307999803219,57
0.53108269997756,12
0.5313311999780126,-2
0.5315591999969911,-21
0.5317878999921959,-86
0.5321342999814078,-53
0.5323569999891333,-2
0.532596899982309,9
0.5328382999869063,-4
0.5330868999881204,-69
0.5332772999827284,77
0.5335062999802176,9
0.533734899974661,-25
0.5339913999778219,-39
0.5342751999851316,-69
0.5345468999876175,-40
0.5348546000022907,3
0.5351081999833696,2
0.5354061999823898,1
0.5356884999782778,57
0.5360234999970999,34
0.5362696999800391,21
0.5365202999964822,103
0.5367938999843318,114
0.5370556999987457,23
0.5372947999858297,18
0.5375339999736752,-47
0.5378173999779392,-31
0.5381283999886364,22
0.5383838999841828,39
0.5386698999791406,-22
0.5389296999783255,12
0.5391691999975592,-16
0.5394297999737319,-28
0.5396921999927144,-13
0.5400024999980815,-20
0.5402498999901582,-14
0.5404999999736901,-14
0.5407505999901332,-45
0.5410046999750193,-58
0.5412568999745417,-60
0.5415243999741506,-38
0.5417712999915238,20
0.5420205999980681,-20
0.5422706999816,-54
0.5425209999957588,36
0.5427708999777678,29
0.5431709999975283,4
0.5437736999883782,-82
0.5442347999778576,4
0.5446933999774046,-98
0.5451228999882005,114
0.5457164999970701,-101
0.5460195999767166,-29
0.5462848999886774,-17
0.5465466000023298,-17
0.5467902999953367,-35
0.5470623000001069,-2
0.5473963999829721,59
0.5476443999796174,18
0.5478925999777857,73
0.5481730999890715,36
0.5484293999907095,14
0.5486768999835476,-26
0.5489392000017688,-24
0.5492499999818392,85
0.5495177999837324,28
0.5497902999923099,28
0.550058299995726,37
0.5503975999890827,23
0.5506428999942727,-5
0.5509206999849994,10
0.5511892999929842,-18
0.5514326999837067,70
0.551756699976977,30
0.5520201999752317,2
0.5522677999979351,-8
0.5525256999826524,86
0.5527930999814998,61
0.5530606999818701,71
0.5533975999860559,17
0.5536435999965761,-33
0.5538933999778237,75
0.5542446999752428,45
0.5545003000006545,0
0.554755799996201,-35
0.5550006999983452,37
0.5552524999948218,50
0.55549999998766,-7
0.5557733999739867,64
0.5560868999746162,13
0.5563809000013862,-74
0.5566711999999825,-41
0.5569269999978133,-62
0.5571653999795672,10
0.5574126999999862,-24
0.5577554999908898,-93
0.5579967999947257,-83
0.558266799984267,-6
0.5585229999851435,-34
0.5587876999925356,-31
0.5590830000001006,-26
0.559354600001825,-34
0.5597349999879953,-32
0.5600131999817677,36
0.5605183999869041,-14
0.5610521999769844,-26
0.5615102000010666,-127
0.5620794999995269,-18
0.5625075999996625,0
0.562837599980412,34
0.5631271999736782,0
0.5633704999927431,-32
0.5636202000023331,47
0.5638742999872193,40
0.5641536999901291,62
0.5644346999761183,40
0.56476829998428,-4
0.5650409999943804,3
0.5653142999799456,-8
0.5656436999852303,-5
0.5659167999983765,4
0.5661849000025541,-6
0.5665198999922723,31
0.5667906999879051,45
0.5670595999981742,52
0.5673975999816321,66
0.5676690999825951,38
0.5679345999960788,33
0.5682692999835126,-13
0.5685269999958109,-37
0.5687696999812033,-76
0.5690197999938391,40
0.5692694999743253,24
0.5695432999928016,0
0.5698042000003625,-27
0.5700610999774653,19
0.5703956999932416,-11
0.5706689999788068,10
0.5709188999899197,-30
0.571179899998242,-44
0.5714256999781355,32
0.5717055999848526,12
0.5720005999901332,-65
0.5722545000026003,-3
0.572500799986301,-13
0.5727542999957222,-36
0.5730011999839917,65
0.5732550999964587,28
0.5735206999816,0
0.5738006999890786,17
0.5740673999825958,23
0.5743880999798421,11
0.5746529999887571,-45
0.5749360999907367,-61
0.5752744999772403,-38
0.5755210999923293,-58
0.5758131999755278,-18
0.576065799978096,-55
0.5765830999880563,-6
0.577033899986418,7
0.5774165999901015,-18
0.577858099975856,-29
0.5781829999759793,-59
0.5784792999911588,-13
0.5787699999928009,30
0.5790902999870013,18
0.5793780999956653,13
0.5796834999928251,-86
0.5799782999965828,-14
0.5802281999785919,-5
0.580488499981584,-72
0.5807719999866094,-33
0.5810216999961995,-55
0.5812756999803241,-36
0.581541899999138,-18
0.5817970999924,-30
0.5820355999749154,5
0.5823180000006687,23
0.5826264999923296,-8
0.5828764999751002,-61
0.5831216999795288,-1
0.5833803999994416,-24
0.5836223999795038,54
0.5838932999758981,80
0.5841706999926828,81
0.5844073999905959,61
0.5846809999784455,41
0.5850188999902457,1
0.5852998999762349,-7
0.5855346999887843,-46
0.5858124999795109,-68
0.5861300999822561,-15
0.5863852999755181,-21
0.5866491999768186,-30
0.5868972000025678,4
0.5871455000014976,31
0.5873952999827452,-37
0.5876463000022341,64
0.5879621999920346,46
0.5882292999885976,7
0.5884782999928575,49
0.5887301999900956,23
0.5889805999759119,8
0.5892425999918487,55
0.5895255999930669,-3
0.5897720999782905,63
0.5900248999823816,17
0.590293399989605,-3
0.5905328999797348,57
0.5908172999916133,36
0.5916900000011083,24
0.5919809999759309,-57
0.5922721999813803,-37
0.5925187999964692,-58
0.5927680000022519,-15
0.5930285999784246,-42
0.5933617999835405,-33
0.5939417999761645,22
0.5943368999869563,-24
0.5947620999941137,-69
0.5951140999968629,35
0.5954301999881864,-75
0.595761999982642,26
0.5960174999781884,41
0.5962951999972574,67
0.5965490999806207,36
0.5968399999837857,68
0.5970974999945611,63
0.5973675999848638,69
0.5976407999987714,47
0.597914399986621,39
0.598180599976331,42
0.5985171999782324,-3
0.5987908999959473,-20
0.5990554000018165,-42
0.5993931999837514,12
0.5996671999746468,7
0.5999393999809399,25
0.6002661999955308,78
0.6005408999917563,87
0.6008050999953412,83
0.6011448999925051,21
0.6013969999912661,5
0.6017289999872446,-59
0.6020349999889731,-6
0.602320999983931,-11
0.6026768999872729,23
0.6029437999823131,70
0.6032810999895446,4
0.6035235000017565,3
0.6037686999770813,-3
0.6040375999873504,62
0.6043088999867905,-20
0.6046257999842055,47
0.6048931999830529,-26
0.6051575999881607,7
0.6054197999765165,-13
0.6056667999946512,47
0.6059337999904528,32
0.6063178999756929,-11
0.6066111999971326,-45
0.6069290000014007,53
0.607228299981216,27
0.6074844999820925,4
0.6077717999869492,13
0.6080236999841873,-9
0.6082753999799024,65
0.6085147999983747,40
0.6087695999885909,0
0.6090251999848988,37
0.609296299982816,-24
0.6095280000008643,-23
0.6100397999980487,-40
0.6106965999933891,20
0.6112977000011597,-80
0.6117476999934297,-24
0.6120318999746814,-35
0.6122934999875724,-62
0.612542199989548,-97
0.612802699994063,-63
0.6131392999959644,-50
0.6134105999954045,-30
0.6136798999796156,-20
0.6140129999839701,55
0.6142836999788415,41
0.6145660999754909,35
0.6148886999872047,-13
0.6151630999811459,-12
0.6154325999959838,-37
0.6157725999946706,-21
0.6160150999785401,-39
0.6162898999755271,-84
0.6165537999768276,-63
0.6168700999987777,-12
0.6171212999906857,-9
0.6173890999925788,-64
0.6176704999816138,-69
0.6178990999760572,-41
0.6182219999900553,-44
0.618519199982984,16
0.6187809999973979,22
0.619068799976958,33
0.6193719999864697,56
0.61964399999124,69
0.6199162999982946,74
0.6201613000012003,58
0.6204181999783032,18
0.620690999989165,42
0.6210001999861561,50
0.6212693999987096,28
0.6215383999806363,16
0.6218152999936137,17
0.6221461999812163,-34
0.6224136999808252,-23
0.6226839000009932,-48
0.6230197999975644,24
0.6232915000000503,39
0.6235591000004206,9
0.6239031000004616,70
0.6242078999930527,0
0.6244752999919001,14
0.6247253999754321,-26
0.6249811000016052,69
0.6252502999850549,41
0.6255005999992136,23
0.6257716999971308,26
0.6261041999969166,-57
0.6264187999768183,25
0.6268792999908328,-45
0.6273075999924913,-17
0.628241899976274,-5
0.6286877999955323,36
0.6290271999896504,-2
0.6293423999741208,44
0.6296705999993719,-12
0.629950699978508,-70
0.6302711999742314,-23
0.6305152999993879,-33
0.6307785999961197,-29
0.6310394999745768,-22
0.6313063999987207,-95
0.6316227999923285,9
0.631896599981701,-31
0.6321602999814786,-7
0.6324358999845572,-6
0.6327687999873888,13
0.6329762999957893,17
0.6332473999937065,12
0.6335034999938216,6
0.6337760000023991,-47
0.6340040999930352,-19
0.6342476999852806,-69
0.6344984000024851,-4
0.6347976999823004,-57
0.6350520999985747,15
0.6353086000017356,1
0.6356215999985579,2
0.6358709999767598,-6
0.636142099974677,10
0.636398000002373,2
0.6366491999942809,-79
0.6368971999909263,-9
0.6371437999769114,-7
0.6373923999781255,-63
0.6376703999994788,24
0.6379070999973919,28
0.6381890999909956,25
0.6384999000001699,-76
0.6387695999874268,-82
0.6390467999735847,-84
0.639285999990534,2
0.6395621999981813,14
0.6399184999754652,-16
0.6401746999763418,-18
0.6404522999946494,-28
0.6407384999911301,-30
0.6410012999840546,-63
0.6412577999872155,-39
0.6415068999922369,-74
0.6417540999827906,0
0.6420221999869682,-1
0.6422740999842063,-7
0.6425442999752704,-34
0.6428117999748792,-67
0.643183299980592,-50
0.6436021999979857,34
0.6439773999736644,-44
0.6443379999836907,26
0.6446795999945607,-22
0.6450137999781873,-2
0.6452812999777962,34
0.6456180999812204,-2
0.6458876999968197,52
0.646170499996515,35
0.646489799983101,-24
0.6467836999800056,-55
0.6470550999802072,-13
0.6473922999866772,47
0.6476781999808736,55
0.6479582999891136,11
0.6482274000009056,7
0.6484756999998353,68
0.648734999995213,7
0.649019699980272,75
0.6492910999804735,76
0.6495572999992874,68
0.6498930999950971,-3
0.6501496999990195,0
0.6504175000009127,-54
0.650672299991129,53
0.6509278999874368,56
0.6511672999768052,-5
0.6514384999754839,52
0.6517609999864362,41
0.6520291999913752,24
0.6522906999744009,49
0.6525604999915231,37
0.6528934999951161,-10
0.6531702999782283,-37
0.6534128999919631,-47
0.6536903999804053,-66
0.6540247999946587,-25
0.6542752999812365,-31
0.6545205999864265,-38
0.6547775999933947,-79
0.6550579999748152,-67
0.6553757999790832,-20
0.6556519999867305,-14
0.6559171999979299,-3
0.6561576999956742,-2
0.656432899995707,-26
0.6567855999746826,34
0.6570606000022963,-3
0.657397899980424,-106
0.657646499981638,12
0.6579026999825146,-7
0.6581907999934629,26
0.6585316999990027,-23
0.6588130999880377,-63
0.6591561999812257,30
0.6594442999921739,41
0.6597383999906015,15
0.6600112000014633,-4
0.6603121999942232,-7
0.6607956999796443,-81
0.6611414999933913,-60
0.661389999993844,-44
0.6617051999783143,-15
0.6622511000023223,11
0.6626078999834135,41
0.6628809999965597,78
0.6631760000018403,0
0.663413699978264,-32
0.6636848999769427,39
0.6640072999871336,-27
0.6642739999806508,-14
0.6645388999895658,-32
0.6648087999783456,-31
0.6651466999901459,15
0.6653947999875527,-48
0.6656633999955375,-21
0.6659412999870256,-10
0.6662736999860499,52
0.6665409999841359,34
0.6667882999754511,29
0.6670634999754839,28
0.6673955000005662,-9
0.6676420999865513,67
0.6678983999881893,58
0.6681627999932971,-2
0.6684200000017881,31
0.6686558999936096,10
0.6689433999999892,27
0.6692730999784544,53
0.6695225999865215,28
0.6697696999763139,76
0.6700270999863278,55
0.6703114999982063,35
0.6706273999880068,23
0.6708961999975145,-7
0.6711446999979671,81
0.6714172999782022,101
0.6716905999928713,68
0.6720332999830134,6
0.6723159999819472,-92
0.6726302999886684,-14
0.6728752999915741,-16
0.6731320999970194,-83
0.6734224999963772,-1
0.6736805999826174,-62
0.6739371999865398,-57
0.6742308999819215,-71
0.6745026999851689,-4
0.6747534000023734,-42
0.6750082999933511,-44
0.6752943999890704,-22
0.6755488999770023,-21
0.6757854999741539,-78
0.6760618999833241,-11
0.6764180999889504,-8
0.6768252999754623,10
0.6774144999799319,-34
0.678189400001429,-105
0.6785801999794785,1
0.6789061999879777,-27
0.6792329000018071,-13
0.6796156999771483,69
0.6798751999740489,-19
0.6801228999975137,-95
0.680405699997209,9
0.680666599975666,-98
0.6809349999821279,6
0.6812693999963813,-20
0.6815472999878693,-24
0.6817853999964427,-4
0.6820640999940224,-8
0.6823968999960925,36
0.6826427999767475,37
0.682914199976949,8
0.6831827999849338,16
0.6834409000002779,5
0.6837484999850858,51
0.6839973999885842,39
0.6842681999842171,17
0.6845317999832332,8
0.6848143999814056,18
0.685123899980681,89
0.6853922999871429,83
0.6856740999792237,110
0.685909099993296,97
0.6861664000025485,33
0.6864204999874346,39
0.6866751999768894,28
0.6869275999779347,4
0.6871853999909945,7
0.687439799978165,-43
0.6877706999948714,41
0.6880177999846637,21
0.6882949999999255,27
0.6885414999851491,39
0.6888088999839965,-1
0.6891251999768429,28
0.6893868999904953,-12
0.6896499999857042,28
0.6898969999747351,35
0.6901453999744263,12
0.6904026999836788,23
0.6906701999832876,13
0.6909308999893256,-55
0.691168799996376,-15
0.6914096999971662,-95
0.6916920999938156,-80
0.6920234999852255,-8
0.6922786999784876,17
0.6925710999930743,1
0.6928760999871884,-7
0.6933892999950331,26
0.693754199979594,37
0.6942283999815118,-43
0.6945718999777455,-34
0.6949324999877717,-6
0.6954445999872405,14
0.6957791999739129,-4
0.6962433999869972,-5
0.6965359999740031,-44
0.6968364999920595,25
0.697101500001736,-72
0.6973695999768097,-1
0.6976427999907173,11
0.6979260999942198,20
0.6982046999910381,-95
0.6984716999868397,-74
0.6987232999817934,-2
0.6989723999868147,14
0.6992250999901444,-34
0.6994934999966063,55
0.6997778999793809,17
0.7000185999786481,6
0.7002963999984786,-1
0.7005328999948688,-14
0.7008003999944776,81
0.7010627999843564,73
0.7013761999842245,-20
0.7016423000022769,-28
0.7018983000016306,-29
0.7021682999911718,-25
0.7024334000016097,73
0.7027749999833759,20
0.7030163999879733,-22
0.7032922999933362,-41
0.7035422999761067,-85
0.7037962999893352,45
0.7040497999987565,-6
0.7043079999857582,-4
0.7046238999755587,-104
0.704892599984305,27
0.7051696999988053,-2
0.7054053999891039,-1
0.7056990999844857,-6
0.7059723999991547,-4
0.7062256999779493,-34
0.7064810000010766,-42
0.7067534999805503,39
0.7069958999927621,31
0.7072686999745201,-13
0.7076150999928359,4
0.7078964999818709,-57
0.7081643999845255,-29
0.7084330999932718,-45
0.7088089999742806,4
0.7090949999983422,-16
0.7093745999736711,-16
0.709730699978536,6
0.7101252999855205,-35
0.7105823000019882,-90
0.7109512999886647,28
0.711426499998197,-62
0.7118486999825109,25
0.7121590999886394,35
0.7124283000011928,38
0.7126828999898862,-1
0.7130176999780815,7
0.7132739999797195,-15
0.7135364999994636,70
0.7138088999781758,72
0.7141496999829542,-13
0.7143892999738455,-7
0.7146627999900375,-11
0.7149342999910004,-5
0.7152453000016976,-77
0.71551839998574,-106
0.7157914999988861,-62
0.7160431999946013,-25
0.7162843999976758,-41
0.7165384999825619,-69
0.7168101999850478,13
0.7171335000020918,-42
0.7174179999856278,-12
0.717682499991497,-21
0.718021199980285,7
0.7182883999776095,21
0.7185591000015847,39
0.7188957999751437,-49
0.7191709999751765,-42
0.7194052999839187,51
0.7196875999798067,34
0.7200231999740936,-20
0.7202784999972209,-29
0.7205458999960683,-30
0.7207915999752004,-92
0.721059499977855,8
0.7213709999923594,-29
0.7216508999990765,-53
0.7218957000004593,-87
0.7221750000026077,-84
0.7224625999806449,-18
0.7227685999823734,-22
0.7230424000008497,3
0.7232985000009649,-26
0.7235866999835707,-4
0.7238530999748036,15
0.7241055999766104,-9
0.7243544999801088,-120
0.7246040999889374,-26
0.7248536999977659,-27
0.7251107999763917,-75
0.7253952999890316,-19
0.7256755999987945,-43
0.7259783999761567,-48
0.7262697999831289,-29
0.7265812999976333,-4
0.7270083999901544,-9
0.7274154999759048,-20
0.7278601999860257,-76
0.728482599981362,4
0.7288655999873299,-32
0.7293996999796946,8
0.7296916999912355,71
0.7300541999866255,-16
0.7303178999864031,-73
0.7306035999790765,-43
0.7308546999993268,-19
0.731108799984213,-44
0.7313967999943998,-1
0.7316430999781005,-35
0.7319200999918394,-21
0.7321780999773182,-89
0.7324346999812406,-98
0.7327475999773014,-23
0.7330103999993298,-22
0.7332735999953002,-41
0.7335385999758728,-95
0.7338071999838576,-85
0.7341517999884672,-5
0.7343925999884959,-4
0.7346558999852277,-11
0.7348914999747649,-37
0.735168099985458,-27
0.7354264999739826,-13
0.7356817999971099,-13
0.7360031999996863,52
0.7362473999965005,3
0.7364747999818064,-80
0.7367263999767601,31
0.7369856000004802,-33
0.7372075999737717,66
0.7374748000002,30
0.7377244999806862,2
0.7379753999994136,23
0.7382255999837071,29
0.7385331999976188,27
0.7388709999795537,39
0.7391230999783147,27
0.7393710999749601,21
0.7396259999950416,-3
0.7398798999784049,39
0.7401221999898553,2
0.740392299980158,15
0.7406691999931354,-6
0.7409133999899495,8
0.7411833999794908,-18
0.7414184999943245,-27
0.7416917999798898,-16
0.7419991999922786,30
0.7422681000025477,-2
0.742558400001144,11
0.742819499981124,9
0.743221699987771,35
0.7436823999742046,-26
0.7442268999875523,-56
0.7447765999822877,-72
0.745252900000196,26
0.7455902999790851,-28
0.7458552999887615,-1
0.7461820000025909,17
0.7464387999789324,37
0.7467436000006273,66
0.7470157999778166,65
0.7472973999974784,49
0.7475248999835458,35
0.747789399989415,-6
0.7480371999845374,82
0.7482896999863442,39
0.7485555000021122,8
0.7488715999934357,-18
0.7491483999765478,81
0.7493905999872368,47
0.749664999981178,37
0.7499304999946617,41
0.7502737999893725,-7
0.750514999992447,-56
0.7507929999846965,-77
0.7510382999898866,42
0.7513092999870423,17
0.7516292999789584,-2
0.7518720999942161,-73
0.7521505999902729,8
0.7523934999771882,-1
0.7526515999925323,36
0.752892399992561,91
0.7531781999859959,59
0.753479699982563,-60
0.7537328999897,-55
0.7539755999750923,69
0.7542252999846824,0
0.7544759000011254,61
0.7547259999846574,89
0.7549824999878183,28
0.7552728999871761,34
0.7555179999908432,5
0.7557741999917198,27
0.7560460999957286,19
0.7562802999746054,-9
0.7565633999765851,-9
0.7568950999993831,17
0.7571632999752183,-1
0.7574407999927644,13
0.7577483999775723,34
0.7580376999976579,21
0.7583517000020947,-39
0.7586071999976411,-5
0.7588990999793168,-16
0.7591768999991473,-23
0.7594669999962207,-47
0.7598948999948334,-30
0.7603360999783035,-10
0.7607570999825839,-32
0.7611662999843247,-6
0.7615134999796283,-9
0.7619185999792535,-117
0.7622427999740466,-102
0.7626608999853488,-34
0.763113599998178,-20
0.763461800001096,82
0.7637755999749061,-77
0.7640498999971896,-14
0.7642981999961194,-3
0.7645503999956418,-53
0.7649015999922995,-69
0.7651336999842897,-46
0.7654047999822069,-30
0.7656764999846928,-5
0.76600909998524,17
0.7662635000015143,-9
0.7665101999882609,-66
0.7667893999896478,-21
0.7670533999917097,-10
0.7673669999931008,13
0.7676349999965169,45
0.7679366999946069,-14
0.7682611999916844,18
0.7685339000017848,-4
0.7688053000019863,-17
0.7691378000017721,-68
0.7694081999943592,-52
0.7696812999784015,-60
0.7699391999922227,17
0.7702681999944616,-25
0.7705391999916174,-17
0.7708075999980792,-18
0.7711476999975275,-22
0.7713900999806356,80
0.7716396999894641,19
0.7718912999844179,-20
0.7721433999831788,-37
0.7724162999948021,-44
0.7726848000020254,-56
0.7730237999930978,34
0.7732653999992181,5
0.7735550999932457,-1
0.7738298999902327,61
0.7741052999917883,53
0.7743715999822598,37
0.7746202999842353,11
0.7748734999913722,-5
0.7751851999782957,20
0.7754549999954179,10
0.7757243999803904,31
0.7759815999888815,23
0.7763541999738663,35
0.7766884999873582,-51
0.7770831999951042,-22
0.7777454999741167,-114
0.7780456999898888,2
0.7784068999753799,61
0.7787421999964863,-47
0.7790848999866284,11
0.7794707999855746,11
0.779877499997383,-24
0.7801936999894679,-8
0.780533099983586,-74
0.7808060999959707,-4
0.7811189999920316,12
0.7813897999876644,-24
0.781662099994719,-11
0.7819337999972049,-19
0.7822678999800701,35
0.782546199974604,73
0.7827765999827534,18
0.7830148999928497,39
0.783269699983066,0
0.7835228999902029,34
0.7837853999808431,-21
0.7840586999955121,-34
0.7843910999945365,44
0.7846443000016734,36
0.7849172999849543,17
0.785181699990062,16
0.7854374999878928,57
0.7857659999863245,71
0.7860368999827188,64
0.7863096999935806,80
0.7866490999876987,-3
0.7868959999759682,-22
0.7871462999901269,-38
0.7874137999897357,31
0.7876816999923903,15
0.7880012999812607,-56
0.7882458999811206,-92
0.7885253999847919,-89
0.7887670999916736,2
0.7890553999750409,8
0.7895139999745879,-25
0.7898917999991681,-49
0.7901467999909073,-42
0.7904706999834161,-31
0.7907319999940228,2
0.7910015999805182,-40
0.7912461999803782,-50
0.7915190999920014,-40
0.791797099984251,-17
0.7920455999847036,-14
0.7923086999799125,-46
0.792641799984267,-11
0.7929334999935236,1
0.7935808999754954,79
0.7939894000010099,-5
0.7943286999943666,-49
0.7946379999921191,-80
0.7949208999925759,-46
0.7953250999853481,6
0.7955996999808121,-15
0.795909299980849,7
0.7961648999771569,6
0.7964302999898791,-15
0.7966644999978598,-20
0.7969456999853719,55
0.7972555999876931,-9
0.7974914999795146,-75
0.7977630999812391,-65
0.7980429999879561,-66
0.7982789999805391,24
0.7985353999829385,-22
0.7987848999910057,-28
0.799035299976822,85
0.7993062999739777,71
0.7996392999775708,-32
0.7999197999888565,-6
0.800177099998109,-27
0.8005140000022948,-21
0.8007858999771997,-11
0.801063199993223,-28
0.8013907999848016,50
0.8016586999874562,62
0.8019328999798745,68
0.8022651999781374,47
0.8025373999844305,62
0.8028100999945309,41
0.803149499988649,-18
0.8034112000023015,5
0.803684999991674,-12
0.8040172999899369,21
0.8043179999804124,7
0.8045655000023544,14
0.8048962999891955,-20
0.8051432999782264,41
0.8053931999893393,37
0.8056427999981679,-4
0.8058992000005674,45
0.8061496999871451,-25
0.8063941999862436,19
0.8066438999958336,-18
0.8068940999801271,-3
0.8071499999787193,-13
0.8073999999905936,0
0.807643799984362,-45
0.8078932999924291,-57
0.8081439999805298,53
0.8083489999989979,59
0.8086018999747466,-12
0.8088578999741003,22
0.8091456999827642,6
0.8093929000024218,25
0.8097257999761496,20
0.8102599999983795,-15
0.8108764999778941,-41
0.8111832999857143,-33
0.8114403999934439,-32
0.8117899999779183,27
0.8121554999961518,37
0.8126282999874093,-66
0.8129558999789879,-46
0.8132448999967892,-80
0.8135030999837909,-19
0.8137411999923643,-18
0.8140009999915492,-51
0.8142606999899726,-79
0.8145311999833211,-92
0.8148051000025589,-73
0.8151462999812793,-17
0.8154115999932401,2
0.8156784999882802,35
0.8160110999888275,50
0.8162903999909759,26
0.8165573999867775,40
0.816887199995108,-13
0.8171593000006396,-2
0.817429099988658,-25
0.8177633000013884,-24
0.8180682999955025,-9
0.8183113999839406,3
0.8186401999846566,41
0.8189101999741979,60
0.8191592999792192,32
0.8194185999745969,12
0.8197292999830097,42
0.8200045999838039,89
0.8202556999749504,14
0.8205389999784529,62
0.8208094000001438,49
0.8211427999776788,38
0.8214190999860875,-8
0.8216765999968629,-9
0.8220134000002872,-31
0.8222827999852598,-22
0.8225634999980684,-32
0.8228891999751795,36
0.8231620999868028,52
0.823434099991573,38
0.8237648999784142,70
0.8240383999946062,23
0.82431159997941,11
0.8246483999828342,-28
0.8248884999775328,-52
0.8251456999860238,-84
0.8253904999874067,26
0.8256488999759313,15
0.82588969997596,74
0.8261635999951977,47
0.8264404999790713,39
0.8269885999907274,-45
0.8274388999852818,-36
0.8279043999791611,33
0.8282038999896031,-18
0.8286898999940604,31
0.8289824999810662,33
0.8292512999905739,40
0.8295165000017732,26
0.8297787999908905,24
0.8300563999800943,22
0.8303868999937549,-52
0.8306571999855805,-31
0.8309382000006735,-42
0.8312643999815919,8
0.8315342999994755,14
0.8318158999900334,46
0.8321400999848265,75
0.8324079999874812,75
0.8326795999892056,104
0.8330244999960996,18
0.8332645999907982,-4
0.8335383999801707,3
0.8338116999948397,-13
0.8341404999955557,-26
0.8344134999788366,-33
0.8346846999775153,-25
0.8350402999785729,63
0.835298399993917,50
0.835538599989377,34
0.8358062999905087,34
0.8361280999961309,29
0.8363910999905784,66
0.8366421999817248,82
0.8368489999847952,22
0.8371240999840666,-5
0.8373934999981429,-28
0.837667199986754,-23
0.8379176000016741,-26
0.83818419999443,-20
0.8384967999882065,16
0.8387680999876466,5
0.83903219999047,15
0.8393154999939725,13
0.8396239999856334,21
0.8398928999959026,-16
0.8401647999999113,-20
0.8405181999842171,-12
0.8407889999798499,-40
0.8410670000012033,-40
0.8413994000002276,-34
0.8416673999745399,9
0.8419130999827757,-63
0.8421966999885626,-37
0.8424794999882579,10
0.8427253999980167,-54
0.8430437999777496,-32
0.8433421999798156,-12
0.843663599982392,43
0.8443164999771398,-47
0.8447905999782961,-34
0.8451751999964472,-46
0.8455007000011392,-13
0.845799899980193,-28
0.8460783999762498,-78
0.8463302000018302,-27
0.8465968999953475,-47
0.8468472999811638,-80
0.8471266999840736,-25
0.8473944999859668,-26
0.8476462999824435,-5
0.847916599974269,-29
0.848166499985382,-101
0.8484087999968324,18
0.8486616000009235,-26
0.8489121999882627,-39
0.849228699982632,84
0.8494726999779232,-62
0.8497452999872621,-71
0.8500242999871261,-58
0.8502651999879163,32
0.8505217999918386,17
0.8507973999949172,38
0.8510825999837834,22
0.8513108999759424,1
0.8516218999866396,44
0.851893699989887,13
0.8521662999992259,10
0.8524312999797985,33
0.8527669999748468,-24
0.8530449999962002,-35
0.8532792999758385,-95
0.8535687999974471,-89
0.853850199986482,-5
0.8540910999872722,-11
0.8543508999864571,8
0.8546222999866586,-19
0.8548919999739155,-41
0.8551700999960303,-45
0.855435999983456,-39
0.8557701999961864,10
0.8560541999759153,-1
0.8563553999993019,48
0.8566217999905348,38
0.8568925999861676,34
0.8571747999812942,23
0.8574570999771822,65
0.8577055999776348,36
0.8580437999917194,5
0.8583004999964032,-16
0.8585559999919496,66
0.858873199991649,6
0.8591513999854214,-6
0.8593933999945875,-38
0.8597110999980941,-47
0.8599815999914426,-34
0.8604861999920104,-87
0.860897099977592,16
0.8612030999793205,-21
0.8615317999792751,-18
0.8618278999929316,-50
0.8621273000026122,-3
0.8624314999906346,-11
0.8627044000022579,3
0.8629530999751296,9
0.8632453999889549,15
0.8635154999792576,7
0.8637899000023026,15
0.8640688000014052,12
0.8643908999802079,-32
0.8646639999933541,-45
0.864929299976211,-41
0.8652667999849655,-62
0.8655386999889743,-59
0.8658287999860477,-62
0.8661272999888752,-1
0.8663411999878008,-59
0.8665482999931555,-70
0.8667731999885291,4
0.8670045999751892,64
0.8672368999978062,34
0.86748919999809,7
0.8677388999785762,-3
0.867990099999588,-63
0.8682381999969948,-15
0.8684896999911871,-27
0.8687473999743816,-73
0.8689888999797404,51
0.8692395999969449,-3
0.8694893999781925,85
0.8697454999783076,52
0.8699924999964423,-10
0.8702402999915648,48
0.8704891999950632,35
0.8707390999770723,-10
0.8709890999889467,-20
0.8712404999823775,-23
0.8714969999855384,-48
0.8717397000000346,-51
0.8720108999987133,-18
0.8722354999918025,-58
0.8724899999797344,19
0.8727398999908473,31
0.872998099977849,-3
0.873265399975935,50
0.8735358999983873,65
0.87381039999309,64
0.8741267999866977,0
0.874396799976239,-2
0.8746602999744937,-27
0.8749347999983002,1
0.8752710999979172,-46
0.8755183999892324,-99
0.8757956999761518,-95
0.8760399999737274,-7
0.8763652999768965,-8
0.8767191999941133,-37
0.8771548999939114,-11
0.8776176999963354,-5
0.87794639999629,-80
0.8784143999801017,-14
0.8787172999873292,-54
0.8789914999797475,-4
0.8792519999842625,14
0.879492099978961,-76
0.8797639999829698,-53
0.8800330999947619,-43
0.8803057999757584,-32
0.8806395999854431,58
0.8809082999941893,32
0.8811807999736629,41
0.8814395999943372,8
0.8817642999929376,-34
0.8820147999795154,67
0.8822673999820836,68
0.8825189999770373,33
0.8827710999757983,61
0.8830368999915663,4
0.8833068999811076,15
0.8836411999945994,23
0.8839133000001311,17
0.8841868999879807,20
0.8845011999947019,-90
0.8847434999770485,19
0.8849940999934915,38
0.8852424999931827,10
0.8855149000009988,93
0.8857880999858025,96
0.8860683999955654,108
0.8863951999810524,-1
0.8866824999859091,-38
0.8870197999931406,-4
0.8872905999887735,29
0.8875646999804303,-11
0.8878924000018742,36
0.8881680999766104,62
0.8884323999809567,31
0.8887685999798123,-10
0.889044899988221,-29
0.8893104000017047,-41
0.8896458999952301,-17
0.8899365999968722,-31
0.890270599978976,15
0.8905386999831535,17
0.8908172999799717,-9
0.8911466999852564,-86
0.8914167999755591,-43
0.8916916000016499,-75
0.892023499996867,-76
0.8922703999851365,-28
0.8925208000000566,-21
0.8927707999828272,-82
0.8931027999788057,-89
0.8934389999776613,-43
0.8944052000006195,25
0.8948006999853533,-5
0.8951863999827765,-104
0.8956138999783434,33
0.8959358999854885,0
0.8961906999757048,-2
0.8965018999879248,-19
0.8967485999746714,45
0.8970186999940779,16
0.897271499998169,12
0.897586399980355,22
0.8978745999920648,16
0.8981233999948017,61
0.8983842000016011,37
0.898645499983104,42
0.8989140999910887,38
0.899180799984606,30
0.8994303999934345,28
0.8997663999907672,42
0.9000390000001062,58
0.9003045999852475,66
0.9006415999901947,-6
0.9009198999847285,4
0.9011564999818802,-44
0.9014472999842837,-32
0.9017695999937132,4
0.9020181999949273,-68
0.9022676999738906,-18
0.9025262999930419,-40
0.9027928999857977,-76
0.903061399993021,-79
0.9033775999851059,12
0.9036672999791335,0
0.9039338000002317,34
0.9042692999937572,56
0.9045321999874432,60
0.9048139999795239,41
0.9051238999818452,-49
0.9053921999875456,-35
0.9056555999850389,-91
0.9059371999755967,-84
0.9062693000014406,-57
0.9065173999988474,-29
0.9067674999823794,-53
0.9070210999925621,-91
0.9072717999806628,14
0.9075283999845851,-54
0.9078158999909647,3
0.9081262999970932,-67
0.9083743999945,-19
0.9086927999742329,-17
0.9090000999858603,4
0.9092538999975659,0
0.9095000999805052,-12
0.9097666000016034,2
0.9102245999965817,-59
0.9109669999743346,-62
0.9113049999868963,-52
0.9116784999787342,32
0.9119946999999229,3
0.9123824999842327,-23
0.9126489999762271,63
0.9129123000020627,-11
0.9132236999867018,21
0.9135261999908835,0
0.9138110999774653,37
0.914141599991126,-17
0.9143964999821037,-39
0.9146612999902572,-17
0.9149356999841984,-21
0.9152680999832228,34
0.9155361999874003,25
0.9158107999828644,35
0.9161512999853585,75
0.916390099999262,23
0.9166632999840658,47
0.9169380999810528,51
0.9172229999967385,68
0.9174747999932151,69
0.9177436999743804,5
0.9180226999742445,2
0.9183132999751251,46
0.918624899990391,-11
0.9189386999933049,10
0.9192599999951199,-18
0.9195394999987911,-1
0.9198083999799564,1
0.9201246000011452,8
0.9203985999920405,85
0.9206428999896161,57
0.9209198000025935,31
0.921186099993065,56
0.9214759999886155,83
0.921725799998967,43
0.9219756999809761,29
0.9222339999978431,-13
0.9225196999905165,5
0.9227882999985013,27
0.9230570999789052,27
0.9233994999958668,37
0.9236669999954756,46
0.9239325999806169,9
0.9242740999907255,-21
0.9245661999739241,-61
0.9248794000013731,-20
0.9251257999858353,-28
0.9253845999774057,-36
0.9256703999999445,-13
0.9259310999768786,-47
0.9262680999818258,13
0.9266538999800105,-13
0.9269588000024669,-45
0.9274196999904234,-41
0.9280042999889702,-29
0.9283008999773301,27
0.9287355999986175,48
0.9290091999864671,-35
0.9292952999821864,-35
0.9296037000021897,36
0.9298760999809019,5
0.9301197999739088,22
0.9303979999967851,21
0.9306399999768473,17
0.9308939999900758,-25
0.9311469999956898,-22
0.9314136999892071,-37
0.9316684999794234,-9
0.9319332999875769,-10
0.9322687999811023,24
0.9325446999864653,22
0.9327993999759201,43
0.933066500001587,7
0.9333767999778502,40
0.9336218999815173,17
0.9338704999827314,33
0.9341425999882631,-2
0.9344036999973468,0
0.9346889999869745,5
0.934998299984727,21
0.9352687999780755,-4
0.9355494999908842,12
0.9358293999976013,45
0.9361216999823228,61
0.9363752999925055,16
0.9366215999762062,-15
0.9368932999786921,69
0.9371496999810915,63
0.9373935999756213,12
0.9376433999859728,51
0.9378915999841411,29
0.9381710999878123,3
0.9384373999782838,5
0.9387262999953236,2
0.9389972999924794,19
0.9392688999942038,1
0.9395239999867044,29
0.9397895000001881,19
0.9400577999767847,0
0.9403963999939151,-2
0.940688799979398,7
0.940999299986288,-73
0.9412741999840364,-78
0.9415287000010721,-8
0.9418162999791093,-99
0.942125199973816,-38
0.942380199994659,-27
0.942626099975314,-72
0.9429272999987006,-40
0.9432641000021249,-39
0.9436193000001367,-28
0.944036499975482,-34
0.944356499996502,38
0.944650699995691,62
0.9451932999945711,49
0.9456252999952994,-20
0.9459452999872155,48
0.9462322999897879,-28
0.9466451999905985,-27
0.9469506999885198,51
0.9472480999829713,52
0.9474960999796167,39
0.9477679999836255,48
0.948080599977402,-67
0.9483705000020564,-39
0.9486444999929518,-27
0.9488998999877367,-15
0.9491415999946184,-66
0.9493978999962565,35
0.9496615999960341,25
0.9499344999785535,33
0.950267599982908,-22
0.9505401999922469,-30
0.950806199980434,-28
0.9511416000023019,47
0.9514145999855828,51
0.9516786999884062,48
0.952032799978042,82
0.9523092999879736,-5
0.9526431999984197,-68
0.9529189999739174,-48
0.9531866999750491,-59
0.9534329999878537,-6
0.9537789999740198,-13
0.9540572999976575,12
0.9543958999856841,90
0.9546640999906231,38
0.9549343999824487,8
0.9553184999967925,-42
0.9556260999816004,-6
0.9558742999797687,2
0.9561327999981586,-41
0.9564167999778874,18
0.9566627999884076,-31
0.9569187999877613,-12
0.957179899996845,-26
0.9574747000006028,-32
0.9577452999947127,-24
0.9580167999956757,-32
0.9583034999959636,-14
0.958600199985085,3
0.9588509000022896,-13
0.9591004999820143,-8
0.9593717999814544,9
0.9598578999866731,16
0.960984199977247,-9
0.9612921999942046,-127
0.9615472999867052,1
0.9619027999870013,-91
0.9623073999828193,-44
0.9626584999787156,-43
0.9629338999802712,7
0.963269699976081,41
0.9635986999783199,6
0.9638488999917172,-3
0.9640977999952156,-33
0.9643597999820486,23
0.9646196999819949,30
0.9648710999754258,21
0.9651224999979604,5
0.9653890999907162,30
0.9656638999877032,70
0.9659301999781746,89
0.9662660999747459,9
0.966514300002018,26
0.966766400000779,-12
0.9670180999964941,66
0.9672816999955103,67
0.9675402999855578,32
0.9678040999860968,24
0.968140199984191,-37
0.968411699985154,-44
0.96868849999737,-59
0.9689964999852236,-7
0.9692728999943938,-34
0.969564699975308,-29
0.969871899986174,10
0.9701421999779996,-3
0.9704253999807406,22
0.9707093999895733,14
0.9709753999777604,55
0.971225899993442,0
0.9714961999852676,15
0.9717673999839462,39
0.9720265999785624,24
0.9722934999736026,-5
0.9725827999936882,36
0.9728506999963429,28
0.9731010999821592,6
0.97335689997999,9
0.9736243999795988,9
0.9738933999906294,20
0.9741630999778863,-11
0.9744175999949221,17
0.9747285999765154,9
0.9750335999997333,60
0.9753256999829318,69
0.9756470999855082,-30
0.9759142999828327,-25
0.976183899998432,-32
0.976601699978346,-32
0.9770750999741722,-101
0.9774185999995098,-7
0.9778561999846715,8
0.9782053999952041,-2
0.9785648999968544,-30
0.978882600000361,6
0.9791548999783117,32
0.9794395999924745,49
0.979767599987099,2
0.9800353999889921,12
0.980313699983526,16
0.9806485000008252,-36
0.9808900999778416,7
0.98116499997559,-18
0.981429899984505,-12
0.9817690999771003,29
0.9820147999853361,-16
0.9822665999818128,-2
0.9825188999820966,2
0.9827881999954116,13
0.9830396999896038,-67
0.9833063999831211,-22
0.9836485999985598,23
0.9839111999899615,14
0.9841842999740038,7
0.9845178999821655,-19
0.9847930999821983,-10
0.9850531999836676,18
0.9853069999953732,96
0.9856459999864455,51
0.9859387999749742,-55
0.9862693999893963,-20
0.9865183999936562,-10
0.9868024999741465,-10
0.9870840999938082,-14
0.9873510999896098,-21
0.9876215999829583,-32
0.9878759999992326,-47
0.9881439000018872,-29
0.9884139999921899,-24
0.9886841999832541,-17
0.9890200999798253,42
0.9892906000022776,54
0.9895622999756597,40
0.989903299981961,53
0.9902223999961279,-73
0.9905056999996305,-19
0.9907933999784291,-54
0.991069299983792,-58
0.9913816999760456,-6
0.9916725999792106,54
0.9919569999910891,86
0.992228699993575,76
0.9924791999801528,32
0.9927126999828033,27
0.9930512999999337,-13
0.9935393999912776,63
0.9940578999812715,-25
0.9945676999923307,17
0.9949880999920424,-22
0.995338399981847,2
0.9956609999935608,12
0.995952600002056,-69
0.996234899997944,-39
0.996515399980126,-33
0.9967894000001252,-34
0.9970557999913581,-7
0.9973993999883533,9
0.9976442999904975,-33
0.9979185999836773,-3
0.9981553999823518,-9
0.9984387999866158,-19
0.9987716999894474,4
0.9990185999777168,10
0.9992701000010129,6
0.9995563999982551,-8
0.9998748999787495,25
1.0001428999821655,15
1.0004225999873597,19
1.0006507999787573,42
1.0008932999917306,21
1.001171499985503,8
1.001458399987314,36
1.0017280999745708,8
1.0019804999756161,-17
1.002247999975225,15
1.002496799977962,-13
1.002768099977402,-1
1.003039599978365,-28
1.0033165999921039,7
1.0036441999836825,55
1.0039180000021588,45
1.0041620999982115,-6
1.0044144999992568,55
1.0046829999773763,-3
1.0049988999962807,42
1.0052479000005405,-10
1.0054984999878798,16
1.0057678000011947,16
1.0060489999887068,47
1.0062941999931354,14
1.0065548999991734,0
1.0067942999885418,-25
1.0070489999779966,-10
1.0072852000012062,-99
1.0075680000009015,-83
1.0078800999908708,-4
1.0081115999782924,-18
1.008371999982046,-62
1.0086428999784403,-54
1.0088956999825314,-29
1.0091741999785881,-40
1.0094400999951176,-34
1.0098923999757972,32
1.0103584999742452,-10
1.0111320999858435,-29
1.0115633999812417,-17
1.012001999974018,-17
1.0124185999738984,17
1.0127612999931443,-35
1.0130281999881845,-44
1.0132672999752685,-34
1.0135267000005115,-61
1.0138078999880236,-58
1.014125999994576,-2
1.0143681999761611,-35
1.0146489999897312,-10
1.0148923999804538,-68
1.0151695999957155,-40
1.0154146999993827,-32
1.015682299999753,-26
1.0159989999956451,38
1.0162680999783333,-5
1.0165394999785349,-12
1.0168335999769624,33
1.0171010999765713,44
1.0173501999815926,4
1.017607699992368,0
1.0178939999896102,16
1.0181450999807566,3
1.018395299994154,5
1.0186626999930013,-3
1.0189187999931164,-22
1.019154299981892,0
1.0194390999968164,-13
1.019748399994569,8
1.0199968999950215,27
1.0202671999868471,0
1.020543999999063,13
1.020808399975067,-25
1.021123999991687,51
1.0213982999848668,-2
1.0216630999930203,6
1.021918899990851,41
1.0221688999736216,14
1.0224392999953125,16
1.0227702999836765,50
1.0230211000016425,35
1.0232723999943119,17
1.0235274999868125,29
1.023794499982614,20
1.0240549999871291,-11
1.0243134999764152,-59
1.0246289999922737,-2
1.0248749999736901,-8
1.025125999993179,-10
1.0253751999989618,-12
1.0256470999738667,8
1.0259183000016492,-85
1.0261800999869592,-58
1.0268103999842424,-25
1.0274505999987014,6
1.027984899992589,-48
1.0283152999763843,-11
1.0286450999847148,71
1.0289240999845788,-18
1.0292018999753054,-5
1.0294551999832038,-25
1.0297093999979552,-9
1.0299747999815736,-15
1.0302234999835491,55
1.0305185999895912,-51
1.0308085999859031,-8
1.0311442999809515,-13
1.0314169999910519,1
1.0316898000019137,-3
1.032020399987232,57
1.0322683999838773,42
1.0325450999953318,40
1.0327965999895241,18
1.0330518999835476,3
1.033309599995846,-5
1.0336240999749862,35
1.0338965999835636,63
1.0341635999793652,32
1.03443659999175,-2
1.0347773999965284,-43
1.0350627999869175,-19
1.0353955999889877,-18
1.0356627999863122,2
1.035945299983723,-12
1.0362497999740299,24
1.0365170000004582,27
1.0367980999872088,23
1.0371262999833561,71
1.0373987999919336,39
1.037645699980203,18
1.0378637999820057,36
1.0381461999786552,38
1.0384175999788567,1
1.038710799999535,47
1.0389858999988064,38
1.0392716999922413,27
1.0395216999750119,14
1.039856699993834,4
1.0401520000013988,-3
1.0404359999811277,-68
1.0407746999990195,-16
1.0410228999971878,-58
1.0413156999857165,11
1.0416587999789044,30
1.0420962999924086,65
1.0424391999840736,47
1.0427447999827564,0
1.0431076999811921,8
1.043402299983427,0
1.0439495999889914,-42
1.0444076999847312,-31
1.044994299998507,15
1.0454478999890853,-46
1.0458562999847345,-17
1.0461853999877349,-24
1.0465272000001278,31
1.0468085999891628,62
1.047140999988187,-25
1.0474102000007406,-28
1.047662799974205,-30
1.0479148000013083,-60
1.048147199995583,33
1.0484796999953687,15
1.0487711999739986,-45
1.049032899987651,-63
1.0493063999747392,-5
1.049637399992207,20
1.0499063000024762,15
1.050175999989733,35
1.0505156999861356,77
1.0507847999979276,72
1.0510588999895845,71
1.0513970999745652,20
1.0516617999819573,11
1.051928200002294,-15
1.0522609999752603,4
1.0525328999792691,7
1.052805499988608,-1
1.0531390999967698,29
1.0534086999832653,20
1.0536879999854136,14
1.0540139999939129,-70
1.0542847999895457,-33
1.0545354999776464,42
1.0547853999887593,23
1.0550423999957275,9
1.0553034999757074,55
1.055641699989792,24
1.0559181999997236,22
1.0561799999850336,17
1.0565177999960724,-20
1.0567912999831606,-28
1.0570539999753237,-20
1.0573926999932155,4
1.0576669999863952,4
1.057929599977797,1
1.0582670999865513,-12
1.058540699974401,-27
1.0588083999755327,-47
1.0591638999758288,-88
1.0594522999890614,-40
1.0597625999944285,18
1.0602266999776475,9
1.0607256999937817,34
1.0612360999803059,-40
1.0616440000012517,91
1.0619765000010375,-38
1.0622656999912579,-37
1.0625297999940813,-37
1.0628141999768559,-10
1.0631395999807864,37
1.0633908000017982,27
1.0636598999844864,20
1.0639314999862108,19
1.0642655999981798,34
1.0645385999814607,40
1.0648108999885153,7
1.0651207999908365,-87
1.0654019999783486,-86
1.065639899985399,20
1.0659175999753643,38
1.0661615999997593,8
1.066414699977031,-33
1.0666677999834064,44
1.0669373999990057,37
1.0672478999767918,-48
1.0675150999741163,-62
1.0677877999842167,-71
1.0681187000009231,-90
1.0684657999954652,-13
1.0687262999999803,46
1.0689759999804664,38
1.0692260999931023,28
1.069476799981203,5
1.0697257999854628,3
1.0699973999871872,-9
1.0702755999809597,-1
1.0705181999946944,-69
1.0707761999801733,-64
1.0710431999759749,10
1.0712892999872565,-46
1.0715576999937184,-44
1.071872499975143,-38
1.0721225999877788,-44
1.0723937999864575,-27
1.0726497999858111,-26
1.0729052999813575,-76
1.0731895999924745,-79
1.073457899998175,-76
1.0737260999740101,-53
1.0739758999843616,-10
1.0742260999977589,-52
1.0745157999917865,-87
1.0747916999971494,-22
1.0750615999859292,-38
1.0753944999887608,-3
1.0756651999836322,4
1.0759363999823108,30
1.0763597999757621,94
1.076861799985636,-40
1.0774380999791902,-38
1.0779485999955796,19
1.0782867999805603,0
1.07857939999667,14
1.078877799998736,16
1.0791396999848075,8
1.0794186999846715,60
1.0796619999746326,9
1.0799293000018224,0
1.0802683999936562,-39
1.0805409999738913,-31
1.0808061999850906,-22
1.0811402999970596,58
1.0813921999942977,-7
1.081646999984514,-14
1.0819103999820072,-34
1.0821871999942232,-16
1.0825181999825872,69
1.0827769000025,67
1.0830448999768123,0
1.0833122999756597,0
1.0836459999845829,31
1.083917299984023,25
1.084163699997589,15
1.0844330999825615,10
1.0847690999798942,-39
1.0850582999992184,-10
1.0853932999889366,-17
1.0857085000025108,18
1.0859759000013582,39
1.0862255999818444,-4
1.0864809999766294,22
1.086727299989434,-18
1.0869972999789752,-8
1.087268999981461,-14
1.0875259999884292,-46
1.0877690999768674,-109
1.0880462999921292,-59
1.0882928999781143,-8
1.0885454999806825,-54
1.0887933999765664,-74
1.0890457999776118,15
1.0893066999851726,-6
1.0896455999754835,-26
1.0899388999969233,-26
1.090234999981476,-15
1.0905232999939471,1
1.0907715999928769,-19
1.0910185999819078,-26
1.091269700002158,-29
1.0915425999846775,-62
1.0918074999935925,-54
1.092051999992691,-26
1.0923156999924686,-47
1.092652099992847,12
1.09294009997393,-49
1.0935433999984525,26
1.0941098999755923,-67
1.0944719999970403,17
1.0952140000008512,-19
1.0955623999761883,36
1.095886299997801,-19
1.096184499998344,-8
1.0964610999799334,-21
1.0967479999817442,15
1.0970202999887988,-1
1.0972870999830775,26
1.0975810999807436,-1
1.097878899978241,9
1.0981615999771748,48
1.098437099979492,27
1.0987245999858715,12
1.0989728999848012,27
1.099224499979755,29
1.0994971999898553,45
1.0997709999792278,47
1.100030199973844,63
1.100312299997313,52
1.100645500002429,15
1.100916800001869,17
1.1011639999924228,29
1.1014320999966003,37
1.1017714999907184,-27
1.102017999975942,-66
1.1022960999980569,-89
1.1025577999826055,-85
1.1028749999823049,-13
1.1031433999887668,-15
1.1033991999865975,-33
1.1036666999862064,-52
1.1039332999789622,-56
1.104268499999307,29
1.1045247000001837,39
1.1047927999752574,4
1.1050445000000764,30
1.1052914999891073,-25
1.1055564999987837,-33
1.105792799993651,-55
1.1060526999935973,-73
1.1063076999853365,-16
1.106643199978862,-1
1.1069224999810103,20
1.1071905999851879,-6
1.107428399991477,-8
1.1076832999824546,-58
1.1080021999950986,13
1.1082518999755848,-8
1.108504699979676,-41
1.1087504999886733,-32
1.1090043000003789,-81
1.1092503999825567,-35
1.1095052000018768,-35
1.1098850999842398,-84
1.1104192999773659,5
1.1113572999893222,-55
1.1116567999997642,26
1.1120432000025176,27
1.1123231999808922,-32
1.1126673999824561,-36
1.112994900002377,-25
1.1132496999925934,82
1.1135152999777347,53
1.1137898000015412,46
1.1140540999767836,22
1.1143922999908682,-16
1.1146669999870937,-33
1.1149310999899171,-7
1.1152697999787051,-24
1.115551199996844,-51
1.1158320999820717,7
1.116123299987521,42
1.1163737999740988,0
1.1166224999760743,3
1.1168924999947194,4
1.1171468999818899,-34
1.1174176999775227,-40
1.1176847999740858,-15
1.1180000999884214,41
1.1182684999948833,57
1.1185459999833256,50
1.1188128999783657,61
1.1191461999842431,69
1.1194183999905363,62
1.1196864999947138,42
1.1200179999868851,21
1.1202954999753274,-5
1.1205693999945652,0
1.1208753999962937,-31
1.1211262999859173,-75
1.1213807000021916,-32
1.1216459999850485,-50
1.1219180999905802,-46
1.122189999994589,-50
1.1225006000022404,-10
1.122772399976384,-4
1.1230213999806438,-32
1.1232726000016555,-26
1.1235213999752887,-67
1.1237706999818329,-21
1.124042899988126,-41
1.1242854000010993,-114
1.124553100002231,-87
1.1248061999795027,6
1.1250593999866396,11
1.1254098999779671,-44
1.1256921999738552,-6
1.1260232999920845,24
1.1263656999799423,50
1.1266727999900468,-12
1.1270222000021022,-107
1.1277004999865312,14
1.128066699980991,0
1.1284063999773934,27
1.1287089999823365,-27
1.129049599985592,-69
1.1293782999855466,-10
1.129754800000228,4
1.1300369999953546,-64
1.1302912999817636,18
1.1305565999937244,-31
1.1308717999781948,-33
1.131140699988464,-72
1.1314142999763135,-73
1.131687899993267,-65
1.1319956999795977,-18
1.1322649999929126,31
1.1325407999975141,-1
1.132789600000251,24
1.1330585999821778,1
1.1333968999970239,57
1.1336472999828402,29
1.1338937999971677,7
1.1341503000003286,32
1.1344159999862313,5
1.1346828999812715,9
1.1350256000005174,48
1.1352683999866713,8
1.1355390999815427,17
1.1358170999737922,53
1.136123399977805,64
1.1363716999767348,52
1.1366477999836206,58
1.1368929999880493,-9
1.1371494999912102,71
1.1374164999870118,37
1.1376872999826446,50
1.137989499984542,15
1.1382708999735769,-17
1.1385387999762315,-36
1.1387828000006266,67
1.1390688999963459,39
1.1393750999995973,-32
1.1396265999937896,-91
1.139879900001688,7
1.1401473000005353,40
1.140397099981783,13
1.1406520000018645,57
1.140896500000963,44
1.141148599999724,-11
1.1413971000001766,37
1.141652599995723,-18
1.141902499977732,-33
1.1421758999931626,-39
1.1424167999939527,-83
1.1426824999798555,-38
1.143030799983535,-14
1.1435227999754716,27
1.1439480999833904,19
1.1443202999944333,-16
1.144881499989424,20
1.1454595999966841,-73
1.1458832999924198,35
1.1461471999937203,-3
1.1464140999887604,45
1.1466849999851547,58
1.1469966000004206,27
1.147266199986916,18
1.147541199985426,0
1.1478610999765806,11
1.1481197999964934,-94
1.1483946999942418,-73
1.1486684999836143,-47
1.148933799995575,-49
1.149271799979033,23
1.1495201999787241,0
1.1497720999759622,-14
1.1500217999855522,-67
1.1502891999843996,-7
1.1505591999739408,1
1.1508764999744017,-5
1.1511441999755334,17
1.1514135999896098,4
1.1516908999765292,21
1.1519977999851108,40
1.1522676999738906,65
1.1525388000009116,52
1.152815199980978,66
1.1531239999749232,-74
1.1533713999961037,30
1.1536274999962188,55
1.1538920999737456,17
1.1541634000022896,6
1.154419999977108,13
1.1546852999890689,74
1.155028199980734,12
1.1553139999741688,-95
1.155625199986389,-22
1.1558799999766052,-13
1.1561254999833182,-70
1.156375599995954,-34
1.1566248000017367,-36
1.156876099994406,-87
1.1571462999854703,5
1.157418199989479,23
1.1576605000009295,-24
1.1579348999948706,-29
1.1582720000005793,-51
1.1585219999833498,-93
1.1587719999952242,-26
1.1590501999889966,-40
1.1593333999917377,-18
1.1597030999837443,-77
1.1601235999842174,-15
1.160522599995602,6
1.1610628999769688,-40
1.1616814000008162,56
1.1619943999976385,19
1.1623267999966629,16
1.162665099982405,17
1.1629768999991938,-16
1.163227699988056,-1
1.1634758999862242,-37
1.1637484999955632,-62
1.1640189999889117,-75
1.1642791999911424,-41
1.1645180999767035,-10
1.1647967999742832,-9
1.1650640000007115,-9
1.1653931999753695,-36
1.165672299975995,8
1.1659387999970932,-15
1.1662720999738667,43
1.166518799989717,2
1.1667973999865353,-12
1.167046599992318,7
1.1673020999878645,-13
1.1675578999856953,-47
1.1679020999872591,22
1.1681425999850035,27
1.1684191999956965,24
1.1686914999736473,-9
1.1689989999867976,99
1.1692701999854762,79
1.1695425999932922,78
1.1697895999823231,53
1.1700585999933537,18
1.1703756999922916,2
1.1706467999902088,60
1.1709801999968477,-9
1.1712329000001773,-11
1.1714850999996997,-42
1.1717295999987982,64
1.171982100000605,26
1.1722734999784734,-13
1.172609499975806,-54
1.1729006999812555,-25
1.1731465999910142,-31
1.1733963000006042,-27
1.1736464999848977,-52
1.1739194999972824,11
1.1741594999912195,-29
1.1744339999859221,-19
1.1747943999944255,0
1.175074200000381,-5
1.175381999986712,56
1.1756701999984216,14
1.1759065999940503,50
1.1762020999740344,53
1.1766402999928687,1
1.1769540999957826,-4
1.177347799995914,24
1.1776048999745399,-19
1.1780662999954075,-35
1.1784899999911431,-42
1.1788683999911882,-5
1.179101499990793,-15
1.1793455999868456,-58
1.1795950999949127,59
1.1798664999951143,24
1.180138600000646,31
1.180410299974028,2
1.1806855999748223,21
1.1809921999811195,-42
1.181265799998073,-64
1.181538399978308,-62
1.1818078999931458,-73
1.1821176999947056,-27
1.1823924999916926,-3
1.1826656999764964,-23
1.1829307999869343,-8
1.1832463999744505,51
1.1834991999785416,-29
1.1837679999880493,-16
1.1840390999859665,-37
1.1843108999892138,1
1.1846429999859538,16
1.1848954999877606,16
1.1851680999970995,54
1.1854295999801252,55
1.185767199989641,60
1.186044399975799,45
1.186311699973885,33
1.1866427999921143,-16
1.186919499974465,-15
1.1871930999914184,6
1.1874598999856971,-22
1.1877258999738842,-28
1.1879760999872815,-33
1.1882472999859601,-75
1.1885184999846388,-72
1.1887892999802716,-69
1.1890570999821648,-94
1.1893925999756902,-18
1.1896692999871448,4
1.1899342999968212,20
1.1903007999935653,38
1.1906455999996979,-103
1.190898799977731,-52
1.191144099982921,-24
1.1914234999858309,-36
1.1916600999829825,-78
1.191924199985806,9
1.1921941999753471,34
1.192479799996363,-79
1.1927293999760877,-20
1.193050999980187,-1
1.1933356999943499,-31
1.1936782999837305,-25
1.1941983999859076,-27
1.1946293999790214,13
1.1950130999903195,-13
1.1954974999825936,-33
1.1958251999749336,11
1.196106699993834,36
1.1963753000018187,32
1.1966457999951672,15
1.1969121999864,16
1.1971789999806788,19
1.1974531000014395,0
1.1977271999930963,12
1.1979949999949895,-10
1.1982647999830078,8
1.1985375999938697,-7
1.1987901999964379,-20
1.199055099976249,90
1.1993725999782328,20
1.1996230999939144,-21
1.199893199984217,-32
1.2001541999925394,-67
1.2004258999950252,-42
1.200683199975174,21
1.2010211999877356,-27
1.2012695999874268,-29
1.2015183999901637,-51
1.2017965999839362,-71
1.2020567999861669,6
1.2023718999989796,-10
1.2026431999984197,-27
1.2028982999909203,-25
1.2031535999849439,-101
1.2033926000003703,-20
1.2036706999933813,-10
1.203910599986557,-66
1.2041662999836262,54
1.2044351999938954,43
1.2047514999867417,-17
1.2050021999748424,20
1.2052673999860417,17
1.205553499981761,0
1.2058096999826375,-3
1.2061432999907993,-14
1.2064223999914248,-42
1.206695499975467,-24
1.2070009000017308,38
1.207254799985094,-35
1.2075010999978986,-39
1.2077539999736473,-10
1.2080212000000756,-69
1.2082929999742191,-57
1.208552600000985,-36
1.2087939999764785,-35
1.209056399995461,-72
1.2093114999879617,17
1.209705599991139,-31
1.209982200001832,25
1.2103200999845285,13
1.2108886999776587,-46
1.2115084999823011,-12
1.211996400001226,-9
1.212416199996369,41
1.212752499995986,-37
1.2130048999970313,-9
1.2132743999827653,36
1.2135407999739982,1
1.2138056999829132,4
1.2141433999931905,2
1.214417199982563,9
1.214680999983102,28
1.2150189999956638,-91
1.2153014999930747,-63
1.2155533999903128,21
1.2158084999828134,22
1.2161254999809898,-30
1.2163729000021704,-82
1.2166481000022031,-15
1.2169229999999516,-41
1.2171737999888137,-39
1.217433899990283,-38
1.217763799999375,-23
1.2180022999818902,-30
1.2182728999760002,22
1.2185182999819517,-17
1.218774899985874,-75
1.2190217000024859,14
1.21929189999355,20
1.21956249998766,-18
1.2198974999773782,-90
1.2201653999800328,-13
1.2204370999825187,-10
1.220771699998295,26
1.221123900002567,-25
1.2213779999874532,52
1.2216660999984015,-69
1.2219439999898896,-87
1.2222732999944128,-56
1.222519499977352,-7
1.2227902000013273,-8
1.2230589999817312,-8
1.2234016000002157,5
1.223647599981632,10
1.2238970999896992,-26
1.224147200002335,-24
1.2243971999851055,-94
1.2246462999901269,-20
1.224917599989567,-22
1.2251605999772437,-46
1.2254373999894597,-45
1.2257767999835778,-9
1.2260667999798898,10
1.2264682999812067,63
1.2269875999772921,-29
1.2275769999832846,-29
1.2280452999984846,14
1.2283270999905653,-54
1.2286056999873836,-8
1.2288852999918163,-18
1.2291676999884658,-3
1.2294051999924704,11
1.2296872999868356,3
1.2300188999797683,78
1.2302731999952812,62
1.2305263000016566,38
1.2307651999872178,40
1.2310174999875017,7
1.2312739999906626,2
1.2315256999863777,3
1.2317679999978282,-27
1.2320470999984536,-54
1.2323069999984,-23
1.2326428999949712,24
1.2329172999889124,17
1.2331836999801453,23
1.2334317999775521,45
1.233746699988842,62
1.2339935999771114,12
1.2342459999781568,56
1.2345171999768354,16
1.234795700001996,33
1.2350317999953404,17
1.2353156999743078,6
1.2356239999935497,78
1.2358934999792837,87
1.2361639000009745,72
1.236555599985877,81
1.2368760999816004,-39
1.2371368999883998,-24
1.2374193999858107,6
1.237678399978904,25
1.237918599974364,1
1.2381697999953758,-32
1.238408699980937,1
1.238689499994507,-2
1.2389972999808379,-26
1.239270599995507,-32
1.2395477999816649,-24
1.2397835000010673,-88
1.2400430999987293,-29
1.2403005999804009,-50
1.2405598999757785,-82
1.2408932999824174,-62
1.2411641999788117,-12
1.2414375999942422,-12
1.241750499990303,26
1.2420070999942254,2
1.2422536999802105,-8
1.2425603999872692,-9
1.2429344999836758,-38
1.243244199984474,-92
1.2436270999896806,-22
1.2442590999999084,-51
1.2447601999738254,66
1.2450784999819007,-25
1.2454673999745864,13
1.2457322999835014,-24
1.2460061999736354,14
1.246274299977813,9
1.2465156999824103,-6
1.2467698999971617,91
1.247041900001932,38
1.2473070999840274,61
1.247641099995235,-2
1.2479168999998365,-18
1.2481934999814257,8
1.2484972999955062,-102
1.2487653999996837,-92
1.2490152999816928,-48
1.249269699997967,-28
1.2495268999773543,-87
1.2497545999940485,7
1.2499971999786794,80
1.250268399977358,53
1.250547599978745,70
1.2507680999988224,32
1.2510244000004604,77
1.2512730000016745,30
1.2515400999982376,24
1.25180879997788,0
1.2521756999776699,10
1.2524675999884494,-6
1.2526707999932114,19
1.2528999999922235,57
1.2531093999859877,-10
1.253356100001838,-63
1.2536078999983147,-73
1.2539090999925975,-53
1.2541722999885678,-37
1.254393799987156,-22
1.254619499988621,23
1.2548592999810353,-17
1.2551004999841098,41
1.2553481999784708,4
1.2555988999956753,24
1.2558519000012893,11
1.2561197999748401,-18
1.256391699978849,-29
1.256659899983788,-23
1.2569335000007413,-22
1.2572657999990042,-15
1.257539199985331,-26
1.257812899973942,11
1.2581206999893766,26
1.2583943999779876,15
1.2586667999858037,7
1.2589297999802511,-19
1.2592680999950971,-48
1.2595416999829467,-18
1.2600908000022173,-86
1.260476600000402,-20
1.2608785999764223,-45
1.2612391999864485,16
1.2615221999876667,-74
1.2618031999736559,-60
1.2621409999846946,-59
1.2624428999843076,-12
1.2627341999905184,-29
1.2630350999825168,36
1.2632870999805164,19
1.2635563999938313,40
1.2638896999997087,48
1.264158599980874,26
1.2644308999879286,22
1.2647637999907602,-12
1.2650350999902003,-24
1.2653070999949705,-18
1.2656393999932334,15
1.2659130999818444,31
1.2661859999934677,13
1.266497199976584,80
1.2667646999761928,91
1.2670645999896806,85
1.2673126999870874,41
1.2676448999845888,14
1.2678996999748051,7
1.2681437999999616,-17
1.268413399986457,49
1.2686821999959648,44
1.2689950999920256,25
1.2692688999813981,0
1.269538399996236,-19
1.2698061999981292,-36
1.270144199981587,-28
1.2704155999817885,6
1.2706851999973878,-18
1.2710198999848217,104
1.2712921999918763,97
1.271560099994531,65
1.2718957999895792,15
1.2721670999890193,10
1.272429699980421,-7
1.2726852999767289,-34
1.2730201999947894,-21
1.273293799982639,-38
1.2735562000016216,-65
1.2738100999849848,-75
1.2741244999924675,-53
1.2743942999804858,-34
1.2746652999776416,-3
1.2749385999923106,-5
1.2752758999995422,67
1.2755443999776617,73
1.2757940999872517,51
1.2760500999866053,38
1.2763513999816496,17
1.2767951999849174,-37
1.277347399998689,-13
1.2780590999755077,-29
1.2784080999845173,29
1.2786924999963958,25
1.2789978999935556,-61
1.27927389999968,-46
1.2795650999760255,-18
1.2798729999922216,0
1.2801422999764327,-4
1.2804124999966007,20
1.2806887999759056,5
1.28097429999616,18
1.2812260999926366,33
1.2814961999829393,-18
1.2817672999808565,-22
1.282023699983256,-8
1.2822878999868408,0
1.282565599976806,11
1.2828959999897052,55
1.2831487999937963,76
1.2833964999881573,44
1.2836501999991015,3
1.2838981999957468,21
1.2841687999898568,-11
1.2844286999898031,23
1.284685399994487,-10
1.285020799987251,20
1.2852990999817848,23
1.2855666999821551,9
1.2858757999783847,50
1.2861220999911893,42
1.2863929999875836,23
1.2866710999805946,42
1.2869179999979679,27
1.2871849999937695,91
1.2874537000025157,98
1.2877259999804664,94
1.2879762999946252,87
1.2882262999773957,15
1.2884754999831785,24
1.288726599974325,-7
1.2889758999808691,-20
1.2892263999965508,-64
1.2894761999777984,-26
1.289725599985104,-20
1.2899757999985013,-89
1.2902261999843176,6
1.290497999987565,-24
1.2907686999824364,-61
1.2910245999810286,-37
1.2912995999795385,-64
1.2915336999867577,38
1.291804799984675,24
1.2921464999963064,-22
1.2923927999800071,-34
1.2926495999854524,-86
1.2929272999754176,22
1.293303799990099,-51
1.2936619999818504,50
1.2941352999769151,-50
1.2945792999817058,26
1.2950574999849778,-1
1.295484399975976,-12
1.2957753999799024,-12
1.2960851999814622,-53
1.296372099983273,-37
1.2966472999833059,0
1.2968916999816429,-63
1.2971467999741435,-10
1.297421099996427,-9
1.297701599978609,-29
1.2979735999833792,-30
1.298252099979436,-19
1.298515899979975,-30
1.2987898999999743,-33
1.2990455999970436,-28
1.29930620000232,-46
1.2996440999850165,10
1.2999146999791265,24
1.300166499975603,-18
1.3004319999890868,-26
1.30070419999538,-25
1.3009755999955814,-33
1.3012545999954455,-30
1.301497799984645,-7
1.3017689999833237,-17
1.3020476999809034,8
1.302300599985756,-19
1.3026016999792773,2
1.3028515999903902,41
1.3031016000022646,5
1.3033732999756467,0
1.3036442000011448,0
1.3039021999866236,-12
1.3041691999824252,-17
1.3044381999934558,-25
1.3047713999985717,34
1.3050170999777038,19
1.3052904999931343,8
1.3055617999925744,4
1.3058753999939654,-9
1.3061215999769047,33
1.3063934999809135,19
1.3066504999878816,6
1.3069179999874905,3
1.3071891999861691,9
1.3074360999744385,9
1.3077756999991834,56
1.308022199984407,72
1.3082727000000887,32
1.3085421999858227,50
1.3088149999966845,37
1.3091260999790393,50
1.309376399993198,0
1.309908999974141,32
1.310465499991551,0
1.310934199980693,-42
1.3113072999985889,-24
1.3117404999793507,-9
1.3121650999819394,-35
1.312498899991624,38
1.3127733999863267,-15
1.3130396999767981,28
1.3133065000001807,27
1.3137515999842435,-24
1.3140099000011105,41
1.3142990999913309,44
1.3145468999864534,46
1.3148056999780238,29
1.315188099979423,10
1.3154761999903712,-24
1.3157229999778792,-60
1.31597879997571,3
1.3162444999907166,19
1.3164967999910004,15
1.3167678999889176,-25
1.3170178000000305,78
1.31729579999228,38
1.31756199998199,62
1.3178933000017423,-2
1.3181709999917075,-3
1.3184096999757458,-7
1.3186688999994658,-55
1.318927899992559,45
1.3191831999865826,10
1.3194337000022642,1
1.3197704999765847,-62
1.3200407999975141,-56
1.3203004999959376,-85
1.3205519999901298,-17
1.3208515000005718,6
1.3211009999795351,-3
1.3213509999914095,-14
1.3216299999912735,-73
1.321896299981745,-89
1.322167799982708,-81
1.3224334999977145,-93
1.3227725999895483,-24
1.32303959998535,-26
1.3233089999994263,-17
1.3236459999752697,24
1.32391429998097,30
1.324182499985909,27
1.3245251999760512,0
1.3247730000002775,-17
1.3250277999904938,74
1.3252721999888308,32
1.3255428999837022,2
1.3258155999938026,-4
1.3261082999815699,43
1.3265281999774743,13
1.328271099977428,35
1.328625900001498,29
1.328892099991208,-17
1.3291960999777075,-24
1.3294331999786664,-60
1.3297689999744762,-42
1.330020900000818,-9
1.330265500000678,-8
1.3305154999834485,-71
1.3307855999737512,-31
1.3310661999857984,-5
1.3313898999767844,-12
1.3316642999998294,-9
1.3319322999741416,-8
1.332251699990593,29
1.3325202999985777,90
1.3327893999812659,70
1.3330621999921277,66
1.333395499998005,25
1.3336806999868713,-66
1.3340207999863196,-48
1.334290200000396,-38
1.3345582999754697,-4
1.3348972999956459,76
1.3351651999983005,58
1.3354330000001937,60
1.3357717999897432,46
1.3360178000002634,-15
1.3362883999943733,-2
1.3365383999771439,9
1.3368110999872442,31
1.3371266999747604,22
1.3373800999834202,63
1.337675599992508,46
1.337962299992796,24
1.3382515999837779,11
1.33850679997704,2
1.3387515999784227,-36
1.339004899986321,67
1.339251899975352,37
1.3394924999738578,36
1.3397722999798134,60
1.3400223999924492,0
1.3402724999759812,-10
1.3405215999810025,16
1.3407719999959227,-35
1.341042899992317,-38
1.3413147999963257,-31
1.341625799977919,13
1.3418981999857351,41
1.3421465999854263,26
1.3423962999950163,-17
1.3426472999854013,-16
1.3429311999934725,-45
1.3440858999965712,-14
1.3444261999975424,-25
1.3448435999744106,6
1.34525779998512,-68
1.3456424999749288,16
1.3459422999876551,-17
1.3462414999958128,41
1.346531799994409,9
1.3467947999888565,23
1.3470557999971788,-5
1.3473948999890126,-15
1.3476700999890454,-52
1.347937099984847,-33
1.3482470999879297,-16
1.3485149999905843,-19
1.3487708999891765,-3
1.3490410999802407,19
1.3493089999828953,-38
1.3496226999850478,-75
1.3498974999820348,-22
1.3501681999769062,-27
1.3504380999947898,-25
1.3507691999839153,1
1.351039299974218,8
1.351310999976704,19
1.3516515999799594,17
1.3518931999860797,69
1.3521712999790907,63
1.3524392999825068,87
1.3527505999954883,33
1.3529983999906108,8
1.3532472999941092,46
1.3535176999866962,22
1.3537887999846134,51
1.3540677999844775,43
1.3543804999790154,-68
1.3546039999928325,24
1.3548542999778874,-21
1.3551039999874774,54
1.355356699990807,28
1.3556389999866951,8
1.355917099979706,32
1.3561516999907326,15
1.3563970999966841,-9
1.3566460000001825,-28
1.3568973999936134,-15
1.3571681999892462,-94
1.3574405999970622,-114
1.357750399998622,-18
1.358022100001108,3
1.3582722999854013,-10
1.3585211999888998,-75
1.3587713000015356,-50
1.359020399977453,-33
1.3592727999784984,-82
1.359525499981828,-22
1.3610182999982499,-5
1.3614726999949198,-33
1.3617920999822672,-62
1.3621363999845926,-49
1.362526999990223,18
1.3628563999955077,-92
1.3631273999926634,-73
1.3633730000001378,11
1.3636479999986477,-15
1.3639136999845505,-31
1.3641829999978654,-41
1.3645016999798827,3
1.3647681000002194,-42
1.3650551999744494,-52
1.3653509999858215,-1
1.3656010999984574,31
1.3658509999804664,20
1.3661009999923408,-31
1.3663721999910194,-29
1.3666489999741316,-36
1.3669252999825403,1
1.367200499982573,-7
1.3674750999780372,-14
1.3677250999899115,-1
1.3679750000010245,-57
1.3682256999891251,-6
1.368475800001761,-22
1.3687462999951094,-57
1.3690185000014026,-65
1.3692775999952573,-51
1.369518399995286,-3
1.3697963999875356,-27
1.3700696000014432,-40
1.370375200000126,-29
1.3706214999838267,-41
1.3708713999949396,-29
1.371143199998187,-64
1.3713996000005864,-76
1.3716679999779444,9
1.371934999973746,-18
1.3722713999741245,-17
1.3725388999737334,-35
1.3728174999996554,-23
1.373125499987509,36
1.373375399998622,-6
1.3736262999882456,6
1.37392319997889,23
1.374275399983162,22
1.3745214999944437,18
1.3747725999855902,-3
1.3750422000011895,72
1.3753696999920066,7
1.3756538000016008,-89
1.375938999990467,-82
1.37626249997993,-57
1.3766865999787115,10
1.3776022999954876,-45
1.3780162999755703,-70
1.3785309999948367,-50
1.3788620999839623,-11
1.3791468999988865,43
1.3794154999777675,43
1.379726599989226,-59
1.3799732999759726,47
1.3802484999760054,47
1.3805146999948192,34
1.3807892999902833,-5
1.3810636999842245,23
1.381377199984854,-14
1.381623799999943,-77
1.3818768999772146,22
1.382144299976062,7
1.3824139999924228,17
1.3827058000024408,13
1.3829791999887675,-1
1.3832628999953158,6
1.3835467999742832,-67
1.3838148999784607,-88
1.3841218999878038,-11
1.3843932999880053,-21
1.3846720999863464,-9
1.3849408999958541,-7
1.385225799982436,44
1.3854759999958333,23
1.3857465999899432,37
1.386017599987099,47
1.3862732999841683,18
1.386540799983777,7
1.386807000002591,-8
1.3871448999852873,63
1.3874212999944575,49
1.3876899000024423,55
1.3879992000001948,-39
1.3882554000010714,67
1.3884997999994084,64
1.3887706999958027,17
1.38904179999372,5
1.389316199987661,-14
1.3896271999983583,-81
1.3898751999950036,10
1.3901455999875907,6
1.3904322999878787,-21
1.390746399993077,-114
1.3910152999742422,-77
1.3912801999831572,-98
1.3915589999814983,-54
1.3918972999963444,35
1.3921510999789461,-31
1.3923968999879435,-23
1.3926502999966033,-23
1.3929378999746405,-62
1.3935014999879058,-4
1.394110900000669,-42
1.394473599997582,-98
1.3950327999773435,-68
1.39539920000243,-24
1.3957269999955315,-15
1.395980499975849,-54
1.3962237999949139,-26
1.3964769000012893,-74
1.3967454999801703,-7
1.3970161999750417,0
1.3972723999759182,-33
1.397524699976202,-40
1.3977651000022888,31
1.3980177999765147,7
1.3983333999931347,-33
1.398579599976074,-13
1.3988320999778807,13
1.3990980999951717,-25
1.3993748999782838,-35
1.3996418999740854,-91
1.399921899981564,-73
1.4001761999970768,14
1.4004315999918617,32
1.4007495999976527,-21
1.4009970999904908,-69
1.4012677999853622,14
1.4015395999886096,26
1.4017969999986235,-4
1.4020642999967095,-11
1.4023740999982692,-43
1.4026443999900948,-68
1.402914599981159,-45
1.4031829999876209,-133
1.4034332000010181,-38
1.4037463999993633,38
1.4040002999827266,-57
1.4042684999876656,-44
1.4045390999817755,-23
1.404808499995852,-35
1.4051433999848086,1
1.4053982999757864,-15
1.4056635999877471,29
1.4059524999756832,21
1.406278199981898,50
1.4065522000018973,-38
1.4067883999960031,31
1.4070626999891829,27
1.4074021999840625,-66
1.4076831999991555,-15
1.4080215999856591,-22
1.408278299990343,-24
1.4085589000023901,-21
1.408897099987371,27
1.4091511000005994,36
1.409396899980493,4
1.4097201999975368,-14
1.4102764999843203,-9
1.4111274999741,-41
1.4115224999841303,-5
1.411848599993391,46
1.4121707000012975,-23
1.412454599980265,-25
1.4127498999878298,-6
1.4129977999837138,-19
1.413249499979429,-17
1.4135147999913897,-23
1.4137722000014037,-26
1.41402699999162,-17
1.414270499983104,1
1.4145185999805108,-20
1.4147967999742832,0
1.4150427999848034,-58
1.415309799980605,15
1.4156254999979865,-16
1.4158976999751758,0
1.4161670999892522,-16
1.4164282999990974,-49
1.4166818999801762,-93
1.4170211000018753,-53
1.4172951999935322,-39
1.4175619999878109,-20
1.4178972999798134,62
1.4181441999971867,59
1.4184208999795374,22
1.4186687999754213,47
1.4189162999973632,3
1.4191824999870732,-2
1.4194334999774583,15
1.4197719999938272,65
1.420039699994959,49
1.42030899997917,94
1.4206459999841172,30
1.4209140999882948,27
1.4211945999995805,18
1.4214649999921676,27
1.4218131999950856,-14
1.4221185999922454,-9
1.4223979999951553,-8
1.4226509000000078,2
1.42289219997474,-11
1.4231467999925371,-27
1.4234181999927387,-18
1.4236830000008922,-21
1.4239479999814648,-73
1.4242539999831934,-32
1.4245061999827158,-7
1.4247507999825757,-67
1.425004299991997,-25
1.4252541000023484,-20
1.4255217999743763,-41
1.4257915999914985,-93
1.426064300001599,-62
1.4265266000002157,-27
1.4269744999764953,-99
1.428029799979413,-105
1.4283923999755643,-73
1.4287502999941353,11
1.429024799988838,63
1.429268299980322,22
1.4295240999781527,9
1.4297895999916364,-4
1.4300553999783006,8
1.4303941999969538,-71
1.4306664999749046,-63
1.4309368999965955,-60
1.431266899977345,-11
1.4315414000011515,-1
1.431788299989421,-25
1.4320481999893673,-35
1.43229299999075,-64
1.4325566999905277,-15
1.4328076999809127,-15
1.4331428000004962,-15
1.4334205999912228,17
1.4336877999885473,25
1.4340198999852873,61
1.4342883999925107,68
1.4345627999864519,91
1.4348961999930907,33
1.435163799993461,23
1.4354405999765731,22
1.4357496000011452,-1
1.4359970999939833,-81
1.4362686999957077,-88
1.4365579999866895,-43
1.4368130999791902,-82
1.4371037999808323,-16
1.4373740000010002,-80
1.437644099991303,-40
1.4379170999745838,-33
1.4381902999884915,-29
1.438540599978296,-6
1.4388141999952495,69
1.4391508999979123,9
1.4393965999770444,7
1.4396678999764845,13
1.4399405999865849,0
1.4402491999790072,-77
1.4405009999754839,-23
1.4407561999978498,-32
1.4410005999961868,-67
1.4412717999948654,54
1.4415425999904983,40
1.4418132999853697,26
1.442146599991247,-34
1.4424172999861185,-28
1.4426823999965563,-24
1.4430348000023514,-35
1.443451599974651,21
1.4440897999738809,23
1.4446760999853723,-48
1.4450232999806758,-75
1.4454364999837708,11
1.4458326999738347,-15
1.4461660999804735,0
1.4464459999871906,-39
1.4467434999824036,-43
1.4469943000003695,-37
1.44724359997781,-74
1.4474933999881614,17
1.4477422999916598,27
1.4479929999797605,84
1.4482419999840204,35
1.448492299998179,18
1.4487447999999858,25
1.448995399987325,-4
1.4492424999771174,-4
1.4494925999897532,-81
1.4497425000008661,-22
1.4499975999933667,-33
1.4502381999918725,-71
1.4504926999798045,27
1.450742499990156,6
1.450997499981895,84
1.4512425999855623,40
1.4514924999966752,24
1.4517423999786843,68
1.4520324999757577,50
1.452552199974889,84
1.4529406999936327,-16
1.4531916999840178,-90
1.453417399985483,-52
1.4536612999800127,67
1.4538860999746248,7
1.4541152000019792,51
1.4543683999800123,13
1.4546172999835107,-38
1.4548678999999538,-41
1.4551242000015918,-54
1.4553682999976445,-74
1.4556136999744922,-3
1.4558667999808677,-24
1.4561595999985002,-18
1.456384099990828,25
1.4566147000005003,-4
1.4568674999754876,56
1.4571171999850776,15
1.4573740999912843,-15
1.457617299980484,-20
1.4578681999992114,-49
1.4581168000004254,0
1.458368599996902,-62
1.4586166999943089,-49
1.4589252999867313,-50
1.4592382999835536,-70
1.459489599976223,-63
1.4597906999988481,-5
1.4600466999982018,12
1.4602912999980617,-30
1.460548299975926,-62
1.4608006999769714,-69
1.461206099978881,-109
1.4616478999960236,-37
1.4620383000001311,-34
1.4624653999926522,-85
1.462784899980761,63
1.4631247999786865,-22
1.4634270999813452,-25
1.4637003999960143,-11
1.46402269997634,36
1.4642938999750186,-8
1.4647054999950342,43
1.4650949999922886,-19
1.4653926999890245,20
1.4656374999904074,62
1.4659091999928933,73
1.4661558999796398,28
1.4663830999925267,1
1.4666119999892544,-27
1.4668832999886945,-26
1.4671106000023428,-27
1.4673614999919664,-19
1.4676102999947034,-75
1.4678833999787457,24
1.4681107999931555,-17
1.4683765999798197,-19
1.4685977999761235,49
1.4688401999883354,54
1.4691111999854911,46
1.4693825999856927,66
1.4696105999755673,36
1.4698818999750074,65
1.4701135999930557,-21
1.4703686999855563,-22
1.4706144999945536,-92
1.470885199989425,-14
1.4711582000018097,-15
1.4714299999759533,-40
1.4717614999972284,13
1.4720324999943841,-7
1.4723038999945857,7
1.472635199985234,-12
1.4729137999820523,3
1.4731818999862298,-19
1.4734499999904074,-1
1.47371939997538,-22
1.4740157999913208,48
1.4742673999862745,-70
1.4745140000013635,43
1.4747658999986015,0
1.4750367999949958,-3
1.475303699990036,9
1.475643299985677,-72
1.4759207000024617,-79
1.4761824999877717,-94
1.476635200000601,-45
1.476934899983462,25
1.4774667999881785,-91
1.4779209999833256,-55
1.4782378999807406,30
1.4785943999886513,2
1.4789209000009578,56
1.4791895999806002,44
1.4794721999787726,57
1.4797199000022374,39
1.4799711999949068,5
1.480217599979369,31
1.4804688000003807,-7
1.4807399999990594,-7
1.4810095999855548,11
1.481282699998701,9
1.4815538999973796,24
1.4818914999777917,1
1.4821605999895837,19
1.482423799985554,48
1.4827630999789108,-70
1.483035299985204,-89
1.48330839999835,-102
1.4836400999920443,-24
1.4839106999861542,17
1.4841854999831412,-5
1.4845167999737896,44
1.4847879000008106,81
1.4850619999924675,50
1.4853729999740608,-46
1.4856396999966819,-48
1.4859240999794565,46
1.4861756999744102,51
1.4864501999982167,23
1.486722399975406,16
1.4869944999809377,20
1.4872660999826621,-9
1.4875381999881938,17
1.487811699975282,7
1.488121799979126,-37
1.4883950999937952,-25
1.4886428999889176,-96
1.4889198999735527,-70
1.4891653999802656,-28
1.4894830999837723,-53
1.4897552999900654,6
1.490032199973939,4
1.4903091999876779,38
1.4906285999750253,81
1.490876500000013,5
1.4911224999814294,41
1.4913931999763008,56
1.4916718000022229,49
1.4919382999942172,41
1.4922464999835938,30
1.4925176999822725,59
1.4927954000013415,40
1.493074300000444,-1
1.49358179999399,-12
1.4944256999879144,-2
1.4948676999774761,25
1.4953146999760065,-82
1.4956840999948326,-20
1.4959391999873333,-87
1.496225199982291,-13
1.4964939999917988,-26
1.4967644999851473,-14
1.4970412999973632,-43
1.4973016000003554,-25
1.4976458999735769,26
1.4978895999956876,-30
1.498164699994959,5
1.4984304999816231,-8
1.4987683999934234,42
1.4990418999805115,37
1.4993019999819808,17
1.4995707999914885,9
1.4998503999959212,30
1.5001021999923978,6
1.5003684999828693,55
1.500641299993731,63
1.5009141999762505,58
1.5011864999833051,74
1.5014728999813087,122
1.501747099973727,-19
1.5020143000001553,-11
1.5022657999943476,59
1.5025163999816868,39
1.5027903000009246,16
1.5030540000007022,35
1.5033935999963433,-74
1.5036652999988291,-54
1.5039405999996234,-82
1.5042499999981374,-20
1.5045180000015534,-3
1.5047945999831427,-37
1.5050615999789443,-29
1.5053966999985278,-9
1.5056444999936502,10
1.5058924999902956,-44
1.5061480999866035,-11
1.5063957999809645,-32
1.5066635999828577,-73
1.5069413999735843,-55
1.507248999987496,-15
1.5075179999985266,-37
1.5077893999987282,-30
1.508057499973802,1
1.508396699995501,-11
1.508642399974633,65
1.5089199999929406,69
1.5091739999770653,41
1.5094585999904666,52
1.5097404999833088,43
1.5104184999945574,-29
1.5110609999974258,-18
1.5113890999928117,-52
1.5119765999843366,-38
1.512434399977792,63
1.5127824999799486,34
1.5130378999747336,57
1.513288999994984,29
1.513559399987571,32
1.513876099983463,-49
1.514143199980026,25
1.5143969999917317,39
1.514648299984401,28
1.514902599999914,-7
1.5151876999880187,-5
1.51543609998771,64
1.5157708999759052,22
1.5160201999824494,24
1.5162682999798562,-20
1.5165236999746412,63
1.5167912999750115,49
1.5170581999991555,42
1.5173921999812592,-4
1.5176692999957595,-19
1.517936299991561,-42
1.5182686999905854,9
1.5185483999957796,-5
1.5188076999911573,29
1.5191442999930587,51
1.5194206000014674,68
1.5196896999841556,72
1.5199979999742936,16
1.5202671999868471,14
1.5205382999847643,12
1.5208071999950334,5
1.5211469999921974,-45
1.5213962999987416,-89
1.5216462999815121,3
1.5219182999862824,-29
1.5221505999797955,-56
1.5223966999910772,27
1.52264660000219,12
1.522895999980392,58
1.523146399995312,38
1.5234187999740243,1
1.523673499992583,23
1.5239348999748472,46
1.524270499998238,32
1.5245424000022467,39
1.5248064999759663,35
1.5252743999881204,34
1.5255292999790981,10
1.5258134999894537,4
1.5261356999981217,-70
1.5265062999969814,-115
1.5281614999985322,-2
1.5286821999761742,-50
1.529015799984336,-6
1.5293041999975685,6
1.5295860999904107,75
1.5298867999808863,-10
1.5301656999799889,7
1.530431499995757,5
1.5307660999824293,-24
1.5310361000010744,-27
1.531312099978095,-38
1.531621499976609,-1
1.5318983999895863,-14
1.532164099975489,22
1.5324336999910884,20
1.5327769999857992,55
1.5330424999992829,49
1.533310300001176,31
1.5336461999977473,-20
1.5339137999981176,-21
1.5341828999808058,-23
1.534520799992606,0
1.5347676999808755,-9
1.535043499985477,-34
1.5352895999967586,-1
1.5355590999824926,-15
1.5358722999808379,64
1.5361421999987215,18
1.5363980999973137,-15
1.5366685999906622,-13
1.536909199989168,16
1.5371979999763425,24
1.5374377999978606,-40
1.53777149997768,37
1.5380215999903157,31
1.5382722999784164,0
1.5385277000023052,-20
1.5387722000014037,-22
1.5390219999826513,-64
1.53927229999681,1
1.5395247999986168,-11
1.5397719999891706,-53
1.540006600000197,23
1.5402501999924425,40
1.540501099982066,11
1.5407523999747355,-14
1.5409927000000607,8
1.541253199975472,-41
1.5415455999900587,-15
1.5418253999960143,47
1.5421270999941044,15
1.5423795999959111,48
1.5426257999788504,0
1.5428851999749895,0
1.5431266999803483,-36
1.543842199986102,20
1.5442190999747254,-24
1.5446020999806933,48
1.5449535999796353,-16
1.545352399989497,60
1.545663799974136,-10
1.5459303999959957,-14
1.5462258999759797,-7
1.546477199997753,-35
1.546766099985689,10
1.5470473999739625,28
1.547305399988545,18
1.5476428999972995,49
1.5479176999942865,64
1.5481618999911007,51
1.5484126999799628,7
1.5486668999947142,18
1.5489293999853544,3
1.549268699978711,51
1.5495417999918573,59
1.549810600001365,47
1.5501463999971747,-12
1.550414199999068,-24
1.550683499983279,-11
1.5510206999897491,-36
1.5512924999929965,-40
1.551542499975767,-57
1.5517893999931403,-5
1.5520587999781128,-15
1.5523767999839038,2
1.552621899987571,-47
1.552893199987011,-11
1.5531491999863647,-106
1.5534044999803882,-47
1.5536950999812689,-36
1.5539989999961108,-36
1.5542466999904718,-20
1.5545187999960035,-15
1.5547965999867301,-22
1.5550567999889608,-27
1.555355199991027,-28
1.5556057999783661,-20
1.5558548999833874,-80
1.5561043999914546,-21
1.5563552999810781,-21
1.5566032999777235,16
1.5568628999753855,31
1.5571479999925941,5
1.5574071999872103,-48
1.5576762999990024,-3
1.557920399995055,-51
1.5581562999868765,92
1.5584120999847073,66
1.5586829999811016,-15
1.5590004999830853,-48
1.559248099976685,57
1.559501799987629,26
1.559831899998244,-7
1.5602875999757089,-42
1.5610754999797791,46
1.5613666999852285,-103
1.5617163999995682,-44
1.5619914999988396,-9
1.562268599984236,4
1.5624780999787617,-30
1.562744399998337,-10
1.5630181999877095,-34
1.5632746999908704,-14
1.5635187999869231,-77
1.5637863999872934,-67
1.5640419999836013,9
1.5643050999788102,-30
1.564622399979271,-11
1.5649136999854818,8
1.5651658999850042,-7
1.5654303999908734,-43
1.5657477999920957,44
1.5660147999878973,8
1.5662864999903832,-9
1.566560399980517,15
1.5668952999985777,-7
1.5671646999835502,-19
1.5674340999976266,-23
1.5677722999826074,-65
1.5680395999806933,-76
1.5683080999879166,-77
1.568647099978989,-4
1.5688933999917936,-12
1.5691650999942794,-11
1.569432999996934,-14
1.5697517999797128,76
1.569997799990233,36
1.5702680999820586,12
1.5705394999822602,-9
1.5708077999879606,-6
1.5711436999845318,-32
1.571400899993023,-30
1.571644399984507,47
1.5719138999993447,51
1.5721830999827944,34
1.5725411999737844,-37
1.5727926999970805,-43
1.5730557999922894,-77
1.5733081999933347,-83
1.5736283999867737,5
1.5738775999925565,-52
1.5741426999738906,-119
1.5743971999909263,-91
1.5746649999928195,0
1.574933099996997,-19
1.575268699991284,-3
1.5755387999815866,-20
1.5758073999895714,-22
1.5761430999846198,-16
1.5764970000018366,-16
1.5768637000001036,-83
1.5772893999819644,41
1.577906599995913,-20
1.5782572999887634,1
1.5785433999844827,-88
1.5787996999861207,14
1.5790886999748182,-79
1.579375799978152,-41
1.5796277999761514,-89
1.5798743999912404,3
1.5801232999947388,-11
1.5803977999894414,-23
1.5806469999952242,48
1.5808935999812093,39
1.5811724999803118,15
1.5814332999871112,-11
1.5817718999751378,-35
1.5820193999970797,-85
1.5822686999745201,-9
1.5825479999766685,38
1.5827951999963261,7
1.5830546999932267,-40
1.58330929998192,42
1.5836512999958359,-29
1.583893699978944,-38
1.5841703999903984,-28
1.5844388999976218,-18
1.5847709999943618,-21
1.5850175999803469,-73
1.5853003999800421,-67
1.5855434999975841,-1
1.5858064999920316,-18
1.58605979999993,-46
1.58639630000107,-51
1.586654599988833,-19
1.5869352000008803,-35
1.5872555999958422,29
1.5875427999999374,48
1.587820599990664,35
1.5881492999906186,15
1.5883995999756735,-36
1.5886543999949936,50
1.5889374999969732,-39
1.589275699981954,-50
1.5895214999909513,6
1.5897771999880206,-29
1.5900584999762941,-54
1.5903974999964703,-5
1.5906555999827106,-2
1.5909344999818131,0
1.5912527999898884,75
1.5915046999871265,60
1.5917508999991696,7
1.5920048999832943,-75
1.5922514999983832,-18
1.592504399974132,-28
1.5927512999915052,-75
1.5931636999885086,4
1.5935593999747653,-3
1.5938802000018768,-69
1.5941632999747526,-20
1.5950645999982953,17
1.5954762999899685,-21
1.595851499994751,-94
1.596154699975159,-5
1.5964407999999821,-9
1.5967680999892764,29
1.5970438999938779,-2
1.597309899982065,7
1.5976456999778748,-67
1.5979160999995656,-83
1.598186799994437,-66
1.5985234999970999,-39
1.598807999980636,31
1.5991404999804217,94
1.5994184000010137,81
1.5996835999831092,75
1.6000195999804419,31
1.6002894999983255,14
1.600557600002503,15
1.6008963999920525,-10
1.6011898999859113,3
1.6014336999796797,-14
1.6017739999806508,-7
1.6020185999805108,54
1.6022966000018641,65
1.6025547999888659,33
1.6028292999835685,51
1.6031010999868158,49
1.6033731999923475,49
1.6036433999834117,67
1.6038993999827653,48
1.6041713999875356,3
1.6044099999999162,39
1.6046855000022333,24
1.6050213999988046,35
1.6052722999884281,59
1.6055219999980181,6
1.6057934999989811,52
1.6060271999740507,30
1.606271700002253,22
1.6065214999835007,-22
1.6067732999799773,-36
1.6070260999840684,-27
1.607294199988246,-95
1.6075428999902215,-39
1.6078163999773096,23
1.6081555999990087,-36
1.6084549999795854,-2
1.6087504999886733,13
1.6090217999881133,19
1.6092757000005804,40
1.6095213999797124,19
1.6100505999929737,-24
1.6105260999756865,-6
1.6111648999794852,-80
1.6115754999918863,-32
1.612084299995331,21
1.6124916999833658,19
1.6128738999832422,38
1.6131707999738865,24
1.6134385999757797,9
1.6137691999902017,-10
1.6140371999936178,-29
1.6143112999852747,-30
1.614621199987596,-32
1.6148907000024337,-28
1.615163999987999,-16
1.6154341999790631,-5
1.6157738999754656,108
1.6160367999982554,65
1.6163104999868665,55
1.6166436999919824,10
1.6169164999737404,-19
1.617164600000251,-73
1.617442699993262,-64
1.617751399986446,-23
1.6179971999954432,-44
1.6182687999971677,-72
1.6185251999995671,-75
1.618791799992323,13
1.6190615999803413,23
1.6193762999901082,2
1.6196443999942858,-13
1.6198978999746032,-83
1.620142699975986,-42
1.6203992999799084,-27
1.6206633999827318,-80
1.6209203999897,-46
1.6211877999885473,5
1.6214337999990676,-8
1.6217698999971617,-44
1.6220168999861926,-61
1.62229379999917,-81
1.6225391999760177,6
1.622808599990094,-13
1.6231277999759186,-37
1.6233961999823805,-72
1.6236678999848664,-68
1.6239391999843065,-67
1.6242716999840923,-17
1.6245267999765929,-21
1.6248091000015847,10
1.6251296999980696,39
1.6253757999802474,48
1.6256301999965217,57
1.6258907000010367,-16
1.626173700002255,-11
1.6264455999771599,29
1.6269568999996409,71
1.6274374999920838,28
1.6278236999933142,-41
1.628280899982201,-12
1.628780300001381,-28
1.6292500999988988,3
1.6296019000001252,39
1.6298912999918684,-3
1.6301520999986678,-23
1.6303904999804217,-72
1.6306664999865461,-102
1.6309113999886904,-8
1.6311776999791618,25
1.6314308999862988,17
1.6317470999783836,-99
1.632015399984084,25
1.6322871999873314,21
1.6325610999774653,40
1.6328713999828324,-24
1.6331433999876026,-26
1.633420899976045,-28
1.6336814999813214,-17
1.6340197999961674,32
1.6342882000026293,48
1.6345651999872644,57
1.6348715999920387,58
1.6351428999914788,55
1.6354206999822054,36
1.6356688999803737,25
1.6359164000023156,62
1.6361821999889798,42
1.6365005999978166,0
1.6367686000012327,5
1.6370386999915354,2
1.63729709998006,-12
1.637565099983476,71
1.6378681999922264,-4
1.63816339999903,-14
1.6384946999896783,-12
1.6387699999904726,-25
1.6390176999848336,-39
1.6393092999933288,-41
1.6395692999940366,-40
1.6398546999844257,-14
1.6401057999755722,-78
1.6403546999790706,-32
1.6406285999983083,-47
1.6408949999895412,-57
1.6411442999960855,-42
1.6414139999833424,-32
1.6416764999739826,-42
1.6419318999978714,0
1.6422192999743856,22
1.6425064999784809,-80
1.6427923000010196,-31
1.6433085999742616,-73
1.6436248999962118,-31
1.644049599999562,20
1.6444156999932602,-100
1.6448427999857813,-59
1.6451339999912307,-18
1.6454407999990508,-30
1.64571739998064,-11
1.645999899978051,19
1.6462694999936502,42
1.646540499990806,18
1.6467919999849983,21
1.6470398999808822,-13
1.6473110999795608,-7
1.647626499994658,42
1.647894499998074,13
1.648164199985331,22
1.6484326999925543,34
1.648768499988364,31
1.6490284999890719,40
1.6492742999980692,99
1.6495235999755096,77
1.6497764999803621,-18
1.6500638999859802,32
1.6503980999987107,1
1.6506480999814812,-53
1.650899499974912,41
1.6511477999738418,-6
1.6514209999877494,22
1.6516776999924332,72
1.6519824999850243,24
1.6522782999963965,56
1.6525609999953303,-68
1.6529009999940172,-76
1.6531501999998,-94
1.6533968999865465,-44
1.6536468999984208,-69
1.6538968999811914,-2
1.6541684999829158,-15
1.6544400999846403,-43
1.6547995999862906,-25
1.6550644999952056,-26
1.6553807999880519,0
1.6556534999981523,39
1.6559172999986913,72
1.6561911999888252,54
1.656503199978033,12
1.6567553999775555,9
1.657000799983507,59
1.6572928999958094,-6
1.6575569999986328,47
1.6577983000024687,61
1.6580600999877788,3
1.6583757999760564,-54
1.6586475999793038,32
1.6588965999835636,25
1.6591722999874037,-25
1.6594434999860823,-8
1.6600523999950383,5
1.6604723999917042,13
1.660996199992951,-89
1.6614383999840356,-37
1.6619803999783471,24
1.6623503000009805,-45
1.662687099975301,-60
1.663020999985747,18
1.6632716999738477,0
1.663518599991221,91
1.6637978999933694,72
1.664036699978169,41
1.6642954999988433,-2
1.6645539999881294,38
1.6648084999760613,20
1.6651467999909073,39
1.665415999974357,35
1.665684899984626,32
1.666018099989742,-25
1.666275499999756,-66
1.66651899999124,26
1.6667676999932155,13
1.6670471999968868,4
1.6673518999887165,-82
1.667600599990692,26
1.6678717999893706,7
1.6681429999880493,28
1.6684161000011954,-13
1.6687509999901522,-27
1.6690183999889996,-6
1.6692818999872543,-16
1.6695515999745112,-6
1.6698086999822408,-110
1.6701436000003014,37
1.6703927999769803,16
1.670676799985813,22
1.6709359999804292,50
1.6712513999955263,63
1.6715005000005476,17
1.6717547999869566,-28
1.6720000999921467,-83
1.6722511999832932,-16
1.6725016999989748,-32
1.672751399979461,-75
1.6730053999926895,11
1.673249899991788,-20
1.6735216999950353,-13
1.673776799987536,44
1.6740208999835886,40
1.6742727999808267,-8
1.674542199994903,49
1.6747983999957796,42
1.6750519999768585,11
1.675314599997364,-14
1.6756470999971498,-1
1.675917299988214,-18
1.6761892999929842,0
1.6766290999948978,-92
1.6770857999799773,-74
1.6778209999902174,-2
1.6784763999748975,-30
1.6789147999952547,0
1.6793561999802478,33
1.6797292999981437,18
1.6800234999973327,38
1.680269499978749,35
1.6805192999891005,7
1.6807688999979291,65
1.6810181999753695,48
1.6812780999753159,-7
1.6815625999879558,9
1.6818767999939155,-44
1.682142899982864,47
1.6824009999982081,71
1.682673099974636,27
1.6829394999949727,3
1.6832586999807972,-76
1.683539399993606,-31
1.6838093999831472,-24
1.6841454999812413,7
1.684392499999376,-64
1.6846489000017755,-12
1.6848952999862377,-42
1.6851630999881309,-62
1.6854315999953542,-74
1.6857755999953952,-16
1.6860429999942426,-2
1.686304199974984,-18
1.6865574999828823,18
1.6868962000007741,35
1.6871716999739874,20
1.687412499974016,49
1.6876864999940153,66
1.6880207999784034,47
1.6882718999986537,36
1.6885209999745712,4
1.6887929999793414,74
1.6890462999872398,22
1.6892956999945454,9
1.6895349999831524,41
1.689810399984708,40
1.6901471999881323,69
1.690405599976657,33
1.6906869999947958,60
1.6910215999814682,-15
1.6912744999863207,11
1.691521799977636,-59
1.6917924000008497,11
1.6920580999867525,8
1.6923408999864478,5
1.6927687999850605,-75
1.69327560000238,-100
1.6936823999858461,22
1.6941576999961399,-35
1.694540299999062,8
1.6950093999912497,80
1.6953997999953572,55
1.695685599988792,11
1.6960010999755468,-10
1.6963097999978345,-26
1.696578099974431,-33
1.6968549999874085,-17
1.6971229999908246,-7
1.6973948999948334,-15
1.6976644999813288,-6
1.697932499984745,10
1.6982709000003524,0
1.6985195000015665,15
1.6987689999805298,52
1.6990176999825053,27
1.6992793999961577,17
1.6995568999846,-10
1.6998745999881066,69
1.7001427999930456,27
1.7003988999931607,45
1.7006678999750875,10
1.7009343999961857,10
1.7012740999925882,6
1.7015213999839034,94
1.7017710999934934,63
1.7020209999755025,18
1.702271699992707,52
1.7025465999904554,35
1.7028163999784738,18
1.7031256999762263,-41
1.7033974999794737,-26
1.7036466999852564,75
1.7038973000016995,45
1.7041501999774482,1
1.7043981999740936,38
1.704650399973616,23
1.7049171999969985,-15
1.7051888999994844,-47
1.7054378999746405,-16
1.7057833999861032,35
1.7060607000021264,-30
1.706395999994129,-87
1.7066673999943305,-74
1.7069097999774385,11
1.7071845999744255,6
1.7074371999769937,-41
1.7077718999935314,-30
1.708057399984682,-83
1.7083248999842908,-33
1.7086063000024296,-3
1.7088548999745399,-12
1.7091073999763466,-17
1.709352999983821,-46
1.7097246999910567,-83
1.7101280999777373,7
1.710643300000811,-34
1.7111268999869935,-10
1.711545699974522,-62
1.7119397999776993,25
1.7122758999757934,-31
1.7126452999946196,-13
1.7129694999894127,-15
1.7132777999795508,-30
1.7135514999972656,-19
1.7138064999890048,-27
1.7141406000009738,48
1.7144144999911077,69
1.7146799999754876,35
1.7150142999889795,26
1.7152902999951039,31
1.7155588000023272,53
1.715896999987308,-2
1.716163899982348,-11
1.7164343999756966,-8
1.7167717999836896,15
1.7170387999794912,23
1.717326599988155,60
1.7176241999841295,75
1.7178720999800134,60
1.71814219999942,70
1.718398899975,7
1.7186440999794286,16
1.7189002999803051,-29
1.7191689999890514,-8
1.719445499998983,-2
1.719749599986244,42
1.719997299980605,-43
1.7202708999975584,-3
1.7205220999894664,-38
1.7207928999850992,-22
1.721064799989108,-17
1.7213762999745086,42
1.721628699975554,-26
1.7218752999906428,12
1.7221466999908444,-19
1.7223958999966271,-46
1.722646199981682,-23
1.722896099992795,-42
1.7231491999991704,-72
1.7233964999904856,6
1.7236676999891642,-28
1.7239224999793805,-49
1.7241823999793269,35
1.7244236999831628,34
1.7246851999952924,3
1.7250046999834012,-68
1.72527149997768,19
1.7255214999895543,18
1.7257925999874715,-5
1.7260339999920689,-1
1.7265727999911178,-50
1.726932699995814,-81
1.7274438999884296,-25
1.72789529999136,-6
1.7286301999993157,-46
1.7289879999880213,-71
1.7293300999735948,17
1.7297222999914084,-9
1.7300393999903463,59
1.730328899982851,0
1.7306051999912597,42
1.7308728999923915,19
1.7311427999811713,10
1.7314006999949925,11
1.7316430999781005,20
1.7319213000009768,31
1.7321883999975398,45
1.73252119999961,68
1.732768699992448,-8
1.733046999986982,-26
1.7333078999945428,75
1.7336336000007577,29
1.7338966999959666,7
1.7341643999970984,4
1.7344555000017863,18
1.7347250999882817,4
1.7349966999900062,29
1.735269700002391,-5
1.7355461999832187,9
1.7358141999866348,-22
1.7361257000011392,-20
1.7363753999816254,-63
1.7366221999982372,-13
1.7368969999952242,-30
1.737168899999233,-34
1.737411099980818,-75
1.7376855999755207,-79
1.7380214000004344,-22
1.7382929000013974,-1
1.7385464999824762,-34
1.7387867999786977,-52
1.739062099979492,-27
1.7394018999766558,14
1.7396465999772772,-14
1.7398960999853443,-5
1.7401680999901146,17
1.7404068999749143,-51
1.7406891999999061,-47
1.7410215999989305,37
1.7412926999968477,60
1.7415638999955263,54
1.741896399995312,22
1.742167899996275,-1
1.7424883999919984,-42
1.742778999992879,-41
1.7431067999859806,-30
1.7438024999864865,-47
1.7442023999756202,-15
1.7445253999903798,-13
1.7449607999878936,-22
1.74549639999168,-20
1.7459140999999363,-64
1.7462240999739151,30
1.746560799976578,53
1.7468760999909136,-69
1.747123199980706,-7
1.7473936000023969,-42
1.7476720999984536,-31
1.7479196999920532,-24
1.748178599984385,-76
1.7484398999949917,6
1.748746699973708,-25
1.749019299983047,-8
1.7492909999855328,-15
1.7495605000003707,-39
1.749896399996942,23
1.7501685000024736,39
1.7504235999949742,-6
1.7506714999908581,-18
1.750941399979638,-14
1.7512297999928705,-1
1.7514800999779254,14
1.7517312999989372,-67
1.751983599999221,-24
1.7522323000011966,-12
1.7524829999892972,-44
1.7527292000013404,19
1.7529788999818265,-25
1.7532318999874406,106
1.7534843999892473,39
1.7537299999967217,9
1.7539806999848224,51
1.754232699982822,71
1.7545004999847151,20
1.7547705999750178,13
1.7550419999752194,0
1.7553144999837968,8
1.7556486999965273,-10
1.7558970999962185,39
1.7561465999751817,50
1.756396999990102,2
1.7566460999951232,65
1.7569173999945633,46
1.757151799974963,-8
1.7573984999908134,-102
1.7576562999747694,-55
1.757949099992402,-41
1.758250599988969,17
1.7585100999858696,37
1.758770899992669,26
1.7590208999754395,-11
1.7592947999946773,-22
1.7595486999780405,-32
1.7599488999985624,-81
1.7604900999867823,38
1.7608715999813285,-43
1.7613199999905191,39
1.7618499999807682,-46
1.7622922000009567,9
1.7625776999921072,-56
1.7628588999796193,-26
1.7631242999923415,-16
1.7634023999853525,-30
1.7636870999995153,-38
1.7640267999959178,28
1.7642688999767415,25
1.7645473000011407,56
1.7648156999784987,48
1.765124300000025,2
1.7653718999936245,15
1.7656429999915417,26
1.7659195000014734,15
1.7661652999813668,76
1.7664378999907058,17
1.7667505999852438,0
1.767028299975209,14
1.7672916000010446,11
1.7675619999936316,12
1.767875699995784,-70
1.76814299999387,12
1.768421099986881,8
1.7686977999983355,-6
1.7690004999749362,5
1.7692490999761503,-67
1.7694969000003766,6
1.76974639997934,-25
1.7700179999810643,-61
1.7702743999834638,-36
1.770541999983834,33
1.770810199988773,30
1.7711479999998119,-36
1.7713968000025488,-26
1.771650699985912,-61
1.7718968999979552,20
1.7721673999913037,-11
1.7724320999986958,-16
1.7727079999749549,-1
1.7729795999766793,1
1.7732299999915995,-34
1.7734797000011895,42
1.7737309999938589,17
1.77397939999355,-18
1.7742291999747977,19
1.7744811000011396,4
1.7747317999892402,26
1.7749837999872398,-9
1.775231999985408,-13
1.775484999991022,-27
1.7757503999746405,-87
1.776072499982547,-74
1.7764696999802254,-7
1.776775499980431,3
1.7771479999937583,-38
1.7779549999977462,-40
1.7785495999851264,-96
1.7789094999898225,9
1.7792427999957,-19
1.7796849999867845,-91
1.780001799983438,25
1.7803289000003133,-63
1.7807088999834377,-22
1.7810388999932911,4
1.781391700002132,-21
1.7817750999820419,-26
1.7821843999845441,33
1.782476599997608,7
1.7827250999980606,-24
1.7829706999764312,-22
1.7832210999913514,-65
1.7834703999978956,0
1.7837407999904826,-19
1.7840140999760479,-26
1.7842839999939315,-23
1.7845567999756895,-57
1.7848917999945115,-1
1.7851641000015661,6
1.78543289998197,41
1.785766999993939,102
1.786023099994054,85
1.7862745999882463,46
1.7865146999829449,79
1.7867662999778986,2
1.7870179999736138,2
1.7872728999936953,-3
1.7875222000002395,-58
1.7877881999884266,-51
1.788054699980421,-26
1.7883917999861296,20
1.7886643999954686,0
1.7889355999941472,18
1.7892646999971475,-15
1.7895150999829639,51
1.7897701999754645,15
1.7900398999918252,-5
1.7903079999960028,1
1.790625399997225,-11
1.7908928999968339,70
1.7911514999868814,61
1.7913926999899559,16
1.7916821999824606,24
1.7919800999807194,47
1.7922315999749117,21
1.7924980999960098,53
1.792768099985551,-7
1.7934828999859747,6
1.7939171999751125,11
1.7942508999840356,-26
1.7946490999893285,25
1.7949933999916539,-102
1.7953449999913573,-5
1.7956391999905463,-1
1.795920999982627,-53
1.7962706999969669,-45
1.7965682999929413,-19
1.7969829999783542,10
1.7973310999805108,-26
1.797620299999835,45
1.7978905999916606,32
1.7981661999947391,42
1.798434600001201,12
1.7987451999797486,50
1.798995899996953,24
1.799246899987338,27
1.799515099992277,-7
1.7997917999746278,-8
1.8000618999940343,7
1.800392799981637,40
1.800669599993853,48
1.800938699976541,37
1.8012887999939267,-39
1.8015694999776315,16
1.8018747999740299,-1
1.8021416999981739,-16
1.8024185999820475,-14
1.802663999987999,-47
1.8029317999898922,-45
1.8032494999933988,30
1.8034970999869984,1
1.8037679999833927,-44
1.8040246999880765,-39
1.8042917999846395,-35
1.8045571999973617,-35
1.8048962999891955,5
1.8051668999833055,2
1.8054406000010204,16
1.8057707999832928,-56
1.8060424999857787,-51
1.8063145999913104,-35
1.806646399985766,-82
1.8068965999991633,-27
1.8071590999898035,-40
1.8074248999764677,-66
1.807732399989618,-56
1.8080075999896508,-75
1.808271899993997,-58
1.8085214000020642,-55
1.8087756999884732,-68
1.8090221999736968,-5
1.809276799991494,-8
1.8095228000020143,-25
1.8100056999828666,46
1.8104592000017874,5
1.8108881999796722,35
1.8112114999967162,-20
1.811507399979746,-22
1.811835999978939,44
1.8121412999753375,-20
1.8124562999873888,-57
1.8128406999749132,-26
1.8131501999741886,51
1.813466099993093,-43
1.8138158999790903,34
1.814172399987001,21
1.8144335999968462,24
1.81476829998428,29
1.8150411999959033,27
1.8153055000002496,10
1.815642499976093,-14
1.8159173999738414,-15
1.816179599991301,-28
1.8165177999762818,31
1.8167905999871437,32
1.8170545999892056,32
1.8173896999796852,83
1.8176628999935929,69
1.817932199977804,64
1.818271600001026,12
1.8185266999935266,-13
1.8187684000004083,-52
1.8190247000020463,48
1.8192732999741565,30
1.8195394999929704,-6
1.819807599997148,-4
1.8201463999866974,-81
1.820413399982499,-61
1.8206903999962378,-87
1.8209989999886602,-48
1.8212686999759171,4
1.8215232999937143,-37
1.8217679999943357,-87
1.8220243999967352,-1
1.822270699980436,13
1.8226330999750644,-48
1.8229209999844898,-20
1.823204699991038,6
1.8234552999783773,10
1.8237523999996483,4
1.823999799991725,-20
1.8242543999804184,-10
1.8245009999955073,-34
1.8247551999811549,-6
1.8250051999930292,-13
1.8252720999880694,-92
1.8255326999933459,-28
1.82581239999854,-69
1.826145799976075,7
1.8266730999748688,-28
1.8270744999754243,10
1.827483899978688,-99
1.8280551999923773,-54
1.828425799991237,-25
1.828751499997452,-55
1.8291292999929283,-3
1.829583399987314,-64
1.8298935999919195,-51
1.8301516999781597,-92
1.830496899987338,10
1.8307649999915157,22
1.8310360999894328,36
1.8313094999757595,29
1.831642599980114,63
1.8319168000016361,70
1.8321719999948982,58
1.8324365000007674,43
1.832702399988193,20
1.8329595999966841,24
1.8332251999818254,54
1.8334750999929383,14
1.8337267999886535,-16
1.8339761999959592,20
1.8342724999820348,15
1.834545399993658,42
1.8347980999969877,29
1.8350619999982882,-7
1.835374899994349,63
1.8356427999970037,18
1.835921199992299,30
1.8361901000025682,22
1.8364983999927063,80
1.8367679999792017,61
1.837045099993702,85
1.8372934999933932,17
1.837539799977094,11
1.8378136999963317,48
1.8381487999868114,48
1.8384325999941211,-82
1.8387504999991506,-71
1.839018099999521,-65
1.8392918999888934,-30
1.839559099986218,-28
1.8398754999798257,10
1.8401429999794345,45
1.8404008999932557,15
1.8406434999778867,-42
1.8409212999977171,-55
1.8411677999829408,-33
1.8414335999987088,-75
1.841748999984702,22
1.8420179999957327,-21
1.8422735999920405,-3
1.842538999975659,21
1.8428077999851666,10
1.843343599990476,66
1.8437074999965262,-14
1.8440209999971557,-62
1.8446722999797203,-80
1.8451327999937348,-26
1.8455372999887913,-7
1.8458832999749575,-64
1.8461537999974098,-24
1.846481299988227,27
1.8467488999885973,-3
1.8470193999819458,2
1.8473025999846868,0
1.847585399984382,-6
1.8478782000020146,4
1.8481226000003517,4
1.8483741999953054,-33
1.8486441999848466,-7
1.8488934999913909,45
1.8491509000014048,31
1.8493973999866284,19
1.8496648999862373,37
1.8499328999896534,40
1.8502696999930777,94
1.8505457999999635,35
1.8508181999786757,57
1.8511243999819271,-27
1.8513718999747653,-43
1.8516422999964561,-39
1.8518979999935254,57
1.852163899980951,41
1.8524371999956202,36
1.852750999998534,-6
1.8530178999935742,-55
1.8532766999851447,-70
1.8535177999874577,13
1.8537944999989122,17
1.8540419999917503,-18
1.8542910999967717,49
1.8545581999933347,31
1.8548782999860123,-11
1.855124399997294,63
1.8554007999773603,57
1.8556461999833118,7
1.8559007000003476,8
1.8561566999997012,42
1.8564338999858592,19
1.8567504999809898,37
1.8570011999981944,25
1.857257399999071,56
1.8575003999867477,-5
1.8577499999955762,15
1.8580003999813925,-18
1.8582563999807462,-57
1.8585211999888998,-43
1.8587924999883398,-42
1.8590470999770332,-55
1.8592904999968596,-76
1.8595444999809843,4
1.8598180999979377,-44
1.8601606999873184,-75
1.8605835999769624,13
1.8610096999909729,-41
1.8613768999930471,-3
1.861620599986054,-7
1.8621950999950059,-41
1.86271059999126,36
1.8630087999918032,19
1.8632725999923423,8
1.8635183000005782,-6
1.8637902999762446,-15
1.864060799998697,6
1.864395999989938,15
1.8646644999971613,4
1.8649328999745194,26
1.8652722999977414,-12
1.8655382999859285,18
1.8658075999992434,4
1.866145099978894,-75
1.8663939999823924,-18
1.8666430999874137,-24
1.8669220999872778,-12
1.867168099997798,-48
1.8674261999840382,58
1.8676889999769628,55
1.8680185999837704,-2
1.8682760999945458,-21
1.868518299976131,60
1.868789200001629,50
1.869057999982033,22
1.8693931000016164,-27
1.869669799983967,-22
1.8699162999982946,-30
1.8701710999885108,-80
1.8704104999778792,27
1.8706851000024471,-10
1.8710216999752447,-26
1.871272799995495,-75
1.8715259000018705,-14
1.8718126000021584,-72
1.8721472999895923,22
1.8723975999746472,3
1.8726508999825455,3
1.8728970999945886,-35
1.873167999990983,-19
1.8734010999905877,-24
1.873647100001108,-21
1.8738974999869242,-33
1.8742291999806184,-36
1.8744807999755722,-86
1.8747279999952298,-32
1.874961199995596,-95
1.8752302999782842,36
1.8754835999861825,-6
1.8757342000026256,-26
1.8759936999995261,73
1.8762706999841612,53
1.8766577999922447,-25
1.8770825999963563,-33
1.8777090999938082,-27
1.8781350999779534,16
1.8785007999977097,2
1.879124300001422,41
1.8795694999862462,50
1.8798566999903414,-37
1.8801471999904606,-35
1.880392799997935,-66
1.8806718999985605,-74
1.8809189999883529,27
1.8811661999789067,10
1.8814334999769926,-14
1.8817494999966584,-81
1.882018899981631,5
1.8822896999772638,23
1.882557299977634,11
1.8828933999757282,-39
1.883150999987265,-16
1.8834198999975342,-17
1.883687399997143,21
1.8840211999777239,78
1.8843362999905366,5
1.884601300000213,-20
1.8848501999746077,7
1.8851011999940965,92
1.885371699987445,64
1.8856430999876466,66
1.8858991999877617,57
1.8861663999850862,11
1.8864322000008542,-43
1.8867706999881193,-67
1.8870377999846824,-56
1.8873157999769319,-78
1.887624599999981,-13
1.8878740999789443,-46
1.88812419999158,-89
1.8883749999804422,28
1.8886455999745522,13
1.8889168000023346,-32
1.8891816999821458,-16
1.8894436999980826,-40
1.8897500000020955,-22
1.8900221999792848,-30
1.8902713999850675,-38
1.8905223999754526,-79
1.8907709999766666,-20
1.891042799979914,-4
1.8912782999977935,-32
1.8915214999869931,57
1.8917714999988675,-10
1.892021499981638,49
1.8922773999802303,37
1.8925416999845766,19
1.892814399994677,8
1.8935991999751423,-11
1.89402579999296,-6
1.8945865999849048,7
1.8952331999898888,-28
1.8957005999982357,10
1.8959805999766104,-44
1.896249599987641,-36
1.8964976999850478,-86
1.8967525999760255,49
1.8969976999796927,18
1.8972494999761693,-3
1.8975156999949832,69
1.8977917000011075,68
1.898059499973897,71
1.8983965999796055,23
1.898726599989459,0
1.8990107999998145,16
1.899297399999341,-11
1.8995286999852397,-10
1.8997701999905985,-84
1.900043799978448,-79
1.900307999982033,13
1.9006320999760646,-15
1.9008567999990191,-63
1.901100699993549,-42
1.9013557999860495,-70
1.9016041999857407,50
1.9018926999997348,-83
1.9021662999875844,-52
1.9024327999795787,-75
1.9027460999786854,-15
1.902996599994367,-25
1.9032685999991372,-67
1.9035394999955315,-47
1.903813299984904,-52
1.9041437999985646,16
1.9044138999888673,27
1.9046937999955844,14
1.905022499995539,40
1.9052741999912541,5
1.9055177999834996,43
1.9057889999821782,53
1.9060614999907557,67
1.9063965999812353,15
1.9066464999923483,11
1.9068981999880634,-14
1.9071680999768432,50
1.9074314999743365,40
1.9076928999857046,24
1.9080004999996163,-62
1.9082497999770567,15
1.9086054999788757,-71
1.9088540999800898,-15
1.9091047999972943,-48
1.9093741999822669,-88
1.9098902999830898,-83
1.9103890999977011,-41
1.910919499990996,-49
1.9115487999806646,-39
1.9119560999970417,-64
1.9122616999957245,42
1.912527099979343,21
1.9127581999928225,-30
1.9129858999804128,-73
1.913239599991357,-36
1.913490399980219,-59
1.9137395999860018,-93
1.913990000000922,39
1.9142395999806467,15
1.91449090000242,45
1.9147391000005882,24
1.9149889999825973,12
1.9152388999937102,11
1.915489199978765,12
1.915758699993603,15
1.9159852000011597,-52
1.9162394999875687,-47
1.916490099974908,-50
1.916739799984498,-99
1.9169890999910422,19
1.9172605999920052,16
1.91748489998281,75
1.9177392999990843,33
1.9179892999818549,24
1.9182399999990594,55
1.9184896999795455,25
1.9187388999853283,33
1.9189893000002485,-17
1.919239499984542,-15
1.919488999992609,-51
1.9197404999868013,-137
1.9199936999939382,-5
1.9202421999943908,-34
1.9204926999809686,44
1.9207419999875128,51
1.9209923000016715,-15
1.921242299984442,65
1.921516399976099,18
1.921766099985689,-15
1.922046199993929,-8
1.9223122999828774,-7
1.9226222999859601,62
1.9228927999793086,61
1.9231699999945704,32
1.9234165999805555,24
1.9236854999908246,8
1.9239964000007603,-32
1.9242677000002004,40
1.9245387999981176,70
1.9248832000012044,79
1.9251978999818675,-63
1.9254834999737795,-38
1.925753799994709,-14
1.9259985999960918,-32
1.9263435999746434,-6
1.9268144999805372,1
1.927235599985579,41
1.9276576999982353,-50
1.9280937000003178,-40
1.9284364999912214,28
1.928739199996926,-54
1.9290162999823224,-41
1.9292729999870062,-45
1.9295381999982055,40
1.9298129999951925,33
1.9301207999815233,-20
1.9303941999969538,-30
1.9306666999764275,-29
1.9309301999746822,-29
1.9312691999948584,-2
1.9315448999986984,47
1.9318048999994062,21
1.932141600002069,117
1.9324149999883957,79
1.9326805000018794,59
1.9329953999840654,24
1.9332512999826577,8
1.9335172999999486,76
1.933773700002348,100
1.934040799998911,64
1.9343088999739848,52
1.9346360999916214,6
1.9349007999990135,85
1.9351468999811914,63
1.9354066999803763,27
1.9356747999845538,47
1.9359234999865294,5
1.9361581999983173,59
1.9365055999951437,51
1.936812599975383,-47
1.9371260999760125,-20
1.937373499997193,-20
1.9376443999935873,-42
1.9379199999966659,-33
1.9381733999762218,-83
1.9384158999891952,18
1.938665099994978,9
1.9389335000014398,-68
1.9392503999988548,-82
1.9395179999992251,-10
1.9397798999852967,-16
1.9400180999946315,-65
1.9403464999923017,-65
1.9406961999775376,-43
1.9410148999886587,-4
1.941296599979978,3
1.9415350999915972,6
1.9418142999929842,-3
1.9421239999937825,24
1.942396699974779,23
1.942645699979039,14
1.9429362999799196,-7
1.9435918999952264,-82
1.944312199979322,-56
1.944763299979968,1
1.9451018999970984,-6
1.945376399991801,-7
1.945693499990739,47
1.9460233999998309,-24
1.9462662999867462,-60
1.946542199992109,-58
1.946805499988841,-94
1.9471441999776289,-43
1.9474176999938209,-49
1.9476835999812465,-43
1.9480192999762949,47
1.9482697999919765,19
1.9485183999931905,16
1.9487763999786694,-37
1.949040099978447,0
1.9493085999856703,-15
1.9496242000022903,3
1.949892499978887,32
1.950169999996433,35
1.9504236999782734,20
1.950691399979405,-1
1.9509992999956012,-11
1.9512478999968152,56
1.9515167999779806,64
1.9517750999948476,40
1.952020899974741,22
1.9522937999863643,19
1.9525602999783587,37
1.952895599999465,71
1.9531514999980573,109
1.9534183999930974,51
1.9536655999836512,24
1.9539320999756455,1
1.9542703999904916,7
1.9545171999779996,65
1.9547677999944426,24
1.955043599999044,11
1.955315499973949,-9
1.9556479000020772,-66
1.955898199987132,32
1.9561475999944378,18
1.9565051999816205,-20
1.9569707999762613,-19
1.9572933999879751,-65
1.957587099983357,-38
1.9578864999930374,-18
1.9581451999838464,21
1.9584517999901436,9
1.9587583999964409,17
1.959041599999182,42
1.959287299978314,20
1.9595982999890111,32
1.9598753999744076,-76
1.9602215999912005,34
1.960722399991937,-41
1.9612375999859069,28
1.9617009999928996,39
1.9620171999849845,-49
1.9623127999948338,-14
1.9627240999834612,-3
1.9629769999883138,-57
1.9632235000026412,54
1.963494299998274,38
1.9637426999979652,30
1.9639917000022251,-9
1.9642440999741666,72
1.9645124999806285,63
1.964784999989206,34
1.9650547999772243,49
1.9653924999875017,19
1.9656580000009853,4
1.9659311999857891,6
1.9662664999777917,-34
1.9665449000021908,-27
1.966829199984204,-8
1.9671335999737494,21
1.9674643999896944,57
1.9677554999943823,55
1.9680746999802068,-23
1.9683485999994446,7
1.9686376999889035,10
1.9689161999849603,-59
1.969191599986516,-41
1.9694695999787655,0
1.969720099994447,-93
1.9699696000025142,-34
1.9702407000004314,-27
1.9705171999812592,-52
1.9707689999777358,-10
1.97097070000018,-32
1.971222599997418,55
1.9714703999925405,9
1.9717403999820817,-19
1.9720118999830447,2
1.9722970000002533,-10
1.9725732999795582,-20
1.972868999990169,14
1.9731405999918934,-3
1.973410699982196,6
1.973682199983159,-11
1.9740179999789689,-39
1.974291099992115,-24
1.9745544999896083,-21
1.9748951999936253,-3
1.9751699999906123,-9
1.9754288999829441,0
1.9757678999740165,-56
1.9760402999818325,-64
1.9763673999987077,-59
1.976653299992904,-104
1.9769925999862608,-34
1.9773558999877423,-24
1.9779804999998305,-23
1.9782973999972455,-71
1.9786458000016864,15
1.9789295999798924,-52
1.979252399993129,-101
1.9795598999771755,-17
1.9798483999911696,-8
1.9801229999866337,-22
1.980389499978628,-10
1.9806606999773066,-21
1.9809318999759853,10
1.981262199988123,-5
1.9815355999744497,2
1.9818057999946177,-14
1.9821377999905962,-71
1.9824123999860603,-57
1.982682100002421,-101
1.9830136999953538,-33
1.9832866999786347,9
1.9835526999959257,-10
1.9838908999809064,46
1.984164099994814,50
1.984429199976148,47
1.9847663999826182,9
1.9850386999896728,-26
1.9853102999913972,-18
1.9856413999805227,13
1.9859124999784399,5
1.9861623999895528,-63
1.9864123000006657,-22
1.9866645000001881,-43
1.9869324999745004,-59
1.9872497999749612,-13
1.9875173999753315,-10
1.987796499975957,-11
1.9880682999792043,-5
1.9883756999915931,29
1.988644299999578,27
1.9888942999823485,12
1.9891451000003144,-22
1.9893944999785163,-15
1.9896543999784626,-22
1.989938099985011,-59
1.990271999995457,41
1.9905224999820348,9
1.9907899999816436,-15
1.9910574999812525,25
1.9913928999740165,-22
1.9916698999877553,-22
1.9919379999919329,-47
1.9922700999886729,-97
1.9925176999822725,32
1.992795699974522,22
1.993134199990891,-21
1.9934146000014152,-17
1.9937590999761596,-47
1.9943251999793574,-6
1.9947229999816045,-50
1.9950812999741174,11
1.9953736999887042,-68
1.9956738999753725,-54
1.9959513999929186,-31
1.9962768999976106,-22
1.9965623999887612,-19
1.9968902999826241,-13
1.9972132999973837,-59
1.9974753999849781,-71
1.9977244999899995,2
1.9979950999841094,14
1.9982687000010628,9
1.9985423999896739,9
1.998805099981837,19
1.999152199976379,-5
1.9993927999748848,-68
1.9996705999947153,-77
1.9999332999868784,-84
2.000264399976004,-45
2.000539000000572,-41
2.0008128999907058,-11
2.0010999999940395,54
2.0013505999813788,29
2.001602299977094,7
2.0018694999744184,-11
2.0021451999782585,11
2.0024140999885276,16
2.0026828999980353,29
2.0030185999930836,67
2.003313799999887,60
2.0035632999788504,97
2.0038978999946266,-2
2.004144299979089,16
2.0043940999894403,-25
2.004643499996746,74
2.0048998999991454,21
2.005165999988094,1
2.0054333999869414,-11
2.005769399984274,-83
2.0060402999806684,-81
2.006311499979347,-75
2.006646299996646,-49
2.006913399993209,-40
2.007183299981989,-39
2.0074590999865904,-65
2.007725199975539,-32
2.0079753999889363,-12
2.0082462999853306,-41
2.0085172999824863,-41
2.00877329998184,-46
2.009041299985256,-81
2.009311899979366,-83
2.009721799986437,-8
2.010068699979456,50
2.01045209998847,-16
2.0108451999840327,-13
2.01147879997734,-65
2.0118813999870326,-4
2.012256799993338,-17
2.0125351999886334,9
2.0128081000002567,54
2.0131205999932718,92
2.0134138999856077,38
2.0136617999814916,7
2.0139162999985274,-43
2.0141615999746136,32
2.014435199991567,31
2.0147462000022642,3
2.014999799983343,-56
2.015266399976099,35
2.0155432999890763,17
2.0158050999743864,37
2.0161475999921095,-30
2.016423399996711,-34
2.0166676999942865,-54
2.016930299985688,-17
2.017270499985898,17
2.017517999978736,-3
2.0177745999826584,-11
2.018038499983959,-26
2.0183087999757845,-10
2.0186620999884326,60
2.018936799984658,8
2.019248799973866,-33
2.0195183999894653,51
2.019774599990342,8
2.0200415999861434,27
2.0202901999873575,-9
2.0205585999938194,-25
2.020896599977277,-112
2.021142499987036,57
2.021392599999672,24
2.0216642000013962,-19
2.021933599986369,-19
2.0222671999945305,-93
2.0225238999992143,-97
2.0227680999960285,-19
2.0230454999837093,-47
2.0233143999939784,-2
2.0236306999868248,-93
2.0238749999844003,-21
2.0241242999909446,-45
2.024375599983614,-99
2.0246473999868613,33
2.0248964999918826,2
2.025167899992084,-3
2.025438499986194,-4
2.0257711999875028,-35
2.026042499986943,-23
2.026359899988165,-29
2.026871799986111,48
2.027758099982748,-105
2.0282445999910124,-9
2.0286723999888636,-23
2.0289638999965973,21
2.029252499982249,29
2.0294940999883693,33
2.029746599990176,18
2.0299941999837756,25
2.030267099995399,-11
2.0305457999929786,5
2.03081139997812,-1
2.031149099988397,16
2.0313930999836884,29
2.0316713999782223,8
2.031936699990183,-2
2.0322707000013907,-42
2.032516499981284,15
2.0327995999832638,19
2.0330762999947183,-92
2.0333975999965332,-23
2.033663999987766,-33
2.0339569999778178,-24
2.0342292999848723,-10
2.0344976999913342,-21
2.03476939999382,-3
2.0350384999765083,-28
2.0353759999852628,62
2.0356427999795415,38
2.035899899987271,27
2.0361656000022776,60
2.036439099989366,108
2.0367710999853443,35
2.037022499978775,27
2.0372713999822736,-4
2.0375174999935552,118
2.0377742999990005,48
2.038038200000301,1
2.0382941999996547,2
2.0385582000017166,46
2.0388968999905046,24
2.0391451999894343,-10
2.039396099979058,-24
2.039645999990171,41
2.039895499998238,54
2.040166799997678,3
2.0404407999885734,2
2.0407541999884415,-38
2.0410000999982003,56
2.041291799978353,13
2.0415858999767806,-64
2.0418787999951746,-6
2.0421253999811597,-65
2.0423749999899883,34
2.0426251999742817,7
2.042932699987432,4
2.043171400000574,-22
2.043450199998915,4
2.0437524000008125,-9
2.044120299979113,-119
2.044450599991251,31
2.0449454999761656,-3
2.0453978999867104,27
2.0457397999998648,17
2.046097299986286,-36
2.046466200001305,-27
2.0467968999873847,26
2.0471237000019755,-15
2.0474111999792513,2
2.04778449999867,-12
2.0481582999927923,63
2.0484659999783617,-67
2.0488050999992993,-6
2.0492588999914005,28
2.0496143999916967,41
2.049935299990466,38
2.050247399980435,-55
2.0505709999997634,-27
2.050876799999969,-17
2.05114099997445,-2
2.051355599978706,-24
2.0515904999920167,-33
2.0518422999884933,-78
2.05209339997964,-1
2.0523643999767955,24
2.052625199983595,-14
2.052868099999614,-61
2.0531175999785773,53
2.0533677999919746,17
2.0535966999887023,76
2.0538494999927934,21
2.05407459998969,-33
2.054320999974152,0
2.054575099988142,-53
2.054800799989607,-4
2.055054600001313,-55
2.0552814999828115,23
2.05561859998852,-60
2.05586829999811,-83
2.056115499988664,22
2.0563615999999456,-21
2.0565907999989577,65
2.0568220999848563,56
2.0570693999761716,-41
2.0572785999975167,-118
2.057614299992565,14
2.0578417999786325,-22
2.0580709999776445,-45
2.0583202999841888,-44
2.0585690999869257,11
2.058823499974096,4
2.0590712999983225,76
2.0593206999765243,40
2.059613099991111,-14
2.0598546999972314,31
2.0601166999840643,32
2.0604117999901064,-14
2.060719299974153,0
2.061006699979771,18
2.0612459999974817,40
2.0615102000010666,-20
2.0619859999860637,-24
2.0624176999845076,-6
2.0627990999782924,21
2.0631766000005882,-26
2.0635455999872647,-31
2.0637715999910142,-20
2.064025399973616,-43
2.064246900001308,-7
2.064471199992113,-86
2.064720900001703,18
2.064969499973813,-44
2.065197599993553,34
2.0654481999808922,-4
2.0656776999821886,26
2.065927899995586,-7
2.066155999986222,-24
2.066491599980509,-29
2.066741099988576,-17
2.066992299980484,-57
2.0672434000007343,-35
2.0674717999936547,-76
2.0677214000024833,12
2.06795119997696,54
2.068201699992642,57
2.068456899985904,10
2.0686852999788243,15
2.068931599991629,7
2.06918069999665,-43
2.069415999983903,-57
2.069746399996802,20
2.069995600002585,-52
2.0702250999747775,-20
2.070475099986652,10
2.070703899982618,-36
2.0709555999783333,37
2.0712066999985836,58
2.071455400000559,51
2.071705199981807,14
2.071936699998332,3
2.072163799981354,-23
2.0724992999748792,11
2.0727499999920838,52
2.0729989999963436,-22
2.0732320999959484,-38
2.0734599999850616,-23
2.0736911999993026,15
2.0739202999975532,-19
2.0742515999882016,-107
2.0745043999922927,16
2.074730299995281,4
2.074963099992601,-2
2.0752114999922924,41
2.075415300001623,-8
2.0757828999776393,33
2.07605189998867,-22
2.0764424999943003,-28
2.0767690999782644,-87
2.0771319999767,-8
2.0774638000002597,-14
2.0778676999907475,-50
2.0783156999968924,-9
2.0786160999850836,-52
2.078890099975979,5
2.079139599984046,-25
2.0794078999897465,-18
2.0796723999956157,12
2.0800048999954015,59
2.080254899978172,33
2.0804839999764226,18
2.080733799986774,-9
2.0809852999809664,0
2.0812565999804065,5
2.081483899994055,-14
2.0817546999896877,-51
2.081986999983201,-53
2.0822383999766316,26
2.0824869999778457,10
2.0827583999780472,-1
2.082986499997787,43
2.083258799975738,43
2.0834870999970008,49
2.08373769998434,46
2.084007500001462,23
2.084237499977462,-37
2.084511699998984,-40
2.084781399986241,-9
2.08501039998373,-25
2.0852638999931514,-62
2.0855115999875125,5
2.085782599984668,-13
2.086053599981824,1
2.0863864999846555,-18
2.0866577999840956,-1
2.086932199978037,34
2.08726079997723,62
2.0875353000010364,81
2.087804699986009,68
2.0881394999742042,23
2.08841559998109,20
2.0886772999947425,7
2.089014999975916,-11
2.0892887999943923,-11
2.089552099991124,-9
2.089889299997594,11
2.0901608999993186,-2
2.090432500001043,-15
2.0907663999823853,-87
2.0910359999979846,-89
2.0913100999896415,-72
2.091642999992473,-57
2.0919180999917444,-65
2.092162199987797,-32
2.0924948999891058,-37
2.0927792000002228,-1
2.093139799981145,28
2.093522799987113,-26
2.0938542999792844,-38
2.0946366999996826,15
2.0951520999951754,-16
2.097401799983345,-21
2.0976962999848183,-21
2.0980191999988165,-8
2.0982661999878474,49
2.0985367999819573,42
2.098793299985118,38
2.09906099998625,5
2.0993557999900077,45
2.099601800000528,-8
2.0998531999939587,9
2.1001016999944113,-44
2.1003515999764204,-46
2.1006014999875333,-29
2.100872699986212,-99
2.1011444999894593,-68
2.1014151999843307,-40
2.101688299997477,-69
2.1020222999795806,21
2.102289899979951,30
2.1025584999879356,13
2.1028975999797694,33
2.103147599991644,5
2.103414999990491,-11
2.1036935999873094,4
2.1039996999897994,34
2.1042478999879677,-36
2.104497399996035,3
2.1047685999947134,92
2.1050398999941535,47
2.105308799975319,39
2.1056258999742568,2
2.1058944999822415,-7
2.106165399978636,-19
2.1064356999995653,-39
2.1067737999837846,-42
2.1070417999872006,-13
2.107312499982072,-38
2.107644599978812,52
2.107915599975968,54
2.108163999975659,45
2.1084342999965884,50
2.1087725999823306,1
2.109018599992851,-13
2.1093056999961846,-22
2.109589599975152,63
2.1100958999886643,8
2.110644999978831,18
2.1109978999884333,-3
2.1112971999973524,2
2.111583599995356,-12
2.1119137999776285,-14
2.112269999983255,-18
2.1128309999767225,-17
2.113214999990305,-2
2.113617900002282,-61
2.114182699995581,41
2.1145547999767587,-79
2.114862999995239,-51
2.115156699990621,-19
2.1155470999947283,1
2.1158864999888465,-63
2.1162762999883853,-1
2.1166039999807253,-43
2.1168869999819435,-21
2.1171602999966126,-34
2.117432699975325,-31
2.1177840000018477,7
2.118079299980309,47
2.1184139999968465,40
2.118681599997217,30
2.1189932999841403,-3
2.1192632999736816,-34
2.1195330999908037,-47
2.1198080999893136,-13
2.120141799998237,52
2.120406299975002,33
2.1206361999793444,-19
2.120904999988852,-75
2.121133699984057,-76
2.121386899991194,-21
2.121658199990634,-58
2.1219333999906667,-23
2.122263199998997,1
2.122534900001483,16
2.122807899984764,15
2.1231403999845497,49
2.123411499982467,40
2.123684599995613,24
2.1240118999849074,-31
2.1242838999896776,-24
2.124552199995378,-2
2.1248979999800213,-3
2.1251631999912206,10
2.125427999999374,-7
2.12576049999916,-5
2.1259985999786295,-2
2.126348699996015,-6
2.1268502999737393,-42
2.127175100002205,0
2.12761359999422,-59
2.128044499986572,32
2.128393499995582,13
2.128807399974903,-44
2.129064099979587,-15
2.129391399997985,0
2.1296292999759316,-4
2.129905299982056,4
2.13027989998227,9
2.1306379000016022,-44
2.130900499993004,0
2.1312108999991324,-14
2.131584999995539,3
2.131834399973741,-12
2.13207870000042,50
2.1323715999897104,69
2.132640999974683,54
2.1328921999956947,18
2.1331407999969088,17
2.133391199982725,67
2.1336213999893516,-7
2.133870499994373,-13
2.1341226999938954,-15
2.134328899992397,1
2.134584999992512,-13
2.1348294999916106,-50
2.1350717000022996,21
2.135292799997842,68
2.1356227999785915,32
2.135872599988943,-1
2.1361229999747593,85
2.136354599992046,7
2.1366032999940217,-4
2.1368321999907494,9
2.137082699977327,-50
2.1373319999838714,-36
2.1375819999957457,-61
2.137796299997717,-14
2.1381059999985155,-89
2.1383388999965973,-37
2.138589999987744,21
2.1388345999876037,11
2.139052599988645,42
2.1393503999861423,-34
2.139581499999622,27
2.1398793999978807,53
2.1401130000012927,39
2.140379499993287,32
2.140607599983923,-21
2.14083550000214,-32
2.141077199979918,-93
2.1413379999867175,-65
2.1415874999947846,26
2.1417979999969248,78
2.1421989999944344,-3
2.142470399994636,-42
2.1427199999743607,-62
2.1430344999826048,-110
2.1433863999845926,-26
2.1438327999785542,-2
2.1442433999909554,24
2.14455889997771,-108
2.144822399975965,-54
2.145203299995046,2
2.145565799990436,49
2.145906499994453,-21
2.146190499974182,-9
2.146475499990629,40
2.146744099998614,17
2.1470099999860395,56
2.147285599989118,32
2.1475472999736667,41
2.147887200000696,14
2.1481554999772925,-12
2.148383899999317,62
2.1486178999766707,26
2.148883299989393,46
2.149111399980029,31
2.1493845999939367,-3
2.1496167999866884,-23
2.14986219999264,-31
2.150111499999184,-47
2.1503841999801807,-81
2.1506119999976363,-12
2.1508856999862473,0
2.151159100001678,4
2.1514286999881733,-23
2.151759599975776,-28
2.1519886999740265,17
2.152240099996561,-1
2.1525109999929555,-46
2.1527515999914613,16
2.153009999979986,22
2.1532851999800187,-3
2.1535521999758203,30
2.153887099993881,-39
2.1541599999764003,-26
2.1544324999849778,-62
2.154747499997029,-27
2.1550161999766715,-32
2.1552639000001363,-1
2.1555137999821454,-23
2.155766899988521,-96
2.156036000000313,-20
2.156307299999753,-31
2.1566390999942087,0
2.1569105999951717,-5
2.157183899980737,-20
2.1574532999948133,-18
2.1577265999803785,-4
2.1579801999905612,22
2.1582510999869555,-7
2.158516600000439,-60
2.158770399983041,-47
2.1590379999834113,-11
2.159313199983444,-21
2.159690499975113,29
2.1600543999811634,-45
2.160415299993474,5
2.160803999984637,-9
2.161204399977578,-46
2.1615037999872584,-63
2.1618828999926336,-17
2.162200799997663,29
2.162530199973844,2
2.1628452999866568,-4
2.163182999996934,35
2.1634932000015397,12
2.1637892999860924,16
2.1640533999889158,44
2.1643900999915786,14
2.1646615999925416,7
2.164934100001119,-10
2.1652631999750156,-46
2.165535699983593,-31
2.165806299977703,-39
2.166139999986626,21
2.1664121999929193,29
2.166682699986268,36
2.167014799983008,50
2.167288099997677,75
2.16755449998891,71
2.167890599987004,8
2.1681743999943137,1
2.1684204999764916,-21
2.1686661999847274,-67
2.1689323999744374,45
2.1692470999842044,-16
2.16949649999151,-39
2.1697645999956876,-55
2.1700393999926746,-67
2.1703136999858543,-72
2.170621299999766,-34
2.170896099996753,11
2.171139999991283,-20
2.1713904999778606,-54
2.1716412999958266,12
2.1718955999822356,-16
2.1721474999794737,-77
2.1724001999828033,6
2.1726401999767404,-13
2.172893799986923,58
2.173147399997106,18
2.173401699983515,13
2.17364059999818,-8
2.173919399996521,-40
2.17418319999706,-4
2.174521499982802,78
2.1747698999824934,6
2.1750239999964833,52
2.175268999999389,22
2.175538499985123,-4
2.1758083000022452,0
2.1761425999866333,-6
2.176696299982723,-11
2.177105799986748,-62
2.1775150999892503,-53
2.177867199992761,-59
2.178306199988583,9
2.178802899987204,-18
2.179174499993678,-91
2.17967359998147,47
2.1801238999760244,-8
2.180423999991035,-12
2.18074089998845,11
2.181017900002189,-1
2.1812933999754023,23
2.1815547999867704,-20
2.181893000000855,-78
2.182158999989042,-74
2.182413099973928,30
2.182662799983518,9
2.1829323999991175,0
2.1832443999883253,-73
2.183512499992503,15
2.1837874999910127,23
2.1840637999994215,12
2.1843716999865137,-30
2.1846409999998286,0
2.1849145999876782,-18
2.185180299973581,-21
2.185432400001446,-59
2.1857696999795735,7
2.186044599977322,16
2.1862880999979097,-33
2.1865422999835573,13
2.1868047999741975,-26
2.1871214999991935,23
2.187393999978667,0
2.187646099977428,12
2.187919099989813,13
2.188180500001181,16
2.188517000002321,71
2.1887912999955006,46
2.189058499992825,50
2.189393399981782,-6
2.1896713000023738,-20
2.1899294999893755,-46
2.1901837999757845,-36
2.1905021999846213,-48
2.1907468999852426,-46
2.191024200001266,-39
2.19127280000248,-45
2.191539899999043,-80
2.1918083999771625,-81
2.1922028999833856,-3
2.192505399987567,41
2.1927705999987666,97
2.193099700001767,38
2.193496399995638,-35
2.194003499986138,-31
2.194447299989406,-70
2.194905899988953,-21
2.1953622000000905,24
2.1957141000020783,-94
2.1960014999785926,-55
2.196245799976168,-30
2.196520799974678,-17
2.1967948999954388,-17
2.1970625999965705,-15
2.1973981999908574,11
2.197648199973628,48
2.1978939999826252,-1
2.198165199981304,-13
2.1984336999885272,-17
2.1987534999789204,54
2.1989982999803033,40
2.1992698999820277,32
2.199540399975376,28
2.199808599980315,54
2.2001469999959227,19
2.200413899990963,-6
2.20069379999768,-6
2.201041099993745,-82
2.2012899999972433,-16
2.2015588999784086,-12
2.2018962999864016,19
2.2021434999769554,-22
2.2024207999929786,-7
2.2026723999879323,6
2.2029827999940608,3
2.2032718999835197,6
2.2035399999876972,30
2.2037960999878123,23
2.2040633999858983,-4
2.2043723999813665,0
2.2046555999841075,-2
2.2049387999868486,34
2.2052679999906104,-26
2.2055462999851443,-25
2.2058142999885604,-14
2.2061258999747224,-46
2.2063757999858353,-13
2.2066264000022784,-31
2.2068863000022247,-69
2.2071470999799203,-87
2.207418999983929,-64
2.2077579999750014,-41
2.2080574999854434,-3
2.2083385000005364,47
2.208629299973836,3
2.2089189999969676,43
2.2091621999861673,-18
2.2094336999871302,-13
2.2098455999803264,-106
2.210502199974144,-11
2.210907499975292,-40
2.2112216999812517,25
2.2115342999750283,-62
2.2119378999923356,-1
2.21223619999364,55
2.21249330000137,30
2.212741700001061,37
2.2129969999950845,25
2.21324129999266,-32
2.213494499999797,-22
2.2137433999741916,-32
2.2139903999923263,-88
2.2142588999995496,-20
2.214487099990947,-43
2.2147451999771874,33
2.214989499974763,40
2.215237399999751,13
2.215498599980492,63
2.2157652000023518,54
2.2160390999924857,38
2.216312199976528,32
2.2166213000018615,-22
2.216889599978458,-10
2.217162599990843,-30
2.2174302999919746,-44
2.2177700999891385,-80
2.2180443999823183,-62
2.218305899994448,-71
2.2186458999931347,9
2.2188937999890186,24
2.2191722999850754,26
2.219432899990352,19
2.219751600001473,76
2.2200182999949902,22
2.2202882999845315,48
2.2205445999861695,30
2.2208122999873012,24
2.221143199974904,3
2.221401099988725,-19
2.221669499995187,51
2.221936399990227,63
2.22226939999382,-24
2.2225480999914,-17
2.222807999991346,-7
2.22314709998318,1
2.2233953999821097,-14
2.2236436999810394,-78
2.223900399985723,-41
2.224151099973824,-46
2.2243975999881513,14
2.224650999996811,19
2.2248973999812733,-34
2.225146799988579,55
2.2254181999887805,48
2.22567389998585,30
2.2259130999736954,69
2.226195800001733,23
2.2265317999990657,36
2.227123999997275,-67
2.2274475999874994,-53
2.2280974999885075,-24
2.228623199975118,9
2.22897539997939,-37
2.229333700001007,75
2.2296825999801513,-51
2.230033799976809,30
2.2303044000000227,74
2.2306443999987096,0
2.2308995999919716,9
2.231161199975759,15
2.2314346999919508,-3
2.2317708999908064,-24
2.2320150999876205,-55
2.232266699982574,56
2.2325199999904726,-28
2.232786999986274,-68
2.2330494999769144,-58
2.233309199975338,43
2.233645999978762,-28
2.2338944999792147,-39
2.2341440999880433,-92
2.2344222999818157,-62
2.2346690999984276,30
2.234917800000403,8
2.2351719999860507,-1
2.2354096999915782,69
2.235691099980613,47
2.235997999989195,-6
2.2362678999779746,-59
2.2365444999886677,-51
2.2367892999900505,36
2.237058500002604,47
2.237376899982337,-6
2.237648199981777,-51
2.237915499979863,-29
2.238183499983279,-87
2.2385187999752816,-62
2.2387719999824185,-55
2.2390403999888804,-42
2.2393121999921277,-8
2.2396486999932677,-1
2.239919399988139,11
2.240174599981401,3
2.240427299984731,-65
2.2406676999817137,-76
2.2409322999883443,-29
2.2411943999759387,-69
2.2414369999896735,9
2.241768799984129,-28
2.2420789999887347,-15
2.2423849999904633,-15
2.2427137999911793,30
2.2430661999969743,-61
2.2435734999889974,-14
2.244141799979843,7
2.2446482999948785,8
2.245097099978011,-91
2.2455297999840695,21
2.245950199983781,-31
2.246229099982884,12
2.2464768999780063,48
2.246732499974314,35
2.246977299975697,25
2.2472283999959473,19
2.247481699974742,-36
2.247732099989662,-30
2.2479768999910448,-72
2.248226199997589,-11
2.248481399990851,-37
2.2487271999998484,-44
2.2489779999887105,51
2.2492291999806184,22
2.24948040000163,76
2.2497318999958225,49
2.2500004999747034,39
2.2502468999882694,16
2.2505209999799263,0
2.25076889997581,53
2.2510252999782097,42
2.251273999980185,34
2.25154259998817,14
2.251803499995731,31
2.252058699988993,1
2.252396999974735,64
2.252678199991351,73
2.252933599986136,49
2.253272499976447,-36
2.253521999984514,-16
2.2537719999963883,66
2.2540386999899056,33
2.254308699979447,21
2.254625899979146,-35
2.2548513999790885,39
2.255102099996293,-18
2.255351100000553,62
2.255601699987892,34
2.2558732999896165,-13
2.256143599981442,12
2.256401699996786,-9
2.2566436999768484,22
2.256921099993633,6
2.2571879999886733,-4
2.257434999977704,-26
2.2577472999983,60
2.2580324999871664,-7
2.258325299975695,31
2.2586195999756455,32
2.258907299983548,18
2.2591697000025306,19
2.2594322999939322,3
2.259932299988577,-58
2.260321399982786,45
2.2607328000012785,8
2.2611584999831393,-10
2.261540599982254,31
2.2618987999740057,-50
2.2622506999759935,47
2.2625430999905802,83
2.262816299975384,41
2.263101499993354,-79
2.263348999986192,36
2.2636205999879166,-7
2.2638951999833807,21
2.2641491999966092,-8
2.264401499996893,-8
2.2646403999824543,66
2.2648988000000827,17
2.2651422999915667,39
2.2653952999971807,20
2.2656492999813054,11
2.2659041000006255,31
2.2661413999740034,-18
2.2664554999792017,57
2.2667231999803334,20
2.266976299986709,-40
2.2672242999833543,-43
2.267497499997262,-19
2.2677651999983937,-22
2.2680480999988504,-16
2.268305399978999,-16
2.2686433999915607,72
2.268918899993878,81
2.2691561999963596,67
2.2694104999827687,30
2.26966910000192,-20
2.269931099988753,-33
2.270187399990391,0
2.270520399993984,7
2.270790999988094,12
2.271059199993033,6
2.271381999977166,-9
2.271623799984809,59
2.2719361999770626,-23
2.2722713999974076,-81
2.272540299978573,-84
2.2728114999772515,-87
2.273143899976276,-37
2.273486599995522,-4
2.2737753999826964,45
2.2740627999883145,-45
2.2744040999969,-106
2.274681899987627,-10
2.275005199975567,17
2.275294799997937,22
2.275536999979522,24
2.2758118999772705,6
2.2761510999989696,31
2.2764044999785256,3
2.276971399987815,13
2.2775453999929596,-55
2.2780874999880325,-7
2.278456499974709,53
2.278793199977372,3
2.279121400002623,-37
2.2794224999961443,-33
2.279705199995078,20
2.2800000999995973,50
2.280270599992946,51
2.2805399999779183,31
2.280811199976597,25
2.2811480999807827,0
2.281415299978107,-22
2.2816839999868535,-24
2.2820213999948464,-22
2.282269699993776,-38
2.282519100001082,-14
2.282789799995953,-42
2.283058999979403,-26
2.2833722999785095,-7
2.2836430000024848,-65
2.2838991000026,-56
2.2841660999984015,-33
2.2844342999742366,-27
2.28476869998849,22
2.2850264000007883,16
2.2852974999987055,25
2.285565599973779,65
2.285874599998351,57
2.2861220999911893,14
2.2864021999994293,-9
2.286667199980002,48
2.2869284999906085,31
2.287184699991485,11
2.2874345000018366,-13
2.2877735999936704,7
2.2880184999958146,67
2.288297099992633,51
2.288535999978194,28
2.288794099993538,4
2.289041299984092,29
2.2893115999759175,0
2.2896258999826387,32
2.2898981999896932,24
2.2901476999977604,65
2.290397899982054,-6
2.290647899993928,2
2.290897300001234,-3
2.2911688999738544,-36
2.2914251999754924,-59
2.2917094999866094,-22
2.291980699985288,-33
2.292233499989379,-18
2.292479600000661,-18
2.292733699985547,-89
2.2930482999945525,-47
2.2934814999753144,7
2.293937599984929,-46
2.2945573999895714,92
2.2950920999865048,82
2.2954168999858666,8
2.2957039999892004,72
2.296005599986529,-6
2.2962449999758974,-52
2.296498799987603,52
2.296766099985689,39
2.2970395000011194,16
2.2972930999821983,18
2.2975568999827374,19
2.29789659997914,-53
2.2981620999926236,-82
2.2984374999941792,-66
2.298770199995488,-2
2.2990199999767356,5
2.29926999998861,-39
2.2995200000004843,-103
2.299789199983934,16
2.300059599976521,16
2.3003762000007555,-20
2.3006227999867406,-86
2.300894799991511,-73
2.301164999982575,-78
2.3014332999882754,-60
2.301769099984085,33
2.302048099983949,24
2.302317399997264,30
2.3026245999790262,32
2.3028769999800716,69
2.3031255999812856,84
2.303393899986986,12
2.303652099973988,33
2.3039147999952547,50
2.304183899977943,49
2.304524399980437,69
2.30476919998182,55
2.30504049998126,9
2.305309199990006,30
2.305647399974987,-32
2.3058974999876227,-62
2.3061521999770775,14
2.3063981999875978,18
2.3066700999916065,-9
2.3069036999950185,91
2.3071473999880254,32
2.3073979999753647,7
2.307647599984193,-22
2.3079191999859177,-12
2.308184199995594,-35
2.3084363999951165,-38
2.308772099990165,48
2.3090221000020392,18
2.309358699974837,-17
2.309722999983933,8
2.3100579000019934,-82
2.3104545999958646,14
2.3108571999764536,3
2.311163399979705,24
2.3114726999774575,50
2.311978599987924,3
2.312380799994571,-18
2.3127330999996047,-2
2.312978199974168,54
2.3132237999816425,36
2.313495199981844,61
2.3137713999894913,47
2.31403819998377,66
2.3143941999878734,-69
2.314646899991203,-81
2.314910899993265,26
2.3151874999748543,16
2.31543319998309,30
2.315772100002505,-16
2.3160190999915358,-66
2.316297499986831,-75
2.31654410000192,22
2.3167944999877363,-28
2.3170613999827765,-22
2.317393799981801,-73
2.317669299984118,-63
2.317930199991679,-39
2.3181908999977168,-31
2.3184999999939464,-8
2.3187474999867845,-61
2.3190194999915548,-41
2.319270299980417,-23
2.3195429999905173,-14
2.319815800001379,17
2.3201230999839026,-23
2.320392900001025,-18
2.3206503999826964,14
2.3209146999870427,-41
2.3211832999950275,-9
2.321434399986174,-7
2.3217718999949284,50
2.3220191999862436,17
2.3222701999766286,-13
2.322539999993751,21
2.322809299977962,25
2.3231252999976277,75
2.323394199978793,46
2.323650499980431,32
2.3239193999907,-38
2.3241611999983434,17
2.3244362999976147,28
2.324776599998586,57
2.325022299977718,50
2.3252727999933995,-5
2.3255426999821793,68
2.3257776999962516,41
2.326021999993827,20
2.3263627999986056,-54
2.326798599999165,-6
2.3275467999919783,64
2.3283019999798853,-44
2.328682999999728,24
2.329027799976757,-82
2.3293335999769624,-23
2.3296438999823295,11
2.3298904999974184,12
2.330166699975962,0
2.3304312999825925,15
2.3307666999753565,-18
2.3310487999988254,-19
2.3313674999808427,-2
2.3316416000016034,-59
2.331917599978624,-84
2.3321804000006523,-57
2.3325181999825872,25
2.3327916999987792,17
2.333058699994581,30
2.333397399983369,48
2.333643799996935,8
2.333921699988423,-3
2.334168299974408,73
2.3344355000008363,35
2.334751899994444,16
2.3350190999917686,-28
2.335292399977334,-19
2.335560199979227,-21
2.3358943999919575,-57
2.336164899985306,-55
2.3364346000016667,-43
2.3367674999753945,21
2.3370442999876104,42
2.33736149998731,32
2.3375808999990113,52
2.337858499988215,53
2.338104900001781,9
2.3383565999974962,8
2.33860449999338,-13
2.3388555999845266,-25
2.339103599981172,-92
2.339354600000661,-5
2.3396043999819085,-8
2.3398551999998745,18
2.3401041999750305,-5
2.340354499989189,9
2.3406045000010636,37
2.3408755999989808,83
2.3411289999785367,67
2.341376299998956,0
2.3416470999945886,53
2.3418969999765977,0
2.342149399977643,-13
2.3423953999881633,-17
2.342680899979314,-45
2.3429357999993954,-45
2.343304999987595,27
2.34362699999474,35
2.3442809999978635,-22
2.3446310999861453,-19
2.344881199998781,-58
2.3452913999790326,-22
2.3456003999745008,10
2.345872799982317,60
2.3461177999852225,39
2.3463669999910053,6
2.346636699978262,35
2.346861199999694,-6
2.3471433999948204,-4
2.34738219997962,33
2.347612299985485,-37
2.3478659999964293,-40
2.348135699983686,-64
2.3483620999904815,-31
2.348613599984674,-60
2.348865299980389,62
2.3491153999930248,27
2.3493653999757953,2
2.349615499988431,45
2.3498649999964982,31
2.3501146999769844,15
2.3503646999888588,-7
2.350615299976198,-31
2.3508652999880724,-17
2.351115400000708,-4
2.3513662999903318,-4
2.3516152999945916,-65
2.351864999975078,29
2.352115599991521,26
2.3523664999811444,-10
2.35261519998312,45
2.3528652999957558,27
2.3531146999739576,79
2.3533656999934465,-2
2.3536191000021063,-13
2.353886999975657,-44
2.35411089999252,-4
2.3543652999796905,-42
2.3546153999923263,-82
2.354907299974002,3
2.355163399974117,-74
2.355412199976854,-21
2.355632799997693,30
2.3558616999944206,19
2.3561163999838755,43
2.356364899984328,46
2.3566150999977253,20
2.3568647999782115,-40
2.3571146999893244,-29
2.3573633999913,-60
2.357615099987015,-75
2.357865199999651,-19
2.358114899980137,-2
2.358342799998354,28
2.3585900999896694,13
2.358838999993168,44
2.359077899978729,5
2.359367899975041,27
2.3598531000025105,-28
2.3602516999817453,52
2.360816699976567,-31
2.3613573999900836,4
2.361707399977604,51
2.3620541999989655,1
2.362426699983189,-55
2.3627187999954913,34
2.362973299983423,58
2.363221599982353,49
2.363491399999475,13
2.363766800001031,-8
2.3640370999928564,23
2.364306099974783,38
2.3646386999753304,-34
2.3649103999778163,-38
2.3651827999856323,-36
2.3654524000012316,-44
2.365720699977828,-38
2.3659708999912255,72
2.366223799996078,54
2.366497499984689,27
2.366766099992674,-15
2.3670403999858536,4
2.367306699976325,18
2.367644299985841,-60
2.3678988999745343,-63
2.368151599977864,35
2.3683901999902446,-19
2.3686428999935742,86
2.3688959999999497,57
2.3691629999957513,32
2.369441699993331,27
2.3697462999843992,38
2.3700189999944996,11
2.3702926999831107,41
2.3705552999745123,24
2.3708933999878354,-42
2.371171199978562,-19
2.371438499976648,-34
2.371771699981764,25
2.372017899993807,25
2.3722971999959555,21
2.3725561999890488,-14
2.37287490000017,51
2.3731236000021454,-10
2.3733937999932095,22
2.37364819998038,21
2.3739169999898877,7
2.374271399981808,50
2.374539599986747,42
2.374808900000062,33
2.3751465999812353,-48
2.3754141999816056,-46
2.3756832999933977,-42
2.376021199976094,-9
2.376416799990693,4
2.3767592999793123,-38
2.377500099973986,-47
2.3782186999742407,-24
2.3787120999768376,-68
2.3791267999913543,40
2.3794364999921527,87
2.3797058999771252,75
2.3799803000001702,-7
2.3802268999861553,60
2.380495299992617,31
2.380749999982072,37
2.3810158999986015,17
2.3812937999900896,1
2.381559199973708,9
2.3818980999931227,-78
2.3821445999783464,29
2.3823944999894593,22
2.3826725999824703,4
2.3829183999914676,-23
2.3831875999749172,67
2.3834558999806177,50
2.383726999978535,57
2.383976699988125,53
2.384227099973941,20
2.384476999985054,79
2.384726699994644,24
2.3849757999996655,10
2.3852476999745704,40
2.3855181999970227,49
2.3857972999976482,50
2.3860335999925155,29
2.386297899996862,0
2.3865279000019655,-81
2.3867920999764465,-65
2.387060899985954,-21
2.387393599987263,-12
2.3876523999788333,6
2.3879378999990877,7
2.3882727999880444,10
2.388541099993745,-17
2.388804299989715,-29
2.389060499990592,44
2.3893935999949463,0
2.389661499997601,16
2.389941399975214,-9
2.390250999975251,-37
2.390498900000239,-91
2.390748399979202,-13
2.3910234999784734,-17
2.391277999995509,-67
2.3915234000014607,54
2.391788299981272,36
2.392044199979864,33
2.392355399992084,-97
2.3926029999856837,14
2.392854899982922,13
2.393184899992775,35
2.3935513999895193,8
2.393993799982127,53
2.3944274999957997,-45
2.395046999998158,3
2.395443499990506,43
2.395786399982171,-52
2.3960658999858424,-72
2.396371499984525,-16
2.3966411000001244,-15
2.3969129999750294,-2
2.3971871999965515,-9
2.3974524999794085,3
2.3977233999758027,-7
2.397977799992077,28
2.3982077999971807,-18
2.398473599983845,-29
2.3987453999870922,-15
2.3990188000025228,3
2.3992732999904547,-16
2.3995458999997936,-81
2.3998052999959327,-65
2.4001456999976654,0
2.4003940999973565,-11
2.4006439999793656,-6
2.4008943999942858,-43
2.4011648999876343,-5
2.4014346999756526,2
2.4017510999983642,15
2.4020194999757223,40
2.4022890999913216,34
2.402559399983147,46
2.40289679999114,86
2.403164699993795,66
2.403433799976483,82
2.4037715999875218,-9
2.4040399999939837,2
2.4043092999781948,-30
2.404648499999894,-27
2.404916300001787,-34
2.405166199983796,-19
2.4054161999956705,-55
2.4056839999975637,-32
2.40600099999574,3
2.406268099992303,-15
2.406526299979305,-11
2.406797599978745,-41
2.407038299978012,-39
2.407313699979568,-78
2.4076467999839224,12
2.407897899975069,38
2.4081527999951504,8
2.4083967999904417,-7
2.4086682999914046,-29
2.4089573999808636,-11
2.409197499975562,10
2.409437900001649,-7
2.4098218999861274,14
2.4101572999788914,7
2.410859600000549,-74
2.411153299995931,18
2.411749399994733,0
2.4120551999949384,-26
2.412399799999548,28
2.412706099974457,43
2.412972299993271,-35
2.413217399996938,80
2.4134659999981523,-2
2.4137147000001278,53
2.413965299987467,27
2.414214999997057,12
2.414464699977543,54
2.4147163000016008,-19
2.414969999983441,-19
2.415217199973995,-57
2.415465400001267,-18
2.415714799979469,-9
2.4159655999974348,-67
2.416215999983251,20
2.416464799985988,4
2.4167153000016697,55
2.416964799980633,58
2.4172167999786325,15
2.417465499980608,38
2.417714299983345,-8
2.417965100001311,23
2.4182225999829825,-81
2.418464899994433,-28
2.418716799991671,0
2.418964899989078,-71
2.41921639998327,10
2.4194652999867685,-14
2.419714699994074,81
2.4199731999833602,36
2.420223099994473,29
2.420473799982574,52
2.4207266999874264,17
2.420973200001754,-9
2.4212469999911264,10
2.421515800000634,35
2.421786399994744,18
2.42206649997388,48
2.4223755999992136,14
2.4226439999765716,38
2.4229238999832887,20
2.4231915999844205,21
2.423438699974213,1
2.4237484999757726,24
2.4240186999959406,39
2.4242775999882724,23
2.424518199986778,64
2.4247945999959484,62
2.4250322000007145,40
2.4253082999784965,43
2.4256471999979112,-9
2.4258937999838963,-8
2.4262941999768373,-2
2.4267714000015985,-1
2.4270512999792118,-10
2.427506399981212,-6
2.4280878999852575,-57
2.4288824999821372,41
2.4292480000003707,12
2.4295877999975346,-85
2.4298781999968924,27
2.430144499987364,-21
2.4304116999846883,-8
2.4306862999801524,-1
2.431018799979938,53
2.431286699982593,58
2.431559799995739,53
2.4318931000016164,-9
2.432171799999196,9
2.4324389999965206,17
2.4327723999740556,-25
2.433040499978233,-31
2.4333089999854565,-21
2.433646999998018,33
2.43391469999915,68
2.4341840999841224,48
2.4345217999943998,23
2.4347680999781005,16
2.4350432999781333,14
2.4353940000000875,-7
2.435644199984381,-32
2.435893699992448,-75
2.4361537999939173,21
2.4364323999907356,20
2.436749399988912,-17
2.437019999983022,4
2.4372920999885537,-17
2.4375619999773335,-1
2.4378964999923483,53
2.4381652000010945,37
2.4384384999866597,70
2.4387722999963444,36
2.439026099978946,-11
2.43927399997483,-13
2.43952229997376,78
2.4397736999962945,26
2.4400440999888815,1
2.4402851999911945,33
2.440560099988943,8
2.4409004999906756,62
2.4411525999894366,71
2.441397999995388,-3
2.4416473000019323,62
2.441896899981657,22
2.4421523999772035,2
2.4424176999891642,17
2.4426894999924116,15
2.4432964999869,42
2.443713899992872,-9
2.444130799995037,57
2.444680199987488,-24
2.4450419999775477,-17
2.4455159999779426,25
2.445876599987969,58
2.4461072999984026,38
2.4463967999909073,-23
2.4466566999908537,-64
2.4469009999884292,33
2.4471680999849923,3
2.4474302000016905,7
2.4476884999894537,46
2.448023999982979,49
2.448268999985885,8
2.448604899982456,-42
2.448852299974533,-48
2.449101599981077,34
2.449351999995997,16
2.4496014999749605,70
2.4498509999830276,66
2.450122199981706,54
2.4503934999811463,51
2.4506726999825332,59
2.4509226999944076,13
2.451191200001631,0
2.451432899979409,64
2.4517509999859612,31
2.451997299998766,22
2.4522684999974445,73
2.4525252000021283,76
2.452793999982532,54
2.453060599975288,42
2.453397999983281,12
2.4536660999874584,-2
2.4539142999856267,-31
2.45418349999818,-41
2.45452369999839,-72
2.45476829999825,-2
2.4550250999745913,-7
2.4552953999955207,-34
2.455563700001221,-76
2.4558744999812916,8
2.4561435999930836,-25
2.4564024999854155,-14
2.4566889999841806,-24
2.45700249998481,-2
2.457271299994318,-32
2.457518599985633,-64
2.457794999994803,-36
2.458045099978335,-26
2.4583535999991,-39
2.4586284999968484,43
2.45889989999705,29
2.459151999995811,-27
2.459397899976466,-13
2.4599301999842282,-90
2.460358999989694,33
2.4608218999928795,-67
2.4612478999770246,-42
2.4616864999989048,60
2.46221319999313,30
2.462553899997147,8
2.4629204999946523,-13
2.4633491999993566,5
2.463692399993306,-53
2.464042099978542,-52
2.46433829999296,66
2.4646015999896917,11
2.464845199981937,11
2.4650970999791753,2
2.4653456999803893,-31
2.4656819999800064,-45
2.4660125999944285,33
2.4662668999808375,30
2.46653299999889,-1
2.466802999988431,33
2.4671337999752723,-67
2.467362099996535,19
2.467633399995975,16
2.4678610999835655,75
2.468112899980042,79
2.468383699975675,24
2.46861379998154,42
2.468885699985549,15
2.4691583999956492,17
2.4694278999813832,-8
2.4697609999857377,74
2.4700376999971922,55
2.4703039999876637,56
2.4706360999844037,-22
2.4709099999745376,-20
2.4711594999826048,-56
2.4714126999897417,58
2.4716821999754757,2
2.471993499988457,-15
2.4722647999878973,-106
2.47253559998353,-88
2.472806399979163,-78
2.4731438999879174,-51
2.473412499995902,-14
2.4736827999877278,-26
2.4740171000012197,9
2.4742862999846693,47
2.4745611999824177,33
2.4748711999855004,-8
2.475144600000931,-49
2.475598399993032,-4
2.475921399978688,11
2.476263399992604,-29
2.4765995999914594,-22
2.4769402999954764,38
2.4775407999986783,-5
2.477965799975209,-39
2.478288499987684,-24
2.478590399987297,-13
2.478849699982675,-38
2.4791111999948043,-55
2.4793687999772374,-65
2.479615099990042,-16
2.4798414999968372,31
2.480062299990095,70
2.4803656000003684,15
2.480615599983139,-4
2.4808869999833405,54
2.4811114999756683,42
2.481371299974853,45
2.4816577999736182,-2
2.4818814999889582,42
2.4821329999831505,-9
2.48238569998648,-17
2.482614799984731,-34
2.4828645999950822,-81
2.4831145999778528,-15
2.483366499975091,5
2.483621499995934,-53
2.4838871999818366,13
2.4841106999956537,13
2.484364399977494,75
2.4846183999907225,86
2.4848865999956615,83
2.485110799985705,9
2.485364499996649,29
2.4856185999815352,-25
2.485864499991294,-47
2.4861148999771103,-16
2.4863650999905076,-65
2.486618199996883,-85
2.4868648999836296,34
2.487114699993981,-11
2.487365699984366,49
2.487619299994549,61
2.487864599999739,-14
2.4881353999953717,22
2.4883609999960754,10
2.488618299976224,-4
2.4888654999958817,-70
2.4891145000001416,-11
2.4893643999821506,-40
2.489635799982352,-78
2.489861399983056,11
2.4901140999863856,-28
2.4903624999860767,42
2.490681199997198,-8
2.490956499997992,-60
2.4912286999751814,-40
2.491496399976313,-89
2.4917657999903895,-84
2.4920407999888994,-72
2.4923054999962915,-98
2.4926422999997158,-42
2.4929255999741144,-47
2.493321299989475,-10
2.4936655999918003,-48
2.4940395999874454,-55
2.4944091999786906,-56
2.494728199992096,-7
2.4952778999868315,-1
2.4956466000003275,-42
2.4959181000012904,23
2.4961534999893047,-47
2.496438699978171,-71
2.4967470999981742,-7
2.4970151000015903,-19
2.4972898999985773,-41
2.497554699977627,-30
2.4978935999970417,3
2.49816779998946,7
2.4984305999823846,13
2.498770699981833,-5
2.499019999988377,105
2.499274100002367,37
2.4995186000014655,33
2.499790000001667,52
2.5000579999759793,42
2.500392299989471,57
2.500637999997707,12
2.5009145999792963,13
2.501184099994134,20
2.5014334000006784,28
2.501773399999365,-74
2.502041499974439,-80
2.5022912999847904,13
2.502558099979069,-4
2.502876299986383,-25
2.5031225999991875,-79
2.5033944999740925,-5
2.503665700001875,-9
2.5039348999853246,-36
2.5042708999826573,-40
2.5045390999875963,-19
2.5048081999993883,-6
2.5051512999925762,21
2.5054195999982767,3
2.505657199973939,42
2.50594039997668,54
2.5062701999850105,4
2.506542699993588,11
2.5067986999929417,16
2.50705200000084,-21
2.507310899993172,51
2.507625599973835,13
2.507894499984104,-11
2.5082363999972586,-31
2.5084998999955133,-7
2.5087685999751557,-24
2.5090439999767113,-12
2.5093011999852024,-78
2.509593599999789,-7
2.51000280000153,36
2.5115245999768376,-48
2.5120249999745283,-36
2.512332999991486,-17
2.5126665999996476,29
2.513046599982772,35
2.5133673999807797,-24
2.5136698999849614,-13
2.5139078999927733,37
2.514179299992975,62
2.51451779998024,59
2.5147946999932174,69
2.5150397999968845,26
2.5153117000008933,29
2.515623199986294,40
2.5158936999796424,90
2.516164699976798,69
2.516430499992566,75
2.5167474999907427,11
2.516999699990265,-14
2.517267899995204,-48
2.5175418999860995,-42
2.5177864999859594,44
2.518062599992845,30
2.5183505000022706,-60
2.51860250000027,39
2.5188693999953102,30
2.519123199977912,13
2.5193905999767594,-16
2.5196636999899056,-18
2.519946099986555,-31
2.5202487999922596,22
2.5204977999965195,-32
2.5207697000005282,1
2.521039799990831,-39
2.5213125000009313,-57
2.5216259000007994,-74
2.5218728999898303,-11
2.522144099988509,-42
2.522416699997848,-31
2.522685799980536,-35
2.5230234999908134,-8
2.523291799996514,19
2.5235585999907926,16
2.523898299987195,45
2.5241702999919653,53
2.524437999993097,59
2.524773399985861,0
2.5250407999847084,-8
2.5252948999986984,-20
2.5255526999826543,-6
2.5258090999850538,-40
2.526125599979423,12
2.52643519997946,-42
2.526727499993285,-30
2.5270093999861274,-46
2.528127699973993,25
2.5286469999991823,28
2.528949300001841,-39
2.5292501999938395,-99
2.529495999973733,-28
2.5298153999901842,-17
2.530124099983368,14
2.5303918999852613,14
2.5306669999845326,19
2.530911299982108,-12
2.531170399975963,28
2.531431599985808,-30
2.53174759997637,28
2.532019699981902,74
2.53230339998845,36
2.53257329997723,45
2.532873499993002,68
2.5331439999863505,72
2.533402200002456,91
2.533644099981757,17
2.533915199979674,21
2.5341843999922276,21
2.5345192999811843,-26
2.53479839998181,-56
2.5350488999974914,22
2.5352949999796692,32
2.5355636999884155,19
2.5358768999867607,-59
2.5361274999741,18
2.5363730999815743,-57
2.5366232999949716,53
2.5368731999769807,38
2.5371237999934237,-15
2.537394199986011,67
2.5376651999831665,76
2.5379256999876816,67
2.5382085999881383,42
2.5385001999966335,2
2.53875059998245,81
2.5390037999895867,25
2.53925399997388,4
2.5395187999820337,24
2.539787099987734,25
2.5400458999793045,46
2.540285399998538,8
2.5405657999799587,-16
2.5408733999938704,51
2.5411229000019375,59
2.5413934999960475,39
2.541671899991343,40
2.5419183999765664,24
2.542186299979221,52
2.542500999988988,52
2.54276869999012,31
2.5431031999760307,17
2.5444444000022486,14
2.5448367999924812,4
2.5451418999873567,-88
2.5453939999861177,-79
2.545650099986233,-54
2.545914399990579,-32
2.546180799981812,-78
2.5465204999782145,2
2.546787100000074,21
2.547061899997061,7
2.5473957999784034,50
2.547671599983005,77
2.5479348999797367,65
2.5482675999810454,0
2.5485413999995217,-16
2.548813000001246,4
2.549130899977172,-33
2.549379299976863,-69
2.549622599995928,-7
2.5498937999946065,-13
2.5501509999739937,-13
2.5504180999996606,-86
2.550684399990132,-57
2.5510216999973636,-35
2.551291099982336,-40
2.5515579999773763,-30
2.551896399992984,51
2.552184000000125,121
2.552520099998219,46
2.55278939998243,43
2.553057999990415,64
2.553398499992909,-8
2.553694699978223,5
2.553984300000593,4
2.5542802999843843,15
2.554580800002441,80
2.554881199990632,-2
2.555168099992443,-10
2.555412699992303,-23
2.5556878999923356,-36
2.556022099975962,-76
2.5562726999924053,-7
2.5565227999759372,-21
2.5567930999968667,-36
2.5570532999990974,40
2.557325599977048,-88
2.557627299975138,-30
2.5578807999845594,-76
2.5581273999996483,45
2.5583808999799658,8
2.5586258999828715,-19
2.5588968999800272,77
2.559147899999516,49
2.559397099976195,18
2.561334799975157,17
2.56167289998848,27
2.562004799983697,-39
2.5622953999845777,-5
2.5625298999948427,-69
2.562812499993015,-74
2.563143699982902,3
2.563417799974559,0
2.563663299981272,-15
2.5639185999752954,23
2.564201299974229,-9
2.5644739999843296,-15
2.564728799974546,4
2.564957599999616,-45
2.5652269999845885,-29
2.5654773999995086,-74
2.5657260000007227,44
2.565998399979435,18
2.566269699978875,-1
2.5665403999737464,11
2.5668095999863,-8
2.5671483999758493,-17
2.5674154000007547,-31
2.5676861999963876,-18
2.568055199983064,58
2.568305799999507,16
2.56856269997661,86
2.568894800002454,65
2.569222999998601,73
2.5695224999799393,-59
2.5697703999758232,-1
2.570020899991505,-21
2.570296399993822,-22
2.570542499976,-79
2.570827999996254,-48
2.5710988999926485,-88
2.571352200000547,-66
2.5716200999740977,4
2.571894099994097,-14
2.572162299999036,-5
2.5724360999884084,-16
2.5727690999920014,-18
2.57304540000041,-10
2.57331159999012,-16
2.5736194999772124,42
2.5738726999843493,23
2.5741196000017226,-28
2.5743720999744255,-7
2.5746406999824103,-22
2.5749152999778744,-38
2.575181499996688,-37
2.575429799995618,-14
2.5757703999988735,7
2.576049499999499,-2
2.57647219998762,12
2.5781237999908626,-39
2.578432799986331,-40
2.5787092999962624,-49
2.578977999975905,-50
2.579228399990825,4
2.5794785999751184,-48
2.579726899974048,-77
2.579977199988207,-30
2.580249799997546,-27
2.5805203999916557,-6
2.5807900999789126,-54
2.5810591999907047,-35
2.581395799992606,1
2.5816657999821473,13
2.5819170999748167,-34
2.5821653999737464,-13
2.5824177999747917,-17
2.5826826999837067,-55
2.5829331999993883,8
2.58325289998902,-21
2.5834988999995403,-70
2.583770099998219,-72
2.584024599986151,-14
2.5842693999875337,-11
2.5845187999948394,-63
2.584789999993518,22
2.5850718999863602,37
2.585380099975737,-8
2.585636199975852,-85
2.58592359998147,-3
2.586167499976,-75
2.5864182999939658,70
2.586673799989512,27
2.586925599985989,-11
2.587190099991858,32
2.587436699977843,55
2.5877728999766987,-25
2.5880330999789294,-62
2.5883105999964755,-18
2.5886468999960925,4
2.5888978999864776,-67
2.589147699996829,-37
2.5893976999795996,-20
2.589646999986144,-71
2.5899186999886297,2
2.590168499998981,-17
2.590423899993766,-58
2.5906780999794137,48
2.590918000001693,44
2.5911681999859866,18
2.5914195999794174,78
2.591653799987398,19
2.59194309997838,4
2.5922541999898385,53
2.59250030000112,30
2.5927515999937896,15
2.5945982999983244,32
2.5949673999857623,20
2.595235999993747,-33
2.5955235000001267,19
2.5957697999838274,12
2.596036799979629,20
2.5963064999959897,34
2.5966420999902766,43
2.596916299982695,48
2.5971856999967713,41
2.597469899978023,20
2.597751799999969,-79
2.5980160999752115,-70
2.598274099989794,3
2.598539799975697,16
2.5988087999867275,21
2.5991230999934487,-23
2.5993947999959346,-79
2.599664799985476,-98
2.599934799975017,-80
2.600269299990032,23
2.600539899984142,-31
2.600817200000165,-23
2.6011260999948718,-6
2.6013935999944806,24
2.6016647999931592,30
2.6019340999773704,44
2.6022736000013538,-55
2.6025233999826014,82
2.602771199977724,17
2.6030189000011887,29
2.6032783999980893,84
2.6035188999958336,27
2.6037991999764927,-12
2.6040386999957263,11
2.6043083999829832,22
2.6046440999780316,57
2.604923599981703,67
2.6051621999940835,40
2.605434299999615,15
2.6057512999977916,-37
2.6060193000012077,42
2.6062772999866866,29
2.606517999985954,27
2.606801199988695,-3
2.6070417999872006,54
2.6072975999850314,2
2.60756879998371,48
2.6078555999847595,43
2.6081052999943495,22
2.6083569999900647,28
2.60860569999204,1
2.608856199978618,-19
2.609105199982878,-43
2.6093360999948345,-19
2.610452599998098,-48
2.6108270999975502,-23
2.611164000001736,-31
2.6115106999932323,67
2.6118432999937795,-28
2.6122013999847695,-12
2.6126416999904905,-42
2.6130151999823283,4
2.613293199974578,60
2.6135343999776524,13
2.6137961999920662,-32
2.614050199976191,16
2.614291799982311,-27
2.614558799978113,-19
2.6148939999984577,-5
2.6151766999973916,-6
2.6154018999950495,7
2.615641299984418,11
2.615895399998408,-5
2.616161899990402,-64
2.6164156000013463,-55
2.616680199978873,-20
2.617017099983059,15
2.6172704999917187,33
2.617544499982614,21
2.6178056999924593,41
2.6181483999826014,96
2.6184146000014152,60
2.6186840999871492,85
2.6190001999784727,-4
2.6192544999939855,-22
2.619500999979209,55
2.6197467999882065,60
2.6200193999975454,26
2.6202765999769326,26
2.620518899988383,39
2.6207900999870617,80
2.6211009999969974,12
2.6213510999805294,66
2.6216012999939267,38
2.621872199990321,15
2.6221440999943297,18
2.6224005999974906,2
2.62266909997561,49
2.622906599979615,33
2.6231872999924235,32
2.623433499975363,1
2.6237683999934234,-15
2.624046599987196,-43
2.624305399978766,75
2.624579499999527,44
2.6248514999751933,61
2.625122699973872,42
2.6254163999983575,60
2.6257114999752957,-29
2.6260025999799836,-31
2.6262724999978673,-54
2.6278560999780893,42
2.6281315999804065,4
2.6284030999813695,17
2.628763499989873,-64
2.629029299976537,-12
2.6293055999849457,-20
2.629569699987769,-21
2.6298505000013392,-59
2.6301206999924034,0
2.630391899991082,-27
2.6306660999835003,-2
2.630933999986155,-31
2.6312685000011697,16
2.631543399998918,-9
2.6318152000021655,10
2.6321022999763954,55
2.632353900000453,23
2.632601799996337,41
2.632853499992052,-16
2.6331239999854006,-5
2.6333985999808647,-2
2.6336435999837704,-2
2.6338944000017364,-24
2.634173300000839,-31
2.6344333000015467,0
2.6347725999949034,64
2.635019099980127,3
2.6352707999758422,55
2.6355396999861114,43
2.6358085999963805,38
2.6361439999891445,47
2.636402999982238,80
2.6366900999855716,35
2.6369983999757096,-56
2.637269099999685,-98
2.6375413999776356,-100
2.6378117999993265,-104
2.6381449999753386,-59
2.638415699999314,-27
2.638685199985048,-18
2.6390240999753587,24
2.639375899976585,40
2.6396901999833062,-79
2.6399681999755558,-6
2.6402556999819353,-7
2.6404981999949086,-57
2.6407687999890186,-51
2.6410419000021648,-19
2.6413234999927226,-24
2.641644699993776,58
2.64189259998966,16
2.6421424000000115,-21
2.6423955999780446,-1
2.642668099986622,-31
2.6432144999853335,-44
2.6437899000011384,11
2.6442221999750473,11
2.6447610999748576,-13
2.645091099984711,40
2.645392599981278,-34
2.6456608999869786,-34
2.6459096999897156,-25
2.6461791999754496,-83
2.646491999999853,-39
2.6467613999848254,-28
2.647032799985027,-38
2.64730429998599,-44
2.6476397999795154,13
2.647907299979124,11
2.6481794999854174,14
2.6485115999821573,-11
2.648784999997588,-21
2.6490576999785844,-4
2.6493792999826837,-75
2.6496240999840666,2
2.6498876999830827,-7
2.6501454999961425,-28
2.650395099975867,49
2.650649599992903,28
2.6509108999744058,7
2.6511833999829832,6
2.651468299998669,1
2.651743800000986,21
2.6520204999833368,40
2.652265199983958,-1
2.652521499985596,114
2.652788099978352,53
2.653046399995219,103
2.6533087999850977,20
2.653642499994021,-35
2.653915099974256,-48
2.6541870999790262,-70
2.654495599999791,-7
2.654768799984595,-14
2.6550419999985024,-13
2.655310999980429,-20
2.655647499981569,-9
2.6559205999947153,-13
2.656162100000074,-16
2.656413499993505,-24
2.656706799985841,-18
2.6569819999858737,-47
2.65727159997914,9
2.657516499981284,2
2.6577686999808066,13
2.6580449999892153,-3
2.658289099985268,-1
2.6585421999916434,-65
2.658806999999797,-20
2.6591217999812216,-1
2.6594007999810856,4
2.6596964999916963,-29
2.660440599982394,37
2.661164299992379,-49
2.6614685999811627,46
2.6617675999877974,-39
2.662088099983521,35
2.662401099980343,-27
2.6627101999765728,-63
2.6629728999978397,-29
2.663223499985179,-29
2.6634944999823347,-57
2.663764999975683,-61
2.6640362999751233,-42
2.664306699996814,-50
2.664640499977395,54
2.6649090999853797,53
2.665182700002333,49
2.6654553999833297,54
2.6657235999882687,59
2.665975599986268,21
2.6662446999980602,44
2.6665184999874327,56
2.6667910999967717,51
2.66706019997946,60
2.6673924999777228,42
2.667665799992392,29
2.667893199977698,32
2.668171199999051,40
2.6684241999755614,65
2.6686800999741536,64
2.6689962999953423,16
2.6692448999965563,-48
2.6695179999805987,53
2.6697894999815617,54
2.670064799982356,35
2.6703763999976218,-51
2.670646599988686,-54
2.6709139999875333,-36
2.671183899976313,-33
2.6714331999828573,-84
2.671772499976214,-49
2.672017999982927,-14
2.6722970999835525,-35
2.672557299985783,-36
2.672881199978292,32
2.67314769999939,30
2.6733958999975584,-30
2.673649199976353,-32
2.673893799976213,-89
2.6741713999945205,-62
2.674420999974245,-2
2.6746795999933966,-45
2.674916399992071,-75
2.675186299980851,18
2.675456099997973,7
2.675705699977698,3
2.6759760999993887,-34
2.676260899985209,-76
2.6767201999900863,-94
2.677679699991131,-34
2.6781261999858543,-50
2.6785063999996055,-9
2.6787870999833103,-74
2.679078799992567,-82
2.679375399980927,-29
2.6796276999812108,-46
2.6798672000004444,-91
2.6801404999860097,-79
2.680417199997464,-74
2.6806781999766827,-71
2.6810159999877214,-22
2.6812656999973115,-29
2.681519899982959,-11
2.681773599993903,-68
2.6820391999790445,-21
2.6822932999930345,0
2.682557699998142,-49
2.682893099990906,-20
2.683167899987893,-7
2.6834308999823406,-3
2.6837693999987096,55
2.6840436999918893,72
2.684286699979566,52
2.684553999977652,42
2.684893999976339,21
2.685161999979755,50
2.685415199986892,37
2.685680599999614,87
2.6860013999976218,34
2.6862685999949463,26
2.686525500001153,-3
2.686791899992386,-3
2.6870650999771897,-15
2.687397499976214,-76
2.687702099996386,-88
2.687977299996419,-39
2.68822569999611,-20
2.6884774999925867,-97
2.6887272000021767,-50
2.688976299978094,-69
2.6892470000020694,-73
2.68952369998442,-68
2.6897930999984965,-103
2.6900625999842305,-68
2.6903966999961995,-10
2.690663899993524,-63
2.690941099979682,-21
2.69125009997515,32
2.6914982000016607,56
2.6917475999798626,11
2.6919972999894526,-37
2.692267999984324,-10
2.692527999985032,-4
2.692806999984896,-8
2.6932416999770794,69
2.693744499993045,-38
2.6942549999803305,-47
2.6946978999767452,16
2.6952406999771483,26
2.695665999985067,8
2.695969899999909,21
2.6962522999965586,75
2.6965710999793373,8
2.6968930999864824,-27
2.697167599981185,-10
2.697382699989248,-79
2.6976236999907997,-4
2.6978748999827076,-49
2.6981412999739405,42
2.6984164000023156,44
2.698681099980604,64
2.699017399980221,10
2.699293999990914,-42
2.699555599974701,-22
2.699893899989547,-2
2.7001684999850113,27
2.700434400001541,13
2.7007699999958277,2
2.701019100000849,78
2.7013003999891225,90
2.7015588999784086,81
2.7018763999803923,13
2.702122499991674,13
2.7023945999972057,75
2.702665099990554,76
2.7029337999993004,13
2.703270899975905,-8
2.7035424999776296,31
2.7038070999842603,-16
2.7040615000005346,-20
2.7043965999910142,-20
2.704665600002045,-25
2.7049418999813497,11
2.7052505999745335,37
2.705497799994191,-10
2.7057474999746773,-12
2.7060190999764018,-74
2.7062784000008833,-65
2.706560199992964,-58
2.706881899997825,49
2.7071261999954004,15
2.7073968999902718,3
2.7076469999738038,-48
2.7079003999824636,-21
2.7081467999960296,-29
2.708419199974742,-102
2.7086529999796767,-37
2.7088968999742065,-72
2.7091512999904808,32
2.7093974000017624,8
2.7097014999890234,-18
2.7100818999751937,6
2.7104638000018895,-23
2.7111261999816634,-51
2.7118287999765016,-2
2.7121676999959163,26
2.712514699989697,-45
2.712801199988462,-86
2.7130564999824855,13
2.713394899998093,-14
2.713662900001509,0
2.7139373999962118,-26
2.7142453999840654,42
2.7145194999757223,55
2.714765599987004,30
2.7150439999822993,10
2.715300699986983,50
2.715580299991416,26
2.715848099993309,12
2.7161017999751493,0
2.7163691999739967,33
2.7166425999894273,33
2.7169182999932673,30
2.717180199979339,47
2.7174326999811456,27
2.717773499985924,59
2.71801989999949,43
2.7182744999881834,67
2.7185209000017494,48
2.7187890999775846,20
2.7190583999908995,39
2.719396299973596,29
2.7196656999876723,11
2.7199363999825437,-8
2.7202693999861367,-69
2.720540699985577,-112
2.720811399980448,-53
2.721147399977781,-1
2.721414699975867,-32
2.7216836999868974,-13
2.7220215999986976,54
2.7222694999945816,21
2.7225202999834437,42
2.722768699983135,-29
2.723025699990103,-25
2.7232950999750756,-23
2.723547999979928,-88
2.723801199987065,-54
2.7240425999916624,-35
2.724298099987209,-78
2.7245505999890156,14
2.7248041999991983,-1
2.725065499980701,-48
2.72540840000147,-104
2.725683199998457,-47
2.7259780000022147,-21
2.726267899997765,-54
2.726662100001704,-47
2.7271667999739293,-28
2.7280359999858774,-38
2.7287407999974675,-84
2.7291591999819502,58
2.729452899977332,-8
2.729773999977624,-40
2.7300155999837443,-42
2.730286999983946,-41
2.7305629999900702,-29
2.730891499988502,39
2.7311664999870118,51
2.7314125999982934,5
2.7316666999831796,8
2.731932599999709,14
2.7322462000011,91
2.7325159999891184,75
2.732770199974766,38
2.7330437999917194,6
2.7333102999837138,13
2.7336550999898463,-10
2.733938899997156,15
2.7342720000015106,-34
2.7345388999965508,0
2.7348094999906607,-37
2.735153099987656,43
2.7353934999846388,12
2.7356739999959245,17
2.7359108999953605,13
2.7361682999762706,16
2.736417399981292,-5
2.7366870999976527,-20
2.7369999999937136,4
2.7372725999739487,35
2.737542699993355,8
2.737804399977904,17
2.7380553999973927,-5
2.738308699976187,-29
2.7386436999950092,-6
2.738920899981167,0
2.739166099985596,10
2.739433499984443,-9
2.739747099985834,50
2.7400179999822285,4
2.7402892999816686,-5
2.740559199999552,-31
2.740901799988933,-49
2.7411468999926,57
2.7413965000014286,49
2.7416474999918137,-2
2.7418971000006422,69
2.7421478999895044,65
2.7423971999960486,35
2.7426514999824576,-30
2.7429310999868903,-42
2.743473399983486,45
2.744222199980868,-108
2.744641600002069,23
2.7450059999828227,11
2.7452619999821763,19
2.7456304999941494,19
2.7459174999967217,-25
2.7461547999992035,-97
2.746437199995853,-79
2.74674679999589,-6
2.7470155999762937,-38
2.7472945999761578,-6
2.7475399999821093,1
2.7477863999956753,-21
2.748122399993008,-32
2.7483912000025157,-17
2.748642699996708,-17
2.748917299992172,15
2.749189699999988,-31
2.7494742999842856,4
2.749747399997432,-6
2.75001579997479,12
2.750316699995892,32
2.7505337999900803,26
2.7507942999945953,-17
2.751055599976098,-4
2.751375799998641,19
2.7516446999798063,19
2.7519144999969285,37
2.7521835999796167,59
2.7525215999921784,80
2.75278929999331,74
2.7530669999832753,91
2.7533717999758665,13
2.753644299984444,7
2.753878799994709,-46
2.754136399977142,11
2.7544191999768373,52
2.7546665999980178,13
2.754935499979183,-8
2.755269799992675,-79
2.755541799997445,-78
2.755803499981994,-77
2.756061799998861,-6
2.756394399999408,-22
2.756815499975346,55
2.757164599985117,-42
2.757461000001058,7
2.7577274999930523,36
2.7580039000022225,-14
2.758271999977296,39
2.7585411999898497,-3
2.7588092999940272,2
2.7591435999784153,21
2.759421900002053,48
2.7597128999768756,-10
2.760024599992903,-38
2.7603770999994595,-45
2.7608219999819994,-6
2.761233600002015,22
2.761502899986226,-21
2.761915899987798,43
2.7622345999989193,-26
2.7625334999756888,93
2.7628773999749683,59
2.7631467999890447,-82
2.763397599977907,24
2.7636612999776844,5
2.763938899995992,-13
2.7642472999868914,-32
2.764488699991489,-99
2.7647622999793384,-20
2.765027299989015,-1
2.7652567999903113,-41
2.765485499985516,66
2.7657345999905374,23
2.7660104999959003,65
2.766280199983157,64
2.7665067999914754,10
2.766736999998102,-17
2.7670092999760527,1
2.767261100001633,-1
2.767547099996591,8
2.76778860000195,-7
2.7680474999942817,-33
2.7683847000007518,42
2.768656300002476,60
2.7689130999788176,18
2.7691779999877326,36
2.769425599981332,40
2.7697607000009157,67
2.7700334999826737,101
2.7702293999900576,51
2.770509800000582,3
2.770780199993169,34
2.771010500000557,-22
2.7712833999830764,3
2.77157489999081,-8
2.7718715999799315,40
2.7721408999932464,18
2.7723881999845617,-3
2.7726452999922913,-5
2.772908999992069,-55
2.7731817000021692,-55
2.7734516999917105,-7
2.773721799982013,-10
2.7739915999991354,-35
2.7742694999906234,-5
2.774538899975596,-9
2.7747950999764726,-34
2.7750533999933396,-11
2.7753702999907546,67
2.7756386999972165,1
2.7758907999959774,32
2.776162699999986,-2
2.776827099994989,9
2.7773712999769486,36
2.777883299975656,10
2.7782463999756146,53
2.778510699979961,-10
2.7788245999836363,41
2.77910289997817,-73
2.779427899979055,-46
2.7797017999982927,-38
2.7799676999857184,-25
2.7802186999761034,1
2.7804688999895006,-26
2.7807183999975678,-96
2.780967300001066,-15
2.7812394999782555,-14
2.7815105999761727,-10
2.7817844999954104,4
2.782054799987236,-27
2.78238949997467,13
2.7826611999771558,11
2.7829328999796417,28
2.783264400000917,63
2.7835351999965496,61
2.7838152999756858,81
2.784140799980378,35
2.784408399980748,32
2.784680799988564,46
2.7850164999836124,-11
2.785290799976792,-6
2.78555449997657,-1
2.7858929999929387,26
2.7861694999737665,8
2.786412899993593,10
2.786665299994638,-10
2.786930099973688,-2
2.7872470000002068,-10
2.787515399977565,0
2.7877894999983255,25
2.788082299986854,-1
2.7883939999737777,80
2.788664699997753,39
2.7889419999846723,27
2.789251099980902,-6
2.789498799975263,-33
2.7897481999825686,36
2.7900191999797244,45
2.790270400000736,8
2.7905394999834243,-33
2.790808699995978,-11
2.7911514999868814,-63
2.791394300002139,13
2.7917108999972697,-33
2.791976299980888,-30
2.7922267999965698,-88
2.792477599985432,20
2.792726699990453,-9
2.7930266999755986,-16
2.793439100001706,-15
2.7945480999769643,-11
2.7949948999739718,-24
2.7955274999840185,-85
2.795826899993699,-17
2.7961233999812976,-33
2.7963931999984197,1
2.7966689000022598,-14
2.7969334999797866,-24
2.797265100001823,0
2.797537199978251,-7
2.7978008999780286,0
2.7981404999736696,-44
2.7984146999951918,-58
2.798681199987186,-85
2.7989954999939073,-5
2.799268699978711,-40
2.799533999990672,-44
2.799812099983683,53
2.8001330999832135,-11
2.8004204999888316,-16
2.8007247999776155,-2
2.800976999977138,7
2.801223199989181,6
2.8014978999854065,9
2.801766199991107,13
2.8020395999774337,34
2.802304999990156,34
2.802643499977421,60
2.8029185999766923,42
2.803183899988653,65
2.803472999978112,87
2.8037242999998853,53
2.803981199976988,39
2.804248699976597,-10
2.804519400000572,-2
2.8047768999822438,9
2.8050183999876026,47
2.805296599981375,27
2.8055566999828443,47
2.8058971999853384,8
2.8061435999989044,-22
2.8064144999952987,-8
2.8066735999891534,77
2.806924899981823,40
2.807171799999196,-11
2.807433299982222,33
2.8077722000016365,74
2.808039399998961,50
2.8082943999907,32
2.808554199989885,2
2.8088087999785785,11
2.8091223999799695,4
2.8093727999948896,-8
2.809743499994511,-43
2.81011269998271,-35
2.810454499995103,-17
2.810824499989394,-53
2.8111989999888465,74
2.8116135000018403,-103
2.8119038000004366,43
2.8121952999790665,-17
2.812502599990694,19
2.8127459999814164,17
2.8130163999740034,44
2.813295100000687,14
2.81355709998752,14
2.8138731999788433,-54
2.8141195999924093,4
2.814373200002592,11
2.8146416999807116,-30
2.8149131999816746,-24
2.8151879999786615,-33
2.8154534999921452,-34
2.815728899993701,-52
2.815999099984765,-45
2.816248799994355,36
2.8165198999922723,7
2.8167902999848593,16
2.817058899992844,-3
2.817394299985608,-26
2.81765389998327,-34
2.817931600002339,-16
2.818268099974375,47
2.818539999978384,45
2.818808399984846,52
2.819147299975157,73
2.819417599996086,54
2.819687699986389,96
2.8200192999793217,-10
2.820276799990097,-10
2.820546699978877,-35
2.8207899999979418,-58
2.8210585999768227,-85
2.821395199978724,-61
2.8216442999837454,-27
2.8219151999801397,-25
2.822184099990409,-31
2.822518399974797,25
2.8227754999825265,24
2.823041199997533,-19
2.823312900000019,-32
2.823644299991429,22
2.8239149999863002,5
2.8241846000018995,32
2.8245227999868803,-12
2.8249164999870118,-24
2.8252304999914486,50
2.8254972999857273,73
2.825771399977384,41
2.8260361999855377,63
2.8263598999765236,8
2.8278669999854174,38
2.828163300000597,-21
2.8284408999898005,-32
2.8287357999943197,-29
2.829001199977938,10
2.8292478999937885,12
2.8295198999985587,-18
2.82979059999343,-11
2.830040699976962,-54
2.8302915999956895,-13
2.8305401999969035,-22
2.8308061999850906,-60
2.8310564999992494,22
2.8313788999803364,-8
2.831623599980958,-91
2.8318958999880124,-68
2.8321431999793276,38
2.8324176000023726,6
2.8326700999750756,-36
2.83292960000108,-59
2.8331821999745443,50
2.8334347999771126,51
2.8337686999875586,-14
2.8340414999984205,8
2.8343127999978606,-44
2.834644799993839,22
2.834914499981096,10
2.835179799993057,-1
2.835429699975066,-13
2.835732099978486,-1
2.835999799979618,-13
2.8362491999869235,-87
2.836520599987125,-45
2.836790299974382,-30
2.8370590999838896,-33
2.8373944999766536,19
2.83769499999471,-2
2.838019999995595,13
2.838291499996558,-6
2.8385610999830533,-2
2.8388758999935817,-21
2.8391448999755085,-99
2.839415900001768,-89
2.839687799976673,-76
2.840024299977813,-26
2.84027379998588,-23
2.840518899989547,-34
2.8408640999987256,-9
2.841243000002578,14
2.841489999991609,-38
2.841820399975404,-39
2.84204379998846,-29
2.8422918999858666,-68
2.842535699979635,25
2.842788299982203,-5
2.8430867999850307,-39
2.84440909998375,-2
2.844747199997073,-23
2.8450116999738384,-6
2.845274299994344,-7
2.845525299984729,59
2.8457801999757066,14
2.846035700000357,-8
2.846289799985243,-20
2.8465589999977965,-2
2.846900899981847,54
2.84713759997976,38
2.847365900001023,20
2.8476189999782946,-21
2.8478699999977835,-12
2.8481198999797925,-21
2.84839169998304,-82
2.8486688999983016,-29
2.848911799985217,-15
2.849162200000137,-38
2.849411199975293,-97
2.8496673999761697,-1
2.8499110999982804,-5
2.8501818999939132,-44
2.850501999986591,-71
2.8507724999799393,-13
2.851020299975062,-10
2.851244899997255,62
2.851497700001346,34
2.851769200002309,-14
2.852040699974168,31
2.8523119000019506,-16
2.8526435999956448,-81
2.8529042000009213,-110
2.85314429999562,7
2.8533989999850746,10
2.8536488999961875,78
2.853918099979637,61
2.854166199977044,32
2.854447899997467,18
2.8548422000021674,-48
2.855112499993993,-39
2.8553767999983393,-22
2.8556448000017554,-18
2.8559281999769155,-82
2.8562325999955647,-31
2.8564801999891642,-22
2.8567336999985855,-89
2.8569784999999683,-46
2.8572303999972064,-53
2.8575073999818414,-113
2.8577702999755275,-71
2.8580406999972183,-93
2.8583522999833804,-10
2.8586017999914475,-39
2.8588532999856398,-95
2.8591050999821164,-38
2.859394200000679,-91
2.8597343000001274,-81
2.8600167999975383,19
2.8603466999775264,-2
2.8609630999853835,-30
2.8612541999900714,15
2.861564199993154,54
2.861993899976369,51
2.862319199979538,-4
2.8626033999898937,34
2.862849600001937,3
2.8631203999975696,38
2.863371699990239,19
2.8636482000001706,-38
2.8639094999816734,-3
2.8641877999762073,-17
2.864514299988514,39
2.864787200000137,25
2.865061299991794,25
2.865467299998272,-40
2.8657354000024498,-11
2.866018599976087,-33
2.8662963999959175,-12
2.8665614999772515,-11
2.866900799999712,-12
2.8671516999893356,53
2.867389999999432,51
2.8676437999820337,0
2.8679000999836717,44
2.8681463999964762,-27
2.868413699994562,-26
2.8686920999898575,-10
2.8689974999870174,55
2.869266499998048,50
2.869537799997488,66
2.8698064999771304,61
2.8701480999880005,52
2.870394400000805,31
2.87067579998984,34
2.870930499979295,15
2.8712514999788254,-81
2.871517899999162,22
2.871774599974742,21
2.872042799979681,3
2.8723101999785285,-4
2.8726464999781456,-16
2.8729886999935843,-15
2.873272299999371,0
2.873520399996778,35
2.873790999990888,20
2.874062699993374,27
2.874396599974716,64
2.874665699986508,36
2.87493409999297,40
2.8752700999903027,-5
2.8754776999994647,32
2.8757488999981433,14
2.8760029999830294,3
2.876274599984754,24
2.876715599995805,-41
2.877764599979855,10
2.8780716999899596,-83
2.8783792999747675,-20
2.8787252999900375,-40
2.8789908999751788,7
2.879274999984773,54
2.879499399976339,12
2.8797658999974374,17
2.8800409999967087,1
2.880308799998602,-5
2.8806445999944117,47
2.8809180999815,58
2.881179999996675,86
2.881435099989176,51
2.8817674999882,20
2.8820414999790955,25
2.8822895999765024,14
2.8825588999898173,-36
2.8828758999879938,19
2.88314389999141,-17
2.8834036999905948,-20
2.8836810999782756,-48
2.8840186999877915,-2
2.884277099976316,-15
2.884519299987005,-9
2.884768299991265,-16
2.885040299996035,-8
2.885288199991919,-53
2.8855445999943186,24
2.885802299977513,30
2.886049599997932,24
2.8863083999895025,45
2.886643199977698,21
2.886914999980945,38
2.88718499999959,10
2.8874336000008043,-32
2.887788599997293,-25
2.888045899977442,-17
2.8882932999986224,-86
2.8885539999755565,-31
2.88880999997491,-36
2.889145199995255,-24
2.8894162999931723,-27
2.889689499977976,0
2.8900014999962877,41
2.8902534999942873,-1
2.8905216999992263,-22
2.8907703000004403,-36
2.8910206999862567,-57
2.8912703999958467,-30
2.891540199983865,-45
2.8918093999964185,-65
2.8921440999838524,37
2.892403199977707,46
2.892678199976217,31
2.893175399978645,4
2.8942947999748867,17
2.8946600999915972,-88
2.895063099975232,25
2.89538019997417,-20
2.895677099993918,1
2.8959505999810062,-24
2.896218299982138,-36
2.896488899976248,1
2.8967636000015773,-18
2.8970397999801207,-34
2.8973096999980044,0
2.897644399985438,14
2.897894499998074,48
2.8981434000015724,6
2.8984224000014365,26
2.8986824000021443,34
2.898997499985853,8
2.899270699999761,79
2.899543999985326,68
2.8997948999749497,48
2.9000548999756575,53
2.900309099990409,18
2.900647000002209,1
2.9008936999889556,66
2.90116599999601,94
2.901417599990964,55
2.9016787000000477,-4
2.901933999994071,86
2.9022687999822665,46
2.9025193999987096,27
2.902789699990535,21
2.903058099996997,0
2.9033940999943297,-32
2.9036786999786273,-42
2.9039356999855954,-13
2.904141699982574,16
2.9043720999907237,-11
2.9046232999826316,42
2.904870200000005,7
2.90512119999039,64
2.9053941999736708,14
2.905645999999251,-12
2.9058943999989424,33
2.906205499981297,15
2.9064768999814987,10
2.9067472999740858,16
2.9070198999834247,-12
2.9072924999927636,17
2.9076013999874704,52
2.9078521999763325,21
2.9081013999821153,20
2.908352200000081,60
2.90860139997676,24
2.9088700999855064,-4
2.909140599978855,-10
2.9094150000019,5
2.9107097999949474,-14
2.9109841999888886,-25
2.911190299986629,24
2.9114127999928314,13
2.91174039998441,11
2.9119868999987375,0
2.9122434000018984,45
2.9124656999774743,42
2.9127156999893486,-67
2.9129432999761775,-29
2.91322729998501,-64
2.9134774999984074,-4
2.913726599974325,-29
2.913979399978416,-55
2.9142275999765843,33
2.9144799999776296,10
2.9147263999911956,53
2.9149772999808192,32
2.9152286000025924,32
2.915476199996192,31
2.91574899997795,-10
2.916020099975867,12
2.916290699999081,-15
2.9165666999761015,5
2.9168936999922153,17
2.9171533999906387,46
2.917431799985934,24
2.91776939999545,-40
2.9180392999842297,-23
2.9183098999783397,-39
2.9186437999887858,36
2.918897700001253,-15
2.9191750999889337,7
2.9194813999929465,52
2.91977149999002,42
2.9201239999965765,32
2.9203736999770626,8
2.920682099997066,-68
2.921019899979001,-77
2.9212718999770004,-46
2.921519800001988,-6
2.9217694999824744,-74
2.9220370999828447,8
2.9223058999923524,-21
2.9226223999867216,-28
2.922890699992422,-35
2.923165499989409,-43
2.9234304999990854,0
2.923774199996842,17
2.9240157999738585,-28
2.9242897999938577,-6
2.9245561999850906,13
2.9248937999946065,11
2.925168499990832,28
2.9254305999784265,14
2.925767899985658,-59
2.926052599999821,-17
2.926372199988691,-56
2.926716199988732,-56
2.9270733000012115,35
2.9274019000004046,-84
2.9276916999951936,-40
2.9280978000024334,-19
2.928459299990209,-100
2.928814099985175,-15
2.9291421999805607,-6
2.9294006999989506,-6
2.929647799988743,-3
2.9299059999757446,48
2.9301287999842316,-8
2.9303784999938216,11
2.9306303999910597,28
2.9308619999792427,-17
2.9311364999739453,-35
2.931408999982523,8
2.931659599998966,-14
2.9319071999925654,15
2.9321652999788057,-47
2.932429999986198,-6
2.9327661999850534,-3
2.933042499993462,11
2.933308499981649,-5
2.933646499994211,-1
2.9339151000021957,10
2.9341853999940213,5
2.9345194999768864,-61
2.934789599996293,-69
2.93505999998888,-77
2.935393899999326,-12
2.935673300002236,-26
2.9359338999784086,-18
2.9362714999879245,67
2.93651949998457,10
2.93676919999416,38
2.9370487999985926,31
2.937296399992192,8
2.9375637999910396,-24
2.9378934999986086,-9
2.9381540999747813,-10
2.9384308999869972,-4
2.938750599976629,-60
2.9390153999847826,50
2.939291899994714,25
2.939555399992969,27
2.9398941999825183,-16
2.940168499975698,-31
2.940429199981736,-32
2.9407653999805916,-9
2.9410386999952607,35
2.9413131999899633,17
2.941621899983147,73
2.9418901999888476,83
2.942142799991416,34
2.942396099999314,-6
2.942649899981916,48
2.9429250999819487,-41
2.943530299991835,-40
2.9439706999983173,-61
2.944359999994049,-22
2.9446014999994077,21
2.94486949997372,-77
2.9452693999919575,-105
2.9455216999922413,40
2.9457609999808483,-13
2.9459913999889977,-26
2.946244499995373,-17
2.946494999981951,-30
2.9467491999967024,-14
2.9469979999994393,-27
2.947260199987795,-52
2.94749399999273,22
2.947748099977616,5
2.9479984999925364,-16
2.9482459999853745,41
2.9484973999788053,16
2.9487475999922026,23
2.9489941999781877,8
2.9492440999893006,10
2.9495146999834105,-20
2.9497605999931693,-55
2.9499891999876127,-23
2.9502431000000797,-62
2.9504930999828503,39
2.950744100002339,8
2.9510152000002563,-30
2.9512643999769352,102
2.9515522999863606,63
2.9517832999990787,69
2.9520438999752514,31
2.9523026999959257,56
2.952558899996802,50
2.952876399998786,11
2.9531435999961104,-17
2.953403499996057,11
2.9536863999965135,-31
2.954023199999938,-91
2.9542911000025924,-99
2.9545616999967024,-93
2.9548942999972496,-27
2.955165399995167,0
2.9554337000008672,-1
2.9557684999890625,30
2.9560490000003483,31
2.9562896999996156,1
2.9565600999922026,-9
2.956894699978875,-53
2.9571438999846578,24
2.9574144999787677,36
2.957684499997413,36
2.957997899997281,-51
2.9583067999919876,-81
2.958603499981109,-45
2.9588896999775898,-45
2.959557499998482,11
2.960471799975494,46
2.960980199975893,-19
2.961336599983042,-87
2.9617252000025474,-4
2.9620615000021644,8
2.962346099986462,-98
2.9626298999937717,-54
2.9629200999916065,-10
2.9631712999835145,-37
2.963412099983543,-81
2.963684199989075,-76
2.96401899997727,-29
2.964269999996759,-36
2.964519399974961,-29
2.964769799989881,-76
2.965040399983991,-18
2.9653121999872383,35
2.965644199983217,11
2.9659178000001702,0
2.9661692999943625,2
2.96643669999321,3
2.9667703000013717,66
2.967043599986937,63
2.9673187999869697,90
2.967627199977869,9
2.967875999980606,16
2.9681273000023793,80
2.968381499988027,51
2.968647499976214,39
2.9688974999880884,58
2.9691516000020783,9
2.9693984999903478,6
2.9696476999961305,37
2.969898599985754,-34
2.9701535999774933,-5
2.9704365999787115,-26
2.970753199973842,16
2.9709872999810614,-6
2.971272999973735,-16
2.9715267999854404,-14
2.971772699995199,-10
2.9720190999796614,-54
2.97229839998181,-71
2.9725598999939393,-68
2.9728776999982074,0
2.97318699999596,-3
2.9734799999860115,44
2.973727799981134,54
2.9739967999921646,12
2.974353199999314,61
2.974631599994609,-85
2.974915799975861,-80
2.975187099975301,-70
2.9754342999949586,-12
2.975769399985438,-36
2.976027199998498,-35
2.9764854999957606,-77
2.976754199975403,-107
2.9770879999850877,-22
2.977454599982593,-11
2.9778083999990486,-21
2.97812669997802,-25
2.978428000002168,9
2.9787158999824896,24
2.979016099998262,36
2.979298199992627,65
2.979583399981493,-50
2.9798747999884654,-14
2.980123999994248,-21
2.980373799975496,44
2.980623499985086,53
2.9808944999822415,8
2.9811654999793973,0
2.9814379999879748,11
2.981768400000874,-92
2.982027099991683,-95
2.9822893999808002,11
2.98255999997491,-13
2.982898899994325,-11
2.9831473999947775,-23
2.983397799980594,-68
2.9836467999848537,-45
2.9839242000016384,-32
2.984206199995242,-7
2.9845028999843635,-57
2.9847562999930233,-27
2.9850004999898374,-34
2.985247199976584,-50
2.9855195999844,-78
2.98576999999932,54
2.986018800002057,19
2.9862900000007357,2
2.9865593999857083,-59
2.9868943999754265,-65
2.9871653000009246,-88
2.9874338999798056,-86
2.987770999985514,4
2.988042699988,0
2.9883126999775413,26
2.9886238999897614,5
2.9888942999823485,-2
2.9891439999919385,52
2.9894152999913786,54
2.9897519999940414,49
2.989986200002022,5
2.9902270000020508,42
2.990497899998445,0
2.990769999974873,17
2.9910400999942794,88
2.9913089999754447,38
2.9916469999880064,9
2.991915799997514,-10
2.9921849999809638,-48
2.992518299986841,-42
2.9927966999821365,-29
2.9932147999934386,-39
2.993524499994237,-24
2.994170199992368,-90
2.9945482999901287,9
2.994806399976369,-31
2.995126199995866,-7
2.995457399985753,-24
2.995735299977241,56
2.9960007999907248,57
2.9962432999745943,55
2.9964962999802083,-1
2.9967444999783766,27
2.9969981999893207,-8
2.9972477999981493,-17
2.997497599979397,-80
2.997748699999647,-14
2.9979966999962926,-21
2.9982485999935307,-82
2.9984988999785855,37
2.9987494999950286,28
2.9989944999979343,57
2.999243899976136,47
2.999494199990295,20
2.9997697999933735,31
3.000043599982746,22
3.0002831999736372,-15
3.0005576999974437,3
3.0008939999970607,39
3.0011534999939613,45
3.0014316999877337,49
3.001768499991158,-15
3.002048399997875,-6
3.00229939998826,-42
3.0025596999912523,-73
3.002901200001361,-140
3.0031445999920834,-41
3.003423499991186,-57
3.0036818999797106,-43
3.0039978999993764,29
3.0042680999904405,-14
3.0045404999982566,-28
3.0048094999801833,-28
3.005143099988345,47
3.005415499996161,33
3.0056859999895096,37
3.006023499998264,-15
3.006289299984928,-9
3.006559399975231,-19
3.00689419999253,-27
3.007167899981141,-42
3.0074366999906488,-20
3.007750799995847,-20
3.007998299988685,-12
3.00824859997374,-1
3.0084978999802843,-97
3.0087685999751557,-16
3.009040599979926,-59
3.0093082999810576,-45
3.0098889999790117,-12
3.0110936999844853,3
3.0115177999832667,10
3.0118617999833077,-60
3.0122647999960463,42
3.012554499990074,-3
3.012854000000516,-72
3.013101499993354,-13
3.0133523999829777,-33
3.013601499987999,-64
3.0138565999804996,29
3.0141062999900896,8
3.0143557999981567,87
3.014607099990826,67
3.0148537999775726,19
3.015107099985471,18
3.015354599978309,-1
3.0156080999877304,-13
3.0158758999896236,-1
3.016126499976963,-31
3.01638039998943,-20
3.01662569999462,-28
3.016875799978152,-67
3.017125099984696,-7
3.0173774999857415,2
3.0176249999785796,35
3.0178980999917258,40
3.0181463999906555,28
3.0183931999781635,21
3.0186713000002783,16
3.0189180999877863,69
3.01917919999687,64
3.0194330999802332,11
3.019767799996771,-13
3.0200247999746352,-10
3.02028899997822,51
3.0205565999785904,77
3.020896599977277,-8
3.0211636999738403,-27
3.0214332999894395,-34
3.021768799982965,-5
3.0220397999801207,-20
3.0223081999865826,-9
3.0226433999778237,1
3.022921199997654,3
3.0231832999852486,-6
3.0234324999910314,64
3.023746899998514,-2
3.023996799980523,-17
3.024267000000691,67
3.0245391999778803,84
3.0248078999866266,76
3.0251427999755833,30
3.025454799993895,2
3.0257338999945205,-34
3.0260004999872763,-55
3.0262570999911986,-104
3.026607799984049,15
3.026927799975965,50
3.027344499976607,-67
3.0278426999866497,49
3.0282694999768864,-7
3.028649999992922,-59
3.0289334999979474,42
3.0292322999739554,7
3.0295229999755975,26
3.0297783999994863,-4
3.030063499987591,8
3.030394299974432,-29
3.0306439999840222,-69
3.030897799995728,19
3.03114789997926,15
3.0314195999817457,-17
3.031652599980589,29
3.0318981999880634,5
3.0321484000014607,62
3.0323984999849927,42
3.032647799991537,15
3.0329162999987602,36
3.033186599990586,19
3.0334341999841854,3
3.0337690000014845,23
3.034026899986202,47
3.034290499985218,3
3.0345583999878727,28
3.0348987999896053,-47
3.0351442999963183,50
3.035415299993474,71
3.035683900001459,53
3.035998199979076,-9
3.0362477999879047,-36
3.0365183999820147,23
3.036789799982216,22
3.037054199987324,15
3.0373131999804173,3
3.037643299991032,-62
3.0379227999947034,-42
3.0381722999736667,-74
3.038430199987488,-63
3.0387723999738228,11
3.0390207000018563,-16
3.039269399974728,-12
3.0395401999994647,-51
3.039836399984779,-69
3.0401245999964885,8
3.040393299976131,-25
3.040664599975571,3
3.0409493999904953,26
3.0412480999948457,73
3.0415159999975003,98
3.04179099999601,66
3.042054699995788,83
3.0424171999911778,-1
3.042705899977591,-39
3.0430508999852464,-40
3.043392399995355,-2
3.043722299975343,-19
3.0441410999919754,-33
3.0444799999822862,-2
3.044887700001709,44
3.0452301999903284,-32
3.0455510999890976,3
3.0459605999931227,-79
3.0463122999935877,-16
3.046608799981186,-60
3.0468994999828283,-35
3.047147999983281,-56
3.047397699992871,-37
3.0476487999840174,-40
3.047902799997246,-67
3.048151999973925,13
3.0484390999772586,12
3.0487515999993775,-3
3.0490020999859553,-72
3.0492515999940224,-2
3.0495072999910917,1
3.04975179999019,-46
3.0500021999760065,24
3.050273000000743,18
3.050543799996376,29
3.0507977999805007,-10
3.051049699977739,88
3.0513049000001047,70
3.0515520999906585,27
3.05179379999754,43
3.0520479999831878,21
3.052315999986604,-18
3.05267519998597,3
3.0529154999821912,-56
3.053184099990176,-6
3.0534336999990046,61
3.053772299987031,21
3.0540207999874838,8
3.0542705999978352,-9
3.054539599979762,-3
3.054809399996884,46
3.05512869998347,57
3.0553951999754645,25
3.055666399974143,26
3.055935199983651,16
3.0562691999948584,-26
3.056541500001913,-39
3.0568124999990687,-16
3.0571427999821026,-24
3.0574010999989696,31
3.057644499989692,-9
3.0579160999914166,2
3.05816629997571,-42
3.058420599991223,-110
3.0586791999812704,-26
3.058930599974701,-31
3.059184899990214,-105
3.059485499979928,-34
3.0598213999764994,-25
3.0601109999988694,50
3.060364499979187,0
3.0606251999852248,-8
3.0608965999854263,1
3.0612674999865703,-42
3.0616355999954976,29
3.061954299977515,28
3.0623855000012554,47
3.0626789999951143,-70
3.06302869998035,10
3.0633189999789465,69
3.063603599992348,-1
3.0638532000011764,-16
3.0641026999801397,87
3.064333499991335,14
3.064601499994751,30
3.0648736000002827,21
3.065143199986778,28
3.065414899989264,37
3.065683499997249,26
3.0660231999936514,68
3.06626839999808,60
3.066540799976792,59
3.066791599994758,14
3.067061999987345,34
3.0673736999742687,73
3.067655199993169,21
3.0679214999836404,57
3.0681889999832492,36
3.0685202999738976,-37
3.068789699987974,-4
3.069059000001289,-20
3.069392899982631,26
3.0696707000024617,43
3.069930600002408,32
3.070279199979268,85
3.070556699996814,-4
3.070897199999308,-74
3.0711653999751434,-98
3.0714347999892198,-84
3.071769099973608,-27
3.0720398999983445,-4
3.0723088999802712,-2
3.072649999987334,27
3.0728940999833867,10
3.0731436999922153,42
3.0733940999780316,21
3.073644299991429,-12
3.073900599993067,0
3.0741649999981746,-27
3.07459169998765,0
3.0748862999898847,-10
3.0751757999823894,-19
3.0754172999877483,-18
3.075668699981179,-36
3.075937099987641,-20
3.0764658999978565,-40
3.076962499995716,-31
3.077361999981804,-36
3.0778317999793217,-83
3.0782579999940936,57
3.0785746999899857,-27
3.078903599991463,27
3.07918790000258,64
3.0794820000010077,-40
3.079788799979724,-18
3.0800632999744266,-6
3.080399699974805,2
3.0806472999975085,-13
3.080897699983325,-44
3.0811484000005294,-33
3.0814019999816082,-25
3.0816508999851067,-70
3.0819344999908935,-60
3.082251099986024,-20
3.0825056999747176,-21
3.0827511999814305,-64
3.0830028999771457,-17
3.083249399991473,-20
3.0834997999772895,-68
3.083749399986118,10
3.0840191999741364,1
3.084289299993543,9
3.084559899987653,24
3.0848929999920074,-27
3.0851644999929704,-17
3.0854333999741357,-21
3.085768499993719,65
3.0860267999814823,60
3.086290299979737,29
3.086563099990599,8
3.0868941999797244,23
3.0871436999877915,-13
3.0874235999945085,6
3.087682899989886,61
3.088001899974188,40
3.0882477999839466,5
3.088518899981864,-9
3.088789799978258,2
3.089060199999949,4
3.0893954999919515,-63
3.0896644999738783,-75
3.0899342999910004,-59
3.0902725999767426,-45
3.0905397000024095,-38
3.0908077999774832,-24
3.091144299978623,38
3.0914153999765404,46
3.091686399973696,51
3.0920224000001326,13
3.0922904999752063,-25
3.0925595999869984,5
3.0929276999959257,-53
3.093263399990974,17
3.093598799983738,-60
3.09392869999283,-9
3.0943459999980405,-42
3.094669599988265,1
3.0951355999859516,-52
3.095477700000629,-39
3.0957519999938086,-64
3.0959985999797937,-13
3.0962708999868482,-37
3.0965397999971174,-34
3.096812999981921,-44
3.097148399974685,12
3.097403399995528,-38
3.0976476999931037,-20
3.097897599975113,-3
3.098148899996886,-65
3.0983973999973387,-39
3.0986694999737665,-58
3.098904999991646,-63
3.0991441999794915,22
3.0994149999751244,16
3.099684899993008,0
3.1000199999834877,-4
3.1002709999738727,-71
3.100518599996576,17
3.100789399992209,-30
3.101058499974897,-21
3.101372999983141,-24
3.101643799978774,-70
3.101914400001988,-35
3.10218309998163,-71
3.102525499998592,55
3.1028547000023536,2
3.1031009999860544,-9
3.103352599981008,105
3.103601799986791,55
3.103852799977176,8
3.1041023999860045,13
3.1043524999986403,7
3.104601200000616,-26
3.1048511999833863,-72
3.105101900000591,-34
3.1053371999878436,-26
3.1056020999967586,-86
3.105873199994676,25
3.1061441999918316,3
3.106401500001084,-2
3.1066691000014544,-41
3.1069191999849863,-96
3.1071659000008367,26
3.1074342999781948,32
3.107748399983393,-5
3.107998499996029,-67
3.1082696999947075,25
3.1085440999886487,19
3.1088141999789514,-1
3.1091225999989547,-58
3.1093953999807127,-47
3.1109216999902856,-53
3.111258799995994,76
3.111539699981222,-9
3.1118079999869224,-20
3.1120922999980394,49
3.1124164999928325,32
3.11271940000006,-11
3.113003399979789,4
3.113250499998685,-24
3.113550599984592,-51
3.11385959998006,-19
3.1141994999779854,-24
3.114521799987415,33
3.114793099986855,33
3.115062199998647,5
3.115391899977112,-9
3.115661799994996,-4
3.115931599983014,-12
3.116265399992699,3
3.1165342000022065,6
3.1168055000016466,16
3.1171529999992345,-33
3.1174736999964807,-77
3.117744199989829,-102
3.118016499996884,-66
3.118269500002498,-78
3.118539699993562,12
3.118803499994101,-14
3.119140199996764,3
3.119412599975476,-14
3.119682799995644,-4
3.1200162999739405,6
3.1202869999979157,1
3.1205383999913465,62
3.120806699997047,39
3.121065199986333,36
3.1213550999818835,66
3.1216205999953672,59
3.1218957999954,65
3.1221625999896787,37
3.122404900001129,-22
3.122686499991687,1
3.123018599988427,-45
3.1232928999816068,-27
3.123554799996782,-36
3.1238948999962304,-101
3.1241408999776468,-29
3.124395099992398,11
3.124647599994205,-69
3.1248999999952503,77
3.1251408999960404,5
3.125416099996073,-17
3.1256806999736,2
3.12601789998007,-85
3.1277285999967717,-85
3.1280950999935158,-2
3.1284100999764632,-27
3.128751599986572,9
3.129044699977385,28
3.129315599973779,-94
3.1295966999896336,-69
3.129867799987551,-53
3.1301398999930825,-71
3.13039919998846,-57
3.1306387999793515,-39
3.130890000000363,-87
3.1311407999892253,24
3.13141309999628,-1
3.131685699976515,1
3.1320165999932215,-22
3.1322862999804784,-14
3.132560400001239,-27
3.132894499984104,40
3.133149899978889,30
3.1334152999916114,16
3.1336802000005264,26
3.134018399985507,35
3.134292099974118,34
3.1345555000007153,51
3.134892799978843,-30
3.135178199998336,8
3.135473499976797,-36
3.1357305999845266,3
3.135997499979567,-14
3.136269499984337,-56
3.1365394999738783,-25
3.1368555999943055,-33
3.1371460999944247,9
3.1373989999992773,-16
3.137684099987382,18
3.1380193999793846,56
3.138290099974256,76
3.1385632999881636,43
3.1388990999839734,-22
3.1391452999960165,-13
3.1394147999817505,-18
3.1396829999866895,-23
3.140018499980215,-1
3.140269499999704,-74
3.1405183999740984,-43
3.140789199998835,-41
3.1410589999868535,-44
3.141372699989006,15
3.1416434999846388,-46
3.141915299987886,-20
3.142184399999678,-30
3.1425185999833047,30
3.1427900999842677,46
3.14314739999827,24
3.1443940000026487,-25
3.1448423999827355,-29
3.1451594999816734,6
3.145492399984505,-98
3.145816999982344,0
3.146098400000483,49
3.146372099989094,53
3.1466414999740664,39
3.1469024999823887,20
3.1471441999892704,48
3.1474147999833804,40
3.1476841999974567,61
3.1480183999810833,43
3.148297499981709,37
3.148536900000181,21
3.1487943999818526,16
3.149053399974946,79
3.149308399995789,19
3.1496445999946445,-16
3.1499160999956075,10
3.1501879999996163,14
3.1505191999895032,-19
3.150789499981329,-28
3.1510584999923594,-27
3.1513974999834318,15
3.151644600002328,-21
3.1519154999987222,12
3.152184699982172,24
3.152520999981789,48
3.152848300000187,17
3.153150599973742,-7
3.1534270999836735,-82
3.1536660999991,-21
3.153917299991008,-61
3.1541723999835085,20
3.1544204999809153,33
3.154672099975869,64
3.1549231999961194,5
3.155181599984644,8
3.1554209999740124,7
3.155673899978865,-81
3.1559227999823634,-35
3.1561819999769796,-37
3.1565193999849726,2
3.1567895999760367,14
3.1570606000022963,3
3.1573939999798313,69
3.157653299975209,78
3.1578937000012957,18
3.1581655999762006,-12
3.1584175999742,22
3.1586871999897994,-24
3.158998499973677,21
3.159269800002221,-15
3.1595395999902394,9
3.1598644999903627,-13
3.1609466999943834,26
3.161376099975314,2
3.161761299998034,-116
3.162082199996803,50
3.1623693000001367,-36
3.162666899996111,39
3.1629338999919128,32
3.163271400000667,-20
3.1635166999767534,-45
3.1637577999790665,29
3.164021499978844,-18
3.16427300000214,-29
3.164519299985841,65
3.16479189999518,43
3.1650619999854825,35
3.1653944999852683,28
3.165674499992747,3
3.165913799981354,-26
3.1661842999747023,-38
3.1665193999942858,-14
3.166769099974772,-69
3.167028500000015,-13
3.1673076000006404,-14
3.1676266999857035,-6
3.1678776999760885,-28
3.168168699980015,-2
3.1684094999800436,-31
3.168683800002327,-34
3.1690211999812163,54
3.169289799989201,46
3.1695597999787424,78
3.169897099985974,13
3.1701486999809276,-11
3.170393599983072,50
3.1706446000025608,102
3.170915700000478,0
3.1711845999816433,8
3.171465299994452,-24
3.1717481999949086,15
3.172020199999679,6
3.1722902999899816,7
3.172558599995682,20
3.172895800002152,-34
3.1731433999957517,-77
3.1734225999971386,-66
3.173691499978304,-107
3.173976499994751,-28
3.1742268999805674,-108
3.1744780000008177,2
3.1747340000001714,-32
3.1749763999832794,39
3.1752705999824684,6
3.1755186999798752,19
3.175796600000467,35
3.176048699999228,33
3.1763863999804016,-10
3.1766529000015,-16
3.177614899992477,-39
3.1780211000004783,-66
3.1783424000022933,1
3.1786876999831293,70
3.1790150000015274,-14
3.1793571999878623,12
3.1796959999774117,0
3.179978799977107,9
3.180299399973592,-111
3.18060510000214,9
3.1808936999877915,27
3.1811424999905284,-38
3.1813976999837905,-33
3.1816426999866962,-40
3.181897399976151,-70
3.18216489997576,45
3.182431799999904,1
3.182765199977439,-21
3.183038499992108,-22
3.1833120999799576,-30
3.183621799980756,60
3.1839001999760512,65
3.1841803999850526,-18
3.1845231999759562,-50
3.1847742999962065,38
3.1850205999799073,2
3.185270199988736,13
3.185541499988176,77
3.185812999989139,89
3.1861436999752186,12
3.186415999982273,-13
3.186653699987801,-55
3.1869402999873273,-42
3.1872555000009015,-77
3.187498699990101,-11
3.187771899974905,-7
3.188017899985425,-26
3.1882760000007693,-78
3.1885244000004604,6
3.1887896999833174,-4
3.1890597000019625,-18
3.1893937999848276,-11
3.189665399986552,-37
3.1899343999975827,-9
3.1902688999834936,57
3.1905400999821723,25
3.190809399995487,23
3.1911443999852054,73
3.1914233999850694,55
3.1916747999785002,16
3.191934599977685,42
3.1922693999949843,-35
3.19254920000094,-32
3.192808799998602,-66
3.193230999982916,-65
3.19363369999337,-24
3.1941529999894556,-43
3.194582800002536,-32
3.194886299985228,-80
3.195200999994995,-47
3.195504399976926,-23
3.1958937000017613,9
3.1962105999991763,-20
3.1965611999912653,-30
3.196880199975567,32
3.197167399979662,13
3.197408199979691,9
3.197689199994784,20
3.1980207999877166,-53
3.198290200001793,-43
3.198560399992857,-51
3.1989084999950137,-28
3.199178999988362,-4
3.199477599991951,18
3.199734800000442,37
3.199976699979743,-28
3.200228000001516,-16
3.2004765999736264,-75
3.2007282999984454,9
3.2009990999940783,-39
3.2012708999973256,17
3.201518899993971,-25
3.201789499988081,-25
3.202044699981343,-78
3.202303899975959,45
3.202559099998325,37
3.2029042999783996,-97
3.2031807999883313,-26
3.2034326999855693,-23
3.2037692999874707,-5
3.2040287999843713,25
3.2042978999961633,30
3.2045649999927264,-12
3.2048523999983445,17
3.2051014000026044,-7
3.2053510999830905,9
3.2056005999911577,6
3.205872599995928,-72
3.2061433999915607,-44
3.206413599982625,-27
3.2067014999920502,-19
3.2070001999964006,2
3.2072705999889877,-13
3.2075397000007797,-16
3.2078090999857523,12
3.208143600000767,-28
3.208415899978718,-62
3.208666099992115,66
3.2089149999956135,12
3.209185099985916,13
3.2094336999871302,52
3.2099083999928553,20
3.2102411999949254,29
3.210665599995991,41
3.211119999992661,0
3.2115239999839105,31
3.211826299986569,-5
3.2122403999965172,-46
3.2125652999966405,15
3.2128570999775548,48
3.2131342999928165,39
3.213404599984642,22
3.213688899995759,-65
3.214003999979468,-15
3.2142493999854196,-29
3.214519899978768,-70
3.2148419999866746,-78
3.2151344000012614,-86
3.2154177999764215,15
3.21567179998965,-53
3.2159221999754664,-9
3.2161729999934323,-41
3.2164145999995526,-69
3.2166776999947615,29
3.216939999983879,-4
3.217246799991699,-79
3.2175183999934234,-76
3.2177914999774657,-40
3.2180618999991566,-75
3.218394499999704,31
3.2186654999968596,13
3.2189369999978226,18
3.219270499976119,47
3.2195413000008557,22
3.2198128000018187,33
3.2201439999917056,-25
3.2204148999881,-44
3.2206644999969285,-46
3.2209352999925613,-60
3.2212675999908242,-85
3.2215412999794353,-61
3.2218013999809045,-45
3.222057999984827,-29
3.2223765999951866,4
3.2226434999902267,-29
3.222978999983752,54
3.223228199989535,47
3.2234975999745075,14
3.2237685000000056,-25
3.224027699994622,2
3.22430629999144,22
3.22464349999791,-47
3.224915799975861,-54
3.2251884999859612,-58
3.225436599983368,31
3.2257680999755394,-22
3.2260468999738805,8
3.2265030999842566,-40
3.2268400999892037,-20
3.2272395999752916,-32
3.2278837999911048,-18
3.2283273999928497,31
3.2286095999879763,-99
3.228902000002563,-19
3.2291779999795835,-30
3.229480899986811,-44
3.2297742999799084,-2
3.23001969998586,-13
3.2302904999814928,-30
3.23056159997941,-5
3.230874499975471,31
3.2311434999865014,32
3.2314233999932185,68
3.2316833999939263,36
3.232022299984237,69
3.232277199975215,59
3.2325221999781206,13
3.2327934999775607,56
3.2330582999857143,65
3.2333103999844752,53
3.23364859999856,8
3.2338944999792147,-2
3.2341652999748476,-3
3.2344347999896854,-8
3.234769199974835,-81
3.2350397999980487,-90
3.235308899980737,-71
3.2356430999934673,1
3.2359150999982376,-9
3.236183599976357,-51
3.236520499980543,60
3.236769799987087,29
3.237019299995154,9
3.237268500000937,53
3.237526299984893,15
3.2377903999877162,17
3.2380623999924865,30
3.238393699983135,75
3.238665499986382,46
3.2389363999827765,63
3.2392689999833237,-22
3.2395394999766722,4
3.2398085999884643,-10
3.240147699980298,-38
3.2403936999908183,-41
3.240644199977396,-112
3.240894099988509,-30
3.241149099980248,-34
3.241415899974527,-103
3.2416841999802273,-98
3.2420192999998108,-16
3.2422893999901135,-29
3.242560399987269,-21
3.2428779999900144,11
3.2431204000022262,-25
3.2434586999879684,22
3.2438180999888573,-52
3.244288099987898,-62
3.244758399989223,-84
3.2450737999752164,-75
3.2454171999997925,-25
3.2456921999983024,-29
3.2459804999816697,-20
3.2462538999971002,20
3.246503299975302,9
3.2467541999940295,-43
3.2469992999976967,-8
3.247248999978183,-7
3.2474987999885343,-59
3.2477484999981243,-5
3.248019899998326,-54
3.2482934999861754,-23
3.248532300000079,-67
3.2488150999997742,-55
3.2491224999830592,-18
3.2493944999878295,-25
3.2496446000004653,-53
3.24989349997486,-84
3.250144299992826,11
3.2504152999899816,17
3.250684300001012,19
3.251018999988446,-34
3.25129289997858,-9
3.2515534999838565,-22
3.251808999979403,-63
3.2521444000012707,33
3.252393699978711,12
3.2526648999773897,-3
3.2529345999937505,21
3.253269199980423,2
3.25351939999382,71
3.2537684999988414,41
3.254026699985843,29
3.2542863999842666,19
3.254601900000125,38
3.254852599988226,4
3.2551021999970544,35
3.2553513000020757,10
3.255603500001598,2
3.2558538999874145,28
3.2560933999775443,-34
3.256372099975124,-67
3.2566440999798942,-28
3.256915299978573,-16
3.257184399990365,-43
3.2574350999784656,-41
3.2577693999919575,57
3.25803949998226,32
3.2583264999848325,52
3.2586017999856267,0
3.2588505999883637,60
3.259098999988055,-18
3.259373599983519,-13
3.2596991999889724,-10
3.2600070999760646,-4
3.2604933999828063,-93
3.260733799979789,-14
3.260965199995553,6
3.261266599991359,51
3.2615775000012945,-7
3.2619783999980427,-9
3.2622758999932557,22
3.2625639999751,47
3.262842600001022,17
3.263095499976771,71
3.263485599978594,25
3.2637170999951195,-55
3.264038299996173,9
3.2642514999897685,-80
3.264539199997671,-13
3.2647569999971893,7
3.265126099984627,44
3.2654547999845818,-80
3.2656761999824084,-2
3.265997199981939,-17
3.266472799994517,43
3.2667986000014935,3
3.267064699990442,15
3.26732099999208,-6
3.2676276999991387,74
3.2678770999773405,44
3.2681316999951378,19
3.268380599998636,33
3.268648299999768,12
3.2688984999840613,-11
3.2691497999767307,6
3.2694167000008747,-23
3.269666199979838,-64
3.2699181999778375,-21
3.270173299999442,-15
3.2704246999928728,-70
3.270657499990193,3
3.2709363999892958,26
3.2712739999988116,-41
3.271522399998503,-88
3.2717725999827962,-13
3.272027300001355,-16
3.272294399997918,-46
3.272564799990505,-50
3.2728940999950282,-56
3.273164399986854,-72
3.273432899994077,-35
3.2737685999891255,12
3.27403949998552,4
3.274312399997143,43
3.2746440999908373,27
3.2749149999872316,14
3.2751837999967393,4
3.275435399991693,-26
3.275768399995286,-79
3.27604159998009,-101
3.2765203999879304,-13
3.277264899981674,20
3.277596799976891,-103
3.2779644999827724,-30
3.2783609999751206,65
3.2787511999777053,-19
3.279071199998725,44
3.2795707999903243,-45
3.279859000002034,-28
3.2801472999854013,-2
3.2803943999751937,-32
3.2806453999946825,-82
3.2808954999782145,5
3.281165099993814,10
3.2814223999739625,1
3.2816909999819472,-28
3.2819977999897674,9
3.282270800002152,18
3.2825198999780696,-29
3.2827688999823295,-18
3.2830482999852393,-39
3.2832902999944054,54
3.28356189999613,42
3.283876599976793,-14
3.284122599987313,34
3.284418499999447,-40
3.2846801999839954,-74
3.2849397999816574,14
3.285250699991593,-27
3.2854977999813855,-30
3.28574779999326,51
3.2860191999934614,24
3.286289099982241,35
3.2865586999978404,5
3.286894899996696,-50
3.287165899993852,-35
3.287433299992699,-36
3.287783599982504,61
3.2880580999772064,4
3.288394499977585,-11
3.288664899999276,-33
3.28893439998501,-60
3.289268299995456,-70
3.289540500001749,-94
3.289774499979103,-26
3.2900196999835316,-60
3.290270199999213,5
3.2905211999895982,-2
3.2907893999945372,-3
3.2910584999772254,-27
3.291393799998332,-65
3.2916649999970105,-73
3.2919407000008505,-84
3.2922703999793157,-27
3.292540700000245,-16
3.2928126999759115,-28
3.29318459998467,25
3.293504299974302,-69
3.293872399983229,-40
3.2942120999796316,47
3.2946563999867067,54
3.2949986000021454,55
3.2952823999803513,39
3.295576299977256,32
3.295876899996074,-59
3.2961453999741934,-59
3.2964149999897927,-30
3.2966855999839026,-48
3.2970194999943487,31
3.2972924999776296,34
3.2975608999840915,40
3.297893799986923,72
3.2981520999746863,38
3.298394699988421,-3
3.2986449000018183,62
3.298894699983066,53
3.2991454000002705,-2
3.2994190999888815,19
3.299674399982905,-31
3.299942199984798,43
3.3002474999811966,29
3.300518899981398,22
3.3007977999805007,11
3.3010379999759607,45
3.3013162999995984,48
3.301601599989226,18
3.301851700001862,66
3.3021229000005405,57
3.3023929999908432,64
3.302651399979368,60
3.3029148999776226,35
3.303184499993222,28
3.3034333999967203,39
3.3037732999946456,34
3.3040206999867223,82
3.3042695999902207,14
3.3045409999904223,56
3.304811999987578,58
3.305144499987364,42
3.3054161999898497,8
3.3056953999912366,-7
3.306002899975283,-38
3.3062473999743816,-73
3.306519199977629,-61
3.306769099988742,-6
3.3070395999820903,-18
3.3073091999976896,-18
3.307643599982839,-17
3.307922999985749,-30
3.3082055999839213,-25
3.3084803999809083,-6
3.308747899980517,-27
3.309020499989856,-33
3.3092924999946263,-25
3.309596299979603,-14
3.309930899995379,57
3.310238499980187,-46
3.310675299988361,-32
3.310982900002273,-41
3.3113951999985147,-74
3.311797599977581,-21
3.312224799999967,-25
3.312521999992896,27
3.31277059999411,-5
3.313020100002177,100
3.313271499995608,30
3.313520099996822,15
3.313791399996262,52
3.3140625999949407,34
3.3143952999962494,33
3.3146647999819834,37
3.314933099987684,59
3.3152711000002455,-1
3.315550400002394,-18
3.3158283999946434,-89
3.316122999996878,5
3.3163940999947954,2
3.3166666999750305,6
3.3169368999951985,10
3.317276199988555,55
3.3175303999742027,79
3.317813399975421,91
3.3181442999921273,-1
3.318394799978705,20
3.3186645999958273,21
3.3189336999785155,26
3.3192492999951355,-81
3.3194986000016797,-69
3.319770799978869,-22
3.320040099992184,2
3.320309599977918,-40
3.3206281999882776,-20
3.3208780999993905,-29
3.3211261999967974,-35
3.3213747999980114,-84
3.3216248999815434,15
3.321896799985552,20
3.3221676999819465,5
3.322435299982317,5
3.3226831999782007,-60
3.323144800000591,-85
3.324051599978702,-19
3.324317799997516,-33
3.324604499997804,31
3.3248564999958035,-13
3.3251250999746844,-17
3.325395699997898,-26
3.325667199998861,-18
3.3259385999990627,-26
3.3265140999865253,0
3.3268274999863934,31
3.3272752999910153,10
3.3276364999765065,-29
3.3280816999904346,-102
3.3285063999937847,-84
3.3288392999966163,27
3.3291310999775305,29
3.32942299998831,-55
3.3297322999860626,-7
3.329983599978732,-34
3.3302752999879885,-36
3.3305245999945328,-9
3.3307778000016697,-62
3.331030399975134,13
3.331329699984053,-76
3.3316292999952566,-31
3.33187879997422,-65
3.332128999987617,15
3.3323846999846864,4
3.3326706999796443,-37
3.332920999993803,-22
3.3331696999957785,-101
3.3334195999777876,4
3.3336718999780715,-1
3.3339945999905467,83
3.3343715999799315,34
3.3347135999938473,72
3.334991399984574,7
3.335261799977161,50
3.335545399982948,28
3.335792300000321,23
3.3360655999858864,35
3.336385499977041,0
3.3366689999820665,-48
3.336911999998847,17
3.3371862999920268,-10
3.33745409999392,-6
3.3377844999777153,-9
3.338046899996698,-22
3.3383005999785382,-74
3.338561699987622,-26
3.3388747999852058,-3
3.339147699996829,-8
3.339396700001089,-26
3.3396503999829292,-25
3.339903799991589,-20
3.3401976999884937,-39
3.3405003999941982,-9
3.3407538999745157,-57
3.3409995999827515,-15
3.341271199984476,-22
3.3415441999968607,-45
3.341794599982677,-76
3.3420511999865994,0
3.342337199981557,-72
3.3426087999832816,-35
3.3429503999941517,-38
3.343279900000198,57
3.343619799998123,-72
3.3440493999805767,-53
3.3444411999953445,4
3.344828299974324,-36
3.3451892999873962,22
3.3456179999921005,-8
3.3458870999747887,11
3.346144099981757,24
3.3463940999936312,1
3.3466444999794476,77
3.3469132999889553,38
3.3471814999938942,65
3.347432199981995,15
3.3477685999823734,-36
3.3480378999956883,-36
3.348305999999866,-51
3.348641599994153,-80
3.3489133999974,-45
3.349181799974758,-75
3.3494506999850273,-68
3.3497462999948766,8
3.3500164999859408,8
3.3502874999830965,27
3.3505441999877803,-31
3.3508029999793507,-14
3.3510621000023093,-20
3.3513946999737527,41
3.351650399999926,44
3.3519175999972504,20
3.3521943999803625,10
3.352499299973715,47
3.3527756999828853,8
3.3530211999895982,51
3.353270799998427,32
3.3535221999918576,7
3.353793999995105,-10
3.354065499996068,-4
3.3543764999776613,25
3.3546612999925856,-5
3.354929599998286,59
3.3551708000013605,12
3.3554805999738164,38
3.355733699980192,57
3.3560269000008702,38
3.3563131999981124,-59
3.3566468999779318,-57
3.356897799996659,7
3.357145899994066,-75
3.3574009999865666,-105
3.357672099984484,17
3.357920699985698,-2
3.3581719999783672,-29
3.35842629999388,45
3.3586819999909494,19
3.3589254999824334,-3
3.359168499999214,48
3.359421699977247,-7
3.359748999995645,-1
3.3602366999839433,2
3.3607980999804568,-57
3.361203399981605,-75
3.3615453999955207,94
3.3618442000006326,-15
3.362099899997702,-14
3.3624574999848846,6
3.362739199976204,-59
3.3630198999890126,-16
3.3632902999815997,-33
3.3635759000026155,24
3.363871499983361,11
3.3641432999866083,-4
3.364413599978434,19
3.3646830999932718,25
3.3650181999837514,-49
3.365291800000705,-51
3.3655396999965888,61
3.3658099999884143,49
3.366143799998099,-15
3.3664137999876402,-19
3.3666872999747284,-10
3.366999699996086,-2
3.3672501999826636,-68
3.367503699992085,-14
3.3677496000018436,-79
3.368021099973703,-85
3.3682596999860834,0
3.3685646999801975,17
3.3688593999831937,-39
3.3691473999933805,-16
3.3693950999877416,-43
3.3696475999895483,-107
3.3698963999922853,-10
3.370167599990964,0
3.3704378999827895,-36
3.370783799997298,-36
3.3710690999869257,18
3.3714480999915395,-16
3.3717614999914076,-74
3.372051599988481,-10
3.3723255999793764,-75
3.372611799975857,0
3.372896299988497,-8
3.373161600000458,-46
3.373440999974264,8
3.3737765999976546,26
3.374066699994728,-30
3.3743744999810588,24
3.3746459999820217,-5
3.374917799985269,5
3.3751884999801405,-14
3.375438999995822,-12
3.375749699975131,-66
3.3759994999854825,-16
3.376273499976378,-27
3.3767926000000443,43
3.3771313999895938,-56
3.3776794000004884,-28
3.378038499999093,-7
3.37842169997748,-75
3.3788606000016443,3
3.3791600999829825,-2
3.379450699983863,-29
3.3797508999996353,40
3.3799974999856204,-5
3.3802680999797303,-7
3.3805404999875464,11
3.380811699986225,25
3.3811215999885462,-3
3.3813935999933165,4
3.3816646999912336,-11
3.381935399986105,24
3.382270599977346,-76
3.3825212999945506,39
3.3827707000018563,-5
3.383041900000535,-30
3.3833151999861,-20
3.3836248999868985,0
3.3838950999779627,7
3.3841667999804486,-3
3.384432199993171,-13
3.384686799981864,-28
3.3850211999961175,-6
3.385270300001139,-50
3.3855209999892395,-18
3.3857712999742944,-17
3.3860408999898937,-65
3.3863094999978784,-51
3.386646400002064,-2
3.386916499992367,-40
3.3871728999947663,-9
3.38742519999505,-25
3.3876998999912757,-24
3.3880049999861512,-38
3.3882538999896497,-24
3.388503199996194,-19
3.3887743999948725,-61
3.389025099982973,-29
3.389275599998655,-28
3.389523999998346,-64
3.389774599985685,21
3.3900213000015356,3
3.3902722999919206,1
3.390514200000325,18
3.3907912999857217,67
3.3910550999862608,48
3.3913124999962747,-1
3.3916471999837086,7
3.391961099987384,21
3.392229499993846,-11
3.392482299997937,-23
3.3927289999846835,-48
3.3929700999869965,4
3.393398599990178,-13
3.393924199976027,6
3.3942698999890126,34
3.39461599997594,-116
3.394897599995602,-38
3.3952031999942847,-38
3.395495899982052,-25
3.39576169999782,-29
3.3960022999963257,-65
3.3962565999827348,5
3.396521599992411,-35
3.3967706999974325,-76
3.397076699999161,-13
3.397371699975338,-2
3.39764219999779,-16
3.3979132999957073,-55
3.398200199997518,0
3.398500699986471,39
3.3987515999760944,82
3.399003799975617,19
3.3992493999830913,3
3.399521499988623,10
3.399770499992883,-36
3.4000414999900386,-22
3.400292999984231,-39
3.4006024999835063,29
3.400883900001645,-21
3.4011237999948207,11
3.401378199981991,-32
3.401631799992174,-23
3.401896700001089,-46
3.4021665999898687,-54
3.4024314999987837,-39
3.402685399982147,-1
3.403021699981764,-24
3.4032717999943998,-7
3.403525299974717,-68
3.403792600001907,-19
3.404064699978335,-18
3.40439619999961,-9
3.404666599992197,-23
3.404933499987237,12
3.405228599993279,35
3.4055029999872204,38
3.4057499999762513,-3
3.406003599986434,23
3.406251299980795,-6
3.406507599982433,-2
3.4067719999875408,-17
3.407041599974036,-39
3.407315499993274,-3
3.4076238999841735,29
3.4079176999803167,55
3.408173199975863,37
3.408426799986046,-16
3.408665700000711,6
3.4089554999955,-43
3.4092363999807276,25
3.4095012999896426,-17
3.4098665999772493,-39
3.4111198999744374,0
3.4115917999879457,-47
3.41202489999705,-38
3.4123178999871016,0
3.4126120999862906,-14
3.4129018999810796,-4
3.413144399994053,-32
3.4133930999960285,84
3.4136702999821864,69
3.413917699974263,23
3.414177699974971,5
3.414431799988961,34
3.4147683999908622,25
3.4150381999788806,36
3.415294099977473,33
3.4155544999812264,39
3.4158118999912404,-7
3.4161466999794357,-83
3.416395399981411,15
3.416645299992524,9
3.4168950999737717,-53
3.417166300001554,51
3.417430000001332,34
3.417674799973611,16
3.4179276999784634,3
3.4181855999922846,48
3.4185211999865714,38
3.4187702999915928,12
3.419020699977409,29
3.4192926999821793,94
3.419525799981784,57
3.4197702999808826,10
3.4200196999881882,22
3.4202739999745972,-43
3.420520299987402,-13
3.4207910999830347,-40
3.42105669999728,-43
3.4213099999760743,-2
3.421645399997942,-2
3.4219202999956906,4
3.422173799976008,43
3.4224268999823835,1
3.4226856000022963,5
3.423021199996583,13
3.423272599990014,-14
3.423525399994105,37
3.4237953999836463,26
3.4240699999791104,24
3.4244017000019085,-1
3.4246964999765623,18
3.424967699975241,31
3.425256199989235,-75
3.425548400002299,-41
3.425829199986765,-16
3.4261470999917947,-56
3.4265064999926835,13
3.4278053999878466,15
3.428171299980022,21
3.4284915999742225,41
3.4288066999870352,-34
3.4290894999867305,-18
3.429394799983129,-79
3.4296589999867138,-54
3.429936499975156,-34
3.4302719999977853,39
3.4305208000005223,15
3.4307913999946322,11
3.431070299993735,7
3.431374899984803,-13
3.431646799988812,-7
3.4318979999807198,65
3.432146899984218,71
3.432395899988478,28
3.432667799992487,25
3.432940899976529,36
3.433249199995771,30
3.4335212000005413,1
3.4337768999976106,2
3.4340245999919716,53
3.4342757999838796,22
3.4345247999881394,22
3.434802799980389,33
3.435076800000388,9
3.4353778999939095,73
3.435630099993432,23
3.4359203999920283,50
3.4361709999793675,3
3.4364272999810055,14
3.4366740999976173,43
3.4369502999761607,7
3.437232700001914,38
3.4374837999930605,4
3.4377816999913193,53
3.4380544000014197,45
3.438357699982589,4
3.4386076999944635,70
3.438858999987133,23
3.439149699988775,19
3.43939999997383,42
3.4396579999884125,10
3.439928699983284,6
3.4402309999859426,8
3.440482099977089,-2
3.440732399991248,72
3.4409868999791797,47
3.441231399978278,13
3.4415298999811057,49
3.4418253999901935,82
3.442123399989214,6
3.4423797999916133,-39
3.442624999996042,72
3.4429345999960788,3
3.4433126999938395,-32
3.443741900002351,21
3.44451649999246,-54
3.444951999990735,22
3.445290199975716,2
3.445629800000461,-70
3.445923099992797,35
3.4462341999751516,57
3.446525899984408,7
3.4468291999946814,19
3.447126199986087,-25
3.4473748999880627,-92
3.447630599985132,-13
3.447895299992524,-18
3.448166799993487,0
3.4484233999974094,-7
3.448677999986103,58
3.448910999984946,41
3.4491832999920007,-9
3.4494573999836575,9
3.4497359999804758,13
3.4500199999893084,3
3.4502908999857027,11
3.4505554999923334,18
3.4508069999865256,-3
3.4511478999920655,-38
3.451396999997087,14
3.451645799999824,1
3.4518962999864016,-17
3.4521454999921843,54
3.452418899978511,42
3.4526812999974936,32
3.4529355999839026,40
3.4532713999797124,-70
3.4535426999791525,-68
3.4538062999781687,-76
3.4540615000005346,24
3.4544008999946527,-29
3.4547007999790367,-60
3.4550043999915943,-5
3.4552547999774106,21
3.4555033999786247,-28
3.455747200001497,-15
3.4559826999902725,-2
3.4562536999874283,-29
3.4565036999993026,-34
3.4567550999927334,-95
3.4569996999925934,9
3.457250399980694,-3
3.4575050999992527,-9
3.457771599991247,71
3.458041799982311,47
3.4583137999870814,60
3.4586462999868672,-13
3.45891779998783,-3
3.4591589999909047,-28
3.45948099999805,-107
3.4598521000007167,-14
3.4602182999951765,47
3.460639999975683,-41
3.461048999975901,-16
3.461368499993114,-61
3.4617156999884173,-6
3.4620424000022467,-13
3.4623496999847703,-49
3.462608299974818,-54
3.462901699997019,-23
3.4631866999843623,-35
3.463465599983465,-23
3.4638391999760643,19
3.464167899976019,24
3.464503999974113,-71
3.4647720999782905,12
3.465017299982719,-53
3.465337199973874,-7
3.4656306999968365,48
3.465891499974532,42
3.4661469999991823,1
3.466398599994136,34
3.4666600999771617,0
3.466935399977956,-22
3.4672658999916166,42
3.4675144999928307,-4
3.4677852999884635,8
3.4680382999940775,66
3.4682907999958843,26
3.4685536999895703,26
3.4688726000022143,0
3.4691411999810953,88
3.4694129999843426,80
3.469682199996896,77
3.4700167999835685,11
3.4702886999875773,19
3.4705639999883715,16
3.4708733999868855,-45
3.4711470999754965,-48
3.4714143999735825,-34
3.471681900002295,-26
3.4720175999973435,12
3.4722987999848556,23
3.4725578999787103,24
3.4728915999876335,51
3.4731639999954496,44
3.4734322000003885,28
3.4737467999802902,-34
3.47399949998362,-20
3.47427149998839,65
3.47454579998157,52
3.4747871999861673,64
3.47506169998087,33
3.4754338999919128,-10
3.4757341999793425,-20
3.4760230999963824,-23
3.476278399990406,-30
3.476661699998658,49
3.476981199986767,25
3.4775209999934305,-94
3.4778682999894954,33
3.478199599980144,77
3.478578699985519,-1
3.4788709999993443,-71
3.4791610999964178,25
3.4794454999791924,2
3.479768499993952,-2
3.480046599986963,4
3.4803069999907166,-20
3.4806429999880493,-68
3.480914199986728,-115
3.4811824999924283,-74
3.4814524999819696,-26
3.4817255999951158,-34
3.4819952999823727,-11
3.4822678999917116,-6
3.4825330000021495,-18
3.4828064999892376,-28
3.4831455999810714,11
3.48341679997975,0
3.483688499982236,19
3.4840211999835446,-16
3.4842912999738473,-8
3.484542499994859,92
3.4848054999893066,46
3.4850502999906894,11
3.4853105999936815,19
3.485624299995834,83
3.485878799983766,50
3.4861237999866717,23
3.4863945999823045,14
3.486645299999509,38
3.486895599984564,-19
3.4871464999741875,-2
3.4874166999943554,-26
3.487690999987535,-13
3.4880200999905355,29
3.488292199996067,63
3.4885637999977916,48
3.488875499984715,-20
3.4891461999795865,-25
3.4894211999780964,-59
3.489671899995301,45
3.4899511999974493,9
3.490230099996552,-69
3.4904844999837223,-2
3.490728599979775,8
3.490982899995288,53
3.491275599983055,54
3.491623099980643,0
3.4918686999881174,-93
3.4921275999804493,13
3.4923755999770947,16
3.4926307999994606,-22
3.4928751999977976,70
3.4931928000005428,57
3.4935377999790944,-28
3.4941396999929566,-3
3.494564499997068,-30
3.494858399993973,-9
3.495160999998916,-30
3.495475699979579,26
3.495784500002628,57
3.4960663999954704,-38
3.4963938999862876,-70
3.496663699974306,-71
3.4969198999751825,-67
3.497182099992642,-25
3.497456599987345,-34
3.4977689999795984,28
3.498048099980224,24
3.49831539997831,33
3.4986220999853685,51
3.498895899974741,57
3.4991445999767166,23
3.4994204999820795,10
3.499672899983125,31
3.4999356999760494,2
3.500271500000963,38
3.500543599977391,60
3.5007978999929037,17
3.5010523999808356,57
3.501293999986956,51
3.5015432999935,2
3.5018082999740727,28
3.5020611999789253,-1
3.5023961999977473,70
3.5026676999987103,77
3.502897899976233,61
3.503166799986502,55
3.503430299984757,62
3.503682899987325,12
3.504021000000648,24
3.5042711999849416,19
3.5045210999960545,30
3.504791099985596,20
3.5050444999942556,1
3.505278199998429,-4
3.5055578999745194,17
3.5058941999741364,60
3.506165599974338,41
3.5064356999937445,57
3.5067950999946333,-4
3.507073099986883,-132
3.5073050999781117,22
3.507506800000556,63
3.5077605999831576,36
3.5079934999812394,-18
3.5082462999853306,-2
3.5084952999895904,-21
3.5087454000022262,-40
3.508995199983474,-25
3.5092445999907795,-48
3.5094948999758344,9
3.509855999989668,-2
3.5101699999941047,17
3.51060179999331,51
3.5109401999798138,-53
3.5113231999857817,70
3.5115988999896217,-30
3.5118509999883827,-77
3.5121724999917205,33
3.5124886999838054,0
3.5127508000005037,10
3.512993899988942,-44
3.5132546999957412,-40
3.513489099976141,-50
3.513753099978203,-86
3.5140218999877106,6
3.514290199993411,-19
3.514558800001396,-28
3.5148922999796923,-5
3.515163299976848,-13
3.515432999993209,12
3.5157678999821655,-14
3.5160415999998804,-11
3.51629359999788,80
3.5165565999923274,32
3.5168005999876186,16
3.517065399995772,7
3.5173961999826133,70
3.517667899985099,74
3.5179314999841154,86
3.51818619997357,54
3.5185214999946766,-12
3.518792699993355,-1
3.5190476999850944,-37
3.519300599989947,54
3.5195417999930214,53
3.519792699982645,-3
3.5200602999830153,54
3.520354399981443,19
3.520609200000763,91
3.5208540999738034,86
3.5211070999794174,20
3.521352699986892,38
3.521603999979561,17
3.521856499981368,-27
3.522103800001787,-41
3.5224581999937072,-12
3.52275429997826,-2
3.523042999993777,14
3.5232947999902535,-33
3.523541699978523,60
3.5238794999895617,0
3.5242066999780945,-21
3.5244993999949656,-37
3.52477099999669,-28
3.5250423999968916,-42
3.5252954000025056,-24
3.525547400000505,-40
3.525811200001044,-100
3.526125599979423,-37
3.5264861999894492,-35
3.5268473999749403,-45
3.527286999975331,-26
3.5278781999950297,-85
3.528422299976228,-11
3.5287558999843895,35
3.529043199989246,57
3.529298999987077,73
3.5295761000015773,75
3.529922499990789,-40
3.5302093999926,-105
3.5305014999757987,-25
3.5307496000023093,-76
3.531020800000988,-67
3.5312922000011895,-81
3.531563999975333,-52
3.531941799999913,40
3.5321855999936815,76
3.5325202999811154,56
3.532792199985124,36
3.5330426000000443,44
3.533292399981292,14
3.533554900001036,46
3.5338315999833867,63
3.5341021999774966,57
3.5343771999760065,52
3.534687399980612,48
3.5349785999860615,36
3.5352317999931984,35
3.5354814999736845,-10
3.5357913999760058,35
3.536034099990502,11
3.5363173999940045,7
3.5366490999876987,-25
3.5368951999989804,-101
3.5371448999794666,6
3.5374156999750994,1
3.5376849999884143,-20
3.5380201999796554,-54
3.5383187999832444,-27
3.538606999994954,18
3.538857799983816,-26
3.539107199991122,-16
3.5393877999740653,-72
3.53965709998738,-19
3.539938699977938,4
3.540297699975781,-9
3.5406060999957845,35
3.5408757999830414,35
3.5411549999844283,-35
3.541424900002312,-54
3.541755699989153,30
3.5420045999926515,-18
3.542233499989379,-32
3.54248489998281,-85
3.542757299990626,-12
3.543045699974755,-66
3.5433814999996684,-90
3.544009699980961,3
3.5444327000004705,-102
3.5448193999764044,49
3.5451731999928597,-84
3.545501399989007,54
3.5457647999865003,23
3.5460356999828946,-11
3.546306399977766,15
3.546626600000309,-64
3.5468809999874793,8
3.547124699980486,-1
3.547374099987792,69
3.5476293999818154,36
3.5478746999870054,22
3.548145699984161,8
3.548416699981317,39
3.5486891999898944,58
3.5490009999775793,49
3.549273999989964,35
3.5495196999982,6
3.549770699988585,47
3.550020599999698,15
3.5502899999846704,-3
3.5505605999787804,13
3.5508743999816943,8
3.551145599980373,78
3.551416000002064,72
3.551692799985176,70
3.551998699986143,27
3.552270399988629,25
3.552541499986546,27
3.552810299996054,16
3.5530609999841545,-27
3.5533944999915548,-88
3.5536665999970865,-97
3.5539856999821495,71
3.554255600000033,-31
3.5545003000006545,-33
3.5547701999894343,-88
3.5550419999926817,-95
3.5553131999913603,-64
3.555645899992669,-6
3.555916099983733,15
3.556185199995525,36
3.5565036999760196,29
3.5567528999818023,47
3.5570199999783654,46
3.557293399993796,36
3.557558999978937,46
3.5578122999868356,44
3.558125099982135,-2
3.558395300002303,69
3.558654899999965,58
3.5589348999783397,59
3.5592713999794796,9
3.559542299975874,-13
3.561079899984179,-7
3.5614442999940366,9
3.5617361999757122,-20
3.5620432999858167,26
3.5623171999759506,22
3.562564799998654,10
3.562854099989636,-95
3.563108000002103,-9
3.563374899997143,-29
3.563645699992776,-9
3.563916299986886,-23
3.564180799992755,-39
3.5644358999852557,-54
3.564770700002555,-54
3.5650198999792337,-37
3.565269399987301,-52
3.565520899981493,-58
3.5657906999986153,41
3.5660634999803733,40
3.566373699984979,-36
3.5666446999821346,-36
3.5669167999876663,-43
3.5671801999851596,-37
3.567431699979352,-83
3.567773599992506,19
3.568023399973754,-16
3.568272899981821,-14
3.568523699999787,-37
3.568778499990003,-24
3.5690462999918964,-22
3.5692963999754284,-66
3.56956409997656,25
3.5698618000024,-7
3.570150699990336,13
3.5704501000000164,-23
3.5707543999888003,22
3.571003799996106,38
3.571253899979638,-10
3.5715023999800906,-15
3.5717529999965336,-63
3.5720027999777813,-42
3.57225239998661,-39
3.5725021999969613,-78
3.5727534999896307,12
3.573044299992034,-16
3.5732876999827567,1
3.573722799977986,-6
3.5739462999918032,4
3.574272400001064,47
3.5745600999798626,62
3.574858999985736,1
3.5751226999855135,-3
3.575393399980385,-16
3.575664699979825,-22
3.5759123000025284,-43
3.576181899989024,26
3.577337199996691,0
3.577633999986574,43
3.577925599995069,-39
3.578276599990204,31
3.57857429998694,-32
3.579026999999769,14
3.579357499984326,-25
3.5796401999832597,-15
3.579936499998439,-48
3.5801861999789253,-18
3.580517599999439,80
3.580788199993549,74
3.5810589999891818,31
3.5813722999882884,44
3.58162209999864,11
3.5818958999880124,80
3.582164899999043,92
3.5824320999963675,84
3.5827687999990303,14
3.5830387999885716,7
3.5833091999811586,19
3.5836236999894027,-22
3.583898999990197,-19
3.58417489999556,-37
3.5844540999969468,-5
3.5847283999901265,-28
3.584997199999634,-24
3.5852541999774985,-23
3.585548499977449,-29
3.5858029999944847,-4
3.5860649999813177,-68
3.586374899983639,-20
3.5866455999785103,-11
3.5868996999925002,-40
3.5871445999946445,-80
3.587395899987314,6
3.5876663999806624,8
3.58793379997951,-6
3.588184399995953,-18
3.588520099991001,-73
3.58879129998968,-89
3.589057299977867,-50
3.5893205999745987,-27
3.5896277999854647,-32
3.5898767999897245,-68
3.5901290999900084,-43
3.590409099997487,-76
3.590694299986353,-46
3.591002200002549,-3
3.591253099992173,-55
3.5915183999750298,-67
3.591780299990205,-47
3.592062599986093,-4
3.5924721999908797,14
3.592738699982874,-7
3.593074999982491,5
3.593424699996831,-119
3.5937272000010125,-12
3.5940638999745715,-18
3.594517999998061,-45
3.5947877999860793,17
3.595057899976382,6
3.5953417999844532,-6
3.5956329999899026,7
3.5958890999900177,46
3.5961400999804027,12
3.596388099977048,-11
3.5966356999997515,56
3.5968626999820117,23
3.597116899996763,-20
3.5973677999863867,-2
3.5976163999876007,-10
3.5978670999757014,-32
3.59811669998453,-18
3.5983882999862544,-33
3.5986134999839123,-1
3.5988667999918107,10
3.599117599980673,-52
3.5993669999879785,24
3.599616099993,34
3.5998884000000544,1
3.6001142999739386,34
3.6003683999879286,0
3.6006182999990415,23
3.6008848999917973,18
3.601147699984722,23
3.6013858999940567,-22
3.601613599981647,-12
3.6018671999918297,-19
3.6021171999746002,-55
3.602365099999588,8
3.6026185999799054,-10
3.6028653999965172,75
3.603115499980049,45
3.6033656999934465,12
3.60362539999187,47
3.6038652999850456,20
3.6041186999937054,2
3.6043644000019412,-59
3.6046217999828514,-35
3.6048649000003934,-20
3.6051156999892555,-85
3.605365499999607,-30
3.6056364999967627,-40
3.6058611999906134,28
3.6061149000015575,21
3.606365799991181,0
3.606619400001364,53
3.606864199973643,60
3.607135300000664,4
3.6073625999852084,-4
3.6076190999883693,-20
3.607864499994321,-6
3.608114000002388,-64
3.6083652999950573,-16
3.6086943999980576,-31
3.6089148999890313,-31
3.609164099994814,-42
3.6094070999824908,-3
3.6097073999990243,-35
3.6101093999750447,17
3.61055509999278,2
3.610878099978436,67
3.6111442999972496,99
3.611519699974451,-16
3.611846899992088,-45
3.612201299984008,52
3.6125263999856543,60
3.612809999991441,-36
3.6131407999782823,-52
3.613411599973915,-73
3.613683299976401,-33
3.6140141999931075,2
3.6142847999872174,30
3.614564799994696,36
3.614887599978829,0
3.6152035999984946,-52
3.6154701999912504,-64
3.615740699984599,-60
3.616014899977017,-72
3.6162856000009924,-83
3.616508899984183,-24
3.6167650999850594,-49
3.6170381999982055,60
3.6172904999984894,59
3.6175560999836307,29
3.6178940999961924,-42
3.6181607999897096,-30
3.6184342999767978,-9
3.618770899978699,20
3.6190398999897297,39
3.6193059999786783,25
3.619642199977534,79
3.619915499992203,85
3.6201824999880046,88
3.620517799980007,7
3.6207908999931533,18
3.621054799994454,-28
3.621393499983242,-44
3.6217170000018086,-16
3.6219758999941405,33
3.6222259999776725,23
3.6224758999887854,-18
3.622727499983739,15
3.6229970999993384,-43
3.6232692999765277,-25
3.6235394999966957,-8
3.62380969998776,-47
3.6241460999881383,64
3.624451499985298,82
3.62475540000014,0
3.625001499982318,-25
3.6252528999757487,64
3.62549759997637,17
3.6257691999780945,8
3.626020299998345,-18
3.626774899981683,80
3.627436199982185,-8
3.6279070999880787,39
3.6284290999756195,14
3.6287818999844603,86
3.629049799987115,66
3.6292893999780063,14
3.6295561000006273,1
3.6298725999949966,-4
3.630139999993844,61
3.6303947999840602,43
3.630658299982315,34
3.630930499988608,60
3.6312681999988854,2
3.6315437000012025,-15
3.6318051999842282,-14
3.6321432999975514,-12
3.6324171999876853,-31
3.632680299982894,-23
3.6330170999863185,66
3.633293099992443,76
3.6335556999838445,34
3.6338967999909073,44
3.634144199982984,52
3.6343959999794606,20
3.6346435000014026,68
3.634913999994751,70
3.6351850999926683,70
3.6354539999738336,64
3.6357263999816496,51
3.6359760999912396,19
3.6362261999747716,79
3.6364758999843616,31
3.6367268999747466,0
3.6369976999994833,1
3.637268699996639,73
3.637543899996672,24
3.6377821999776643,-39
3.638055399991572,-17
3.6383967000001576,44
3.638642499980051,16
3.6389136999787297,33
3.639177299977746,13
3.6394530999823473,-28
3.6397516999859363,41
3.640053799987072,39
3.640299499995308,49
3.640562199987471,-8
3.640897799981758,-14
3.6411477999936324,87
3.64140269998461,49
3.6416458999738097,-10
3.6418965999910142,47
3.6421696999750566,-5
3.642455399996834,19
3.6427316999761388,59
3.6432064999826252,20
3.6438832999847364,24
3.6442579999857116,7
3.6445380999939516,-8
3.64483829998062,18
3.6451601999870036,7
3.6454646999773104,-32
3.6457730999973137,-11
3.64602349998313,-8
3.64627249998739,-34
3.646537900000112,-26
3.6468057000020053,-32
3.647145700000692,36
3.6474141999788117,10
3.6476812999753747,0
3.648018999985652,-49
3.6482907999888994,-35
3.6485569999786094,-67
3.6488932999782264,-40
3.64914929997758,-50
3.649422999995295,-57
3.649661399977049,-28
3.6499502999940887,-37
3.650236399989808,-28
3.650503699987894,-26
3.6507563999912236,-22
3.6509995999804232,-15
3.651277899974957,0
3.651551399991149,-72
3.651809199975105,3
3.6521466999838594,-27
3.6523936000012327,5
3.6526722999988124,-7
3.6529188999847975,-25
3.6531780999794137,-14
3.6534336999757215,-11
3.6537504000007175,22
3.6540185999765527,-14
3.654276799992658,-31
3.654547599988291,-30
3.6548134999757167,-30
3.6551236999803223,46
3.6553934999974445,32
3.6556918999995105,30
3.65597870000056,24
3.656228199979523,15
3.656483799975831,32
3.6567692999960855,27
3.6570398999901954,53
3.6572973000002094,51
3.657626899977913,38
3.6578726999869104,-1
3.658150499977637,-22
3.6583936999959406,64
3.6586697999737225,55
3.6589282999921124,41
3.6591656999953557,26
3.659435299981851,27
3.6599036999978125,36
3.6604036999924574,9
3.660884699987946,38
3.66125999999349,-8
3.661761800001841,27
3.662205799977528,4
3.6625769999809563,26
3.6628985999850556,-59
3.6631424999795854,-90
3.6634167000011075,-83
3.663675499992678,39
3.663931099988986,-4
3.6642474999825936,-34
3.6645153999852482,-69
3.664787299989257,-51
3.665040299994871,-73
3.6653065999853425,20
3.6656399999919813,-20
3.66591189999599,-45
3.6661829999939073,-8
3.6665174999798182,11
3.6667907999944873,-16
3.6670556999742985,2
3.6673932999838144,-44
3.667669799993746,-45
3.667932499985909,-84
3.668265199987218,-76
3.6685377999965567,-45
3.668815099983476,-36
3.6691260999941733,-11
3.669375299999956,17
3.6696221999882255,-55
3.669892499980051,-21
3.6702054999768734,11
3.6704606999992393,-25
3.670726799988188,-12
3.670976299996255,-35
3.6712416999798734,-28
3.6715193999989424,-17
3.671768300002441,-13
3.6720542999973986,-17
3.67235099998652,6
3.67260069999611,8
3.6728728000016417,15
3.6731437999987975,22
3.6734018999850377,14
3.673643499991158,-18
3.6739223999902606,-16
3.674189399986062,-6
3.674477799999295,20
3.6747258999967016,11
3.674997499998426,-29
3.675269400002435,-9
3.675510100001702,-57
3.675752199982526,-45
3.6759967999823857,-62
3.676357399992412,-79
3.6768226999847684,-16
3.6771807999757584,-20
3.677689599979203,12
3.6781568999867886,-17
3.678485099982936,32
3.6787575999915134,24
3.679047499987064,-21
3.679294999979902,69
3.6795850999769755,-11
3.679890899977181,23
3.6801670999848284,1
3.680411199980881,-16
3.680662599974312,-60
3.6809148999745958,8
3.681181199994171,22
3.6814327999891248,-23
3.6817676999780815,-67
3.682040899991989,-57
3.6823062999756075,-77
3.6826408999913838,-27
3.6829132999992,-19
3.6831870999885723,-13
3.683430799981579,-14
3.683767899987288,13
3.6840412999736145,-9
3.6842969999997877,23
3.684546299977228,0
3.6848101999785285,-16
3.685124799987534,28
3.685393899999326,48
3.6856515999825206,40
3.685919499985175,13
3.6861868999840226,71
3.686523299984401,35
3.686987399996724,29
3.6873198999965098,-14
3.6876530000008643,-16
3.687920899974415,-98
3.688211200002115,-18
3.6884762999834493,-72
3.688748599990504,-6
3.6889942999987397,-35
3.6892694999987725,-32
3.6895442999957595,-27
3.6898108999885153,-14
3.690144499996677,-8
3.690414199983934,-24
3.690684799978044,5
3.6910234999959357,-9
3.691269899980398,55
3.6915262999827974,62
3.691767999989679,24
3.6920255000004545,29
3.692259199975524,-19
3.69251880000229,-14
3.6927969999960624,-14
3.693335999996634,5
3.693909800000256,10
3.694553099980112,-87
3.694973299978301,8
3.6952805999899283,-80
3.6955708999885246,-82
3.6958716999797616,23
3.6961407999915536,-17
3.6963952999794856,-13
3.69666619997588,-35
3.6969309999840334,-16
3.697265700000571,-5
3.697538899985375,17
3.697811099991668,-3
3.6981199999863748,22
3.6983957999909762,47
3.698640599992359,30
3.6988931999949273,-5
3.6991450999921653,77
3.699397099990165,31
3.699650800001109,3
3.699890599993523,-18
3.7001662999973632,5
3.700430500000948,26
3.7007721999834757,43
3.7010407999914605,29
3.7013054999988526,20
3.701622699998552,-54
3.701871899975231,54
3.7021437999792397,50
3.702401099988492,27
3.702668399986578,0
3.7029361999884713,14
3.7032717999827582,-56
3.7035393999831285,-84
3.703808399994159,-63
3.7041436999861617,-29
3.70442229998298,-29
3.7046885000017937,-18
3.7049995999841485,21
3.7052479999838397,41
3.7055187999794725,18
3.7057983999839053,22
3.7060458999767434,-7
3.7063059999782126,-17
3.706626899976982,15
3.706892999995034,56
3.70715079997899,41
3.7074179999763146,37
3.707664699992165,0
3.707938599982299,22
3.7082784999802243,-23
3.7085266999783926,64
3.7087732999934815,49
3.709043399983784,7
3.7092794999771286,41
3.7095216999878176,-24
3.70986949998769,-11
3.7105604999815114,-13
3.7110505999880843,2
3.7113613999972586,-20
3.7117666999984067,9
3.7120823999866843,-16
3.7124666000017896,15
3.7127748999919277,17
3.7130591000022832,-103
3.713443399989046,-37
3.7137373999867123,46
3.7140188999765087,52
3.714286899979925,39
3.7145600999938324,28
3.714896999998018,0
3.7151403999887407,1
3.7154146999819204,-7
3.71565859997645,-59
3.715913299995009,-4
3.7161648999899626,1
3.716430299973581,23
3.716718299983768,-14
3.7170013999857474,-11
3.717272399982903,-24
3.717518099991139,-30
3.717802400002256,-49
3.7180615999968722,-53
3.7183928999875207,-51
3.7186700999736786,-32
3.7189173999940977,1
3.7191658999945503,-56
3.719435999984853,-74
3.7197509999969043,-42
3.7200190000003204,-12
3.720289499993669,-51
3.7205593999824487,-26
3.72089669998968,-1
3.7211658000014722,6
3.7214350999856833,-18
3.7217706999799702,-39
3.722039499989478,-45
3.722308199998224,-38
3.7226443999970797,-85
3.7229224999900907,-79
3.7231811999808997,-90
3.7234330999781378,-61
3.723774299985962,-65
3.724021999980323,-22
3.724272399995243,-72
3.7245434999931604,-15
3.724797899980331,-43
3.7250381999765523,-64
3.725311899994267,-69
3.725647299987031,-15
3.7258968999958597,-30
3.726147499983199,-55
3.7266092999780085,-84
3.7276000999845564,-55
3.7280125999823213,-15
3.72844159998931,-54
3.7287647999764886,-3
3.729098599986173,2
3.7293811999843456,45
3.729690899985144,-39
3.7299734999833163,-53
3.730223799997475,-49
3.730477399978554,-21
3.730744499975117,-72
3.730999299994437,-71
3.731266599992523,-11
3.731542299996363,-29
3.73180689997389,-13
3.732141899992712,-20
3.7324249999946915,-30
3.7327061999822035,12
3.7329730999772437,22
3.733229899982689,-1
3.733480499999132,5
3.73374889997649,-53
3.734017999988282,-24
3.734279099997366,-21
3.7345510000013746,-15
3.7348087999853306,-14
3.7351461999933235,41
3.7354148000013083,14
3.7356649999856018,61
3.735933299991302,67
3.736271499976283,88
3.736518799996702,69
3.7367687999794725,38
3.7370263999910094,47
3.737294499995187,36
3.7375609999871813,26
3.737900999985868,24
3.7381428999942727,-10
3.7384213999903295,-12
3.7386595999996644,63
3.738920199975837,33
3.739182899997104,37
3.7395025999867357,-14
3.7397683000017423,49
3.7400282000016887,50
3.740313199989032,28
3.740624599973671,-29
3.7408928999793716,11
3.741171100002248,-30
3.741408199974103,-63
3.7417247999983374,-80
3.7420106999925338,-43
3.742295499978354,-55
3.742583299987018,18
3.7428782999922987,1
3.7432437999814283,27
3.743780999997398,0
3.7441808999865316,-42
3.744806799979415,-3
3.745169599977089,-44
3.7455612999910954,40
3.7458559999940917,-29
3.746108199993614,-22
3.74634949999745,-91
3.746599599980982,9
3.7468691999965813,3
3.747147899994161,17
3.74741240000003,25
3.747671099990839,-17
3.747935099992901,-67
3.7482688000018243,-101
3.7485561999783386,-59
3.7488474999845494,-7
3.7490971999941394,0
3.74934719997691,-69
3.7495971999887843,-7
3.7498686999897473,-27
3.75014459999511,-17
3.7503962999908254,-29
3.750665300001856,-75
3.750931299990043,-83
3.7512685999972746,8
3.751538599986816,34
3.751819799974328,33
3.7521246999967843,19
3.752372499991907,86
3.752644299995154,84
3.7528937999741174,72
3.753163499990478,17
3.7534178999776486,21
3.7536858999810647,28
3.754020699998364,75
3.754289299977245,59
3.7545582999882754,51
3.754896699974779,-39
3.7551645999774337,-12
3.755436799983727,-35
3.755771800002549,-16
3.7560394999745768,0
3.7563082999840844,-18
3.7566476999782026,12
3.7569156999816187,-4
3.7571844999911264,-4
3.7574365999898873,75
3.757771299977321,16
3.7580476999864914,23
3.7582931999932043,-5
3.7585476999811362,-35
3.758800599985989,57
3.7590528999862727,32
3.7592930999817327,40
3.7595451999804936,-27
3.75981899999897,-23
3.7610696999763604,26
3.761618399992585,-19
3.7620639999804553,-9
3.762545899982797,-6
3.7629077000019606,47
3.7632077999878675,53
3.763503700000001,-82
3.7637511999928392,35
3.7639973999757785,8
3.7642680999997538,23
3.764541399985319,2
3.764786199986702,-8
3.765051399997901,93
3.765330800000811,107
3.765597699995851,77
3.7658711999829393,53
3.7661438999930397,70
3.7664111999911256,37
3.766683699999703,39
3.7670182999863755,-19
3.767295799974818,-34
3.767554799997015,-20
3.767893499985803,-2
3.768280499993125,65
3.7685509999864735,-39
3.7688123999978416,69
3.769146599981468,8
3.769415199989453,-40
3.7696643999952357,-46
3.769934199983254,-34
3.7702720999950543,-31
3.7705176000017673,-49
3.77079650000087,-56
3.771042399981525,-6
3.7713126000016928,-21
3.771629999973811,11
3.7718763999873772,-21
3.772138200001791,-27
3.772417399974074,0
3.772663999989163,-17
3.77293809998082,-8
3.773273499973584,37
3.7735232999839354,-16
3.773772199987434,-48
3.774043499986874,1
3.774316399998497,24
3.774630200001411,58
3.7748770999896806,15
3.775125999993179,18
3.7754268999851774,29
3.7757032999943476,40
3.7760029999772087,53
3.776399099995615,-34
3.776728999975603,-33
3.7771312999830116,-25
3.7774548000015784,-68
3.7781943999871146,81
3.778549699985888,16
3.778818999999203,59
3.779175399977248,3
3.7794478999858256,-90
3.7798416999867186,-7
3.7802239999873564,72
3.780515299993567,-19
3.7808114999788813,-31
3.781093300000066,-24
3.7814919999800622,32
3.78182740000193,-7
3.7820991999760736,-78
3.7823455999896396,-14
3.7826289999939036,-25
3.782865799992578,-79
3.783142799977213,-92
3.783413799974369,-89
3.783682899986161,-86
3.784013700002106,-23
3.784287399990717,-11
3.7845587999909185,-2
3.7848893999762367,38
3.7851627999916673,87
3.7854307999950834,47
3.7857688999793027,-23
3.786042299994733,-12
3.7863049999868963,-55
3.786628000001656,-63
3.786889799986966,-93
3.7871426999918185,11
3.787395799998194,-44
3.7876486999739427,-66
3.787900700001046,39
3.788140399992699,9
3.7883932999975514,70
3.788648199988529,47
3.788913899974432,9
3.7891870999883395,15
3.7894576999824494,6
3.7897225999913644,13
3.78999659998226,-14
3.7902708999754395,-22
3.7905139999929816,45
3.7909489999874495,53
3.7912781999912113,3
3.7915693999966606,27
3.791869799984852,36
3.792144899984123,23
3.792416999989655,31
3.79268189999857,-1
3.7932576999883167,-62
3.7936494999739807,-35
3.794081499974709,-51
3.794467799976701,24
3.7948694999795407,22
3.795201000000816,-18
3.7955378999758977,1
3.795849799993448,-90
3.796269399987068,-26
3.7965607999940403,53
3.7969043999910355,-18
3.7971791999880224,-56
3.7974286999960896,-30
3.7977649999957066,-11
3.798037699976703,8
3.7983103999868035,8
3.798639999993611,18
3.7989104999869596,4
3.7991854999854695,1
3.7994276999961585,60
3.799763399991207,21
3.8000133999739774,0
3.8002683999948204,-29
3.800519999989774,66
3.8007719999877736,31
3.801043799991021,39
3.8013047999993432,8
3.8016470999864396,-61
3.8019154999929015,-55
3.8021802000002936,-74
3.802517699979944,-52
3.802790499990806,-47
3.8030567999812774,-37
3.803394999995362,47
3.8036407999752555,12
3.8038979999837466,66
3.8041648999787867,-53
3.8044349999981932,-36
3.8047499999811407,34
3.8050180999853183,32
3.8052776999829803,9
3.805564599984791,32
3.8058965999807697,-21
3.806176599988248,-38
3.8064555999881122,15
3.806753499986371,-23
3.8069984999892768,-56
3.807248500001151,-95
3.807497199974023,47
3.80774739998742,25
3.808019299991429,1
3.808289699984016,-14
3.8085603999788873,5
3.808902399992803,-87
3.809172499983106,-53
3.809434999973746,-105
3.810009999986505,-20
3.810466199996881,-22
3.8109241999918595,-37
3.8112439999822527,-21
3.8115401999966707,-35
3.8121058999968227,-7
3.81256150000263,-73
3.812851299997419,-26
3.8131565999938175,-4
3.813473599991994,46
3.813841999974102,-77
3.8141224999853875,-3
3.81437099998584,-83
3.814641999982996,-103
3.8149160999746528,-83
3.8151769999822136,-70
3.815448099980131,2
3.815721899998607,-39
3.8160352999984752,7
3.8163101999962237,7
3.816621599980863,52
3.816890999994939,38
3.817167299974244,36
3.817430700000841,44
3.8177668999996968,34
3.8180435999820475,38
3.8183157999883406,24
3.818622399994638,-78
3.818889999995008,-49
3.8191623000020627,-78
3.819414300000062,-67
3.8196805999905337,-2
3.8199965999810956,-15
3.8202501999912784,-101
3.820515200000955,-20
3.82078779998119,4
3.821066599979531,-24
3.821372299978975,-35
3.821740299987141,1
3.822026599984383,11
3.8223086999787483,27
3.822631699993508,-42
3.8228940999833867,-37
3.823164999979781,-30
3.8234335999877658,-55
3.8237735999864526,-39
3.8240591999783646,-16
3.8243998999823816,25
3.8246439999784343,81
3.8249340999755077,-23
3.825271599984262,-74
3.8255391999846324,-86
3.825810399983311,-75
3.8261450999998488,-78
3.82647659999202,-62
3.8268323999946006,-28
3.8272250999871176,-49
3.8275763999845367,12
3.8281214000016917,-83
3.828479999996489,-58
3.8288919999904465,0
3.829221399995731,27
3.8295687999925576,-25
3.829992199986009,17
3.8304024999961257,-23
3.830730699992273,21
3.8309994000010192,16
3.831267699977616,-6
3.8315231000015046,11
3.831789999996545,-5
3.832055399980163,-8
3.832394099998055,-68
3.832667299982859,-71
3.832930699980352,-79
3.8332688999944367,10
3.8335425999830477,-13
3.8338054999767337,41
3.8341451000014786,35
3.8344141999841668,47
3.834688599978108,23
3.835022299987031,-32
3.8352702999836765,-62
3.835519899992505,52
3.8357691999990493,5
3.8360395999916364,-24
3.8363086999743246,-41
3.8366270999831613,-77
3.836896299995715,-20
3.837245199974859,-11
3.837546900002053,25
3.8378530999762006,74
3.8381018999789376,19
3.8383508999831975,64
3.8386014999996405,21
3.838852399989264,34
3.8391008999897167,40
3.839351299975533,-28
3.839601699990453,-20
3.839851400000043,-77
3.8401013999828137,-47
3.840358199988259,-86
3.8406008000019938,-80
3.840851399989333,35
3.841123099991819,12
3.841393499984406,-9
3.8416646999830846,-22
3.84193499997491,-29
3.8422686999838334,-46
3.842526699998416,-24
3.8427946000010706,-91
3.8430569999909494,-26
3.843497900001239,-67
3.843965099978959,-79
3.844324699981371,0
3.84511460000067,-54
3.8458539999846835,-16
3.846196599974064,0
3.8465492999821436,55
3.846899800002575,-54
3.8471449999778997,-31
3.847394099982921,-96
3.847644199995557,-29
3.8479151999927126,-8
3.8481835999991745,-41
3.848500199994305,13
3.8487687000015285,-10
3.8490385999903083,-46
3.8493125999812037,-13
3.8496464999916498,42
3.849939199979417,104
3.850247299997136,-15
3.8505181999935303,3
3.850797799997963,0
3.8510644999914803,-13
3.851357999985339,-76
3.8516059999819845,-76
3.851859999995213,-28
3.852122699987376,84
3.8523935999837704,61
3.852650499989977,62
3.8528946999867912,27
3.853143699991051,70
3.8533938999753445,39
3.8536535000021104,10
3.8539185999834444,9
3.8541867999883834,38
3.8545177999767475,67
3.8547742999799084,65
3.8550182999751996,11
3.8552987999864854,30
3.8555667999899015,11
3.8558746999769937,15
3.85612179999589,32
3.8563934999983758,9
3.8566485999908764,17
3.856913999974495,80
3.85718399999314,56
3.8574331999989226,59
3.8577720999892335,-16
3.8580724999774247,-36
3.8583356000017375,-3
3.8585840000014286,-5
3.8588593999738805,-36
3.8591044999775477,-55
3.8593756999762263,-87
3.859708399977535,22
3.860269099997822,-30
3.861470099975122,37
3.8619796999846585,44
3.8624003999866545,5
3.8628271999768913,-19
3.863214099983452,38
3.8635597999964375,-1
3.8638499999942724,58
3.864098899997771,55
3.864349099982064,7
3.8645977999840397,35
3.864870899997186,-2
3.8651238000020385,22
3.8653901999932714,16
3.86566209999728,-15
3.865935299982084,-6
3.8662690999917686,-11
3.8665515999891795,7
3.8668316999974195,33
3.867110099992715,20
3.8673929999931715,42
3.8676675999886356,25
3.8679299999785144,19
3.868246199999703,-19
3.8684983999992255,-80
3.86876559999655,26
3.8690428999834694,23
3.869311699992977,21
3.869645699975081,-30
3.8699146999861114,-12
3.87014669997734,-64
3.870394199999282,-14
3.870642800000496,-59
3.8708999999798834,-102
3.871164599986514,13
3.8714333999960218,44
3.871771299978718,-20
3.872074699989753,-15
3.872533799993107,13
3.872871799976565,-9
3.8731673999864142,31
3.8734184999775607,15
3.873697999981232,0
3.8739980999962427,1
3.874244799982989,73
3.8744949999963865,45
3.8747487999789882,4
3.875015400000848,37
3.8752908000024036,21
3.875555799982976,38
3.8759011999936774,73
3.876159799983725,28
3.8781544999801554,-113
3.878622699994594,-22
3.8789271999849007,11
3.8792078999977093,-4
3.879484999983106,-92
3.879802599985851,-73
3.8800573999760672,-23
3.8804390000004787,-16
3.8807330999989063,-62
3.880999199987855,-47
3.8812445999938063,42
3.8815198999946006,35
3.881766599981347,41
3.8820332999748643,25
3.8823052999796346,16
3.8826370000024326,-57
3.8829108999925666,-68
3.8831752999976743,-79
3.8834284999757074,6
3.8837636999960523,-20
3.884035600000061,-22
3.884307499974966,-3
3.8846430999983568,16
3.8849138999939896,21
3.885170499997912,38
3.885448799992446,54
3.88571969998884,35
3.8859980999841355,32
3.8862646999768913,26
3.8865386999968905,43
3.8868132999923546,32
3.8871210999786854,58
3.8873941999918316,46
3.88767419999931,33
3.8879386999760754,52
3.8882250000024214,35
3.8884783999819774,20
3.8887441999977455,10
3.8890231999976095,14
3.8892799000022933,2
3.8895625000004657,-14
3.889881399984006,29
3.890122799988603,0
3.8903940999880433,-26
3.8906448999769054,-12
3.8908932999765966,82
3.8911871000018436,38
3.8914562999852933,47
3.8917740999895614,-24
3.8920515999780037,11
3.892356299998937,-96
3.8926265999907628,-44
3.8928725000005215,-57
3.8931622999953106,-29
3.8937180999782868,-61
3.8942317999899387,-6
3.894535499974154,-26
3.89486429997487,0
3.8952680999937,9
3.895635900000343,10
3.895909599988954,41
3.896171599975787,79
3.8964491999940947,36
3.896719399985159,28
3.896991799992975,40
3.897264599974733,33
3.897533899988048,48
3.8977867999929003,39
3.8980338999826927,7
3.898284599999897,30
3.898555599997053,21
3.8988959999987856,25
3.8991438999946695,15
3.8994342999940272,13
3.89974429999711,-55
3.9000158999988344,-80
3.90029059999506,-79
3.900534999993397,17
3.9008111000002827,34
3.901099799986696,-54
3.9013583999767434,25
3.901618799980497,-26
3.9018926999997348,0
3.902145699976245,-7
3.9024186999886297,-26
3.902680599974701,-61
3.903017099975841,-76
3.903292499977397,-26
3.903557899990119,-48
3.9038933999836445,23
3.9041653999884147,58
3.9044328999880236,56
3.9047698999929707,5
3.905018299992662,-12
3.9052985000016633,-46
3.905545699992217,73
3.9058037999784574,42
3.9060561999795027,4
3.90639459999511,-43
3.9066643999831285,-40
3.9069552999862935,-66
3.907250299991574,-41
3.907518699998036,-4
3.9077794999757316,-13
3.908056599990232,-30
3.908400799991796,-16
3.9086437999794725,-7
3.9089192999817897,3
3.9091668999753892,-39
3.9094141999958083,-35
3.9097097999765538,-52
3.9101651999808382,7
3.9107371999998577,-1
3.9111024999874644,-10
3.9115313999936916,-69
3.911796399974264,29
3.912138799991226,54
3.912401299981866,52
3.9126634999993257,17
3.9129314000019804,53
3.91324490000261,-16
3.913516799977515,-31
3.9138516999955755,-45
3.9141436999780126,-22
3.9144116999814287,0
3.9146864999784157,-12
3.915016499988269,62
3.915274099999806,51
3.9155538999766577,40
3.915848799981177,59
3.916098999994574,48
3.916347799997311,56
3.916598799987696,22
3.9168478999927174,33
3.917119099991396,23
3.9173923999769613,7
3.917662099993322,34
3.9179386999749113,64
3.9182490999810398,3
3.9185204999812413,18
3.9187684999778867,66
3.919047099974705,94
3.919293699989794,54
3.919540299975779,-3
3.919810099992901,11
3.920124299998861,80
3.9203934999823105,61
3.9206643999787048,34
3.9209325999836437,12
3.9212727999838535,-23
3.921549299993785,-6
3.921886500000255,-66
3.9221317999763414,-90
3.922358299983898,-14
3.922799499996472,-12
3.9233811000012793,19
3.9236210999952164,-27
3.9238676999812014,-38
3.9241191999753937,-32
3.924369199987268,41
3.924617999990005,19
3.9248678000003565,2
3.92527509998763,31
3.9255834999785293,-26
3.92584739997983,4
3.9261190999823157,-22
3.9264211999834515,-13
3.9267528999771457,27
3.9272975999920163,45
3.927781199978199,-46
3.9281958999927156,-76
3.9286357999953907,70
3.9290176999929827,11
3.929374999977881,-65
3.9296529999992345,-28
3.9299086999963038,-3
3.9301368999877013,32
3.930365799984429,2
3.930617699981667,57
3.9308694999781437,52
3.931119299988495,17
3.9313693000003695,29
3.931622799980687,-20
3.9318712999811396,-17
3.9321182999992743,-61
3.9323675999767147,-41
3.932617099984782,-35
3.9328896999941207,-69
3.933139000000665,9
3.9333893999864813,20
3.933638799993787,-44
3.933863599988399,5
3.934132700000191,9
3.9343746999802534,32
3.9346439999935683,39
3.9348935000016354,-2
3.9351728999754414,24
3.9354340999852866,20
3.9357474999851547,74
3.9360191999876406,59
3.936276899999939,46
3.9365394999913406,38
3.9368085999740288,-6
3.9371463999850675,-29
3.937413399980869,-24
3.937689099984709,-35
3.9380013999762014,20
3.938268400001107,-8
3.9385476999741513,-13
3.938786099985009,-41
3.939064399979543,-31
3.9393765999993775,-89
3.9396222999785095,-11
3.9398726999934297,-34
3.940142499981448,-97
3.9404011000005994,-96
3.940667699993355,5
3.940941099979682,12
3.9412715999933425,-14
3.9415392999944743,-18
3.941808099974878,-11
3.9421459999866784,3
3.9423930999764707,33
3.9426639000012074,-10
3.942940799985081,28
3.9432353999873158,12
3.943577699974412,-9
3.944269699975848,-53
3.9447347999957856,-21
3.945215999992797,-79
3.9455776999820955,30
3.9459903999813832,-12
3.9463286999962293,55
3.9466211999824736,-1
3.9469166999915615,32
3.947181899973657,0
3.947430100000929,11
3.947774499974912,-30
3.948019599978579,-88
3.9482686999836005,1
3.948542300000554,10
3.9488046999904327,12
3.9491201999771874,-29
3.9493729999812786,-71
3.9496400999778416,-3
3.9499147000024095,-9
3.950186499976553,-22
3.9505191999778617,-6
3.9507826999761164,-30
3.951136299991049,-68
3.951402299979236,45
3.9516361999849323,54
3.951865499984706,-4
3.95211549999658,16
3.9523667999892496,-9
3.9526359000010416,-11
3.9528613000002224,-74
3.953115299984347,28
3.953364999993937,18
3.9536143000004813,-54
3.9538646999862976,33
3.9541237999801524,26
3.9543653999862727,43
3.954614099988248,31
3.954866199987009,8
3.955114699987462,22
3.9553666999854613,-26
3.9556146999821067,-25
3.955865399999311,-92
3.9561152999813203,-12
3.9563649999909103,-33
3.956614399998216,-82
3.9568645999825094,12
3.9571147999959067,-35
3.957365399983246,65
3.9576233999978285,47
3.957869199977722,21
3.9581222999840975,46
3.9583893999806605,5
3.9586634000006597,25
3.9589545999770053,34
3.9592677999753505,1
3.9595238999754656,-31
3.960032199975103,66
3.9605791999783833,14
3.960926300002029,-94
3.9614106999943033,-10
3.9617853999952786,-87
3.962103500001831,10
3.9624325999757275,49
3.962726300000213,-56
3.9629802999843378,-73
3.963255199982086,1
3.9634951999760233,-27
3.9637638999847695,-68
3.9640357999887783,-48
3.964308099995833,-75
3.9646385999803897,-54
3.964912399998866,-47
3.9651804999739397,-46
3.96547080000164,23
3.9657436999841593,26
3.9660154999874067,24
3.966291899996577,29
3.9665553999948315,38
3.9668931999767665,76
3.967166199989151,74
3.9674117999966256,47
3.967662199982442,19
3.967936599976383,45
3.968247099983273,39
3.968520800000988,43
3.9687736999767367,58
3.9690277999907266,28
3.9693485999887343,16
3.969682999973884,-40
3.9700193999742623,-4
3.9702725999813993,-30
3.97053789999336,69
3.9708135999972,1
3.9711467000015546,67
3.971394299995154,19
3.9716444999794476,-27
3.9718930999806616,6
3.9721643999801017,1
3.972406699991552,-36
3.9726908000011463,-16
3.9730003000004217,29
3.9732678000000305,33
3.973539400001755,22
3.9738087999867275,33
3.9741434000025038,68
3.9743947999959346,55
3.974643699999433,-5
3.974893999984488,51
3.975164399977075,55
3.975434199994197,32
3.9757575999828987,14
3.975988199992571,90
3.976415699988138,50
3.976799199997913,13
3.977226299990434,-109
3.9775951999763492,52
3.9782437999965623,-16
3.97868319999543,45
3.9789522999781184,-9
3.9792660999810323,-34
3.9795867999782786,6
3.9798866999917664,22
3.9801416999835055,27
3.9803885000001173,68
3.980611599981785,16
3.9808653999934904,42
3.9811263000010513,-26
3.981369699991774,-1
3.981617899989942,-54
3.981863799999701,11
3.9821148999908473,-10
3.982368299999507,-73
3.982616399996914,19
3.9828763999976218,-10
3.983158299990464,0
3.9834158000012394,17
3.9836575999797788,83
3.9838822999736294,20
3.984131499979412,15
3.984360199974617,26
3.98461959999986,-34
3.9848640999989584,-17
3.985115199990105,-9
3.9853653999743983,-67
3.9856183999800123,0
3.9858856999780983,-19
3.9861107999749947,16
3.9863606999861076,26
3.98661799999536,15
3.9868650999851525,69
3.9871143999916967,53
3.9873895999917295,-2
3.987668499990832,-4
3.987930699979188,-40
3.988266799977282,-45
3.9885396999889053,-36
3.988805200002389,-60
3.989143699989654,-81
3.9894172999775037,-56
3.989661300001899,-17
3.989939499995671,-12
3.9902255999913905,-77
3.990475799975684,-30
3.9907471999758855,-25
3.9910178999998607,-31
3.991278599976795,-32
3.9915643999993335,-23
3.9918501999927685,-27
3.9921011999831535,-38
3.9923508999927435,-88
3.99260129997856,-4
3.9928499999805354,-60
3.9933121999783907,-41
3.993905299983453,-38
3.9943335999851115,-3
3.9947661999904085,-77
3.995100799977081,34
3.9956373999884818,-64
3.9959925999864936,-108
3.996363999991445,5
3.9966679999779444,60
3.9969349000020884,20
3.9972475999966264,-12
3.9975158000015654,-62
3.997793999995338,-67
3.998066599975573,-87
3.9983727999788243,-18
3.9986407999822404,6
3.9989140999969095,6
3.999187499983236,-6
3.999430800002301,9
3.999767899978906,66
4.00004389998503,61
4.000286399998004,39
4.000539000000572,13
4.000791099999333,32
4.001055399974575,22
4.001377699984005,46
4.001626299985219,34
4.001871999993455,38
4.002143599995179,28
4.0024228999973275,38
4.002681699988898,-5
4.003000899974722,12
4.0032481999951415,63
4.00351799998316,32
4.003778499987675,17
4.004063200001838,42
4.00439479999477,20
4.00466469998355,-7
4.00493529997766,1
4.005268499982776,-31
4.00554679997731,-29
4.005786800000351,-68
4.006066100002499,-73
4.006402200000593,-29
4.006645999994362,-12
4.006893799989484,-42
4.007143700000597,-89
4.007400000002235,-18
4.007666799996514,-51
4.007936799986055,-52
4.008320900000399,8
4.008579699991969,53
4.0088509999914095,-9
4.009101299976464,12
4.009364400000777,6
4.009724899980938,-8
4.010437899996759,-18
4.010809999977937,-36
4.01134369999636,-5
4.011817499995232,14
4.0124355999869294,-6
4.012772499991115,52
4.013078499992844,7
4.013375199981965,-37
4.013625999999931,-32
4.0138707000005525,12
4.014144999993732,8
4.0144147999817505,28
4.014682299981359,-3
4.01501649999409,1
4.0152914999926,5
4.015535899990937,-12
4.015799399989191,-95
4.016046199976699,12
4.016302499978337,-51
4.016523500002222,49
4.016751099989051,-9
4.016979699983494,52
4.017215699976077,-28
4.017469599988544,-5
4.017715199996019,14
4.017964999977266,-69
4.0182144999853335,-13
4.01846559997648,-42
4.018714999983786,47
4.018964399991091,22
4.01921259998926,1
4.019464599987259,77
4.019714699999895,-10
4.01996429997962,8
4.020214599993778,-8
4.0204641000018455,-15
4.020802399987588,-32
4.0210634999966715,-2
4.021350499999244,34
4.021615399979055,-23
4.0218898000021,38
4.022136299987324,56
4.0223819999955595,24
4.022610699990764,-7
4.022864300000947,-28
4.023114799987525,-26
4.023365200002445,-92
4.023614899982931,-52
4.023864799994044,-38
4.024136599997291,-112
4.024361499992665,9
4.024615599977551,-29
4.024864199978765,68
4.02511489999597,44
4.0253651999810245,-5
4.025635500001954,48
4.025866199983284,-17
4.026115199987544,-9
4.026571499998681,-44
4.02695919998223,-49
4.0273432999965735,2
4.027768499974627,-42
4.028285499982303,7
4.028705399978207,-72
4.0291452999808826,62
4.02962619997561,-3
4.029935899976408,-18
4.030265399982454,21
4.030539699975634,22
4.030785999988439,43
4.03105369998957,-4
4.031386999995448,32
4.031638099986594,22
4.031890699989162,3
4.032160699978704,78
4.032431399973575,57
4.032764699979452,39
4.033039199974155,44
4.033314000000246,8
4.033623299997998,-28
4.033890599996084,-26
4.034165399993071,-18
4.034430999978213,-14
4.034766600001603,34
4.0350424999778625,56
4.035305699973833,80
4.035643299983349,82
4.03592279998702,60
4.036174699984258,77
4.036430999985896,37
4.036750300001586,-22
4.036997099989094,29
4.037268199987011,-8
4.037525299994741,-1
4.037793099996634,-6
4.038043199980166,50
4.038347900001099,34
4.0386070999957155,-28
4.038853399979416,60
4.0391015999775846,26
4.039350899984129,30
4.039623399992706,39
4.039894899993669,58
4.040164599980926,42
4.040433599991957,30
4.0407717999769375,24
4.0410190999973565,15
4.041299199976493,26
4.0415578999964055,-6
4.0418760999746155,-81
4.042121899983613,19
4.042408299981616,-7
4.042692299990449,-7
4.043072399974335,-50
4.0434505000011995,12
4.043848000001162,-59
4.044406100001652,10
4.045009299996309,-42
4.0455572999781,-10
4.046078499988653,66
4.046371399977943,1
4.0466542999784,-14
4.046951399999671,49
4.047293699986767,38
4.047624099999666,-86
4.047869799978798,-26
4.048142799991183,-21
4.048416699981317,-12
4.0486609999788925,-62
4.048916999978246,20
4.049182799994014,-7
4.049451499973657,-8
4.0497228000022005,-24
4.049978299997747,-53
4.050227300002007,48
4.050476699980209,42
4.050726599991322,89
4.050997299986193,72
4.051269999996293,91
4.051540299988119,83
4.051809500000672,105
4.052147599984892,48
4.052393599995412,3
4.052643499977421,7
4.052894599997671,99
4.053143999975873,53
4.053399099997478,10
4.053643799998099,22
4.053921599988826,40
4.054158999992069,-12
4.05444079998415,-17
4.054747999995016,47
4.05499759997474,27
4.055270199984079,12
4.055538999993587,12
4.055809899989981,26
4.056125599978259,-4
4.0563934999809135,53
4.056663999974262,47
4.0569710999843664,44
4.057271300000139,-9
4.057539399975212,7
4.057808499987004,-25
4.058143699978245,-35
4.058414200000698,-21
4.058684199990239,-20
4.059021199995186,-2
4.059291999990819,-14
4.0595397999859415,24
4.060044699988794,5
4.060523299995111,-5
4.061534699983895,37
4.06216139998287,-25
4.062538999976823,-32
4.062823199987179,50
4.063289999990957,53
4.0635937999759335,-13
4.063869199977489,30
4.064148099976592,52
4.06439159999718,11
4.06464599998435,16
4.064915099996142,-2
4.065183899976546,23
4.0654345999937505,3
4.065771299996413,53
4.066018499986967,14
4.0662697999796364,37
4.066518599982373,18
4.066776499996195,13
4.067039299989119,-4
4.067310299986275,18
4.067648199998075,72
4.067893999977969,42
4.068232899997383,52
4.06849749997491,50
4.068768899975112,29
4.0690469999972265,28
4.069315499975346,-16
4.069627099990612,-94
4.069877699977951,0
4.070122099976288,-16
4.070398899988504,-82
4.070641999976942,15
4.070900899998378,52
4.07114799998817,2
4.071412199991755,-13
4.071682799985865,-21
4.072022599983029,-72
4.072269299998879,8
4.072539899992989,2
4.072808700002497,-27
4.073126699979184,-11
4.073392899997998,-83
4.073650899983477,-120
4.073917799978517,-33
4.074186499987263,-6
4.074522299983073,18
4.074770299979718,24
4.075021700002253,-30
4.07527349999873,-16
4.075521899998421,-44
4.075793399999384,-115
4.076048299990362,-3
4.076618499995675,-14
4.077122999995481,-53
4.077670500002569,40
4.078303799993591,77
4.078896699997131,-15
4.079247099987697,31
4.079673999978695,27
4.0800341999856755,5
4.080348599993158,-62
4.080626699986169,-23
4.0809112999995705,-23
4.0811873999773525,-28
4.081429799989564,-25
4.081745999981649,-40
4.08199739997508,-4
4.082265299977735,-34
4.082538499991642,-53
4.082791399996495,-36
4.083054599992465,-69
4.0833937999850605,0
4.083667899976717,15
4.083933899994008,29
4.084271599975182,31
4.084539899980882,39
4.0848561999737285,18
4.085160399990855,-53
4.085429799975827,-25
4.0857276000024285,-25
4.0859762999753,-12
4.0862264999886975,-30
4.086475599993719,-81
4.086772899987409,-72
4.087039799982449,-74
4.087310099974275,-66
4.08762539998861,2
4.087893299991265,-7
4.08815309999045,0
4.088439199986169,-4
4.0887768999964464,-16
4.089043899992248,-3
4.089310999988811,4
4.089648699999088,-88
4.089893199998187,36
4.090172199998051,34
4.090438699990045,-18
4.090729299990926,-81
4.0909779999929015,-1
4.0912268999964,15
4.091496899985941,-40
4.091776599991135,-55
4.092021899996325,26
4.0922750999743585,-1
4.092520899983356,-9
4.0927995999809355,49
4.093165899976157,-17
4.093601100001251,-105
4.094206599984318,-28
4.094613799999934,-28
4.095127099979436,-35
4.09562099998584,-79
4.0959467999928165,9
4.096260799997253,-83
4.096610599983251,-36
4.096959299989976,33
4.09725689998595,-61
4.097554899984971,-31
4.097815899993293,-29
4.098098599992227,-20
4.098348999978043,-4
4.098616199975368,-57
4.0989116999844555,-53
4.099184299993794,-43
4.099453399976483,-23
4.099725499982014,7
4.099998199992115,-27
4.100267199974041,-3
4.100541299994802,3
4.100786099996185,-17
4.101038900000276,-15
4.101290799997514,-37
4.101554799999576,-86
4.1018926999822725,12
4.10216589999618,2
4.102431199979037,21
4.102766800002428,12
4.1030357999843545,17
4.103308999998262,41
4.103640899993479,-15
4.103914999985136,-40
4.104179599991767,-42
4.104495799983852,-40
4.104767599987099,-56
4.105045099975541,-63
4.105288599996129,-38
4.105557999981102,-24
4.1058720999863,13
4.106185499986168,-29
4.106455000001006,29
4.106725999998162,3
4.106996799993794,-17
4.107268699997803,10
4.107527199987089,14
4.107769399997778,0
4.1080175999959465,-25
4.108275399979902,10
4.108539599983487,-94
4.108851400000276,-53
4.109150099975523,14
4.109405199997127,41
4.10967299999902,-6
4.109999599982984,15
4.111015699978452,-21
4.11147340000025,-14
4.111912299995311,-29
4.11232139999629,9
4.112647299974924,-86
4.113103899988346,-43
4.113407899974845,-12
4.113675399974454,-22
4.113912100001471,-24
4.114125899999635,-15
4.114355999976397,66
4.114583899994614,15
4.114797499991255,-4
4.115022699988913,2
4.115252199990209,-30
4.115480299980845,74
4.1157101999851875,44
4.115921399992658,25
4.116147099994123,-49
4.1164228999987245,2
4.116667099995539,-6
4.117009399982635,8
4.117301199992653,12
4.117563899984816,-12
4.117868100001942,23
4.1181210999784525,61
4.118384699977469,61
4.118613099999493,36
4.118859699985478,-8
4.119113799999468,-10
4.1193648999906145,-33
4.1196146000002045,-99
4.119863399973838,12
4.120135499979369,-50
4.120362599991495,55
4.120616799977142,4
4.1208638999960385,-4
4.1211126999987755,97
4.121362199977739,24
4.121632700000191,13
4.121858099999372,5
4.122110600001179,0
4.122362499998417,-7
4.1226120999781415,-78
4.122861999989254,-38
4.123111199995037,-77
4.1233624999877065,6
4.123610699985875,-23
4.1238622999808285,-25
4.124111499986611,69
4.124394599988591,49
4.1246626999927685,60
4.124938799999654,-3
4.125247899995884,-70
4.12551519999397,-98
4.125789099984104,-86
4.126055599976098,-92
4.126511299982667,-44
4.126854699978139,-14
4.12727409999934,-46
4.127737199974945,-52
4.128091899998253,23
4.128469599992968,-63
4.128880999982357,78
4.129180699994322,-6
4.1294834000000264,-13
4.129756399983307,-37
4.130016099981731,-65
4.130298899981426,-39
4.130527199973585,-38
4.130762499989942,-10
4.131014599988703,-20
4.131262299983064,-35
4.1315645999857225,29
4.1318023999920115,75
4.13202160000219,29
4.132250800001202,63
4.1325379999761935,0
4.132784199988237,5
4.133026899973629,-17
4.133275200001663,0
4.133509099978255,-50
4.133732699992834,-57
4.1339622999948915,28
4.134211600001436,-30
4.134461799985729,64
4.134711299993796,50
4.134961599978851,14
4.135212799999863,33
4.135460799996508,28
4.13571089998004,23
4.135961799998768,-16
4.1362120999838226,-11
4.136461099988082,-16
4.136716599983629,0
4.13696059997892,-17
4.137212899979204,-91
4.1374633999948855,27
4.137713799980702,28
4.1379642999963835,6
4.138214299979154,32
4.13846439999179,-4
4.138714200002141,9
4.1389927999989595,31
4.139264999976149,64
4.13954009997542,35
4.139806299994234,44
4.14014319999842,45
4.1404151000024285,0
4.14067999998224,56
4.141017699992517,-13
4.141292999993311,-13
4.14155469997786,-44
4.141874299995834,-12
4.142126799997641,-85
4.142392999987351,-41
4.142649999994319,-64
4.142930100002559,-78
4.143388099997537,20
4.143820600002073,-37
4.144245999981649,-39
4.144752099993639,-36
4.145136899984209,-21
4.145730899996124,-69
4.146055899997009,1
4.146320300002117,4
4.146604499983368,41
4.146871199976886,52
4.147142100002384,-9
4.147397099994123,-13
4.147661299997708,-12
4.1479357999924105,-12
4.148266099975444,13
4.1485349999857135,4
4.148802599986084,15
4.1491401999956,-53
4.149414199986495,-63
4.149680099973921,-70
4.150016899977345,-32
4.150285599986091,-18
4.150562099996023,1
4.150870599987684,13
4.1511436000000685,36
4.151417199987918,15
4.151680199982366,-6
4.152015899977414,-36
4.152294899977278,-17
4.152551299979677,48
4.152808199985884,75
4.153122699994128,-5
4.153393699991284,-37
4.153669399995124,-77
4.15390699999989,15
4.154189199995017,43
4.154500599979656,-51
4.154768999986118,-31
4.155017799988855,-56
4.155300299986266,-98
4.15556239997386,-68
4.15585059998557,-1
4.156121999985771,-67
4.156392699980643,-73
4.156648999982281,-81
4.156916599982651,-47
4.157183099974645,-47
4.1574334999895655,-54
4.157769199984614,12
4.158034399995813,8
4.158314599975711,39
4.158623999974225,32
4.158881099981954,20
4.159144799981732,1
4.159415399975842,24
4.159740499977488,25
4.160159399994882,26
4.160617499990622,22
4.161013399978401,7
4.1613671999948565,9
4.161673199996585,-53
4.161985099985031,-24
4.162292599998182,7
4.162554699985776,46
4.162833399983356,72
4.163117699994473,4
4.163390499976231,6
4.163662199978717,-24
4.163932899973588,-1
4.164264799997909,-78
4.1645138999738265,11
4.1647644999902695,-7
4.165037899976596,-8
4.16530339999008,-15
4.165639299986651,-60
4.165894399979152,-63
4.166167199990014,16
4.166434399987338,-5
4.166766399983317,-40
4.167040999978781,-6
4.167310499993619,-8
4.167642099986551,23
4.167915999976685,23
4.168159699998796,75
4.168435799976578,85
4.1687676000001375,62
4.169040999986464,14
4.16930899998988,22
4.169645299989497,-13
4.169892899983097,-29
4.170149899990065,-93
4.170413899992127,31
4.17068239999935,9
4.171000899979845,-36
4.171248500002548,-79
4.171524399978807,-77
4.171768799977144,-31
4.17201889998978,-12
4.172296299977461,-43
4.172579599980963,-25
4.172850099974312,-44
4.173122999985935,-32
4.173393199976999,-52
4.173650999990059,-68
4.173917599982815,-81
4.174164500000188,21
4.174460399983218,-22
4.1747780999867246,-26
4.1750743000011425,3
4.175372500001686,-2
4.175623399991309,52
4.175898299989058,35
4.176147199992556,15
4.176469799975166,-9
4.177347999997437,5
4.177787900000112,39
4.178276799997548,2
4.1789508999791,15
4.179295899986755,-7
4.179631899984088,-40
4.179911999992328,9
4.180166999984067,-8
4.180432900000596,-36
4.1807668999827,30
4.181040399998892,35
4.181308499973966,33
4.181644500000402,-6
4.181914099986898,37
4.182180299976608,2
4.182519399997545,-48
4.182789099984802,-30
4.183058399998117,-45
4.183393399987835,39
4.183671499980846,51
4.183914299996104,20
4.1841826000018045,52
4.184522700001253,26
4.184768599981908,-14
4.1850465000025,1
4.185293099988485,70
4.1855587999743875,62
4.185893399990164,17
4.186163899983512,23
4.186433099996066,24
4.186767399980454,-43
4.187023999984376,-18
4.187287299981108,-75
4.187536999990698,-11
4.187770299991826,-82
4.188051499979338,-82
4.188311399979284,26
4.188626599992858,-39
4.188898499996867,-43
4.189147600001888,-104
4.18941759999143,-91
4.189686999976402,-82
4.190033399994718,-26
4.1903102999785915,-19
4.190647299983539,98
4.1908944999740925,76
4.191166499978863,42
4.19141299999319,22
4.1916686999902595,39
4.19193189998623,9
4.192168099980336,13
4.192417599988403,-34
4.192659899999853,-36
4.1929469000024255,-39
4.193344400002388,-6
4.193772099999478,-24
4.194653699989431,8
4.195069499983219,-15
4.195498199987924,-8
4.195773699990241,26
4.196044699987397,30
4.196289699990302,-8
4.196555199974682,-8
4.196871799998917,66
4.197125199978473,53
4.197430899977917,-5
4.197704799997155,47
4.197980400000233,59
4.198246299987659,53
4.1985183999931905,77
4.198791799979517,72
4.199034799996298,61
4.199289099982707,-1
4.199555799976224,24
4.199874999991152,41
4.200142799993046,44
4.2004201999807265,30
4.200688499986427,38
4.2009986999910325,-73
4.201251999998931,42
4.20149749997654,33
4.201767499995185,14
4.2020238999975845,-35
4.202272099995753,71
4.202538299985463,37
4.202816099976189,72
4.203124099993147,-38
4.203391399991233,-53
4.203662999992957,-85
4.203931800002465,-79
4.204270399990492,-46
4.204516999976477,-16
4.20479359998717,-54
4.205039099993883,-27
4.205379199993331,-86
4.205653799988795,36
4.205933299992466,40
4.206251999974484,66
4.206496699975105,36
4.20676969998749,-17
4.207038599997759,-25
4.207308499986539,-9
4.207644599984633,-76
4.207912899990333,-78
4.208187399985036,-90
4.208521099993959,-58
4.2087873999844305,-40
4.209066899988102,-41
4.209374599973671,-11
4.209723799984204,0
4.210018699988723,-17
4.210402999975486,-110
4.211039299989352,-14
4.211530799977481,-7
4.212079499993706,-16
4.212441499985289,-17
4.21275649999734,23
4.213040199974785,37
4.213290899991989,28
4.213560399977723,5
4.213872499996796,-62
4.214140899974154,46
4.21441329998197,19
4.2146821999922395,13
4.215016799978912,-31
4.215293399989605,3
4.215552699984983,-4
4.215895399975125,0
4.216164399986155,4
4.216434699977981,20
4.216772099985974,-9
4.217019399977289,91
4.217271399975289,49
4.217517799988855,10
4.217780099977972,50
4.218056199984858,51
4.218376199976774,52
4.218626499990933,25
4.218877199979033,83
4.2191222999827005,45
4.219392300001346,92
4.219663999974728,58
4.219932799984235,65
4.220289799995953,-31
4.220600899978308,-114
4.22085309997783,-87
4.221101499977522,-29
4.221372799976962,-4
4.2216446999809705,-28
4.22191429999657,-37
4.222178399999393,-25
4.222533199994359,-66
4.2228536999900825,10
4.223148599994602,9
4.223393499996746,50
4.223664999997709,35
4.223935499991057,55
4.224274799984414,22
4.224521600001026,15
4.224776399991242,-32
4.225023599981796,84
4.2252830999786966,47
4.2256043999805115,-11
4.2258963999920525,-6
4.2261678999930155,-56
4.226424599997699,-37
4.226953599980334,-62
4.22767159997602,-49
4.2282025999738835,-33
4.2286858999868855,-73
4.229109699983383,-68
4.229408799990779,-6
4.22971059998963,48
4.229974399990169,-51
4.230244999984279,25
4.230519099975936,34
4.2307917999860365,0
4.231059299985645,6
4.23139380000066,-24
4.231675999995787,-25
4.231951099995058,4
4.232222999999067,-9
4.232499799982179,-41
4.232766299974173,-6
4.2330188999767415,-17
4.233277699997416,-31
4.233549500000663,-10
4.233807599986903,-58
4.234126499999547,15
4.23437289998401,33
4.234642999974312,14
4.234921900002519,55
4.235159499978181,20
4.235419899981935,0
4.235671000002185,-4
4.2359284999838565,-69
4.236185499990825,0
4.236520799982827,2
4.236788899987005,-15
4.237057799997274,0
4.23739869997371,11
4.237684399995487,22
4.23793829997885,6
4.238272799993865,-66
4.238519099977566,31
4.238768899987917,-10
4.239046599977883,2
4.239307399984682,-42
4.2396276999788824,-68
4.239872899983311,37
4.240149399993243,-9
4.240393399988534,-48
4.240671299980022,-30
4.240909099986311,36
4.241188799991505,56
4.241434899973683,35
4.241727499989793,17
4.241975699987961,4
4.242249399976572,-15
4.242518799990648,6
4.242789699987043,-48
4.243082200002391,-31
4.243730199988931,-44
4.244321599981049,30
4.244806999980938,-16
4.245110299991211,18
4.245388799987268,10
4.245835499983514,4
4.246098099974915,-5
4.246315700002015,70
4.246583799977088,34
4.246842199994717,-1
4.247090099990601,28
4.247341199981747,-31
4.247589799982961,-16
4.247839799994836,-42
4.248090699984459,-20
4.248340099991765,-1
4.248589999973774,-56
4.24884079999174,18
4.249089999997523,-45
4.249339499976486,40
4.24958949998836,41
4.249840199976461,14
4.250089199980721,87
4.250339599995641,11
4.250588700000662,42
4.250840299995616,7
4.251089699973818,9
4.251339599984931,-20
4.251590399973793,-20
4.251839799981099,-13
4.25209029999678,-71
4.252340199978789,22
4.252589699986856,-2
4.252842099987902,4
4.253099299996393,40
4.253386099997442,51
4.253686099982588,-51
4.253943199990317,-51
4.254249999998137,-19
4.254534499981673,-39
4.254808799974853,-8
4.255120999994688,-4
4.2553919999918435,-20
4.255664500000421,43
4.255931899999268,24
4.256267699995078,71
4.256538799992995,57
4.256806399993366,46
4.257145399984438,-14
4.257416299980832,-14
4.257680299982894,-3
4.257979299989529,-109
4.258229200000642,-7
4.258479799987981,-5
4.258732299989788,-85
4.259003799990751,49
4.259271199989598,21
4.2595425999898,20
4.2610206999816,18
4.261451500002295,-81
4.261854099982884,-32
4.26217179998639,-54
4.262416699988535,-2
4.262678099999903,-15
4.262932399986312,-25
4.26326809998136,46
4.263546000001952,62
4.263859300001059,65
4.264159899990773,52
4.264526699989801,-1
4.264755299984245,-54
4.264979100000346,-34
4.265239399974234,-55
4.265490499994485,9
4.2657409999810625,-25
4.26599119999446,51
4.2662374999781605,40
4.266487499990035,23
4.266737300000386,64
4.266986599977827,21
4.267237499996554,-4
4.26748789998237,-31
4.267735199973686,2
4.267986999999266,-38
4.268239799974253,-66
4.268488100002287,3
4.268760399980238,-14
4.268987099989317,38
4.269239599991124,26
4.269489099999191,11
4.269738699978916,64
4.269990499975393,86
4.270260399993276,9
4.270485599990934,-11
4.27073969997582,-10
4.27098939998541,-18
4.271239199995762,-36
4.271489299979294,-32
4.271760199975688,-41
4.271985899977153,-26
4.272239499987336,-25
4.272489199996926,-31
4.272739799984265,38
4.272989199991571,17
4.273239699978149,83
4.27348879998317,35
4.273740199976601,-24
4.273989499983145,21
4.274239599995781,-32
4.274510099989129,-27
4.274737100000493,-84
4.275013399979798,20
4.275297899992438,-83
4.275532799976645,0
4.275791699998081,-28
4.276055299997097,-73
4.27643219998572,-73
4.276735199993709,-30
4.277310699981172,-47
4.278006199980155,54
4.278491699980805,10
4.278770299977623,18
4.2790559999994,45
4.27939109998988,11
4.279661099979421,18
4.279912400001194,3
4.280161699978635,-68
4.280432799976552,42
4.280762899987167,-1
4.281036000000313,-14
4.281312799983425,-29
4.281617399974493,0
4.281888299999991,17
4.282158599991817,30
4.282430999999633,12
4.282764099974884,56
4.283037699991837,78
4.283313299994916,69
4.283619499998167,23
4.283892699982971,-5
4.284166799974628,-28
4.284429799998179,14
4.2847467999963555,-61
4.284994299989194,24
4.285247499996331,20
4.285515299998224,-29
4.285786799999187,-59
4.286060599988559,-25
4.286392899986822,-51
4.286667799984571,-49
4.286934499978088,-66
4.287226899992675,-20
4.28747559999465,-45
4.287725299975136,-67
4.28799589999835,-44
4.288267299998552,-42
4.288523700000951,-29
4.288788399979239,-64
4.289059399976395,-58
4.289393499988364,30
4.289672299986705,13
4.289932899991982,-20
4.290202499978477,-15
4.290518900001189,43
4.290774299995974,43
4.291044599987799,87
4.291319799987832,49
4.291604400001233,-4
4.291851699992549,55
4.292099999991478,18
4.292351099982625,15
4.292600799992215,-24
4.29285109997727,-44
4.293359399976907,-72
4.293784499983303,37
4.294410099973902,-41
4.294713099981891,18
4.295085899997503,38
4.2953877999971155,-79
4.29568099998869,-33
4.295960499992361,-18
4.296245299978182,-14
4.296528099977877,3
4.296808599989163,19
4.29713819999597,49
4.297419599985005,64
4.297684799996205,50
4.29799729998922,-3
4.298265299992636,-11
4.298539499985054,-5
4.298805400001584,9
4.299140799994348,-63
4.2994148999860045,1
4.299680199997965,-17
4.300000199989881,-2
4.300264999998035,15
4.300519299984444,-19
4.3007730999961495,-23
4.301026299974183,-59
4.301265299989609,-33
4.301538699975936,-25
4.301811999990605,-26
4.302099699998507,-18
4.3023535999818705,-41
4.30261809998774,-74
4.302895100001479,-79
4.303203399991617,-19
4.303475499997148,-42
4.303725999983726,0
4.303975899994839,-71
4.304230599984294,-20
4.304459599981783,-83
4.304726899979869,11
4.304976899991743,2
4.305225399992196,-44
4.305476399982581,50
4.305726399994455,27
4.3059760999749415,-13
4.3062475999759044,53
4.306518400000641,62
4.306776999990689,72
4.307039099978283,19
4.307308599993121,29
4.307643099979032,-6
4.307921599975089,14
4.308191299991449,7
4.308501299994532,-81
4.308753499994054,-15
4.309001999994507,-20
4.30924750000122,-61
4.309517599991523,36
4.309873099991819,51
4.310448799980804,-86
4.310978499997873,-19
4.3114065999980085,58
4.3117399999755435,-4
4.312217500002589,39
4.312573499977589,52
4.312859999976354,-2
4.313098699989496,53
4.3133696999866515,65
4.3136402999807615,46
4.313913699996192,24
4.3141799999866635,40
4.314519899984589,-10
4.314771599980304,-30
4.315045800001826,-22
4.315309300000081,2
4.3156420000013895,2
4.3159158999915235,30
4.3161593999830075,-13
4.31641369999852,-36
4.316699399991194,-29
4.31697649997659,-39
4.317234899994219,-9
4.317498499993235,-19
4.3177654999890365,16
4.3180391999776475,5
4.318305099994177,22
4.3186424000014085,65
4.318922399979783,81
4.319173199997749,69
4.319429900002433,72
4.319766999979038,22
4.320049999980256,3
4.320299399987562,-22
4.320562699984293,39
4.3208544999943115,-19
4.321100899978774,80
4.321372999984305,37
4.321642900002189,45
4.321923699986655,35
4.3221903999801725,6
4.322501599992393,-39
4.322747999976855,-64
4.323019099974772,-65
4.323269299988169,21
4.323527799977455,-5
4.3238140999746975,-21
4.324126699997578,-37
4.324393799994141,-90
4.324664299987489,-66
4.324932999996236,-86
4.325267299980624,-31
4.325544599996647,-21
4.325826899992535,-52
4.3261511999880895,33
4.326676299999235,1
4.327096499997424,-13
4.327844599989476,36
4.328296599996975,28
4.328819299989846,5
4.329191799974069,-27
4.329687899997225,70
4.330039399996167,23
4.330334300000686,-40
4.3306245999992825,-17
4.330894899991108,-9
4.331166699994355,-26
4.3314337999909185,-23
4.331768499978352,13
4.33204169999226,65
4.332312099984847,13
4.332643899979303,-60
4.33291499997722,-37
4.333185899973614,-85
4.333435099979397,17
4.33377019999898,-32
4.334018599998672,-45
4.334289299993543,-37
4.334557800000766,-10
4.334877999994205,-33
4.335123299999395,-4
4.3353934999904595,-21
4.335664499987615,-3
4.335932899994077,-21
4.336269299994456,36
4.336539899988566,50
4.3368095999758225,15
4.3371231999772135,79
4.3373933999973815,23
4.337672299996484,19
4.33793819998391,17
4.338269300002139,-49
4.338522999983979,-83
4.338771699985955,14
4.339018300001044,30
4.339291299984325,-36
4.339562499983003,-41
4.33989339999971,-84
4.340164099994581,-78
4.340433699981077,-93
4.340751299983822,13
4.341019899991807,-10
4.341291199991247,-5
4.34155829998781,-5
4.341929999995045,-5
4.342185199988307,24
4.342519899975741,-38
4.342777899990324,-56
4.3431497999990825,-31
4.3434950999799185,0
4.343939299986232,-101
4.344268599990755,31
4.344586299994262,-58
4.3449528999917675,-48
4.345310399978189,54
4.345609699987108,64
4.345892699988326,-34
4.346167499985313,-25
4.346453599981032,-28
4.346729599987157,-65
4.346976599976188,-11
4.347227699996438,-99
4.347477899980731,0
4.347729000000982,-2
4.347976399993058,-50
4.348227599984966,5
4.348491499986267,8
4.348773799982155,38
4.349030099983793,19
4.349315799976466,-10
4.349649699986912,-31
4.349894499988295,-75
4.350144299998647,1
4.3503945999837015,7
4.350644799997099,-27
4.350915899995016,63
4.351187599997502,56
4.351433299976634,43
4.351772199996049,-14
4.352023499988718,-47
4.352268199989339,55
4.352547999995295,21
4.352815399994142,40
4.353104799985886,-51
4.3533592999738175,30
4.3536229000019375,1
4.353893799998332,-8
4.354166999983136,-9
4.354445199976908,-12
4.354769400000805,-19
4.355039299989585,-24
4.355309299979126,-10
4.355647999997018,40
4.355906999990111,33
4.356180999981007,18
4.356518699991284,33
4.356789799989201,51
4.357057899993379,16
4.35739449999528,-23
4.357779699988896,-18
4.358110499975737,20
4.358377799973823,29
4.358615599980112,28
4.358840000000782,49
4.359105999988969,41
4.359345599979861,0
4.359619399998337,-34
4.360017300001346,-22
4.360275499988347,0
4.360658199992031,-34
4.361050399980741,45
4.361281399993459,8
4.361516299977666,57
4.361816099990392,40
4.362147599982563,-7
4.362419399985811,-74
4.362719099997776,19
4.362976299977163,-23
4.3633598999876995,6
4.363649999984773,64
4.363901499978965,50
4.364139499986777,12
4.364390499977162,61
4.364641299995128,33
4.364911799988477,9
4.365161299996544,26
4.36539009999251,22
4.365640699979849,-25
4.365889699984109,-82
4.366140599973733,1
4.36638939997647,-30
4.366614699974889,54
4.366869999998016,-8
4.367118199996185,68
4.367371100001037,39
4.367661299998872,9
4.367935599992052,58
4.368244899989804,28
4.368495099974098,65
4.368750099994941,57
4.369000499980757,9
4.36924299999373,34
4.3694926999742165,21
4.369772699981695,19
4.370019900001353,-3
4.370291899977019,0
4.370562899974175,-27
4.370894599996973,34
4.371145199984312,26
4.3713962999754585,-14
4.371648899978027,-4
4.3719174999860115,-27
4.372172199975466,-31
4.372421599982772,-28
4.372696299978998,-4
4.372998499980895,-20
4.373250099975849,-5
4.373497900000075,-36
4.373895500000799,-85
4.374197400000412,-22
4.374477899982594,-9
4.374729399976786,-41
4.374977499974193,30
4.375227799988352,16
4.375476499990327,55
4.37572640000144,27
4.376021799980663,38
4.376272499997867,34
4.376653299987083,-2
4.376973699982045,-72
4.377343200001633,-10
4.377684799983399,27
4.378075699991314,-64
4.378363600000739,79
4.378679599991301,-9
4.378972199978307,-16
4.379264599992894,-96
4.379673099989304,-12
4.379943199979607,84
4.3802394999947865,6
4.380505799985258,3
4.380792299984023,13
4.381053899996914,0
4.381395399977919,-46
4.381659599981504,-8
4.381932399992365,2
4.382268899993505,46
4.3825443999958225,45
4.382800999999745,35
4.383057699975325,-8
4.383394999982556,41
4.383640399988508,13
4.38389259998803,19
4.384147299977485,-3
4.3844003999838606,-6
4.384646399994381,-55
4.384891900001094,-10
4.3851674999750685,-4
4.3854386000020895,13
4.385749599983683,20
4.386015800002497,-13
4.386268899979768,-10
4.386522899992997,7
4.386788699979661,-29
4.387029099976644,-1
4.387324799987255,-80
4.38762989998213,-6
4.3878756999911275,-15
4.38812789999065,-78
4.3883957999933045,-49
4.38866679999046,-38
4.388916899973992,-24
4.389156899997033,-76
4.389386800001375,15
4.389614399988204,43
4.389900999987731,20
4.390150599996559,0
4.390409599989653,-34
4.390664199978346,59
4.390910299989628,60
4.391134699981194,9
4.391383499983931,-28
4.391611599974567,-76
4.391865399986273,-14
4.392116299975896,-41
4.392349699977785,30
4.392596899997443,-37
4.392847599985544,68
4.393236499978229,34
4.3935381999763194,-85
4.394382999977097,21
4.394740799994906,51
4.395007799990708,-48
4.395316099980846,-52
4.395625199977076,4
4.395944599993527,20
4.39627689999179,48
4.396590899996227,-58
4.396913899981882,-37
4.397158699983265,-29
4.3973817999940366,-36
4.397629099985352,2
4.3978782999911346,-8
4.398111199989216,45
4.398359999991953,46
4.39861039997777,34
4.398860999994213,98
4.399135699990438,40
4.399409599980572,71
4.399681099981535,40
4.400011499994434,13
4.400281699985499,11
4.4005531999864615,-14
4.400887600000715,-7
4.401158099994063,-39
4.401431899983436,-29
4.40176359997713,67
4.4020355999819,64
4.402306799980579,92
4.4026506999798585,43
4.402887399977772,19
4.403160099987872,28
4.403434199979529,-1
4.403769799973816,-26
4.404016299988143,-86
4.404271499981405,0
4.404538299975684,-21
4.404812900000252,10
4.405050299974391,-15
4.405306999979075,30
4.405644899990875,-43
4.405911899986677,-17
4.406181799975457,-28
4.406523199984804,-16
4.406767699983902,12
4.40704530000221,-9
4.407306099979905,-38
4.407644899998559,37
4.407893099996727,22
4.408173999981955,14
4.408432099997299,12
4.408681499975501,38
4.409002699976554,98
4.409254699974554,14
4.409504099981859,44
4.4098538999969605,11
4.411013199976878,-53
4.411402899975656,-36
4.411759399983566,-38
4.412074699997902,65
4.4123775999760255,59
4.412651599996025,56
4.413004399975762,-68
4.413253899983829,1
4.413504199997988,-57
4.413832799997181,-80
4.414079799986212,-47
4.4143082999798935,-69
4.414587099978235,1
4.414839899982326,-65
4.4150881999812555,0
4.415337699989323,44
4.415587800001958,64
4.415837299980922,46
4.416086699988227,1
4.4163361999962945,64
4.416586999985157,26
4.416838299977826,3
4.417089599999599,-18
4.417341599997599,-31
4.417600999993738,-23
4.417864099988947,-34
4.418113899999298,-89
4.418360199982999,-15
4.41861439999775,-20
4.41886199999135,-65
4.419112399977166,30
4.419363199995132,39
4.4196123000001535,58
4.41986199998064,44
4.420113599975593,-1
4.420366299978923,29
4.420637099974556,-15
4.420883799990406,-34
4.4211385999806225,-22
4.421386999980314,-64
4.421611500001745,-37
4.4218825999996625,-77
4.422111899999436,5
4.422364699974423,-34
4.422616099996958,56
4.422865899978206,23
4.423114799981704,6
4.423365399998147,73
4.42361489997711,-24
4.423865399992792,-14
4.424115499976324,-17
4.424340699973982,-69
4.424590599985095,22
4.424839399987832,-15
4.425089600001229,-42
4.425345099996775,43
4.42558999999892,26
4.425839499977883,60
4.426090499997372,17
4.426407899998594,-20
4.42674509997596,-8
4.42703769999207,-105
4.427421999978833,-26
4.427762799983611,-30
4.428110199980438,-76
4.428514999977779,-70
4.428898399986792,-95
4.429151099990122,-32
4.429399899992859,-85
4.4296465999796055,-4
4.42990170000121,-34
4.430164299992612,-53
4.4304359999950975,-54
4.430767299985746,-62
4.43103819998214,-56
4.431309199979296,-38
4.431642699986696,34
4.43191119999392,67
4.432160799973644,28
4.432412800000748,1
4.432663699990371,-40
4.432933999982197,-18
4.433265999978175,8
4.433521400002064,39
4.433769700000994,-19
4.434016899991548,-24
4.4342942999792285,25
4.434549999976298,-38
4.434808399993926,-65
4.435124699986773,51
4.435394799977075,21
4.4357110999990255,82
4.435994599974947,-3
4.436250699975062,-16
4.436515299981693,71
4.436854999978095,82
4.437192699988373,-63
4.437458300002618,-35
4.437724199990043,-48
4.438014699990163,-23
4.43828949998715,9
4.438555299973814,0
4.438891199999489,38
4.4391669999749865,14
4.439430300000822,20
4.439771799981827,-6
4.4400180999946315,-93
4.440289899997879,-98
4.440557399997488,-101
4.4408792999747675,-13
4.441112399974372,-77
4.441362899990054,12
4.441662899975199,31
4.441995699977269,-87
4.442273799999384,-33
4.442518299998483,0
4.442772699985653,-62
4.443185299984179,-74
4.443506899988279,-41
4.444191899994621,-59
4.444705699977931,-78
4.4451514999964274,20
4.445507099997485,13
4.4458847999922,-94
4.446132099983515,38
4.446379799977876,-18
4.4466290999844205,-26
4.446862899989355,-86
4.447114699985832,-8
4.447362999984762,-7
4.447611799987499,-44
4.447883499989985,47
4.448108299984597,16
4.448363299976336,60
4.448611599975266,62
4.448862199991709,25
4.449113099981332,0
4.4493839999777265,-46
4.449607599992305,-54
4.4498368999920785,10
4.450086899974849,-31
4.45033969997894,60
4.450586199993268,29
4.450836399977561,8
4.451087800000096,80
4.451336999976775,50
4.4515870999894105,10
4.451839399989694,-8
4.452088999998523,-14
4.452339599985862,-34
4.452597600000445,-71
4.45284859999083,-20
4.453098999976646,1
4.453369800001383,-78
4.453623699984746,-90
4.453890099975979,-5
4.45416490000207,22
4.4544316999963485,8
4.454769899981329,-7
4.455037299980177,-14
4.455312499980209,-55
4.455620900000213,14
4.455889399978332,33
4.456163900002139,26
4.45643089999794,72
4.456767700001365,48
4.457039399974747,35
4.457305299991276,45
4.457553399988683,-17
4.457881499984069,50
4.458165899995947,-103
4.4584382999746595,-91
4.458750799996778,-61
4.459019699977944,-27
4.459291699982714,-33
4.459595499996794,-24
4.459951299999375,31
4.460316299984697,1
4.460715299996082,-7
4.461083099973621,-23
4.461449499998707,-36
4.4617489999800455,2
4.4620991999981925,55
4.4624552999739535,22
4.46292099999846,93
4.463279199990211,30
4.463693699974101,24
4.46405959999538,15
4.464458999980707,7
4.464756199973635,-25
4.465102199988905,-8
4.465400199987926,50
4.4656847000005655,49
4.465997299994342,-35
4.466264199989382,-34
4.466511499980697,-76
4.466850799974054,15
4.467242099985015,-67
4.467519699974218,68
4.467796099983389,69
4.468166699982248,10
4.468468599981861,4
4.4687152999977116,-8
4.468965599982766,-72
4.46921349997865,-5
4.469463699992048,-51
4.469713200000115,47
4.469978099979926,48
4.470324800000526,5
4.470590899989475,-18
4.4707867999968585,47
4.4709837999835145,41
4.471235899982275,19
4.471487599977991,-62
4.471741199988173,-26
4.472010799974669,-61
4.472267099976307,-31
4.472517999995034,-66
4.4727661999932025,-25
4.473016399977496,-55
4.4732681999739725,21
4.473515599995153,31
4.473753300000681,38
4.473981999995885,-7
4.474364099995,31
4.474632899975404,-115
4.474875799991423,31
4.475158299988834,-17
4.475358399999095,38
4.475609299988719,-9
4.475866099994164,9
4.476108299975749,-27
4.476423499989323,-53
4.476714099990204,-26
4.4769660999882035,16
4.477685299993027,-3
4.478080799977761,88
4.478518899995834,-66
4.478996099991491,23
4.479404799989425,53
4.47968829999445,-34
4.480075999977998,-31
4.480423200002406,45
4.4807950999820605,6
4.481102899997495,-14
4.481375399976969,-13
4.481687599996803,20
4.481976699986262,59
4.482245099992724,37
4.48251469997922,46
4.482789999980014,23
4.483072099974379,19
4.483394099981524,-21
4.483754199987743,-30
4.4840722999942955,52
4.48441350000212,22
4.484736199985491,-68
4.485041999985697,-1
4.485283199988771,-6
4.485506400000304,3
4.485735399997793,-70
4.485984999977518,29
4.486238399986178,-1
4.4865102999901865,-25
4.486779699975159,-59
4.487009099975694,44
4.48723859997699,36
4.487487799982773,29
4.487737599993125,-15
4.488009499997133,8
4.488283499988029,10
4.488552099996014,30
4.488883099984378,60
4.489160199998878,63
4.489428999979282,55
4.48976099997526,4
4.490033399983076,-45
4.49030330000096,-41
4.490664499986451,-35
4.490959999995539,37
4.4913051999756135,32
4.491581699985545,-34
4.4919193999958225,1
4.492214600002626,-45
4.492545199987944,-9
4.492952899978263,17
4.493296299973736,-43
4.493599099980202,-14
4.494204799993895,-23
4.494642099976772,-19
4.495091499993578,13
4.495558800001163,7
4.496042999991914,16
4.49642679997487,37
4.49676329997601,-57
4.497103799978504,-77
4.497386199975153,-18
4.497854199988069,-14
4.498113599984208,-36
4.498401099990588,-66
4.498639899975387,-26
4.498969999986002,-49
4.49928199997521,-16
4.499577699985821,-4
4.499827699997695,65
4.500037499994505,30
4.500379999983124,-63
4.500658199976897,60
4.500873899989529,72
4.501088799996069,31
4.501355199987302,-38
4.501775999990059,-26
4.502029299997957,42
4.50227129997802,3
4.502496399974916,110
4.502725400001509,63
4.502949699992314,-24
4.503171699994709,19
4.503389099991182,58
4.503601399977924,17
4.503869999985909,0
4.504207999998471,9
4.50449479999952,8
4.504732799978228,33
4.504975999996532,-3
4.505298399977619,16
4.505579199991189,16
4.505860099976417,-122
4.506084399996325,-12
4.506368299975293,45
4.506602999987081,54
4.506838100001914,25
4.507062599994242,14
4.507311399996979,-11
4.507538299978478,-55
4.5078816000022925,9
4.508124999993015,-22
4.5083524999790825,-3
4.50858139997581,7
4.508829500002321,-33
4.50908379998873,-58
4.509286299988162,-18
4.509698199981358,15
4.510051899997052,-108
4.510498399991775,5
4.510930099990219,-20
4.5112942999985535,-92
4.51170689999708,-10
4.512215999973705,-26
4.512608199991519,20
4.512825699988753,-15
4.513073699985398,-18
4.513326499989489,-77
4.513577699981397,-57
4.513840899977367,-40
4.514083499991102,-78
4.514283999975305,-19
4.51459619999514,3
4.514845500001684,-58
4.515107799990801,57
4.5154011999838986,87
4.515712199994596,-10
4.5159721999953035,28
4.516196399985347,-51
4.5164459999941755,39
4.51670809998177,17
4.516925899981288,21
4.517150799976662,2
4.517395599978045,7
4.517613799980609,-42
4.517867799993837,7
4.518138299987186,-69
4.518385999981547,-26
4.518591499974718,30
4.518817599979229,71
4.519073899980867,46
4.519317400001455,21
4.519523700000718,-63
4.519701999990502,47
4.519922299979953,53
4.520122399990214,-28
4.520316699985415,-48
4.520483300002525,66
4.5206903999787755,20
4.520942199975252,-49
4.521190200001001,-20
4.52135699999053,56
4.5215480999904685,-15
4.521738099982031,-38
4.521984799997881,-75
4.522191899974132,10
4.522420099994633,21
4.522586999984924,-85
4.522766299982322,28
4.522939299989957,-6
4.523106999986339,1
4.5234224000014365,89
4.523696899996139,4
4.523956999997608,-88
4.524142299982486,97
4.524335599999176,-17
4.524576800002251,-20
4.524775899975793,-48
4.525024799979292,-6
4.525249599973904,58
4.525475699978415,20
4.525690599984955,-23
4.525915799982613,8
4.526242399995681,-55
4.5264672999910545,-21
4.526831399998628,-99
4.527501199976541,11
4.527980799990473,-79
4.528351599990856,-53
4.5287214999843854,61
4.52904649998527,-22
4.529364899994107,-41
4.529629999975441,-17
4.529833599983249,-51
4.530011199996807,44
4.530213499994716,59
4.530416699999478,-1
4.530716399982339,-23
4.530937499977881,-79
4.531138699996518,-65
4.531336599990027,31
4.531562099989969,-29
4.5317511999746785,-92
4.532103199977428,27
4.53249969999888,39
4.532826599985128,5
4.533072099991841,-76
4.533284099976299,6
4.533649499993771,-14
4.533875599998282,-62
4.534118899988243,-25
4.534369899978628,61
4.534627099987119,49
4.534864699991886,25
4.535230599984061,67
4.535476399993058,-37
4.535681999986991,6
4.53587079999852,12
4.536059399979422,-27
4.536247199983336,19
4.53643129998818,39
4.536620699975174,-23
4.536807099997532,-20
4.53700260000187,51
4.537192399991909,-26
4.537357099994551,24
4.537545799976215,14
4.537760099978186,-61
4.537940999987768,20
4.538129699998535,-6
4.53831779997563,-38
4.538481999974465,26
4.538650799979223,11
4.538812599988887,24
4.539023399993312,4
4.539190199982841,-7
4.53942059999099,-35
4.539615599991521,-14
4.539774199976819,-66
4.539951699989615,2
4.540189699997427,20
4.540355999983149,-48
4.540522299997974,62
4.540686799999094,24
4.540896499995142,-38
4.541061899974011,49
4.5412711999961175,43
4.541436999978032,-23
4.541645899997093,-19
4.5418112999759614,-5
4.542020099994261,-82
4.54219639999792,36
4.542422400001669,6
4.542645799985621,-39
4.542826899996726,40
4.543094699998619,59
4.5434356999758165,51
4.5439991999883205,-67
4.5442880999762565,-57
4.544574599975022,4
4.5448361999879126,-4
4.545113499974832,75
4.545349099993473,-9
4.5455715999996755,-16
4.545789700001478,-92
4.546084000001429,-7
4.546256000001449,-46
4.546456799987936,86
4.546630299999379,-20
4.546833799977321,34
4.547030599991558,29
4.54732499999227,15
4.547528099996271,-8
4.547810899995966,19
4.547996299981605,4
4.54818250000244,-34
4.548371399985626,40
4.548577899986412,-46
4.548755299998447,39
4.548958200000925,42
4.54915279999841,-15
4.5493509999942034,-24
4.5495283999771345,26
4.549814300000435,4
4.55000309998286,-22
4.550263199984329,-69
4.550486799998907,-94
4.550683499983279,54
4.550872099993285,36
4.551057599979686,-28
4.551265099988086,-8
4.551454299973557,19
4.5516523999976926,-9
4.551891599985538,-42
4.552125099988189,-71
4.552333799976623,-8
4.552534399990691,39
4.552788299974054,-55
4.552996499987785,-19
4.553188499994576,19
4.553384999977425,29
4.553635799995391,-41
4.5538450999883935,-51
4.554060299997218,-23
4.55424219998531,-10
4.554410299984738,-36
4.5546604999981355,-8
4.554873399989447,-23
4.555072399991332,51
4.55528069997672,-2
4.555533199978527,-26
4.555793499981519,-14
4.555998299998464,-88
4.556213499978185,47
4.556462999986252,41
4.556690199999139,47
4.556901799980551,-40
4.557183400000213,15
4.557368399982806,-41
4.557558299973607,47
4.557748699997319,-36
4.557953199982876,-37
4.558150700002443,21
4.558433400001377,44
4.558640199975343,42
4.558827399974689,-32
4.559025499998825,-67
4.559310199983884,-40
4.559512099978747,30
4.559786300000269,16
4.560085599980084,25
4.5604020999744534,-28
4.560742999979993,31
4.56115399999544,-42
4.561474299989641,-84
4.561743599973852,-7
4.561981799983187,-11
4.5621463999850675,64
4.562312099995324,9
4.562542300001951,24
4.56271050000214,35
4.562891299981857,-65
4.563063999987207,14
4.563232299988158,47
4.563416299992241,-39
4.563584799994715,13
4.563764899998205,-25
4.5639386999828275,2
4.564127499994356,57
4.564313599985326,-52
4.564481999987038,3
4.564688599988585,17
4.564856299984967,-88
4.565042199974414,64
4.565221199998632,54
4.565438399993582,-41
4.565627099975245,12
4.5658153999829665,41
4.566003499989165,32
4.566190899990033,19
4.566357099974994,39
4.566542499989737,54
4.566711099992972,-17
4.566891199996462,-63
4.567065499984892,47
4.567259699979331,15
4.567485799983842,10
4.567734799988102,-22
4.567985399975441,-76
4.568214300001273,-6
4.568462900002487,33
4.568691799999215,14
4.56894349999493,68
4.569192800001474,39
4.569422399974428,19
4.569650499994168,9
4.569986199989216,31
4.570236699975794,22
4.570488500001375,0
4.5707365999987815,37
4.570965999999316,-37
4.571195399999851,-75
4.5714450999803375,23
4.571695699996781,-1
4.571945499978028,60
4.572196099994471,-21
4.572447999991709,-14
4.572697600000538,-36
4.572947499982547,-21
4.573199599981308,-11
4.573447199974908,-45
4.573696999985259,-53
4.573949599987827,-101
4.574198999995133,11
4.574450199987041,-9
4.574699899996631,-37
4.574949000001652,29
4.575200399995083,-5
4.575448899995536,56
4.5757044999918435,-17
4.575955899985274,-16
4.576201799995033,23
4.57650119997561,-75
4.57680499998969,5
4.577172099991003,-26
4.577613199973712,-30
4.5780472999904305,30
4.578394299984211,-18
4.5786929999885615,58
4.57899599999655,-14
4.579245699977037,-24
4.579493999975966,-38
4.579743899987079,53
4.579972599982284,-12
4.580222799995681,21
4.5804742999898735,26
4.580696499993792,-4
4.58092099998612,-67
4.581162799993763,-12
4.58139539998956,32
4.58164509999915,47
4.581910699984292,45
4.582168299995828,12
4.582497199997306,-57
4.582747099979315,32
4.58307789999526,70
4.5833212999859825,-33
4.583535999991,4
4.583759499975713,36
4.583969100000104,-11
4.584196899988456,-67
4.584417499980191,-23
4.584722499974305,-53
4.5849467999942135,-70
4.5851825999852736,3
4.5853958999796305,76
4.585641699988628,13
4.585846199974185,-15
4.58607259998098,0
4.586292499996489,58
4.586725499975728,-27
4.586965399998007,13
4.587156399997184,-28
4.587359799974365,2
4.5875685999926645,14
4.5877765999757685,-20
4.587984899990261,-20
4.588198599987663,38
4.58841189998202,55
4.58861700000125,-45
4.588828999985708,-74
4.589046099979896,-63
4.589346699998714,-22
4.589574999990873,46
4.589795399981085,21
4.590100699977484,-23
4.590325099998154,67
4.590546099992935,23
4.590850999986287,60
4.591075699980138,-40
4.59127589999116,-101
4.591507899982389,-59
4.591769199992996,71
4.592000799981179,0
4.592228699999396,20
4.592453499994008,-50
4.59267249997356,-42
4.593031399999745,-38
4.593367900000885,-29
4.593659199977992,-21
4.593958699988434,-8
4.594377599976724,-66
4.594812399998773,-25
4.5951454999740236,14
4.595490499981679,49
4.595780499977991,-9
4.596065399993677,11
4.596401399991009,-20
4.596688599995105,-2
4.5970189999789,2
4.59726499998942,48
4.59752650000155,39
4.597753299982287,20
4.598006499989424,-20
4.5982334000000264,18
4.598505000001751,27
4.598733799997717,-16
4.598984999989625,-17
4.59923599998001,-77
4.599505699996371,15
4.599734799994621,-4
4.600017899996601,-28
4.600282699975651,-57
4.600551199982874,-58
4.600887899985537,-91
4.601160599995637,-59
4.6014099000021815,2
4.6016590999788605,7
4.6019272999837995,-48
4.602242299995851,-62
4.602512099983869,-6
4.602781900000991,-18
4.603056399995694,-18
4.603368699987186,-5
4.603639499982819,11
4.603910399979213,-5
4.604182999988552,27
4.60449499997776,30
4.6047618000011425,25
4.605014699976891,-8
4.605268999992404,6
4.6055178999959026,-45
4.605811499990523,28
4.606120999989798,24
4.606390399974771,6
4.606661500001792,-25
4.606927499989979,-35
4.607266599981813,-28
4.607535799994366,-27
4.607803099992452,-53
4.608163700002478,-69
4.608423899975605,-34
4.608680799981812,-66
4.609027500002412,-10
4.609270299988566,-44
4.609538099990459,-24
4.610807899996871,9
4.611197499994887,36
4.611497199977748,-50
4.611992399994051,74
4.612311599979876,19
4.612621599982958,44
4.612893899990013,80
4.6131642999826,64
4.613417299988214,26
4.6136701999930665,21
4.613903099991148,25
4.614130000001751,-21
4.614378699974623,-79
4.6146080999751575,-17
4.614860699977726,-59
4.615108400001191,50
4.6153619999822695,18
4.615611099987291,-2
4.615861199999927,50
4.616110999981174,12
4.616361399996094,58
4.616610299999593,12
4.616839099995559,-74
4.6170892999798525,5
4.617373899993254,-6
4.617613999987952,-27
4.617863799998304,-71
4.618114099983359,17
4.618366799986688,24
4.618634999991627,-3
4.618864299991401,65
4.6191139000002295,11
4.619366300001275,110
4.61961429999792,52
4.619864799984498,20
4.620135699980892,21
4.6203602999739815,-8
4.620615599997109,-28
4.6208639999968,-78
4.621118899987778,-9
4.621389999985695,-42
4.6216622999927495,-27
4.621937599993544,-22
4.622267899976578,-12
4.6225371999898925,9
4.62280829998781,16
4.6231440999836195,61
4.623413699999219,64
4.62367999998969,50
4.624017599999206,16
4.624289699975634,10
4.624557399976766,5
4.624891999992542,-2
4.625164400000358,-30
4.625429899984738,-8
4.625678999989759,-76
4.625939699995797,-113
4.626291099993978,-33
4.627796899992973,45
4.62823929998558,5
4.628510899987305,22
4.628808699984802,11
4.629109999979846,34
4.629400499979965,61
4.629682799975853,-40
4.629974799987394,-12
4.6302469999936875,-21
4.6305173999862745,-25
4.630775899975561,-53
4.631016999977874,23
4.631296699983068,0
4.631557299988344,21
4.631891999975778,12
4.6321646999858785,-28
4.632441599998856,-31
4.6327249000023585,-10
4.632981299975654,-9
4.633250499988208,-38
4.633520699979272,-43
4.633792999986326,-27
4.634045399987372,-54
4.634298199991463,14
4.6345411999791395,-19
4.634811199997785,-21
4.635161399986828,-1
4.635480899974937,54
4.635729000001447,41
4.635999399994034,-5
4.636270199989667,-10
4.636540199979208,13
4.636810399999376,-9
4.637145499989856,-34
4.637421899999026,-39
4.637667099974351,50
4.637997299985727,-8
4.6382626999984495,-6
4.6384933999797795,-67
4.638742899987847,31
4.6389960999949835,50
4.639261799980886,-3
4.639522399986163,-48
4.639786599989748,57
4.640026799985208,28
4.640262699977029,-20
4.640486599993892,-21
4.640760699985549,21
4.641040399990743,-5
4.641291999985697,1
4.641535599977942,-20
4.6417607999756,-63
4.642010999988997,15
4.642260599997826,51
4.6425210000015795,40
4.642761299997801,36
4.643251999979839,25
4.643526799976826,-51
4.643886999983806,42
4.644273499987321,-99
4.644696199975442,38
4.645000999997137,-44
4.645253800001228,-81
4.645525100000668,-23
4.645778699981747,-64
4.646059199993033,-3
4.646378699981142,-9
4.646780699986266,-3
4.647114399995189,-38
4.647401700000046,-21
4.6476849999744445,19
4.647994999977527,50
4.648263699986273,29
4.6485349999857135,65
4.6487890999997035,52
4.649063499993645,0
4.649373199994443,77
4.649638999981107,73
4.649923299992224,88
4.650187199993525,72
4.6505206000001635,6
4.650774199981242,-73
4.651020899997093,-39
4.651272399991285,62
4.651538099977188,54
4.651793799974257,53
4.652051999990363,27
4.652306799980579,77
4.6526429999794345,66
4.6529221999808215,50
4.653171599988127,33
4.653434899984859,-15
4.653767499985406,-48
4.654044099996099,-57
4.654306799988262,-60
4.654621699999552,-52
4.654871699982323,-16
4.655149199999869,-28
4.655397299997276,-64
4.655645999999251,18
4.655935299990233,-25
4.656233499990776,-3
4.656523699988611,-3
4.656772799993632,-32
4.657021699997131,-77
4.65727809999953,-36
4.657562099979259,-25
4.657877499994356,-3
4.658140099985758,-41
4.6584306999866385,66
4.658702599990647,8
4.65900079999119,44
4.659254500002135,5
4.659499399975175,24
4.659879799990449,-2
4.660278299998026,-55
4.661297699989518,27
4.661668399989139,69
4.662100399989868,-11
4.662599999981467,-71
4.662887699989369,-61
4.6631843999784905,-12
4.663432899978943,-47
4.663730999978725,-15
4.663980199984508,-61
4.6642119999742135,57
4.664424399990821,53
4.66466009998112,23
4.664888799976325,-12
4.665130599983968,-83
4.665396500000497,-16
4.665635899989866,5
4.665863399975933,71
4.666122099995846,51
4.66636699999799,15
4.6666164999769535,81
4.666865599981975,39
4.667116600001464,-3
4.667367199988803,24
4.66763759998139,-14
4.667862199974479,-36
4.6681165999907535,-64
4.66836909999256,17
4.668617499992251,-52
4.6688670000003185,-58
4.66914209999959,48
4.6693658999865875,23
4.669620100001339,82
4.669869599980302,75
4.670119799993699,22
4.67036979997647,75
4.670640700001968,26
4.670890699984739,-24
4.67114120000042,-3
4.671439500001725,0
4.67174389999127,56
4.671994799980894,18
4.672246299975086,6
4.672495399980107,19
4.672747199976584,-21
4.672994799999287,-21
4.673245199985104,-94
4.673494999995455,-43
4.673745799984317,-52
4.673997599980794,-54
4.674420099996496,-32
4.6747359999862965,39
4.674999899987597,28
4.675252399989404,3
4.675520799995866,59
4.67579169999226,65
4.676055299991276,31
4.6764396999788005,26
4.676824599999236,-65
4.677204899984645,3
4.67752179998206,-38
4.677864400000544,-11
4.678170899976976,32
4.678629499976523,47
4.678939299978083,22
4.679216299991822,45
4.679538099997444,-43
4.679842199984705,5
4.680126999999629,-15
4.680375299998559,-85
4.680622599989874,-15
4.680893799988553,-31
4.681163299974287,-13
4.681433799996739,-55
4.681768499984173,9
4.682037699996727,18
4.6823082999908365,23
4.682642699975986,63
4.682913199998438,65
4.683181999978842,79
4.683431699988432,45
4.683771599986358,-2
4.684019999986049,-35
4.684271499980241,77
4.6845256999949925,31
4.684773499990115,42
4.685024599981261,33
4.685282899998128,12
4.685553699993761,27
4.685819199978141,-9
4.686123699997552,54
4.686374299984891,26
4.686625099973753,35
4.68689519999316,13
4.687149999983376,21
4.687416899978416,-19
4.6876884999801405,-21
4.687999799993122,3
4.688274299987825,18
4.688520299998345,28
4.688775199989323,-9
4.689020799996797,-12
4.689291499991668,0
4.689574299991364,17
4.689796999999089,-32
4.6900497999740764,-29
4.690349599986803,-61
4.6909427999926265,11
4.691217799991136,5
4.691514099977212,-7
4.691784499998903,39
4.692040599999018,14
4.692302299983567,-17
4.692563499993412,37
4.692872399988119,35
4.693315899989102,-11
4.693681499978993,-32
4.6940958999912255,-91
4.694373699981952,-3
4.694676699989941,27
4.694978199986508,24
4.695341799990274,-13
4.695793199993204,-16
4.696042999974452,-10
4.696346899989294,-19
4.696591799991438,-61
4.6968421999772545,-8
4.697092499991413,-76
4.697342400002526,46
4.697592999989865,-1
4.697840799984988,-2
4.698090599995339,44
4.6983399000018835,69
4.698590499989223,74
4.69883999999729,-7
4.699091499991482,-18
4.699340599996503,-22
4.69959979999112,-70
4.699841099994956,-35
4.7000943000020925,-100
4.700340899988078,5
4.700591200002236,11
4.70095259998925,-24
4.701234899985138,17
4.701559499982977,12
4.701818100002129,47
4.702120499976445,78
4.702418599976227,49
4.702660299983108,25
4.702931899984833,50
4.7032623999984935,-2
4.703488099999959,27
4.703753299982054,11
4.7040076999983285,17
4.70426889997907,-32
4.704538199992385,83
4.704804799985141,60
4.705124599975534,-21
4.705378599988762,-31
4.7056657999928575,-7
4.705935799982399,-11
4.706242499989457,-63
4.70651769998949,-92
4.706792399985716,-102
4.707054099999368,-93
4.707388399983756,5
4.707659399980912,17
4.707913599995663,-8
4.708164099982241,-34
4.708419699978549,-71
4.708681899996009,-24
4.709015899978112,-13
4.709290899976622,-9
4.709596000000602,-16
4.709981499996502,48
4.710353399976157,-96
4.710693299974082,28
4.711075400002301,-4
4.711435499979416,-3
4.711908199999016,43
4.71223989999271,69
4.712525299983099,3
4.712793399987277,40
4.713053499988746,6
4.713393599988194,-52
4.713746299996274,0
4.714019499981077,21
4.714284999994561,20
4.714558699983172,28
4.714898999984143,51
4.71514779998688,78
4.715394300001208,64
4.715642299997853,27
4.715891799976816,73
4.716143799974816,37
4.716445400001248,40
4.716731199994683,-20
4.716959699988365,59
4.717177299986361,5
4.717472799995448,-44
4.717681599984644,-14
4.717992099991534,-7
4.718244499992579,-12
4.718486300000222,-77
4.718712000001688,7
4.718926199973794,48
4.719147800002247,61
4.7193830999895,25
4.719616999995196,-19
4.719867299980251,-27
4.720113099989248,-92
4.7203843999886885,52
4.720608799980255,4
4.720864499977324,72
4.721115899999859,22
4.721365899982629,32
4.721616499999072,67
4.721887899999274,-6
4.722112199990079,23
4.722366699978011,-31
4.722616499988362,-41
4.722866399999475,-58
4.7231159999792,-98
4.723387799982447,-23
4.723613399983151,-80
4.7238660999864805,38
4.724115499993786,12
4.724365499976557,-14
4.724616199993761,88
4.724864299991168,12
4.725116299989168,7
4.725365599995712,1
4.725621299992781,-19
4.725893800001359,-59
4.726163599989377,-30
4.726528099999996,-11
4.726894199993694,-30
4.727244799985783,-92
4.72770779998973,43
4.728104499983601,5
4.728537299990421,2
4.7288621999905445,91
4.729149899998447,-6
4.7294287999975495,35
4.729694399982691,8
4.729993199987803,-76
4.7302648999902885,-59
4.730537800001912,-79
4.730809499975294,-77
4.731124399986584,-16
4.731394499976886,-31
4.731663299986394,0
4.73193199999514,8
4.732267499988666,29
4.732538099982776,32
4.732813999988139,16
4.733100299985381,77
4.733357899996918,43
4.733642299979692,13
4.733897400001297,25
4.7341511999838986,60
4.734391099977074,-23
4.734662000002572,11
4.7349376999773085,3
4.73522740000044,59
4.7354782999900635,5
4.735727399995085,-18
4.735998399992241,-5
4.736270299996249,-11
4.736540799989598,-11
4.736804199987091,-7
4.737060299987206,-2
4.737394800002221,-4
4.73764609999489,28
4.73789509999915,20
4.738165799994022,10
4.73843929998111,-7
4.738751500000944,-3
4.739006199990399,45
4.739293699996779,35
4.739546299999347,34
4.739961899991613,18
4.740222499996889,-32
4.740586499974597,-74
4.740846299973782,19
4.741096599987941,0
4.741345699992962,29
4.741594699997222,-8
4.741846299992176,-21
4.7421280999842566,-40
4.7423400999978185,-118
4.742628299980424,-89
4.742900599987479,-23
4.743205099977786,-54
4.743482599995332,-40
4.743855899985647,-11
4.7442090999975335,-87
4.744528299983358,-31
4.744794099999126,-22
4.74509099998977,-4
4.745362499990733,22
4.745626399992034,22
4.745895499974722,0
4.7461593999760225,-10
4.746384400001261,-26
4.746613700001035,-33
4.746866699977545,-53
4.747116999991704,3
4.747367299976759,-20
4.747616099979496,33
4.747865899989847,10
4.748116799979471,10
4.748366099986015,39
4.748616099997889,61
4.748867099988274,-4
4.749116699997103,2
4.7493664999783505,-47
4.7496161999879405,-14
4.74988950000261,-48
4.750139299983857,-53
4.750412900000811,-51
4.750669699977152,-3
4.750940400001127,-3
4.751246999978321,-4
4.751520599995274,0
4.751767699985066,7
4.752037300000666,2
4.752306699985638,-18
4.752622499974677,-2
4.752895799989346,36
4.753165599977365,-3
4.753431799996179,-25
4.753683799994178,-19
4.75402110000141,10
4.754304000001866,43
4.754609099996742,48
4.754901299980702,-46
4.755175699974643,-16
4.75543910000124,-49
4.755771399999503,-62
4.756026499992004,-2
4.7562712999933865,-49
4.756520499999169,-89
4.7567710999865085,7
4.757042099983664,-5
4.757313699985389,-7
4.757644500001334,-45
4.757916899980046,-14
4.758268499979749,-30
4.758548499987228,10
4.758818899979815,41
4.759128099976806,-51
4.759403999982169,35
4.7599400999897625,-41
4.760926399991149,-89
4.76125789998332,-58
4.761547000001883,-14
4.761797799990745,-59
4.762038899993058,-67
4.76230729999952,-10
4.762640699977055,58
4.762916399980895,20
4.763167699973565,17
4.763483399990946,-12
4.7637983999738935,60
4.764170699985698,-38
4.764503199985484,16
4.764763899991522,0
4.765039299993077,12
4.765303299995139,72
4.76563779998105,98
4.765849799994612,6
4.76609959997586,18
4.766343499999493,-6
4.76659230000223,26
4.766863299999386,-61
4.767117799987318,-37
4.767470399994636,-24
4.767817199986894,32
4.768058399989968,11
4.768360399990343,-60
4.7686210999963805,27
4.768882499978645,7
4.7691241999855265,83
4.769411499990383,77
4.769627899979241,31
4.76985589999822,74
4.77010659998632,-16
4.770382399990922,4
4.770608099992387,0
4.770860699994955,-22
4.7711121999891475,-41
4.771361999999499,-84
4.771610800002236,-18
4.771860399981961,-93
4.772110099991551,52
4.7723605999781284,13
4.772610899992287,15
4.772880799981067,70
4.773130799992941,19
4.77338040000177,-9
4.773609600000782,-25
4.773863699985668,5
4.774220699997386,-40
4.774466999981087,6
4.774718699976802,-11
4.774966099997982,-32
4.775225099991076,-27
4.7754722999816295,-86
4.775747199979378,-72
4.776014099974418,-94
4.7762715999851935,-36
4.777656199992634,17
4.778046699997503,21
4.778362499986542,-17
4.778622599988012,-5
4.778886499989312,-6
4.779138299985789,-23
4.77938880000147,-7
4.779659599997103,-42
4.779930799995782,-37
4.78024349999032,17
4.780512400000589,28
4.780782999994699,29
4.7810565999825485,28
4.781389099982334,-11
4.781662399997003,-10
4.781927199976053,17
4.7822637999779545,-79
4.782519200001843,24
4.782771300000604,32
4.783034299995052,32
4.78331149998121,30
4.783620399975916,47
4.78388819997781,38
4.784165499993833,17
4.784430699975928,44
4.784766899974784,-12
4.7850367999926675,-2
4.785311899991939,18
4.785619999980554,36
4.785896899993531,-15
4.786168499995256,33
4.786430799984373,42
4.786766099976376,38
4.787015499983681,51
4.787267099978635,2
4.7875222000002395,31
4.787790000002133,17
4.788055499986513,39
4.78831779997563,29
4.788624099979643,30
4.788876499980688,29
4.789189899980556,24
4.789493799995398,-3
4.789777599973604,2
4.790065699984552,-112
4.790398799988907,-52
4.790696399984881,-31
4.790978199976962,-4
4.791226499975892,41
4.791476199985482,-28
4.7917374999960884,-20
4.791974599997047,-70
4.79222609999124,-29
4.792495899979258,-42
4.792767499980982,-39
4.7931533999799285,-10
4.7938530999817885,27
4.794208499981323,59
4.794593300000997,0
4.794928099989193,46
4.795198299980257,72
4.795489399984945,73
4.795846499997424,82
4.796103899978334,-87
4.796354099991731,1
4.796603299997514,0
4.796853199979523,49
4.797112499974901,-43
4.797359899996081,35
4.797630899993237,12
4.797880400001304,6
4.798108899994986,10
4.798380799998995,16
4.798609099991154,42
4.798862299998291,-23
4.799170399986906,-45
4.79942709999159,-7
4.799737199995434,60
4.799990799976513,42
4.8002410999906715,1
4.800490900001023,-7
4.800740799983032,-11
4.800992099975701,-29
4.801260999985971,-21
4.801486799988197,-67
4.801752999977907,21
4.801987499988172,20
4.802240199991502,-18
4.802490199974272,35
4.802760799997486,39
4.802986299997428,86
4.803239899978507,27
4.803490899997996,-1
4.803739999973914,35
4.803989899985027,-9
4.804260899982182,-39
4.80448609997984,-61
4.804741499974625,-5
4.805011699994793,-23
4.80523749999702,-76
4.805494100000942,16
4.805743799981428,-25
4.80599359999178,54
4.806268399988767,54
4.806539999990491,63
4.806803599989507,29
4.807079199992586,16
4.807351199997356,50
4.807622799999081,48
4.807894099998521,47
4.808165299997199,58
4.808432699996047,54
4.808769199997187,-16
4.809044499997981,5
4.809316300001228,-11
4.80988200000138,-95
4.810643399978289,-86
4.811041999986628,24
4.811384299973724,-21
4.811642599990591,-37
4.811890399985714,-20
4.812119299982442,48
4.812368699989747,0
4.812618700001622,95
4.8128710000019055,56
4.813121399987722,22
4.813351799995871,-36
4.813601599977119,-26
4.813830499973847,-32
4.814063899975736,-88
4.814334999973653,-53
4.814546299981885,0
4.814858500001719,31
4.81508759999997,83
4.815362399996957,83
4.8156368999916594,91
4.81588759997976,11
4.816213099984452,73
4.816456799977459,75
4.816675699985353,20
4.816970599989872,35
4.817217499978142,41
4.817466599983163,46
4.81771609999123,21
4.817969099996844,40
4.818209399993066,-13
4.81855529997847,-29
4.81879889999982,28
4.8190266999881715,-29
4.8192635999876074,-127
4.819513700000243,-19
4.819766000000527,-52
4.820015699981013,-99
4.820393799978774,17
4.820654099981766,10
4.820880999992369,-40
4.821109599986812,-98
4.821338399982778,-22
4.821551899978658,34
4.821799099998316,54
4.822054299991578,40
4.822369199973764,14
4.822620299994014,-20
4.822869899973739,28
4.823119799984852,-4
4.823369599995203,-7
4.823617499991087,-42
4.823869499989087,-16
4.82414029998472,-14
4.8243901999958325,-63
4.824640999984695,6
4.824890499992762,-28
4.825141399982385,-75
4.825391199992737,18
4.825662899995223,-1
4.825912300002528,-14
4.8261652999790385,78
4.8265623999759555,22
4.82756109998445,-63
4.8279965999827255,43
4.82828069999232,-53
4.8285772999806795,-24
4.828903499990702,-3
4.829181499982951,-9
4.8294827999779955,49
4.829776899976423,3
4.830047399998875,24
4.8303077000018675,2
4.830645799986087,-56
4.830913299985696,-83
4.8311816999921575,-60
4.831450199999381,-82
4.831746099982411,-18
4.832020899979398,0
4.832274699991103,-62
4.832543299999088,0
4.83279409998795,-9
4.8330638999759685,-14
4.833395900001051,-31
4.833667300001252,-6
4.833940399985295,-7
4.834249099978479,24
4.83452489998308,58
4.8347913999750745,51
4.835042099992279,39
4.835293599986471,30
4.835548099974403,-28
4.835803199996008,-10
4.8360567999770865,1
4.836307699995814,-47
4.836644999973942,5
4.836916399974143,16
4.837167999998201,-31
4.837418299983256,-33
4.837670799985062,-70
4.837922899983823,-14
4.83818419999443,-49
4.838521199999377,10
4.838797399977921,2
4.839065899985144,1
4.839397199975792,60
4.839677999989362,43
4.839931499998784,40
4.84018489997834,18
4.840521899983287,-12
4.840770799986785,1
4.8410255999770015,69
4.841270299977623,40
4.841543899994576,6
4.841875699989032,19
4.842137399973581,27
4.842421399982413,-70
4.842699000000721,-49
4.843065799999749,-65
4.843350399984047,-5
4.8437411999912,18
4.844264299987117,-35
4.844565999985207,3
4.844825499982107,-25
4.845047899987549,-29
4.845313500001794,-44
4.845574299979489,-80
4.8457999999809545,12
4.846096499997657,-56
4.84632299997611,-14
4.846550999995088,88
4.846846499975072,-22
4.847070399991935,52
4.847297799977241,6
4.847597199986922,31
4.847825799981365,35
4.84804709997843,-21
4.848352000000887,12
4.848577899974771,-27
4.848798699997133,15
4.849108499998692,-33
4.849332899990259,-22
4.849553699983517,38
4.849860799993621,-8
4.850110999977915,28
4.850361499993596,34
4.850610299996333,12
4.850868699984858,78
4.851115999976173,51
4.851370399992447,41
4.851619299995946,1
4.851870999991661,-20
4.852120299998205,-13
4.852369699976407,-43
4.852620699995896,-38
4.852890299982391,-34
4.853140899998834,-74
4.853391799988458,-5
4.853640699991956,12
4.853891999984626,0
4.85413989998051,47
4.854413099994417,46
4.854683999990812,57
4.854994699999224,-10
4.855245399987325,47
4.855495700001484,33
4.855744299973594,25
4.855994599987753,58
4.856246799987275,18
4.856515999999829,-3
4.8567889999831095,6
4.857047600002261,-3
4.857290199986892,-60
4.8575413999788,-4
4.857797999982722,-35
4.858051399991382,-90
4.858298299979651,-22
4.858543699985603,-44
4.8587943999737035,45
4.859047299978556,24
4.859313099994324,4
4.85976859999937,-71
4.860122699989006,-21
4.861066899989964,-28
4.861463099980028,-57
4.861797299992759,8
4.862065499997698,13
4.862401799997315,-25
4.8626817999756895,15
4.86291089997394,45
4.863180999993347,74
4.863453699974343,55
4.863723999995273,34
4.863996200001566,47
4.864266599994153,41
4.864537399989786,33
4.864814999978989,13
4.865121899987571,-57
4.865400599985151,-69
4.865645999991102,30
4.865917899995111,10
4.866179399978137,21
4.866463099984685,13
4.86672729998827,11
4.867002099985257,9
4.86725129999104,-45
4.867499499989208,60
4.867769499978749,38
4.868020599998999,0
4.868270099977963,9
4.868541799980449,93
4.868807299993932,98
4.869060700002592,75
4.86939639999764,14
4.869667499995558,13
4.869924500002526,-11
4.870179199991981,89
4.870431599993026,58
4.870677799975965,-22
4.870944199996302,64
4.871293499978492,-13
4.871634999988601,-29
4.871864899992943,-69
4.872125699999742,-38
4.872353599988855,-98
4.872598999994807,-14
4.872847099992214,-24
4.8730995999940205,52
4.873345699976198,-3
4.873598199978005,33
4.873885299981339,28
4.874138899991522,76
4.874393199977931,28
4.874617900000885,33
4.8749127999763004,15
4.875164400000358,32
4.875414699985413,-38
4.875669200002449,-15
4.875912099989364,-98
4.876171799987787,-15
4.876536600000691,17
4.877476499998011,-36
4.878076900000451,39
4.878442299988819,49
4.878733799996553,-10
4.879015899990918,-68
4.879275899991626,-76
4.879520999995293,-64
4.879791899991687,-27
4.880033299996285,-99
4.880259500001557,17
4.88048739999067,67
4.880742499983171,51
4.881013299978804,3
4.881238699977985,0
4.8814909999782685,21
4.881740499986336,12
4.881991499976721,-15
4.882241299987072,-18
4.882490899995901,-79
4.882740399974864,17
4.8829910999920685,-12
4.883240700000897,-30
4.883491099986713,62
4.883761799981585,65
4.88398679997772,79
4.884241199993994,60
4.884492099983618,27
4.884740099980263,37
4.884991599974455,-26
4.8852615999931,-14
4.88548689999152,-47
4.885740400000941,-22
4.885990599985234,-16
4.886240599997109,-85
4.886491399985971,24
4.886769999982789,9
4.887037899985444,14
4.8873055999865755,13
4.887641499983147,-40
4.887912699981825,-21
4.888183799979743,-32
4.8885193999740295,19
4.8887905000010505,31
4.889059599983739,43
4.889394300000276,45
4.889679399988381,-50
4.8899361999938264,24
4.890272899996489,-16
4.890519799984759,-31
4.890769399993587,-82
4.891019599977881,7
4.891292499989504,-8
4.891554199974053,12
4.891810799977975,-19
4.892146099999081,-87
4.892414799978724,-68
4.892679899989162,-134
4.892940399993677,-5
4.8932666999753565,-27
4.893570299987914,-51
4.893939599976875,9
4.894340200000443,-48
4.894771399995079,-7
4.895097100001294,0
4.895363099989481,-89
4.895650799997384,-2
4.896031399985077,-27
4.896357599995099,9
4.896643699990818,-4
4.897023500001524,-16
4.897305799997412,61
4.8975279000005685,-17
4.89779930000077,-18
4.898032799974317,-15
4.898262699978659,12
4.898491899977671,-34
4.898744099977193,36
4.8990162999834865,0
4.899265599990031,-38
4.899518999998691,44
4.899765099980868,45
4.900015499995789,-13
4.900296799984062,81
4.900514199980535,30
4.900743299978785,-22
4.900999899982708,-10
4.901242399995681,-5
4.901494699995965,-64
4.901765199989313,16
4.9020531999995,3
4.902276999986498,-13
4.902568099991186,44
4.902846999990288,-13
4.903094899986172,-9
4.903344699996524,30
4.90359509998234,10
4.90384479999193,-17
4.904136699973606,81
4.904387299990049,60
4.904641499975696,57
4.904891099984525,23
4.905143099982524,-6
4.905390999978408,21
4.905658399977256,6
4.905888699984644,17
4.906114899989916,-20
4.906369799980894,-22
4.906619799992768,-87
4.906869599974016,-26
4.907118999981321,-79
4.907370499975514,56
4.907593399984762,55
4.907843299995875,10
4.908095999999205,5
4.908347799995681,25
4.908593599975575,-30
4.908844299992779,-9
4.909094099974027,-76
4.90934399998514,-40
4.909607299981872,-31
4.910003500001039,-27
4.911082099977648,-45
4.9114125999913085,-60
4.9118019999878015,-58
4.912141499982681,35
4.912400999979582,-80
4.912678399996366,-85
4.912974799983203,-44
4.913227099983487,-25
4.913495899992995,-55
4.913767099991674,-81
4.9140400999749545,-108
4.914306799997576,-86
4.9146423999918625,-48
4.914915699977428,-11
4.9151886999898124,-1
4.915435899980366,-4
4.91577099999995,23
4.916025999991689,35
4.916275600000517,-18
4.916520999977365,-35
4.916791999974521,-35
4.917055400001118,-18
4.917308399977628,-71
4.917645599984098,18
4.917915899975924,28
4.918185499991523,46
4.918435999978101,44
4.918771399999969,45
4.919021299981978,72
4.919271199993091,56
4.919567899982212,19
4.919923199980985,-5
4.9202278000011574,-25
4.920481199980713,-49
4.920727799995802,-102
4.9209818999806885,-6
4.921248400001787,-8
4.9215246999810915,-15
4.921790799999144,-34
4.922054900001967,-29
4.922310099995229,-68
4.922653999994509,-57
4.92293279999285,-5
4.923271199979354,18
4.923519899981329,-4
4.923775199975353,-24
4.924019300000509,29
4.924296399985906,0
4.924557399994228,-47
4.924854099983349,-30
4.925121999986004,36
4.925367499992717,-19
4.9256205999990925,-44
4.9258651999989524,-23
4.9261194999853615,-85
4.9264383999980055,-52
4.926799399981974,-23
4.927230799978133,-46
4.927737299993169,15
4.928198799985694,-24
4.928521800000453,-45
4.92874689999735,-36
4.929000499978429,-77
4.929266199993435,-36
4.929519199999049,-51
4.929764399974374,-74
4.929966700001387,-19
4.930218099994818,48
4.930466199992225,4
4.930716399976518,43
4.930976299976464,17
4.93121689997497,38
4.931467399990652,-16
4.931716099992627,-7
4.931965899973875,-22
4.932216099987272,-94
4.932465399993816,-2
4.932716099981917,-65
4.9329652999877,38
4.933215799974278,19
4.933465399983106,23
4.933717199979583,79
4.933966299984604,71
4.934215599991148,69
4.934466099977726,4
4.934715599985793,-29
4.93496669997694,-4
4.93521709999186,-60
4.93546539999079,-8
4.93571539997356,-56
4.935966199991526,40
4.936186099977931,-30
4.936490399995819,23
4.936741099983919,-36
4.936993999988772,69
4.9372435999976005,62
4.937494299985701,-17
4.937765399983618,55
4.9380158999993,30
4.9382658999820706,-16
4.9385170999739785,23
4.938764999998966,-25
4.939016399992397,-22
4.939286699984223,-8
4.939540499995928,-64
4.939809499977855,-86
4.940144899999723,-43
4.94041599999764,-43
4.940684599976521,-5
4.941019799996866,35
4.941269999981159,-2
4.941525599977467,21
4.941770099976566,0
4.942045199975837,-44
4.942295999993803,-22
4.942550999985542,-41
4.942809100000886,-79
4.943281899992144,0
4.943613599985838,-48
4.943983899982413,13
4.944370199984405,-57
4.944779099983862,-53
4.945196099986788,12
4.945508299977519,33
4.945799199980684,-2
4.946020999981556,73
4.946285899990471,32
4.946533399983309,17
4.946784399973694,28
4.947057599987602,4
4.947385799983749,51
4.947639399993932,39
4.947912299976451,12
4.948189099988667,36
4.94849979999708,67
4.948770199989667,55
4.949019599996973,15
4.949269699980505,-13
4.949520499998471,81
4.949796899978537,76
4.9500402999983635,-9
4.95035289999214,78
4.950625500001479,93
4.9508937999780755,96
4.951144299993757,62
4.9514160999970045,54
4.951680199999828,35
4.951955500000622,26
4.95222759997705,3
4.952498099999502,10
4.952769800001988,-26
4.953041000000667,30
4.953314599988516,2
4.953623199980939,61
4.95389459998114,39
4.954143999988446,12
4.954415099986363,-1
4.9546847000019625,-2
4.954999299981864,-66
4.955252899992047,-3
4.955491100001382,-12
4.955789699975867,51
4.9560348999802954,-18
4.95628489999217,61
4.956533399992622,32
4.956787199975224,0
4.957036399981007,23
4.9573154999816325,66
4.9576246999786235,25
4.957866599987028,59
4.958119599992642,0
4.958369899977697,5
4.958641599980183,25
4.95888669998385,37
4.959185599989723,-13
4.9594937999791,8
4.959848799975589,14
4.960727099998621,-56
4.96102129999781,40
4.961356799991336,47
4.961652899975888,41
4.961948399984976,-88
4.962233899976127,-31
4.962498099979712,-23
4.962743199983379,-31
4.96299299999373,-70
4.963259499985725,-26
4.963487799977884,-65
4.9637422999949194,12
4.9639908999961335,-11
4.964241799985757,-19
4.9644917999976315,45
4.964740600000368,39
4.964991099986946,61
4.965240599995013,26
4.965492699993774,0
4.965747499983991,3
4.965995499980636,-59
4.96624409998185,-42
4.966495499975281,-78
4.966744499979541,7
4.9670324999897275,0
4.967240199999651,-16
4.967494799988344,98
4.967767699999968,50
4.96801409998443,14
4.968265199975576,59
4.968515599990496,16
4.968766599980881,4
4.969016999995802,10
4.969286599982297,-15
4.969558999990113,-23
4.96989019998,43
4.970140099991113,9
4.970389900001464,55
4.9706397999834735,-15
4.970889699994586,-28
4.971139999979641,-39
4.971383899974171,-52
4.971671899984358,-30
4.971926400001394,-48
4.972186899976805,-28
4.972500499978196,-72
4.972791799984407,18
4.973054999980377,-65
4.9733101000019815,-76
4.973623400001088,-17
4.97387419998995,-2
4.974129099980928,-13
4.974374199984595,-29
4.974644899979467,-49
4.974898699991172,-98
4.975197699997807,-35
4.975442700000713,-102
4.975729400001001,-35
4.9759849999973085,-127
4.976274199987529,8
4.976652399986051,-3
4.9769660999882035,19
4.9774190000025555,-104
4.977775199979078,23
4.978082899993751,-64
4.978424000000814,-35
4.97877139999764,0
4.979067499982193,96
4.97940009998274,13
4.9796907999843825,-70
4.980021499999566,-36
4.980267199978698,-13
4.980537600000389,-21
4.980804799997713,-16
4.981123499979731,38
4.981373799993889,-44
4.981653599999845,-13
4.981924399995478,14
4.982186199980788,-30
4.982519899989711,21
4.982791299989913,26
4.98305569999502,12
4.983313799981261,43
4.983632299990859,41
4.983921899984125,69
4.984196299978066,64
4.984499899990624,-19
4.984749099996407,-53
4.985004099988146,49
4.985270199977094,35
4.9855247999948915,24
4.985806599986972,7
4.986040099989623,79
4.986286300001666,39
4.986534499999834,4
4.986783699976513,4
4.9871535999991465,44
4.987392099981662,2
4.987654099997599,8
4.987890199990943,58
4.988140599976759,32
4.988390899990918,-15
4.988639999995939,13
4.9889449999900535,4
4.989173499983735,-3
4.989452399982838,-28
4.989719899982447,-13
4.989995499985525,-16
4.99025899998378,-25
4.990493499994045,-2
4.990746600000421,-30
4.990992199978791,-23
4.991245099983644,-23
4.991516199981561,-64
4.991765399987344,-5
4.992015700001502,-17
4.992265899985796,-77
4.9925164000014775,-2
4.992766899988055,29
4.993093999975827,-13
4.993473899987293,-127
4.994221299974015,27
4.99457739997888,38
4.994855400000233,1
4.99515179998707,14
4.995436899975175,-93
4.995696300000418,11
4.9960013999952935,-47
4.996268399991095,-57
4.996524999995017,-25
4.996766899974318,0
4.99701669998467,-9
4.997270199994091,-48
4.9975376999937,32
4.997792499983916,16
4.998053599993,18
4.998329699999886,28
4.998598999984097,29
4.9988699999812525,-5
4.9991205999976955,22
4.9993706999812275,83
4.9996412999753375,57
4.999901399976807,67
5.000144499994349,43
5.000394799979404,6
5.000644299987471,16
5.000916799996048,-15
5.001179999992019,-4
5.0014558999973815,-7
5.001728299976094,16
5.001999899977818,16
5.002269999997225,38
5.002519999979995,-26
5.002770899998723,-8
5.00301970000146,-18
5.003272399975685,-87
5.003541099984432,10
5.003812599985395,2
5.004145199985942,-32
5.004417099989951,-34
5.004680999991251,-15
5.004934399999911,-4
5.005290899978718,22
5.005553499999223,71
5.005853999988176,28
5.0061077999998815,0
5.006352500000503,70
5.0066236999991816,35
5.006898299994646,28
5.007165999995777,28
5.0074385999760125,61
5.007770899974275,-9
5.0080408999929205,5
5.008296399988467,6
5.0085589999798685,56
5.008853699982865,-17
5.009103199990932,-64
5.009352699998999,34
5.009612699999707,26
5.009968799975468,23
5.010388900001999,-96
5.010856899985811,30
5.01120819998323,86
5.011534799996298,1
5.011900599987712,-39
5.012164899992058,17
5.012493999995058,28
5.012743799976306,19
5.012996399978874,70
5.013243800000055,50
5.013530199998058,82
5.013761899987003,47
5.013986199977808,-5
5.014251299988246,-8
5.014496099989628,-65
5.014744399988558,-34
5.014994999975897,-30
5.0152444999839645,-48
5.015515699982643,20
5.015765499992995,-3
5.016015699977288,-31
5.016264299978502,64
5.016489199973876,27
5.016743699990911,43
5.016994199977489,-18
5.017245199996978,-31
5.017493899998954,-56
5.017744099983247,-23
5.017995299975155,-23
5.018243699974846,-57
5.018494899995858,28
5.018744899978628,20
5.018993799982127,96
5.01924439999857,76
5.01949439998134,-12
5.019765499979258,57
5.020024899975397,0
5.020269999979064,-12
5.020541999983834,-5
5.020792299997993,-12
5.021062999992864,-40
5.021327399997972,-60
5.02157279997482,-32
5.021900099993218,6
5.022139499982586,-15
5.022390899976017,-17
5.022641099989414,-32
5.022890399995958,-51
5.023140599980252,-32
5.023412399983499,-48
5.023662099993089,-27
5.02391209997586,13
5.024160999979358,-9
5.024411899998086,-15
5.024662499985425,40
5.0249118999927305,58
5.0251631999854,9
5.025411799986614,10
5.025665799999842,-29
5.025912999990396,-11
5.026162599999225,-53
5.0265481999958865,-56
5.026918599993223,3
5.027555799984839,-30
5.027884399984032,-22
5.028326499974355,-5
5.0286227999895345,-16
5.0288695999770425,-20
5.029122799984179,61
5.029371099983109,51
5.029641299974173,12
5.029893400002038,46
5.030137900001137,-24
5.030371299973922,-9
5.030621699988842,-49
5.030891999980668,-17
5.031148199981544,-11
5.031415999983437,-23
5.031682000000728,-31
5.032020099984948,42
5.032291399984388,26
5.032556299993303,33
5.0328098999743816,-24
5.033144499990158,19
5.033395399979781,1
5.033644399984041,47
5.033915499981958,6
5.034184099989943,43
5.034518799977377,39
5.034789999976056,32
5.0350594999908935,23
5.03539509998518,-44
5.035648799996125,-39
5.035917299974244,-129
5.036165699973935,14
5.036435099988012,42
5.036769199999981,-8
5.037020099989604,-42
5.037274799979059,-80
5.037519799981965,-8
5.037791599985212,-25
5.038063099986175,-18
5.038394899980631,-2
5.038645699998597,-55
5.038916599994991,-65
5.039185199973872,-99
5.039409299992258,-26
5.039660499984166,18
5.0399151999736205,-49
5.040207599988207,-31
5.040470399981132,-12
5.040714099974139,2
5.040964699990582,-3
5.04117669997504,10
5.041434899991145,32
5.041743099980522,34
5.042142299993429,8
5.04233959998237,-18
5.042598899977747,35
5.042869299999438,39
5.043211899988819,47
5.044339599990053,-41
5.044758799980627,-3
5.0450688999844715,9
5.045352699991781,64
5.045636800001375,23
5.045879199984483,20
5.04627089999849,5
5.046577599976445,-19
5.046879899979103,-53
5.047220099979313,43
5.047503999987384,13
5.0477393999753986,61
5.048050399986096,43
5.048330199992051,-7
5.048635199986165,22
5.048884099989664,16
5.049131699983263,-35
5.0493606999807525,44
5.049614399991697,-1
5.0498624999891035,55
5.050113299977966,41
5.050363499991363,10
5.050617299973965,22
5.0508891999779735,-10
5.051114499976393,3
5.051364499988267,-78
5.051616599987028,22
5.051867199974367,-30
5.052118299994618,-76
5.052388799987966,26
5.0526131999795325,17
5.052866499987431,47
5.05311709997477,72
5.0533670999866445,-10
5.053616299992427,33
5.053843699977733,-7
5.054091599973617,-55
5.054341399983969,-46
5.05459049998899,-72
5.054843299993081,10
5.055092099995818,-15
5.055341200000839,-52
5.055591499985894,31
5.055841199995484,-9
5.056090999976732,72
5.056340799987083,15
5.056590899999719,10
5.056842799996957,-11
5.057091499998933,-50
5.057342499989318,-21
5.0575905999867246,-80
5.05784159997711,4
5.058187299990095,-13
5.058473299985053,-19
5.05871699997806,-18
5.0589707999897655,-9
5.059221299976343,-85
5.0594693000020925,-61
5.059812799998326,-83
5.060169199976372,46
5.060528399975738,-61
5.060915699985344,-22
5.061301299982006,56
5.061643599998206,-71
5.061950199975399,24
5.0622360999986995,31
5.062524799985113,48
5.062829199974658,-15
5.063122999999905,23
5.06336819997523,35
5.063621399982367,-6
5.063888099975884,66
5.064162099995883,52
5.064429899997776,46
5.064773999998579,-26
5.065021899994463,-23
5.065294399973936,4
5.065556099987589,-17
5.065891499980353,4
5.066161900002044,0
5.06643829998211,-5
5.0667477999813855,43
5.0670159999863245,12
5.067293999978574,34
5.0675598999951035,46
5.067901099973824,-20
5.068168500001775,29
5.06841579999309,10
5.068705799989402,7
5.068976999988081,-26
5.069248699990567,-35
5.0695240999921225,-56
5.069791999994777,-36
5.0700560999976005,-69
5.070309099974111,22
5.07064530000207,-18
5.07112639999832,-33
5.071385699993698,-14
5.071611399995163,45
5.0718593999918085,14
5.0720896999991965,43
5.072300999978324,12
5.072534999984782,-28
5.0727655999944545,-20
5.073015399975702,-21
5.073265999992145,-90
5.0735150999971665,-16
5.073765799985267,9
5.0740020999801345,73
5.074335599987535,25
5.074628899979871,-87
5.074866599985398,13
5.07512009999482,-74
5.075370899983682,33
5.075619499984896,23
5.075842399994144,59
5.076071599993156,18
5.076506399986101,0
5.076785099983681,-122
5.07716309998068,-112
5.077570699999342,57
5.077967799996259,-52
5.078279599983944,20
5.078532299987273,-22
5.078767499973765,-8
5.0789904999837745,7
5.07924059999641,-8
5.079489800002193,9
5.079739399981918,-12
5.079982099996414,-69
5.080210799991619,33
5.080424199986737,64
5.080647499999031,21
5.080878499982646,-4
5.081106500001624,-64
5.08133619997534,-82
5.081548499991186,17
5.081773799989605,79
5.082109599985415,48
5.08234409999568,67
5.082590399979381,45
5.082840599992778,51
5.083091099979356,14
5.083340899989707,-4
5.083591499977047,-7
5.083840699982829,-34
5.0840910999977496,6
5.084340199973667,-47
5.084590499987826,10
5.084841299976688,-31
5.085091399989324,-37
5.085340199992061,53
5.085591199982446,27
5.08584049998899,78
5.086090999975568,36
5.0863401999813505,49
5.086590299993986,35
5.08684119998361,7
5.0871260999992955,-27
5.0873662999947555,-9
5.087616299977526,-15
5.087865799985593,-25
5.088138199993409,-31
5.088364499999443,-80
5.088619899994228,-13
5.088869400002295,-33
5.08911829997669,-58
5.0893694999977015,7
5.0896455999754835,-3
5.0898899999738205,1
5.090141900000162,47
5.090391299978364,22
5.0906620000023395,61
5.090914000000339,22
5.091182699979981,50
5.091418399999384,-15
5.09168129999307,-14
5.091933299991069,-42
5.092270199995255,45
5.092521799990209,0
5.092769599985331,-29
5.0932092999864835,-28
5.093560499983141,-45
5.094313399982639,13
5.094845399988117,12
5.095182999997633,28
5.095444699982181,2
5.095725899998797,5
5.095976199983852,-31
5.096246200002497,62
5.0965168999973685,48
5.096796199999517,38
5.097030699980678,19
5.097304800001439,21
5.097641999978805,-13
5.097912999975961,-20
5.098181499983184,-9
5.098516799975187,37
5.09879339998588,19
5.099055799975758,29
5.099392499978421,80
5.0996677999792155,100
5.099934699974256,71
5.100269799993839,24
5.100519100000383,25
5.10079109997605,0
5.101123699976597,-31
5.101380099978996,-74
5.101643799978774,15
5.101915299979737,7
5.102184999996098,1
5.102519699983532,-68
5.102791999990586,-15
5.103059499990195,7
5.103394699981436,4
5.1036653999763075,25
5.1039355999964755,13
5.104269999981625,-91
5.104544299974805,-67
5.104791699995985,9
5.105038199981209,-20
5.105310199985979,-3
5.105645199975697,-30
5.10589509998681,-92
5.106145199999446,-12
5.106407499988563,-33
5.106766999990214,-42
5.107044199976372,-49
5.10731439999654,-16
5.107624700001907,42
5.107895099994494,48
5.108165499987081,70
5.108451199979754,82
5.108775999979116,19
5.109052199986763,-103
5.109320099989418,-103
5.109845599974506,-28
5.1101518999785185,-59
5.110704999999143,-72
5.111107499978971,-21
5.111656299995957,-20
5.11276769998949,-76
5.113165799994022,32
5.113394999993034,-72
5.113705099996878,-73
5.113949999999022,0
5.114249599981122,0
5.114499999996042,-5
5.114749399974244,-30
5.1149985999800265,-21
5.115247799985809,-27
5.115520099992864,-95
5.1157859999802895,-96
5.116041699977359,7
5.116289600002347,-17
5.116540199989686,-71
5.1167908999777865,26
5.1170405999873765,13
5.117298600001959,-13
5.117537599988282,59
5.117813099990599,10
5.118068599986145,16
5.118373099976452,67
5.118623099988326,49
5.118872199993348,10
5.1191486999741755,46
5.119397799979197,52
5.119649399974151,28
5.119894699979341,12
5.120145900000352,-15
5.120395499980077,-31
5.1206661999749485,-44
5.120935799990548,-31
5.121269499999471,43
5.1215411000011954,27
5.12180459999945,27
5.122059499990428,10
5.122393999976339,30
5.122664900001837,19
5.122938699991209,2
5.123271399992518,-44
5.1235301999840885,-121
5.123826700000791,-21
5.124127999995835,-58
5.1243750999856275,-17
5.12462429999141,-25
5.124896399996942,-74
5.125192799983779,-90
5.125485399999889,-21
5.125773099978687,-15
5.12602529997821,-19
5.126272900000913,-18
5.126663099974394,-36
5.127031199983321,-55
5.127457999973558,-55
5.127786500001093,-95
5.128033799992409,-96
5.128313699999126,-98
5.128686799987918,-42
5.129003299982287,49
5.129314999998314,-25
5.129631599993445,0
5.129929499991704,-34
5.13026710000122,44
5.1305532999977,10
5.1308547999942675,47
5.131104799977038,35
5.131358399987221,26
5.131594299979042,56
5.131840499991085,16
5.132103599986294,-3
5.132562199985841,-51
5.1328080999956,-46
5.133151299989549,-34
5.133438399992883,12
5.13375609999639,27
5.133998099976452,65
5.134239699982572,70
5.1345321999979205,34
5.134759299980942,25
5.135008999990532,2
5.135239399998682,-12
5.135491399996681,-66
5.135731299989857,-15
5.1359601999865845,78
5.136172400001669,12
5.136403999989852,30
5.136630799999693,-3
5.1368612999795005,-4
5.137117099977331,-66
5.13739199997508,-18
5.1376376999833155,-42
5.137862499977928,34
5.138116499991156,-7
5.138368399988394,-10
5.138616799988085,72
5.138887399982195,43
5.1391130999836605,38
5.139366199990036,15
5.139616399974329,-6
5.139866299985442,-11
5.140154399996391,-72
5.140415899979416,30
5.140682799974456,-19
5.1410157999780495,18
5.1412663999944925,26
5.14151590000256,5
5.1417672999959905,-28
5.14201630000025,-12
5.1422650999738835,-57
5.1425365999748465,-114
5.142786899989005,-3
5.143150499992771,-13
5.143487499997718,-20
5.1438246999750845,-31
5.14419199997792,-74
5.144593799981521,49
5.144975799979875,-17
5.145277499977965,57
5.1455790999752935,30
5.1459898999892175,22
5.146332199976314,59
5.146607099974062,4
5.146949699992547,12
5.147235699987505,-17
5.147479699982796,-84
5.147733199992217,6
5.147978900000453,11
5.148211799998535,105
5.148481599986553,51
5.148736199975247,17
5.149026799976127,20
5.149326199985808,76
5.149630999978399,-5
5.14992229998461,14
5.1502362999890465,-76
5.150525799981551,-16
5.150828299985733,1
5.151207299990347,10
5.151532799995039,11
5.151801799976965,-16
5.15206500000204,-70
5.152376099984394,-35
5.1526297999953385,20
5.152875399973709,-48
5.153103099990403,-36
5.153353799978504,-99
5.153607099986402,26
5.1538530999969225,-21
5.154104499990353,87
5.154357399995206,42
5.154606500000227,18
5.154877900000429,-5
5.155151999992086,21
5.155516099999659,-18
5.1558584999875166,-27
5.156146900000749,-2
5.156397499988088,1
5.156677499995567,-18
5.156947699986631,-2
5.157262900000205,55
5.157546199974604,40
5.157825699978275,19
5.158128699986264,16
5.158420399995521,44
5.158671199984383,13
5.158919899986358,-4
5.1591748999780975,48
5.1594256999960635,59
5.159877199999755,7
5.160214899980929,4
5.160563599987654,-35
5.16101769998204,-10
5.161514999985229,-25
5.161862499982817,-101
5.162144499976421,-43
5.162394899991341,-98
5.162641699978849,-19
5.162896499998169,-40
5.163282499997877,-55
5.163624099979643,61
5.1639884999895,23
5.164359599992167,12
5.164641399984248,-1
5.164963799994439,34
5.165322199987713,16
5.165619999985211,-1
5.165865999995731,17
5.16611799999373,-25
5.166365999990376,18
5.166615399997681,-34
5.166865799983498,-12
5.1671171999769285,-84
5.167366699984996,10
5.167616899998393,16
5.16788729999098,-35
5.168111999984831,25
5.168366799975047,-9
5.1686152999754995,78
5.168840999976965,3
5.169090699986555,-27
5.169340899999952,5
5.169591999991098,-19
5.16984109999612,-77
5.17009109997889,-42
5.17034079998848,-43
5.170591699978104,27
5.170840599981602,6
5.171094399993308,-2
5.171342299989192,78
5.171593599981861,-26
5.171843399992213,19
5.1720914999896195,-8
5.172339999990072,-4
5.172592299990356,3
5.172851299983449,-3
5.173103099979926,-25
5.173371399985626,-46
5.173641799978213,-49
5.173898399982136,-37
5.174166699987836,-88
5.174436999979662,-62
5.17476870000246,-31
5.175047999975504,-37
5.175311099999817,-3
5.1756447999796364,40
5.1758953999960795,-12
5.176144899975043,33
5.176478399982443,-7
5.176824800000759,48
5.177177399978973,-55
5.177702499990119,-11
5.17803469998762,-11
5.178325199987739,25
5.1786352999915835,-76
5.17893979998189,-24
5.1792648999835365,-42
5.179700099979527,8
5.180030699993949,-5
5.180292999983067,-13
5.1805410999804735,3
5.180790099984733,-33
5.181057799985865,-7
5.18139230000088,11
5.181649099977221,30
5.181912100000773,48
5.182189099985408,32
5.182495199987898,46
5.182766499987338,33
5.183037999988301,41
5.183315499976743,33
5.183598999981768,47
5.183849199995166,49
5.184120499994606,20
5.184390899987193,22
5.184666499990271,9
5.1849172999791335,52
5.185180999978911,84
5.1854515000013635,78
5.1857489999965765,-16
5.186000299989246,52
5.18624889999046,32
5.186520299990661,18
5.186790899984771,5
5.187072599976091,6
5.187392799998634,-72
5.187667699996382,-71
5.187918699986767,30
5.188171399990097,11
5.188417099998333,-26
5.188682999985758,64
5.188936799997464,61
5.189259699982358,-30
5.189521699998295,2
5.189774699974805,44
5.190012699982617,61
5.190275200002361,24
5.190566199977184,-33
5.190939399995841,-1
5.191270799987251,-84
5.191540499974508,-14
5.191788099997211,-10
5.192041499976767,-1
5.192292299994733,-61
5.192534699977841,-49
5.193028299981961,-5
5.193367899977602,-55
5.19369009998627,-53
5.194069199991645,10
5.19453879998764,-97
5.194931299978634,-55
5.1954370999883395,55
5.195722899981774,20
5.1959657999977935,24
5.196213599992916,41
5.196464999986347,-33
5.196712899982231,-21
5.1969611999811605,-81
5.197211399994558,-9
5.197460199997295,-38
5.197710599983111,-73
5.19796089999727,15
5.19821019997471,-16
5.198460499988869,93
5.198710999975447,59
5.1989632999757305,17
5.199213699990651,40
5.199463899974944,-19
5.19971329998225,-2
5.199967699998524,-73
5.200212899973849,-28
5.2004631999880075,-60
5.200712099991506,-89
5.200968899996951,22
5.201212599989958,-21
5.201462899975013,84
5.201716499985196,76
5.202009299973724,67
5.202235899982043,11
5.202488099981565,25
5.202738299994962,18
5.2029888999823015,34
5.203237599984277,36
5.203487999999197,-26
5.203737999981968,-69
5.203987999993842,-76
5.2042434999893885,5
5.20449329999974,-38
5.204762799985474,-65
5.204988099983893,10
5.205241499992553,-10
5.205492099979892,54
5.205740899982629,35
5.205991700000595,9
5.206263399973977,45
5.206488800002262,-36
5.206742199981818,-48
5.206991299986839,-81
5.207241600000998,-25
5.207492899993667,-45
5.2077621999778785,-94
5.207987999980105,9
5.208246700000018,-25
5.208497299987357,39
5.208743900002446,18
5.208993299980648,19
5.209338599990588,41
5.209617299988167,-66
5.210113799985265,-70
5.210561599989887,-35
5.211064899980556,-42
5.211475999996765,15
5.211726899986388,-28
5.211967799987178,-21
5.212254499987466,-65
5.2125393000023905,-2
5.212804199982202,-23
5.213117199979024,0
5.213364199997159,-21
5.213613599975361,-34
5.213862999982666,-20
5.214113499998348,-64
5.214363899984164,-16
5.214635199983604,-48
5.214862900000298,37
5.215115400002105,37
5.215365099982591,5
5.215614199987613,58
5.215866099984851,57
5.2161304999899585,1
5.216375599993626,1
5.21661309999763,-3
5.216860799991991,-10
5.217089699988719,-26
5.217348699981812,-83
5.217661299975589,43
5.217886099999305,-72
5.218104499974288,13
5.218352500000037,89
5.218588699994143,30
5.218837799999164,54
5.219088299985742,23
5.219398899993394,25
5.219624299992574,40
5.219899999996414,21
5.220133299997542,2
5.220360499981325,-37
5.220635999983642,-45
5.220933499978855,-23
5.2212149999977555,3
5.221463299996685,-20
5.221712999977171,-25
5.2219668999896385,-9
5.2222154999908525,-36
5.222466499981238,-90
5.2227163999923505,8
5.222965900000418,-5
5.223217499995371,-65
5.223466299998108,-29
5.223728599987226,-25
5.223966299992753,56
5.224217299983138,37
5.224466699990444,-13
5.224718899989966,26
5.2249714999925345,-15
5.225220099993749,-42
5.225468999997247,-96
5.225717399996938,-38
5.225966999976663,-43
5.22621649998473,-83
5.226586099975975,-8
5.226928099989891,-8
5.227571099996567,0
5.227840599982301,18
5.228269699990051,-34
5.2285256999894045,-14
5.228802999976324,-51
5.229067999986,19
5.229397699993569,-66
5.229645999992499,-2
5.229890399990836,-18
5.230164099979447,-7
5.230429099989124,-30
5.230765699991025,-13
5.2310471999808215,3
5.231279599975096,-62
5.231550700002117,-17
5.231895999982953,49
5.232142399996519,-6
5.23239819999435,30
5.232676099985838,70
5.232929099991452,-8
5.23326709997491,54
5.233538599975873,44
5.2337996999849565,29
5.234078699984821,59
5.234349999984261,28
5.2346293999871705,27
5.234870699991006,28
5.235124200000428,81
5.235395800002152,62
5.235666399996262,54
5.235940899990965,99
5.23624899997958,-6
5.2365252999879885,-10
5.2367687999794725,69
5.237020299973665,77
5.237271499994677,2
5.237521099974401,34
5.237792300002184,3
5.238063199998578,8
5.238396299973829,42
5.238666299992474,39
5.238922699994873,-6
5.239173899986781,61
5.239436899981229,38
5.239770199987106,9
5.240029599983245,-25
5.240321999997832,-4
5.240627599996515,-38
5.240880099998321,-90
5.2411255999759305,5
5.241402099985862,-4
5.241683999978704,-9
5.242001199978404,-16
5.242254199984018,-102
5.24250100000063,-41
5.242771399993217,-22
5.243153199990047,-43
5.24351659999229,12
5.244005999993533,-55
5.244357599993236,-104
5.244798399973661,-5
5.245049799996195,50
5.245403999986593,-52
5.245662799978163,-53
5.245918899978278,-11
5.246178399975179,-84
5.246448699996108,-33
5.246752799983369,-20
5.2469943999894895,-2
5.247246099985205,-56
5.247494699986419,-4
5.247744399996009,-10
5.247990399977425,6
5.248345899977721,17
5.248597500001779,-7
5.248895700002322,0
5.24914319999516,-49
5.249414299993077,-21
5.249685599992517,1
5.250022199994419,22
5.250254899990978,27
5.250492799998028,-9
5.250753000000259,-13
5.2509928999934345,-68
5.251247599982889,-27
5.251516399992397,-2
5.25176559999818,-61
5.252016699989326,44
5.252267499978188,37
5.252516199980164,27
5.252766199992038,62
5.253036599984625,52
5.253289999993285,15
5.2535370999830775,36
5.253790299990214,5
5.254037899983814,-31
5.254287599993404,-31
5.254537200002233,-73
5.254808600002434,-25
5.255139599990798,-33
5.255383899988374,-30
5.255643599986797,-33
5.2558917999849655,9
5.256141299993033,-8
5.256390599999577,-68
5.256666499975836,-17
5.256938899983652,-19
5.257270999980392,-7
5.257542499981355,-33
5.257805399975041,-12
5.258051899989368,9
5.258293299993966,-13
5.2585556999838445,-35
5.258807899983367,-64
5.259125099983066,-63
5.259400099981576,-36
5.2597661999752745,-5
5.260150199988857,37
5.2604658999771345,-60
5.260840999981156,70
5.261315299983835,-44
5.261642199999187,54
5.26202279998688,-102
5.26230149998446,-25
5.262577699992107,31
5.262873999978183,-1
5.263142899988452,-18
5.263413099979516,5
5.2636911000008695,21
5.263995499990415,16
5.264267699996708,54
5.264537599985488,40
5.26481139997486,51
5.265123799996218,23
5.265373699978227,-37
5.26564449997386,27
5.2659161999763455,37
5.266189799993299,56
5.2664785999804735,-86
5.266729499999201,36
5.266979599982733,3
5.267231599980732,0
5.26747809999506,99
5.267769300000509,41
5.268021299998509,69
5.268293100001756,49
5.268557099974714,65
5.268809200002579,50
5.269147099985275,-84
5.269388099986827,58
5.269624599983217,24
5.269895599980373,82
5.270167799986666,84
5.2704100999981165,40
5.270676099986304,18
5.270962099981261,-28
5.271278999978676,44
5.271560199995292,96
5.271846099989489,23
5.2721613999747206,-15
5.272423299989896,-65
5.272662999981549,40
5.27291349999723,-8
5.273165099992184,-85
5.273433599999407,12
5.2737544999981765,0
5.273991499998374,-66
5.274235499993665,38
5.274470399977872,6
5.274720499990508,31
5.274969499994768,8
5.275220099982107,2
5.275470199994743,-56
5.275723200000357,-40
5.275968899979489,-91
5.276218799990602,-22
5.276576899981592,-73
5.277713099989342,-10
5.278173300001072,-34
5.278559400001541,28
5.278818199993111,-29
5.279090299998643,-41
5.279431799979648,55
5.279735599993728,47
5.280015899974387,34
5.280266899993876,20
5.280509999982314,-22
5.280735199979972,52
5.280988399987109,22
5.281239399977494,10
5.281497399992077,-4
5.281759799981955,24
5.281984899978852,-43
5.282237699982943,-54
5.282492500002263,-43
5.282737499976065,-71
5.2829893000016455,32
5.283238999982132,-12
5.283488699991722,61
5.28373830000055,42
5.283998300001258,4
5.284313499985728,53
5.2845596999977715,47
5.284870899980888,-39
5.2851418999780435,59
5.285412299999734,66
5.2856806999770924,36
5.28601609999896,-22
5.286288699979195,-20
5.286544299975503,-10
5.286806599993724,-20
5.2871450999809895,36
5.28741339998669,31
5.2876883999852,16
5.287999199994374,51
5.288248500000918,21
5.288499399990542,4
5.288768300000811,51
5.289039900002535,-2
5.289309299987508,34
5.289646399993217,31
5.289916799985804,4
5.290180599986343,-7
5.290433299989672,4
5.290770199993858,-95
5.2910408999887295,-86
5.291316399991047,-106
5.2916243999789,-29
5.291922499978682,-40
5.292207699996652,-23
5.292500699986704,-30
5.292754900001455,13
5.293076799978735,-40
5.2934583999740425,-18
5.293864399980521,-61
5.2943396999908146,61
5.294691799994325,6
5.294993299990892,-25
5.295291399990674,-4
5.295577599987155,12
5.2958866999833845,-8
5.296168200002285,-10
5.296400299994275,-21
5.296653299999889,-76
5.296991599985631,-95
5.297262299980503,62
5.297486299998127,4
5.297732199978782,-77
5.297993399988627,-69
5.298262399999658,-38
5.298486399988178,-50
5.298741099977633,24
5.2989917999948375,-14
5.299216299987165,34
5.299452499981271,56
5.299708499980625,51
5.29993629999808,-3
5.300241299992194,31
5.300491699978011,17
5.300742399995215,41
5.301008199981879,-17
5.301232300000265,-34
5.301457900000969,-18
5.301685699989321,55
5.301991599990288,-10
5.302241199999116,-47
5.3024910999811254,-35
5.302740899991477,-35
5.302991599979578,83
5.3032414999906905,42
5.303491099999519,7
5.303740699979244,12
5.304011799977161,-12
5.304259600001387,-27
5.3044874999905005,-79
5.304742299980717,-16
5.304991299984977,-36
5.305241099995328,-65
5.305512199993245,7
5.305737399990903,-1
5.305991599976551,65
5.306241299986141,25
5.306491099996492,-5
5.306748699978925,-1
5.307035699981498,-3
5.307292399986181,58
5.3075281999772415,10
5.307766399986576,-37
5.308023499994306,-23
5.30828019999899,-23
5.308509499998763,-6
5.3087371999863535,-50
5.308992199978093,31
5.309241599985398,21
5.309491499996511,-4
5.309890999982599,56
5.310211699979845,-57
5.310583599988604,-26
5.3109197999874596,105
5.311241199990036,-30
5.311523299984401,-18
5.311775999987731,-13
5.312045300001046,8
5.3122880999871995,-62
5.312541599996621,-10
5.312788599985652,-9
5.313031899975613,-64
5.313257799978601,-59
5.313484999991488,45
5.31375439997646,0
5.313985899992986,52
5.314237999991747,20
5.314508099982049,30
5.31474089997937,-24
5.314988400001312,-11
5.315238499984844,-18
5.315487699990626,-93
5.315738099976443,-31
5.315991099982057,-77
5.316240799991647,26
5.316491799982032,16
5.31674069998553,-9
5.316990799998166,66
5.317262199998368,53
5.317486899992218,62
5.317741199978627,-2
5.31799109998974,-15
5.318244699999923,-4
5.318516899977112,-67
5.318787600001087,-50
5.319055699976161,-42
5.319391700002598,30
5.3196624999982305,41
5.3199295999947935,23
5.320267699979013,4
5.320540299988352,3
5.3208090999978594,-9
5.3212297999998555,-37
5.321529999986524,46
5.321753700001864,24
5.321992899989709,-25
5.322257599997101,10
5.322498800000176,-32
5.322732599976007,-51
5.3229872999945655,-44
5.323218599980464,38
5.323467399983201,-23
5.323717099992791,-27
5.323965799994767,67
5.324216599983629,24
5.324463899974944,38
5.324687199987238,-45
5.324991199973738,21
5.325217099976726,-31
5.325466199981747,-54
5.3257163999951445,-29
5.325964699994074,-77
5.326217399997404,4
5.326476299989736,38
5.326770499988925,-51
5.3270725999900606,-28
5.327477499988163,-37
5.327803599997424,22
5.3282352999958675,-16
5.32859659998212,-44
5.328896499995608,-34
5.329131399979815,-42
5.329360999981873,35
5.32961419998901,-19
5.329863599996315,-63
5.330134899995755,31
5.3303596999903675,-4
5.330613400001312,57
5.330863099981798,41
5.331113199994434,23
5.331363899982534,50
5.331634000001941,14
5.331860099977348,6
5.332113699987531,-62
5.3323661999893375,-6
5.3326171999797225,-26
5.332865699980175,-85
5.3331374999834225,3
5.333362199977273,-40
5.333615999988979,61
5.333865299995523,26
5.3341205999895465,49
5.334366199997021,68
5.334636299987324,54
5.33486209998955,37
5.335115800000494,-8
5.335367099993164,7
5.335617099975934,-21
5.335866899986286,-41
5.3361160999920685,-31
5.336371699988376,-49
5.336616199987475,29
5.336866600002395,18
5.33711689998745,20
5.337387999985367,94
5.337621099984972,-9
5.337892599985935,1
5.33817169998656,6
5.33848889998626,10
5.338745799992466,35
5.339000599982683,11
5.339248299977044,21
5.339501199981896,32
5.339771599974483,7
5.340043999982299,11
5.3402866999967955,-19
5.340565599995898,-10
5.340878299990436,48
5.341128999978537,16
5.341378499986604,-11
5.3416278999939095,-28
5.341889099974651,-23
5.342142199981026,-34
5.342416200001026,-35
5.342677199980244,-17
5.343063599982997,17
5.34342999997898,18
5.344348799990257,-45
5.344801200000802,-90
5.3450760999985505,56
5.3454440999776125,47
5.3457360999891534,-27
5.34596700000111,-24
5.346219300001394,-84
5.34646459997748,26
5.346714599989355,24
5.346987700002501,-16
5.347263199975714,-41
5.347533099993598,-33
5.347807999991346,-42
5.348138699977426,-67
5.348408299993025,-37
5.348677899979521,-69
5.349012999999104,15
5.34928769999533,13
5.349562899995362,48
5.349839199974667,37
5.350106400001096,68
5.35033599997405,43
5.350560899998527,-12
5.350860599981388,5
5.351131899980828,-21
5.351377199986018,-2
5.351600399997551,-53
5.351835499983281,19
5.352127099991776,111
5.352360099990619,-12
5.352610499976436,75
5.352865199994994,-5
5.353112399985548,38
5.353401899978053,37
5.353652899997542,20
5.353882299998077,-15
5.35410949998186,-40
5.354357799980789,-80
5.354617499979213,-79
5.35486559997662,3
5.355130299984012,-7
5.355355399980908,12
5.355589899991173,20
5.355809299973771,0
5.356111100001726,67
5.356365599989658,35
5.356610199989518,20
5.356885599991074,-2
5.357110999990255,-15
5.357364600000437,-36
5.357614199980162,-71
5.357864599995082,-32
5.35814919997938,-39
5.358385499974247,-53
5.358608899987303,11
5.358863199973712,-26
5.35911279998254,48
5.359364199975971,46
5.359847599989735,13
5.360157499992056,3
5.360677899996517,68
5.360982699989108,28
5.3612832999788225,14
5.361684399977094,-6
5.362020499975188,-8
5.362305499991635,-78
5.362607899995055,-33
5.362889899988659,-11
5.363143599999603,-17
5.363396799977636,-28
5.363670699996874,-82
5.363928299979307,-84
5.364266799995676,-31
5.364535000000615,-9
5.364810300001409,6
5.36511809998774,12
5.365370999992592,69
5.365617899980862,-1
5.365890399989439,-7
5.366162699996494,-11
5.366431499976898,-14
5.366770299995551,-6
5.3670381999982055,4
5.3672944999998435,7
5.367557899997337,61
5.367892499984009,26
5.368162400001893,54
5.368431799986865,25
5.368770200002473,-36
5.369048399996245,10
5.36930819999543,-30
5.369646099978127,11
5.369893199997023,7
5.370164699997986,-16
5.370416799996747,4
5.370668699993985,-11
5.370921399997314,-80
5.371167499979492,-22
5.371425699995598,-30
5.3717294999805745,-16
5.371979099989403,-34
5.372228099993663,-40
5.372499699995387,-73
5.372771299997112,-100
5.373041699989699,-61
5.373313999996753,-92
5.373645399988163,-92
5.37391579998075,-60
5.3741813999949954,-74
5.3744344000006095,-12
5.374770299997181,1
5.375020599982236,-13
5.375270899996394,-58
5.375542199995834,-18
5.375812999991467,-38
5.376145499991253,0
5.376467699999921,-3
5.376807599997846,-49
5.377302099979715,-37
5.37762779998593,-73
5.378139799984638,-43
5.378496299992548,35
5.378753500001039,4
5.379042599990498,28
5.3792898999818135,22
5.379557099979138,17
5.379896599974018,-71
5.380144999973709,25
5.380417299980763,15
5.380682099988917,19
5.3809532999875955,0
5.381200299976626,-41
5.381449599983171,16
5.381733999995049,-7
5.381969299982302,44
5.382210199983092,25
5.38246719999006,-17
5.3827175999758765,-22
5.382969799975399,-30
5.383221099997172,-61
5.383469499996863,-3
5.383718899975065,-36
5.383970599999884,33
5.3842403999879025,6
5.384493699995801,34
5.384766799979843,-25
5.385016199987149,-13
5.3852659999975,89
5.385515199974179,50
5.385776599985547,5
5.386061799974414,61
5.386324699997203,58
5.3866078999999445,16
5.386838699982036,47
5.387065899994923,-10
5.3873663999838755,50
5.387621699977899,-4
5.387875399988843,-1
5.3881200999894645,-1
5.38839039998129,-27
5.3886607000022195,-15
5.3889116999926046,-31
5.389161499973852,-68
5.389410899981158,-30
5.389662000001408,-9
5.38991209998494,-89
5.390180799993686,-34
5.390493099985179,-46
5.390765399992233,-2
5.391015599976527,-103
5.391264699981548,-25
5.391515299997991,-19
5.391764599975431,-76
5.392015099991113,23
5.3922853999829385,14
5.392512799997348,73
5.392743199976394,4
5.39308449998498,27
5.394385599996895,-71
5.394656899996335,-44
5.395123299997067,-50
5.395442799985176,-73
5.395691899990197,-86
5.396001699991757,-40
5.396245599986287,-23
5.396497099980479,-78
5.396752999979071,-25
5.397007899999153,-27
5.397239899990382,13
5.397491699986858,-7
5.397742599976482,-18
5.397992099984549,55
5.3982416999933776,39
5.39851179998368,17
5.398739799973555,20
5.39899119999609,-8
5.3992423999879975,1
5.399495699995896,-47
5.399742499983404,-37
5.400012699974468,0
5.4002386999782175,19
5.400491899985354,-18
5.400740999990376,-42
5.401008799992269,41
5.401264899992384,-14
5.401536899997154,42
5.4018077999935485,16
5.402142899984028,-38
5.402398399979575,-31
5.402663399989251,-84
5.402931899996474,-69
5.4032723999989685,-14
5.403541799983941,-9
5.403785699978471,-19
5.4040383999818005,-48
5.404310099984286,-96
5.404625199997099,-37
5.404878899978939,-8
5.405144499993185,-50
5.405416299996432,-25
5.405690099985804,-10
5.406001999974251,-6
5.406250499974703,-23
5.406504999991739,-35
5.406760899990331,-103
5.407022200000938,-108
5.407276399986586,-18
5.40752129998873,-88
5.4077915999805555,-66
5.408043899980839,19
5.40829529997427,-8
5.408555699978024,-11
5.408811000001151,66
5.409146499994677,-4
5.409416899987264,-12
5.409746699995594,-26
5.410024399985559,-40
5.410386399977142,-55
5.410958099993877,10
5.41152989998227,-81
5.411833199992543,-7
5.412113200000022,50
5.412400699977297,-1
5.412680099980207,17
5.412998599989805,52
5.413270599994576,41
5.413505899981828,48
5.413821699999971,65
5.414088899997296,-75
5.41435029997956,22
5.414590999978827,7
5.414852899994003,13
5.41510169999674,81
5.4153420999937225,40
5.415586399991298,34
5.415799099981086,-30
5.416024399979506,-42
5.416269399982411,5
5.416533699986758,-3
5.416808299982222,-15
5.417107499990379,-7
5.417387800000142,-71
5.417644200002542,-69
5.417887599993264,2
5.418114300002344,-40
5.418367299978854,80
5.41863459997694,33
5.418862199992873,83
5.4191179999907035,39
5.419366999994963,-6
5.419617199979257,25
5.419866899988847,5
5.420137499982957,-7
5.420364599995082,-101
5.420616599993082,-26
5.4208670999796595,-29
5.42111819999991,-72
5.421366800001124,1
5.421638100000564,-9
5.421862899995176,56
5.422117199981585,35
5.422366199985845,0
5.42261719997623,39
5.422870499984128,27
5.423137799982214,-6
5.423364799993578,-39
5.423617199994624,-26
5.423866999975871,-4
5.424125599995023,-61
5.424392699991586,-25
5.424663199984934,-44
5.424933099973714,-33
5.425267199985683,-23
5.425526099978015,-18
5.42576869999175,-50
5.426042099978076,-52
5.426546999980928,-17
5.426941299985629,-18
5.427659599983599,-63
5.427970499993535,-20
5.428312199976062,27
5.428599099977873,-13
5.428884499997366,-6
5.42916509998031,13
5.429431799973827,6
5.429736899997806,10
5.4300165999738965,37
5.430287999974098,36
5.430555400002049,59
5.430891999974847,-12
5.431194199976744,-16
5.431481899984647,-78
5.431730099982815,4
5.4319818999792915,-3
5.432246099982876,-63
5.4325171999807935,-60
5.432795000000624,-56
5.433054299996002,-88
5.433370599988848,-65
5.4336419999890495,-13
5.433913199987728,-5
5.4341697999916505,-22
5.434440999990329,-36
5.434749799984274,8
5.435021999990568,3
5.435375799977919,91
5.435629199986579,64
5.43587459999253,30
5.436128899978939,22
5.436379099992337,35
5.436648499977309,-8
5.4369160999776796,-3
5.437181799992686,0
5.437427199998638,8
5.437712499988265,-30
5.43799899998703,-3
5.438274899992393,0
5.438513599976432,-38
5.438735599978827,-45
5.439032299997052,-20
5.4392903999832924,-31
5.439537999976892,-69
5.439788299991051,-8
5.440037399996072,-38
5.440314399980707,-32
5.440619899978628,-65
5.440869999991264,-43
5.441119499999331,-30
5.441403599979822,-57
5.441652999987127,8
5.441946599981748,-4
5.442245599988382,-44
5.442494799994165,-61
5.442757399985567,-92
5.443193599989172,19
5.443605499982368,-8
5.4440991999872494,30
5.444622499984689,-19
5.44517699998687,-25
5.445456599991303,2
5.445746399986092,-12
5.445990499982145,7
5.446243499987759,69
5.44649329999811,53
5.446740299987141,12
5.4469906000013,-29
5.447239999979502,-13
5.447489399986807,-17
5.447736999980407,-94
5.447990099986782,-45
5.448261299985461,-11
5.448486499983119,64
5.448750899988227,17
5.448989399999846,-17
5.449240199988708,93
5.449489499995252,51
5.4497643999930006,-8
5.449988799984567,11
5.450244399980875,-12
5.450492499978282,5
5.45074279999244,-20
5.450993799982825,-17
5.451264399976935,-36
5.451489999977639,49
5.451751099986723,6
5.45199989998946,-44
5.452246999979252,68
5.4525161999918055,61
5.4527734000002965,15
5.4530428999860305,4
5.453350700001465,36
5.453659699996933,55
5.453953899996122,-20
5.454246999986935,-59
5.4545171999779996,-38
5.4547950999985915,-35
5.455062499997439,-49
5.455374399985885,17
5.455623799993191,37
5.4558780999796,-12
5.456145399977686,-11
5.456416399974842,-13
5.456679999973858,-23
5.456934799993178,-15
5.45727239997359,67
5.457519699994009,31
5.4577922000025865,43
5.458034099981887,10
5.458306499989703,-21
5.458558899990749,-30
5.458874699979788,31
5.459149499976775,-3
5.45941579999635,-10
5.459745499974815,-16
5.460101299977396,-55
5.460428199992748,-25
5.461045599979116,12
5.461397899984149,-18
5.461723099986557,2
5.4622194999828935,10
5.462611099996138,77
5.462895699980436,-71
5.463164199987659,-72
5.463424799992936,-2
5.463718799990602,-9
5.464012199983699,-6
5.4643057999783196,-2
5.464633899973705,1
5.464856899983715,56
5.465092300000833,4
5.465357899985975,-34
5.465614299988374,13
5.465996899991296,-43
5.4662268999964,75
5.466464400000405,12
5.4667179999814834,40
5.466963799990481,-19
5.46721439997782,-11
5.46746479999274,-52
5.467761299980339,-14
5.467983899987303,-2
5.468271599995205,-44
5.468506299977889,-33
5.468734399997629,39
5.468988499982515,18
5.46923849999439,-30
5.469509199989261,69
5.469737899984466,36
5.4699916999961715,43
5.470241199975135,16
5.470491099986248,-10
5.470741600001929,18
5.470987499982584,-18
5.471241899998859,-55
5.4714919999823906,-70
5.47174099998665,-8
5.471991099999286,-27
5.472240899980534,-70
5.472512399981497,5
5.472747399995569,-12
5.472994899988407,57
5.473241599975154,44
5.473490499978652,-33
5.473741199995857,51
5.474017499975162,17
5.474262199975783,7
5.474487200001022,-45
5.474741499987431,-16
5.474991299997782,-32
5.475240499974461,-90
5.475491099990904,-5
5.475741000002017,-67
5.475991099985549,41
5.476278199988883,13
5.476534099987475,-13
5.476865299977362,-8
5.477182199974777,-17
5.47760269997525,38
5.477865399996517,53
5.478229599975748,42
5.478516399976797,-76
5.478811999986647,-58
5.47910279998905,25
5.479393599991454,-3
5.479647799977101,30
5.479886199987959,6
5.48011229999247,2
5.480367199983448,-43
5.480638699984411,-5
5.480863799981307,-50
5.48111669998616,26
5.481366499996511,14
5.481623899977421,-30
5.481865699985065,63
5.482137299986789,42
5.482362999988254,70
5.48261609999463,47
5.482866199978162,1
5.483117700001458,26
5.483366100001149,0
5.4836383999791,-27
5.483863199973712,-76
5.484116899984656,-8
5.484366399992723,-29
5.484616499976255,-69
5.4848662999866065,50
5.485118999989936,6
5.485365899978206,80
5.48561589999008,56
5.485866099974373,44
5.486116099986248,26
5.486386399978073,35
5.486613299988676,-12
5.486870099994121,-60
5.487119299999904,-32
5.48740679997718,-35
5.487645599991083,-28
5.4879162999859545,-88
5.488184099987848,-65
5.488498199993046,-41
5.488768999988679,-18
5.48904039998888,-17
5.489308999996865,-26
5.489645099994959,35
5.489915699989069,-3
5.490185599977849,-2
5.490520199993625,-64
5.4907901999831665,-55
5.491034699982265,39
5.491307799995411,34
5.491623699985212,-7
5.4918782000022475,-15
5.492143599985866,80
5.492417000001296,26
5.492688199999975,51
5.493079199979547,-23
5.4933912999986205,-36
5.493989299982786,50
5.494363899983,-84
5.494658099982189,-26
5.4948926999932155,-31
5.495172299997648,-28
5.495503899990581,-44
5.495810299995355,19
5.4960575999866705,-4
5.496358799980953,27
5.4966115999850444,14
5.496861499996157,-26
5.497132099990267,63
5.497357099986402,-10
5.497611799975857,66
5.497855499997968,29
5.498078999982681,-57
5.498306699999375,-14
5.498608099995181,-4
5.4988333999936,-78
5.499085299990838,31
5.499334899999667,17
5.499584299977869,75
5.4998354999988806,46
5.50009049999062,36
5.500340899976436,61
5.500590399984503,-37
5.500841399974888,10
5.50109119998524,-36
5.501340999995591,-1
5.50159159998293,0
5.501864799996838,-23
5.502120199991623,-97
5.502369299996644,-9
5.502619399980176,-10
5.502891299984185,-64
5.503140899993014,42
5.5033867999736685,20
5.503615499997977,122
5.503869699983625,49
5.5041188999894075,17
5.504369399975985,14
5.504619499988621,-25
5.504869799973676,-23
5.505094099993585,-13
5.505345399986254,-71
5.505595399998128,7
5.505845099978615,6
5.506101999984821,-12
5.50635529999272,58
5.506603699992411,53
5.506858399981866,13
5.507123899995349,45
5.50739759998396,38
5.507649299979676,27
5.507916099973954,16
5.508185299986508,21
5.508520399976987,23
5.508770099986577,6
5.509028000000399,65
5.509300699981395,59
5.509611999994377,44
5.509904999984428,70
5.510255399974994,-67
5.5105857999878936,9
5.511001499980921,-62
5.511377999995602,27
5.511713699990651,10
5.511991899984423,34
5.512272599997232,-32
5.512543299992103,-63
5.512798299983842,41
5.5130475999903865,17
5.513307399989571,41
5.51364239997929,-35
5.513912599999458,-41
5.51418199998443,-28
5.51452430000063,39
5.514771499991184,-14
5.5150517000001855,34
5.515310899994802,21
5.515625599975465,-1
5.515878799982602,55
5.516144499997608,26
5.516416599974036,-10
5.5166850999812596,21
5.517019699997036,19
5.517291600001045,35
5.517553999990923,23
5.517810299992561,14
5.5181452999822795,-67
5.51841729998705,-69
5.518652899976587,32
5.518886799982283,-7
5.519166199985193,53
5.519430699991062,56
5.519685799983563,73
5.520021499978611,-21
5.52029779998702,-48
5.520543499995256,-36
5.520797799981665,48
5.521052099997178,8
5.521310299984179,9
5.521631799987517,-76
5.5218951999850105,-66
5.522167199989781,6
5.522431099991081,-1
5.522680900001433,1
5.522941999981413,-13
5.5232506999745965,-7
5.523499299975811,-49
5.523753799992846,-55
5.523998799995752,33
5.524252799979877,21
5.524520799983293,-1
5.524792699987302,-12
5.525057699996978,-1
5.525310899975011,78
5.525657999998657,7
5.525933600001736,-80
5.526284299994586,-15
5.526574699993944,-48
5.526912199973594,-22
5.5273734999937005,3
5.527849199977936,25
5.528146099997684,53
5.528433799976483,70
5.528716999979224,21
5.528984799981117,-7
5.5292752999812365,25
5.52955330000259,13
5.529794299975038,-42
5.530034499999601,57
5.530266699992353,42
5.530648899992229,-19
5.530886199994711,6
5.531110299983993,34
5.5313388999784365,41
5.531557799986331,-3
5.531876099994406,29
5.532117800001288,7
5.532373099995311,11
5.532606199994916,-50
5.5328627999988385,-22
5.533098099986091,17
5.533341099973768,0
5.533591899991734,52
5.5338405999937095,45
5.534090299974196,26
5.534340599988354,65
5.534590299997944,48
5.534841699991375,18
5.535090999997919,-7
5.535341299982974,-2
5.535590799991041,-12
5.535841099976096,-23
5.536093599977903,-22
5.536439199990127,-69
5.5367121000017505,-25
5.536923599982401,6
5.5371503999922425,-34
5.5373870999901555,21
5.537646299984772,-40
5.537888399994699,60
5.538116499985335,2
5.538383899984183,66
5.5385941999848,20
5.538828599994304,-24
5.539094599982491,-38
5.539343999989796,-5
5.53959419997409,-18
5.539843999984441,-12
5.540095199976349,-102
5.540344399982132,11
5.540593999990961,17
5.540844699979061,-13
5.541094399988651,54
5.541344799974468,-19
5.541594099981012,31
5.541844199993648,8
5.542094399977941,-28
5.542343699984485,-27
5.542615199985448,-29
5.542873799975496,-38
5.5431846999854315,-37
5.544401999999536,8
5.545049899985315,-43
5.5453952999960165,-85
5.545681599993259,-15
5.5459362999827135,25
5.546200699987821,-23
5.546504300000379,-13
5.546740099991439,29
5.546991699986393,-5
5.547242999979062,4
5.5474907999741845,-57
5.547741499991389,0
5.5479913000017405,-21
5.548240699979942,-57
5.5484910999948625,33
5.548762299993541,8
5.548987799993483,60
5.549241999979131,53
5.549490899982629,51
5.549740699992981,19
5.549991099978797,9
5.550262099975953,-1
5.550487399974372,-79
5.550740299979225,-17
5.550990999996429,-35
5.551240599976154,-78
5.551490499987267,29
5.551761499984423,17
5.551988099992741,100
5.552251699991757,69
5.5524934999994,12
5.55274179999833,62
5.55299109997577,22
5.553263199981302,4
5.553488099976676,5
5.553742999996757,-21
5.5539919000002556,-18
5.55424219998531,-59
5.554491499991855,-26
5.554740999999922,-68
5.554991099983454,16
5.555241299996851,35
5.555490999977337,-4
5.555744199984474,48
5.5560115999833215,48
5.556237799988594,29
5.556492199975764,-39
5.556741999986116,-56
5.556995399994776,-58
5.55724399999599,-74
5.55751600000076,-35
5.557765499979723,-40
5.558032399974763,32
5.558303799974965,-88
5.5585674999747425,-101
5.558866899984423,-23
5.559134099981748,-58
5.559392299997853,-53
5.559790400002385,-101
5.560109299985925,12
5.560369599988917,-14
5.560659599985229,48
5.5609891999920364,11
5.5613523999927565,-35
5.561741299985442,-15
5.5620004999800585,-24
5.562374200002523,53
5.562762299989117,42
5.563079299987294,6
5.563457999989623,9
5.563737699994817,4
5.563992899988079,-5
5.564249999995809,36
5.564519899984589,-16
5.564770099997986,1
5.565003399999114,-2
5.5652377999795135,18
5.565488499996718,-24
5.565741400001571,-94
5.565990299975965,15
5.566241099993931,0
5.56651159998728,-29
5.566736699984176,44
5.566991699975915,14
5.567240799980937,47
5.567490899993572,30
5.567740999977104,24
5.568010499991942,-13
5.568238299980294,3
5.568491399986669,7
5.5687423999770544,-59
5.5689909999782685,-26
5.569242300000042,-24
5.56951139998273,-42
5.569736999983434,17
5.569991099997424,-8
5.570240599976387,79
5.570490799989784,66
5.5707411999756005,6
5.571011899999576,25
5.571238799981074,4
5.571491399983643,-21
5.571748399990611,-35
5.571991499979049,-34
5.572242299997015,-39
5.572492799983593,-4
5.572746999998344,5
5.572997499984922,-30
5.573242599988589,74
5.573493799980497,21
5.573807599983411,27
5.57404169999063,31
5.574314899975434,2
5.574540499976138,37
5.574785099975998,-22
5.5750102999736555,-47
5.575239999976475,-71
5.57549309998285,-18
5.57574279999244,-30
5.57601269998122,-33
5.576276099978713,29
5.576862899994012,-39
5.577233999996679,-3
5.577585299994098,-66
5.577873499976704,-100
5.578150399989681,-28
5.578422199992929,-102
5.578706699976465,-40
5.57909230000223,-34
5.579409699974349,-6
5.579802099993685,-40
5.580142099992372,36
5.580450199980987,0
5.580747899977723,35
5.58101799999713,-65
5.581281999999192,-80
5.581562799983658,-64
5.5818175000022165,-81
5.58212109998567,-1
5.582477199990535,69
5.582760099990992,65
5.582987000001594,52
5.583264299988514,5
5.58353229999193,1
5.583808499999577,16
5.584058499982348,53
5.584366199997021,21
5.584613299986813,71
5.58486439997796,81
5.585112999979174,23
5.585383799974807,36
5.585609699977795,-33
5.585865000000922,7
5.58611619999283,-77
5.586367399984738,-15
5.586622000002535,-42
5.586888599995291,-55
5.587111599976197,14
5.587423199991463,-10
5.587723899981938,-111
5.587971200002357,-92
5.588223500002641,-10
5.588476699980674,-31
5.5887432000017725,-60
5.589013899996644,-62
5.589291599986609,-87
5.589564800000517,-38
5.589873799995985,-44
5.590143899986288,-25
5.590392799989786,-31
5.590661800000817,-39
5.590930199978175,-98
5.591248699987773,-93
5.591516699991189,-83
5.591787299985299,-43
5.592054499982623,-58
5.59237519997987,-8
5.592641299997922,-2
5.592941599985352,32
5.593414699978894,-1
5.593806799995946,30
5.594175499980338,27
5.5944770999776665,3
5.5948165000008885,30
5.595200899988413,63
5.595541099988623,-8
5.595837000000756,43
5.596169099997496,58
5.59653859998798,-43
5.596869499975583,80
5.597118699981365,40
5.597371299983934,-3
5.597648999973899,33
5.5979133999790065,28
5.598177599982591,56
5.598518199985847,92
5.598791899974458,59
5.599052699981257,43
5.599308399978327,16
5.599598799977684,82
5.599854399973992,19
5.600121700001182,-18
5.600392299995292,-14
5.600691899977392,15
5.601019099995028,3
5.601334999984829,-14
5.601599999994505,-18
5.60187159999623,2
5.602146299992455,-12
5.602416199981235,-29
5.602687799982959,-12
5.603021099988837,64
5.603291599982185,28
5.603556199988816,51
5.603810200002044,20
5.604145499994047,-47
5.60439569997834,64
5.604645099985646,29
5.604917399992701,4
5.605188599991379,-17
5.6054346000018995,56
5.605770099995425,27
5.606137299997499,17
5.606430299987551,-11
5.606729899998754,-12
5.606980099983048,-8
5.6072343999985605,27
5.60748269999749,-48
5.607774999982212,32
5.608075099997222,33
5.608378199976869,42
5.608630499977153,34
5.608884199988097,15
5.609170499985339,36
5.609420799999498,64
5.609830899978988,-25
5.61021649997565,-4
5.610910999996122,-21
5.611348499980522,12
5.611667499993928,-32
5.611966099997517,-31
5.612320299987914,36
5.612635500001488,-12
5.6130722999805585,-94
5.613414899999043,-68
5.613708499993663,-46
5.613997299980838,-34
5.614267999975709,-21
5.614538499998162,-37
5.614806799974758,-16
5.615142599999672,64
5.615420699992683,64
5.6156818000017665,29
5.616022699978203,-2
5.616267599980347,-16
5.6165235999797005,63
5.616801500000292,80
5.61708239998552,51
5.617353799985722,50
5.617607499996666,11
5.617854299984174,-6
5.6181047999998555,127
5.618353899975773,95
5.618602499976987,58
5.618855899985647,-9
5.619102899974678,-33
5.619353199988836,-20
5.619602299993858,-49
5.6198547999956645,-31
5.6201262999966275,-55
5.620355799997924,-91
5.62063119999948,38
5.620874199987156,-20
5.6212893999763764,-54
5.621824199974071,81
5.6221910000022035,25
5.622485799976857,-36
5.622771299997112,-59
5.623038599995198,-13
5.623318799975095,-61
5.62366139999358,0
5.623932399990736,66
5.624231299996609,3
5.624447699985467,75
5.6247316999943,65
5.62498169997707,8
5.625235299987253,35
5.625487199984491,-3
5.625734000001103,-27
5.626032599975588,4
5.6262903999886476,-2
5.626711799995974,-7
5.627072599978419,-65
5.627494699991075,2
5.627906999987317,-13
5.628355399996508,45
5.628795700002229,26
5.629169099993305,-74
5.629499899980146,56
5.629773299995577,35
5.630041899974458,41
5.630342499993276,-12
5.630643599986797,27
5.630896599992411,17
5.631150000001071,-9
5.6314171999983955,18
5.63168069999665,-11
5.631925199995749,73
5.632184799993411,49
5.63251989998389,-16
5.632769899995765,-49
5.633020699984627,27
5.633269999991171,11
5.633542399998987,6
5.633805499994196,-10
5.634060099982889,92
5.634396699984791,48
5.6346535999909975,7
5.634944899997208,43
5.635250699997414,-8
5.635519499977818,-19
5.635772099980386,-76
5.636019799974747,-7
5.636270599992713,-20
5.636541499989107,-80
5.636806499998784,-59
5.637059200002113,48
5.637396499980241,1
5.637666700000409,-11
5.637918399996124,-32
5.638174399995478,-80
5.638423600001261,27
5.638733699976001,-91
5.639001399977133,-46
5.639256099995691,-72
5.639525799982948,-2
5.639812699984759,-81
5.640208700002404,-15
5.64051989998552,-48
5.6408134999801405,-29
5.64110680000158,-9
5.641378399974201,-78
5.641653899976518,-29
5.6419565999822225,-85
5.642241699999431,1
5.642516299994895,-17
5.642827099974966,-21
5.643348499987042,-83
5.643744899978628,37
5.6442279999901075,-19
5.64486569998553,16
5.645448600000236,-42
5.645893399982015,-5
5.646275099978084,22
5.646598899998935,-4
5.6468900999752805,7
5.647210499999346,19
5.647533599985763,37
5.647858599986648,-31
5.648168499988969,-52
5.648490599996876,52
5.648771499982104,61
5.6491030999750365,54
5.649396599997999,-76
5.649735699989833,-72
5.650021499983268,13
5.650354799989145,54
5.650636299978942,10
5.650927799986675,23
5.651214399986202,41
5.651532699994277,-25
5.651797999977134,-31
5.652121199993417,-23
5.652387999987695,27
5.652680599974701,18
5.652978999976767,47
5.653230600000825,29
5.6534779999929015,36
5.65373059999547,15
5.653979700000491,15
5.654248499980895,-17
5.654495299997507,-12
5.654769999993732,-6
5.655017999990378,-55
5.655291699978989,-44
5.655563599982997,-5
5.655875600001309,24
5.656144499982474,20
5.6564157999819145,14
5.656772199989064,-42
5.657020399987232,62
5.657291899988195,43
5.657555199984927,44
5.657873699994525,-52
5.658149900002172,0
5.658438799990108,-7
5.658810499997344,-34
5.659166400000686,-14
5.659488199977204,-6
5.659973699977854,-106
5.6604078999953344,-56
5.6608933999959845,16
5.661375299998326,-18
5.662039599992568,12
5.662394599989057,-6
5.662758599995868,21
5.663100399979157,-88
5.6634124999982305,-24
5.663848199998029,-81
5.664167999988422,1
5.664484899985837,25
5.664753599994583,16
5.6649993999744765,60
5.665266600000905,9
5.665546499978518,11
5.665800899994792,-28
5.666052699991269,-5
5.6662918999791145,-26
5.666542299994035,-85
5.666810800001258,-8
5.667133599985391,-6
5.667414899973664,0
5.667677799996454,0
5.667932399985148,7
5.668267200002447,85
5.668545799999265,106
5.668808199989144,62
5.66914579999866,33
5.669414399977541,26
5.66968329998781,30
5.670024999999441,-30
5.670271599985426,3
5.670527699985541,-85
5.670935199974338,-1
5.671286299999338,27
5.671576599997934,-48
5.67189800000051,-7
5.672204000002239,11
5.672515699989162,34
5.672816399979638,54
5.67311730000074,-19
5.673410699993838,-46
5.673707299982198,-68
5.674024599982658,-25
5.6743271999876015,45
5.674633399990853,61
5.674916799995117,63
5.675169900001492,42
5.67542479999247,-7
5.675683199980995,65
5.675986299989745,3
5.676296299992828,-2
5.676735399989411,-44
5.67714749998413,-88
5.67801750000217,16
5.678465099976165,-70
5.679021599993575,-47
5.679315099987434,29
5.679619000002276,-80
5.679931899998337,-24
5.680240899993805,-46
5.680534399987664,31
5.6807973999821115,58
5.681077099987306,50
5.681358599977102,74
5.681643999996595,90
5.682087799999863,77
5.6823518999735825,48
5.68259979999857,47
5.682871799974237,0
5.683141499990597,14
5.683399599976838,14
5.683650299994042,7
5.684013599995524,0
5.6843129999761,29
5.684644299995853,7
5.68493909999961,27
5.685254799987888,5
5.685574699979043,28
5.68588059998001,77
5.686141899990616,25
5.686413499992341,51
5.686681999999564,9
5.687021699995967,-44
5.687290299974848,-39
5.687555599986808,-71
5.687895199982449,19
5.688146299973596,-31
5.688395199977094,-24
5.68864829998347,-25
5.688895200000843,-66
5.689166500000283,-16
5.689431399980094,-8
5.689865099993767,-16
5.690192099980777,-6
5.690522299992153,-10
5.6907777999877,-31
5.691085999977076,-15
5.691386799997417,53
5.69167989998823,30
5.691952699999092,17
5.692272999993293,39
5.692584099975647,-47
5.692906899988884,-49
5.693189999990864,-31
5.693584900000133,32
5.693973499990534,-129
5.694375299994135,42
5.694942499976605,-55
5.6954824999847915,16
5.695824800000992,15
5.696255499991821,-34
5.696713899989845,-21
5.697242700000061,-10
5.697688199987169,22
5.698080599977402,-95
5.69838419998996,40
5.698698799998965,2
5.699016699974891,25
5.699328999995487,-19
5.699738099996466,-46
5.700126499985345,-50
5.700387199991383,-26
5.7006612999830395,0
5.700912499974947,1
5.701180699979886,-17
5.701479799987283,6
5.701720099983504,-10
5.701990499976091,32
5.702335799986031,11
5.702630199986743,75
5.702911699976539,0
5.703192099987064,-67
5.703425499988953,68
5.7037654999876395,-15
5.704018699994776,-29
5.704304699989734,-14
5.7046349000011105,-31
5.704921299999114,-21
5.7051597999816295,-8
5.705430299974978,-68
5.705831599974772,-19
5.706197899999097,-89
5.706492600002093,-42
5.7067667999945115,-66
5.707052499987185,-26
5.70736129998113,48
5.707635999977356,52
5.708083899982739,29
5.708392999978969,8
5.70864209998399,-22
5.7089162999764085,-6
5.709186099993531,-42
5.70950629998697,3
5.709821600001305,25
5.710158499976387,-56
5.710576799989212,-81
5.711020499991719,8
5.71147799998289,19
5.711942499998258,-37
5.712366799998563,-8
5.712678899988532,-25
5.713017299975036,-51
5.713348899997072,-15
5.713631699996768,16
5.713916999986395,49
5.714175499975681,43
5.71451259998139,0
5.714784099982353,5
5.715051299979677,46
5.715388399985386,-32
5.7156590999802575,-24
5.715930299978936,-21
5.716263799986336,40
5.716513899998972,-23
5.716717599978438,-68
5.71696679998422,-13
5.717241499980446,-29
5.717517799988855,-24
5.717787999979919,-42
5.718058200000087,-16
5.7183467999857385,-7
5.7185964999953285,-4
5.7188692999770865,-93
5.719122999988031,-91
5.719391299993731,21
5.719667999976082,39
5.719937999994727,-27
5.720270599995274,-33
5.720535899978131,-39
5.720807699981378,-23
5.7211415999918245,-13
5.721414999978151,27
5.721697299974039,28
5.722023799986346,-14
5.722266099997796,76
5.72252209999715,41
5.722800299990922,67
5.723079199990025,13
5.723350099986419,18
5.7236000999982934,-12
5.723849000001792,67
5.724098699982278,15
5.72435459998087,1
5.724623499991139,0
5.724891999998363,16
5.725161999987904,13
5.725436399981845,12
5.725766399991699,61
5.7260380999941844,66
5.726521999982651,57
5.726915699982783,-7
5.727276099991286,-35
5.7276227999827825,-6
5.728033899998991,-67
5.7284737000009045,2
5.728814299975056,6
5.7291519999853335,34
5.729501599998912,-13
5.729770599980839,-41
5.730042499984847,-26
5.730301099974895,-19
5.73063999999431,16
5.7308860999764875,-6
5.731141399999615,-45
5.731423699995503,-43
5.731691399996635,17
5.732018999988213,38
5.732274299982237,43
5.732519699988188,0
5.732768099987879,-4
5.73310230000061,11
5.733393199974671,-8
5.733641400001943,66
5.733889800001634,46
5.734143299981952,7
5.734396499989089,8
5.73465979998582,2
5.734934999985853,-2
5.735246099997312,44
5.735513099993113,22
5.7357843999925535,20
5.736059099988779,18
5.736370300000999,95
5.7366433999850415,69
5.736915899993619,16
5.737179399991874,75
5.7374316999921575,20
5.737748199986527,-86
5.738037899980554,-78
5.738307399995392,-90
5.73862079999526,-50
5.738892399996985,-13
5.739153099973919,-23
5.739392299990868,-93
5.739662599982694,-79
5.73993199999677,-101
5.74026639998192,-39
5.740542199986521,23
5.740807199996198,17
5.741144300001906,43
5.7414164999790955,39
5.741679099999601,14
5.741933099983726,66
5.7422494999773335,15
5.742521099979058,-7
5.742806099995505,14
5.7431448999850545,14
5.743517900002189,-53
5.743954299978213,-10
5.744340999983251,34
5.744740399997681,-72
5.745063199981814,14
5.745455999975093,98
5.745759499986889,-34
5.746077099989634,39
5.74638799999957,42
5.7466750999738,10
5.746952399989823,18
5.747247599996626,-4
5.747517399984645,-11
5.747787999978755,-22
5.748057899996638,4
5.748394099995494,1
5.748663499980466,-16
5.748931199981598,1
5.749267199978931,61
5.749545300001046,62
5.749806799984071,27
5.750144699995872,34
5.750415599992266,30
5.750667099986458,32
5.750901699997485,77
5.7511455999920145,-5
5.7514159999846015,7
5.751679899985902,52
5.751946399977896,59
5.752249399985885,51
5.752525499992771,99
5.752769799990347,21
5.753019199997652,62
5.753272100002505,14
5.753542099992046,26
5.753813699993771,-10
5.754144699982135,-5
5.7544154999777675,-10
5.754680499987444,-10
5.7549256999918725,89
5.755161199980648,17
5.755435899976874,4
5.755770199990366,-15
5.756021299981512,70
5.756275599997025,55
5.756542099989019,0
5.756795900000725,18
5.757057699986035,64
5.757305999984965,27
5.757606300001498,43
5.757857599994168,23
5.7581337000010535,42
5.758398599980865,25
5.758753499976592,31
5.7590554999769665,-101
5.759289999987232,-94
5.75974729997688,-37
5.7600211999961175,54
5.760324199975003,-11
5.760671600000933,-103
5.76095009999699,-90
5.761345699982485,-41
5.761637399991741,42
5.762109099974623,5
5.762519999989308,-10
5.762872199993581,38
5.763174299994716,-26
5.763589799986221,1
5.764025799988303,10
5.764323499985039,-48
5.764644799986854,10
5.7649024999991525,19
5.7652539999980945,30
5.7656325999996625,-7
5.765892800001893,9
5.766142599983141,-59
5.766369099990698,-24
5.766619799978798,5
5.76687099999981,24
5.767123400000855,-16
5.767373799986672,65
5.767601799976546,15
5.767854599980637,17
5.768088499986334,31
5.768357799999649,0
5.768589199986309,-6
5.768835700000636,-84
5.769093299983069,-108
5.769363200000953,-5
5.769637699995656,-2
5.769911099981982,-51
5.770181599975331,-36
5.770517600001767,-4
5.770788499998162,-11
5.7710570999770425,-4
5.7713911999890115,-12
5.771662299986929,19
5.771939400001429,1
5.772250999987591,24
5.772498199978145,0
5.7727541999774985,-5
5.773016099992674,62
5.773267399985343,74
5.7735424999846146,0
5.773852399986936,53
5.774151699995855,-32
5.774428199976683,-46
5.774688399978913,-31
5.775022399990121,-3
5.775271799997427,-57
5.7755206000001635,-43
5.775770499982173,-46
5.7760218999756034,-105
5.7762865999829955,-10
5.776656299975002,-74
5.777042799978517,41
5.777461099991342,-51
5.777798900002381,-7
5.778243599983398,-104
5.778682199976174,-6
5.779030099976808,4
5.779418299993267,86
5.779896699998062,-23
5.780356599978404,-11
5.780653199995868,-65
5.781011799990665,-9
5.781290799990529,-11
5.781582700001309,1
5.781883999996353,53
5.782163800002309,1
5.782431799976621,7
5.7827688999823295,-74
5.783025899989298,-68
5.78326859997469,16
5.78354499998386,1
5.7838039999769535,18
5.7840569999825675,2
5.784397299983539,-80
5.784641899983399,44
5.784896699973615,14
5.785163199994713,2
5.785432599979686,-6
5.785769799986156,-95
5.786040899984073,-77
5.786305299989181,-73
5.7865632999746595,-36
5.786880200001178,-10
5.787124099995708,-80
5.787377399974503,-44
5.787629200000083,-20
5.787895099987509,-86
5.788166199985426,-65
5.788439700001618,-108
5.7887705999892205,-4
5.789024600002449,-13
5.789271399989957,2
5.789542099984828,-17
5.789793199975975,-90
5.790116499993019,-52
5.790460799995344,1
5.790755699999863,39
5.791046500002267,-68
5.791311799985124,-59
5.791647899983218,-92
5.791957499983255,-11
5.792253099993104,56
5.792541099974187,54
5.792810799990548,52
5.7931940999988,13
5.793567799992161,-70
5.793999699992128,-4
5.794427799992263,-38
5.794729899993399,-23
5.795044899976347,-33
5.795510999974795,-9
5.795848999987356,3
5.796237699978519,-26
5.796530699997675,-69
5.796804199984763,-92
5.797075899987249,-85
5.79734659998212,-87
5.797619799996028,-91
5.797894199989969,-105
5.798159199999645,-78
5.798433499992825,-50
5.798767000000225,32
5.799042400001781,42
5.799311399983708,23
5.799621299986029,5
5.799890700000105,2
5.800162699975772,-3
5.800430999981472,21
5.800770299974829,-69
5.801038699981291,-74
5.801305799977854,23
5.801620699989144,-2
5.801870199997211,-14
5.802145699999528,-69
5.802415699989069,-85
5.802679899992654,-97
5.802935299987439,29
5.803271099983249,-34
5.803541100001894,33
5.803805599978659,-26
5.804060099995695,-36
5.804394799983129,35
5.804645099997288,10
5.80489589998615,-15
5.805166599981021,-18
5.805438699986553,-5
5.805748499988113,15
5.8060210999974515,55
5.806295099988347,38
5.80654130000039,9
5.806793199997628,22
5.807043099979637,3
5.8072932999930345,7
5.807555399980629,5
5.807813199993689,-79
5.80814539999119,-9
5.808417299995199,5
5.808680499991169,-4
5.808934200002113,4
5.809270600002492,-5
5.809546099975705,-9
5.809852299978957,53
5.81022149999626,-108
5.810696200001985,5
5.811149799992563,-13
5.811504699988291,-43
5.811787199985702,-38
5.812072899978375,54
5.812570099980803,43
5.812839399994118,23
5.813153600000078,-10
5.8134247999987565,62
5.813767399988137,13
5.814019999990705,15
5.81427469998016,-18
5.814528499991866,-46
5.814751600002637,76
5.814989299979061,71
5.815252899978077,33
5.81550419999985,4
5.815733700001147,-76
5.815987799986033,-16
5.816259799990803,-8
5.816509899974335,-52
5.816783999995096,-85
5.817062099988107,-78
5.817370199976722,12
5.817641599976923,-25
5.817916300002253,-7
5.8181927999830805,-8
5.818499599990901,37
5.818749599973671,13
5.818999399984023,-18
5.819252699991921,-12
5.819519599986961,-28
5.8197913999902084,-56
5.8200626999896485,-48
5.820394099981058,66
5.820664699975168,39
5.821015800000168,68
5.821306799974991,-106
5.821603699994739,-43
5.821862099983264,-85
5.822145599988289,-27
5.822416299983161,-19
5.822688999993261,-30
5.822999099997105,-10
5.823249499982921,-25
5.823498499987181,-37
5.823750299983658,-99
5.824020000000019,-25
5.824290899996413,-27
5.824554699996952,-51
5.8248079999757465,-17
5.825149399985094,-1
5.825397799984785,-53
5.825648599973647,-57
5.825921199982986,-40
5.826153999980306,-72
5.826539000001503,-86
5.826985199993942,-7
5.827586799976416,14
5.828013799997279,-5
5.828284999995958,-12
5.82872399999178,-15
5.829049199994188,-22
5.829406699980609,5
5.829705199983437,0
5.83014429998002,4
5.830484399979468,36
5.830725599982543,51
5.830975599994417,29
5.831225399975665,11
5.8314738999761175,13
5.831744999974035,24
5.8320177999848966,0
5.832287400000496,-2
5.832555200002389,36
5.8328919999767095,19
5.833168699988164,-12
5.833427699981257,5
5.833682799973758,89
5.834016099979635,48
5.8342915999819525,35
5.834555699984776,0
5.834895999985747,-19
5.835145399993053,-13
5.835395299975062,-62
5.835645199986175,-30
5.835916299984092,-19
5.836188699991908,-5
5.836520799988648,-35
5.836791199981235,-7
5.837115000002086,10
5.837402299977839,82
5.8376763999986,-1
5.837980599986622,22
5.838228499982506,-10
5.8384804999805056,69
5.838770399976056,-7
5.8390201999864075,52
5.839271299977554,42
5.839540899993153,16
5.839806299976772,-5
5.840056699991692,14
5.840396399988094,50
5.840670299978228,65
5.840960199973779,-69
5.84123669998371,-104
5.841524299990851,-52
5.841774200001964,-113
5.842028699989896,-7
5.8422747000004165,-19
5.842544899991481,-39
5.842795399978058,34
5.843050399998901,27
5.843436999974074,-62
5.84380709999823,29
5.844196599995485,-24
5.844693999999436,2
5.845084699976724,-47
5.845415299991146,35
5.845749399974011,-35
5.846035099995788,-64
5.84631119997357,-18
5.84661729997606,-4
5.846883299993351,41
5.847112199990079,29
5.8473908999876585,18
5.847637599974405,-21
5.847890799981542,-27
5.848195999977179,-30
5.848461599991424,7
5.848727099975804,-16
5.848998899979051,-2
5.849270199978491,7
5.849520199990366,12
5.84977020000224,-49
5.850018899975112,-14
5.850290000002133,-42
5.85055969998939,-12
5.85090669998317,29
5.851174999988871,10
5.8514373999787495,41
5.8517694999754895,78
5.852039799996419,91
5.852304300002288,64
5.852574199991068,37
5.852897899982054,24
5.853147599991644,-76
5.853443599975435,40
5.8537279999873135,-27
5.853976999991573,-53
5.854227299976628,-95
5.854477299988503,-11
5.854749499994796,-2
5.8550216000003275,-10
5.855292099993676,-22
5.8555569000018295,-13
5.855808899999829,-61
5.856146499980241,-80
5.856395599985262,-7
5.8566460000001825,-47
5.856894899974577,-69
5.857167299982393,63
5.857438599981833,21
5.857769199996255,-25
5.858041200001026,-21
5.858304499997757,-44
5.858561000000918,-35
5.858898699982092,7
5.859149399999296,-45
5.859400199988158,-26
5.8598056999908295,-27
5.860146299994085,-15
5.860465299978387,-64
5.860761599993566,-14
5.861060700000962,41
5.861319599993294,17
5.861678599991137,-4
5.861976999993203,35
5.862263899995014,-93
5.862551199999871,-43
5.862833099992713,-34
5.863123199989786,-44
5.863395799999125,-20
5.863666799996281,-18
5.8639178999874275,-30
5.864166599989403,-29
5.864431499998318,-67
5.864676199998939,7
5.864938599988818,41
5.865270199981751,-17
5.865540699975099,-46
5.865805599984014,-13
5.8660594999964815,-72
5.866394699987723,0
5.866667099995539,-4
5.866913799982285,-14
5.867184899980202,-10
5.867436299973633,27
5.8677479999896605,36
5.867999699985376,6
5.868269599974155,30
5.868541099975118,27
5.868804300000193,32
5.869061099976534,-28
5.869394799985457,62
5.869666099984897,74
5.869938699994236,23
5.870273799984716,-43
5.870523899997352,-56
5.870773099974031,46
5.871028199995635,15
5.871275699988473,-16
5.871522999979788,31
5.871774799976265,0
5.872025199991185,15
5.8722787000006065,-30
5.872520499979146,-34
5.872794199996861,-25
5.873043799976585,-95
5.8733018999919295,-34
5.873544000001857,-59
5.873794399987673,-75
5.874036499997601,19
5.874274499976309,76
5.874524899991229,47
5.87477329999092,21
5.875023100001272,19
5.8752746999962255,-8
5.875524199975189,-27
5.875774799991632,-78
5.876022599986754,-38
5.876278599986108,-33
5.876764499989804,-26
5.87710579999839,-104
5.877468799997587,6
5.87778859998798,29
5.878149299998768,-45
5.878494299977319,22
5.878802599996561,47
5.879084199987119,-43
5.879345299996203,-15
5.879613600001903,-54
5.8798588999779895,-50
5.880112299986649,40
5.880361699993955,27
5.88059039998916,22
5.880820099991979,42
5.881072799995309,-25
5.881323599984171,0
5.881575799983693,0
5.881839599984232,-15
5.882099999987986,-13
5.882327899977099,-60
5.882579199998872,11
5.8828299999877345,-2
5.883095099998172,-14
5.883412099996349,13
5.88366419999511,8
5.884036799980095,-4
5.884554899996147,22
5.88490209999145,21
5.885200999997323,52
5.885525399993639,63
5.8858312999946065,48
5.886132999992697,-3
5.886426399985794,-17
5.886740199988708,20
5.887032999977237,13
5.887332299986156,42
5.887633799982723,13
5.887925199989695,-8
5.888236400001915,7
5.888529899995774,-27
5.888829299976351,-14
5.889134999975795,11
5.889424900000449,7
5.889738999976544,19
5.890028499998152,-41
5.8903297999931965,8
5.890637699980289,-63
5.890924499981338,-27
5.891236999974353,-38
5.89152939998894,7
5.891830899985507,-6
5.892132399982074,40
5.892424299992854,-21
5.8927361999813,18
5.893375499988906,-78
5.8936774999892805,3
5.893947999982629,78
5.894227599987062,28
5.8945080999983475,45
5.89472250000108,3
5.895087099983357,-16
5.895367599994643,-21
5.895655200001784,6
5.895922899973812,-2
5.896177199989324,-18
5.896490199986147,-91
5.896744099998614,-38
5.89702629999374,-47
5.897274299990386,-80
5.897525099979248,12
5.897823499981314,-90
5.898127599997679,-30
5.898382599989418,4
5.898629099974642,-67
5.898877599975094,31
5.899127599986969,7
5.899378499976592,60
5.8996516999905,41
5.899953499989351,-3
5.900255999993533,25
5.900547099998221,-79
5.900835299980827,-27
5.901127799996175,-26
5.9013786999857984,-21
5.9016490999783855,-18
5.9018996999948286,-86
5.902150199981406,-5
5.902399099984905,-56
5.90265009997529,25
5.902951299998676,-53
5.90325489998213,-29
5.903545599983772,-46
5.903801099979319,9
5.904046699986793,-9
5.90432659999351,-24
5.904627399984747,-31
5.9048773999966215,-27
5.905132699990645,-68
5.905378600000404,28
5.905627999978606,2
5.905878399993526,-14
5.90614859998459,50
5.9064208999916445,12
5.906670199998189,28
5.906919999979436,-7
5.907170199992834,76
5.907437599991681,35
5.907731699990109,84
5.907961599994451,12
5.908239999989746,-25
5.9085399999748915,-19
5.908814700000221,48
5.909151499974541,20
5.909437800000887,-61
5.909828699979698,-73
5.910225599975092,-3
5.910549799998989,-89
5.91093600000022,-67
5.911302299995441,-14
5.911673499998869,41
5.9119881999795325,76
5.912271099979989,-30
5.912520999991102,-11
5.912767999980133,53
5.912981100002071,20
5.91314719998627,-57
5.913357599987648,-57
5.913585599977523,-23
5.913814499974251,21
5.9139824000012595,-19
5.9142150999978185,25
5.914462499989895,-90
5.914692499994999,100
5.914944299991475,44
5.915195499983383,39
5.915444099984597,7
5.91569399999571,19
5.915946900000563,-46
5.916197699989425,-19
5.9164487999805715,-44
5.9166995999985375,-11
5.916959800000768,-26
5.917190899985144,42
5.9174620999838226,26
5.917705999978352,-1
5.917913399985991,73
5.918229099974269,17
5.918461299996125,38
5.918693199986592,9
5.918919599993387,-31
5.919253399973968,17
5.919511299987789,8
5.919801399984863,-10
5.920160599984229,25
5.920444299990777,-22
5.920779999985825,-97
5.921078599989414,-35
5.921405100001721,-8
5.921696499979589,37
5.922028399974806,-58
5.922308299981523,-30
5.922620500001358,-13
5.922892799979309,-61
5.923175699979765,-95
5.923454799980391,-22
5.9237581999914255,7
5.924049900000682,37
5.924328699999023,78
5.924632099980954,-27
5.924924899998587,4
5.925236299983226,17
5.925528899999335,-39
5.925810799992178,-40
5.926121999975294,-17
5.926594999997178,-41
5.926929399982328,-24
5.92739279998932,26
5.927725099987583,43
5.928146899997955,-21
5.928563900000881,2
5.928876499994658,15
5.929173199983779,-29
5.929449799994472,-19
5.929750599985709,2
5.929972599988105,-22
5.930203800002346,-89
5.930451799998991,-35
5.930685699975584,-69
5.930933099996764,26
5.931163299974287,46
5.931372299994109,12
5.9316139000002295,11
5.931884499994339,-21
5.932106299995212,4
5.932342799991602,-60
5.93258659998537,-9
5.932836199994199,3
5.933114799991017,-17
5.933370299986564,-3
5.933638599992264,81
5.933914199995343,68
5.9354816999984905,88
5.937468099989928,-62
5.938901599991368,-31
5.939190099976258,-34
5.939486299990676,36
5.939758299995447,-32
5.940026600001147,-28
5.940316299995175,-10
5.940615499974228,29
5.940902799979085,35
5.941183499991894,-63
5.941488299984485,-28
5.941777300002286,-52
5.942071299999952,-76
5.942381499975454,-18
5.942673999990802,2
5.942955699982122,44
5.9433126999938395,-14
5.943703600001754,-61
5.944222799997078,9
5.9446908999816515,-30
5.945241199980956,58
5.9456758000014815,6
5.945951199973933,-31
5.946347899996908,58
5.946677499974612,-2
5.947014599980321,-14
5.947294499987038,-4
5.947591099975398,14
5.947893899981864,39
5.948187100002542,41
5.9484700999746565,-50
5.948768899979768,-5
5.949060099985218,-29
5.949372499977471,-60
5.9496237999992445,-57
5.949897399987094,-48
5.95017050000024,-44
5.95050049998099,19
5.95077249998576,64
5.951072999974713,108
5.951343199994881,104
5.951624699984677,37
5.951892699988093,33
5.952185299975099,-3
5.952464999980293,32
5.952767299982952,32
5.9530553999939,-57
5.953343200002564,-39
5.953643799992278,-33
5.953910699987318,-6
5.9541989999997895,-48
5.954534499993315,24
5.954822599975159,57
5.955158700002357,15
5.955440699995961,-100
5.955741199984914,-46
5.956033700000262,-23
5.956315199990058,-5
5.956616199982818,11
5.956907499989029,-11
5.957199099997524,52
5.95749029997387,62
5.957784999976866,-51
5.958072199980961,-52
5.958388799976092,-57
5.958678199996939,-15
5.958962099975906,-10
5.959262699994724,-5
5.9595545999764,53
5.959994299977552,-8
5.96041579998564,12
5.961155600001803,-64
5.961655399994925,10
5.961986199981766,-73
5.96232159997453,-44
5.962809599994216,-9
5.963160499988589,65
5.963469999987865,19
5.963739799975883,34
5.964029499999015,-61
5.964311999996426,-18
5.964614999975311,-57
5.964902699983213,-30
5.965184200002113,0
5.96548659997643,-5
5.965779099991778,43
5.966058499994688,72
5.966360899998108,-9
5.966652599978261,24
5.966932999988785,31
5.9672371999768075,-81
5.967535899981158,-2
5.967818799981615,-23
5.9681345999997575,63
5.968424199993024,25
5.96870269998908,61
5.969007599982433,60
5.969298399984837,-43
5.969578299991554,-22
5.96988209997653,-13
5.970172999979695,-73
5.970485300000291,-39
5.970777299982728,20
5.971079299983103,24
5.971380399976624,22
5.971673199994257,39
5.971985299984226,-68
5.972277599998051,-25
5.972578199987765,-64
5.972883099981118,3
5.973174599988852,36
5.973457699990831,39
5.973758299980545,-7
5.9740489999821875,23
5.974360299995169,36
5.974653299985221,-31
5.974902899994049,-85
5.9752041999890935,-17
5.97548499997356,-32
5.975756499974523,-24
5.976027500000782,-21
5.976468299981207,-22
5.976857100002235,-62
5.977428099984536,-12
5.978111299977172,43
5.978394599980675,51
5.978657399973599,67
5.979072699992685,14
5.9794126999913715,0
5.979689399973722,53
5.979998299997533,48
5.980268799990881,62
5.980562599987024,-19
5.980862700002035,24
5.981153999979142,-69
5.981455399974948,1
5.9817596999928355,7
5.982046799996169,24
5.982358899986139,7
5.982652499980759,71
5.982952499995008,-34
5.983256599982269,-9
5.983547499985434,-80
5.983859599975403,-11
5.984151899989229,17
5.984433099976741,67
5.984734999976354,5
5.985027899994748,26
5.985329499992076,66
5.985632999974769,-36
5.985923200001707,-23
5.986234499985585,-55
5.986527000000933,9
5.986826599983033,38
5.987131100002443,17
5.987423499987926,3
5.987702999991598,18
5.988006799976574,-77
5.988299399992684,-21
5.988612499990268,-15
5.988903499994194,22
5.989185599988559,-5
5.9894835999875795,52
5.989777399983723,63
5.990088499995181,-24
5.990382099989802,0
5.990674100001343,-93
5.9909869999974035,-17
5.991279699985171,-83
5.9915786999918055,-20
5.991862700000638,-27
5.9922145000018645,-3
5.992530199990142,62
5.992836999997962,8
5.993186599982437,-105
5.993588899989845,40
5.994060600001831,-46
5.994426999997813,-16
5.994843299995409,-55
5.99518149998039,-3
5.9955437000025995,36
5.995830100000603,38
5.9961789999797475,24
5.996538599982159,-58
5.996809099975508,-31
5.997090599994408,-31
5.997383999987505,-43
5.99767419998534,11
5.9979560999781825,11
5.9982586999831256,63
5.998544999980368,95
5.9987950999930035,54
5.999055499996757,-4
5.99936180000077,75
5.9996549999923445,-43
5.99995569998282,-29
6.000241100002313,-18
6.000529599987203,-79
6.000830499979202,-2
6.001132199977292,-19
6.001425299997209,73
6.001735400001053,15
6.002029700001003,113
6.0023624999739695,3
6.002654699987033,-79
6.002954700001283,-23
6.003258299984736,-23
6.003549399989424,44
6.003865099977702,9
6.0041545999993104,44
6.004435099981492,-23
6.004735499998787,-7
6.00502789998427,-26
6.005329299980076,-82
6.005632699991111,-8
6.005925499979639,-10
6.006235999986529,34
6.006528300000355,43
6.0068274999794085,64
6.007132300001103,-3
6.007422900001984,15
6.0077356999972835,-93
6.008027999982005,-50
6.008335599995917,-71
6.008643799985293,-3
6.008907099982025,4
6.009193699981552,23
6.00946999998996,47
6.0099411999981385,32
6.01032029997441,-14
6.011134799977299,-33
6.01152239998919,-38
6.011859099991852,42
6.012229599989951,-41
6.01448669997626,4
6.015168999991147,-7
6.015744799980894,-2
6.016787200002,60
6.017075099982321,18
6.017431599990232,10
6.017796699976316,50
6.018087499978719,20
6.018387699994491,-5
6.018679499975406,-67
6.018960099987453,-19
6.019266499992227,-47
6.019556699990062,16
6.019865599984769,-31
6.020160499989288,59
6.020444299996598,96
6.020746900001541,-34
6.021034499979578,-17
6.021326799993403,0
6.021663299994543,-40
6.02197359999991,25
6.0222651999793015,11
6.022559499979252,54
6.022835499985376,28
6.023139099997934,-60
6.023434199974872,-39
6.023720799974399,-22
6.0240141999966,-88
6.024308799998835,-16
6.024588499974925,-4
6.024886300001526,54
6.025178299983963,67
6.025457199983066,-26
6.025759799988009,6
6.026057799987029,11
6.0265278999868315,-54
6.02686499999254,-7
6.0272319999930914,-22
6.027571199985687,-18
6.0279964999936055,-29
6.028327299980447,19
6.028749999997672,-5
6.029102499975124,19
6.029463599988958,-10
6.029729399975622,-33
6.02996919999714,-104
6.030255399993621,-102
6.0305263999907766,-9
6.030764199997066,-10
6.030994100001408,-42
6.031219199998304,-6
6.031472199974814,56
6.031702199979918,40
6.03198919998249,44
6.03224489997956,14
6.03251319998526,39
6.03276589998859,53
6.03301929999725,7
6.033269899984589,-5
6.0335183999850415,19
6.033769999979995,-23
6.034018399979686,-26
6.03426999997464,-67
6.034519299981184,8
6.034768499986967,1
6.035019099974306,-54
6.035268899984658,39
6.035523999977158,25
6.0357659999863245,109
6.0360190999927,48
6.036268600000767,26
6.036540699977195,21
6.036790899990592,-35
6.037042899988592,-19
6.037292900000466,-12
6.037541400000919,-87
6.03779009997379,-17
6.038039999984903,-34
6.038289899996016,18
6.038541299989447,17
6.038790999999037,-31
6.039041699987138,67
6.039292799978284,54
6.039542699989397,32
6.039795199991204,-28
6.0400458999793045,-54
6.040317299979506,-17
6.040621899999678,31
6.040875099977711,-19
6.041123799979687,-24
6.041373199986992,-5
6.0416226999950595,-29
6.041872199974023,-35
6.042124100000365,-101
6.042372399999294,-28
6.042624499998055,-6
6.04287479998311,-78
6.043515799974557,21
6.0439744999748655,24
6.044454599992605,-83
6.0447453999950085,-39
6.045106699981261,-35
6.0454635999922175,35
6.045863499981351,-69
6.0462174999993294,18
6.046605099982116,-36
6.046872599981725,-54
6.047165500000119,-28
6.047453999985009,8
6.04790169998887,-32
6.0482455999881495,57
6.048625199997332,67
6.0489216999849305,-36
6.0492425999837,1
6.049656999995932,19
6.049982700002147,-27
6.050269200000912,3
6.050521299999673,-14
6.050797699979739,-7
6.051096599985613,-47
6.05139509998844,31
6.051645499974256,4
6.051890599977924,-16
6.052138799976092,-13
6.0523923999862745,-85
6.052643199975137,-17
6.052914999978384,-36
6.0531775999988895,-63
6.053430699976161,-92
6.0537650999904145,-34
6.054034399974626,-33
6.05428739998024,-35
6.054550200002268,-37
6.054824799997732,-27
6.055096500000218,-41
6.05536889997893,-18
6.0556424999958836,1
6.055915999982972,0
6.056181199994171,18
6.056521699996665,52
6.05678959999932,43
6.057056999998167,31
6.0573917999863625,38
6.057664399995701,60
6.057932499999879,46
6.0582657999766525,-20
6.058543199993437,-12
6.058803299994906,-37
6.059065299981739,-48
6.059382999985246,-47
6.059784399985801,-28
6.060177399980603,-49
6.060682399984216,-1
6.06120969998301,21
6.061568899982376,-3
6.061968099995283,-79
6.062335800001165,-1
6.062619999982417,45
6.062888099986594,29
6.063179099990521,51
6.06346289999783,-44
6.06378849997418,-42
6.064061699988088,-53
6.064341199991759,-95
6.06466289999662,-1
6.064943699981086,61
6.065194099996006,10
6.065656799997669,33
6.065932799974689,-6
6.066238599974895,49
6.066486600000644,40
6.066741299990099,11
6.06699269998353,41
6.067242499993881,-6
6.067490299989004,-14
6.067739199992502,-67
6.067989199975273,13
6.068239899992477,7
6.068491899990477,-42
6.068743899988476,43
6.068991999985883,18
6.069234499998856,29
6.069485099986196,20
6.06973950000247,1
6.070134499983396,39
6.070420699979877,-89
6.070691899978556,-64
6.07100129997707,-28
6.071237999974983,-75
6.071508399996674,-70
6.071732299984433,-7
6.07196049997583,41
6.072210699989228,2
6.072460399998818,37
6.072714499983704,19
6.0729625999811105,-12
6.073213700001361,-10
6.073462499974994,-29
6.07371259998763,-40
6.073961799993413,-86
6.074212499981513,25
6.074462199991103,-6
6.074712399975397,-57
6.074964300001739,22
6.07521369997994,-1
6.075494799995795,36
6.075733699981356,49
6.075993699982064,27
6.076384399988456,15
6.076791499974206,-72
6.0771386999986134,11
6.077473399986047,-6
6.077890599990496,9
6.078196299989941,-16
6.078574099985417,-23
6.078915699996287,3
6.079289699991932,13
6.079563499981305,-31
6.079862199985655,-30
6.080128599976888,-21
6.080376600002637,-1
6.0806260999816,-43
6.080875699990429,-86
6.081129699974554,-21
6.081371999986004,-39
6.081626099999994,39
6.081854399992153,33
6.082083599991165,74
6.082333199999994,23
6.082584399991902,50
6.083001799997874,38
6.08328769999207,-48
6.083529600000475,-62
6.083753099985188,-78
6.083985799981747,49
6.0842331999738235,19
6.084622900001705,10
6.084989199996926,-4
6.0852920999750495,-5
6.0855265999853145,82
6.085754999978235,61
6.086003999982495,7
6.086365600000136,-11
6.0866374999750406,-33
6.086856299982173,52
6.0871046999818645,50
6.087354499992216,12
6.087580299994443,11
6.0878457999788225,-33
6.088119399995776,-38
6.0883559999929275,3
6.0886014999996405,-66
6.08883049999713,-25
6.089047199988272,31
6.089347899978748,-79
6.0895879000017885,8
6.089876699988963,82
6.09010390000185,-15
6.090328099991893,-15
6.090546799998265,-27
6.090852799999993,56
6.09108259997447,8
6.091356699995231,-30
6.0916344999859575,-33
6.091950299974997,-32
6.092335399996955,57
6.092621299991151,-71
6.092857499985257,-34
6.09323709999444,-89
6.093636499979766,27
6.094028799998341,-55
6.094347099977313,68
6.094725399976596,-43
6.095081299979938,-29
6.095430999994278,51
6.0958202999900095,-81
6.096053499990376,-52
6.0963555999915116,-8
6.096579199976986,-29
6.096795099991141,-21
6.097098300000653,-11
6.09732139998232,-42
6.097542599978624,26
6.097854399995413,-47
6.098073499975726,0
6.098308299988275,42
6.098599299992202,-47
6.098912899993593,-3
6.099173700000392,-30
6.099510300002294,1
6.099766100000124,-11
6.100021599995671,-23
6.100344499980565,-13
6.100641299999552,18
6.100897799973609,14
6.101164399995469,25
6.1014629999990575,20
6.101734600000782,96
6.101969999988796,-4
6.102282499981811,-54
6.102615399984643,-7
6.102988400001777,25
6.1032845999870915,-42
6.103525199985597,-11
6.1038048999907915,-62
6.104220099980012,-47
6.104577399994014,38
6.104885699984152,-97
6.105137199978344,-7
6.10541189997457,-97
6.105630599980941,-98
6.105842199991457,-102
6.106065999978455,-3
6.1062849999871105,36
6.106600499973865,-51
6.106816799991066,10
6.107015599991428,-43
6.107215899974108,-5
6.107442199980142,43
6.107641499984311,65
6.107842999976128,-35
6.10807119999663,-11
6.1082685999863315,44
6.108491299994057,37
6.108722299977671,0
6.108948699984467,-50
6.109166799986269,-11
6.1093644999782555,89
6.109775699995225,18
6.110126099985791,-59
6.110484199976781,21
6.110875599988503,7
6.111293800000567,4
6.111607400001958,-16
6.112007299991092,-78
6.1123439999937546,-37
6.112610299984226,-30
6.112868099997286,9
6.113081699993927,65
6.113293399976101,27
6.113598800002364,41
6.113823499996215,38
6.114045599999372,9
6.114351299998816,39
6.114574999985052,-22
6.1147951999737415,-83
6.115099599992391,-40
6.115326499973889,-16
6.115547299996251,-75
6.115851799986558,6
6.116076399979647,56
6.116296699998202,57
6.116601899993839,10
6.11682799999835,70
6.117028499982553,-19
6.117245299974456,-60
6.117457899992587,-51
6.11767300000065,17
6.1179795999778435,26
6.118203599995468,106
6.118423199979588,53
6.118728799978271,48
6.118952899996657,3
6.119173899991438,-29
6.119393000000855,-45
6.119607899978291,38
6.119830299983732,35
6.120028999983333,-6
6.1202474999881815,-73
6.120476099982625,-57
6.120705699984683,31
6.120925700000953,7
6.121229199983645,-14
6.121455299988156,6
6.121685799997067,-20
6.121961799974088,51
6.1221781999920495,-23
6.1224831999861635,-38
6.122707499976968,-68
6.1229580999934115,-66
6.123234599974239,-44
6.123457399982726,31
6.123657499992987,69
6.123875099990983,27
6.124105199996848,-34
6.124332599982154,0
6.124552199995378,54
6.124857699993299,-49
6.125082799990196,2
6.125302100001136,55
6.125607499998296,-12
6.125832999998238,40
6.126097699976526,-2
6.1263824999914505,18
6.126646199991228,17
6.126888099999633,18
6.127296599996043,13
6.127680099976715,2
6.128092999977525,-98
6.128449299983913,-12
6.128702099988004,10
6.128974399995059,23
6.129264499992132,9
6.129517399996985,-4
6.129766799975187,42
6.1300047999829985,-12
6.130229099973803,-79
6.130457799998112,-46
6.130678199988324,25
6.1309832999832,-78
6.131208199978573,-3
6.131427799991798,15
6.131733099988196,85
6.131958299985854,5
6.132157699990785,-26
6.1323755999910645,-46
6.132608899992192,25
6.132832399976905,87
6.1330556999892,11
6.133376599987969,86
6.133610199991381,10
6.133835099986754,-30
6.134084699995583,-4
6.134331499983091,-43
6.134588799992343,-3
6.134835799981374,-14
6.135085499990964,-70
6.135337099985918,16
6.135584999981802,14
6.1358345999906305,80
6.136034199997084,36
6.136255099991104,-17
6.136502799985465,-44
6.1367583999817725,-54
6.136981299991021,38
6.1372354999766685,-7
6.13748599999235,-25
6.1377361999766435,72
6.137985499983188,49
6.138261499989312,6
6.138483799993992,-9
6.138737999979639,11
6.138988999999128,-18
6.139238899981137,-68
6.139502199977869,8
6.139735299977474,-65
6.139987699978519,-25
6.14023439999437,-19
6.140524499991443,51
6.140818399988348,-31
6.14110839998466,-39
6.14137810000102,-32
6.141603299998678,-33
6.1418320999946445,40
6.142072999995435,0
6.142359699995723,-11
6.142589800001588,34
6.142845499998657,63
6.143128600000637,-29
6.1433940999850165,7
6.143757599988021,3
6.144079299992882,36
6.144381199992495,-20
6.144638500001747,-35
6.144995799986646,-78
6.145297999988543,24
6.145622699987143,20
6.145881199976429,-24
6.146151799999643,-46
6.146381500002462,-77
6.146624899993185,19
6.146860999986529,-14
6.147110899997642,64
6.147361299983459,50
6.147610199986957,0
6.147860600001877,38
6.148110299982363,-27
6.1483619999780785,2
6.148617799975909,-68
6.14886079999269,-20
6.149110899976222,-50
6.149361599993426,-103
6.149610599997686,6
6.149836899974616,64
6.150085699977353,15
6.150336199993035,48
6.1505856000003405,46
6.1508376999991015,9
6.151088099984918,12
6.151338099996792,-6
6.1516069999779575,-18
6.151886099978583,-14
6.1521377000026405,3
6.1523943999782205,-19
6.152646199974697,-66
6.152917599974899,-5
6.153177599975606,-52
6.153428299992811,-41
6.153765499999281,7
6.154018200002611,-49
6.154269099992234,-24
6.154520999989472,-26
6.154785299993819,-73
6.155051099980483,-76
6.15539549998357,-12
6.155665400001453,-19
6.155939699994633,-6
6.156245099991793,36
6.156519299984211,-7
6.156795199989574,-2
6.157052299997304,33
6.157306199980667,38
6.158844299992779,32
6.159782099974109,33
6.1608265999821015,42
6.161949599976651,21
6.16226439998718,25
6.162679999979446,28
6.163108999986434,27
6.163455599977169,-21
6.1637738999852445,24
6.164079499983927,39
6.16439530000207,20
6.16467030000058,33
6.164923099975567,18
6.165171799977543,103
6.1654202999779955,50
6.165676799981156,1
6.165940299979411,48
6.166251899994677,13
6.166506599984132,-22
6.166794099990511,54
6.167047599999933,-2
6.167295099992771,70
6.167548199999146,33
6.16779469998437,6
6.168042899982538,-11
6.1682950999820605,-21
6.168574199982686,-6
6.168878600001335,54
6.1691342999984045,-11
6.169420299993362,45
6.1696686999930535,-7
6.169922299974132,-15
6.170212299999548,-19
6.170479399996111,-26
6.170732500002487,-17
6.1709774999762885,-72
6.171228599996539,-45
6.17147770000156,-40
6.171710099995835,19
6.171976999990875,36
6.172248499991838,9
6.172524299996439,4
6.172790699987672,17
6.1730593999964185,10
6.1734681999951135,-54
6.173801299999468,66
6.174090199987404,13
6.1743791999761015,-1
6.174664799997117,6
6.174956299975747,-67
6.175250499974936,-39
6.175503299979027,-84
6.175748499983456,-26
6.1759992000006605,-31
6.176279399980558,-67
6.176791499980027,22
6.17720389997703,-91
6.177613999985624,4
6.178056399978232,-40
6.178376099996967,-31
6.17864319999353,-13
6.178912999981549,-59
6.179243499995209,-20
6.179534199996851,24
6.179809900000691,59
6.1801214999868535,8
6.180371299997205,5
6.1806424999958836,64
6.180898199992953,77
6.181154899997637,38
6.1814280999824405,51
6.181766599998809,-4
6.182042300002649,-8
6.182289699994726,-72
6.182557299995096,-52
6.182892199984053,-104
6.183169800002361,-76
6.183432099991478,-87
6.183744999987539,-11
6.183996099978685,-11
6.184271099977195,-83
6.184541299997363,-55
6.184813699976075,-73
6.18514449999202,47
6.185416399996029,32
6.185679999995045,-12
6.185945699980948,-13
6.1862496999965515,78
6.186498999973992,42
6.186749299988151,18
6.186998999997741,11
6.187249899987364,-1
6.187520299979951,-9
6.187790999974823,-30
6.1880635999841616,-25
6.18839629998547,3
6.188667699985672,19
6.18892099999357,45
6.189174999977695,6
6.18942739997874,2
6.189681799995014,-25
6.1899250999849755,-62
6.190177399985259,-25
6.190416799974628,-80
6.190667799994117,3
6.190918799984502,-23
6.1911808000004385,-87
6.191422099975171,41
6.191654499998549,-1
6.191947499988601,-16
6.192249899992021,-7
6.192499700002372,1
6.1927720999810845,-11
6.193180999980541,-33
6.193534499994712,25
6.19406280000112,-93
6.194538299983833,-19
6.1949145999969915,-13
6.195393999980297,-8
6.195776099979412,27
6.196082899987232,-14
6.196369199984474,3
6.1966592999815475,19
6.196935499989195,-59
6.197270099975867,-21
6.197519399982411,-34
6.197769599995809,-35
6.198045099998126,-18
6.198297900002217,-96
6.198565799975768,-15
6.198894599976484,-5
6.199150699976599,-21
6.199394900002517,-77
6.199645699991379,-32
6.1998953000002075,-30
6.200148499978241,-69
6.200416199979372,23
6.2006797999783885,36
6.200935100001516,16
6.201272899983451,-22
6.2015200999740046,-62
6.201791300001787,-58
6.202042599994456,-9
6.202295299997786,-40
6.202586200000951,-73
6.202852399990661,-41
6.203106499975547,-42
6.203352399985306,26
6.20360839998466,29
6.203852199978428,2
6.204103999974905,37
6.204374099994311,43
6.204644399986137,43
6.2049151999817695,29
6.205184299993562,33
6.205434499977855,15
6.205769799998961,-42
6.206027499982156,44
6.206337699986761,34
6.206632999994326,-18
6.20691569999326,-93
6.207192899979418,-95
6.20743529999163,-1
6.207769799977541,-13
6.208020299993223,-31
6.208271799987415,-87
6.208523399982369,-37
6.208790499978932,-41
6.209048399992753,-23
6.209295999986352,1
6.209546400001273,-7
6.2113291999849025,-26
6.213666899973759,-23
6.214792799990391,11
6.2150402999832295,51
6.21530999999959,40
6.215642499999376,39
6.215924099989934,20
6.216171799984295,31
6.216422500001499,49
6.2167284000024665,15
6.2169826999888755,-5
6.217252699978417,87
6.217503399995621,66
6.217759999999544,0
6.218043899978511,68
6.218299200001638,11
6.218553199985763,65
6.218856399995275,46
6.219106999982614,43
6.2193743999814615,74
6.219647499994608,79
6.21989829998347,38
6.220151099987561,-10
6.22039770000265,20
6.22065069997916,-17
6.2209002999879885,-42
6.221148599986918,-14
6.221396999986609,-11
6.221646499994677,-28
6.22189809998963,-68
6.222198899980867,-30
6.222503999975743,-37
6.22275419998914,-15
6.223006499989424,-59
6.223252700001467,-116
6.223544799984666,-108
6.223775599995861,12
6.224023399990983,-35
6.224269699974684,49
6.22451979998732,51
6.224769899999956,9
6.225040599994827,60
6.225310299982084,65
6.225643799989484,-11
6.2259161999973,-11
6.226188899978297,15
6.2266577999980655,-54
6.227044799976284,-58
6.227493499987759,52
6.22805169998901,-65
6.22843719998491,50
6.2287777999881655,37
6.229154599976027,-19
6.229454299987992,65
6.229785799980164,21
6.2302086999989115,-32
6.230679300002521,-1
6.231023599975742,72
6.231314599979669,29
6.231588199996622,29
6.231871700001648,7
6.232142699998803,-20
6.232413399993675,-22
6.232681800000137,-14
6.233016899990616,-18
6.233288299990818,-28
6.233556299994234,-16
6.233894399978453,51
6.234166099980939,64
6.234438399987994,66
6.234748999995645,71
6.235023699991871,53
6.235289299977012,60
6.235530999983894,9
6.2357715999823995,98
6.236019399977522,53
6.236289099993883,18
6.236556099989684,26
6.236867399973562,6
6.237128999986453,-8
6.237415999989025,41
6.237668299989309,18
6.237932099989848,37
6.238211799995042,64
6.238498899998376,-2
6.238769299990963,7
6.239018899999792,39
6.239291399979265,41
6.239561900001718,46
6.239894300000742,12
6.240169299999252,19
6.2404117999831215,12
6.240682699979516,19
6.241023299982771,-31
6.241274200001499,-84
6.241522799973609,13
6.2417732999892905,4
6.242023499973584,68
6.242371799977263,-30
6.242691299994476,-17
6.243098199978704,13
6.243498299998464,-55
6.243980400002329,50
6.244370399974287,-25
6.244757199980086,11
6.245188399974722,45
6.245537199982209,-37
6.245912499987753,52
6.246252099983394,-76
6.246560799976578,-33
6.246828599978471,-70
6.247123799985275,-13
6.247395199985476,18
6.2476660999818705,1
6.247929799981648,33
6.248185399977956,-10
6.248519499989925,67
6.248791399993934,48
6.249043999996502,28
6.249297999980627,1
6.249542299978202,-45
6.24980599997798,-15
6.250062199978856,-21
6.25039589998778,50
6.2506652000010945,52
6.2509367000020575,54
6.251275199989323,65
6.251519499986898,56
6.251728099974571,77
6.252010899974266,56
6.252272299985634,-10
6.252519699977711,-5
6.252790999977151,18
6.253058199974475,-11
6.253307999984827,-27
6.253560199984349,-19
6.253896499983966,11
6.254149399988819,12
6.254394999996293,-1
6.2546466999920085,-33
6.254913299984764,-38
6.255209900002228,13
6.255486799986102,15
6.255774099990958,5
6.2560367999831215,24
6.256328299990855,32
6.256649399991147,-55
6.256905199988978,-1
6.257149799988838,111
6.257398699992336,48
6.257658299989998,14
6.257933299988508,17
6.258186199993361,15
6.2585080999997444,40
6.258797999995295,28
6.259089400002267,-70
6.259378499991726,-55
6.259870699985186,-107
6.260424599982798,-102
6.260834299988346,-5
6.261235499987379,10
6.261446299991803,8
6.261700899980497,-10
6.261945099977311,-72
6.262191299989354,-91
6.262413599994034,33
6.262681099993642,37
6.262979299994186,62
6.263229999982286,49
6.2634772999736015,-12
6.263727299985476,49
6.263979199982714,43
6.264231199980713,20
6.264477299991995,21
6.264730399998371,17
6.264999799983343,-1
6.265269999974407,2
6.265519599983236,-23
6.2657788999786135,-88
6.266025899996748,-4
6.266317000001436,-16
6.266603600000963,-81
6.266855299996678,7
6.267108300002292,-26
6.26735439998447,-42
6.267601899977308,31
6.267853199999081,14
6.268085099989548,114
6.26835349999601,46
6.268624699994689,45
6.268922599992948,74
6.269175199995516,52
6.269435399997747,43
6.269771399995079,-3
6.270023799996125,-38
6.270338599977549,-37
6.27060319998418,3
6.270856999995885,-35
6.271123299986357,-30
6.271395699994173,-67
6.271670399990398,-77
6.271919599996181,40
6.2721690999751445,7
6.272420299996156,-25
6.2726697999751195,61
6.2729486000025645,41
6.273253499995917,-41
6.273551799997222,-16
6.273831699974835,37
6.274129299999913,-73
6.274420000001555,-42
6.274669999984326,-74
6.274918899987824,22
6.275169399974402,-3
6.275420599995414,-36
6.275671099981992,22
6.275920499989297,-17
6.27616969999508,24
6.276509999996051,10
6.276974499982316,-44
6.277383799984818,21
6.2777974999917205,4
6.278231099975528,-28
6.278548599977512,25
6.278837099991506,30
6.279146999993827,-95
6.279425699991407,-79
6.279733799980022,-38
6.279979499988258,-3
6.280233600002248,-33
6.280479399982141,-85
6.280733699997654,-25
6.28099889997975,-29
6.281270699982997,-15
6.281524099991657,-13
6.281771099980688,14
6.282020799990278,10
6.282271799980663,-40
6.282520299981115,35
6.282790799974464,61
6.2830639999883715,29
6.2833743999945,-69
6.283647499978542,-68
6.283898199995747,43
6.284147500002291,12
6.284499199973652,-22
6.284753799991449,-14
6.284999199997401,-81
6.285249399981694,22
6.285503799997969,0
6.285771599999862,-37
6.286040099977981,-50
6.286305399989942,-49
6.286570199998096,33
6.286874699988402,-44
6.287149899988435,-44
6.287416999984998,-44
6.2876795999764,-96
6.28793809999479,-70
6.288251199992374,-28
6.288504800002556,-43
6.288869599986356,-110
6.289173400000436,92
6.289457799983211,-18
6.289729299984174,65
6.289982899994357,70
6.290248999983305,72
6.290519899979699,52
6.290794399974402,54
6.291049599996768,5
6.291297899995698,38
6.2915468999999575,-5
6.291794499993557,-24
6.292045099980896,-76
6.29229369998211,-32
6.292544500000076,-43
6.29279399997904,-84
6.293181199987885,14
6.2935868999920785,-18
6.293969099991955,-5
6.294442699989304,46
6.294862999988254,-15
6.295237799989991,-29
6.2956312999885995,5
6.295942199998535,-17
6.296242299984442,-26
6.296534199995222,34
6.2968097999983,25
6.29712799997651,6
6.29739389999304,63
6.297665499994764,73
6.297929699998349,76
6.298183999984758,73
6.298519699979806,8
6.298769699991681,-59
6.299019300000509,58
6.299273499986157,32
6.29954059998272,10
6.29980379997869,12
6.300058900000295,67
6.300395400001435,45
6.300728000001982,-22
6.300980999978492,-37
6.301248799980385,-29
6.301519000000553,-15
6.301789799996186,-34
6.3020408999873325,-82
6.30229110000073,-3
6.302543300000252,-1
6.302805199986324,-54
6.303059099998791,44
6.303394599992316,3
6.303667599975597,-38
6.303931599977659,-36
6.3041837999771815,-34
6.304524299979676,-3
6.304774699994596,-44
6.305024199973559,-18
6.305274999991525,-43
6.3055443999764975,-72
6.305826099996921,-34
6.306128099997295,-27
6.3063773999747355,-25
6.306638599984581,-127
6.3069188999943435,-21
6.307169199979398,-80
6.307419499993557,-51
6.3076683999970555,-27
6.307939599995734,-83
6.308252099988749,-48
6.3085013999952935,-50
6.308757199993124,-89
6.3090030000021216,9
6.309258199995384,-6
6.309504099976039,-42
6.3098629000014625,55
6.310272699978668,40
6.310778999992181,-22
6.3111244999745395,-28
6.311411699978635,-31
6.311807799997041,-14
6.312113099993439,-89
6.3124244999780785,-99
6.312708499986911,-24
6.312972099985927,-53
6.3132225000008475,-36
6.313452199974563,-67
6.313717499986524,30
6.313953799981391,25
6.314206299983198,84
6.314442099974258,0
6.314665699988836,11
6.315003099996829,65
6.315231999993557,67
6.315443799976492,25
6.315667899994878,-30
6.3159905999782495,16
6.316261300002225,-49
6.316531999997096,-46
6.316806999995606,-35
6.317145099979825,37
6.317401799984509,43
6.317641299974639,46
6.3178961999947205,0
6.318152899999404,18
6.3184177999792155,-19
6.3186954999982845,-1
6.319042999995872,46
6.3193379000003915,20
6.319629699981306,73
6.319922800001223,-46
6.320200799993472,-40
6.3205161999794655,-25
6.3207971999945585,-60
6.321079599991208,-41
6.32138209999539,5
6.321673699974781,-1
6.321955299994443,47
6.322258399974089,-23
6.322549399978016,-4
6.322844799986342,0
6.3231346999818925,-85
6.323426299990388,-55
6.323704799986444,-39
6.324005899979966,-23
6.324298899999121,22
6.3245787999767344,5
6.324881999986246,47
6.3251743000000715,69
6.325487399997655,-80
6.325777799997013,-18
6.326057099999161,-73
6.326425799983554,-42
6.326842699985718,-11
6.3272631999861915,-22
6.327675699983956,30
6.327998599997954,22
6.328373399999691,-36
6.328799499984598,-35
6.329172699974151,-28
6.329460699984338,-22
6.329758899984881,-32
6.3300460999889765,-9
6.3303152000007685,8
6.330627699993784,12
6.330877200001851,46
6.331133100000443,2
6.331378799979575,10
6.3316265999746975,12
6.331877999997232,-38
6.332126699999208,-27
6.332376899983501,-69
6.332634099991992,-1
6.332948499999475,-7
6.3332520999829285,19
6.333502900000894,-6
6.333752999984426,1
6.334001999988686,-30
6.334251399995992,-23
6.334502899990184,-77
6.3347521999967285,49
6.335002499981783,27
6.335253299999749,-7
6.335501800000202,68
6.335752499988303,49
6.336003299977165,50
6.336252799985232,0
6.336502499994822,-13
6.336757099983515,42
6.337005799985491,-48
6.337234599981457,-58
6.337484799994854,24
6.33776929997839,-66
6.338090599980205,-34
6.338378399988869,-20
6.338629399979254,-17
6.338877899979707,-21
6.3391293000022415,-88
6.339471799990861,-40
6.339699899981497,-54
6.339992699999129,-16
6.340214099996956,-45
6.3404296999797225,-87
6.34066369998618,3
6.340883799974108,35
6.341112399997655,39
6.341338799975347,-5
6.341550699988147,-24
6.341775399981998,-90
6.342004999984056,-3
6.342234299983829,5
6.342445799993584,-45
6.34271239998634,-34
6.3430080999969505,-93
6.343441499979235,31
6.343780700000934,-36
6.344175999984145,11
6.344527599983849,-42
6.344875599985244,7
6.345153499976732,-32
6.345473199995467,33
6.3457468999840785,63
6.346001300000353,39
6.346242799976608,48
6.346491899981629,20
6.346739799977513,-9
6.346989499987103,14
6.3472383999906015,-7
6.347487699997146,-29
6.347738399985246,-21
6.3479900999809615,-5
6.348238699982176,-14
6.348488499992527,-55
6.348739399982151,27
6.348987199977273,39
6.349238199996762,-3
6.349487699975725,61
6.349738799995976,19
6.3499923999770544,46
6.350256899982924,3
6.350511299999198,-12
6.350738299981458,-74
6.350991299987072,-49
6.351240799995139,-62
6.351491799985524,-72
6.351743199978955,39
6.352016699995147,-5
6.35228819999611,-19
6.352543899993179,-29
6.352802499983227,-62
6.353080200002296,-91
6.353349899989553,-54
6.353621299989754,-92
6.3538914999808185,-95
6.3541468999756034,26
6.354394099995261,-6
6.354662500001723,-9
6.354930499976035,-10
6.355270300002303,-97
6.355538099975092,-89
6.355806799983839,-81
6.356149400002323,-23
6.356395199982217,-24
6.356645199994091,-54
6.3568950999761,-104
6.357143899978837,-23
6.357415699982084,-40
6.357687799987616,-40
6.357998499996029,-49
6.358269799995469,-44
6.358540799992625,-39
6.358805600000778,-65
6.359059999987949,-38
6.3594605999824125,0
6.359816599986516,-25
6.360159299976658,-54
6.360640599974431,35
6.361189299990656,-31
6.361514999996871,56
6.361830399982864,23
6.362186299986206,13
6.362502699979814,22
6.3627765999990515,50
6.363061699987156,41
6.363377100002253,4
6.363624199992046,-23
6.363890399981756,63
6.3641622999857645,56
6.364438299991889,27
6.364747799991164,-16
6.365025599981891,-8
6.365289299981669,-34
6.365559500001837,-49
6.365894699993078,13
6.366165599989472,2
6.366435699979775,-2
6.366769399988698,59
6.367024399980437,4
6.367270799994003,8
6.367539899976691,36
6.367805799993221,36
6.3680604999826755,13
6.368394399993122,47
6.368666499998653,55
6.368930799973896,41
6.369195699982811,-2
6.36945719999494,27
6.369727599987527,30
6.369980799994664,45
6.370248999999603,20
6.370519799995236,-6
6.3707899999863,11
6.3710628999979235,5
6.3713735999772325,-3
6.3716450999781955,-13
6.371895299991593,53
6.3721477999933995,52
6.372394499980146,34
6.372666899987962,46
6.372934399987571,45
6.373269599978812,50
6.373541499982821,44
6.373795199993765,70
6.3740493999794126,16
6.374291099986294,62
6.37455469998531,6
6.374790799978655,10
6.375121199991554,16
6.375377399992431,60
6.375628299982054,8
6.375880199979292,6
6.376126599992858,-12
6.376550899993163,-53
6.376922600000398,-63
6.377415900002234,29
6.37788419998833,16
6.3781875999993645,-10
6.378509000001941,13
6.378824499988696,17
6.379121699981624,-46
6.379380999977002,-60
6.379670700000133,-9
6.3799181999929715,-55
6.380168599978788,12
6.380420699977549,2
6.380673999985447,14
6.380926299985731,59
6.381180799973663,26
6.381473099987488,17
6.381769899977371,-8
6.3820198999892455,70
6.382269800000358,38
6.382541899976786,6
6.382796199992299,61
6.3830463999765925,9
6.3833088999963365,26
6.3836444999906234,24
6.383915699989302,36
6.384158999979263,2
6.384413299994776,45
6.384685899975011,74
6.384998299996369,35
6.3852485999814235,20
6.385518800001591,54
6.385790399974212,74
6.386055599985411,94
6.386308299988741,66
6.386644499987597,27
6.386916099989321,-4
6.387167899985798,-35
6.387423999985913,67
6.387666199996602,43
6.387930700002471,-6
6.388185199990403,28
6.388519799977075,21
6.388794999977108,48
6.3890458999958355,42
6.389307799981907,-1
6.389644799986854,-58
6.389916399988579,-67
6.390159799979301,-112
6.390431299980264,22
6.390771099977428,-51
6.391020599985495,-33
6.3912707999988925,-28
6.391550000000279,-96
6.391809799999464,-112
6.392144499986898,-7
6.39239899997483,-26
6.392701599979773,-29
6.393156399979489,39
6.39348389999941,0
6.393816999974661,41
6.394135499984259,-14
6.394584199995734,-76
6.394946799991885,33
6.395313699991675,-81
6.395628099999158,22
6.3959023999923375,11
6.396188099985011,30
6.39647929999046,-90
6.3967298999777995,-4
6.396978599979775,1
6.3972316999861505,-35
6.397499199985759,58
6.397770999989007,54
6.3980408999777865,70
6.398305599985179,62
6.398556699976325,38
6.398895799997263,-21
6.39924999998766,-26
6.39951989997644,-14
6.399793099990347,-11
6.4000458999944385,-16
6.400295699975686,-66
6.4005467999959365,0
6.400796100002481,-57
6.401048899977468,4
6.401325099985115,-68
6.401628599996911,-22
6.401878699980443,-76
6.402128399990033,26
6.402378099999623,39
6.402627599978587,-55
6.40287890000036,34
6.403126899997005,-28
6.403378299990436,73
6.403627299994696,59
6.403877499978989,20
6.404127799993148,13
6.4043788999842945,-24
6.404628199990839,-22
6.40487519997987,-49
6.405130899976939,-30
6.405375799979083,-42
6.405656199989608,-78
6.40593579999404,-19
6.406249499996193,6
6.4065195999864955,-41
6.406798299984075,5
6.407063099992229,-13
6.407394199981354,38
6.407665699982317,64
6.407935199997155,48
6.408270399988396,-32
6.408568099985132,-17
6.408894199994393,-36
6.40916529999231,-27
6.4094624999852385,-33
6.411020699975779,-11
6.411545899987686,12
6.4118552999862,-90
6.41214790000231,-75
6.412465000001248,-6
6.412730599986389,9
6.413001799985068,-12
6.41323399997782,-47
6.4134871999849565,-31
6.413770199986175,-16
6.414024300000165,-11
6.414271799993003,-94
6.414520199992694,-4
6.414790999988327,-30
6.415054699988104,-32
6.415308099996764,-44
6.415645200002473,-40
6.4159165999735706,-38
6.41617949999636,-18
6.4164355999964755,-38
6.4167709999892395,-4
6.417019999993499,38
6.417274799983716,-1
6.417524499993306,-27
6.4177953999897,-7
6.418045400001574,-29
6.4182950999820605,-3
6.418548799993005,7
6.418832099996507,-25
6.41910589998588,-23
6.4193559999985155,-77
6.419606699986616,32
6.419862499984447,21
6.420145299984142,3
6.420416599983582,47
6.42066779997549,-29
6.420929799991427,-32
6.421184299979359,-22
6.421455799980322,50
6.421727699984331,53
6.421980899991468,3
6.422249199997168,14
6.422518299979856,-12
6.422790599986911,29
6.4230337999761105,-10
6.42329389997758,34
6.423559099988779,49
6.4238088999991305,20
6.42414469999494,-21
6.424416299996665,-14
6.4246888999769,-23
6.42499780000071,-9
6.4252691000001505,9
6.425551099993754,-12
6.4258285999821965,-87
6.426124199992046,-27
6.426456999994116,-83
6.427669700002298,-5
6.428142599994317,22
6.428506600001128,37
6.428777799999807,-2
6.42904859999544,52
6.429369799996493,-17
6.429637599998387,-25
6.429914699983783,-30
6.430181299976539,-31
6.430515799991554,3
6.430794899992179,-1
6.431034199980786,-53
6.431292900000699,1
6.431547299987869,-30
6.4318097999785095,-54
6.4321438999904785,-55
6.432415899995249,-33
6.432679999998072,-8
6.432934799988288,-16
6.433271599991713,21
6.433539999998175,27
6.433809799986193,7
6.434144999977434,-33
6.434415199997602,-46
6.434684699983336,-33
6.435023400001228,-57
6.435270999994827,3
6.4355195999960415,-26
6.435769599978812,-72
6.436040299973683,33
6.436304000002565,32
6.436559900001157,-7
6.436894599988591,-18
6.437164999981178,-35
6.437439299974358,-26
6.437771700002486,44
6.438045199989574,43
6.438306800002465,38
6.438664699991932,51
6.4389179999998305,44
6.439181099995039,18
6.439432899991516,26
6.439769999997225,-25
6.440020099980757,-83
6.440257599984761,33
6.440575999993598,15
6.440831699990667,15
6.441132399981143,-34
6.4414165999914985,-21
6.44166939999559,-79
6.44192889999249,5
6.442207999993116,-104
6.442477799981134,-86
6.442727399989963,-10
6.443304899992654,-36
6.443712499982212,-14
6.44414009997854,-23
6.444523699989077,-1
6.444895599997835,-24
6.445222999987891,22
6.445495499996468,46
6.445767199998954,91
6.446027400001185,41
6.446295199973974,68
6.446538599993801,23
6.446793299983256,59
6.447051299997838,28
6.447293799981708,14
6.447550099983346,26
6.447787199984305,-44
6.448037699999986,-56
6.448287399980472,-67
6.448538099997677,12
6.448786199995084,-58
6.449037199985469,58
6.449295500002336,35
6.449542799993651,3
6.449787899997318,76
6.4500371999747586,42
6.450286399980541,38
6.45053529998404,11
6.450761599990074,-19
6.451013599988073,-21
6.45126539998455,-19
6.451539499976207,-13
6.451788099977421,-57
6.4520423999929335,21
6.452301799989073,-38
6.452554599993164,-33
6.452831299975514,-12
6.453102400002535,-36
6.453355999983614,64
6.4536085999861825,32
6.453907699993579,42
6.454195799975423,-58
6.454528699978255,-21
6.454858699988108,24
6.4551445999823045,46
6.4554160999832675,35
6.4556938000023365,77
6.455999400001019,39
6.45625379998819,-22
6.456498299987288,27
6.4567473999923095,57
6.457019900000887,-4
6.457290999998804,4
6.4575607999868225,16
6.457873099978315,47
6.4581440999754705,75
6.4584143999964,59
6.458665999991354,61
6.458934099995531,5
6.45918029997847,12
6.459426199988229,-27
6.459858699992765,-46
6.461350199999288,-62
6.461654899991117,-24
6.462028499983717,59
6.462458099995274,-71
6.462811699981103,81
6.463163299980806,-14
6.4634308999811765,-17
6.46374300000025,0
6.464024699991569,-4
6.464271599979838,27
6.464521599991713,-20
6.46477109999978,-15
6.465019800001755,-23
6.465291200001957,-100
6.465555399976438,-51
6.465807299973676,7
6.466144299978623,20
6.466417699994054,-6
6.466682599973865,-8
6.466935199976433,-39
6.46727219998138,61
6.467523100000108,42
6.467769899987616,-17
6.468022599990945,36
6.468272199999774,-29
6.468530799989821,-31
6.4688119999773335,6
6.469146699993871,13
6.46940099998028,54
6.469648799975403,-18
6.4698964999988675,-18
6.4701441999932285,-46
6.470455299975583,-85
6.4707283999887295,-20
6.470981799997389,-5
6.471230299997842,-53
6.4714811999874655,-21
6.4717276000010315,-9
6.471978599991417,-79
6.4722079999919515,-1
6.472543999989284,-68
6.47279809997417,-73
6.473114899999928,-39
6.473407099983888,-27
6.47369779998553,18
6.473998999979813,19
6.474270199978491,1
6.474540700000944,17
6.474804400000721,0
6.4750600999977905,39
6.475409499980742,80
6.475688299979083,-41
6.476021599984961,-85
6.476288399979239,-15
6.476804599980824,-46
6.477281999978004,-11
6.477616799995303,-30
6.478040399990277,-19
6.4784134999790695,-81
6.478850799991051,-32
6.479246799979592,-44
6.479559300001711,-13
6.4798535000009,36
6.48010649997741,9
6.480357799999183,2
6.480603099975269,73
6.480854800000088,13
6.481108499981929,0
6.4813518000009935,-7
6.481604000000516,4
6.481851699994877,6
6.482102099980693,-63
6.482354499981739,-6
6.482627199991839,-38
6.482893899985356,-38
6.4831647999817505,-13
6.48343439999735,-35
6.483770999999251,37
6.484020299976692,-16
6.4842701999878045,-42
6.484519499994349,-33
6.484789099980844,-70
6.485059500002535,-63
6.485376799973892,19
6.485643899999559,12
6.48591619997751,-25
6.4862277999927755,67
6.4864983999868855,43
6.486770899995463,103
6.48704059998272,74
6.487311099976068,41
6.487645099987276,29
6.48789509999915,12
6.488184199988609,-11
6.48843629998737,3
6.488749399984954,-65
6.489002599992091,13
6.489254699990852,-26
6.489502399985213,48
6.489753599977121,77
6.490001099999063,25
6.490251099981833,59
6.4905022000020836,21
6.490784099994926,-9
6.491072999982862,59
6.491381300002104,19
6.491670999996131,23
6.491947799979243,18
6.492254099983256,-103
6.492502899985993,-6
6.492752299993299,20
6.493117299978621,-40
6.493460099998629,-57
6.493870399979642,-18
6.49419869997655,20
6.49464839999564,30
6.494945199985523,-30
6.495280699979048,-17
6.495579799986444,24
6.49586259998614,38
6.496106799982954,33
6.49637779998011,16
6.496631599991815,7
6.49685889997636,48
6.49711299999035,-9
6.497364699986065,22
6.497636499989312,-9
6.497911099984776,3
6.498192499973811,32
6.498496299987892,2
6.498769199999515,1
6.499042199982796,0
6.499316499975976,-20
6.499645799980499,-51
6.4998951999878045,34
6.500145599973621,6
6.50039589998778,-21
6.500605199980782,35
6.500878899998497,71
6.501126099989051,11
6.501377799984766,-4
6.501628400001209,7
6.50188279998838,-54
6.502170399995521,-79
6.50242169998819,-5
6.502701199991861,-15
6.503004899976077,14
6.503254599985667,-18
6.503503299987642,-60
6.503753500001039,-33
6.504002100002253,-51
6.504270999983419,-16
6.504524899995886,0
6.504771499981871,-76
6.50502719997894,22
6.505272299982607,-8
6.505534399999306,5
6.505802499974379,-53
6.506062899978133,64
6.506374199991114,18
6.506644899985986,-35
6.506915599980857,11
6.507180699991295,-39
6.5074328999908175,-32
6.5077768999908585,-70
6.508057899976848,-21
6.508395899989409,21
6.508665599976666,47
6.508943499997258,38
6.509380799980136,32
6.50978120000218,-38
6.510096599988174,-12
6.5104645999963395,-48
6.511192199977813,-24
6.511526699992828,23
6.511835699988296,10
6.512122199987061,-56
6.512433899973985,29
6.5127438999770675,-85
6.51302859999123,-37
6.513340399978915,10
6.513643499987666,-2
6.5139202999998815,69
6.514180799975293,18
6.5144361999991816,-10
6.514750099973753,62
6.515003799984697,66
6.5152715999865904,-9
6.515520499990089,63
6.515792899997905,72
6.516047299985075,30
6.516274299996439,50
6.5165197999740485,-22
6.5167909000010695,-29
6.5170561999839265,-30
6.517306900001131,-25
6.517646499996772,58
6.5179008999839425,18
6.518146299989894,0
6.518400000000838,21
6.518645399977686,-31
6.518915599997854,-54
6.5191805999784265,-42
6.5194319000002,-15
6.519772799976636,25
6.520025399979204,-8
6.520269399974495,-7
6.520519599987892,-12
6.520769499999005,-66
6.521019399981014,-42
6.52127319999272,-33
6.521540899993852,-80
6.521806499978993,-90
6.522073100000853,-7
6.52237459999742,-26
6.522628699982306,-83
6.522874899994349,-22
6.523128699976951,-52
6.523399400000926,-80
6.523650199989788,5
6.523922799999127,5
6.524202799977502,-71
6.524504499975592,-36
6.524803399981465,-36
6.525098799989792,-46
6.525384999986272,6
6.52567239999189,13
6.525981999991927,35
6.526276299991878,36
6.5269205999793485,-44
6.527448999986518,40
6.52786939998623,19
6.528265799977817,26
6.528726099990308,12
6.529038699984085,15
6.5293689999962226,30
6.5296210999949835,32
6.529891599988332,32
6.530162699986249,10
6.530427099991357,47
6.530762799986405,-23
6.531036899978062,-20
6.531307799974456,-10
6.531642999994801,32
6.531903199997032,-3
6.532145399978617,-4
6.532395899994299,-25
6.532649999979185,-22
6.532917699980317,-78
6.533153500000481,-15
6.533439899998484,3
6.533772900002077,-2
6.534023999993224,3
6.534291099989787,8
6.53455519999261,19
6.534790199977579,-10
6.53506159997778,-7
6.535355999978492,-6
6.535606999997981,-63
6.53585759998532,-110
6.536148899991531,0
6.536398700001882,-102
6.536649399989983,6
6.5368992000003345,-40
6.53715089999605,-75
6.5374198999779765,31
6.537670299992897,16
6.537926199991489,-35
6.538169799983734,59
6.53841989999637,28
6.5386700999806635,5
6.538925399974687,54
6.539170599979116,15
6.539425599999959,4
6.539672099985182,-63
6.539920299983351,-54
6.540169799991418,-34
6.540440199984005,-81
6.540751599997748,6
6.541003199992701,-25
6.541253599978518,-68
6.541543899977114,-26
6.541800099977991,-86
6.542045599984704,-25
6.542294899991248,-56
6.542566099989926,-92
6.543120299989823,-78
6.543527299974812,-43
6.544057199993404,45
6.544368699978804,-36
6.544630199990934,-84
6.5450774999917485,-11
6.545467899995856,-34
6.54578029998811,19
6.546052499994403,41
6.546305299998494,19
6.546550499973819,-13
6.546791599976132,-64
6.547038599994266,-9
6.547307000000728,-30
6.547620099998312,10
6.547891399997752,-4
6.548163100000238,4
6.54843080000137,18
6.548751199996332,61
6.549020799982827,32
6.549291299976176,4
6.549562599975616,18
6.549894899973879,-56
6.550164999993285,-82
6.550441499974113,-58
6.550749399990309,-13
6.5510024999966845,-26
6.551249599986477,-83
6.551503800001228,37
6.551769599987892,21
6.552023600001121,-13
6.552273899986176,55
6.5525190999906044,35
6.552770299982512,5
6.553020599996671,55
6.553290299983928,35
6.5535594999964815,59
6.553873700002441,0
6.5541451999743,-2
6.554416599974502,-26
6.554691400000593,-41
6.555000699998345,10
6.5552748999907635,-19
6.555523999995785,-64
6.555770299979486,-83
6.55602540000109,0
6.556292799999937,9
6.556546699983301,-18
6.556852599984268,20
6.557124799990561,27
6.5574034999881405,39
6.557683399994858,-54
6.558026599988807,-50
6.558270099980291,-31
6.5585608999826945,-14
6.558867099985946,-39
6.559110999980476,-25
6.55935659998795,4
6.559633500000928,-87
6.559979399986332,-21
6.560354399989592,55
6.560781399981352,-83
6.561236499983352,8
6.561560499976622,-4
6.56183510000119,42
6.56225769998855,29
6.562586499989266,-24
6.562868299981346,46
6.563159999990603,33
6.56343619999825,31
6.563730599998962,-45
6.56399899997632,-57
6.564271399984136,-74
6.564521499996772,36
6.564770500001032,32
6.565024499985157,1
6.565270299994154,58
6.565540099982172,41
6.565775600000052,0
6.56601939999382,-27
6.566270199982682,-20
6.566540799976792,-4
6.566792600002373,9
6.567064999981085,-46
6.567375299986452,8
6.567642499983776,24
6.567897899978561,2
6.568156699999236,17
6.568440799979726,69
6.568777699983912,76
6.5690687999885995,-2
6.569418699975358,-62
6.5696756999823265,-111
6.569965000002412,-37
6.570263299974613,-18
6.570556499995291,-12
6.570864599983906,-11
6.571182699990459,36
6.57142809999641,58
6.571657699998468,-23
6.571885299985297,20
6.57211319997441,-44
6.572372599999653,-28
6.572622299980139,-23
6.572847799980082,-14
6.5730987999995705,-100
6.573350599996047,28
6.573593899986008,20
6.573843599995598,-10
6.574101499980316,89
6.574370499991346,91
6.574619899998652,40
6.57487109999056,16
6.575119299988728,23
6.575371399987489,-11
6.575618299975758,-33
6.5758721999882255,-70
6.576118099997984,-31
6.576548499986529,-69
6.576883899979293,-97
6.5772631999861915,-63
6.577586400002474,51
6.577959499991266,-67
6.57830439999816,-42
6.578645399975358,28
6.578928199975053,5
6.579185599985067,-61
6.579453199985437,26
6.579754199978197,-16
6.579989999998361,-74
6.5802408999879844,23
6.580491100001382,14
6.580741499987198,-7
6.580991599999834,33
6.581241699983366,13
6.581492500001332,74
6.5817420999810565,26
6.581991999992169,-17
6.582262299983995,-6
6.582487699983176,-1
6.582740999991074,-22
6.582991699979175,-104
6.583241199987242,-6
6.583490799996071,-19
6.5837655999930575,-50
6.584039599983953,-24
6.584311299986439,-63
6.584645800001454,-41
6.584894200001145,-19
6.585144399985438,-10
6.585394699999597,-88
6.585645199986175,57
6.585916699987138,-19
6.586188799992669,-4
6.586520499986364,-52
6.586790999979712,-51
6.587056299991673,-29
6.587307099980535,-49
6.587645599996904,13
6.5879169999971054,-1
6.588160999992397,-42
6.588448399998015,-36
6.588749899994582,39
6.589000299980398,14
6.58925520000048,-22
6.589549600001192,-25
6.5898251999751665,21
6.5901264999993145,50
6.590376199979801,42
6.5906361999805085,4
6.590916799992556,46
6.591168599989032,23
6.591421499993885,10
6.5917015000013635,39
6.5919815999805,-3
6.592232499999227,-38
6.592481399973622,-13
6.592733400000725,-23
6.593153599998914,-12
6.593519199988805,-91
6.59390739997616,20
6.594211599993287,13
6.594559599994682,-31
6.594970599981025,7
6.595307999989018,-29
6.595625099987956,-22
6.595896599988919,0
6.596146999974735,-1
6.596416899992619,-74
6.596660699986387,-16
6.596933499997249,-29
6.597266600001603,3
6.597523499978706,5
6.597786400001496,5
6.598063099983847,31
6.598377899994375,30
6.598628999985522,31
6.598874099989189,10
6.599126699991757,-26
6.5993744999868795,-9
6.599645899987081,-25
6.5999207999848295,-33
6.6002092999988236,-78
6.600478199979989,3
6.6007275999872945,8
6.6009805999929085,-57
6.601232399989385,-12
6.601500199991278,-12
6.601770699984627,-14
6.602040999976452,-31
6.602311999973608,-66
6.602645099977963,30
6.602915399998892,41
6.603160300001036,-30
6.603413299977547,-41
6.603684599976987,-67
6.603998899983708,-13
6.604269299976295,-32
6.604541899985634,-25
6.604821599990828,-16
6.605129899980966,-5
6.605408099974738,57
6.6057031999807805,35
6.605969500000356,68
6.606242299982114,27
6.606475699984003,-17
6.606721899996046,1
6.607244399987394,-13
6.6074984000006225,11
6.607747000001837,-33
6.607993399986299,-35
6.6082425999920815,-14
6.608492100000149,-83
6.608750199986389,1
6.60899349997635,-15
6.609242299979087,29
6.609509999980219,30
6.609766199981095,-12
6.610047499998473,-45
6.610422799974913,15
6.610817899985705,-35
6.611188399983803,-65
6.611519500002032,-14
6.611761999985902,3
6.612015099992277,-66
6.612294199992903,-11
6.612540399975842,-47
6.612825399992289,-19
6.613102199975401,24
6.613349099992774,-40
6.613593699992634,-30
6.613867499982007,-32
6.614129199995659,-22
6.614389199996367,-76
6.614661599975079,-50
6.614927099988563,-38
6.6152676999918185,50
6.6155415999819525,27
6.61580599998706,43
6.616143399995053,33
6.616418399993563,15
6.616684999986319,18
6.61699489998864,-98
6.617265099979704,-56
6.61754189999192,-77
6.617830099974526,6
6.618079899984878,39
6.618328799988376,-7
6.618602799979271,14
6.618852599989623,-36
6.619101499993121,42
6.619351999979699,50
6.619600999983959,13
6.619872699986445,75
6.620144299988169,62
6.620413999975426,76
6.62068389999331,83
6.621000399987679,26
6.621270499977982,-13
6.621539399988251,3
6.6218070999893826,-24
6.622145299974363,-21
6.622413899982348,1
6.62268229998881,-29
6.623020999977598,62
6.623270999989472,-14
6.623520399996778,-18
6.623768799996469,-7
6.624042899988126,-71
6.624312799976906,-52
6.624655599996913,27
6.624917399982223,54
6.625188399979379,38
6.625435099995229,21
6.625750099978177,53
6.626001099997666,38
6.62627569999313,12
6.626663799979724,-9
6.627313199976925,-35
6.627739999996265,-15
6.627977099997224,5
6.62836529998458,36
6.628716499981238,-37
6.629119699995499,-17
6.6294022999936715,-46
6.629690199973993,-36
6.630006499995943,-66
6.630276399984723,-91
6.630556199990679,-63
6.630851099995198,-8
6.631100999977207,-67
6.6313512999913655,-41
6.63160059999791,-18
6.631851399986772,-64
6.632101299997885,18
6.6323519999859855,-18
6.63262359998771,1
6.632893999980297,-24
6.633164599974407,27
6.633419099991443,63
6.633677399979206,48
6.633933199977037,62
6.634251599985873,14
6.634504299989203,74
6.634748899989063,18
6.635021299996879,17
6.635270200000377,11
6.635517799993977,-17
6.635792399989441,-10
6.636039699980756,4
6.6363083999895025,-30
6.636624599981587,24
6.63689439999871,-16
6.637164899992058,21
6.637433500000043,29
6.637773599999491,23
6.6380228999769315,4
6.638271899981191,27
6.638521599990781,8
6.638778099993942,-14
6.639063799986616,13
6.639378399995621,13
6.639629299985245,13
6.639941599976737,54
6.640233899990562,12
6.640524899994489,13
6.640815599996131,-96
6.641154899989488,-26
6.641440399980638,37
6.64175239999895,53
6.642010599985952,40
6.642297799990047,26
6.642573599994648,36
6.642902499996126,-91
6.643242799997097,-64
6.644376099982765,-36
6.644760700000916,-10
6.645116699975915,43
6.6455506999918725,-23
6.645894399989629,-5
6.646217499976046,-32
6.646536799991736,-38
6.646820399997523,-17
6.647103999974206,-21
6.647352100000717,-24
6.647622799995588,-11
6.64789419999579,10
6.648164299986092,31
6.6484364999923855,8
6.6487512000021525,39
6.649017799994908,19
6.649276599986479,31
6.649517399986507,17
6.6497928999888245,27
6.65003789999173,-32
6.650308699987363,-11
6.650624699977925,38
6.650893699988956,42
6.65116319997469,44
6.651432099984959,50
6.651771299977554,62
6.652040899993153,75
6.65231129998574,64
6.652650599979097,-2
6.65289749999647,8
6.653154999978142,-87
6.653444099996705,-6
6.653772399993613,2
6.654022000002442,-68
6.654272699990543,-27
6.654915999999503,-97
6.655171099992003,10
6.65542060000007,18
6.655682599986903,69
6.655942999990657,29
6.656280999974115,-10
6.656562799995299,-14
6.656854000000749,-86
6.657106999977259,18
6.657353999995394,-1
6.657603799976641,-33
6.657854299992323,53
6.658109599986346,36
6.658396599988919,29
6.658846499980427,25
6.659189799975138,-65
6.659482699993532,-2
6.6597846999939065,-99
6.660257299983641,54
6.660892099986086,0
6.661230600002455,27
6.661722699995153,54
6.66216949999216,-85
6.662617499998305,69
6.662928499979898,-7
6.663184999983059,-17
6.663435599999502,-18
6.663751899992349,16
6.663994399976218,10
6.664249099994777,5
6.664514699979918,-25
6.664790099981474,-23
6.665057199978037,-10
6.665394399984507,42
6.665661199978786,62
6.66593859999557,57
6.666246399981901,-22
6.666518499987433,-54
6.666789399983827,-37
6.667058199993335,-54
6.667397499986691,-77
6.667674199998146,-17
6.667923200002406,-16
6.668202100001508,-7
6.668479599989951,-43
6.668747399991844,-21
6.669018299988238,7
6.669290299993008,-17
6.66956029998255,3
6.669897599989781,10
6.670143600000301,23
6.670392999978503,0
6.670671699976083,-5
6.670920299977297,-10
6.671173999988241,-21
6.671426799992332,-62
6.671655399986776,-14
6.671949699986726,-33
6.672249700000975,-34
6.672500499989837,-7
6.67275639998843,-5
6.673001499992097,-82
6.673234099987894,-79
6.6734791999915615,35
6.673729499976616,69
6.674110099993413,20
6.674405300000217,-26
6.6747013999847695,14
6.675021999981254,13
6.675271899992367,52
6.675524699996458,-10
6.675809999986086,32
6.676161499985028,41
6.676584299973911,-38
6.676925299980212,27
6.677269399981014,-7
6.6776951999927405,-24
6.67804279999109,-12
6.678359499986982,-34
6.678636999975424,-48
6.679026799974963,-17
6.679321799980244,58
6.679588599974522,-64
6.6798746999993455,-7
6.680132999987109,-72
6.680396399984602,-47
6.680662300001131,4
6.680937999975868,-9
6.681268299988005,12
6.681524899991928,-12
6.681835399998818,-3
6.682098899997072,-2
6.682348299975274,-12
6.682598799990956,-17
6.682854299986502,-46
6.6831237000005785,-36
6.683394899999257,-7
6.683665499993367,-23
6.683942099974956,0
6.684251799975755,4
6.684502899996005,-15
6.6847515999979805,-20
6.68499779998092,-14
6.685247999994317,-68
6.685518999991473,-12
6.685789599985583,-23
6.686061099986546,-26
6.686394299991662,-27
6.686664499982726,-12
6.686938799975906,-14
6.687250399991171,66
6.687518999999156,45
6.687817899975926,35
6.688158199976897,20
6.688384199980646,25
6.688614799990319,-23
6.688868999975966,51
6.689118799986318,56
6.689368099992862,34
6.689617199997883,14
6.689867899985984,-36
6.690267999976641,5
6.690583899995545,3
6.690872099978151,-12
6.691120499977842,-39
6.691368799976772,-31
6.691618199984077,-91
6.691867799992906,0
6.6921174000017345,10
6.692367799987551,-21
6.692617900000187,37
6.692867899982957,-8
6.693186299991794,37
6.69351579999784,-79
6.6940308999910485,-71
6.694415999983903,-43
6.6948042000003625,37
6.6950864999962505,-76
6.695456999994349,-8
6.695736900001066,87
6.696013999986462,39
6.6962991999753285,77
6.696573900000658,68
6.696865399979288,9
6.697115099988878,10
6.697364699997706,42
6.697613999975147,32
6.697863699984737,40
6.69811430000118,71
6.698362099996302,44
6.698636099987198,2
6.69886089998181,-18
6.6991144999919925,-27
6.699365799984662,-9
6.699613899982069,-69
6.699866499984637,-17
6.700138499989407,-15
6.700362199975643,23
6.700615199981257,45
6.700864199985517,-8
6.701115299976664,64
6.7013719999813475,39
6.701643199980026,17
6.701900099986233,-7
6.702164799993625,67
6.7024317999894265,82
6.702767499984475,45
6.703041399974609,11
6.703306599985808,49
6.703640099993208,-25
6.70391449998715,-18
6.7041841999744065,-54
6.7045173999795225,-1
6.7047898999881,2
6.705057599989232,-14
6.705420399986906,13
6.705673199990997,-17
6.7059491999971215,-14
6.706226499984041,-12
6.706498199986527,-30
6.706770899996627,-3
6.707018799992511,79
6.707293099985691,72
6.707540199975483,73
6.707809699990321,59
6.708148599980632,-5
6.708393199980492,-44
6.708671499975026,-48
6.708934299997054,18
6.709250799991423,-17
6.7095218999893405,-33
6.709834899986163,-92
6.71022969999467,-23
6.710636499978136,-42
6.711077399988426,31
6.711411899974337,-22
6.711829799984116,13
6.712206999975024,-71
6.712520499975653,13
6.712820199987618,24
6.713119799998822,-41
6.713369099976262,15
6.7136253999779,38
6.713883599994006,61
6.714163600001484,10
6.714433599991025,-12
6.714767799974652,-64
6.7150468999752775,-60
6.715280999982497,0
6.715564099984476,-3
6.715855099988403,-94
6.716102899983525,-1
6.716350899980171,-24
6.7166212000011,-52
6.716892999975244,-10
6.717172099975869,-21
6.717432199977338,-37
6.717769799986854,-70
6.718038199993316,-71
6.71830699997372,-62
6.718646900000749,3
6.71889249997912,-71
6.719143199996324,7
6.719394499988994,-20
6.719666599994525,-42
6.719942099996842,-23
6.7202599000011105,48
6.720548599987524,21
6.720836799999233,28
6.72113319998607,60
6.721418399974937,-47
6.721673899999587,35
6.721910099993693,5
6.7221865999745205,14
6.722521799994865,-23
6.722771599976113,-60
6.723024899984011,28
6.723276699980488,-15
6.723551199975191,-3
6.723811099975137,-24
6.724128899979405,-95
6.724376300000586,-12
6.724636899976758,-31
6.724926399998367,-35
6.725172099977499,-67
6.7254584999755025,-56
6.725753799983067,-35
6.725999999995111,-24
6.726288899983047,-92
6.7267041000013705,-2
6.727046899992274,41
6.7274147999996785,-84
6.727749399986351,-24
6.7280575999757275,58
6.728364499984309,-37
6.728666399983922,6
6.728998699982185,-115
6.729282399988733,7
6.729591099981917,12
6.729874499986181,60
6.730126799986465,52
6.730371299985563,54
6.730643299990334,23
6.730913099978352,34
6.731182399991667,62
6.731433099979768,47
6.731761999981245,41
6.731988899991848,84
6.732242899975972,38
6.732492099981755,12
6.732743000000482,-3
6.732993699988583,-20
6.733241999987513,-33
6.733492599974852,-83
6.733743999997387,-9
6.733991999994032,7
6.734242299979087,48
6.734491599985631,23
6.734742000000551,20
6.734991999983322,85
6.735242399998242,67
6.735491999977967,12
6.73574189998908,8
6.7359941999893636,0
6.736243299994385,-21
6.736492600000929,-67
6.736742299981415,6
6.737012899975525,-42
6.737239599984605,11
6.737493799999356,-8
6.7377464000019245,-23
6.737991899979534,50
6.738242499995977,19
6.738523699983489,10
6.738769399991725,59
6.739019100001315,38
6.739272299979348,0
6.739523199998075,-3
6.73983129998669,-62
6.74010559997987,48
6.740354699984891,16
6.740620999975363,29
6.740896799979964,41
6.741145899984986,-1
6.741396699973848,-27
6.741652199998498,-11
6.741896399995312,-59
6.742146299977321,-49
6.742396099987673,-82
6.742650499974843,30
6.742968699982157,9
6.743378099985421,-75
6.743742699996801,9
6.744249399984255,-40
6.744634199974826,-67
6.74492709999322,77
6.745250699983444,102
6.7455654999939725,-81
6.745972599979723,-45
6.746401399985189,51
6.7467446999798995,-9
6.7470223999989685,92
6.747377799998503,43
6.747705599991605,-54
6.748018899990711,12
6.748266899987357,22
6.748543099995004,6
6.74878909997642,-14
6.749056000000564,-2
6.749372299993411,55
6.749639699992258,32
6.749913999985438,28
6.750180099974386,54
6.750497299974086,44
6.750722299999325,77
6.7509322999976575,-6
6.751267499988899,73
6.751516199990874,37
6.751764699991327,47
6.752019899984589,-2
6.752291199984029,-2
6.752561100001913,-36
6.752893600001698,31
6.753168099996401,-3
6.753419299988309,24
6.753698699991219,70
6.753998499974841,8
6.754247999982908,-1
6.7544983999978285,59
6.7547484999813605,44
6.75501880000229,22
6.7552903999749105,7
6.755560299992794,9
6.755896299990127,-45
6.756165899976622,-38
6.7564366000005975,-70
6.756769200001145,-90
6.757040700002108,-61
6.75731309998082,-90
6.757643099990673,-23
6.757939399976749,0
6.758242399984738,29
6.758527599973604,32
6.7588163999898825,18
6.759159099980025,-29
6.759442299982766,-79
6.7598481999884825,-9
6.760204599995632,-10
6.7605588999867905,-17
6.760923699999694,102
6.761298099998385,-4
6.761573600000702,27
6.7619143999763764,54
6.762287199991988,-3
6.762628099997528,4
6.7629309999756515,53
6.763285499997437,81
6.763618700002553,-16
6.764075999992201,-3
6.7643975999963,-30
6.764755799988052,-34
6.765031499991892,60
6.765338299999712,56
6.765619399986463,66
6.765891599992756,-23
6.766163599997526,-45
6.76643379998859,-51
6.766722899978049,9
6.766969099990092,-59
6.767242199974135,46
6.767513200000394,41
6.767786499985959,25
6.768056299973978,38
6.768389799981378,19
6.768660799978534,-22
6.7689317999756895,2
6.769265599985374,9
6.769536499981768,37
6.769809899997199,1
6.770142199995462,-12
6.77041199998348,-23
6.770685700001195,-26
6.770992999983719,16
6.771268199983751,19
6.771546199976001,13
6.771802999981446,-2
6.77212259999942,-31
6.772368699981598,-86
6.772640699986368,21
6.77292089999537,17
6.773212699976284,-97
6.7734765999775846,-94
6.773726899991743,-22
6.773977599979844,-14
6.77422769999248,-75
6.774476499995217,37
6.774726799980272,20
6.7749951999867335,18
6.775254499982111,28
6.775542699993821,-11
6.775794899993343,16
6.776057199982461,-6
6.776410499995109,13
6.77675889999955,31
6.7771118999808095,-22
6.777517199981958,-80
6.777930999989621,-57
6.778248399990844,17
6.778670200001216,-80
6.7791452999808826,6
6.779468699998688,40
6.7798125999979675,52
6.78005529998336,-70
6.780399799987208,-92
6.78065799997421,-74
6.780926899984479,-70
6.781259299983503,70
6.781530899985228,44
6.781800400000066,65
6.782136099995114,16
6.782411099993624,37
6.782684699981473,15
6.783003599994117,-99
6.783248799998546,6
6.7834945999784395,-7
6.783747799985576,-64
6.784014699980617,39
6.784268999996129,55
6.784534599981271,43
6.784809199976735,50
6.785142899985658,-3
6.785397799976636,-30
6.785650499979965,-52
6.785890599974664,11
6.786144199984847,-6
6.78640969999833,72
6.7866637999832164,77
6.786936099990271,59
6.787245899991831,-70
6.787517699995078,-79
6.787801999977091,-61
6.788062999985414,-88
6.788392299989937,-33
6.788666299980832,-45
6.788949899986619,-22
6.789248799992492,36
6.789593099994818,12
6.789907699974719,-4
6.7902114999888,-82
6.790512899984606,-21
6.790809999976773,-24
6.7911122999794316,-12
6.791403099981835,37
6.79168149997713,61
6.791972999984864,-24
6.79224769998109,-49
6.792514899978414,-26
6.7927886999968905,-47
6.793112299987115,-68
6.793517099984456,-92
6.793886300001759,-28
6.794191699998919,0
6.794601299974602,-33
6.795031999994535,-88
6.79546239998308,-9
6.7957784999744035,-9
6.796212499990361,3
6.796545699995477,-61
6.796868199977325,67
6.79714629999944,34
6.797410099999979,-6
6.79770099997404,7
6.797994900000049,-16
6.79826189999585,81
6.798533299996052,78
6.7988079999922775,61
6.799139999988256,-32
6.799412199994549,-6
6.799682499986375,-11
6.800017599976854,-9
6.800291999999899,7
6.800554399989778,27
6.80089099999168,33
6.801164299977245,-3
6.801438099995721,41
6.801747699995758,30
6.801994199980982,31
6.8022896999900695,43
6.802556499984348,40
6.802873799984809,-24
6.803121799981454,-114
6.803394999995362,-25
6.80382419997477,24
6.804126999981236,-10
6.804384699993534,45
6.804607199999737,15
6.804863799974555,34
6.805124199978309,33
6.8053724999772385,-11
6.805622399988351,-11
6.805887199996505,-23
6.806160999985877,-46
6.8064131999854,-34
6.806721499975538,-17
6.806968099990627,-18
6.807218399975682,-93
6.807463999983156,-24
6.807714399998076,-11
6.807968099979917,39
6.808217399986461,11
6.808467299997574,-16
6.808717299980344,79
6.80896739999298,27
6.809217399975751,-2
6.809467099985341,17
6.809819199988851,-35
6.810137399996165,-6
6.81052249998902,-83
6.810836799995741,-6
6.811197699978948,38
6.81155429998762,-94
6.811862599977758,-1
6.812142799986759,26
6.812502099986887,51
6.812813099997584,-24
6.813184300001012,-4
6.813496599992504,0
6.813753499998711,-25
6.814012399991043,-44
6.814263399981428,20
6.814493699988816,42
6.814738999994006,61
6.81499059998896,1
6.815240600000834,10
6.815489499975229,-45
6.81573929998558,-27
6.815989399998216,-38
6.816239299980225,-67
6.816489799995907,14
6.816740499984007,-43
6.816998199996306,71
6.817264399986016,53
6.817516599985538,46
6.817769999994198,2
6.818034800002351,69
6.818310799979372,76
6.818642300000647,33
6.818915299983928,4
6.819181899976684,11
6.819430699979421,16
6.819771099981153,-33
6.8200184000015724,-59
6.820268399984343,13
6.82052670000121,-24
6.820829099975526,7
6.821100100001786,-21
6.821371899975929,-15
6.821647599979769,-10
6.821913299994776,-22
6.822183399985079,-30
6.822522399976151,18
6.822790799982613,-5
6.823039899987634,12
6.823290399974212,-44
6.823537299991585,-26
6.8237942999985535,-11
6.824032999982592,-10
6.824306499998784,-36
6.824647499975981,8
6.824917299993103,-26
6.825191099982476,-32
6.825439999985974,-2
6.825770199997351,32
6.826021599990781,22
6.826334499986842,-8
6.826666499982821,-10
6.827103099989472,-27
6.8276102999807335,-73
6.827917899994645,20
6.828286999982083,-43
6.82864999998128,-15
6.828994399984367,-9
6.829237899975851,14
6.829504799999995,4
6.829773899982683,-13
6.830035799997859,-55
6.830307500000345,-51
6.830620199994883,-73
6.830889599979855,-39
6.831164099974558,-2
6.831429099984234,-17
6.831767499999842,11
6.832042800000636,33
6.832309699995676,15
6.832642499997746,1
6.832921099994564,-5
6.833159000001615,75
6.8334078999760095,52
6.833671499975026,-3
6.833930699998746,67
6.83424989998457,58
6.834518199990271,59
6.83477759998641,59
6.835055299976375,66
6.835331499984022,39
6.835600699996576,34
6.835850699979346,14
6.836100699991221,48
6.836372099991422,10
6.836643099988578,26
6.8369133999804035,49
6.837183099996764,32
6.83743279997725,-17
6.837771299993619,5
6.838039299997035,-2
6.838308299978962,-1
6.838643499999307,-72
6.838922700000694,-80
6.83918189999531,-81
6.839438900002278,5
6.8397286999970675,-87
6.839974599977722,-22
6.840245599974878,-37
6.840517799981171,-42
6.840774699987378,-25
6.8410427999915555,-94
6.841284299996914,11
6.841534399980446,-16
6.841793100000359,-23
6.8420604999992065,69
6.84237430000212,-4
6.842692599981092,-15
6.843090899987146,-67
6.843381899991073,-19
6.843882199988002,6
6.844364399992628,64
6.844668799982173,46
6.844965099997353,-16
6.8453464999911375,-3
6.845660399994813,-1
6.845937799982494,10
6.846248899993952,-5
6.846519199985778,69
6.846790499985218,57
6.8470641000021715,53
6.847397699981229,-35
6.8476513999921735,-35
6.847896699997364,-57
6.848146899981657,48
6.848404299991671,21
6.848687499994412,18
6.849000999995042,-23
6.849252999993041,-63
6.849504599987995,12
6.849798099981854,8
6.850199399981648,-73
6.850511500000721,-11
6.850802999979351,20
6.8510706999804825,34
6.8513516999955755,10
6.851624299975811,8
6.851894399995217,23
6.852166199998464,23
6.852431199979037,-13
6.8526820999977645,-37
6.853019299975131,-84
6.853288999991491,-77
6.853558699978748,-85
6.85389459997532,20
6.854144899989478,-12
6.854394399997545,-32
6.8546442999795545,-72
6.854914899973664,-51
6.855184399988502,-27
6.855435299978126,-29
6.855770099995425,22
6.856040499988012,27
6.856312199990498,44
6.856644499988761,48
6.856915799988201,58
6.857180099992547,68
6.857430999982171,59
6.857769599999301,-1
6.85804619998089,-36
6.858361299993703,-80
6.858645799977239,-43
6.8588968999974895,-101
6.859144999994896,-28
6.859415699989768,-33
6.8597687000001315,-62
6.86017030000221,9
6.860562799993204,-70
6.860945799999172,46
6.861259400000563,8
6.861559299984947,-68
6.861817400000291,-23
6.862228699988918,30
6.862565099989297,-85
6.862857899977826,-17
6.863153499987675,-38
6.8634387999773026,24
6.86377579998225,68
6.864024299982702,60
6.864273099985439,9
6.864522099989699,54
6.864738099975511,-1
6.865004699997371,20
6.865250999981072,-22
6.865506699978141,-45
6.865789099974791,-25
6.866057899984298,8
6.866394699987723,27
6.866644099995028,18
6.866892899997765,-40
6.8671518999908585,-18
6.867392699990887,-68
6.867650100000901,-78
6.867917999974452,11
6.8681653999956325,-24
6.868415599979926,-63
6.868677599995863,60
6.868933299992932,-13
6.869250599993393,-26
6.8694970999786165,26
6.869768499978818,10
6.870041699992726,-31
6.870288499980234,-20
6.870557699992787,-28
6.870892399980221,-24
6.871162899973569,-20
6.87143259998993,-45
6.871748799982015,-15
6.871996399975615,-19
6.872267999977339,-26
6.872544099984225,-18
6.872810899978504,-10
6.873125399986748,25
6.873377399984747,-8
6.873667499981821,47
6.873914600000717,23
6.874183899984928,15
6.87451819999842,-6
6.874797399999807,0
6.875037499994505,71
6.875294799974654,49
6.875555899983738,-13
6.875814499973785,29
6.876129799988121,45
6.876647299999604,-20
6.876963099988643,-26
6.877596999984235,-18
6.877945099986391,5
6.878335999994306,-32
6.878679899993585,0
6.8789947999757715,-32
6.879292600002373,-17
6.879553399980068,6
6.879791099985596,-18
6.88005829998292,38
6.880355999979656,-44
6.88060899998527,-56
6.8808756999787875,0
6.881131099973572,23
6.881375999975717,-1
6.8816401999793015,95
6.881896299979417,86
6.882150699995691,41
6.882419100002153,8
6.882673199987039,13
6.882907299994258,-1
6.8831823999935295,10
6.883433899987722,0
6.8837676999974065,19
6.884039700002177,9
6.884288200002629,42
6.884557899989886,45
6.884876600001007,45
6.885127899993677,10
6.885392299998784,76
6.88568789997953,-9
6.886018199991668,-60
6.8862898999941535,-76
6.8865551999770105,-87
6.88681529997848,17
6.887127499998314,-36
6.887377499981085,-84
6.887624999973923,-12
6.887873399973614,-30
6.8881233999854885,-63
6.888393299974268,12
6.888689199986402,30
6.888984599994728,-46
6.889275199995609,-7
6.889542899996741,-12
6.889847199985525,-59
6.890123699995456,-12
6.890373299975181,-21
6.890624099993147,-4
6.890873199998168,-2
6.8911248999938834,-66
6.891395899991039,-28
6.891664800001308,-39
6.891937999986112,-40
6.892251599987503,-19
6.892517799977213,11
6.892789399978938,-1
6.8931637999776285,-40
6.893528999993578,-131
6.89389769997797,21
6.8942970999924,27
6.894632699986687,-109
6.894977299991297,3
6.8952835999953095,-27
6.895584099984262,-52
6.896041999978479,-20
6.896369199996116,-98
6.896646299981512,-29
6.896895599988056,-73
6.897145499999169,-2
6.897423399990657,-13
6.897745299997041,-46
6.898019299987936,4
6.898266999982297,-14
6.898523799987743,-62
6.898806399985915,-66
6.899143699993147,35
6.899401199974818,67
6.899688499979675,23
6.900016899977345,19
6.900271899998188,16
6.900539800000843,-18
6.900805199984461,-27
6.90114159998484,-77
6.901422599999933,-45
6.901660699979402,20
6.901932899985695,4
6.902271300001303,17
6.902518299990334,-11
6.902776199975051,-54
6.903039400000125,-10
6.903311799978837,-14
6.903643400000874,-9
6.903924799989909,-12
6.904204699996626,47
6.904503999976441,29
6.904793299996527,-2
6.9050614000007045,16
6.9053934999974445,-65
6.905664299993077,-74
6.9059333999757655,-69
6.906271299987566,-28
6.90651760000037,-55
6.906771999987541,-33
6.906974599987734,-12
6.907248499977868,-42
6.907523499976378,-37
6.907768299977761,44
6.908048899989808,46
6.90833149998798,-73
6.908628699980909,-10
6.90887779998593,-105
6.909126399987144,29
6.909412199980579,-3
6.909762199997203,-94
6.910198799974751,-25
6.910789199988358,-63
6.9111866999883205,-14
6.911583699984476,-92
6.9119460999791045,41
6.912421999993967,-3
6.912750299990876,41
6.913044399989303,-45
6.913284799986286,-43
6.913566599978367,-34
6.913850999990245,-17
6.9141015999775846,-70
6.9143481999926735,10
6.914618799986783,65
6.91489189999993,41
6.915168699983042,37
6.915428199979942,10
6.915683999977773,28
6.916018899995834,-25
6.9162691999808885,-92
6.916518599988194,2
6.91678889998002,2
6.917058399994858,-8
6.917392799980007,-37
6.9176645999832544,-33
6.917932799988193,-12
6.918292499991367,52
6.918534600001294,62
6.918807899986859,51
6.919142999977339,48
6.919401699997252,65
6.919647399976384,-4
6.919897799991304,39
6.9201521999784745,53
6.92040019997512,11
6.920644699974218,-25
6.920915299997432,-60
6.921189199987566,-21
6.921476399991661,35
6.921728499990422,-13
6.921976299985545,-20
6.922228099982021,3
6.922500799992122,-11
6.922751099977177,-30
6.923006500001065,-51
6.923294099979103,-59
6.923548199993093,-47
6.923862700001337,-83
6.924175699998159,8
6.924456299981102,37
6.924750499980291,80
6.92500379998819,53
6.925249499996426,-6
6.9255514999968,17
6.925836699985666,12
6.926125899975887,29
6.9265324999869335,-2
6.926869699993404,-25
6.927265199978137,49
6.92764339997666,9
6.928066099993885,27
6.9284763999748975,7
6.928822099987883,-94
6.929125599999679,-17
6.929403799993452,-5
6.929681799985701,1
6.9299773999955505,54
6.93022569999448,22
6.930475299974205,12
6.9307301999942865,13
6.9309760999749415,-28
6.931227299995953,2
6.931475599994883,13
6.931749899988063,-41
6.931998299987754,-62
6.932274599996163,-12
6.932518799992977,-25
6.932768300001044,-49
6.933048499980941,-58
6.9333107999991626,-87
6.933631499996409,-26
6.933896899980027,-34
6.934143999998923,-49
6.934441499994136,-68
6.934746899991296,-23
6.935045599995647,62
6.935309599997709,53
6.935644999990473,89
6.935927699989406,88
6.936221599986311,-42
6.936510499974247,-24
6.936795499990694,-25
6.937045799975749,-35
6.937298799981363,-95
6.937551899987739,24
6.9377898999955505,-13
6.938060899992706,-20
6.938375799974892,-97
6.938626399991335,-14
6.938885999988997,-31
6.939176999992924,-29
6.939457399974344,-39
6.9397617999929935,-108
6.940053099999204,-52
6.940336200001184,18
6.940640899993014,0
6.940930199983995,60
6.941215799975907,14
6.941518299980089,34
6.941787099989597,55
6.942089499993017,45
6.942391899996437,-29
6.942663499998162,-31
6.9432458999799564,-126
6.943629899993539,38
6.943928299995605,35
6.944507899985183,-54
6.944992799981264,11
6.945487399992999,-41
6.9458070999826305,-73
6.946130399999674,-25
6.946420799999032,48
6.946722900000168,43
6.946976799983531,35
6.947248499986017,27
6.947516199987149,31
6.94779359997483,6
6.9480824999918696,29
6.948396799998591,39
6.948663999995915,16
6.94893119999324,-83
6.949266499985242,-34
6.949538799992297,-55
6.949804999982007,-29
6.950144000002183,48
6.9504102999926545,63
6.9506892999925185,66
6.95099849998951,-6
6.95133569999598,8
6.951627599977655,-38
6.951873999991221,-83
6.952118899993366,20
6.952368300000671,-19
6.952638599992497,-50
6.95291009999346,-79
6.953196099988418,-100
6.9534745999844745,-23
6.953722099977313,-100
6.953993099974468,-87
6.954264599975431,-98
6.954512099997373,2
6.95476249998319,8
6.955014099978143,-13
6.955287799995858,50
6.955558199988445,47
6.955890099983662,14
6.956197099993005,-34
6.956518999999389,-77
6.9568026999768335,32
6.957138699974166,58
6.95739169997978,43
6.95767549998709,45
6.958036099997116,64
6.958357700001216,-39
6.958619899989571,-17
6.9588706999784335,-43
6.959124699991662,-80
6.959481799975038,-15
6.959886700002244,-25
6.960232499986887,-20
6.96060939997551,0
6.9610098999983165,-104
6.961354799976107,49
6.961842799995793,7
6.962199000001419,45
6.962567799986573,-19
6.963002099975711,48
6.963326299999608,-16
6.963627999997698,24
6.963848999992479,57
6.964081299985992,-23
6.96430419999524,-9
6.964682099991478,-25
6.965095999999903,65
6.96539609998581,-23
6.965648499986855,-48
6.96589039999526,-3
6.966152399982093,-44
6.9664300000004005,-41
6.966747099999338,-10
6.966984699975001,-38
6.967282999976305,-14
6.967567399988184,26
6.967859600001248,63
6.968111700000009,33
6.968387699977029,30
6.9686129999754485,-7
6.968877399980556,-101
6.969167299976107,-15
6.9694000000017695,-33
6.969643599994015,-39
6.969878299976699,-85
6.970102499995846,-15
6.970326999988174,90
6.970568799995817,37
6.970853899983922,51
6.971081999974558,37
6.971333699999377,11
6.971548899979098,-39
6.971856999996817,8
6.972077699989313,-37
6.972298799984856,-16
6.972699399979319,-14
6.973017499985872,47
6.9733402999991085,66
6.973581999976886,36
6.973887100000866,75
6.974316599982558,24
6.974606399977347,75
6.974935099977301,67
6.975314199982677,-32
6.975693999993382,49
6.976026699994691,-53
6.976426799985347,-44
6.976850499981083,-19
6.977238699997542,91
6.977932899986627,0
6.978414299985161,-34
6.978788299980806,29
6.979224999988219,-16
6.979604899999686,72
6.980159799975809,-4
6.980596599983983,18
6.981173899985151,-38
6.981520499975886,27
6.981970099994214,61
6.982247799984179,-2
6.982594100001734,-39
6.9828541000024416,65
6.98309789999621,52
6.983381199999712,62
6.983641799975885,56
6.983886199974222,8
6.984146799979499,87
6.9844142999791075,37
6.984670999983791,49
6.984997499996098,40
6.985243099974468,2
6.985490299994126,26
6.985718699987046,10
6.985968699998921,13
6.9861985000025015,-15
6.9864809999999125,-47
6.986772799980827,-51
6.98701829998754,-62
6.987243599985959,-21
6.987473199988017,-64
6.987701999983983,9
6.987951399991289,70
6.988204299996141,-15
6.988453899975866,36
6.988705199997639,-17
6.988922599994112,-36
6.9891514999908395,3
6.989392999996198,-69
6.98969479999505,11
6.989948000002187,-72
6.990336599992588,26
6.990596799994819,45
6.990808399976231,-21
6.991077899991069,-79
6.9913805999967735,7
6.991612699988764,-30
6.991829899983713,-23
6.99201109999558,37
6.992208599986043,37
6.9924306999892,-38
6.9926190999976825,17
6.992805799993221,-13
6.993120699975407,-13
6.993363799992949,7
6.993735899974126,-3
6.993989199982025,-71
6.994279499980621,24
6.994576600001892,-71
6.9948145999806,-2
6.995091599994339,35
6.995396599988453,-37
6.99565279998933,-10
6.995853399974294,25
6.996057499985909,57
6.996245599992108,27
6.996433099993737,-8
6.996621799975401,19
6.996808099996997,-7
6.996996899979422,11
6.997185299987905,41
6.997372099984204,5
6.99755859997822,-46
6.997747099987464,61
6.997933999984525,1
6.998153099993942,3
6.998437099973671,-76
6.998632799979532,-3
6.99883569998201,26
6.999057399982121,-16
6.999246799998218,17
6.999431799980812,30
6.999619399983203,37
6.99980599997798,-73
6.999995299993316,74
7.000183700001799,-17
7.0003810999915,-18
7.000583699991694,32
7.000757199974032,46
7.000954899995122,-96
7.0011325999803375,29
7.00134999997681,58
7.001557899988256,5
7.001745999994455,26
7.001933399995323,7
7.002120599994669,-27
7.00230819999706,39
7.002495499997167,58
7.002703799982555,-4
7.00288049998926,-17
7.003083599993261,13
7.003256399999373,-24
7.003455899975961,11
7.003700799978105,94
7.003967399999965,-19
7.0041838999895845,11
7.004374699987238,-21
7.004563900001813,-81
7.004730999993626,29
7.004895399993984,-84
7.005062199983513,0
7.005271699978039,4
7.0054472999763675,-70
7.005668099998729,-25
7.005839999997988,-11
7.006083899992518,-25
7.00631820000126,-1
7.0065654999925755,-47
7.006776700000046,33
7.007012999994913,66
7.007192999997642,-34
7.007371699990472,-27
7.007608899992192,60
7.007778300001519,48
7.008127199980663,68
7.008337599982042,24
7.00856560000102,-27
7.0087665999890305,-20
7.009000399993965,18
7.0092370999918785,28
7.009461699984968,23
7.009659899980761,-39
7.009977599984268,-8
7.010421799990581,-11
7.010755399998743,-26
7.011138299974846,-26
7.011529599985806,-53
7.011838699982036,-20
7.01210120000178,34
7.012324999988778,17
7.012575100001413,-4
7.012792699999409,-18
7.012980699975742,-9
7.0131451999768615,-21
7.013334399991436,2
7.013496499974281,63
7.013692899985472,-88
7.013878600002499,27
7.01404549999279,40
7.014230899978429,33
7.01439619998564,38
7.014574499975424,-55
7.014791900001001,-52
7.01496010000119,59
7.0151179999811575,-68
7.015313299983973,77
7.015503000002354,7
7.015683199977502,-6
7.0158575999957975,85
7.016082899994217,10
7.016309500002535,-37
7.016544099984458,-14
7.016724799992517,47
7.01693039998645,13
7.017097199975979,-14
7.017304699984379,-3
7.0175061999761965,14
7.017706999991788,-14
7.017903999978444,94
7.018101399997249,73
7.018308599974262,-2
7.018497299985029,7
7.0187023999751545,50
7.018884999997681,55
7.019089399982477,-27
7.019322499982081,18
7.019539299973985,71
7.019834099977743,-9
7.020057899993844,12
7.02028599998448,4
7.020587999984855,-21
7.020808200002648,20
7.02099609997822,-17
7.021182099997532,-32
7.021371399983764,50
7.021556099993177,-32
7.021743699995568,28
7.0219341999909375,45
7.0221189000003505,-79
7.02230499999132,7
7.022498199978145,12
7.022682299982989,-7
7.022871399996802,-54
7.023059899976943,-20
7.023244699987117,-46
7.023439199983841,-16
7.023606499977177,-3
7.023796099994797,-29
7.024015599978156,26
7.0242143999785185,54
7.024444099981338,-13
7.024720899993554,-1
7.024945499986643,-44
7.025216799986083,0
7.025447899999563,-32
7.025785699981498,-38
7.026057999988552,-55
7.026429699995788,-54
7.026761299988721,-17
7.027111399977002,11
7.027441099984571,-69
7.027779299998656,-21
7.028171399986604,9
7.028426999982912,-51
7.028724499978125,-19
7.028952199994819,-28
7.029202299978351,-45
7.029456199990818,-66
7.029702699976042,1
7.02993879999849,-37
7.030127599980915,39
7.0303198999899905,-75
7.030549499992048,-5
7.030793199985055,0
7.030959999974584,7
7.031139999977313,-38
7.031335499981651,55
7.031567799975164,24
7.031770799978403,-6
7.031937699997798,7
7.032146099983947,86
7.032320999976946,-3
7.0325414999970235,-28
7.032710400002543,26
7.032890499976929,-43
7.033067199983634,8
7.033292199979769,53
7.033508699998492,-1
7.033691699994961,5
7.033876199973747,20
7.03406529998756,46
7.034230799996294,8
7.034395700000459,91
7.034561199980089,8
7.034770300000673,44
7.034936399984872,50
7.0351665999914985,0
7.0353342999878805,22
7.035514399991371,24
7.035689199983608,-109
7.035854899993865,79
7.0360416999901645,6
7.036209099984262,18
7.036389499990037,21
7.036568999988958,-98
7.036730799998622,27
7.03689519999898,-3
7.037061199982418,1
7.0372704999754205,2
7.037436099984916,-93
7.037669499986805,-49
7.037861399992835,-12
7.038020099978894,19
7.03819619998103,-58
7.03841690000263,32
7.038586299982853,-70
7.038813699997263,-62
7.038980299985269,20
7.039166899980046,2
7.039334799977951,10
7.0395138999738265,-11
7.039693799975794,-111
7.0398554999846965,21
7.0400207999919076,-66
7.040186899976106,46
7.040416399977403,68
7.040596599981654,-11
7.040816099994117,-15
7.0410656000021845,-68
7.04123149998486,23
7.04139599998598,-30
7.0415620999992825,51
7.041770899988478,-16
7.041950499988161,-24
7.042172999994364,-5
7.042336299986346,-10
7.042495000001509,3
7.042691599985119,-10
7.043001599988202,-18
7.043234999990091,10
7.043457199994009,-33
7.043705699994462,-37
7.043984799995087,-131
7.044335199985653,-93
7.044685699976981,1
7.04497319998336,5
7.045233799988637,41
7.045524899993325,-28
7.045823899999959,-10
7.046116199984681,-75
7.046379099978367,-1
7.046673099976033,-107
7.046931099990616,-27
7.047173300001305,7
7.047402099997271,-23
7.04773579997709,-70
7.047987300000386,12
7.0482369999808725,8
7.048466899985215,40
7.048718999983976,47
7.0489658000005875,53
7.049197599990293,0
7.04944639999303,-2
7.04969610000262,-3
7.049946399987675,-40
7.050195799994981,-113
7.050445100001525,36
7.050697899976512,0
7.050946799980011,-46
7.051198000001023,62
7.051426999998512,19
7.051655299990671,22
7.051990099978866,25
7.052240799996071,99
7.052490199974272,37
7.052741399995284,19
7.052969899988966,2
7.0532209999801125,-33
7.053472599975066,-84
7.05370029999176,-37
7.053956199990353,-117
7.054185299988603,-9
7.054433599987533,53
7.0546595999912824,8
7.054897499998333,9
7.055143699981272,-9
7.055369099980453,-99
7.055619199993089,-33
7.055872299999464,-72
7.056185599998571,-6
7.056466499983799,-50
7.056752699980279,-32
7.057002799992915,-24
7.057266499992693,-15
7.057497199974023,-78
7.05774809999275,-2
7.0580297999840695,-44
7.058309999993071,-53
7.05865319998702,-31
7.058884799975203,-26
7.059107499982929,-50
7.059333899989724,4
7.059629999974277,60
7.060032499983208,28
7.060405500000343,-11
7.060794099990744,-44
7.06116069998825,-4
7.061572399979923,-12
7.061870299978182,54
7.062193299992941,2
7.062496699974872,-67
7.062804399989545,5
7.063049099990167,-78
7.063346299983095,-15
7.0635743999737315,-29
7.063823899981799,-45
7.0640543999907095,8
7.064308100001654,-24
7.064535199984675,49
7.064868099987507,12
7.065118300000904,-64
7.065369399992051,41
7.065691099996911,30
7.066019599995343,20
7.066262499982258,-95
7.066529799980344,-1
7.066746700002113,-76
7.066997299989453,5
7.067248699982883,-36
7.067498899996281,71
7.067759699973976,10
7.0680638999911025,44
7.068333999981405,56
7.068618999997852,54
7.068891499977326,60
7.069188599998597,-65
7.069493399991188,-13
7.069787499989616,-59
7.070157599984668,-81
7.070487899996806,-40
7.070753499981947,-57
7.071016799978679,47
7.071287699975073,52
7.0715781999751925,-64
7.0718313999823295,-6
7.072123899997678,15
7.0723970999824814,-74
7.072636400000192,-76
7.0728935999795794,-18
7.0731573999801185,-32
7.073448399984045,-25
7.0737510999897495,-21
7.0739771999942604,-35
7.074186099984217,30
7.074415399983991,59
7.074822299997322,25
7.075113099999726,-16
7.075393299979623,-36
7.075646399985999,-32
7.075896399997873,-41
7.076178099989193,-38
7.07653809999465,-33
7.076987599983113,20
7.0772986999945715,-33
7.077634499990381,-27
7.077971999999136,12
7.078354799974477,-3
7.078713800001424,-29
7.0790867999894544,-100
7.079564699990442,-67
7.080052299977979,-19
7.080512799991993,34
7.080945199995767,-36
7.081321199977538,4
7.081706299999496,34
7.082120599981863,35
7.082483799982583,-21
7.082848699996248,38
7.083237399987411,-1
7.083657099981792,90
7.084062699985225,-27
7.084448799985694,-58
7.084809099993436,42
7.0852409999934025,27
7.085813999990933,51
7.0862416999880224,-3
7.086573999986285,5
7.086893100000452,-25
7.087158699985594,-20
7.0874085999967065,-25
7.087680500000715,45
7.087992899992969,14
7.088239099975908,-20
7.08848889998626,-45
7.088716500002192,10
7.088965799979633,35
7.089216099993791,12
7.089445699995849,12
7.089700599986827,-86
7.08994469998288,-57
7.090194699994754,-117
7.090446099988185,8
7.0907044999767095,-29
7.090936399996281,56
7.09115219998057,-21
7.091384300001664,-17
7.091637199977413,-12
7.091877699975157,-19
7.092120099987369,-70
7.092322599986801,27
7.0925247999839485,2
7.092867499974091,49
7.093136899988167,16
7.093595299986191,5
7.093916499987245,45
7.094301399978576,-55
7.094679799978621,28
7.095090599992545,7
7.095510299986927,46
7.09580779998214,-55
7.096075999987079,-53
7.0963295999972615,-22
7.096677099994849,-53
7.096948599995812,79
7.097197900002357,7
7.097422299993923,-37
7.097644099994795,-60
7.09782450000057,75
7.098042999976315,37
7.098320699995384,30
7.098551699978998,-43
7.098775099992054,-13
7.099110199982533,8
7.099359799991362,0
7.099610199977178,-33
7.099839199974667,-14
7.100090199994156,15
7.10031949999393,-42
7.100569299975177,59
7.10081989999162,57
7.10106309998082,37
7.10127729998203,26
7.1016134999808855,83
7.101864600001136,52
7.10211249999702,-15
7.1023629999835975,36
7.102591799979564,-31
7.102840299980016,-63
7.10307029998512,16
7.10331789997872,-33
7.103525999991689,25
7.103859999973793,-51
7.10406729998067,23
7.104295600001933,15
7.104525199974887,-37
7.104857899976196,11
7.105106399976648,20
7.105274100002134,-75
7.105606799974339,-52
7.105848099978175,-38
7.10608769999817,-17
7.106312899995828,-78
7.106519399996614,-27
7.106829399999697,14
7.1071544000005815,55
7.107443699991563,20
7.10777999999118,-82
7.108006499998737,-57
7.108304499997757,-4
7.108501199982129,-44
7.1086958999803755,-41
7.108905100001721,10
7.109183900000062,-33
7.1093697999895085,-48
7.109565199993085,18
7.10978879997856,20
7.11009119998198,-5
7.11037129999022,41
7.110606000002008,-7
7.110978599986993,18
7.111232399998698,-28
7.1114670999813825,-52
7.111725499999011,35
7.111972499988042,-18
7.11222139999154,40
7.1127097999851685,47
7.113004799990449,18
7.113199399987934,27
7.113435799983563,-5
7.113702899980126,-51
7.113908799976343,1
7.114184799982468,-50
7.114367599977413,-34
7.114577399974223,33
7.114753499976359,-59
7.114954399992712,63
7.115147699980298,52
7.115375399996992,25
7.11554349999642,18
7.115708699973766,4
7.115890799992485,-31
7.11610769998515,18
7.116265199991176,63
7.116459099983331,-60
7.116613899997901,26
7.1167711000016425,-42
7.116936499980511,63
7.117145600001095,70
7.117311999987578,-22
7.1174786999763455,77
7.11766649998026,-16
7.117834499978926,1
7.118011699989438,25
7.118251599982614,1
7.118440299993381,-68
7.1186261999828275,73
7.118815199995879,-30
7.118981699983124,-63
7.119146299985005,27
7.119318099983502,-57
7.119540799991228,-23
7.119710799976019,23
7.1198873999819625,-55
7.120063799986383,87
7.1202302999736276,-21
7.120390399999451,59
7.12058319998323,17
7.12076189997606,-25
7.120941499975743,73
7.121124899975257,12
7.121314399992116,-21
7.1214784999901894,91
7.12164539998048,-27
7.121809799980838,26
7.122020199982217,-4
7.122185299987905,-25
7.122397300001467,-10
7.122571199986851,-3
7.122815599985188,-67
7.123014999990119,-53
7.123246599978302,-4
7.123579799983418,-32
7.1238320999837015,-65
7.124084799987031,31
7.124323800002458,-20
7.1245511999877635,63
7.124804799997946,-8
7.125042699975893,10
7.125211899983697,-2
7.125438399991253,-76
7.125606099987635,-12
7.125775499996962,-60
7.126107999996748,-25
7.126364099996863,-32
7.126651200000197,-105
7.1269267999741714,-80
7.127319799998077,-78
7.127675700001419,-32
7.128031499974895,-44
7.1284773999941535,-15
7.128911799984053,13
7.129285899980459,-31
7.1296067999792285,-1
7.1299355999799445,30
7.130177499988349,3
7.130399399989983,3
7.130711499979952,-32
7.130896999995457,23
7.131213499989826,-16
7.1314398999966215,40
7.13164889998734,1
7.131967299996177,36
7.132222399988677,48
7.1324382000020705,25
7.132658199989237,-79
7.13288140000077,2
7.133119899983285,30
7.133371199975954,47
7.133650399977341,38
7.1339366999745835,47
7.134378999995533,45
7.1346350999956485,56
7.134878299984848,44
7.135051899997052,13
7.135240999981761,18
7.135438500001328,50
7.135606399999233,13
7.135771499975817,65
7.135937399987597,5
7.136145899974508,29
7.1363107999786735,36
7.136542199994437,-3
7.136709799990058,10
7.136894800001755,42
7.137132399977418,-26
7.137361499975668,-11
7.137563799973577,-37
7.137752599985106,56
7.137942000001203,-22
7.1381063000008,10
7.138271199975861,-1
7.138436499983072,14
7.138645599974552,-25
7.138811299984809,-30
7.139042199996766,-74
7.1392115999769885,18
7.139373399986653,-35
7.139609399979236,-36
7.139772499998799,7
7.139951899996959,-62
7.140172499988694,11
7.140336999989813,26
7.140520099987043,-64
7.140690799977165,35
7.140940999990562,38
7.141146599984495,31
7.141315999993822,21
7.141565300000366,-58
7.141754399985075,71
7.141985599999316,-11
7.14223649998894,-8
7.142463399999542,-11
7.142692900000839,-11
7.143098599975929,5
7.143402999994578,-45
7.14383389998693,55
7.14414669998223,13
7.144419699994614,19
7.144747299986193,4
7.144993299996713,-7
7.145277799980249,84
7.145576999988407,-6
7.145880700001726,46
7.146133899979759,-119
7.146341699990444,-13
7.146570199984126,12
7.146819899993716,61
7.147070499981055,-5
7.147321899974486,11
7.1475703999749385,-89
7.147821199992904,5
7.148071899981005,2
7.148321399989072,-64
7.148572999984026,36
7.148822399991332,-3
7.149072499974864,67
7.149322699988261,55
7.149572599999374,-6
7.149822399980621,47
7.150073600001633,-17
7.150303000002168,1
7.15055239998037,-19
7.150781499978621,-94
7.151117899978999,-17
7.151368299993919,26
7.151617999974405,-19
7.1518361999769695,36
7.152076500002295,100
7.152326699986588,47
7.15258189997985,19
7.152830999984872,49
7.153057999996236,-10
7.15328529998078,-21
7.153600299992831,-24
7.153827999980422,-43
7.15407689998392,-58
7.154327399999602,-88
7.1545586999855,25
7.154808099992806,47
7.155036399984965,0
7.155371000000741,-56
7.155621299985796,49
7.15587429999141,44
7.156119899998885,4
7.1563322999863885,-7
7.156562199990731,-33
7.156791499990504,-67
7.157148799975403,-37
7.1573845999955665,0
7.157625399995595,-51
7.157857399986824,31
7.158106299990322,79
7.158334799984004,33
7.1585648999898694,51
7.1587929999805056,-39
7.159140599978855,50
7.159409299987601,22
7.159683899983065,46
7.159995199996047,5
7.160262199991848,18
7.160924800002249,11
7.1612690999754705,-11
7.161724999983562,25
7.162108899996383,29
7.162448499992024,-12
7.162737899983767,-59
7.163013199984562,-7
7.163305900001433,3
7.163615899975412,49
7.163855299993884,7
7.1640918999910355,9
7.164357899979223,9
7.164627099991776,-5
7.164879499992821,12
7.1651051999942865,-30
7.165334299992537,5
7.165566099982243,-21
7.165766899997834,50
7.166001499979757,47
7.166236899996875,13
7.166503299988108,-19
7.166754199977731,-21
7.166982499998994,-90
7.167255199979991,-79
7.167481499986025,2
7.167714599985629,56
7.167981899983715,38
7.168255799973849,57
7.16848629998276,71
7.1687329999986105,32
7.168962299998384,-9
7.169234899978619,-20
7.169504499994218,-6
7.169734900002368,-32
7.169993199990131,32
7.170235899975523,-5
7.170483499998227,-13
7.170754699996905,-61
7.17098499997519,25
7.171256899979198,13
7.1715290999854915,24
7.171758199983742,57
7.1720061999803875,-10
7.172235199977877,-52
7.1725079999887384,-13
7.17273649998242,-22
7.172987999976613,-101
7.173237599985441,-19
7.173508399981074,-15
7.173736500000814,36
7.174009499984095,28
7.174237599974731,-2
7.174490999983391,52
7.17474299998139,38
7.175012299994705,18
7.175302999996347,18
7.175582199997734,41
7.175844099983806,53
7.176111199980369,-13
7.1765048999805,16
7.176874199998565,-69
7.177256999973906,-1
7.177636899985373,-90
7.177907499979483,-20
7.178266199975042,0
7.178588899987517,-53
7.178981599980034,-55
7.179350399994291,23
7.179677699983586,-91
7.179998999985401,-48
7.180309399991529,25
7.180577399994945,19
7.180890999996336,62
7.18119159998605,0
7.181505199987441,30
7.181778400001349,-41
7.182014199992409,-9
7.182281799992779,-6
7.182534699997632,-9
7.182783999975072,-51
7.18304979999084,53
7.183384299976751,-12
7.1836538999923505,-33
7.1839123999816366,-14
7.184138199983863,51
7.184397299977718,27
7.184637599973939,-6
7.184883399982937,72
7.18511569997645,69
7.185382600000594,48
7.185614699992584,-4
7.185860600002343,8
7.186116400000174,-17
7.1863642999960575,-42
7.186632400000235,-50
7.186859099980211,-16
7.187130199978128,-7
7.187356799986446,-85
7.187609199987492,37
7.187902299978305,-10
7.1881296999927144,-11
7.188359199994011,34
7.188633299985668,48
7.188946099980967,33
7.189223599998513,-63
7.189493099984247,-63
7.189736399974208,62
7.190006799995899,32
7.19023959999322,52
7.190509399981238,34
7.190779399999883,44
7.191039699973771,-1
7.191310199996224,17
7.191575399978319,-13
7.191889099980472,75
7.192179599980591,-24
7.192472900002031,-6
7.192952199984575,13
7.1935376999899745,-16
7.1939929999934975,-10
7.194373599981191,-97
7.1947395999741275,68
7.19506719999481,-39
7.19544759998098,-58
7.195801900001243,24
7.1961812999797985,-41
7.19661419998738,62
7.196954799990635,-70
7.19730509998044,24
7.197564299975056,64
7.197923399973661,34
7.1983455999870785,-61
7.198683299997356,22
7.19893659997615,47
7.1992347999766935,-24
7.19948189999559,-106
7.199771999992663,26
7.2000748999998905,-79
7.200392999977339,-24
7.200751700002002,-1
7.201061999978265,48
7.201382300001569,2
7.201627699978417,-47
7.20183909998741,31
7.202087499987101,66
7.202312599983998,1
7.2025203999946825,-11
7.202773700002581,-48
7.203030499978922,10
7.203332499979297,-5
7.203628199989907,-6
7.203874999977415,-18
7.204267499997513,-33
7.2045656999980565,-95
7.204843099985737,-78
7.2051145999867,-73
7.2053790999925695,-98
7.205627999996068,0
7.206052099994849,-22
7.206337099982193,33
7.2066035000025295,55
7.206833299977006,-7
7.207096300000558,24
7.207340299995849,10
7.207612300000619,-22
7.207871399994474,-1
7.20812179998029,10
7.208371899992926,-46
7.208623999991687,-3
7.208853499992983,-88
7.209065599978203,-14
7.209291799983475,9
7.209727399982512,-29
7.210193299979437,-53
7.210541099979309,-11
7.210966599988751,8
7.211311499995645,-60
7.211801699973876,15
7.212175499997102,-48
7.2124975999759044,46
7.212762399984058,22
7.213024799973937,-1
7.213282799988519,28
7.2135516999987885,-3
7.213850799977081,-71
7.214083099999698,-28
7.214322699990589,-8
7.214526999974623,72
7.2147493999800645,34
7.214996900002006,12
7.215247699990869,-46
7.215496199991321,-93
7.215724699985003,-29
7.215976299979957,80
7.216207499994198,-1
7.216452799999388,39
7.216703199985204,9
7.21693939997931,-18
7.217145000002347,-29
7.21739449998131,51
7.217648699996062,27
7.217901500000153,8
7.218123599974206,63
7.2183556999953,40
7.218582399975276,-4
7.21879829998943,-55
7.219125199975679,-10
7.219380299997283,-53
7.219605299993418,-65
7.219834399991669,13
7.220065799978329,71
7.220295699982671,13
7.220627199974842,-14
7.220856699976139,58
7.221127700002398,3
7.221379999973578,43
7.221609300002456,18
7.221887499996228,36
7.222157999989577,26
7.222401499981061,12
7.2226525000005495,-40
7.222883799986448,-69
7.223191299999598,-35
7.223482699977467,-38
7.223757399973692,-43
7.223982399998931,-32
7.224307500000577,-28
7.224546199984616,-10
7.2249153000011574,15
7.225177899992559,1
7.225520099978894,41
7.225830899988068,-6
7.226136999990558,-43
7.226436099997954,-48
7.2268351999809965,-36
7.227210399985779,-8
7.227637599979062,-30
7.227957199997036,-32
7.22839429997839,-29
7.228880199982086,-16
7.229341400001431,-9
7.2297921999997925,31
7.230137999984436,13
7.2304151999996975,6
7.230722899985267,48
7.231111000000965,-34
7.231488399993395,82
7.231787899974734,-22
7.2320075999887194,-57
7.232228099979693,33
7.232436899997992,45
7.232666899973992,-13
7.23308909998741,15
7.233413699985249,-108
7.233826499985298,-40
7.234132799989311,-13
7.234448099974543,21
7.234754099976271,3
7.23505170000135,30
7.235343799984548,34
7.235636899975361,57
7.235849499993492,30
7.236077799985651,-12
7.236305200000061,-14
7.23653349999222,-51
7.236870599997928,-24
7.2371299999940675,-72
7.237382099992828,12
7.237645599991083,-26
7.237899100000504,-35
7.238122599985218,49
7.2383769000007305,12
7.238619799987646,62
7.238889599975664,29
7.239119899983052,12
7.239347499998985,-46
7.239579999994021,-109
7.239836299995659,-35
7.240077399997972,8
7.240327299979981,70
7.240556199976709,16
7.240811899973778,70
7.241075500001898,54
7.241415399999823,54
7.2417170999979135,-62
7.241977199999383,-76
7.242269299982581,15
7.242607699998189,-43
7.242878799996106,-15
7.243106599984458,-74
7.243409999995492,-74
7.243741699989187,12
7.244119899987709,-3
7.244482399983099,-34
7.244900699995924,-15
7.2452128999866545,-8
7.245603799994569,-3
7.2458942999946885,38
7.246177900000475,56
7.246454999985872,-41
7.246716499998001,36
7.246967999992194,-51
7.247231499990448,16
7.247472099988954,15
7.247723199980101,51
7.247967299976153,40
7.248197299981257,44
7.248447499994654,-34
7.248706599988509,-20
7.248932799993781,13
7.2491650999872945,-36
7.249364499992225,9
7.249627699988196,56
7.249861599993892,29
7.250124699989101,2
7.2503710000019055,14
7.250616399978753,-49
7.250936500000535,-7
7.251254199974937,60
7.2515155999863055,86
7.251792999973986,57
7.252157199982321,-52
7.252431000000797,1
7.252752799977316,-22
7.253023600002052,-12
7.2532481999951415,-64
7.25348319998011,-22
7.2537554999871645,-80
7.25480019999668,7
7.255051699990872,-24
7.255280899989884,-54
7.255613999994239,-9
7.255843399994774,-28
7.256081699975766,-30
7.256325800000923,13
7.256575499981409,16
7.256823299976531,-41
7.257076699985191,34
7.257306599989533,15
7.257551999995485,17
7.25778139999602,-43
7.258116899989545,27
7.258367799979169,34
7.258595799998147,19
7.258847199991578,-24
7.259097499976633,-48
7.259440399997402,-89
7.259705699980259,-74
7.260020199988503,-10
7.260310199984815,-3
7.260594799998216,-35
7.261002499988535,65
7.261330999986967,8
7.261666899983538,-2
7.261980199982645,9
7.262298799993005,-50
7.262613699975191,8
7.262870699982159,-19
7.2631244999938644,40
7.26335119997384,-3
7.263578399986727,-28
7.263828199997079,10
7.264082199981203,-58
7.264360899978783,63
7.264625199983129,54
7.264854899985949,37
7.2650870999787,26
7.2654378000006545,14
7.265727399993921,36
7.266006899997592,-60
7.266269399988232,-71
7.266523799975403,46
7.266762699990068,-24
7.26701789998333,84
7.267336799995974,110
7.267592199990759,28
7.2678640999947675,-28
7.268135999998776,-8
7.268397199979518,-26
7.268633499974385,48
7.268854099995224,87
7.269103999977233,26
7.269331999996211,-27
7.26956399998744,-43
7.269795000000158,8
7.270124299975578,-22
7.270376999978907,-50
7.270607799990103,-22
7.270820299978368,28
7.271108799992362,42
7.2713770999980625,23
7.271604399982607,19
7.271813599974848,7
7.272044299985282,-21
7.272376199980499,4
7.272629899991443,27
7.2728978999948595,14
7.273157199990237,-52
7.273423199978424,-20
7.273753299989039,36
7.27398239998729,48
7.274230899987742,9
7.274442800000543,-82
7.2746685999736656,-93
7.274988999997731,-45
7.275222799973562,-86
7.2754689999856055,-15
7.275725399988005,-27
7.275969199981773,-35
7.276385999983177,27
7.2766964999900665,-15
7.277036399987992,16
7.277395099983551,-112
7.277886600000784,33
7.278306499996688,7
7.2786725999903865,-76
7.279084899986628,-17
7.27947859998676,9
7.279863599978853,30
7.2802094999933615,8
7.280528399976902,-32
7.280850299983285,-15
7.281161399994744,23
7.281414199998835,30
7.281661899993196,74
7.281920299981721,21
7.282240000000456,-18
7.282511299999896,-19
7.282783000002382,-21
7.283043699979316,-41
7.283304999989923,56
7.283572599990293,54
7.283835999987787,60
7.284068699984346,1
7.284324399981415,101
7.2846939000010025,58
7.284984500001883,-13
7.28524839997408,-50
7.285532999987481,-9
7.285789199988358,-14
7.286055599979591,-77
7.286381699988851,-2
7.286607799993362,-25
7.286888099974021,-26
7.287163299974054,-26
7.287430099997437,-23
7.287767999980133,56
7.2880415999970865,67
7.288401400001021,57
7.288845699978992,-45
7.289142800000263,-41
7.289395499974489,65
7.289661299990257,58
7.2899420999747235,22
7.29040339999483,-8
7.290642499981914,9
7.290932299976703,-19
7.291218400001526,-5
7.291700999980094,19
7.291960799979279,30
7.292158399999607,-36
7.292420999991009,-48
7.292698599980213,-97
7.293029699998442,-69
7.293573499977356,-98
7.294020299974363,42
7.294606499985093,-26
7.294981499988353,-55
7.295341199991526,-100
7.2956861999991816,62
7.295982099982211,35
7.296283799980301,-7
7.296635699982289,-68
7.296932500001276,63
7.297339099983219,-19
7.297635199996876,-30
7.297944499994628,-45
7.298202599980868,33
7.2984661999798845,38
7.298753599985503,49
7.299006599991117,16
7.299282199994195,72
7.299543100001756,4
7.299757000000682,-19
7.300005600001896,-28
7.300296199973673,-27
7.300538199982839,-9
7.300817199982703,-18
7.301144099998055,54
7.301383899990469,3
7.30164709998644,8
7.3019423999940045,6
7.302237299998524,41
7.302507599990349,53
7.302760899998248,73
7.3030585999949835,1
7.303367699991213,8
7.3036449999781325,27
7.303915999975288,23
7.304174199991394,-4
7.304520299978321,-32
7.304796799988253,-25
7.305020699976012,-66
7.305272799974773,6
7.305515399988508,-23
7.305762099975254,49
7.3060404999996535,4
7.306298899988178,13
7.306647299992619,-50
7.306887099985033,-51
7.307167799997842,-62
7.3074347999936435,27
7.30765619999147,14
7.30790749998414,2
7.308278199983761,52
7.308552799979225,-32
7.308996999985538,-1
7.309313099976862,-48
7.309781499992823,-33
7.310165099974256,-89
7.310514799988596,47
7.310864799976116,7
7.311356699996395,-23
7.311866199976066,-82
7.312199699983466,-65
7.312535699980799,19
7.312812099989969,-1
7.313130399998045,-4
7.313411699986318,43
7.3137610999983735,-23
7.314040999975987,-24
7.314426299999468,-10
7.314719899994088,-27
7.314990199985914,-45
7.3153113999869674,-89
7.3155978999857325,-17
7.315840399998706,-16
7.316123199998401,-25
7.316398999973899,-18
7.316645799990511,-37
7.31689849999384,-111
7.317137699981686,30
7.317445399996359,6
7.317731199989794,-3
7.318012999981875,14
7.318268099974375,6
7.318532899982529,-85
7.318902099999832,-66
7.31918299998506,44
7.319498299999395,21
7.3198561999888625,-22
7.320161799987545,-11
7.320486299984623,0
7.320799199980684,45
7.3211779999837745,-6
7.3214721999829635,-53
7.321735899982741,-9
7.322013899974991,-23
7.322283899993636,-17
7.322562999994261,13
7.322898999991594,32
7.323228199995356,43
7.323544299986679,-73
7.323788799985778,0
7.324084199994104,-26
7.324458399991272,-18
7.324730099993758,7
7.325100099988049,31
7.325405299983686,-99
7.325666199991247,-50
7.325939199974528,-104
7.326281999994535,-23
7.326727499981644,33
7.327112300001318,-54
7.327493299992057,-12
7.327833499992266,-62
7.328204499994172,25
7.3286237999855075,-21
7.328958099998999,1
7.329273599985754,-30
7.329584899998736,-24
7.329850999987684,-54
7.330098699982045,-8
7.330364800000098,2
7.330646499991417,2
7.330882899987046,-22
7.331170199991902,-33
7.331425899988972,-43
7.331711599981645,-16
7.331968299986329,-18
7.332256199995754,-55
7.332544899982167,-33
7.3328450999979395,-63
7.333139599999413,6
7.333415699977195,31
7.333648200001335,-27
7.333915700000944,0
7.3341734999848995,2
7.33444109998527,-5
7.334773699985817,69
7.335025399981532,35
7.3352845999761485,63
7.335587899986422,87
7.336003899981733,89
7.336303799995221,-5
7.336697799997637,28
7.337012199976016,-12
7.337264999980107,-42
7.337554300000193,-40
7.337827999988804,-18
7.338158400001703,-4
7.33848449998186,85
7.338794599985704,0
7.339078499993775,15
7.339361099991947,4
7.339656999974977,-111
7.339943499973742,-36
7.340276599978097,47
7.340559299977031,15
7.3408926999836694,-47
7.3411528999859,-47
7.34147220000159,50
7.3418149999924935,-28
7.342115199979162,-32
7.3423689999908675,45
7.342639499984216,-5
7.343099099991377,-1
7.3435210999741685,-23
7.343891500000609,-63
7.344240799982799,3
7.344647999998415,-37
7.34493919997476,-6
7.345321699976921,26
7.345619999978226,42
7.346052699984284,-42
7.3463188000023365,2
7.34661799998139,31
7.3468899999861605,25
7.347274799976731,29
7.347629199997755,33
7.347921799984761,25
7.3481987999984995,72
7.348464299982879,66
7.348724199982826,24
7.348968199978117,-1
7.34921509999549,55
7.349490900000092,-5
7.349772599991411,51
7.350008799985517,1
7.3502883999899495,8
7.350556899997173,18
7.350907299987739,18
7.35118679999141,7
7.351441399980104,5
7.351761199999601,-65
7.352030299982289,-71
7.3523199999763165,-74
7.352643499994883,-27
7.352870199974859,-35
7.35312809998868,-94
7.353398199978983,16
7.353633799997624,-16
7.353915199986659,-16
7.3541746999835595,-47
7.354519299988169,-2
7.3547934999805875,-3
7.3550508999906015,-50
7.35527849997743,-30
7.35550819998025,-73
7.355804699996952,26
7.356104399979813,-76
7.356373499991605,-69
7.3568118999828584,-89
7.357124299975112,-54
7.3573633999913,-87
7.357623799995054,-26
7.357937399996445,-17
7.358256399980746,-10
7.358509799989406,-7
7.358880299987504,-30
7.359178599988809,-22
7.359434999991208,-65
7.359801399987191,-31
7.3603043999755755,-31
7.3607056999753695,-9
7.361251900001662,-49
7.361597099981736,-56
7.361999599990668,-33
7.362413900002139,30
7.362799800001085,50
7.363114799984032,23
7.3634160999790765,15
7.363728500000434,-86
7.36396399998921,-31
7.364217599999392,-83
7.364457699994091,2
7.364716899988707,-43
7.364966399996774,26
7.36520489997929,9
7.365474499994889,-11
7.365770999982487,-47
7.36602759998641,-18
7.366249499988044,52
7.366479499993147,17
7.366708799992921,11
7.3669669999799225,21
7.367223099980038,-13
7.36748409998836,-21
7.367748299991945,-18
7.368071899982169,2
7.368475299997954,-60
7.3687351999979,52
7.368970699986676,-2
7.369211599987466,91
7.369471499987412,77
7.369721199997002,-3
7.369996099994751,53
7.3702119999798015,4
7.370469999994384,-17
7.370774099981645,-53
7.371060299978126,52
7.371359799988568,24
7.371606799977599,26
7.371830399992177,10
7.372053799976129,-6
7.372364499984542,26
7.372615899977973,-10
7.372856399975717,-41
7.373119700001553,-96
7.373363199993037,-17
7.3736214999808,-42
7.373859999992419,-63
7.374117400002433,21
7.374387499992736,18
7.374637699977029,12
7.374905199976638,-20
7.375129299995024,28
7.375362599996151,30
7.375613299984252,12
7.37596730000223,-35
7.376424299989594,-44
7.3768086999771185,36
7.377182899974287,2
7.377550199977122,30
7.378134799975669,-92
7.37853589997394,0
7.378915599983884,-17
7.379212300002109,-15
7.379492999985814,-43
7.379783799988218,29
7.3800252999935765,51
7.3802601999777835,-8
7.380527399975108,0
7.380760000000009,-13
7.381070599978557,-22
7.38134859999991,27
7.381589799973881,-13
7.381840999994893,-30
7.382135299994843,-33
7.382418399996823,-11
7.3826450999767985,-45
7.382908599975053,-87
7.383298399974592,-94
7.383612799982075,0
7.383868799981428,4
7.384143999981461,83
7.384418499976164,58
7.3846751999808475,40
7.3849477999901865,61
7.385226199985482,51
7.385464299994055,34
7.385739799996372,4
7.386007299995981,5
7.3862761999771465,-1
7.386516999977175,59
7.386784999980591,45
7.387055300001521,32
7.387395899975672,12
7.387629699980607,-18
7.387859499984188,38
7.388128099992173,5
7.388379899988649,33
7.388606299995445,-1
7.388881299993955,4
7.389106699993135,-36
7.389355399995111,-42
7.389583399984986,25
7.389812599983998,-47
7.390015299984952,26
7.39024859998608,-26
7.390499200002523,-21
7.390748599980725,-68
7.39100029997644,-25
7.3912513999966905,-42
7.391475799988257,20
7.3916870999964885,100
7.391907599987462,37
7.392245099996217,63
7.392494200001238,22
7.392721699987305,41
7.393095899984473,-32
7.393421299988404,-57
7.393767100002151,-38
7.3940388999762945,30
7.394345199980307,11
7.394755999994231,50
7.395051100000273,-47
7.395333599997684,-40
7.3956328999775,5
7.395901699987007,31
7.39613670000108,10
7.396408799977507,-21
7.396797399997013,-11
7.397084600001108,-9
7.397329499974148,-37
7.397531499998877,-24
7.39787289997912,-45
7.398107999993954,75
7.398356199992122,-4
7.398617499973625,36
7.398868799995398,54
7.399120799993398,25
7.3993688999908045,11
7.399600799981272,-17
7.399835399992298,-2
7.400102199986577,-14
7.40033449998009,-47
7.400562999973772,23
7.400761799974134,64
7.401111299986951,4
7.401368999999249,38
7.401616099989042,90
7.4018793999857735,67
7.402126200002385,23
7.402377699996578,56
7.402595699997619,16
7.4028562999737915,-53
7.403129299986176,-18
7.403368400002364,-26
7.403616800002055,-32
7.403876500000479,-74
7.404127199988579,13
7.404370899981586,-88
7.404618999978993,46
7.40487959998427,29
7.405099700001301,55
7.405319399986183,23
7.405569700000342,-24
7.4058401999936905,-28
7.4061072999902535,-30
7.406375899998238,-57
7.40663709997898,-26
7.406904299976304,-23
7.407148500002222,-86
7.407377499999711,-6
7.407627599983243,12
7.407882799976505,17
7.408102299988968,81
7.408320099988487,59
7.408589899976505,-13
7.408858999988297,-1
7.409131399996113,0
7.4094549999863375,23
7.409816799976397,-2
7.410177499987185,-98
7.410619499976747,-3
7.41102819997468,-26
7.4114083999884315,-81
7.411793699982809,47
7.412291399989044,55
7.412674999999581,-20
7.412996899976861,-24
7.4133176999748684,0
7.413747299986426,16
7.414004599995678,1
7.4143005999794696,-19
7.414599499985343,10
7.414834900002461,39
7.415106200001901,17
7.41536929999711,42
7.415623799985042,13
7.4158743000007235,23
7.416119499976048,-25
7.416345099976752,-42
7.416602599987527,-2
7.416813799994998,-38
7.417053899989696,15
7.417463699996006,-60
7.4177218999830075,-41
7.417952899995726,-17
7.418168699980015,40
7.418475899990881,-34
7.418679199996404,34
7.41891329997452,45
7.419242599979043,8
7.41949649999151,-1
7.419745199993486,92
7.419969099981245,34
7.420224599976791,1
7.4204540999780875,-33
7.420666299993172,-41
7.420997399982298,-39
7.421240999974543,-96
7.42147119998117,-65
7.421729199995752,31
7.421962099993834,-7
7.422202599991579,39
7.422448400000576,58
7.422689699975308,55
7.422912499983795,-32
7.423216999974102,58
7.423452499991981,3
7.423686699999962,-32
7.42391119999229,-59
7.424223499983782,-13
7.424436299974332,9
7.424663699988741,51
7.424997199996142,-2
7.425300000002608,-3
7.425517999974545,-19
7.425717399979476,-24
7.425936899991939,46
7.426142599986633,-25
7.426454200001899,-62
7.426706099999137,-53
7.4270375999913085,-79
7.4272971999889705,-21
7.427620199974626,52
7.427941699977964,54
7.428247999981977,5
7.428523399983533,-96
7.428808299999218,-3
7.429043099982664,-97
7.429341099981684,8
7.429568099993048,-33
7.429763599997386,25
7.429966399999103,23
7.430187299993122,-40
7.430393299990101,-84
7.430585900001461,91
7.4308145999966655,69
7.431017900002189,36
7.431208699999843,-81
7.431407700001728,65
7.431733199977316,18
7.431960499990964,98
7.432203099975595,12
7.432397700002184,-3
7.432611999975052,-44
7.432820099988021,25
7.433036999980686,49
7.433337199996458,-28
7.4335738999943715,0
7.433789999980945,15
7.434116599994013,33
7.4343634999822825,94
7.434638399980031,86
7.4348879999888595,53
7.435137499996927,11
7.435349299979862,3
7.43558029999258,-31
7.435799400001997,5
7.4360378999845125,7
7.436364599998342,-44
7.43659959998331,30
7.43680499997572,82
7.437052799999947,16
7.437279599980684,8
7.437615599978017,64
7.437864999985322,16
7.438094399985857,-14
7.438348299998324,-1
7.438577399996575,-25
7.438835499982815,-23
7.43907439999748,-91
7.439323599974159,14
7.439551999996183,-27
7.439783999987412,5
7.440116899990244,-74
7.440366399998311,60
7.4405837999947835,-9
7.440827699989313,30
7.441084699996281,12
7.441360600001644,35
7.441641699988395,1
7.441890699992655,-16
7.442136199999368,-50
7.442343599977903,-100
7.442600299982587,-41
7.442830399988452,0
7.443082099984167,4
7.4433192999858875,33
7.443696399976034,-15
7.444063299975824,-21
7.444351899990579,-7
7.444693199999165,63
7.444985599984648,32
7.445283299981384,-89
7.445614600001136,-31
7.445879299979424,-22
7.446139499981655,-2
7.446395899984054,-37
7.446638299996266,1
7.446887300000526,-39
7.447123299993109,-23
7.447377099975711,-23
7.447628399997484,-7
7.447869099996751,39
7.448118100001011,28
7.448345099983271,61
7.448574199981522,-72
7.44882239997969,-24
7.449081500002649,-32
7.449293899990153,4
7.449628199974541,-18
7.449853799975244,24
7.450083299976541,82
7.450312399974791,18
7.45053599998937,15
7.4508677999838255,32
7.451104399980977,89
7.451334599987604,34
7.45159679997596,-3
7.451844099996379,-63
7.452082399977371,-102
7.45229279997875,-40
7.452598299976671,-98
7.4528471999801695,-8
7.4530950999760535,27
7.453333599987673,58
7.453533599997172,1
7.453870400000596,43
7.454208199982531,60
7.454468999989331,-50
7.454711099999258,26
7.454983399977209,26
7.4552232999994885,-5
7.455461599980481,20
7.455709299974842,5
7.45595819997834,22
7.456180899986066,-27
7.4564196999999695,-60
7.456725500000175,-10
7.456961299991235,-25
7.457204399979673,-25
7.457421599974623,24
7.457777799980249,-89
7.458061799989082,-30
7.4582751999842,-83
7.458526599977631,-14
7.458772299985867,-89
7.459021599992411,37
7.459269699989818,21
7.459556899993913,16
7.459839399991324,21
7.460132599982899,2
7.460464999981923,35
7.461176399985561,-13
7.461559099989245,-44
7.46192499998142,57
7.462319199985359,-40
7.462704599980498,49
7.463215800002217,22
7.463599099981366,-73
7.463987800001632,57
7.464353599993046,-29
7.464677699987078,14
7.465019099996425,5
7.465412599995034,-65
7.4657897999859415,12
7.466140999982599,-32
7.46645529998932,-8
7.466805899981409,18
7.467078299989225,-2
7.467325299978256,64
7.46757829998387,44
7.467824699997436,66
7.468058999977075,9
7.468395399977453,18
7.468662100000074,55
7.4689783999929205,-92
7.469205100002,0
7.4694501999765635,64
7.469707899988862,61
7.4699528999917675,-26
7.470198299997719,1
7.470419099990977,-87
7.470665100001497,-7
7.471066699974472,-29
7.471333399997093,41
7.4715697999927215,47
7.4718284999835305,-13
7.472090199997183,-12
7.472337699990021,-13
7.472586299991235,-50
7.472856199980015,-29
7.473127499979455,-51
7.473370499996236,-6
7.473619799973676,-65
7.473871900001541,-20
7.474111899995478,-60
7.47435829997994,34
7.4746038999874145,33
7.474841299990658,42
7.47507929999847,-5
7.475340099976165,-41
7.475611100002425,-17
7.475878500001272,-1
7.47612089998438,-32
7.4764276999922,-34
7.47671149999951,-27
7.476983100001235,12
7.477283399988664,17
7.477625599974999,-7
7.477994699991541,-33
7.478333799983375,35
7.478657599975122,-56
7.478974199999357,-17
7.479250599979423,21
7.4795675999775995,-105
7.479853400000138,-18
7.480095299979439,-33
7.480359799985308,-53
7.480622699978994,-3
7.480888199992478,-99
7.481148899998516,-38
7.481370599998627,-3
7.481597299978603,27
7.481847099988954,-9
7.482107299991185,79
7.482370899990201,76
7.482620299997507,101
7.48284009998315,49
7.483065999986138,-29
7.483335999975679,-76
7.483584199973848,-46
7.483853499987163,-6
7.4842029999999795,-9
7.484502099978272,72
7.484751299984055,57
7.485003399982816,22
7.485221499984618,-35
7.48548779997509,-36
7.485745799989672,-34
7.485993499984033,-39
7.486225299973739,-27
7.4864430000016,0
7.486702399997739,0
7.4869602999824565,80
7.487208099977579,19
7.487437299976591,27
7.487701299978653,35
7.48795219999738,-9
7.488202399981674,2
7.4884603999962565,-36
7.4887179999786895,-47
7.48908259999007,7
7.489374199998565,-11
7.489618399995379,47
7.489874599996256,11
7.490130499994848,7
7.490359199990053,-2
7.490558499994222,-75
7.490806099987822,-1
7.491031599987764,46
7.491370899981121,-45
7.491719099984039,0
7.4919951999909244,12
7.492243099986808,4
7.492554700002074,-39
7.492834499978926,44
7.4931263999897055,-27
7.493486999999732,37
7.493902799993521,-58
7.494228600000497,30
7.494554199976847,-45
7.494843899999978,-93
7.495182099984959,-111
7.495522099983646,19
7.495820799987996,-36
7.4961234999937005,-118
7.496352099988144,10
7.496554999990622,55
7.4968127999745775,63
7.49711469997419,85
7.497364599985303,10
7.497618699999293,51
7.497854399989592,-15
7.498096199997235,15
7.498350399982883,-23
7.498587299982319,-74
7.498788400000194,-39
7.499118899984751,-84
7.499361700000009,-35
7.499606799974572,-39
7.499871299980441,39
7.500121699995361,9
7.500377799995476,44
7.5006276999774855,99
7.5008546999888495,-9
7.501130899996497,56
7.501358299981803,28
7.501621699979296,24
7.501956199994311,-12
7.502245599986054,28
7.502506599994376,-11
7.50272920000134,66
7.502938599995105,-43
7.5032038999779616,-8
7.5035498999932315,-48
7.503808099980233,44
7.504043900000397,-3
7.504375999997137,40
7.504634599987185,24
7.504862799978582,38
7.505097099987324,-39
7.505353599990485,-74
7.5056211999908555,-20
7.505872499983525,-52
7.506133599992609,-67
7.506422599981306,2
7.506751099979738,-24
7.506971299997531,-20
7.507192299992312,-68
7.507406799995806,-51
7.507609799999045,24
7.50783039999078,20
7.508044299989706,-21
7.50825809998787,22
7.508469899999909,72
7.508694399992237,8
7.508904899994377,-49
7.509123099996941,-60
7.5093333999975584,8
7.509545899985824,30
7.50996429999941,26
7.510255399974994,-70
7.510585399984848,-92
7.510943599976599,2
7.511299599980703,-77
7.5116144999919925,-46
7.5120602999813855,-26
7.512409999995725,-19
7.512683499982813,14
7.51293459997396,9
7.513203999988036,16
7.513411599997198,28
7.513724399992498,34
7.51394849998178,-56
7.514167299988912,-85
7.514467499975581,-19
7.514698799990583,34
7.514897999993991,60
7.515118599985726,58
7.515325499989558,17
7.515543199988315,4
7.5158769999979995,-1
7.516130599979078,0
7.516357999993488,-17
7.516566399979638,8
7.516790299996501,60
7.517106399987824,-55
7.51733279999462,14
7.51751659999718,25
7.517719199997373,-38
7.517938999983016,30
7.518145499983802,64
7.518414499994833,5
7.518660599977011,84
7.518965600000229,35
7.519206099997973,17
7.519392299989704,-67
7.519597499980591,48
7.519823599985102,74
7.520049199985806,-9
7.520339699985925,23
7.520577699993737,51
7.520787799992831,-22
7.521093199989991,25
7.52132589998655,-38
7.521519199974136,-80
7.521731599990744,61
7.521968699991703,54
7.5222283999901265,47
7.522461299988208,21
7.522698099986883,36
7.522949999984121,-31
7.5231986999860965,-60
7.523456700000679,-89
7.523677099990891,-4
7.523906699992949,42
7.52424119997886,-31
7.524489999981597,-30
7.524718699976802,47
7.524970799975563,-13
7.525223599979654,49
7.5254808999889065,37
7.5257111999962945,-1
7.525930399977369,-65
7.526175599981798,-92
7.526541499973973,-30
7.526856299984502,22
7.527171900001122,29
7.5275032999925315,20
7.5277813999855425,-38
7.528136599983554,-27
7.528488999989349,77
7.528741999994963,23
7.52899379999144,37
7.529225299978862,50
7.529450999980327,-37
7.529704799992032,-2
7.52992489997996,-64
7.530161799979396,-27
7.530505399976391,-26
7.530726199998753,9
7.530955800000811,6
7.531198599986965,17
7.531448800000362,0
7.5317108999879565,44
7.531954299978679,36
7.532180899986997,6
7.532420399977127,-23
7.532745599979535,38
7.532987899990985,36
7.533252699999139,-6
7.5334956999868155,-13
7.533718699996825,3
7.533975999976974,-81
7.534209699981147,-26
7.534431999985827,60
7.534701299999142,19
7.534932199981995,27
7.535181899991585,5
7.5354109999898355,-15
7.535742399981245,29
7.535991399985505,45
7.5362415999989025,0
7.536473999993177,-7
7.536693100002594,-101
7.53691070000059,-28
7.537248399981763,-65
7.537494299991522,-14
7.537832100002561,-26
7.538096599979326,-28
7.538325499976054,-79
7.5385748999833595,-42
7.538807899982203,-40
7.539063199976226,-11
7.539268199994694,56
7.539491799980169,19
7.539765800000168,-59
7.540010099997744,8
7.540222299983725,-33
7.5404548999795225,-95
7.540741899982095,23
7.540996800002176,-85
7.541226000001188,-1
7.541449099982856,42
7.541709399985848,2
7.541916399990441,-10
7.5422566999914125,45
7.542576999985613,-70
7.542804500000784,4
7.543130299978657,1
7.543441599991638,13
7.54376869997941,-26
7.544160999997985,-13
7.544479199976195,-12
7.544733299990185,-92
7.545026999985566,59
7.545296600001166,-56
7.54555499998969,-72
7.54583229997661,-6
7.546055499988142,36
7.5462855999940075,19
7.546536499983631,83
7.546864399977494,3
7.547126299992669,2
7.547375399997691,-23
7.54759929998545,36
7.54781489999732,13
7.548034099978395,-33
7.548365800001193,19
7.548618399974657,-10
7.548848199978238,-62
7.549097399984021,-49
7.5493357999948785,-12
7.549559299979592,-23
7.549783700000262,64
7.550120300002163,-8
7.550348599994322,73
7.550565199984703,59
7.550783299986506,-29
7.551117900002282,46
7.551369399996474,18
7.5516222000005655,0
7.551842399989255,-49
7.552101999986917,-34
7.5523317999904975,7
7.552558900002623,3
7.552756599994609,-14
7.552997799997684,9
7.55324079998536,25
7.553488499979721,-66
7.553738499991596,-32
7.553972099995008,-61
7.554316399997333,10
7.554560399992624,-11
7.554781999991974,-43
7.555118999996921,-39
7.555374099989422,-34
7.55562159998226,-24
7.5558665999851655,-20
7.556100099987816,-94
7.556323199998587,-42
7.5565835000015795,52
7.556788499990944,16
7.557190099993022,84
7.557457399991108,10
7.557686199987074,0
7.557889699994121,10
7.558144099981291,-47
7.558397199987667,15
7.558649899990996,-20
7.558959499991033,-56
7.559260199981509,66
7.559615299978759,40
7.559934799995972,-80
7.560303499980364,-94
7.560667699988699,18
7.561024800001178,-74
7.561382299987599,7
7.561803099990357,-45
7.562167399999453,-13
7.562486599985277,35
7.562837799981935,-36
7.563121599989245,16
7.563371199998073,51
7.563612999976613,-15
7.563857699977234,-38
7.564094199973624,-84
7.564346300001489,23
7.564582699997118,58
7.5647811999951955,66
7.565116799989482,70
7.565342399990186,-27
7.565592300001299,58
7.565821099997265,45
7.566054700000677,13
7.566277999983868,-83
7.566619399993215,0
7.566852299991297,-20
7.567088899988448,-2
7.5673210999812,-85
7.567569899983937,46
7.567828799976269,32
7.568070999986958,69
7.568349999986822,91
7.568600999977207,42
7.568823999987217,87
7.569068999990122,16
7.569326600001659,8
7.5695714999747,-62
7.569825199985644,-44
7.570060099998955,-72
7.570289299997967,25
7.570620299986331,-51
7.570861699990928,-61
7.571096200001193,-8
7.571346999990055,55
7.5715598999813665,-12
7.571783299994422,-4
7.572113399975933,-18
7.572376600001007,75
7.57261559998733,0
7.572841899993364,29
7.573070399987046,-56
7.573320099996636,-97
7.573650799982715,7
7.573910899984185,-27
7.5742419000016525,18
7.574490300001344,45
7.574776800000109,-48
7.5750510999932885,50
7.575284999998985,-37
7.575591799977701,-28
7.5758397999743465,16
7.576070899987826,-41
7.576334899989888,-35
7.576656899997033,-64
7.576963400002569,11
7.577314699999988,-35
7.577666899975156,-91
7.57795399997849,-18
7.578341299988097,14
7.578632299992023,-87
7.578865299990866,-57
7.57911619998049,12
7.579371200001333,3
7.579616599978181,34
7.579860500001814,49
7.580094399978407,50
7.580346299975645,25
7.580595999985235,17
7.580823700001929,-38
7.581072899978608,-41
7.581332100002328,72
7.581550999981118,-4
7.58180220000213,100
7.582036099978723,6
7.5823670999961905,-24
7.5826201000018045,74
7.582839399983641,5
7.583095499983756,-6
7.583346799976425,9
7.5835808999836445,-40
7.583819599996787,-34
7.584074799990049,-65
7.58432829999947,26
7.5845780999807175,19
7.58480729997973,87
7.585024699976202,-7
7.585362999991048,-32
7.585623099992517,41
7.5858425999758765,4
7.586095499980729,54
7.586323399998946,-25
7.586573399981717,-68
7.586838799994439,-32
7.587077899981523,-93
7.587327799992636,41
7.587576699996134,-3
7.587829899974167,-17
7.5880844999919645,18
7.5882878999982495,29
7.588691799988737,11
7.588939999986906,-40
7.589140700001735,25
7.589391599991359,51
7.589639199984958,38
7.589889499999117,4
7.590140099986456,13
7.590368599980138,-44
7.590618499991251,-112
7.590861999982735,-32
7.591113599977689,-38
7.591374399984488,-94
7.591594899975462,10
7.5918495999940205,68
7.592075799999293,-26
7.592305999976816,-32
7.592528199980734,-24
7.592866799997864,30
7.59316079999553,-31
7.593517199973576,33
7.59381449999637,-35
7.594182699976955,-24
7.594472099997802,27
7.594720399996731,-13
7.594962899980601,6
7.5952014999929816,-36
7.595433199981926,-15
7.595757499977481,-102
7.596025399980135,-52
7.596255399985239,-11
7.596489099989412,13
7.596718799992232,-39
7.596968699974241,63
7.597218199982308,13
7.597444599989103,68
7.597699599980842,30
7.597931700001936,68
7.598241499974392,-40
7.598467599978903,50
7.598704799980624,-25
7.598912799992831,-32
7.599246699974174,-3
7.599490399996284,-87
7.599721399979899,11
7.599976999976207,46
7.600207799987402,2
7.600448699988192,34
7.60070129999076,20
7.600926699989941,40
7.601172499998938,-36
7.601419199985685,-80
7.601740799989784,-19
7.601964299974497,-15
7.602223199995933,29
7.602440499991644,-21
7.6026377999805845,12
7.602839599974686,16
7.60306589998072,-23
7.603306299977703,20
7.603513099980773,99
7.603733700001612,65
7.6039421999885235,-11
7.604294299992034,-8
7.604501900001196,-10
7.604712000000291,-47
7.6049437999899965,20
7.605143199994927,68
7.605401599983452,18
7.605633099999977,21
7.605829099979019,-30
7.606007499998668,10
7.606182699993951,28
7.606379999982892,-80
7.6065887000004295,-72
7.606774799991399,81
7.606953999988036,-17
7.607153899996774,21
7.6073480999912135,61
7.60757829999784,-11
7.607776399992872,-10
7.607954399980372,36
7.608173999993596,0
7.608351099974243,15
7.608521099988138,41
7.6087121999880765,-12
7.608886799978791,-79
7.6090854999783915,69
7.609281399985775,22
7.609488199988846,-59
7.609722499997588,41
7.6099841999821365,-17
7.610228799981996,7
7.6105185999767855,-2
7.610878499981482,-2
7.611166199989384,-14
7.611602499993751,16
7.611898699979065,5
7.6121451999933925,-72
7.612427699990803,-64
7.612700600002427,-93
7.612950299982913,-3
7.6131650999886915,12
7.613378999987617,48
7.613633100001607,-17
7.61383940000087,-12
7.6140628999855835,-35
7.614258199988399,4
7.614480899996124,61
7.614703599974746,54
7.6149185999820475,12
7.6152160999772605,-16
7.61543909998727,-62
7.615645599988056,-68
7.615839299978688,50
7.616073799988953,73
7.616388199996436,10
7.616629800002556,28
7.616853799991077,-30
7.617055199982133,-8
7.61730539999553,-64
7.617530599993188,25
7.6178700999880675,-17
7.618121899984544,-77
7.618368800001917,49
7.618603999988409,-28
7.6188349000003655,41
7.6190587999881245,13
7.619306599983247,-10
7.61952979999478,-68
7.619876899989322,14
7.62012369997683,-5
7.620347699994454,-78
7.620598499983316,-56
7.620833099994343,-7
7.621081799996318,-27
7.621280899998965,39
7.621592799987411,-75
7.621851399977459,33
7.622071399993729,37
7.6223282999999356,22
7.622577000001911,11
7.622801499994239,-34
7.623058500001207,-49
7.623274199984735,10
7.623510899982648,-62
7.623761900002137,6
7.624019799986854,49
7.6242450999852736,38
7.624494199990295,-25
7.624738299986348,-17
7.624979199987138,-44
7.625185799988685,-3
7.625409300002502,9
7.6257431999838445,-19
7.62599489997956,-41
7.626243099977728,-119
7.6264377999759745,52
7.626690699980827,-11
7.627095299976645,26
7.627452599990647,-103
7.6278177999774925,12
7.62814229997457,66
7.62843189999694,-23
7.628730999975232,-85
7.628986499999883,-32
7.629262499976903,-68
7.629517299996223,-82
7.629758099996252,4
7.629989099979866,25
7.6302449999784585,10
7.630493199976627,-30
7.630736999999499,66
7.630975799984299,20
7.63119590000133,31
7.631452399975387,22
7.631695599993691,-63
7.631946099980269,-37
7.632196999998996,-48
7.632450799981598,32
7.632687999983318,1
7.632902799989097,56
7.633244799973909,-15
7.633494399982737,-41
7.633744899998419,109
7.633974500000477,12
7.634202999994159,28
7.634493999998085,20
7.634781499975361,73
7.634996199980378,17
7.635191799985478,-34
7.6354105999926105,-47
7.63571529998444,-78
7.635912099998677,89
7.636196299979929,19
7.636414099979447,24
7.636720899987267,19
7.63694339999347,-8
7.637143999978434,-62
7.637343299982604,-15
7.6375651999842376,64
7.637791999994079,-21
7.638138099981006,40
7.6383474999747705,5
7.638573299976997,8
7.638786800001981,-63
7.639088500000071,-4
7.63932119999663,-48
7.639526999992086,13
7.639774099981878,-74
7.6399881999823265,60
7.6402118999976665,34
7.640579400002025,14
7.640918699995382,-52
7.641238799988059,-19
7.641563999990467,-31
7.641906399978325,11
7.642287199996645,-40
7.642567299975781,-31
7.642972899979213,7
7.643392199999653,-46
7.6437153999868315,50
7.644058699981542,11
7.6445221999892965,-42
7.645154699974228,-60
7.645493999996688,16
7.6459143999964,71
7.646210099977907,19
7.646490499988431,44
7.646795599983307,35
7.647092999977758,2
7.647413799975766,43
7.64766819999204,11
7.647943399992073,42
7.6482762999949045,-64
7.648755399975926,-38
7.6491101999999955,6
7.6494023999839555,5
7.649690099991858,31
7.649964999989606,57
7.650291699974332,55
7.650612999976147,19
7.6508819999871776,-7
7.651083299977472,-19
7.651312399975723,29
7.651536899997154,121
7.651861499994993,30
7.652112799987663,-18
7.65236300000106,61
7.652612399979262,61
7.652850399987074,68
7.653067199978977,-22
7.653281399980187,-45
7.6536304999899585,-24
7.653854799980763,3
7.6541183999797795,-25
7.6543486999871675,-85
7.65459949997603,0
7.654828400001861,74
7.655086899991147,11
7.65531380000175,64
7.655515699996613,12
7.65572319997591,-61
7.655958899995312,23
7.656205399980536,-35
7.6564351999841165,-11
7.6566559999773744,-13
7.657005799992476,16
7.657245499984128,13
7.6575006999773905,87
7.657744800002547,10
7.6579720999870915,-8
7.658188599976711,-52
7.658411699987482,10
7.658747799985576,-60
7.659005800000159,-100
7.659234399994602,-40
7.659470599988708,-62
7.659739399998216,10
7.660131799988449,-5
7.660435999976471,16
7.660779500001809,60
7.661092499998631,-54
7.661387399974046,-73
7.661662200000137,-37
7.661906399996951,-50
7.662233199982438,22
7.662521699996432,-20
7.662836399977095,-20
7.663107100001071,76
7.663313700002618,0
7.66354149999097,-38
7.663885399990249,42
7.664250399975572,-19
7.66451619999134,61
7.664764299988747,8
7.6650156999821775,49
7.665265899995575,49
7.665517699992051,36
7.665746899991063,-22
7.665998599986779,1
7.66624839999713,-76
7.666499199985992,-30
7.6667491999978665,-33
7.666971899976488,26
7.667232099978719,-49
7.667462799989153,33
7.66769979998935,23
7.667957799974829,75
7.668165399983991,39
7.668471999990288,64
7.668710999976611,-58
7.66894209999009,-5
7.669210199994268,0
7.669498899980681,-34
7.669729699991876,-69
7.669982099992922,-4
7.670204399997601,51
7.670463499991456,0
7.670703099982347,-10
7.670949899998959,29
7.671173099981388,11
7.671435600001132,-77
7.67166919997544,8
7.671996399993077,10
7.6722439999866765,-3
7.672500199987553,-22
7.672764399991138,-8
7.673009999998612,-124
7.673228899977403,-76
7.673455999989528,51
7.673658099985914,0
7.674067499989178,-28
7.674329100002069,-48
7.674576999997953,33
7.674808799987659,6
7.675059999979567,42
7.675282999989577,4
7.675694599980488,-25
7.675958499981789,-131
7.676188899989938,-2
7.676470199978212,-46
7.676823199988576,-77
7.677151099982439,7
7.677468099980615,-35
7.677779099991312,4
7.678133399982471,14
7.678469699982088,18
7.678730899991933,-4
7.678993999987142,-1
7.679264999984298,24
7.679563599987887,30
7.679839599994011,34
7.680083099985495,-8
7.680309799994575,-18
7.680527699994855,-69
7.680851499986602,21
7.681056599976728,-32
7.6813003999996,36
7.681533099996159,41
7.681890099978773,-19
7.682139899989124,-11
7.682370199996512,-69
7.682620899984613,5
7.682864299975336,-12
7.683121799986111,81
7.683371099992655,47
7.683593499998096,73
7.683842799975537,21
7.684096099983435,11
7.684331399999792,5
7.6845343000022694,76
7.684869399992749,25
7.6850988999940455,-46
7.685306100000162,-1
7.685554700001376,40
7.685785899986513,48
7.686115999997128,85
7.68644150000182,63
7.686709000001429,3
7.68698339999537,-15
7.687244299973827,-40
7.687488299998222,47
7.687731299985899,11
7.6879542999959085,-30
7.688369099982083,-28
7.6886843999964185,-23
7.68898479998461,-54
7.689211599994451,-23
7.689439699985087,-64
7.689670499996282,-9
7.68998759999522,-57
7.690235999994911,-37
7.690468599990709,17
7.6907058999931905,73
7.690924700000323,4
7.691156399989268,-20
7.691416499990737,-8
7.691697799979011,-75
7.692013199994108,-12
7.6923328999837395,3
7.692593499989016,27
7.692871399980504,31
7.693198499997379,-59
7.693512400001055,-39
7.694032999977935,-64
7.694484399980865,-1
7.694911699974909,-64
7.695267199975206,51
7.6956856999895535,-78
7.6963442999986,74
7.696706999995513,-6
7.6971936999761965,47
7.697518899978604,40
7.697850500000641,49
7.6983715999813285,-2
7.698735799989663,-20
7.699070999980904,83
7.6994086999911815,10
7.6996930000022985,-31
7.7000119999866,-27
7.7002978999807965,-2
7.700657299981685,-13
7.700919099996099,62
7.701229699974647,27
7.701531899976544,-68
7.701833200000692,-16
7.702309799991781,-61
7.702633099979721,12
7.7028978999878746,10
7.7032907999819145,-17
7.703623599983985,-64
7.7038919999904465,-73
7.704132899991237,-26
7.704370399995241,13
7.704681699979119,-7
7.705019799992442,-73
7.705310699995607,7
7.70561559998896,31
7.705970899987733,63
7.7063323999755085,-65
7.706638199975714,-4
7.706919999996899,39
7.707235099980608,65
7.707544799981406,40
7.707864500000142,-94
7.708134899992729,-13
7.708426199998939,-30
7.708705600001849,-87
7.709094999998342,-6
7.709500899974955,-8
7.709856100002071,-45
7.7101619000022765,52
7.710446799988858,15
7.710777100000996,-64
7.711161199986236,-64
7.711648399999831,50
7.712167699995916,48
7.7125178999849595,63
7.712829999974929,31
7.71329259997583,-19
7.713594200002262,35
7.713826199993491,-54
7.714077299984638,75
7.7143242999736685,19
7.714563399989856,106
7.714828600001056,61
7.715074999985518,13
7.715431999997236,15
7.715707099996507,7
7.715929999976652,64
7.716161599993939,14
7.716501099988818,-40
7.716748999984702,78
7.716969599976437,37
7.717251699999906,10
7.717490899987752,41
7.717744499997934,-17
7.717994499980705,6
7.718245399999432,-22
7.718474099994637,-33
7.718679099984001,-47
7.71895469998708,-52
7.719189399998868,58
7.719451599987224,22
7.719700899993768,31
7.719925299985334,1
7.720154199982062,-25
7.720491399988532,21
7.720763699995587,4
7.721010799985379,42
7.721226800000295,0
7.7214593999960925,12
7.7216911999857984,-42
7.722087299975101,-72
7.7223529999901075,47
7.722578999993857,-13
7.722831799997948,-40
7.723032299982151,-120
7.723409400001401,-40
7.723604999977397,-37
7.723845000000438,40
7.724074699974153,-53
7.7243299999972805,73
7.724536900001112,38
7.724858799978392,80
7.725107399979606,-18
7.7253998999949545,34
7.725623499980429,-25
7.726000900001964,-20
7.726364299975103,-56
7.726734999974724,-99
7.727110399981029,3
7.727551899995888,6
7.728061999980127,-38
7.728480499994475,-3
7.728906899981666,50
7.729273799981456,0
7.729591899988009,40
7.729962499986868,-10
7.730304799973965,6
7.730587199999718,1
7.7308651999919675,35
7.731260100001236,68
7.73174239997752,18
7.732099999993807,-12
7.732423299981747,23
7.732806199986953,70
7.733100799989188,2
7.7335215999919455,-24
7.733832500001881,35
7.734106799995061,-59
7.734356399974786,2
7.734605799982091,2
7.734858999989228,-4
7.735228699981235,-38
7.735518799978308,25
7.735763699980453,-7
7.736055599991232,-25
7.736323899996933,19
7.736609399988083,56
7.736906699981773,27
7.737229099991964,-24
7.737621399981435,9
7.7379684999759775,-11
7.738233299984131,-8
7.738524699991103,-19
7.7388032999879215,21
7.739093699987279,26
7.739426699990872,10
7.739753299974836,-43
7.740102699986892,19
7.7404103000008035,-23
7.740744699985953,-13
7.740993399987929,-72
7.741254799999297,-17
7.7414769000024535,-49
7.74169830000028,1
7.741960499988636,33
7.742211899982067,-20
7.742456299980404,-17
7.742675199988298,-7
7.7430593999743,-12
7.7434282999893185,-22
7.743954799982021,-52
7.744328599976143,-93
7.744782199995825,-40
7.745196699979715,16
7.745695499994326,-18
7.746065899991663,-78
7.746494299994083,68
7.7468559999833815,-51
7.747158399986802,52
7.747527400002582,-6
7.747889999998733,-18
7.748305499990238,30
7.748661699995864,-15
7.748999299976276,45
7.7492622999998275,-12
7.749631899991073,5
7.749872999993386,-12
7.75011490000179,-97
7.7503334999782965,87
7.750593499979004,50
7.750853499979712,37
7.75111049998668,48
7.7513639999961015,36
7.751618799986318,40
7.751839699980337,25
7.752117299998645,-68
7.752367199980654,-32
7.752616799989482,-7
7.752867099974537,-72
7.753117099986412,-99
7.753342799987877,-50
7.753598499984946,41
7.753851899993606,8
7.754067399975611,67
7.75433999998495,42
7.754579799977364,-17
7.754831899976125,-2
7.755070599989267,-7
7.755315499991411,-5
7.755524099979084,-88
7.755734199978178,-7
7.75591879998683,55
7.756159399985336,-6
7.7565383999899495,-16
7.7568056999880355,87
7.757022299978416,7
7.757190699980129,-71
7.757402499992168,20
7.757754799997201,-40
7.758009399985895,-70
7.758211199979996,19
7.758450900000753,91
7.758737199997995,25
7.759064699988812,33
7.759306499996455,-50
7.759574299998349,-72
7.759894599992549,-90
7.76019569998607,-89
7.760545500001172,-26
7.761007399996743,-12
7.761384799989173,33
7.761717999994289,-81
7.761972199979937,-102
7.762310099991737,-98
7.762623699993128,42
7.762991099996725,19
7.7633702000021,-44
7.763672599976417,48
7.7639477999764495,54
7.7642093999893405,45
7.764454299991485,49
7.764694099983899,55
7.7649502999847755,22
7.76519219999318,-9
7.765387599996757,-33
7.765584499982651,9
7.765817499981495,52
7.766068099997938,46
7.766316399996867,69
7.766567399987252,20
7.766825099999551,-2
7.767067399981897,-55
7.767317199992249,-4
7.767567099974258,-28
7.767815999977756,-63
7.768071300000884,-17
7.768321099982131,-23
7.768570999993244,44
7.768821199977538,47
7.769071399990935,-13
7.769317199999932,51
7.769551999983378,26
7.769805099989753,-20
7.770033499982674,-15
7.770369399979245,3
7.770619699993404,-48
7.77086709998548,-30
7.771095199976116,-81
7.771337599988328,0
7.771613899996737,2
7.771865599992452,-81
7.772115699975984,14
7.772366899996996,35
7.7726003999996465,57
7.77282600000035,4
7.773072799987858,-32
7.773321099986788,-33
7.77357259998098,-7
7.7738216999860015,-45
7.774071799998637,-19
7.774321899982169,-73
7.7745753999915905,37
7.774824099993566,-19
7.775075499986997,-42
7.775327999988804,41
7.775532699975884,41
7.775884899980156,22
7.776091599982465,33
7.776393299980555,9
7.7767152999877,-3
7.777059699990787,-2
7.777383699984057,-58
7.777749999979278,-22
7.7782031999959145,24
7.778577999997651,59
7.778932099987287,-91
7.779207199986558,-41
7.779483999998774,-24
7.7797660999931395,44
7.780019600002561,51
7.780271999974502,18
7.780512600002112,4
7.780762899987167,18
7.780972799984738,-7
7.781196299998555,57
7.781451099988772,7
7.781705699977465,65
7.781904299976304,65
7.782224099995801,22
7.78242799997679,-37
7.782659599994076,-94
7.783000399998855,14
7.783250599983148,2
7.78349019997404,-8
7.783724499982782,-5
7.783943999995245,24
7.784187399985967,3
7.784406799997669,84
7.784742399991956,39
7.785002099990379,7
7.7852447999757715,61
7.785482299979776,41
7.785829599975841,42
7.786097499978496,-19
7.786348099994939,30
7.786606499983463,-7
7.786877099977573,8
7.7870952999801375,55
7.7873308999987785,26
7.78755429998273,-33
7.787782100000186,-65
7.788127899984829,-2
7.788466099998914,-1
7.788793799991254,45
7.789205799985211,-23
7.7894759999762755,61
7.789693999977317,-15
7.789960399997653,-8
7.790230199985672,-31
7.790499399998225,-14
7.790750799991656,-5
7.791003199992701,-40
7.791237099998398,-37
7.791487099981168,-87
7.791748699994059,0
7.791995399980806,-38
7.79227879998507,-35
7.792505399993388,58
7.792723399994429,-2
7.7929876999987755,11
7.793340099975467,-14
7.793632999993861,-108
7.7940553999796975,72
7.7943724999786355,-22
7.794620399974519,12
7.795016299991403,4
7.7953943999891635,-14
7.795712899998762,-46
7.795969400001923,-18
7.796242499985965,-21
7.796525599987945,-84
7.796798700001091,-32
7.7971042999997735,-33
7.797330000001239,-52
7.797575399978086,-57
7.79780169998412,12
7.798060100001749,76
7.798296199995093,17
7.7986250999965705,-4
7.798871399980271,60
7.799116899986984,78
7.799373999994714,19
7.799597399978666,14
7.799862399988342,-16
7.800121999986004,-24
7.800366199982818,-10
7.800615599990124,11
7.80085319999489,-67
7.80106369999703,9
7.801292099989951,45
7.801616499986267,-10
7.801896599994507,47
7.802118999999948,90
7.802365999988979,36
7.802599799993914,29
7.802838499977952,-70
7.803083999984665,-58
7.8032826999842655,9
7.803618199977791,-38
7.803846800001338,-85
7.8040990000008605,11
7.8043263999861665,76
7.804578599985689,4
7.804790900001535,-7
7.805120999983046,19
7.8054750000010245,21
7.805767799989553,-70
7.806031599990092,-72
7.806241099984618,-95
7.806602899974678,-14
7.806891399988672,47
7.807122500002151,-30
7.807388199988054,-31
7.807647299981909,-60
7.807892799988622,-92
7.808145999995759,-44
7.8083952000015415,-58
7.808615399990231,-1
7.808878099982394,0
7.809122999984538,52
7.809372499992605,53
7.809735099988757,21
7.810065500001656,-3
7.810441199981142,-54
7.810810800001491,78
7.811191499989945,-60
7.811530999984825,-13
7.811911299999338,-71
7.812304599996423,6
7.812667699996382,-29
7.813025499985088,-21
7.8132777999853715,21
7.813540999981342,-4
7.8138218999956734,43
7.81408549999469,-4
7.8143214999872725,52
7.8145756000012625,-23
7.814790999982506,-40
7.815120099985506,-12
7.8153761999856215,11
7.815598299988778,10
7.815827699989313,-43
7.8160802999918815,31
7.816305599990301,59
7.816599699988728,-54
7.816833899996709,13
7.8170732999860775,-2
7.817333699989831,32
7.817605399992317,42
7.817867899982957,58
7.818232999998145,-5
7.818491699988954,-68
7.818740799993975,-7
7.8189920999866445,-49
7.819249899999704,78
7.819495099975029,12
7.819729599985294,35
7.819983399997,23
7.820247399999062,24
7.820489499979885,12
7.820747199992184,-35
7.820997999981046,-10
7.821227199980058,-88
7.821460499981185,-78
7.821683899994241,26
7.821884999983013,34
7.822094699979061,-34
7.8223233000026084,-49
7.822588999988511,13
7.822824999981094,-18
7.823056699999142,38
7.8232871999789495,55
7.823623599979328,47
7.823873099987395,35
7.824131100001978,-3
7.824353999982122,48
7.824679599987576,-49
7.824952099996153,51
7.825175899983151,85
7.825437599996803,-26
7.825700599991251,-2
7.825949499994749,4
7.826253199978964,-49
7.826589899981627,9
7.826909999974305,-9
7.8272336999943946,-105
7.827612599998247,-25
7.827994699997362,-28
7.828305399976671,-16
7.8286290999967605,12
7.828940399980638,20
7.829213599994546,-16
7.829446399991866,102
7.829717699991306,60
7.829962099989643,16
7.83022340000025,11
7.830480599979637,17
7.830710699985502,-11
7.830939999985276,-27
7.831166899995878,-95
7.8314317999756895,-31
7.831757599982666,2
7.832013699982781,-31
7.832267199992202,-46
7.83252719999291,-41
7.832753599999705,-17
7.832978499995079,52
7.833231099997647,37
7.833457000000635,72
7.833777799998643,43
7.834045299998252,-16
7.83436849998543,-81
7.834623599977931,23
7.834876899985829,6
7.835122699994827,-46
7.835441199975321,-37
7.8357094999810215,-56
7.835928299988154,31
7.836175699980231,-2
7.836405699985335,76
7.83675069999299,53
7.836998799990397,34
7.8371804999769665,18
7.837425799982157,-43
7.837664999999106,-17
7.8380229999893345,34
7.8382684999960475,17
7.838513700000476,-38
7.838774599978933,0
7.839040599996224,16
7.839273299992783,-86
7.839492699975381,-21
7.839745899982518,16
7.839993299974594,35
7.840227799984859,51
7.84045389998937,-3
7.840705599985085,-36
7.84092989997589,-18
7.841168199985987,2
7.841395099996589,-45
7.841636199998902,11
7.841931199975079,23
7.842200299986871,15
7.842448799987324,41
7.842697999993106,-21
7.8430036999925505,-3
7.843298099993262,-13
7.843626899993978,1
7.843953599978704,13
7.844225899985759,-11
7.844517699995777,-3
7.844809099973645,-11
7.845153999980539,-5
7.845430099987425,-2
7.845751299988478,-84
7.846017399977427,2
7.8462570999981835,-60
7.846468899981119,-19
7.846732399979373,-11
7.846992399980081,1
7.84724339999957,1
7.847533799998928,-21
7.847752599976957,103
7.847970999981044,55
7.848218999977689,24
7.848457699990831,-50
7.848654599976726,-46
7.848999299982097,-36
7.8492252999858465,-23
7.849477899988415,-106
7.849696799996309,22
7.8499425999762025,-7
7.850192599988077,67
7.850449699995806,36
7.850696399982553,67
7.85095329998876,30
7.851183699996909,19
7.85141350000049,6
7.8517390999768395,28
7.851985999994213,-13
7.8522234999982174,-24
7.852472400001716,-46
7.852719099988462,0
7.853025799995521,-7
7.853285299992422,-84
7.853614999999991,6
7.853860099974554,-28
7.854120999982115,-5
7.854341999976896,-44
7.854605799977435,-79
7.854824399983045,4
7.855072699981974,-19
7.855329799989704,45
7.855535299982876,53
7.855844599980628,71
7.856098599993857,14
7.856335199991008,-24
7.856572699995013,-46
7.856836699997075,-24
7.85708469999372,-19
7.857323599979281,-26
7.857570599997416,-4
7.857907999976305,-15
7.858148200000869,-120
7.858393000002252,-5
7.858657799981302,-56
7.858878099999856,42
7.859113199985586,-25
7.859365799988154,53
7.8596225999936,-26
7.859967799973674,21
7.860284199996386,-4
7.860574999998789,-31
7.860967699991306,-47
7.861338299990166,27
7.861718200001633,-42
7.862069199996768,15
7.862361999985296,-54
7.8626793999865185,-25
7.862992499984102,9
7.863241299986839,-10
7.863484999979846,-1
7.863745199982077,-52
7.863968799996655,-18
7.8642206999938935,31
7.8644643999869,39
7.864692599978298,81
7.864948699978413,52
7.865187299990794,48
7.865450299985241,-12
7.865680599992629,-32
7.8659115999762435,-45
7.866243500000564,4
7.866488300001947,-5
7.866754899994703,-35
7.866983899992192,-5
7.867233799974201,-96
7.86748849999276,7
7.867745299998205,25
7.867990300001111,-28
7.868244299985236,72
7.868471199995838,36
7.868722899991553,51
7.868945399997756,19
7.869197899999563,2
7.869454699975904,-4
7.869686799996998,-71
7.8699058999773115,-69
7.870238099974813,-106
7.870503299986012,-16
7.8707549999817275,-51
7.870966199989198,30
7.871199199988041,5
7.8714535999752115,39
7.871693799999775,-2
7.871950999979163,15
7.872247899998911,-54
7.872509499982698,2
7.872785399988061,-45
7.873007399990456,-27
7.873259899992263,-125
7.873475399974268,-30
7.87370159997954,27
7.873924199986504,77
7.874219999997877,5
7.874470599985216,92
7.874717899976531,51
7.874946800002363,13
7.875206299999263,-17
7.875430399988545,-69
7.875658299977658,-37
7.876072499988368,-20
7.876322600001004,49
7.876586300000781,10
7.8768247999832965,-17
7.877127999992808,22
7.877488400001312,-2
7.877800699992804,-69
7.8780676999886055,-46
7.878394300001673,-30
7.87876699998742,24
7.8790639999788254,27
7.879367999994429,-32
7.879600599990226,-92
7.879825099982554,-21
7.880073599983007,48
7.880326299986336,33
7.880557500000577,58
7.880797399993753,-18
7.881090199982282,59
7.8813252999971155,74
7.881575199979125,18
7.881825399992522,-21
7.88207870000042,-98
7.88230939998175,-5
7.882542499981355,51
7.882863399980124,-53
7.883117299992591,-20
7.883369299990591,-64
7.883611999975983,78
7.883845999982441,5
7.8840964999981225,41
7.884346199978609,13
7.884576499985997,4
7.884830199996941,31
7.885056699975394,-45
7.885306899988791,18
7.885532999993302,63
7.885872999991989,-22
7.886119599977974,-68
7.8863722999813035,-101
7.886593299976084,28
7.886851299990667,99
7.887081799999578,19
7.8873108999978285,-39
7.887508699990576,-91
7.887756799987983,-38
7.887997399986489,43
7.888246799993794,8
7.888497299980372,-36
7.888725400000112,24
7.888974899979075,-20
7.889237999974284,7
7.889470399997663,-33
7.889703599998029,-84
7.889953899983084,-39
7.890181800001301,32
7.890401499986183,14
7.8906490999797825,34
7.890892900002655,-7
7.891122299974086,8
7.891375699982746,-39
7.891621899994789,-128
7.891868299979251,-29
7.892117799987318,-15
7.8923428999842145,27
7.892600599996513,-31
7.892830500000855,21
7.893075399973895,-32
7.8934015999839175,0
7.89374569998472,-61
7.8940582999784965,-87
7.894322099979036,-23
7.894590199983213,4
7.8948617999849375,-39
7.895162499975413,-32
7.895478999998886,0
7.895813199982513,19
7.896077899989905,-45
7.896328799979528,53
7.896528899989789,64
7.896843399998033,11
7.897093699983088,85
7.897355099994456,42
7.897582699981285,15
7.897780699975556,-10
7.89811749997898,23
7.898346599977231,11
7.898595099977683,-97
7.898852799989982,-4
7.899083799973596,-57
7.899322599987499,55
7.89957699997467,12
7.899825799977407,55
7.900082499982091,45
7.90032469999278,14
7.900585499999579,34
7.900829299993347,5
7.901063299999805,-55
7.901329699991038,-87
7.901580299978377,-21
7.901806799985934,-56
7.902078599989181,-75
7.902280599984806,-6
7.902598899992881,61
7.9028236999874935,68
7.903072599990992,76
7.903322099999059,-7
7.9035753999778535,64
7.903799799998524,-15
7.904072599980282,-34
7.904328999982681,-55
7.904559399990831,-47
7.904758299991954,-14
7.90497289999621,22
7.905235299986089,31
7.905498299980536,3
7.9057462999771815,-10
7.905996699992102,-41
7.906230599997798,-140
7.9064913999754936,-21
7.906744099978823,-19
7.907004099979531,-89
7.907331499998691,-11
7.907607200002531,-81
7.907836400001543,-46
7.908077799977036,-114
7.908320499991532,14
7.908581499999855,-39
7.908808699983638,8
7.909017599973595,-3
7.909252299985383,4
7.9095360999926925,-20
7.9101528999744914,-54
7.910570599982748,44
7.9113552999915555,-10
7.911659199977294,33
7.911911099974532,19
7.912245799991069,-2
7.912508699984755,-36
7.912736999976914,-72
7.913000699976692,52
7.913247299991781,-10
7.913468099985039,24
7.913692199974321,-38
7.913910799979931,-20
7.914214199990965,-22
7.914441299973987,-70
7.914674300001934,-43
7.91500239999732,-31
7.915246799995657,-2
7.915442500001518,11
7.9156622999871615,105
7.915898199978983,-3
7.916120199981378,-4
7.9163446000020485,-69
7.916542499995558,46
7.9168807999813,-58
7.917120799975237,-86
7.917321699991589,6
7.91754869997385,13
7.917772799992235,-7
7.917983099992853,-50
7.91819269998814,-57
7.918414599989774,-9
7.918733699974837,61
7.918945599987637,57
7.919163799990201,42
7.919384699984221,5
7.919617099978495,-5
7.9198414999991655,-73
7.920067799976096,13
7.920312799979001,21
7.920548499998404,16
7.9207861999748275,-23
7.921120999992127,39
7.921369799994864,19
7.921687399997609,38
7.921985799999675,-56
7.922242299973732,-79
7.92246819997672,22
7.922822799999267,47
7.923177599994233,6
7.92341019999003,-16
7.923744799976703,62
7.923978199978592,-28
7.924191799975233,-40
7.924408799997764,53
7.924734200001694,-13
7.92500009998912,-51
7.92524839998805,-76
7.9254737999872304,-30
7.925704399996903,28
7.925931099976879,4
7.926129200001014,-83
7.926388099993346,-46
7.926644299994223,-21
7.927104599977611,-87
7.927408399991691,65
7.927708299976075,-5
7.928063599974848,-72
7.928420799988089,36
7.928703499987023,-10
7.929012699984014,-25
7.929308899998432,1
7.9295674999884795,-11
7.929901499999687,0
7.930161399999633,-18
7.930493799998658,33
7.930748199985828,23
7.930992699984927,65
7.931238099990878,60
7.931522300001234,17
7.9318476999760605,-28
7.932114900002489,47
7.932343899999978,44
7.9325938999827486,-44
7.932823499984806,-107
7.933072499989066,-3
7.933325599995442,-17
7.93353969999589,54
7.933848399989074,-70
7.934076599980472,7
7.934330799995223,56
7.934529799997108,47
7.934865599992918,66
7.935103199997684,13
7.935306100000162,4
7.935561399994185,-76
7.9357597999915015,-101
7.935974199994234,-6
7.936206999991555,19
7.936433099996066,25
7.936656899983063,-32
7.936991199996555,80
7.937222999986261,-11
7.937474999984261,-64
7.9377036999794655,-24
7.937939499999629,-12
7.938166999985697,-19
7.938493699999526,-55
7.938724599982379,0
7.938951299991459,21
7.9392068999877665,53
7.939432899991516,13
7.939662699995097,-104
7.939976499998011,-16
7.940186799998628,-58
7.9404041999951005,-55
7.94074669998372,-28
7.94099709999864,3
7.941258499980904,-45
7.941553099983139,0
7.941828099981649,-14
7.9420536999823526,-53
7.942281399999047,1
7.9426118999836035,-76
7.942870400001993,-99
7.943135599984089,-46
7.943449799990049,-97
7.943859399994835,-35
7.944147299975157,-76
7.944401999993715,-37
7.9446657999942545,12
7.9449740999843925,-105
7.945289199997205,-35
7.945583299995633,27
7.945861499989405,5
7.946125099988421,-22
7.946376699983375,16
7.946618699992541,-5
7.946845999977086,-21
7.947054599993862,-2
7.947288900002604,30
7.947611499985214,-13
7.947867099981522,-38
7.94811359999585,50
7.948345399985556,35
7.948597399983555,43
7.948847599996952,0
7.949075299984543,-9
7.949320799991256,-30
7.949569699994754,-80
7.949821499991231,-37
7.950074099993799,-39
7.950325599987991,-84
7.950572299974738,30
7.950827900000149,-13
7.951056599995354,101
7.951303599984385,13
7.951532799983397,13
7.951869099983014,10
7.952112099999795,4
7.952362099982565,97
7.952595799986739,6
7.9528429999772925,-78
7.953072799980873,-21
7.953319099993678,-60
7.953570399986347,35
7.953829699981725,-15
7.954051399981836,15
7.954283699975349,20
7.954613699985202,74
7.954869899986079,51
7.955116400000406,11
7.955350599979283,-30
7.955605399998603,-30
7.955822199990507,23
7.956098999973619,6
7.9563257999834605,-136
7.956553399999393,32
7.9568771999911405,39
7.957117099984316,40
7.957364799978677,33
7.957617399981245,93
7.9578743999882136,43
7.958124400000088,-8
7.958341499994276,-22
7.958601099991938,-56
7.958828000002541,-25
7.959091600001557,-48
7.959319699992193,-144
7.959583299991209,-60
7.95992289998685,-45
7.96041209998657,-51
7.960729799990077,-45
7.961111999989953,-14
7.961401299980935,6
7.961924399976851,8
7.962228299991693,39
7.9625396999763325,-97
7.962793799990322,-46
7.963034999993397,-71
7.963365599978715,-50
7.963625599979423,-39
7.963872599997558,-25
7.9641012999927625,-40
7.964303999993717,62
7.964555399987148,44
7.964831599994795,44
7.965036799985683,43
7.965371400001459,19
7.9656002999981865,17
7.96582749998197,5
7.966076899989275,-6
7.966319200000726,-17
7.966580199979944,-64
7.966780799994012,-43
7.967092899983982,9
7.9673418999882415,-34
7.967578099982347,55
7.967807399982121,75
7.968027700000675,12
7.968366499990225,40
7.968600399995921,32
7.968813199986471,-38
7.969031399989035,-62
7.969371799990768,-24
7.969617900002049,-41
7.96993749999092,-63
7.970201599993743,-5
7.9704515999765135,5
7.970693399984157,34
7.971001199999591,-32
7.971243499981938,-2
7.9715709000010975,-65
7.971823799976846,18
7.972070799994981,11
7.97232809997513,42
7.972570299985819,-23
7.972821599978488,-11
7.973082699987572,-110
7.973297699994873,-24
7.973529699986102,22
7.973876399977598,-52
7.974117099976866,-41
7.974371799995424,-83
7.974592499987921,9
7.97484309997526,51
7.975073699984932,-11
7.975320799974725,-11
7.975579799996922,-35
7.975805199996103,-66
7.976032499980647,-58
7.976343799993629,-70
7.9766694999998435,-102
7.9772128999757115,-17
7.977542899985565,0
7.977879899990512,-41
7.978234299982432,-60
7.978538900002604,-5
7.978822399978526,45
7.979111399996327,-27
7.979354999988573,36
7.97962749999715,14
7.979875599994557,-10
7.980112199991709,57
7.980367599986494,47
7.98059709998779,39
7.9808036999893375,-18
7.981031799979974,-1
7.981362899998203,-17
7.981740999995964,-94
7.982015899993712,45
7.9822660999780055,-5
7.982511799986241,52
7.982717899983982,-21
7.98294960000203,11
7.9832026999793015,-44
7.983452199987369,-9
7.9837088999920525,18
7.983904900000198,46
7.98422019998543,-25
7.984475099976407,77
7.9847040999738965,46
7.984947899996769,27
7.985203999996884,11
7.985455399990315,-12
7.98567599998205,-17
7.9859348999743816,-80
7.986157599982107,-2
7.986493399977917,-40
7.986752199998591,-98
7.986996199993882,10
7.987218199996278,-76
7.987474499997916,22
7.987752699991688,53
7.987995799980126,-2
7.988239300000714,51
7.988482799992198,-1
7.988722799986135,-4
7.988930299994536,-27
7.989152800000738,19
7.989391399984015,50
7.9896219999936875,-26
7.98985799998627,24
7.9900785999780055,-51
7.990279499994358,-94
7.990595799987204,-31
7.990851399983512,-128
7.9910724999790546,21
7.99132119998103,1
7.991570699989097,42
7.9918197999941185,-2
7.992080099997111,46
7.992321799974889,5
7.992601799982367,-40
7.992826999980025,-35
7.99309489998268,-64
7.993906199990306,-37
7.994286499975715,11
7.994646899984218,-83
7.995044799987227,57
7.995418299979065,-5
7.995853000000352,28
7.996224899980007,-26
7.996561199979624,49
7.996849199989811,19
7.997114500001771,4
7.997414299985394,-16
7.997689499985427,0
7.998028000001796,8
7.9982868999941275,-40
7.9986568999884184,3
7.998873399978038,-5
7.999145299982047,12
7.999447499983944,25
7.999749799986603,18
8.000030299997889,61
8.000328699999955,49
8.000619999977062,-45
8.000871099997312,-16
8.001121199980844,25
8.001385199982906,33
8.00163590000011,19
8.001860899996245,11
8.002113399998052,64
8.002365899999859,9
8.002623499982292,53
8.00286129998858,-23
8.003091399994446,21
8.003340600000229,-59
8.003576799994335,-73
8.003811299975496,18
8.004046199988807,94
8.00434439998935,16
8.004569199983962,85
8.004847499978496,10
8.005084099975647,48
8.00536139999167,-1
8.005653699976392,47
8.005988499993691,7
8.006297899992205,-3
8.006640699983109,-80
8.006954599986784,13
8.00731590000214,16
8.007622299977811,-18
8.007920299976831,-39
8.00822999997763,-31
8.008491799992044,-16
8.008766199985985,-44
8.009013799979584,-19
8.009266399982153,-1
8.009513999975752,-77
8.009874599985778,-67
8.010231099993689,26
8.010539299983066,15
8.010833699983777,-4
8.011217199993553,-15
8.011590299982345,20
8.01187379998737,-33
8.012240499985637,-17
8.01259719999507,10
8.012887299992144,-18
8.01316129998304,-29
8.013390299980529,-91
8.013641099998495,2
8.013892399991164,22
8.014109799987637,37
8.014330599980894,29
8.014539299998432,16
8.014861599978758,-22
8.01505969997379,-22
8.015250299999025,30
8.015461799979676,76
8.015704999997979,27
8.015881499974057,-18
8.016083599999547,-44
8.016279299976304,38
8.01650339999469,-7
8.016707699978724,-24
8.016908599995077,-28
8.017196100001456,-32
8.01744629998575,40
8.017699799995171,38
8.017945400002645,24
8.018197400000645,62
8.018444199988153,20
8.01872579997871,-2
8.018947799981106,-33
8.019192599982489,-5
8.019449499988696,-15
8.019713299989235,-39
8.019953499984695,-41
8.020163099979982,35
8.02049709999119,-20
8.02073869999731,-88
8.02105019998271,23
8.021393799979705,-20
8.021697499993024,13
8.02200029999949,43
8.0223109999788,68
8.022844399994938,17
8.023214399989229,-92
8.023519499984104,19
8.023826099990401,-3
8.024134199979017,35
8.024478799983626,-32
8.02479489997495,-27
8.025043799978448,-29
8.025292799982708,-43
8.025527199992212,-20
8.025780399999348,11
8.026117199973669,-55
8.026431799982674,-49
8.02746169999591,-16
8.027958799997577,-28
8.028300499980105,1
8.028599399985978,17
8.028940599993803,-80
8.029341799992835,38
8.029690700001083,-63
8.030063299986068,8
8.030386999977054,32
8.030679199990118,-58
8.031013599975267,-10
8.031361000001198,10
8.03165329998592,38
8.031984200002626,-4
8.032284599990817,-36
8.032586599991191,0
8.032953299989458,-32
8.033285999990767,72
8.033606299984967,24
8.033899199974257,-93
8.034210099984193,-20
8.034524699993199,47
8.03484639999806,81
8.035138099978212,0
8.035475999990012,-39
8.035834699985571,9
8.036179599992465,-33
8.036542699992424,-54
8.03688259999035,-10
8.037214399984805,12
8.037514999974519,17
8.037877999973716,-23
8.038194099994143,-9
8.038513699983014,18
8.038817099994048,32
8.039166999980807,-36
8.039484099979745,-4
8.03986689998419,33
8.040203499986092,-89
8.040560800000094,-11
8.040899899991928,43
8.04121729999315,35
8.041538399993442,-47
8.041827799985185,-17
8.04213419998996,9
8.042461499979254,44
8.04277109997929,6
8.04307990000234,-100
8.043527499976335,-18
8.043864499981282,-35
8.044429599976866,-55
8.045341399993049,-7
8.045681499992497,-39
8.046039299981203,15
8.046431599999778,38
8.046816099988064,3
8.047165999974823,-4
8.047562399995513,-60
8.048055599996587,18
8.048392600001534,-3
8.048728199995821,22
8.049066499981564,-75
8.04940209997585,36
8.049735899985535,54
8.050134799996158,-29
8.050628099997994,-9
8.050961999979336,50
8.051362099999096,-73
8.05181099998299,45
8.052190999995219,13
8.052582999982405,54
8.05297389999032,-35
8.053405599988764,43
8.053826799994567,14
8.054297199996654,-27
8.054762799991295,-55
8.055280499975197,-34
8.055611099989619,-39
8.055908899987116,10
8.056332899985136,-118
8.056647299992619,-4
8.05693489999976,20
8.057267800002592,-20
8.057658199977595,-3
8.057989199995063,14
8.058288100000937,-97
8.058605099999113,-54
8.058891299995594,-37
8.059210499981418,23
8.05953229998704,-5
8.059984699997585,-107
8.060440000001108,17
8.061623399989912,18
8.062147799995728,39
8.062650999985635,47
8.063054500002181,64
8.063367099995958,-29
8.063632199977292,-27
8.063954099983675,-17
8.064291799993953,12
8.064615699986462,42
8.064896899973974,36
8.065130499977386,-19
8.065377799997805,80
8.0656310999766,14
8.065858199988725,11
8.066124399978435,53
8.066396199981682,15
8.066641899989918,22
8.066880599973956,-42
8.067102100001648,-26
8.067320099973585,31
8.067574099986814,45
8.067786899977364,6
8.068094399990514,10
8.06834309999249,63
8.068570899980841,41
8.068835499987472,-12
8.069088199990802,4
8.06933939998271,-14
8.069602799980203,-87
8.069836299982853,-52
8.070210699981544,57
8.070498499990208,40
8.070754499989562,48
8.071001099975547,25
8.071261199977016,-9
8.071513399976538,26
8.071768699999666,-3
8.072023799992166,-17
8.072284399997443,-39
8.072541000001365,-72
8.072868599992944,-7
8.073117199994158,-20
8.07346189999953,-14
8.073747599992203,40
8.07405209998251,22
8.074408999993466,33
8.074756799993338,-6
8.075069599988637,-34
8.075379899994005,32
8.075674899999285,-66
8.075972099992214,-27
8.076379099977203,-17
8.076708299980965,-44
8.077046499995049,-21
8.077344399993308,-43
8.077701599977445,-44
8.078074499993818,-8
8.078461199998856,32
8.078931299998658,20
8.079207099974155,31
8.07949049997842,38
8.079717499989783,62
8.079950799990911,29
8.080202299985103,-42
8.080494499998167,-16
8.080768199986778,44
8.08099429999129,-19
8.081243499997072,33
8.081494099984411,-9
8.08175119999214,-44
8.082012599974405,-83
8.082269499980612,-118
8.082560499984538,36
8.082848999998532,-3
8.08308829998714,-106
8.083349699998507,4
8.08360859999084,48
8.083872899995185,4
8.08412519999547,-46
8.08438469999237,72
8.084661599976243,0
8.084915599989472,57
8.08523939998122,18
8.085485899995547,-42
8.085747699980857,59
8.086011499981396,5
8.086272299988195,21
8.086518700001761,2
8.086746499990113,63
8.086983599991072,33
8.087227699987125,-25
8.087454499996966,-78
8.087704599980498,-22
8.087922299979255,48
8.088241099991137,-40
8.08847779998905,-81
8.088723499997286,-6
8.088977999985218,-39
8.08922480000183,49
8.089472599996952,-1
8.089706999977352,4
8.089966300001834,4
8.09022789998562,-13
8.090466900001047,-72
8.090712499979418,-43
8.090976199979195,-15
8.091220999980578,-91
8.091478099988308,-5
8.091766799974721,-52
8.092040399991674,-84
8.092388599994592,-26
8.09265599999344,-30
8.092922999989241,-51
8.093269799981499,24
8.093677899974864,-52
8.094064999982947,38
8.094515999982832,-106
8.094831299997168,28
8.095194199995603,-4
8.0956016999844,57
8.095925799978431,40
8.09630369997467,-16
8.096661299990956,12
8.096935099980328,-11
8.097147199994652,-4
8.09740219998639,67
8.09763189998921,36
8.097852999984752,7
8.098078999988502,-50
8.098343699995894,-30
8.098612000001594,-11
8.098880299978191,-15
8.099196800001664,-81
8.09945529999095,8
8.099696799996309,0
8.099960599996848,-33
8.100216899998486,-44
8.100454799976433,-51
8.100693099986529,-29
8.1009681999858,-39
8.101212399982614,75
8.101464899984421,48
8.101709799986565,-14
8.10196579998592,47
8.102226099988911,39
8.102452999999514,35
8.102712699997937,0
8.102959499985445,-3
8.103209799999604,-56
8.103486399981193,-82
8.103748699999414,-47
8.104053599992767,-11
8.10429540000041,-62
8.104624799976591,30
8.10487739997916,-17
8.105129999981727,-3
8.105348899989622,-17
8.10558360000141,-89
8.105914899992058,13
8.106180799979484,-32
8.106406799983233,-101
8.106747199984966,16
8.106999399984488,1
8.107256199989934,6
8.10747079999419,-23
8.10770219998085,-63
8.108042599982582,-2
8.108284299989464,-33
8.108600799983833,19
8.108824700000696,-52
8.109076699998695,-93
8.109333599975798,-25
8.109589799976675,-72
8.10981449999963,-1
8.11014229999273,-121
8.110489599988796,-78
8.110960699996212,-13
8.111340099974768,-9
8.111660499998834,49
8.111952099978225,-23
8.112240799993742,13
8.112601899978472,-16
8.112874699989334,27
8.113122199982172,37
8.113343299977714,-11
8.113598800002364,-69
8.113838199991733,-12
8.114059999992605,-31
8.114348899980541,-30
8.114577100001043,21
8.114824699994642,100
8.115078799979528,16
8.115308299980825,77
8.115530199982459,-1
8.115866499982076,-9
8.116105699999025,53
8.116352099983487,-11
8.116580399975646,-28
8.116821399977198,-43
8.11706989997765,-55
8.11733509998885,-23
8.117571499984479,40
8.11782569999923,80
8.118080299987923,45
8.118327999982284,21
8.118577199988067,89
8.118826799996896,0
8.11904499999946,-13
8.119370699976571,23
8.119626599975163,18
8.119873499992536,-7
8.120121799991466,-19
8.120375599974068,-33
8.120631300000241,-23
8.120888199977344,4
8.121152299980167,-13
8.121384799975203,-47
8.121592499985127,-3
8.121820999978809,-30
8.12207679997664,-20
8.122322299983352,-55
8.12259639997501,-27
8.122822199977236,-37
8.123070999979973,-31
8.123332399991341,10
8.123575699981302,-70
8.12383569998201,16
8.124074099992868,41
8.12432119998266,-2
8.124589999992168,44
8.12482459997409,40
8.125085699983174,35
8.125310199975502,-33
8.125505999982124,5
8.125742099975469,45
8.125991999986582,15
8.126181899977382,19
8.126425299997209,-43
8.126678599976003,-71
8.127144999976736,-82
8.127360299986321,15
8.127922299987404,35
8.128237500000978,-3
8.13054679997731,-23
8.130861999990884,-11
8.131114899995737,-73
8.131339299987303,61
8.131596699997317,82
8.131845099997008,66
8.132076699985191,30
8.13230639998801,-18
8.132532499992521,-93
8.132842299994081,-3
8.133093199983705,-93
8.13334489997942,-40
8.133572499995353,-50
8.13382299998193,-1
8.134049099986441,15
8.134302599995863,69
8.134536699973978,41
8.13486589997774,64
8.135118899983354,69
8.135366499976953,48
8.135599000001093,13
8.135802299977513,-43
8.136030099994969,-67
8.13636529998621,-25
8.136611099995207,-65
8.136860899976455,-36
8.137093799974537,10
8.137421899999026,-43
8.137680399988312,-30
8.137928399984958,5
8.138183999981266,-39
8.138378099974943,41
8.138600599981146,31
8.1388208999997,-64
8.139070999983232,-53
8.139321299997391,-17
8.139571399980923,-117
8.139821099990513,-19
8.140071299974807,-48
8.140321999992011,31
8.140571500000078,33
8.140821999986656,-30
8.141071199992439,71
8.141374499973608,42
8.14157159999013,40
8.14175039998372,-86
8.141943700000411,-1
8.142140599986305,30
8.142333999974653,-5
8.142536499974085,-18
8.14283830000204,-148
8.143077299988363,-59
8.143339799979003,-13
8.14363219999359,4
8.143903799995314,-53
8.144179299997631,17
8.144453999993857,-48
8.144801299989922,-60
8.145067899982678,-56
8.145354999986012,-7
8.145688099990366,16
8.145948699995643,24
8.146165399986785,-7
8.146468199993251,41
8.146691799978726,36
8.146891899988987,-4
8.147094699990703,-67
8.147320299991407,9
8.147511999995913,30
8.147712999983924,-58
8.147935499990126,28
8.148124999977881,25
8.148322799999733,56
8.148536599997897,-52
8.148842499998864,-57
8.149067999998806,-95
8.149268199980725,-21
8.149464599991916,44
8.14969189997646,26
8.149885499995435,-43
8.150082299980568,-24
8.150316899991594,43
8.150518899987219,-34
8.150709399982588,-22
8.15093559998786,54
8.151140799978748,51
8.151340899989009,31
8.151542899984634,2
8.151838799996767,-71
8.152070499985712,-12
8.152287999982946,-7
8.152588199998718,-2
8.152818499977002,62
8.153043999976944,8
8.153355699992971,107
8.153564899985213,23
8.15379009998287,-13
8.154088799987221,-26
8.154362799978117,-36
8.154598299995996,19
8.154814599984093,-12
8.155038700002478,-13
8.155342399986694,-72
8.15557119998266,-43
8.155784099973971,44
8.156091999990167,-85
8.156328899989603,-14
8.15653539999039,-19
8.156839099974604,58
8.157063499995274,25
8.157286899979226,-32
8.15750649999245,-25
8.157714999979362,62
8.157943799975328,48
8.158161999977892,40
8.158488299988676,68
8.158688099996652,26
8.158914499974344,-47
8.159214699990116,-46
8.159445199999027,-82
8.159742999996524,-15
8.160013499989873,-12
8.160322099982295,-94
8.160656899999594,12
8.161047100002179,-3
8.161313599994173,-95
8.161651799979154,-18
8.161895500001265,-41
8.162160299980314,-7
8.162496399978409,32
8.162741499982076,17
8.163024599984055,10
8.163263399997959,-32
8.163465699995868,-47
8.163689299981343,-71
8.163942599989241,15
8.164268299995456,-60
8.164490499999374,40
8.164708199998131,18
8.164906599995447,14
8.165199299983215,-7
8.1654070999939,-17
8.16571559998556,-6
8.165943399973912,-21
8.166162699984852,-28
8.166467499977443,-65
8.166688199999044,-69
8.166952599975048,78
8.167189399973722,24
8.167418199998792,51
8.167713199974969,-28
8.167945299996063,24
8.16816299999482,23
8.168461299996125,31
8.168668099999195,30
8.168942999996943,-48
8.16918529997929,-45
8.169417699973565,18
8.169661199994152,-13
8.169911599979969,-50
8.170218299987027,-71
8.17044749998604,-32
8.170664299977943,3
8.170978199981619,61
8.171210699976655,47
8.17145499997423,43
8.171650899981614,-18
8.171862799994415,-82
8.172108799975831,-26
8.172369899984915,-41
8.172612599999411,10
8.172876700002234,10
8.173121300002094,7
8.173360299988417,-4
8.173649299977114,1
8.173902099981206,5
8.174197599990293,-16
8.174483899987536,54
8.174799000000348,36
8.175099899992347,12
8.17537889999221,-84
8.175640299974475,5
8.175893199979328,-14
8.176137599977665,-44
8.176574799988884,24
8.177407299983315,-4
8.177706199989188,-76
8.178100399993127,-17
8.178460299997823,-16
8.178893699980108,-75
8.17944459998398,35
8.179896799993003,-70
8.180306900001597,11
8.180746799975168,26
8.18110709998291,-19
8.181395099993097,34
8.181709199998295,6
8.182030299998587,89
8.182391399983317,12
8.182703300000867,-10
8.183033999986947,22
8.183367199992063,39
8.1837362999795,-14
8.18403119998402,-7
8.184353499993449,90
8.184627099981299,17
8.18491699997685,64
8.185219099977985,56
8.18569819998811,-13
8.186052199976984,-84
8.186377699981676,-22
8.186671199975535,20
8.18694789998699,-22
8.187252499978058,70
8.187523200002033,2
8.187789099989459,-19
8.188073199999053,-14
8.188381699990714,25
8.18874159999541,-36
8.18900779998512,12
8.189420899987454,-32
8.189737399981823,-126
8.19002979999641,-36
8.190298699977575,-21
8.190577699977439,-41
8.190883499977645,-34
8.191179099987494,-28
8.19143899998744,26
8.191708199999994,-12
8.191997899994021,13
8.192261799995322,31
8.192552799999248,14
8.192845599987777,-6
8.193121099990094,2
8.193451999977697,-2
8.194015999994008,-62
8.194461199978832,-7
8.19495839998126,-31
8.195346299995435,-29
8.195655199990142,45
8.195950399996946,16
8.196260899974732,28
8.19655110000167,-72
8.196829399996204,-16
8.197074199997587,-2
8.197334899974521,-65
8.19758219999494,46
8.197808999975678,18
8.198013799992623,49
8.19826419997844,-59
8.198514099989552,-6
8.198761799983913,-12
8.198979299981147,-20
8.199186099984217,25
8.199407799984328,29
8.199747199978447,20
8.20003939999151,-25
8.200274699978763,5
8.200501299987081,33
8.200752399978228,27
8.200975999992806,49
8.201199199975235,-43
8.201452399982372,-12
8.201710900000762,-46
8.20190569999977,-13
8.202216199977556,-122
8.202450899989344,-22
8.202681399998255,45
8.202904599980684,29
8.203243800002383,68
8.20346689998405,-12
8.20371729999897,1
8.203954299999168,-13
8.204196099977707,-93
8.204444999981206,-40
8.204704899981152,-69
8.204931799991755,35
8.205154099996435,66
8.20545989999664,20
8.205722799990326,-21
8.205956799996784,5
8.206161799986148,-32
8.206468499993207,-18
8.206718599976739,-19
8.206977599998936,-9
8.20720119998441,-12
8.207486899977084,-65
8.20772379997652,17
8.207958299986785,-105
8.208224100002553,-19
8.208463699993445,-34
8.20870049999212,22
8.208948399988003,28
8.209197999996832,62
8.209452799987048,20
8.209814299974823,-22
8.210199199995259,22
8.210485799994785,-1
8.210848299990175,22
8.211240699980408,-80
8.211754099989776,6
8.212076299998444,53
8.212467799981823,0
8.212784699979238,-40
8.213073299993994,-36
8.213394599995809,19
8.213708399998723,93
8.213978299987502,-9
8.214256699982798,-26
8.214537799998652,4
8.214802399976179,-24
8.215047299978323,-61
8.215382199996384,-89
8.215646299999207,-56
8.215917699999409,-25
8.21618259997922,-55
8.21651099997689,25
8.21679310000036,7
8.217007899977034,21
8.217241399979685,-30
8.217506199987838,-91
8.217851800000062,10
8.218271399993682,96
8.218742400000338,-28
8.218997099989792,3
8.219273800001247,18
8.219545699976152,-25
8.219853999995394,26
8.220169499982148,-50
8.220482299977448,-61
8.220756900002016,-4
8.220984099985799,-36
8.22123989998363,-30
8.221506899979431,-49
8.221735200000694,-72
8.222073399985675,-16
8.222408299974632,-41
8.222704299987527,-35
8.222970799979521,13
8.22335389998625,13
8.223691899998812,-18
8.22398529999191,-11
8.224252499989234,-5
8.224515099980636,12
8.22480799999903,46
8.225070799991954,-11
8.225337999989279,54
8.225652399996761,12
8.225960899988422,11
8.226284499978647,-65
8.226845400000457,2
8.227198299980955,1
8.227792099991348,-12
8.228195899981074,32
8.228574299981119,-88
8.228918499982683,-7
8.22928289999254,22
8.22960749999038,-57
8.229958599986276,10
8.23028959997464,33
8.23066969998763,-8
8.231017999991309,-11
8.231340500002261,117
8.23168369999621,-57
8.232035199995153,19
8.232372400001623,61
8.232871599990176,-13
8.233269099990139,-9
8.233706799976062,76
8.234056899993448,-13
8.234383499977412,44
8.23472199999378,94
8.235040499974275,-81
8.235364299995126,-42
8.23564030000125,-26
8.235963399987668,14
8.236259999976028,44
8.236750399984885,-1
8.237099899997702,-65
8.237388399982592,-3
8.237711199995829,-62
8.238010399974883,18
8.238360399991507,6
8.238679599977331,-27
8.239032099983888,1
8.239361199986888,0
8.239647899987176,-6
8.239959500002442,97
8.240296499978285,-34
8.240604899998289,-32
8.241069299983792,-29
8.241462299978593,-7
8.241832599975169,33
8.242160199995851,-65
8.242471799982013,-9
8.242791999975452,38
8.24312669999199,-6
8.243457999982638,-50
8.243876599997748,-32
8.244361299992306,-34
8.244802200002596,-38
8.245277399983024,31
8.245578000001842,66
8.245968199975323,-33
8.246492999984184,-39
8.246850899973651,-24
8.247157499979949,62
8.247457999998005,67
8.247746299981372,-29
8.248062799975742,13
8.248391000000993,-35
8.248740899987752,34
8.249019999988377,38
8.249367699987488,0
8.24969929998042,8
8.250046699977247,6
8.250364599982277,23
8.250681499979692,-2
8.251016599999275,-15
8.251341299997875,10
8.251659599976847,5
8.25200579999364,40
8.252309499977855,-15
8.25265819998458,21
8.252988499996718,19
8.253322199976537,53
8.253666399978101,-5
8.253942799987271,56
8.254223999974784,-14
8.254500899987761,16
8.25476329997764,17
8.255030999978771,65
8.255251399998087,0
8.25550529998145,-26
8.255770699994173,-11
8.255996199994115,-1
8.256239599984838,-71
8.256498399976408,-24
8.256739999982528,-6
8.257008599990513,28
8.257277700002305,8
8.257698899979005,2
8.258018699998502,60
8.258282099995995,47
8.258547699981136,-1
8.258955299999798,-42
8.259276600001613,-7
8.25977029997739,41
8.260171499976423,-3
8.260713499999838,-56
8.261221900000237,3
8.261673000000883,5
8.262199999997392,-42
8.262621100002434,-2
8.263115099980496,-26
8.263467799988575,45
8.263914599985583,-54
8.264311399980215,17
8.264656499988632,24
8.264985999994678,10
8.265280899999198,18
8.265586699999403,-84
8.266068099997938,-17
8.266371199977584,-38
8.266758699988713,-76
8.267101999983424,-8
8.26734099999885,-28
8.267586699977983,-25
8.267850899981568,50
8.26809399999911,33
8.268444499990437,123
8.268860399984987,-25
8.26917269997648,82
8.269426299986662,23
8.269910799979698,-21
8.270462699991185,24
8.270874699985143,-74
8.2713474999764,-42
8.271721400000388,37
8.272173499979544,-12
8.27261549999821,13
8.273174299974926,-35
8.273578199994517,-55
8.27396520000184,-61
8.274496699974407,-10
8.274867799977073,-113
8.275316499988548,-17
8.275688499998068,-19
8.276127899996936,-1
8.276558599987766,-22
8.276924199977657,-12
8.277470999979414,-18
8.277986799977953,56
8.278382099990267,71
8.278795999998692,-30
8.279236599977594,-11
8.279644800000824,27
8.280027699976927,-29
8.280525399983162,75
8.280915499984985,-7
8.281160099984845,42
8.281483200000366,85
8.281810399988899,-91
8.282166599994525,-31
8.282474099978572,66
8.282749499980127,50
8.283036799984984,-6
8.28332399998908,11
8.283674999984214,34
8.283992099983152,-22
8.284271799988346,52
8.284586499998113,31
8.284843899979023,33
8.285077599983197,63
8.28532749999431,36
8.285600399976829,-13
8.285867300000973,32
8.28615419997368,14
8.286419699987164,111
8.286732599983225,15
8.286975499999244,42
8.287271499983035,77
8.287529199995333,59
8.287835299997823,2
8.288125699997181,25
8.288428100000601,-66
8.288873399986187,-1
8.289206899993587,20
8.289455199992517,-24
8.289659299975028,-3
8.290028599993093,-10
8.290259999979753,-25
8.290501899988158,6
8.290805399999954,-101
8.291117499989923,-18
8.291372799983947,-14
8.291643699980341,-27
8.291874499991536,-77
8.292120300000533,-24
8.292401399987284,41
8.29264129998046,-32
8.292911199998343,27
8.293138499982888,-19
8.293401899980381,58
8.29372209997382,-4
8.294105599983595,-89
8.294483399979072,41
8.294785999984015,-72
8.295125099975849,-39
8.295410499995342,6
8.29568169999402,-13
8.295940599986352,-6
8.296142499981215,-15
8.296381899999687,-81
8.296620699984487,15
8.296840599999996,39
8.29706919999444,33
8.29732869999134,-10
8.29750739998417,5
8.297877199976938,56
8.29818349998095,16
8.298460699996212,33
8.298696399986511,58
8.29894089998561,-3
8.299197699991055,7
8.299444199976278,4
8.299698599992553,-4
8.299945499980822,-86
8.30019949999405,54
8.300448199996026,24
8.300692599994363,-21
8.300946499977726,92
8.301300699997228,65
8.301591099996585,-21
8.301819299987983,0
8.302070199977607,-25
8.302318899979582,-8
8.302574899978936,24
8.302879299997585,-6
8.303136799979256,-4
8.303338899975643,64
8.303569999989122,3
8.30381679997663,-9
8.304066199983936,-26
8.304320700000972,-6
8.304700399981812,-46
8.304983999987599,-41
8.305235299980268,23
8.305482499999925,-12
8.305690899986075,56
8.30590849998407,2
8.306212700001197,10
8.306467199989129,-42
8.306699599983403,-69
8.306951499980642,-55
8.307198299997253,-50
8.307453299988993,17
8.307800599985057,29
8.30797709999024,-81
8.30819640000118,35
8.308403799979715,79
8.30860049999319,-41
8.308804799977224,-72
8.309000299981562,47
8.309193499997491,9
8.309388599998783,-18
8.309652500000084,-10
8.30989689999842,37
8.31014889999642,-14
8.310419899993576,27
8.310708299977705,57
8.310960499977227,-31
8.31131109999842,51
8.311613600002602,-14
8.311938999977428,4
8.31221309999819,78
8.31245399999898,22
8.312692299979972,-24
8.31290639998042,-109
8.313088599999901,40
8.313312999991467,77
8.31353339998168,50
8.313847399986116,35
8.314063699974213,0
8.314261999999871,-48
8.314453699975275,37
8.31467110000085,63
8.314879599987762,-14
8.315092099976027,-92
8.315309400000842,-52
8.315495799994096,74
8.315708499983884,16
8.315883699979167,8
8.316114199988078,52
8.316339199984213,16
8.316564599983394,23
8.316763199982233,-8
8.316975800000364,66
8.317189900000812,72
8.3174025999906,-28
8.317599499976495,-70
8.31780959997559,81
8.31802749997587,28
8.318251799995778,-20
8.318465899996227,16
8.318684899975779,82
8.318876099976478,-3
8.319084199989447,11
8.31928599998355,26
8.31958769998164,-41
8.319809699984035,-49
8.320007599977544,35
8.320213799976045,-9
8.320432899985462,-30
8.32062389998464,6
8.320817799976794,-4
8.321010199986631,-7
8.32121090000146,-84
8.321437599981437,-3
8.321638099994743,36
8.321828899992397,-44
8.322087599983206,-19
8.32233830000041,37
8.322558099986054,48
8.32278519999818,75
8.323089599987725,60
8.32330789999105,48
8.323503299994627,8
8.3237074999779,52
8.323938899993664,106
8.324162699980661,30
8.324460499978159,77
8.324683699989691,17
8.32487919999403,-61
8.32509279999067,-61
8.325320199975977,-12
8.325509799993597,-20
8.325727999996161,-14
8.325941499992041,-4
8.326134599978104,-15
8.326402399979997,3
8.326722400001017,12
8.326975499978289,-17
8.32726169997477,86
8.327520399994683,-8
8.327743299974827,90
8.327983900002437,-31
8.328287699987413,3
8.328632599994307,39
8.32888639997691,4
8.329088899976341,57
8.329335599992191,2
8.32956079998985,-5
8.329754799982766,-9
8.32997159997467,3
8.330187699990347,26
8.330394999997225,18
8.330590899975505,-11
8.33081569999922,41
8.33103729999857,92
8.331279399979394,16
8.331477899977472,-18
8.33165849998477,9
8.331945199985057,-4
8.332163799990667,13
8.332461499987403,-87
8.332694499986246,6
8.332892499980517,37
8.33310989997699,-29
8.33332039997913,-23
8.333535399986431,42
8.333838099992136,-66
8.334068399999524,24
8.334287599980598,50
8.334587599994848,33
8.334825300000375,-3
8.335009799979161,14
8.335213999991538,-29
8.335443299991312,23
8.335662199999206,77
8.335962499986636,24
8.336185299995122,15
8.33638539997628,7
8.336610899976222,-44
8.33682199998293,32
8.337069200002588,-13
8.337324299995089,1
8.337554799974896,35
8.337776300002588,0
8.338193099974887,0
8.338425599999027,-6
8.338704399997368,8
8.338988199975574,-20
8.339243299997179,-57
8.339493799983757,27
8.33973799998057,-27
8.340062099974602,68
8.340326099976664,-89
8.340557699993951,-9
8.340796999982558,41
8.341040799976327,9
8.341363499988802,-48
8.341569599986542,33
8.341831600002479,34
8.342076100001577,-3
8.34228709997842,-46
8.342618800001219,5
8.342868299980182,-16
8.343187399994349,-8
8.34350839999388,37
8.343791799998144,49
8.344112299993867,-13
8.344395699998131,-98
8.344678199995542,-16
8.34507239999948,-4
8.34536829998251,13
8.345646599977044,-27
8.345874999999069,69
8.346114399988437,19
8.346365799981868,2
8.346593199996278,23
8.346827399975155,-33
8.347072499978822,-46
8.347325199982151,-37
8.347578599990811,-31
8.347821599978488,20
8.348053099995013,28
8.348303699982353,53
8.348534099990502,45
8.348868799977936,50
8.349119999998948,76
8.349377899983665,-29
8.34960129999672,39
8.34982959998888,-82
8.350071799999569,-15
8.350325899984455,-37
8.350565299973823,25
8.350760999979684,57
8.350968399987323,37
8.351201199984644,-18
8.351432700001169,10
8.35166279997793,-8
8.351969099981943,-20
8.35219489998417,23
8.352451599988854,42
8.352724099997431,61
8.35300350000034,32
8.353239299991401,-6
8.353495399991516,50
8.353744099993492,-8
8.353991199983284,7
8.354242199973669,5
8.354467500001192,-68
8.35470389999682,6
8.354951999994228,-34
8.355256499984534,53
8.355599999980768,-11
8.355865799996536,-21
8.356110199994873,-15
8.356362099992111,-57
8.356595799996285,-50
8.35682590000215,42
8.357077599997865,-18
8.357323099975474,72
8.357581499993103,17
8.357921899994835,19
8.358199499984039,-15
8.358442600001581,-48
8.358690699998988,5
8.358927599998424,29
8.359154599980684,29
8.359393099992303,-25
8.359644599986495,-72
8.35992809999152,-43
8.360324199980823,-13
8.360629699978745,26
8.360996599978535,-32
8.361243099992862,-24
8.361512399977073,4
8.361781399988104,-11
8.362033399986103,0
8.362364999979036,41
8.362595599988708,38
8.362839699984761,-8
8.363073699991219,-92
8.363324099977035,-14
8.363592099980451,-14
8.36382549998234,-36
8.364051399985328,19
8.364279699977487,115
8.36462009997922,52
8.364865199982887,-19
8.365122199989855,75
8.365372000000207,75
8.365590999979759,28
8.36584449998918,6
8.366067800001474,-81
8.366316699975869,-52
8.366637599974638,40
8.366911299992353,2
8.367240499996115,104
8.36750709998887,67
8.36771459999727,50
8.367922099976568,-79
8.368164999992587,-1
8.368515099980868,-19
8.36876289997599,-19
8.369007899978897,-87
8.369215999991866,-2
8.369469199999003,42
8.369699199975003,83
8.369960799987894,78
8.370203999977093,-6
8.370402100001229,-30
8.370719599974109,-15
8.37097609997727,2
8.371243399975356,-74
8.371472499973606,-92
8.371704999997746,-26
8.371951899986016,-8
8.372172099974705,3
8.37247419997584,42
8.372710800002096,131
8.372927499993239,-10
8.37316109999665,-41
8.37346709999838,-93
8.373698699986562,-27
8.37394689998473,-34
8.374211299989838,-93
8.374445099994773,0
8.374693099991418,-100
8.374922399991192,34
8.37515439998242,42
8.375392299989471,-5
8.37570949998917,-12
8.375998799980152,26
8.376246300002094,65
8.376504399988335,7
8.376772499992512,-22
8.377059499995084,0
8.377360499987844,-74
8.377664100000402,9
8.37803389999317,-43
8.378326399979414,23
8.378602299984777,67
8.378852699999698,-9
8.379072799987625,-21
8.379324399982579,-27
8.379571899975417,-29
8.37980189998052,-103
8.380049599974882,51
8.380344299977878,21
8.380575399991358,-47
8.38084820000222,29
8.381118299992522,-29
8.381371299998136,80
8.381601100001717,14
8.38187349998043,-14
8.38213579999865,66
8.382324799982598,17
8.382570699992357,53
8.382743299996946,30
8.382939599978272,25
8.38317869999446,-54
8.383391099981964,-5
8.383589399978518,49
8.383814699976938,54
8.384035999974003,22
8.384349899977678,59
8.384561299986672,-17
8.384748999989824,22
8.384999499976402,35
8.385209300002316,48
8.385426900000311,-7
8.385693399992306,-6
8.38585379999131,-60
8.386065799975768,55
8.386286099994322,35
8.386588900000788,43
8.386818300001323,3
8.387031199992634,18
8.38734210000257,36
8.387568899983307,-70
8.387780499993823,-106
8.388065899984213,-40
8.388343200000236,7
8.388593699986814,-74
8.38881069998024,-67
8.388976299989736,41
8.389185799984261,-72
8.38937989997794,2
8.38959049998084,22
8.389821899996605,24
8.390028699999675,39
8.390338899975177,42
8.390557899983833,-23
8.390744799980894,-26
8.390946599974995,21
8.391139899991686,5
8.391335299995262,-11
8.391545299993595,28
8.391815699986182,-3
8.392129899992142,1
8.392356999975163,19
8.392578999977559,9
8.39276059999247,-71
8.392970499990042,-71
8.393249299988383,31
8.393514700001106,2
8.393848299980164,2
8.394089599984,-50
8.39434679999249,14
8.394561099994462,-3
8.394868999981554,25
8.395115299994359,-9
8.395324899989646,59
8.395548799977405,41
8.3958359999815,17
8.396017799997935,-63
8.396211899991613,-19
8.396438600000693,83
8.396642199979397,43
8.396845599985681,-81
8.3970677999896,-98
8.3972797000024,24
8.397613199980697,-18
8.397863299993332,23
8.398118099983549,8
8.398337599996012,76
8.398586399998749,9
8.398816299973987,2
8.39908779997495,-22
8.39932629998657,-20
8.399548999994295,-15
8.399776799982646,4
8.400010799989104,-32
8.400225099991076,25
8.40045079999254,13
8.4006922999979,-32
8.40096289999201,-71
8.401269499998307,-7
8.401519199978793,-19
8.401739399996586,12
8.401964499993483,-36
8.402199299976928,2
8.40245139997569,53
8.40268049997394,-22
8.40290190000087,32
8.403238499973668,42
8.403464099974371,47
8.403690799983451,-33
8.403944899997441,-65
8.404191199981142,-49
8.404445799998939,-43
8.40466909998213,24
8.404897000000346,81
8.405215999984648,-5
8.405506199982483,47
8.405755799991312,-35
8.405943099991418,-5
8.406174999981886,-6
8.406428199989023,-22
8.406649499986088,-36
8.406993099983083,-14
8.407238499989035,7
8.407491299993126,-48
8.40771249998943,-10
8.407968399988022,-1
8.40819599997485,-49
8.40844769999967,26
8.4086990999931,2
8.408967600000324,46
8.409148699982325,3
8.4093246999837,-101
8.409524699993199,32
8.40971599999466,-32
8.410039099981077,-63
8.410288899991428,0
8.410589599981904,30
8.410839599993778,1
8.411108100001002,2
8.411379199998919,4
8.41159649999463,7
8.411825399991358,-5
8.412035599991214,-34
8.412339099973906,-39
8.412573299981887,-56
8.412760099978186,-17
8.41296180000063,2
8.413198800000828,-7
8.413386399974115,-19
8.413606199988862,14
8.413810999976704,40
8.413996799994493,-6
8.414184399996884,-40
8.414380299975164,86
8.41459119998035,29
8.414813599985791,-28
8.415033400000539,6
8.415228300000308,64
8.41543449999881,-38
8.415621699998155,4
8.415817100001732,44
8.416100699978415,-10
8.416344299999764,63
8.416560999990907,-11
8.416751199983992,-14
8.417040399974212,90
8.417262399976607,-45
8.417462699988391,28
8.417691099981312,59
8.417894199985312,-30
8.418081899988465,4
8.418257599987555,73
8.418519599974388,-50
8.418763599998783,-10
8.418957799993223,-28
8.419163199985633,-11
8.419514199980767,13
8.419724999985192,9
8.419934799982002,44
8.420122799987439,-6
8.420393999986118,-61
8.420604099985212,-30
8.420913499983726,2
8.42112559999805,-109
8.421358099993085,-64
8.42156609997619,-2
8.421782499994151,1
8.42208920000121,8
8.422324799990747,-29
8.422546299989335,-13
8.422837999998592,-57
8.423033499973826,-54
8.42334359997767,-35
8.423561099974904,-46
8.423753699986264,29
8.423962299973937,8
8.424188899982255,25
8.424411199986935,-21
8.424714900000254,-41
8.424933799979044,40
8.425128599978052,57
8.425344499992207,-92
8.425569599989103,-119
8.425759599980665,-64
8.425960399996256,55
8.426152999978513,-63
8.426455499982694,-43
8.426688499981537,-136
8.427345999982208,-12
8.427591099985875,1
8.427820099983364,27
8.428091899986612,12
8.428341699996963,9
8.428570299991407,-38
8.428761699993629,-58
8.428970299981302,41
8.429189199989196,57
8.429390199977206,26
8.429584600002272,-69
8.429814099974465,-47
8.430006199982017,17
8.430205799988471,-7
8.430379899975378,11
8.430581599997822,56
8.43077729997458,-10
8.431063999974867,-44
8.431252699985635,-6
8.431437399995048,50
8.43165709997993,5
8.43194599999697,-14
8.43221359999734,4
8.432449599989923,-9
8.432652599993162,-81
8.432933599979151,-13
8.43312479997985,57
8.433337700000266,85
8.433573499991326,5
8.4337583000015,-42
8.433967299992219,-24
8.434192499989877,51
8.434407299995655,75
8.434710199973779,27
8.434937299985904,-15
8.435158899985254,-27
8.435348899976816,69
8.435537699988345,-13
8.4358143999998,-8
8.436033599980874,-21
8.436335799982771,87
8.436556299973745,48
8.43675429999712,-126
8.436958499980392,-45
8.437156399973901,37
8.437354800000321,-65
8.437560399994254,-97
8.437755599996308,46
8.437955799978226,-16
8.438153299997794,7
8.438441099977354,-62
8.438698199985083,4
8.438943199987989,-64
8.439137299981667,-4
8.43933079999988,55
8.43950809998205,-64
8.439711499988334,17
8.439936699985992,34
8.440128999995068,1
8.440336999978172,-13
8.440628699987428,88
8.44084539997857,-37
8.441031599999405,79
8.441358099982608,16
8.441570900002262,19
8.441779499989934,-71
8.442053899983875,2
8.442242099990835,12
8.442429499991704,32
8.44261739999638,-16
8.442811499990057,-114
8.443020199978491,49
8.443778099986957,-47
8.444048699981067,32
8.44426979997661,27
8.444432999996934,-69
8.444619199988665,-8
8.44481679997989,58
8.445085199986352,-5
8.445308499998646,-12
8.445493999985047,-74
8.445684499980416,-16
8.445869399991352,-26
8.446054899977753,-31
8.446249799977522,0
8.446463399974164,-7
8.44668549997732,-23
8.446876499976497,13
8.447085399995558,46
8.44728860000032,16
8.447584999987157,75
8.447819499997422,52
8.448007499973755,-16
8.448311899992405,-22
8.448561600001995,-49
8.448783200001344,-4
8.449080099991988,-70
8.449306499998784,-69
8.4495004999917,101
8.449709399981657,19
8.449883399996907,3
8.45008769998094,34
8.450307999999495,-1
8.450494899996556,-52
8.450681399990572,37
8.450853099988308,82
8.451060599996708,-44
8.45125059998827,51
8.451460599986603,66
8.45168639998883,54
8.451906499976758,-17
8.45210059999954,-23
8.452315499976976,29
8.452532600000268,25
8.45283679998829,72
8.453161299985368,43
8.453407499997411,-23
8.453708599990932,32
8.45393239997793,84
8.454127599979984,-13
8.454335699992953,-77
8.454563499981305,-63
8.454787199996645,12
8.455008299992187,53
8.455214199988404,-12
8.45553629999631,-59
8.455732299975352,38
8.455955299985362,-29
8.456163999973796,2
8.45645989998593,-78
8.456658399984008,93
8.45696159999352,0
8.457136899989564,64
8.457340499997372,-77
8.457558900001459,-78
8.457822999975178,67
8.458063199999742,-9
8.458284299995285,54
8.458590499998536,-2
8.458812999975635,7
8.45903339999495,-4
8.459341699985089,-28
8.459574099979363,3
8.460517300001811,-17
8.460770799982129,-36
8.461089099990204,-25
8.461281199997757,-15
8.461562399985269,-46
8.461754799995106,-14
8.462004200002411,38
8.462213399994653,42
8.462443999975221,-10
8.462642999977106,-8
8.462881399987964,34
8.463142099994002,-12
8.463354299979983,58
8.463563699973747,73
8.463794099981897,-25
8.46412409999175,-15
8.464343499974348,20
8.464597299986053,-6
8.464814099977957,-47
8.465025599987712,-19
8.465313799999421,5
8.465507399989292,22
8.465714299993124,5
8.465879499999573,-49
8.46610629998031,10
8.466310799994972,46
8.46651810000185,-26
8.466710499982582,-66
8.466938999976264,25
8.467155299993465,17
8.467376499989768,-28
8.46758639998734,-49
8.46782130000065,17
8.468033999990439,56
8.468338399979984,-28
8.468560699984664,13
8.468731399974786,-26
8.468934399978025,21
8.469137299980503,56
8.46933339998941,16
8.469561699981568,-45
8.469754899997497,-30
8.46996209997451,70
8.470192299981136,-3
8.470384199987166,-17
8.47058389999438,-51
8.47088049998274,66
8.471154099999694,-64
8.47137169999769,-7
8.47161189999315,69
8.47186629998032,44
8.47209099997417,10
8.472319900000002,-35
8.47256899997592,-68
8.47275190000073,35
8.472987799992552,51
8.473240499995882,70
8.473489600000903,6
8.47373999998672,-16
8.473989299993264,-31
8.474211799999466,-7
8.474422400002368,-57
8.474654199992074,33
8.4749852999812,-3
8.475237499980722,-59
8.475461299996823,34
8.475695899978746,59
8.475951599975815,22
8.476232199987862,-14
8.476749199995538,-13
8.477086300001247,30
8.47732389997691,4
8.477623899991158,35
8.47786419998738,-3
8.47812739998335,12
8.478418199985754,17
8.478638699976727,61
8.478905800002394,11
8.479107999999542,-8
8.47934159997385,-49
8.479594899981748,-33
8.479818199994043,-34
8.480086600000504,37
8.480320899980143,24
8.480570199986687,31
8.480826299986802,11
8.481073499977356,32
8.481319399987115,78
8.481574499979615,5
8.481776000000536,-26
8.481998699979158,-65
8.482183599990094,86
8.482382599991979,9
8.482586300000548,-71
8.482779099984327,45
8.483065199980047,23
8.483286299975589,79
8.483582199987723,45
8.483760899980552,63
8.483959099976346,-56
8.484185499983141,-57
8.484379799978342,84
8.484588199993595,46
8.484811899979832,-25
8.485070099995937,-31
8.485329399991315,-1
8.485511999984737,47
8.485710999986622,78
8.485936299985042,2
8.486135899991496,-92
8.486337099981029,33
8.48656629998004,44
8.486766799993347,-13
8.486957699991763,-83
8.487139999982901,59
8.487354899989441,32
8.487565799994627,-98
8.487783299991861,-76
8.488002599973697,19
8.488294399983715,25
8.488533399999142,77
8.488791499985382,45
8.489010799996322,-1
8.48921089997748,-94
8.489438899996458,-25
8.489657400001306,-2
8.489876699983142,-11
8.49010259998613,-45
8.490308499982348,-74
8.49051169998711,88
8.490710299985949,39
8.490935299982084,-2
8.491127299988875,-75
8.491333799989661,6
8.4915279999841,28
8.491816099995049,-32
8.49200669999118,-50
8.492212599987397,-69
8.492438499990385,5
8.492639899981441,9
8.492840899998555,-74
8.49318549997406,-9
8.493826299993088,-26
8.494122499978403,-86
8.494367399980547,-18
8.494566099980148,13
8.494786600000225,18
8.495084299996961,16
8.495264400000451,9
8.49545719998423,21
8.49568389999331,42
8.495871099992655,11
8.496059299999615,16
8.496247899980517,-27
8.496458399982657,8
8.496710799983703,-32
8.49693969998043,-19
8.497204399987822,-21
8.497437199985143,-43
8.497652799997013,2
8.497858599992469,73
8.498061799997231,56
8.498248399992008,-31
8.498486199998297,-14
8.498714999994263,-27
8.498936199990567,37
8.499144499975955,-2
8.49936649997835,-56
8.499582299991744,-65
8.499858700000914,90
8.500082799990196,-14
8.500321799976518,54
8.50051079998957,0
8.500712699984433,-10
8.500938899989706,54
8.50113859999692,79
8.501355399988825,18
8.50156929998775,-22
8.50178579997737,-1
8.502866999973776,-79
8.503086399985477,-48
8.503356799978064,-17
8.503597499977332,32
8.50381809999817,63
8.50403229999938,56
8.504230099992128,6
8.504459599993424,-42
8.504641899984563,-42
8.504831199999899,11
8.50503459997708,-87
8.505348999984562,11
8.50556159997359,-7
8.505751799995778,-17
8.505986499978462,44
8.506186999991769,-23
8.50640659997589,-81
8.506626199989114,-52
8.506834899977548,0
8.507070199993905,39
8.507282099977601,-12
8.507502499996917,-84
8.507714199979091,-18
8.507933999993838,-6
8.508125599997584,18
8.508333999983734,-46
8.508529799990356,-37
8.508755099988775,-8
8.50896379997721,-22
8.509190999990096,-64
8.50937299997895,-5
8.509574600000633,27
8.51053800000227,-2
8.510768099979032,-18
8.5109730999975,-31
8.511215799982892,23
8.511408599995775,-9
8.511713999992935,0
8.511936499999138,51
8.512122399988584,-31
8.512312899983954,-18
8.512533299974166,17
8.512836799985962,-80
8.513130999985151,-13
8.51337919998332,-54
8.513590599992312,-7
8.513809399999445,-10
8.513996399997268,-12
8.514187399996445,82
8.5143900999974,52
8.514583499985747,-51
8.514821199991275,-60
8.515032499999506,-22
8.515358299977379,-53
8.51557089999551,2
8.515780799993081,15
8.516059299989138,6
8.51625229997444,-1
8.516509699984454,-47
8.516734199976781,-11
8.516940299974522,25
8.517180700000608,19
8.517386599996826,33
8.517584799992619,-29
8.517826299997978,-33
8.518007799983025,0
8.518207299988717,56
8.518386099982308,8
8.518582199991215,-28
8.518783399980748,6
8.519087499997113,81
8.519311599986395,13
8.519532699981937,-39
8.519723799981875,-22
8.51993529999163,-13
8.520121099980315,22
8.520316499983892,-93
8.52052819999517,-47
8.520814599993173,-42
8.521033400000306,13
8.521429999993416,21
8.52169509997475,-88
8.52190839999821,-93
8.522212199983187,14
8.522434099984821,5
8.522629099985352,7
8.522833999973955,-50
8.523033999983454,-51
8.52334119999432,21
8.52357029999257,-41
8.523820499976864,32
8.524096099979943,-69
8.524310599983437,16
8.52450410000165,42
8.524715399980778,-20
8.524944899982074,-18
8.525157500000205,16
8.525383000000147,55
8.52559159998782,23
8.525815299974056,-59
8.52603049998288,-20
8.526347599981818,-128
8.527391199982958,-25
8.527640899992548,-25
8.5278210999968,-4
8.52803909999784,1
8.528361799981212,-72
8.528609899978619,-74
8.528878299985081,27
8.529091899981722,23
8.529341099987505,9
8.529593699990073,16
8.529821599979186,-64
8.530070999986492,-18
8.530339899996761,-65
8.530583599989768,-70
8.53080469998531,-41
8.530985299992608,69
8.531239399977494,30
8.53146790000028,-3
8.531718899990665,-47
8.531947399984347,-78
8.532197699998505,-1
8.532418499991763,85
8.532724699995015,-15
8.532946399995126,49
8.53319570000167,28
8.533449599985033,52
8.533696500002407,30
8.533947099989746,2
8.534193499974208,-62
8.534449799975846,-15
8.534716800000751,-59
8.534931499976665,-14
8.535154699988198,-79
8.535392899997532,56
8.535632799990708,30
8.535838799987687,-15
8.536126799997874,-24
8.536371599999256,-116
8.536568599985912,60
8.536818699998548,17
8.537069699988933,-12
8.537317199981771,0
8.537567199993646,29
8.537819699995453,2
8.538068599998951,-34
8.538317099999404,-9
8.538567599985981,-71
8.538817699998617,-20
8.53907089997665,-13
8.539319499977864,-101
8.539568999985931,-7
8.539828199980548,-20
8.540053299977444,73
8.540298599982634,10
8.540527199977078,13
8.540863099973649,32
8.541117699991446,-11
8.541364599979715,51
8.541617999988375,28
8.541845300002024,-17
8.542096899996977,-53
8.542350999981863,-33
8.542577399988659,3
8.542827899975237,-33
8.543088599981274,40
8.54393909999635,50
8.544346399983624,-22
8.544636999984505,0
8.54496040000231,-11
8.545277299999725,-42
8.545562199986307,-15
8.545878599979915,67
8.546117899997625,-1
8.546372199984035,53
8.546603199996753,-34
8.546852899977239,-23
8.54712499998277,-34
8.547375699999975,-27
8.547623499995098,-42
8.547994699998526,-31
8.548302299983334,79
8.548624099988956,9
8.548873299994739,15
8.549118199996883,-35
8.549367799976608,62
8.549597099976381,-2
8.549852299998747,33
8.55008970000199,14
8.550309399986872,-25
8.550497099990025,37
8.550700899999356,10
8.550912899983814,7
8.551114499976393,41
8.551350800000364,61
8.551584599976195,10
8.551818799984176,78
8.552046099997824,64
8.552343699993799,46
8.552580399991712,23
8.55277079998632,-59
8.55299379999633,-80
8.553189400001429,-38
8.553388499974972,32
8.553594899974996,-89
8.553790999983903,18
8.554097499989439,-20
8.55431409997982,41
8.554549499996938,46
8.554842899990035,13
8.555070999980671,2
8.555356600001687,-26
8.55559259999427,27
8.555824799987022,-33
8.556045899982564,-81
8.556350599974394,4
8.556572299974505,-41
8.556793199997628,28
8.55711729999166,-1
8.55736869998509,-107
8.557617499987828,1
8.557875899976352,-25
8.558140399982221,-26
8.558370999991894,25
8.558617299975595,-8
8.558883799996693,46
8.55908089998411,11
8.559339799976442,-69
8.55959609997808,-10
8.560473099991214,-11
8.560751099983463,-51
8.561084899993148,45
8.561396699980833,-86
8.561621799977729,-28
8.561923200002639,0
8.562233899981948,-15
8.562497599981725,41
8.562750199984293,12
8.562999199988553,-13
8.563251299987314,-20
8.56350369998836,-41
8.563721099984832,-29
8.563969899987569,-32
8.564198199979728,63
8.564449099998455,43
8.564698099973612,10
8.564929599990137,52
8.5651878999779,37
8.565405199973611,3
8.565747299988288,30
8.56599339999957,71
8.56624409998767,-33
8.566472999984398,-29
8.566721899987897,11
8.566974399989704,-7
8.567237799987197,12
8.567498999997042,-36
8.567780799989123,63
8.568003399996087,72
8.56822889999603,45
8.568443399999524,9
8.568648999993457,-51
8.568890900001861,17
8.569130599993514,78
8.569371699995827,-7
8.56962489997386,23
8.569866599980742,23
8.570196999993641,-7
8.570504399976926,48
8.570743099990068,11
8.571046099998057,-6
8.571348799974658,49
8.57162669999525,-7
8.571853799978271,-58
8.572035499993945,72
8.572339299978921,-21
8.572570699994685,29
8.572784299991326,-44
8.573090999998385,9
8.57331599999452,-19
8.573522299993783,-20
8.573737799975788,39
8.573961999994935,72
8.574192899977788,15
8.574414099974092,6
8.574721099983435,34
8.574951799993869,-39
8.575173899997026,-53
8.575396300002467,-86
8.57562119999784,-12
8.575840899982722,-9
8.5760882999748,-40
8.576448999985587,-56
8.576794699998572,52
8.577084799995646,-57
8.57731789999525,-98
8.577657999994699,-37
8.577968300000066,-17
8.578282000002218,3
8.57852399998228,27
8.578837599983672,46
8.579237300000386,43
8.579563799983589,22
8.579832899995381,64
8.580175199982477,30
8.580444599996554,-51
8.580707999994047,41
8.580967199988663,-29
8.581194999977015,21
8.581410999991931,75
8.581722799979616,44
8.581982899981085,41
8.582259299990255,21
8.582497399998829,34
8.58271909999894,49
8.582946499984246,-24
8.583163199975388,-1
8.583364399994025,54
8.583594299998367,56
8.583818699989934,27
8.58404989997507,-23
8.584360099979676,11
8.584592899976997,1
8.584850799990818,7
8.585074099974008,-15
8.585273099975893,42
8.585495599982096,19
8.585702499985928,-7
8.585924599989085,3
8.586153599986574,-42
8.586382599984063,62
8.586691699980292,43
8.586940799985314,-5
8.587132199987536,77
8.587370199995348,-45
8.587598399986746,-26
8.587827999988804,6
8.58802709999145,35
8.588242799974978,50
8.588453499978641,23
8.58864370000083,-78
8.588842999975896,73
8.589086799998768,53
8.58932790000108,26
8.589572299999418,-15
8.58979339999496,-36
8.59009209999931,26
8.590330399980303,-48
8.590619999973569,-8
8.590855399990687,-82
8.591096399992239,11
8.591318899998441,-25
8.591538699984085,-4
8.591856899991399,43
8.592090299993288,-15
8.592318999988493,13
8.592536199983442,-82
8.592849299981026,-30
8.593086499982746,-42
8.593410499976017,-48
8.59393039997667,-50
8.594238699995913,-8
8.594479799998226,68
8.5947165999969,53
8.594971499987878,-12
8.595321100001456,2
8.595631599979242,0
8.595887299976312,1
8.596107099991059,0
8.596331999986432,-11
8.596541699982481,-25
8.59684639997431,18
8.59706629998982,-32
8.597289600002114,-48
8.597592399979476,-29
8.59782109997468,-19
8.59803959997953,-5
8.598360299976775,-98
8.598573299997952,-11
8.598790199990617,11
8.599088299990399,68
8.59931979997782,38
8.599539599992568,12
8.599850400001742,51
8.600073799985694,5
8.600283799984027,14
8.600600699981442,-45
8.60081409997656,-48
8.601016999979038,-18
8.601216799987014,30
8.601452099974267,20
8.601723799976753,30
8.601957299979404,-5
8.602178100001765,-113
8.602404899982503,-8
8.602744599978905,-19
8.602985199977411,18
8.603193599992665,69
8.603547299979255,92
8.603750999987824,-111
8.603996399993775,8
8.604215999977896,50
8.604442599986214,50
8.604636799980653,-13
8.60487879998982,-60
8.605064799980028,-12
8.605297899979632,40
8.605537299998105,13
8.605841299984604,55
8.606074299983447,9
8.606285199988633,-65
8.606590899988078,-3
8.60681639998802,-76
8.607045299984748,-94
8.607339999987744,-24
8.607574299996486,73
8.607768399990164,59
8.607961000001524,-35
8.608199499984039,-111
8.608387899992522,-8
8.608611899981042,0
8.608825099974638,-15
8.609020699979737,19
8.609241300000576,50
8.609455400001025,-17
8.609758599981433,-71
8.610050499992212,7
8.61041959997965,1
8.610802099981811,-104
8.611106600001222,2
8.611385800002608,-50
8.611732399993343,-23
8.611986899981275,-24
8.612203399999999,34
8.61241329999757,85
8.612720799981616,-11
8.612944499996956,61
8.613145899988012,-43
8.613374999986263,-55
8.613578099990264,-75
8.61376399997971,70
8.613963699986925,-63
8.614305900002364,-55
8.614582199981669,41
8.614814699976705,46
8.61504319999949,-9
8.615344699996058,42
8.615573499992024,-33
8.61579049998545,-21
8.616093399992678,-91
8.616319699998712,-48
8.616533899999922,25
8.616848299978301,-61
8.617064899997786,1
8.617292799986899,34
8.617590499983635,99
8.617814299999736,62
8.61803849998978,57
8.618350399978226,41
8.61857369999052,-16
8.618790299980901,-54
8.619089499989059,-16
8.619320799974957,-69
8.619535599980736,-19
8.619846899993718,-70
8.620063799986383,-39
8.620294199994532,-6
8.6205912999867,36
8.620817899995018,63
8.621038599987514,10
8.621341999998549,84
8.621675499976845,28
8.621943699981784,1
8.622140999999829,24
8.622342999995453,26
8.62257349997526,-39
8.622815399983665,-86
8.62304109998513,11
8.623341400001664,-74
8.623574999975972,5
8.62376679998124,7
8.623977699986426,-30
8.624200499994913,-27
8.624415099999169,16
8.624759599973913,-32
8.624989999982063,-88
8.625231899990467,-42
8.625462099997094,36
8.625707300001523,-17
8.625947099993937,11
8.626152199984062,-40
8.626392799982568,-58
8.626682999980403,-88
8.626978599990252,-68
8.627308399998583,-18
8.627703599981032,58
8.62811399999191,-72
8.628442699991865,27
8.628695499995956,1
8.628942399984226,32
8.629223399999319,-40
8.62946229998488,7
8.629717799980426,61
8.629942999978084,60
8.630144199996721,-36
8.630351399973733,22
8.63057549999212,53
8.630821899976581,42
8.631101299979491,66
8.631327099981718,52
8.631518199981656,-30
8.631720699981088,3
8.631943599990336,80
8.632271299982676,32
8.632548099994892,30
8.63284519998706,-17
8.633066299982602,-42
8.633285899995826,38
8.633593099977588,-40
8.633883899979992,18
8.634112399973674,29
8.634336999995867,109
8.634574800002156,9
8.634791699994821,10
8.635096799989697,35
8.635327399999369,17
8.635516099981032,-30
8.635713999974541,-32
8.635955299978377,42
8.636154699983308,-40
8.636438199988334,-23
8.636703700001817,-11
8.63696340000024,-8
8.637208200001623,-58
8.63743189998786,-67
8.637658999999985,12
8.637991700001294,-27
8.638247499999125,-74
8.638497399981134,-47
8.638742199982516,-39
8.638977999973577,9
8.639186199987307,45
8.639458599995123,11
8.639706999994814,-19
8.63997129999916,-41
8.64027899998473,36
8.64054860000033,-22
8.640767799981404,37
8.64102909999201,-49
8.641292699991027,-36
8.64167539999471,-10
8.64200979997986,13
8.642415499984054,-32
8.64273890000186,-18
8.643116599996574,-35
8.643430600001011,-62
8.643805899977451,-28
8.6441710999934,-60
8.644563799985917,35
8.644939899997553,-30
8.645253499998944,-45
8.645553899987135,28
8.64592859998811,0
8.646243900002446,-21
8.646533499995712,0
8.646894999983488,-8
8.647253599978285,6
8.647574999980861,-15
8.647826100001112,-12
8.648117299977457,-95
8.648371299990686,-9
8.648594099999173,-5
8.648837499989895,8
8.649078399990685,-57
8.649362199997995,55
8.649639099981869,-72
8.649906399979955,-78
8.650133999995887,36
8.650333099998534,69
8.650573199993232,39
8.650802499993006,-15
8.651090100000147,55
8.651318799995352,0
8.651538799982518,10
8.651840899983654,-54
8.652070499985712,-81
8.652283299976261,43
8.652588500001002,39
8.652785499987658,34
8.653098999988288,-5
8.653315899980953,20
8.653546499990625,0
8.653838599973824,0
8.654069599986542,-11
8.654324899980566,-13
8.654539799987106,-21
8.65484919998562,-30
8.655077999981586,-74
8.655275400000392,-34
8.655583299987484,0
8.655818699975498,-65
8.656037899985677,14
8.656335699983174,2
8.656528599996818,20
8.656735999975353,-6
8.656941499997629,25
8.657161899987841,65
8.657385099999374,43
8.657587099994998,-16
8.657827599992743,-21
8.65801929999725,21
8.65822259997367,1
8.658439699996961,-19
8.658638599998085,-28
8.658837900002254,34
8.659077399992384,23
8.659272199991392,-59
8.659488699981011,-117
8.659767599980114,-68
8.66002819998539,-16
8.660323499992955,2
8.66060789997573,-9
8.660921499977121,-36
8.661172299995087,-4
8.66143059998285,-56
8.66173429999617,-1
8.66199619998224,14
8.662196799996309,2
8.662418099993374,10
8.662716999999247,-6
8.662946600001305,-13
8.663174499990419,35
8.663410699984524,85
8.66366989997914,65
8.663984699989669,3
8.664229099988006,19
8.664453199977288,-38
8.664714499987895,-3
8.664951699989615,-73
8.665207299985923,-31
8.665483799995854,55
8.665727299987338,-5
8.665952499984996,7
8.666199100000085,-17
8.666452699981164,41
8.666671199986013,30
8.666979100002209,75
8.667215499997837,-12
8.667511399980867,-16
8.66774499998428,14
8.668002399994293,22
8.668233999982476,-49
8.668471299984958,-11
8.668727499985835,-80
8.668958700000076,0
8.669209999992745,-15
8.6694646999822,33
8.66970629998832,-2
8.669902900001034,10
8.67011479998473,-20
8.670317499985686,2
8.67054239998106,67
8.670852599985665,5
8.67107689997647,25
8.671287099976325,10
8.67160029997467,10
8.671817399997963,20
8.672045099985553,-2
8.672354499984067,-4
8.672568999987561,-24
8.672775199986063,-23
8.672995399974752,40
8.673193900001934,29
8.673423999978695,-39
8.673724499996752,7
8.673952699988149,-9
8.674153599975398,-13
8.674391299980925,-30
8.674602999992203,-4
8.674828699993668,-21
8.675019899994368,-20
8.675216899981024,2
8.67545309997513,40
8.675642499991227,0
8.675840199983213,-42
8.67606909997994,0
8.676364499988267,-24
8.676672199973837,17
8.676974100002553,-6
8.67733129998669,-31
8.677751499984879,6
8.678072199982125,-16
8.678386299987324,38
8.678667899977881,45
8.678880099992966,56
8.679138699983014,17
8.679372899990994,32
8.679621499992209,1
8.679898699978366,1
8.6801161999756,-72
8.680369899986545,-12
8.68062829997507,-32
8.6808408999932,7
8.681075899978168,89
8.681326299993088,37
8.681610599975102,1
8.681874199974118,4
8.682108799985144,14
8.68238049998763,-71
8.682612399978098,-32
8.682882099994458,-25
8.683106799988309,6
8.683368999976665,-10
8.68370729999151,-9
8.683974399988074,-11
8.684202599979471,-85
8.68445289999363,-1
8.684705899999244,-41
8.684933499986073,11
8.685130799975013,61
8.68538099998841,-9
8.6856231999991,11
8.685869699984323,-1
8.686123399995267,-65
8.686345699999947,-7
8.686570999998366,45
8.686823899974115,5
8.687082299991744,23
8.687323799997102,52
8.687576500000432,66
8.687822899984894,-32
8.688084599998547,5
8.688327199983178,-91
8.68864969999413,-55
8.688851499988232,0
8.689037699979963,3
8.689233399985824,59
8.689439099980518,-23
8.689667799975723,-109
8.689971899992088,-46
8.690201399993384,-51
8.690393199998653,30
8.690587899996899,59
8.690817499998957,-20
8.691012999974191,-84
8.691220799984876,78
8.691445199976442,31
8.691670799977146,5
8.69202449999284,40
8.692374099977314,40
8.69267689998378,-79
8.693104499980109,-40
8.694277099973988,10
8.694605799973942,34
8.695148300001165,17
8.695466699980898,-3
8.69576409997535,-56
8.696046700002626,-25
8.69630809998489,22
8.69657410000218,24
8.696869199979119,32
8.697096399992006,26
8.697329299990088,-24
8.69753419997869,-33
8.697737399983453,78
8.69794259997434,76
8.69815749998088,18
8.69848869999987,35
8.698694999999134,-15
8.698930999991717,-81
8.699220299982699,-26
8.699449599982472,-13
8.699649099988164,96
8.699866099981591,44
8.700064599979669,8
8.700273099995684,-113
8.700480899977265,-19
8.70069479997619,-13
8.700918999995338,2
8.70122009998886,56
8.701444999984233,22
8.701664499996696,-25
8.70196809998015,16
8.70219549999456,-1
8.702418999979272,11
8.702740999986418,-80
8.70296349999262,-9
8.703207099984866,45
8.703425099985907,67
8.703653899981873,40
8.703994799987413,-11
8.704245100001572,40
8.70449499998358,46
8.704751999990549,21
8.70499459997518,10
8.7052198999736,-36
8.705473499983782,-92
8.705710399983218,-15
8.705940899992129,23
8.70619810000062,34
8.706452099984745,0
8.70668589998968,87
8.706947999977274,57
8.707203899975866,22
8.707457999989856,14
8.707664599991404,11
8.70797789999051,-11
8.708198699983768,-48
8.708412599982694,-95
8.708741099981125,-32
8.708999700000277,-39
8.709244699974079,-10
8.709468899993226,-20
8.70979829999851,-98
8.710228399984771,-61
8.710604099993361,17
8.710997899994254,-57
8.711368099990068,28
8.711754699994344,-56
8.712034299998777,42
8.7122851999884,10
8.712625099986326,-32
8.712885999993887,-96
8.713140399981057,-108
8.713382499990985,42
8.713586799975019,44
8.713805899984436,7
8.714033800002653,-38
8.714369199995417,48
8.714591500000097,6
8.714846299990313,-103
8.715102399990428,34
8.715329899976496,-53
8.715635200001998,75
8.715911499981303,-11
8.716245799994795,-38
8.716488499980187,-4
8.716722099983599,-16
8.716935899981763,33
8.717154799989657,78
8.717392699996708,14
8.717612699983874,-10
8.717862199991941,-22
8.718119600001955,-84
8.718364100001054,2
8.718621399981203,-19
8.718849999975646,21
8.719073499989463,56
8.719424099981552,26
8.719621500000358,-9
8.71986559999641,9
8.720116799988318,-7
8.720345099980477,-53
8.720558299974073,-76
8.720800299983239,-6
8.721029599983012,71
8.721375099994475,7
8.72162009999738,-13
8.721847799984971,36
8.722074099991005,56
8.722335500002373,30
8.72255549998954,11
8.722783299977891,-48
8.723132099985378,32
8.723359299998265,5
8.723615999973845,-10
8.723865899984958,-18
8.724140199978137,-75
8.724405099987052,-48
8.724616199993761,-45
8.724852499988629,37
8.725078899995424,86
8.72530929997447,-15
8.725513999990653,-49
8.725769699987723,-102
8.726035100000445,-80
8.726387999980943,-23
8.726767499989364,28
8.727063599973917,-32
8.727426199999172,-16
8.727704399992945,10
8.728072799975052,23
8.7283577999915,-10
8.728645499999402,17
8.728888299985556,-44
8.72914429998491,-27
8.729368399974192,43
8.729620799975237,-19
8.72987309997552,38
8.730116599996109,28
8.730367199983448,35
8.730590099992696,-27
8.73084839998046,-24
8.731074299983447,2
8.731332399998792,-18
8.731562499975553,23
8.731849999981932,-65
8.732053199986694,-11
8.73230419997708,77
8.732561199984048,40
8.732877299975371,72
8.733096899988595,-3
8.733331199997338,5
8.733576200000243,-24
8.733826699986821,-66
8.73405769999954,-45
8.734286299993983,48
8.734619499999098,-28
8.73487699998077,-60
8.735082400002284,50
8.735272099991562,3
8.73549219997949,-56
8.735688999993727,5
8.735889599978691,41
8.736095799977193,0
8.736314599984325,-7
8.73654019998503,-73
8.736944799980847,-48
8.737193899985868,-11
8.737394299998414,-49
8.737595099984901,-8
8.737819100002525,-8
8.738038599985885,71
8.738263699982781,-13
8.73845999999321,7
8.738709999975981,-24
8.7389484999876,-46
8.739159499993548,0
8.739364099979866,31
8.739584800001467,-30
8.739840199996252,1
8.740108899975894,-88
8.740320399985649,-36
8.740537499979837,9
8.74084220000077,-75
8.741036499995971,69
8.741229599982034,-67
8.74144489999162,-106
8.7416420999798,50
8.741844699979993,-19
8.742069999978412,-82
8.742288999987068,-23
8.742588699999033,-23
8.74281319999136,-96
8.743043499998748,-26
8.743959599989466,33
8.744282899977406,43
8.744578599988017,51
8.744944799982477,71
8.745282799995039,-5
8.745578699978068,-16
8.745894499996211,20
8.746177699998952,-5
8.746498299995437,-19
8.746746999997413,-79
8.74699879999389,1
8.747318599984283,-27
8.747570799983805,-29
8.747825099999318,48
8.748076499992749,-19
8.748396599985426,18
8.748644699982833,-72
8.748890399991069,-4
8.749137099977816,-33
8.749345299991546,15
8.749579499999527,26
8.749809200002346,-21
8.750030099996366,-1
8.750365299987607,53
8.750619300000835,-6
8.750866799993673,-5
8.751134399994044,-23
8.751407299976563,-46
8.751667499978794,-76
8.752041200001258,66
8.752295599988429,20
8.752610199997434,43
8.752853199985111,17
8.753072699997574,37
8.753322199976537,19
8.753574699978344,0
8.753802799998084,-38
8.754052599979332,-84
8.75428219998139,6
8.7546179999772,-53
8.75486839999212,-72
8.755117599997902,6
8.75534379997407,-32
8.755595599999651,37
8.755838999990374,12
8.756066899979487,8
8.756279399996856,-72
8.756614399986574,22
8.756844699993962,-3
8.757094599975972,-17
8.757325699989451,-90
8.757570099987788,-1
8.757863999984693,-3
8.758117999997921,28
8.758339699998032,-37
8.75857299999916,21
8.758824099990306,50
8.759072299988475,18
8.759324799990281,-39
8.75958719998016,-49
8.759792500000913,-72
8.760386499983724,-49
8.76070719998097,5
8.761032699985662,44
8.761316499992972,45
8.761637699994026,-2
8.761960299976636,-32
8.762280499999179,-18
8.762651500001084,9
8.763003599975491,-62
8.763342999998713,-24
8.763673999987077,1
8.763950099993963,0
8.764229099993827,-19
8.76451549999183,13
8.764872100000503,-5
8.765140199975576,35
8.765383799996926,4
8.765598699974362,-60
8.765821899985895,-35
8.76607869999134,19
8.766308199992636,1
8.76663849997567,18
8.7669030999823,59
8.767164799995953,10
8.767407399980584,-15
8.767747199977748,-26
8.767986099992413,-43
8.768216500000563,-7
8.768467599991709,37
8.768695499980822,19
8.76894569999422,74
8.769195100001525,39
8.769444999983534,-2
8.769705099985003,10
8.769928699999582,-24
8.770152099983534,-5
8.770489299990004,-17
8.77074919998995,-24
8.77099309998448,-50
8.77122289998806,-46
8.771475199988345,42
8.771695599978557,-5
8.771948699984932,42
8.772203499975149,10
8.772452199977124,26
8.772804199979873,-22
8.773073799995473,0
8.773325499991188,69
8.773579200002132,40
8.773801799979992,57
8.774029599997448,9
8.774366500001634,34
8.774593399983132,-4
8.774847199994838,-14
8.77507939998759,-28
8.775321900000563,-81
8.77556859998731,-88
8.775825699995039,-1
8.776037099974928,24
8.776460499997484,-24
8.776883699989412,-27
8.777184799982933,-64
8.777443699975265,-9
8.777832699997816,-20
8.778164699993795,61
8.77851639999426,-34
8.778779699990992,-52
8.77901810000185,-33
8.77926299997489,37
8.779562499985332,-11
8.779773799993563,-32
8.779984900000272,40
8.780180799978552,-27
8.780388599989237,-25
8.780601499980548,9
8.780898400000297,40
8.78113950000261,53
8.781337599997642,28
8.781658799998695,6
8.78195639999467,20
8.782190099998843,40
8.782412999978988,83
8.782710599974962,1
8.782948699983535,32
8.783141499996418,-6
8.783340199996019,2
8.783565099991392,45
8.783761500002583,83
8.783970899996348,-23
8.784192199993413,-71
8.784414699999616,30
8.784814399987226,-58
8.785116099985316,-13
8.78542759999982,59
8.785656899999594,11
8.785906199977035,4
8.786131999979261,-30
8.786342799983686,27
8.7866090000025,43
8.78683739999542,-1
8.787051699997392,72
8.78737700000056,1
8.787645999982487,-6
8.787975499988534,-19
8.78836009997758,0
8.788763699994888,47
8.78905229998054,5
8.789343399985228,-14
8.789570900000399,-86
8.789819600002375,-48
8.790076599980239,-99
8.790318199986359,-29
8.790573199978098,11
8.790830299985828,66
8.791069200000493,11
8.791315399983432,-6
8.791529099980835,5
8.791862999991281,-71
8.792111699993256,53
8.792338100000052,-15
8.792566599993734,-25
8.792817199981073,-68
8.793099699978484,-64
8.793336000002455,-50
8.793604599981336,14
8.79386639999575,-32
8.794138799974462,-107
8.794436800002586,0
8.794742599973688,17
8.795074099994963,-23
8.7954608,22
8.795789999974659,-23
8.796072799974354,-40
8.796334199985722,25
8.796568699995987,28
8.796824999997625,-36
8.797094899986405,-55
8.797359699994558,-22
8.797622699989006,-5
8.797868599998765,-38
8.798119699989911,-25
8.798339799977839,-98
8.798590799997328,18
8.798816700000316,56
8.79907199999434,53
8.79932269998244,-10
8.799569900002098,-45
8.799909900000785,-8
8.800140099978307,5
8.80038390000118,6
8.800616799999261,-7
8.800861399999121,-71
8.801110899978084,11
8.801338399993256,-58
8.801591700001154,45
8.801822599984007,104
8.802073599974392,25
8.80231879997882,-2
8.802568699989934,5
8.802826200000709,-8
8.803068699984578,-33
8.803319300001021,-21
8.803571799973724,-20
8.803819699998712,-13
8.804077099979622,33
8.804320099996403,-16
8.80457429998205,-85
8.804825499973958,28
8.805074899981264,15
8.805323899985524,-13
8.805550699995365,11
8.805803600000218,24
8.806120399996871,-37
8.80640579998726,24
8.806718899984844,4
8.80694469998707,98
8.80719669998507,23
8.807458299997961,-6
8.807755099987844,-15
8.808036899979925,53
8.808367399993585,-10
8.808597700000973,-17
8.808842400001595,21
8.80907349998597,45
8.809330899995985,-17
8.809584399976302,-35
8.809826199983945,-32
8.810153999977047,-57
8.810430499986978,-13
8.810857799981022,-43
8.811177199997474,-73
8.811502700002166,-10
8.811820099974284,14
8.812162999995053,34
8.812518999999156,28
8.81289079997805,42
8.813125599990599,25
8.813327899988508,17
8.813523499993607,-15
8.813710999995237,-67
8.81395949999569,-17
8.81419229999301,-24
8.81438789999811,48
8.814606300002197,-31
8.814809699979378,-71
8.815039399982197,7
8.815264999982901,47
8.81546129999333,-51
8.815685699984897,-73
8.815907799988054,-13
8.816107999999076,19
8.816310800000792,-19
8.816500099987024,-67
8.816713899985189,12
8.816940999997314,35
8.81715589997475,-10
8.817376899998635,-47
8.817583800002467,-42
8.817847500002244,83
8.818066899984842,107
8.818289599992568,53
8.818586699984735,18
8.818815199978417,9
8.81900869999663,-51
8.819216299976688,75
8.81943579998915,68
8.819630499987397,2
8.819839599978877,-79
8.820068399974843,-78
8.820258899999317,-13
8.82046989997616,-29
8.820702999975765,-36
8.820950499997707,-84
8.821181299979798,10
8.821484699990833,53
8.821761999977753,-100
8.821970799996052,-66
8.822194699983811,36
8.822450799983926,48
8.822769899998093,66
8.823047799989581,20
8.823343899974134,-107
8.823597399983555,16
8.823829699977068,6
8.824080099991988,64
8.824394600000232,29
8.824675199983176,-18
8.824966399988625,-45
8.825222799991025,-43
8.825470999989193,-49
8.825704499991843,9
8.82595020000008,-25
8.826179600000614,37
8.826398599980166,16
8.826730499975383,37
8.827110999991419,-15
8.827421900001355,-58
8.82765439999639,47
8.828030799981207,-27
8.828412399976514,80
8.82877809999627,-85
8.82902569998987,-19
8.82929629998398,-38
8.829643399978522,30
8.829913199995644,38
8.830162500002189,36
8.830353500001365,-9
8.830593199993018,-35
8.830831300001591,-21
8.831070499989437,-79
8.831283899984555,-1
8.8315851999796,24
8.831783999979962,60
8.8320653999981,97
8.832295599975623,65
8.832609899982344,77
8.832820699986769,11
8.833043299993733,-90
8.83325359999435,-91
8.833438000001479,67
8.833654299989576,80
8.83394749998115,57
8.834159099991666,16
8.8343721999845,-19
8.834568599995691,49
8.834785499988357,78
8.835085500002606,19
8.83531279998715,29
8.835529399977531,-20
8.83573239998077,17
8.83593609998934,13
8.836137199978111,-5
8.836336999986088,-19
8.836565899982816,23
8.836780999990879,74
8.837068099994212,-41
8.837282199994661,7
8.837564999994356,43
8.837785899988376,30
8.83809839998139,8
8.838320899987593,0
8.838534499984235,12
8.838837499992223,-18
8.839068199973553,-49
8.8392672999762,-13
8.839465199998813,2
8.839720299991313,-28
8.839945299987448,-9
8.840142899978673,-45
8.840343499992741,-5
8.840587199985748,12
8.840819999983069,-17
8.841064599982928,-12
8.841340499988291,23
8.841573399986373,-70
8.841783999989275,-48
8.842097099986859,-85
8.842320600000676,-85
8.842532499984372,-37
8.842838999989908,-12
8.84315199998673,23
8.843425499973819,-35
8.843775499990443,-26
8.844144099974073,-1
8.844455499987816,0
8.844717100000707,-65
8.845049800002016,-25
8.845330499985721,-8
8.845635599980596,-37
8.845863099995768,4
8.846067699982086,-100
8.846297199983383,-59
8.846598899981473,31
8.8468233999738,39
8.847044900001492,76
8.847349699994083,7
8.847564099996816,29
8.847790200001327,7
8.84811439999612,56
8.848432200000389,1
8.848709499987308,35
8.848930299980566,64
8.849157499993453,33
8.84939379998832,-17
8.849620099994354,-40
8.849872399994638,-18
8.85011719999602,-92
8.850324099999852,18
8.850554399978137,64
8.850799599982565,46
8.851035999978194,-16
8.851374399993801,33
8.85161379998317,61
8.851881199982017,-40
8.852096799993888,-41
8.85230979998596,-19
8.852533999976004,37
8.852866799978074,-21
8.853114699973958,-122
8.853371899982449,19
8.853596899978584,-65
8.853815499984194,7
8.854101899982197,26
8.854364099999657,3
8.854612900002394,60
8.85486259998288,58
8.855099399981555,11
8.855326299992157,12
8.855572000000393,-62
8.855819599993993,-44
8.856074199982686,-66
8.856321899977047,-31
8.856581000000006,-24
8.856806399999186,58
8.857033999986015,-1
8.85737379998318,-21
8.857620099995984,46
8.857844899990596,-30
8.858074099989608,-15
8.858455399982631,-25
8.858722799981479,-67
8.858971499983454,72
8.859222999977646,-17
8.859458599996287,-21
8.859761599975172,-9
8.860650099988561,63
8.8611081999843,18
8.861463799985358,-48
8.861747799994191,-43
8.86207239999203,-7
8.86236899998039,46
8.862692499998957,34
8.862998299999163,0
8.863242399995215,-69
8.86347479998949,-25
8.863702699978603,41
8.863935199973639,59
8.864157699979842,22
8.864497499977006,4
8.8647326999926,64
8.8649683999829,-33
8.865225999994436,14
8.865471299999626,-49
8.865662600001087,-16
8.86596379999537,-70
8.866184999991674,-78
8.866396299999906,-11
8.866611599980388,51
8.866835599998012,-8
8.867070999986026,-90
8.867278599995188,1
8.867526199988788,-4
8.867738799977815,105
8.867969299986726,59
8.8681897999777,-46
8.868408799986355,-20
8.868715399992652,-5
8.868938599975081,-8
8.8691651999834,21
8.86937949998537,77
8.869588899979135,33
8.869814299978316,-25
8.870024699979695,-16
8.870238499977859,50
8.870444300002418,49
8.870670899981633,-45
8.87099979998311,-3
8.871237099985592,-3
8.871439399983501,-1
8.871660799981328,-27
8.87196329998551,-47
8.872187799977837,-68
8.872386999981245,-10
8.872584799973993,45
8.872812499990687,-73
8.873010499984957,-48
8.873207899974659,12
8.873430499981623,-10
8.873683499987237,-40
8.87390459998278,-7
8.874237999989418,25
8.874488199973712,-55
8.874716799997259,-38
8.87497119998443,42
8.875219099980313,-12
8.875447699974757,86
8.875697299983585,29
8.875951599999098,1
8.876254299975699,-27
8.876504599989858,16
8.876910399994813,-6
8.877217100001872,-41
8.877455899986671,-65
8.877787099976558,-78
8.878167699993355,-6
8.878534999996191,1
8.878864799975418,-19
8.879179999988992,30
8.879432399990037,71
8.87969579998753,77
8.879944699991029,46
8.880197299993597,-18
8.880436699982965,-4
8.88065359997563,-85
8.880966299999272,60
8.88121539997519,17
8.881443599995691,-49
8.881695899995975,-42
8.88194319998729,-7
8.882201399974292,-29
8.882446299976436,-8
8.882705299998634,96
8.882921799988253,18
8.883153000002494,21
8.88338849999127,8
8.8835878999962,-91
8.883816499990644,-15
8.884069299994735,79
8.884325099992566,47
8.884585299994797,11
8.884848099987721,11
8.885089799994603,42
8.885316899977624,2
8.88556629998493,-7
8.885794199974043,0
8.885991299990565,17
8.886212099983823,68
8.886393199994927,-10
8.886607699998422,-70
8.886772999976529,85
8.886947499995586,-21
8.887166599975899,-5
8.887389899988193,53
8.887637499981793,-3
8.887846699974034,-12
8.888066199986497,-56
8.888291999988724,-95
8.888485599978594,-41
8.888644999999087,5
8.888828700000886,-65
8.889073199999984,11
8.889318999979878,-6
8.889567699981853,23
8.889773799979594,-20
8.890083499980392,24
8.890242699999362,-69
8.890409299987368,26
8.890710099978605,1
8.89093039999716,45
8.891306799981976,57
8.891567099984968,-58
8.891769499983639,-37
8.891976099985186,16
8.892183399992064,-46
8.89237229997525,-89
8.89257239998551,56
8.892777200002456,14
8.892981799988775,-29
8.89325409999583,-19
8.89352240000153,-25
8.893794099974912,-80
8.894120299984934,-82
8.894359199999599,-69
8.894565700000385,-112
8.894781599985436,-21
8.895105699979467,32
8.895333799999207,6
8.895560499979183,18
8.895757399994181,35
8.89599079999607,-12
8.896213599975454,-37
8.896432899986394,-12
8.89663799997652,2
8.896827399992617,-43
8.897063199983677,-37
8.897268999979133,7
8.897464999987278,67
8.897688700002618,-14
8.897870399989188,-8
8.898056799982442,0
8.898250199999893,46
8.898462499986636,-25
8.898686399974395,-5
8.89890539998305,27
8.899119899986545,74
8.899310199980391,-69
8.899582199985161,-92
8.899770699994406,29
8.89996079998673,3
8.900153700000374,-6
8.900438799988478,-8
8.900632799981395,-68
8.900837799999863,12
8.901032099995064,79
8.901249699993059,14
8.901458799984539,-21
8.901638399984222,70
8.90185819999897,-38
8.902066199982073,-31
8.902275499975076,32
8.902478699979838,55
8.90268559998367,-41
8.902876699983608,-74
8.903089200000977,-12
8.903309499990428,64
8.903525599977002,-19
8.903810499992687,26
8.904000999988057,-3
8.904209899978014,44
8.904431399976602,31
8.904623599984916,3
8.904810799984261,-5
8.9050150999974,22
8.90521099997568,10
8.90543240000261,-46
8.905625499988673,10
8.905835399986245,56
8.906059799977811,-40
8.906309699988924,8
8.906658899999456,43
8.906966599985026,-47
8.907181999995373,39
8.90737669999362,-32
8.907586399989668,-12
8.907811799988849,0
8.908006599987857,75
8.908187799999723,-50
8.908384999987902,-71
8.908587599988095,53
8.908811499975855,-4
8.909029599977657,-23
8.90931570000248,-50
8.90950249999878,7
8.910524499980966,39
8.910972699988633,27
8.911195799999405,30
8.911403399979463,34
8.911705999984406,-46
8.911890299990773,-27
8.912080699985381,-20
8.912275999988196,34
8.912584899982903,18
8.91281369997887,17
8.913073699979577,-43
8.913284199981717,-18
8.913584199995967,2
8.91382829999202,-17
8.914073799998732,-100
8.914318099996308,1
8.914571799978148,-20
8.914823300001444,-26
8.915069599985145,56
8.915318099985598,27
8.91556519997539,61
8.915748300001724,-61
8.915966699976707,-71
8.91621589998249,15
8.916446899995208,104
8.91669980000006,48
8.916950699989684,43
8.917160399985733,38
8.917397199984407,-46
8.917634399986127,-11
8.917842499999097,35
8.91809110000031,96
8.918319299991708,9
8.918571799993515,23
8.918911499989918,-47
8.919152299989946,30
8.919365999987349,-39
8.919612799974857,-39
8.91987889999291,-75
8.920119399990654,-26
8.920369599974947,-35
8.92061780000222,-82
8.920854800002417,16
8.921111799980281,48
8.921367399976589,40
8.921615200000815,59
8.921873399987817,-9
8.922185899980832,55
8.922497399995336,-37
8.922739199973876,23
8.923056100000395,51
8.923304600000847,-96
8.923632699996233,-45
8.92386089998763,-45
8.924089999985881,-83
8.924324899999192,21
8.924572999996599,80
8.924882599996636,20
8.925146900000982,-73
8.925399200001266,33
8.925626699987333,38
8.92587320000166,-1
8.926118299976224,-29
8.926377899973886,12
8.926596899982542,-60
8.926829999982147,-5
8.927073599974392,74
8.927473299991107,-60
8.927882199990563,31
8.928349399997387,20
8.92871069998364,-103
8.92893069999991,-73
8.929106800002046,3
8.929277899995213,-45
8.929475799988722,-3
8.929740699997637,60
8.929965299990727,30
8.930254399980186,11
8.930477499990957,31
8.930713999987347,-12
8.930940499994904,23
8.931165499991039,-18
8.931415899976855,32
8.931647599994903,-33
8.931935699976748,54
8.932286099996418,-13
8.932564199989429,-10
8.932870299991919,49
8.933089599973755,16
8.93333959998563,-65
8.933575699978974,-32
8.933821199985687,19
8.934069399983855,13
8.934347699978389,24
8.93461909997859,26
8.934873599995626,-4
8.93513399999938,-30
8.935365499986801,84
8.93559079998522,70
8.935876699979417,-15
8.936129099980462,-10
8.936372299998766,3
8.93658839998534,-50
8.93681079999078,-75
8.937043699988862,-5
8.937270399997942,26
8.937491099990439,16
8.93770909999148,-5
8.937931699998444,-58
8.938261899980716,-73
8.938520800002152,-45
8.938751099980436,-39
8.938981299987063,28
8.939222199987853,-33
8.939471499994397,29
8.93970889999764,40
8.940027399978135,21
8.94026419997681,37
8.940502399986144,82
8.94073189998744,-9
8.94096229999559,-40
8.941190799989272,-43
8.941406899975846,-3
8.941607699991437,44
8.941816499980632,-31
8.942050599987851,-16
8.942278299975442,-54
8.942613399995025,18
8.942840999981854,-22
8.943090299988398,-85
8.943321599974297,-33
8.943782499991357,23
8.944118399987929,-30
8.944360299996333,-19
8.94461889998638,-80
8.944862299977103,22
8.94510799998534,17
8.945320799975889,52
8.945549600000959,4
8.94579729999532,0
8.946037099987734,-92
8.946360999980243,8
8.946613299980527,-24
8.94686629998614,-10
8.947217899985844,-9
8.947560599975986,30
8.947783299983712,74
8.948115099978168,8
8.948367599979974,-51
8.948587599996245,90
8.948841899982654,75
8.949093999981415,34
8.9493625999894,13
8.949613399978261,-18
8.949902299995301,18
8.950155400001677,12
8.95049069999368,-36
8.950738699990325,77
8.950971399986884,25
8.95121780000045,19
8.951471099979244,-43
8.951694699993823,-74
8.951984599989373,36
8.95221649997984,-28
8.95243579999078,51
8.952674499974819,-27
8.952934999979334,71
8.953237599984277,31
8.95349049998913,-48
8.953716899995925,25
8.953978499979712,16
8.954202299995814,-2
8.954450799996266,-20
8.954651599982753,-25
8.954986099997768,7
8.955220799980452,-25
8.955469499982428,-84
8.955697500001406,9
8.955940599989844,-49
8.956152400001884,1
8.956467099982547,91
8.95669469999848,11
8.956944299978204,3
8.957191299996339,-27
8.957398799975635,2
8.957637299987255,41
8.957892199978232,23
8.958084199985024,73
8.958278999984032,-23
8.958503399975598,-12
8.958707899990259,51
8.958906899992144,38
8.95920759998262,-1
8.959441399987554,2
8.959651799988933,-13
8.959869899990736,-1
8.960113599983742,45
8.960759299981873,-39
8.961156299978029,11
8.961578899994493,30
8.961888899997575,36
8.962156399997184,51
8.96237129997462,59
8.962589399976423,19
8.962925499974517,-53
8.963159299979452,2
8.963351499987766,-53
8.963564299978316,15
8.963919899979373,50
8.964134899986675,9
8.964324899978237,-37
8.964508499979274,46
8.96472519999952,-16
8.964905999979237,31
8.96518859997741,22
8.965466800000286,94
8.965720999985933,4
8.965939899993828,57
8.966158499999437,42
8.96635519998381,-75
8.966559899999993,-6
8.966752199979965,73
8.966959699988365,52
8.967134399979841,-6
8.967335599998478,31
8.967557299998589,26
8.967748199997004,-17
8.967935799999395,78
8.96822759998031,41
8.968468299979577,59
8.968685999978334,48
8.968853500002297,-37
8.96902869999758,7
8.969212600000901,3
8.969433999998728,-9
8.96962399999029,37
8.969837899989216,36
8.970062499982305,31
8.97025919999578,-54
8.970460499986075,-70
8.97065719999955,80
8.970959599973867,-24
8.97119699997711,29
8.971382799994899,-56
8.97159329999704,-12
8.97180689999368,28
8.971993099985411,13
8.972188199986704,-25
8.972395699995104,6
8.97260309997364,83
8.972811199986609,9
8.97300109997741,-22
8.973211199976504,1
8.973380699986592,44
8.97358059999533,-102
8.973775899998145,56
8.973973699990893,34
8.974180599994725,-23
8.974368399998639,26
8.974556599976495,11
8.974743999977363,-19
8.974931099975947,61
8.975131599989254,8
8.975339099997655,-56
8.975556299992604,-84
8.975744399998803,12
8.975931099994341,14
8.976118999999017,-41
8.976376699982211,-36
8.976602199982153,-50
8.977315700001782,44
8.977636099996744,17
8.978081999986898,18
8.97842229998787,40
8.978702899999917,-12
8.978905800002394,30
8.979232099984074,-19
8.979441299976315,38
8.9797098999843,8
8.979903300001752,45
8.980238499992993,-6
8.980487799999537,33
8.980714199977228,-6
8.980946199997561,-36
8.98119819999556,30
8.981440799980192,-89
8.981693499983521,-36
8.981983599980595,-78
8.982270199980121,-20
8.98252289998345,5
8.98276369998348,-89
8.983010199997807,25
8.983248699980322,71
8.983466699981363,73
8.983803299983265,68
8.984033799992176,20
8.984427099989261,37
8.984653899999103,-64
8.984981799992966,0
8.985227299999679,-27
8.985460299998522,11
8.985620099992957,35
8.985822799993912,12
8.986070799990557,-45
8.986319899995578,-49
8.986569499975303,-90
8.986816099990392,41
8.987068999995245,-22
8.987318999978015,43
8.987572399986675,72
8.987822099996265,5
8.988026099978015,10
8.988363499986008,45
8.988607399980538,-10
8.988916199974483,-40
8.989169099979335,9
8.989395999989938,-41
8.989595199993346,-91
8.989808099984657,13
8.989981499995338,50
8.990182799985632,5
8.990380699979141,-100
8.990563499974087,88
8.990778499981388,-8
8.990960600000108,-26
8.99115229997551,37
8.991353199991863,-17
8.991605099989101,-9
8.991818999988027,-85
8.99202459998196,-16
8.992204999987734,61
8.992384699988179,-17
8.992582399980165,-21
8.992760199995246,16
8.99296889998368,-97
8.993643199995859,-103
8.993871099984972,63
8.9941030999762,6
8.99434389997623,13
8.994593999988865,6
8.99481089998153,-73
8.995111199998064,7
8.995379799976945,-46
8.995601399976294,-52
8.995919899985893,4
8.996200199995656,85
8.996388100000331,-58
8.996623599989107,39
8.996838099992601,43
8.99706470000092,0
8.997257299983175,-50
8.997461599996313,11
8.997687199997017,71
8.997907299984945,43
8.99821169997449,62
8.998436900001252,49
8.99869479998597,27
8.99896479997551,77
8.999184999993304,6
8.999384199996712,18
8.999586199992336,72
8.999810799985426,42
9.000007199996617,-13
9.000202900002478,-75
9.000399799988372,56
9.000600699975621,-14
9.000807199976407,-48
9.00099419997423,43
9.001194699987536,7
9.0014084999857,-7
9.001602899981663,-13
9.001815499999793,51
9.002030299976468,26
9.002310399984708,72
9.002495099994121,10
9.002680699981283,3
9.002875799982576,47
9.003089099976933,-24
9.00331049997476,14
9.003528799978085,75
9.003731799981324,29
9.003946599987103,-64
9.004156299983151,-102
9.004467999999179,-21
9.004773900000146,-126
9.005056399997557,37
9.005301999975927,-57
9.005530199996429,-72
9.005867200001376,-4
9.006110999995144,-77
9.006371099996613,-42
9.006611899996642,-56
9.006838899978902,-26
9.007094100001268,11
9.00732189998962,13
9.007571299996926,60
9.007823299994925,20
9.008065899979556,44
9.008316099992953,-16
9.008555999986129,-69
9.008782999997493,-2
9.00911719998112,-50
9.00936319999164,-34
9.009655999980168,-59
9.009915799979353,-38
9.010171899979468,-46
9.010512499982724,10
9.010780799988424,-4
9.0110770999745,-11
9.01140079999459,-19
9.011609299981501,-14
9.011816499987617,31
9.012022499984596,-10
9.012201599980472,75
9.012419599981513,79
9.012595199979842,-53
9.012836099980632,-66
9.012994099990465,50
9.01317379999091,-34
9.013357499992708,18
9.013522299996112,20
9.013703299977351,-43
9.013923099992098,-46
9.014097299979767,4
9.014339999994263,8
9.014581700001145,-30
9.014825199992629,-35
9.015031599992653,-6
9.015337299992098,-43
9.015577199985273,14
9.01583849999588,29
9.016081599984318,-3
9.016323699994246,0
9.016569999977946,19
9.016800399986096,24
9.017072599992389,-7
9.017363799997838,25
9.017617099976633,67
9.017862999986392,21
9.018094499973813,0
9.01832239999203,-3
9.018578899995191,-105
9.018821499979822,24
9.019070199981797,27
9.019320499995956,14
9.019548699987354,19
9.019799100002274,-25
9.020023999997647,-35
9.020366599987028,12
9.020613399974536,50
9.02085899998201,2
9.021087200002512,-15
9.021340299979784,17
9.021591500000795,-18
9.021819799992954,25
9.022073499974795,-7
9.022321899974486,39
9.02256069998839,40
9.022767399990698,-17
9.02295739998226,-26
9.023213699983899,30
9.0234079999791,-16
9.023601199995028,67
9.023772799992003,2
9.02398989998619,44
9.024199699983,29
9.024387399986153,-40
9.024604799982626,54
9.024817500001518,70
9.025028699979885,43
9.025322100002086,-12
9.025509400002193,2
9.025713599985465,-74
9.025894099992001,38
9.026080599986017,-30
9.026352199987741,-52
9.02667379999184,-49
9.026973899977747,-9
9.027262599993264,6
9.02751939999871,-40
9.027749899978517,5
9.027988899993943,-37
9.028276099998038,-90
9.028544999979204,-13
9.028781999979401,-19
9.028977999987546,-90
9.029187499982072,42
9.029386899987003,75
9.029583399998955,-52
9.029809300001943,-46
9.030001099978108,104
9.030210899974918,74
9.030433199979598,1
9.030630699999165,-18
9.030835599987768,7
9.031059299974004,46
9.031250200001523,6
9.031435899989447,-47
9.031633999984479,68
9.031834199995501,-51
9.03206319999299,-85
9.032280199986417,4
9.032577999983914,8
9.032760299975052,51
9.032952999987174,1
9.03313149997848,-56
9.03333279999788,68
9.033535499998834,-14
9.03383559998474,29
9.034011699986877,-83
9.03420249998453,29
9.034382099984214,31
9.034584799985169,-23
9.034824599977583,-21
9.035194399999455,5
9.03544469998451,-23
9.035692699981155,-39
9.035944599978393,-92
9.036193699983414,-19
9.03644919997896,-32
9.036702399986098,-75
9.036928699992131,27
9.037168999988353,38
9.037406299990835,-9
9.037739999999758,-28
9.037987999996403,30
9.038237399974605,8
9.038529299985385,-4
9.038778199988883,33
9.039071299979696,16
9.039320999989286,29
9.039576799987117,-8
9.039818199991714,0
9.040068099973723,4
9.040323499997612,33
9.040570699988166,-35
9.040821000002325,-36
9.041066799982218,-80
9.041272399976151,-27
9.041454399994109,15
9.041679399990244,-14
9.041912999993656,-59
9.042254100000719,3
9.042485899990425,-40
9.042750699998578,-38
9.042989999987185,-59
9.043254599993816,4
9.043532499985304,29
9.043756699975347,-41
9.044024799979525,30
9.044319299980998,-40
9.044613899983233,-95
9.044866499985801,-18
9.045095599984052,-72
9.04532379997545,7
9.045572599978186,53
9.045814899989637,37
9.045999099995242,-17
9.046231599990278,-4
9.046438799996395,45
9.046604499977548,19
9.04679049999686,-69
9.046959499974037,80
9.047138800000539,-22
9.04735399998026,-36
9.047519399988232,91
9.047694799985038,11
9.047949100000551,-47
9.048203499987721,-3
9.048416299978271,31
9.048749999987194,-19
9.049027100001695,-25
9.049295899982098,-70
9.049616499978583,21
9.049872199975653,-48
9.050116200000048,23
9.050364599999739,-20
9.050639599998249,-107
9.05094229997485,16
9.051199799985625,0
9.051447999983793,-56
9.051670499989996,-49
9.05199169999105,-40
9.052181199978804,-89
9.052367299998878,69
9.052555399975972,-18
9.052756499993848,-49
9.052982299996074,21
9.053190599981463,83
9.053383899998153,-5
9.053584299981594,-17
9.053758499998366,-16
9.053960799996275,-15
9.054179899976589,-51
9.054372299986426,-44
9.054564099991694,39
9.05478409997886,-4
9.055087899992941,14
9.055267399991862,-19
9.055464599980041,-7
9.055752099986421,40
9.055968299973756,61
9.056182999978773,-57
9.056379499990726,-16
9.056626199977472,41
9.056828799977666,6
9.057031799980905,34
9.057224599993788,-6
9.057435399998212,-33
9.057656499993755,16
9.05785349998041,17
9.058084199990844,-63
9.058310199994594,-60
9.058529799978714,-69
9.058798999991268,12
9.059020299988333,-18
9.059208699996816,0
9.059437199990498,-22
9.059662899991963,-50
9.059851099998923,23
9.060067599988542,14
9.06036099998164,-54
9.060576699994272,-20
9.06078569998499,-41
9.061151299974881,-49
9.061356599995634,-25
9.061563900002511,-5
9.061779899988323,55
9.062093399988953,-29
9.062339999974938,21
9.06259289997979,20
9.062822899984894,33
9.063022999995155,37
9.063318999978947,25
9.063529799983371,-48
9.063864199997624,24
9.064112599997316,-30
9.064369799976703,-52
9.064611599984346,-41
9.064841399987927,-38
9.065068899973994,42
9.06531459998223,12
9.065525699988939,51
9.065862699993886,34
9.066112399974372,-16
9.066341199999442,67
9.066588799993042,34
9.066808499977924,-2
9.067089199990733,-18
9.067321999988053,-75
9.067567699996289,16
9.06782279998879,-43
9.06806979997782,77
9.068319099984365,42
9.068565299996408,16
9.06881909997901,56
9.069162699976005,-29
9.069381299981615,-19
9.069612199993571,3
9.069862699980149,-15
9.070112199988216,-29
9.070360499987146,-15
9.070589399983874,-77
9.070840399974259,-49
9.071091799996793,-49
9.071319499984384,27
9.071572199987713,-46
9.07182240000111,26
9.072074600000633,39
9.072318499995163,16
9.072564000001876,-61
9.072730299987597,-83
9.072922599996673,54
9.073156400001608,27
9.073395499988692,-4
9.073608399980003,-58
9.073857799987309,6
9.074064399988856,17
9.074277399980929,76
9.074611299991375,26
9.074844799994025,-18
9.075095599982888,50
9.075344399985624,45
9.075570499990135,2
9.075897899980191,-33
9.07614989997819,-10
9.076520000002347,55
9.076825700001791,-23
9.07710299998871,-11
9.077390299993567,-89
9.077663299976848,4
9.077915299974848,-17
9.078192999993917,-58
9.078456799994456,-7
9.07874329999322,-45
9.078981599974213,-24
9.079185199982021,10
9.079391499981284,36
9.079600899975048,-22
9.079837500001304,0
9.080057299986947,-24
9.080221699987305,17
9.080398599995533,-50
9.080551199993351,-27
9.080739400000311,-3
9.080925799993565,-6
9.081113899999764,59
9.081299699988449,4
9.081473300000653,11
9.081675199995516,58
9.081870199996047,-2
9.08205719999387,-97
9.08224479999626,73
9.082431199989514,-18
9.08262509998167,-8
9.082882899994729,61
9.083194299979368,36
9.083438799978467,-42
9.083661099983146,78
9.083846800000174,-9
9.084066699986579,-27
9.084279899980174,33
9.084504500002367,-18
9.084708799986402,37
9.084915899991756,-76
9.085128199978499,-41
9.085336799995275,-8
9.085560099978466,46
9.085755099978996,-36
9.085955799993826,-38
9.086230599990813,-6
9.08646079999744,45
9.086699999985285,86
9.086953199992422,17
9.087141099997098,-34
9.087342699989676,1
9.08759640000062,30
9.087808899988886,27
9.087987499980954,17
9.088192700000945,-97
9.088386099989293,-45
9.08857949997764,63
9.08876230000169,27
9.088957899977686,-14
9.08918929999345,15
9.089399399992544,16
9.089693899994018,28
9.089889399998356,-41
9.090079399989918,-79
9.090313099994091,17
9.090512999973726,24
9.090709399984917,-20
9.09094239998376,36
9.091130799992243,0
9.091333799995482,-18
9.091515999985859,-109
9.091712900000857,47
9.091942300001392,-3
9.092134599981364,-44
9.092330499988748,-54
9.09253299998818,36
9.09275459998753,-25
9.09300500000245,-25
9.093329399998765,-77
9.093820999987656,48
9.094127599993953,-26
9.094378499983577,43
9.094604299985804,-4
9.094777899998007,-71
9.095087599998806,-82
9.095326899987413,-17
9.09553279998363,23
9.095844399998896,-37
9.096072599990293,63
9.096327299979748,-7
9.096556699980283,-2
9.096779099985724,-3
9.097092699987115,-6
9.097344299982069,27
9.097573999984888,26
9.097826599987457,-26
9.098070499981986,-96
9.098336600000039,92
9.098645399993984,3
9.098883500002557,-59
9.09914310000022,-52
9.09938189998502,-52
9.099608799995622,13
9.099844599986682,101
9.100070899992716,29
9.100316999974893,-11
9.100571799994214,-15
9.1008289999736,-19
9.101026899996214,-18
9.101364999980433,3
9.101595399988582,-17
9.101840199989965,-156
9.102070799999638,48
9.102260899991961,36
9.102489299984882,-19
9.102697099995567,-24
9.102929299988318,-56
9.103156299999682,11
9.103394399979152,65
9.103633999999147,-3
9.103843599994434,-23
9.104071599984309,-57
9.104320499987807,-5
9.10461429998395,-76
9.104898299992783,-44
9.105084299982991,5
9.105276399990544,37
9.105459699989296,-26
9.105679399974179,-44
9.105846899998141,5
9.10606469999766,12
9.106255599996075,-90
9.106451499974355,-7
9.106640999991214,-16
9.106833899975754,-32
9.107033699983731,23
9.107251699984772,35
9.107462899992242,-7
9.10769039997831,-93
9.107893199980026,-81
9.108224499999778,91
9.108434099995065,-92
9.108628299989505,64
9.108828099997481,-46
9.10903110000072,-8
9.109316699992632,-117
9.109594199981075,-57
9.110371199989459,-61
9.110612099990249,-54
9.110822899994673,-11
9.11108139998396,61
9.111350099992706,10
9.111560799996369,32
9.111772099975497,-22
9.11197679999168,-48
9.112140899989754,40
9.112327599985292,9
9.112548299977789,-78
9.112769699975615,-8
9.112953699979698,-13
9.113151099998504,-2
9.11334809998516,-40
9.11356469997554,13
9.113825799984625,16
9.11410119998618,40
9.114309099997627,18
9.114519499999005,-59
9.114727299980586,-15
9.11493669997435,20
9.115134099993156,3
9.115330799977528,5
9.11552589997882,-15
9.115828199981479,19
9.116004099982092,1
9.11620399999083,0
9.116380799998296,8
9.11657899999409,35
9.116753799986327,-27
9.116954400000395,-54
9.117149199999403,59
9.11735129999579,-21
9.117588900000555,-79
9.117809199990006,-6
9.11802069999976,90
9.11822029997711,-28
9.118461399979424,-59
9.118697699974291,-21
9.118939999985741,-78
9.119106300000567,77
9.119299799989676,-38
9.11954909999622,-103
9.119773999991594,8
9.120108999981312,-48
9.12036669999361,-83
9.120619099994656,-68
9.120920599991223,-65
9.121156999986852,-41
9.121388799976557,-27
9.121585399989272,90
9.121808199997758,-24
9.122068600001512,-13
9.122318899986567,-42
9.12268599998788,-80
9.12294179998571,54
9.123197199980495,-6
9.123454499989748,43
9.12369409998064,15
9.123916699987603,-33
9.124233499984257,27
9.124459999991814,-2
9.12464860000182,41
9.12496519999695,-38
9.125191099999938,4
9.125400499993702,67
9.125736399990274,-6
9.125961099984124,-55
9.126195399992866,3
9.126493299991125,36
9.127148599975044,-10
9.127441199991154,-15
9.127724899997702,8
9.128013399982592,-20
9.128268399974331,11
9.128522999992128,46
9.12875379997422,1
9.128973299986683,-52
9.129175699985353,-57
9.129401399986818,44
9.129736099974252,-36
9.129990599991288,19
9.130232499999693,14
9.130466999980854,77
9.130711799982237,25
9.131015999999363,-1
9.131258799985517,16
9.131465699989349,-34
9.13169109998853,-107
9.13192249997519,-41
9.13215499999933,28
9.13248439997551,-20
9.132736799976556,-52
9.132988899975317,-3
9.133217099995818,-7
9.133451499976218,30
9.13369259997853,42
9.13394359999802,31
9.134190799988573,23
9.134443399991142,-51
9.13470039999811,-19
9.134926099999575,-41
9.135174199996982,-17
9.135402099986095,-35
9.135736399999587,-41
9.135994199983543,-21
9.136216799990507,-30
9.136431299994001,-18
9.13665209998726,-7
9.136990799976047,27
9.13723389999359,53
9.137448499997845,1
9.137697999976808,-7
9.137902699992992,-3
9.138240399974165,0
9.138489899982233,-22
9.138736199995037,-76
9.138966300000902,-29
9.139196399977664,40
9.139445399981923,-5
9.139701499982039,49
9.139930499979528,27
9.14015299998573,-10
9.14046649998636,46
9.14072229998419,-36
9.140968599996995,-39
9.141195399977732,-93
9.141445699991891,-55
9.141699599975254,-66
9.141946799994912,24
9.142277099977946,23
9.142503799987026,-23
9.142704999976559,-13
9.142979600001127,-1
9.143912699975772,-27
9.144167699996615,0
9.14441729997634,-15
9.144645499996841,-114
9.144868599978508,8
9.145067699981155,38
9.145263899990823,-21
9.145448999974178,-15
9.145666399999755,30
9.146042399981525,21
9.146279099979438,-32
9.146486899990123,20
9.146647899993695,39
9.146841899986612,13
9.147061899973778,54
9.147260300000198,50
9.147436200000811,-13
9.147628399980022,30
9.147848699998576,30
9.148058399994625,8
9.148244499985594,25
9.148435499984771,-12
9.14865639997879,-20
9.148874099977547,-14
9.149112699989928,38
9.149313699977938,-36
9.149470399977872,-21
9.149675199994817,-12
9.149864099978004,14
9.150080699997488,16
9.150291400001151,-47
9.150476999988314,-29
9.150800399977015,57
9.150992499984568,58
9.151246199995512,97
9.151469499978703,62
9.151684499986004,-16
9.151869699999224,27
9.152057799976319,48
9.152245499979472,-41
9.1524311999965,-51
9.152598699991358,42
9.152806099998998,-2
9.152995099982945,-25
9.15318219998153,90
9.153370599990012,-29
9.153558399993926,3
9.153746099997079,-24
9.153955699992366,-42
9.154189699998824,-46
9.15438059999724,16
9.15458000000217,45
9.154776499985019,22
9.155059299984714,-27
9.1552494999778,-18
9.155446099990513,30
9.15565869997954,-3
9.155971699976362,80
9.156191099988064,49
9.156404799985467,-48
9.156602699978976,-28
9.15681190000032,7
9.157005499990191,69
9.157214799983194,-9
9.157440799986944,-25
9.157646499981638,61
9.157868799986318,-3
9.158074799983297,-60
9.158292699983576,-102
9.158673799975077,-24
9.158915499981958,34
9.159236899984535,-13
9.159489799989387,-15
9.159747899975628,-3
9.160451599978842,-33
9.160738799982937,-40
9.161043499974767,7
9.161331499984954,9
9.161626099987188,-7
9.16191369999433,-22
9.162136899976758,22
9.162344699987443,0
9.162610499974107,-44
9.162873399996897,-32
9.163127099978738,-54
9.16336579999188,-53
9.163613899989286,13
9.163844099995913,-64
9.164096799999243,-4
9.164344399992842,37
9.164567599975271,58
9.1648215999885,16
9.165068000002066,-26
9.16532569998526,-29
9.165572099998826,-60
9.165825799980666,-78
9.16607639999711,-14
9.166306999977678,-74
9.166549899993697,28
9.166826100001344,28
9.167053099983605,71
9.167280299996492,32
9.167617300001439,-28
9.167866499978118,89
9.168098299996927,58
9.168350199994165,3
9.16866869997466,13
9.168927599996096,44
9.169155699986732,8
9.169401699997252,-22
9.169621199980611,4
9.169863499992061,-87
9.170115499990061,13
9.170363899989752,-8
9.170616099989275,32
9.170865199994296,54
9.171100799983833,11
9.171308499993756,11
9.171546199999284,-43
9.171780899981968,-53
9.172115499997744,6
9.172349799977383,-42
9.172570800001267,29
9.172823399974732,-7
9.173074699996505,-24
9.173327299999073,60
9.17355609999504,37
9.173805400001584,-21
9.174157100002049,-18
9.174416099995142,37
9.174636399984593,82
9.174841000000015,-32
9.175069899996743,-61
9.175281399977393,1
9.175584699987667,-34
9.175808599975426,-51
9.176000699982978,11
9.176209799974458,-25
9.17639369997778,-107
9.176694599998882,57
9.177102699992247,-137
9.177351099991938,18
9.177584799996112,22
9.17782649997389,-44
9.178138799994485,0
9.178393599984702,-18
9.178607499983627,-33
9.178812999976799,-42
9.179030599974794,31
9.17933539999649,-54
9.179529299988644,73
9.179812699992908,-2
9.179998799983878,-26
9.180181999981869,-14
9.180377999990014,16
9.180590599979041,33
9.180805299984058,-42
9.180996499984758,1
9.181204499996966,69
9.181402599991998,-3
9.18163929998991,-41
9.18183190000127,32
9.182111000001896,82
9.18228249999811,54
9.182478999980958,-10
9.182680999976583,-17
9.182879799976945,81
9.183089599973755,58
9.183311899978435,-6
9.183536999975331,-2
9.18383629998425,-11
9.184012399986386,64
9.184206499980064,53
9.18439069998567,22
9.184579099994153,-29
9.184779499977594,88
9.184998899989296,15
9.185191899974598,-73
9.185407799988752,12
9.185710399993695,-19
9.185880799981533,33
9.186076499987394,-30
9.186254699976416,32
9.186470999993617,19
9.18668849999085,-13
9.186886299983598,-9
9.187077199982014,46
9.18726449998212,1
9.187462299974868,-28
9.187645799975144,-18
9.187831899995217,20
9.188027299998794,-19
9.188227699982235,10
9.188447799999267,11
9.188630299991928,-29
9.188872400001856,21
9.189072799985297,-12
9.189270199974999,77
9.189477299980354,-71
9.189683999982662,-85
9.189869299996644,89
9.19005649999599,-18
9.190244699973846,17
9.190432299976237,14
9.19061910000164,15
9.190826999983983,33
9.191039199999068,58
9.19134109999868,-17
9.191571299976204,36
9.191766499978257,14
9.191953100002138,-24
9.192209499975434,15
9.192433199990774,-17
9.192637999978615,-6
9.192827799997758,-27
9.193080500001088,-98
9.193840099993395,-104
9.194090799981495,-40
9.194314899999881,-86
9.194572399981553,-57
9.19486279998091,-16
9.195087799977046,-54
9.19532529998105,35
9.195565000001807,12
9.195786299998872,14
9.196008400002029,-37
9.196187800000189,16
9.196404799993616,22
9.196621899987804,27
9.196855899994262,10
9.197063699975843,-18
9.197283099987544,-5
9.197498699999414,84
9.197684699989622,11
9.197851799981436,-28
9.198062399984337,101
9.198302599979797,11
9.1985814999789,56
9.19877649997943,-44
9.198948199977167,-75
9.19914709997829,68
9.199345799977891,-32
9.19953019998502,-21
9.19981029999326,-30
9.200028999999631,58
9.20023129999754,89
9.200440299988259,-25
9.200652699975763,-107
9.20088229997782,-33
9.201085499982582,42
9.201280799985398,8
9.201564699993469,-16
9.201780099974712,20
9.20206579999649,51
9.202278499986278,42
9.202481199987233,67
9.202710999990813,0
9.202978099987376,68
9.203182400000514,-9
9.203352999989875,37
9.203533699997934,10
9.20383439998841,21
9.204069999977946,-82
9.204279799974756,-54
9.204498199978843,18
9.204712799983099,65
9.20496629999252,15
9.20518489999813,1
9.205379599996377,-34
9.205583599978127,7
9.205811399995582,40
9.206012799986638,7
9.206202999979723,-60
9.206378199975006,-3
9.206584699975792,10
9.206779799977085,-50
9.207001399976434,-39
9.207206799997948,6
9.207474800001364,-15
9.207707099994877,46
9.207935199985513,-14
9.208135799999582,-82
9.208338799973717,13
9.208558199985418,34
9.20874879998155,-55
9.208937299990794,68
9.209157399978722,56
9.2093765999889,-4
9.209817900002236,-40
9.210106499987887,-39
9.21048849998624,-100
9.210688999999547,-17
9.210953899979359,-8
9.211270399973728,-7
9.211546499980614,19
9.211752599978354,-7
9.211952599987853,-71
9.212134299974423,27
9.212333799980115,23
9.212640699988697,-47
9.212925300002098,23
9.213154899975052,23
9.213450099981856,-9
9.213747999980114,33
9.213958099979209,-1
9.214217100001406,-89
9.214449199993396,33
9.21466669999063,-81
9.214876999991247,23
9.215085199975874,28
9.215310400002636,24
9.21553019998828,4
9.21574509999482,-19
9.21593429998029,-13
9.216125199978705,-2
9.216333899996243,-63
9.21656129998155,-11
9.216774699976668,28
9.217062799987616,84
9.217253899987554,6
9.217455399979372,-5
9.21765399997821,23
9.217877899995074,26
9.21807999999146,17
9.218285999988439,15
9.218581299996004,48
9.21877969999332,5
9.218958699988434,37
9.219206899986602,17
9.21938679998857,-60
9.219582799996715,30
9.219817199977115,103
9.220036399987293,69
9.220249099977082,-3
9.220509999984642,11
9.220709099987289,-76
9.220915499987314,-9
9.221182699984638,-38
9.221379499998875,-11
9.221607099985704,-13
9.22181219997583,-2
9.222034099977463,55
9.222337299986975,6
9.22256159997778,26
9.22276740000234,0
9.222960399987642,-30
9.223184099973878,5
9.22337619998143,15
9.2235842999944,-34
9.223813499993412,-37
9.224005899974145,22
9.224296000000322,35
9.224497799994424,74
9.224713299976429,9
9.224939099978656,-68
9.225136499997461,-38
9.225355799979297,7
9.225558799982537,-23
9.225747099990258,-92
9.226033899991307,45
9.226241299998946,0
9.227278599981219,18
9.227564399974653,34
9.227853899996262,-45
9.228068799973698,-62
9.228252100001555,65
9.228489999979502,-14
9.228706299996702,-34
9.229002699983539,-36
9.229213499987964,-83
9.229433799977414,-27
9.22962169998209,30
9.229806799994549,-9
9.230014299973845,6
9.23020579997683,55
9.230380900000455,-25
9.23058019997552,-79
9.230775899981381,68
9.230982399982167,4
9.231189499987522,-70
9.231364899984328,25
9.231550999975298,5
9.231740199989872,-31
9.231925399973989,98
9.232114099984756,-11
9.232299199997215,-2
9.23248729997431,-14
9.23267389999819,20
9.232869400002528,1
9.233069599984447,31
9.233247500000289,2
9.233430899999803,-93
9.233634499978507,74
9.233839699998498,72
9.234088999975938,-21
9.23431279999204,-94
9.234536399977515,-81
9.234828599990578,-15
9.235022199980449,3
9.235229199985042,42
9.235431699984474,-31
9.235620599996764,-93
9.23581600000034,99
9.236035599984461,44
9.236369499994908,42
9.23657509998884,6
9.236743599991314,-41
9.236935099994298,-21
9.237134999973932,18
9.23734299998614,-62
9.23756329997559,11
9.237780800001929,36
9.237999599979958,7
9.238209399976768,-6
9.238434799975948,-40
9.238632799999323,-22
9.238831700000446,8
9.23902479998651,-19
9.239210100000491,48
9.239400699996622,-11
9.239596699975664,-55
9.239911599986954,42
9.240135499974713,-27
9.240406799974153,-15
9.240598199976375,-4
9.240805399982492,-17
9.24100469998666,22
9.241182999976445,-7
9.241369999974268,71
9.24155979999341,-39
9.241758799995296,-35
9.241962699976284,-35
9.242185699986294,-8
9.242365099984454,-28
9.242561999999452,-13
9.242720499983989,-5
9.242992799991043,-89
9.243696199991973,-33
9.243914799997583,-6
9.244193799997447,74
9.24441059998935,76
9.244661599979736,36
9.244961799995508,20
9.24515039997641,9
9.245388699986506,-26
9.245607099990593,-17
9.245811100001447,8
9.246021999977529,79
9.246217899984913,-1
9.246442899981048,-10
9.246657499985304,-39
9.246874199976446,23
9.247083399997791,23
9.24731029997929,-1
9.247506299987435,44
9.247759899997618,67
9.247953999991296,22
9.248127400001977,-85
9.248325199994724,27
9.24849759999779,2
9.248680299991975,-68
9.24886819999665,74
9.249060099973576,10
9.249279199982993,-19
9.24948939998285,13
9.249686199997086,54
9.249895799992373,-7
9.250084799976321,-3
9.2502594999969,7
9.250463999982458,37
9.250687499996275,17
9.250894299999345,18
9.25108239997644,-11
9.25126530000125,-4
9.251456599973608,-12
9.251747099973727,-46
9.251953599974513,-55
9.252132399997208,76
9.252328899980057,23
9.25253959998372,-10
9.252751199994236,36
9.252961499994854,57
9.253136099985568,-39
9.253360399976373,-15
9.253559399978258,3
9.25375079998048,-29
9.253984599985415,18
9.25419310000143,29
9.254405599989695,56
9.254633399978047,19
9.254831500002183,-15
9.25501969998004,0
9.2552109999815,-40
9.25550599998678,-11
9.25570389998029,2
9.255901099997573,-73
9.256120399979409,28
9.256355699995765,-5
9.256566999974893,-10
9.256751499982784,-10
9.256931099982467,-25
9.257105199998477,-38
9.257295799994608,37
9.257565899984911,2
9.257781699998304,15
9.25803209998412,7
9.25824460000149,0
9.258515299996361,-55
9.258756399998674,-57
9.25895099999616,-99
9.259153799997875,46
9.259343499987153,-46
9.259655599977123,-36
9.259857899975032,-49
9.260065499984194,-88
9.260670299991034,-9
9.260906599985901,-87
9.261117199988803,-11
9.26134369999636,55
9.261557699996047,85
9.261749999976018,-22
9.261961099982727,-97
9.262180499994429,-46
9.262373699981254,40
9.262582099996507,-43
9.262763599981554,-6
9.262951999990037,29
9.263128499995219,-13
9.263351699977648,-57
9.263558099977672,2
9.263745799980825,36
9.263960699987365,-6
9.264199500001268,-39
9.264380299980985,37
9.264586199977202,27
9.264807100000326,-27
9.265012699994259,-16
9.265204099996481,22
9.265431399981026,32
9.265618699981133,-15
9.265805599978194,0
9.26599349998287,32
9.266181599989068,-75
9.266369399992982,48
9.266556599992327,21
9.266744099993957,-14
9.26693859999068,-40
9.267129199986812,61
9.267306599998847,-8
9.267492799990578,19
9.267680199991446,75
9.267869099974632,-37
9.268096099985996,73
9.268312499974854,-1
9.268586099991808,-28
9.268817399977706,20
9.269030399998883,-23
9.269358799996553,2
9.269576199993026,-21
9.269780899980105,61
9.269979999982752,61
9.270185399975162,-47
9.27037349998136,-17
9.270568699983414,-30
9.270766000001458,1
9.270960499998182,-25
9.271191999985604,-43
9.271382399980212,-6
9.271601999993436,-40
9.271916099998634,9
9.272158099978697,60
9.272376399982022,-38
9.27259039998171,-130
9.272810700000264,-72
9.273008499993011,34
9.273214299988467,-11
9.273439299984602,-7
9.273661299986998,68
9.273962399980519,-50
9.274188899988076,7
9.274401899980148,20
9.274689799989574,69
9.274907099985285,39
9.275209599989466,5
9.275382099993294,-46
9.275683999992907,-58
9.275938899983885,-29
9.27616159999161,-35
9.277415199991083,-86
9.277707100001862,-78
9.277968399983365,-31
9.278187899995828,-93
9.278398399997968,44
9.278611199988518,67
9.278812499978812,-6
9.279025800002273,-64
9.279257999995025,34
9.27946239997982,39
9.279691099975025,7
9.27989079998224,-68
9.280089199979557,40
9.280314499977976,40
9.28051250000135,7
9.280733799998416,-6
9.28095229997416,-37
9.281194899987895,71
9.281447499990463,62
9.281703199987533,14
9.281937399995513,37
9.282162999996217,12
9.282490499987034,61
9.282719399983762,69
9.282968799991067,13
9.283202099992195,-23
9.283433399978094,-3
9.283656599989627,-65
9.28396969998721,-16
9.284200900001451,-54
9.28444779998972,35
9.284694100002525,-6
9.284946599975228,67
9.28519639998558,-14
9.285447599977488,31
9.285693599988008,-38
9.285947299998952,-38
9.286193899984937,0
9.28644239998539,-85
9.286696700000903,-15
9.286943299986888,-75
9.287197099998593,30
9.287456399993971,-6
9.287673399987398,84
9.287969099998008,-32
9.28819449999719,-5
9.288453399989521,48
9.288699500000803,1
9.288964399980614,-11
9.289220899983775,44
9.289455499994801,-22
9.289658099994995,-121
9.289972500002477,-39
9.290177799994126,-17
9.290407499996945,28
9.290738799987594,-8
9.29098619997967,-16
9.291218400001526,17
9.291467099974398,-2
9.29171929997392,68
9.291947499994421,-18
9.292196499998681,34
9.292426699976204,-68
9.292676999990363,-102
9.292908599978546,-20
9.293867300002603,14
9.294191199995112,55
9.294449499982875,-15
9.294676099991193,-65
9.29490499998792,30
9.295241299987538,-24
9.295575399999507,-95
9.295820899977116,-64
9.296070799988229,-17
9.296321100002388,-63
9.296571799990488,-14
9.29685569999856,-5
9.29711239997414,15
9.297363599995151,23
9.297607999993488,-1
9.297815699974308,-7
9.298073899990413,-11
9.29832709999755,-20
9.298604499985231,-54
9.29887269999017,-1
9.299109099985799,3
9.299385699996492,-31
9.299654599977657,-49
9.299884299980476,-3
9.300073299993528,0
9.300263499986613,32
9.30043149998528,-22
9.300615799991647,15
9.300782499980414,92
9.300962499983143,-2
9.30117479999899,73
9.301378299976932,10
9.301553400000557,-20
9.301868599985028,-21
9.302109299984295,-72
9.302366299991263,-3
9.302661199995782,-76
9.302929600002244,-117
9.303184299991699,-5
9.303444399993168,-13
9.30369589998736,-58
9.303945699997712,-97
9.304221999977017,12
9.304446699999971,29
9.304692599980626,49
9.304939399997238,32
9.305157999973744,19
9.305392899987055,-28
9.305639899976086,-32
9.305889399984153,-41
9.30609229998663,2
9.30631899999571,62
9.306575099995825,-20
9.306820600002538,52
9.30706629998167,23
9.307319099985762,10
9.307526599994162,-25
9.307756800000789,-78
9.307965499989223,75
9.30817809997825,-14
9.308497899997747,-34
9.308764899993548,36
9.308983199996874,15
9.309220199997071,-26
9.309467199986102,-33
9.310430999990785,-25
9.31070929998532,-54
9.311009799974272,-9
9.311231300001964,-57
9.311490099993534,-56
9.311735199997202,-101
9.311939199978951,77
9.312171699973987,41
9.312402199982898,79
9.312739699991653,12
9.312987299985252,6
9.313239399984013,56
9.313465099985478,53
9.313715500000399,25
9.31396629998926,-33
9.314192499994533,-36
9.314443199982634,-1
9.314648599975044,37
9.31487339999876,46
9.31511529997806,-5
9.31535889999941,13
9.315589899983024,0
9.31584159997874,-24
9.316072399989935,-18
9.316316599986749,-103
9.316563899978064,37
9.316760899993824,3
9.317076899984386,-31
9.317346600000747,50
9.317591300001368,32
9.317821199976606,48
9.318067999993218,43
9.318320599995786,37
9.318557599995984,-7
9.318799599976046,-38
9.319029799982673,5
9.319365999981528,-55
9.319614799984265,-14
9.31984189999639,8
9.320075199997518,-39
9.320303399988916,-10
9.320543099980569,32
9.320731799991336,-10
9.32094799997867,-11
9.321197099983692,-18
9.321446299989475,-62
9.321698499988997,1
9.321941799978958,-24
9.32219599999371,36
9.322449499974027,45
9.322697499999776,7
9.322945199994138,15
9.323197699995944,-73
9.323444799985737,-53
9.323699499975191,-86
9.323944799980382,-11
9.324198999995133,-30
9.32444639998721,-59
9.32469099998707,17
9.324944899999537,-25
9.325249299989082,13
9.325514099997235,-28
9.32575829999405,-30
9.32598899997538,32
9.326241999980994,10
9.326472399989143,-4
9.327343299984932,-14
9.327628699975321,31
9.327905399986776,-63
9.32815469999332,-78
9.328542799979914,-62
9.328777499991702,-5
9.32909829998971,42
9.329344400000991,6
9.32961279997835,-14
9.32985809998354,8
9.330116799974348,-15
9.330340899992734,-20
9.330573299987009,-16
9.330776199989486,58
9.330981699982658,49
9.331156000000192,-21
9.331349799991585,-35
9.331561899976805,18
9.331756400002632,-33
9.331964999990305,-50
9.3321883000026,-18
9.332389199989848,35
9.332587899989448,-16
9.3328081999789,-19
9.332999799982645,22
9.333207699994091,-12
9.333411399973556,-20
9.333627799991518,17
9.33383399999002,22
9.334036599990213,-31
9.33433879999211,91
9.334566599980462,4
9.334762299986323,-4
9.334954499994637,-26
9.335154699976556,84
9.335371499997564,-28
9.335573499993188,-52
9.335760899994057,78
9.335999099974288,15
9.336191399983363,-2
9.336405499983812,3
9.336708099988755,12
9.336939499975415,2
9.337153799977386,16
9.337353499984602,-41
9.337561699998332,-20
9.337780999980168,25
9.338101599976653,-102
9.338312999985646,-11
9.338530999986688,18
9.338750299997628,-19
9.338933699997142,-24
9.339121400000295,-15
9.339308499998879,-27
9.339498299988918,-74
9.339684399979888,13
9.3398734999937,16
9.340084399998887,-43
9.34025829998427,-33
9.340459400002146,34
9.340632199979154,24
9.340833900001599,4
9.34102919997531,10
9.341313499986427,-2
9.341499299975112,-31
9.341684499988332,-51
9.341873699973803,-34
9.342060599999968,-25
9.342249699984677,-41
9.34246549999807,27
9.342751399992267,-33
9.343072699994082,-12
9.343415499984985,49
9.343730199994752,-52
9.344020799995633,-49
9.344248199980939,-8
9.344450199976563,-31
9.344667299999855,24
9.34496789998957,-89
9.345189799991203,-18
9.345381599996472,26
9.34558619998279,-26
9.345819299982395,-28
9.346030299988342,44
9.346240299986675,30
9.346438399981707,1
9.346643400000175,-23
9.346837699995376,59
9.347066099988297,42
9.347270400001435,-54
9.347488200000953,-13
9.347714699979406,-2
9.34794099998544,49
9.34816189997946,0
9.348552899988135,20
9.348803200002294,43
9.349028600001475,54
9.349230399995577,33
9.349432499991963,-13
9.349631399993086,-68
9.349863899988122,22
9.350059699994745,26
9.350244999979623,1
9.350459199980833,-13
9.350643799989484,17
9.350841299979948,13
9.351031400001375,-36
9.35133720000158,21
9.351560899987817,31
9.351783799997065,45
9.351980299979914,-6
9.352201100002276,-74
9.352436999994097,6
9.352655299997423,30
9.35288209997816,47
9.353098599996883,6
9.353313799976604,-2
9.353539799980354,4
9.353847999998834,-71
9.3540635999816,22
9.354268299997784,44
9.354492499987828,-13
9.354715800000122,-12
9.354945799976122,-29
9.355165899993153,5
9.355464199994458,51
9.355696799990255,-14
9.355912599974545,1
9.356218899978558,-34
9.356418499985011,47
9.356719199975487,24
9.356953099981183,12
9.357142799999565,-7
9.35734859999502,-2
9.357571699976688,82
9.357761499995831,-11
9.357964800001355,-18
9.358196799992584,-88
9.358416699978989,-27
9.35871179998503,-11
9.358940199977951,66
9.359143799985759,30
9.359342099982314,-65
9.35958579997532,-87
9.36077229998773,-6
9.361102499999106,-39
9.36135649998323,-77
9.3616328999924,3
9.361865199985914,-10
9.36212279999745,-55
9.362374299991643,49
9.362593199999537,-4
9.362846799980616,47
9.36307449999731,-14
9.36332949998905,-44
9.363570499990601,-8
9.363824699976249,-92
9.36403060000157,9
9.36436949999188,-40
9.36461939997389,25
9.364866899995832,-33
9.365112699975725,-72
9.36534489999758,12
9.365574099996593,93
9.36581849999493,-11
9.366074199992,51
9.366325799986953,-4
9.366557299974374,-44
9.366802199976519,42
9.367059499985771,-33
9.367285599990282,44
9.367616699979408,1
9.367864899977576,-33
9.368120099999942,-39
9.368348199990578,16
9.36855749998358,84
9.368803199991817,42
9.369032099988544,-24
9.36936159999459,-15
9.369617399992421,50
9.369843799999217,-35
9.370089699979872,-87
9.370295299973805,-74
9.370514199981699,-32
9.370717699988745,26
9.370970899995882,-4
9.371201100002509,-42
9.371451999992132,-53
9.371683999983361,-1
9.371904100000393,34
9.372235699993325,-5
9.37249109998811,-94
9.372743999992963,-6
9.372995999990962,-16
9.373219699977199,79
9.37345399998594,12
9.373787699994864,-23
9.374058299988974,94
9.374280899995938,20
9.374615399981849,-9
9.374864799989155,85
9.37511419999646,-32
9.375362399994629,-17
9.375597499980358,21
9.37589559998014,-63
9.37615509997704,43
9.37647299998207,-3
9.37670480000088,25
9.376952299993718,-23
9.377230099984445,0
9.377458299975842,-23
9.377706599974772,-103
9.37792780000018,2
9.378242099977797,-89
9.378489499998977,-49
9.378752999997232,-11
9.378964799980167,-95
9.37919329997385,-18
9.379399099998409,26
9.37963799998397,-17
9.379837099986617,-75
9.380065899982583,-76
9.380273699993268,3
9.380587199993897,35
9.38081639999291,-19
9.38106639997568,63
9.381294699996943,84
9.381491699983599,-11
9.38169179999386,-95
9.38194249998196,42
9.38217089997488,67
9.38236109999707,-33
9.382589399989229,-24
9.382796399993822,-33
9.382995399995707,6
9.383193999994546,6
9.38339730000007,-66
9.38361150000128,21
9.383864799980074,65
9.38408889999846,17
9.384298199991463,-19
9.384514999983367,-40
9.38471389998449,58
9.38494299998274,64
9.385154199990211,-69
9.385397599980934,-55
9.385614699975122,-6
9.385879699984798,-90
9.386097899987362,8
9.386319599987473,36
9.386564999993425,-2
9.386757599975681,-15
9.3870093000005,-60
9.387232199980645,-65
9.387428599991836,31
9.387675399979344,27
9.387969099974725,25
9.388197099993704,18
9.388446899974952,16
9.38871059997473,-31
9.388931699999375,-2
9.389183599996613,31
9.38940669997828,-45
9.389740699989488,-39
9.389991699979873,16
9.390244099980919,-47
9.390579799975967,18
9.390828799980227,-60
9.391054199979408,-102
9.39128549999441,11
9.391619299974991,-53
9.391868699982297,-127
9.392118799994932,-10
9.392369699984556,6
9.392595699988306,27
9.39284739998402,0
9.393130799988285,16
9.394194199994672,32
9.39451739998185,-91
9.3947565999988,-89
9.394967899977928,-35
9.395205099979648,50
9.395519099984085,-15
9.395804399973713,-90
9.396094199997606,-54
9.396414499991806,-31
9.39667589997407,7
9.396911999996519,-49
9.397246299980907,3
9.397508199996082,14
9.397721399989678,8
9.398030299984384,-82
9.398263299983228,-40
9.39850069998647,-79
9.398751599976094,16
9.39899869999499,-43
9.399247399996966,6
9.399478199979058,-4
9.399699199973838,23
9.399954599997727,37
9.400182399986079,-12
9.400378899998032,9
9.40062499998021,49
9.400891199999023,37
9.401147500000661,40
9.40139949999866,10
9.40164639998693,49
9.401892499998212,100
9.402112899988424,16
9.402370099996915,-17
9.402624399983324,-43
9.402873999992153,-75
9.403102399985073,-32
9.403309299988905,48
9.40353499999037,34
9.40386939997552,-3
9.404121599975042,-11
9.404370199976256,66
9.404657599981874,6
9.404947099974379,14
9.405202499998268,102
9.405449899990344,53
9.405703600001289,0
9.405930999986595,18
9.406154299998889,-95
9.406401599990204,-61
9.406635999999708,-44
9.406926399999065,1
9.407180599984713,-53
9.407448299985845,-24
9.407695399975637,-19
9.407950499997241,-70
9.408192499977304,27
9.40846799997962,0
9.408690499985823,-10
9.408932599995751,34
9.409165899996879,-10
9.409385199978715,-37
9.409643699997105,-7
9.409852799988585,-3
9.410560899996199,-2
9.410786399996141,47
9.411079599987715,62
9.411346899985801,-2
9.4116032999882,44
9.41184719998273,27
9.412106899981154,-11
9.412347599980421,-18
9.41256469997461,-70
9.412805100000696,-50
9.413087199995061,-33
9.413309999974445,0
9.413498199981404,58
9.413719399977708,-1
9.413934599986533,-84
9.414127600000938,67
9.414401499991072,88
9.41460439999355,89
9.414812199975131,59
9.415014599973802,-83
9.415211099985754,31
9.415433199988911,45
9.415641999978106,12
9.415831199992681,-68
9.416042999975616,52
9.416339199990034,19
9.416563699982362,55
9.416823799983831,29
9.417090699978871,5
9.41731589997653,-25
9.417506999976467,23
9.41771469998639,46
9.417946799978381,73
9.41816000000108,21
9.418385600001784,-26
9.418581299978541,-18
9.418767399998615,53
9.418966500001261,-6
9.419204299978446,-56
9.419441199977882,29
9.419637899991358,69
9.419836099987151,44
9.420070699998178,-78
9.420281200000318,-46
9.420584799983772,-42
9.420810399984475,-92
9.421003600000404,67
9.421217099996284,54
9.421434499992756,-36
9.42163269998855,-92
9.42183879998629,14
9.422061499994015,10
9.422280799975852,-15
9.422584899992216,51
9.422781899978872,-80
9.423085599992191,3
9.4233367999841,-50
9.42422849999275,-27
9.424620199977653,-11
9.424907399981748,-24
9.42523729999084,-27
9.42553459998453,18
9.425760899990564,-31
9.426001199986786,-30
9.426248799980385,-75
9.427306300000055,-58
9.427597799978685,25
9.427865499979816,-29
9.428137399983825,-41
9.42839039998944,0
9.428636899974663,67
9.42885060000117,52
9.429074199986644,-2
9.429330099985236,-92
9.429582099983236,-75
9.429799199977424,-18
9.430029699986335,17
9.430370199988829,-27
9.430613899981836,-76
9.430842000001576,30
9.431091499980539,109
9.431319399998756,33
9.431569199980004,10
9.431818499986548,-51
9.431988899974385,-5
9.432235299987951,42
9.432486099976813,32
9.432735099981073,10
9.432963799976278,21
9.43319640000118,-38
9.433442299981834,15
9.433691599988379,2
9.433927699981723,-7
9.434236999979476,7
9.43446199997561,2
9.434709199995268,49
9.434944199980237,37
9.435200299980352,42
9.435451400000602,46
9.435670899983961,15
9.435897899995325,-29
9.436211399995955,-1
9.436369399976684,-6
9.436567700002342,25
9.436813899985282,66
9.43701989998226,30
9.437188599986257,0
9.437416299973847,49
9.43760229999316,-3
9.437820599996485,-91
9.438041299988981,-77
9.43820509998477,40
9.43840809998801,11
9.438628099975176,1
9.438816699985182,46
9.439000299986219,38
9.4392344999942,9
9.439394899993204,-97
9.439574799995171,10
9.439791499986313,-62
9.439960999996401,12
9.440186799998628,55
9.440354799997294,10
9.440540899988264,63
9.440708399983123,36
9.440888199984329,-56
9.441069599997718,29
9.441271599993343,16
9.441448199999286,-50
9.44166739998036,-12
9.441833599994425,17
9.442012099985732,-27
9.442188699991675,-1
9.442375499987975,3
9.442563799995696,-15
9.44272959997761,2
9.442905399977462,-29
9.443281399988336,-66
9.443538399995305,1
9.443864999979269,15
9.444136299978709,-31
9.444388299976708,4
9.444659200002206,61
9.444915300002322,32
9.44511010000133,53
9.445363499980886,-47
9.445609199989121,-20
9.44586249999702,-95
9.446086899988586,-2
9.446341199974995,30
9.446591299987631,38
9.446814499999164,92
9.446980299981078,-3
9.447180699993623,-43
9.447413299989421,42
9.447733999986667,-6
9.447988100000657,-60
9.448225499974797,12
9.448441899992758,23
9.448714599973755,22
9.44894169998588,24
9.4491669999843,-50
9.449417899973923,-84
9.449712399975397,-26
9.449938899982953,-12
9.450106499978574,20
9.450291999994079,26
9.450460499996552,-16
9.450637100002496,95
9.450815699994564,-19
9.450981000001775,-17
9.451167399995029,33
9.451334799989127,-28
9.451513499981957,85
9.451693199982401,13
9.451856499974383,-20
9.452041899989126,49
9.4522103999916,7
9.452387999976054,97
9.452565899991896,-5
9.452751999982866,-52
9.452938799979165,71
9.453132599999662,-7
9.453363499982515,-13
9.453615699982038,-3
9.453858499997295,-6
9.454083799995715,38
9.454315099981613,-26
9.454522399988491,20
9.454837099998258,32
9.45506419998128,6
9.45523890000186,-8
9.455481999990297,-55
9.455647999973735,36
9.455983099993318,44
9.456171899975743,-17
9.456417599983979,-18
9.456632899993565,-67
9.456835699995281,-70
9.457016499974998,23
9.457189199980348,-13
9.457355699996697,58
9.457522299984703,-21
9.457836199988378,-31
9.458065899991198,-44
9.458315899973968,-34
9.458564599975944,-49
9.458732799976133,74
9.45889619999798,-2
9.459061299974564,41
9.45927419999498,41
9.45970059998217,10
9.460036199976457,-68
9.460285899986047,-15
9.460747999983141,7
9.460995699977502,-96
9.461235700000543,-53
9.46148679999169,-93
9.46173650000128,21
9.461982499982696,8
9.462214699975448,71
9.4624644999858,-3
9.462694399990141,22
9.462944499973673,-5
9.463193099974887,-34
9.463468399975682,-19
9.463753299991367,-3
9.464001599990297,-30
9.464273199992022,-84
9.464616799989017,-14
9.464853399986168,21
9.465073599974858,-20
9.4653153999825,-26
9.465540099976351,-19
9.46583770000143,-74
9.466093900002306,-6
9.466322199994465,36
9.466565499984426,11
9.466732699977001,71
9.466923200001474,-77
9.46708599998965,23
9.467272099980619,-29
9.467506599990884,-5
9.467734299978474,11
9.46792659998755,27
9.468163299985463,58
9.468487699981779,46
9.468732699984685,5
9.46894729998894,12
9.469189899973571,7
9.469387399993138,5
9.469593099987833,94
9.469820199999958,28
9.470046699978411,11
9.470256499975221,-15
9.470493200002238,-72
9.470711699977983,14
9.470890500000678,19
9.471063699980732,4
9.471252899995307,32
9.471440799999982,-2
9.471606299979612,29
9.47176999997464,4
9.471936699992511,4
9.472146099986276,7
9.472311099991202,25
9.472541600000113,-37
9.472720699995989,74
9.472926399990683,54
9.473169199976837,0
9.473356999980751,-40
9.47352149998187,102
9.473686599987559,-48
9.473903599980986,17
9.474233099987032,-10
9.474396599980537,28
9.47456199998851,44
9.474770999979228,-53
9.474950299976626,84
9.47516849997919,24
9.475334899994778,-24
9.47551449999446,16
9.475693599990336,-48
9.475877499993658,-28
9.476066699979128,-23
9.476342399982968,10
9.476672599994345,51
9.47708679997595,-55
9.477368599997135,-12
9.47763079998549,34
9.477841599989915,3
9.478068399999756,-20
9.478315999993356,-106
9.478563399985433,3
9.478730299975723,18
9.478923699993175,-8
9.479144799988717,-40
9.479312799987383,73
9.479505099996459,18
9.479708699975163,-12
9.479886399989482,7
9.480064599978505,10
9.480230499990284,-21
9.48042649999843,65
9.480658999993466,-1
9.480980799999088,11
9.481145199999446,16
9.481340300000738,-16
9.48149979999289,68
9.481708499981323,-25
9.481885399989551,14
9.48204409997561,43
9.482229599991115,1
9.482436999998754,71
9.482628400000976,-1
9.482863499986706,-64
9.483106399973622,-45
9.483272099983878,-23
9.483437199989567,-25
9.483648699999321,-14
9.483937199984211,-59
9.484127499978058,47
9.484321700001601,31
9.484542899997905,-15
9.484729699994205,-11
9.484895199973835,51
9.485074099997291,-22
9.485301999986405,24
9.485520199988969,18
9.485855199978687,-71
9.486040799994953,45
9.486208399990574,-13
9.486389999976382,44
9.486584199999925,31
9.486761299980571,-14
9.486920099996496,44
9.487082499981625,-5
9.487274599989178,23
9.48750149999978,-8
9.487687699991511,58
9.487880100001348,-4
9.488106899982085,-49
9.488269099994795,9
9.488435899984324,-75
9.488656100002117,-23
9.488981399976183,-88
9.489144999999553,78
9.489314899983583,-114
9.489514099986991,11
9.48967109998921,33
9.489832899998873,10
9.490011299989419,53
9.490190299984533,-52
9.490376000001561,35
9.490572299982887,17
9.490812999982154,-4
9.49100089998683,46
9.491188099986175,23
9.491353999997955,18
9.491544299991801,0
9.491729799978202,35
9.491915199992945,-36
9.49211419999483,45
9.492414599983022,1
9.492624199978309,-2
9.49285329997656,54
9.493115399993258,36
9.493312999984482,-46
9.493547599995509,-109
9.493858899979386,-9
9.494066099985503,-87
9.494290099974023,49
9.494520699983696,6
9.494717900000978,17
9.494947400002275,-35
9.495164899999509,30
9.495419199985918,-4
9.495623700000579,54
9.495851199986646,5
9.496056999982102,-11
9.496244099980686,-103
9.496447299985448,44
9.496650899993256,-41
9.496831700002076,-16
9.497004999982892,16
9.497203999984777,39
9.497378200001549,35
9.497579499991843,68
9.49777419999009,21
9.498058400000446,21
9.498248999996576,-26
9.498431399988476,11
9.498632899980294,22
9.49882829998387,-60
9.499025600001914,52
9.499220600002445,-1
9.499440899991896,-27
9.49960640000063,19
9.499771299975691,-13
9.499936699983664,-24
9.50014559997362,11
9.500312299991492,10
9.50054859998636,-45
9.500792799983174,24
9.500960599980317,0
9.501152599987108,32
9.501337599998806,19
9.501521799975308,22
9.501734099991154,-9
9.501896100002341,-35
9.502074799995171,55
9.502293799974723,5
9.502466499980073,-8
9.502689699991606,50
9.50285619997885,-1
9.50302069997997,-4
9.503189299983205,53
9.503404299990507,-22
9.503732599987416,45
9.503916899993783,-34
9.504085900000064,46
9.50427109998418,-13
9.504485699988436,-18
9.504688599990914,-50
9.504855999985011,5
9.505020999989938,-67
9.505216299992753,27
9.50543939997442,23
9.505605799990008,7
9.505791799980216,-45
9.505960899987258,-27
9.506139199977042,-17
9.50631820000126,8
9.506487899983767,-3
9.506711399997585,-106
9.506867299991427,16
9.50702459999593,15
9.507188699994003,67
9.507403600000544,15
9.507711699989159,35
9.507939099974465,-47
9.508115599979647,0
9.508353399985936,36
9.508564599993406,23
9.508731199981412,-34
9.508895999984816,-5
9.509061999997357,-32
9.509270699985791,-23
9.509449399978621,-9
9.509996099979617,1
9.510294499981683,41
9.510606999974698,-67
9.510906199982855,-4
9.511152599996421,-102
9.511388199985959,-38
9.511584699997911,24
9.511750999983633,-51
9.511982700001681,-50
9.512316599983023,-20
9.512552100000903,-61
9.512793399975635,-84
9.512992299976759,38
9.513236599974334,44
9.51344069998595,19
9.513627699983772,-30
9.513815999991493,-48
9.514001999981701,9
9.5141900999879,-14
9.5143768999842,47
9.514586399978725,33
9.514745299995411,-59
9.514939399989089,24
9.515114899986656,9
9.515384799975436,-26
9.51560939999763,13
9.51583550000214,0
9.515995099995052,16
9.516189999994822,-60
9.516363699978683,-1
9.516607199999271,-28
9.516800999990664,61
9.517042699997546,-9
9.517210699996212,-96
9.517387999978382,49
9.517567099974258,16
9.517731499974616,79
9.517895500001032,38
9.518061199982185,29
9.518270899978234,37
9.518436299986206,-3
9.518671600002563,-31
9.518868999992264,44
9.51906529997359,33
9.519313899974804,-10
9.51950319999014,6
9.5196913999971,59
9.519876299978932,13
9.520066700002644,-84
9.520238899975084,30
9.52048159998958,16
9.520644299976993,-7
9.520811199996388,11
9.5210227999778,51
9.521341599989682,7
9.521581199980574,-17
9.52181439998094,5
9.522043399978429,-48
9.522216999990633,41
9.522464299981948,23
9.522690099984175,-9
9.522877499985043,-49
9.523064899985911,-36
9.523252599989064,23
9.523453399975551,-38
9.523661399987759,69
9.523966499982635,-71
9.524189699994167,71
9.52441449998878,15
9.524727199983317,0
9.524962700001197,41
9.525177699979395,-14
9.525388899986865,-108
9.525586599978851,-15
9.525811400002567,-40
9.526026899984572,-71
9.52623589997529,-50
9.526422099996125,27
9.526711899990914,27
9.526940399984596,30
9.527147999993758,-11
9.527354099991499,-103
9.527570299978834,-7
9.527774299989687,-8
9.527983099978883,-27
9.528195899998536,-31
9.528402999974787,32
9.528684399992926,43
9.528901799989399,48
9.529125000000931,15
9.52930899997591,-56
9.529495099995984,41
9.529684799985262,31
9.529877900000429,-20
9.530083099991316,6
9.530253899982199,48
9.530453399987891,-76
9.530651899985969,47
9.530931999994209,-29
9.531117399979848,81
9.531303899973864,9
9.531492099980824,-30
9.531681699998444,54
9.531876900000498,-26
9.532078399992315,28
9.5322729999898,56
9.532455599983223,-33
9.532656900002621,-84
9.532966400001897,-17
9.53317939999397,37
9.533367800002452,76
9.53355539997574,-4
9.533728299982613,-37
9.533950199984247,63
9.534153199987486,27
9.534433299995726,3
9.534620799997356,-66
9.534812199999578,81
9.535026899975492,39
9.535224099992774,-47
9.535410199983744,62
9.53569299998344,15
9.535926399985328,95
9.53618899997673,-24
9.536356199998409,-16
9.536520599998767,-67
9.536701599980006,6
9.536941400001524,-7
9.537149199983105,-83
9.537390799989225,-26
9.53763269999763,-33
9.537842699995963,15
9.538062899984652,29
9.538229899975704,-56
9.538395299983677,40
9.538561699999264,-92
9.538777199981268,-15
9.539112999977078,-86
9.539356499997666,-41
9.53954149998026,29
9.539708700001938,-52
9.539947299985215,-37
9.54018849998829,0
9.540355699980864,33
9.540519399975892,-81
9.54068519998691,7
9.540894899982959,41
9.541080499999225,-97
9.5413128999935,0
9.541479599982267,88
9.541665400000056,-8
9.541837199998554,-43
9.54207339999266,1
9.542313399986597,41
9.542485999991186,-47
9.542711299989605,-120
9.542992199974833,-30
9.543313199974364,0
9.54356269998243,-111
9.543819999991683,-84
9.544075599987991,-17
9.544328699994367,-5
9.544602499983739,-51
9.544816699984949,19
9.545043299993267,88
9.545210799988126,15
9.545390599989332,-19
9.545576199976495,42
9.545817699981853,5
9.546022399998037,-8
9.54620129999239,-47
9.546421199978795,9
9.546642000001157,0
9.54708109999774,-63
9.54741989998729,-18
9.547631599998567,-73
9.547849099995801,-7
9.548050999990664,-2
9.548237999988487,11
9.548424899985548,-75
9.54861249998794,41
9.548799499985762,-5
9.54898819999653,-73
9.549174299987499,38
9.549341799982358,-14
9.549519899999723,-47
9.549696199974278,53
9.549879099999089,-38
9.550058799999533,91
9.550239399977727,12
9.550424699991709,-16
9.550591999985045,98
9.550766799977282,-13
9.550951999990502,5
9.551118799980031,6
9.551300499995705,8
9.551469999976689,66
9.551674199989066,-20
9.551842399989255,12
9.552015499997651,16
9.552195199998096,18
9.552368899981957,6
9.552548799983924,-28
9.55273739999393,-18
9.55292560000089,-1
9.553091699985089,0
9.553267199982656,15
9.553445400000783,46
9.553630199981853,-9
9.553821699984837,25
9.553995599999325,42
9.554184199980227,-8
9.554364299983718,21
9.554550999979256,19
9.554741100000683,-76
9.554931899998337,51
9.555122499994468,3
9.55530069998349,-18
9.555493599997135,72
9.55567799997516,-33
9.555875199992443,-30
9.556056299974443,0
9.556244099978358,-11
9.556435099977534,13
9.55661859997781,12
9.55680539997411,-14
9.556993799982592,-58
9.557190999999875,38
9.557401500002015,8
9.557597799983341,-104
9.557780399976764,20
9.55806019998272,60
9.558246599975973,11
9.558430599980056,-27
9.558617999980925,70
9.558804699976463,-14
9.55897279997589,-39
9.559183799981838,-29
9.559368499991251,-14
9.559594699996524,-38
9.55979099997785,-58
9.560143999988213,-26
9.560449099983089,-11
9.560706199990818,-7
9.560945999983232,5
9.561179899988929,-4
9.561378499987768,-6
9.561575599975185,-3
9.561773299996275,-25
9.562057199975243,-34
9.562265399988974,0
9.562450899975374,-12
9.562648199993419,-17
9.562826099980157,48
9.563064699992537,30
9.563286699994933,-11
9.563603999995394,85
9.563831999985268,-19
9.564056399976835,-15
9.564244799985318,15
9.564430999977048,44
9.564626299979864,34
9.564831099996809,-34
9.565004199976102,81
9.56520349998027,-36
9.565400199993746,14
9.56560209998861,57
9.565806200000225,20
9.565993800002616,-22
9.566180599998916,-22
9.566368599975249,33
9.56655619997764,-24
9.566743499977747,39
9.566930399974808,85
9.567127999995137,-70
9.567304999975022,51
9.567543599987403,63
9.56771029997617,5
9.567887899989728,35
9.568066499981796,40
9.568240399996284,-9
9.568482999980915,-7
9.56864549999591,4
9.568811999983154,-89
9.569021399976918,92
9.569189000001643,-42
9.569403100002091,-28
9.569732799980557,-11
9.569896599976346,60
9.570061999984318,1
9.570271299977321,-3
9.570443799981149,75
9.570695299975341,-19
9.570940799982054,41
9.57115239999257,4
9.571394999977201,-18
9.571605699980864,-59
9.571791800000938,30
9.571970399993006,-24
9.572196299995994,-15
9.572441500000423,-77
9.572649799985811,-38
9.572992499975953,-104
9.573238399985712,41
9.573469099996146,-40
9.57371699999203,43
9.573939699999755,37
9.574144999991404,16
9.574310299998615,44
9.574519299989333,44
9.57468499999959,-35
9.574895099998685,-91
9.575210299983155,-8
9.575367399986135,10
9.575525799999014,-15
9.57568499998888,37
9.57589549999102,23
9.576189899991732,-13
9.576414499984821,-19
9.57674119999865,35
9.577123199997004,46
9.577389199985191,-26
9.577639199997066,-53
9.577886699989904,18
9.578086800000165,59
9.578313699981663,1
9.578500099974917,-88
9.578687399975024,79
9.578875799983507,35
9.57906349998666,-21
9.579233500000555,86
9.579440100002103,28
9.579605099977925,-14
9.579791099997237,104
9.57995889999438,-16
9.58013619997655,-10
9.580315999977756,43
9.580480599979637,-13
9.580668699985836,87
9.580884900002275,62
9.581064099998912,8
9.581229599978542,36
9.581395599991083,0
9.581570299982559,-29
9.581823899992742,26
9.582062999979826,26
9.582250699982978,7
9.58243829998537,-77
9.582637799991062,35
9.58283499997924,-4
9.583013099996606,-11
9.58319350000238,87
9.583441499999026,45
9.58368739997968,-14
9.583854999975301,-104
9.584019699977944,13
9.584185799991246,-51
9.584395299985772,31
9.5845677999896,5
9.58481239998946,13
9.584980499988887,-16
9.585144399985438,28
9.585312299983343,-81
9.585483499977272,79
9.585710199986352,42
9.585867699992377,-37
9.5860458999814,49
9.586341399990488,10
9.586565299978247,45
9.58673879998969,-37
9.58697529998608,-25
9.587181099981535,48
9.587375999981305,8
9.58757809997769,-67
9.58777579999878,-4
9.588006799982395,-9
9.588277999981074,63
9.588473699986935,-42
9.588655599975027,0
9.588939799985383,-48
9.589150999992853,-15
9.589347899978748,33
9.589529599994421,-59
9.589807899988955,-2
9.5899963999982,-51
9.590180999977747,45
9.590368499979377,-23
9.590555999981007,13
9.590744099987205,-1
9.590956399973948,-37
9.591129499982344,-94
9.591330099996412,76
9.591525099996943,-7
9.591706899984274,-78
9.591918999998597,11
9.592205799999647,24
9.592379799985792,-3
9.5925789999892,-29
9.59276069997577,42
9.59300529997563,-8
9.593285799986916,-3
9.593496199988294,-19
9.593832799990196,-2
9.594072899984894,18
9.594332999986364,14
9.59458919998724,43
9.594833399984054,-1
9.595009299984667,-49
9.595206300000427,57
9.595379099977436,-16
9.59558319998905,-49
9.59576249998645,82
9.59595749998698,-24
9.596176999999443,-20
9.596452999976464,9
9.596633999986807,18
9.596830199996475,54
9.597023999987869,-2
9.597222399985185,1
9.59744209999917,1
9.597769299987704,39
9.598001499980455,56
9.598228199989535,44
9.598432999977376,-8
9.598618099989835,-83
9.59880529998918,50
9.598993999999948,-37
9.599179999990156,-57
9.599368299997877,48
9.599561499984702,-91
9.599742899998091,9
9.599929799995152,0
9.600117399997544,-62
9.600304599996889,64
9.600493399979314,34
9.600680499977898,-37
9.600867000001017,13
9.601054799975827,86
9.601245899975765,17
9.60145509999711,52
9.601630199991632,2
9.601827799982857,-23
9.6020056999987,46
9.602224299975205,102
9.602428999991389,35
9.602616899996065,-1
9.602803799993126,73
9.602994999993825,0
9.60318579999148,-72
9.603367699979572,42
9.6035533999966,-46
9.603741699975217,-24
9.603928999975324,26
9.604118899995228,-48
9.604311399976723,9
9.604471699974965,8
9.60467879998032,-30
9.604866699984996,-70
9.605053999985103,34
9.605245299986564,-34
9.605430899973726,-13
9.605679899977986,24
9.605876299989177,47
9.606064299994614,-77
9.606271099997684,-25
9.606584699999075,-73
9.606742599979043,22
9.606898699974408,-57
9.607060199981788,27
9.60727009997936,2
9.607435199985048,-12
9.607653699989896,45
9.607980799977668,-16
9.608166699996218,-27
9.608342199993785,-3
9.608563199988566,-17
9.608750399987912,-10
9.608938899997156,25
9.609104199975263,-22
9.609269799984759,7
9.60944189998554,-2
9.60970199998701,-47
9.61001919998671,-48
9.610311600001296,-84
9.610654199990677,0
9.610932599985972,-2
9.611218999983976,-77
9.611461399996188,-56
9.611695400002645,89
9.61193899999489,64
9.612105899985181,-16
9.612270499987062,60
9.61243719997583,-33
9.612652399984654,-90
9.61298049998004,-2
9.613145799987251,29
9.613356299989391,54
9.613527899986366,-72
9.613855699979467,-13
9.614020799985155,6
9.614199999981793,83
9.614420300000347,50
9.614623399975244,0
9.614852500002598,-34
9.615061399992555,54
9.615251399984118,-13
9.615429899975425,-54
9.61562050000066,107
9.61580800000229,23
9.615993399987929,-6
9.616179699980421,20
9.616368199989665,-35
9.616554899985204,-15
9.616749699984211,35
9.616974799981108,17
9.61718010000186,-37
9.617368199978955,17
9.617554500000551,15
9.617742799979169,21
9.61793109998689,58
9.618119099992327,61
9.618307299999287,-26
9.618504899990512,-7
9.618705000000773,-5
9.618901899986668,41
9.619104699988384,-59
9.619311599992216,-34
9.619494199985638,25
9.619680899981176,-6
9.619868799985852,40
9.620055899984436,14
9.620248199993512,-112
9.620439899998019,76
9.62062979998882,3
9.620830499974545,-35
9.621026699984213,25
9.621208999975352,60
9.621412899985444,-72
9.621714399982011,-20
9.621940799988806,-5
9.622147499991115,31
9.622461899998598,-19
9.622691299999133,13
9.622944000002462,-10
9.62319209999987,95
9.623397699993802,68
9.62371109999367,38
9.623948599997675,0
9.624191299983067,-22
9.624418399995193,-90
9.624617399997078,-77
9.624836899980437,-19
9.625020699982997,-52
9.62533819998498,4
9.625564599991776,-78
9.625731999985874,-17
9.625918399979128,2
9.62609049997991,-17
9.626370899990434,-87
9.626614899985725,-68
9.626955799991265,-72
9.627250799996546,-38
9.627549799974076,-65
9.627818499982823,-6
9.62806729998556,12
9.62831569998525,-15
9.628522699989844,-36
9.62888559998828,11
9.629087799985427,-28
9.629293899983168,21
9.629536899999948,66
9.629860199987888,-13
9.630107399978442,-28
9.630315699992934,8
9.630522299994482,29
9.630818899982842,86
9.631064599991078,52
9.631236299988814,-31
9.631460599979619,-5
9.63169559999369,33
9.631939099985175,-9
9.63214559998596,20
9.632480999978725,4
9.632647599995835,-23
9.632940699986648,47
9.633179299999028,0
9.633396699995501,18
9.633563199982746,45
9.63379999998142,65
9.634021899983054,7
9.634335699985968,42
9.63451519998489,-37
9.6346729999932,62
9.634835699980613,-70
9.635020799993072,-2
9.635253099986585,77
9.635443199978909,-23
9.63564199997927,-37
9.635868599987589,59
9.636092000000644,83
9.636304299987387,-18
9.636497300001793,-29
9.636693299980834,-46
9.63686779999989,47
9.63705759998993,-13
9.637258499977179,23
9.637475899973651,63
9.63765799999237,-25
9.637934099999256,2
9.638119199982611,-33
9.638305699976627,101
9.638494499988155,-70
9.63868909998564,34
9.638902999984566,33
9.639078399981372,-3
9.639261499978602,-89
9.639457999990555,66
9.639649899996584,-7
9.639831599983154,-26
9.640063999977428,32
9.640372199995909,40
9.640610999980709,-15
9.640875399985816,20
9.641082599991933,26
9.64133309997851,20
9.641583999997238,-32
9.641820099990582,-76
9.642084299994167,-58
9.642305999994278,-44
9.642496599990409,17
9.642681999976048,-46
9.642919099977007,-111
9.643110299977707,-11
9.643360099988058,21
9.643631399987498,58
9.643866999977035,15
9.644070499984082,-46
9.644336500001373,-22
9.64463959998102,-62
9.644859499996528,-73
9.645058499998413,-82
9.645224299980327,52
9.64543049997883,-11
9.645618999988073,3
9.645806399988942,15
9.645997099985834,-58
9.646199299982982,40
9.646379199984949,39
9.646666599990567,-24
9.64686709997477,4
9.647050799976569,-7
9.647239399986574,6
9.647424700000556,37
9.647613199980697,21
9.647799799975473,46
9.647968399978708,-3
9.648148499982199,17
9.648332299984759,3
9.648495000001276,-101
9.648675299977185,37
9.64886319998186,34
9.64904999997816,-103
9.649220599996625,69
9.649395199987339,-10
9.649571499990998,41
9.649746099981712,16
9.64992539997911,-78
9.650112399976933,76
9.65029969997704,2
9.6504759999807,-49
9.650675999990199,69
9.650863199989544,28
9.651049199979752,14
9.651239699975122,22
9.65143050000188,15
9.65166189998854,-50
9.65185080000083,9
9.652055399987148,27
9.652243299991824,-39
9.652434099989478,29
9.65261879999889,35
9.652807799982838,-11
9.652993899973808,-59
9.65317989999312,42
9.653367999999318,-23
9.653554699994856,-3
9.653746600000886,30
9.653931099979673,-96
9.654118499980541,-10
9.654329499986488,16
9.65452459998778,9
9.654722399980528,-10
9.654914099985035,26
9.6552049999882,-5
9.655399699986447,37
9.65568239998538,-32
9.655879300000379,-15
9.656055699975695,-49
9.656243399978848,-9
9.656429900001967,7
9.65661849998287,27
9.656805199978407,28
9.657039899990195,-86
9.657271299976856,12
9.65750709999702,-39
9.657688799983589,64
9.657856099976925,-44
9.658048399986,79
9.65835949999746,-8
9.65856419998454,49
9.658752199989976,-27
9.65894069999922,-31
9.659105699975044,83
9.659270999982255,-44
9.659443799988367,33
9.659750599996187,-29
9.66003329999512,10
9.660305699973833,7
9.660696499980986,-75
9.661031399999047,33
9.66142749998835,3
9.661710099986522,-29
9.661938099976396,-28
9.662105999974301,39
9.662269399996148,32
9.6624363999872,18
9.662644399999408,50
9.662812299997313,-39
9.663043799984735,-14
9.66324209998129,30
9.66341779998038,-6
9.66360469997744,-4
9.663769099977799,17
9.66395599997486,-84
9.664144999987911,26
9.664310199994361,62
9.66451789997518,-18
9.664684799994575,81
9.664893299981486,7
9.665060300001642,-47
9.66526999999769,23
9.665455199981807,22
9.66569090000121,-36
9.665854899998521,-76
9.66601929999888,6
9.666184899979271,-64
9.666398899978958,87
9.666712099977303,31
9.666937499976484,54
9.667105000000447,-26
9.667291599995224,-69
9.667459299991606,103
9.667641499981983,13
9.667875799990725,11
9.668081299983896,44
9.668295499985106,76
9.668500799976755,15
9.668687199999113,21
9.668875899980776,23
9.669070599979023,-1
9.66931339999428,-43
9.669501099997433,0
9.669687199988402,19
9.669854699983262,-94
9.670022499980405,14
9.670336199982557,19
9.67056309999316,-6
9.67075059999479,-36
9.670938900002511,-21
9.671104699984426,-32
9.671290999976918,-48
9.67146959999809,5
9.67166819999693,51
9.671833899978083,-70
9.672010999987833,27
9.67218850000063,12
9.672354599984828,5
9.672551899973769,25
9.672770099976333,-54
9.672935499984305,-63
9.673145199980354,8
9.673312699975213,2
9.67350069998065,-67
9.673678699997254,13
9.67392469997867,5
9.674191699974472,2
9.674399599985918,-22
9.674592900002608,-34
9.67478449997725,6
9.67498319997685,-2
9.675183799990918,-50
9.675383099995088,-72
9.675600699993083,-26
9.67580420000013,-30
9.675992999982554,-108
9.676179399975808,76
9.676375499984715,-26
9.677213999995729,-120
9.677572699991288,47
9.677927599987015,-30
9.678184899996268,-25
9.678362199978437,-6
9.6785697999876,54
9.67876709997654,42
9.6789729000011,-21
9.679175500001293,-19
9.679370899975765,21
9.679580899974098,28
9.679755399993155,-35
9.67995369998971,-25
9.68012799997814,-21
9.680306900001597,-41
9.68049489997793,43
9.680683899990981,-17
9.680869499978144,16
9.681055599998217,36
9.681243400002131,20
9.681430600001477,35
9.681628999998793,71
9.68182979998528,25
9.682124299986754,3
9.682351899973582,-27
9.68255619998672,-26
9.682745799975237,2
9.682932999974582,-11
9.683119099994656,-15
9.683332399989013,58
9.683504099986749,13
9.683704700000817,-58
9.68388219998451,54
9.684079999977257,-5
9.684274300001562,-2
9.684558199980529,-25
9.684743099991465,36
9.684930699993856,6
9.685126399999717,-58
9.685332299995935,-70
9.685555799980648,49
9.68574339998304,40
9.685932899999898,-79
9.686121199978516,75
9.68630669999402,-9
9.68649349999032,-50
9.686650799994823,48
9.68681069999002,-87
9.687039999989793,-57
9.687321399978828,-40
9.687564399995608,-7
9.687731099984376,-4
9.687916700000642,-57
9.688085299974773,55
9.688268400001107,31
9.688503799989121,-3
9.68869289997383,2
9.688855699991109,69
9.689021799975308,-34
9.689198899985058,56
9.689440099988133,-2
9.689606899977662,-104
9.689791799988598,41
9.689959399984218,11
9.690138299978571,-5
9.690317499975208,33
9.690488199994434,-71
9.690711499977624,-36
9.690891399979591,111
9.691063599981135,-24
9.69125289999647,-50
9.691449999983888,88
9.691664599988144,-1
9.691912499984028,-111
9.692128700000467,-34
9.69232789997477,-21
9.692503699974623,-35
9.69272279998404,-70
9.692946299997857,43
9.693252099998062,27
9.693514299986418,34
9.693820699991193,42
9.694062299997313,-65
9.694351699989056,-13
9.694582299998729,6
9.69481239997549,26
9.695024099986767,65
9.695308700000169,67
9.695492699975148,2
9.695679999975255,-8
9.695866800000658,71
9.696054899977753,-35
9.696245300001465,1
9.696476899989648,63
9.696679899992887,47
9.696868099999847,-58
9.697054899996147,31
9.697243899980094,21
9.697438999981387,-62
9.697628399997484,-5
9.697829399985494,69
9.698022899974603,-37
9.698199899983592,-23
9.698398699983954,28
9.698605299985502,-17
9.698810499976389,-39
9.698992599995108,-19
9.699179599992931,-44
9.699367199995322,26
9.699561199988239,42
9.699731799977599,-22
9.699947299988708,-62
9.700188799994066,18
9.700354899978265,73
9.70054039999377,-23
9.700834499992197,-11
9.700991499994416,33
9.70115059998352,-1
9.701362899999367,-1
9.701604399975622,-28
9.701770099985879,70
9.70193539999309,-26
9.702144299983047,-5
9.702326400001766,89
9.702553399984026,-23
9.702812699979404,-34
9.702979800000321,22
9.70314430000144,58
9.703311699995538,10
9.703479199990397,61
9.703642899985425,-58
9.703814999986207,79
9.704022099991562,40
9.704312899993965,0
9.70450069999788,-92
9.704693399980897,39
9.704901999997674,38
9.705211699998472,2
9.705393099982757,30
9.705583899980411,-34
9.705764299986186,-3
9.70598109997809,-7
9.706145399977686,-11
9.706325999984983,41
9.706572199997026,7
9.706818099977681,42
9.707044899987523,-6
9.707273299980443,-11
9.70759539998835,-44
9.707818599999882,-35
9.708065999991959,-21
9.70827289999579,-8
9.70856709999498,-22
9.708870999980718,53
9.70909550000215,-26
9.709285499993712,18
9.70946919999551,-47
9.709681199979968,30
9.709963299974333,-103
9.710319399979198,-27
9.710579199978383,-73
9.710920199984685,-35
9.711143699998502,-16
9.711391499993624,-12
9.711575299996184,-99
9.711754699994344,48
9.711958499974571,-1
9.712151399988215,-32
9.712381199991796,20
9.712580899999011,50
9.712776200001827,18
9.71297369999229,-4
9.713272199995117,45
9.713485799991759,32
9.713684799993644,7
9.713870399980806,-46
9.714062299986836,28
9.714276999991853,77
9.714452899992466,5
9.714664099999936,-69
9.715029799990589,-41
9.715208099980373,-33
9.715399499982595,84
9.715574899979401,14
9.715746999980183,2
9.715925399999833,75
9.716125799983274,-2
9.716321399988374,16
9.71651309999288,51
9.716696299990872,3
9.716918199992506,-61
9.71707119999337,87
9.717263999977149,-4
9.717445599992061,11
9.717643099982524,58
9.717888399987714,-70
9.718109199980972,-16
9.71830909998971,-61
9.718493899999885,90
9.718681599973934,-10
9.71886959997937,-51
9.719059299997753,81
9.719224100001156,-59
9.719432399986545,18
9.719628699996974,-10
9.719830599991838,-51
9.7200249999878,-132
9.720206300000427,64
9.72037840000121,-17
9.720578499982366,0
9.720751299988478,66
9.720953399984865,-50
9.721151299978374,11
9.721349999977974,53
9.721531499992125,-42
9.721831299975747,14
9.722056500002509,-55
9.722243999975035,50
9.722429799992824,-1
9.722619999985909,-13
9.722807399986777,-84
9.722998199984431,61
9.723184099973878,-6
9.723404799995478,7
9.723689999984344,-57
9.723900699988008,-72
9.724186599982204,4
9.72437689997605,44
9.724566699995194,-54
9.724759599979734,30
9.724991600000067,38
9.725233399978606,20
9.72543880000012,-15
9.725628199987113,-17
9.725823899992974,-12
9.726066199975321,22
9.726317799999379,46
9.726722399995197,42
9.726984499982791,-117
9.727229199983412,-33
9.727487199997995,59
9.727786799980095,-36
9.72800139998435,-67
9.728211999987252,13
9.728419499995653,34
9.728649600001518,4
9.728997799975332,-6
9.729234200000064,17
9.729439199989429,-20
9.729629599984037,52
9.729868599999463,6
9.73010719998274,31
9.730314399988856,11
9.730509799992433,-1
9.730731799994828,-28
9.730894899985287,40
9.73106189997634,-46
9.731249199976446,86
9.731438499991782,-40
9.731613799987826,-55
9.731835599988699,26
9.732063599978574,16
9.732230900001014,-27
9.732417299994268,74
9.732584799989127,11
9.73276579999947,-63
9.732938499975717,45
9.733108899992658,9
9.733340099977795,7
9.733564299996942,76
9.733747099991888,46
9.733921699982602,-22
9.734189899987541,73
9.73447299998952,-83
9.734689699980663,3
9.734896799986018,38
9.73518979997607,86
9.735377499979222,24
9.735568999982206,-16
9.735792599996785,30
9.736022799974307,85
9.736253799987026,52
9.736420899978839,-105
9.736639999988256,-96
9.736880799988285,3
9.737046900001587,8
9.737275199993746,-64
9.737506699981168,-13
9.737670799979242,18
9.737855999992462,-59
9.738021299999673,29
9.738362599979155,51
9.738587899977574,25
9.738814099982847,70
9.73898189997999,-12
9.739167599997018,-30
9.739335499994922,-34
9.739517199981492,-25
9.739704999985406,-20
9.73988979999558,34
9.740123999974458,-106
9.74049239998567,38
9.74072829997749,-29
9.740932299988344,-27
9.74111879998236,-59
9.74130999998306,37
9.74149519999628,1
9.741687599977013,-14
9.741901299974415,47
9.742213799996534,35
9.742401299998164,22
9.742688199999975,44
9.743059300002642,-38
9.74341219998314,-96
9.743659399973694,-21
9.743895399995381,-17
9.744122499978403,-6
9.744337699987227,-7
9.744512399978703,-4
9.744705999997677,-12
9.74490859999787,21
9.745226200000616,-94
9.74539639998693,54
9.745578100002604,-16
9.745756799995434,-64
9.745955699996557,53
9.746155699976953,-37
9.746454599982826,22
9.746680799988098,-20
9.746871199982706,24
9.747064499999397,23
9.747255800000858,-26
9.747455199976685,-69
9.747629799996503,85
9.747829999978421,0
9.748025099979714,-9
9.748236099985661,-3
9.748436399997445,15
9.748639400000684,-8
9.74882660000003,-15
9.749024699995061,17
9.749206699983915,-99
9.749399799999082,24
9.749581199983368,17
9.749759999976959,25
9.749953499995172,63
9.750131499982672,-7
9.75033139999141,-33
9.75052499998128,-20
9.750809199991636,20
9.751002899982268,59
9.751205999986269,34
9.751400599983754,-84
9.7515833999787,93
9.751783699990483,-64
9.752080999984173,23
9.752254399994854,5
9.752454100002069,22
9.752628799993545,19
9.752839499997208,-50
9.753056699992158,17
9.753243799990742,27
9.753431499993894,-120
9.75362779997522,41
9.753867099992931,70
9.754110599984415,29
9.754357999976492,10
9.754565199982608,-20
9.754793300002348,-9
9.754993399983505,16
9.755219399987254,66
9.755440299981274,14
9.755668799974956,-11
9.755887399980566,-9
9.75606849999167,8
9.756256099994062,-12
9.756489199993666,-37
9.756711599999107,-120
9.756939999992028,-10
9.757147299998906,58
9.757382999989204,-9
9.757547099987278,-44
9.757740100001683,-11
9.75790369999595,-10
9.758214299974497,-28
9.758461699995678,-52
9.758698699995875,-72
9.75897329999134,-19
9.759263499989174,-85
9.75957539997762,-37
9.759828499983996,-54
9.760102300002472,-37
9.760362100001657,-6
9.760630599979777,-70
9.761002299987013,-73
9.761330899986206,-5
9.761666199978208,53
9.761982099997113,-27
9.762276099994779,-77
9.762549299979582,-26
9.762901799986139,29
9.763246399990749,33
9.763570399984019,13
9.763879499980249,-31
9.764133099990431,9
9.764383299974725,12
9.764594599982956,-25
9.76481419999618,5
9.765020299993921,21
9.765334600000642,-1
9.76551319999271,-25
9.765669799991883,-43
9.765840599982766,37
9.766063299990492,53
9.76625200000126,52
9.766458699974464,73
9.766636499989545,25
9.76680139999371,-62
9.76702839997597,74
9.767232299986063,38
9.767503499984741,-3
9.767723299999489,-17
9.767930199974217,-23
9.768114999984391,-7
9.768308599974262,22
9.768501899990952,2
9.76870549999876,56
9.768899899994722,6
9.769182399992133,40
9.769368899986148,-24
9.769563499983633,51
9.76977579999948,18
9.769956799980719,-24
9.770149399992079,-22
9.770432699995581,-6
9.770618399983505,41
9.770804699975997,-63
9.770997999992687,37
9.771193900000071,63
9.771370799979195,2
9.7715562999947,36
9.771744300000137,36
9.77193059999263,24
9.772119100001873,15
9.77231479997863,29
9.772525799984578,-26
9.772728799987817,-99
9.772930799983442,-14
9.773118999990402,-39
9.773305499984417,3
9.773495899979025,59
9.773680499987677,33
9.773850600002334,9
9.774085199984256,17
9.774313100002473,19
9.774509299983038,-2
9.774709899997106,-78
9.774881899997126,94
9.775086599984206,-69
9.775318200001493,-74
9.775531399995089,-78
9.77583549998235,-37
9.776066299993545,-114
9.776339699979872,-16
9.77661089997855,5
9.776946599973598,-35
9.77724299998954,-23
9.777570299978834,30
9.777832199994009,21
9.778140899987193,52
9.778398299997207,71
9.778651000000536,21
9.778889999986859,-9
9.779088999988744,-41
9.779319499997655,-30
9.779567099991255,-105
9.77980899999966,19
9.780076099996222,35
9.780311899987282,47
9.780526799993822,33
9.780726099997992,-21
9.78093139998964,-23
9.781123199994909,18
9.781306599994423,-28
9.781492899986915,34
9.78168009998626,39
9.781884299998637,10
9.782117700000526,-54
9.782308199995896,21
9.782493999984581,25
9.782681299984688,6
9.782868799986318,47
9.783060099987779,47
9.783245300001,4
9.783431199990446,-8
9.783618499990553,70
9.78380509998533,-59
9.784001899999566,7
9.784205299976747,58
9.784378599986667,-31
9.78457819999312,-15
9.784773999999743,88
9.784977399976924,-69
9.785181199986255,-40
9.785373999999138,-20
9.78555449997657,-5
9.78574339998886,30
9.785936799977208,-25
9.786165299999993,-32
9.786432299995795,-50
9.786618699989049,-4
9.786844499991275,31
9.787058799993247,41
9.787245299987262,-8
9.787439299980178,-37
9.787605399993481,-12
9.787798999983352,-39
9.788021799991839,-28
9.788186999998288,0
9.788395199982915,-14
9.78856139999698,64
9.788770899991505,-18
9.78893579999567,-29
9.789154899975983,7
9.789399799978128,45
9.789632100000745,43
9.78986530000111,8
9.790114899980836,-20
9.790347799978917,-26
9.790556899999501,-47
9.790744400001131,59
9.790930899995146,-16
9.791119299974525,-70
9.791311399982078,-18
9.791525299981004,29
9.791722499998286,-30
9.791905499994755,-73
9.79218530000071,-69
9.792368299997179,33
9.792555799998809,-40
9.792743199999677,-83
9.793066799989901,45
9.793305999977747,19
9.793662899988703,-15
9.793915499991272,-53
9.794127799978014,-25
9.79441129998304,-93
9.794659299979685,-17
9.794905899994774,-10
9.79517109997687,0
9.795373599976301,62
9.795580499980133,-6
9.79577589998371,-42
9.796061000000918,-60
9.796244600001955,-13
9.79643109999597,-14
9.7966185999976,-78
9.796805799996946,13
9.796982399973786,6
9.797185399977025,-29
9.797376399976201,-28
9.797563899977831,62
9.797755299980054,-1
9.797953899978893,33
9.798128499998711,42
9.798330899997381,-4
9.798525199992582,-54
9.79881189999287,-26
9.7989949999901,63
9.799191400001291,-14
9.799401399999624,-65
9.799712299980456,-47
9.79993119998835,-11
9.80011869998998,54
9.800306099990848,16
9.800494700000854,-75
9.8006849999947,85
9.80086940000183,-2
9.801055699994322,3
9.801243699999759,91
9.801430499996059,10
9.801624699990498,35
9.801806299976306,34
9.801993200002471,-18
9.802180099999532,48
9.802368599979673,32
9.802562099997886,-51
9.8027574000007,-7
9.802953599981265,-33
9.803150599997025,-4
9.803357299999334,-87
9.80355869999039,65
9.803743799973745,-32
9.803929699992295,-13
9.804098499997053,2
9.804363899980672,-8
9.80455429997528,-34
9.80476379999891,27
9.804975399980322,43
9.805183799995575,0
9.805368000001181,-28
9.805554499995196,0
9.805743099976098,12
9.805929699999979,-76
9.80611889998545,-9
9.806307999999262,65
9.806494099990232,-56
9.806679799978156,-36
9.806867999985116,12
9.807054199976847,-48
9.807243899995228,33
9.80746729997918,9
9.80768289999105,-35
9.807869599986589,14
9.808055599976797,-13
9.808243199979188,3
9.80844129997422,21
9.808628999977373,48
9.808831699978327,14
9.809025800001109,-61
9.809230299986666,13
9.80943219998153,8
9.809646699985024,-73
9.809976599994116,-133
9.810253699979512,-31
9.810475799982669,-44
9.810709799989127,-92
9.811016299994662,-12
9.811265600001207,-75
9.811527199984994,-26
9.811785300000338,-1
9.812028199987253,-25
9.812296899996,9
9.812537399993744,28
9.812716899992665,30
9.812937999988208,-38
9.813159399986034,-77
9.81335169999511,-51
9.81352899997728,49
9.813814299996011,35
9.814026099978946,-31
9.814206999988528,7
9.814378599985503,53
9.814579699974274,11
9.814754399994854,32
9.814956299989717,68
9.815151699993294,6
9.815347199997632,2
9.815530299994862,13
9.81580749998102,24
9.815993899974274,-1
9.816181999980472,11
9.816369099979056,44
9.8165544999938,0
9.81674369997927,-58
9.81693049997557,58
9.817125199973816,-16
9.817330799996853,-15
9.81750330000068,18
9.817704099987168,2
9.81789989999379,-39
9.818083499994827,61
9.81825499999104,1
9.818476499989629,-6
9.818679999996675,32
9.818870099988999,28
9.819061899994267,-76
9.819276399997761,-34
9.819561499985866,20
9.819750900001964,44
9.819955199985998,7
9.8201525999757,-92
9.820440499985125,-22
9.820656999974744,-1
9.820869099989068,46
9.821062299975893,-2
9.821249999979045,-28
9.821431399992434,50
9.82162019997486,-19
9.821805599989602,24
9.821995099977357,23
9.82218789999024,-56
9.822401699988404,-91
9.822576999984449,79
9.822754599998007,-53
9.822969599976204,-11
9.823178599996027,25
9.823367899982259,29
9.82358079997357,-18
9.823765499982983,-9
9.823955100000603,15
9.824150000000373,-91
9.824331999989226,31
9.824534899991704,0
9.824830099998508,91
9.825003799982369,-61
9.82520459999796,6
9.825408199976664,22
9.82570429999032,12
9.825878399977228,-19
9.826080999977421,-49
9.826296999992337,-19
9.826626800000668,-26
9.82712079997873,-62
9.827345099998638,2
9.827801399980672,74
9.828069399984088,29
9.828313099977095,-6
9.828608099982375,54
9.82883139999467,15
9.829057599999942,-31
9.829244399996242,0
9.82943349998095,43
9.829598199983593,-63
9.829779199993936,26
9.83005679998314,4
9.830242199997883,30
9.83042879999266,-67
9.83061929998803,11
9.83081189999939,62
9.831003799976315,4
9.831202399975155,10
9.831429099984234,27
9.831632699992042,-5
9.831817599973874,-7
9.832023700000718,0
9.832226899976376,10
9.832428800000343,-7
9.832617799984291,-66
9.832804799982114,76
9.832991799979936,-41
9.83317889997852,-17
9.833373000001302,36
9.833554299984826,-56
9.833742299990263,39
9.833930499997223,41
9.834136599994963,7
9.834326599986525,27
9.834502499987138,36
9.834702799998922,-51
9.834899399982532,43
9.83509629999753,11
9.835280499974033,-43
9.83556409997982,-5
9.835775899991859,8
9.836018000001786,33
9.8362978999794,-22
9.836540499993134,4
9.836748699977761,51
9.836963799985824,9
9.83718209998915,-34
9.837370099994587,-58
9.837559799983865,-4
9.837744899996324,-12
9.837930999987293,0
9.838118599989684,38
9.83830649999436,-91
9.83850009998423,40
9.838724000001093,90
9.838904999982333,-5
9.839192599989474,-28
9.839401099976385,-94
9.839582399989013,28
9.839778099994874,-21
9.839957599993795,-30
9.840149499999825,80
9.840432400000282,14
9.840624699980253,-17
9.84082959999796,-90
9.841024699999252,31
9.841206399985822,41
9.841401799989399,-6
9.841685799998231,-55
9.84187049997854,-45
9.842055199987954,84
9.842243299994152,-45
9.842430299991975,-14
9.842625299992505,-24
9.842831399990246,-21
9.843098199984524,-66
9.843333299999358,-53
9.843768199993065,-31
9.844020699994871,-20
9.844252199982293,40
9.844471399992472,35
9.844656499975827,-72
9.844954799977131,-48
9.84518079998088,-8
9.845370499999262,0
9.845561699999962,0
9.84574329998577,-65
9.845929599978263,69
9.846117099979892,11
9.8463250999921,-18
9.846525200002361,-18
9.846730199991725,28
9.84693800000241,0
9.847122999985004,-34
9.847333099984098,33
9.847505299985642,46
9.847715399984736,-63
9.847931899974355,-43
9.848119299975224,78
9.848315699986415,-43
9.848516400001245,14
9.848773299978347,70
9.848983199975919,43
9.849188199994387,-30
9.84938129998045,-11
9.849579299974721,34
9.849757499992847,49
9.849956499994732,-77
9.850156200001948,74
9.850433599989628,-73
9.850618399999803,60
9.850805199996103,17
9.850994499982335,-30
9.851189199980581,86
9.851402699976461,27
9.851597899978515,-63
9.851780999975745,71
9.852066899999045,69
9.852277199999662,30
9.852498599997489,11
9.852683699980844,-84
9.852869499998633,65
9.853092399978777,-13
9.853326499985997,-35
9.85351859999355,-24
9.853697099984856,68
9.853899899986573,-49
9.854072899994208,-4
9.854262999986531,-2
9.854470099991886,11
9.854650799999945,-63
9.854941799974767,-59
9.855150899995351,16
9.855331099999603,35
9.855504999984987,-44
9.855824099999154,10
9.856060499994783,-49
9.856275599973742,7
9.856477399996947,9
9.856680799974129,-23
9.856868199974997,36
9.85705589997815,40
9.857244199985871,-28
9.857429800002137,25
9.857618899986846,53
9.857804899977054,-16
9.85800019997987,-44
9.858188799989875,49
9.858388299995568,-74
9.858578599989414,8
9.858788399986224,71
9.859005799982697,-12
9.859206199995242,-90
9.859430899989093,-95
9.859650799975498,17
9.859876699978486,34
9.860098799981643,0
9.860321299987845,-100
9.860566099989228,-69
9.860865199996624,-76
9.86115620000055,-53
9.861373199993977,-11
9.861643699987326,-47
9.861852699978044,46
9.862029899988556,0
9.862308799987659,35
9.862494399974821,-24
9.862707899999805,31
9.862933299998986,46
9.863119999994524,-30
9.863330799998948,-37
9.863503599975957,2
9.86370449999231,32
9.863878699979978,-11
9.864077999984147,45
9.864275899977656,42
9.86463769999682,84
9.864839999994729,58
9.865057199989678,-8
9.865244999993593,14
9.865437100001145,16
9.865630499989493,-4
9.86583129997598,-56
9.866003699979046,87
9.866203399986262,-1
9.866378499980783,-26
9.866584399977,40
9.866805799974827,21
9.866993399977218,-14
9.86718239999027,-14
9.867378299997654,80
9.867581699974835,28
9.867792099976214,55
9.868012599996291,99
9.868204999977024,44
9.868426599976374,-59
9.868622399982996,-32
9.868830199993681,11
9.869004599982873,42
9.869204599992372,-90
9.869386999984272,56
9.869582999992417,26
9.86977509999997,-38
9.870033999992302,-52
9.870222600002307,34
9.870446899993112,6
9.870649499993306,-23
9.870952400000533,4
9.871148599981098,-34
9.871325699990848,-14
9.871503599977586,-3
9.871705799974734,-38
9.871898399986094,-16
9.87208999998984,28
9.872274099994684,-61
9.872470899979817,41
9.87265259999549,-12
9.872934699989855,25
9.873118499992415,-30
9.873348199995235,-27
9.873577999998815,-44
9.873755799984792,12
9.873932099988451,-61
9.874117899977136,-10
9.874303899996448,-26
9.874492599978112,-26
9.874690799973905,18
9.874869099992793,15
9.875054599979194,-101
9.875245399976848,44
9.87542939998093,-7
9.875616999983322,-88
9.875805399991805,58
9.875992699991912,-26
9.876178599981358,-33
9.876379599998472,-27
9.876657799992245,-13
9.876893199980259,-35
9.877348099980736,9
9.87766030000057,-26
9.877905899978941,-7
9.878099499997916,-12
9.878319899988128,-4
9.87850520000211,69
9.87870319999638,-17
9.878926799981855,-6
9.879119499993976,17
9.879340099985711,30
9.879559499997413,-56
9.879744499980006,14
9.879953800002113,54
9.880128799995873,-13
9.880337199982023,-30
9.880556399992201,8
9.880756699974881,63
9.880953499989118,2
9.881151899986435,19
9.881354399985867,13
9.881556599983014,-11
9.881743599980837,-81
9.881930099974852,86
9.88211959999171,9
9.882311599998502,-2
9.882532899995567,37
9.882829499983927,-71
9.883024499984458,86
9.88331720000133,41
9.88352699999814,15
9.883701899991138,-101
9.883886899973731,43
9.884104899974773,64
9.884305699990364,-29
9.884493999998085,15
9.88467979998677,30
9.884868799999822,-2
9.885056400002213,39
9.88524899998447,15
9.885473399976036,-12
9.885686800000258,-48
9.885863199975574,46
9.886077499977546,47
9.886277099984,-13
9.886476999992738,43
9.886682299984386,21
9.886871599999722,-11
9.887056699983077,-36
9.887244699988514,58
9.887431099981768,-24
9.88759779999964,-12
9.887804999976652,38
9.887975299992831,-19
9.88818129998981,0
9.888368299987633,58
9.88855489998241,0
9.888744399999268,-108
9.88893299998017,80
9.889119400002528,-20
9.88930569999502,-51
9.889495599985821,-5
9.88968069999828,-37
9.889868300000671,34
9.89007799999672,72
9.890254999976605,8
9.890457399975276,-43
9.890630899986718,75
9.890830899996217,-10
9.89102459998685,-22
9.891316699999152,-43
9.89152569998987,-47
9.891707199974917,17
9.8919726999884,-45
9.892182799987495,-35
9.892361299978802,1
9.892555999977048,-1
9.89274359997944,-111
9.893016599991824,26
9.893233999988297,-74
9.893453199998476,13
9.893662799993763,30
9.89389769997797,-34
9.894124099984765,-87
9.894352699979208,-27
9.894562799978303,35
9.894775099994149,25
9.895064499985892,65
9.895276399998693,4
9.895471899973927,-52
9.895680399989942,72
9.89587519998895,-15
9.89607819999219,-41
9.896268299984513,36
9.896451499982504,11
9.896647599991411,-8
9.89683129999321,-37
9.897003399993991,38
9.897207699978026,-8
9.897377699991921,-18
9.897577800002182,53
9.89777419998427,-50
9.897978799999692,-2
9.89815529997577,14
9.898479800001951,28
9.898685299995122,8
9.898882599984063,-62
9.89908549998654,-65
9.899276099982671,99
9.899558199977037,4
9.89974359999178,25
9.89993039998808,0
9.900118499994278,45
9.900304699986009,72
9.90051389997825,-78
9.900722299993504,-20
9.900929600000381,49
9.901117899978999,-27
9.901313099981053,42
9.901526599976933,98
9.901722999988124,-3
9.901906399987638,-15
9.90218589999131,6
9.902369599993108,47
9.902555699984077,38
9.902743299986469,-64
9.902930399985053,29
9.903121699986514,3
9.903305999992881,-28
9.903494999976829,74
9.903686699981336,14
9.903900599980261,-66
9.904220600001281,-6
9.904434500000207,-71
9.904619399982039,4
9.904808799998136,22
9.90500119997887,-73
9.905205299990484,-84
9.905380399985006,60
9.90555569998105,-26
9.905746099975659,22
9.905930599983549,-15
9.906118299986701,-19
9.906305499986047,-45
9.906493099988438,35
9.906686499976786,-65
9.906880399998045,43
9.907079500000691,28
9.907293299998855,-18
9.907475499989232,24
9.907646399980877,30
9.907860599982087,-46
9.908060499990825,-112
9.908244999998715,82
9.908437799982494,-29
9.908649899996817,-36
9.908932299993467,-96
9.909118599985959,-3
9.909312099975068,7
9.909571800002595,-66
9.910442299995339,4
9.910772899980657,60
9.911009499977808,28
9.91120729999966,-41
9.911399599979632,4
9.911588999995729,-31
9.911807399999816,15
9.911994599999161,48
9.912271999986842,-33
9.912476799974684,-43
9.912658899993403,-22
9.91285429999698,14
9.913055599987274,43
9.913243799994234,-70
9.913431199995102,52
9.91361789999064,10
9.913805999996839,4
9.91397289998713,90
9.914162299974123,-2
9.91447259997949,20
9.914686199976131,-39
9.914874399983091,43
9.915080899983877,90
9.915282100002514,-3
9.915578799991636,8
9.91575269997702,-85
9.91595339999185,49
9.916147799987812,-9
9.91634559998056,-10
9.91655449999962,34
9.916745499998797,43
9.916943299991544,-29
9.91714839998167,-5
9.917325699992944,69
9.917523899988737,-23
9.9177138999803,43
9.917929599992931,113
9.918117299996084,28
9.918303999991622,0
9.91853229998378,63
9.918729999975767,70
9.918929199979175,-22
9.919150299974717,-3
9.91935489999014,32
9.919554699998116,17
9.919742099998984,-34
9.919934199977433,26
9.920138699992094,6
9.920325499988394,-12
9.920524899993325,-77
9.92072929997812,87
9.920930899999803,32
9.921121999999741,-66
9.921305600000778,42
9.92149249999784,-6
9.921685799985426,-48
9.921876999986125,58
9.922063099977095,13
9.922282899991842,2
9.922493599995505,-102
9.922678999981144,63
9.92286829999648,-17
9.923057199979667,-10
9.923243799974443,39
9.923429199989187,-59
9.923616799991578,21
9.923803499987116,-23
9.924014399992302,-23
9.924179599998752,-109
9.9243685999827,39
9.924562799977139,-70
9.924773799983086,30
9.924955099995714,-16
9.92514769997797,-20
9.925348999997368,-95
9.925561799987918,-7
9.925721299980069,-47
9.92590360000031,-16
9.926188699988415,-57
9.926417799986666,17
9.926714799978072,-49
9.926940999983344,-35
9.927183499996318,-6
9.92744099997799,-2
9.927744199987501,63
9.92809760000091,13
9.928325599990785,-26
9.928563499997836,93
9.928831999975955,-52
9.92902559999493,59
9.92922289998387,-69
9.929431600001408,60
9.929655499989167,76
9.929873199987924,21
9.930107499996666,-17
9.930371499998728,-64
9.930629399983445,-67
9.93085879998398,-49
9.931079000001773,-52
9.931276499992236,97
9.931465299974661,6
9.93168889998924,-97
9.931899899995187,-60
9.932083299994702,96
9.932254999992438,-9
9.932469799998216,-18
9.93268589998479,68
9.932871700002579,20
9.933073799998965,-30
9.93324329997995,-58
9.933423799986485,33
9.933618299983209,-23
9.93379779998213,-32
9.933970299985958,-5
9.934181199991144,22
9.934371599985752,52
9.934555499989074,40
9.934742199984612,-72
9.934928699978627,90
9.93511709998711,10
9.935316799994325,-37
9.93552389999968,23
9.935708199976943,15
9.935929999977816,-7
9.936118299985537,-29
9.936304299975745,52
9.936492599983467,-24
9.936684199987212,7
9.936878399981651,-17
9.937087699974654,-28
9.937310499983141,-20
9.937512199976481,26
9.93770539999241,21
9.937884899991332,2
9.938091499992879,-68
9.93831919998047,85
9.938507699989714,-3
9.93874529999448,-35
9.93895439998596,-37
9.939138499990804,-2
9.939351499982877,-4
9.93955849998747,-53
9.939746399992146,0
9.93994089998887,34
9.940151299990248,-17
9.940433999989182,-6
9.940619399974821,-54
9.940808699990157,7
9.940995099983411,6
9.941199099994265,-14
9.941402700002072,61
9.94159909998416,32
9.941806399991037,-48
9.941994900000282,10
9.942188199987868,-16
9.942418699996779,0
9.942604499985464,-53
9.942806899984134,5
9.943039499979932,-35
9.94323199999053,4
9.943470599973807,-122
9.943689099978656,-20
9.944033199979458,17
9.944252999994205,-27
9.944453499978408,23
9.94470029999502,35
9.944999799976358,20
9.945223399990937,62
9.945469699974637,26
9.945726099977037,-21
9.94593609997537,-17
9.946126999973785,-78
9.946330999984639,-5
9.946532199974172,42
9.946808999986388,0
9.946993299992755,-88
9.947181399998954,61
9.947369299974525,15
9.94755779998377,-32
9.947745899989968,92
9.9479320999817,-14
9.948118899977999,-14
9.94832850000239,-17
9.948558299976867,38
9.948786499997368,-48
9.948987699986901,-30
9.949184400000377,-55
9.949398899974767,51
9.949602399981814,24
9.949813499988522,-41
9.950043199991342,-9
9.950257699994836,34
9.95045659999596,38
9.95065019998583,0
9.95093259998248,-19
9.951117999997223,36
9.95130529999733,9
9.951492699998198,6
9.9517019999912,-69
9.95187829999486,89
9.952056099980837,6
9.952243599982467,-60
9.95242970000254,36
9.952617799979635,-49
9.95280429997365,31
9.95301009999821,15
9.953232799976831,3
9.953438600001391,-62
9.953619099978823,21
9.953805199998897,28
9.953993499977514,-90
9.954205299989553,-14
9.954387799982214,-16
9.954580599995097,16
9.954759599990211,24
9.954950399987865,-12
9.955116799974348,11
9.955306299991207,5
9.955493799992837,-2
9.95567949998076,-8
9.955867399985436,82
9.95605379997869,-38
9.956242299987935,-58
9.956428199977381,38
9.956616799987387,-25
9.956827199988766,16
9.957024299976183,31
9.957235799985938,1
9.957456099975388,-52
9.957653599994956,17
9.95783939998364,-15
9.958017799974186,-46
9.958201100002043,12
9.95838939998066,31
9.958590700000059,-44
9.958803199988324,14
9.958991999999853,28
9.959179899975425,-32
9.95936979999533,-111
9.959606199990958,54
9.960391599975992,10
9.960694699984742,-13
9.960964099998819,17
9.961240299977362,24
9.961492999980692,2
9.961684999987483,73
9.961869499995373,12
9.962056399992434,-22
9.962244399997871,-11
9.962429899984272,3
9.962618399993517,22
9.962804499984486,0
9.963055300002452,38
9.963302899996052,-3
9.963495199976023,-27
9.963717199978419,-29
9.96393050000188,72
9.964117600000463,32
9.96430349998991,10
9.96449169999687,-7
9.964678399992408,45
9.964866900001653,-11
9.96505790000083,14
9.965242199978093,5
9.965429399977438,-45
9.965656399988802,85
9.965849000000162,8
9.966053499985719,-14
9.966241699992679,-34
9.966472999978578,74
9.966683199978434,37
9.966885499976343,-12
9.967098799999803,-5
9.967320700001437,49
9.96749889999046,16
9.967712499987101,8
9.967951799975708,-7
9.968190699990373,-24
9.968399199977284,64
9.968596399994567,10
9.968803899973864,-29
9.968970799993258,-18
9.969153099984396,-14
9.96933949997765,-76
9.969527899986133,8
9.969828000001144,30
9.970001899986528,4
9.97020209999755,-29
9.970377599995118,52
9.970599099993706,36
9.970806299999822,-40
9.970999499986647,-13
9.971210499992594,49
9.97142979997443,-7
9.971619899995858,-72
9.97180479997769,30
9.971992399980081,-6
9.972181499993894,20
9.97236729998258,-68
9.972553699975833,59
9.972741999983555,-27
9.97302989999298,-16
9.973214099998586,4
9.973398799978895,40
9.973576099990169,-75
9.973753799975384,14
9.973952499974985,25
9.974145699990913,-44
9.974326999974437,64
9.97450129999197,6
9.974704799999017,-39
9.974898199987365,-33
9.975180799985537,-43
9.975366699974984,37
9.975553199998103,-46
9.97574139997596,-12
9.97592899997835,-26
9.976133499993011,-21
9.976515699992888,-61
9.977029299974674,40
9.97729859998799,21
9.977555699995719,56
9.977956599992467,-36
9.978255599999102,-30
9.978528999985429,9
9.978810100001283,-54
9.979049599991413,-7
9.979336099990178,-1
9.979557099984959,-38
9.979758699977538,-39
9.979958499985514,-9
9.98015079999459,4
9.980467199988198,27
9.980692599987378,-10
9.980842999997549,-16
9.981114800000796,30
9.98137619998306,-9
9.981578799983254,65
9.981797599990387,-34
9.982009599974845,-80
9.982206099986797,-14
9.982400199980475,61
9.982681399997091,30
9.982867199985776,-85
9.983053799980553,33
9.983243700000457,9
9.983428699983051,-15
9.983596099977149,67
9.983803899987834,30
9.984010799991665,4
9.984204099979252,45
9.984419899992645,59
9.984720899985405,93
9.984932899998967,-12
9.985132199974032,-23
9.985354999982519,4
9.985528799996246,30
9.985896899976069,-1
9.986097399989376,48
9.986302799981786,21
9.986464699992212,-122
9.986677399982,43
9.986866599996574,18
9.98705549997976,-1
9.98724509999738,0
9.987435999995796,49
9.987629699986428,-72
9.98784909999813,-69
9.988062499993248,37
9.988242299994454,18
9.988430400000652,3
9.988619099982316,42
9.988824000000022,-11
9.989049700001488,-61
9.989233399974182,0
9.989427599997725,1
9.989612599980319,-57
9.989804399985587,55
9.989993299997877,14
9.990180099994177,-9
9.990375099994708,-17
9.990613899979508,15
9.990807199996198,-23
9.990995300002396,-1
9.991181799996411,-2
9.991366000002017,-21
9.991552799998317,-10
9.991747699998086,30
9.991928699979326,-45
9.992116099980194,-80
9.99230240000179,63
9.992490399978124,-12
9.992681499978062,-21
9.992924699996365,-22
9.993900999979815,53
9.99415039998712,0
9.994392099994002,9
9.994679199997336,-5
9.994898699980695,-34
9.99510279999231,-19
9.995308299985481,32
9.995491599984234,0
9.995678299979772,-42
9.995866099983687,-69
9.996097399998689,11
9.996302999992622,28
9.996490699995775,-22
9.996679899981245,63
9.996866899979068,-6
9.997060199995758,-53
9.997249199979706,-33
9.997428399976343,52
9.997638200002257,-9
9.997828399995342,52
9.99802559998352,40
9.998306800000137,69
9.998492699989583,-17
9.998679699987406,8
9.998874699987937,51
9.999099499982549,-27
9.999306599987904,-24
9.99949759998708,8
9.999679399974411,23
9.999867399979848,-81
10.000068099994678,51
