t,value
0.00070,32767
0.00120,32767
0.00189,32767
0.00249,32767
0.00306,32767
0.00359,32767
0.00410,32767
0.00461,32767
0.00498,32767
0.00542,32767
0.00576,32767
0.00612,32767
0.00643,32767
0.00681,32767
0.00725,32767
0.00764,32767
0.00810,32767
0.00850,32767
0.00885,32767
0.00922,32767
0.00963,32767
0.01002,32767
0.01039,32767
0.01073,32767
0.01121,32767
0.01155,32767
0.01189,32767
0.01218,32767
0.01252,32767
0.01287,32767
0.01323,32767
0.01359,32767
0.01395,32767
0.01429,32767
0.01468,32767
0.01519,32767
0.01560,32767
0.01597,32767
0.01628,32767
0.01657,32767
0.01685,32767
0.01714,32767
0.01742,32767
0.01770,32767
0.01797,32767
0.01823,32767
0.01852,32767
0.01881,32767
0.01909,32767
0.01944,32767
0.01979,32767
0.02024,32767
0.02064,32767
0.02125,32767
0.02157,32767
0.02190,32767
0.02223,32767
0.02253,32767
0.02281,32767
0.02321,32767
0.02359,32767
0.02386,32767
0.02418,32767
0.02444,32767
0.02473,32767
0.02502,32767
0.02532,32767
0.02560,32767
0.02592,32767
0.02620,32767
0.02647,32767
0.02678,32767
0.02709,32767
0.02738,32767
0.02769,32767
0.02801,32767
0.02833,32767
0.02870,32767
0.02908,32767
0.02939,32767
0.02975,32767
0.03012,32767
0.03079,32767
0.03119,32767
0.03154,32767
0.03183,32767
0.03216,32767
0.03245,32767
0.03276,32767
0.03307,32767
0.03339,32767
0.03372,32767
0.03405,32767
0.03433,32767
0.03463,32767
0.03494,32767
0.03528,32767
0.03561,32767
0.03588,32767
0.03622,32767
0.03649,32767
0.03678,32767
0.03710,32767
0.03740,32767
0.03769,32767
0.03799,32767
0.03837,32767
0.03869,32767
0.03899,32767
0.03932,32767
0.03966,32767
0.03995,32767
0.04029,32767
0.04061,32767
0.04097,32767
0.04132,32767
0.04164,32767
0.04197,32767
0.04228,32767
0.04257,32767
0.04291,32767
0.04319,32767
0.04353,32767
0.04381,32767
0.04411,32767
0.04445,32767
0.04479,32767
0.04510,32767
0.04543,32767
0.04578,32767
0.04612,32767
0.04647,32767
0.04678,32767
0.04715,32767
0.04750,32767
0.04783,32767
0.04820,32767
0.04863,32767
0.04893,32767
0.04926,32767
0.04961,32767
0.04997,32767
0.05029,32767
0.05058,32767
0.05096,32767
0.05129,32767
0.05160,32767
0.05191,32767
0.05221,32767
0.05253,32767
0.05281,32767
0.05312,32767
0.05344,32767
0.05375,32767
0.05402,32767
0.05430,32767
0.05461,32767
0.05489,32767
0.05519,32767
0.05546,32767
0.05574,32767
0.05601,32767
0.05635,32767
0.05666,32767
0.05693,32767
0.05725,32767
0.05756,32767
0.05787,32767
0.05818,32767
0.05849,32767
0.05880,32767
0.05911,32767
0.05938,32767
0.05972,32767
0.06003,32767
0.06032,32767
0.06059,32767
0.06086,32767
0.06113,32767
0.06147,32767
0.06176,32767
0.06207,32767
0.06234,32767
0.06264,32767
0.06295,32767
0.06326,32767
0.06355,32767
0.06386,32767
0.06418,32767
0.06448,32767
0.06475,32767
0.06509,32767
0.06538,32767
0.06571,32767
0.06599,32767
0.06629,32767
0.06678,32767
0.06717,32767
0.06749,32767
0.06778,32767
0.06808,32767
0.06838,32767
0.06867,32767
0.06894,32767
0.06923,32767
0.06952,32767
0.06981,32767
0.07011,32767
0.07037,32767
0.07071,32767
0.07099,32767
0.07129,32767
0.07158,32767
0.07186,32767
0.07217,32767
0.07246,32767
0.07274,32767
0.07304,32767
0.07334,32767
0.07360,32767
0.07389,32767
0.07419,32767
0.07448,32767
0.07475,32767
0.07508,32767
0.07536,32767
0.07566,32767
0.07595,32767
0.07624,32767
0.07659,32767
0.07686,32767
0.07720,32767
0.07750,32767
0.07780,32767
0.07807,32767
0.07835,32767
0.07860,32767
0.07887,32767
0.07918,32767
0.07943,32767
0.07973,32767
0.08000,32767
0.08031,32767
0.08058,32767
0.08087,32767
0.08120,32767
0.08149,32767
0.08181,32767
0.08210,32767
0.08239,32767
0.08270,32767
0.08299,32767
0.08327,32767
0.08356,32767
0.08385,32767
0.08414,32767
0.08443,32767
0.08473,32767
0.08502,32767
0.08531,32767
0.08560,32767
0.08589,32767
0.08619,32767
0.08646,32767
0.08675,32767
0.08708,32767
0.08737,32767
0.08771,32767
0.08800,32767
0.08833,32767
0.08862,32767
0.08894,32767
0.08923,32767
0.08953,32767
0.08979,32767
0.09008,32767
0.09037,32767
0.09066,32767
0.09096,32767
0.09124,32767
0.09158,32767
0.09187,32767
0.09221,32767
0.09249,32767
0.09280,32767
0.09308,32767
0.09337,32767
0.09367,32767
0.09396,32767
0.09424,32767
0.09454,32767
0.09483,32767
0.09512,32767
0.09541,32767
0.09571,32767
0.09600,32767
0.09631,32767
0.09657,32767
0.09683,32767
0.09712,32767
0.09742,32767
0.09770,32767
0.09799,32767
0.09834,32767
0.09860,32767
0.09891,32767
0.09921,32767
0.09950,32767
0.09983,32767
0.10011,32767
0.10045,32767
0.10074,32767
0.10108,32767
0.10136,32767
0.10170,32767
0.10199,32767
0.10233,32767
0.10262,32767
0.10295,32767
0.10323,32767
0.10351,32767
0.10381,32767
0.10410,32767
0.10438,32767
0.10469,32767
0.10498,32767
0.10526,32767
0.10556,32767
0.10585,32767
0.10614,32767
0.10643,32767
0.10672,32767
0.10702,32767
0.10731,32767
0.10760,32767
0.10784,32767
0.10811,32767
0.10841,32767
0.10868,32767
0.10896,32767
0.10922,32767
0.10951,32767
0.10980,32767
0.11010,32767
0.11038,32767
0.11068,32767
0.11093,32767
0.11118,32767
0.11148,32767
0.11177,32767
0.11204,32767
0.11231,32767
0.11258,32767
0.11286,32767
0.11319,32767
0.11346,32767
0.11377,32767
0.11407,32767
0.11435,32767
0.11464,32767
0.11493,32767
0.11523,32767
0.11551,32767
0.11581,32767
0.11610,32767
0.11639,32767
0.11668,32767
0.11697,32767
0.11726,32767
0.11756,32767
0.11785,32767
0.11813,32767
0.11844,32767
0.11872,32767
0.11902,32767
0.11930,32767
0.11960,32767
0.11988,32767
0.12018,32767
0.12047,32767
0.12076,32767
0.12106,32767
0.12135,32767
0.12165,32767
0.12191,32767
0.12218,32767
0.12245,32767
0.12272,32767
0.12301,32767
0.12331,32767
0.12358,32767
0.12387,32767
0.12418,32767
0.12448,32767
0.12477,32767
0.12506,32767
0.12535,32767
0.12564,32767
0.12593,32767
0.12618,32767
0.12648,32767
0.12679,32767
0.12708,32767
0.12732,32767
0.12757,32767
0.12783,32767
0.12815,32767
0.12840,32767
0.12865,32767
0.12890,32767
0.12915,32767
0.12940,32767
0.12965,32767
0.12990,32767
0.13018,32767
0.13045,32767
0.13070,32767
0.13094,32767
0.13120,32767
0.13144,32767
0.13170,32767
0.13196,32767
0.13222,32767
0.13247,32767
0.13272,32767
0.13297,32767
0.13323,32767
0.13347,32767
0.13371,32767
0.13397,32767
0.13421,32767
0.13446,32767
0.13471,32767
0.13499,32767
0.13530,32767
0.13555,32767
0.13580,32767
0.13605,32767
0.13633,32767
0.13660,32767
0.13686,32767
0.13711,32767
0.13741,32767
0.13766,32767
0.13795,32767
0.13822,32767
0.13847,32767
0.13872,32767
0.13898,32767
0.13929,32767
0.13957,32767
0.13983,32767
0.14010,32767
0.14040,32767
0.14070,32767
0.14099,32767
0.14131,32767
0.14159,32767
0.14185,32767
0.14211,32767
0.14241,32767
0.14270,32767
0.14295,32767
0.14324,32767
0.14354,32767
0.14381,32767
0.14408,32767
0.14433,32767
0.14462,32767
0.14493,32767
0.14521,32767
0.14549,32767
0.14579,32767
0.14608,32767
0.14637,32767
0.14670,32767
0.14699,32767
0.14731,32767
0.14760,32767
0.14789,32767
0.14818,32767
0.14843,32767
0.14873,32767
0.14902,32767
0.14931,32767
0.14960,32767
0.14988,32767
0.15018,32767
0.15047,32767
0.15077,32767
0.15105,32767
0.15131,32767
0.15162,32767
0.15194,32767
0.15221,32767
0.15248,32767
0.15275,32767
0.15305,32767
0.15335,32767
0.15360,32767
0.15391,32767
0.15420,32767
0.15449,32767
0.15481,32767
0.15510,32767
0.15539,32767
0.15570,32767
0.15600,32767
0.15631,32767
0.15660,32767
0.15688,32767
0.15718,32767
0.15747,32767
0.15776,32767
0.15807,32767
0.15850,32767
0.15885,32767
0.15912,32767
0.15941,32767
0.15969,32767
0.15996,32767
0.16025,32767
0.16053,32767
0.16078,32767
0.16107,32767
0.16133,32767
0.16161,32767
0.16195,32767
0.16220,32767
0.16245,32767
0.16271,32767
0.16297,32767
0.16321,32767
0.16347,32767
0.16371,32767
0.16399,32767
0.16433,32767
0.16462,32767
0.16495,32767
0.16520,32767
0.16545,32767
0.16570,32767
0.16597,32767
0.16623,32767
0.16649,32767
0.16680,32767
0.16705,32767
0.16733,32767
0.16757,32767
0.16782,32767
0.16807,32767
0.16833,32767
0.16860,32767
0.16889,32767
0.16915,32767
0.16941,32767
0.16966,32767
0.16991,32767
0.17018,32767
0.17045,32767
0.17070,32767
0.17095,32767
0.17120,32767
0.17145,32767
0.17174,32767
0.17207,32767
0.17233,32767
0.17261,32767
0.17293,32767
0.17318,32767
0.17360,32767
0.17388,32767
0.17422,32767
0.17459,32767
0.17495,32767
0.17530,32767
0.17558,32767
0.17583,32767
0.17613,32767
0.17645,32767
0.17672,32767
0.17701,32767
0.17729,32767
0.17759,32767
0.17786,32767
0.17817,32767
0.17845,32767
0.17875,32767
0.17908,32767
0.17935,32767
0.17963,32767
0.17993,32767
0.18022,32767
0.18052,32767
0.18081,32767
0.18110,32767
0.18140,32767
0.18168,32767
0.18197,32767
0.18227,32767
0.18256,32767
0.18285,32767
0.18313,32767
0.18341,32767
0.18370,32767
0.18400,32767
0.18433,32767
0.18458,32767
0.18485,32767
0.18514,32767
0.18541,32767
0.18569,32767
0.18595,32767
0.18625,32767
0.18656,32767
0.18685,32767
0.18708,32767
0.18737,32767
0.18771,32767
0.18799,32767
0.18834,32767
0.18862,32767
0.18893,32767
0.18922,32767
0.18951,32767
0.18981,32767
0.19010,32767
0.19034,32767
0.19062,32767
0.19096,32767
0.19126,32767
0.19158,32767
0.19187,32767
0.19221,32767
0.19249,32767
0.19283,32767
0.19310,32767
0.19339,32767
0.19368,32767
0.19398,32767
0.19433,32767
0.19461,32767
0.19491,32767
0.19520,32767
0.19548,32767
0.19575,32767
0.19606,32767
0.19635,32767
0.19664,32767
0.19692,32767
0.19718,32767
0.19748,32767
0.19777,32767
0.19806,32767
0.19835,32767
0.19865,32767
0.19893,32767
0.19918,32767
0.19945,32767
0.19973,32767
0.20000,32767
0.20029,32767
0.20058,32767
0.20087,32767
0.20118,32767
0.20147,32767
0.20173,32767
0.20203,32767
0.20233,32767
0.20262,32767
0.20295,32767
0.20320,32767
0.20349,32767
0.20383,32767
0.20412,32767
0.20443,32767
0.20472,32767
0.20502,32767
0.20531,32767
0.20560,32767
0.20589,32767
0.20618,32767
0.20645,32767
0.20678,32767
0.20706,32767
0.20736,32767
0.20762,32767
0.20795,32767
0.20826,32767
0.20856,32767
0.20886,32767
0.20917,32767
0.20947,32767
0.20974,32767
0.21008,32767
0.21042,32767
0.21073,32767
0.21102,32767
0.21129,32767
0.21158,32767
0.21188,32767
0.21221,32767
0.21250,32767
0.21279,32767
0.21309,32767
0.21341,32767
0.21368,32767
0.21398,32767
0.21427,32767
0.21458,32767
0.21489,32767
0.21523,32767
0.21553,32767
0.21586,32767
0.21620,32767
0.21654,32767
0.21686,32767
0.21721,32767
0.21755,32767
0.21790,32767
0.21839,32767
0.21872,32767
0.21906,32767
0.21940,32767
0.21971,32767
0.22004,32767
0.22039,32767
0.22074,32767
0.22107,32767
0.22138,32767
0.22168,32767
0.22200,32767
0.22237,32767
0.22275,32767
0.22310,32767
0.22357,32767
0.22395,32767
0.22443,32767
0.22484,32767
0.22527,32767
0.22561,32767
0.22601,32767
0.22641,32767
0.22678,32767
0.22716,32767
0.22750,32767
0.22780,32767
0.22811,32767
0.22842,32767
0.22870,32767
0.22898,32767
0.22927,32767
0.22956,32767
0.22985,32767
0.23015,32767
0.23043,32767
0.23073,32767
0.23102,32767
0.23129,32767
0.23157,32767
0.23186,32767
0.23215,32767
0.23242,32767
0.23271,32767
0.23300,32767
0.23328,32767
0.23360,32767
0.23389,32767
0.23418,32767
0.23450,32767
0.23481,32767
0.23512,32767
0.23546,32767
0.23582,32767
0.23615,32767
0.23649,32767
0.23682,32767
0.23717,32767
0.23746,32767
0.23781,32767
0.23811,32767
0.23850,32767
0.23889,32767
0.23929,32767
0.23969,32767
0.24010,32767
0.24047,32767
0.24088,32767
0.24123,32767
0.24162,32767
0.24197,32767
0.24235,32767
0.24276,32767
0.24309,32767
0.24348,32767
0.24385,32767
0.24423,32767
0.24459,32767
0.24493,32767
0.24537,32767
0.24572,32767
0.24609,32767
0.24648,32767
0.24681,32767
0.24715,32767
0.24757,32767
0.24787,32767
0.24819,32767
0.24845,32767
0.24874,32767
0.24905,32767
0.24935,32767
0.24964,32767
0.24992,32767
0.25021,32767
0.25052,32767
0.25081,32767
0.25112,32767
0.25140,32767
0.25169,32767
0.25198,32767
0.25228,32767
0.25259,32767
0.25291,32767
0.25320,32767
0.25353,32767
0.25392,32767
0.25430,32767
0.25465,32767
0.25498,32767
0.25532,32767
0.25565,32767
0.25598,32767
0.25632,32767
0.25665,32767
0.25694,32767
0.25725,32767
0.25756,32767
0.25788,32767
0.25819,32767
0.25851,32767
0.25886,32767
0.25920,32767
0.25954,32767
0.25984,32767
0.26020,32767
0.26053,32767
0.26088,32767
0.26123,32767
0.26162,32767
0.26197,32767
0.26235,32767
0.26287,32767
0.26321,32767
0.26355,32767
0.26385,32767
0.26417,32767
0.26446,32767
0.26481,32767
0.26511,32767
0.26544,32767
0.26581,32767
0.26611,32767
0.26640,32767
0.26672,32767
0.26704,32767
0.26734,32767
0.26767,32767
0.26794,32767
0.26822,32767
0.26853,32767
0.26884,32767
0.26910,32767
0.26953,32767
0.26985,32767
0.27016,32767
0.27047,32767
0.27082,32767
0.27115,32767
0.27148,32767
0.27177,32767
0.27210,32767
0.27245,32767
0.27276,32767
0.27310,32767
0.27350,32767
0.27385,32767
0.27420,32767
0.27455,32767
0.27488,32767
0.27518,32767
0.27549,32767
0.27580,32767
0.27609,32767
0.27642,32767
0.27668,32767
0.27693,32767
0.27722,32767
0.27748,32767
0.27777,32767
0.27806,32767
0.27841,32767
0.27871,32767
0.27900,32767
0.27934,32767
0.27964,32767
0.27992,32767
0.28020,32767
0.28050,32767
0.28081,32767
0.28112,32767
0.28142,32767
0.28172,32767
0.28201,32767
0.28232,32767
0.28262,32767
0.28292,32767
0.28319,32767
0.28348,32767
0.28376,32767
0.28406,32767
0.28435,32767
0.28464,32767
0.28496,32767
0.28527,32767
0.28556,32767
0.28585,32767
0.28617,32767
0.28646,32767
0.28675,32767
0.28706,32767
0.28737,32767
0.28769,32767
0.28802,32767
0.28834,32767
0.28866,32767
0.28894,32767
0.28925,32767
0.28957,32767
0.28985,32767
0.29019,32767
0.29050,32767
0.29082,32767
0.29110,32767
0.29143,32767
0.29175,32767
0.29206,32767
0.29237,32767
0.29268,32767
0.29300,32767
0.29330,32767
0.29362,32767
0.29393,32767
0.29424,32767
0.29455,32767
0.29485,32767
0.29516,32767
0.29545,32767
0.29575,32767
0.29606,32767
0.29636,32767
0.29668,32767
0.29697,32767
0.29730,32767
0.29760,32767
0.29786,32767
0.29814,32767
0.29842,32767
0.29870,32767
0.29899,32767
0.29931,32767
0.29962,32767
0.29994,32767
0.30035,32767
0.30066,32767
0.30093,32767
0.30118,32767
0.30156,32767
0.30184,32767
0.30211,32767
0.30239,32767
0.30269,32767
0.30297,32767
0.30323,32767
0.30350,32767
0.30380,32767
0.30405,32767
0.30433,32767
0.30460,32767
0.30485,32767
0.30509,32767
0.30535,32767
0.30559,32767
0.30586,32767
0.30612,32767
0.30643,32767
0.30670,32767
0.30700,32767
0.30730,32767
0.30754,32767
0.30779,32767
0.30804,32767
0.30828,32767
0.30857,32767
0.30883,32767
0.30911,32767
0.30934,32767
0.30959,32767
0.30984,32767
0.31009,32767
0.31034,32767
0.31061,32767
0.31092,32767
0.31118,32767
0.31142,32767
0.31168,32767
0.31192,32767
0.31217,32767
0.31242,32767
0.31267,32767
0.31292,32767
0.31318,32767
0.31343,32767
0.31370,32767
0.31397,32767
0.31424,32767
0.31456,32767
0.31484,32767
0.31511,32767
0.31536,32767
0.31570,32767
0.31597,32767
0.31625,32767
0.31654,32767
0.31682,32767
0.31708,32767
0.31732,32767
0.31760,32767
0.31787,32767
0.31820,32767
0.31847,32767
0.31875,32767
0.31906,32767
0.31931,32767
0.31960,32767
0.31984,32767
0.32010,32767
0.32035,32767
0.32061,32767
0.32088,32767
0.32118,32767
0.32143,32767
0.32168,32767
0.32193,32767
0.32218,32767
0.32245,32767
0.32270,32767
0.32297,32767
0.32324,32767
0.32358,32767
0.32387,32767
0.32418,32767
0.32445,32767
0.32472,32767
0.32499,32767
0.32532,32767
0.32559,32767
0.32589,32767
0.32617,32767
0.32642,32767
0.32668,32767
0.32693,32767
0.32719,32767
0.32744,32767
0.32772,32767
0.32799,32767
0.32832,32767
0.32859,32767
0.32886,32767
0.32919,32767
0.32947,32767
0.32974,32767
0.33007,32767
0.33032,32767
0.33057,32767
0.33082,32767
0.33109,32767
0.33136,32767
0.33168,32767
0.33197,32767
0.33222,32767
0.33253,32767
0.33281,32767
0.33309,32767
0.33334,32767
0.33359,32767
0.33384,32767
0.33411,32767
0.33443,32767
0.33470,32767
0.33497,32767
0.33526,32767
0.33553,32767
0.33578,32767
0.33608,32767
0.33632,32767
0.33657,32767
0.33682,32767
0.33707,32767
0.33732,32767
0.33757,32767
0.33782,32767
0.33807,32767
0.33833,32767
0.33860,32767
0.33883,32767
0.33912,32767
0.33936,32767
0.33970,32767
0.33995,32767
0.34020,32767
0.34045,32767
0.34074,32767
0.34106,32767
0.34135,32767
0.34163,32767
0.34191,32767
0.34220,32767
0.34250,32767
0.34281,32767
0.34310,32767
0.34337,32767
0.34368,32767
0.34398,32767
0.34425,32767
0.34456,32767
0.34485,32767
0.34514,32767
0.34544,32767
0.34573,32767
0.34606,32767
0.34635,32767
0.34664,32767
0.34693,32767
0.34722,32767
0.34753,32767
0.34783,32767
0.34813,32767
0.34845,32767
0.34873,32767
0.34896,32767
0.34922,32767
0.34952,32767
0.34981,32767
0.35008,32767
0.35035,32767
0.35061,32767
0.35091,32767
0.35119,32767
0.35147,32767
0.35171,32767
0.35199,32767
0.35233,32767
0.35262,32767
0.35295,32767
0.35320,32767
0.35345,32767
0.35374,32767
0.35409,32767
0.35437,32767
0.35466,32767
0.35497,32767
0.35523,32767
0.35554,32767
0.35583,32767
0.35612,32767
0.35644,32767
0.35673,32767
0.35704,32767
0.35733,32767
0.35764,32767
0.35794,32767
0.35824,32767
0.35854,32767
0.35883,32767
0.35914,32767
0.35942,32767
0.35971,32767
0.36000,32767
0.36029,32767
0.36056,32767
0.36084,32767
0.36113,32767
0.36144,32767
0.36173,32767
0.36204,32767
0.36234,32767
0.36262,32767
0.36292,32767
0.36322,32767
0.36349,32767
0.36379,32767
0.36409,32767
0.36437,32767
0.36470,32767
0.36499,32767
0.36531,32767
0.36558,32767
0.36586,32767
0.36614,32767
0.36643,32767
0.36672,32767
0.36702,32767
0.36731,32767
0.36760,32767
0.36788,32767
0.36818,32767
0.36854,32767
0.36883,32767
0.36912,32767
0.36941,32767
0.36970,32767
0.36999,32767
0.37033,32767
0.37062,32767
0.37091,32767
0.37121,32767
0.37149,32767
0.37183,32767
0.37211,32767
0.37243,32767
0.37274,32767
0.37304,32767
0.37333,32767
0.37361,32767
0.37393,32767
0.37423,32767
0.37451,32767
0.37481,32767
0.37510,32767
0.37538,32767
0.37569,32767
0.37598,32767
0.37626,32767
0.37656,32767
0.37688,32767
0.37720,32767
0.37746,32767
0.37775,32767
0.37807,32767
0.37836,32767
0.37865,32767
0.37900,32767
0.37932,32767
0.37959,32767
0.37987,32767
0.38018,32767
0.38046,32767
0.38074,32767
0.38106,32767
0.38135,32767
0.38163,32767
0.38193,32767
0.38223,32767
0.38252,32767
0.38281,32767
0.38310,32767
0.38339,32767
0.38369,32767
0.38397,32767
0.38426,32767
0.38456,32767
0.38485,32767
0.38514,32767
0.38542,32767
0.38570,32767
0.38600,32767
0.38633,32767
0.38662,32767
0.38694,32767
0.38723,32767
0.38751,32767
0.38781,32767
0.38810,32767
0.38842,32767
0.38871,32767
0.38899,32767
0.38934,32767
0.38962,32767
0.38995,32767
0.39025,32767
0.39058,32767
0.39087,32767
0.39120,32767
0.39149,32767
0.39183,32767
0.39210,32767
0.39237,32767
0.39268,32767
0.39297,32767
0.39327,32767
0.39356,32767
0.39385,32767
0.39414,32767
0.39443,32767
0.39472,32767
0.39503,32767
0.39531,32767
0.39560,32767
0.39589,32767
0.39618,32767
0.39647,32767
0.39672,32767
0.39697,32767
0.39724,32767
0.39755,32767
0.39780,32767
0.39805,32767
0.39830,32767
0.39853,32767
0.39878,32767
0.39903,32767
0.39928,32767
0.39953,32767
0.39982,32767
0.40009,32767
0.40034,32767
0.40062,32767
0.40090,32767
0.40116,32767
0.40140,32767
0.40165,32767
0.40190,32767
0.40217,32767
0.40243,32767
0.40267,32767
0.40295,32767
0.40320,32767
0.40347,32767
0.40374,32767
0.40407,32767
0.40432,32767
0.40459,32767
0.40484,32767
0.40511,32767
0.40541,32767
0.40568,32767
0.40605,32767
0.40636,32767
0.40668,32767
0.40697,32767
0.40722,32767
0.40748,32767
0.40774,32767
0.40806,32767
0.40832,32767
0.40863,32767
0.40891,32767
0.40915,32767
0.40945,32767
0.40972,32767
0.40999,32767
0.41032,32767
0.41059,32767
0.41085,32767
0.41118,32767
0.41147,32767
0.41174,32767
0.41203,32767
0.41228,32767
0.41253,32767
0.41281,32767
0.41308,32767
0.41337,32767
0.41369,32767
0.41398,32767
0.41427,32767
0.41456,32767
0.41486,32767
0.41513,32767
0.41541,32767
0.41571,32767
0.41600,32767
0.41631,32767
0.41660,32767
0.41689,32767
0.41718,32767
0.41748,32767
0.41776,32767
0.41806,32767
0.41835,32767
0.41864,32767
0.41893,32767
0.41922,32767
0.41952,32767
0.41981,32767
0.42010,32767
0.42039,32767
0.42068,32767
0.42096,32767
0.42123,32767
0.42149,32767
0.42181,32767
0.42208,32767
0.42235,32767
0.42266,32767
0.42295,32767
0.42325,32767
0.42358,32767
0.42387,32767
0.42418,32767
0.42448,32767
0.42476,32767
0.42506,32767
0.42542,32767
0.42568,32767
0.42595,32767
0.42623,32767
0.42651,32767
0.42681,32767
0.42710,32767
0.42739,32767
0.42769,32767
0.42797,32767
0.42821,32767
0.42850,32767
0.42883,32767
0.42913,32767
0.42941,32767
0.42970,32767
0.42999,32767
0.43033,32767
0.43062,32767
0.43094,32767
0.43122,32767
0.43152,32767
0.43181,32767
0.43210,32767
0.43239,32767
0.43268,32767
0.43298,32767
0.43328,32767
0.43358,32767
0.43387,32767
0.43421,32767
0.43449,32767
0.43483,32767
0.43511,32767
0.43535,32767
0.43566,32767
0.43595,32767
0.43625,32767
0.43656,32767
0.43685,32767
0.43714,32767
0.43744,32767
0.43773,32767
0.43801,32767
0.43829,32767
0.43856,32767
0.43883,32767
0.43911,32767
0.43941,32767
0.43970,32767
0.44014,32767
0.44047,32767
0.44083,32767
0.44108,32767
0.44139,32767
0.44168,32767
0.44198,32767
0.44228,32767
0.44258,32767
0.44288,32767
0.44316,32767
0.44346,32767
0.44374,32767
0.44408,32767
0.44437,32767
0.44468,32767
0.44497,32767
0.44526,32767
0.44556,32767
0.44585,32767
0.44615,32767
0.44643,32767
0.44668,32767
0.44698,32767
0.44727,32767
0.44756,32767
0.44785,32767
0.44816,32767
0.44843,32767
0.44868,32767
0.44893,32767
0.44919,32767
0.44947,32767
0.44973,32767
0.45003,32767
0.45033,32767
0.45062,32767
0.45096,32767
0.45125,32767
0.45155,32767
0.45181,32767
0.45205,32767
0.45231,32767
0.45257,32767
0.45283,32767
0.45311,32767
0.45337,32767
0.45370,32767
0.45395,32767
0.45420,32767
0.45449,32767
0.45480,32767
0.45505,32767
0.45534,32767
0.45568,32767
0.45596,32767
0.45624,32767
0.45658,32767
0.45687,32767
0.45720,32767
0.45749,32767
0.45783,32767
0.45812,32767
0.45845,32767
0.45876,32767
0.45908,32767
0.45933,32767
0.45957,32767
0.45982,32767
0.46008,32767
0.46036,32767
0.46068,32767
0.46095,32767
0.46122,32767
0.46146,32767
0.46176,32767
0.46205,32767
0.46231,32767
0.46256,32767
0.46281,32767
0.46308,32767
0.46334,32767
0.46358,32767
0.46387,32767
0.46420,32767
0.46445,32767
0.46471,32767
0.46499,32767
0.46533,32767
0.46562,32767
0.46595,32767
0.46620,32767
0.46645,32767
0.46673,32767
0.46706,32767
0.46733,32767
0.46760,32767
0.46788,32767
0.46818,32767
0.46845,32767
0.46870,32767
0.46895,32767
0.46920,32767
0.46950,32767
0.46980,32767
0.47009,32767
0.47035,32767
0.47064,32767
0.47094,32767
0.47120,32767
0.47147,32767
0.47172,32767
0.47201,32767
0.47230,32767
0.47256,32767
0.47280,32767
0.47310,32767
0.47335,32767
0.47366,32767
0.47394,32767
0.47422,32767
0.47451,32767
0.47478,32767
0.47505,32767
0.47530,32767
0.47555,32767
0.47581,32767
0.47610,32767
0.47639,32767
0.47668,32767
0.47696,32767
0.47725,32767
0.47753,32767
0.47780,32767
0.47807,32767
0.47837,32767
0.47868,32767
0.47894,32767
0.47921,32767
0.47949,32767
0.47983,32767
0.48009,32767
0.48036,32767
0.48063,32767
0.48094,32767
0.48122,32767
0.48147,32767
0.48173,32767
0.48204,32767
0.48233,32767
0.48258,32767
0.48286,32767
0.48312,32767
0.48341,32767
0.48366,32767
0.48392,32767
0.48421,32767
0.48451,32767
0.48481,32767
0.48510,32767
0.48541,32767
0.48571,32767
0.48604,32767
0.48633,32767
0.48660,32767
0.48689,32767
0.48716,32767
0.48743,32767
0.48768,32767
0.48798,32767
0.48826,32767
0.48855,32767
0.48880,32767
0.48906,32767
0.48936,32767
0.48964,32767
0.48991,32767
0.49020,32767
0.49050,32767
0.49081,32767
0.49109,32767
0.49136,32767
0.49166,32767
0.49193,32767
0.49218,32767
0.49244,32767
0.49273,32767
0.49302,32767
0.49331,32767
0.49360,32767
0.49384,32767
0.49410,32767
0.49439,32767
0.49467,32767
0.49494,32767
0.49520,32767
0.49549,32767
0.49576,32767
0.49604,32767
0.49633,32767
0.49663,32767
0.49693,32767
0.49720,32767
0.49746,32767
0.49772,32767
0.49802,32767
0.49831,32767
0.49861,32767
0.49887,32767
0.49918,32767
0.49947,32767
0.49975,32767
0.50006,32767
0.50033,32767
0.50065,32767
0.50097,32767
0.50125,32767
0.50153,32767
0.50182,32767
0.50208,32767
0.50233,32767
0.50260,32767
0.50286,32767
0.50320,32767
0.50345,32767
0.50375,32767
0.50406,32767
0.50435,32767
0.50461,32767
0.50492,32767
0.50518,32767
0.50545,32767
0.50573,32767
0.50600,32767
0.50631,32767
0.50658,32767
0.50687,32767
0.50718,32767
0.50747,32767
0.50772,32767
0.50800,32767
0.50826,32767
0.50856,32767
0.50885,32767
0.50913,32767
0.50937,32767
0.50970,32767
0.50999,32767
0.51032,32767
0.51068,32767
0.51098,32767
0.51127,32767
0.51156,32767
0.51186,32767
0.51213,32767
0.51246,32767
0.51273,32767
0.51304,32767
0.51334,32767
0.51369,32767
0.51401,32767
0.51431,32767
0.51462,32767
0.51491,32767
0.51521,32767
0.51549,32767
0.51583,32767
0.51611,32767
0.51643,32767
0.51672,32767
0.51702,32767
0.51731,32767
0.51766,32767
0.51797,32767
0.51826,32767
0.51854,32767
0.51883,32767
0.51912,32767
0.51941,32767
0.51970,32767
0.51999,32767
0.52031,32767
0.52060,32767
0.52089,32767
0.52120,32767
0.52147,32767
0.52175,32767
0.52206,32767
0.52235,32767
0.52264,32767
0.52293,32767
0.52323,32767
0.52349,32767
0.52383,32767
0.52412,32767
0.52446,32767
0.52474,32767
0.52508,32767
0.52537,32767
0.52568,32767
0.52597,32767
0.52626,32767
0.52656,32767
0.52685,32767
0.52713,32767
0.52741,32767
0.52772,32767
0.52798,32767
0.52826,32767
0.52856,32767
0.52885,32767
0.52914,32767
0.52941,32767
0.52971,32767
0.52997,32767
0.53029,32767
0.53059,32767
0.53087,32767
0.53117,32767
0.53146,32767
0.53173,32767
0.53202,32767
0.53229,32767
0.53258,32767
0.53286,32767
0.53318,32767
0.53348,32767
0.53379,32767
0.53407,32767
0.53433,32767
0.53462,32767
0.53495,32767
0.53524,32767
0.53556,32767
0.53585,32767
0.53613,32767
0.53641,32767
0.53670,32767
0.53700,32767
0.53734,32767
0.53762,32767
0.53795,32767
0.53824,32767
0.53856,32767
0.53883,32767
0.53910,32767
0.53938,32767
0.53968,32767
0.53998,32767
0.54026,32767
0.54057,32767
0.54083,32767
0.54113,32767
0.54141,32767
0.54171,32767
0.54199,32767
0.54233,32767
0.54261,32767
0.54289,32767
0.54319,32767
0.54347,32767
0.54377,32767
0.54406,32767
0.54436,32767
0.54464,32767
0.54494,32767
0.54524,32767
0.54553,32767
0.54583,32767
0.54612,32767
0.54641,32767
0.54668,32767
0.54696,32767
0.54723,32767
0.54753,32767
0.54782,32767
0.54808,32767
0.54837,32767
0.54868,32767
0.54898,32767
0.54933,32767
0.54961,32767
0.54991,32767
0.55020,32767
0.55047,32767
0.55072,32767
0.55096,32767
0.55125,32767
0.55155,32767
0.55181,32767
0.55207,32767
0.55235,32767
0.55260,32767
0.55285,32767
0.55314,32767
0.55343,32767
0.55368,32767
0.55393,32767
0.55418,32767
0.55445,32767
0.55470,32767
0.55495,32767
0.55524,32767
0.55555,32767
0.55580,32767
0.55607,32767
0.55634,32767
0.55660,32767
0.55691,32767
0.55716,32767
0.55743,32767
0.55773,32767
0.55799,32767
0.55830,32767
0.55856,32767
0.55885,32767
0.55911,32767
0.55941,32767
0.55970,32767
0.55999,32767
0.56034,32767
0.56062,32767
0.56093,32767
0.56118,32767
0.56147,32767
0.56173,32767
0.56198,32767
0.56225,32767
0.56255,32767
0.56282,32767
0.56309,32767
0.56336,32767
0.56368,32767
0.56395,32767
0.56422,32767
0.56451,32767
0.56478,32767
0.56503,32767
0.56529,32767
0.56555,32767
0.56582,32767
0.56609,32767
0.56637,32767
0.56670,32767
0.56696,32767
0.56725,32767
0.56755,32767
0.56787,32767
0.56818,32767
0.56846,32767
0.56874,32767
0.56906,32767
0.56930,32767
0.56955,32767
0.56981,32767
0.57007,32767
0.57033,32767
0.57060,32767
0.57088,32767
0.57118,32767
0.57148,32767
0.57177,32767
0.57206,32767
0.57231,32767
0.57255,32767
0.57280,32767
0.57305,32767
0.57332,32767
0.57359,32767
0.57383,32767
0.57412,32767
0.57446,32767
0.57474,32767
0.57505,32767
0.57530,32767
0.57555,32767
0.57580,32767
0.57605,32767
0.57632,32767
0.57660,32767
0.57683,32767
0.57707,32767
0.57734,32767
0.57761,32767
0.57795,32767
0.57820,32767
0.57845,32767
0.57871,32767
0.57899,32767
0.57932,32767
0.57961,32767
0.57989,32767
0.58018,32767
0.58048,32767
0.58080,32767
0.58110,32767
0.58138,32767
0.58169,32767
0.58198,32767
0.58226,32767
0.58253,32767
0.58287,32767
0.58318,32767
0.58347,32767
0.58376,32767
0.58406,32767
0.58435,32767
0.58464,32767
0.58493,32767
0.58523,32767
0.58551,32767
0.58581,32767
0.58611,32767
0.58641,32767
0.58666,32767
0.58697,32767
0.58725,32767
0.58756,32767
0.58785,32767
0.58814,32767
0.58844,32767
0.58873,32767
0.58904,32767
0.58931,32767
0.58961,32767
0.58992,32767
0.59022,32767
0.59048,32767
0.59079,32767
0.59109,32767
0.59137,32767
0.59167,32767
0.59196,32767
0.59226,32767
0.59256,32767
0.59286,32767
0.59317,32767
0.59347,32767
0.59380,32767
0.59407,32767
0.59435,32767
0.59464,32767
0.59492,32767
0.59519,32767
0.59548,32767
0.59576,32767
0.59606,32767
0.59636,32767
0.59668,32767
0.59703,32767
0.59739,32767
0.59768,32767
0.59798,32767
0.59828,32767
0.59858,32767
0.59887,32767
0.59918,32767
0.59947,32767
0.59976,32767
0.60005,32767
0.60031,32767
0.60058,32767
0.60086,32767
0.60118,32767
0.60146,32767
0.60174,32767
0.60206,32767
0.60233,32767
0.60262,32767
0.60294,32767
0.60324,32767
0.60350,32767
0.60382,32767
0.60411,32767
0.60442,32767
0.60471,32767
0.60499,32767
0.60529,32767
0.60558,32767
0.60587,32767
0.60619,32767
0.60649,32767
0.60676,32767
0.60706,32767
0.60736,32767
0.60767,32767
0.60792,32767
0.60822,32767
0.60850,32767
0.60880,32767
0.60907,32767
0.60936,32767
0.60964,32767
0.60992,32767
0.61021,32767
0.61050,32767
0.61081,32767
0.61111,32767
0.61140,32767
0.61167,32767
0.61212,32767
0.61244,32767
0.61272,32767
0.61302,32767
0.61329,32767
0.61358,32767
0.61383,32767
0.61413,32767
0.61445,32767
0.61474,32767
0.61508,32767
0.61537,32767
0.61569,32767
0.61596,32767
0.61625,32767
0.61656,32767
0.61685,32767
0.61714,32767
0.61743,32767
0.61768,32767
0.61795,32767
0.61823,32767
0.61850,32767
0.61881,32767
0.61910,32767
0.61935,32767
0.61962,32767
0.61995,32767
0.62024,32767
0.62055,32767
0.62081,32767
0.62110,32767
0.62139,32767
0.62168,32767
0.62198,32767
0.62226,32767
0.62256,32767
0.62283,32767
0.62311,32767
0.62341,32767
0.62371,32767
0.62397,32767
0.62426,32767
0.62454,32767
0.62481,32767
0.62510,32767
0.62539,32767
0.62568,32767
0.62597,32767
0.62626,32767
0.62656,32767
0.62686,32767
0.62713,32767
0.62741,32767
0.62774,32767
0.62804,32767
0.62832,32767
0.62860,32767
0.62890,32767
0.62921,32767
0.62949,32767
0.62984,32767
0.63012,32767
0.63037,32767
0.63070,32767
0.63099,32767
0.63129,32767
0.63158,32767
0.63186,32767
0.63216,32767
0.63246,32767
0.63275,32767
0.63309,32767
0.63339,32767
0.63369,32767
0.63398,32767
0.63427,32767
0.63456,32767
0.63485,32767
0.63520,32767
0.63549,32767
0.63577,32767
0.63606,32767
0.63635,32767
0.63666,32767
0.63695,32767
0.63725,32767
0.63756,32767
0.63794,32767
0.63823,32767
0.63851,32767
0.63881,32767
0.63906,32767
0.63935,32767
0.63963,32767
0.63995,32767
0.64021,32767
0.64049,32767
0.64079,32767
0.64108,32767
0.64138,32767
0.64168,32767
0.64197,32767
0.64225,32767
0.64258,32767
0.64289,32767
0.64320,32767
0.64346,32767
0.64375,32767
0.64406,32767
0.64435,32767
0.64464,32767
0.64493,32767
0.64523,32767
0.64549,32767
0.64583,32767
0.64612,32767
0.64647,32767
0.64672,32767
0.64697,32767
0.64726,32767
0.64754,32767
0.64783,32767
0.64810,32767
0.64839,32767
0.64867,32767
0.64895,32767
0.64925,32767
0.64956,32767
0.64985,32767
0.65010,32767
0.65035,32767
0.65066,32767
0.65095,32767
0.65120,32767
0.65145,32767
0.65172,32767
0.65197,32767
0.65221,32767
0.65249,32767
0.65278,32767
0.65308,32767
0.65332,32767
0.65357,32767
0.65382,32767
0.65407,32767
0.65432,32767
0.65461,32767
0.65495,32767
0.65520,32767
0.65546,32767
0.65575,32767
0.65606,32767
0.65630,32767
0.65656,32767
0.65683,32767
0.65712,32767
0.65741,32767
0.65770,32767
0.65797,32767
0.65827,32767
0.65857,32767
0.65884,32767
0.65909,32767
0.65937,32767
0.65968,32767
0.65993,32767
0.66018,32767
0.66045,32767
0.66072,32767
0.66099,32767
0.66131,32767
0.66160,32767
0.66189,32767
0.66218,32767
0.66243,32767
0.66272,32767
0.66298,32767
0.66328,32767
0.66358,32767
0.66386,32767
0.66420,32767
0.66445,32767
0.66471,32767
0.66497,32767
0.66524,32767
0.66556,32767
0.66580,32767
0.66606,32767
0.66635,32767
0.66666,32767
0.66695,32767
0.66724,32767
0.66756,32767
0.66786,32767
0.66816,32767
0.66845,32767
0.66870,32767
0.66895,32767
0.66924,32767
0.66955,32767
0.66980,32767
0.67007,32767
0.67033,32767
0.67060,32767
0.67084,32767
0.67109,32767
0.67134,32767
0.67161,32767
0.67196,32767
0.67224,32767
0.67258,32767
0.67282,32767
0.67312,32767
0.67341,32767
0.67366,32767
0.67392,32767
0.67420,32767
0.67447,32767
0.67474,32767
0.67506,32767
0.67535,32767
0.67563,32767
0.67593,32767
0.67622,32767
0.67651,32767
0.67678,32767
0.67709,32767
0.67737,32767
0.67768,32767
0.67793,32767
0.67818,32767
0.67843,32767
0.67870,32767
0.67895,32767
0.67924,32767
0.67957,32767
0.67982,32767
0.68008,32767
0.68037,32767
0.68070,32767
0.68099,32767
0.68133,32767
0.68162,32767
0.68195,32767
0.68224,32767
0.68255,32767
0.68281,32767
0.68310,32767
0.68339,32767
0.68368,32767
0.68398,32767
0.68426,32767
0.68456,32767
0.68485,32767
0.68516,32767
0.68546,32767
0.68583,32767
0.68612,32767
0.68643,32767
0.68674,32767
0.68701,32767
0.68733,32767
0.68761,32767
0.68793,32767
0.68822,32767
0.68850,32767
0.68881,32767
0.68908,32767
0.68937,32767
0.68972,32767
0.68999,32767
0.69024,32767
0.69058,32767
0.69087,32767
0.69120,32767
0.69149,32767
0.69183,32767
0.69211,32767
0.69241,32767
0.69270,32767
0.69299,32767
0.69334,32767
0.69362,32767
0.69392,32767
0.69421,32767
0.69450,32767
0.69482,32767
0.69509,32767
0.69537,32767
0.69569,32767
0.69598,32767
0.69626,32767
0.69657,32767
0.69685,32767
0.69713,32767
0.69741,32767
0.69771,32767
0.69813,32767
0.69842,32767
0.69868,32767
0.69898,32767
0.69926,32767
0.69956,32767
0.69990,32767
0.70019,32767
0.70050,32767
0.70077,32767
0.70106,32767
0.70135,32767
0.70164,32767
0.70193,32767
0.70221,32767
0.70249,32767
0.70281,32767
0.70311,32767
0.70339,32767
0.70368,32767
0.70398,32767
0.70427,32767
0.70456,32767
0.70485,32767
0.70516,32767
0.70543,32767
0.70572,32767
0.70601,32767
0.70632,32767
0.70658,32767
0.70687,32767
0.70720,32767
0.70749,32767
0.70783,32767
0.70811,32767
0.70845,32767
0.70881,32767
0.70916,32767
0.70982,32767
0.71014,32767
0.71043,32767
0.71072,32767
0.71102,32767
0.71131,32767
0.71157,32767
0.71183,32767
0.71210,32767
0.71239,32767
0.71268,32767
0.71293,32767
0.71318,32767
0.71343,32767
0.71368,32767
0.71393,32767
0.71420,32767
0.71448,32767
0.71480,32767
0.71507,32767
0.71535,32767
0.71564,32767
0.71590,32767
0.71615,32767
0.71640,32767
0.71666,32767
0.71692,32767
0.71718,32767
0.71747,32767
0.71773,32767
0.71805,32767
0.71837,32767
0.71866,32767
0.71891,32767
0.71915,32767
0.71940,32767
0.71968,32767
0.71993,32767
0.72020,32767
0.72047,32767
0.72074,32767
0.72114,32767
0.72146,32767
0.72172,32767
0.72198,32767
0.72228,32767
0.72255,32767
0.72280,32767
0.72307,32767
0.72335,32767
0.72365,32767
0.72391,32767
0.72415,32767
0.72442,32767
0.72468,32767
0.72493,32767
0.72518,32767
0.72543,32767
0.72568,32767
0.72594,32767
0.72620,32767
0.72649,32767
0.72680,32767
0.72714,32767
0.72748,32767
0.72778,32767
0.72806,32767
0.72833,32767
0.72858,32767
0.72885,32767
0.72908,32767
0.72936,32767
0.72969,32767
0.72997,32767
0.73021,32767
0.73046,32767
0.73073,32767
0.73105,32767
0.73130,32767
0.73158,32767
0.73186,32767
0.73219,32767
0.73244,32767
0.73270,32767
0.73297,32767
0.73322,32767
0.73348,32767
0.73380,32767
0.73405,32767
0.73430,32767
0.73460,32767
0.73489,32767
0.73515,32767
0.73540,32767
0.73565,32767
0.73590,32767
0.73615,32767
0.73646,32767
0.73677,32767
0.73705,32767
0.73730,32767
0.73758,32767
0.73786,32767
0.73820,32767
0.73846,32767
0.73874,32767
0.73907,32767
0.73934,32767
0.73961,32767
0.73995,32767
0.74022,32767
0.74046,32767
0.74075,32767
0.74107,32767
0.74132,32767
0.74160,32767
0.74185,32767
0.74211,32767
0.74245,32767
0.74272,32767
0.74299,32767
0.74330,32767
0.74357,32767
0.74385,32767
0.74410,32767
0.74434,32767
0.74460,32767
0.74486,32767
0.74521,32767
0.74586,32767
0.74612,32767
0.74645,32767
0.74671,32767
0.74697,32767
0.74722,32767
0.74749,32767
0.74784,32767
0.74811,32767
0.74845,32767
0.74872,32767
0.74896,32767
0.74925,32767
0.74958,32767
0.74988,32767
0.75021,32767
0.75050,32767
0.75082,32767
0.75113,32767
0.75142,32767
0.75172,32767
0.75205,32767
0.75245,32767
0.75282,32767
0.75311,32767
0.75345,32767
0.75377,32767
0.75408,32767
0.75440,32767
0.75468,32767
0.75500,32767
0.75533,32767
0.75563,32767
0.75593,32767
0.75622,32767
0.75653,32767
0.75681,32767
0.75712,32767
0.75743,32767
0.75780,32767
0.75811,32767
0.75843,32767
0.75876,32767
0.75905,32767
0.75936,32767
0.75967,32767
0.75999,32767
0.76026,32767
0.76059,32767
0.76086,32767
0.76118,32767
0.76145,32767
0.76180,32767
0.76208,32767
0.76238,32767
0.76271,32767
0.76302,32767
0.76359,32767
0.76395,32767
0.76426,32767
0.76455,32767
0.76483,32767
0.76512,32767
0.76543,32767
0.76569,32767
0.76596,32767
0.76625,32767
0.76654,32767
0.76683,32767
0.76711,32767
0.76741,32767
0.76771,32767
0.76803,32767
0.76858,32767
0.76898,32767
0.76932,32767
0.76961,32767
0.76988,32767
0.77020,32767
0.77050,32767
0.77082,32767
0.77114,32767
0.77145,32767
0.77177,32767
0.77212,32767
0.77242,32767
0.77272,32767
0.77296,32767
0.77323,32767
0.77357,32767
0.77382,32767
0.77409,32767
0.77436,32767
0.77468,32767
0.77495,32767
0.77521,32767
0.77549,32767
0.77582,32767
0.77607,32767
0.77634,32767
0.77661,32767
0.77694,32767
0.77724,32767
0.77757,32767
0.77785,32767
0.77810,32767
0.77835,32767
0.77865,32767
0.77891,32767
0.77918,32767
0.77944,32767
0.77972,32767
0.77996,32767
0.78024,32767
0.78057,32767
0.78094,32767
0.78153,32767
0.78185,32767
0.78213,32767
0.78243,32767
0.78272,32767
0.78299,32767
0.78330,32767
0.78358,32767
0.78382,32767
0.78417,32767
0.78447,32767
0.78476,32767
0.78503,32767
0.78528,32767
0.78553,32767
0.78577,32767
0.78602,32767
0.78629,32767
0.78657,32767
0.78684,32767
0.78711,32767
0.78738,32767
0.78765,32767
0.78795,32767
0.78819,32767
0.78845,32767
0.78872,32767
0.78896,32767
0.78924,32767
0.78957,32767
0.78984,32767
0.79011,32767
0.79044,32767
0.79072,32767
0.79101,32767
0.79127,32767
0.79153,32767
0.79177,32767
0.79205,32767
0.79230,32767
0.79257,32767
0.79284,32767
0.79311,32767
0.79336,32767
0.79370,32767
0.79399,32767
0.79432,32767
0.79457,32767
0.79483,32767
0.79509,32767
0.79535,32767
0.79561,32767
0.79592,32767
0.79619,32767
0.79645,32767
0.79670,32767
0.79699,32767
0.79732,32767
0.79758,32767
0.79788,32767
0.79818,32767
0.79843,32767
0.79874,32767
0.79931,32767
0.79963,32767
0.79992,32767
0.80019,32767
0.80047,32767
0.80074,32767
0.80105,32767
0.80130,32767
0.80158,32767
0.80182,32767
0.80209,32767
0.80237,32767
0.80269,32767
0.80297,32767
0.80323,32767
0.80349,32767
0.80382,32767
0.80407,32767
0.80432,32767
0.80459,32767
0.80483,32767
0.80512,32767
0.80537,32767
0.80570,32767
0.80599,32767
0.80632,32767
0.80659,32767
0.80684,32767
0.80712,32767
0.80736,32767
0.80768,32767
0.80794,32767
0.80820,32767
0.80846,32767
0.80874,32767
0.80907,32767
0.80934,32767
0.80961,32767
0.80995,32767
0.81022,32767
0.81046,32767
0.81073,32767
0.81098,32767
0.81122,32767
0.81147,32767
0.81174,32767
0.81207,32767
0.81232,32767
0.81260,32767
0.81283,32767
0.81310,32767
0.81335,32767
0.81362,32767
0.81393,32767
0.81418,32767
0.81443,32767
0.81472,32767
0.81498,32767
0.81554,32767
0.81591,32767
0.81619,32767
0.81645,32767
0.81674,32767
0.81707,32767
0.81732,32767
0.81760,32767
0.81787,32767
0.81818,32767
0.81843,32767
0.81870,32767
0.81898,32767
0.81925,32767
0.81955,32767
0.81982,32767
0.82012,32767
0.82038,32767
0.82065,32767
0.82091,32767
0.82118,32767
0.82142,32767
0.82170,32767
0.82197,32767
0.82223,32767
0.82257,32767
0.82284,32767
0.82313,32767
0.82340,32767
0.82365,32767
0.82391,32767
0.82417,32767
0.82442,32767
0.82470,32767
0.82497,32767
0.82523,32767
0.82557,32767
0.82585,32767
0.82613,32767
0.82640,32767
0.82665,32767
0.82691,32767
0.82717,32767
0.82742,32767
0.82770,32767
0.82794,32767
0.82822,32767
0.82846,32767
0.82874,32767
0.82907,32767
0.82932,32767
0.82957,32767
0.82983,32767
0.83011,32767
0.83042,32767
0.83070,32767
0.83095,32767
0.83120,32767
0.83144,32767
0.83172,32767
0.83199,32767
0.83230,32767
0.83255,32767
0.83283,32767
0.83309,32767
0.83336,32767
0.83370,32767
0.83395,32767
0.83422,32767
0.83447,32767
0.83472,32767
0.83500,32767
0.83528,32767
0.83553,32767
0.83579,32767
0.83607,32767
0.83632,32767
0.83658,32767
0.83687,32767
0.83719,32767
0.83748,32767
0.83776,32767
0.83804,32767
0.83829,32767
0.83856,32767
0.83884,32767
0.83911,32767
0.83942,32767
0.83970,32767
0.83995,32767
0.84023,32767
0.84050,32767
0.84081,32767
0.84110,32767
0.84135,32767
0.84160,32767
0.84192,32767
0.84221,32767
0.84249,32767
0.84274,32767
0.84306,32767
0.84333,32767
0.84361,32767
0.84387,32767
0.84418,32767
0.84444,32767
0.84473,32767
0.84498,32767
0.84529,32767
0.84558,32767
0.84588,32767
0.84618,32767
0.84648,32767
0.84675,32767
0.84703,32767
0.84732,32767
0.84764,32767
0.84791,32767
0.84819,32767
0.84849,32767
0.84881,32767
0.84908,32767
0.84935,32767
0.84962,32767
0.84993,32767
0.85018,32767
0.85047,32767
0.85071,32767
0.85100,32767
0.85131,32767
0.85160,32767
0.85186,32767
0.85209,32767
0.85236,32767
0.85265,32767
0.85295,32767
0.85322,32767
0.85351,32767
0.85380,32767
0.85405,32767
0.85432,32767
0.85460,32767
0.85489,32767
0.85516,32767
0.85545,32767
0.85575,32767
0.85606,32767
0.85630,32767
0.85657,32767
0.85682,32767
0.85707,32767
0.85738,32767
0.85770,32767
0.85795,32767
0.85820,32767
0.85845,32767
0.85870,32767
0.85895,32767
0.85922,32767
0.85949,32767
0.85980,32767
0.86006,32767
0.86036,32767
0.86064,32767
0.86091,32767
0.86120,32767
0.86145,32767
0.86170,32767
0.86195,32767
0.86224,32767
0.86252,32767
0.86278,32767
0.86308,32767
0.86333,32767
0.86362,32767
0.86395,32767
0.86420,32767
0.86445,32767
0.86470,32767
0.86495,32767
0.86520,32767
0.86549,32767
0.86580,32767
0.86606,32767
0.86636,32767
0.86664,32767
0.86693,32767
0.86722,32767
0.86748,32767
0.86772,32767
0.86798,32767
0.86824,32767
0.86855,32767
0.86882,32767
0.86907,32767
0.86933,32767
0.86962,32767
0.86993,32767
0.87022,32767
0.87047,32767
0.87073,32767
0.87099,32767
0.87132,32767
0.87159,32767
0.87186,32767
0.87218,32767
0.87246,32767
0.87274,32767
0.87300,32767
0.87332,32767
0.87358,32767
0.87386,32767
0.87417,32767
0.87445,32767
0.87474,32767
0.87508,32767
0.87536,32767
0.87567,32767
0.87595,32767
0.87620,32767
0.87645,32767
0.87675,32767
0.87705,32767
0.87731,32767
0.87756,32767
0.87784,32767
0.87811,32767
0.87840,32767
0.87868,32767
0.87893,32767
0.87918,32767
0.87943,32767
0.87968,32767
0.87995,32767
0.88020,32767
0.88045,32767
0.88074,32767
0.88105,32767
0.88130,32767
0.88156,32767
0.88182,32767
0.88207,32767
0.88235,32767
0.88261,32767
0.88291,32767
0.88320,32767
0.88349,32767
0.88382,32767
0.88407,32767
0.88432,32767
0.88458,32767
0.88487,32767
0.88520,32767
0.88549,32767
0.88582,32767
0.88607,32767
0.88633,32767
0.88657,32767
0.88685,32767
0.88712,32767
0.88741,32767
0.88771,32767
0.88799,32767
0.88833,32767
0.88860,32767
0.88883,32767
0.88911,32767
0.88941,32767
0.88966,32767
0.88995,32767
0.89021,32767
0.89049,32767
0.89082,32767
0.89108,32767
0.89136,32767
0.89162,32767
0.89194,32767
0.89223,32767
0.89250,32767
0.89286,32767
0.89319,32767
0.89345,32767
0.89373,32767
0.89404,32767
0.89430,32767
0.89455,32767
0.89480,32767
0.89506,32767
0.89530,32767
0.89555,32767
0.89582,32767
0.89612,32767
0.89643,32767
0.89668,32767
0.89694,32767
0.89722,32767
0.89746,32767
0.89772,32767
0.89798,32767
0.89824,32767
0.89855,32767
0.89880,32767
0.89910,32767
0.89935,32767
0.89959,32767
0.89988,32767
0.90020,32767
0.90047,32767
0.90072,32767
0.90098,32767
0.90124,32767
0.90155,32767
0.90180,32767
0.90206,32767
0.90230,32767
0.90256,32767
0.90281,32767
0.90308,32767
0.90335,32767
0.90364,32767
0.90391,32767
0.90416,32767
0.90445,32767
0.90470,32767
0.90499,32767
0.90533,32767
0.90558,32767
0.90588,32767
0.90620,32767
0.90645,32767
0.90670,32767
0.90698,32767
0.90728,32767
0.90757,32767
0.90785,32767
0.90814,32767
0.90846,32767
0.90871,32767
0.90901,32767
0.90933,32767
0.90963,32767
0.91000,32767
0.91030,32767
0.91056,32767
0.91094,32767
0.91126,32767
0.91155,32767
0.91186,32767
0.91219,32767
0.91256,32767
0.91293,32767
0.91329,32767
0.91361,32767
0.91392,32767
0.91419,32767
0.91446,32767
0.91474,32767
0.91506,32767
0.91534,32767
0.91561,32767
0.91589,32767
0.91618,32767
0.91647,32767
0.91676,32767
0.91706,32767
0.91735,32767
0.91764,32767
0.91793,32767
0.91822,32767
0.91852,32767
0.91881,32767
0.91911,32767
0.91939,32767
0.91966,32767
0.91995,32767
0.92024,32767
0.92058,32767
0.92087,32767
0.92118,32767
0.92148,32767
0.92179,32767
0.92208,32767
0.92238,32767
0.92268,32767
0.92296,32767
0.92320,32767
0.92345,32767
0.92373,32767
0.92400,32767
0.92437,32767
0.92467,32767
0.92494,32767
0.92534,32767
0.92563,32767
0.92601,32767
0.92632,32767
0.92660,32767
0.92689,32767
0.92716,32767
0.92745,32767
0.92774,32767
0.92807,32767
0.92836,32767
0.92866,32767
0.92897,32767
0.92927,32767
0.92955,32767
0.92982,32767
0.93009,32767
0.93037,32767
0.93066,32767
0.93093,32767
0.93125,32767
0.93155,32767
0.93190,32767
0.93223,32767
0.93252,32767
0.93286,32767
0.93320,32767
0.93352,32767
0.93387,32767
0.93421,32767
0.93452,32767
0.93486,32767
0.93522,32767
0.93556,32767
0.93596,32767
0.93631,32767
0.93666,32767
0.93699,32767
0.93733,32767
0.93767,32767
0.93798,32767
0.93835,32767
0.93871,32767
0.93910,32767
0.93946,32767
0.93977,32767
0.94016,32767
0.94049,32767
0.94082,32767
0.94129,32767
0.94165,32767
0.94197,32767
0.94232,32767
0.94266,32767
0.94294,32767
0.94337,32767
0.94374,32767
0.94468,32767
0.94527,32767
0.94566,32767
0.94615,32767
0.94654,32767
0.94693,32767
0.94734,32767
0.94780,32767
0.94827,32767
0.94861,32767
0.94896,32767
0.94931,32767
0.94965,32767
0.95002,32767
0.95042,32767
0.95077,32767
0.95110,32767
0.95140,32767
0.95183,32767
0.95222,32767
0.95267,32767
0.95298,32767
0.95326,32767
0.95358,32767
0.95386,32767
0.95416,32767
0.95448,32767
0.95476,32767
0.95507,32767
0.95536,32767
0.95567,32767
0.95594,32767
0.95657,32767
0.95698,32767
0.95742,32767
0.95769,32767
0.95796,32767
0.95829,32767
0.95858,32767
0.95883,32767
0.95910,32767
0.95938,32767
0.95968,32767
0.95993,32767
0.96021,32767
0.96047,32767
0.96073,32767
0.96097,32767
0.96124,32767
0.96169,32767
0.96239,32767
0.96268,32767
0.96296,32767
0.96323,32767
0.96351,32767
0.96381,32767
0.96407,32767
0.96435,32767
0.96467,32767
0.96494,32767
0.96523,32767
0.96551,32767
0.96584,32767
0.96614,32767
0.96642,32767
0.96669,32767
0.96697,32767
0.96725,32767
0.96756,32767
0.96785,32767
0.96824,32767
0.96855,32767
0.96882,32767
0.96910,32767
0.96938,32767
0.96967,32767
0.96995,32767
0.97022,32767
0.97049,32767
0.97077,32767
0.97110,32767
0.97143,32767
0.97174,32767
0.97205,32767
0.97237,32767
0.97271,32767
0.97301,32767
0.97333,32767
0.97362,32767
0.97394,32767
0.97423,32767
0.97452,32767
0.97480,32767
0.97511,32767
0.97539,32767
0.97569,32767
0.97600,32767
0.97630,32767
0.97659,32767
0.97687,32767
0.97717,32767
0.97744,32767
0.97774,32767
0.97805,32767
0.97837,32767
0.97869,32767
0.97897,32767
0.97925,32767
0.97959,32767
0.98028,32767
0.98062,32767
0.98092,32767
0.98125,32767
0.98157,32767
0.98184,32767
0.98213,32767
0.98244,32767
0.98273,32767
0.98301,32767
0.98331,32767
0.98360,32767
0.98391,32767
0.98421,32767
0.98451,32767
0.98481,32767
0.98510,32767
0.98543,32767
0.98573,32767
0.98601,32767
0.98631,32767
0.98660,32767
0.98689,32767
0.98719,32767
0.98747,32767
0.98775,32767
0.98806,32767
0.98835,32767
0.98866,32767
0.98891,32767
0.98918,32767
0.98943,32767
0.98968,32767
0.98993,32767
0.99022,32767
0.99048,32767
0.99078,32767
0.99107,32767
0.99132,32767
0.99159,32767
0.99185,32767
0.99212,32767
0.99243,32767
0.99268,32767
0.99299,32767
0.99332,32767
0.99357,32767
0.99387,32767
0.99420,32767
0.99445,32767
0.99471,32767
0.99500,32767
0.99530,32767
0.99555,32767
0.99580,32767
0.99607,32767
0.99633,32767
0.99660,32767
0.99689,32767
0.99717,32767
0.99749,32767
0.99783,32767
0.99819,32767
0.99844,32767
0.99873,32767
0.99900,32767
0.99931,32767
0.99960,32767
0.99987,32767
1.00018,32767
1.00046,32767
1.00073,32767
1.00101,32767
1.00130,32767
1.00155,32767
1.00181,32767
1.00207,32767
1.00232,32767
1.00258,32767
1.00287,32767
1.00316,32767
1.00340,32767
1.00366,32767
1.00395,32767
1.00424,32767
1.00457,32767
1.00482,32767
1.00508,32767
1.00534,32767
1.00561,32767
1.00593,32767
1.00617,32767
1.00645,32767
1.00673,32767
1.00703,32767
1.00733,32767
1.00757,32767
1.00783,32767
1.00808,32767
1.00837,32767
1.00867,32767
1.00894,32767
1.00920,32767
1.00949,32767
1.00982,32767
1.01007,32767
1.01035,32767
1.01058,32767
1.01086,32767
1.01120,32767
1.01149,32767
1.01182,32767
1.01207,32767
1.01232,32767
1.01257,32767
1.01284,32767
1.01308,32767
1.01334,32767
1.01362,32767
1.01393,32767
1.01419,32767
1.01491,32767
1.01522,32767
1.01552,32767
1.01579,32767
1.01614,32767
1.01644,32767
1.01672,32767
1.01699,32767
1.01730,32767
1.01755,32767
1.01782,32767
1.01811,32767
1.01844,32767
1.01872,32767
1.01902,32767
1.01933,32767
1.01961,32767
1.01995,32767
1.02020,32767
1.02047,32767
1.02073,32767
1.02096,32767
1.02124,32767
1.02155,32767
1.02180,32767
1.02208,32767
1.02236,32767
1.02267,32767
1.02294,32767
1.02322,32767
1.02348,32767
1.02382,32767
1.02409,32767
1.02439,32767
1.02465,32767
1.02490,32767
1.02515,32767
1.02541,32767
1.02571,32767
1.02599,32767
1.02631,32767
1.02659,32767
1.02685,32767
1.02718,32767
1.02747,32767
1.02773,32767
1.02805,32767
1.02831,32767
1.02859,32767
1.02884,32767
1.02912,32767
1.02941,32767
1.02969,32767
1.02995,32767
1.03024,32767
1.03054,32767
1.03083,32767
1.03111,32767
1.03139,32767
1.03169,32767
1.03200,32767
1.03267,32767
1.03306,32767
1.03344,32767
1.03370,32767
1.03399,32767
1.03434,32767
1.03462,32767
1.03495,32767
1.03525,32767
1.03556,32767
1.03585,32767
1.03611,32767
1.03637,32767
1.03674,32767
1.03704,32767
1.03732,32767
1.03760,32767
1.03789,32767
1.03815,32767
1.03841,32767
1.03869,32767
1.03900,32767
1.03934,32767
1.03959,32767
1.03988,32767
1.04015,32767
1.04038,32767
1.04066,32767
1.04094,32767
1.04126,32767
1.04155,32767
1.04184,32767
1.04212,32767
1.04246,32767
1.04274,32767
1.04308,32767
1.04335,32767
1.04359,32767
1.04389,32767
1.04421,32767
1.04450,32767
1.04483,32767
1.04513,32767
1.04543,32767
1.04574,32767
1.04601,32767
1.04635,32767
1.04665,32767
1.04693,32767
1.04727,32767
1.04758,32767
1.04788,32767
1.04819,32767
1.04860,32767
1.04891,32767
1.04920,32767
1.04954,32767
1.05002,32767
1.05046,32767
1.05081,32767
1.05127,32767
1.05174,32767
1.05207,32767
1.05246,32767
1.05280,32767
1.05319,32767
1.05358,32767
1.05396,32767
1.05431,32767
1.05467,32767
1.05503,32767
1.05539,32767
1.05577,32767
1.05611,32767
1.05647,32767
1.05686,32767
1.05721,32767
1.05751,32767
1.05795,32767
1.05828,32767
1.05864,32767
1.05899,32767
1.05929,32767
1.05957,32767
1.05986,32767
1.06020,32767
1.06047,32767
1.06074,32767
1.06099,32767
1.06132,32767
1.06159,32767
1.06188,32767
1.06218,32767
1.06248,32767
1.06276,32767
1.06307,32767
1.06334,32767
1.06365,32767
1.06394,32767
1.06424,32767
1.06452,32767
1.06479,32767
1.06508,32767
1.06538,32767
1.06571,32767
1.06604,32767
1.06640,32767
1.06668,32767
1.06694,32767
1.06724,32767
1.06754,32767
1.06827,32767
1.06862,32767
1.06894,32767
1.06927,32767
1.06956,32767
1.06986,32767
1.07018,32767
1.07049,32767
1.07077,32767
1.07108,32767
1.07140,32767
1.07169,32767
1.07198,32767
1.07226,32767
1.07255,32767
1.07282,32767
1.07309,32767
1.07339,32767
1.07368,32767
1.07399,32767
1.07428,32767
1.07455,32767
1.07484,32767
1.07512,32767
1.07542,32767
1.07572,32767
1.07599,32767
1.07627,32767
1.07655,32767
1.07682,32767
1.07709,32767
1.07738,32767
1.07767,32767
1.07795,32767
1.07821,32767
1.07850,32767
1.07880,32767
1.07909,32767
1.07938,32767
1.07967,32767
1.07994,32767
1.08025,32767
1.08056,32767
1.08086,32767
1.08117,32767
1.08146,32767
1.08187,32767
1.08219,32767
1.08254,32767
1.08283,32767
1.08310,32767
1.08341,32767
1.08370,32767
1.08401,32767
1.08433,32767
1.08462,32767
1.08494,32767
1.08523,32767
1.08551,32767
1.08590,32767
1.08655,32767
1.08685,32767
1.08717,32767
1.08744,32767
1.08772,32767
1.08799,32767
1.08831,32767
1.08860,32767
1.08889,32767
1.08917,32767
1.08945,32767
1.08970,32767
1.08997,32767
1.09025,32767
1.09056,32767
1.09085,32767
1.09110,32767
1.09135,32767
1.09166,32767
1.09194,32767
1.09223,32767
1.09250,32767
1.09281,32767
1.09309,32767
1.09335,32767
1.09360,32767
1.09385,32767
1.09408,32767
1.09436,32767
1.09462,32767
1.09494,32767
1.09523,32767
1.09554,32767
1.09583,32767
1.09612,32767
1.09641,32767
1.09671,32767
1.09699,32767
1.09725,32767
1.09767,32767
1.09793,32767
1.09820,32767
1.09847,32767
1.09875,32767
1.09906,32767
1.09937,32767
1.09961,32767
1.09995,32767
1.10020,32767
1.10045,32767
1.10070,32767
1.10095,32767
1.10120,32767
1.10147,32767
1.10172,32767
1.10202,32767
1.10232,32767
1.10260,32767
1.10284,32767
1.10311,32767
1.10340,32767
1.10365,32767
1.10410,32767
1.10438,32767
1.10472,32767
1.10501,32767
1.10526,32767
1.10555,32767
1.10581,32767
1.10605,32767
1.10630,32767
1.10657,32767
1.10686,32767
1.10718,32767
1.10742,32767
1.10770,32767
1.10799,32767
1.10832,32767
1.10859,32767
1.10886,32767
1.10920,32767
1.10944,32767
1.10970,32767
1.10999,32767
1.11032,32767
1.11057,32767
1.11083,32767
1.11109,32767
1.11136,32767
1.11168,32767
1.11193,32767
1.11222,32767
1.11246,32767
1.11274,32767
1.11309,32767
1.11347,32767
1.11374,32767
1.11406,32767
1.11436,32767
1.11467,32767
1.11495,32767
1.11541,32767
1.11571,32767
1.11601,32767
1.11631,32767
1.11660,32767
1.11686,32767
1.11718,32767
1.11743,32767
1.11768,32767
1.11803,32767
1.11831,32767
1.11858,32767
1.11886,32767
1.11912,32767
1.11945,32767
1.11974,32767
1.12008,32767
1.12039,32767
1.12068,32767
1.12116,32767
1.12145,32767
1.12185,32767
1.12217,32767
1.12246,32767
1.12273,32767
1.12304,32767
1.12333,32767
1.12362,32767
1.12395,32767
1.12422,32767
1.12450,32767
1.12481,32767
1.12510,32767
1.12539,32767
1.12568,32767
1.12598,32767
1.12626,32767
1.12656,32767
1.12685,32767
1.12715,32767
1.12741,32767
1.12770,32767
1.12797,32767
1.12826,32767
1.12856,32767
1.12893,32767
1.12921,32767
1.12956,32767
1.12983,32767
1.13012,32767
1.13047,32767
1.13071,32767
1.13099,32767
1.13133,32767
1.13162,32767
1.13195,32767
1.13225,32767
1.13256,32767
1.13284,32767
1.13309,32767
1.13337,32767
1.13371,32767
1.13399,32767
1.13433,32767
1.13462,32767
1.13493,32767
1.13518,32767
1.13543,32767
1.13568,32767
1.13595,32767
1.13620,32767
1.13649,32767
1.13682,32767
1.13708,32767
1.13732,32767
1.13757,32767
1.13783,32767
1.13811,32767
1.13845,32767
1.13870,32767
1.13954,32767
1.13988,32767
1.14021,32767
1.14051,32767
1.14082,32767
1.14109,32767
1.14135,32767
1.14164,32767
1.14191,32767
1.14219,32767
1.14246,32767
1.14275,32767
1.14306,32767
1.14336,32767
1.14367,32767
1.14395,32767
1.14437,32767
1.14474,32767
1.14506,32767
1.14540,32767
1.14569,32767
1.14603,32767
1.14636,32767
1.14664,32767
1.14693,32767
1.14726,32767
1.14758,32767
1.14790,32767
1.14830,32767
1.14862,32767
1.14895,32767
1.14926,32767
1.14956,32767
1.14988,32767
1.15020,32767
1.15050,32767
1.15081,32767
1.15110,32767
1.15139,32767
1.15168,32767
1.15197,32767
1.15227,32767
1.15257,32767
1.15287,32767
1.15318,32767
1.15347,32767
1.15374,32767
1.15406,32767
1.15436,32767
1.15463,32767
1.15494,32767
1.15526,32767
1.15555,32767
1.15584,32767
1.15612,32767
1.15657,32767
1.15722,32767
1.15754,32767
1.15783,32767
1.15815,32767
1.15844,32767
1.15873,32767
1.15899,32767
1.15926,32767
1.15959,32767
1.15990,32767
1.16019,32767
1.16046,32767
1.16073,32767
1.16097,32767
1.16122,32767
1.16150,32767
1.16181,32767
1.16206,32767
1.16232,32767
1.16257,32767
1.16282,32767
1.16307,32767
1.16334,32767
1.16360,32767
1.16388,32767
1.16418,32767
1.16447,32767
1.16473,32767
1.16497,32767
1.16523,32767
1.16550,32767
1.16580,32767
1.16605,32767
1.16630,32767
1.16657,32767
1.16682,32767
1.16707,32767
1.16732,32767
1.16757,32767
1.16784,32767
1.16810,32767
1.16838,32767
1.16866,32767
1.16890,32767
1.16915,32767
1.16940,32767
1.16965,32767
1.16990,32767
1.17019,32767
1.17045,32767
1.17070,32767
1.17095,32767
1.17119,32767
1.17144,32767
1.17171,32767
1.17199,32767
1.17230,32767
1.17255,32767
1.17280,32767
1.17305,32767
1.17330,32767
1.17355,32767
1.17383,32767
1.17409,32767
1.17432,32767
1.17474,32767
1.17498,32767
1.17529,32767
1.17557,32767
1.17583,32767
1.17612,32767
1.17638,32767
1.17667,32767
1.17692,32767
1.17716,32767
1.17741,32767
1.17777,32767
1.17811,32767
1.17848,32767
1.17876,32767
1.17903,32767
1.17938,32767
1.17965,32767
1.17990,32767
1.18015,32767
1.18042,32767
1.18069,32767
1.18096,32767
1.18124,32767
1.18157,32767
1.18184,32767
1.18211,32767
1.18245,32767
1.18274,32767
1.18307,32767
1.18334,32767
1.18361,32767
1.18394,32767
1.18422,32767
1.18449,32767
1.18482,32767
1.18509,32767
1.18536,32767
1.18571,32767
1.18599,32767
1.18632,32767
1.18659,32767
1.18684,32767
1.18711,32767
1.18734,32767
1.18761,32767
1.18793,32767
1.18819,32767
1.18845,32767
1.18871,32767
1.18899,32767
1.18932,32767
1.18957,32767
1.18985,32767
1.19010,32767
1.19036,32767
1.19064,32767
1.19093,32767
1.19118,32767
1.19151,32767
1.19198,32767
1.19230,32767
1.19260,32767
1.19290,32767
1.19322,32767
1.19345,32767
1.19374,32767
1.19408,32767
1.19438,32767
1.19468,32767
1.19496,32767
1.19526,32767
1.19555,32767
1.19580,32767
1.19605,32767
1.19634,32767
1.19661,32767
1.19693,32767
1.19720,32767
1.19748,32767
1.19775,32767
1.19806,32767
1.19835,32767
1.19866,32767
1.19891,32767
1.19920,32767
1.19952,32767
1.19981,32767
1.20010,32767
1.20034,32767
1.20060,32767
1.20087,32767
1.20116,32767
1.20145,32767
1.20175,32767
1.20206,32767
1.20235,32767
1.20263,32767
1.20291,32767
1.20321,32767
1.20348,32767
1.20377,32767
1.20404,32767
1.20462,32767
1.20491,32767
1.20520,32767
1.20544,32767
1.20570,32767
1.20596,32767
1.20624,32767
1.20658,32767
1.20687,32767
1.20718,32767
1.20745,32767
1.20772,32767
1.20796,32767
1.20821,32767
1.20858,32767
1.20887,32767
1.20919,32767
1.20949,32767
1.20975,32767
1.21008,32767
1.21037,32767
1.21067,32767
1.21096,32767
1.21124,32767
1.21150,32767
1.21175,32767
1.21206,32767
1.21232,32767
1.21258,32767
1.21286,32767
1.21310,32767
1.21335,32767
1.21362,32767
1.21393,32767
1.21418,32767
1.21445,32767
1.21481,32767
1.21510,32767
1.21539,32767
1.21568,32767
1.21593,32767
1.21620,32767
1.21648,32767
1.21679,32767
1.21706,32767
1.21733,32767
1.21762,32767
1.21793,32767
1.21820,32767
1.21849,32767
1.21879,32767
1.21908,32767
1.21936,32767
1.21963,32767
1.21994,32767
1.22023,32767
1.22049,32767
1.22079,32767
1.22108,32767
1.22138,32767
1.22170,32767
1.22210,32767
1.22242,32767
1.22269,32767
1.22298,32767
1.22325,32767
1.22355,32767
1.22384,32767
1.22413,32767
1.22441,32767
1.22470,32767
1.22495,32767
1.22524,32767
1.22557,32767
1.22582,32767
1.22607,32767
1.22632,32767
1.22659,32767
1.22699,32767
1.22731,32767
1.22757,32767
1.22786,32767
1.22819,32767
1.22845,32767
1.22874,32767
1.22909,32767
1.22938,32767
1.22966,32767
1.22993,32767
1.23029,32767
1.23064,32767
1.23092,32767
1.23121,32767
1.23152,32767
1.23184,32767
1.23211,32767
1.23238,32767
1.23267,32767
1.23294,32767
1.23322,32767
1.23348,32767
1.23379,32767
1.23408,32767
1.23437,32767
1.23472,32767
1.23498,32767
1.23527,32767
1.23556,32767
1.23585,32767
1.23615,32767
1.23644,32767
1.23671,32767
1.23698,32767
1.23733,32767
1.23764,32767
1.23798,32767
1.23834,32767
1.23861,32767
1.23892,32767
1.23919,32767
1.23947,32767
1.23975,32767
1.24006,32767
1.24035,32767
1.24062,32767
1.24093,32767
1.24123,32767
1.24153,32767
1.24183,32767
1.24211,32767
1.24243,32767
1.24272,32767
1.24302,32767
1.24333,32767
1.24365,32767
1.24393,32767
1.24445,32767
1.24496,32767
1.24543,32767
1.24574,32767
1.24602,32767
1.24633,32767
1.24662,32767
1.24694,32767
1.24721,32767
1.24750,32767
1.24779,32767
1.24807,32767
1.24834,32767
1.24864,32767
1.24894,32767
1.24921,32767
1.24951,32767
1.24979,32767
1.25009,32767
1.25037,32767
1.25067,32767
1.25096,32767
1.25125,32767
1.25156,32767
1.25189,32767
1.25218,32767
1.25249,32767
1.25281,32767
1.25308,32767
1.25337,32767
1.25371,32767
1.25400,32767
1.25431,32767
1.25460,32767
1.25491,32767
1.25520,32767
1.25549,32767
1.25581,32767
1.25611,32767
1.25639,32767
1.25668,32767
1.25698,32767
1.25727,32767
1.25756,32767
1.25785,32767
1.25814,32767
1.25841,32767
1.25871,32767
1.25899,32767
1.25934,32767
1.25960,32767
1.25989,32767
1.26018,32767
1.26047,32767
1.26077,32767
1.26108,32767
1.26137,32767
1.26170,32767
1.26199,32767
1.26232,32767
1.26294,32767
1.26325,32767
1.26355,32767
1.26383,32767
1.26412,32767
1.26442,32767
1.26471,32767
1.26499,32767
1.26529,32767
1.26559,32767
1.26586,32767
1.26612,32767
1.26644,32767
1.26673,32767
1.26699,32767
1.26730,32767
1.26757,32767
1.26795,32767
1.26830,32767
1.26860,32767
1.26889,32767
1.26918,32767
1.26943,32767
1.26968,32767
1.26992,32767
1.27017,32767
1.27045,32767
1.27074,32767
1.27105,32767
1.27132,32767
1.27160,32767
1.27189,32767
1.27216,32767
1.27246,32767
1.27274,32767
1.27300,32767
1.27333,32767
1.27358,32767
1.27389,32767
1.27416,32767
1.27442,32767
1.27469,32767
1.27496,32767
1.27523,32767
1.27551,32767
1.27577,32767
1.27603,32767
1.27628,32767
1.27652,32767
1.27680,32767
1.27707,32767
1.27734,32767
1.27762,32767
1.27794,32767
1.27821,32767
1.27848,32767
1.27881,32767
1.27909,32767
1.27936,32767
1.27969,32767
1.28011,32767
1.28059,32767
1.28088,32767
1.28118,32767
1.28146,32767
1.28172,32767
1.28199,32767
1.28233,32767
1.28262,32767
1.28293,32767
1.28328,32767
1.28355,32767
1.28380,32767
1.28409,32767
1.28436,32767
1.28469,32767
1.28496,32767
1.28524,32767
1.28558,32767
1.28582,32767
1.28607,32767
1.28632,32767
1.28659,32767
1.28686,32767
1.28719,32767
1.28747,32767
1.28776,32767
1.28802,32767
1.28827,32767
1.28854,32767
1.28879,32767
1.28905,32767
1.28932,32767
1.28959,32767
1.28986,32767
1.29019,32767
1.29047,32767
1.29076,32767
1.29103,32767
1.29128,32767
1.29154,32767
1.29180,32767
1.29205,32767
1.29230,32767
1.29255,32767
1.29282,32767
1.29307,32767
1.29332,32767
1.29359,32767
1.29386,32767
1.29418,32767
1.29446,32767
1.29474,32767
1.29505,32767
1.29530,32767
1.29555,32767
1.29582,32767
1.29611,32767
1.29645,32767
1.29674,32767
1.29707,32767
1.29736,32767
1.29800,32767
1.29836,32767
1.29864,32767
1.29891,32767
1.29918,32767
1.29949,32767
1.29983,32767
1.30011,32767
1.30040,32767
1.30066,32767
1.30092,32767
1.30120,32767
1.30148,32767
1.30174,32767
1.30200,32767
1.30228,32767
1.30256,32767
1.30283,32767
1.30310,32767
1.30340,32767
1.30370,32767
1.30395,32767
1.30421,32767
1.30448,32767
1.30476,32767
1.30503,32767
1.30528,32767
1.30555,32767
1.30580,32767
1.30605,32767
1.30633,32767
1.30657,32767
1.30684,32767
1.30711,32767
1.30736,32767
1.30767,32767
1.30792,32767
1.30819,32767
1.30844,32767
1.30872,32767
1.30898,32767
1.30933,32767
1.30961,32767
1.30994,32767
1.31021,32767
1.31049,32767
1.31082,32767
1.31109,32767
1.31137,32767
1.31167,32767
1.31192,32767
1.31219,32767
1.31245,32767
1.31272,32767
1.31298,32767
1.31330,32767
1.31357,32767
1.31384,32767
1.31411,32767
1.31451,32767
1.31499,32767
1.31530,32767
1.31556,32767
1.31585,32767
1.31617,32767
1.31646,32767
1.31675,32767
1.31707,32767
1.31736,32767
1.31763,32767
1.31793,32767
1.31818,32767
1.31843,32767
1.31870,32767
1.31897,32767
1.31925,32767
1.31956,32767
1.31985,32767
1.32013,32767
1.32043,32767
1.32072,32767
1.32098,32767
1.32124,32767
1.32149,32767
1.32179,32767
1.32206,32767
1.32233,32767
1.32258,32767
1.32287,32767
1.32319,32767
1.32346,32767
1.32373,32767
1.32399,32767
1.32431,32767
1.32460,32767
1.32486,32767
1.32516,32767
1.32545,32767
1.32574,32767
1.32601,32767
1.32630,32767
1.32656,32767
1.32683,32767
1.32711,32767
1.32737,32767
1.32769,32767
1.32796,32767
1.32824,32767
1.32854,32767
1.32883,32767
1.32911,32767
1.32938,32767
1.32969,32767
1.33010,32767
1.33040,32767
1.33100,32767
1.33137,32767
1.33162,32767
1.33201,32767
1.33229,32767
1.33257,32767
1.33283,32767
1.33307,32767
1.33333,32767
1.33356,32767
1.33379,32767
1.33406,32767
1.33429,32767
1.33454,32767
1.33479,32767
1.33504,32767
1.33529,32767
1.33554,32767
1.33579,32767
1.33604,32767
1.33631,32767
1.33654,32767
1.33680,32767
1.33704,32767
1.33729,32767
1.33754,32767
1.33779,32767
1.33804,32767
1.33829,32767
1.33854,32767
1.33879,32767
1.33906,32767
1.33929,32767
1.33955,32767
1.33979,32767
1.34004,32767
1.34029,32767
1.34056,32767
1.34079,32767
1.34107,32767
1.34134,32767
1.34163,32767
1.34188,32767
1.34211,32767
1.34243,32767
1.34267,32767
1.34295,32767
1.34322,32767
1.34348,32767
1.34380,32767
1.34407,32767
1.34432,32767
1.34457,32767
1.34482,32767
1.34507,32767
1.34535,32767
1.34570,32767
1.34596,32767
1.34624,32767
1.34657,32767
1.34682,32767
1.34709,32767
1.34734,32767
1.34764,32767
1.34790,32767
1.34815,32767
1.34841,32767
1.34869,32767
1.34895,32767
1.34919,32767
1.34947,32767
1.34973,32767
1.34997,32767
1.35024,32767
1.35057,32767
1.35084,32767
1.35108,32767
1.35138,32767
1.35170,32767
1.35197,32767
1.35224,32767
1.35258,32767
1.35282,32767
1.35307,32767
1.35333,32767
1.35360,32767
1.35385,32767
1.35408,32767
1.35437,32767
1.35470,32767
1.35497,32767
1.35524,32767
1.35557,32767
1.35584,32767
1.35611,32767
1.35645,32767
1.35675,32767
1.35705,32767
1.35730,32767
1.35756,32767
1.35781,32767
1.35808,32767
1.35835,32767
1.35860,32767
1.35889,32767
1.35918,32767
1.35947,32767
1.35978,32767
1.36007,32767
1.36032,32767
1.36058,32767
1.36087,32767
1.36118,32767
1.36143,32767
1.36168,32767
1.36196,32767
1.36222,32767
1.36251,32767
1.36280,32767
1.36307,32767
1.36334,32767
1.36362,32767
1.36395,32767
1.36421,32767
1.36448,32767
1.36483,32767
1.36507,32767
1.36541,32767
1.36566,32767
1.36593,32767
1.36620,32767
1.36645,32767
1.36671,32767
1.36699,32767
1.36733,32767
1.36757,32767
1.36782,32767
1.36810,32767
1.36836,32767
1.36859,32767
1.36890,32767
1.36915,32767
1.36942,32767
1.36971,32767
1.36997,32767
1.37021,32767
1.37049,32767
1.37082,32767
1.37107,32767
1.37132,32767
1.37157,32767
1.37185,32767
1.37208,32767
1.37236,32767
1.37271,32767
1.37299,32767
1.37330,32767
1.37357,32767
1.37385,32767
1.37416,32767
1.37441,32767
1.37470,32767
1.37500,32767
1.37534,32767
1.37564,32767
1.37595,32767
1.37620,32767
1.37649,32767
1.37683,32767
1.37713,32767
1.37743,32767
1.37772,32767
1.37796,32767
1.37826,32767
1.37856,32767
1.37885,32767
1.37913,32767
1.37945,32767
1.37970,32767
1.37997,32767
1.38022,32767
1.38046,32767
1.38074,32767
1.38107,32767
1.38136,32767
1.38170,32767
1.38195,32767
1.38225,32767
1.38258,32767
1.38282,32767
1.38307,32767
1.38332,32767
1.38357,32767
1.38382,32767
1.38407,32767
1.38437,32767
1.38470,32767
1.38495,32767
1.38523,32767
1.38551,32767
1.38580,32767
1.38605,32767
1.38631,32767
1.38658,32767
1.38685,32767
1.38710,32767
1.38741,32767
1.38770,32767
1.38795,32767
1.38823,32767
1.38851,32767
1.38880,32767
1.38905,32767
1.38930,32767
1.38957,32767
1.38984,32767
1.39011,32767
1.39045,32767
1.39072,32767
1.39096,32767
1.39125,32767
1.39157,32767
1.39184,32767
1.39211,32767
1.39245,32767
1.39270,32767
1.39295,32767
1.39320,32767
1.39347,32767
1.39374,32767
1.39405,32767
1.39433,32767
1.39461,32767
1.39493,32767
1.39517,32767
1.39544,32767
1.39569,32767
1.39597,32767
1.39621,32767
1.39648,32767
1.39674,32767
1.39705,32767
1.39733,32767
1.39761,32767
1.39793,32767
1.39817,32767
1.39844,32767
1.39870,32767
1.39894,32767
1.39923,32767
1.39953,32767
1.39978,32767
1.40005,32767
1.40033,32767
1.40061,32767
1.40093,32767
1.40118,32767
1.40142,32767
1.40167,32767
1.40192,32767
1.40219,32767
1.40247,32767
1.40274,32767
1.40307,32767
1.40334,32767
1.40361,32767
1.40395,32767
1.40422,32767
1.40450,32767
1.40480,32767
1.40505,32767
1.40530,32767
1.40560,32767
1.40584,32767
1.40611,32767
1.40644,32767
1.40670,32767
1.40697,32767
1.40723,32767
1.40755,32767
1.40780,32767
1.40807,32767
1.40837,32767
1.40870,32767
1.40899,32767
1.40928,32767
1.40959,32767
1.40986,32767
1.41020,32767
1.41045,32767
1.41075,32767
1.41108,32767
1.41137,32767
1.41168,32767
1.41196,32767
1.41225,32767
1.41256,32767
1.41286,32767
1.41316,32767
1.41345,32767
1.41374,32767
1.41408,32767
1.41436,32767
1.41471,32767
1.41500,32767
1.41529,32767
1.41558,32767
1.41587,32767
1.41621,32767
1.41649,32767
1.41683,32767
1.41710,32767
1.41737,32767
1.41768,32767
1.41805,32767
1.41833,32767
1.41862,32767
1.41891,32767
1.41920,32767
1.41949,32767
1.41977,32767
1.42006,32767
1.42035,32767
1.42064,32767
1.42093,32767
1.42121,32767
1.42149,32767
1.42183,32767
1.42211,32767
1.42241,32767
1.42271,32767
1.42300,32767
1.42331,32767
1.42360,32767
1.42389,32767
1.42419,32767
1.42453,32767
1.42483,32767
1.42508,32767
1.42538,32767
1.42571,32767
1.42600,32767
1.42627,32767
1.42656,32767
1.42686,32767
1.42712,32767
1.42741,32767
1.42771,32767
1.42798,32767
1.42825,32767
1.42856,32767
1.42883,32767
1.42911,32767
1.42939,32767
1.42968,32767
1.42997,32767
1.43025,32767
1.43056,32767
1.43085,32767
1.43110,32767
1.43139,32767
1.43168,32767
1.43198,32767
1.43227,32767
1.43256,32767
1.43286,32767
1.43316,32767
1.43345,32767
1.43374,32767
1.43408,32767
1.43436,32767
1.43470,32767
1.43502,32767
1.43533,32767
1.43564,32767
1.43595,32767
1.43624,32767
1.43658,32767
1.43687,32767
1.43718,32767
1.43745,32767
1.43774,32767
1.43806,32767
1.43833,32767
1.43861,32767
1.43896,32767
1.43923,32767
1.43950,32767
1.43983,32767
1.44010,32767
1.44039,32767
1.44068,32767
1.44097,32767
1.44129,32767
1.44158,32767
1.44187,32767
1.44222,32767
1.44248,32767
1.44275,32767
1.44306,32767
1.44335,32767
1.44364,32767
1.44393,32767
1.44422,32767
1.44453,32767
1.44483,32767
1.44512,32767
1.44542,32767
1.44570,32767
1.44599,32767
1.44633,32767
1.44662,32767
1.44696,32767
1.44723,32767
1.44753,32767
1.44784,32767
1.44812,32767
1.44844,32767
1.44873,32767
1.44903,32767
1.44933,32767
1.44963,32767
1.44993,32767
1.45023,32767
1.45050,32767
1.45081,32767
1.45110,32767
1.45136,32767
1.45166,32767
1.45199,32767
1.45229,32767
1.45258,32767
1.45287,32767
1.45321,32767
1.45350,32767
1.45383,32767
1.45412,32767
1.45443,32767
1.45472,32767
1.45502,32767
1.45532,32767
1.45560,32767
1.45602,32767
1.45633,32767
1.45654,32767
1.45683,32767
1.45706,32767
1.45729,32767
1.45758,32767
1.45800,32767
1.45853,32767
1.45880,32767
1.45906,32767
1.45943,32767
1.45967,32767
1.45991,32767
1.46020,32767
1.46044,32767
1.46075,32767
1.46105,32767
1.46133,32767
1.46162,32767
1.46191,32767
1.46213,32767
1.46242,32767
1.46277,32767
1.46307,32767
1.46339,32767
1.46371,32767
1.46393,32767
1.46415,32767
1.46440,32767
1.46477,32767
1.46502,32767
1.46529,32767
1.46556,32767
1.46583,32767
1.46607,32767
1.46637,32767
1.46671,32767
1.46701,32767
1.46728,32767
1.46753,32767
1.46778,32767
1.46803,32767
1.46828,32767
1.46853,32767
1.46878,32767
1.46903,32767
1.46928,32767
1.46953,32767
1.46978,32767
1.47003,32767
1.47028,32767
1.47053,32767
1.47078,32767
1.47103,32767
1.47130,32767
1.47156,32767
1.47182,32767
1.47211,32767
1.47245,32767
1.47272,32767
1.47296,32767
1.47324,32767
1.47357,32767
1.47382,32767
1.47407,32767
1.47432,32767
1.47466,32767
1.47490,32767
1.47516,32767
1.47540,32767
1.47574,32767
1.47604,32767
1.47632,32767
1.47659,32767
1.47687,32767
1.47720,32767
1.47746,32767
1.47772,32767
1.47808,32767
1.47836,32767
1.47862,32767
1.47893,32767
1.47918,32767
1.47943,32767
1.47968,32767
1.47995,32767
1.48024,32767
1.48056,32767
1.48085,32767
1.48112,32767
1.48138,32767
1.48170,32767
1.48198,32767
1.48225,32767
1.48256,32767
1.48285,32767
1.48310,32767
1.48337,32767
1.48366,32767
1.48393,32767
1.48420,32767
1.48448,32767
1.48477,32767
1.48506,32767
1.48535,32767
1.48562,32767
1.48593,32767
1.48623,32767
1.48649,32767
1.48675,32767
1.48706,32767
1.48756,32767
1.48794,32767
1.48823,32767
1.48854,32767
1.48878,32767
1.48909,32767
1.48937,32767
1.48969,32767
1.49000,32767
1.49036,32767
1.49075,32767
1.49110,32767
1.49138,32767
1.49166,32767
1.49191,32767
1.49221,32767
1.49248,32767
1.49278,32767
1.49308,32767
1.49338,32767
1.49369,32767
1.49397,32767
1.49421,32767
1.49450,32767
1.49483,32767
1.49512,32767
1.49541,32767
1.49570,32767
1.49599,32767
1.49633,32767
1.49662,32767
1.49696,32767
1.49725,32767
1.49759,32767
1.49790,32767
1.49821,32767
1.49851,32767
1.49881,32767
1.49912,32767
1.49943,32767
1.49973,32767
1.50004,32767
1.50031,32767
1.50062,32767
1.50094,32767
1.50123,32767
1.50152,32767
1.50184,32767
1.50219,32767
1.50248,32767
1.50280,32767
1.50321,32767
1.50358,32767
1.50389,32767
1.50428,32767
1.50463,32767
1.50499,32767
1.50532,32767
1.50564,32767
1.50595,32767
1.50627,32767
1.50654,32767
1.50683,32767
1.50715,32767
1.50746,32767
1.50774,32767
1.50807,32767
1.50837,32767
1.50867,32767
1.50895,32767
1.50924,32767
1.50956,32767
1.50985,32767
1.51014,32767
1.51043,32767
1.51092,32767
1.51127,32767
1.51163,32767
1.51194,32767
1.51227,32767
1.51257,32767
1.51289,32767
1.51323,32767
1.51354,32767
1.51384,32767
1.51416,32767
1.51447,32767
1.51475,32767
1.51502,32767
1.51532,32767
1.51561,32767
1.51590,32767
1.51617,32767
1.51647,32767
1.51675,32767
1.51705,32767
1.51733,32767
1.51762,32767
1.51793,32767
1.51830,32767
1.51859,32767
1.51894,32767
1.51923,32767
1.51956,32767
1.51987,32767
1.52019,32767
1.52050,32767
1.52081,32767
1.52116,32767
1.52148,32767
1.52182,32767
1.52214,32767
1.52245,32767
1.52278,32767
1.52307,32767
1.52341,32767
1.52370,32767
1.52403,32767
1.52437,32767
1.52470,32767
1.52502,32767
1.52537,32767
1.52570,32767
1.52602,32767
1.52637,32767
1.52671,32767
1.52705,32767
1.52734,32767
1.52765,32767
1.52793,32767
1.52828,32767
1.52903,32767
1.52940,32767
1.52973,32767
1.53007,32767
1.53039,32767
1.53069,32767
1.53100,32767
1.53132,32767
1.53160,32767
1.53190,32767
1.53218,32767
1.53247,32767
1.53277,32767
1.53305,32767
1.53334,32767
1.53366,32767
1.53397,32767
1.53432,32767
1.53464,32767
1.53498,32767
1.53532,32767
1.53563,32767
1.53594,32767
1.53625,32767
1.53656,32767
1.53688,32767
1.53721,32767
1.53746,32767
1.53779,32767
1.53822,32767
1.53855,32767
1.53887,32767
1.53918,32767
1.53949,32767
1.53980,32767
1.54007,32767
1.54038,32767
1.54068,32767
1.54099,32767
1.54130,32767
1.54162,32767
1.54193,32767
1.54224,32767
1.54255,32767
1.54287,32767
1.54318,32767
1.54347,32767
1.54376,32767
1.54407,32767
1.54436,32767
1.54464,32767
1.54494,32767
1.54524,32767
1.54550,32767
1.54587,32767
1.54619,32767
1.54655,32767
1.54686,32767
1.54718,32767
1.54748,32767
1.54775,32767
1.54808,32767
1.54838,32767
1.54871,32767
1.54902,32767
1.54935,32767
1.54965,32767
1.54996,32767
1.55026,32767
1.55057,32767
1.55085,32767
1.55115,32767
1.55147,32767
1.55178,32767
1.55205,32767
1.55237,32767
1.55268,32767
1.55300,32767
1.55331,32767
1.55362,32767
1.55390,32767
1.55418,32767
1.55450,32767
1.55482,32767
1.55512,32767
1.55543,32767
1.55574,32767
1.55605,32767
1.55634,32767
1.55665,32767
1.55694,32767
1.55722,32767
1.55752,32767
1.55781,32767
1.55812,32767
1.55841,32767
1.55872,32767
1.55902,32767
1.55932,32767
1.55962,32767
1.55993,32767
1.56022,32767
1.56051,32767
1.56080,32767
1.56109,32767
1.56138,32767
1.56169,32767
1.56199,32767
1.56230,32767
1.56259,32767
1.56288,32767
1.56318,32767
1.56384,32767
1.56424,32767
1.56456,32767
1.56486,32767
1.56516,32767
1.56546,32767
1.56573,32767
1.56604,32767
1.56633,32767
1.56661,32767
1.56685,32767
1.56710,32767
1.56736,32767
1.56766,32767
1.56802,32767
1.56832,32767
1.56859,32767
1.56887,32767
1.56916,32767
1.56946,32767
1.56973,32767
1.56998,32767
1.57024,32767
1.57050,32767
1.57081,32767
1.57110,32767
1.57136,32767
1.57162,32767
1.57187,32767
1.57217,32767
1.57246,32767
1.57274,32767
1.57300,32767
1.57331,32767
1.57361,32767
1.57386,32767
1.57412,32767
1.57444,32767
1.57473,32767
1.57499,32767
1.57525,32767
1.57557,32767
1.57586,32767
1.57611,32767
1.57637,32767
1.57667,32767
1.57694,32767
1.57723,32767
1.57749,32767
1.57775,32767
1.57806,32767
1.57836,32767
1.57863,32767
1.57894,32767
1.57923,32767
1.57951,32767
1.58009,32767
1.58046,32767
1.58081,32767
1.58122,32767
1.58152,32767
1.58179,32767
1.58205,32767
1.58232,32767
1.58258,32767
1.58287,32767
1.58318,32767
1.58344,32767
1.58372,32767
1.58397,32767
1.58422,32767
1.58447,32767
1.58473,32767
1.58499,32767
1.58524,32767
1.58556,32767
1.58585,32767
1.58613,32767
1.58643,32767
1.58672,32767
1.58698,32767
1.58724,32767
1.58756,32767
1.58785,32767
1.58810,32767
1.58837,32767
1.58866,32767
1.58893,32767
1.58921,32767
1.58948,32767
1.58975,32767
1.59006,32767
1.59035,32767
1.59062,32767
1.59093,32767
1.59123,32767
1.59149,32767
1.59179,32767
1.59208,32767
1.59236,32767
1.59262,32767
1.59294,32767
1.59323,32767
1.59349,32767
1.59375,32767
1.59404,32767
1.59431,32767
1.59460,32767
1.59487,32767
1.59527,32767
1.59560,32767
1.59591,32767
1.59620,32767
1.59646,32767
1.59674,32767
1.59706,32767
1.59733,32767
1.59758,32767
1.59783,32767
1.59808,32767
1.59896,32767
1.59929,32767
1.59953,32767
1.59982,32767
1.60007,32767
1.60032,32767
1.60058,32767
1.60085,32767
1.60113,32767
1.60138,32767
1.60170,32767
1.60198,32767
1.60225,32767
1.60256,32767
1.60285,32767
1.60312,32767
1.60338,32767
1.60370,32767
1.60396,32767
1.60423,32767
1.60450,32767
1.60479,32767
1.60506,32767
1.60535,32767
1.60562,32767
1.60594,32767
1.60623,32767
1.60649,32767
1.60681,32767
1.60709,32767
1.60734,32767
1.60762,32767
1.60795,32767
1.60820,32767
1.60845,32767
1.60870,32767
1.60895,32767
1.60920,32767
1.60945,32767
1.60972,32767
1.60997,32767
1.61024,32767
1.61057,32767
1.61085,32767
1.61117,32767
1.61144,32767
1.61170,32767
1.61195,32767
1.61220,32767
1.61247,32767
1.61274,32767
1.61307,32767
1.61332,32767
1.61357,32767
1.61382,32767
1.61407,32767
1.61434,32767
1.61461,32767
1.61495,32767
1.61520,32767
1.61547,32767
1.61576,32767
1.61610,32767
1.61639,32767
1.61671,32767
1.61699,32767
1.61731,32767
1.61760,32767
1.61786,32767
1.61820,32767
1.61847,32767
1.61873,32767
1.61907,32767
1.61934,32767
1.61961,32767
1.61995,32767
1.62021,32767
1.62057,32767
1.62085,32767
1.62108,32767
1.62136,32767
1.62170,32767
1.62195,32767
1.62220,32767
1.62245,32767
1.62272,32767
1.62299,32767
1.62330,32767
1.62357,32767
1.62384,32767
1.62411,32767
1.62445,32767
1.62470,32767
1.62495,32767
1.62520,32767
1.62547,32767
1.62574,32767
1.62605,32767
1.62631,32767
1.62659,32767
1.62685,32767
1.62709,32767
1.62737,32767
1.62768,32767
1.62792,32767
1.62817,32767
1.62845,32767
1.62872,32767
1.62899,32767
1.62930,32767
1.62955,32767
1.62982,32767
1.63007,32767
1.63032,32767
1.63057,32767
1.63084,32767
1.63111,32767
1.63137,32767
1.63168,32767
1.63192,32767
1.63217,32767
1.63243,32767
1.63269,32767
1.63295,32767
1.63324,32767
1.63357,32767
1.63391,32767
1.63421,32767
1.63448,32767
1.63481,32767
1.63508,32767
1.63535,32767
1.63558,32767
1.63586,32767
1.63620,32767
1.63646,32767
1.63674,32767
1.63707,32767
1.63735,32767
1.63761,32767
1.63794,32767
1.63822,32767
1.63849,32767
1.63882,32767
1.63912,32767
1.63936,32767
1.63969,32767
1.63993,32767
1.64016,32767
1.64040,32767
1.64065,32767
1.64090,32767
1.64115,32767
1.64140,32767
1.64165,32767
1.64191,32767
1.64215,32767
1.64245,32767
1.64277,32767
1.64306,32767
1.64336,32767
1.64363,32767
1.64389,32767
1.64415,32767
1.64438,32767
1.64467,32767
1.64498,32767
1.64523,32767
1.64558,32767
1.64584,32767
1.64608,32767
1.64636,32767
1.64670,32767
1.64696,32767
1.64724,32767
1.64757,32767
1.64784,32767
1.64809,32767
1.64834,32767
1.64861,32767
1.64893,32767
1.64920,32767
1.64947,32767
1.64974,32767
1.65009,32767
1.65036,32767
1.65067,32767
1.65108,32767
1.65163,32767
1.65194,32767
1.65220,32767
1.65248,32767
1.65275,32767
1.65305,32767
1.65330,32767
1.65356,32767
1.65385,32767
1.65410,32767
1.65435,32767
1.65460,32767
1.65487,32767
1.65518,32767
1.65551,32767
1.65579,32767
1.65606,32767
1.65633,32767
1.65658,32767
1.65688,32767
1.65718,32767
1.65747,32767
1.65773,32767
1.65800,32767
1.65839,32767
1.65871,32767
1.65899,32767
1.65933,32767
1.65961,32767
1.65995,32767
1.66020,32767
1.66049,32767
1.66083,32767
1.66110,32767
1.66139,32767
1.66168,32767
1.66197,32767
1.66227,32767
1.66258,32767
1.66286,32767
1.66321,32767
1.66349,32767
1.66381,32767
1.66406,32767
1.66435,32767
1.66463,32767
1.66493,32767
1.66522,32767
1.66546,32767
1.66574,32767
1.66607,32767
1.66633,32767
1.66658,32767
1.66685,32767
1.66708,32767
1.66736,32767
1.66766,32767
1.66795,32767
1.66840,32767
1.66904,32767
1.66936,32767
1.66966,32767
1.66995,32767
1.67020,32767
1.67045,32767
1.67073,32767
1.67099,32767
1.67125,32767
1.67156,32767
1.67185,32767
1.67212,32767
1.67237,32767
1.67269,32767
1.67298,32767
1.67323,32767
1.67350,32767
1.67379,32767
1.67406,32767
1.67432,32767
1.67459,32767
1.67486,32767
1.67518,32767
1.67543,32767
1.67568,32767
1.67593,32767
1.67618,32767
1.67642,32767
1.67668,32767
1.67692,32767
1.67720,32767
1.67745,32767
1.67770,32767
1.67795,32767
1.67822,32767
1.67849,32767
1.67880,32767
1.67905,32767
1.67932,32767
1.67957,32767
1.67982,32767
1.68007,32767
1.68034,32767
1.68061,32767
1.68095,32767
1.68120,32767
1.68145,32767
1.68172,32767
1.68196,32767
1.68224,32767
1.68254,32767
1.68278,32767
1.68303,32767
1.68328,32767
1.68353,32767
1.68378,32767
1.68403,32767
1.68428,32767
1.68453,32767
1.68480,32767
1.68506,32767
1.68530,32767
1.68561,32767
1.68609,32767
1.68643,32767
1.68671,32767
1.68699,32767
1.68731,32767
1.68756,32767
1.68785,32767
1.68810,32767
1.68836,32767
1.68862,32767
1.68893,32767
1.68936,32767
1.68971,32767
1.69002,32767
1.69031,32767
1.69055,32767
1.69082,32767
1.69111,32767
1.69137,32767
1.69170,32767
1.69204,32767
1.69233,32767
1.69261,32767
1.69292,32767
1.69320,32767
1.69346,32767
1.69373,32767
1.69406,32767
1.69433,32767
1.69460,32767
1.69495,32767
1.69521,32767
1.69549,32767
1.69582,32767
1.69610,32767
1.69636,32767
1.69664,32767
1.69691,32767
1.69718,32767
1.69746,32767
1.69773,32767
1.69803,32767
1.69829,32767
1.69857,32767
1.69886,32767
1.69913,32767
1.69945,32767
1.69977,32767
1.70008,32767
1.70037,32767
1.70069,32767
1.70101,32767
1.70134,32767
1.70163,32767
1.70198,32767
1.70229,32767
1.70258,32767
1.70291,32767
1.70446,32767
1.70493,32767
1.70541,32767
1.70581,32767
1.70638,32767
1.70682,32767
1.70728,32767
1.70770,32767
1.70805,32767
1.70836,32767
1.70874,32767
1.70910,32767
1.70945,32767
1.70992,32767
1.71027,32767
1.71062,32767
1.71106,32767
1.71135,32767
1.71167,32767
1.71193,32767
1.71220,32767
1.71249,32767
1.71279,32767
1.71306,32767
1.71336,32767
1.71368,32767
1.71396,32767
1.71425,32767
1.71457,32767
1.71484,32767
1.71514,32767
1.71545,32767
1.71574,32767
1.71602,32767
1.71632,32767
1.71662,32767
1.71693,32767
1.71724,32767
1.71753,32767
1.71781,32767
1.71811,32767
1.71840,32767
1.71872,32767
1.71902,32767
1.71932,32767
1.71959,32767
1.71992,32767
1.72023,32767
1.72057,32767
1.72116,32767
1.72148,32767
1.72186,32767
1.72217,32767
1.72245,32767
1.72271,32767
1.72299,32767
1.72330,32767
1.72357,32767
1.72383,32767
1.72412,32767
1.72444,32767
1.72471,32767
1.72499,32767
1.72529,32767
1.72558,32767
1.72587,32767
1.72617,32767
1.72646,32767
1.72675,32767
1.72706,32767
1.72736,32767
1.72764,32767
1.72794,32767
1.72821,32767
1.72849,32767
1.72876,32767
1.72906,32767
1.72935,32767
1.72964,32767
1.72994,32767
1.73023,32767
1.73051,32767
1.73081,32767
1.73110,32767
1.73139,32767
1.73168,32767
1.73196,32767
1.73224,32767
1.73258,32767
1.73289,32767
1.73318,32767
1.73347,32767
1.73376,32767
1.73404,32767
1.73431,32767
1.73458,32767
1.73487,32767
1.73518,32767
1.73545,32767
1.73578,32767
1.73607,32767
1.73635,32767
1.73664,32767
1.73693,32767
1.73723,32767
1.73751,32767
1.73781,32767
1.73810,32767
1.73839,32767
1.73875,32767
1.73929,32767
1.73959,32767
1.73985,32767
1.74013,32767
1.74044,32767
1.74072,32767
1.74101,32767
1.74131,32767
1.74160,32767
1.74192,32767
1.74220,32767
1.74245,32767
1.74275,32767
1.74308,32767
1.74337,32767
1.74368,32767
1.74393,32767
1.74422,32767
1.74448,32767
1.74478,32767
1.74505,32767
1.74531,32767
1.74558,32767
1.74586,32767
1.74620,32767
1.74645,32767
1.74670,32767
1.74699,32767
1.74730,32767
1.74756,32767
1.74780,32767
1.74805,32767
1.74837,32767
1.74866,32767
1.74893,32767
1.74920,32767
1.74945,32767
1.74973,32767
1.74996,32767
1.75024,32767
1.75058,32767
1.75087,32767
1.75118,32767
1.75144,32767
1.75174,32767
1.75204,32767
1.75233,32767
1.75263,32767
1.75293,32767
1.75323,32767
1.75349,32767
1.75375,32767
1.75404,32767
1.75432,32767
1.75460,32767
1.75487,32767
1.75517,32767
1.75546,32767
1.75574,32767
1.75600,32767
1.75634,32767
1.75663,32767
1.75701,32767
1.75732,32767
1.75759,32767
1.75787,32767
1.75817,32767
1.75846,32767
1.75873,32767
1.75899,32767
1.75924,32767
1.75956,32767
1.75985,32767
1.76010,32767
1.76035,32767
1.76060,32767
1.76087,32767
1.76118,32767
1.76146,32767
1.76173,32767
1.76198,32767
1.76224,32767
1.76249,32767
1.76281,32767
1.76310,32767
1.76338,32767
1.76366,32767
1.76394,32767
1.76421,32767
1.76449,32767
1.76475,32767
1.76506,32767
1.76533,32767
1.76561,32767
1.76586,32767
1.76612,32767
1.76644,32767
1.76681,32767
1.76710,32767
1.76741,32767
1.76770,32767
1.76799,32767
1.76833,32767
1.76858,32767
1.76886,32767
1.76920,32767
1.76946,32767
1.76974,32767
1.77007,32767
1.77032,32767
1.77057,32767
1.77083,32767
1.77108,32767
1.77135,32767
1.77158,32767
1.77186,32767
1.77220,32767
1.77246,32767
1.77274,32767
1.77308,32767
1.77333,32767
1.77358,32767
1.77386,32767
1.77420,32767
1.77464,32767
1.77514,32767
1.77544,32767
1.77573,32767
1.77603,32767
1.77634,32767
1.77662,32767
1.77687,32767
1.77718,32767
1.77748,32767
1.77775,32767
1.77814,32767
1.77841,32767
1.77871,32767
1.77901,32767
1.77931,32767
1.77960,32767
1.77984,32767
1.78012,32767
1.78037,32767
1.78067,32767
1.78094,32767
1.78123,32767
1.78149,32767
1.78175,32767
1.78220,32767
1.78256,32767
1.78283,32767
1.78311,32767
1.78340,32767
1.78365,32767
1.78390,32767
1.78415,32767
1.78440,32767
1.78465,32767
1.78495,32767
1.78520,32767
1.78545,32767
1.78570,32767
1.78597,32767
1.78624,32767
1.78657,32767
1.78683,32767
1.78707,32767
1.78735,32767
1.78761,32767
1.78793,32767
1.78817,32767
1.78843,32767
1.78867,32767
1.78895,32767
1.78920,32767
1.78945,32767
1.78972,32767
1.78998,32767
1.79023,32767
1.79049,32767
1.79080,32767
1.79105,32767
1.79130,32767
1.79155,32767
1.79182,32767
1.79220,32767
1.79264,32767
1.79295,32767
1.79323,32767
1.79353,32767
1.79378,32767
1.79402,32767
1.79428,32767
1.79453,32767
1.79480,32767
1.79507,32767
1.79535,32767
1.79566,32767
1.79593,32767
1.79620,32767
1.79647,32767
1.79675,32767
1.79705,32767
1.79730,32767
1.79792,32767
1.79823,32767
1.79851,32767
1.79876,32767
1.79903,32767
1.79926,32767
1.79952,32767
1.79980,32767
1.80007,32767
1.80034,32767
1.80061,32767
1.80095,32767
1.80122,32767
1.80142,32767
1.80167,32767
1.80192,32767
1.80219,32767
1.80247,32767
1.80273,32767
1.80307,32767
1.80335,32767
1.80358,32767
1.80386,32767
1.80420,32767
1.80445,32767
1.80470,32767
1.80497,32767
1.80523,32767
1.80555,32767
1.80580,32767
1.80607,32767
1.80634,32767
1.80661,32767
1.80695,32767
1.80720,32767
1.80745,32767
1.80770,32767
1.80796,32767
1.80824,32767
1.81045,32767
1.81120,32767
1.81153,32767
1.81177,32767
1.81202,32767
1.81227,32767
1.81254,32767
1.81285,32767
1.81318,32767
1.81348,32767
1.81374,32767
1.81407,32767
1.81434,32767
1.81461,32767
1.81494,32767
1.81521,32767
1.81548,32767
1.81582,32767
1.81609,32767
1.81636,32767
1.81669,32767
1.81697,32767
1.81721,32767
1.81749,32767
1.81782,32767
1.81807,32767
1.81832,32767
1.81857,32767
1.81884,32767
1.81911,32767
1.81936,32767
1.81970,32767
1.81997,32767
1.82022,32767
1.82047,32767
1.82074,32767
1.82105,32767
1.82130,32767
1.82157,32767
1.82183,32767
1.82207,32767
1.82237,32767
1.82270,32767
1.82295,32767
1.82320,32767
1.82345,32767
1.82372,32767
1.82399,32767
1.82430,32767
1.82455,32767
1.82481,32767
1.82509,32767
1.82534,32767
1.82559,32767
1.82584,32767
1.82611,32767
1.82643,32767
1.82667,32767
1.82695,32767
1.82722,32767
1.82749,32767
1.82782,32767
1.82825,32767
1.82880,32767
1.82915,32767
1.82945,32767
1.82972,32767
1.82999,32767
1.83030,32767
1.83055,32767
1.83082,32767
1.83109,32767
1.83136,32767
1.83170,32767
1.83197,32767
1.83221,32767
1.83247,32767
1.83272,32767
1.83299,32767
1.83330,32767
1.83355,32767
1.83382,32767
1.83410,32767
1.83434,32767
1.83459,32767
1.83486,32767
1.83518,32767
1.83542,32767
1.83570,32767
1.83597,32767
1.83624,32767
1.83657,32767
1.83682,32767
1.83707,32767
1.83732,32767
1.83754,32767
1.83782,32767
1.83809,32767
1.83836,32767
1.83869,32767
1.83895,32767
1.83920,32767
1.83945,32767
1.83970,32767
1.83995,32767
1.84020,32767
1.84047,32767
1.84074,32767
1.84107,32767
1.84134,32767
1.84161,32767
1.84195,32767
1.84220,32767
1.84246,32767
1.84274,32767
1.84306,32767
1.84330,32767
1.84361,32767
1.84392,32767
1.84418,32767
1.84447,32767
1.84472,32767
1.84498,32767
1.84529,32767
1.84563,32767
1.84606,32767
1.84637,32767
1.84666,32767
1.84693,32767
1.84718,32767
1.84743,32767
1.84771,32767
1.84798,32767
1.84824,32767
1.84856,32767
1.84881,32767
1.84909,32767
1.84938,32767
1.84966,32767
1.84994,32767
1.85020,32767
1.85048,32767
1.85077,32767
1.85100,32767
1.85131,32767
1.85160,32767
1.85187,32767
1.85219,32767
1.85248,32767
1.85274,32767
1.85306,32767
1.85335,32767
1.85359,32767
1.85387,32767
1.85412,32767
1.85441,32767
1.85468,32767
1.85498,32767
1.85525,32767
1.85556,32767
1.85585,32767
1.85612,32767
1.85643,32767
1.85673,32767
1.85699,32767
1.85731,32767
1.85760,32767
1.85787,32767
1.85818,32767
1.85848,32767
1.85875,32767
1.85907,32767
1.85933,32767
1.85962,32767
1.85993,32767
1.86018,32767
1.86043,32767
1.86068,32767
1.86093,32767
1.86118,32767
1.86143,32767
1.86168,32767
1.86193,32767
1.86222,32767
1.86250,32767
1.86278,32767
1.86304,32767
1.86358,32767
1.86390,32767
1.86420,32767
1.86445,32767
1.86472,32767
1.86496,32767
1.86523,32767
1.86558,32767
1.86582,32767
1.86607,32767
1.86635,32767
1.86662,32767
1.86693,32767
1.86721,32767
1.86748,32767
1.86773,32767
1.86800,32767
1.86831,32767
1.86860,32767
1.86886,32767
1.86912,32767
1.86939,32767
1.86966,32767
1.86995,32767
1.87024,32767
1.87054,32767
1.87083,32767
1.87111,32767
1.87139,32767
1.87166,32767
1.87196,32767
1.87224,32767
1.87249,32767
1.87279,32767
1.87308,32767
1.87338,32767
1.87366,32767
1.87393,32767
1.87437,32767
1.87469,32767
1.87497,32767
1.87526,32767
1.87555,32767
1.87582,32767
1.87607,32767
1.87633,32767
1.87657,32767
1.87684,32767
1.87710,32767
1.87734,32767
1.87762,32767
1.87792,32767
1.87818,32767
1.87842,32767
1.87868,32767
1.87893,32767
1.87918,32767
1.87943,32767
1.87972,32767
1.87998,32767
1.88022,32767
1.88077,32767
1.88107,32767
1.88135,32767
1.88165,32767
1.88191,32767
1.88220,32767
1.88245,32767
1.88272,32767
1.88297,32767
1.88322,32767
1.88348,32767
1.88380,32767
1.88407,32767
1.88432,32767
1.88457,32767
1.88484,32767
1.88511,32767
1.88537,32767
1.88566,32767
1.88590,32767
1.88615,32767
1.88640,32767
1.88665,32767
1.88690,32767
1.88715,32767
1.88740,32767
1.88765,32767
1.88790,32767
1.88815,32767
1.88840,32767
1.88865,32767
1.88890,32767
1.88915,32767
1.88940,32767
1.88965,32767
1.88990,32767
1.89015,32767
1.89047,32767
1.89076,32767
1.89103,32767
1.89130,32767
1.89157,32767
1.89182,32767
1.89207,32767
1.89234,32767
1.89260,32767
1.89284,32767
1.89311,32767
1.89338,32767
1.89365,32767
1.89390,32767
1.89415,32767
1.89440,32767
1.89465,32767
1.89492,32767
1.89519,32767
1.89546,32767
1.89573,32767
1.89607,32767
1.89635,32767
1.89663,32767
1.89692,32767
1.89720,32767
1.89748,32767
1.89782,32767
1.89808,32767
1.89837,32767
1.89918,32767
1.89947,32767
1.89973,32767
1.90000,32767
1.90031,32767
1.90059,32767
1.90083,32767
1.90112,32767
1.90141,32767
1.90172,32767
1.90203,32767
1.90232,32767
1.90262,32767
1.90288,32767
1.90322,32767
1.90348,32767
1.90379,32767
1.90408,32767
1.90441,32767
1.90469,32767
1.90500,32767
1.90532,32767
1.90583,32767
1.90626,32767
1.90668,32767
1.90705,32767
1.90741,32767
1.90774,32767
1.90809,32767
1.90842,32767
1.90870,32767
1.90904,32767
1.90937,32767
1.90965,32767
1.90993,32767
1.91025,32767
1.91055,32767
1.91085,32767
1.91120,32767
1.91150,32767
1.91177,32767
1.91207,32767
1.91236,32767
1.91264,32767
1.91294,32767
1.91323,32767
1.91355,32767
1.91382,32767
1.91414,32767
1.91445,32767
1.91478,32767
1.91509,32767
1.91542,32767
1.91605,32767
1.91640,32767
1.91683,32767
1.91728,32767
1.91762,32767
1.91792,32767
1.91820,32767
1.91851,32767
1.91880,32767
1.91912,32767
1.91944,32767
1.91974,32767
1.92005,32767
1.92037,32767
1.92068,32767
1.92099,32767
1.92130,32767
1.92164,32767
1.92200,32767
1.92233,32767
1.92264,32767
1.92292,32767
1.92320,32767
1.92347,32767
1.92373,32767
1.92400,32767
1.92434,32767
1.92461,32767
1.92488,32767
1.92521,32767
1.92550,32767
1.92580,32767
1.92607,32767
1.92636,32767
1.92667,32767
1.92695,32767
1.92724,32767
1.92750,32767
1.92783,32767
1.92810,32767
1.92845,32767
1.92871,32767
1.92901,32767
1.92931,32767
1.92960,32767
1.92991,32767
1.93021,32767
1.93051,32767
1.93079,32767
1.93106,32767
1.93133,32767
1.93161,32767
1.93192,32767
1.93221,32767
1.93249,32767
1.93279,32767
1.93308,32767
1.93367,32767
1.93417,32767
1.93453,32767
1.93480,32767
1.93508,32767
1.93537,32767
1.93569,32767
1.93598,32767
1.93629,32767
1.93658,32767
1.93687,32767
1.93719,32767
1.93746,32767
1.93775,32767
1.93809,32767
1.93837,32767
1.93871,32767
1.93898,32767
1.93929,32767
1.93959,32767
1.93987,32767
1.94017,32767
1.94046,32767
1.94076,32767
1.94106,32767
1.94136,32767
1.94167,32767
1.94196,32767
1.94224,32767
1.94254,32767
1.94284,32767
1.94313,32767
1.94342,32767
1.94371,32767
1.94399,32767
1.94429,32767
1.94459,32767
1.94488,32767
1.94519,32767
1.94548,32767
1.94579,32767
1.94610,32767
1.94636,32767
1.94667,32767
1.94702,32767
1.94732,32767
1.94763,32767
1.94793,32767
1.94822,32767
1.94851,32767
1.94879,32767
1.94908,32767
1.94937,32767
1.94968,32767
1.94998,32767
1.95027,32767
1.95056,32767
1.95085,32767
1.95126,32767
1.95170,32767
1.95205,32767
1.95236,32767
1.95266,32767
1.95295,32767
1.95328,32767
1.95359,32767
1.95387,32767
1.95418,32767
1.95447,32767
1.95471,32767
1.95499,32767
1.95532,32767
1.95558,32767
1.95587,32767
1.95618,32767
1.95643,32767
1.95668,32767
1.95693,32767
1.95718,32767
1.95743,32767
1.95780,32767
1.95808,32767
1.95835,32767
1.95862,32767
1.95893,32767
1.95918,32767
1.95943,32767
1.95968,32767
1.95993,32767
1.96020,32767
1.96043,32767
1.96068,32767
1.96093,32767
1.96123,32767
1.96151,32767
1.96178,32767
1.96203,32767
1.96231,32767
1.96260,32767
1.96284,32767
1.96312,32767
1.96341,32767
1.96370,32767
1.96395,32767
1.96420,32767
1.96445,32767
1.96473,32767
1.96503,32767
1.96533,32767
1.96557,32767
1.96584,32767
1.96612,32767
1.96643,32767
1.96670,32767
1.96694,32767
1.96720,32767
1.96745,32767
1.96772,32767
1.96801,32767
1.96830,32767
1.96855,32767
1.96893,32767
1.96923,32767
1.96952,32767
1.96980,32767
1.97005,32767
1.97030,32767
1.97056,32767
1.97080,32767
1.97105,32767
1.97132,32767
1.97159,32767
1.97186,32767
1.97218,32767
1.97242,32767
1.97270,32767
1.97295,32767
1.97320,32767
1.97345,32767
1.97372,32767
1.97399,32767
1.97430,32767
1.97455,32767
1.97480,32767
1.97505,32767
1.97532,32767
1.97560,32767
1.97586,32767
1.97611,32767
1.97643,32767
1.97667,32767
1.97695,32767
1.97722,32767
1.97749,32767
1.97782,32767
1.97807,32767
1.97835,32767
1.97861,32767
1.97895,32767
1.97920,32767
1.97945,32767
1.97972,32767
1.97999,32767
1.98030,32767
1.98057,32767
1.98082,32767
1.98107,32767
1.98132,32767
1.98157,32767
1.98185,32767
1.98208,32767
1.98237,32767
1.98268,32767
1.98294,32767
1.98320,32767
1.98344,32767
1.98370,32767
1.98395,32767
1.98420,32767
1.98445,32767
1.98473,32767
1.98499,32767
1.98524,32767
1.98556,32767
1.98580,32767
1.98605,32767
1.98630,32767
1.98678,32767
1.98730,32767
1.98762,32767
1.98791,32767
1.98815,32767
1.98840,32767
1.98865,32767
1.98898,32767
1.98926,32767
1.98952,32767
1.98977,32767
1.99002,32767
1.99030,32767
1.99055,32767
1.99082,32767
1.99109,32767
1.99136,32767
1.99169,32767
1.99197,32767
1.99221,32767
1.99249,32767
1.99278,32767
1.99303,32767
1.99328,32767
1.99357,32767
1.99384,32767
1.99411,32767
1.99445,32767
1.99470,32767
1.99497,32767
1.99522,32767
1.99549,32767
1.99582,32767
1.99607,32767
1.99632,32767
1.99659,32767
1.99686,32767
1.99718,32767
1.99742,32767
1.99770,32767
1.99797,32767
1.99824,32767
1.99855,32767
1.99880,32767
1.99907,32767
1.99935,32767
1.99960,32767
1.99986,32767
2.00024,32767
2.00056,32767
2.00081,32767
2.00104,32767
2.00126,32767
2.00151,32767
2.00173,32767
2.00201,32767
2.00227,32767
2.00252,32767
2.00277,32767
2.00302,32767
2.00327,32767
2.00352,32767
2.00377,32767
2.00409,32767
2.00449,32767
2.00481,32767
2.00507,32767
2.00532,32767
2.00557,32767
2.00581,32767
2.00604,32767
2.00629,32767
2.00654,32767
2.00681,32767
2.00704,32767
2.00729,32767
2.00752,32767
2.00777,32767
2.00802,32767
2.00827,32767
2.00852,32767
2.00877,32767
2.00902,32767
2.00928,32767
2.00955,32767
2.00982,32767
2.01010,32767
2.01040,32767
2.01069,32767
2.01096,32767
2.01124,32767
2.01157,32767
2.01185,32767
2.01211,32767
2.01244,32767
2.01272,32767
2.01296,32767
2.01321,32767
2.01348,32767
2.01380,32767
2.01405,32767
2.01432,32767
2.01459,32767
2.01486,32767
2.01519,32767
2.01547,32767
2.01571,32767
2.01599,32767
2.01628,32767
2.01656,32767
2.01682,32767
2.01709,32767
2.01733,32767
2.01761,32767
2.01795,32767
2.01821,32767
2.01849,32767
2.01882,32767
2.01912,32767
2.01940,32767
2.01965,32767
2.01990,32767
2.02015,32767
2.02040,32767
2.02065,32767
2.02093,32767
2.02122,32767
2.02147,32767
2.02173,32767
2.02197,32767
2.02258,32767
2.02291,32767
2.02318,32767
2.02343,32767
2.02370,32767
2.02403,32767
2.02430,32767
2.02457,32767
2.02484,32767
2.02511,32767
2.02536,32767
2.02570,32767
2.02597,32767
2.02624,32767
2.02658,32767
2.02682,32767
2.02710,32767
2.02735,32767
2.02759,32767
2.02786,32767
2.02818,32767
2.02843,32767
2.02870,32767
2.02897,32767
2.02924,32767
2.02958,32767
2.02982,32767
2.03007,32767
2.03032,32767
2.03060,32767
2.03086,32767
2.03118,32767
2.03142,32767
2.03168,32767
2.03192,32767
2.03217,32767
2.03243,32767
2.03266,32767
2.03290,32767
2.03316,32767
2.03340,32767
2.03365,32767
2.03390,32767
2.03415,32767
2.03440,32767
2.03465,32767
2.03490,32767
2.03515,32767
2.03540,32767
2.03565,32767
2.03590,32767
2.03615,32767
2.03640,32767
2.03665,32767
2.03690,32767
2.03715,32767
2.03740,32767
2.03765,32767
2.03790,32767
2.03815,32767
2.03840,32767
2.03866,32767
2.03890,32767
2.03916,32767
2.03941,32767
2.03974,32767
2.04005,32767
2.04046,32767
2.04075,32767
2.04107,32767
2.04132,32767
2.04157,32767
2.04185,32767
2.04210,32767
2.04234,32767
2.04261,32767
2.04292,32767
2.04320,32767
2.04346,32767
2.04374,32767
2.04405,32767
2.04432,32767
2.04459,32767
2.04484,32767
2.04510,32767
2.04534,32767
2.04561,32767
2.04592,32767
2.04619,32767
2.04647,32767
2.04671,32767
2.04699,32767
2.04733,32767
2.04759,32767
2.04786,32767
2.04816,32767
2.04840,32767
2.04865,32767
2.04890,32767
2.04915,32767
2.04944,32767
2.04972,32767
2.04998,32767
2.05028,32767
2.05053,32767
2.05076,32767
2.05103,32767
2.05127,32767
2.05152,32767
2.05177,32767
2.05202,32767
2.05230,32767
2.05255,32767
2.05280,32767
2.05307,32767
2.05334,32767
2.05361,32767
2.05384,32767
2.05410,32767
2.05433,32767
2.05461,32767
2.05495,32767
2.05522,32767
2.05546,32767
2.05574,32767
2.05608,32767
2.05632,32767
2.05661,32767
2.05695,32767
2.05728,32767
2.05786,32767
2.05818,32767
2.05848,32767
2.05878,32767
2.05907,32767
2.05932,32767
2.05957,32767
2.05982,32767
2.06007,32767
2.06029,32767
2.06055,32767
2.06080,32767
2.06105,32767
2.06130,32767
2.06157,32767
2.06184,32767
2.06209,32767
2.06235,32767
2.06266,32767
2.06293,32767
2.06317,32767
2.06342,32767
2.06367,32767
2.06394,32767
2.06416,32767
2.06442,32767
2.06467,32767
2.06492,32767
2.06517,32767
2.06544,32767
2.06566,32767
2.06592,32767
2.06617,32767
2.06642,32767
2.06667,32767
2.06692,32767
2.06717,32767
2.06742,32767
2.06767,32767
2.06792,32767
2.06817,32767
2.06842,32767
2.06867,32767
2.06892,32767
2.06917,32767
2.06942,32767
2.06969,32767
2.06994,32767
2.07016,32767
2.07039,32767
2.07064,32767
2.07089,32767
2.07114,32767
2.07139,32767
2.07164,32767
2.07189,32767
2.07214,32767
2.07239,32767
2.07264,32767
2.07289,32767
2.07314,32767
2.07339,32767
2.07365,32767
2.07390,32767
2.07417,32767
2.07442,32767
2.07467,32767
2.07502,32767
2.07546,32767
2.07572,32767
2.07597,32767
2.07621,32767
2.07643,32767
2.07668,32767
2.07693,32767
2.07718,32767
2.07741,32767
2.07764,32767
2.07789,32767
2.07815,32767
2.07842,32767
2.07867,32767
2.07891,32767
2.07916,32767
2.07941,32767
2.07966,32767
2.07991,32767
2.08016,32767
2.08041,32767
2.08066,32767
2.08091,32767
2.08118,32767
2.08141,32767
2.08164,32767
2.08189,32767
2.08214,32767
2.08239,32767
2.08264,32767
2.08289,32767
2.08314,32767
2.08339,32767
2.08364,32767
2.08389,32767
2.08414,32767
2.08439,32767
2.08464,32767
2.08489,32767
2.08514,32767
2.08539,32767
2.08564,32767
2.08589,32767
2.08614,32767
2.08639,32767
2.08664,32767
2.08689,32767
2.08714,32767
2.08739,32767
2.08764,32767
2.08789,32767
2.08814,32767
2.08839,32767
2.08864,32767
2.08889,32767
2.08914,32767
2.08939,32767
2.08964,32767
2.08989,32767
2.09014,32767
2.09040,32767
2.09065,32767
2.09092,32767
2.09119,32767
2.09147,32767
2.09173,32767
2.09206,32767
2.09232,32767
2.09257,32767
2.09285,32767
2.09316,32767
2.09364,32767
2.09402,32767
2.09433,32767
2.09463,32767
2.09492,32767
2.09520,32767
2.09544,32767
2.09569,32767
2.09596,32767
2.09623,32767
2.09657,32767
2.09684,32767
2.09711,32767
2.09738,32767
2.09765,32767
2.09792,32767
2.09820,32767
2.09844,32767
2.09869,32767
2.09895,32767
2.09922,32767
2.09948,32767
2.09982,32767
2.10009,32767
2.10036,32767
2.10069,32767
2.10097,32767
2.10121,32767
2.10147,32767
2.10171,32767
2.10198,32767
2.10232,32767
2.10257,32767
2.10282,32767
2.10309,32767
2.10336,32767
2.10370,32767
2.10394,32767
2.10419,32767
2.10448,32767
2.10472,32767
2.10499,32767
2.10531,32767
2.10555,32767
2.10582,32767
2.10607,32767
2.10632,32767
2.10657,32767
2.10682,32767
2.10709,32767
2.10736,32767
2.10773,32767
2.10800,32767
2.10830,32767
2.10855,32767
2.10882,32767
2.10907,32767
2.10932,32767
2.10957,32767
2.10982,32767
2.11009,32767
2.11036,32767
2.11089,32767
2.11134,32767
2.11164,32767
2.11191,32767
2.11218,32767
2.11242,32767
2.11270,32767
2.11297,32767
2.11324,32767
2.11357,32767
2.11383,32767
2.11408,32767
2.11435,32767
2.11462,32767
2.11494,32767
2.11521,32767
2.11550,32767
2.11582,32767
2.11609,32767
2.11638,32767
2.11670,32767
2.11699,32767
2.11730,32767
2.11758,32767
2.11789,32767
2.11822,32767
2.11854,32767
2.11884,32767
2.11913,32767
2.11944,32767
2.11974,32767
2.12008,32767
2.12041,32767
2.12074,32767
2.12108,32767
2.12141,32767
2.12173,32767
2.12208,32767
2.12242,32767
2.12272,32767
2.12307,32767
2.12343,32767
2.12373,32767
2.12419,32767
2.12455,32767
2.12484,32767
2.12538,32767
2.12574,32767
2.12619,32767
2.12659,32767
2.12688,32767
2.12724,32767
2.12756,32767
2.12788,32767
2.12844,32767
2.12910,32767
2.12946,32767
2.12980,32767
2.13016,32767
2.13049,32767
2.13081,32767
2.13128,32767
2.13160,32767
2.13192,32767
2.13236,32767
2.13271,32767
2.13306,32767
2.13338,32767
2.13373,32767
2.13410,32767
2.13460,32767
2.13493,32767
2.13524,32767
2.13554,32767
2.13584,32767
2.13613,32767
2.13644,32767
2.13673,32767
2.13702,32767
2.13731,32767
2.13761,32767
2.13789,32767
2.13817,32767
2.13845,32767
2.13872,32767
2.13899,32767
2.13930,32767
2.13957,32767
2.13984,32767
2.14022,32767
2.14057,32767
2.14090,32767
2.14123,32767
2.14156,32767
2.14187,32767
2.14218,32767
2.14249,32767
2.14278,32767
2.14305,32767
2.14331,32767
2.14361,32767
2.14392,32767
2.14421,32767
2.14450,32767
2.14483,32767
2.14512,32767
2.14541,32767
2.14571,32767
2.14600,32767
2.14648,32767
2.14715,32767
2.14748,32767
2.14776,32767
2.14807,32767
2.14837,32767
2.14868,32767
2.14899,32767
2.14930,32767
2.14963,32767
2.14996,32767
2.15027,32767
2.15056,32767
2.15085,32767
2.15115,32767
2.15146,32767
2.15192,32767
2.15226,32767
2.15258,32767
2.15288,32767
2.15318,32767
2.15350,32767
2.15380,32767
2.15409,32767
2.15440,32767
2.15468,32767
2.15499,32767
2.15530,32767
2.15559,32767
2.15600,32767
2.15634,32767
2.15669,32767
2.15701,32767
2.15732,32767
2.15762,32767
2.15795,32767
2.15825,32767
2.15855,32767
2.15884,32767
2.15911,32767
2.15939,32767
2.15969,32767
2.15999,32767
2.16026,32767
2.16057,32767
2.16086,32767
2.16114,32767
2.16142,32767
2.16172,32767
2.16201,32767
2.16232,32767
2.16261,32767
2.16291,32767
2.16318,32767
2.16348,32767
2.16376,32767
2.16407,32767
2.16461,32767
2.16495,32767
2.16525,32767
2.16560,32767
2.16592,32767
2.16621,32767
2.16649,32767
2.16683,32767
2.16711,32767
2.16741,32767
2.16770,32767
2.16799,32767
2.16832,32767
2.16860,32767
2.16889,32767
2.16918,32767
2.16947,32767
2.16976,32767
2.17006,32767
2.17035,32767
2.17063,32767
2.17093,32767
2.17128,32767
2.17158,32767
2.17187,32767
2.17221,32767
2.17249,32767
2.17283,32767
2.17312,32767
2.17341,32767
2.17370,32767
2.17399,32767
2.17433,32767
2.17461,32767
2.17493,32767
2.17522,32767
2.17552,32767
2.17581,32767
2.17610,32767
2.17639,32767
2.17668,32767
2.17698,32767
2.17727,32767
2.17756,32767
2.17785,32767
2.17813,32767
2.17843,32767
2.17872,32767
2.17901,32767
2.17931,32767
2.17960,32767
2.17989,32767
2.18018,32767
2.18048,32767
2.18076,32767
2.18106,32767
2.18147,32767
2.18180,32767
2.18240,32767
2.18276,32767
2.18305,32767
2.18332,32767
2.18359,32767
2.18388,32767
2.18417,32767
2.18451,32767
2.18480,32767
2.18507,32767
2.18538,32767
2.18566,32767
2.18596,32767
2.18624,32767
2.18653,32767
2.18679,32767
2.18709,32767
2.18736,32767
2.18762,32767
2.18793,32767
2.18818,32767
2.18843,32767
2.18868,32767
2.18895,32767
2.18920,32767
2.18945,32767
2.18970,32767
2.18995,32767
2.19030,32767
2.19055,32767
2.19080,32767
2.19108,32767
2.19134,32767
2.19158,32767
2.19187,32767
2.19218,32767
2.19243,32767
2.19268,32767
2.19293,32767
2.19318,32767
2.19343,32767
2.19368,32767
2.19393,32767
2.19422,32767
2.19447,32767
2.19472,32767
2.19498,32767
2.19524,32767
2.19556,32767
2.19580,32767
2.19605,32767
2.19630,32767
2.19655,32767
2.19681,32767
2.19709,32767
2.19735,32767
2.19759,32767
2.19789,32767
2.19820,32767
2.19849,32767
2.19884,32767
2.19914,32767
2.19947,32767
2.19973,32767
2.20005,32767
2.20031,32767
2.20060,32767
2.20091,32767
2.20121,32767
2.20148,32767
2.20175,32767
2.20207,32767
2.20236,32767
2.20267,32767
2.20293,32767
2.20322,32767
2.20348,32767
2.20378,32767
2.20403,32767
2.20432,32767
2.20459,32767
2.20485,32767
2.20514,32767
2.20543,32767
2.20568,32767
2.20593,32767
2.20618,32767
2.20643,32767
2.20668,32767
2.20693,32767
2.20718,32767
2.20743,32767
2.20768,32767
2.20793,32767
2.20820,32767
2.20845,32767
2.20870,32767
2.20895,32767
2.20920,32767
2.20945,32767
2.20970,32767
2.20995,32767
2.21020,32767
2.21045,32767
2.21070,32767
2.21095,32767
2.21120,32767
2.21145,32767
2.21167,32767
2.21195,32767
2.21220,32767
2.21245,32767
2.21270,32767
2.21295,32767
2.21320,32767
2.21344,32767
2.21372,32767
2.21398,32767
2.21425,32767
2.21453,32767
2.21478,32767
2.21503,32767
2.21528,32767
2.21553,32767
2.21578,32767
2.21607,32767
2.21632,32767
2.21657,32767
2.21682,32767
2.21717,32767
2.21764,32767
2.21794,32767
2.21822,32767
2.21859,32767
2.21896,32767
2.21931,32767
2.21958,32767
2.21990,32767
2.22019,32767
2.22047,32767
2.22077,32767
2.22110,32767
2.22141,32767
2.22173,32767
2.22239,32767
2.22261,32767
2.22329,32767
2.22417,32767
2.22442,32767
2.22467,32767
2.22492,32767
2.22523,32767
2.22545,32767
2.22568,32767
2.22590,32767
2.22654,32767
2.22682,32767
2.22703,32767
2.22727,32767
2.22752,32767
2.22781,32767
2.22803,32767
2.22830,32767
2.22853,32767
2.22883,32767
2.22905,32767
2.22927,32767
2.22950,32767
2.22971,32767
2.23210,32767
2.23238,32767
2.23293,32767
2.23315,32767
2.23339,32767
2.23369,32767
2.23395,32767
2.23414,32767
2.23438,32767
2.23461,32767
2.23490,32767
2.23517,32767
2.23539,32767
2.23560,32767
2.23582,32767
2.23634,32767
2.23825,32767
2.23854,32767
2.23877,32767
2.23939,32767
2.23962,32767
2.23989,32767
2.24012,32767
2.24033,32767
2.24054,32767
2.24128,32767
2.24465,32767
2.24683,32767
2.24707,32767
2.24743,32767
2.24777,32767
2.24812,32767
2.24845,32767
2.24880,32767
2.24902,32767
2.24928,32767
2.24951,32767
2.24976,32767
2.25001,32767
2.25025,32767
2.25051,32767
2.25074,32767
2.25097,32767
2.25130,32767
2.25156,32767
2.25178,32767
2.25201,32767
2.25226,32767
2.25251,32767
2.25276,32767
2.25301,32767
2.25326,32767
2.25354,32767
2.25381,32767
2.25404,32767
2.25428,32767
2.25452,32767
2.25477,32767
2.25504,32767
2.25531,32767
2.25558,32767
2.25581,32767
2.25604,32767
2.25629,32767
2.25654,32767
2.25681,32767
2.25708,32767
2.25736,32767
2.25769,32767
2.25796,32767
2.25829,32767
2.25857,32767
2.25883,32767
2.25911,32767
2.25938,32767
2.25965,32767
2.25990,32767
2.26017,32767
2.26042,32767
2.26069,32767
2.26096,32767
2.26124,32767
2.26154,32767
2.26182,32767
2.26209,32767
2.26236,32767
2.26265,32767
2.26290,32767
2.26317,32767
2.26345,32767
2.26371,32767
2.26399,32767
2.26432,32767
2.26460,32767
2.26489,32767
2.26515,32767
2.26540,32767
2.26565,32767
2.26590,32767
2.26617,32767
2.26645,32767
2.26672,32767
2.26698,32767
2.26732,32767
2.26759,32767
2.26786,32767
2.26819,32767
2.26847,32767
2.26872,32767
2.26898,32767
2.26922,32767
2.26949,32767
2.26980,32767
2.27007,32767
2.27032,32767
2.27059,32767
2.27086,32767
2.27120,32767
2.27145,32767
2.27170,32767
2.27196,32767
2.27229,32767
2.27255,32767
2.27283,32767
2.27311,32767
2.27337,32767
2.27370,32767
2.27399,32767
2.27432,32767
2.27459,32767
2.27486,32767
2.27520,32767
2.27547,32767
2.27572,32767
2.27597,32767
2.27622,32767
2.27649,32767
2.27682,32767
2.27707,32767
2.27732,32767
2.27759,32767
2.27786,32767
2.27820,32767
2.27847,32767
2.27874,32767
2.27907,32767
2.27934,32767
2.27961,32767
2.28003,32767
2.28030,32767
2.28056,32767
2.28084,32767
2.28111,32767
2.28136,32767
2.28161,32767
2.28195,32767
2.28219,32767
2.28245,32767
2.28270,32767
2.28297,32767
2.28324,32767
2.28357,32767
2.28384,32767
2.28411,32767
2.28445,32767
2.28472,32767
2.28496,32767
2.28524,32767
2.28558,32767
2.28582,32767
2.28607,32767
2.28632,32767
2.28659,32767
2.28684,32767
2.28711,32767
2.28738,32767
2.28768,32767
2.28793,32767
2.28818,32767
2.28845,32767
2.28871,32767
2.28899,32767
2.28930,32767
2.28956,32767
2.28985,32767
2.29011,32767
2.29036,32767
2.29069,32767
2.29098,32767
2.29129,32767
2.29158,32767
2.29183,32767
2.29213,32767
2.29243,32767
2.29272,32767
2.29297,32767
2.29323,32767
2.29349,32767
2.29381,32767
2.29408,32767
2.29433,32767
2.29458,32767
2.29483,32767
2.29513,32767
2.29541,32767
2.29566,32767
2.29600,32767
2.29630,32767
2.29658,32767
2.29685,32767
2.29712,32767
2.29739,32767
2.29768,32767
2.29793,32767
2.29822,32767
2.29851,32767
2.29878,32767
2.29903,32767
2.29928,32767
2.29953,32767
2.29981,32767
2.30010,32767
2.30035,32767
2.30058,32767
2.30086,32767
2.30120,32767
2.30144,32767
2.30170,32767
2.30194,32767
2.30220,32767
2.30247,32767
2.30274,32767
2.30307,32767
2.30334,32767
2.30361,32767
2.30395,32767
2.30420,32767
2.30445,32767
2.30470,32767
2.30495,32767
2.30520,32767
2.30549,32767
2.30580,32767
2.30606,32767
2.30634,32767
2.30660,32767
2.30685,32767
2.30710,32767
2.30737,32767
2.30766,32767
2.30795,32767
2.30820,32767
2.30850,32767
2.30880,32767
2.30905,32767
2.30931,32767
2.30960,32767
2.30988,32767
2.31018,32767
2.31047,32767
2.31077,32767
2.31106,32767
2.31135,32767
2.31161,32767
2.31191,32767
2.31217,32767
2.31242,32767
2.31270,32767
2.31295,32767
2.31320,32767
2.31345,32767
2.31370,32767
2.31397,32767
2.31422,32767
2.31447,32767
2.31472,32767
2.31503,32767
2.31532,32767
2.31557,32767
2.31582,32767
2.31610,32767
2.31636,32767
2.31666,32767
2.31691,32767
2.31720,32767
2.31749,32767
2.31783,32767
2.31811,32767
2.31848,32767
2.31875,32767
2.31905,32767
2.31933,32767
2.31958,32767
2.31982,32767
2.32007,32767
2.32033,32767
2.32061,32767
2.32093,32767
2.32118,32767
2.32144,32767
2.32172,32767
2.32199,32767
2.32232,32767
2.32259,32767
2.32286,32767
2.32320,32767
2.32345,32767
2.32372,32767
2.32398,32767
2.32422,32767
2.32458,32767
2.32499,32767
2.32529,32767
2.32558,32767
2.32582,32767
2.32607,32767
2.32632,32767
2.32657,32767
2.32684,32767
2.32723,32767
2.32754,32767
2.32780,32767
2.32807,32767
2.32832,32767
2.32859,32767
2.32887,32767
2.32920,32767
2.32944,32767
2.32971,32767
2.32999,32767
2.33036,32767
2.33069,32767
2.33104,32767
2.33135,32767
2.33165,32767
2.33193,32767
2.33226,32767
2.33255,32767
2.33287,32767
2.33318,32767
2.33346,32767
2.33376,32767
2.33405,32767
2.33433,32767
2.33462,32767
2.33492,32767
2.33521,32767
2.33549,32767
2.33579,32767
2.33608,32767
2.33635,32767
2.33666,32767
2.33695,32767
2.33720,32767
2.33748,32767
2.33782,32767
2.33809,32767
2.33833,32767
2.33861,32767
2.33894,32767
2.33922,32767
2.33949,32767
2.33978,32767
2.34003,32767
2.34029,32767
2.34055,32767
2.34083,32767
2.34108,32767
2.34135,32767
2.34169,32767
2.34196,32767
2.34249,32767
2.34278,32767
2.34303,32767
2.34326,32767
2.34354,32767
2.34381,32767
2.34402,32767
2.34425,32767
2.34450,32767
2.34475,32767
2.34502,32767
2.34527,32767
2.34551,32767
2.34572,32767
2.34602,32767
2.34627,32767
2.34650,32767
2.34675,32767
2.34700,32767
2.34723,32767
2.34748,32767
2.34771,32767
2.34804,32767
2.34829,32767
2.34852,32767
2.34875,32767
2.34900,32767
2.34925,32767
2.34950,32767
2.34974,32767
2.34998,32767
2.35021,32767
2.35055,32767
2.35080,32767
2.35105,32767
2.35130,32767
2.35149,32767
2.35171,32767
2.35192,32767
2.35215,32767
2.35238,32767
2.35261,32767
2.35281,32767
2.35307,32767
2.35332,32767
2.35357,32767
2.35383,32767
2.35407,32767
2.35432,32767
2.35455,32767
2.35480,32767
2.35505,32767
2.35530,32767
2.35555,32767
2.35578,32767
2.35601,32767
2.35625,32767
2.35653,32767
2.35679,32767
2.35703,32767
2.35728,32767
2.35755,32767
2.35781,32767
2.35805,32767
2.35828,32767
2.35853,32767
2.35879,32767
2.35905,32767
2.35929,32767
2.35950,32767
2.35977,32767
2.36014,32767
2.36061,32767
2.36087,32767
2.36116,32767
2.36140,32767
2.36163,32767
2.36185,32767
2.36216,32767
2.36238,32767
2.36258,32767
2.36280,32767
2.36301,32767
2.36320,32767
2.36342,32767
2.36365,32767
2.36388,32767
2.36408,32767
2.36430,32767
2.36453,32767
2.36475,32767
2.36495,32767
2.36518,32767
2.36539,32767
2.36560,32767
2.36590,32767
2.36613,32767
2.36635,32767
2.36665,32767
2.36688,32767
2.36710,32767
2.36733,32767
2.36755,32767
2.36778,32767
2.36800,32767
2.36822,32767
2.36855,32767
2.36878,32767
2.36901,32767
2.36923,32767
2.36953,32767
2.36976,32767
2.36996,32767
2.37019,32767
2.37040,32767
2.37064,32767
2.37088,32767
2.37108,32767
2.37130,32767
2.37151,32767
2.37171,32767
2.37192,32767
2.37216,32767
2.37238,32767
2.37258,32767
2.37280,32767
2.37303,32767
2.37326,32767
2.37348,32767
2.37378,32767
2.37401,32767
2.37421,32767
2.37447,32767
2.37472,32767
2.37495,32767
2.37518,32767
2.37544,32767
2.37572,32767
2.37600,32767
2.37627,32767
2.37652,32767
2.37677,32767
2.37703,32767
2.37729,32767
2.37756,32767
2.37791,32767
2.37823,32767
2.37848,32767
2.37879,32767
2.37907,32767
2.37933,32767
2.37960,32767
2.37994,32767
2.38021,32767
2.38048,32767
2.38081,32767
2.38104,32767
2.38132,32767
2.38158,32767
2.38181,32767
2.38208,32767
2.38232,32767
2.38258,32767
2.38281,32767
2.38304,32767
2.38333,32767
2.38358,32767
2.38385,32767
2.38419,32767
2.38446,32767
2.38473,32767
2.38506,32767
2.38534,32767
2.38560,32767
2.38594,32767
2.38621,32767
2.38648,32767
2.38682,32767
2.38708,32767
2.38736,32767
2.38769,32767
2.38796,32767
2.38823,32767
2.38857,32767
2.38884,32767
2.38910,32767
2.38935,32767
2.38969,32767
2.38996,32767
2.39021,32767
2.39049,32767
2.39075,32767
2.39100,32767
2.39131,32767
2.39155,32767
2.39182,32767
2.39210,32767
2.39237,32767
2.39281,32767
2.39318,32767
2.39358,32767
2.39393,32767
2.39438,32767
2.39480,32767
2.39517,32767
2.39551,32767
2.39580,32767
2.39608,32767
2.39637,32767
2.39669,32767
2.39696,32767
2.39718,32767
2.39741,32767
2.39766,32767
2.39791,32767
2.39818,32767
2.39841,32767
2.39868,32767
2.39891,32767
2.39916,32767
2.39941,32767
2.39968,32767
2.39992,32767
2.40018,32767
2.40041,32767
2.40066,32767
2.40093,32767
2.40117,32767
2.40144,32767
2.40166,32767
2.40193,32767
2.40216,32767
2.40243,32767
2.40266,32767
2.40293,32767
2.40317,32767
2.40341,32767
2.40366,32767
2.40393,32767
2.40416,32767
2.40444,32767
2.40471,32767
2.40498,32767
2.40531,32767
2.40558,32767
2.40586,32767
2.40619,32767
2.40648,32767
2.40676,32767
2.40702,32767
2.40727,32767
2.40752,32767
2.40785,32767
2.40828,32767
2.40864,32767
2.40894,32767
2.40921,32767
2.40948,32767
2.40981,32767
2.41009,32767
2.41034,32767
2.41058,32767
2.41085,32767
2.41117,32767
2.41144,32767
2.41171,32767
2.41198,32767
2.41232,32767
2.41258,32767
2.41285,32767
2.41316,32767
2.41361,32767
2.41390,32767
2.41413,32767
2.41440,32767
2.41466,32767
2.41492,32767
2.41519,32767
2.41544,32767
2.41569,32767
2.41596,32767
2.41623,32767
2.41656,32767
2.41683,32767
2.41711,32767
2.41737,32767
2.41765,32767
2.41794,32767
2.41821,32767
2.41849,32767
2.41881,32767
2.41907,32767
2.41931,32767
2.41959,32767
2.41986,32767
2.42019,32767
2.42047,32767
2.42073,32767
2.42106,32767
2.42134,32767
2.42161,32767
2.42195,32767
2.42222,32767
2.42251,32767
2.42282,32767
2.42309,32767
2.42336,32767
2.42369,32767
2.42397,32767
2.42423,32767
2.42457,32767
2.42484,32767
2.42511,32767
2.42536,32767
2.42570,32767
2.42595,32767
2.42619,32767
2.42647,32767
2.42673,32767
2.42707,32767
2.42735,32767
2.42758,32767
2.42782,32767
2.42809,32767
2.42836,32767
2.42869,32767
2.42897,32767
2.42923,32767
2.42955,32767
2.42980,32767
2.43007,32767
2.43032,32767
2.43059,32767
2.43086,32767
2.43121,32767
2.43178,32767
2.43208,32767
2.43237,32767
2.43267,32767
2.43295,32767
2.43322,32767
2.43346,32767
2.43371,32767
2.43398,32767
2.43429,32767
2.43457,32767
2.43484,32767
2.43511,32767
2.43536,32767
2.43569,32767
2.43596,32767
2.43623,32767
2.43657,32767
2.43684,32767
2.43711,32767
2.43736,32767
2.43769,32767
2.43804,32767
2.43833,32767
2.43862,32767
2.43895,32767
2.43919,32767
2.43947,32767
2.43974,32767
2.44007,32767
2.44034,32767
2.44060,32767
2.44085,32767
2.44108,32767
2.44134,32767
2.44161,32767
2.44195,32767
2.44220,32767
2.44245,32767
2.44271,32767
2.44299,32767
2.44332,32767
2.44357,32767
2.44384,32767
2.44411,32767
2.44445,32767
2.44472,32767
2.44499,32767
2.44532,32767
2.44559,32767
2.44586,32767
2.44620,32767
2.44646,32767
2.44679,32767
2.44711,32767
2.44741,32767
2.44772,32767
2.44810,32767
2.44890,32767
2.44927,32767
2.44964,32767
2.45005,32767
2.45037,32767
2.45068,32767
2.45099,32767
2.45129,32767
2.45164,32767
2.45196,32767
2.45237,32767
2.45285,32767
2.45324,32767
2.45364,32767
2.45401,32767
2.45437,32767
2.45468,32767
2.45498,32767
2.45529,32767
2.45558,32767
2.45587,32767
2.45621,32767
2.45647,32767
2.45675,32767
2.45708,32767
2.45737,32767
2.45771,32767
2.45799,32767
2.45827,32767
2.45854,32767
2.45881,32767
2.45912,32767
2.45941,32767
2.45969,32767
2.45995,32767
2.46024,32767
2.46056,32767
2.46085,32767
2.46108,32767
2.46137,32767
2.46170,32767
2.46195,32767
2.46220,32767
2.46245,32767
2.46270,32767
2.46297,32767
2.46322,32767
2.46346,32767
2.46374,32767
2.46407,32767
2.46433,32767
2.46462,32767
2.46492,32767
2.46521,32767
2.46550,32767
2.46583,32767
2.46612,32767
2.46645,32767
2.46692,32767
2.46722,32767
2.46747,32767
2.46775,32767
2.46806,32767
2.46835,32767
2.46858,32767
2.46887,32767
2.46920,32767
2.46945,32767
2.46977,32767
2.47008,32767
2.47037,32767
2.47070,32767
2.47096,32767
2.47124,32767
2.47157,32767
2.47184,32767
2.47211,32767
2.47245,32767
2.47272,32767
2.47299,32767
2.47332,32767
2.47359,32767
2.47386,32767
2.47420,32767
2.47447,32767
2.47473,32767
2.47498,32767
2.47523,32767
2.47548,32767
2.47578,32767
2.47608,32767
2.47632,32767
2.47657,32767
2.47682,32767
2.47708,32767
2.47734,32767
2.47761,32767
2.47795,32767
2.47820,32767
2.47845,32767
2.47872,32767
2.47899,32767
2.47932,32767
2.47957,32767
2.47982,32767
2.48009,32767
2.48036,32767
2.48068,32767
2.48095,32767
2.48122,32767
2.48148,32767
2.48182,32767
2.48209,32767
2.48236,32767
2.48270,32767
2.48297,32767
2.48338,32767
2.48370,32767
2.48402,32767
2.48461,32767
2.48493,32767
2.48526,32767
2.48560,32767
2.48591,32767
2.48621,32767
2.48649,32767
2.48682,32767
2.48709,32767
2.48736,32767
2.48770,32767
2.48799,32767
2.48833,32767
2.48858,32767
2.48883,32767
2.48908,32767
2.48932,32767
2.48959,32767
2.48986,32767
2.49019,32767
2.49047,32767
2.49074,32767
2.49107,32767
2.49133,32767
2.49161,32767
2.49195,32767
2.49224,32767
2.49256,32767
2.49283,32767
2.49312,32767
2.49341,32767
2.49371,32767
2.49400,32767
2.49433,32767
2.49457,32767
2.49482,32767
2.49508,32767
2.49533,32767
2.49560,32767
2.49586,32767
2.49616,32767
2.49645,32767
2.49674,32767
2.49707,32767
2.49737,32767
2.49783,32767
2.49818,32767
2.49847,32767
2.49873,32767
2.49906,32767
2.49933,32767
2.49963,32767
2.49994,32767
2.50024,32767
2.50054,32767
2.50091,32767
2.50123,32767
2.50151,32767
2.50198,32767
2.50236,32767
2.50267,32767
2.50298,32767
2.50325,32767
2.50356,32767
2.50385,32767
2.50413,32767
2.50443,32767
2.50468,32767
2.50493,32767
2.50522,32767
2.50547,32767
2.50572,32767
2.50597,32767
2.50622,32767
2.50647,32767
2.50673,32767
2.50698,32767
2.50722,32767
2.50749,32767
2.50785,32767
2.50812,32767
2.50843,32767
2.50869,32767
2.50897,32767
2.50925,32767
2.50956,32767
2.50987,32767
2.51017,32767
2.51046,32767
2.51074,32767
2.51108,32767
2.51137,32767
2.51170,32767
2.51199,32767
2.51231,32767
2.51260,32767
2.51284,32767
2.51312,32767
2.51341,32767
2.51370,32767
2.51397,32767
2.51426,32767
2.51456,32767
2.51485,32767
2.51514,32767
2.51543,32767
2.51572,32767
2.51601,32767
2.51630,32767
2.51660,32767
2.51690,32767
2.51717,32767
2.51743,32767
2.51772,32767
2.51801,32767
2.51831,32767
2.51860,32767
2.51888,32767
2.51921,32767
2.51948,32767
2.51980,32767
2.52007,32767
2.52034,32767
2.52061,32767
2.52092,32767
2.52122,32767
2.52148,32767
2.52179,32767
2.52208,32767
2.52236,32767
2.52263,32767
2.52293,32767
2.52319,32767
2.52346,32767
2.52373,32767
2.52400,32767
2.52431,32767
2.52456,32767
2.52485,32767
2.52511,32767
2.52538,32767
2.52568,32767
2.52594,32767
2.52621,32767
2.52652,32767
2.52679,32767
2.52706,32767
2.52735,32767
2.52774,32767
2.52808,32767
2.52838,32767
2.52869,32767
2.52898,32767
2.52923,32767
2.52949,32767
2.52975,32767
2.53004,32767
2.53034,32767
2.53062,32767
2.53090,32767
2.53117,32767
2.53146,32767
2.53186,32767
2.53220,32767
2.53246,32767
2.53273,32767
2.53300,32767
2.53331,32767
2.53360,32767
2.53389,32767
2.53417,32767
2.53445,32767
2.53470,32767
2.53495,32767
2.53520,32767
2.53548,32767
2.53576,32767
2.53605,32767
2.53637,32767
2.53716,32767
2.53750,32767
2.53781,32767
2.53810,32767
2.53840,32767
2.53870,32767
2.53900,32767
2.53927,32767
2.53956,32767
2.53986,32767
2.54014,32767
2.54044,32767
2.54074,32767
2.54102,32767
2.54132,32767
2.54161,32767
2.54189,32767
2.54219,32767
2.54248,32767
2.54278,32767
2.54305,32767
2.54332,32767
2.54361,32767
2.54392,32767
2.54422,32767
2.54451,32767
2.54482,32767
2.54511,32767
2.54542,32767
2.54570,32767
2.54596,32767
2.54624,32767
2.54652,32767
2.54680,32767
2.54709,32767
2.54750,32767
2.54785,32767
2.54815,32767
2.54844,32767
2.54874,32767
2.54900,32767
2.54944,32767
2.54980,32767
2.55021,32767
2.55051,32767
2.55081,32767
2.55110,32767
2.55141,32767
2.55171,32767
2.55199,32767
2.55231,32767
2.55260,32767
2.55290,32767
2.55319,32767
2.55356,32767
2.55386,32767
2.55414,32767
2.55491,32767
2.55523,32767
2.55550,32767
2.55583,32767
2.55612,32767
2.55645,32767
2.55676,32767
2.55711,32767
2.55738,32767
2.55767,32767
2.55794,32767
2.55822,32767
2.55848,32767
2.55878,32767
2.55902,32767
2.55928,32767
2.55955,32767
2.55984,32767
2.56008,32767
2.56032,32767
2.56057,32767
2.56086,32767
2.56116,32767
2.56144,32767
2.56169,32767
2.56196,32767
2.56224,32767
2.56257,32767
2.56282,32767
2.56309,32767
2.56334,32767
2.56363,32767
2.56390,32767
2.56416,32767
2.56440,32767
2.56467,32767
2.56494,32767
2.56520,32767
2.56546,32767
2.56573,32767
2.56607,32767
2.56634,32767
2.56661,32767
2.56694,32767
2.56722,32767
2.56746,32767
2.56772,32767
2.56798,32767
2.56830,32767
2.56857,32767
2.56884,32767
2.56911,32767
2.56936,32767
2.56970,32767
2.56996,32767
2.57023,32767
2.57057,32767
2.57084,32767
2.57112,32767
2.57136,32767
2.57170,32767
2.57194,32767
2.57220,32767
2.57247,32767
2.57273,32767
2.57307,32767
2.57334,32767
2.57361,32767
2.57395,32767
2.57422,32767
2.57449,32767
2.57482,32767
2.57508,32767
2.57534,32767
2.57561,32767
2.57595,32767
2.57620,32767
2.57645,32767
2.57672,32767
2.57698,32767
2.57724,32767
2.57755,32767
2.57781,32767
2.57805,32767
2.57831,32767
2.57856,32767
2.57883,32767
2.57911,32767
2.57937,32767
2.57968,32767
2.57995,32767
2.58025,32767
2.58056,32767
2.58080,32767
2.58106,32767
2.58130,32767
2.58155,32767
2.58182,32767
2.58208,32767
2.58232,32767
2.58257,32767
2.58282,32767
2.58307,32767
2.58334,32767
2.58361,32767
2.58386,32767
2.58420,32767
2.58445,32767
2.58470,32767
2.58494,32767
2.58519,32767
2.58545,32767
2.58570,32767
2.58595,32767
2.58620,32767
2.58645,32767
2.58674,32767
2.58707,32767
2.58732,32767
2.58757,32767
2.58783,32767
2.58807,32767
2.58835,32767
2.58865,32767
2.58890,32767
2.58915,32767
2.58943,32767
2.58968,32767
2.58992,32767
2.59020,32767
2.59047,32767
2.59072,32767
2.59098,32767
2.59122,32767
2.59149,32767
2.59180,32767
2.59208,32767
2.59236,32767
2.59263,32767
2.59293,32767
2.59318,32767
2.59348,32767
2.59377,32767
2.59403,32767
2.59432,32767
2.59457,32767
2.59483,32767
2.59507,32767
2.59532,32767
2.59558,32767
2.59583,32767
2.59612,32767
2.59643,32767
2.59668,32767
2.59693,32767
2.59718,32767
2.59743,32767
2.59768,32767
2.59793,32767
2.59818,32767
2.59843,32767
2.59868,32767
2.59898,32767
2.59925,32767
2.59956,32767
2.59980,32767
2.60005,32767
2.60030,32767
2.60055,32767
2.60082,32767
2.60108,32767
2.60133,32767
2.60157,32767
2.60182,32767
2.60207,32767
2.60235,32767
2.60259,32767
2.60286,32767
2.60320,32767
2.60346,32767
2.60374,32767
2.60407,32767
2.60430,32767
2.60456,32767
2.60481,32767
2.60506,32767
2.60532,32767
2.60557,32767
2.60582,32767
2.60608,32767
2.60636,32767
2.60670,32767
2.60695,32767
2.60720,32767
2.60745,32767
2.60774,32767
2.60805,32767
2.60830,32767
2.60856,32767
2.60885,32767
2.60910,32767
2.60938,32767
2.60961,32767
2.60993,32767
2.61019,32767
2.61047,32767
2.61071,32767
2.61099,32767
2.61131,32767
2.61160,32767
2.61183,32767
2.61213,32767
2.61243,32767
2.61268,32767
2.61293,32767
2.61320,32767
2.61345,32767
2.61370,32767
2.61400,32767
2.61430,32767
2.61455,32767
2.61483,32767
2.61508,32767
2.61536,32767
2.61570,32767
2.61595,32767
2.61620,32767
2.61647,32767
2.61671,32767
2.61699,32767
2.61732,32767
2.61762,32767
2.61791,32767
2.61816,32767
2.61841,32767
2.61870,32767
2.61895,32767
2.61920,32767
2.61945,32767
2.61971,32767
2.62000,32767
2.62030,32767
2.62056,32767
2.62080,32767
2.62105,32767
2.62132,32767
2.62159,32767
2.62184,32767
2.62211,32767
2.62245,32767
2.62270,32767
2.62295,32767
2.62320,32767
2.62347,32767
2.62373,32767
2.62401,32767
2.62425,32767
2.62461,32767
2.62489,32767
2.62518,32767
2.62543,32767
2.62568,32767
2.62593,32767
2.62618,32767
2.62645,32767
2.62670,32767
2.62695,32767
2.62720,32767
2.62750,32767
2.62780,32767
2.62805,32767
2.62831,32767
2.62858,32767
2.62888,32767
2.62916,32767
2.62941,32767
2.62970,32767
2.62995,32767
2.63020,32767
2.63045,32767
2.63070,32767
2.63097,32767
2.63123,32767
2.63146,32767
2.63174,32767
2.63206,32767
2.63231,32767
2.63255,32767
2.63281,32767
2.63307,32767
2.63334,32767
2.63360,32767
2.63383,32767
2.63411,32767
2.63445,32767
2.63470,32767
2.63495,32767
2.63520,32767
2.63545,32767
2.63570,32767
2.63595,32767
2.63620,32767
2.63645,32767
2.63672,32767
2.63699,32767
2.63731,32767
2.63757,32767
2.63782,32767
2.63812,32767
2.63845,32767
2.63873,32767
2.63897,32767
2.63922,32767
2.63948,32767
2.63972,32767
2.64000,32767
2.64030,32767
2.64058,32767
2.64083,32767
2.64107,32767
2.64133,32767
2.64157,32767
2.64182,32767
2.64207,32767
2.64232,32767
2.64257,32767
2.64282,32767
2.64308,32767
2.64334,32767
2.64360,32767
2.64385,32767
2.64412,32767
2.64442,32767
2.64467,32767
2.64492,32767
2.64519,32767
2.64548,32767
2.64577,32767
2.64609,32767
2.64641,32767
2.64669,32767
2.64695,32767
2.64727,32767
2.64753,32767
2.64792,32767
2.64839,32767
2.64868,32767
2.64897,32767
2.64924,32767
2.64957,32767
2.64982,32767
2.65008,32767
2.65036,32767
2.65070,32767
2.65096,32767
2.65123,32767
2.65156,32767
2.65184,32767
2.65208,32767
2.65233,32767
2.65260,32767
2.65291,32767
2.65319,32767
2.65346,32767
2.65372,32767
2.65406,32767
2.65429,32767
2.65456,32767
2.65479,32767
2.65503,32767
2.65529,32767
2.65555,32767
2.65580,32767
2.65603,32767
2.65634,32767
2.65659,32767
2.65687,32767
2.65716,32767
2.65743,32767
2.65771,32767
2.65793,32767
2.65816,32767
2.65840,32767
2.65863,32767
2.65893,32767
2.65940,32767
2.65971,32767
2.65999,32767
2.66029,32767
2.66056,32767
2.66079,32767
2.66119,32767
2.66161,32767
2.66187,32767
2.66216,32767
2.66239,32767
2.66264,32767
2.66286,32767
2.66310,32767
2.66335,32767
2.66357,32767
2.66382,32767
2.66400,32767
2.66422,32767
2.66441,32767
2.66464,32767
2.66489,32767
2.66512,32767
2.66533,32767
2.66562,32767
2.66585,32767
2.66611,32767
2.66633,32767
2.66666,32767
2.66691,32767
2.66714,32767
2.66737,32767
2.66758,32767
2.66791,32767
2.66812,32767
2.66828,32767
2.66845,32767
2.66861,32767
2.66882,32767
2.66899,32767
2.66919,32767
2.66936,32767
2.66953,32767
2.66970,32767
2.66986,32767
2.67007,32767
2.67037,32767
2.67053,32767
2.67072,32767
2.67089,32767
2.67107,32767
2.67126,32767
2.67144,32767
2.67162,32767
2.67192,32767
2.67217,32767
2.67241,32767
2.67264,32767
2.67287,32767
2.67308,32767
2.67331,32767
2.67350,32767
2.67372,32767
2.67394,32767
2.67416,32767
2.67441,32767
2.67466,32767
2.67491,32767
2.67516,32767
2.67539,32767
2.67564,32767
2.67587,32767
2.67612,32767
2.67637,32767
2.67662,32767
2.67687,32767
2.67713,32767
2.67737,32767
2.67762,32767
2.67788,32767
2.67811,32767
2.67835,32767
2.67858,32767
2.67896,32767
2.67924,32767
2.67954,32767
2.67980,32767
2.68006,32767
2.68029,32767
2.68054,32767
2.68080,32767
2.68106,32767
2.68129,32767
2.68156,32767
2.68184,32767
2.68209,32767
2.68234,32767
2.68259,32767
2.68285,32767
2.68317,32767
2.68344,32767
2.68367,32767
2.68395,32767
2.68421,32767
2.68446,32767
2.68471,32767
2.68496,32767
2.68521,32767
2.68546,32767
2.68571,32767
2.68594,32767
2.68621,32767
2.68646,32767
2.68671,32767
2.68696,32767
2.68721,32767
2.68748,32767
2.68773,32767
2.68805,32767
2.68832,32767
2.68859,32767
2.68884,32767
2.68909,32767
2.68932,32767
2.68960,32767
2.68986,32767
2.69017,32767
2.69044,32767
2.69071,32767
2.69097,32767
2.69120,32767
2.69146,32767
2.69170,32767
2.69196,32767
2.69222,32767
2.69247,32767
2.69273,32767
2.69305,32767
2.69332,32767
2.69358,32767
2.69381,32767
2.69404,32767
2.69427,32767
2.69452,32767
2.69474,32767
2.69504,32767
2.69531,32767
2.69555,32767
2.69579,32767
2.69604,32767
2.69629,32767
2.69662,32767
2.69701,32767
2.69728,32767
2.69755,32767
2.69778,32767
2.69803,32767
2.69828,32767
2.69856,32767
2.69880,32767
2.69901,32767
2.69923,32767
2.69953,32767
2.69976,32767
2.69998,32767
2.70028,32767
2.70053,32767
2.70076,32767
2.70101,32767
2.70126,32767
2.70151,32767
2.70173,32767
2.70203,32767
2.70226,32767
2.70251,32767
2.70271,32767
2.70293,32767
2.70320,32767
2.70346,32767
2.70370,32767
2.70395,32767
2.70418,32767
2.70444,32767
2.70469,32767
2.70496,32767
2.70523,32767
2.70556,32767
2.70582,32767
2.70608,32767
2.70635,32767
2.70669,32767
2.70696,32767
2.70723,32767
2.70756,32767
2.70783,32767
2.70810,32767
2.70844,32767
2.70871,32767
2.70898,32767
2.70933,32767
2.70961,32767
2.70994,32767
2.71021,32767
2.71046,32767
2.71072,32767
2.71095,32767
2.71121,32767
2.71148,32767
2.71182,32767
2.71209,32767
2.71236,32767
2.71269,32767
2.71296,32767
2.71324,32767
2.71357,32767
2.71389,32767
2.71424,32767
2.71456,32767
2.71485,32767
2.71509,32767
2.71533,32767
2.71557,32767
2.71584,32767
2.71609,32767
2.71636,32767
2.71671,32767
2.71698,32767
2.71724,32767
2.71756,32767
2.71780,32767
2.71821,32767
2.71851,32767
2.71881,32767
2.71908,32767
2.71935,32767
2.71960,32767
2.71988,32767
2.72015,32767
2.72040,32767
2.72065,32767
2.72090,32767
2.72117,32767
2.72144,32767
2.72171,32767
2.72199,32767
2.72232,32767
2.72259,32767
2.72286,32767
2.72319,32767
2.72347,32767
2.72373,32767
2.72407,32767
2.72434,32767
2.72459,32767
2.72486,32767
2.72517,32767
2.72542,32767
2.72569,32767
2.72595,32767
2.72619,32767
2.72647,32767
2.72682,32767
2.72709,32767
2.72736,32767
2.72770,32767
2.72797,32767
2.72821,32767
2.72849,32767
2.72882,32767
2.72907,32767
2.72932,32767
2.72959,32767
2.72986,32767
2.73018,32767
2.73043,32767
2.73068,32767
2.73095,32767
2.73120,32767
2.73145,32767
2.73179,32767
2.73209,32767
2.73249,32767
2.73279,32767
2.73311,32767
2.73334,32767
2.73361,32767
2.73399,32767
2.73427,32767
2.73458,32767
2.73486,32767
2.73531,32767
2.73564,32767
2.73593,32767
2.73622,32767
2.73651,32767
2.73694,32767
2.73727,32767
2.73753,32767
2.73777,32767
2.73802,32767
2.73827,32767
2.73854,32767
2.73880,32767
2.73907,32767
2.73934,32767
2.73959,32767
2.73986,32767
2.74019,32767
2.74047,32767
2.74071,32767
2.74096,32767
2.74122,32767
2.74148,32767
2.74182,32767
2.74209,32767
2.74236,32767
2.74270,32767
2.74297,32767
2.74321,32767
2.74346,32767
2.74372,32767
2.74398,32767
2.74430,32767
2.74455,32767
2.74482,32767
2.74509,32767
2.74538,32767
2.74566,32767
2.74590,32767
2.74618,32767
2.74642,32767
2.74669,32767
2.74695,32767
2.74720,32767
2.74744,32767
2.74774,32767
2.74799,32767
2.74832,32767
2.74857,32767
2.74882,32767
2.74909,32767
2.74936,32767
2.74975,32767
2.75004,32767
2.75035,32767
2.75065,32767
2.75092,32767
2.75124,32767
2.75153,32767
2.75178,32767
2.75203,32767
2.75227,32767
2.75255,32767
2.75282,32767
2.75307,32767
2.75332,32767
2.75357,32767
2.75384,32767
2.75410,32767
2.75436,32767
2.75469,32767
2.75497,32767
2.75521,32767
2.75546,32767
2.75571,32767
2.75598,32767
2.75630,32767
2.75657,32767
2.75684,32767
2.75711,32767
2.75736,32767
2.75769,32767
2.75797,32767
2.75822,32767
2.75848,32767
2.75882,32767
2.75907,32767
2.75932,32767
2.75958,32767
2.75987,32767
2.76018,32767
2.76042,32767
2.76070,32767
2.76094,32767
2.76122,32767
2.76148,32767
2.76180,32767
2.76205,32767
2.76232,32767
2.76259,32767
2.76286,32767
2.76318,32767
2.76342,32767
2.76370,32767
2.76395,32767
2.76419,32767
2.76444,32767
2.76472,32767
2.76498,32767
2.76532,32767
2.76561,32767
2.76587,32767
2.76615,32767
2.76646,32767
2.76673,32767
2.76707,32767
2.76734,32767
2.76759,32767
2.76819,32767
2.76849,32767
2.76878,32767
2.76907,32767
2.76934,32767
2.76961,32767
2.76995,32767
2.77020,32767
2.77045,32767
2.77069,32767
2.77098,32767
2.77127,32767
2.77156,32767
2.77186,32767
2.77214,32767
2.77244,32767
2.77274,32767
2.77302,32767
2.77335,32767
2.77361,32767
2.77393,32767
2.77423,32767
2.77455,32767
2.77487,32767
2.77518,32767
2.77550,32767
2.77581,32767
2.77614,32767
2.77645,32767
2.77677,32767
2.77711,32767
2.77746,32767
2.77785,32767
2.77818,32767
2.77848,32767
2.77884,32767
2.77916,32767
2.77949,32767
2.77983,32767
2.78018,32767
2.78047,32767
2.78079,32767
2.78120,32767
2.78154,32767
2.78192,32767
2.78227,32767
2.78263,32767
2.78298,32767
2.78333,32767
2.78371,32767
2.78406,32767
2.78441,32767
2.78474,32767
2.78507,32767
2.78544,32767
2.78635,32767
2.78669,32767
2.78701,32767
2.78735,32767
2.78764,32767
2.78795,32767
2.78823,32767
2.78852,32767
2.78881,32767
2.78910,32767
2.78940,32767
2.78969,32767
2.78998,32767
2.79026,32767
2.79057,32767
2.79084,32767
2.79111,32767
2.79143,32767
2.79174,32767
2.79206,32767
2.79237,32767
2.79268,32767
2.79300,32767
2.79331,32767
2.79362,32767
2.79393,32767
2.79422,32767
2.79453,32767
2.79481,32767
2.79510,32767
2.79541,32767
2.79568,32767
2.79597,32767
2.79626,32767
2.79657,32767
2.79686,32767
2.79721,32767
2.79751,32767
2.79781,32767
2.79818,32767
2.79865,32767
2.79895,32767
2.79927,32767
2.79967,32767
2.80006,32767
2.80047,32767
2.80089,32767
2.80124,32767
2.80160,32767
2.80199,32767
2.80231,32767
2.80265,32767
2.80303,32767
2.80337,32767
2.80372,32767
2.80412,32767
2.80456,32767
2.80494,32767
2.80533,32767
2.80568,32767
2.80603,32767
2.80647,32767
2.80683,32767
2.80715,32767
2.80762,32767
2.80798,32767
2.80834,32767
2.80864,32767
2.80894,32767
2.80923,32767
2.80955,32767
2.80984,32767
2.81014,32767
2.81043,32767
2.81074,32767
2.81108,32767
2.81138,32767
2.81170,32767
2.81202,32767
2.81231,32767
2.81263,32767
2.81295,32767
2.81326,32767
2.81355,32767
2.81387,32767
2.81414,32767
2.81443,32767
2.81472,32767
2.81499,32767
2.81526,32767
2.81558,32767
2.81588,32767
2.81617,32767
2.81644,32767
2.81673,32767
2.81704,32767
2.81734,32767
2.81766,32767
2.81795,32767
2.81825,32767
2.81856,32767
2.81887,32767
2.81915,32767
2.81946,32767
2.81976,32767
2.82006,32767
2.82035,32767
2.82065,32767
2.82095,32767
2.82152,32767
2.82248,32767
2.82282,32767
2.82313,32767
2.82343,32767
2.82374,32767
2.82407,32767
2.82435,32767
2.82467,32767
2.82497,32767
2.82529,32767
2.82556,32767
2.82586,32767
2.82616,32767
2.82648,32767
2.82677,32767
2.82708,32767
2.82740,32767
2.82777,32767
2.82827,32767
2.82865,32767
2.82904,32767
2.82942,32767
2.82973,32767
2.83009,32767
2.83043,32767
2.83070,32767
2.83102,32767
2.83135,32767
2.83169,32767
2.83200,32767
2.83231,32767
2.83261,32767
2.83293,32767
2.83320,32767
2.83350,32767
2.83382,32767
2.83409,32767
2.83437,32767
2.83468,32767
2.83499,32767
2.83526,32767
2.83556,32767
2.83587,32767
2.83618,32767
2.83651,32767
2.83682,32767
2.83716,32767
2.83749,32767
2.83782,32767
2.83815,32767
2.83845,32767
2.83876,32767
2.83907,32767
2.83949,32767
2.84037,32767
2.84073,32767
2.84107,32767
2.84139,32767
2.84169,32767
2.84201,32767
2.84231,32767
2.84262,32767
2.84293,32767
2.84324,32767
2.84356,32767
2.84390,32767
2.84417,32767
2.84445,32767
2.84477,32767
2.84505,32767
2.84537,32767
2.84564,32767
2.84594,32767
2.84621,32767
2.84649,32767
2.84676,32767
2.84704,32767
2.84734,32767
2.84762,32767
2.84794,32767
2.84823,32767
2.84852,32767
2.84880,32767
2.84909,32767
2.84936,32767
2.84967,32767
2.84996,32767
2.85024,32767
2.85054,32767
2.85083,32767
2.85111,32767
2.85142,32767
2.85171,32767
2.85199,32767
2.85229,32767
2.85258,32767
2.85288,32767
2.85319,32767
2.85348,32767
2.85376,32767
2.85406,32767
2.85435,32767
2.85464,32767
2.85494,32767
2.85523,32767
2.85554,32767
2.85583,32767
2.85614,32767
2.85661,32767
2.85712,32767
2.85743,32767
2.85773,32767
2.85801,32767
2.85831,32767
2.85864,32767
2.85896,32767
2.85925,32767
2.85956,32767
2.85985,32767
2.86014,32767
2.86043,32767
2.86072,32767
2.86101,32767
2.86131,32767
2.86160,32767
2.86189,32767
2.86218,32767
2.86247,32767
2.86276,32767
2.86306,32767
2.86335,32767
2.86364,32767
2.86393,32767
2.86422,32767
2.86454,32767
2.86483,32767
2.86511,32767
2.86541,32767
2.86570,32767
2.86599,32767
2.86633,32767
2.86661,32767
2.86695,32767
2.86724,32767
2.86758,32767
2.86786,32767
2.86816,32767
2.86845,32767
2.86874,32767
2.86904,32767
2.86933,32767
2.86961,32767
2.86995,32767
2.87025,32767
2.87058,32767
2.87087,32767
2.87118,32767
2.87147,32767
2.87175,32767
2.87206,32767
2.87235,32767
2.87264,32767
2.87293,32767
2.87323,32767
2.87350,32767
2.87381,32767
2.87410,32767
2.87455,32767
2.87488,32767
2.87522,32767
2.87550,32767
2.87581,32767
2.87611,32767
2.87642,32767
2.87670,32767
2.87699,32767
2.87733,32767
2.87762,32767
2.87795,32767
2.87823,32767
2.87854,32767
2.87883,32767
2.87912,32767
2.87941,32767
2.87970,32767
2.87999,32767
2.88033,32767
2.88061,32767
2.88095,32767
2.88124,32767
2.88158,32767
2.88187,32767
2.88220,32767
2.88249,32767
2.88283,32767
2.88312,32767
2.88341,32767
2.88370,32767
2.88399,32767
2.88433,32767
2.88462,32767
2.88492,32767
2.88521,32767
2.88550,32767
2.88582,32767
2.88611,32767
2.88642,32767
2.88671,32767
2.88700,32767
2.88729,32767
2.88769,32767
2.88798,32767
2.88829,32767
2.88859,32767
2.88888,32767
2.88917,32767
2.88944,32767
2.88973,32767
2.89008,32767
2.89042,32767
2.89069,32767
2.89096,32767
2.89124,32767
2.89156,32767
2.89194,32767
2.89239,32767
2.89270,32767
2.89299,32767
2.89329,32767
2.89356,32767
2.89385,32767
2.89408,32767
2.89438,32767
2.89469,32767
2.89498,32767
2.89528,32767
2.89554,32767
2.89582,32767
2.89609,32767
2.89642,32767
2.89672,32767
2.89703,32767
2.89731,32767
2.89761,32767
2.89790,32767
2.89823,32767
2.89853,32767
2.89887,32767
2.89921,32767
2.89951,32767
2.89986,32767
2.90022,32767
2.90058,32767
2.90090,32767
2.90126,32767
2.90161,32767
2.90194,32767
2.90225,32767
2.90258,32767
2.90290,32767
2.90324,32767
2.90357,32767
2.90391,32767
2.90421,32767
2.90450,32767
2.90481,32767
2.90518,32767
2.90550,32767
2.90585,32767
2.90615,32767
2.90645,32767
2.90678,32767
2.90711,32767
2.90745,32767
2.90780,32767
2.90810,32767
2.90848,32767
2.90884,32767
2.90919,32767
2.90959,32767
2.91026,32767
2.91057,32767
2.91090,32767
2.91121,32767
2.91157,32767
2.91190,32767
2.91218,32767
2.91248,32767
2.91278,32767
2.91305,32767
2.91334,32767
2.91360,32767
2.91392,32767
2.91419,32767
2.91447,32767
2.91473,32767
2.91502,32767
2.91532,32767
2.91562,32767
2.91593,32767
2.91623,32767
2.91653,32767
2.91682,32767
2.91712,32767
2.91744,32767
2.91774,32767
2.91807,32767
2.91837,32767
2.91871,32767
2.91908,32767
2.91943,32767
2.91977,32767
2.92011,32767
2.92046,32767
2.92077,32767
2.92112,32767
2.92143,32767
2.92176,32767
2.92212,32767
2.92247,32767
2.92282,32767
2.92314,32767
2.92350,32767
2.92391,32767
2.92428,32767
2.92464,32767
2.92494,32767
2.92523,32767
2.92550,32767
2.92591,32767
2.92621,32767
2.92649,32767
2.92679,32767
2.92711,32767
2.92761,32767
2.92793,32767
2.92823,32767
2.92851,32767
2.92881,32767
2.92910,32767
2.92937,32767
2.92966,32767
2.92993,32767
2.93020,32767
2.93049,32767
2.93079,32767
2.93108,32767
2.93137,32767
2.93169,32767
2.93198,32767
2.93226,32767
2.93257,32767
2.93286,32767
2.93314,32767
2.93342,32767
2.93370,32767
2.93396,32767
2.93423,32767
2.93455,32767
2.93482,32767
2.93509,32767
2.93537,32767
2.93567,32767
2.93596,32767
2.93626,32767
2.93654,32767
2.93682,32767
2.93712,32767
2.93743,32767
2.93773,32767
2.93802,32767
2.93829,32767
2.93856,32767
2.93885,32767
2.93914,32767
2.93944,32767
2.93973,32767
2.94001,32767
2.94031,32767
2.94060,32767
2.94089,32767
2.94119,32767
2.94148,32767
2.94176,32767
2.94206,32767
2.94235,32767
2.94263,32767
2.94293,32767
2.94323,32767
2.94351,32767
2.94382,32767
2.94408,32767
2.94437,32767
2.94474,32767
2.94506,32767
2.94546,32767
2.94581,32767
2.94613,32767
2.94642,32767
2.94669,32767
2.94696,32767
2.94725,32767
2.94766,32767
2.94796,32767
2.94825,32767
2.94857,32767
2.94892,32767
2.94921,32767
2.94949,32767
2.94979,32767
2.95009,32767
2.95038,32767
2.95070,32767
2.95096,32767
2.95129,32767
2.95159,32767
2.95187,32767
2.95217,32767
2.95246,32767
2.95285,32767
2.95319,32767
2.95349,32767
2.95376,32767
2.95406,32767
2.95435,32767
2.95464,32767
2.95493,32767
2.95523,32767
2.95550,32767
2.95581,32767
2.95610,32767
2.95639,32767
2.95668,32767
2.95697,32767
2.95726,32767
2.95756,32767
2.95785,32767
2.95814,32767
2.95843,32767
2.95872,32767
2.95901,32767
2.95931,32767
2.95960,32767
2.95989,32767
2.96018,32767
2.96047,32767
2.96078,32767
2.96108,32767
2.96136,32767
2.96166,32767
2.96195,32767
2.96223,32767
2.96254,32767
2.96280,32767
2.96346,32767
2.96377,32767
2.96406,32767
2.96435,32767
2.96464,32767
2.96492,32767
2.96521,32767
2.96550,32767
2.96579,32767
2.96604,32767
2.96633,32767
2.96660,32767
2.96687,32767
2.96718,32767
2.96748,32767
2.96773,32767
2.96801,32767
2.96829,32767
2.96858,32767
2.96882,32767
2.96910,32767
2.96935,32767
2.96959,32767
2.96986,32767
2.97020,32767
2.97045,32767
2.97070,32767
2.97096,32767
2.97119,32767
2.97148,32767
2.97176,32767
2.97205,32767
2.97231,32767
2.97260,32767
2.97285,32767
2.97316,32767
2.97341,32767
2.97368,32767
2.97393,32767
2.97420,32767
2.97445,32767
2.97472,32767
2.97497,32767
2.97523,32767
2.97553,32767
2.97578,32767
2.97603,32767
2.97629,32767
2.97657,32767
2.97683,32767
2.97707,32767
2.97733,32767
2.97761,32767
2.97799,32767
2.97824,32767
2.97857,32767
2.97882,32767
2.97908,32767
2.97937,32767
2.97968,32767
2.97993,32767
2.98057,32767
2.98094,32767
2.98122,32767
2.98156,32767
2.98184,32767
2.98211,32767
2.98245,32767
2.98270,32767
2.98297,32767
2.98324,32767
2.98355,32767
2.98384,32767
2.98411,32767
2.98438,32767
2.98469,32767
2.98498,32767
2.98526,32767
2.98557,32767
2.98585,32767
2.98617,32767
2.98646,32767
2.98674,32767
2.98704,32767
2.98733,32767
2.98761,32767
2.98792,32767
2.98821,32767
2.98849,32767
2.98879,32767
2.98908,32767
2.98936,32767
2.98967,32767
2.98996,32767
2.99025,32767
2.99058,32767
2.99086,32767
2.99117,32767
2.99146,32767
2.99175,32767
2.99208,32767
2.99236,32767
2.99266,32767
2.99296,32767
2.99324,32767
2.99354,32767
2.99383,32767
2.99411,32767
2.99442,32767
2.99471,32767
2.99501,32767
2.99531,32767
2.99560,32767
2.99588,32767
2.99619,32767
2.99651,32767
2.99681,32767
2.99710,32767
2.99743,32767
2.99787,32767
2.99819,32767
2.99851,32767
2.99879,32767
2.99906,32767
2.99933,32767
2.99962,32767
2.99994,32767
3.00020,32767
3.00048,32767
3.00079,32767
3.00108,32767
3.00136,32767
3.00170,32767
3.00199,32767
3.00231,32767
3.00260,32767
3.00289,32767
3.00318,32767
3.00347,32767
3.00375,32767
3.00406,32767
3.00435,32767
3.00463,32767
3.00494,32767
3.00523,32767
3.00550,32767
3.00581,32767
3.00610,32767
3.00638,32767
3.00668,32767
3.00697,32767
3.00726,32767
3.00756,32767
3.00785,32767
3.00815,32767
3.00843,32767
3.00872,32767
3.00901,32767
3.00931,32767
3.00960,32767
3.00985,32767
3.01014,32767
3.01041,32767
3.01068,32767
3.01097,32767
3.01125,32767
3.01156,32767
3.01185,32767
3.01216,32767
3.01243,32767
3.01272,32767
3.01300,32767
3.01331,32767
3.01360,32767
3.01390,32767
3.01420,32767
3.01449,32767
3.01500,32767
3.01549,32767
3.01578,32767
3.01604,32767
3.01639,32767
3.01667,32767
3.01700,32767
3.01735,32767
3.01763,32767
3.01795,32767
3.01825,32767
3.01858,32767
3.01887,32767
3.01921,32767
3.01950,32767
3.01984,32767
3.02014,32767
3.02047,32767
3.02076,32767
3.02108,32767
3.02138,32767
3.02170,32767
3.02201,32767
3.02229,32767
3.02261,32767
3.02291,32767
3.02322,32767
3.02354,32767
3.02383,32767
3.02417,32767
3.02447,32767
3.02483,32767
3.02517,32767
3.02552,32767
3.02588,32767
3.02624,32767
3.02659,32767
3.02696,32767
3.02730,32767
3.02761,32767
3.02795,32767
3.02849,32767
3.02886,32767
3.02926,32767
3.02962,32767
3.02998,32767
3.03034,32767
3.03075,32767
3.03107,32767
3.03138,32767
3.03169,32767
3.03198,32767
3.03260,32767
3.03348,32767
3.03380,32767
3.03411,32767
3.03444,32767
3.03476,32767
3.03507,32767
3.03535,32767
3.03568,32767
3.03599,32767
3.03630,32767
3.03662,32767
3.03693,32767
3.03724,32767
3.03756,32767
3.03787,32767
3.03818,32767
3.03857,32767
3.03890,32767
3.03920,32767
3.03954,32767
3.03983,32767
3.04016,32767
3.04049,32767
3.04084,32767
3.04117,32767
3.04146,32767
3.04176,32767
3.04208,32767
3.04239,32767
3.04270,32767
3.04297,32767
3.04327,32767
3.04356,32767
3.04388,32767
3.04421,32767
3.04463,32767
3.04509,32767
3.04540,32767
3.04571,32767
3.04601,32767
3.04629,32767
3.04658,32767
3.04685,32767
3.04714,32767
3.04742,32767
3.04770,32767
3.04796,32767
3.04824,32767
3.04851,32767
3.04879,32767
3.04904,32767
3.04929,32767
3.04972,32767
3.05033,32767
3.05066,32767
3.05096,32767
3.05124,32767
3.05150,32767
3.05180,32767
3.05205,32767
3.05230,32767
3.05255,32767
3.05280,32767
3.05305,32767
3.05330,32767
3.05355,32767
3.05379,32767
3.05404,32767
3.05432,32767
3.05457,32767
3.05481,32767
3.05505,32767
3.05530,32767
3.05555,32767
3.05580,32767
3.05605,32767
3.05630,32767
3.05656,32767
3.05680,32767
3.05705,32767
3.05730,32767
3.05755,32767
3.05780,32767
3.05805,32767
3.05830,32767
3.05855,32767
3.05880,32767
3.05907,32767
3.05932,32767
3.05960,32767
3.05985,32767
3.06011,32767
3.06038,32767
3.06069,32767
3.06095,32767
3.06123,32767
3.06154,32767
3.06183,32767
3.06211,32767
3.06242,32767
3.06271,32767
3.06299,32767
3.06330,32767
3.06357,32767
3.06384,32767
3.06411,32767
3.06451,32767
3.06483,32767
3.06511,32767
3.06541,32767
3.06570,32767
3.06599,32767
3.06633,32767
3.06661,32767
3.06691,32767
3.06721,32767
3.06754,32767
3.06790,32767
3.06824,32767
3.06855,32767
3.06881,32767
3.06910,32767
3.06939,32767
3.06976,32767
3.07003,32767
3.07028,32767
3.07053,32767
3.07082,32767
3.07108,32767
3.07132,32767
3.07158,32767
3.07182,32767
3.07208,32767
3.07235,32767
3.07258,32767
3.07282,32767
3.07307,32767
3.07333,32767
3.07360,32767
3.07383,32767
3.07411,32767
3.07445,32767
3.07470,32767
3.07495,32767
3.07520,32767
3.07552,32767
3.07581,32767
3.07610,32767
3.07636,32767
3.07660,32767
3.07688,32767
3.07718,32767
3.07743,32767
3.07769,32767
3.07798,32767
3.07826,32767
3.07855,32767
3.07881,32767
3.07909,32767
3.07936,32767
3.07960,32767
3.07983,32767
3.08011,32767
3.08045,32767
3.08070,32767
3.08095,32767
3.08120,32767
3.08145,32767
3.08170,32767
3.08197,32767
3.08222,32767
3.08248,32767
3.08273,32767
3.08299,32767
3.08333,32767
3.08368,32767
3.08393,32767
3.08418,32767
3.08443,32767
3.08487,32767
3.08518,32767
3.08558,32767
3.08587,32767
3.08617,32767
3.08642,32767
3.08670,32767
3.08697,32767
3.08724,32767
3.08758,32767
3.08782,32767
3.08807,32767
3.08832,32767
3.08859,32767
3.08886,32767
3.08918,32767
3.08942,32767
3.08970,32767
3.08996,32767
3.09023,32767
3.09057,32767
3.09084,32767
3.09111,32767
3.09136,32767
3.09164,32767
3.09191,32767
3.09216,32767
3.09240,32767
3.09265,32767
3.09290,32767
3.09316,32767
3.09342,32767
3.09369,32767
3.09397,32767
3.09423,32767
3.09457,32767
3.09483,32767
3.09507,32767
3.09532,32767
3.09557,32767
3.09583,32767
3.09609,32767
3.09635,32767
3.09659,32767
3.09691,32767
3.09716,32767
3.09740,32767
3.09765,32767
3.09792,32767
3.09824,32767
3.09849,32767
3.09880,32767
3.09907,32767
3.09932,32767
3.09957,32767
3.09983,32767
3.10007,32767
3.10032,32767
3.10057,32767
3.10082,32767
3.10108,32767
3.10132,32767
3.10158,32767
3.10182,32767
3.10208,32767
3.10241,32767
3.10291,32767
3.10320,32767
3.10349,32767
3.10375,32767
3.10403,32767
3.10428,32767
3.10453,32767
3.10483,32767
3.10511,32767
3.10538,32767
3.10568,32767
3.10597,32767
3.10622,32767
3.10649,32767
3.10679,32767
3.10725,32767
3.10758,32767
3.10786,32767
3.10820,32767
3.10847,32767
3.10874,32767
3.10905,32767
3.10932,32767
3.10959,32767
3.10986,32767
3.11020,32767
3.11047,32767
3.11071,32767
3.11099,32767
3.11130,32767
3.11155,32767
3.11180,32767
3.11207,32767
3.11232,32767
3.11261,32767
3.11290,32767
3.11320,32767
3.11345,32767
3.11370,32767
3.11395,32767
3.11422,32767
3.11448,32767
3.11480,32767
3.11507,32767
3.11533,32767
3.11562,32767
3.11593,32767
3.11618,32767
3.11647,32767
3.11672,32767
3.11698,32767
3.11724,32767
3.11755,32767
3.11782,32767
3.11808,32767
3.11832,32767
3.11859,32767
3.11889,32767
3.11918,32767
3.11947,32767
3.11982,32767
3.12022,32767
3.12069,32767
3.12104,32767
3.12132,32767
3.12157,32767
3.12182,32767
3.12207,32767
3.12233,32767
3.12262,32767
3.12291,32767
3.12316,32767
3.12340,32767
3.12365,32767
3.12390,32767
3.12415,32767
3.12440,32767
3.12465,32767
3.12490,32767
3.12515,32767
3.12540,32767
3.12565,32767
3.12590,32767
3.12615,32767
3.12640,32767
3.12665,32767
3.12690,32767
3.12715,32767
3.12742,32767
3.12769,32767
3.12795,32767
3.12826,32767
3.12853,32767
3.12878,32767
3.12903,32767
3.12926,32767
3.12949,32767
3.12980,32767
3.13007,32767
3.13034,32767
3.13059,32767
3.13085,32767
3.13109,32767
3.13136,32767
3.13168,32767
3.13191,32767
3.13217,32767
3.13245,32767
3.13272,32767
3.13296,32767
3.13324,32767
3.13353,32767
3.13378,32767
3.13405,32767
3.13432,32767
3.13457,32767
3.13484,32767
3.13511,32767
3.13536,32767
3.13570,32767
3.13594,32767
3.13622,32767
3.13651,32767
3.13680,32767
3.13705,32767
3.13741,32767
3.13776,32767
3.13805,32767
3.13832,32767
3.13859,32767
3.13887,32767
3.13918,32767
3.13942,32767
3.13969,32767
3.13997,32767
3.14023,32767
3.14057,32767
3.14084,32767
3.14111,32767
3.14136,32767
3.14169,32767
3.14197,32767
3.14222,32767
3.14249,32767
3.14280,32767
3.14307,32767
3.14334,32767
3.14361,32767
3.14395,32767
3.14422,32767
3.14449,32767
3.14482,32767
3.14507,32767
3.14534,32767
3.14561,32767
3.14595,32767
3.14620,32767
3.14644,32767
3.14672,32767
3.14697,32767
3.14724,32767
3.14755,32767
3.14782,32767
3.14808,32767
3.14832,32767
3.14858,32767
3.14883,32767
3.14908,32767
3.14934,32767
3.14960,32767
3.14984,32767
3.15012,32767
3.15043,32767
3.15068,32767
3.15093,32767
3.15118,32767
3.15145,32767
3.15170,32767
3.15195,32767
3.15220,32767
3.15245,32767
3.15270,32767
3.15295,32767
3.15319,32767
3.15347,32767
3.15372,32767
3.15398,32767
3.15457,32767
3.15487,32767
3.15525,32767
3.15562,32767
3.15592,32767
3.15620,32767
3.15645,32767
3.15670,32767
3.15695,32767
3.15720,32767
3.15747,32767
3.15775,32767
3.15805,32767
3.15830,32767
3.15857,32767
3.15885,32767
3.15909,32767
3.15937,32767
3.15965,32767
3.15991,32767
3.16015,32767
3.16040,32767
3.16065,32767
3.16090,32767
3.16115,32767
3.16140,32767
3.16165,32767
3.16190,32767
3.16215,32767
3.16240,32767
3.16265,32767
3.16290,32767
3.16317,32767
3.16344,32767
3.16372,32767
3.16399,32767
3.16432,32767
3.16459,32767
3.16486,32767
3.16519,32767
3.16547,32767
3.16572,32767
3.16596,32767
3.16623,32767
3.16655,32767
3.16679,32767
3.16706,32767
3.16729,32767
3.16754,32767
3.16779,32767
3.16805,32767
3.16829,32767
3.16856,32767
3.16879,32767
3.16905,32767
3.16929,32767
3.16954,32767
3.16979,32767
3.17008,32767
3.17037,32767
3.17066,32767
3.17093,32767
3.17118,32767
3.17142,32767
3.17167,32767
3.17192,32767
3.17219,32767
3.17241,32767
3.17284,32767
3.17332,32767
3.17359,32767
3.17385,32767
3.17408,32767
3.17431,32767
3.17456,32767
3.17481,32767
3.17503,32767
3.17526,32767
3.17552,32767
3.17576,32767
3.17602,32767
3.17626,32767
3.17651,32767
3.17676,32767
3.17702,32767
3.17727,32767
3.17751,32767
3.17776,32767
3.17801,32767
3.17826,32767
3.17851,32767
3.17876,32767
3.17901,32767
3.17926,32767
3.17951,32767
3.17976,32767
3.18002,32767
3.18029,32767
3.18058,32767
3.18085,32767
3.18110,32767
3.18135,32767
3.18169,32767
3.18197,32767
3.18221,32767
3.18247,32767
3.18273,32767
3.18305,32767
3.18332,32767
3.18359,32767
3.18386,32767
3.18419,32767
3.18447,32767
3.18473,32767
3.18507,32767
3.18534,32767
3.18561,32767
3.18595,32767
3.18622,32767
3.18648,32767
3.18673,32767
3.18697,32767
3.18721,32767
3.18749,32767
3.18780,32767
3.18807,32767
3.18832,32767
3.18857,32767
3.18882,32767
3.18909,32767
3.18936,32767
3.18966,32767
3.19005,32767
3.19090,32767
3.19120,32767
3.19149,32767
3.19180,32767
3.19208,32767
3.19233,32767
3.19257,32767
3.19284,32767
3.19311,32767
3.19341,32767
3.19368,32767
3.19395,32767
3.19420,32767
3.19447,32767
3.19474,32767
3.19506,32767
3.19532,32767
3.19557,32767
3.19583,32767
3.19608,32767
3.19633,32767
3.19657,32767
3.19682,32767
3.19708,32767
3.19736,32767
3.19766,32767
3.19795,32767
3.19820,32767
3.19845,32767
3.19870,32767
3.19895,32767
3.19920,32767
3.19945,32767
3.19970,32767
3.19995,32767
3.20020,32767
3.20047,32767
3.20076,32767
3.20106,32767
3.20130,32767
3.20160,32767
3.20192,32767
3.20225,32767
3.20253,32767
3.20278,32767
3.20303,32767
3.20327,32767
3.20353,32767
3.20378,32767
3.20403,32767
3.20428,32767
3.20453,32767
3.20483,32767
3.20512,32767
3.20542,32767
3.20571,32767
3.20598,32767
3.20625,32767
3.20657,32767
3.20686,32767
3.20718,32767
3.20749,32767
3.20799,32767
3.20870,32767
3.20906,32767
3.20935,32767
3.20964,32767
3.20995,32767
3.21028,32767
3.21060,32767
3.21089,32767
3.21120,32767
3.21150,32767
3.21177,32767
3.21207,32767
3.21234,32767
3.21264,32767
3.21294,32767
3.21324,32767
3.21355,32767
3.21385,32767
3.21415,32767
3.21445,32767
3.21475,32767
3.21502,32767
3.21532,32767
3.21559,32767
3.21586,32767
3.21615,32767
3.21645,32767
3.21671,32767
3.21699,32767
3.21740,32767
3.21770,32767
3.21800,32767
3.21838,32767
3.21867,32767
3.21894,32767
3.21918,32767
3.21948,32767
3.21976,32767
3.22006,32767
3.22036,32767
3.22067,32767
3.22096,32767
3.22125,32767
3.22158,32767
3.22186,32767
3.22217,32767
3.22246,32767
3.22274,32767
3.22304,32767
3.22333,32767
3.22363,32767
3.22394,32767
3.22423,32767
3.22455,32767
3.22482,32767
3.22510,32767
3.22552,32767
3.22595,32767
3.22625,32767
3.22654,32767
3.22683,32767
3.22711,32767
3.22739,32767
3.22768,32767
3.22795,32767
3.22824,32767
3.22856,32767
3.22885,32767
3.22914,32767
3.22941,32767
3.22970,32767
3.23000,32767
3.23031,32767
3.23060,32767
3.23088,32767
3.23119,32767
3.23147,32767
3.23176,32767
3.23206,32767
3.23235,32767
3.23263,32767
3.23296,32767
3.23326,32767
3.23356,32767
3.23385,32767
3.23414,32767
3.23443,32767
3.23473,32767
3.23504,32767
3.23534,32767
3.23562,32767
3.23592,32767
3.23621,32767
3.23649,32767
3.23679,32767
3.23709,32767
3.23737,32767
3.23767,32767
3.23796,32767
3.23824,32767
3.23854,32767
3.23884,32767
3.23911,32767
3.23942,32767
3.23971,32767
3.24000,32767
3.24029,32767
3.24059,32767
3.24088,32767
3.24117,32767
3.24146,32767
3.24174,32767
3.24202,32767
3.24232,32767
3.24261,32767
3.24296,32767
3.24365,32767
3.24401,32767
3.24432,32767
3.24458,32767
3.24487,32767
3.24517,32767
3.24546,32767
3.24573,32767
3.24601,32767
3.24631,32767
3.24656,32767
3.24683,32767
3.24708,32767
3.24736,32767
3.24761,32767
3.24787,32767
3.24819,32767
3.24846,32767
3.24875,32767
3.24906,32767
3.24935,32767
3.24960,32767
3.24988,32767
3.25018,32767
3.25047,32767
3.25073,32767
3.25103,32767
3.25128,32767
3.25155,32767
3.25181,32767
3.25208,32767
3.25233,32767
3.25257,32767
3.25283,32767
3.25307,32767
3.25331,32767
3.25359,32767
3.25385,32767
3.25413,32767
3.25443,32767
3.25468,32767
3.25493,32767
3.25518,32767
3.25543,32767
3.25568,32767
3.25593,32767
3.25618,32767
3.25643,32767
3.25670,32767
3.25695,32767
3.25720,32767
3.25749,32767
3.25780,32767
3.25806,32767
3.25834,32767
3.25860,32767
3.25885,32767
3.25910,32767
3.25937,32767
3.25970,32767
3.25995,32767
3.26046,32767
3.26093,32767
3.26127,32767
3.26156,32767
3.26183,32767
3.26209,32767
3.26237,32767
3.26266,32767
3.26290,32767
3.26315,32767
3.26346,32767
3.26377,32767
3.26408,32767
3.26436,32767
3.26470,32767
3.26495,32767
3.26520,32767
3.26545,32767
3.26570,32767
3.26595,32767
3.26622,32767
3.26649,32767
3.26682,32767
3.26709,32767
3.26736,32767
3.26769,32767
3.26794,32767
3.26820,32767
3.26853,32767
3.26878,32767
3.26903,32767
3.26928,32767
3.26953,32767
3.26978,32767
3.27003,32767
3.27028,32767
3.27053,32767
3.27078,32767
3.27103,32767
3.27128,32767
3.27153,32767
3.27178,32767
3.27203,32767
3.27230,32767
3.27259,32767
3.27287,32767
3.27320,32767
3.27345,32767
3.27372,32767
3.27399,32767
3.27428,32767
3.27454,32767
3.27482,32767
3.27507,32767
3.27535,32767
3.27562,32767
3.27591,32767
3.27615,32767
3.27641,32767
3.27665,32767
3.27691,32767
3.27717,32767
3.27745,32767
3.27790,32767
3.27852,32767
3.27880,32767
3.27908,32767
3.27938,32767
3.27968,32767
3.27992,32767
3.28019,32767
3.28045,32767
3.28071,32767
3.28098,32767
3.28130,32767
3.28157,32767
3.28184,32767
3.28211,32767
3.28245,32767
3.28271,32767
3.28299,32767
3.28332,32767
3.28359,32767
3.28386,32767
3.28419,32767
3.28447,32767
3.28471,32767
3.28507,32767
3.28536,32767
3.28570,32767
3.28594,32767
3.28620,32767
3.28645,32767
3.28670,32767
3.28695,32767
3.28722,32767
3.28749,32767
3.28782,32767
3.28807,32767
3.28832,32767
3.28860,32767
3.28885,32767
3.28911,32767
3.28936,32767
3.28970,32767
3.28997,32767
3.29023,32767
3.29058,32767
3.29082,32767
3.29107,32767
3.29132,32767
3.29157,32767
3.29184,32767
3.29208,32767
3.29235,32767
3.29260,32767
3.29286,32767
3.29309,32767
3.29335,32767
3.29360,32767
3.29385,32767
3.29413,32767
3.29443,32767
3.29468,32767
3.29493,32767
3.29518,32767
3.29545,32767
3.29576,32767
3.29632,32767
3.29661,32767
3.29690,32767
3.29716,32767
3.29740,32767
3.29765,32767
3.29790,32767
3.29815,32767
3.29842,32767
3.29869,32767
3.29897,32767
3.29924,32767
3.29957,32767
3.29984,32767
3.30009,32767
3.30034,32767
3.30060,32767
3.30086,32767
3.30118,32767
3.30144,32767
3.30172,32767
3.30199,32767
3.30232,32767
3.30259,32767
3.30286,32767
3.30320,32767
3.30345,32767
3.30369,32767
3.30394,32767
3.30419,32767
3.30447,32767
3.30473,32767
3.30507,32767
3.30533,32767
3.30557,32767
3.30582,32767
3.30607,32767
3.30632,32767
3.30660,32767
3.30683,32767
3.30712,32767
3.30738,32767
3.30768,32767
3.30792,32767
3.30817,32767
3.30842,32767
3.30870,32767
3.30897,32767
3.30924,32767
3.30955,32767
3.30982,32767
3.31009,32767
3.31039,32767
3.31069,32767
3.31099,32767
3.31128,32767
3.31157,32767
3.31183,32767
3.31211,32767
3.31245,32767
3.31274,32767
3.31307,32767
3.31346,32767
3.31377,32767
3.31406,32767
3.31435,32767
3.31464,32767
3.31492,32767
3.31520,32767
3.31545,32767
3.31572,32767
3.31599,32767
3.31628,32767
3.31655,32767
3.31682,32767
3.31709,32767
3.31737,32767
3.31769,32767
3.31795,32767
3.31822,32767
3.31855,32767
3.31882,32767
3.31906,32767
3.31933,32767
3.31958,32767
3.31980,32767
3.32006,32767
3.32033,32767
3.32061,32767
3.32094,32767
3.32121,32767
3.32148,32767
3.32181,32767
3.32209,32767
3.32236,32767
3.32269,32767
3.32296,32767
3.32324,32767
3.32356,32767
3.32384,32767
3.32409,32767
3.32434,32767
3.32461,32767
3.32492,32767
3.32520,32767
3.32545,32767
3.32572,32767
3.32605,32767
3.32636,32767
3.32663,32767
3.32695,32767
3.32721,32767
3.32753,32767
3.32787,32767
3.32822,32767
3.32856,32767
3.32884,32767
3.32913,32767
3.32941,32767
3.32972,32767
3.33006,32767
3.33035,32767
3.33065,32767
3.33147,32767
3.33180,32767
3.33208,32767
3.33238,32767
3.33266,32767
3.33293,32767
3.33316,32767
3.33344,32767
3.33370,32767
3.33395,32767
3.33419,32767
3.33447,32767
3.33474,32767
3.33507,32767
3.33534,32767
3.33561,32767
3.33594,32767
3.33621,32767
3.33646,32767
3.33682,32767
3.33709,32767
3.33736,32767
3.33769,32767
3.33796,32767
3.33823,32767
3.33857,32767
3.33884,32767
3.33911,32767
3.33936,32767
3.33969,32767
3.33994,32767
3.34019,32767
3.34044,32767
3.34069,32767
3.34094,32767
3.34120,32767
3.34142,32767
3.34171,32767
3.34198,32767
3.34224,32767
3.34256,32767
3.34278,32767
3.34305,32767
3.34330,32767
3.34353,32767
3.34378,32767
3.34405,32767
3.34430,32767
3.34453,32767
3.34478,32767
3.34503,32767
3.34530,32767
3.34556,32767
3.34579,32767
3.34606,32767
3.34629,32767
3.34654,32767
3.34681,32767
3.34704,32767
3.34731,32767
3.34754,32767
3.34779,32767
3.34804,32767
3.34831,32767
3.34854,32767
3.34881,32767
3.34904,32767
3.34929,32767
3.34954,32767
3.34981,32767
3.35004,32767
3.35031,32767
3.35058,32767
3.35085,32767
3.35111,32767
3.35137,32767
3.35167,32767
3.35194,32767
3.35221,32767
3.35247,32767
3.35273,32767
3.35305,32767
3.35332,32767
3.35359,32767
3.35386,32767
3.35416,32767
3.35443,32767
3.35468,32767
3.35493,32767
3.35520,32767
3.35545,32767
3.35570,32767
3.35595,32767
3.35620,32767
3.35647,32767
3.35674,32767
3.35705,32767
3.35731,32767
3.35759,32767
3.35787,32767
3.35820,32767
3.35847,32767
3.35873,32767
3.35907,32767
3.35934,32767
3.35961,32767
3.35994,32767
3.36022,32767
3.36048,32767
3.36082,32767
3.36109,32767
3.36136,32767
3.36165,32767
3.36190,32767
3.36217,32767
3.36243,32767
3.36269,32767
3.36297,32767
3.36323,32767
3.36357,32767
3.36382,32767
3.36407,32767
3.36432,32767
3.36459,32767
3.36486,32767
3.36518,32767
3.36545,32767
3.36566,32767
3.36592,32767
3.36617,32767
3.36645,32767
3.36675,32767
3.36703,32767
3.36728,32767
3.36755,32767
3.36782,32767
3.36809,32767
3.36836,32767
3.36870,32767
3.36897,32767
3.36922,32767
3.36947,32767
3.36972,32767
3.36999,32767
3.37030,32767
3.37057,32767
3.37083,32767
3.37110,32767
3.37134,32767
3.37161,32767
3.37195,32767
3.37219,32767
3.37244,32767
3.37270,32767
3.37303,32767
3.37328,32767
3.37353,32767
3.37378,32767
3.37407,32767
3.37432,32767
3.37457,32767
3.37483,32767
3.37510,32767
3.37536,32767
3.37570,32767
3.37597,32767
3.37624,32767
3.37657,32767
3.37682,32767
3.37708,32767
3.37732,32767
3.37758,32767
3.37782,32767
3.37808,32767
3.37832,32767
3.37858,32767
3.37887,32767
3.37920,32767
3.37945,32767
3.37970,32767
3.37995,32767
3.38020,32767
3.38045,32767
3.38078,32767
3.38108,32767
3.38137,32767
3.38166,32767
3.38191,32767
3.38216,32767
3.38241,32767
3.38266,32767
3.38291,32767
3.38316,32767
3.38341,32767
3.38366,32767
3.38391,32767
3.38420,32767
3.38445,32767
3.38470,32767
3.38495,32767
3.38520,32767
3.38545,32767
3.38572,32767
3.38598,32767
3.38624,32767
3.38657,32767
3.38683,32767
3.38711,32767
3.38738,32767
3.38768,32767
3.38797,32767
3.38822,32767
3.38849,32767
3.38877,32767
3.38902,32767
3.38927,32767
3.38950,32767
3.38978,32767
3.39002,32767
3.39033,32767
3.39053,32767
3.39077,32767
3.39102,32767
3.39127,32767
3.39152,32767
3.39177,32767
3.39202,32767
3.39227,32767
3.39252,32767
3.39277,32767
3.39302,32767
3.39327,32767
3.39352,32767
3.39377,32767
3.39402,32767
3.39427,32767
3.39452,32767
3.39477,32767
3.39502,32767
3.39529,32767
3.39554,32767
3.39579,32767
3.39604,32767
3.39629,32767
3.39654,32767
3.39681,32767
3.39704,32767
3.39729,32767
3.39754,32767
3.39779,32767
3.39804,32767
3.39831,32767
3.39854,32767
3.39879,32767
3.39904,32767
3.39929,32767
3.39954,32767
3.39981,32767
3.40004,32767
3.40029,32767
3.40054,32767
3.40079,32767
3.40104,32767
3.40129,32767
3.40154,32767
3.40179,32767
3.40204,32767
3.40229,32767
3.40256,32767
3.40279,32767
3.40304,32767
3.40329,32767
3.40354,32767
3.40379,32767
3.40406,32767
3.40429,32767
3.40454,32767
3.40479,32767
3.40504,32767
3.40531,32767
3.40554,32767
3.40579,32767
3.40604,32767
3.40629,32767
3.40654,32767
3.40680,32767
3.40704,32767
3.40729,32767
3.40754,32767
3.40779,32767
3.40804,32767
3.40831,32767
3.40854,32767
3.40879,32767
3.40904,32767
3.40929,32767
3.40954,32767
3.40981,32767
3.41005,32767
3.41029,32767
3.41055,32767
3.41080,32767
3.41105,32767
3.41132,32767
3.41157,32767
3.41184,32767
3.41209,32767
3.41234,32767
3.41259,32767
3.41284,32767
3.41311,32767
3.41337,32767
3.41367,32767
3.41392,32767
3.41417,32767
3.41442,32767
3.41467,32767
3.41494,32767
3.41519,32767
3.41544,32767
3.41569,32767
3.41594,32767
3.41619,32767
3.41646,32767
3.41674,32767
3.41707,32767
3.41734,32767
3.41789,32767
3.41819,32767
3.41844,32767
3.41869,32767
3.41900,32767
3.41928,32767
3.41955,32767
3.41980,32767
3.42007,32767
3.42032,32767
3.42057,32767
3.42082,32767
3.42107,32767
3.42132,32767
3.42157,32767
3.42184,32767
3.42209,32767
3.42234,32767
3.42259,32767
3.42283,32767
3.42306,32767
3.42329,32767
3.42354,32767
3.42380,32767
3.42404,32767
3.42431,32767
3.42454,32767
3.42479,32767
3.42505,32767
3.42530,32767
3.42554,32767
3.42581,32767
3.42604,32767
3.42630,32767
3.42654,32767
3.42679,32767
3.42704,32767
3.42731,32767
3.42754,32767
3.42779,32767
3.42804,32767
3.42837,32767
3.42861,32767
3.42892,32767
3.42915,32767
3.42939,32767
3.42964,32767
3.42989,32767
3.43014,32767
3.43039,32767
3.43065,32767
3.43090,32767
3.43115,32767
3.43140,32767
3.43165,32767
3.43190,32767
3.43217,32767
3.43244,32767
3.43272,32767
3.43299,32767
3.43332,32767
3.43359,32767
3.43386,32767
3.43420,32767
3.43447,32767
3.43471,32767
3.43499,32767
3.43531,32767
3.43555,32767
3.43582,32767
3.43609,32767
3.43636,32767
3.43668,32767
3.43693,32767
3.43718,32767
3.43743,32767
3.43767,32767
3.43792,32767
3.43820,32767
3.43847,32767
3.43873,32767
3.43907,32767
3.43934,32767
3.43960,32767
3.43985,32767
3.44010,32767
3.44035,32767
3.44060,32767
3.44088,32767
3.44118,32767
3.44144,32767
3.44174,32767
3.44201,32767
3.44232,32767
3.44260,32767
3.44285,32767
3.44311,32767
3.44337,32767
3.44366,32767
3.44393,32767
3.44421,32767
3.44448,32767
3.44474,32767
3.44500,32767
3.44531,32767
3.44560,32767
3.44585,32767
3.44617,32767
3.44644,32767
3.44670,32767
3.44695,32767
3.44722,32767
3.44748,32767
3.44772,32767
3.44798,32767
3.44823,32767
3.44848,32767
3.44872,32767
3.44898,32767
3.44923,32767
3.44950,32767
3.44980,32767
3.45006,32767
3.45037,32767
3.45066,32767
3.45093,32767
3.45118,32767
3.45142,32767
3.45170,32767
3.45196,32767
3.45224,32767
3.45257,32767
3.45283,32767
3.45307,32767
3.45336,32767
3.45370,32767
3.45395,32767
3.45420,32767
3.45445,32767
3.45472,32767
3.45498,32767
3.45521,32767
3.45546,32767
3.45574,32767
3.45605,32767
3.45630,32767
3.45656,32767
3.45680,32767
3.45706,32767
3.45730,32767
3.45756,32767
3.45781,32767
3.45807,32767
3.45835,32767
3.45863,32767
3.45893,32767
3.45918,32767
3.45943,32767
3.45968,32767
3.45993,32767
3.46020,32767
3.46045,32767
3.46070,32767
3.46095,32767
3.46124,32767
3.46157,32767
3.46183,32767
3.46207,32767
3.46235,32767
3.46260,32767
3.46285,32767
3.46311,32767
3.46336,32767
3.46370,32767
3.46395,32767
3.46420,32767
3.46445,32767
3.46470,32767
3.46495,32767
3.46520,32767
3.46545,32767
3.46569,32767
3.46622,32767
3.46647,32767
3.46671,32767
3.46694,32767
3.46715,32767
3.46739,32767
3.46760,32767
3.46783,32767
3.46804,32767
3.46830,32767
3.46855,32767
3.46880,32767
3.46904,32767
3.46930,32767
3.46956,32767
3.46983,32767
3.47010,32767
3.47043,32767
3.47067,32767
3.47094,32767
3.47121,32767
3.47148,32767
3.47182,32767
3.47209,32767
3.47236,32767
3.47269,32767
3.47296,32767
3.47316,32767
3.47344,32767
3.47371,32767
3.47399,32767
3.47432,32767
3.47459,32767
3.47486,32767
3.47556,32767
3.47586,32767
3.47615,32767
3.47641,32767
3.47665,32767
3.47690,32767
3.47715,32767
3.47740,32767
3.47765,32767
3.47792,32767
3.47819,32767
3.47846,32767
3.47873,32767
3.47907,32767
3.47934,32767
3.47961,32767
3.47994,32767
3.48022,32767
3.48046,32767
3.48074,32767
3.48103,32767
3.48127,32767
3.48160,32767
3.48187,32767
3.48217,32767
3.48242,32767
3.48269,32767
3.48301,32767
3.48328,32767
3.48355,32767
3.48381,32767
3.48409,32767
3.48434,32767
3.48460,32767
3.48487,32767
3.48519,32767
3.48546,32767
3.48575,32767
3.48608,32767
3.48637,32767
3.48665,32767
3.48694,32767
3.48722,32767
3.48751,32767
3.48782,32767
3.48811,32767
3.48850,32767
3.48881,32767
3.48910,32767
3.48945,32767
3.48978,32767
3.49006,32767
3.49037,32767
3.49070,32767
3.49103,32767
3.49146,32767
3.49184,32767
3.49220,32767
3.49263,32767
3.49314,32767
3.49352,32767
3.49386,32767
3.49424,32767
3.49461,32767
3.49496,32767
3.49532,32767
3.49565,32767
3.49601,32767
3.49634,32767
3.49666,32767
3.49702,32767
3.49738,32767
3.49769,32767
3.49798,32767
3.49829,32767
3.49859,32767
3.49893,32767
3.49927,32767
3.49955,32767
3.49982,32767
3.50014,32767
3.50042,32767
3.50070,32767
3.50096,32767
3.50124,32767
3.50152,32767
3.50182,32767
3.50213,32767
3.50244,32767
3.50275,32767
3.50306,32767
3.50337,32767
3.50369,32767
3.50403,32767
3.50437,32767
3.50471,32767
3.50506,32767
3.50543,32767
3.50575,32767
3.50608,32767
3.50640,32767
3.50674,32767
3.50707,32767
3.50741,32767
3.50771,32767
3.50800,32767
3.50831,32767
3.50862,32767
3.50894,32767
3.50926,32767
3.50959,32767
3.50991,32767
3.51020,32767
3.51059,32767
3.51093,32767
3.51135,32767
3.51167,32767
3.51194,32767
3.51229,32767
3.51261,32767
3.51294,32767
3.51332,32767
3.51364,32767
3.51393,32767
3.51424,32767
3.51455,32767
3.51486,32767
3.51514,32767
3.51543,32767
3.51573,32767
3.51601,32767
3.51631,32767
3.51661,32767
3.51688,32767
3.51721,32767
3.51750,32767
3.51782,32767
3.51811,32767
3.51839,32767
3.51880,32767
3.51909,32767
3.51938,32767
3.51969,32767
3.51997,32767
3.52026,32767
3.52057,32767
3.52084,32767
3.52111,32767
3.52140,32767
3.52169,32767
3.52198,32767
3.52227,32767
3.52257,32767
3.52284,32767
3.52311,32767
3.52339,32767
3.52367,32767
3.52394,32767
3.52423,32767
3.52451,32767
3.52481,32767
3.52510,32767
3.52538,32767
3.52569,32767
3.52598,32767
3.52626,32767
3.52656,32767
3.52685,32767
3.52713,32767
3.52742,32767
3.52773,32767
3.52826,32767
3.52857,32767
3.52888,32767
3.52919,32767
3.52948,32767
3.52976,32767
3.53006,32767
3.53035,32767
3.53063,32767
3.53093,32767
3.53122,32767
3.53152,32767
3.53181,32767
3.53210,32767
3.53239,32767
3.53266,32767
3.53293,32767
3.53320,32767
3.53349,32767
3.53381,32767
3.53408,32767
3.53437,32767
3.53468,32767
3.53497,32767
3.53526,32767
3.53556,32767
3.53583,32767
3.53612,32767
3.53645,32767
3.53674,32767
3.53708,32767
3.53736,32767
3.53766,32767
3.53796,32767
3.53824,32767
3.53856,32767
3.53885,32767
3.53914,32767
3.53941,32767
3.53970,32767
3.53998,32767
3.54029,32767
3.54058,32767
3.54086,32767
3.54121,32767
3.54149,32767
3.54183,32767
3.54211,32767
3.54243,32767
3.54272,32767
3.54307,32767
3.54335,32767
3.54364,32767
3.54395,32767
3.54423,32767
3.54450,32767
3.54483,32767
3.54524,32767
3.54559,32767
3.54587,32767
3.54614,32767
3.54642,32767
3.54671,32767
3.54700,32767
3.54730,32767
3.54757,32767
3.54786,32767
3.54815,32767
3.54844,32767
3.54874,32767
3.54904,32767
3.54934,32767
3.54962,32767
3.54994,32767
3.55021,32767
3.55049,32767
3.55079,32767
3.55109,32767
3.55138,32767
3.55169,32767
3.55198,32767
3.55227,32767
3.55257,32767
3.55284,32767
3.55311,32767
3.55342,32767
3.55372,32767
3.55398,32767
3.55430,32767
3.55459,32767
3.55489,32767
3.55519,32767
3.55548,32767
3.55579,32767
3.55609,32767
3.55638,32767
3.55669,32767
3.55698,32767
3.55729,32767
3.55759,32767
3.55788,32767
3.55819,32767
3.55848,32767
3.55879,32767
3.55921,32767
3.55955,32767
3.55985,32767
3.56014,32767
3.56041,32767
3.56068,32767
3.56095,32767
3.56124,32767
3.56156,32767
3.56185,32767
3.56213,32767
3.56243,32767
3.56273,32767
3.56301,32767
3.56367,32767
3.56397,32767
3.56427,32767
3.56454,32767
3.56481,32767
3.56509,32767
3.56536,32767
3.56566,32767
3.56595,32767
3.56620,32767
3.56646,32767
3.56674,32767
3.56709,32767
3.56736,32767
3.56770,32767
3.56795,32767
3.56820,32767
3.56850,32767
3.56880,32767
3.56906,32767
3.56930,32767
3.56956,32767
3.56980,32767
3.57006,32767
3.57030,32767
3.57056,32767
3.57083,32767
3.57111,32767
3.57141,32767
3.57166,32767
3.57191,32767
3.57216,32767
3.57241,32767
3.57268,32767
3.57293,32767
3.57322,32767
3.57347,32767
3.57372,32767
3.57397,32767
3.57426,32767
3.57461,32767
3.57487,32767
3.57520,32767
3.57550,32767
3.57580,32767
3.57605,32767
3.57631,32767
3.57658,32767
3.57686,32767
3.57718,32767
3.57743,32767
3.57768,32767
3.57794,32767
3.57822,32767
3.57852,32767
3.57880,32767
3.57905,32767
3.57930,32767
3.57955,32767
3.57985,32767
3.58010,32767
3.58034,32767
3.58069,32767
3.58104,32767
3.58138,32767
3.58168,32767
3.58195,32767
3.58222,32767
3.58246,32767
3.58274,32767
3.58307,32767
3.58333,32767
3.58353,32767
3.58378,32767
3.58403,32767
3.58428,32767
3.58453,32767
3.58478,32767
3.58503,32767
3.58528,32767
3.58550,32767
3.58581,32767
3.58609,32767
3.58637,32767
3.58667,32767
3.58695,32767
3.58720,32767
3.58745,32767
3.58770,32767
3.58797,32767
3.58824,32767
3.58855,32767
3.58880,32767
3.58907,32767
3.58932,32767
3.58962,32767
3.58994,32767
3.59020,32767
3.59049,32767
3.59078,32767
3.59108,32767
3.59137,32767
3.59165,32767
3.59190,32767
3.59215,32767
3.59240,32767
3.59265,32767
3.59290,32767
3.59315,32767
3.59340,32767
3.59365,32767
3.59391,32767
3.59415,32767
3.59440,32767
3.59465,32767
3.59490,32767
3.59515,32767
3.59542,32767
3.59572,32767
3.59596,32767
3.59624,32767
3.59657,32767
3.59682,32767
3.59707,32767
3.59732,32767
3.59759,32767
3.59786,32767
3.59818,32767
3.59842,32767
3.59900,32767
3.59930,32767
3.59955,32767
3.59980,32767
3.60005,32767
3.60030,32767
3.60057,32767
3.60085,32767
3.60112,32767
3.60141,32767
3.60171,32767
3.60198,32767
3.60225,32767
3.60257,32767
3.60285,32767
3.60312,32767
3.60341,32767
3.60369,32767
3.60395,32767
3.60424,32767
3.60452,32767
3.60481,32767
3.60510,32767
3.60537,32767
3.60580,32767
3.60618,32767
3.60650,32767
3.60680,32767
3.60707,32767
3.60735,32767
3.60763,32767
3.60791,32767
3.60820,32767
3.60851,32767
3.60883,32767
3.60910,32767
3.60939,32767
3.60969,32767
3.60999,32767
3.61030,32767
3.61058,32767
3.61084,32767
3.61112,32767
3.61141,32767
3.61172,32767
3.61203,32767
3.61232,32767
3.61264,32767
3.61294,32767
3.61323,32767
3.61356,32767
3.61385,32767
3.61420,32767
3.61458,32767
3.61492,32767
3.61523,32767
3.61600,32767
3.61661,32767
3.61705,32767
3.61761,32767
3.61797,32767
3.61831,32767
3.61858,32767
3.61889,32767
3.61920,32767
3.61953,32767
3.61981,32767
3.62012,32767
3.62044,32767
3.62074,32767
3.62101,32767
3.62133,32767
3.62164,32767
3.62193,32767
3.62219,32767
3.62246,32767
3.62273,32767
3.62305,32767
3.62331,32767
3.62361,32767
3.62392,32767
3.62421,32767
3.62450,32767
3.62482,32767
3.62513,32767
3.62544,32767
3.62573,32767
3.62606,32767
3.62635,32767
3.62669,32767
3.62700,32767
3.62731,32767
3.62765,32767
3.62794,32767
3.62825,32767
3.62856,32767
3.62887,32767
3.62919,32767
3.62950,32767
3.62981,32767
3.63012,32767
3.63043,32767
3.63074,32767
3.63101,32767
3.63132,32767
3.63159,32767
3.63190,32767
3.63218,32767
3.63249,32767
3.63280,32767
3.63327,32767
3.63362,32767
3.63396,32767
3.63429,32767
3.63460,32767
3.63490,32767
3.63519,32767
3.63549,32767
3.63579,32767
3.63609,32767
3.63641,32767
3.63680,32767
3.63711,32767
3.63743,32767
3.63773,32767
3.63805,32767
3.63833,32767
3.63864,32767
3.63894,32767
3.63923,32767
3.63954,32767
3.63983,32767
3.64017,32767
3.64046,32767
3.64076,32767
3.64106,32767
3.64135,32767
3.64166,32767
3.64196,32767
3.64225,32767
3.64258,32767
3.64286,32767
3.64317,32767
3.64346,32767
3.64376,32767
3.64406,32767
3.64435,32767
3.64464,32767
3.64494,32767
3.64523,32767
3.64554,32767
3.64583,32767
3.64613,32767
3.64644,32767
3.64678,32767
3.64709,32767
3.64740,32767
3.64768,32767
3.64798,32767
3.64827,32767
3.64856,32767
3.64885,32767
3.64914,32767
3.64943,32767
3.64973,32767
3.65001,32767
3.65031,32767
3.65080,32767
3.65111,32767
3.65137,32767
3.65171,32767
3.65202,32767
3.65229,32767
3.65258,32767
3.65287,32767
3.65318,32767
3.65345,32767
3.65374,32767
3.65404,32767
3.65433,32767
3.65461,32767
3.65493,32767
3.65520,32767
3.65549,32767
3.65579,32767
3.65608,32767
3.65637,32767
3.65670,32767
3.65699,32767
3.65731,32767
3.65760,32767
3.65789,32767
3.65818,32767
3.65847,32767
3.65876,32767
3.65906,32767
3.65935,32767
3.65964,32767
3.65993,32767
3.66022,32767
3.66051,32767
3.66081,32767
3.66110,32767
3.66139,32767
3.66168,32767
3.66197,32767
3.66226,32767
3.66256,32767
3.66285,32767
3.66314,32767
3.66342,32767
3.66370,32767
3.66399,32767
3.66433,32767
3.66461,32767
3.66495,32767
3.66524,32767
3.66558,32767
3.66586,32767
3.66620,32767
3.66649,32767
3.66683,32767
3.66715,32767
3.66746,32767
3.66773,32767
3.66840,32767
3.66903,32767
3.66939,32767
3.66969,32767
3.66999,32767
3.67024,32767
3.67058,32767
3.67083,32767
3.67110,32767
3.67134,32767
3.67162,32767
3.67193,32767
3.67220,32767
3.67248,32767
3.67275,32767
3.67307,32767
3.67336,32767
3.67363,32767
3.67395,32767
3.67422,32767
3.67447,32767
3.67479,32767
3.67509,32767
3.67539,32767
3.67572,32767
3.67599,32767
3.67626,32767
3.67660,32767
3.67691,32767
3.67719,32767
3.67752,32767
3.67784,32767
3.67816,32767
3.67845,32767
3.67879,32767
3.67910,32767
3.67945,32767
3.67980,32767
3.68014,32767
3.68047,32767
3.68081,32767
3.68114,32767
3.68147,32767
3.68175,32767
3.68208,32767
3.68238,32767
3.68269,32767
3.68299,32767
3.68331,32767
3.68365,32767
3.68399,32767
3.68433,32767
3.68465,32767
3.68495,32767
3.68532,32767
3.68565,32767
3.68623,32767
3.68663,32767
3.68712,32767
3.68745,32767
3.68780,32767
3.68805,32767
3.68833,32767
3.68862,32767
3.68888,32767
3.68917,32767
3.68944,32767
3.68971,32767
3.69000,32767
3.69033,32767
3.69061,32767
3.69091,32767
3.69120,32767
3.69149,32767
3.69181,32767
3.69205,32767
3.69231,32767
3.69256,32767
3.69285,32767
3.69314,32767
3.69341,32767
3.69369,32767
3.69396,32767
3.69424,32767
3.69454,32767
3.69482,32767
3.69509,32767
3.69537,32767
3.69565,32767
3.69593,32767
3.69624,32767
3.69652,32767
3.69683,32767
3.69714,32767
3.69747,32767
3.69779,32767
3.69812,32767
3.69846,32767
3.69885,32767
3.69922,32767
3.69958,32767
3.69989,32767
3.70024,32767
3.70056,32767
3.70087,32767
3.70119,32767
3.70149,32767
3.70180,32767
3.70212,32767
3.70242,32767
3.70274,32767
3.70305,32767
3.70334,32767
3.70367,32767
3.70397,32767
3.70439,32767
3.70486,32767
3.70519,32767
3.70547,32767
3.70577,32767
3.70607,32767
3.70634,32767
3.70662,32767
3.70692,32767
3.70722,32767
3.70755,32767
3.70784,32767
3.70814,32767
3.70844,32767
3.70875,32767
3.70905,32767
3.70937,32767
3.70969,32767
3.71000,32767
3.71031,32767
3.71061,32767
3.71093,32767
3.71119,32767
3.71147,32767
3.71178,32767
3.71205,32767
3.71236,32767
3.71266,32767
3.71297,32767
3.71327,32767
3.71355,32767
3.71393,32767
3.71426,32767
3.71456,32767
3.71485,32767
3.71514,32767
3.71542,32767
3.71571,32767
3.71601,32767
3.71632,32767
3.71661,32767
3.71690,32767
3.71718,32767
3.71748,32767
3.71776,32767
3.71807,32767
3.71836,32767
3.71864,32767
3.71894,32767
3.71924,32767
3.71950,32767
3.71981,32767
3.72010,32767
3.72039,32767
3.72069,32767
3.72096,32767
3.72126,32767
3.72161,32767
3.72222,32767
3.72258,32767
3.72287,32767
3.72315,32767
3.72342,32767
3.72371,32767
3.72400,32767
3.72432,32767
3.72461,32767
3.72488,32767
3.72519,32767
3.72549,32767
3.72576,32767
3.72610,32767
3.72641,32767
3.72668,32767
3.72699,32767
3.72732,32767
3.72764,32767
3.72794,32767
3.72842,32767
3.72877,32767
3.72912,32767
3.72950,32767
3.72991,32767
3.73030,32767
3.73066,32767
3.73098,32767
3.73130,32767
3.73164,32767
3.73197,32767
3.73231,32767
3.73260,32767
3.73292,32767
3.73323,32767
3.73357,32767
3.73390,32767
3.73421,32767
3.73457,32767
3.73486,32767
3.73514,32767
3.73546,32767
3.73578,32767
3.73607,32767
3.73637,32767
3.73668,32767
3.73699,32767
3.73728,32767
3.73757,32767
3.73784,32767
3.73812,32767
3.73842,32767
3.73869,32767
3.73896,32767
3.73936,32767
3.73966,32767
3.73995,32767
3.74024,32767
3.74051,32767
3.74082,32767
3.74108,32767
3.74136,32767
3.74164,32767
3.74195,32767
3.74221,32767
3.74249,32767
3.74276,32767
3.74309,32767
3.74337,32767
3.74363,32767
3.74393,32767
3.74420,32767
3.74450,32767
3.74480,32767
3.74511,32767
3.74544,32767
3.74574,32767
3.74607,32767
3.74636,32767
3.74663,32767
3.74694,32767
3.74724,32767
3.74751,32767
3.74780,32767
3.74807,32767
3.74836,32767
3.74864,32767
3.74895,32767
3.74921,32767
3.74949,32767
3.74976,32767
3.75006,32767
3.75033,32767
3.75058,32767
3.75083,32767
3.75108,32767
3.75133,32767
3.75158,32767
3.75183,32767
3.75210,32767
3.75238,32767
3.75271,32767
3.75299,32767
3.75329,32767
3.75359,32767
3.75387,32767
3.75418,32767
3.75445,32767
3.75475,32767
3.75506,32767
3.75537,32767
3.75568,32767
3.75602,32767
3.75631,32767
3.75662,32767
3.75693,32767
3.75727,32767
3.75774,32767
3.75818,32767
3.75854,32767
3.75882,32767
3.75914,32767
3.75943,32767
3.75973,32767
3.76002,32767
3.76032,32767
3.76066,32767
3.76096,32767
3.76125,32767
3.76156,32767
3.76185,32767
3.76214,32767
3.76244,32767
3.76271,32767
3.76300,32767
3.76330,32767
3.76357,32767
3.76388,32767
3.76418,32767
3.76450,32767
3.76481,32767
3.76512,32767
3.76543,32767
3.76575,32767
3.76606,32767
3.76637,32767
3.76668,32767
3.76700,32767
3.76731,32767
3.76762,32767
3.76794,32767
3.76825,32767
3.76856,32767
3.76887,32767
3.76918,32767
3.76950,32767
3.76980,32767
3.77012,32767
3.77043,32767
3.77070,32767
3.77102,32767
3.77130,32767
3.77162,32767
3.77189,32767
3.77218,32767
3.77249,32767
3.77280,32767
3.77312,32767
3.77343,32767
3.77374,32767
3.77401,32767
3.77433,32767
3.77464,32767
3.77495,32767
3.77542,32767
3.77619,32767
3.77652,32767
3.77682,32767
3.77712,32767
3.77742,32767
3.77771,32767
3.77799,32767
3.77829,32767
3.77858,32767
3.77886,32767
3.77919,32767
3.77948,32767
3.77976,32767
3.78006,32767
3.78035,32767
3.78063,32767
3.78094,32767
3.78123,32767
3.78151,32767
3.78181,32767
3.78211,32767
3.78241,32767
3.78271,32767
3.78299,32767
3.78329,32767
3.78358,32767
3.78387,32767
3.78416,32767
3.78446,32767
3.78475,32767
3.78507,32767
3.78535,32767
3.78567,32767
3.78596,32767
3.78626,32767
3.78656,32767
3.78685,32767
3.78714,32767
3.78742,32767
3.78771,32767
3.78801,32767
3.78832,32767
3.78860,32767
3.78889,32767
3.78916,32767
3.78943,32767
3.78970,32767
3.78998,32767
3.79031,32767
3.79058,32767
3.79086,32767
3.79116,32767
3.79145,32767
3.79174,32767
3.79208,32767
3.79238,32767
3.79267,32767
3.79296,32767
3.79339,32767
3.79402,32767
3.79434,32767
3.79461,32767
3.79491,32767
3.79517,32767
3.79546,32767
3.79576,32767
3.79606,32767
3.79635,32767
3.79660,32767
3.79685,32767
3.79713,32767
3.79741,32767
3.79769,32767
3.79798,32767
3.79829,32767
3.79858,32767
3.79886,32767
3.79912,32767
3.79937,32767
3.79968,32767
3.79998,32767
3.80023,32767
3.80049,32767
3.80074,32767
3.80099,32767
3.80131,32767
3.80159,32767
3.80186,32767
3.80212,32767
3.80244,32767
3.80273,32767
3.80301,32767
3.80331,32767
3.80361,32767
3.80388,32767
3.80419,32767
3.80449,32767
3.80475,32767
3.80506,32767
3.80535,32767
3.80561,32767
3.80586,32767
3.80617,32767
3.80646,32767
3.80674,32767
3.80700,32767
3.80731,32767
3.80773,32767
3.80809,32767
3.80835,32767
3.80866,32767
3.80895,32767
3.80920,32767
3.80945,32767
3.80978,32767
3.81004,32767
3.81032,32767
3.81071,32767
3.81114,32767
3.81145,32767
3.81173,32767
3.81203,32767
3.81233,32767
3.81257,32767
3.81282,32767
3.81307,32767
3.81332,32767
3.81359,32767
3.81384,32767
3.81411,32767
3.81445,32767
3.81470,32767
3.81494,32767
3.81520,32767
3.81544,32767
3.81570,32767
3.81594,32767
3.81622,32767
3.81646,32767
3.81674,32767
3.81707,32767
3.81732,32767
3.81757,32767
3.81784,32767
3.81811,32767
3.81843,32767
3.81867,32767
3.81895,32767
3.81924,32767
3.81957,32767
3.81982,32767
3.82009,32767
3.82034,32767
3.82060,32767
3.82086,32767
3.82118,32767
3.82145,32767
3.82170,32767
3.82195,32767
3.82224,32767
3.82257,32767
3.82282,32767
3.82312,32767
3.82342,32767
3.82367,32767
3.82393,32767
3.82420,32767
3.82449,32767
3.82481,32767
3.82507,32767
3.82535,32767
3.82560,32767
3.82589,32767
3.82618,32767
3.82643,32767
3.82672,32767
3.82698,32767
3.82723,32767
3.82753,32767
3.82778,32767
3.82810,32767
3.82872,32767
3.82905,32767
3.82933,32767
3.82962,32767
3.82991,32767
3.83018,32767
3.83046,32767
3.83074,32767
3.83103,32767
3.83130,32767
3.83157,32767
3.83185,32767
3.83210,32767
3.83237,32767
3.83268,32767
3.83295,32767
3.83324,32767
3.83354,32767
3.83381,32767
3.83408,32767
3.83436,32767
3.83461,32767
3.83489,32767
3.83516,32767
3.83546,32767
3.83573,32767
3.83600,32767
3.83631,32767
3.83660,32767
3.83687,32767
3.83718,32767
3.83748,32767
3.83776,32767
3.83804,32767
3.83831,32767
3.83868,32767
3.83896,32767
3.83923,32767
3.83953,32767
3.83980,32767
3.84007,32767
3.84033,32767
3.84062,32767
3.84093,32767
3.84122,32767
3.84147,32767
3.84171,32767
3.84199,32767
3.84233,32767
3.84262,32767
3.84293,32767
3.84318,32767
3.84347,32767
3.84373,32767
3.84397,32767
3.84423,32767
3.84454,32767
3.84483,32767
3.84510,32767
3.84550,32767
3.84594,32767
3.84623,32767
3.84654,32767
3.84683,32767
3.84712,32767
3.84740,32767
3.84774,32767
3.84799,32767
3.84832,32767
3.84859,32767
3.84884,32767
3.84912,32767
3.84936,32767
3.84968,32767
3.84995,32767
3.85022,32767
3.85049,32767
3.85082,32767
3.85109,32767
3.85136,32767
3.85168,32767
3.85192,32767
3.85217,32767
3.85242,32767
3.85270,32767
3.85297,32767
3.85322,32767
3.85349,32767
3.85382,32767
3.85407,32767
3.85434,32767
3.85461,32767
3.85495,32767
3.85520,32767
3.85545,32767
3.85570,32767
3.85595,32767
3.85620,32767
3.85645,32767
3.85670,32767
3.85695,32767
3.85720,32767
3.85749,32767
3.85780,32767
3.85807,32767
3.85833,32767
3.85859,32767
3.85886,32767
3.85911,32767
3.85936,32767
3.85970,32767
3.85995,32767
3.86020,32767
3.86045,32767
3.86070,32767
3.86095,32767
3.86120,32767
3.86145,32767
3.86172,32767
3.86197,32767
3.86222,32767
3.86248,32767
3.86288,32767
3.86356,32767
3.86388,32767
3.86425,32767
3.86455,32767
3.86480,32767
3.86507,32767
3.86532,32767
3.86560,32767
3.86583,32767
3.86612,32767
3.86646,32767
3.86675,32767
3.86708,32767
3.86738,32767
3.86769,32767
3.86797,32767
3.86827,32767
3.86857,32767
3.86887,32767
3.86921,32767
3.86957,32767
3.86989,32767
3.87019,32767
3.87054,32767
3.87083,32767
3.87113,32767
3.87143,32767
3.87175,32767
3.87206,32767
3.87237,32767
3.87268,32767
3.87300,32767
3.87331,32767
3.87362,32767
3.87393,32767
3.87426,32767
3.87456,32767
3.87487,32767
3.87519,32767
3.87550,32767
3.87580,32767
3.87612,32767
3.87643,32767
3.87670,32767
3.87703,32767
3.87730,32767
3.87757,32767
3.87787,32767
3.87817,32767
3.87843,32767
3.87874,32767
3.87905,32767
3.87934,32767
3.87965,32767
3.87994,32767
3.88029,32767
3.88064,32767
3.88095,32767
3.88128,32767
3.88170,32767
3.88203,32767
3.88230,32767
3.88258,32767
3.88287,32767
3.88319,32767
3.88350,32767
3.88380,32767
3.88409,32767
3.88440,32767
3.88472,32767
3.88502,32767
3.88530,32767
3.88560,32767
3.88590,32767
3.88620,32767
3.88651,32767
3.88680,32767
3.88709,32767
3.88740,32767
3.88770,32767
3.88800,32767
3.88830,32767
3.88859,32767
3.88890,32767
3.88918,32767
3.88948,32767
3.88976,32767
3.89007,32767
3.89036,32767
3.89067,32767
3.89096,32767
3.89125,32767
3.89157,32767
3.89186,32767
3.89214,32767
3.89243,32767
3.89269,32767
3.89296,32767
3.89326,32767
3.89357,32767
3.89386,32767
3.89417,32767
3.89446,32767
3.89476,32767
3.89507,32767
3.89536,32767
3.89565,32767
3.89594,32767
3.89625,32767
3.89654,32767
3.89683,32767
3.89713,32767
3.89741,32767
3.89769,32767
3.89810,32767
3.89861,32767
3.89900,32767
3.89930,32767
3.89965,32767
3.89997,32767
3.90037,32767
3.90067,32767
3.90097,32767
3.90130,32767
3.90157,32767
3.90184,32767
3.90212,32767
3.90246,32767
3.90276,32767
3.90306,32767
3.90335,32767
3.90367,32767
3.90396,32767
3.90426,32767
3.90456,32767
3.90485,32767
3.90517,32767
3.90546,32767
3.90576,32767
3.90606,32767
3.90635,32767
3.90663,32767
3.90691,32767
3.90719,32767
3.90752,32767
3.90779,32767
3.90806,32767
3.90835,32767
3.90863,32767
3.90894,32767
3.90923,32767
3.90951,32767
3.90981,32767
3.91010,32767
3.91038,32767
3.91069,32767
3.91098,32767
3.91127,32767
3.91156,32767
3.91185,32767
3.91213,32767
3.91244,32767
3.91273,32767
3.91301,32767
3.91331,32767
3.91360,32767
3.91388,32767
3.91418,32767
3.91448,32767
3.91479,32767
3.91508,32767
3.91538,32767
3.91571,32767
3.91651,32767
3.91687,32767
3.91717,32767
3.91746,32767
3.91774,32767
3.91808,32767
3.91837,32767
3.91863,32767
3.91893,32767
3.91922,32767
3.91947,32767
3.91973,32767
3.91997,32767
3.92025,32767
3.92055,32767
3.92081,32767
3.92105,32767
3.92131,32767
3.92155,32767
3.92181,32767
3.92207,32767
3.92232,32767
3.92258,32767
3.92286,32767
3.92320,32767
3.92345,32767
3.92370,32767
3.92399,32767
3.92433,32767
3.92457,32767
3.92498,32767
3.92526,32767
3.92555,32767
3.92585,32767
3.92616,32767
3.92645,32767
3.92670,32767
3.92695,32767
3.92720,32767
3.92745,32767
3.92770,32767
3.92795,32767
3.92820,32767
3.92845,32767
3.92870,32767
3.92895,32767
3.92922,32767
3.92947,32767
3.92979,32767
3.93008,32767
3.93032,32767
3.93057,32767
3.93085,32767
3.93118,32767
3.93151,32767
3.93179,32767
3.93207,32767
3.93232,32767
3.93257,32767
3.93285,32767
3.93314,32767
3.93351,32767
3.93379,32767
3.93407,32767
3.93432,32767
3.93459,32767
3.93486,32767
3.93513,32767
3.93541,32767
3.93568,32767
3.93593,32767
3.93620,32767
3.93647,32767
3.93674,32767
3.93705,32767
3.93732,32767
3.93767,32767
3.93795,32767
3.93820,32767
3.93845,32767
3.93870,32767
3.93898,32767
3.93924,32767
3.93953,32767
3.93983,32767
3.94010,32767
3.94036,32767
3.94062,32767
3.94093,32767
3.94123,32767
3.94145,32767
3.94176,32767
3.94206,32767
3.94235,32767
3.94262,32767
3.94291,32767
3.94319,32767
3.94345,32767
3.94374,32767
3.94399,32767
3.94431,32767
3.94460,32767
3.94487,32767
3.94518,32767
3.94548,32767
3.94575,32767
3.94606,32767
3.94635,32767
3.94675,32767
3.94707,32767
3.94735,32767
3.94762,32767
3.94793,32767
3.94818,32767
3.94847,32767
3.94871,32767
3.94899,32767
3.94932,32767
3.94957,32767
3.94982,32767
3.95007,32767
3.95032,32767
3.95071,32767
3.95118,32767
3.95150,32767
3.95179,32767
3.95207,32767
3.95232,32767
3.95259,32767
3.95289,32767
3.95315,32767
3.95340,32767
3.95365,32767
3.95390,32767
3.95415,32767
3.95440,32767
3.95465,32767
3.95490,32767
3.95515,32767
3.95540,32767
3.95565,32767
3.95590,32767
3.95615,32767
3.95640,32767
3.95665,32767
3.95690,32767
3.95715,32767
3.95740,32767
3.95765,32767
3.95790,32767
3.95815,32767
3.95840,32767
3.95865,32767
3.95890,32767
3.95915,32767
3.95940,32767
3.95965,32767
3.95990,32767
3.96015,32767
3.96040,32767
3.96065,32767
3.96090,32767
3.96120,32767
3.96144,32767
3.96172,32767
3.96199,32767
3.96234,32767
3.96261,32767
3.96285,32767
3.96311,32767
3.96336,32767
3.96370,32767
3.96394,32767
3.96419,32767
3.96444,32767
3.96472,32767
3.96499,32767
3.96530,32767
3.96555,32767
3.96582,32767
3.96607,32767
3.96632,32767
3.96656,32767
3.96678,32767
3.96703,32767
3.96728,32767
3.96753,32767
3.96778,32767
3.96812,32767
3.96847,32767
3.96885,32767
3.96915,32767
3.96945,32767
3.96970,32767
3.96994,32767
3.97022,32767
3.97046,32767
3.97071,32767
3.97099,32767
3.97130,32767
3.97157,32767
3.97184,32767
3.97211,32767
3.97244,32767
3.97272,32767
3.97298,32767
3.97332,32767
3.97357,32767
3.97384,32767
3.97409,32767
3.97434,32767
3.97461,32767
3.97493,32767
3.97520,32767
3.97545,32767
3.97572,32767
3.97596,32767
3.97624,32767
3.97657,32767
3.97682,32767
3.97707,32767
3.97734,32767
3.97762,32767
3.97790,32767
3.97817,32767
3.97850,32767
3.97879,32767
3.97907,32767
3.97933,32767
3.97964,32767
3.97994,32767
3.98023,32767
3.98050,32767
3.98081,32767
3.98110,32767
3.98134,32767
3.98160,32767
3.98186,32767
3.98214,32767
3.98241,32767
3.98268,32767
3.98298,32767
3.98324,32767
3.98356,32767
3.98385,32767
3.98410,32767
3.98437,32767
3.98468,32767
3.98498,32767
3.98524,32767
3.98557,32767
3.98582,32767
3.98646,32767
3.98675,32767
3.98705,32767
3.98730,32767
3.98755,32767
3.98782,32767
3.98809,32767
3.98836,32767
3.98870,32767
3.98897,32767
3.98924,32767
3.98956,32767
3.98983,32767
3.99010,32767
3.99038,32767
3.99068,32767
3.99097,32767
3.99124,32767
3.99154,32767
3.99183,32767
3.99213,32767
3.99243,32767
3.99272,32767
3.99300,32767
3.99341,32767
3.99370,32767
3.99395,32767
3.99420,32767
3.99445,32767
3.99470,32767
3.99502,32767
3.99530,32767
3.99558,32767
3.99586,32767
3.99617,32767
3.99646,32767
3.99674,32767
3.99704,32767
3.99733,32767
3.99761,32767
3.99792,32767
3.99830,32767
3.99858,32767
3.99887,32767
3.99917,32767
3.99944,32767
3.99973,32767
4.00002,32767
4.00031,32767
4.00060,32767
4.00088,32767
4.00119,32767
4.00148,32767
4.00176,32767
4.00206,32767
4.00236,32767
4.00263,32767
4.00296,32767
4.00329,32767
4.00355,32767
4.00413,32767
4.00447,32767
4.00476,32767
4.00507,32767
4.00533,32767
4.00561,32767
4.00595,32767
4.00624,32767
4.00657,32767
4.00683,32767
4.00708,32767
4.00737,32767
4.00768,32767
4.00793,32767
4.00822,32767
4.00851,32767
4.00878,32767
4.00903,32767
4.00932,32767
4.00960,32767
4.00986,32767
4.01020,32767
4.01050,32767
4.01081,32767
4.01110,32767
4.01134,32767
4.01167,32767
4.01194,32767
4.01223,32767
4.01252,32767
4.01282,32767
4.01311,32767
4.01346,32767
4.01378,32767
4.01410,32767
4.01439,32767
4.01470,32767
4.01496,32767
4.01524,32767
4.01554,32767
4.01583,32767
4.01611,32767
4.01641,32767
4.01671,32767
4.01701,32767
4.01731,32767
4.01758,32767
4.01788,32767
4.01819,32767
4.01848,32767
4.01879,32767
4.01908,32767
4.01938,32767
4.01969,32767
4.01998,32767
4.02028,32767
4.02054,32767
4.02082,32767
4.02108,32767
4.02143,32767
4.02217,32767
4.02248,32767
4.02276,32767
4.02306,32767
4.02335,32767
4.02364,32767
4.02394,32767
4.02422,32767
4.02451,32767
4.02492,32767
4.02527,32767
4.02554,32767
4.02581,32767
4.02608,32767
4.02636,32767
4.02666,32767
4.02695,32767
4.02724,32767
4.02756,32767
4.02785,32767
4.02814,32767
4.02843,32767
4.02872,32767
4.02901,32767
4.02931,32767
4.02960,32767
4.02988,32767
4.03018,32767
4.03047,32767
4.03076,32767
4.03106,32767
4.03135,32767
4.03164,32767
4.03193,32767
4.03222,32767
4.03251,32767
4.03281,32767
4.03310,32767
4.03339,32767
4.03368,32767
4.03398,32767
4.03429,32767
4.03458,32767
4.03486,32767
4.03520,32767
4.03550,32767
4.03581,32767
4.03610,32767
4.03641,32767
4.03668,32767
4.03697,32767
4.03729,32767
4.03758,32767
4.03788,32767
4.03818,32767
4.03848,32767
4.03876,32767
4.03908,32767
4.03938,32767
4.03972,32767
4.04003,32767
4.04033,32767
4.04062,32767
4.04095,32767
4.04124,32767
4.04154,32767
4.04183,32767
4.04212,32767
4.04243,32767
4.04268,32767
4.04293,32767
4.04318,32767
4.04343,32767
4.04370,32767
4.04395,32767
4.04420,32767
4.04445,32767
4.04470,32767
4.04495,32767
4.04520,32767
4.04549,32767
4.04580,32767
4.04607,32767
4.04633,32767
4.04661,32767
4.04695,32767
4.04720,32767
4.04749,32767
4.04780,32767
4.04806,32767
4.04834,32767
4.04860,32767
4.04886,32767
4.04910,32767
4.04941,32767
4.04966,32767
4.04995,32767
4.05020,32767
4.05045,32767
4.05070,32767
4.05095,32767
4.05122,32767
4.05146,32767
4.05171,32767
4.05199,32767
4.05233,32767
4.05257,32767
4.05282,32767
4.05308,32767
4.05336,32767
4.05368,32767
4.05393,32767
4.05418,32767
4.05443,32767
4.05472,32767
4.05496,32767
4.05524,32767
4.05557,32767
4.05582,32767
4.05607,32767
4.05634,32767
4.05661,32767
4.05687,32767
4.05722,32767
4.05750,32767
4.05781,32767
4.05811,32767
4.05841,32767
4.05871,32767
4.05900,32767
4.05931,32767
4.05960,32767
4.05987,32767
4.06018,32767
4.06045,32767
4.06073,32767
4.06100,32767
4.06131,32767
4.06156,32767
4.06185,32767
4.06210,32767
4.06239,32767
4.06266,32767
4.06293,32767
4.06323,32767
4.06348,32767
4.06379,32767
4.06408,32767
4.06443,32767
4.06472,32767
4.06501,32767
4.06530,32767
4.06555,32767
4.06581,32767
4.06611,32767
4.06639,32767
4.06668,32767
4.06693,32767
4.06718,32767
4.06745,32767
4.06772,32767
4.06798,32767
4.06824,32767
4.06858,32767
4.06885,32767
4.06914,32767
4.06941,32767
4.06966,32767
4.06991,32767
4.07018,32767
4.07043,32767
4.07068,32767
4.07099,32767
4.07131,32767
4.07155,32767
4.07181,32767
4.07205,32767
4.07231,32767
4.07258,32767
4.07288,32767
4.07392,32767
4.07421,32767
4.07449,32767
4.07483,32767
4.07512,32767
4.07542,32767
4.07570,32767
4.07632,32767
4.07663,32767
4.07695,32767
4.07721,32767
4.07753,32767
4.07783,32767
4.07808,32767
4.07833,32767
4.07858,32767
4.07888,32767
4.07923,32767
4.07950,32767
4.07984,32767
4.08012,32767
4.08047,32767
4.08082,32767
4.08111,32767
4.08139,32767
4.08175,32767
4.08206,32767
4.08235,32767
4.08265,32767
4.08294,32767
4.08323,32767
4.08359,32767
4.08397,32767
4.08429,32767
4.08470,32767
4.08505,32767
4.08532,32767
4.08564,32767
4.08594,32767
4.08623,32767
4.08654,32767
4.08682,32767
4.08711,32767
4.08741,32767
4.08778,32767
4.08815,32767
4.08851,32767
4.08881,32767
4.08909,32767
4.08946,32767
4.08972,32767
4.08999,32767
4.09025,32767
4.09054,32767
4.09083,32767
4.09111,32767
4.09138,32767
4.09171,32767
4.09199,32767
4.09227,32767
4.09270,32767
4.09307,32767
4.09394,32767
4.09430,32767
4.09457,32767
4.09485,32767
4.09514,32767
4.09541,32767
4.09568,32767
4.09598,32767
4.09622,32767
4.09647,32767
4.09672,32767
4.09698,32767
4.09723,32767
4.09753,32767
4.09782,32767
4.09809,32767
4.09835,32767
4.09859,32767
4.09885,32767
4.09909,32767
4.09935,32767
4.09959,32767
4.09984,32767
4.10009,32767
4.10034,32767
4.10059,32767
4.10084,32767
4.10109,32767
4.10135,32767
4.10160,32767
4.10184,32767
4.10209,32767
4.10234,32767
4.10259,32767
4.10284,32767
4.10308,32767
4.10335,32767
4.10359,32767
4.10384,32767
4.10406,32767
4.10430,32767
4.10456,32767
4.10479,32767
4.10503,32767
4.10527,32767
4.10552,32767
4.10577,32767
4.10602,32767
4.10627,32767
4.10652,32767
4.10677,32767
4.10702,32767
4.10727,32767
4.10752,32767
4.10777,32767
4.10802,32767
4.10827,32767
4.10852,32767
4.10877,32767
4.10902,32767
4.10928,32767
4.10957,32767
4.10987,32767
4.11020,32767
4.11047,32767
4.11085,32767
4.11145,32767
4.11175,32767
4.11203,32767
4.11228,32767
4.11253,32767
4.11278,32767
4.11303,32767
4.11328,32767
4.11351,32767
4.11378,32767
4.11403,32767
4.11428,32767
4.11453,32767
4.11482,32767
4.11518,32767
4.11543,32767
4.11573,32767
4.11604,32767
4.11634,32767
4.11662,32767
4.11696,32767
4.11726,32767
4.11756,32767
4.11786,32767
4.11825,32767
4.11852,32767
4.11879,32767
4.11909,32767
4.11942,32767
4.11978,32767
4.12010,32767
4.12044,32767
4.12075,32767
4.12106,32767
4.12137,32767
4.12168,32767
4.12199,32767
4.12230,32767
4.12259,32767
4.12294,32767
4.12323,32767
4.12352,32767
4.12381,32767
4.12410,32767
4.12440,32767
4.12468,32767
4.12500,32767
4.12531,32767
4.12563,32767
4.12594,32767
4.12628,32767
4.12661,32767
4.12695,32767
4.12727,32767
4.12757,32767
4.12790,32767
4.12820,32767
4.12851,32767
4.12909,32767
4.12980,32767
4.13011,32767
4.13042,32767
4.13071,32767
4.13099,32767
4.13130,32767
4.13158,32767
4.13186,32767
4.13217,32767
4.13246,32767
4.13274,32767
4.13308,32767
4.13336,32767
4.13367,32767
4.13396,32767
4.13424,32767
4.13455,32767
4.13484,32767
4.13521,32767
4.13553,32767
4.13583,32767
4.13614,32767
4.13646,32767
4.13677,32767
4.13707,32767
4.13739,32767
4.13770,32767
4.13804,32767
4.13833,32767
4.13864,32767
4.13896,32767
4.13926,32767
4.13957,32767
4.13990,32767
4.14018,32767
4.14050,32767
4.14081,32767
4.14112,32767
4.14143,32767
4.14175,32767
4.14206,32767
4.14238,32767
4.14268,32767
4.14299,32767
4.14330,32767
4.14359,32767
4.14390,32767
4.14418,32767
4.14449,32767
4.14481,32767
4.14509,32767
4.14537,32767
4.14568,32767
4.14597,32767
4.14627,32767
4.14657,32767
4.14692,32767
4.14736,32767
4.14778,32767
4.14809,32767
4.14839,32767
4.14869,32767
4.14897,32767
4.14927,32767
4.14955,32767
4.14987,32767
4.15022,32767
4.15050,32767
4.15085,32767
4.15115,32767
4.15144,32767
4.15171,32767
4.15199,32767
4.15230,32767
4.15257,32767
4.15287,32767
4.15318,32767
4.15347,32767
4.15379,32767
4.15407,32767
4.15439,32767
4.15469,32767
4.15498,32767
4.15528,32767
4.15562,32767
4.15595,32767
4.15628,32767
4.15662,32767
4.15695,32767
4.15728,32767
4.15759,32767
4.15788,32767
4.15820,32767
4.15850,32767
4.15880,32767
4.15908,32767
4.15937,32767
4.15968,32767
4.15998,32767
4.16028,32767
4.16057,32767
4.16086,32767
4.16114,32767
4.16143,32767
4.16169,32767
4.16199,32767
4.16227,32767
4.16260,32767
4.16285,32767
4.16314,32767
4.16343,32767
4.16374,32767
4.16405,32767
4.16454,32767
4.16489,32767
4.16524,32767
4.16575,32767
4.16604,32767
4.16638,32767
4.16673,32767
4.16707,32767
4.16739,32767
4.16783,32767
4.16821,32767
4.16870,32767
4.16906,32767
4.16941,32767
4.16976,32767
4.17010,32767
4.17047,32767
4.17082,32767
4.17117,32767
4.17151,32767
4.17195,32767
4.17223,32767
4.17254,32767
4.17284,32767
4.17313,32767
4.17342,32767
4.17371,32767
4.17401,32767
4.17433,32767
4.17465,32767
4.17493,32767
4.17525,32767
4.17557,32767
4.17589,32767
4.17621,32767
4.17654,32767
4.17685,32767
4.17716,32767
4.17749,32767
4.17791,32767
4.17825,32767
4.17860,32767
4.17891,32767
4.17923,32767
4.17956,32767
4.17986,32767
4.18020,32767
4.18051,32767
4.18082,32767
4.18119,32767
4.18154,32767
4.18226,32767
4.18270,32767
4.18332,32767
4.18366,32767
4.18397,32767
4.18429,32767
4.18458,32767
4.18488,32767
4.18520,32767
4.18550,32767
4.18581,32767
4.18612,32767
4.18643,32767
4.18674,32767
4.18702,32767
4.18732,32767
4.18759,32767
4.18786,32767
4.18817,32767
4.18846,32767
4.18875,32767
4.18906,32767
4.18934,32767
4.18962,32767
4.18989,32767
4.19019,32767
4.19047,32767
4.19077,32767
4.19107,32767
4.19137,32767
4.19163,32767
4.19195,32767
4.19222,32767
4.19252,32767
4.19282,32767
4.19312,32767
4.19339,32767
4.19370,32767
4.19400,32767
4.19427,32767
4.19455,32767
4.19487,32767
4.19515,32767
4.19543,32767
4.19574,32767
4.19605,32767
4.19632,32767
4.19671,32767
4.19709,32767
4.19743,32767
4.19773,32767
4.19802,32767
4.19829,32767
4.19859,32767
4.19889,32767
4.19919,32767
4.19948,32767
4.19988,32767
4.20018,32767
4.20046,32767
4.20073,32767
4.20102,32767
4.20131,32767
4.20159,32767
4.20187,32767
4.20219,32767
4.20248,32767
4.20280,32767
4.20309,32767
4.20338,32767
4.20371,32767
4.20401,32767
4.20431,32767
4.20459,32767
4.20485,32767
4.20515,32767
4.20544,32767
4.20572,32767
4.20600,32767
4.20635,32767
4.20665,32767
4.20695,32767
4.20722,32767
4.20753,32767
4.20783,32767
4.20828,32767
4.20862,32767
4.20894,32767
4.20923,32767
4.20953,32767
4.20987,32767
4.21021,32767
4.21054,32767
4.21083,32767
4.21117,32767
4.21149,32767
4.21183,32767
4.21225,32767
4.21257,32767
4.21291,32767
4.21325,32767
4.21357,32767
4.21386,32767
4.21416,32767
4.21447,32767
4.21478,32767
4.21505,32767
4.21535,32767
4.21566,32767
4.21593,32767
4.21622,32767
4.21653,32767
4.21682,32767
4.21715,32767
4.21743,32767
4.21772,32767
4.21805,32767
4.21835,32767
4.21866,32767
4.21895,32767
4.21926,32767
4.21957,32767
4.21985,32767
4.22015,32767
4.22042,32767
4.22071,32767
4.22099,32767
4.22126,32767
4.22156,32767
4.22184,32767
4.22213,32767
4.22246,32767
4.22275,32767
4.22307,32767
4.22336,32767
4.22363,32767
4.22394,32767
4.22421,32767
4.22450,32767
4.22483,32767
4.22513,32767
4.22541,32767
4.22571,32767
4.22600,32767
4.22633,32767
4.22662,32767
4.22688,32767
4.22721,32767
4.22750,32767
4.22784,32767
4.22810,32767
4.22839,32767
4.22870,32767
4.22900,32767
4.22932,32767
4.22960,32767
4.22989,32767
4.23018,32767
4.23043,32767
4.23068,32767
4.23094,32767
4.23120,32767
4.23145,32767
4.23170,32767
4.23199,32767
4.23233,32767
4.23258,32767
4.23283,32767
4.23308,32767
4.23333,32767
4.23357,32767
4.23384,32767
4.23411,32767
4.23445,32767
4.23474,32767
4.23501,32767
4.23530,32767
4.23555,32767
4.23580,32767
4.23611,32767
4.23641,32767
4.23670,32767
4.23699,32767
4.23733,32767
4.23762,32767
4.23795,32767
4.23827,32767
4.23853,32767
4.23878,32767
4.23901,32767
4.23930,32767
4.23958,32767
4.23986,32767
4.24018,32767
4.24045,32767
4.24072,32767
4.24099,32767
4.24132,32767
4.24159,32767
4.24186,32767
4.24220,32767
4.24247,32767
4.24273,32767
4.24307,32767
4.24334,32767
4.24367,32767
4.24395,32767
4.24420,32767
4.24445,32767
4.24470,32767
4.24497,32767
4.24524,32767
4.24557,32767
4.24584,32767
4.24611,32767
4.24645,32767
4.24672,32767
4.24701,32767
4.24726,32767
4.24751,32767
4.24776,32767
4.24801,32767
4.24828,32767
4.24852,32767
4.24880,32767
4.24907,32767
4.24932,32767
4.24957,32767
4.24982,32767
4.25009,32767
4.25037,32767
4.25069,32767
4.25097,32767
4.25124,32767
4.25157,32767
4.25182,32767
4.25209,32767
4.25238,32767
4.25270,32767
4.25295,32767
4.25320,32767
4.25345,32767
4.25370,32767
4.25397,32767
4.25421,32767
4.25449,32767
4.25483,32767
4.25507,32767
4.25533,32767
4.25564,32767
4.25593,32767
4.25619,32767
4.25645,32767
4.25671,32767
4.25699,32767
4.25731,32767
4.25759,32767
4.25786,32767
4.25819,32767
4.25846,32767
4.25874,32767
4.25907,32767
4.25936,32767
4.25964,32767
4.25993,32767
4.26018,32767
4.26043,32767
4.26067,32767
4.26095,32767
4.26119,32767
4.26147,32767
4.26174,32767
4.26207,32767
4.26234,32767
4.26261,32767
4.26294,32767
4.26322,32767
4.26348,32767
4.26382,32767
4.26409,32767
4.26435,32767
4.26464,32767
4.26486,32767
4.26520,32767
4.26545,32767
4.26570,32767
4.26597,32767
4.26624,32767
4.26657,32767
4.26684,32767
4.26711,32767
4.26734,32767
4.26761,32767
4.26795,32767
4.26822,32767
4.26847,32767
4.26873,32767
4.26899,32767
4.26931,32767
4.26959,32767
4.26986,32767
4.27020,32767
4.27044,32767
4.27072,32767
4.27098,32767
4.27133,32767
4.27162,32767
4.27195,32767
4.27222,32767
4.27249,32767
4.27282,32767
4.27307,32767
4.27334,32767
4.27360,32767
4.27391,32767
4.27418,32767
4.27447,32767
4.27473,32767
4.27505,32767
4.27530,32767
4.27555,32767
4.27581,32767
4.27629,32767
4.27663,32767
4.27695,32767
4.27731,32767
4.27762,32767
4.27794,32767
4.27823,32767
4.27851,32767
4.27876,32767
4.27901,32767
4.27927,32767
4.27953,32767
4.27976,32767
4.28005,32767
4.28032,32767
4.28059,32767
4.28086,32767
4.28119,32767
4.28146,32767
4.28173,32767
4.28207,32767
4.28234,32767
4.28261,32767
4.28295,32767
4.28319,32767
4.28347,32767
4.28371,32767
4.28396,32767
4.28424,32767
4.28457,32767
4.28485,32767
4.28508,32767
4.28532,32767
4.28559,32767
4.28584,32767
4.28611,32767
4.28642,32767
4.28670,32767
4.28696,32767
4.28724,32767
4.28757,32767
4.28785,32767
4.28811,32767
4.28844,32767
4.28871,32767
4.28899,32767
4.28932,32767
4.28959,32767
4.28987,32767
4.29020,32767
4.29047,32767
4.29073,32767
4.29110,32767
4.29140,32767
4.29169,32767
4.29197,32767
4.29223,32767
4.29257,32767
4.29285,32767
4.29310,32767
4.29336,32767
4.29369,32767
4.29397,32767
4.29423,32767
4.29455,32767
4.29480,32767
4.29507,32767
4.29534,32767
4.29561,32767
4.29594,32767
4.29621,32767
4.29649,32767
4.29683,32767
4.29707,32767
4.29734,32767
4.29761,32767
4.29794,32767
4.29821,32767
4.29849,32767
4.29882,32767
4.29909,32767
4.29936,32767
4.29969,32767
4.29994,32767
4.30019,32767
4.30046,32767
4.30074,32767
4.30107,32767
4.30134,32767
4.30161,32767
4.30194,32767
4.30222,32767
4.30247,32767
4.30273,32767
4.30301,32767
4.30328,32767
4.30355,32767
4.30380,32767
4.30407,32767
4.30435,32767
4.30458,32767
4.30482,32767
4.30509,32767
4.30534,32767
4.30561,32767
4.30592,32767
4.30619,32767
4.30648,32767
4.30674,32767
4.30707,32767
4.30735,32767
4.30758,32767
4.30782,32767
4.30809,32767
4.30834,32767
4.30861,32767
4.30892,32767
4.30917,32767
4.30944,32767
4.30972,32767
4.30998,32767
4.31033,32767
4.31057,32767
4.31084,32767
4.31111,32767
4.31137,32767
4.31169,32767
4.31194,32767
4.31219,32767
4.31246,32767
4.31273,32767
4.31307,32767
4.31334,32767
4.31361,32767
4.31395,32767
4.31419,32767
4.31446,32767
4.31476,32767
4.31507,32767
4.31534,32767
4.31562,32767
4.31595,32767
4.31620,32767
4.31645,32767
4.31670,32767
4.31695,32767
4.31720,32767
4.31749,32767
4.31782,32767
4.31810,32767
4.31836,32767
4.31864,32767
4.31889,32767
4.31916,32767
4.31939,32767
4.31966,32767
4.31990,32767
4.32015,32767
4.32041,32767
4.32065,32767
4.32088,32767
4.32139,32767
4.32172,32767
4.32205,32767
4.32234,32767
4.32261,32767
4.32295,32767
4.32320,32767
4.32344,32767
4.32371,32767
4.32398,32767
4.32432,32767
4.32459,32767
4.32484,32767
4.32509,32767
4.32536,32767
4.32567,32767
4.32595,32767
4.32622,32767
4.32648,32767
4.32682,32767
4.32709,32767
4.32737,32767
4.32769,32767
4.32797,32767
4.32825,32767
4.32857,32767
4.32887,32767
4.32917,32767
4.32952,32767
4.32989,32767
4.33025,32767
4.33056,32767
4.33088,32767
4.33124,32767
4.33157,32767
4.33189,32767
4.33222,32767
4.33254,32767
4.33287,32767
4.33318,32767
4.33349,32767
4.33379,32767
4.33408,32767
4.33436,32767
4.33467,32767
4.33492,32767
4.33519,32767
4.33545,32767
4.33570,32767
4.33594,32767
4.33619,32767
4.33645,32767
4.33670,32767
4.33696,32767
4.33724,32767
4.33754,32767
4.33782,32767
4.33811,32767
4.33838,32767
4.33866,32767
4.33893,32767
4.33918,32767
4.33944,32767
4.33970,32767
4.33998,32767
4.34032,32767
4.34057,32767
4.34083,32767
4.34107,32767
4.34132,32767
4.34160,32767
4.34188,32767
4.34221,32767
4.34249,32767
4.34279,32767
4.34305,32767
4.34330,32767
4.34366,32767
4.34402,32767
4.34427,32767
4.34455,32767
4.34484,32767
4.34509,32767
4.34535,32767
4.34567,32767
4.34598,32767
4.34621,32767
4.34654,32767
4.34682,32767
4.34709,32767
4.34736,32767
4.34769,32767
4.34796,32767
4.34823,32767
4.34857,32767
4.34882,32767
4.34907,32767
4.34934,32767
4.34961,32767
4.34993,32767
4.35020,32767
4.35050,32767
4.35081,32767
4.35110,32767
4.35137,32767
4.35171,32767
4.35201,32767
4.35231,32767
4.35261,32767
4.35288,32767
4.35321,32767
4.35349,32767
4.35380,32767
4.35416,32767
4.35442,32767
4.35469,32767
4.35496,32767
4.35522,32767
4.35556,32767
4.35579,32767
4.35606,32767
4.35629,32767
4.35654,32767
4.35681,32767
4.35704,32767
4.35731,32767
4.35754,32767
4.35779,32767
4.35806,32767
4.35831,32767
4.35858,32767
4.35881,32767
4.35910,32767
4.35938,32767
4.35964,32767
4.35989,32767
4.36018,32767
4.36046,32767
4.36075,32767
4.36102,32767
4.36127,32767
4.36152,32767
4.36177,32767
4.36202,32767
4.36227,32767
4.36254,32767
4.36281,32767
4.36308,32767
4.36331,32767
4.36354,32767
4.36379,32767
4.36404,32767
4.36431,32767
4.36454,32767
4.36481,32767
4.36509,32767
4.36533,32767
4.36560,32767
4.36592,32767
4.36617,32767
4.36644,32767
4.36671,32767
4.36698,32767
4.36731,32767
4.36758,32767
4.36785,32767
4.36819,32767
4.36846,32767
4.36874,32767
4.36906,32767
4.36934,32767
4.36961,32767
4.37001,32767
4.37040,32767
4.37076,32767
4.37109,32767
4.37138,32767
4.37169,32767
4.37195,32767
4.37219,32767
4.37248,32767
4.37279,32767
4.37304,32767
4.37331,32767
4.37358,32767
4.37385,32767
4.37419,32767
4.37446,32767
4.37473,32767
4.37507,32767
4.37534,32767
4.37560,32767
4.37594,32767
4.37621,32767
4.37648,32767
4.37682,32767
4.37723,32767
4.37756,32767
4.37784,32767
4.37831,32767
4.37878,32767
4.37918,32767
4.37959,32767
4.37997,32767
4.38032,32767
4.38062,32767
4.38096,32767
4.38128,32767
4.38157,32767
4.38197,32767
4.38230,32767
4.38261,32767
4.38294,32767
4.38324,32767
4.38358,32767
4.38390,32767
4.38416,32767
4.38444,32767
4.38473,32767
4.38502,32767
4.38531,32767
4.38560,32767
4.38597,32767
4.38631,32767
4.38660,32767
4.38690,32767
4.38720,32767
4.38751,32767
4.38786,32767
4.38812,32767
4.38846,32767
4.38874,32767
4.38906,32767
4.38935,32767
4.38963,32767
4.38993,32767
4.39018,32767
4.39043,32767
4.39068,32767
4.39093,32767
4.39120,32767
4.39145,32767
4.39172,32767
4.39199,32767
4.39232,32767
4.39259,32767
4.39286,32767
4.39319,32767
4.39347,32767
4.39376,32767
4.39407,32767
4.39434,32767
4.39461,32767
4.39494,32767
4.39522,32767
4.39548,32767
4.39580,32767
4.39605,32767
4.39633,32767
4.39659,32767
4.39686,32767
4.39719,32767
4.39747,32767
4.39774,32767
4.39807,32767
4.39834,32767
4.39861,32767
4.39894,32767
4.39922,32767
4.39948,32767
4.39982,32767
4.40009,32767
4.40036,32767
4.40069,32767
4.40097,32767
4.40124,32767
4.40155,32767
4.40193,32767
4.40230,32767
4.40258,32767
4.40288,32767
4.40319,32767
4.40348,32767
4.40379,32767
4.40409,32767
4.40438,32767
4.40478,32767
4.40507,32767
4.40536,32767
4.40565,32767
4.40590,32767
4.40617,32767
4.40644,32767
4.40671,32767
4.40702,32767
4.40730,32767
4.40757,32767
4.40784,32767
4.40811,32767
4.40844,32767
4.40871,32767
4.40898,32767
4.40932,32767
4.40957,32767
4.40985,32767
4.41010,32767
4.41036,32767
4.41071,32767
4.41099,32767
4.41132,32767
4.41158,32767
4.41185,32767
4.41216,32767
4.41245,32767
4.41273,32767
4.41304,32767
4.41333,32767
4.41361,32767
4.41392,32767
4.41422,32767
4.41448,32767
4.41480,32767
4.41508,32767
4.41539,32767
4.41569,32767
4.41598,32767
4.41625,32767
4.41655,32767
4.41682,32767
4.41716,32767
4.41749,32767
4.41796,32767
4.41821,32767
4.41854,32767
4.41882,32767
4.41910,32767
4.41941,32767
4.41968,32767
4.41993,32767
4.42025,32767
4.42057,32767
4.42084,32767
4.42110,32767
4.42134,32767
4.42161,32767
4.42188,32767
4.42218,32767
4.42244,32767
4.42273,32767
4.42301,32767
4.42333,32767
4.42362,32767
4.42388,32767
4.42418,32767
4.42450,32767
4.42481,32767
4.42512,32767
4.42543,32767
4.42574,32767
4.42607,32767
4.42637,32767
4.42669,32767
4.42697,32767
4.42728,32767
4.42757,32767
4.42784,32767
4.42811,32767
4.42837,32767
4.42868,32767
4.42898,32767
4.42925,32767
4.42956,32767
4.42985,32767
4.43014,32767
4.43044,32767
4.43075,32767
4.43106,32767
4.43137,32767
4.43173,32767
4.43202,32767
4.43234,32767
4.43261,32767
4.43288,32767
4.43318,32767
4.43345,32767
4.43374,32767
4.43399,32767
4.43426,32767
4.43456,32767
4.43483,32767
4.43508,32767
4.43533,32767
4.43557,32767
4.43584,32767
4.43610,32767
4.43634,32767
4.43659,32767
4.43687,32767
4.43717,32767
4.43742,32767
4.43768,32767
4.43793,32767
4.43818,32767
4.43842,32767
4.43872,32767
4.43901,32767
4.43932,32767
4.43958,32767
4.43986,32767
4.44014,32767
4.44046,32767
4.44073,32767
4.44101,32767
4.44133,32767
4.44158,32767
4.44183,32767
4.44208,32767
4.44233,32767
4.44258,32767
4.44284,32767
4.44312,32767
4.44342,32767
4.44371,32767
4.44400,32767
4.44433,32767
4.44462,32767
4.44494,32767
4.44523,32767
4.44552,32767
4.44581,32767
4.44613,32767
4.44644,32767
4.44673,32767
4.44704,32767
4.44733,32767
4.44762,32767
4.44794,32767
4.44836,32767
4.44866,32767
4.44893,32767
4.44924,32767
4.44951,32767
4.44980,32767
4.45007,32767
4.45033,32767
4.45061,32767
4.45092,32767
4.45121,32767
4.45150,32767
4.45181,32767
4.45210,32767
4.45238,32767
4.45269,32767
4.45298,32767
4.45326,32767
4.45356,32767
4.45385,32767
4.45413,32767
4.45444,32767
4.45473,32767
4.45504,32767
4.45533,32767
4.45561,32767
4.45591,32767
4.45621,32767
4.45649,32767
4.45683,32767
4.45712,32767
4.45742,32767
4.45772,32767
4.45799,32767
4.45829,32767
4.45858,32767
4.45886,32767
4.45917,32767
4.45946,32767
4.45974,32767
4.46004,32767
4.46033,32767
4.46063,32767
4.46094,32767
4.46123,32767
4.46154,32767
4.46183,32767
4.46213,32767
4.46244,32767
4.46273,32767
4.46301,32767
4.46331,32767
4.46360,32767
4.46393,32767
4.46423,32767
4.46451,32767
4.46481,32767
4.46510,32767
4.46541,32767
4.46571,32767
4.46600,32767
4.46631,32767
4.46660,32767
4.46692,32767
4.46718,32767
4.46746,32767
4.46772,32767
4.46801,32767
4.46829,32767
4.46856,32767
4.46883,32767
4.46911,32767
4.46941,32767
4.46971,32767
4.46999,32767
4.47029,32767
4.47058,32767
4.47087,32767
4.47119,32767
4.47148,32767
4.47176,32767
4.47206,32767
4.47235,32767
4.47263,32767
4.47293,32767
4.47322,32767
4.47350,32767
4.47381,32767
4.47410,32767
4.47442,32767
4.47471,32767
4.47499,32767
4.47533,32767
4.47561,32767
4.47591,32767
4.47621,32767
4.47650,32767
4.47682,32767
4.47711,32767
4.47742,32767
4.47770,32767
4.47799,32767
4.47830,32767
4.47857,32767
4.47888,32767
4.47919,32767
4.47946,32767
4.47981,32767
4.48006,32767
4.48035,32767
4.48063,32767
4.48093,32767
4.48122,32767
4.48154,32767
4.48183,32767
4.48213,32767
4.48243,32767
4.48272,32767
4.48301,32767
4.48331,32767
4.48360,32767
4.48391,32767
4.48420,32767
4.48450,32767
4.48481,32767
4.48510,32767
4.48539,32767
4.48569,32767
4.48598,32767
4.48629,32767
4.48659,32767
4.48685,32767
4.48717,32767
4.48746,32767
4.48776,32767
4.48804,32767
4.48831,32767
4.48858,32767
4.48886,32767
4.48916,32767
4.48946,32767
4.48973,32767
4.49004,32767
4.49033,32767
4.49062,32767
4.49096,32767
4.49124,32767
4.49156,32767
4.49185,32767
4.49213,32767
4.49244,32767
4.49273,32767
4.49301,32767
4.49331,32767
4.49360,32767
4.49388,32767
4.49418,32767
4.49447,32767
4.49476,32767
4.49506,32767
4.49535,32767
4.49564,32767
4.49593,32767
4.49623,32767
4.49651,32767
4.49681,32767
4.49710,32767
4.49738,32767
4.49768,32767
4.49797,32767
4.49829,32767
4.49858,32767
4.49888,32767
4.49918,32767
4.49947,32767
4.49979,32767
4.50008,32767
4.50038,32767
4.50069,32767
4.50098,32767
4.50129,32767
4.50158,32767
4.50188,32767
4.50219,32767
4.50248,32767
4.50279,32767
4.50308,32767
4.50338,32767
4.50368,32767
4.50396,32767
4.50426,32767
4.50454,32767
4.50483,32767
4.50512,32767
4.50542,32767
4.50569,32767
4.50599,32767
4.50630,32767
4.50659,32767
4.50687,32767
4.50736,32767
4.50774,32767
4.50804,32767
4.50833,32767
4.50861,32767
4.50898,32767
4.50926,32767
4.50954,32767
4.50983,32767
4.51011,32767
4.51041,32767
4.51071,32767
4.51099,32767
4.51129,32767
4.51158,32767
4.51186,32767
4.51216,32767
4.51246,32767
4.51274,32767
4.51304,32767
4.51333,32767
4.51361,32767
4.51392,32767
4.51421,32767
4.51451,32767
4.51481,32767
4.51510,32767
4.51538,32767
4.51569,32767
4.51598,32767
4.51626,32767
4.51656,32767
4.51685,32767
4.51717,32767
4.51746,32767
4.51774,32767
4.51804,32767
4.51833,32767
4.51863,32767
4.51894,32767
4.51923,32767
4.51954,32767
4.51983,32767
4.52013,32767
4.52049,32767
4.52082,32767
4.52108,32767
4.52136,32767
4.52167,32767
4.52206,32767
4.52236,32767
4.52265,32767
4.52296,32767
4.52331,32767
4.52361,32767
4.52394,32767
4.52421,32767
4.52450,32767
4.52482,32767
4.52509,32767
4.52538,32767
4.52570,32767
4.52597,32767
4.52625,32767
4.52658,32767
4.52690,32767
4.52785,32767
4.52815,32767
4.52843,32767
4.52874,32767
4.52901,32767
4.52932,32767
4.52964,32767
4.52994,32767
4.53022,32767
4.53051,32767
4.53080,32767
4.53111,32767
4.53143,32767
4.53175,32767
4.53206,32767
4.53237,32767
4.53268,32767
4.53300,32767
4.53331,32767
4.53363,32767
4.53393,32767
4.53424,32767
4.53456,32767
4.53486,32767
4.53518,32767
4.53550,32767
4.53582,32767
4.53613,32767
4.53643,32767
4.53672,32767
4.53699,32767
4.53732,32767
4.53762,32767
4.53793,32767
4.53823,32767
4.53853,32767
4.53882,32767
4.53920,32767
4.53948,32767
4.53976,32767
4.54007,32767
4.54035,32767
4.54065,32767
4.54093,32767
4.54125,32767
4.54156,32767
4.54185,32767
4.54217,32767
4.54247,32767
4.54278,32767
4.54307,32767
4.54336,32767
4.54365,32767
4.54394,32767
4.54423,32767
4.54452,32767
4.54480,32767
4.54511,32767
4.54539,32767
4.54569,32767
4.54598,32767
4.54626,32767
4.54657,32767
4.54684,32767
4.54713,32767
4.54742,32767
4.54772,32767
4.54801,32767
4.54832,32767
4.54859,32767
4.54886,32767
4.54914,32767
4.54942,32767
4.54969,32767
4.54996,32767
4.55024,32767
4.55054,32767
4.55083,32767
4.55111,32767
4.55142,32767
4.55171,32767
4.55199,32767
4.55229,32767
4.55258,32767
4.55286,32767
4.55317,32767
4.55346,32767
4.55375,32767
4.55408,32767
4.55436,32767
4.55467,32767
4.55496,32767
4.55524,32767
4.55554,32767
4.55583,32767
4.55611,32767
4.55658,32767
4.55691,32767
4.55725,32767
4.55759,32767
4.55793,32767
4.55822,32767
4.55853,32767
4.55883,32767
4.55912,32767
4.55941,32767
4.55971,32767
4.56000,32767
4.56034,32767
4.56062,32767
4.56096,32767
4.56126,32767
4.56158,32767
4.56188,32767
4.56220,32767
4.56251,32767
4.56281,32767
4.56311,32767
4.56340,32767
4.56370,32767
4.56403,32767
4.56434,32767
4.56468,32767
4.56498,32767
4.56538,32767
4.56573,32767
4.56609,32767
4.56643,32767
4.56671,32767
4.56705,32767
4.56734,32767
4.56771,32767
4.56820,32767
4.56853,32767
4.56888,32767
4.56923,32767
4.56953,32767
4.56987,32767
4.57020,32767
4.57053,32767
4.57087,32767
4.57120,32767
4.57152,32767
4.57181,32767
4.57211,32767
4.57240,32767
4.57273,32767
4.57307,32767
4.57340,32767
4.57384,32767
4.57415,32767
4.57449,32767
4.57510,32767
4.57551,32767
4.57602,32767
4.57644,32767
4.57689,32767
4.57721,32767
4.57756,32767
4.57804,32767
4.57833,32767
4.57873,32767
4.57909,32767
4.57944,32767
4.57984,32767
4.58019,32767
4.58056,32767
4.58092,32767
4.58127,32767
4.58169,32767
4.58214,32767
4.58250,32767
4.58292,32767
4.58333,32767
4.58380,32767
4.58415,32767
4.58452,32767
4.58486,32767
4.58519,32767
4.58550,32767
4.58581,32767
4.58612,32767
4.58643,32767
4.58675,32767
4.58707,32767
4.58734,32767
4.58765,32767
4.58793,32767
4.58825,32767
4.58854,32767
4.58884,32767
4.58918,32767
4.58951,32767
4.58982,32767
4.59014,32767
4.59045,32767
4.59078,32767
4.59106,32767
4.59135,32767
4.59168,32767
4.59202,32767
4.59237,32767
4.59284,32767
4.59316,32767
4.59352,32767
4.59380,32767
4.59411,32767
4.59438,32767
4.59471,32767
4.59499,32767
4.59529,32767
4.59559,32767
4.59589,32767
4.59620,32767
4.59647,32767
4.59677,32767
4.59708,32767
4.59739,32767
4.59770,32767
4.59808,32767
4.59838,32767
4.59865,32767
4.59893,32767
4.59925,32767
4.59956,32767
4.59987,32767
4.60016,32767
4.60043,32767
4.60072,32767
4.60102,32767
4.60132,32767
4.60162,32767
4.60193,32767
4.60224,32767
4.60255,32767
4.60287,32767
4.60318,32767
4.60347,32767
4.60377,32767
4.60410,32767
4.60441,32767
4.60468,32767
4.60497,32767
4.60527,32767
4.60557,32767
4.60585,32767
4.60613,32767
4.60644,32767
4.60673,32767
4.60701,32767
4.60731,32767
4.60760,32767
4.60788,32767
4.60819,32767
4.60848,32767
4.60876,32767
4.60916,32767
4.60970,32767
4.61005,32767
4.61034,32767
4.61061,32767
4.61089,32767
4.61119,32767
4.61148,32767
4.61179,32767
4.61208,32767
4.61237,32767
4.61269,32767
4.61298,32767
4.61326,32767
4.61356,32767
4.61385,32767
4.61417,32767
4.61446,32767
4.61474,32767
4.61501,32767
4.61531,32767
4.61560,32767
4.61592,32767
4.61621,32767
4.61649,32767
4.61680,32767
4.61709,32767
4.61737,32767
4.61767,32767
4.61796,32767
4.61825,32767
4.61856,32767
4.61885,32767
4.61917,32767
4.61946,32767
4.61974,32767
4.62006,32767
4.62038,32767
4.62068,32767
4.62098,32767
4.62125,32767
4.62156,32767
4.62185,32767
4.62213,32767
4.62244,32767
4.62273,32767
4.62301,32767
4.62331,32767
4.62360,32767
4.62391,32767
4.62420,32767
4.62451,32767
4.62481,32767
4.62510,32767
4.62538,32767
4.62569,32767
4.62598,32767
4.62626,32767
4.62656,32767
4.62696,32767
4.62747,32767
4.62785,32767
4.62814,32767
4.62844,32767
4.62874,32767
4.62901,32767
4.62930,32767
4.62960,32767
4.62988,32767
4.63018,32767
4.63043,32767
4.63068,32767
4.63093,32767
4.63118,32767
4.63145,32767
4.63170,32767
4.63201,32767
4.63231,32767
4.63255,32767
4.63280,32767
4.63305,32767
4.63330,32767
4.63356,32767
4.63380,32767
4.63406,32767
4.63430,32767
4.63455,32767
4.63480,32767
4.63505,32767
4.63532,32767
4.63562,32767
4.63591,32767
4.63620,32767
4.63645,32767
4.63670,32767
4.63695,32767
4.63722,32767
4.63746,32767
4.63775,32767
4.63806,32767
4.63836,32767
4.63867,32767
4.63896,32767
4.63926,32767
4.63957,32767
4.63985,32767
4.64016,32767
4.64044,32767
4.64075,32767
4.64106,32767
4.64139,32767
4.64173,32767
4.64205,32767
4.64236,32767
4.64270,32767
4.64304,32767
4.64336,32767
4.64371,32767
4.64405,32767
4.64436,32767
4.64520,32767
4.64614,32767
4.64651,32767
4.64688,32767
4.64722,32767
4.64759,32767
4.64795,32767
4.64827,32767
4.64860,32767
4.64894,32767
4.64936,32767
4.64976,32767
4.65010,32767
4.65047,32767
4.65082,32767
4.65116,32767
4.65151,32767
4.65206,32767
4.65240,32767
4.65272,32767
4.65304,32767
4.65336,32767
4.65367,32767
4.65399,32767
4.65429,32767
4.65460,32767
4.65492,32767
4.65523,32767
4.65557,32767
4.65589,32767
4.65621,32767
4.65652,32767
4.65683,32767
4.65718,32767
4.65749,32767
4.65779,32767
4.65809,32767
4.65835,32767
4.65867,32767
4.65894,32767
4.65924,32767
4.65954,32767
4.65983,32767
4.66013,32767
4.66046,32767
4.66075,32767
4.66108,32767
4.66137,32767
4.66171,32767
4.66200,32767
4.66234,32767
4.66263,32767
4.66294,32767
4.66324,32767
4.66354,32767
4.66383,32767
4.66411,32767
4.66442,32767
4.66473,32767
4.66504,32767
4.66533,32767
4.66562,32767
4.66592,32767
4.66622,32767
4.66649,32767
4.66677,32767
4.66706,32767
4.66736,32767
4.66764,32767
4.66794,32767
4.66821,32767
4.66850,32767
4.66882,32767
4.66911,32767
4.66941,32767
4.66970,32767
4.66999,32767
4.67033,32767
4.67061,32767
4.67095,32767
4.67124,32767
4.67158,32767
4.67187,32767
4.67214,32767
4.67244,32767
4.67273,32767
4.67301,32767
4.67331,32767
4.67360,32767
4.67389,32767
4.67418,32767
4.67447,32767
4.67479,32767
4.67508,32767
4.67538,32767
4.67568,32767
4.67598,32767
4.67629,32767
4.67658,32767
4.67686,32767
4.67720,32767
4.67748,32767
4.67779,32767
4.67808,32767
4.67837,32767
4.67871,32767
4.67900,32767
4.67931,32767
4.67961,32767
4.67988,32767
4.68019,32767
4.68047,32767
4.68076,32767
4.68106,32767
4.68135,32767
4.68166,32767
4.68196,32767
4.68226,32767
4.68256,32767
4.68285,32767
4.68317,32767
4.68343,32767
4.68373,32767
4.68400,32767
4.68429,32767
4.68456,32767
4.68485,32767
4.68513,32767
4.68544,32767
4.68573,32767
4.68601,32767
4.68631,32767
4.68660,32767
4.68687,32767
4.68721,32767
4.68748,32767
4.68783,32767
4.68811,32767
4.68841,32767
4.68870,32767
4.68898,32767
4.68929,32767
4.68958,32767
4.68986,32767
4.69016,32767
4.69045,32767
4.69074,32767
4.69104,32767
4.69133,32767
4.69161,32767
4.69191,32767
4.69221,32767
4.69248,32767
4.69279,32767
4.69308,32767
4.69336,32767
4.69366,32767
4.69395,32767
4.69425,32767
4.69456,32767
4.69485,32767
4.69513,32767
4.69541,32767
4.69571,32767
4.69601,32767
4.69631,32767
4.69660,32767
4.69691,32767
4.69720,32767
4.69750,32767
4.69781,32767
4.69810,32767
4.69841,32767
4.69871,32767
4.69901,32767
4.69931,32767
4.69960,32767
4.69989,32767
4.70016,32767
4.70044,32767
4.70071,32767
4.70100,32767
4.70132,32767
4.70159,32767
4.70187,32767
4.70217,32767
4.70246,32767
4.70275,32767
4.70306,32767
4.70335,32767
4.70364,32767
4.70393,32767
4.70423,32767
4.70450,32767
4.70481,32767
4.70510,32767
4.70538,32767
4.70568,32767
4.70598,32767
4.70626,32767
4.70656,32767
4.70685,32767
4.70716,32767
4.70745,32767
4.70773,32767
4.70804,32767
4.70833,32767
4.70862,32767
4.70895,32767
4.70923,32767
4.70954,32767
4.70983,32767
4.71011,32767
4.71041,32767
4.71070,32767
4.71100,32767
4.71131,32767
4.71160,32767
4.71195,32767
4.71223,32767
4.71254,32767
4.71283,32767
4.71313,32767
4.71341,32767
4.71370,32767
4.71403,32767
4.71434,32767
4.71464,32767
4.71492,32767
4.71521,32767
4.71550,32767
4.71583,32767
4.71612,32767
4.71646,32767
4.71676,32767
4.71706,32767
4.71735,32767
4.71767,32767
4.71794,32767
4.71821,32767
4.71848,32767
4.71882,32767
4.71909,32767
4.71937,32767
4.71967,32767
4.71997,32767
4.72024,32767
4.72054,32767
4.72083,32767
4.72113,32767
4.72142,32767
4.72171,32767
4.72200,32767
4.72231,32767
4.72260,32767
4.72292,32767
4.72321,32767
4.72356,32767
4.72387,32767
4.72414,32767
4.72443,32767
4.72472,32767
4.72501,32767
4.72531,32767
4.72560,32767
4.72591,32767
4.72620,32767
4.72650,32767
4.72681,32767
4.72710,32767
4.72735,32767
4.72764,32767
4.72791,32767
4.72818,32767
4.72845,32767
4.72874,32767
4.72903,32767
4.72939,32767
4.72968,32767
4.72995,32767
4.73026,32767
4.73056,32767
4.73083,32767
4.73111,32767
4.73141,32767
4.73170,32767
4.73199,32767
4.73233,32767
4.73261,32767
4.73293,32767
4.73322,32767
4.73352,32767
4.73381,32767
4.73410,32767
4.73438,32767
4.73469,32767
4.73498,32767
4.73529,32767
4.73558,32767
4.73586,32767
4.73617,32767
4.73646,32767
4.73674,32767
4.73704,32767
4.73733,32767
4.73762,32767
4.73792,32767
4.73821,32767
4.73849,32767
4.73879,32767
4.73908,32767
4.73936,32767
4.73966,32767
4.73996,32767
4.74026,32767
4.74056,32767
4.74085,32767
4.74113,32767
4.74142,32767
4.74171,32767
4.74201,32767
4.74231,32767
4.74260,32767
4.74286,32767
4.74316,32767
4.74343,32767
4.74370,32767
4.74399,32767
4.74431,32767
4.74458,32767
4.74486,32767
4.74516,32767
4.74545,32767
4.74574,32767
4.74604,32767
4.74634,32767
4.74661,32767
4.74691,32767
4.74720,32767
4.74748,32767
4.74779,32767
4.74808,32767
4.74836,32767
4.74866,32767
4.74895,32767
4.74924,32767
4.74958,32767
4.74987,32767
4.75020,32767
4.75048,32767
4.75076,32767
4.75106,32767
4.75135,32767
4.75163,32767
4.75197,32767
4.75231,32767
4.75265,32767
4.75299,32767
4.75332,32767
4.75361,32767
4.75394,32767
4.75424,32767
4.75455,32767
4.75481,32767
4.75510,32767
4.75536,32767
4.75561,32767
4.75586,32767
4.75617,32767
4.75646,32767
4.75673,32767
4.75700,32767
4.75731,32767
4.75760,32767
4.75785,32767
4.75810,32767
4.75835,32767
4.75862,32767
4.75893,32767
4.75923,32767
4.75949,32767
4.75977,32767
4.76004,32767
4.76033,32767
4.76065,32767
4.76106,32767
4.76141,32767
4.76168,32767
4.76193,32767
4.76218,32767
4.76243,32767
4.76272,32767
4.76298,32767
4.76329,32767
4.76358,32767
4.76388,32767
4.76420,32767
4.76447,32767
4.76477,32767
4.76505,32767
4.76533,32767
4.76564,32767
4.76599,32767
4.76631,32767
4.76661,32767
4.76695,32767
4.76727,32767
4.76762,32767
4.76795,32767
4.76828,32767
4.76861,32767
4.76896,32767
4.76934,32767
4.77003,32767
4.77039,32767
4.77076,32767
4.77136,32767
4.77185,32767
4.77231,32767
4.77277,32767
4.77313,32767
4.77352,32767
4.77405,32767
4.77447,32767
4.77488,32767
4.77525,32767
4.77563,32767
4.77597,32767
4.77630,32767
4.77665,32767
4.77694,32767
4.77723,32767
4.77751,32767
4.77781,32767
4.77810,32767
4.77839,32767
4.77870,32767
4.77898,32767
4.77929,32767
4.77961,32767
4.77992,32767
4.78020,32767
4.78052,32767
4.78082,32767
4.78112,32767
4.78139,32767
4.78177,32767
4.78206,32767
4.78236,32767
4.78270,32767
4.78301,32767
4.78332,32767
4.78364,32767
4.78396,32767
4.78432,32767
4.78462,32767
4.78496,32767
4.78529,32767
4.78559,32767
4.78590,32767
4.78618,32767
4.78649,32767
4.78681,32767
4.78712,32767
4.78745,32767
4.78776,32767
4.78811,32767
4.78844,32767
4.78873,32767
4.78903,32767
4.78931,32767
4.78962,32767
4.78994,32767
4.79025,32767
4.79057,32767
4.79087,32767
4.79119,32767
4.79147,32767
4.79183,32767
4.79214,32767
4.79248,32767
4.79277,32767
4.79308,32767
4.79340,32767
4.79367,32767
4.79396,32767
4.79424,32767
4.79455,32767
4.79484,32767
4.79512,32767
4.79544,32767
4.79572,32767
4.79602,32767
4.79633,32767
4.79665,32767
4.79693,32767
4.79725,32767
4.79759,32767
4.79791,32767
4.79822,32767
4.79853,32767
4.79884,32767
4.79916,32767
4.79949,32767
4.79982,32767
4.80016,32767
4.80045,32767
4.80076,32767
4.80110,32767
4.80145,32767
4.80176,32767
4.80208,32767
4.80239,32767
4.80269,32767
4.80298,32767
4.80329,32767
4.80359,32767
4.80389,32767
4.80419,32767
4.80450,32767
4.80481,32767
4.80511,32767
4.80545,32767
4.80576,32767
4.80606,32767
4.80635,32767
4.80668,32767
4.80698,32767
4.80726,32767
4.80752,32767
4.80780,32767
4.80810,32767
4.80844,32767
4.80875,32767
4.80906,32767
4.80937,32767
4.80968,32767
4.80999,32767
4.81030,32767
4.81061,32767
4.81088,32767
4.81120,32767
4.81152,32767
4.81181,32767
4.81212,32767
4.81243,32767
4.81269,32767
4.81298,32767
4.81330,32767
4.81359,32767
4.81389,32767
4.81423,32767
4.81452,32767
4.81482,32767
4.81513,32767
4.81542,32767
4.81571,32767
4.81601,32767
4.81632,32767
4.81661,32767
4.81688,32767
4.81721,32767
4.81748,32767
4.81779,32767
4.81809,32767
4.81836,32767
4.81866,32767
4.81896,32767
4.81926,32767
4.81956,32767
4.81985,32767
4.82017,32767
4.82046,32767
4.82076,32767
4.82106,32767
4.82133,32767
4.82163,32767
4.82194,32767
4.82223,32767
4.82254,32767
4.82283,32767
4.82317,32767
4.82346,32767
4.82379,32767
4.82408,32767
4.82437,32767
4.82467,32767
4.82496,32767
4.82526,32767
4.82556,32767
4.82586,32767
4.82617,32767
4.82644,32767
4.82671,32767
4.82701,32767
4.82730,32767
4.82756,32767
4.82786,32767
4.82814,32767
4.82845,32767
4.82873,32767
4.82901,32767
4.82931,32767
4.82960,32767
4.82988,32767
4.83019,32767
4.83048,32767
4.83076,32767
4.83112,32767
4.83142,32767
4.83170,32767
4.83199,32767
4.83229,32767
4.83258,32767
4.83287,32767
4.83321,32767
4.83349,32767
4.83379,32767
4.83408,32767
4.83436,32767
4.83467,32767
4.83496,32767
4.83524,32767
4.83554,32767
4.83583,32767
4.83611,32767
4.83641,32767
4.83671,32767
4.83699,32767
4.83729,32767
4.83758,32767
4.83788,32767
4.83819,32767
4.83852,32767
4.83884,32767
4.83914,32767
4.83946,32767
4.83975,32767
4.84004,32767
4.84033,32767
4.84061,32767
4.84091,32767
4.84120,32767
4.84148,32767
4.84179,32767
4.84208,32767
4.84236,32767
4.84266,32767
4.84295,32767
4.84324,32767
4.84358,32767
4.84386,32767
4.84416,32767
4.84446,32767
4.84474,32767
4.84504,32767
4.84533,32767
4.84561,32767
4.84592,32767
4.84621,32767
4.84651,32767
4.84681,32767
4.84710,32767
4.84738,32767
4.84769,32767
4.84798,32767
4.84829,32767
4.84858,32767
4.84888,32767
4.84918,32767
4.84947,32767
4.84977,32767
4.85006,32767
4.85035,32767
4.85063,32767
4.85093,32767
4.85122,32767
4.85153,32767
4.85183,32767
4.85213,32767
4.85244,32767
4.85269,32767
4.85298,32767
4.85326,32767
4.85354,32767
4.85381,32767
4.85411,32767
4.85442,32767
4.85470,32767
4.85500,32767
4.85531,32767
4.85560,32767
4.85588,32767
4.85618,32767
4.85647,32767
4.85676,32767
4.85706,32767
4.85735,32767
4.85763,32767
4.85792,32767
4.85820,32767
4.85848,32767
4.85878,32767
4.85908,32767
4.85937,32767
4.85970,32767
4.85998,32767
4.86029,32767
4.86058,32767
4.86086,32767
4.86117,32767
4.86146,32767
4.86175,32767
4.86205,32767
4.86232,32767
4.86261,32767
4.86293,32767
4.86320,32767
4.86346,32767
4.86375,32767
4.86404,32767
4.86431,32767
4.86460,32767
4.86488,32767
4.86519,32767
4.86547,32767
4.86576,32767
4.86606,32767
4.86635,32767
4.86663,32767
4.86693,32767
4.86723,32767
4.86751,32767
4.86781,32767
4.86810,32767
4.86841,32767
4.86867,32767
4.86895,32767
4.86925,32767
4.86956,32767
4.86985,32767
4.87014,32767
4.87043,32767
4.87072,32767
4.87101,32767
4.87131,32767
4.87160,32767
4.87191,32767
4.87220,32767
4.87249,32767
4.87283,32767
4.87311,32767
4.87341,32767
4.87371,32767
4.87401,32767
4.87431,32767
4.87460,32767
4.87491,32767
4.87521,32767
4.87551,32767
4.87582,32767
4.87610,32767
4.87638,32767
4.87669,32767
4.87698,32767
4.87729,32767
4.87761,32767
4.87794,32767
4.87829,32767
4.87862,32767
4.87892,32767
4.87920,32767
4.87949,32767
4.87979,32767
4.88008,32767
4.88037,32767
4.88069,32767
4.88098,32767
4.88125,32767
4.88156,32767
4.88186,32767
4.88217,32767
4.88247,32767
4.88273,32767
4.88304,32767
4.88334,32767
4.88363,32767
4.88395,32767
4.88424,32767
4.88454,32767
4.88496,32767
4.88530,32767
4.88558,32767
4.88587,32767
4.88616,32767
4.88643,32767
4.88672,32767
4.88700,32767
4.88731,32767
4.88760,32767
4.88788,32767
4.88818,32767
4.88847,32767
4.88876,32767
4.88906,32767
4.88935,32767
4.88963,32767
4.88993,32767
4.89022,32767
4.89051,32767
4.89081,32767
4.89110,32767
4.89138,32767
4.89168,32767
4.89197,32767
4.89222,32767
4.89254,32767
4.89283,32767
4.89313,32767
4.89341,32767
4.89370,32767
4.89399,32767
4.89433,32767
4.89461,32767
4.89500,32767
4.89539,32767
4.89571,32767
4.89599,32767
4.89630,32767
4.89658,32767
4.89687,32767
4.89718,32767
4.89748,32767
4.89779,32767
4.89806,32767
4.89839,32767
4.89869,32767
4.89898,32767
4.89926,32767
4.89956,32767
4.89985,32767
4.90014,32767
4.90052,32767
4.90084,32767
4.90114,32767
4.90141,32767
4.90168,32767
4.90198,32767
4.90226,32767
4.90256,32767
4.90285,32767
4.90313,32767
4.90341,32767
4.90370,32767
4.90399,32767
4.90433,32767
4.90461,32767
4.90495,32767
4.90524,32767
4.90556,32767
4.90585,32767
4.90613,32767
4.90643,32767
4.90672,32767
4.90701,32767
4.90731,32767
4.90760,32767
4.90788,32767
4.90818,32767
4.90847,32767
4.90876,32767
4.90906,32767
4.90935,32767
4.90964,32767
4.90993,32767
4.91022,32767
4.91051,32767
4.91081,32767
4.91110,32767
4.91139,32767
4.91168,32767
4.91197,32767
4.91229,32767
4.91263,32767
4.91300,32767
4.91331,32767
4.91361,32767
4.91395,32767
4.91426,32767
4.91454,32767
4.91481,32767
4.91508,32767
4.91535,32767
4.91565,32767
4.91595,32767
4.91631,32767
4.91670,32767
4.91699,32767
4.91730,32767
4.91761,32767
4.91792,32767
4.91821,32767
4.91848,32767
4.91879,32767
4.91907,32767
4.91938,32767
4.91971,32767
4.91999,32767
4.92030,32767
4.92057,32767
4.92084,32767
4.92112,32767
4.92139,32767
4.92168,32767
4.92196,32767
4.92224,32767
4.92252,32767
4.92282,32767
4.92311,32767
4.92339,32767
4.92368,32767
4.92400,32767
4.92430,32767
4.92460,32767
4.92488,32767
4.92519,32767
4.92548,32767
4.92576,32767
4.92606,32767
4.92635,32767
4.92663,32767
4.92693,32767
4.92723,32767
4.92751,32767
4.92781,32767
4.92808,32767
4.92837,32767
4.92871,32767
4.92901,32767
4.92931,32767
4.92960,32767
4.92988,32767
4.93024,32767
4.93086,32767
4.93149,32767
4.93177,32767
4.93207,32767
4.93241,32767
4.93272,32767
4.93307,32767
4.93335,32767
4.93365,32767
4.93396,32767
4.93426,32767
4.93459,32767
4.93486,32767
4.93511,32767
4.93538,32767
4.93566,32767
4.93591,32767
4.93620,32767
4.93645,32767
4.93670,32767
4.93695,32767
4.93723,32767
4.93748,32767
4.93776,32767
4.93803,32767
4.93828,32767
4.93856,32767
4.93885,32767
4.93911,32767
4.93937,32767
4.93966,32767
4.93991,32767
4.94018,32767
4.94045,32767
4.94072,32767
4.94098,32767
4.94124,32767
4.94156,32767
4.94185,32767
4.94212,32767
4.94243,32767
4.94268,32767
4.94296,32767
4.94324,32767
4.94352,32767
4.94377,32767
4.94404,32767
4.94433,32767
4.94461,32767
4.94488,32767
4.94519,32767
4.94548,32767
4.94576,32767
4.94606,32767
4.94635,32767
4.94663,32767
4.94699,32767
4.94734,32767
4.94761,32767
4.94791,32767
4.94830,32767
4.94866,32767
4.94897,32767
4.94928,32767
4.94957,32767
4.94982,32767
4.95007,32767
4.95034,32767
4.95061,32767
4.95093,32767
4.95120,32767
4.95148,32767
4.95174,32767
4.95206,32767
4.95231,32767
4.95260,32767
4.95286,32767
4.95312,32767
4.95338,32767
4.95368,32767
4.95398,32767
4.95424,32767
4.95457,32767
4.95483,32767
4.95511,32767
4.95537,32767
4.95569,32767
4.95598,32767
4.95625,32767
4.95657,32767
4.95685,32767
4.95713,32767
4.95742,32767
4.95769,32767
4.95798,32767
4.95826,32767
4.95854,32767
4.95881,32767
4.95908,32767
4.95936,32767
4.95962,32767
4.95994,32767
4.96023,32767
4.96049,32767
4.96075,32767
4.96106,32767
4.96136,32767
4.96163,32767
4.96194,32767
4.96223,32767
4.96254,32767
4.96289,32767
4.96319,32767
4.96347,32767
4.96375,32767
4.96405,32767
4.96431,32767
4.96457,32767
4.96483,32767
4.96508,32767
4.96535,32767
4.96583,32767
4.96638,32767
4.96669,32767
4.96699,32767
4.96724,32767
4.96758,32767
4.96794,32767
4.96830,32767
4.96858,32767
4.96885,32767
4.96915,32767
4.96945,32767
4.96977,32767
4.97006,32767
4.97034,32767
4.97063,32767
4.97097,32767
4.97123,32767
4.97153,32767
4.97181,32767
4.97212,32767
4.97247,32767
4.97275,32767
4.97309,32767
4.97341,32767
4.97371,32767
4.97402,32767
4.97434,32767
4.97470,32767
4.97504,32767
4.97533,32767
4.97567,32767
4.97599,32767
4.97633,32767
4.97667,32767
4.97698,32767
4.97733,32767
4.97766,32767
4.97799,32767
4.97832,32767
4.97865,32767
4.97909,32767
4.97955,32767
4.97989,32767
4.98017,32767
4.98063,32767
4.98104,32767
4.98147,32767
4.98183,32767
4.98224,32767
4.98257,32767
4.98294,32767
4.98328,32767
4.98367,32767
4.98438,32767
4.98473,32767
4.98508,32767
4.98553,32767
4.98584,32767
4.98613,32767
4.98641,32767
4.98668,32767
4.98698,32767
4.98725,32767
4.98755,32767
4.98782,32767
4.98809,32767
4.98834,32767
4.98861,32767
4.98895,32767
4.98919,32767
4.98947,32767
4.98972,32767
4.98998,32767
4.99022,32767
4.99049,32767
4.99080,32767
4.99106,32767
4.99130,32767
4.99156,32767
4.99185,32767
4.99213,32767
4.99242,32767
4.99271,32767
4.99300,32767
4.99332,32767
4.99359,32767
4.99389,32767
4.99425,32767
4.99457,32767
4.99491,32767
4.99519,32767
4.99548,32767
4.99581,32767
4.99611,32767
4.99644,32767
4.99678,32767
4.99706,32767
4.99735,32767
4.99770,32767
4.99798,32767
4.99826,32767
4.99857,32767
4.99887,32767
4.99914,32767
4.99943,32767
4.99970,32767
5.00005,32767
5.00040,32767
5.00068,32767
5.00101,32767
